date,close
1997-07-02,1199.061
1997-07-03,1150.623
1997-07-04,1159.342
1997-07-07,1096.819
1997-07-08,1109.666
1997-07-09,1120.8409
1997-07-10,1120.1541
1997-07-11,1154.7939
1997-07-14,1200.114
1997-07-16,1190.826
1997-07-17,1197.226
1997-07-18,1209.8571
1997-07-21,1193.525
1997-07-22,1208.248
1997-07-23,1198.861
1997-07-24,1174.217
1997-07-25,1170.8621
1997-07-28,1141.777
1997-07-29,1153.229
1997-07-30,1179.421
1997-07-31,1189.76
1997-08-01,1192.828
1997-08-04,1200.333
1997-08-05,1196.274
1997-08-06,1171.941
1997-08-07,1199.24
1997-08-08,1206.053
1997-08-11,1184.083
1997-08-12,1146.809
1997-08-13,1120.127
1997-08-14,1168.113
1997-08-15,1143.064
1997-08-18,1134.634
1997-08-19,1132.905
1997-08-20,1144.639
1997-08-21,1164.545
1997-08-22,1171.833
1997-08-25,1184.0959
1997-08-26,1194.043
1997-08-27,1198.5129
1997-08-28,1213.892
1997-08-29,1221.064
1997-09-01,1229.865
1997-09-02,1226.303
1997-09-03,1240.8199
1997-09-04,1251.298
1997-09-05,1251.55
1997-09-08,1255.229
1997-09-09,1231.027
1997-09-10,1256.041
1997-09-11,1242.713
1997-09-12,1208.697
1997-09-15,1179.286
1997-09-16,1187.22
1997-09-17,1167.557
1997-09-18,1172.366
1997-09-19,1184.521
1997-09-22,1103.974
1997-09-23,1041.965
1997-09-24,1110.012
1997-09-25,1117.01
1997-09-26,1109.634
1997-09-29,1084.072
1997-09-30,1097.3831
1997-10-06,1098.903
1997-10-07,1102.573
1997-10-08,1134.868
1997-10-09,1122.4659
1997-10-10,1130.785
1997-10-13,1119.817
1997-10-14,1117.928
1997-10-15,1125.782
1997-10-16,1150.307
1997-10-17,1176.489
1997-10-20,1187.368
1997-10-21,1191.87
1997-10-22,1177.52
1997-10-23,1173.364
1997-10-24,1178.306
1997-10-27,1235.827
1997-10-28,1177.924
1997-10-29,1184.0861
1997-10-30,1174.8459
1997-10-31,1180.3929
1997-11-03,1180.854
1997-11-04,1184.7
1997-11-05,1194.038
1997-11-06,1181.123
1997-11-07,1195.141
1997-11-10,1185.7841
1997-11-11,1186.634
1997-11-12,1185.024
1997-11-13,1185.024
1997-11-14,1197.832
1997-11-17,1191.333
1997-11-18,1183.349
1997-11-19,1181.627
1997-11-20,1172.427
1997-11-21,1158.5551
1997-11-24,1124.941
1997-11-25,1125.528
1997-11-26,1143.818
1997-11-27,1122.516
1997-11-28,1139.6281
1997-12-01,1133.087
1997-12-02,1130.167
1997-12-03,1122.546
1997-12-04,1135.873
1997-12-05,1136.204
1997-12-08,1139.322
1997-12-09,1148.171
1997-12-10,1157.842
1997-12-11,1159.1689
1997-12-12,1153.84
1997-12-15,1168.026
1997-12-16,1174.802
1997-12-17,1146.522
1997-12-18,1154.166
1997-12-19,1160.7679
1997-12-22,1169.007
1997-12-23,1171.254
1997-12-24,1169.6639
1997-12-25,1181.278
1997-12-26,1191.9189
1997-12-29,1186.606
1997-12-30,1181.1429
1997-12-31,1194.1021
1998-01-05,1220.473
1998-01-06,1233.62
1998-01-07,1244.0699
1998-01-08,1237.163
1998-01-09,1239.901
1998-01-12,1226.9659
1998-01-13,1167.647
1998-01-14,1202.215
1998-01-15,1215.431
1998-01-16,1213.962
1998-01-19,1213.129
1998-01-20,1203.715
1998-01-21,1200.203
1998-01-22,1204.4301
1998-01-23,1222.913
1998-02-09,1248.04
1998-02-10,1236.5129
1998-02-11,1250.238
1998-02-12,1246.295
1998-02-13,1245.911
1998-02-16,1236.236
1998-02-17,1238.5
1998-02-18,1229.8311
1998-02-19,1232.584
1998-02-20,1226.02
1998-02-23,1208.603
1998-02-24,1208.218
1998-02-25,1194.673
1998-02-26,1206.674
1998-02-27,1206.53
1998-03-02,1188.306
1998-03-03,1201.7889
1998-03-04,1213.2531
1998-03-05,1207.541
1998-03-06,1206.452
1998-03-09,1200.834
1998-03-10,1199.832
1998-03-11,1190.037
1998-03-12,1178.97
1998-03-13,1184.9611
1998-03-16,1188.4821
1998-03-17,1202.835
1998-03-18,1193.9091
1998-03-19,1188.715
1998-03-20,1187.501
1998-03-23,1179.869
1998-03-24,1194.017
1998-03-25,1191.553
1998-03-26,1188.865
1998-03-27,1223.5649
1998-03-30,1249.4351
1998-03-31,1243.016
1998-04-01,1254.965
1998-04-02,1269.015
1998-04-03,1286.084
1998-04-06,1306.3781
1998-04-07,1303.14
1998-04-08,1322.793
1998-04-09,1297.225
1998-04-10,1311.514
1998-04-13,1318.748
1998-04-14,1313.7209
1998-04-15,1324.707
1998-04-16,1316.246
1998-04-17,1298.1071
1998-04-20,1296.005
1998-04-21,1305.223
1998-04-22,1322.182
1998-04-23,1324.559
1998-04-24,1315.167
1998-04-27,1310.3781
1998-04-28,1332.99
1998-04-29,1332.499
1998-04-30,1343.448
1998-05-04,1352.926
1998-05-05,1352.52
1998-05-06,1348.412
1998-05-07,1327.873
1998-05-08,1357.595
1998-05-11,1354.606
1998-05-12,1349.649
1998-05-13,1369.262
1998-05-14,1367.127
1998-05-15,1368.087
1998-05-18,1368.183
1998-05-19,1362.292
1998-05-20,1357.431
1998-05-21,1366.656
1998-05-22,1375.817
1998-05-25,1389.366
1998-05-26,1390.416
1998-05-27,1399.542
1998-05-28,1397.895
1998-05-29,1411.209
1998-06-01,1415.575
1998-06-02,1413.08
1998-06-03,1420.0
1998-06-04,1406.303
1998-06-05,1408.614
1998-06-08,1403.73
1998-06-09,1369.65
1998-06-10,1368.297
1998-06-11,1347.677
1998-06-12,1383.3879
1998-06-15,1365.3409
1998-06-16,1348.588
1998-06-17,1348.942
1998-06-18,1370.6851
1998-06-19,1392.8781
1998-06-22,1399.356
1998-06-23,1397.9561
1998-06-24,1401.7419
1998-06-25,1382.036
1998-06-26,1385.618
1998-06-29,1361.432
1998-06-30,1339.202
1998-07-01,1316.441
1998-07-02,1331.65
1998-07-03,1335.125
1998-07-06,1315.283
1998-07-07,1324.4
1998-07-08,1338.984
1998-07-09,1343.2321
1998-07-10,1360.619
1998-07-13,1358.813
1998-07-14,1336.558
1998-07-15,1335.4659
1998-07-16,1325.6331
1998-07-17,1314.715
1998-07-20,1287.073
1998-07-21,1313.01
1998-07-22,1299.1479
1998-07-23,1316.271
1998-07-24,1326.821
1998-07-27,1321.899
1998-07-28,1317.946
1998-07-29,1311.9399
1998-07-30,1315.302
1998-07-31,1316.9189
1998-08-03,1302.1021
1998-08-04,1293.457
1998-08-05,1307.4399
1998-08-06,1294.162
1998-08-07,1271.069
1998-08-10,1234.5811
1998-08-11,1207.672
1998-08-12,1190.554
1998-08-13,1204.1801
1998-08-14,1168.026
1998-08-17,1070.41
1998-08-18,1071.3
1998-08-19,1126.0811
1998-08-20,1149.907
1998-08-21,1177.623
1998-08-24,1178.554
1998-08-25,1179.066
1998-08-26,1160.288
1998-08-27,1145.2159
1998-08-28,1129.722
1998-08-31,1150.223
1998-09-01,1143.125
1998-09-02,1136.89
1998-09-03,1147.197
1998-09-04,1163.527
1998-09-07,1178.375
1998-09-08,1167.597
1998-09-09,1190.683
1998-09-10,1213.674
1998-09-11,1218.005
1998-09-14,1239.605
1998-09-15,1230.126
1998-09-16,1252.1379
1998-09-17,1233.703
1998-09-18,1207.001
1998-09-21,1222.379
1998-09-22,1222.634
1998-09-23,1229.8621
1998-09-24,1199.061
1998-09-25,1221.578
1998-09-28,1230.2111
1998-09-29,1231.7469
1998-09-30,1242.896
1998-10-05,1234.7791
1998-10-06,1217.457
1998-10-07,1213.785
1998-10-08,1228.71
1998-10-09,1236.932
1998-10-12,1247.146
1998-10-13,1244.068
1998-10-14,1240.595
1998-10-15,1241.814
1998-10-16,1251.525
1998-10-19,1246.236
1998-10-20,1243.645
1998-10-21,1207.825
1998-10-22,1216.094
1998-10-23,1217.429
1998-10-26,1208.266
1998-10-27,1216.788
1998-10-28,1225.929
1998-10-29,1216.76
1998-10-30,1217.316
1998-11-02,1223.478
1998-11-03,1236.8719
1998-11-04,1235.804
1998-11-05,1253.275
1998-11-06,1259.765
1998-11-09,1283.121
1998-11-10,1286.559
1998-11-11,1286.199
1998-11-12,1282.988
1998-11-13,1282.5081
1998-11-16,1293.743
1998-11-17,1290.595
1998-11-18,1285.5031
1998-11-19,1275.6071
1998-11-20,1275.374
1998-11-23,1273.785
1998-11-24,1278.916
1998-11-25,1263.85
1998-11-26,1252.818
1998-11-27,1245.0811
1998-11-30,1247.417
1998-12-01,1234.358
1998-12-02,1236.969
1998-12-03,1232.506
1998-12-04,1219.196
1998-12-07,1209.541
1998-12-08,1223.2581
1998-12-09,1224.087
1998-12-10,1204.635
1998-12-11,1214.21
1998-12-14,1196.296
1998-12-15,1194.844
1998-12-16,1183.062
1998-12-17,1160.09
1998-12-18,1155.09
1998-12-21,1154.428
1998-12-22,1185.9659
1998-12-23,1172.512
1998-12-24,1168.981
1998-12-25,1173.913
1998-12-28,1159.937
1998-12-29,1142.729
1998-12-30,1142.729
1998-12-31,1146.7
1999-01-04,1125.819
1999-01-05,1119.965
1999-01-06,1132.59
1999-01-07,1137.729
1999-01-08,1168.814
1999-01-11,1172.813
1999-01-12,1158.868
1999-01-13,1148.1541
1999-01-14,1148.655
1999-01-15,1137.309
1999-01-18,1153.119
1999-01-19,1158.551
1999-01-20,1151.374
1999-01-21,1158.499
1999-01-22,1162.35
1999-01-25,1148.123
1999-01-26,1138.21
1999-01-27,1146.493
1999-01-28,1140.975
1999-01-29,1134.673
1999-02-01,1120.531
1999-02-02,1126.4041
1999-02-03,1116.865
1999-02-04,1103.4969
1999-02-05,1081.442
1999-02-08,1065.816
1999-02-09,1090.087
1999-03-01,1097.975
1999-03-02,1100.9189
1999-03-03,1128.736
1999-03-04,1128.954
1999-03-05,1132.3571
1999-03-08,1142.1071
1999-03-09,1136.941
1999-03-10,1132.736
1999-03-11,1149.925
1999-03-12,1158.702
1999-03-15,1164.639
1999-03-16,1166.9301
1999-03-17,1159.0959
1999-03-18,1151.991
1999-03-19,1172.921
1999-03-22,1172.743
1999-03-23,1170.949
1999-03-24,1169.0341
1999-03-25,1156.854
1999-03-26,1161.12
1999-03-29,1169.489
1999-03-30,1157.507
1999-03-31,1158.054
1999-04-01,1168.504
1999-04-02,1184.402
1999-04-05,1194.469
1999-04-06,1199.6
1999-04-07,1201.634
1999-04-08,1202.469
1999-04-09,1205.139
1999-04-12,1195.337
1999-04-13,1178.192
1999-04-14,1181.517
1999-04-16,1166.2371
1999-04-19,1159.473
1999-04-20,1171.603
1999-04-21,1144.0649
1999-04-22,1137.162
1999-04-23,1139.9969
1999-04-26,1112.791
1999-04-27,1091.6949
1999-04-28,1091.089
1999-04-29,1116.405
1999-04-30,1120.927
1999-05-04,1111.927
1999-05-05,1116.932
1999-05-06,1128.224
1999-05-07,1120.738
1999-05-10,1071.927
1999-05-11,1095.402
1999-05-12,1099.996
1999-05-13,1088.863
1999-05-14,1063.277
1999-05-17,1065.557
1999-05-18,1059.874
1999-05-19,1109.089
1999-05-20,1147.707
1999-05-21,1168.72
1999-05-24,1213.6541
1999-05-25,1202.885
1999-05-26,1236.046
1999-05-27,1283.02
1999-05-28,1277.15
1999-05-31,1279.326
1999-06-01,1311.594
1999-06-02,1287.931
1999-06-03,1268.324
1999-06-04,1285.579
1999-06-07,1326.5179
1999-06-08,1333.644
1999-06-09,1348.606
1999-06-10,1364.345
1999-06-11,1364.348
1999-06-14,1427.707
1999-06-15,1387.592
1999-06-16,1460.168
1999-06-17,1501.007
1999-06-18,1498.915
1999-06-21,1546.408
1999-06-22,1564.444
1999-06-23,1606.5
1999-06-24,1654.11
1999-06-25,1593.859
1999-06-28,1693.16
1999-06-29,1739.205
1999-06-30,1689.428
1999-07-01,1560.787
1999-07-02,1561.389
1999-07-05,1581.819
1999-07-06,1517.2531
1999-07-07,1568.652
1999-07-08,1577.9871
1999-07-09,1584.75
1999-07-12,1559.7321
1999-07-13,1524.821
1999-07-14,1559.52
1999-07-15,1549.3361
1999-07-16,1519.741
1999-07-19,1479.076
1999-07-20,1574.603
1999-07-21,1609.811
1999-07-22,1550.73
1999-07-23,1585.98
1999-07-26,1602.031
1999-07-27,1590.713
1999-07-28,1597.199
1999-07-29,1595.86
1999-07-30,1601.459
1999-08-02,1616.276
1999-08-03,1626.8409
1999-08-04,1649.1281
1999-08-05,1653.537
1999-08-06,1646.593
1999-08-09,1628.8361
1999-08-10,1602.147
1999-08-11,1583.401
1999-08-12,1575.642
1999-08-13,1571.901
1999-08-16,1560.068
1999-08-17,1576.405
1999-08-18,1581.929
1999-08-19,1637.743
1999-08-20,1628.934
1999-08-23,1644.999
1999-08-24,1648.469
1999-08-25,1625.765
1999-08-26,1638.233
1999-08-27,1633.9
1999-08-30,1619.0389
1999-08-31,1627.116
1999-09-01,1599.552
1999-09-02,1611.958
1999-09-03,1587.887
1999-09-06,1560.678
1999-09-07,1562.7791
1999-09-08,1571.598
1999-09-09,1675.1219
1999-09-10,1659.929
1999-09-13,1670.1429
1999-09-14,1672.892
1999-09-15,1662.803
1999-09-16,1645.511
1999-09-17,1648.558
1999-09-20,1633.835
1999-09-21,1625.588
1999-09-22,1617.057
1999-09-23,1604.203
1999-09-24,1619.326
1999-09-27,1602.158
1999-09-28,1591.432
1999-09-29,1584.954
1999-09-30,1570.702
1999-10-08,1534.515
1999-10-11,1522.48
1999-10-12,1537.796
1999-10-13,1507.422
1999-10-14,1508.726
1999-10-15,1543.798
1999-10-18,1501.665
1999-10-19,1470.9
1999-10-20,1485.827
1999-10-21,1458.53
1999-10-22,1497.462
1999-10-25,1468.266
1999-10-26,1482.667
1999-10-27,1536.821
1999-10-28,1514.525
1999-10-29,1504.563
1999-11-01,1493.0959
1999-11-02,1487.469
1999-11-03,1475.684
1999-11-04,1464.828
1999-11-05,1465.2321
1999-11-08,1471.375
1999-11-09,1464.03
1999-11-10,1450.152
1999-11-11,1443.905
1999-11-12,1450.327
1999-11-15,1451.536
1999-11-16,1431.319
1999-11-17,1462.79
1999-11-18,1482.452
1999-11-19,1468.472
1999-11-22,1464.588
1999-11-23,1466.434
1999-11-24,1454.578
1999-11-25,1444.241
1999-11-26,1444.5129
1999-11-29,1435.468
1999-11-30,1434.973
1999-12-01,1447.116
1999-12-02,1435.837
1999-12-03,1437.233
1999-12-06,1426.995
1999-12-07,1428.261
1999-12-08,1424.848
1999-12-09,1416.726
1999-12-10,1428.939
1999-12-13,1417.1071
1999-12-14,1422.2629
1999-12-15,1451.057
1999-12-16,1434.8669
1999-12-17,1419.551
1999-12-21,1395.4969
1999-12-22,1387.51
1999-12-23,1369.4611
1999-12-24,1355.3669
1999-12-27,1345.3521
1999-12-28,1348.821
1999-12-29,1356.926
1999-12-30,1366.58
2000-01-04,1406.371
2000-01-05,1409.682
2000-01-06,1463.942
2000-01-07,1516.604
2000-01-10,1545.1121
2000-01-11,1479.781
2000-01-12,1438.02
2000-01-13,1424.442
2000-01-14,1408.848
2000-01-17,1433.33
2000-01-18,1426.623
2000-01-19,1440.724
2000-01-20,1466.863
2000-01-21,1465.085
2000-01-24,1477.344
2000-01-25,1476.506
2000-01-26,1481.1169
2000-01-27,1506.767
2000-01-28,1534.9969
2000-02-14,1673.943
2000-02-15,1670.67
2000-02-16,1693.109
2000-02-17,1640.649
2000-02-18,1668.0909
2000-02-21,1677.136
2000-02-22,1632.2939
2000-02-23,1594.9301
2000-02-24,1634.309
2000-02-25,1631.576
2000-02-28,1704.855
2000-02-29,1714.578
2000-03-01,1704.855
2000-03-02,1713.014
2000-03-03,1738.021
2000-03-06,1681.085
2000-03-07,1694.798
2000-03-08,1726.033
2000-03-09,1732.3459
2000-03-10,1705.049
2000-03-13,1728.887
2000-03-14,1685.347
2000-03-15,1681.4709
2000-03-16,1607.527
2000-03-17,1658.601
2000-03-20,1699.248
2000-03-21,1710.324
2000-03-22,1720.446
2000-03-23,1747.241
2000-03-24,1730.499
2000-03-27,1775.9139
2000-03-28,1791.441
2000-03-29,1788.807
2000-03-30,1810.984
2000-03-31,1800.225
2000-04-03,1801.0031
2000-04-04,1760.692
2000-04-05,1771.199
2000-04-06,1809.141
2000-04-07,1819.896
2000-04-10,1826.061
2000-04-11,1821.174
2000-04-12,1807.328
2000-04-13,1831.548
2000-04-14,1833.665
2000-04-17,1795.058
2000-04-18,1813.495
2000-04-19,1828.71
2000-04-20,1847.027
2000-04-21,1841.064
2000-04-24,1837.3979
2000-04-25,1833.469
2000-04-26,1832.7791
2000-04-27,1806.83
2000-04-28,1836.321
2000-05-08,1836.637
2000-05-09,1806.6379
2000-05-10,1752.689
2000-05-11,1724.048
2000-05-12,1720.608
2000-05-15,1704.587
2000-05-16,1724.538
2000-05-17,1725.3979
2000-05-18,1758.537
2000-05-19,1777.828
2000-05-22,1824.736
2000-05-23,1832.075
2000-05-24,1855.493
2000-05-25,1880.704
2000-05-26,1879.6169
2000-05-29,1898.748
2000-05-30,1877.4709
2000-05-31,1894.554
2000-06-01,1903.488
2000-06-02,1916.25
2000-06-05,1899.092
2000-06-06,1925.5439
2000-06-07,1935.031
2000-06-08,1925.2061
2000-06-09,1900.787
2000-06-12,1912.557
2000-06-13,1938.674
2000-06-14,1932.29
2000-06-15,1942.285
2000-06-16,1926.944
2000-06-19,1915.205
2000-06-20,1895.348
2000-06-21,1913.131
2000-06-22,1913.901
2000-06-23,1939.627
2000-06-26,1948.639
2000-06-27,1942.8979
2000-06-28,1947.781
2000-06-29,1937.261
2000-06-30,1928.106
2000-07-03,1895.637
2000-07-04,1907.931
2000-07-05,1909.187
2000-07-06,1902.552
2000-07-07,1932.792
2000-07-10,1948.021
2000-07-11,1960.541
2000-07-12,1973.374
2000-07-13,1979.201
2000-07-14,1987.192
2000-07-17,1982.479
2000-07-18,1993.986
2000-07-19,1998.426
2000-07-20,1991.5601
2000-07-21,1996.3361
2000-07-24,1989.239
2000-07-25,1996.577
2000-07-26,2012.319
2000-07-27,2012.35
2000-07-28,2012.793
2000-07-31,2023.5389
2000-08-01,2028.151
2000-08-02,2030.683
2000-08-03,2036.301
2000-08-04,2026.361
2000-08-07,2039.4189
2000-08-08,2049.916
2000-08-09,2061.1799
2000-08-10,2065.9431
2000-08-11,2062.666
2000-08-14,2076.3059
2000-08-15,2076.823
2000-08-16,2083.467
2000-08-17,2091.5859
2000-08-18,2090.1831
2000-08-21,2108.6899
2000-08-22,2074.7029
2000-08-23,2057.9189
2000-08-24,2071.1609
2000-08-25,2086.7029
2000-08-28,2100.585
2000-08-29,2105.4761
2000-08-30,2076.1431
2000-08-31,2021.199
2000-09-01,1999.859
2000-09-04,2010.6021
2000-09-05,1963.792
2000-09-06,1925.907
2000-09-07,1950.663
2000-09-08,1959.312
2000-09-11,1972.043
2000-09-12,1979.095
2000-09-13,1988.936
2000-09-14,1979.505
2000-09-15,1978.434
2000-09-18,1946.7531
2000-09-19,1903.1541
2000-09-20,1922.2889
2000-09-21,1907.306
2000-09-22,1891.984
2000-09-25,1875.911
2000-09-26,1887.829
2000-09-27,1914.0861
2000-09-28,1889.2889
2000-09-29,1910.161
2000-10-09,1915.35
2000-10-10,1942.149
2000-10-11,1933.726
2000-10-12,1926.324
2000-10-13,1918.157
2000-10-16,1902.809
2000-10-17,1909.49
2000-10-18,1922.845
2000-10-19,1913.42
2000-10-20,1947.455
2000-10-23,1958.938
2000-10-24,1956.344
2000-10-25,1977.254
2000-10-26,1967.673
2000-10-27,1967.405
2000-10-30,1973.578
2000-10-31,1961.287
2000-11-01,1977.363
2000-11-02,1984.26
2000-11-03,1981.631
2000-11-06,1991.173
2000-11-07,1997.077
2000-11-08,2012.908
2000-11-09,2032.4821
2000-11-10,2047.458
2000-11-13,2070.7881
2000-11-14,2085.1179
2000-11-15,2081.905
2000-11-16,2095.9839
2000-11-17,2093.2351
2000-11-20,2101.3889
2000-11-21,2097.9819
2000-11-22,2113.303
2000-11-23,2119.439
2000-11-24,2053.3701
2000-11-27,2049.6709
2000-11-28,2079.396
2000-11-29,2064.7949
2000-11-30,2070.613
2000-12-01,2081.843
2000-12-04,2092.1389
2000-12-05,2091.6699
2000-12-06,2075.627
2000-12-07,2075.0439
2000-12-08,2073.1631
2000-12-11,2046.076
2000-12-12,2059.053
2000-12-13,2056.1201
2000-12-14,2051.0791
2000-12-15,2039.364
2000-12-18,2044.545
2000-12-19,2049.032
2000-12-20,2071.2681
2000-12-21,2076.886
2000-12-22,2069.7681
2000-12-26,2076.2661
2000-12-27,2058.2439
2000-12-28,2053.7041
2000-12-29,2073.4771
2001-01-02,2103.469
2001-01-03,2123.8989
2001-01-04,2117.405
2001-01-05,2125.3
2001-01-08,2102.064
2001-01-09,2101.135
2001-01-10,2125.615
2001-01-11,2119.1411
2001-01-12,2104.7471
2001-01-15,2032.443
2001-01-16,2045.887
2001-01-17,2034.584
2001-01-18,2043.11
2001-01-19,2065.606
2001-02-05,2008.032
2001-02-06,1995.3149
2001-02-07,1979.939
2001-02-08,1930.1379
2001-02-09,1956.97
2001-02-12,1961.2209
2001-02-13,1963.528
2001-02-14,1963.2
2001-02-15,1946.479
2001-02-16,1941.964
2001-02-19,1967.55
2001-02-20,1953.218
2001-02-21,1909.326
2001-02-22,1907.26
2001-02-23,1936.3459
2001-02-26,1954.693
2001-02-27,1962.042
2001-02-28,1959.1801
2001-03-01,1965.121
2001-03-02,1985.111
2001-03-05,1984.2
2001-03-06,1990.0601
2001-03-07,1991.177
2001-03-08,2000.9
2001-03-09,2011.66
2001-03-12,2012.552
2001-03-13,1998.699
2001-03-14,2018.616
2001-03-15,2022.601
2001-03-16,2020.236
2001-03-19,2036.6169
2001-03-20,2045.793
2001-03-21,2066.3899
2001-03-22,2087.532
2001-03-23,2053.5391
2001-03-26,2089.8811
2001-03-27,2107.2581
2001-03-28,2106.874
2001-03-29,2101.658
2001-03-30,2112.7749
2001-04-02,2125.084
2001-04-03,2123.052
2001-04-04,2090.719
2001-04-05,2112.6001
2001-04-06,2108.606
2001-04-09,2117.3669
2001-04-10,2128.479
2001-04-11,2131.397
2001-04-12,2134.7981
2001-04-13,2145.3999
2001-04-16,2168.0591
2001-04-17,2176.679
2001-04-18,2172.564
2001-04-19,2172.8701
2001-04-20,2152.335
2001-04-23,2150.426
2001-04-24,2166.1741
2001-04-25,2119.1799
2001-04-26,2105.0559
2001-04-27,2115.1089
2001-04-30,2119.1841
2001-05-08,2137.9939
2001-05-09,2132.8899
2001-05-10,2147.283
2001-05-11,2155.405
2001-05-14,2178.4661
2001-05-15,2191.064
2001-05-16,2199.5049
2001-05-17,2194.647
2001-05-18,2203.3721
2001-05-21,2213.595
2001-05-22,2210.3369
2001-05-23,2197.595
2001-05-24,2198.2971
2001-05-25,2193.5759
2001-05-28,2179.699
2001-05-29,2180.2759
2001-05-30,2211.2009
2001-05-31,2214.2571
2001-06-01,2219.5911
2001-06-04,2226.7791
2001-06-05,2234.9871
2001-06-06,2238.501
2001-06-07,2229.812
2001-06-08,2223.0681
2001-06-11,2214.623
2001-06-12,2222.959
2001-06-13,2242.4231
2001-06-14,2202.3979
2001-06-15,2210.97
2001-06-18,2167.647
2001-06-19,2170.4541
2001-06-20,2163.123
2001-06-21,2189.145
2001-06-22,2206.0669
2001-06-25,2230.197
2001-06-26,2233.5911
2001-06-27,2229.8279
2001-06-28,2219.25
2001-06-29,2218.0291
2001-07-02,2205.9851
2001-07-03,2211.8301
2001-07-04,2202.0581
2001-07-05,2181.6631
2001-07-06,2170.521
2001-07-09,2169.655
2001-07-10,2189.7849
2001-07-11,2168.74
2001-07-12,2165.491
2001-07-13,2161.3401
2001-07-16,2146.2361
2001-07-17,2140.981
2001-07-18,2146.541
2001-07-19,2150.2649
2001-07-20,2179.624
2001-07-23,2169.0071
2001-07-24,2136.4541
2001-07-25,2112.2561
2001-07-26,2094.009
2001-07-27,2065.728
2001-07-30,1956.823
2001-07-31,1920.318
2001-08-01,1986.928
2001-08-02,1957.0229
2001-08-03,1958.692
2001-08-06,1882.126
2001-08-07,1903.932
2001-08-08,1895.1689
2001-08-09,1924.59
2001-08-10,1955.036
2001-08-13,1955.1
2001-08-14,1939.542
2001-08-15,1947.359
2001-08-16,1919.645
2001-08-17,1924.0031
2001-08-20,1934.489
2001-08-21,1938.871
2001-08-22,1903.446
2001-08-23,1902.99
2001-08-24,1886.8
2001-08-27,1827.25
2001-08-28,1843.385
2001-08-29,1847.536
2001-08-30,1839.631
2001-08-31,1834.1379
2001-09-03,1817.1899
2001-09-04,1862.36
2001-09-05,1868.27
2001-09-06,1861.561
2001-09-07,1808.844
2001-09-10,1856.5291
2001-09-11,1863.78
2001-09-12,1852.604
2001-09-13,1839.9091
2001-09-14,1818.382
2001-09-17,1784.608
2001-09-18,1798.6219
2001-09-19,1822.6949
2001-09-20,1818.4189
2001-09-21,1807.019
2001-09-24,1794.9611
2001-09-25,1793.884
2001-09-26,1767.814
2001-09-27,1764.932
2001-09-28,1764.8669
2001-10-08,1726.533
2001-10-09,1744.64
2001-10-10,1686.6121
2001-10-11,1638.326
2001-10-12,1691.326
2001-10-15,1687.28
2001-10-16,1655.902
2001-10-17,1643.066
2001-10-18,1615.579
2001-10-19,1572.453
2001-10-22,1520.6689
2001-10-23,1670.562
2001-10-24,1718.0601
2001-10-25,1676.499
2001-10-26,1677.8781
2001-10-29,1700.4771
2001-10-30,1682.769
2001-10-31,1689.17
2001-11-01,1707.754
2001-11-02,1691.351
2001-11-05,1679.572
2001-11-06,1671.278
2001-11-07,1594.05
2001-11-08,1605.871
2001-11-09,1630.359
2001-11-12,1621.1949
2001-11-13,1615.931
2001-11-14,1617.1021
2001-11-15,1621.344
2001-11-16,1646.7629
2001-11-19,1669.894
2001-11-20,1699.7321
2001-11-21,1705.6639
2001-11-22,1715.813
2001-11-23,1712.564
2001-11-26,1705.885
2001-11-27,1722.589
2001-11-28,1735.0
2001-11-29,1732.296
2001-11-30,1747.993
2001-12-03,1762.562
2001-12-04,1769.681
2001-12-05,1745.2271
2001-12-06,1751.182
2001-12-07,1745.407
2001-12-10,1748.682
2001-12-11,1728.8781
2001-12-12,1715.172
2001-12-13,1688.0129
2001-12-14,1675.514
2001-12-17,1665.938
2001-12-18,1687.29
2001-12-19,1672.698
2001-12-20,1631.537
2001-12-21,1640.142
2001-12-24,1606.104
2001-12-25,1611.17
2001-12-26,1633.6429
2001-12-27,1627.923
2001-12-28,1639.484
2001-12-31,1645.9709
2002-01-04,1611.3929
2002-01-07,1596.76
2002-01-08,1583.4611
2002-01-09,1561.349
2002-01-10,1576.437
2002-01-11,1535.593
2002-01-14,1485.108
2002-01-15,1459.653
2002-01-16,1479.619
2002-01-17,1419.519
2002-01-18,1415.438
2002-01-21,1366.968
2002-01-22,1358.691
2002-01-23,1444.965
2002-01-24,1456.4041
2002-01-25,1451.484
2002-01-28,1359.549
2002-01-29,1392.775
2002-01-30,1396.605
2002-01-31,1491.665
2002-02-01,1485.77
2002-02-04,1511.327
2002-02-05,1518.28
2002-02-06,1485.802
2002-02-07,1515.394
2002-02-08,1506.615
2002-02-25,1530.2841
2002-02-26,1531.4301
2002-02-27,1538.319
2002-02-28,1524.701
2002-03-01,1502.54
2002-03-04,1526.804
2002-03-05,1560.079
2002-03-06,1569.208
2002-03-07,1613.001
2002-03-08,1640.256
2002-03-11,1664.094
2002-03-12,1643.692
2002-03-13,1623.432
2002-03-14,1665.151
2002-03-15,1620.976
2002-03-18,1623.884
2002-03-19,1665.3571
2002-03-20,1682.51
2002-03-21,1685.017
2002-03-22,1669.694
2002-03-25,1675.2889
2002-03-26,1649.484
2002-03-27,1654.231
2002-03-28,1650.673
2002-03-29,1603.905
2002-04-01,1608.506
2002-04-02,1582.8831
2002-04-03,1594.5081
2002-04-04,1641.699
2002-04-05,1634.6429
2002-04-08,1640.65
2002-04-09,1667.522
2002-04-10,1677.658
2002-04-11,1649.53
2002-04-12,1658.979
2002-04-15,1649.5
2002-04-16,1640.285
2002-04-17,1644.395
2002-04-18,1628.137
2002-04-19,1635.172
2002-04-22,1627.48
2002-04-23,1624.546
2002-04-24,1611.051
2002-04-25,1615.9189
2002-04-26,1640.589
2002-04-29,1665.812
2002-04-30,1667.749
2002-05-08,1652.368
2002-05-09,1650.578
2002-05-10,1638.198
2002-05-13,1623.9399
2002-05-14,1616.231
2002-05-15,1598.354
2002-05-16,1549.501
2002-05-17,1567.4969
2002-05-20,1541.53
2002-05-21,1588.108
2002-05-22,1564.489
2002-05-23,1571.611
2002-05-24,1549.4659
2002-05-27,1555.048
2002-05-28,1558.524
2002-05-29,1524.806
2002-05-30,1523.522
2002-05-31,1515.733
2002-06-03,1483.348
2002-06-04,1490.514
2002-06-05,1462.0
2002-06-06,1521.2629
2002-06-07,1529.507
2002-06-10,1517.23
2002-06-11,1530.963
2002-06-12,1524.842
2002-06-13,1511.7111
2002-06-14,1494.246
2002-06-17,1496.2419
2002-06-18,1524.068
2002-06-19,1507.668
2002-06-20,1516.151
2002-06-21,1562.722
2002-06-24,1707.313
2002-06-25,1706.5909
2002-06-26,1712.91
2002-06-27,1723.545
2002-06-28,1732.755
2002-07-01,1713.705
2002-07-02,1724.949
2002-07-03,1730.9189
2002-07-04,1713.135
2002-07-05,1722.188
2002-07-08,1732.934
2002-07-09,1729.986
2002-07-10,1701.824
2002-07-11,1696.9399
2002-07-12,1698.298
2002-07-15,1687.9449
2002-07-16,1691.623
2002-07-17,1701.718
2002-07-18,1704.912
2002-07-19,1713.861
2002-07-22,1681.009
2002-07-23,1673.861
2002-07-24,1672.4
2002-07-25,1665.109
2002-07-26,1657.499
2002-07-29,1665.674
2002-07-30,1669.002
2002-07-31,1651.594
2002-08-01,1653.0081
2002-08-02,1661.431
2002-08-05,1653.957
2002-08-06,1670.619
2002-08-07,1668.0649
2002-08-08,1659.802
2002-08-09,1647.046
2002-08-12,1634.566
2002-08-13,1636.632
2002-08-14,1646.722
2002-08-15,1634.366
2002-08-16,1646.792
2002-08-19,1644.301
2002-08-20,1671.351
2002-08-21,1673.549
2002-08-22,1686.111
2002-08-23,1683.207
2002-08-26,1670.6851
2002-08-27,1679.691
2002-08-28,1676.77
2002-08-29,1667.318
2002-08-30,1666.618
2002-09-02,1668.774
2002-09-03,1674.0699
2002-09-04,1663.972
2002-09-05,1641.807
2002-09-06,1631.384
2002-09-09,1621.582
2002-09-10,1625.111
2002-09-11,1620.355
2002-09-12,1624.558
2002-09-13,1625.759
2002-09-16,1604.083
2002-09-17,1604.881
2002-09-18,1594.584
2002-09-19,1619.354
2002-09-20,1604.913
2002-09-23,1602.5909
2002-09-24,1596.7321
2002-09-25,1597.837
2002-09-26,1587.649
2002-09-27,1581.618
2002-10-08,1562.993
2002-10-09,1535.366
2002-10-10,1530.407
2002-10-11,1524.051
2002-10-14,1531.676
2002-10-15,1524.728
2002-10-16,1537.3879
2002-10-17,1513.097
2002-10-18,1519.5389
2002-10-21,1524.925
2002-10-22,1548.104
2002-10-23,1548.965
2002-10-24,1536.52
2002-10-25,1520.313
2002-10-28,1502.7159
2002-10-29,1510.882
2002-10-30,1509.707
2002-10-31,1507.496
2002-11-01,1510.76
2002-11-04,1531.842
2002-11-05,1558.239
2002-11-06,1552.561
2002-11-07,1554.2371
2002-11-08,1522.187
2002-11-11,1504.403
2002-11-12,1485.913
2002-11-13,1490.464
2002-11-14,1460.795
2002-11-15,1463.691
2002-11-18,1451.29
2002-11-19,1462.174
2002-11-20,1425.843
2002-11-21,1390.629
2002-11-22,1395.4969
2002-11-25,1398.438
2002-11-26,1371.167
2002-11-27,1378.752
2002-11-28,1417.525
2002-11-29,1434.182
2002-12-02,1395.675
2002-12-03,1408.843
2002-12-04,1414.454
2002-12-05,1404.88
2002-12-06,1405.525
2002-12-09,1400.8669
2002-12-10,1383.84
2002-12-11,1379.1949
2002-12-12,1383.91
2002-12-13,1396.8979
2002-12-16,1408.515
2002-12-17,1416.0959
2002-12-18,1411.719
2002-12-19,1413.597
2002-12-20,1427.936
2002-12-23,1430.199
2002-12-24,1430.827
2002-12-25,1421.515
2002-12-26,1384.152
2002-12-27,1382.9709
2002-12-30,1366.3621
2002-12-31,1357.6541
2003-01-02,1320.63
2003-01-03,1319.868
2003-01-06,1334.679
2003-01-07,1332.061
2003-01-08,1372.067
2003-01-09,1397.384
2003-01-10,1384.859
2003-01-13,1386.314
2003-01-14,1466.851
2003-01-15,1459.92
2003-01-16,1485.618
2003-01-17,1478.675
2003-01-20,1482.681
2003-01-21,1454.891
2003-01-22,1460.53
2003-01-23,1450.616
2003-01-24,1479.0699
2003-01-27,1496.157
2003-01-28,1500.639
2003-01-29,1499.8149
2003-02-10,1480.1689
2003-02-11,1492.764
2003-02-12,1510.671
2003-02-13,1504.338
2003-02-14,1510.95
2003-02-17,1496.5229
2003-02-18,1496.468
2003-02-19,1510.803
2003-02-20,1509.486
2003-02-21,1478.871
2003-02-24,1481.936
2003-02-25,1511.275
2003-02-26,1513.175
2003-02-27,1513.704
2003-02-28,1511.932
2003-03-03,1525.483
2003-03-04,1524.304
2003-03-05,1517.179
2003-03-06,1498.343
2003-03-07,1493.093
2003-03-10,1468.9189
2003-03-12,1475.0081
2003-03-13,1464.649
2003-03-14,1466.0439
2003-03-17,1469.274
2003-03-18,1459.892
2003-03-19,1469.96
2003-03-20,1464.54
2003-03-21,1474.657
2003-03-24,1477.766
2003-03-25,1462.4
2003-03-26,1456.271
2003-03-27,1499.347
2003-03-28,1491.941
2003-03-31,1510.578
2003-04-01,1522.546
2003-04-02,1521.3199
2003-04-03,1511.729
2003-04-04,1521.1281
2003-04-07,1515.132
2003-04-08,1520.551
2003-04-09,1543.674
2003-04-10,1551.1801
2003-04-11,1576.86
2003-04-14,1616.072
2003-04-15,1631.47
2003-04-16,1606.24
2003-04-17,1613.604
2003-04-18,1603.077
2003-04-21,1571.714
2003-04-22,1568.692
2003-04-23,1541.96
2003-04-24,1503.59
2003-04-25,1487.147
2003-04-28,1537.691
2003-04-29,1509.313
2003-04-30,1521.444
2003-05-12,1531.8669
2003-05-13,1485.307
2003-05-14,1522.924
2003-05-15,1555.285
2003-05-16,1554.452
2003-05-19,1555.447
2003-05-20,1535.52
2003-05-21,1533.483
2003-05-22,1546.113
2003-05-23,1560.955
2003-05-26,1569.512
2003-05-27,1568.3409
2003-05-28,1551.811
2003-05-29,1568.156
2003-05-30,1576.261
2003-06-02,1576.528
2003-06-03,1562.2371
2003-06-04,1574.111
2003-06-05,1556.249
2003-06-06,1538.92
2003-06-09,1530.215
2003-06-10,1538.762
2003-06-11,1565.84
2003-06-12,1562.106
2003-06-13,1566.766
2003-06-16,1559.705
2003-06-17,1557.175
2003-06-18,1553.877
2003-06-19,1538.754
2003-06-20,1529.47
2003-06-23,1511.365
2003-06-24,1512.429
2003-06-25,1502.077
2003-06-26,1515.375
2003-06-27,1497.054
2003-06-30,1486.024
2003-07-01,1484.704
2003-07-02,1499.682
2003-07-03,1504.436
2003-07-04,1502.349
2003-07-07,1501.484
2003-07-08,1512.019
2003-07-09,1503.314
2003-07-10,1531.927
2003-07-11,1528.854
2003-07-14,1521.4139
2003-07-15,1525.439
2003-07-16,1529.491
2003-07-17,1539.358
2003-07-18,1507.162
2003-07-21,1495.885
2003-07-22,1498.485
2003-07-23,1502.1479
2003-07-24,1493.451
2003-07-25,1477.651
2003-07-28,1470.3929
2003-07-29,1477.296
2003-07-30,1479.652
2003-07-31,1476.7419
2003-08-01,1476.969
2003-08-04,1494.365
2003-08-05,1494.312
2003-08-06,1486.252
2003-08-07,1487.37
2003-08-08,1471.272
2003-08-11,1474.413
2003-08-12,1479.283
2003-08-13,1465.827
2003-08-14,1455.899
2003-08-15,1450.203
2003-08-18,1445.089
2003-08-19,1449.712
2003-08-20,1441.6639
2003-08-21,1441.09
2003-08-22,1438.8831
2003-08-25,1422.176
2003-08-26,1425.212
2003-08-27,1425.3621
2003-08-28,1415.693
2003-08-29,1421.983
2003-09-01,1449.816
2003-09-02,1446.512
2003-09-03,1447.85
2003-09-04,1447.425
2003-09-05,1431.533
2003-09-08,1425.7271
2003-09-09,1420.074
2003-09-10,1423.177
2003-09-11,1423.96
2003-09-12,1409.162
2003-09-15,1397.54
2003-09-16,1406.104
2003-09-17,1389.822
2003-09-18,1390.485
2003-09-19,1391.37
2003-09-22,1381.443
2003-09-23,1390.174
2003-09-24,1394.229
2003-09-25,1376.291
2003-09-26,1370.843
2003-09-29,1355.335
2003-09-30,1367.161
2003-10-08,1371.6851
2003-10-09,1369.174
2003-10-10,1404.0081
2003-10-13,1399.658
2003-10-14,1388.172
2003-10-15,1383.098
2003-10-16,1365.505
2003-10-17,1370.582
2003-10-20,1359.498
2003-10-21,1364.301
2003-10-22,1398.01
2003-10-23,1386.653
2003-10-24,1381.83
2003-10-27,1369.463
2003-10-28,1369.325
2003-10-29,1361.4871
2003-10-30,1344.6331
2003-10-31,1348.303
2003-11-03,1364.0551
2003-11-04,1389.545
2003-11-05,1385.11
2003-11-06,1356.79
2003-11-07,1335.205
2003-11-10,1340.097
2003-11-11,1343.616
2003-11-12,1317.792
2003-11-13,1319.608
2003-11-14,1331.051
2003-11-17,1328.103
2003-11-18,1316.562
2003-11-19,1338.87
2003-11-20,1376.506
2003-11-21,1361.559
2003-11-24,1404.0081
2003-11-25,1408.415
2003-11-26,1411.9091
2003-11-27,1389.103
2003-11-28,1397.225
2003-12-01,1432.703
2003-12-02,1435.314
2003-12-03,1445.026
2003-12-04,1452.809
2003-12-05,1451.118
2003-12-08,1436.663
2003-12-09,1443.366
2003-12-10,1469.422
2003-12-11,1470.0229
2003-12-12,1470.792
2003-12-15,1470.3571
2003-12-16,1466.337
2003-12-17,1453.995
2003-12-18,1457.301
2003-12-19,1446.285
2003-12-22,1492.963
2003-12-23,1500.64
2003-12-24,1513.825
2003-12-25,1512.597
2003-12-26,1514.775
2003-12-29,1496.427
2003-12-30,1511.691
2003-12-31,1497.0439
2004-01-02,1517.193
2004-01-05,1568.353
2004-01-06,1574.5229
2004-01-07,1587.204
2004-01-08,1610.126
2004-01-09,1581.4659
2004-01-12,1618.5179
2004-01-13,1612.683
2004-01-14,1592.423
2004-01-15,1586.493
2004-01-16,1600.425
2004-01-29,1628.837
2004-01-30,1590.729
2004-02-02,1623.88
2004-02-03,1649.282
2004-02-04,1685.1591
2004-02-05,1693.428
2004-02-06,1679.193
2004-02-09,1703.5291
2004-02-10,1691.009
2004-02-11,1677.759
2004-02-12,1663.832
2004-02-13,1658.5389
2004-02-16,1696.827
2004-02-17,1703.774
2004-02-18,1717.0959
2004-02-19,1717.015
2004-02-20,1721.752
2004-02-23,1681.6541
2004-02-24,1682.297
2004-02-25,1647.381
2004-02-26,1654.8979
2004-02-27,1675.067
2004-03-01,1689.76
2004-03-02,1687.278
2004-03-03,1661.812
2004-03-04,1668.874
2004-03-05,1662.0959
2004-03-08,1637.144
2004-03-09,1637.099
2004-03-10,1678.073
2004-03-11,1691.6429
2004-03-12,1694.743
2004-03-15,1736.22
2004-03-16,1745.543
2004-03-17,1745.098
2004-03-18,1717.26
2004-03-19,1747.8719
2004-03-22,1755.6851
2004-03-23,1741.6949
2004-03-24,1740.054
2004-03-25,1736.4771
2004-03-26,1734.047
2004-03-29,1719.674
2004-03-30,1724.277
2004-03-31,1741.623
2004-04-01,1758.147
2004-04-02,1768.645
2004-04-05,1766.483
2004-04-06,1777.516
2004-04-07,1774.552
2004-04-08,1770.2791
2004-04-09,1727.348
2004-04-12,1722.986
2004-04-13,1715.136
2004-04-14,1697.156
2004-04-15,1679.076
2004-04-16,1693.861
2004-04-19,1675.885
2004-04-20,1669.422
2004-04-21,1651.577
2004-04-22,1657.785
2004-04-23,1635.501
2004-04-26,1635.499
2004-04-27,1611.86
2004-04-28,1606.801
2004-04-29,1579.447
2004-04-30,1595.587
2004-05-10,1560.215
2004-05-11,1568.059
2004-05-12,1603.7679
2004-05-13,1597.5699
2004-05-14,1562.688
2004-05-17,1539.959
2004-05-18,1555.442
2004-05-19,1558.287
2004-05-20,1549.061
2004-05-21,1558.33
2004-05-24,1550.348
2004-05-25,1518.045
2004-05-26,1524.436
2004-05-27,1557.178
2004-05-28,1548.722
2004-05-31,1555.906
2004-06-01,1579.658
2004-06-02,1567.067
2004-06-03,1543.527
2004-06-04,1542.0861
2004-06-07,1517.145
2004-06-08,1493.814
2004-06-09,1468.071
2004-06-10,1468.344
2004-06-11,1472.072
2004-06-14,1438.736
2004-06-15,1463.777
2004-06-16,1475.416
2004-06-17,1445.501
2004-06-18,1427.301
2004-06-21,1433.467
2004-06-22,1450.683
2004-06-23,1440.729
2004-06-24,1427.754
2004-06-25,1401.113
2004-06-28,1385.181
2004-06-29,1408.689
2004-06-30,1399.162
2004-07-01,1441.068
2004-07-02,1441.1899
2004-07-05,1444.59
2004-07-06,1450.501
2004-07-07,1438.3979
2004-07-08,1439.783
2004-07-09,1430.6541
2004-07-12,1397.1479
2004-07-13,1399.4611
2004-07-14,1403.755
2004-07-15,1421.5439
2004-07-16,1456.13
2004-07-19,1457.537
2004-07-20,1447.941
2004-07-21,1448.037
2004-07-22,1407.438
2004-07-23,1407.396
2004-07-26,1387.67
2004-07-27,1384.1281
2004-07-28,1388.8101
2004-07-29,1407.3311
2004-07-30,1386.202
2004-08-02,1373.217
2004-08-03,1366.374
2004-08-04,1404.505
2004-08-05,1389.0389
2004-08-06,1390.4611
2004-08-09,1395.848
2004-08-10,1400.769
2004-08-11,1384.964
2004-08-12,1368.196
2004-08-13,1368.45
2004-08-16,1354.511
2004-08-17,1360.2
2004-08-18,1358.2159
2004-08-19,1340.45
2004-08-20,1341.738
2004-08-23,1325.413
2004-08-24,1344.626
2004-08-25,1339.7841
2004-08-26,1334.422
2004-08-27,1320.614
2004-08-30,1319.533
2004-08-31,1342.062
2004-09-01,1321.462
2004-09-02,1327.927
2004-09-03,1327.116
2004-09-06,1321.465
2004-09-07,1324.2939
2004-09-08,1309.333
2004-09-09,1284.307
2004-09-10,1287.0811
2004-09-13,1260.316
2004-09-14,1300.3571
2004-09-15,1355.226
2004-09-16,1371.201
2004-09-17,1414.702
2004-09-20,1463.2209
2004-09-21,1448.562
2004-09-22,1420.1479
2004-09-23,1464.7791
2004-09-24,1435.563
2004-09-27,1427.3979
2004-09-28,1435.589
2004-09-29,1420.009
2004-09-30,1396.7
2004-10-08,1422.929
2004-10-11,1413.1541
2004-10-12,1384.439
2004-10-13,1386.7209
2004-10-14,1332.938
2004-10-15,1330.5179
2004-10-18,1335.394
2004-10-19,1337.618
2004-10-20,1330.584
2004-10-21,1310.545
2004-10-22,1329.355
2004-10-25,1311.151
2004-10-26,1324.783
2004-10-27,1342.799
2004-10-28,1341.7371
2004-10-29,1320.536
2004-11-01,1305.291
2004-11-02,1301.528
2004-11-03,1326.749
2004-11-04,1304.776
2004-11-05,1305.1281
2004-11-08,1304.229
2004-11-09,1307.429
2004-11-10,1354.386
2004-11-11,1347.0699
2004-11-12,1352.217
2004-11-15,1370.046
2004-11-16,1370.389
2004-11-17,1356.1379
2004-11-18,1367.828
2004-11-19,1379.96
2004-11-22,1383.02
2004-11-23,1371.244
2004-11-24,1359.125
2004-11-25,1358.333
2004-11-26,1356.7271
2004-11-29,1337.434
2004-11-30,1340.771
2004-12-01,1334.944
2004-12-02,1333.09
2004-12-03,1337.197
2004-12-06,1339.644
2004-12-07,1323.752
2004-12-08,1326.438
2004-12-09,1338.8101
2004-12-10,1317.717
2004-12-13,1309.6949
2004-12-14,1307.553
2004-12-15,1313.045
2004-12-16,1305.0179
2004-12-17,1290.49
2004-12-20,1275.459
2004-12-21,1275.17
2004-12-22,1307.5699
2004-12-23,1282.719
2004-12-24,1285.036
2004-12-27,1280.272
2004-12-28,1278.943
2004-12-29,1274.313
2004-12-30,1273.709
2004-12-31,1266.496
2005-01-04,1242.774
2005-01-05,1251.937
2005-01-06,1239.4301
2005-01-07,1244.746
2005-01-10,1252.401
2005-01-11,1257.462
2005-01-12,1256.923
2005-01-13,1256.314
2005-01-14,1245.62
2005-01-17,1216.652
2005-01-18,1225.454
2005-01-19,1218.108
2005-01-20,1204.394
2005-01-21,1234.476
2005-01-24,1255.777
2005-01-25,1254.234
2005-01-26,1241.958
2005-01-27,1225.891
2005-01-28,1213.673
2005-01-31,1191.823
2005-02-01,1188.931
2005-02-02,1252.5
2005-02-03,1242.307
2005-02-04,1269.004
2005-02-16,1278.88
2005-02-17,1276.134
2005-02-18,1258.969
2005-02-21,1284.48
2005-02-22,1309.277
2005-02-23,1309.475
2005-02-24,1309.949
2005-02-25,1312.4449
2005-02-28,1306.0031
2005-03-01,1303.412
2005-03-02,1287.45
2005-03-03,1294.339
2005-03-04,1287.714
2005-03-07,1293.739
2005-03-08,1318.271
2005-03-09,1316.791
2005-03-10,1286.233
2005-03-11,1289.941
2005-03-14,1293.5
2005-03-15,1269.144
2005-03-16,1255.589
2005-03-17,1243.475
2005-03-18,1227.403
2005-03-21,1231.046
2005-03-22,1206.922
2005-03-23,1201.649
2005-03-24,1208.192
2005-03-25,1205.634
2005-03-28,1200.113
2005-03-29,1195.0179
2005-03-30,1172.574
2005-03-31,1181.236
2005-04-01,1223.566
2005-04-04,1202.967
2005-04-05,1191.745
2005-04-06,1214.868
2005-04-07,1225.4871
2005-04-08,1248.521
2005-04-11,1240.972
2005-04-12,1219.511
2005-04-13,1248.203
2005-04-14,1234.332
2005-04-15,1216.962
2005-04-18,1197.735
2005-04-19,1199.902
2005-04-20,1184.193
2005-04-21,1172.556
2005-04-22,1169.187
2005-04-25,1157.9709
2005-04-26,1165.335
2005-04-27,1148.757
2005-04-28,1169.118
2005-04-29,1159.146
2005-05-09,1130.835
2005-05-10,1135.561
2005-05-11,1124.271
2005-05-12,1103.993
2005-05-13,1107.627
2005-05-16,1095.468
2005-05-17,1099.64
2005-05-18,1102.965
2005-05-19,1103.475
2005-05-20,1099.269
2005-05-23,1070.844
2005-05-24,1073.847
2005-05-25,1072.137
2005-05-26,1058.8669
2005-05-27,1051.946
2005-05-30,1060.162
2005-05-31,1060.738
2005-06-01,1039.187
2005-06-02,1016.063
2005-06-03,1013.637
2005-06-06,1034.3781
2005-06-07,1030.941
2005-06-08,1115.582
2005-06-09,1131.052
2005-06-10,1108.286
2005-06-13,1106.291
2005-06-14,1093.464
2005-06-15,1072.8361
2005-06-16,1086.01
2005-06-17,1085.61
2005-06-20,1115.62
2005-06-21,1101.486
2005-06-22,1102.033
2005-06-23,1093.702
2005-06-24,1101.882
2005-06-27,1124.64
2005-06-28,1108.588
2005-06-29,1104.9919
2005-06-30,1080.938
2005-07-01,1055.594
2005-07-04,1047.278
2005-07-05,1039.043
2005-07-06,1033.545
2005-07-07,1038.597
2005-07-08,1017.983
2005-07-11,1011.499
2005-07-12,1046.161
2005-07-13,1037.394
2005-07-14,1040.416
2005-07-15,1026.115
2005-07-18,1012.097
2005-07-19,1014.355
2005-07-20,1021.052
2005-07-21,1020.632
2005-07-22,1046.321
2005-07-25,1045.4
2005-07-26,1072.807
2005-07-27,1089.9091
2005-07-28,1086.548
2005-07-29,1083.033
2005-08-01,1088.948
2005-08-02,1104.038
2005-08-03,1107.699
2005-08-04,1102.589
2005-08-05,1128.743
2005-08-08,1138.882
2005-08-09,1152.5341
2005-08-10,1165.033
2005-08-11,1183.579
2005-08-12,1167.915
2005-08-15,1187.006
2005-08-16,1177.278
2005-08-17,1192.834
2005-08-18,1148.035
2005-08-19,1150.184
2005-08-22,1158.597
2005-08-23,1149.957
2005-08-24,1167.137
2005-08-25,1172.475
2005-08-26,1171.86
2005-08-29,1154.428
2005-08-30,1146.385
2005-08-31,1162.798
2005-09-01,1184.933
2005-09-02,1188.848
2005-09-05,1196.224
2005-09-06,1173.322
2005-09-07,1194.309
2005-09-08,1194.411
2005-09-09,1189.625
2005-09-12,1188.212
2005-09-13,1207.1639
2005-09-14,1217.261
2005-09-15,1217.281
2005-09-16,1212.947
2005-09-19,1220.627
2005-09-20,1212.6169
2005-09-21,1187.988
2005-09-22,1159.96
2005-09-23,1151.98
2005-09-26,1155.042
2005-09-27,1133.2371
2005-09-28,1131.774
2005-09-29,1155.485
2005-09-30,1155.614
2005-10-10,1138.95
2005-10-11,1157.192
2005-10-12,1161.853
2005-10-13,1152.6071
2005-10-14,1139.547
2005-10-17,1131.375
2005-10-18,1141.201
2005-10-19,1134.608
2005-10-20,1135.949
2005-10-21,1141.318
2005-10-24,1141.171
2005-10-25,1121.918
2005-10-26,1097.161
2005-10-27,1097.782
2005-10-28,1080.8669
2005-10-31,1092.817
2005-11-01,1089.95
2005-11-02,1104.792
2005-11-03,1095.2729
2005-11-04,1100.045
2005-11-07,1100.65
2005-11-08,1110.147
2005-11-09,1108.153
2005-11-10,1088.301
2005-11-11,1090.1949
2005-11-14,1088.653
2005-11-15,1087.5081
2005-11-16,1095.89
2005-11-17,1095.3101
2005-11-18,1116.999
2005-11-21,1119.936
2005-11-22,1098.655
2005-11-23,1105.746
2005-11-24,1113.374
2005-11-25,1114.916
2005-11-28,1110.823
2005-11-29,1096.986
2005-11-30,1099.261
2005-12-01,1098.7469
2005-12-02,1094.287
2005-12-05,1079.197
2005-12-06,1087.7939
2005-12-07,1099.615
2005-12-08,1098.323
2005-12-09,1113.4771
2005-12-12,1116.3669
2005-12-13,1117.8459
2005-12-14,1125.387
2005-12-15,1123.5551
2005-12-16,1127.5081
2005-12-19,1131.751
2005-12-20,1136.342
2005-12-21,1130.759
2005-12-22,1135.238
2005-12-23,1144.871
2005-12-26,1156.823
2005-12-27,1154.288
2005-12-28,1157.0341
2005-12-29,1169.8621
2005-12-30,1161.057
2006-01-04,1180.963
2006-01-05,1197.269
2006-01-06,1209.422
2006-01-09,1215.668
2006-01-10,1220.618
2006-01-11,1211.053
2006-01-12,1226.704
2006-01-13,1221.459
2006-01-16,1202.869
2006-01-17,1208.438
2006-01-18,1233.35
2006-01-19,1251.576
2006-01-20,1255.308
2006-01-23,1255.774
2006-01-24,1252.062
2006-01-25,1258.046
2006-02-06,1287.626
2006-02-07,1282.0959
2006-02-08,1290.0551
2006-02-09,1269.454
2006-02-10,1282.656
2006-02-13,1279.64
2006-02-14,1286.327
2006-02-15,1299.166
2006-02-16,1270.6331
2006-02-17,1267.408
2006-02-20,1267.542
2006-02-21,1288.4189
2006-02-22,1284.226
2006-02-23,1288.847
2006-02-24,1296.866
2006-02-27,1297.186
2006-02-28,1299.03
2006-03-01,1306.5861
2006-03-02,1285.666
2006-03-03,1293.297
2006-03-06,1288.955
2006-03-07,1259.916
2006-03-08,1250.384
2006-03-09,1245.166
2006-03-10,1245.653
2006-03-13,1259.674
2006-03-14,1259.0439
2006-03-15,1274.812
2006-03-16,1274.1899
2006-03-17,1269.462
2006-03-20,1288.418
2006-03-21,1290.395
2006-03-22,1296.7061
2006-03-23,1302.457
2006-03-24,1294.704
2006-03-27,1295.915
2006-03-28,1298.791
2006-03-29,1305.567
2006-03-30,1294.718
2006-03-31,1298.295
2006-04-03,1319.4709
2006-04-04,1329.798
2006-04-05,1340.162
2006-04-06,1339.7371
2006-04-07,1342.965
2006-04-10,1359.0811
2006-04-11,1362.229
2006-04-12,1360.132
2006-04-13,1332.33
2006-04-14,1359.538
2006-04-17,1378.614
2006-04-18,1385.114
2006-04-19,1396.702
2006-04-20,1385.9
2006-04-21,1416.793
2006-04-24,1409.786
2006-04-25,1399.767
2006-04-26,1417.4771
2006-04-27,1416.7321
2006-04-28,1440.223
2006-05-08,1497.104
2006-05-09,1531.161
2006-05-10,1545.687
2006-05-11,1537.377
2006-05-12,1602.832
2006-05-15,1664.088
2006-05-16,1613.251
2006-05-17,1625.146
2006-05-18,1617.281
2006-05-19,1659.545
2006-05-22,1657.689
2006-05-23,1604.552
2006-05-24,1590.924
2006-05-25,1591.425
2006-05-26,1613.894
2006-05-29,1648.538
2006-05-30,1657.288
2006-05-31,1641.3
2006-06-01,1684.1949
2006-06-02,1669.399
2006-06-05,1684.624
2006-06-06,1679.126
2006-06-07,1589.545
2006-06-08,1591.49
2006-06-09,1551.384
2006-06-12,1552.798
2006-06-13,1548.495
2006-06-14,1531.327
2006-06-15,1533.98
2006-06-16,1574.467
2006-06-19,1586.286
2006-06-20,1592.332
2006-06-21,1598.116
2006-06-22,1596.066
2006-06-23,1605.7111
2006-06-26,1633.449
2006-06-27,1639.551
2006-06-28,1639.286
2006-06-29,1671.618
2006-06-30,1672.2111
2006-07-03,1697.282
2006-07-04,1681.547
2006-07-05,1718.5551
2006-07-06,1741.47
2006-07-07,1730.1899
2006-07-10,1734.329
2006-07-11,1745.806
2006-07-12,1740.0
2006-07-13,1655.7729
2006-07-14,1665.208
2006-07-17,1682.887
2006-07-18,1684.252
2006-07-19,1645.16
2006-07-20,1655.1219
2006-07-21,1665.328
2006-07-24,1665.944
2006-07-25,1685.4611
2006-07-26,1686.6541
2006-07-27,1675.168
2006-07-28,1662.031
2006-07-31,1612.733
2006-08-01,1600.614
2006-08-02,1600.8719
2006-08-03,1601.058
2006-08-04,1570.15
2006-08-07,1547.436
2006-08-08,1580.577
2006-08-09,1578.566
2006-08-10,1606.0649
2006-08-11,1605.926
2006-08-14,1570.738
2006-08-15,1595.657
2006-08-16,1616.41
2006-08-17,1603.332
2006-08-18,1598.0179
2006-08-21,1601.15
2006-08-22,1613.355
2006-08-23,1612.396
2006-08-24,1623.017
2006-08-25,1623.0341
2006-08-28,1650.438
2006-08-29,1651.024
2006-08-30,1655.1949
2006-08-31,1658.6379
2006-09-01,1636.691
2006-09-04,1657.52
2006-09-05,1664.078
2006-09-06,1672.121
2006-09-07,1661.1899
2006-09-08,1667.984
2006-09-11,1674.9659
2006-09-12,1695.8621
2006-09-13,1689.389
2006-09-14,1689.692
2006-09-15,1721.045
2006-09-18,1732.9871
2006-09-19,1735.241
2006-09-20,1732.453
2006-09-21,1740.901
2006-09-22,1725.361
2006-09-25,1722.366
2006-09-26,1712.637
2006-09-27,1725.0389
2006-09-28,1736.963
2006-09-29,1752.424
2006-10-09,1785.385
2006-10-10,1784.8621
2006-10-11,1790.104
2006-10-12,1778.181
2006-10-13,1784.656
2006-10-16,1771.299
2006-10-17,1763.901
2006-10-18,1787.1851
2006-10-19,1792.2531
2006-10-20,1790.364
2006-10-23,1759.394
2006-10-24,1805.181
2006-10-25,1806.646
2006-10-26,1810.646
2006-10-27,1807.175
2006-10-30,1809.656
2006-10-31,1837.993
2006-11-01,1855.713
2006-11-02,1851.314
2006-11-03,1866.3621
2006-11-06,1886.307
2006-11-07,1889.53
2006-11-08,1866.817
2006-11-09,1896.4821
2006-11-10,1883.347
2006-11-13,1863.765
2006-11-14,1888.239
2006-11-15,1922.9351
2006-11-16,1941.547
2006-11-17,1971.793
2006-11-20,2017.2791
2006-11-21,2037.552
2006-11-22,2041.355
2006-11-23,2062.3621
2006-11-24,2050.812
2006-11-27,2047.277
2006-11-28,2038.7209
2006-11-29,2054.0911
2006-11-30,2099.2891
2006-12-01,2102.0491
2006-12-04,2161.6479
2006-12-05,2173.2849
2006-12-06,2156.604
2006-12-07,2156.75
2006-12-08,2093.6379
2006-12-11,2180.4961
2006-12-12,2218.9509
2006-12-13,2223.4551
2006-12-14,2249.1101
2006-12-15,2273.908
2006-12-18,2332.4341
2006-12-19,2364.177
2006-12-20,2373.2051
2006-12-21,2342.938
2006-12-22,2343.668
2006-12-25,2435.762
2006-12-26,2479.7319
2006-12-27,2536.387
2006-12-28,2567.594
2006-12-29,2675.4741
2007-01-04,2715.719
2007-01-05,2641.334
2007-01-08,2707.199
2007-01-09,2807.804
2007-01-10,2825.5759
2007-01-11,2770.1101
2007-01-12,2668.1101
2007-01-15,2794.7009
2007-01-16,2821.0171
2007-01-17,2778.8999
2007-01-18,2756.9829
2007-01-19,2832.207
2007-01-22,2933.1899
2007-01-23,2949.144
2007-01-24,2975.1289
2007-01-25,2857.365
2007-01-26,2882.5581
2007-01-29,2945.2629
2007-01-30,2930.562
2007-01-31,2786.335
2007-02-01,2785.4319
2007-02-02,2673.2119
2007-02-05,2612.5371
2007-02-06,2675.697
2007-02-07,2716.175
2007-02-08,2737.7319
2007-02-09,2730.386
2007-02-12,2807.1741
2007-02-13,2831.8721
2007-02-14,2905.093
2007-02-15,2993.0081
2007-02-16,2998.4741
2007-02-26,3040.5991
2007-02-27,2771.791
2007-02-28,2881.073
2007-03-01,2797.1899
2007-03-02,2831.5259
2007-03-05,2785.3059
2007-03-06,2840.175
2007-03-07,2896.594
2007-03-08,2928.0149
2007-03-09,2937.9099
2007-03-12,2954.9141
2007-03-13,2964.7939
2007-03-14,2906.334
2007-03-15,2951.698
2007-03-16,2930.481
2007-03-19,3014.4419
2007-03-20,3032.1951
2007-03-21,3057.3799
2007-03-22,3071.2251
2007-03-23,3074.2859
2007-03-26,3122.811
2007-03-27,3138.8259
2007-03-28,3173.0181
2007-03-29,3197.5371
2007-03-30,3183.9829
2007-04-02,3252.595
2007-04-03,3291.2991
2007-04-04,3291.542
2007-04-05,3319.1399
2007-04-06,3323.585
2007-04-09,3398.95
2007-04-10,3444.291
2007-04-11,3495.2241
2007-04-12,3531.0291
2007-04-13,3518.2671
2007-04-16,3596.4409
2007-04-17,3611.8701
2007-04-18,3612.396
2007-04-19,3449.0161
2007-04-20,3584.2041
2007-04-23,3710.886
2007-04-24,3720.532
2007-04-25,3743.959
2007-04-26,3783.063
2007-04-27,3759.8669
2007-04-30,3841.272
2007-05-08,3950.011
2007-05-09,4013.085
2007-05-10,4049.7009
2007-05-11,4021.678
2007-05-14,4046.3921
2007-05-15,3899.178
2007-05-16,3986.043
2007-05-17,4048.293
2007-05-18,4030.2581
2007-05-21,4072.2251
2007-05-22,4110.3789
2007-05-23,4173.709
2007-05-24,4151.1328
2007-05-25,4179.7759
2007-05-28,4272.1108
2007-05-29,4334.9238
2007-05-30,4053.0879
2007-05-31,4109.6538
2007-06-01,4000.7419
2007-06-04,3670.4009
2007-06-05,3767.1011
2007-06-06,3776.3169
2007-06-07,3890.803
2007-06-08,3913.135
2007-06-11,3995.6799
2007-06-12,4072.1379
2007-06-13,4176.479
2007-06-14,4115.209
2007-06-15,4132.8682
2007-06-18,4253.3481
2007-06-19,4269.5239
2007-06-20,4181.3232
2007-06-21,4230.8232
2007-06-22,4091.4451
2007-06-25,3941.0811
2007-06-26,3973.3711
2007-06-27,4078.5991
2007-06-28,3914.2041
2007-06-29,3820.7029
2007-07-02,3836.2939
2007-07-03,3899.7241
2007-07-04,3816.165
2007-07-05,3615.8721
2007-07-06,3781.3479
2007-07-09,3883.2161
2007-07-10,3853.021
2007-07-11,3865.7229
2007-07-12,3915.991
2007-07-13,3914.395
2007-07-16,3821.916
2007-07-17,3896.1909
2007-07-18,3930.0601
2007-07-19,3912.9409
2007-07-20,4058.853
2007-07-23,4213.3608
2007-07-24,4210.3291
2007-07-25,4323.9658
2007-07-26,4346.458
2007-07-27,4345.3569
2007-07-30,4440.769
2007-07-31,4471.0322
2007-08-01,4300.563
2007-08-02,4407.73
2007-08-03,4560.7739
2007-08-06,4628.1079
2007-08-07,4651.2251
2007-08-08,4663.1621
2007-08-09,4754.0952
2007-08-10,4749.3691
2007-08-13,4820.064
2007-08-14,4872.7852
2007-08-15,4869.8828
2007-08-16,4765.4482
2007-08-17,4656.5742
2007-08-20,4904.855
2007-08-21,4955.207
2007-08-22,4980.0752
2007-08-23,5032.4941
2007-08-24,5107.668
2007-08-27,5150.1182
2007-08-28,5194.689
2007-08-29,5109.4268
2007-08-30,5167.8838
2007-08-31,5218.8252
2007-09-03,5321.0552
2007-09-04,5294.0449
2007-09-05,5310.7158
2007-09-06,5393.6602
2007-09-07,5277.1758
2007-09-10,5355.2871
2007-09-11,5113.9678
2007-09-12,5172.627
2007-09-13,5273.5918
2007-09-14,5312.1821
2007-09-17,5421.3921
2007-09-18,5425.208
2007-09-19,5395.2651
2007-09-20,5470.0649
2007-09-21,5454.6738
2007-09-24,5485.0132
2007-09-25,5425.8799
2007-09-26,5338.52
2007-09-27,5409.4028
2007-09-28,5552.3008
2007-10-08,5692.7549
2007-10-09,5715.8921
2007-10-10,5771.4639
2007-10-11,5913.23
2007-10-12,5903.2642
2007-10-15,6030.0859
2007-10-16,6092.0571
2007-10-17,6036.2808
2007-10-18,5825.2822
2007-10-19,5818.0469
2007-10-22,5667.332
2007-10-23,5773.3872
2007-10-24,5843.1089
2007-10-25,5562.394
2007-10-26,5589.6309
2007-10-29,5747.9971
2007-10-30,5897.1929
2007-10-31,5954.7651
2007-11-01,5914.2852
2007-11-02,5777.8091
2007-11-05,5634.4521
2007-11-06,5536.5688
2007-11-07,5601.7832
2007-11-08,5330.0229
2007-11-09,5315.54
2007-11-12,5187.7349
2007-11-13,5158.1182
2007-11-14,5412.6938
2007-11-15,5365.2671
2007-11-16,5316.2739
2007-11-19,5269.8169
2007-11-20,5293.7031
2007-11-21,5214.2251
2007-11-22,4984.1611
2007-11-23,5032.1299
2007-11-26,4958.8491
2007-11-27,4861.1108
2007-11-28,4803.394
2007-11-29,5003.333
2007-11-30,4871.7778
2007-12-03,4868.6108
2007-12-04,4915.8892
2007-12-05,5042.6538
2007-12-06,5035.0732
2007-12-07,5091.7559
2007-12-10,5161.9189
2007-12-11,5175.0762
2007-12-12,5095.543
2007-12-13,4958.043
2007-12-14,5007.9111
2007-12-17,4876.7612
2007-12-18,4836.1738
2007-12-19,4941.7842
2007-12-20,5043.5352
2007-12-21,5101.7788
2007-12-24,5234.2622
2007-12-25,5201.1812
2007-12-26,5233.3511
2007-12-27,5308.8892
2007-12-28,5261.563
2008-01-02,5272.814
2008-01-03,5319.8608
2008-01-04,5361.5742
2008-01-07,5393.3428
2008-01-08,5386.5308
2008-01-09,5435.8071
2008-01-10,5456.541
2008-01-11,5484.6768
2008-01-14,5497.9009
2008-01-15,5443.791
2008-01-16,5290.606
2008-01-17,5151.626
2008-01-18,5180.5142
2008-01-21,4914.4351
2008-01-22,4559.751
2008-01-23,4703.0469
2008-01-24,4717.7339
2008-01-25,4761.688
2008-01-28,4419.2939
2008-01-29,4457.9438
2008-01-30,4417.8491
2008-01-31,4383.3931
2008-02-01,4320.7671
2008-02-04,4672.1699
2008-02-05,4599.6958
2008-02-13,4490.7212
2008-02-14,4552.3159
2008-02-15,4497.127
2008-02-18,4568.1509
2008-02-19,4664.2949
2008-02-20,4567.0259
2008-02-21,4527.1768
2008-02-22,4370.2852
2008-02-25,4192.5332
2008-02-26,4238.1792
2008-02-27,4334.0469
2008-02-28,4299.5132
2008-02-29,4348.543
2008-03-03,4438.2651
2008-03-04,4335.4458
2008-03-05,4292.6538
2008-03-06,4360.9858
2008-03-07,4300.5151
2008-03-10,4146.2988
2008-03-11,4165.8779
2008-03-12,4070.116
2008-03-13,3971.2571
2008-03-14,3962.6731
2008-03-17,3820.0481
2008-03-18,3668.897
2008-03-19,3761.605
2008-03-20,3804.054
2008-03-21,3796.5759
2008-03-24,3626.188
2008-03-25,3629.6189
2008-03-26,3606.8569
2008-03-27,3411.4929
2008-03-28,3580.146
2008-03-31,3472.7129
2008-04-01,3329.1621
2008-04-02,3347.8821
2008-04-03,3446.2439
2008-04-07,3599.6179
2008-04-08,3612.5391
2008-04-09,3413.907
2008-04-10,3471.7429
2008-04-11,3492.8931
2008-04-14,3296.6721
2008-04-15,3348.353
2008-04-16,3291.5991
2008-04-17,3222.741
2008-04-18,3094.668
2008-04-21,3116.9771
2008-04-22,3147.793
2008-04-23,3278.3301
2008-04-24,3583.0281
2008-04-25,3557.749
2008-04-28,3474.7219
2008-04-29,3523.405
2008-04-30,3693.106
2008-05-05,3761.009
2008-05-06,3733.5029
2008-05-07,3579.147
2008-05-08,3656.8391
2008-05-09,3613.4939
2008-05-12,3626.9819
2008-05-13,3560.2429
2008-05-14,3657.4319
2008-05-15,3637.324
2008-05-16,3624.2329
2008-05-19,3604.761
2008-05-20,3443.1621
2008-05-21,3544.186
2008-05-22,3485.6299
2008-05-23,3473.0911
2008-05-26,3364.5439
2008-05-27,3375.407
2008-05-28,3459.0259
2008-05-29,3401.437
2008-05-30,3433.354
2008-06-02,3459.0439
2008-06-03,3436.3979
2008-06-04,3369.9131
2008-06-05,3351.645
2008-06-06,3329.6699
2008-06-10,3072.333
2008-06-11,3024.24
2008-06-12,2957.532
2008-06-13,2868.8
2008-06-16,2874.103
2008-06-17,2794.751
2008-06-18,2941.115
2008-06-19,2748.874
2008-06-20,2831.7361
2008-06-23,2760.417
2008-06-24,2803.019
2008-06-25,2905.0139
2008-06-26,2901.8501
2008-06-27,2748.4319
2008-06-30,2736.103
2008-07-01,2651.605
2008-07-02,2651.7251
2008-07-03,2703.5291
2008-07-04,2669.8921
2008-07-07,2792.397
2008-07-08,2814.947
2008-07-09,2920.5459
2008-07-10,2875.45
2008-07-11,2856.634
2008-07-14,2878.2561
2008-07-15,2779.448
2008-07-16,2705.8669
2008-07-17,2684.7781
2008-07-18,2778.3669
2008-07-21,2861.418
2008-07-22,2846.1169
2008-07-23,2837.8491
2008-07-24,2910.292
2008-07-25,2865.1011
2008-07-28,2903.012
2008-07-29,2850.311
2008-07-30,2836.668
2008-07-31,2775.717
2008-08-01,2801.8169
2008-08-04,2741.74
2008-08-05,2690.7461
2008-08-06,2719.3679
2008-08-07,2727.5769
2008-08-08,2605.719
2008-08-11,2470.074
2008-08-12,2457.198
2008-08-13,2446.2971
2008-08-14,2437.082
2008-08-15,2450.6101
2008-08-18,2319.8679
2008-08-19,2344.469
2008-08-20,2523.282
2008-08-21,2431.7161
2008-08-22,2405.2261
2008-08-25,2413.374
2008-08-26,2350.084
2008-08-27,2342.147
2008-08-28,2350.1431
2008-08-29,2397.3689
2008-09-01,2325.135
2008-09-02,2304.8911
2008-09-03,2276.6721
2008-09-04,2277.4109
2008-09-05,2202.446
2008-09-08,2143.4209
2008-09-09,2145.7791
2008-09-10,2150.759
2008-09-11,2078.981
2008-09-12,2079.6731
2008-09-16,1986.636
2008-09-17,1929.047
2008-09-18,1895.837
2008-09-19,2075.0911
2008-09-22,2236.4099
2008-09-23,2201.51
2008-09-24,2216.811
2008-09-25,2297.501
2008-09-26,2293.7839
2008-10-06,2173.738
2008-10-07,2157.8391
2008-10-08,2092.2241
2008-10-09,2074.583
2008-10-10,2000.572
2008-10-13,2073.5681
2008-10-14,2017.321
2008-10-15,1994.667
2008-10-16,1909.941
2008-10-17,1930.651
2008-10-20,1974.006
2008-10-21,1958.5291
2008-10-22,1895.822
2008-10-23,1875.561
2008-10-24,1839.621
2008-10-27,1723.351
2008-10-28,1771.821
2008-10-29,1719.812
2008-10-30,1763.6071
2008-10-31,1728.786
2008-11-03,1719.774
2008-11-04,1706.703
2008-11-05,1760.609
2008-11-06,1717.722
2008-11-07,1747.713
2008-11-10,1874.801
2008-11-11,1843.6071
2008-11-12,1859.11
2008-11-13,1927.613
2008-11-14,1986.438
2008-11-17,2030.485
2008-11-18,1902.4301
2008-11-19,2017.474
2008-11-20,1983.76
2008-11-21,1969.389
2008-11-24,1897.0601
2008-11-25,1888.715
2008-11-26,1897.884
2008-11-27,1917.861
2008-11-28,1871.156
2008-12-01,1894.615
2008-12-02,1889.6379
2008-12-03,1965.4139
2008-12-04,2001.504
2008-12-05,2018.656
2008-12-08,2090.7729
2008-12-09,2037.74
2008-12-10,2079.1169
2008-12-11,2031.681
2008-12-12,1954.215
2008-12-15,1964.374
2008-12-16,1975.006
2008-12-17,1976.819
2008-12-18,2015.694
2008-12-19,2018.463
2008-12-22,1987.755
2008-12-23,1897.225
2008-12-24,1863.8
2008-12-25,1852.4189
2008-12-26,1851.5179
2008-12-29,1850.48
2008-12-30,1832.91
2008-12-31,1820.8051
2009-01-05,1880.7159
2009-01-06,1937.145
2009-01-07,1924.012
2009-01-08,1878.181
2009-01-09,1904.861
2009-01-12,1900.347
2009-01-13,1863.3669
2009-01-14,1928.869
2009-01-15,1920.2061
2009-01-16,1954.438
2009-01-19,1986.672
2009-01-20,1994.1071
2009-01-21,1985.016
2009-01-22,2004.951
2009-01-23,1990.657
2009-02-02,2011.683
2009-02-03,2060.8081
2009-02-04,2107.749
2009-02-05,2098.0181
2009-02-06,2181.239
2009-02-09,2224.7141
2009-02-10,2265.1609
2009-02-11,2260.8201
2009-02-12,2248.0911
2009-02-13,2320.792
2009-02-16,2389.387
2009-02-17,2319.4409
2009-02-18,2209.8621
2009-02-19,2227.125
2009-02-20,2261.478
2009-02-23,2305.7771
2009-02-24,2200.6541
2009-02-25,2206.574
2009-02-26,2121.251
2009-02-27,2082.8521
2009-03-02,2093.447
2009-03-03,2071.4309
2009-03-04,2198.1069
2009-03-05,2221.0759
2009-03-06,2193.0071
2009-03-09,2118.748
2009-03-10,2158.5681
2009-03-11,2139.0249
2009-03-12,2133.8811
2009-03-13,2128.8479
2009-03-16,2153.291
2009-03-17,2218.3259
2009-03-18,2223.7251
2009-03-19,2265.759
2009-03-20,2281.0869
2009-03-23,2325.48
2009-03-24,2338.4199
2009-03-25,2291.5549
2009-03-26,2361.7041
2009-03-27,2374.438
2009-03-30,2358.04
2009-03-31,2373.2129
2009-04-01,2408.0171
2009-04-02,2425.291
2009-04-03,2419.7781
2009-04-07,2439.1819
2009-04-08,2347.385
2009-04-09,2379.876
2009-04-10,2444.2261
2009-04-13,2513.7009
2009-04-14,2527.1809
2009-04-15,2536.0559
2009-04-16,2534.134
2009-04-17,2503.9351
2009-04-20,2557.4561
2009-04-21,2535.8279
2009-04-22,2461.3459
2009-04-23,2463.9541
2009-04-24,2448.595
2009-04-27,2405.3479
2009-04-28,2401.438
2009-04-29,2468.1919
2009-04-30,2477.5691
2009-05-04,2559.9109
2009-05-05,2567.3369
2009-05-06,2592.52
2009-05-07,2597.447
2009-05-08,2625.645
2009-05-11,2579.7471
2009-05-12,2618.1721
2009-05-13,2663.7661
2009-05-14,2639.887
2009-05-15,2645.2629
2009-05-18,2652.7791
2009-05-19,2676.6819
2009-05-20,2651.4141
2009-05-21,2610.6221
2009-05-22,2597.6011
2009-05-25,2610.01
2009-05-26,2588.575
2009-05-27,2632.9299
2009-06-01,2721.28
2009-06-02,2724.302
2009-06-03,2778.5891
2009-06-04,2767.2439
2009-06-05,2753.8911
2009-06-08,2768.3359
2009-06-09,2787.887
2009-06-10,2816.2471
2009-06-11,2797.3201
2009-06-12,2743.762
2009-06-15,2789.5491
2009-06-16,2776.022
2009-06-17,2810.123
2009-06-18,2853.9031
2009-06-19,2880.4919
2009-06-22,2896.302
2009-06-23,2892.697
2009-06-24,2922.2991
2009-06-25,2925.0459
2009-06-26,2928.2109
2009-06-29,2975.314
2009-06-30,2959.3621
2009-07-01,3008.1499
2009-07-02,3060.2539
2009-07-03,3088.3669
2009-07-06,3124.667
2009-07-07,3089.45
2009-07-08,3080.7739
2009-07-09,3123.0349
2009-07-10,3113.9319
2009-07-13,3080.5559
2009-07-14,3145.157
2009-07-15,3188.551
2009-07-16,3183.7419
2009-07-17,3189.741
2009-07-20,3266.9199
2009-07-21,3213.2061
2009-07-22,3296.615
2009-07-23,3328.49
2009-07-24,3372.603
2009-07-27,3435.2119
2009-07-28,3438.3711
2009-07-29,3266.4319
2009-07-30,3321.5601
2009-07-31,3412.062
2009-08-03,3462.5901
2009-08-04,3471.4419
2009-08-05,3428.501
2009-08-06,3356.3301
2009-08-07,3260.6899
2009-08-10,3249.76
2009-08-11,3264.7261
2009-08-12,3112.719
2009-08-13,3140.5601
2009-08-14,3046.9719
2009-08-17,2870.6299
2009-08-18,2910.884
2009-08-19,2785.584
2009-08-20,2911.582
2009-08-21,2960.771
2009-08-24,2993.429
2009-08-25,2915.803
2009-08-26,2967.595
2009-08-27,2946.395
2009-08-28,2860.688
2009-08-31,2667.7451
2009-09-01,2683.7241
2009-09-02,2714.9741
2009-09-03,2845.0239
2009-09-04,2861.6089
2009-09-07,2881.116
2009-09-08,2930.4751
2009-09-09,2946.259
2009-09-10,2924.8831
2009-09-11,2989.792
2009-09-14,3026.741
2009-09-15,3033.728
2009-09-16,2999.71
2009-09-17,3060.26
2009-09-18,2962.667
2009-09-21,2967.011
2009-09-22,2897.553
2009-09-23,2842.7209
2009-09-24,2853.554
2009-09-25,2838.842
2009-09-28,2763.5249
2009-09-29,2754.54
2009-09-30,2779.426
2009-10-09,2911.7151
2009-10-12,2894.4829
2009-10-13,2936.1909
2009-10-14,2970.532
2009-10-15,2979.7881
2009-10-16,2976.6331
2009-10-19,3038.2729
2009-10-20,3084.4541
2009-10-21,3070.5891
2009-10-22,3051.4121
2009-10-23,3107.8469
2009-10-26,3109.5659
2009-10-27,3021.459
2009-10-28,3031.3291
2009-10-29,2960.4661
2009-10-30,2995.8479
2009-11-02,3076.6489
2009-11-03,3114.2271
2009-11-04,3128.5371
2009-11-05,3155.053
2009-11-06,3164.0371
2009-11-09,3175.585
2009-11-10,3178.6101
2009-11-11,3175.1919
2009-11-12,3172.9451
2009-11-13,3187.647
2009-11-16,3275.0481
2009-11-17,3282.8889
2009-11-18,3303.2339
2009-11-19,3320.6121
2009-11-20,3308.3459
2009-11-23,3338.6631
2009-11-24,3223.5259
2009-11-25,3290.165
2009-11-26,3170.979
2009-11-27,3096.2649
2009-11-30,3195.301
2009-12-01,3235.363
2009-12-02,3269.751
2009-12-03,3264.6279
2009-12-04,3317.0439
2009-12-07,3331.897
2009-12-08,3296.6641
2009-12-09,3239.5681
2009-12-10,3254.2639
2009-12-11,3247.3181
2009-12-14,3302.9041
2009-12-15,3274.46
2009-12-16,3255.2129
2009-12-17,3179.0779
2009-12-18,3113.886
2009-12-21,3122.9729
2009-12-22,3050.52
2009-12-23,3073.7771
2009-12-24,3153.4099
2009-12-25,3141.353
2009-12-28,3188.7849
2009-12-29,3211.76
2009-12-30,3262.6001
2009-12-31,3277.1389
2010-01-04,3243.76
2010-01-05,3282.179
2010-01-06,3254.2151
2010-01-07,3192.7759
2010-01-08,3195.9971
2010-01-11,3212.75
2010-01-12,3273.9661
2010-01-13,3172.658
2010-01-14,3215.55
2010-01-15,3224.1521
2010-01-18,3237.0979
2010-01-19,3246.874
2010-01-20,3151.8501
2010-01-21,3158.863
2010-01-22,3128.5879
2010-01-25,3094.4109
2010-01-26,3019.394
2010-01-27,2986.6069
2010-01-28,2994.1431
2010-01-29,2989.292
2010-02-01,2941.3601
2010-02-02,2934.7129
2010-02-03,3003.835
2010-02-04,2995.3081
2010-02-05,2939.4021
2010-02-08,2935.1741
2010-02-09,2948.842
2010-02-10,2982.5
2010-02-11,2985.499
2010-02-12,3018.1331
2010-02-22,3003.3979
2010-02-23,2982.575
2010-02-24,3022.177
2010-02-25,3060.6179
2010-02-26,3051.9431
2010-03-01,3087.842
2010-03-02,3073.1079
2010-03-03,3097.0049
2010-03-04,3023.373
2010-03-05,3031.0649
2010-03-08,3053.2319
2010-03-09,3069.1411
2010-03-10,3048.927
2010-03-11,3051.282
2010-03-12,3013.4121
2010-03-15,2976.939
2010-03-16,2992.8411
2010-03-17,3050.479
2010-03-18,3046.0891
2010-03-19,3067.75
2010-03-22,3074.5759
2010-03-23,3053.125
2010-03-24,3056.8081
2010-03-25,3019.176
2010-03-26,3059.7151
2010-03-29,3123.7981
2010-03-30,3128.468
2010-03-31,3109.105
2010-04-01,3147.416
2010-04-02,3157.957
2010-04-06,3158.6809
2010-04-07,3148.2219
2010-04-08,3118.709
2010-04-09,3145.3469
2010-04-12,3129.2629
2010-04-13,3161.251
2010-04-14,3166.1831
2010-04-15,3164.9661
2010-04-16,3130.302
2010-04-19,2980.2971
2010-04-20,2979.533
2010-04-21,3033.2781
2010-04-22,2999.4839
2010-04-23,2983.5371
2010-04-26,2969.5029
2010-04-27,2907.928
2010-04-28,2900.3311
2010-04-29,2868.4319
2010-04-30,2870.6111
2010-05-04,2835.2771
2010-05-05,2857.1509
2010-05-06,2739.7019
2010-05-07,2688.3831
2010-05-10,2698.7571
2010-05-11,2647.573
2010-05-12,2655.7141
2010-05-13,2710.5071
2010-05-14,2696.6289
2010-05-17,2559.9309
2010-05-18,2594.783
2010-05-19,2587.8069
2010-05-20,2555.9399
2010-05-21,2583.522
2010-05-24,2673.4231
2010-05-25,2622.6299
2010-05-26,2625.793
2010-05-27,2655.918
2010-05-28,2655.7671
2010-05-31,2592.146
2010-06-01,2568.283
2010-06-02,2571.4231
2010-06-03,2552.656
2010-06-04,2553.593
2010-06-07,2511.729
2010-06-08,2513.947
2010-06-09,2583.8701
2010-06-10,2562.5801
2010-06-11,2569.9409
2010-06-17,2560.2451
2010-06-18,2513.2219
2010-06-21,2586.209
2010-06-22,2588.698
2010-06-23,2569.8721
2010-06-24,2566.7451
2010-06-25,2552.8169
2010-06-28,2535.2781
2010-06-29,2427.052
2010-06-30,2398.3701
2010-07-01,2373.792
2010-07-02,2382.9009
2010-07-05,2363.948
2010-07-06,2409.4241
2010-07-07,2421.1169
2010-07-08,2415.1499
2010-07-09,2470.9231
2010-07-12,2490.718
2010-07-13,2450.2849
2010-07-14,2470.4399
2010-07-15,2424.304
2010-07-16,2424.271
2010-07-19,2475.4209
2010-07-20,2528.729
2010-07-21,2535.394
2010-07-22,2562.406
2010-07-23,2572.0281
2010-07-26,2588.6831
2010-07-27,2575.3679
2010-07-28,2633.6631
2010-07-29,2648.116
2010-07-30,2637.5029
2010-08-02,2672.5161
2010-08-03,2627.002
2010-08-04,2638.522
2010-08-05,2620.7571
2010-08-06,2658.3921
2010-08-09,2672.532
2010-08-10,2595.2729
2010-08-11,2607.4971
2010-08-12,2575.4751
2010-08-13,2606.7
2010-08-16,2661.708
2010-08-17,2671.8931
2010-08-18,2666.301
2010-08-19,2687.979
2010-08-20,2642.3069
2010-08-23,2639.366
2010-08-24,2650.3069
2010-08-25,2596.5801
2010-08-26,2603.481
2010-08-27,2610.7419
2010-08-30,2652.6641
2010-08-31,2638.7981
2010-09-01,2622.8821
2010-09-02,2655.7759
2010-09-03,2655.394
2010-09-06,2696.25
2010-09-07,2698.363
2010-09-08,2695.291
2010-09-09,2656.3521
2010-09-10,2663.209
2010-09-13,2688.3201
2010-09-14,2688.522
2010-09-15,2652.5029
2010-09-16,2602.4651
2010-09-17,2598.689
2010-09-20,2588.7129
2010-09-21,2591.55
2010-09-27,2627.967
2010-09-28,2611.354
2010-09-29,2610.678
2010-09-30,2655.658
2010-10-08,2738.7439
2010-10-11,2806.9419
2010-10-12,2841.407
2010-10-13,2861.3611
2010-10-14,2879.636
2010-10-15,2971.1599
2010-10-18,2955.2271
2010-10-19,3001.853
2010-10-20,3003.9509
2010-10-21,2983.532
2010-10-22,2975.043
2010-10-25,3051.418
2010-10-26,3041.543
2010-10-27,2997.0481
2010-10-28,2992.5791
2010-10-29,2978.835
2010-11-01,3054.021
2010-11-02,3045.4341
2010-11-03,3030.988
2010-11-04,3086.939
2010-11-05,3129.4971
2010-11-08,3159.512
2010-11-09,3135.0
2010-11-10,3115.356
2010-11-11,3147.7439
2010-11-12,2985.4351
2010-11-15,3014.4131
2010-11-16,2894.5381
2010-11-17,2838.8569
2010-11-18,2865.4519
2010-11-19,2888.5659
2010-11-22,2884.3711
2010-11-23,2828.282
2010-11-24,2859.936
2010-11-25,2898.261
2010-11-26,2871.698
2010-11-29,2866.356
2010-11-30,2820.1809
2010-12-01,2823.449
2010-12-02,2843.6069
2010-12-03,2842.4299
2010-12-06,2857.177
2010-12-07,2875.8611
2010-12-08,2848.5459
2010-12-09,2810.949
2010-12-10,2841.04
2010-12-13,2922.9541
2010-12-14,2927.0769
2010-12-15,2911.4141
2010-12-16,2898.1379
2010-12-17,2893.74
2010-12-21,2904.115
2010-12-22,2877.8999
2010-12-23,2855.22
2010-12-24,2835.157
2010-12-27,2781.4021
2010-12-28,2732.99
2010-12-29,2751.5271
2010-12-30,2759.575
2010-12-31,2808.0769
2011-01-04,2852.6479
2011-01-05,2839.2209
2011-01-06,2824.197
2011-01-07,2838.801
2011-01-10,2791.8091
2011-01-11,2804.0471
2011-01-12,2821.3049
2011-01-13,2827.7119
2011-01-14,2791.344
2011-01-17,2706.6599
2011-01-18,2708.979
2011-01-19,2758.0969
2011-01-20,2677.6521
2011-01-21,2715.2939
2011-01-24,2695.719
2011-01-25,2677.4319
2011-01-26,2708.814
2011-01-27,2749.1499
2011-01-28,2752.75
2011-01-31,2790.6941
2011-02-01,2798.96
2011-02-09,2774.0649
2011-02-10,2818.1631
2011-02-11,2827.3279
2011-02-14,2899.134
2011-02-15,2899.2371
2011-02-16,2923.896
2011-02-17,2926.9641
2011-02-18,2899.792
2011-02-21,2932.2461
2011-02-22,2855.5161
2011-02-23,2862.635
2011-02-24,2878.603
2011-02-25,2878.5649
2011-02-28,2905.053
2011-03-01,2918.9199
2011-03-02,2913.8081
2011-03-03,2902.978
2011-03-04,2942.3059
2011-03-07,2996.2109
2011-03-08,2999.9419
2011-03-09,3002.1541
2011-03-10,2957.1431
2011-03-11,2933.7959
2011-03-14,2937.627
2011-03-15,2896.2561
2011-03-16,2930.804
2011-03-17,2897.2981
2011-03-18,2906.885
2011-03-21,2909.137
2011-03-22,2919.1421
2011-03-23,2948.4771
2011-03-24,2946.7061
2011-03-25,2977.814
2011-03-28,2984.0049
2011-03-29,2958.0769
2011-03-30,2955.771
2011-03-31,2928.1111
2011-04-01,2967.4099
2011-04-06,3001.3601
2011-04-07,3007.9089
2011-04-08,3030.021
2011-04-11,3022.7461
2011-04-12,3021.3689
2011-04-13,3050.397
2011-04-14,3042.635
2011-04-15,3050.5259
2011-04-18,3057.3291
2011-04-19,2999.041
2011-04-20,3007.0371
2011-04-21,3026.667
2011-04-22,3010.5171
2011-04-25,2964.9509
2011-04-26,2938.981
2011-04-27,2925.408
2011-04-28,2887.043
2011-04-29,2911.51
2011-05-03,2932.188
2011-05-04,2866.0171
2011-05-05,2872.4041
2011-05-06,2863.886
2011-05-09,2872.46
2011-05-10,2890.634
2011-05-11,2883.4199
2011-05-12,2844.083
2011-05-13,2871.031
2011-05-16,2849.0669
2011-05-17,2852.7729
2011-05-18,2872.771
2011-05-19,2859.574
2011-05-20,2858.459
2011-05-23,2774.5691
2011-05-24,2767.0559
2011-05-25,2741.741
2011-05-26,2736.5271
2011-05-27,2709.947
2011-05-30,2706.3611
2011-05-31,2743.4719
2011-06-01,2743.572
2011-06-02,2705.1809
2011-06-03,2728.02
2011-06-07,2744.3
2011-06-08,2750.2881
2011-06-09,2703.345
2011-06-10,2705.1431
2011-06-13,2700.3789
2011-06-14,2730.04
2011-06-15,2705.4309
2011-06-16,2664.282
2011-06-17,2642.8181
2011-06-20,2621.2529
2011-06-21,2646.4829
2011-06-22,2649.321
2011-06-23,2688.249
2011-06-24,2746.2109
2011-06-27,2758.23
2011-06-28,2759.2019
2011-06-29,2728.4829
2011-06-30,2762.0759
2011-07-01,2759.3621
2011-07-04,2812.8181
2011-07-05,2816.354
2011-07-06,2810.479
2011-07-07,2794.2671
2011-07-08,2797.7729
2011-07-11,2802.6919
2011-07-12,2754.582
2011-07-13,2795.4761
2011-07-14,2810.4441
2011-07-15,2820.1689
2011-07-18,2816.688
2011-07-19,2796.9829
2011-07-20,2794.2051
2011-07-21,2765.894
2011-07-22,2770.79
2011-07-25,2688.7461
2011-07-26,2703.0259
2011-07-27,2723.4919
2011-07-28,2708.7771
2011-07-29,2701.729
2011-08-01,2703.783
2011-08-02,2679.259
2011-08-03,2678.4851
2011-08-04,2684.0391
2011-08-05,2626.4231
2011-08-08,2526.8159
2011-08-09,2526.0701
2011-08-10,2549.176
2011-08-11,2581.5081
2011-08-12,2593.1731
2011-08-15,2626.77
2011-08-16,2608.166
2011-08-17,2601.261
2011-08-18,2559.4719
2011-08-19,2534.3579
2011-08-22,2515.863
2011-08-23,2554.019
2011-08-24,2541.0911
2011-08-25,2615.261
2011-08-26,2612.188
2011-08-29,2576.4131
2011-08-30,2566.595
2011-08-31,2567.3401
2011-09-01,2556.042
2011-09-02,2528.28
2011-09-05,2478.739
2011-09-06,2470.5239
2011-09-07,2516.0901
2011-09-08,2498.9431
2011-09-09,2497.7529
2011-09-13,2471.3049
2011-09-14,2484.8269
2011-09-15,2479.0549
2011-09-16,2482.343
2011-09-19,2437.7949
2011-09-20,2447.7549
2011-09-21,2512.9629
2011-09-22,2443.0559
2011-09-23,2433.1589
2011-09-26,2393.1831
2011-09-27,2415.054
2011-09-28,2392.062
2011-09-29,2365.343
2011-09-30,2359.219
2011-10-10,2344.7871
2011-10-11,2348.5161
2011-10-12,2420.0
2011-10-13,2438.79
2011-10-14,2431.375
2011-10-17,2440.4021
2011-10-18,2383.4851
2011-10-19,2377.512
2011-10-20,2331.366
2011-10-21,2317.2749
2011-10-24,2370.333
2011-10-25,2409.6721
2011-10-26,2427.48
2011-10-27,2435.615
2011-10-28,2473.4099
2011-10-31,2468.25
2011-11-01,2470.019
2011-11-02,2504.1079
2011-11-03,2508.0901
2011-11-04,2528.2939
2011-11-07,2509.7991
2011-11-08,2503.8359
2011-11-09,2524.9189
2011-11-10,2479.5359
2011-11-11,2481.084
2011-11-14,2528.7141
2011-11-15,2529.761
2011-11-16,2466.959
2011-11-17,2463.0459
2011-11-18,2416.562
2011-11-21,2415.1299
2011-11-22,2412.625
2011-11-23,2395.064
2011-11-24,2397.554
2011-11-25,2380.2241
2011-11-28,2383.0339
2011-11-29,2412.3931
2011-11-30,2333.4141
2011-12-01,2386.8601
2011-12-02,2360.6641
2011-12-05,2333.229
2011-12-06,2325.905
2011-12-07,2332.73
2011-12-08,2329.8201
2011-12-09,2315.27
2011-12-12,2291.5449
2011-12-13,2248.5901
2011-12-14,2228.5249
2011-12-15,2180.895
2011-12-16,2224.8401
2011-12-19,2218.2351
2011-12-20,2215.9299
2011-12-21,2191.1479
2011-12-22,2186.2959
2011-12-23,2204.7839
2011-12-26,2190.1101
2011-12-27,2166.2051
2011-12-28,2170.0129
2011-12-29,2173.561
2011-12-30,2199.417
2012-01-04,2169.3899
2012-01-05,2148.4519
2012-01-06,2163.395
2012-01-09,2225.8899
2012-01-10,2285.7439
2012-01-11,2276.0459
2012-01-12,2275.01
2012-01-13,2244.5801
2012-01-16,2206.1931
2012-01-17,2298.375
2012-01-18,2266.384
2012-01-19,2296.075
2012-01-20,2319.1179
2012-01-30,2285.0381
2012-01-31,2292.6101
2012-02-01,2268.0801
2012-02-02,2312.5559
2012-02-03,2330.405
2012-02-06,2331.136
2012-02-07,2291.9021
2012-02-08,2347.53
2012-02-09,2349.5891
2012-02-10,2351.981
2012-02-13,2351.854
2012-02-14,2344.771
2012-02-15,2366.7019
2012-02-16,2356.8601
2012-02-17,2357.1809
2012-02-20,2363.5969
2012-02-21,2381.4299
2012-02-22,2403.5869
2012-02-23,2409.554
2012-02-24,2439.627
2012-02-27,2447.0569
2012-02-28,2451.8569
2012-02-29,2428.4871
2012-03-01,2426.115
2012-03-02,2460.6931
2012-03-05,2445.002
2012-03-06,2410.4451
2012-03-07,2394.7939
2012-03-08,2420.2759
2012-03-09,2439.4619
2012-03-12,2434.8579
2012-03-13,2455.7939
2012-03-14,2391.23
2012-03-15,2373.7739
2012-03-16,2404.7361
2012-03-19,2410.1841
2012-03-20,2376.8391
2012-03-21,2378.1951
2012-03-22,2375.772
2012-03-23,2349.5391
2012-03-26,2350.5991
2012-03-27,2347.179
2012-03-28,2284.8811
2012-03-29,2252.1599
2012-03-30,2262.7881
2012-04-05,2302.241
2012-04-06,2306.552
2012-04-09,2285.7771
2012-04-10,2305.863
2012-04-11,2308.925
2012-04-12,2350.864
2012-04-13,2359.1609
2012-04-16,2357.0259
2012-04-17,2334.9851
2012-04-18,2380.8479
2012-04-19,2378.634
2012-04-20,2406.863
2012-04-23,2388.5879
2012-04-24,2388.834
2012-04-25,2406.813
2012-04-26,2404.697
2012-04-27,2396.3159
2012-05-02,2438.436
2012-05-03,2440.0801
2012-05-04,2452.0139
2012-05-07,2451.947
2012-05-08,2448.884
2012-05-09,2408.5859
2012-05-10,2410.229
2012-05-11,2394.9819
2012-05-14,2380.7251
2012-05-15,2374.843
2012-05-16,2346.1919
2012-05-17,2378.886
2012-05-18,2344.521
2012-05-21,2348.3
2012-05-22,2373.3059
2012-05-23,2363.437
2012-05-24,2350.9729
2012-05-25,2333.553
2012-05-28,2361.3669
2012-05-29,2389.636
2012-05-30,2384.668
2012-05-31,2372.2339
2012-06-01,2373.436
2012-06-04,2308.55
2012-06-05,2311.916
2012-06-06,2309.5549
2012-06-07,2293.1299
2012-06-08,2281.447
2012-06-11,2305.856
2012-06-12,2289.791
2012-06-13,2318.9241
2012-06-14,2295.946
2012-06-15,2306.8501
2012-06-18,2316.052
2012-06-19,2300.7949
2012-06-20,2292.877
2012-06-21,2260.877
2012-06-25,2224.114
2012-06-26,2222.0669
2012-06-27,2216.9341
2012-06-28,2195.843
2012-06-29,2225.4299
2012-07-02,2226.1101
2012-07-03,2229.1919
2012-07-04,2227.3149
2012-07-05,2201.353
2012-07-06,2223.5791
2012-07-09,2170.814
2012-07-10,2164.438
2012-07-11,2175.3831
2012-07-12,2185.491
2012-07-13,2185.895
2012-07-16,2147.9551
2012-07-17,2161.186
2012-07-18,2169.0991
2012-07-19,2184.8411
2012-07-20,2168.6379
2012-07-23,2141.4021
2012-07-24,2146.5879
2012-07-25,2136.1509
2012-07-26,2126.0039
2012-07-27,2128.7649
2012-07-30,2109.9141
2012-07-31,2103.635
2012-08-01,2123.3601
2012-08-02,2111.1819
2012-08-03,2132.7959
2012-08-06,2154.916
2012-08-07,2157.6201
2012-08-08,2160.99
2012-08-09,2174.1021
2012-08-10,2168.814
2012-08-13,2136.0779
2012-08-14,2142.5239
2012-08-15,2118.9451
2012-08-16,2112.197
2012-08-17,2114.8911
2012-08-20,2106.957
2012-08-21,2118.2681
2012-08-22,2107.7109
2012-08-23,2113.072
2012-08-24,2092.104
2012-08-27,2055.708
2012-08-28,2073.1541
2012-08-29,2053.2351
2012-08-30,2052.585
2012-08-31,2047.522
2012-09-03,2059.147
2012-09-04,2043.649
2012-09-05,2037.681
2012-09-06,2051.918
2012-09-07,2127.762
2012-09-10,2134.8931
2012-09-11,2120.554
2012-09-12,2126.554
2012-09-13,2110.3789
2012-09-14,2123.8469
2012-09-17,2078.5
2012-09-18,2059.543
2012-09-19,2067.8311
2012-09-20,2024.837
2012-09-21,2026.6899
2012-09-24,2033.192
2012-09-25,2029.293
2012-09-26,2004.172
2012-09-27,2056.323
2012-09-28,2086.1689
2012-10-08,2074.4189
2012-10-09,2115.229
2012-10-10,2119.9419
2012-10-11,2102.8679
2012-10-12,2104.9319
2012-10-15,2098.7029
2012-10-16,2098.8081
2012-10-17,2105.6179
2012-10-18,2131.688
2012-10-19,2128.302
2012-10-22,2132.7581
2012-10-23,2114.447
2012-10-24,2115.99
2012-10-25,2101.5801
2012-10-26,2066.209
2012-10-29,2058.9431
2012-10-30,2062.3469
2012-10-31,2068.8799
2012-11-01,2104.427
2012-11-02,2117.0459
2012-11-05,2114.0271
2012-11-06,2105.999
2012-11-07,2105.73
2012-11-08,2071.509
2012-11-09,2069.0669
2012-11-12,2079.2729
2012-11-13,2047.889
2012-11-14,2055.4189
2012-11-15,2030.29
2012-11-16,2014.725
2012-11-19,2016.9821
2012-11-20,2008.923
2012-11-21,2030.319
2012-11-22,2015.611
2012-11-23,2027.384
2012-11-26,2017.464
2012-11-27,1991.165
2012-11-28,1973.5229
2012-11-29,1963.488
2012-11-30,1980.1169
2012-12-03,1959.767
2012-12-04,1975.1429
2012-12-05,2031.907
2012-12-06,2029.2371
2012-12-07,2061.7859
2012-12-10,2083.77
2012-12-11,2074.7041
2012-12-12,2082.7261
2012-12-13,2061.4761
2012-12-14,2150.625
2012-12-17,2160.342
2012-12-18,2162.4641
2012-12-19,2162.239
2012-12-20,2168.353
2012-12-21,2153.3101
2012-12-24,2159.053
2012-12-25,2213.6111
2012-12-26,2219.1321
2012-12-27,2205.897
2012-12-28,2233.252
2012-12-31,2269.1279
2013-01-04,2276.9919
2013-01-07,2285.364
2013-01-08,2276.0701
2013-01-09,2275.3401
2013-01-10,2283.657
2013-01-11,2242.9971
2013-01-14,2311.74
2013-01-15,2325.6819
2013-01-16,2309.499
2013-01-17,2284.9089
2013-01-18,2317.0701
2013-01-21,2328.2209
2013-01-22,2315.1389
2013-01-23,2320.9109
2013-01-24,2302.5979
2013-01-25,2291.304
2013-01-28,2346.5049
2013-01-29,2358.9771
2013-01-30,2382.4751
2013-01-31,2385.4221
2013-02-01,2419.02
2013-02-04,2428.1541
2013-02-05,2433.1299
2013-02-06,2434.4771
2013-02-07,2418.53
2013-02-08,2432.4021
2013-02-18,2421.5581
2013-02-19,2382.9141
2013-02-20,2397.178
2013-02-21,2325.9509
2013-02-22,2314.1641
2013-02-25,2325.8191
2013-02-26,2293.3411
2013-02-27,2313.22
2013-02-28,2365.593
2013-03-01,2359.5061
2013-03-04,2273.4041
2013-03-05,2326.3059
2013-03-06,2347.179
2013-03-07,2324.293
2013-03-08,2318.6111
2013-03-11,2310.593
2013-03-12,2286.605
2013-03-13,2263.968
2013-03-14,2270.2771
2013-03-15,2278.4009
2013-03-18,2240.0161
2013-03-19,2257.4341
2013-03-20,2317.375
2013-03-21,2324.2419
2013-03-22,2328.2781
2013-03-25,2326.7151
2013-03-26,2297.6689
2013-03-27,2301.26
2013-03-28,2236.302
2013-03-29,2236.6211
2013-04-01,2234.395
2013-04-02,2227.74
2013-04-03,2225.2949
2013-04-08,2211.592
2013-04-09,2225.7739
2013-04-10,2226.126
2013-04-11,2219.553
2013-04-12,2206.78
2013-04-15,2181.9409
2013-04-16,2194.845
2013-04-17,2193.7959
2013-04-18,2197.6021
2013-04-19,2244.6431
2013-04-22,2242.1689
2013-04-23,2184.5381
2013-04-24,2218.3181
2013-04-25,2199.3069
2013-04-26,2177.9121
2013-05-02,2174.123
2013-05-03,2205.4971
2013-05-06,2231.166
2013-05-07,2235.575
2013-05-08,2246.3
2013-05-09,2232.9709
2013-05-10,2246.8311
2013-05-13,2241.9199
2013-05-14,2217.01
2013-05-15,2224.7971
2013-05-16,2251.8049
2013-05-17,2282.8701
2013-05-20,2299.9861
2013-05-21,2305.114
2013-05-22,2302.4031
2013-05-23,2275.667
2013-05-24,2288.532
2013-05-27,2293.0769
2013-05-28,2321.3181
2013-05-29,2324.0171
2013-05-30,2317.749
2013-05-31,2300.595
2013-06-03,2299.252
2013-06-04,2272.417
2013-06-05,2270.9299
2013-06-06,2242.1101
2013-06-07,2210.8979
2013-06-13,2148.355
2013-06-14,2162.041
2013-06-17,2156.2151
2013-06-18,2159.291
2013-06-19,2143.4541
2013-06-20,2084.021
2013-06-21,2073.095
2013-06-24,1963.235
2013-06-25,1959.5081
2013-06-26,1951.495
2013-06-27,1950.012
2013-06-28,1979.2061
2013-07-01,1995.2419
2013-07-02,2006.5601
2013-07-03,1994.2679
2013-07-04,2006.098
2013-07-05,2007.199
2013-07-08,1958.2729
2013-07-09,1965.454
2013-07-10,2008.126
2013-07-11,2072.991
2013-07-12,2039.486
2013-07-15,2059.3899
2013-07-16,2065.72
2013-07-17,2044.922
2013-07-18,2023.396
2013-07-19,1992.6479
2013-07-22,2004.762
2013-07-23,2043.876
2013-07-24,2033.329
2013-07-25,2021.174
2013-07-26,2010.85
2013-07-29,1976.306
2013-07-30,1990.064
2013-07-31,1993.799
2013-08-01,2029.067
2013-08-02,2029.418
2013-08-05,2050.481
2013-08-06,2060.5
2013-08-07,2046.778
2013-08-08,2044.895
2013-08-09,2052.2351
2013-08-12,2101.283
2013-08-13,2106.156
2013-08-14,2100.137
2013-08-15,2081.8799
2013-08-16,2068.4519
2013-08-19,2085.6021
2013-08-20,2072.595
2013-08-21,2072.9609
2013-08-22,2067.124
2013-08-23,2057.458
2013-08-26,2096.4741
2013-08-27,2103.5659
2013-08-28,2101.301
2013-08-29,2097.2271
2013-08-30,2098.3821
2013-09-02,2098.448
2013-09-03,2123.1121
2013-09-04,2127.6179
2013-09-05,2122.4299
2013-09-06,2139.9929
2013-09-09,2212.5161
2013-09-10,2237.9839
2013-09-11,2241.2681
2013-09-12,2255.604
2013-09-13,2236.217
2013-09-16,2231.4009
2013-09-17,2185.5601
2013-09-18,2191.8511
2013-09-23,2221.0439
2013-09-24,2207.531
2013-09-25,2198.5149
2013-09-26,2155.8091
2013-09-27,2160.0271
2013-09-30,2174.665
2013-10-08,2198.199
2013-10-09,2211.769
2013-10-10,2190.929
2013-10-11,2228.146
2013-10-14,2237.7729
2013-10-15,2233.4121
2013-10-16,2193.074
2013-10-17,2188.542
2013-10-18,2193.78
2013-10-21,2229.2371
2013-10-22,2210.6521
2013-10-23,2183.1069
2013-10-24,2164.322
2013-10-25,2132.9551
2013-10-28,2133.8689
2013-10-29,2128.864
2013-10-30,2160.4629
2013-10-31,2141.614
2013-11-01,2149.562
2013-11-04,2149.634
2013-11-05,2157.24
2013-11-06,2139.6069
2013-11-07,2129.3999
2013-11-08,2106.127
2013-11-11,2109.4709
2013-11-12,2126.772
2013-11-13,2087.9409
2013-11-14,2100.5061
2013-11-15,2135.8269
2013-11-18,2197.219
2013-11-19,2193.125
2013-11-20,2206.613
2013-11-21,2205.7661
2013-11-22,2196.3779
2013-11-25,2186.115
2013-11-26,2183.073
2013-11-27,2201.0701
2013-11-28,2219.3721
2013-11-29,2220.5039
2013-12-02,2207.3711
2013-12-03,2222.6699
2013-12-04,2251.762
2013-12-05,2247.063
2013-12-06,2237.1079
2013-12-09,2238.2
2013-12-10,2237.4919
2013-12-11,2204.166
2013-12-12,2202.7959
2013-12-13,2196.075
2013-12-16,2160.8611
2013-12-17,2151.0791
2013-12-18,2148.2849
2013-12-19,2127.792
2013-12-20,2084.7939
2013-12-23,2089.707
2013-12-24,2092.905
2013-12-25,2106.354
2013-12-26,2073.0991
2013-12-27,2101.251
2013-12-30,2097.5291
2013-12-31,2115.978
2014-01-02,2109.387
2014-01-03,2083.135
2014-01-06,2045.709
2014-01-07,2047.317
2014-01-08,2044.34
2014-01-09,2027.6219
2014-01-10,2013.298
2014-01-13,2009.564
2014-01-14,2026.842
2014-01-15,2023.348
2014-01-16,2023.701
2014-01-17,2004.949
2014-01-20,1991.2531
2014-01-21,2008.313
2014-01-22,2051.749
2014-01-23,2042.1801
2014-01-24,2054.3921
2014-01-27,2033.3
2014-01-28,2038.5129
2014-01-29,2049.9141
2014-01-30,2033.083
2014-02-07,2044.4969
2014-02-10,2086.0669
2014-02-11,2103.6709
2014-02-12,2109.9551
2014-02-13,2098.4009
2014-02-14,2115.8479
2014-02-17,2135.415
2014-02-18,2119.0659
2014-02-19,2142.554
2014-02-20,2138.782
2014-02-21,2113.6931
2014-02-24,2076.686
2014-02-25,2034.219
2014-02-26,2041.254
2014-02-27,2047.354
2014-02-28,2056.302
2014-03-03,2075.2351
2014-03-04,2071.4729
2014-03-05,2053.084
2014-03-06,2059.5779
2014-03-07,2057.908
2014-03-10,1999.0649
2014-03-11,2001.157
2014-03-12,1997.692
2014-03-13,2019.111
2014-03-14,2004.339
2014-03-17,2023.673
2014-03-18,2025.196
2014-03-19,2021.734
2014-03-20,1993.479
2014-03-21,2047.619
2014-03-24,2066.2791
2014-03-25,2067.311
2014-03-26,2063.6699
2014-03-27,2046.588
2014-03-28,2041.712
2014-03-31,2033.306
2014-04-01,2047.46
2014-04-02,2058.988
2014-04-03,2043.702
2014-04-04,2058.8311
2014-04-08,2098.2839
2014-04-09,2105.2371
2014-04-10,2134.3
2014-04-11,2130.542
2014-04-14,2131.5391
2014-04-15,2101.6011
2014-04-16,2105.1221
2014-04-17,2098.885
2014-04-18,2097.748
2014-04-21,2065.8259
2014-04-22,2072.8311
2014-04-23,2067.3821
2014-04-24,2057.033
2014-04-25,2036.519
2014-04-28,2003.4871
2014-04-29,2020.3409
2014-04-30,2026.358
2014-05-05,2027.353
2014-05-06,2028.038
2014-05-07,2010.083
2014-05-08,2015.274
2014-05-09,2011.135
2014-05-12,2052.8711
2014-05-13,2050.728
2014-05-14,2047.91
2014-05-15,2024.974
2014-05-16,2026.504
2014-05-19,2005.183
2014-05-20,2008.119
2014-05-21,2024.951
2014-05-22,2021.285
2014-05-23,2034.569
2014-05-26,2041.476
2014-05-27,2034.5649
2014-05-28,2050.228
2014-05-29,2040.595
2014-05-30,2039.212
2014-06-03,2038.3051
2014-06-04,2024.834
2014-06-05,2040.8781
2014-06-06,2029.9561
2014-06-09,2030.502
2014-06-10,2052.532
2014-06-11,2054.948
2014-06-12,2051.7129
2014-06-13,2070.7151
2014-06-16,2085.9829
2014-06-17,2066.698
2014-06-18,2055.519
2014-06-19,2023.735
2014-06-20,2026.674
2014-06-23,2024.365
2014-06-24,2033.931
2014-06-25,2025.502
2014-06-26,2038.677
2014-06-27,2036.51
2014-06-30,2048.3269
2014-07-01,2050.3811
2014-07-02,2059.418
2014-07-03,2063.229
2014-07-04,2059.375
2014-07-07,2059.927
2014-07-08,2064.021
2014-07-09,2038.6121
2014-07-10,2038.342
2014-07-11,2046.9611
2014-07-14,2066.646
2014-07-15,2070.3569
2014-07-16,2067.2759
2014-07-17,2055.5911
2014-07-18,2059.0669
2014-07-21,2054.479
2014-07-22,2075.481
2014-07-23,2078.489
2014-07-24,2105.062
2014-07-25,2126.614
2014-07-28,2177.948
2014-07-29,2183.1919
2014-07-30,2181.2429
2014-07-31,2201.562
2014-08-01,2185.303
2014-08-04,2223.3311
2014-08-05,2219.9451
2014-08-06,2217.4651
2014-08-07,2187.6689
2014-08-08,2194.425
2014-08-11,2224.6541
2014-08-12,2221.595
2014-08-13,2222.877
2014-08-14,2206.4661
2014-08-15,2226.7339
2014-08-18,2239.4661
2014-08-19,2245.3301
2014-08-20,2240.2109
2014-08-21,2230.458
2014-08-22,2240.812
2014-08-25,2229.2739
2014-08-26,2207.106
2014-08-27,2209.4651
2014-08-28,2195.8181
2014-08-29,2217.2
2014-09-01,2235.511
2014-09-02,2266.0459
2014-09-03,2288.627
2014-09-04,2306.8621
2014-09-05,2326.4319
2014-09-09,2326.5271
2014-09-10,2318.3049
2014-09-11,2311.679
2014-09-12,2331.95
2014-09-15,2339.1399
2014-09-16,2296.5549
2014-09-17,2307.8931
2014-09-18,2315.928
2014-09-19,2329.4509
2014-09-22,2289.866
2014-09-23,2309.718
2014-09-24,2343.575
2014-09-25,2345.103
2014-09-26,2347.718
2014-09-29,2357.7109
2014-09-30,2363.8701
2014-10-08,2382.7939
2014-10-09,2389.3711
2014-10-10,2374.54
2014-10-13,2366.009
2014-10-14,2359.4751
2014-10-15,2373.6699
2014-10-16,2356.499
2014-10-17,2341.1841
2014-10-20,2356.728
2014-10-21,2339.657
2014-10-22,2326.553
2014-10-23,2302.418
2014-10-24,2302.28
2014-10-27,2290.437
2014-10-28,2337.8711
2014-10-29,2373.03
2014-10-30,2391.0759
2014-10-31,2420.178
2014-11-03,2430.9709
2014-11-04,2430.7371
2014-11-05,2420.396
2014-11-06,2425.8091
2014-11-07,2419.146
2014-11-10,2473.1831
2014-11-11,2470.595
2014-11-12,2494.2759
2014-11-13,2486.6699
2014-11-14,2479.1851
2014-11-17,2475.1201
2014-11-18,2457.5291
2014-11-19,2451.167
2014-11-20,2452.6169
2014-11-21,2487.1111
2014-11-24,2533.8879
2014-11-25,2567.5969
2014-11-26,2604.887
2014-11-27,2630.0459
2014-11-28,2682.9189
2014-12-01,2680.74
2014-12-02,2763.3169
2014-12-03,2779.7361
2014-12-04,2900.3621
2014-12-05,2938.781
2014-12-08,3021.5239
2014-12-09,2859.9189
2014-12-10,2940.877
2014-12-11,2925.7429
2014-12-12,2938.1731
2014-12-15,2953.4209
2014-12-16,3021.5181
2014-12-17,3061.02
2014-12-18,3057.521
2014-12-19,3108.5959
2014-12-22,3127.4451
2014-12-23,3032.6121
2014-12-24,2972.532
2014-12-26,3157.603
2014-12-29,3168.0161
2014-12-30,3165.8149
2014-12-31,3234.677
2015-01-05,3350.519
2015-01-06,3351.446
2015-01-07,3373.9541
2015-01-08,3293.4561
2015-01-09,3285.4121
2015-01-12,3229.3159
2015-01-13,3235.301
2015-01-14,3222.437
2015-01-15,3336.4551
2015-01-16,3376.4951
2015-01-19,3116.3511
2015-01-20,3173.052
2015-01-21,3323.6111
2015-01-22,3343.344
2015-01-23,3351.7639
2015-01-26,3383.1819
2015-01-27,3352.96
2015-01-28,3305.738
2015-01-29,3262.3049
2015-01-30,3210.363
2015-02-02,3128.3
2015-02-03,3204.907
2015-02-04,3174.126
2015-02-05,3136.531
2015-02-06,3075.907
2015-02-09,3095.124
2015-02-10,3141.593
2015-02-11,3157.7041
2015-02-12,3173.416
2015-02-13,3203.8269
2015-02-16,3222.363
2015-02-17,3246.906
2015-02-25,3228.843
2015-02-26,3298.3589
2015-02-27,3310.303
2015-03-02,3336.2849
2015-03-03,3263.052
2015-03-04,3279.533
2015-03-05,3248.4761
2015-03-06,3241.187
2015-03-09,3302.408
2015-03-10,3286.0681
2015-03-11,3290.8999
2015-03-12,3349.323
2015-03-13,3372.9109
2015-03-16,3449.3049
2015-03-17,3502.8469
2015-03-18,3577.301
2015-03-19,3582.271
2015-03-20,3617.3181
2015-03-23,3687.728
2015-03-24,3691.4099
2015-03-25,3660.7271
2015-03-26,3682.095
2015-03-27,3691.0959
2015-03-30,3786.5681
2015-03-31,3747.8989
2015-04-01,3810.2939
2015-04-02,3825.7839
2015-04-03,3863.929
2015-04-07,3961.3779
2015-04-08,3994.811
2015-04-09,3957.5339
2015-04-10,4034.3101
2015-04-13,4121.7148
2015-04-14,4135.5649
2015-04-15,4084.1631
2015-04-16,4194.8232
2015-04-17,4287.2959
2015-04-20,4217.0771
2015-04-21,4293.623
2015-04-22,4398.4941
2015-04-23,4414.5078
2015-04-24,4393.686
2015-04-27,4527.396
2015-04-28,4476.2148
2015-04-29,4476.6201
2015-04-30,4441.6548
2015-05-04,4480.4639
2015-05-05,4298.7061
2015-05-06,4229.2661
2015-05-07,4112.2139
2015-05-08,4205.917
2015-05-11,4333.584
2015-05-12,4401.2192
2015-05-13,4375.7598
2015-05-14,4378.311
2015-05-15,4308.6909
2015-05-18,4283.4912
2015-05-19,4417.5518
2015-05-20,4446.2881
2015-05-21,4529.4219
2015-05-22,4657.5962
2015-05-25,4813.7979
2015-05-26,4910.897
2015-05-27,4941.7139
2015-05-28,4620.2661
2015-05-29,4611.7441
2015-06-01,4828.7378
2015-06-02,4910.5269
2015-06-03,4909.978
2015-06-04,4947.1021
2015-06-05,5023.0962
2015-06-08,5131.8809
2015-06-09,5113.5342
2015-06-10,5106.0361
2015-06-11,5121.5928
2015-06-12,5166.3501
2015-06-15,5062.9932
2015-06-16,4887.4321
2015-06-17,4967.8979
2015-06-18,4785.356
2015-06-19,4478.3638
2015-06-23,4576.4922
2015-06-24,4690.1499
2015-06-25,4527.7788
2015-06-26,4192.873
2015-06-29,4053.03
2015-06-30,4277.2222
2015-07-01,4053.7
2015-07-02,3912.7671
2015-07-03,3686.915
2015-07-06,3775.9121
2015-07-07,3727.125
2015-07-08,3507.1919
2015-07-09,3709.3301
2015-07-10,3877.803
2015-07-13,3970.3879
2015-07-14,3924.4871
2015-07-15,3805.7029
2015-07-16,3823.176
2015-07-17,3957.3521
2015-07-20,3992.1101
2015-07-21,4017.675
2015-07-22,4026.0449
2015-07-23,4123.9229
2015-07-24,4070.908
2015-07-27,3725.5581
2015-07-28,3663.002
2015-07-29,3789.168
2015-07-30,3705.7661
2015-07-31,3663.7261
2015-08-03,3622.905
2015-08-04,3756.5449
2015-08-05,3694.573
2015-08-06,3661.5391
2015-08-07,3744.2051
2015-08-10,3928.415
2015-08-11,3927.908
2015-08-12,3886.3201
2015-08-13,3954.5559
2015-08-14,3965.335
2015-08-17,3993.668
2015-08-18,3748.1641
2015-08-19,3794.1089
2015-08-20,3664.291
2015-08-21,3507.7439
2015-08-24,3209.905
2015-08-25,2964.967
2015-08-26,2927.2881
2015-08-27,3083.5911
2015-08-28,3232.3501
2015-08-31,3205.9861
2015-09-01,3166.624
2015-09-02,3160.167
2015-09-07,3080.4199
2015-09-08,3170.4519
2015-09-09,3243.0891
2015-09-10,3197.8931
2015-09-11,3200.2339
2015-09-14,3114.7981
2015-09-15,3005.1721
2015-09-16,3152.2629
2015-09-17,3086.061
2015-09-18,3097.917
2015-09-21,3156.54
2015-09-22,3185.6189
2015-09-23,3115.8879
2015-09-24,3142.687
2015-09-25,3092.3469
2015-09-28,3100.7561
2015-09-29,3038.137
2015-09-30,3052.781
2015-10-08,3143.3569
2015-10-09,3183.1521
2015-10-12,3287.6621
2015-10-13,3293.23
2015-10-14,3262.4409
2015-10-15,3338.073
2015-10-16,3391.3521
2015-10-19,3386.7
2015-10-20,3425.3301
2015-10-21,3320.676
2015-10-22,3368.739
2015-10-23,3412.4341
2015-10-26,3429.5811
2015-10-27,3434.3359
2015-10-28,3375.196
2015-10-29,3387.3149
2015-10-30,3382.561
2015-11-02,3325.085
2015-11-03,3316.6951
2015-11-04,3459.6399
2015-11-05,3522.8191
2015-11-06,3590.032
2015-11-09,3646.8811
2015-11-10,3640.4851
2015-11-11,3650.249
2015-11-12,3632.9021
2015-11-13,3580.8391
2015-11-16,3606.957
2015-11-17,3604.7949
2015-11-18,3568.468
2015-11-19,3617.062
2015-11-20,3630.5
2015-11-23,3610.3149
2015-11-24,3616.113
2015-11-25,3647.9299
2015-11-26,3635.552
2015-11-27,3436.303
2015-11-30,3445.405
2015-12-01,3456.3091
2015-12-02,3536.905
2015-12-03,3584.824
2015-12-04,3524.9919
2015-12-07,3536.927
2015-12-08,3470.0701
2015-12-09,3472.439
2015-12-10,3455.4951
2015-12-11,3434.5811
2015-12-14,3520.668
2015-12-15,3510.354
2015-12-16,3516.187
2015-12-17,3579.999
2015-12-18,3578.9641
2015-12-21,3642.4719
2015-12-22,3651.7671
2015-12-23,3636.0891
2015-12-24,3612.4851
2015-12-25,3628.001
2015-12-28,3533.7791
2015-12-29,3563.7361
2015-12-30,3572.876
2015-12-31,3539.1819
2016-01-04,3296.2581
2016-01-05,3287.7109
2016-01-06,3361.8401
2016-01-07,3125.002
2016-01-08,3186.4121
2016-01-11,3016.7041
2016-01-12,3022.8611
2016-01-13,2949.5969
2016-01-14,3007.6489
2016-01-15,2900.97
2016-01-18,2913.8369
2016-01-19,3007.739
2016-01-20,2976.6941
2016-01-21,2880.4819
2016-01-22,2916.562
2016-01-25,2938.5149
2016-01-26,2749.7849
2016-01-27,2735.5581
2016-01-28,2655.6609
2016-01-29,2737.6001
2016-02-01,2688.854
2016-02-02,2749.5701
2016-02-03,2739.2471
2016-02-04,2781.0229
2016-02-05,2763.4919
2016-02-15,2746.196
2016-02-16,2836.571
2016-02-17,2867.3379
2016-02-18,2862.8931
2016-02-19,2860.021
2016-02-22,2927.175
2016-02-23,2903.3311
2016-02-24,2928.896
2016-02-25,2741.2451
2016-02-26,2767.21
2016-02-29,2687.979
2016-03-01,2733.1699
2016-03-02,2849.6809
2016-03-03,2859.7581
2016-03-04,2874.147
2016-03-07,2897.3401
2016-03-08,2901.387
2016-03-09,2862.5559
2016-03-10,2804.7261
2016-03-11,2810.3069
2016-03-14,2859.499
2016-03-15,2864.3679
2016-03-16,2870.4299
2016-03-17,2904.832
2016-03-18,2955.1499
2016-03-21,3018.802
2016-03-22,2999.363
2016-03-23,3009.96
2016-03-24,2960.97
2016-03-25,2979.126
2016-03-28,2957.8201
2016-03-29,2919.832
2016-03-30,3000.645
2016-03-31,3003.915
2016-04-01,3009.53
2016-04-05,3053.0649
2016-04-06,3050.592
2016-04-07,3008.4199
2016-04-08,2984.958
2016-04-11,3033.957
2016-04-12,3023.646
2016-04-13,3066.6379
2016-04-14,3082.3621
2016-04-15,3078.1169
2016-04-18,3033.6599
2016-04-19,3042.823
2016-04-20,2972.584
2016-04-21,2952.8911
2016-04-22,2959.24
2016-04-25,2946.6699
2016-04-26,2964.7
2016-04-27,2953.6709
2016-04-28,2945.5891
2016-04-29,2938.324
2016-05-03,2992.6431
2016-05-04,2991.272
2016-05-05,2997.842
2016-05-06,2913.248
2016-05-09,2832.113
2016-05-10,2832.5911
2016-05-11,2837.0371
2016-05-12,2835.8621
2016-05-13,2827.1089
2016-05-16,2850.8621
2016-05-17,2843.6841
2016-05-18,2807.5139
2016-05-19,2806.906
2016-05-20,2825.4829
2016-05-23,2843.645
2016-05-24,2821.666
2016-05-25,2815.0859
2016-05-26,2822.4431
2016-05-27,2821.0459
2016-05-30,2822.4509
2016-05-31,2916.616
2016-06-01,2913.5081
2016-06-02,2925.229
2016-06-03,2938.6819
2016-06-06,2934.0979
2016-06-07,2936.0449
2016-06-08,2927.1589
2016-06-13,2833.071
2016-06-14,2842.189
2016-06-15,2887.21
2016-06-16,2872.8169
2016-06-17,2885.105
2016-06-20,2888.8091
2016-06-21,2878.5581
2016-06-22,2905.55
2016-06-23,2891.96
2016-06-24,2854.2859
2016-06-27,2895.7029
2016-06-28,2912.5569
2016-06-29,2931.592
2016-06-30,2929.606
2016-07-01,2932.4761
2016-07-04,2988.604
2016-07-05,3006.3921
2016-07-06,3017.292
2016-07-07,3016.8469
2016-07-08,2988.094
2016-07-11,2994.917
2016-07-12,3049.3811
2016-07-13,3060.689
2016-07-14,3054.0181
2016-07-15,3054.2959
2016-07-18,3043.564
2016-07-19,3036.5979
2016-07-20,3027.8999
2016-07-21,3039.009
2016-07-22,3012.8159
2016-07-25,3015.8279
2016-07-26,3050.166
2016-07-27,2991.999
2016-07-28,2994.323
2016-07-29,2979.3391
2016-08-01,2953.385
2016-08-02,2971.2791
2016-08-03,2978.4609
2016-08-04,2982.426
2016-08-05,2976.696
2016-08-08,3004.2771
2016-08-09,3025.6809
2016-08-10,3018.7461
2016-08-11,3002.6379
2016-08-12,3050.667
2016-08-15,3125.1951
2016-08-16,3110.0371
2016-08-17,3109.5549
2016-08-18,3104.114
2016-08-19,3108.1021
2016-08-22,3084.8049
2016-08-23,3089.7061
2016-08-24,3085.8799
2016-08-25,3068.3291
2016-08-26,3070.3091
2016-08-29,3070.0271
2016-08-30,3074.677
2016-08-31,3085.491
2016-09-01,3063.3049
2016-09-02,3067.3521
2016-09-05,3072.095
2016-09-06,3090.7129
2016-09-07,3091.928
2016-09-08,3095.9541
2016-09-09,3078.855
2016-09-12,3021.9771
2016-09-13,3023.51
2016-09-14,3002.8491
2016-09-19,3026.051
2016-09-20,3023.0
2016-09-21,3025.874
2016-09-22,3042.313
2016-09-23,3033.896
2016-09-26,2980.4299
2016-09-27,2998.1721
2016-09-28,2987.8579
2016-09-29,2998.4829
2016-09-30,3004.7029
2016-10-10,3048.1431
2016-10-11,3065.25
2016-10-12,3058.498
2016-10-13,3061.3459
2016-10-14,3063.8091
2016-10-17,3041.166
2016-10-18,3083.875
2016-10-19,3084.719
2016-10-20,3084.458
2016-10-21,3090.9409
2016-10-24,3128.2471
2016-10-25,3131.939
2016-10-26,3116.312
2016-10-27,3112.3501
2016-10-28,3104.27
2016-10-31,3100.4919
2016-11-01,3122.436
2016-11-02,3102.7329
2016-11-03,3128.936
2016-11-04,3125.3169
2016-11-07,3133.333
2016-11-08,3147.8879
2016-11-09,3128.3701
2016-11-10,3171.282
2016-11-11,3196.0439
2016-11-14,3210.3711
2016-11-15,3206.9861
2016-11-16,3205.0569
2016-11-17,3208.4529
2016-11-18,3192.856
2016-11-21,3218.1479
2016-11-22,3248.3521
2016-11-23,3241.137
2016-11-24,3241.7361
2016-11-25,3261.938
2016-11-28,3277.0
2016-11-29,3282.9241
2016-11-30,3250.0339
2016-12-01,3273.3091
2016-12-02,3243.843
2016-12-05,3204.709
2016-12-06,3199.647
2016-12-07,3222.2419
2016-12-08,3215.366
2016-12-09,3232.8831
2016-12-12,3152.97
2016-12-13,3155.0371
2016-12-14,3140.531
2016-12-15,3117.677
2016-12-16,3122.9819
2016-12-19,3118.085
2016-12-20,3102.876
2016-12-21,3137.4299
2016-12-22,3139.5581
2016-12-23,3110.1541
2016-12-26,3122.5691
2016-12-27,3114.6641
2016-12-28,3102.2361
2016-12-29,3096.0969
2016-12-30,3103.637
2017-01-03,3135.9209
2017-01-04,3158.7939
2017-01-05,3165.4109
2017-01-06,3154.321
2017-01-09,3171.2361
2017-01-10,3161.6709
2017-01-11,3136.7539
2017-01-12,3119.2891
2017-01-13,3112.7639
2017-01-16,3103.428
2017-01-17,3108.7749
2017-01-18,3113.012
2017-01-19,3101.2991
2017-01-20,3123.1389
2017-01-23,3136.7749
2017-01-24,3142.553
2017-01-25,3149.5549
2017-01-26,3159.166
2017-02-03,3140.1699
2017-02-06,3156.9839
2017-02-07,3153.0879
2017-02-08,3166.9819
2017-02-09,3183.179
2017-02-10,3196.699
2017-02-13,3216.8391
2017-02-14,3217.928
2017-02-15,3212.9861
2017-02-16,3229.6179
2017-02-17,3202.0759
2017-02-20,3239.9609
2017-02-21,3253.3259
2017-02-22,3261.218
2017-02-23,3251.375
2017-02-24,3253.4331
2017-02-27,3228.6599
2017-02-28,3241.7329
2017-03-01,3246.9341
2017-03-02,3230.0281
2017-03-03,3218.312
2017-03-06,3233.866
2017-03-07,3242.406
2017-03-08,3240.665
2017-03-09,3216.7461
2017-03-10,3212.76
2017-03-13,3237.0239
2017-03-14,3239.3279
2017-03-15,3241.76
2017-03-16,3268.9351
2017-03-17,3237.447
2017-03-20,3250.8081
2017-03-21,3261.6111
2017-03-22,3245.22
2017-03-23,3248.55
2017-03-24,3269.4451
2017-03-27,3266.9551
2017-03-28,3252.948
2017-03-29,3241.314
2017-03-30,3210.2371
2017-03-31,3222.5139
2017-04-05,3270.3049
2017-04-06,3281.0049
2017-04-07,3286.616
2017-04-10,3269.3931
2017-04-11,3288.9661
2017-04-12,3273.8301
2017-04-13,3275.96
2017-04-14,3244.4829
2017-04-17,3222.167
2017-04-18,3196.7129
2017-04-19,3170.687
2017-04-20,3172.1001
2017-04-21,3173.1509
2017-04-24,3129.531
2017-04-25,3134.5669
2017-04-26,3140.8469
2017-04-27,3152.187
2017-04-28,3154.658
2017-05-02,3143.7119
2017-05-03,3135.3459
2017-05-04,3127.3689
2017-05-05,3103.0381
2017-05-08,3078.613
2017-05-09,3080.5271
2017-05-10,3052.7849
2017-05-11,3061.5
2017-05-12,3083.5129
2017-05-15,3090.229
2017-05-16,3112.9641
2017-05-17,3104.4419
2017-05-18,3090.1389
2017-05-19,3090.6311
2017-05-22,3075.676
2017-05-23,3061.947
2017-05-24,3064.0759
2017-05-25,3107.8311
2017-05-26,3110.0591
2017-05-31,3117.178
2017-06-01,3102.623
2017-06-02,3105.54
2017-06-05,3091.656
2017-06-06,3102.126
2017-06-07,3140.325
2017-06-08,3150.334
2017-06-09,3158.3999
2017-06-12,3139.877
2017-06-13,3153.7429
2017-06-14,3130.6741
2017-06-15,3132.4861
2017-06-16,3123.166
2017-06-19,3144.374
2017-06-20,3140.0139
2017-06-21,3156.2119
2017-06-22,3147.4529
2017-06-23,3157.873
2017-06-26,3185.4441
2017-06-27,3191.197
2017-06-28,3173.2009
2017-06-29,3188.063
2017-06-30,3192.427
2017-07-03,3195.9121
2017-07-04,3182.804
2017-07-05,3207.134
2017-07-06,3212.4441
2017-07-07,3217.957
2017-07-10,3212.6321
2017-07-11,3203.0381
2017-07-12,3197.5439
2017-07-13,3218.1631
2017-07-14,3222.417
2017-07-17,3176.4651
2017-07-18,3187.5669
2017-07-19,3230.9761
2017-07-20,3244.865
2017-07-21,3237.9819
2017-07-24,3250.5991
2017-07-25,3243.689
2017-07-26,3247.675
2017-07-27,3249.781
2017-07-28,3253.24
2017-07-31,3273.0281
2017-08-01,3292.6379
2017-08-02,3285.0569
2017-08-03,3272.929
2017-08-04,3262.0811
2017-08-07,3279.457
2017-08-08,3281.873
2017-08-09,3275.573
2017-08-10,3261.749
2017-08-11,3208.541
2017-08-14,3237.3601
2017-08-15,3251.262
2017-08-16,3246.4509
2017-08-17,3268.4299
2017-08-18,3268.7241
2017-08-21,3286.906
2017-08-22,3290.2261
2017-08-23,3287.7051
2017-08-24,3271.512
2017-08-25,3331.522
2017-08-28,3362.6509
2017-08-29,3365.2261
2017-08-30,3363.627
2017-08-31,3360.8101
2017-09-01,3367.1189
2017-09-04,3379.8359
2017-09-05,3384.3169
2017-09-06,3385.3889
2017-09-07,3365.4971
2017-09-08,3365.2429
2017-09-11,3376.4189
2017-09-12,3379.488
2017-09-13,3384.147
2017-09-14,3371.426
2017-09-15,3353.6189
2017-09-18,3362.8589
2017-09-19,3356.845
2017-09-20,3365.9961
2017-09-21,3357.812
2017-09-22,3352.5291
2017-09-25,3341.5491
2017-09-26,3343.583
2017-09-27,3345.272
2017-09-28,3339.6421
2017-09-29,3348.9431
2017-10-09,3374.3779
2017-10-10,3382.988
2017-10-11,3388.2839
2017-10-12,3386.1001
2017-10-13,3390.5229
2017-10-16,3378.47
2017-10-17,3372.041
2017-10-18,3381.7939
2017-10-19,3370.1721
2017-10-20,3378.6479
2017-10-23,3380.699
2017-10-24,3388.248
2017-10-25,3396.8979
2017-10-26,3407.5669
2017-10-27,3416.812
2017-10-30,3390.3369
2017-10-31,3393.342
2017-11-01,3395.9131
2017-11-02,3383.3101
2017-11-03,3371.7439
2017-11-06,3388.1741
2017-11-07,3413.575
2017-11-08,3415.46
2017-11-09,3427.7949
2017-11-10,3432.6731
2017-11-13,3447.8359
2017-11-14,3429.5481
2017-11-15,3402.5249
2017-11-16,3399.25
2017-11-17,3382.908
2017-11-20,3392.3989
2017-11-21,3410.498
2017-11-22,3430.4641
2017-11-23,3352.989
2017-11-24,3353.821
2017-11-27,3322.23
2017-11-28,3333.657
2017-11-29,3337.8621
2017-11-30,3317.188
2017-12-01,3317.6169
2017-12-04,3309.6179
2017-12-05,3303.675
2017-12-06,3293.9651
2017-12-07,3272.054
2017-12-08,3289.9919
2017-12-11,3322.196
2017-12-12,3280.814
2017-12-13,3303.0371
2017-12-14,3292.439
2017-12-15,3266.137
2017-12-18,3267.9221
2017-12-19,3296.5381
2017-12-20,3287.606
2017-12-21,3300.0591
2017-12-22,3297.063
2017-12-25,3280.8391
2017-12-26,3306.125
2017-12-27,3275.783
2017-12-28,3296.385
2017-12-29,3307.1721
2018-01-02,3348.3259
2018-01-03,3369.1079
2018-01-04,3385.71
2018-01-05,3391.75
2018-01-08,3409.48
2018-01-09,3413.8999
2018-01-10,3421.834
2018-01-11,3425.345
2018-01-12,3428.9409
2018-01-15,3410.488
2018-01-16,3436.594
2018-01-17,3444.6709
2018-01-18,3474.7539
2018-01-19,3487.864
2018-01-22,3501.3621
2018-01-23,3546.5049
2018-01-24,3559.4651
2018-01-25,3548.3069
2018-01-26,3558.1289
2018-01-29,3523.001
2018-01-30,3488.009
2018-01-31,3480.833
2018-02-01,3446.98
2018-02-02,3462.0811
2018-02-05,3487.4971
2018-02-06,3370.6521
2018-02-07,3309.26
2018-02-08,3262.05
2018-02-09,3129.8511
2018-02-12,3154.125
2018-02-13,3184.959
2018-02-14,3199.1589
2018-02-22,3268.5591
2018-02-23,3289.0239
2018-02-26,3329.574
2018-02-27,3292.0681
2018-02-28,3259.408
2018-03-01,3273.7549
2018-03-02,3254.5281
2018-03-05,3256.926
2018-03-06,3289.6421
2018-03-07,3271.668
2018-03-08,3288.406
2018-03-09,3307.166
2018-03-12,3326.699
2018-03-13,3310.239
2018-03-14,3291.3821
2018-03-15,3291.1121
2018-03-16,3269.8821
2018-03-19,3279.252
2018-03-20,3290.6399
2018-03-21,3280.9519
2018-03-22,3263.48
2018-03-23,3152.761
2018-03-26,3133.7219
2018-03-27,3166.6489
2018-03-28,3122.29
2018-03-29,3160.531
2018-03-30,3168.897
2018-04-02,3163.179
2018-04-03,3136.6331
2018-04-04,3131.1111
2018-04-09,3138.2939
2018-04-10,3190.322
2018-04-11,3208.082
2018-04-12,3180.158
2018-04-13,3159.052
2018-04-16,3110.6489
2018-04-17,3066.7971
2018-04-18,3091.3989
2018-04-19,3117.376
2018-04-20,3071.543
2018-04-23,3068.012
2018-04-24,3128.927
2018-04-25,3117.9741
2018-04-26,3075.03
2018-04-27,3082.2319
2018-05-02,3081.177
2018-05-03,3100.8589
2018-05-04,3091.033
2018-05-07,3136.645
2018-05-08,3161.498
2018-05-09,3159.1499
2018-05-10,3174.4131
2018-05-11,3163.2629
2018-05-14,3174.032
2018-05-15,3192.1179
2018-05-16,3169.5649
2018-05-17,3154.283
2018-05-18,3193.303
2018-05-21,3213.8401
2018-05-22,3214.3501
2018-05-23,3168.9641
2018-05-24,3154.6509
2018-05-25,3141.303
2018-05-28,3135.082
2018-05-29,3120.4609
2018-05-30,3041.4431
2018-05-31,3095.4741
2018-06-01,3075.137
2018-06-04,3091.1909
2018-06-05,3114.2061
2018-06-06,3115.1799
2018-06-07,3109.499
2018-06-08,3067.1479
2018-06-11,3052.783
2018-06-12,3079.802
2018-06-13,3049.7971
2018-06-14,3044.1599
2018-06-15,3021.9009
2018-06-19,2907.822
2018-06-20,2915.731
2018-06-21,2875.8101
2018-06-22,2889.76
2018-06-25,2859.3359
2018-06-26,2844.5081
2018-06-27,2813.178
2018-06-28,2786.897
2018-06-29,2847.418
2018-07-02,2775.5569
2018-07-03,2786.8879
2018-07-04,2759.126
2018-07-05,2733.8821
2018-07-06,2747.229
2018-07-09,2815.1101
2018-07-10,2827.625
2018-07-11,2777.771
2018-07-12,2837.6589
2018-07-13,2831.1841
2018-07-16,2814.042
2018-07-17,2798.126
2018-07-18,2787.2571
2018-07-19,2772.5449
2018-07-20,2829.271
2018-07-23,2859.542
2018-07-24,2905.562
2018-07-25,2903.647
2018-07-26,2882.2251
2018-07-27,2873.594
2018-07-30,2869.05
2018-07-31,2876.4009
2018-08-01,2824.5339
2018-08-02,2768.0239
2018-08-03,2740.4431
2018-08-06,2705.157
2018-08-07,2779.374
2018-08-08,2744.0701
2018-08-09,2794.3821
2018-08-10,2795.3101
2018-08-13,2785.8721
2018-08-14,2780.9651
2018-08-15,2723.2581
2018-08-16,2705.1919
2018-08-17,2668.9661
2018-08-20,2698.4661
2018-08-21,2733.8259
2018-08-22,2714.6079
2018-08-23,2724.624
2018-08-24,2729.4309
2018-08-27,2780.8989
2018-08-28,2777.981
2018-08-29,2769.2949
2018-08-30,2737.7371
2018-08-31,2725.25
2018-09-03,2720.7339
2018-09-04,2750.5801
2018-09-05,2704.3369
2018-09-06,2691.593
2018-09-07,2702.301
2018-09-10,2669.4851
2018-09-11,2664.8
2018-09-12,2656.1101
2018-09-13,2686.5779
2018-09-14,2681.6431
2018-09-17,2651.7891
2018-09-18,2699.95
2018-09-19,2730.8501
2018-09-20,2729.2439
2018-09-21,2797.4851
2018-09-25,2781.1389
2018-09-26,2806.813
2018-09-27,2791.7749
2018-09-28,2821.3501
2018-10-08,2716.51
2018-10-09,2721.0129
2018-10-10,2725.8369
2018-10-11,2583.458
2018-10-12,2606.9131
2018-10-15,2568.0979
2018-10-16,2546.3301
2018-10-17,2561.614
2018-10-18,2486.4189
2018-10-19,2550.4651
2018-10-22,2654.876
2018-10-23,2594.8259
2018-10-24,2603.2949
2018-10-25,2603.8
2018-10-26,2598.8469
2018-10-29,2542.103
2018-10-30,2568.0481
2018-10-31,2602.783
2018-11-01,2606.2371
2018-11-02,2676.4761
2018-11-05,2665.4309
2018-11-06,2659.356
2018-11-07,2641.342
2018-11-08,2635.6321
2018-11-09,2598.8721
2018-11-12,2630.52
2018-11-13,2654.8799
2018-11-14,2632.2429
2018-11-15,2668.1699
2018-11-16,2679.1101
2018-11-19,2703.512
2018-11-20,2645.855
2018-11-21,2651.5049
2018-11-22,2645.4341
2018-11-23,2579.4829
2018-11-26,2575.8101
2018-11-27,2574.679
2018-11-28,2601.7371
2018-11-29,2567.4431
2018-11-30,2588.188
2018-12-03,2654.7981
2018-12-04,2665.958
2018-12-05,2649.8049
2018-12-06,2605.1809
2018-12-07,2605.8879
2018-12-10,2584.582
2018-12-11,2594.0879
2018-12-12,2602.1531
2018-12-13,2634.0491
2018-12-14,2593.741
2018-12-17,2597.9741
2018-12-18,2576.6499
2018-12-19,2549.563
2018-12-20,2536.2681
2018-12-21,2516.251
2018-12-24,2527.0071
2018-12-25,2504.8191
2018-12-26,2498.2939
2018-12-27,2483.0859
2018-12-28,2493.896
2019-01-02,2465.291
2019-01-03,2464.363
2019-01-04,2514.8679
2019-01-07,2533.0891
2019-01-08,2526.4619
2019-01-09,2544.345
2019-01-10,2535.0991
2019-01-11,2553.8311
2019-01-14,2535.7649
2019-01-15,2570.345
2019-01-16,2570.4221
2019-01-17,2559.637
2019-01-18,2596.0061
2019-01-21,2610.509
2019-01-22,2579.7041
2019-01-23,2581.0039
2019-01-24,2591.6941
2019-01-25,2601.7229
2019-01-28,2596.9771
2019-01-29,2594.2539
2019-01-30,2575.5759
2019-01-31,2584.572
2019-02-01,2618.2319
2019-02-11,2653.896
2019-02-12,2671.894
2019-02-13,2721.0681
2019-02-14,2719.7
2019-02-15,2682.385
2019-02-18,2754.3569
2019-02-19,2755.646
2019-02-20,2761.219
2019-02-21,2751.801
2019-02-22,2804.2261
2019-02-25,2961.283
2019-02-26,2941.5161
2019-02-27,2953.824
2019-02-28,2940.9541
2019-03-01,2994.0049
2019-03-04,3027.5759
2019-03-05,3054.2471
2019-03-06,3102.0991
2019-03-07,3106.418
2019-03-08,2969.8611
2019-03-11,3026.9929
2019-03-12,3060.3069
2019-03-13,3026.9509
2019-03-14,2990.6851
2019-03-15,3021.751
2019-03-18,3096.418
2019-03-19,3090.9751
2019-03-20,3090.6399
2019-03-21,3101.4551
2019-03-22,3104.1489
2019-03-25,3043.031
2019-03-26,2997.095
2019-03-27,3022.72
2019-03-28,2994.9431
2019-03-29,3090.7581
2019-04-01,3170.3611
2019-04-02,3176.823
2019-04-03,3216.2949
2019-04-04,3246.571
2019-04-08,3244.8101
2019-04-09,3239.6641
2019-04-10,3241.9299
2019-04-11,3189.9619
2019-04-12,3188.626
2019-04-15,3177.7871
2019-04-16,3253.5979
2019-04-17,3263.1179
2019-04-18,3250.2009
2019-04-19,3270.7971
2019-04-22,3215.043
2019-04-23,3198.594
2019-04-24,3201.614
2019-04-25,3123.8259
2019-04-26,3086.3989
2019-05-06,2906.4641
2019-05-07,2926.3911
2019-05-08,2893.7571
2019-05-09,2850.9541
2019-05-10,2939.2109
2019-05-13,2903.7129
2019-05-14,2883.6111
2019-05-15,2938.678
2019-05-16,2955.7109
2019-05-17,2882.2959
2019-05-20,2870.605
2019-05-21,2905.969
2019-05-22,2891.7051
2019-05-23,2852.5149
2019-05-24,2852.9951
2019-05-27,2892.3779
2019-05-28,2909.9109
2019-05-29,2914.696
2019-05-30,2905.8049
2019-05-31,2898.696
2019-06-03,2890.0811
2019-06-04,2862.28
2019-06-05,2861.418
2019-06-06,2827.7981
2019-06-10,2852.1299
2019-06-11,2925.7161
2019-06-12,2909.3799
2019-06-13,2910.741
2019-06-14,2881.9741
2019-06-17,2887.6221
2019-06-18,2890.158
2019-06-19,2917.803
2019-06-20,2987.1189
2019-06-21,3001.98
2019-06-24,3008.1479
2019-06-25,2982.074
2019-06-26,2976.2839
2019-06-27,2996.793
2019-06-28,2978.8779
2019-07-01,3044.9031
2019-07-02,3043.9431
2019-07-03,3015.2629
2019-07-04,3005.249
2019-07-05,3011.0591
2019-07-08,2933.363
2019-07-09,2928.23
2019-07-10,2915.302
2019-07-11,2917.761
2019-07-12,2930.55
2019-07-15,2942.1899
2019-07-16,2937.6201
2019-07-17,2931.6899
2019-07-18,2901.1799
2019-07-19,2924.2
2019-07-22,2886.9741
2019-07-23,2899.9399
2019-07-24,2923.28
2019-07-25,2937.3601
2019-07-26,2944.54
2019-07-29,2941.01
2019-07-30,2952.3401
2019-07-31,2932.51
2019-08-01,2908.77
2019-08-02,2867.8401
2019-08-05,2821.5
2019-08-06,2777.5559
2019-08-07,2768.6799
2019-08-08,2794.552
2019-08-09,2774.75
2019-08-12,2814.99
2019-08-13,2797.26
2019-08-14,2808.9099
2019-08-15,2815.8
2019-08-16,2823.8201
2019-08-19,2883.1001
2019-08-20,2880.0
2019-08-21,2880.3301
2019-08-22,2883.4399
2019-08-23,2897.4299
2019-08-26,2863.5701
2019-08-27,2902.1899
2019-08-28,2893.76
2019-08-29,2890.9199
2019-08-30,2886.24
2019-09-02,2924.106
2019-09-03,2930.1499
2019-09-04,2957.4099
2019-09-05,2985.8601
2019-09-06,2999.6001
2019-09-09,3024.74
2019-09-10,3021.2
2019-09-11,3008.8101
2019-09-12,3031.24
2019-09-16,3030.75
2019-09-17,2978.1201
2019-09-18,2985.6599
2019-09-19,2999.28
2019-09-20,3006.45
2019-09-23,2977.0801
2019-09-24,2985.3401
2019-09-25,2955.4299
2019-09-26,2929.0901
2019-09-27,2932.1699
2019-09-30,2905.1899
2019-10-08,2913.5701
2019-10-09,2924.8601
2019-10-10,2947.71
2019-10-11,2973.6599
2019-10-14,3007.8799
2019-10-15,2991.05
2019-10-16,2978.71
2019-10-17,2977.3301
2019-10-18,2938.1399
2019-10-21,2939.6201
2019-10-22,2954.3799
2019-10-23,2941.6201
2019-10-24,2940.9199
2019-10-25,2954.9299
2019-10-28,2980.05
2019-10-29,2954.1799
2019-10-30,2939.3201
2019-10-31,2929.0601
2019-11-01,2958.2
2019-11-04,2975.49
2019-11-05,2991.5601
2019-11-06,2978.6001
2019-11-07,2978.71
2019-11-08,2964.1799
2019-11-11,2909.97
2019-11-12,2914.8201
2019-11-13,2905.24
2019-11-14,2909.8701
2019-11-15,2891.3401
2019-11-18,2909.2
2019-11-19,2933.99
2019-11-20,2911.05
2019-11-21,2903.6399
2019-11-22,2885.29
2019-11-25,2906.1699
2019-11-26,2907.0601
2019-11-27,2903.1899
2019-11-28,2889.6931
2019-11-29,2871.98
2019-12-02,2875.8101
2019-12-03,2884.7
2019-12-04,2878.116
2019-12-05,2899.469
2019-12-06,2912.0139
2019-12-09,2914.478
2019-12-10,2917.3159
2019-12-11,2924.417
2019-12-12,2915.698
2019-12-13,2967.676
2019-12-16,2984.3931
2019-12-17,3022.4221
2019-12-18,3017.0439
2019-12-19,3017.0659
2019-12-20,3004.938
2019-12-23,2962.751
2019-12-24,2982.6809
2019-12-25,2981.8811
2019-12-26,3007.355
2019-12-27,3005.0359
2019-12-30,3040.0239
2019-12-31,3050.124
2020-01-02,3085.198
2020-01-03,3083.7859
2020-01-06,3083.408
2020-01-07,3104.802
2020-01-08,3066.8931
2020-01-09,3094.8821
2020-01-10,3092.291
2020-01-13,3115.5701
2020-01-14,3106.8201
2020-01-15,3090.04
2020-01-16,3074.0811
2020-01-17,3075.4961
2020-01-20,3095.7871
2020-01-21,3052.1399
2020-01-22,3060.7549
2020-01-23,2976.5281
2020-02-03,2746.606
2020-02-04,2783.2881
2020-02-05,2818.0879
2020-02-06,2866.51
2020-02-07,2875.96
2020-02-10,2890.488
2020-02-11,2901.6699
2020-02-12,2926.8989
2020-02-13,2906.074
2020-02-14,2917.0081
2020-02-17,2983.6221
2020-02-18,2984.9719
2020-02-19,2975.4021
2020-02-20,3030.1541
2020-02-21,3039.6689
2020-02-24,3031.2329
2020-02-25,3013.05
2020-02-26,2987.929
2020-02-27,2991.3301
2020-02-28,2880.304
2020-03-02,2970.9309
2020-03-03,2992.897
2020-03-04,3011.666
2020-03-05,3071.677
2020-03-06,3034.511
2020-03-09,2943.291
2020-03-10,2996.762
2020-03-11,2968.5171
2020-03-12,2923.4861
2020-03-13,2887.427
2020-03-16,2789.2539
2020-03-17,2779.6411
2020-03-18,2728.7561
2020-03-19,2702.1299
2020-03-20,2745.6179
2020-03-23,2660.1699
2020-03-24,2722.438
2020-03-25,2781.5911
2020-03-26,2764.9109
2020-03-27,2772.2029
2020-03-30,2747.2141
2020-03-31,2750.2959
2020-04-01,2734.522
2020-04-02,2780.6379
2020-04-03,2763.9871
2020-04-07,2820.7629
2020-04-08,2815.3689
2020-04-09,2825.9041
2020-04-10,2796.6311
2020-04-13,2783.0481
2020-04-14,2827.283
2020-04-15,2811.1741
2020-04-16,2819.9351
2020-04-17,2838.4951
2020-04-20,2852.553
2020-04-21,2827.0129
2020-04-22,2843.98
2020-04-23,2838.499
2020-04-24,2808.5291
2020-04-27,2815.4951
2020-04-28,2810.0239
2020-04-29,2822.4419
2020-04-30,2860.082
2020-05-06,2878.1399
2020-05-07,2871.5229
2020-05-08,2895.3401
2020-05-11,2894.8
2020-05-12,2891.5559
2020-05-13,2898.05
2020-05-14,2870.342
2020-05-15,2868.459
2020-05-18,2875.418
2020-05-19,2898.5759
2020-05-20,2883.738
2020-05-21,2867.9241
2020-05-22,2813.7649
2020-05-25,2817.97
2020-05-26,2846.5471
2020-05-27,2836.804
2020-05-28,2846.2219
2020-05-29,2852.3511
2020-06-01,2915.4309
2020-06-02,2921.3979
2020-06-03,2923.3711
2020-06-04,2919.251
2020-06-05,2930.7991
2020-06-08,2937.771
2020-06-09,2956.1121
2020-06-10,2943.7529
2020-06-11,2920.897
2020-06-12,2919.741
2020-06-15,2890.03
2020-06-16,2931.75
2020-06-17,2935.8701
2020-06-18,2939.3201
2020-06-19,2967.6299
2020-06-22,2965.272
2020-06-23,2970.6201
2020-06-24,2979.551
2020-06-29,2961.5161
2020-06-30,2984.6741
2020-07-01,3025.981
2020-07-02,3090.5691
2020-07-03,3152.813
2020-07-06,3332.8811
2020-07-07,3345.3369
2020-07-08,3403.4399
2020-07-09,3450.594
2020-07-10,3383.322
2020-07-13,3443.2859
2020-07-14,3414.6189
2020-07-15,3361.304
2020-07-16,3210.0991
2020-07-17,3214.1289
2020-07-20,3314.1489
2020-07-21,3320.895
2020-07-22,3333.1641
2020-07-23,3325.1101
2020-07-24,3196.7681
2020-07-27,3205.2271
2020-07-28,3227.96
2020-07-29,3294.552
2020-07-30,3286.822
2020-07-31,3310.0071
2020-08-03,3367.9661
2020-08-04,3371.6899
2020-08-05,3377.5601
2020-08-06,3386.46
2020-08-07,3354.0349
2020-08-10,3379.252
2020-08-11,3340.29
2020-08-12,3319.2661
2020-08-13,3320.7261
2020-08-14,3360.0991
2020-08-17,3438.801
2020-08-18,3451.0891
2020-08-19,3408.1289
2020-08-20,3363.8989
2020-08-21,3380.6831
2020-08-24,3385.6379
2020-08-25,3373.5779
2020-08-26,3329.739
2020-08-27,3350.1101
2020-08-28,3403.8069
2020-08-31,3395.678
2020-09-01,3410.6069
2020-09-02,3404.802
2020-09-03,3384.981
2020-09-04,3355.3669
2020-09-07,3292.5911
2020-09-08,3316.417
2020-09-09,3254.6279
2020-09-10,3234.823
2020-09-11,3260.3459
2020-09-14,3278.814
2020-09-15,3295.6799
2020-09-16,3283.9241
2020-09-17,3270.4351
2020-09-18,3338.0901
2020-09-21,3316.9351
2020-09-22,3274.302
2020-09-23,3279.7109
2020-09-24,3223.176
2020-09-25,3219.418
2020-09-28,3217.5349
2020-09-29,3224.3589
2020-09-30,3218.052
2020-10-09,3272.0759
2020-10-12,3358.4651
2020-10-13,3359.75
2020-10-14,3340.7781
2020-10-15,3332.1831
2020-10-16,3336.3579
2020-10-19,3312.6699
2020-10-20,3328.1001
2020-10-21,3325.02
2020-10-22,3312.5
2020-10-23,3277.9971
2020-10-26,3251.1189
2020-10-27,3254.3159
2020-10-28,3269.24
2020-10-29,3272.73
2020-10-30,3224.533
2020-11-02,3225.1201
2020-11-03,3271.074
2020-11-04,3277.4399
2020-11-05,3320.1331
2020-11-06,3312.1589
2020-11-09,3373.73
2020-11-10,3360.1489
2020-11-11,3342.2029
2020-11-12,3338.6799
2020-11-13,3310.105
2020-11-16,3346.969
2020-11-17,3339.8999
2020-11-18,3347.303
2020-11-19,3363.0879
2020-11-20,3377.73
2020-11-23,3414.49
2020-11-24,3402.823
2020-11-25,3362.3269
2020-11-26,3369.7329
2020-11-27,3408.3069
2020-11-30,3391.76
2020-12-01,3451.9399
2020-12-02,3449.3811
2020-12-03,3442.136
2020-12-04,3444.5811
2020-12-07,3416.604
2020-12-08,3410.1799
2020-12-09,3371.9641
2020-12-10,3373.2759
2020-12-11,3347.1909
2020-12-14,3369.1201
2020-12-15,3367.23
2020-12-16,3366.9829
2020-12-17,3404.873
2020-12-18,3394.8999
2020-12-21,3420.5691
2020-12-22,3356.782
2020-12-23,3382.3201
2020-12-24,3363.113
2020-12-25,3396.563
2020-12-28,3397.2849
2020-12-29,3379.0359
2020-12-30,3414.4529
2020-12-31,3473.0691
2021-01-04,3502.958
2021-01-05,3528.677
2021-01-06,3550.877
2021-01-07,3576.2051
2021-01-08,3570.1101
2021-01-11,3531.498
2021-01-12,3608.3401
2021-01-13,3598.6521
2021-01-14,3565.905
2021-01-15,3566.3779
2021-01-18,3596.22
2021-01-19,3566.3799
2021-01-20,3583.092
2021-01-21,3621.2639
2021-01-22,3606.75
2021-01-25,3624.238
2021-01-26,3569.429
2021-01-27,3573.3401
2021-01-28,3505.176
2021-01-29,3483.0691
2021-02-01,3505.2839
2021-02-02,3533.6851
2021-02-03,3517.3081
2021-02-04,3501.8589
2021-02-05,3496.3301
2021-02-08,3532.447
2021-02-09,3603.489
2021-02-10,3655.0879
2021-02-18,3675.3569
2021-02-19,3696.168
2021-02-22,3642.4399
2021-02-23,3636.3601
2021-02-24,3564.0801
2021-02-25,3585.05
2021-02-26,3509.0801
2021-03-01,3551.3999
2021-03-02,3508.5911
2021-03-03,3576.8999
2021-03-04,3503.49
2021-03-05,3501.9871
2021-03-08,3421.4099
2021-03-09,3359.29
2021-03-10,3357.74
2021-03-11,3436.8301
2021-03-12,3453.0801
2021-03-15,3419.95
2021-03-16,3446.7329
2021-03-17,3445.551
2021-03-18,3463.0681
2021-03-19,3404.6599
2021-03-22,3443.4399
2021-03-23,3411.51
2021-03-24,3367.0601
2021-03-25,3363.5901
2021-03-26,3418.3269
2021-03-29,3435.3
2021-03-30,3456.6799
2021-03-31,3441.9099
2021-04-01,3466.3301
2021-04-02,3484.3921
2021-04-06,3482.97
2021-04-07,3479.6299
2021-04-08,3482.55
2021-04-09,3450.6799
2021-04-12,3412.95
2021-04-13,3396.47
2021-04-14,3416.72
2021-04-15,3398.99
2021-04-16,3426.6201
2021-04-19,3477.55
2021-04-20,3472.9399
2021-04-21,3472.9299
2021-04-22,3465.1101
2021-04-23,3474.1699
2021-04-26,3441.1699
2021-04-27,3442.6101
2021-04-28,3457.0701
2021-04-29,3474.8999
2021-04-30,3446.8601
2021-05-06,3441.28
2021-05-07,3418.8701
2021-05-10,3427.99
2021-05-11,3441.8501
2021-05-12,3462.75
2021-05-13,3429.54
2021-05-14,3490.3799
2021-05-17,3517.6201
2021-05-18,3529.01
2021-05-19,3510.96
2021-05-20,3506.9399
2021-05-21,3486.5601
2021-05-24,3497.28
2021-05-25,3581.3401
2021-05-26,3593.3601
2021-05-27,3608.8501
2021-05-28,3600.78
2021-05-31,3615.48
2021-06-01,3624.71
2021-06-02,3597.1399
2021-06-03,3584.21
2021-06-04,3591.8401
2021-06-07,3599.54
2021-06-08,3580.1101
2021-06-09,3591.3999
2021-06-10,3610.8601
2021-06-11,3589.75
2021-06-15,3556.5601
2021-06-16,3518.3301
2021-06-17,3525.6001
2021-06-18,3525.1001
2021-06-21,3529.1799
2021-06-22,3557.4099
2021-06-23,3566.22
2021-06-24,3566.6499
2021-06-25,3607.5601
2021-06-28,3606.3701
2021-06-29,3573.1799
2021-06-30,3591.2
2021-07-01,3588.78
2021-07-02,3518.76
2021-07-05,3534.3201
2021-07-06,3530.26
2021-07-07,3553.72
2021-07-08,3525.5
2021-07-09,3524.0901
2021-07-12,3547.8401
2021-07-13,3566.52
2021-07-14,3528.5
2021-07-15,3564.5901
2021-07-16,3539.3
2021-07-19,3539.1201
2021-07-20,3536.79
2021-07-21,3562.6609
2021-07-22,3574.7339
2021-07-23,3550.3999
2021-07-26,3467.4399
2021-07-27,3381.1799
2021-07-28,3361.5901
2021-07-29,3411.72
2021-07-30,3397.3601
2021-08-02,3464.29
2021-08-03,3447.99
2021-08-04,3477.22
2021-08-05,3466.55
2021-08-06,3458.23
2021-08-09,3494.6299
2021-08-10,3529.9299
2021-08-11,3532.6201
2021-08-12,3524.74
2021-08-13,3516.3
2021-08-16,3517.3401
2021-08-17,3446.9761
2021-08-18,3485.2859
2021-08-19,3465.5549
2021-08-20,3427.334
2021-08-23,3477.1299
2021-08-24,3514.4709
2021-08-25,3540.3799
2021-08-26,3501.6641
2021-08-27,3522.157
2021-08-30,3528.1509
2021-08-31,3543.9399
2021-09-01,3567.1001
2021-09-02,3597.04
2021-09-03,3581.73
2021-09-06,3621.8601
2021-09-07,3676.5901
2021-09-08,3675.1899
2021-09-09,3693.1299
2021-09-10,3703.1101
2021-09-13,3715.3701
2021-09-14,3662.6001
2021-09-15,3656.22
2021-09-16,3607.0901
2021-09-17,3613.97
2021-09-22,3628.49
2021-09-23,3642.22
2021-09-24,3613.0701
2021-09-27,3582.8301
2021-09-28,3602.22
2021-09-29,3536.29
2021-09-30,3568.1699
2021-10-08,3592.1699
2021-10-11,3591.71
2021-10-12,3546.9399
2021-10-13,3561.76
2021-10-14,3558.28
2021-10-15,3572.3701
2021-10-18,3568.1399
2021-10-19,3593.1499
2021-10-20,3587.0
2021-10-21,3594.78
2021-10-22,3582.6001
2021-10-25,3609.8601
2021-10-26,3597.6399
2021-10-27,3562.3101
2021-10-28,3518.4199
2021-10-29,3547.3401
2021-11-01,3544.48
2021-11-02,3505.6299
2021-11-03,3498.54
2021-11-04,3526.8701
2021-11-05,3491.5701
2021-11-08,3498.6299
2021-11-09,3507.0
2021-11-10,3492.46
2021-11-11,3532.79
2021-11-12,3539.1001
2021-11-15,3533.3
2021-11-16,3521.79
2021-11-17,3537.3701
2021-11-18,3520.71
2021-11-19,3560.3701
2021-11-22,3582.0801
2021-11-23,3589.0891
2021-11-24,3592.7029
2021-11-25,3584.1799
2021-11-26,3564.0901
2021-11-29,3562.7
2021-11-30,3563.8899
2021-12-01,3576.8899
2021-12-02,3573.8401
2021-12-03,3607.4299
2021-12-06,3589.3101
2021-12-07,3595.0901
2021-12-08,3637.5701
2021-12-09,3673.04
2021-12-10,3666.3501
2021-12-13,3681.0801
2021-12-14,3661.53
2021-12-15,3647.6299
2021-12-16,3675.02
2021-12-17,3632.3601
2021-12-20,3593.6001
2021-12-21,3625.1299
2021-12-22,3622.6201
2021-12-23,3643.3401
2021-12-24,3618.054
2021-12-27,3615.97
2021-12-28,3630.1121
2021-12-29,3597.0
2021-12-30,3619.1899
2021-12-31,3639.78
2022-01-04,3632.3301
2022-01-05,3595.1799
2022-01-06,3586.0801
2022-01-07,3579.54
2022-01-10,3593.52
2022-01-11,3567.4399
2022-01-12,3597.4299
2022-01-13,3555.26
2022-01-14,3521.26
2022-01-17,3541.6699
2022-01-18,3569.9099
2022-01-19,3558.1799
2022-01-20,3555.0601
2022-01-21,3522.5701
2022-01-24,3524.1101
2022-01-25,3433.0601
2022-01-26,3455.6699
2022-01-27,3394.25
2022-01-28,3361.4399
2022-02-07,3429.5801
2022-02-08,3452.6299
2022-02-09,3479.95
2022-02-10,3485.9099
2022-02-11,3462.95
2022-02-14,3428.8799
2022-02-15,3446.0901
2022-02-16,3465.8301
2022-02-17,3468.04
2022-02-18,3490.76
2022-02-21,3490.6101
2022-02-22,3457.1499
2022-02-23,3489.1499
2022-02-24,3429.96
2022-02-25,3451.4099
2022-02-28,3462.3101
2022-03-01,3488.8301
2022-03-02,3484.1899
2022-03-03,3481.1101
2022-03-04,3447.6499
2022-03-07,3372.8601
2022-03-08,3293.53
2022-03-09,3256.3899
2022-03-10,3296.0901
2022-03-11,3309.75
2022-03-14,3223.53
2022-03-15,3063.97
2022-03-16,3170.71
2022-03-17,3215.04
2022-03-18,3251.0701
2022-03-21,3253.6899
2022-03-22,3259.8601
2022-03-23,3271.03
2022-03-24,3250.26
2022-03-25,3212.24
2022-03-28,3214.5
2022-03-29,3203.9399
2022-03-30,3266.6001
2022-03-31,3252.2
2022-04-01,3282.72
2022-04-06,3283.4299
2022-04-07,3236.7
2022-04-08,3251.8501
2022-04-11,3167.1299
2022-04-12,3213.3301
2022-04-13,3186.8201
2022-04-14,3225.6399
2022-04-15,3211.2451
2022-04-18,3195.52
2022-04-19,3194.03
2022-04-20,3151.05
2022-04-21,3079.8101
2022-04-22,3086.9199
2022-04-25,2928.51
2022-04-26,2886.4299
2022-04-27,2958.28
2022-04-28,2975.48
2022-04-29,3047.0601
2022-05-05,3067.76
2022-05-06,3001.5601
2022-05-09,3004.1399
2022-05-10,3035.8401
2022-05-11,3058.7
2022-05-12,3054.99
2022-05-13,3084.28
2022-05-16,3073.75
2022-05-17,3093.7
2022-05-18,3085.98
2022-05-19,3096.96
2022-05-20,3146.5701
2022-05-23,3146.8601
2022-05-24,3070.9299
2022-05-25,3107.46
2022-05-26,3123.1101
2022-05-27,3130.24
2022-05-30,3149.0601
2022-05-31,3186.4299
2022-06-01,3182.1599
2022-06-02,3195.46
2022-06-06,3236.3701
2022-06-07,3241.76
2022-06-08,3263.79
2022-06-09,3238.95
2022-06-10,3284.8301
2022-06-13,3255.55
2022-06-14,3288.9099
2022-06-15,3305.4099
2022-06-16,3285.3799
2022-06-17,3316.79
2022-06-20,3315.4299
2022-06-21,3306.72
2022-06-22,3267.2
2022-06-23,3320.1499
2022-06-24,3349.75
2022-06-27,3379.1899
2022-06-28,3409.21
2022-06-29,3361.52
2022-06-30,3398.6201
2022-07-01,3387.6399
2022-07-04,3405.4299
2022-07-05,3404.03
2022-07-06,3355.3501
2022-07-07,3364.3999
2022-07-08,3356.0801
2022-07-11,3313.5801
2022-07-12,3281.47
2022-07-13,3284.29
2022-07-14,3281.74
2022-07-15,3228.0601
2022-07-18,3278.1001
2022-07-19,3279.4299
2022-07-20,3304.72
2022-07-21,3272.0
2022-07-22,3269.97
2022-07-25,3250.3899
2022-07-26,3277.4399
2022-07-27,3275.76
2022-07-28,3282.5801
2022-07-29,3253.24
2022-08-01,3259.96
2022-08-02,3186.27
2022-08-03,3163.6699
2022-08-04,3189.04
2022-08-05,3227.03
2022-08-08,3236.9299
2022-08-09,3247.4299
2022-08-10,3230.02
2022-08-11,3281.6699
2022-08-12,3276.8899
2022-08-15,3276.0901
2022-08-16,3277.8799
2022-08-17,3292.53
2022-08-18,3277.54
2022-08-19,3258.0801
2022-08-22,3277.79
2022-08-23,3276.22
2022-08-24,3215.2
2022-08-25,3246.25
2022-08-26,3236.22
2022-08-29,3240.73
2022-08-30,3227.22
2022-08-31,3202.1399
2022-09-01,3184.98
2022-09-02,3186.48
2022-09-05,3199.9121
2022-09-06,3243.45
2022-09-07,3246.29
2022-09-08,3235.5901
2022-09-09,3262.05
2022-09-13,3263.8
2022-09-14,3237.54
2022-09-15,3199.9199
2022-09-16,3126.3999
2022-09-19,3115.6001
2022-09-20,3122.4099
2022-09-21,3117.1799
2022-09-22,3108.9099
2022-09-23,3088.3701
2022-09-26,3051.23
2022-09-27,3093.8601
2022-09-28,3045.0701
2022-09-29,3041.2
2022-09-30,3024.3899
2022-10-10,2974.1499
2022-10-11,2979.79
2022-10-12,3025.51
2022-10-13,3016.3601
2022-10-14,3071.99
2022-10-17,3084.9399
2022-10-18,3080.96
2022-10-19,3044.3799
2022-10-20,3035.05
2022-10-21,3038.9299
2022-10-24,2977.5601
2022-10-25,2976.28
2022-10-26,2999.5
2022-10-27,2982.8999
2022-10-28,2915.9299
2022-10-31,2893.48
2022-11-01,2969.2
2022-11-02,3003.3701
2022-11-03,2997.8101
2022-11-04,3070.8
2022-11-07,3077.8201
2022-11-08,3064.49
2022-11-09,3048.1699
2022-11-10,3036.1299
2022-11-11,3087.29
2022-11-14,3083.3999
2022-11-15,3134.0801
2022-11-16,3119.98
2022-11-17,3115.4299
2022-11-18,3097.24
2022-11-21,3085.0439
2022-11-22,3088.9431
2022-11-23,3096.907
2022-11-24,3089.3101
2022-11-25,3101.6899
2022-11-28,3078.55
2022-11-29,3149.75
2022-11-30,3151.3401
2022-12-01,3165.47
2022-12-02,3156.1399
2022-12-05,3211.8101
2022-12-06,3212.53
2022-12-07,3199.6201
2022-12-08,3197.3501
2022-12-09,3206.95
2022-12-12,3179.04
2022-12-13,3176.3301
2022-12-14,3176.53
2022-12-15,3168.6499
2022-12-16,3167.8579
2022-12-19,3107.1201
2022-12-20,3073.77
2022-12-21,3068.4099
2022-12-22,3054.4299
2022-12-23,3045.866
2022-12-26,3065.563
2022-12-27,3095.5701
2022-12-28,3087.3999
2022-12-29,3073.7
2022-12-30,3089.26
2023-01-03,3116.51
2023-01-04,3123.52
2023-01-05,3155.22
2023-01-06,3157.6399
2023-01-09,3176.0801
2023-01-10,3169.51
2023-01-11,3161.8401
2023-01-12,3163.45
2023-01-13,3195.3101
2023-01-16,3227.592
2023-01-17,3224.24
2023-01-18,3224.4099
2023-01-19,3240.28
2023-01-20,3264.8101
2023-01-30,3269.3201
2023-01-31,3255.6699
2023-02-01,3284.9199
2023-02-02,3285.6699
2023-02-03,3263.4099
2023-02-06,3238.7
2023-02-07,3248.0901
2023-02-08,3232.1101
2023-02-09,3270.3799
2023-02-10,3260.6699
2023-02-13,3284.1599
2023-02-14,3293.28
2023-02-15,3280.49
2023-02-16,3249.03
2023-02-17,3224.02
2023-02-20,3290.3401
2023-02-21,3306.52
2023-02-22,3291.1499
2023-02-23,3287.48
2023-02-24,3267.1599
2023-02-27,3258.03
2023-02-28,3279.6101
2023-03-01,3312.3501
2023-03-02,3310.6499
2023-03-03,3328.3899
2023-03-06,3322.03
2023-03-07,3285.1001
2023-03-08,3283.25
2023-03-09,3276.0901
2023-03-10,3230.0801
2023-03-13,3268.7
2023-03-14,3245.3101
2023-03-15,3263.3101
2023-03-16,3226.8899
2023-03-17,3250.55
2023-03-20,3234.9099
2023-03-21,3255.6499
2023-03-22,3265.75
2023-03-23,3286.6499
2023-03-24,3265.6499
2023-03-27,3251.3999
2023-03-28,3245.3799
2023-03-29,3240.0601
2023-03-30,3261.25
2023-03-31,3272.8601
2023-04-03,3296.3999
2023-04-04,3312.5601
2023-04-06,3312.6299
2023-04-07,3327.6499
2023-04-10,3315.3601
2023-04-11,3313.5701
2023-04-12,3327.1799
2023-04-13,3318.3601
2023-04-14,3338.1499
2023-04-17,3385.6101
2023-04-18,3393.3301
2023-04-19,3370.1299
2023-04-20,3367.03
2023-04-21,3301.26
2023-04-24,3275.4099
2023-04-25,3264.8701
2023-04-26,3264.1001
2023-04-27,3285.8799
2023-04-28,3323.27
2023-05-04,3350.46
2023-05-05,3334.5
2023-05-08,3395.0
2023-05-09,3357.6699
2023-05-10,3319.1499
2023-05-11,3309.55
2023-05-12,3272.3601
2023-05-15,3310.74
2023-05-16,3290.99
2023-05-17,3284.23
2023-05-18,3297.3201
2023-05-19,3283.54
2023-05-22,3296.47
2023-05-23,3246.24
2023-05-24,3204.75
2023-05-25,3201.26
2023-05-26,3212.5
2023-05-29,3221.45
2023-05-30,3224.21
2023-05-31,3204.5601
2023-06-01,3204.6299
2023-06-02,3230.0701
2023-06-05,3232.4399
2023-06-06,3195.3401
2023-06-07,3197.76
2023-06-08,3213.5901
2023-06-09,3231.4099
2023-06-12,3228.8301
2023-06-13,3233.6699
2023-06-14,3228.99
2023-06-15,3252.98
2023-06-16,3273.3301
2023-06-19,3255.8101
2023-06-20,3240.3601
2023-06-21,3197.8999
2023-06-26,3150.6201
2023-06-27,3189.4399
2023-06-28,3189.3799
2023-06-29,3182.3799
2023-06-30,3202.0601
2023-07-03,3243.98
2023-07-04,3245.3501
2023-07-05,3222.95
2023-07-06,3205.5701
2023-07-07,3196.6101
2023-07-10,3203.7
2023-07-11,3221.3701
2023-07-12,3196.1299
2023-07-13,3236.48
2023-07-14,3237.7
2023-07-17,3209.6299
2023-07-18,3197.8201
2023-07-19,3198.8401
2023-07-20,3169.52
2023-07-21,3167.75
2023-07-24,3164.1599
2023-07-25,3231.52
2023-07-26,3223.03
2023-07-27,3216.6699
2023-07-28,3275.9299
2023-07-31,3291.04
2023-08-01,3290.949
2023-08-02,3261.6899
2023-08-03,3280.4629
2023-08-04,3288.084
2023-08-07,3268.8311
2023-08-08,3260.6201
2023-08-09,3244.49
2023-08-10,3254.5601
2023-08-11,3189.25
2023-08-14,3178.4299
2023-08-15,3176.1799
2023-08-16,3150.1299
2023-08-17,3163.74
2023-08-18,3131.95
2023-08-21,3092.98
2023-08-22,3120.3301
2023-08-23,3078.3999
2023-08-24,3082.24
2023-08-25,3064.0701
2023-08-28,3098.6399
2023-08-29,3135.8899
2023-08-30,3137.1399
2023-08-31,3119.8799
2023-09-01,3133.25
2023-09-04,3177.0601
2023-09-05,3154.3701
2023-09-06,3158.0801
2023-09-07,3122.3501
2023-09-08,3116.72
2023-09-11,3142.78
2023-09-12,3137.0601
2023-09-13,3123.0701
2023-09-14,3126.55
2023-09-15,3117.74
2023-09-18,3125.9299
2023-09-19,3124.96
2023-09-20,3108.5681
2023-09-21,3084.7009
2023-09-22,3132.4319
2023-09-25,3115.6069
2023-09-26,3102.2729
2023-09-27,3107.3159
2023-09-28,3110.4751
2023-10-09,3096.9221
2023-10-10,3075.24
2023-10-11,3078.9561
2023-10-12,3107.9009
2023-10-13,3088.1001
2023-10-16,3073.813
2023-10-17,3083.5
2023-10-18,3058.71
2023-10-19,3005.3931
2023-10-20,2983.0601
2023-10-23,2939.291
2023-10-24,2962.2439
2023-10-25,2974.114
2023-10-26,2988.2991
2023-10-27,3017.7839
2023-10-30,3021.553
2023-10-31,3018.771
2023-11-01,3023.0769
2023-11-02,3009.406
2023-11-03,3030.7981
2023-11-06,3058.4109
2023-11-07,3057.27
2023-11-08,3052.373
2023-11-09,3053.2791
2023-11-10,3038.97
2023-11-13,3046.533
2023-11-14,3056.0701
2023-11-15,3072.835
2023-11-16,3050.926
2023-11-17,3054.3701
2023-11-20,3068.3191
2023-11-21,3067.9331
2023-11-22,3043.6111
2023-11-23,3061.856
2023-11-24,3040.9719
2023-11-27,3031.7
2023-11-28,3038.55
2023-11-29,3021.687
2023-11-30,3029.6731
2023-12-01,3031.636
2023-12-04,3022.9141
2023-12-05,2972.2959
2023-12-06,2968.9331
2023-12-07,2966.2061
2023-12-08,2969.5591
2023-12-11,2991.439
2023-12-12,3003.438
2023-12-13,2968.761
2023-12-14,2958.9861
2023-12-15,2942.5569
2023-12-18,2930.8
2023-12-19,2932.3911
2023-12-20,2902.1101
2023-12-21,2918.7151
2023-12-22,2914.7749
2023-12-25,2918.813
2023-12-26,2898.8799
2023-12-27,2914.614
2023-12-28,2954.7041
2023-12-29,2974.9351
2024-01-02,2962.2759
2024-01-03,2967.2471
2024-01-04,2954.3491
2024-01-05,2929.1799
2024-01-08,2887.5381
2024-01-09,2893.25
2024-01-10,2877.7019
2024-01-11,2886.6499
2024-01-12,2881.9771
2024-01-15,2886.29
2024-01-16,2893.989
2024-01-17,2833.615
2024-01-18,2845.78
2024-01-19,2832.2791
2024-01-22,2756.3401
2024-01-23,2770.9761
2024-01-24,2820.772
2024-01-25,2906.1089
2024-01-26,2910.2229
2024-01-29,2883.3601
2024-01-30,2830.5271
2024-01-31,2788.5481
2024-02-01,2770.74
2024-02-02,2730.1521
2024-02-05,2702.1851
2024-02-06,2789.4861
2024-02-07,2829.696
2024-02-08,2865.9031
2024-02-19,2910.5439
2024-02-20,2922.73
2024-02-21,2950.9561
2024-02-22,2988.3579
2024-02-23,3004.8811
2024-02-26,2977.022
2024-02-27,3015.481
2024-02-28,2957.8521
2024-02-29,3015.1709
2024-03-01,3027.02
2024-03-04,3039.3059
2024-03-05,3047.793
2024-03-06,3039.9309
2024-03-07,3027.4009
2024-03-08,3046.019
2024-03-11,3068.4551
2024-03-12,3055.9351
2024-03-13,3043.835
2024-03-14,3038.2339
2024-03-15,3054.636
2024-03-18,3084.926
2024-03-19,3062.7561
2024-03-20,3079.686
2024-03-21,3077.113
2024-03-22,3048.0339
2024-03-25,3026.3059
2024-03-26,3031.481
2024-03-27,2993.1389
2024-03-28,3010.6641
2024-03-29,3041.167
2024-04-01,3077.3789
2024-04-02,3074.959
2024-04-03,3069.2959
2024-04-08,3047.053
2024-04-09,3048.5371
2024-04-10,3027.335
2024-04-11,3034.2461
2024-04-12,3019.4741
2024-04-15,3057.3779
2024-04-16,3007.0681
2024-04-17,3071.3811
2024-04-18,3074.2251
2024-04-19,3065.261
2024-04-22,3044.595
2024-04-23,3021.978
2024-04-24,3044.822
2024-04-25,3052.8999
2024-04-26,3088.636
2024-04-29,3113.043
2024-04-30,3104.825
2024-05-06,3140.72
2024-05-07,3147.738
2024-05-08,3128.48
2024-05-09,3154.3201
2024-05-10,3154.5471
2024-05-13,3148.021
2024-05-14,3145.7739
2024-05-15,3119.9021
2024-05-16,3122.4009
2024-05-17,3154.0259
2024-05-20,3171.145
2024-05-21,3157.9661
2024-05-22,3158.54
2024-05-23,3116.387
2024-05-24,3088.8711
2024-05-27,3124.043
2024-05-28,3109.572
2024-05-29,3111.0181
2024-05-30,3091.678
2024-05-31,3086.813
2024-06-03,3078.489
2024-06-04,3091.199
2024-06-05,3065.4031
2024-06-06,3048.7939
2024-06-07,3051.2791
2024-06-11,3028.0449
2024-06-12,3037.468
2024-06-13,3028.9189
2024-06-14,3032.6331
2024-06-17,3015.8911
2024-06-18,3030.2461
2024-06-19,3018.0491
2024-06-20,3005.437
2024-06-21,2998.1379
2024-06-24,2963.0991
2024-06-25,2949.9961
2024-06-26,2972.5249
2024-06-27,2945.8521
2024-06-28,2967.4031
2024-07-01,2994.73
2024-07-02,2997.011
2024-07-03,2982.376
2024-07-04,2957.5669
2024-07-05,2949.9331
2024-07-08,2922.45
2024-07-09,2959.3721
2024-07-10,2939.364
2024-07-11,2970.387
2024-07-12,2971.2949
2024-07-15,2974.011
2024-07-16,2976.304
2024-07-17,2962.855
2024-07-18,2977.1331
2024-07-19,2982.3091
2024-07-22,2964.2161
2024-07-23,2915.3689
2024-07-24,2901.9519
2024-07-25,2886.7419
2024-07-26,2890.897
2024-07-29,2891.845
2024-07-30,2879.3
2024-07-31,2938.749
2024-08-01,2932.387
2024-08-02,2905.3379
2024-08-05,2860.698
2024-08-06,2867.2839
2024-08-07,2869.834
2024-08-08,2869.9009
2024-08-09,2862.1941
2024-08-12,2858.2051
2024-08-13,2867.946
2024-08-14,2850.6541
2024-08-15,2877.3579
2024-08-16,2879.4299
2024-08-19,2893.6741
2024-08-20,2866.6609
2024-08-21,2856.584
2024-08-22,2848.772
2024-08-23,2854.3679
2024-08-26,2855.52
2024-08-27,2848.731
2024-08-28,2837.429
2024-08-29,2823.106
2024-08-30,2842.2141
2024-09-02,2811.0349
2024-09-03,2802.979
2024-09-04,2784.2781
2024-09-05,2788.314
2024-09-06,2765.8069
2024-09-09,2736.488
2024-09-10,2744.1919
2024-09-11,2721.7949
2024-09-12,2717.123
2024-09-13,2704.0901
2024-09-18,2717.281
2024-09-19,2736.022
2024-09-20,2736.814
2024-09-23,2748.918
2024-09-24,2863.126
2024-09-25,2896.3059
2024-09-26,3000.9529
2024-09-27,3087.5291
2024-09-30,3336.4971
2024-10-08,3489.7749
2024-10-09,3258.8579
2024-10-10,3301.926
2024-10-11,3217.738
2024-10-14,3284.323
2024-10-15,3201.292
2024-10-16,3202.948
2024-10-17,3169.384
2024-10-18,3261.563
2024-10-21,3268.1101
2024-10-22,3285.8669
2024-10-23,3302.803
2024-10-24,3280.2629
2024-10-25,3299.7
2024-10-28,3322.198
2024-10-29,3286.407
2024-10-30,3266.238
2024-10-31,3279.824
2024-11-01,3272.0139
2024-11-04,3310.207
2024-11-05,3386.9871
2024-11-06,3383.8059
2024-11-07,3470.6609
2024-11-08,3452.2971
2024-11-11,3470.0659
2024-11-12,3421.97
2024-11-13,3439.2781
2024-11-14,3379.8391
2024-11-15,3330.7261
2024-11-18,3323.8491
2024-11-19,3346.01
2024-11-20,3367.989
2024-11-21,3370.4041
2024-11-22,3267.1919
2024-11-25,3263.76
2024-11-26,3259.7571
2024-11-27,3309.7791
2024-11-28,3295.698
2024-11-29,3326.4561
2024-12-02,3363.9819
2024-12-03,3378.8059
2024-12-04,3364.6499
2024-12-05,3368.855
2024-12-06,3404.0759
2024-12-09,3402.5339
2024-12-10,3422.6609
2024-12-11,3432.49
2024-12-12,3461.5
2024-12-13,3391.8779
2024-12-16,3386.3311
2024-12-17,3361.4851
2024-12-18,3382.208
2024-12-19,3370.033
2024-12-20,3368.0691
2024-12-23,3351.2571
2024-12-24,3393.5281
2024-12-25,3393.3501
2024-12-26,3398.0769
2024-12-27,3400.1421
2024-12-30,3407.3259
2024-12-31,3351.7629
2025-01-02,3262.561
2025-01-03,3211.4299
2025-01-06,3206.9231
2025-01-07,3229.644
2025-01-08,3230.168
2025-01-09,3211.3931
2025-01-10,3168.5239
2025-01-13,3160.7549
2025-01-14,3240.9399
2025-01-15,3227.1169
2025-01-16,3236.032
2025-01-17,3241.821
2025-01-20,3244.3779
2025-01-21,3242.623
2025-01-22,3213.624
2025-01-23,3230.1641
2025-01-24,3252.626
2025-01-27,3250.6011
2025-02-05,3229.488
2025-02-06,3270.6589
2025-02-07,3303.667
2025-02-10,3322.1699
2025-02-11,3318.0569
2025-02-12,3346.385
2025-02-13,3332.4829
2025-02-14,3346.7241
2025-02-17,3355.8301
2025-02-18,3324.491
2025-02-19,3351.5391
2025-02-20,3350.783
2025-02-21,3379.113
2025-02-24,3373.0281
2025-02-25,3346.04
2025-02-26,3380.2141
2025-02-27,3388.062
2025-02-28,3320.897
2025-03-03,3316.925
2025-03-04,3324.21
2025-03-05,3341.9651
2025-03-06,3381.0979
2025-03-07,3372.5459
2025-03-10,3366.1631
2025-03-11,3379.8279
2025-03-12,3371.9241
2025-03-13,3358.729
2025-03-14,3419.562
2025-03-17,3426.1289
2025-03-18,3429.759
2025-03-19,3426.429
2025-03-20,3408.948
2025-03-21,3364.8311
2025-03-24,3370.0281
2025-03-25,3369.9761
2025-03-26,3368.697
2025-03-27,3373.749
2025-03-28,3351.3069
2025-03-31,3335.7461
2025-04-01,3348.4351
2025-04-02,3350.127
2025-04-03,3342.0081
2025-04-07,3096.5759
2025-04-08,3145.5491
2025-04-09,3186.8101
2025-04-10,3223.6379
2025-04-11,3238.2271
2025-04-14,3262.8081
2025-04-15,3267.6621
2025-04-16,3276.0039
2025-04-17,3280.3411
2025-04-18,3276.73
2025-04-21,3291.4341
2025-04-22,3299.7571
2025-04-23,3296.355
2025-04-24,3297.2881
2025-04-25,3295.0601
2025-04-28,3288.415
2025-04-29,3286.655
2025-04-30,3279.031
2025-05-06,3316.114
2025-05-07,3342.665
2025-05-08,3351.9961
2025-05-09,3341.999
2025-05-12,3369.2451
2025-05-13,3374.8711
2025-05-14,3403.948
2025-05-15,3380.821
2025-05-16,3367.4619
2025-05-19,3367.583
2025-05-20,3380.478
2025-05-21,3387.574
2025-05-22,3380.189
2025-05-23,3348.3721
2025-05-26,3346.8391
2025-05-27,3340.687
2025-05-28,3339.9319
2025-05-29,3363.446
2025-05-30,3347.4871
2025-06-03,3361.9761
2025-06-04,3376.2029
2025-06-05,3384.0991
2025-06-06,3385.3579
2025-06-09,3399.772
2025-06-10,3384.8159
2025-06-11,3402.3159
2025-06-12,3402.658
2025-06-13,3376.9961
2025-06-16,3388.729
2025-06-17,3387.405
2025-06-18,3388.8091
2025-06-19,3362.1079
2025-06-20,3359.895
2025-06-23,3381.582
2025-06-24,3420.5659
2025-06-25,3455.9741
2025-06-26,3448.4529
2025-06-27,3424.2271
2025-06-30,3444.426
2025-07-01,3457.7471
2025-07-02,3454.792
2025-07-03,3461.1509
2025-07-04,3472.3191
2025-07-07,3473.127
2025-07-08,3497.4751
2025-07-09,3493.05
2025-07-10,3509.6819
2025-07-11,3510.177
2025-07-14,3519.6499
2025-07-15,3504.999
2025-07-16,3503.7771
2025-07-17,3516.825
2025-07-18,3534.4829
2025-07-21,3559.791
2025-07-22,3581.8611
2025-07-23,3582.2981
2025-07-24,3605.7271
2025-07-25,3593.655
2025-07-28,3597.937
2025-07-29,3609.7109
2025-07-30,3615.717
2025-07-31,3573.208
2025-08-01,3559.9519
2025-08-04,3583.3091
2025-08-05,3617.5979
2025-08-06,3633.9951
2025-08-07,3639.667
2025-08-08,3635.1279
2025-08-11,3647.5471
2025-08-12,3665.918
2025-08-13,3683.4651
2025-08-14,3666.4431
2025-08-15,3696.771
2025-08-18,3728.0271
2025-08-19,3727.2881
2025-08-20,3766.21
2025-08-21,3771.0991
2025-08-22,3825.759
2025-08-25,3883.562
2025-08-26,3868.3821
2025-08-27,3800.3501
2025-08-28,3843.5969
2025-08-29,3857.927
2025-09-01,3875.531
2025-09-02,3858.1331
2025-09-03,3813.5569
2025-09-04,3765.876
2025-09-05,3812.5139
2025-09-08,3826.8411
2025-09-09,3807.292
2025-09-10,3812.2209
2025-09-11,3875.3091
2025-09-12,3870.5979
2025-09-15,3860.5039
2025-09-16,3861.865
2025-09-17,3876.3411
2025-09-18,3831.656
2025-09-19,3820.0891
2025-09-22,3828.5759
2025-09-23,3821.833
2025-09-24,3853.6421
2025-09-25,3853.302
2025-09-26,3828.106
2025-09-29,3862.532
2025-09-30,3882.7771
2025-10-09,3933.9719
2025-10-10,3897.0281
2025-10-13,3889.502
2025-10-14,3865.229
2025-10-15,3912.209
2025-10-16,3916.228
2025-10-17,3839.7549
2025-10-20,3863.8931
2025-10-21,3916.332
2025-10-22,3913.7581
2025-10-23,3922.4099
2025-10-24,3950.312
2025-10-27,3996.9451
2025-10-28,3988.2241
2025-10-29,4016.3311
2025-10-30,3986.9009
2025-10-31,3954.79
2025-11-03,3976.521
2025-11-04,3960.186
2025-11-05,3969.248
2025-11-06,4007.76
2025-11-07,3997.5559
2025-11-10,4018.5969
2025-11-11,4002.7581
2025-11-12,4000.1399
2025-11-13,4029.501
2025-11-14,3990.4919
2025-11-17,3972.0349
2025-11-18,3939.813
2025-11-19,3946.7419
2025-11-20,3931.051
2025-11-21,3834.8911
2025-11-24,3836.7649
2025-11-25,3870.0229
2025-11-26,3864.1841
2025-11-27,3875.26
2025-11-28,3888.5959
2025-12-01,3914.0061
2025-12-02,3897.7119
2025-12-03,3878.0
2025-12-04,3875.793
2025-12-05,3902.8081
2025-12-08,3924.0779
2025-12-09,3909.521
2025-12-10,3900.4961
2025-12-11,3873.3181
2025-12-12,3889.3459
2025-12-15,3867.9209
2025-12-16,3824.812
2025-12-17,3870.2781
2025-12-18,3876.3711
2025-12-19,3890.448
2025-12-22,3917.364
2025-12-23,3919.979
2025-12-24,3940.947
2025-12-25,3959.6211
2025-12-26,3963.679
2025-12-29,3965.28
2025-12-30,3965.116
2025-12-31,3968.8401
2026-01-05,4023.417
2026-01-06,4083.667
2026-01-07,4085.772
2026-01-08,4082.979
2026-01-09,4120.4258
2026-01-12,4165.2871
2026-01-13,4138.7578
2026-01-14,4126.0928
2026-01-15,4112.6011
2026-01-16,4101.9131
2026-01-19,4114.0
2026-01-20,4113.6489
2026-01-21,4116.9399
2026-01-22,4122.5762
2026-01-23,4136.1641
2026-01-26,4132.605
2026-01-27,4139.9038
2026-01-28,4151.2378
2026-01-29,4157.9839
2026-01-30,4117.9482
2026-02-02,4015.7461
2026-02-03,4067.738
2026-02-04,4102.2021
2026-02-05,4075.917
2026-02-06,4065.583
2026-02-09,4123.0898
2026-02-10,4128.373
2026-02-11,4131.9849
2026-02-12,4134.0181
2026-02-13,4082.073
2026-02-24,4117.4092
2026-02-25,4147.23
2026-02-26,4146.6309
2026-02-27,4162.8809
2026-03-02,4182.5908
2026-03-03,4122.6758
2026-03-04,4082.4741
2026-03-05,4108.5669
2026-03-06,4124.1938
2026-03-09,4096.603
2026-03-10,4123.1382
2026-03-11,4133.4331
2026-03-12,4129.103
2026-03-13,4095.448
2026-03-16,4084.7859
2026-03-17,4049.907
2026-03-18,4062.9839
2026-03-19,4006.552
2026-03-20,3957.053
2026-03-23,3813.283
2026-03-24,3881.28
2026-03-25,3931.8369
2026-03-26,3889.083
2026-03-27,3913.7241
2026-03-30,3923.2871
2026-03-31,3891.8611
2026-04-01,3948.552
2026-04-02,3919.2849
2026-04-03,3880.0969
2026-04-07,3890.165
2026-04-08,3994.998
2026-04-09,3966.1709
2026-04-10,3986.2251
2026-04-13,3988.5581
2026-04-14,4026.625
2026-04-15,4027.209
2026-04-16,4055.5471
2026-04-17,4051.425
2026-04-20,4082.127
2026-04-21,4085.0769
2026-04-22,4106.2578
2026-04-23,4093.25
2026-04-24,4079.8999
2026-04-27,4086.344
2026-04-28,4078.637
2026-04-29,4107.5142
2026-04-30,4112.1592
2026-05-06,4160.1738
2026-05-07,4180.0918
2026-05-08,4179.9531
2026-05-11,4225.021
2026-05-12,4214.4888
2026-05-13,4242.5718
2026-05-14,4177.917
2026-05-15,4135.3892
2026-05-18,4131.5278
2026-05-19,4169.5381
2026-05-20,4162.1851
2026-05-21,4077.2771
2026-05-22,4112.8989
2026-05-25,4152.5679
2026-05-26,4145.373
2026-05-27,4093.7271
2026-05-28,4098.6362
2026-05-29,4068.5691
2026-06-01,4057.74
2026-06-02,4075.1021
2026-06-03,4083.9741
2026-06-04,4057.781
2026-06-05,4027.7361
2026-06-08,3959.3379
2026-06-09,4010.031
2026-06-10,3993.2261
2026-06-11,3987.0149
2026-06-12,4031.5129
2026-06-15,4096.4722
2026-06-16,4091.8921
2026-06-17,4108.0762
2026-06-18,4090.481
2026-06-22,4163.0972
2026-06-23,4106.251
2026-06-24,4110.813
2026-06-25,4120.2808
2026-06-26,4027.2649
2026-06-29,4073.9021
2026-06-30,4094.397
2026-07-01,4112.4448
2026-07-02,4028.9041
2026-07-03,4043.6431
2026-07-06,4041.238
2026-07-07,3990.2351
2026-07-08,3970.8799
2026-07-09,4036.5879
2026-07-10,3996.1621
2026-07-13,3913.7939
2026-07-14,3967.126
2026-07-15,3955.5779
2026-07-16,3882.4131
2026-07-17,3764.155
2026-07-20,3796.281
2026-07-21,3864.3672
