date,close
2000-01-04,540750.0
2000-01-05,485100.0
2000-01-06,459900.0
2000-01-07,455700.0
2000-01-10,451500.0
2000-01-11,468300.0
2000-01-12,474600.0
2000-01-13,493500.0
2000-01-14,478800.0
2000-01-17,522900.0
2000-01-18,525000.0
2000-01-19,514500.0
2000-01-20,567000.0
2000-01-21,558600.0
2000-01-24,567000.0
2000-01-25,543900.0
2000-01-26,555450.0
2000-01-27,546000.0
2000-01-28,581700.0
2000-01-31,554400.0
2000-02-01,514500.0
2000-02-02,501900.0
2000-02-03,484050.0
2000-02-04,484050.0
2000-02-07,483000.0
2000-02-08,500850.0
2000-02-09,491400.0
2000-02-10,489300.0
2000-02-11,468300.0
2000-02-14,438900.0
2000-02-15,448350.0
2000-02-16,438900.0
2000-02-17,426300.0
2000-02-18,426300.0
2000-02-21,390600.0
2000-02-22,367500.0
2000-02-23,390600.0
2000-02-24,370650.0
2000-02-25,369600.0
2000-02-28,327600.0
2000-02-29,375900.0
2000-03-01,375900.0
2000-03-02,431550.0
2000-03-03,495600.0
2000-03-06,466200.0
2000-03-07,471450.0
2000-03-08,484050.0
2000-03-09,472500.0
2000-03-10,444150.0
2000-03-13,396900.0
2000-03-14,413700.0
2000-03-15,431550.0
2000-03-16,422100.0
2000-03-17,436800.0
2000-03-20,466200.0
2000-03-21,476700.0
2000-03-22,504000.0
2000-03-23,483000.0
2000-03-24,530250.0
2000-03-27,525000.0
2000-03-28,543900.0
2000-03-29,560700.0
2000-03-30,535500.0
2000-03-31,516600.0
2000-04-03,533400.0
2000-04-04,520800.0
2000-04-05,520800.0
2000-04-06,491400.0
2000-04-07,513450.0
2000-04-10,517650.0
2000-04-11,504000.0
2000-04-12,509250.0
2000-04-13,509250.0
2000-04-14,474600.0
2000-04-17,404250.0
2000-04-18,456750.0
2000-04-19,468300.0
2000-04-20,462000.0
2000-04-21,451500.0
2000-04-24,453600.0
2000-04-25,439950.0
2000-04-26,374850.0
2000-04-27,339150.0
2000-04-28,369600.0
2000-05-01,369600.0
2000-05-02,365400.0
2000-05-03,365400.0
2000-05-04,367500.0
2000-05-05,367500.0
2000-05-08,374850.0
2000-05-09,374850.0
2000-05-10,359100.0
2000-05-11,359100.0
2000-05-12,344400.0
2000-05-15,351750.0
2000-05-16,367500.0
2000-05-17,369600.0
2000-05-18,359100.0
2000-05-19,357000.0
2000-05-22,342300.0
2000-05-23,337050.0
2000-05-24,336000.0
2000-05-25,353850.0
2000-05-26,317100.0
2000-05-29,290850.0
2000-05-30,290850.0
2000-05-31,369600.0
2000-06-01,378000.0
2000-06-02,390600.0
2000-06-05,406350.0
2000-06-06,406350.0
2000-06-07,415800.0
2000-06-08,439950.0
2000-06-09,470400.0
2000-06-12,462000.0
2000-06-13,434700.0
2000-06-14,469350.0
2000-06-15,432600.0
2000-06-16,426300.0
2000-06-19,416850.0
2000-06-20,431550.0
2000-06-21,438900.0
2000-06-22,462000.0
2000-06-23,465150.0
2000-06-26,483000.0
2000-06-27,489300.0
2000-06-28,495600.0
2000-06-29,468300.0
2000-06-30,462000.0
2000-07-03,472500.0
2000-07-04,476700.0
2000-07-05,497700.0
2000-07-06,514500.0
2000-07-07,514500.0
2000-07-10,507150.0
2000-07-11,501900.0
2000-07-12,489300.0
2000-07-13,494550.0
2000-07-14,491400.0
2000-07-17,491400.0
2000-07-18,493500.0
2000-07-19,493500.0
2000-07-20,415800.0
2000-07-21,435750.0
2000-07-24,397950.0
2000-07-25,383250.0
2000-07-26,389550.0
2000-07-27,378000.0
2000-07-28,345450.0
2000-07-31,365400.0
2000-08-01,420000.0
2000-08-02,410550.0
2000-08-03,409500.0
2000-08-04,401100.0
2000-08-07,387450.0
2000-08-08,390600.0
2000-08-09,418950.0
2000-08-10,424200.0
2000-08-11,407400.0
2000-08-14,414750.0
2000-08-15,414750.0
2000-08-16,476700.0
2000-08-17,457800.0
2000-08-18,459900.0
2000-08-21,463050.0
2000-08-22,468300.0
2000-08-23,460950.0
2000-08-24,472500.0
2000-08-25,475650.0
2000-08-28,478800.0
2000-08-29,478800.0
2000-08-30,465150.0
2000-08-31,426300.0
2000-09-01,424200.0
2000-09-04,394800.0
2000-09-05,386400.0
2000-09-06,379050.0
2000-09-07,349650.0
2000-09-08,358050.0
2000-09-11,358050.0
2000-09-12,358050.0
2000-09-13,358050.0
2000-09-14,396900.0
2000-09-15,347550.0
2000-09-18,298200.0
2000-09-19,312900.0
2000-09-20,359100.0
2000-09-21,333900.0
2000-09-22,301350.0
2000-09-25,320250.0
2000-09-26,320250.0
2000-09-27,326550.0
2000-09-28,336000.0
2000-09-29,334950.0
2000-10-02,323400.0
2000-10-03,323400.0
2000-10-04,331800.0
2000-10-05,329700.0
2000-10-06,323400.0
2000-10-09,310800.0
2000-10-10,302400.0
2000-10-11,274050.0
2000-10-12,259350.0
2000-10-13,236250.0
2000-10-16,236250.0
2000-10-17,201600.0
2000-10-18,191100.0
2000-10-19,175140.0
2000-10-20,190050.0
2000-10-23,161910.0
2000-10-24,186060.0
2000-10-25,188370.0
2000-10-26,179340.0
2000-10-27,179340.0
2000-10-30,154770.0
2000-10-31,146790.0
2000-11-01,151620.0
2000-11-02,164430.0
2000-11-03,170100.0
2000-11-06,170730.0
2000-11-07,162540.0
2000-11-08,154350.0
2000-11-09,150780.0
2000-11-10,146580.0
2000-11-13,139650.0
2000-11-14,155400.0
2000-11-15,155190.0
2000-11-16,161700.0
2000-11-17,152460.0
2000-11-20,149100.0
2000-11-21,145950.0
2000-11-22,147000.0
2000-11-23,145530.0
2000-11-24,152250.0
2000-11-27,174930.0
2000-11-28,159600.0
2000-11-29,147840.0
2000-11-30,143640.0
2000-12-01,142800.0
2000-12-04,136710.0
2000-12-05,143010.0
2000-12-06,138180.0
2000-12-07,138180.0
2000-12-08,139650.0
2000-12-11,143010.0
2000-12-12,143010.0
2000-12-13,147000.0
2000-12-14,141750.0
2000-12-15,137970.0
2000-12-18,132930.0
2000-12-19,113190.0
2000-12-20,96390.0
2000-12-21,83160.0
2000-12-22,74760.0
2000-12-25,74760.0
2000-12-26,84525.0
2000-12-27,84525.0
2000-12-28,84525.0
2000-12-29,84525.0
2001-01-01,84525.0
2001-01-02,95340.0
2001-01-03,95760.0
2001-01-04,110040.0
2001-01-05,126420.0
2001-01-08,128940.0
2001-01-09,124320.0
2001-01-10,105840.0
2001-01-11,110880.0
2001-01-12,111720.0
2001-01-15,126000.0
2001-01-16,140700.0
2001-01-17,131250.0
2001-01-18,135450.0
2001-01-19,142380.0
2001-01-22,144270.0
2001-01-23,144270.0
2001-01-24,144270.0
2001-01-25,144270.0
2001-01-26,124110.0
2001-01-29,120540.0
2001-01-30,122850.0
2001-01-31,122850.0
2001-02-01,116130.0
2001-02-02,113400.0
2001-02-05,103530.0
2001-02-06,102270.0
2001-02-07,100905.0
2001-02-08,105840.0
2001-02-09,101850.0
2001-02-12,101430.0
2001-02-13,99855.0
2001-02-14,97860.0
2001-02-15,97755.0
2001-02-16,93660.0
2001-02-19,88200.0
2001-02-20,90090.0
2001-02-21,85680.0
2001-02-22,81270.0
2001-02-23,84000.0
2001-02-26,82740.0
2001-02-27,80430.0
2001-02-28,78750.0
2001-03-01,78750.0
2001-03-02,70875.0
2001-03-05,72660.0
2001-03-06,73920.0
2001-03-07,72660.0
2001-03-08,72765.0
2001-03-09,70035.0
2001-03-12,71610.0
2001-03-13,63000.0
2001-03-14,63000.0
2001-03-15,66465.0
2001-03-16,65940.0
2001-03-19,65310.0
2001-03-20,64785.0
2001-03-21,62790.0
2001-03-22,63000.0
2001-03-23,63735.0
2001-03-26,73290.0
2001-03-27,66150.0
2001-03-28,63840.0
2001-03-29,68460.0
2001-03-30,66255.0
2001-04-02,64890.0
2001-04-03,61530.0
2001-04-04,57960.0
2001-04-05,57960.0
2001-04-06,62160.0
2001-04-09,58800.0
2001-04-10,55230.0
2001-04-11,53970.0
2001-04-12,55020.0
2001-04-13,53865.0
2001-04-16,52605.0
2001-04-17,51030.0
2001-04-18,58590.0
2001-04-19,67305.0
2001-04-20,68985.0
2001-04-23,71505.0
2001-04-24,64680.0
2001-04-25,67830.0
2001-04-26,67830.0
2001-04-27,64575.0
2001-04-30,71085.0
2001-05-01,71085.0
2001-05-02,71085.0
2001-05-03,72030.0
2001-05-04,72765.0
2001-05-07,76755.0
2001-05-08,88200.0
2001-05-09,82530.0
2001-05-10,86100.0
2001-05-11,84735.0
2001-05-14,97440.0
2001-05-15,91980.0
2001-05-16,85365.0
2001-05-17,86730.0
2001-05-18,84840.0
2001-05-21,87045.0
2001-05-22,86520.0
2001-05-23,84840.0
2001-05-24,83895.0
2001-05-25,92820.0
2001-05-28,90510.0
2001-05-29,95970.0
2001-05-30,94920.0
2001-05-31,91140.0
2001-06-01,90090.0
2001-06-04,90930.0
2001-06-05,87360.0
2001-06-06,87360.0
2001-06-07,91245.0
2001-06-08,97440.0
2001-06-11,95445.0
2001-06-12,96810.0
2001-06-13,90825.0
2001-06-14,86730.0
2001-06-15,86100.0
2001-06-18,78015.0
2001-06-19,76020.0
2001-06-20,68565.0
2001-06-21,69405.0
2001-06-22,67200.0
2001-06-25,66360.0
2001-06-26,62685.0
2001-06-27,57960.0
2001-06-28,57750.0
2001-06-29,58695.0
2001-07-02,57960.0
2001-07-03,55755.0
2001-07-04,55020.0
2001-07-05,52080.0
2001-07-06,48615.0
2001-07-09,43155.0
2001-07-10,44520.0
2001-07-11,42630.0
2001-07-12,44205.0
2001-07-13,39690.0
2001-07-16,35385.0
2001-07-17,35385.0
2001-07-18,35490.0
2001-07-19,31815.0
2001-07-20,29400.0
2001-07-23,25095.0
2001-07-24,27720.0
2001-07-25,24150.0
2001-07-26,25410.0
2001-07-27,28665.0
2001-07-30,28035.0
2001-07-31,28875.0
2001-08-01,33180.0
2001-08-02,33915.0
2001-08-03,34125.0
2001-08-06,37590.0
2001-08-07,35385.0
2001-08-08,33915.0
2001-08-09,32130.0
2001-08-10,32445.0
2001-08-13,31605.0
2001-08-14,35070.0
2001-08-15,35070.0
2001-08-16,35070.0
2001-08-17,34230.0
2001-08-20,32025.0
2001-08-21,32865.0
2001-08-22,34230.0
2001-08-23,29400.0
2001-08-24,26355.0
2001-08-27,22470.0
2001-08-28,22995.0
2001-08-29,19635.0
2001-08-30,18480.0
2001-08-31,17430.0
2001-09-03,16800.0
2001-09-04,19320.0
2001-09-05,20580.0
2001-09-06,23625.0
2001-09-07,27090.0
2001-09-10,29400.0
2001-09-11,24990.0
2001-09-12,21315.0
2001-09-13,24465.0
2001-09-14,20895.0
2001-09-17,17850.0
2001-09-18,20475.0
2001-09-19,19845.0
2001-09-20,19425.0
2001-09-21,19215.0
2001-09-24,19215.0
2001-09-25,18690.0
2001-09-26,18375.0
2001-09-27,19110.0
2001-09-28,19110.0
2001-10-01,19110.0
2001-10-02,19110.0
2001-10-03,19110.0
2001-10-04,20055.0
2001-10-05,22995.0
2001-10-08,22680.0
2001-10-09,23310.0
2001-10-10,21735.0
2001-10-11,22470.0
2001-10-12,22050.0
2001-10-15,22155.0
2001-10-16,21315.0
2001-10-17,21315.0
2001-10-18,19950.0
2001-10-19,21105.0
2001-10-22,20790.0
2001-10-23,19740.0
2001-10-24,18900.0
2001-10-25,19845.0
2001-10-26,19740.0
2001-10-29,20790.0
2001-10-30,20370.0
2001-10-31,23415.0
2001-11-01,26880.0
2001-11-02,26040.0
2001-11-05,26565.0
2001-11-06,25410.0
2001-11-07,24990.0
2001-11-08,25200.0
2001-11-09,25200.0
2001-11-12,33285.0
2001-11-13,34440.0
2001-11-14,38430.0
2001-11-15,36330.0
2001-11-16,37800.0
2001-11-19,40530.0
2001-11-20,36015.0
2001-11-21,37065.0
2001-11-22,40635.0
2001-11-23,40110.0
2001-11-26,40845.0
2001-11-27,44730.0
2001-11-28,40740.0
2001-11-29,43050.0
2001-11-30,45045.0
2001-12-03,51765.0
2001-12-04,55860.0
2001-12-05,58380.0
2001-12-06,57540.0
2001-12-07,59850.0
2001-12-10,56070.0
2001-12-11,55650.0
2001-12-12,55125.0
2001-12-13,51240.0
2001-12-14,49560.0
2001-12-17,51345.0
2001-12-18,43680.0
2001-12-19,42525.0
2001-12-20,42840.0
2001-12-21,40950.0
2001-12-24,42420.0
2001-12-25,42420.0
2001-12-26,48720.0
2001-12-27,48720.0
2001-12-28,50820.0
2001-12-31,50820.0
2002-01-01,50820.0
2002-01-02,58380.0
2002-01-03,58380.0
2002-01-04,61740.0
2002-01-07,60060.0
2002-01-08,58905.0
2002-01-09,67725.0
2002-01-10,65520.0
2002-01-11,63630.0
2002-01-14,66465.0
2002-01-15,59220.0
2002-01-16,56175.0
2002-01-17,54600.0
2002-01-18,50400.0
2002-01-21,49875.0
2002-01-22,54285.0
2002-01-23,55020.0
2002-01-24,54600.0
2002-01-25,52080.0
2002-01-28,52290.0
2002-01-29,48090.0
2002-01-30,52920.0
2002-01-31,52920.0
2002-02-01,54915.0
2002-02-04,51450.0
2002-02-05,51870.0
2002-02-06,52185.0
2002-02-07,49140.0
2002-02-08,53130.0
2002-02-11,53130.0
2002-02-12,53130.0
2002-02-13,53130.0
2002-02-14,49770.0
2002-02-15,42315.0
2002-02-18,40110.0
2002-02-19,37800.0
2002-02-20,37065.0
2002-02-21,32760.0
2002-02-22,33600.0
2002-02-25,30450.0
2002-02-26,31080.0
2002-02-27,35070.0
2002-02-28,33915.0
2002-03-01,33915.0
2002-03-04,35805.0
2002-03-05,41160.0
2002-03-06,44100.0
2002-03-07,37485.0
2002-03-08,36435.0
2002-03-11,33810.0
2002-03-12,34755.0
2002-03-13,34125.0
2002-03-14,35595.0
2002-03-15,34965.0
2002-03-18,33180.0
2002-03-19,32445.0
2002-03-20,30660.0
2002-03-21,29610.0
2002-03-22,31920.0
2002-03-25,30765.0
2002-03-26,30555.0
2002-03-27,30870.0
2002-03-28,32655.0
2002-03-29,30240.0
2002-04-01,29715.0
2002-04-02,28980.0
2002-04-03,28770.0
2002-04-04,28770.0
2002-04-05,28770.0
2002-04-08,28035.0
2002-04-09,26670.0
2002-04-10,26670.0
2002-04-11,26565.0
2002-04-12,30450.0
2002-04-15,29505.0
2002-04-16,28665.0
2002-04-17,28560.0
2002-04-18,27615.0
2002-04-19,26460.0
2002-04-22,24675.0
2002-04-23,21105.0
2002-04-24,22680.0
2002-04-25,21210.0
2002-04-26,22155.0
2002-04-29,18900.0
2002-04-30,20055.0
2002-05-01,20055.0
2002-05-02,17115.0
2002-05-03,16905.0
2002-05-06,14805.0
2002-05-07,13020.0
2002-05-08,14910.0
2002-05-09,14595.0
2002-05-10,13965.0
2002-05-13,13860.0
2002-05-14,14805.0
2002-05-15,15540.0
2002-05-16,17430.0
2002-05-17,18060.0
2002-05-20,17325.0
2002-05-21,15960.0
2002-05-22,16170.0
2002-05-23,14805.0
2002-05-24,14805.0
2002-05-27,15120.0
2002-05-28,15435.0
2002-05-29,15330.0
2002-05-30,14700.0
2002-05-31,14490.0
2002-06-03,13020.0
2002-06-04,11130.0
2002-06-05,9555.0
2002-06-06,9555.0
2002-06-07,8190.0
2002-06-10,7455.0
2002-06-11,7980.0
2002-06-12,7560.0
2002-06-13,7560.0
2002-06-14,7560.0
2002-06-17,6930.0
2002-06-18,7035.0
2002-06-19,6090.0
2002-06-20,6090.0
2002-06-21,5985.0
2002-06-24,5460.0
2002-06-25,4830.0
2002-06-26,4200.0
2002-06-27,4830.0
2002-06-28,5460.0
2002-07-01,5460.0
2002-07-02,6195.0
2002-07-03,7035.0
2002-07-04,8085.0
2002-07-05,9240.0
2002-07-08,10605.0
2002-07-09,12180.0
2002-07-10,13965.0
2002-07-11,11970.0
2002-07-12,13755.0
2002-07-15,13860.0
2002-07-16,13440.0
2002-07-17,13440.0
2002-07-18,14805.0
2002-07-19,15435.0
2002-07-22,13125.0
2002-07-23,11760.0
2002-07-24,10605.0
2002-07-25,10920.0
2002-07-26,9345.0
2002-07-29,10710.0
2002-07-30,12285.0
2002-07-31,10710.0
2002-08-01,11445.0
2002-08-02,12495.0
2002-08-05,11970.0
2002-08-06,12180.0
2002-08-07,12390.0
2002-08-08,11760.0
2002-08-09,11970.0
2002-08-12,11865.0
2002-08-13,11235.0
2002-08-14,10605.0
2002-08-15,10605.0
2002-08-16,10500.0
2002-08-19,12075.0
2002-08-20,12390.0
2002-08-21,13125.0
2002-08-22,12600.0
2002-08-23,12600.0
2002-08-26,11130.0
2002-08-27,11340.0
2002-08-28,10920.0
2002-08-29,11550.0
2002-08-30,11235.0
2002-09-02,11235.0
2002-09-03,11025.0
2002-09-04,10815.0
2002-09-05,10605.0
2002-09-06,10080.0
2002-09-09,10185.0
2002-09-10,9765.0
2002-09-11,9555.0
2002-09-12,10920.0
2002-09-13,11340.0
2002-09-16,10080.0
2002-09-17,10395.0
2002-09-18,9870.0
2002-09-19,9765.0
2002-09-20,9765.0
2002-09-23,9240.0
2002-09-24,9030.0
2002-09-25,8715.0
2002-09-26,9975.0
2002-09-27,9030.0
2002-09-30,8925.0
2002-10-01,9030.0
2002-10-02,7770.0
2002-10-03,7770.0
2002-10-04,6615.0
2002-10-07,6300.0
2002-10-08,6405.0
2002-10-09,5985.0
2002-10-10,5880.0
2002-10-11,5985.0
2002-10-14,6195.0
2002-10-15,7035.0
2002-10-16,7350.0
2002-10-17,8400.0
2002-10-18,9660.0
2002-10-21,9765.0
2002-10-22,9660.0
2002-10-23,11025.0
2002-10-24,11445.0
2002-10-25,10815.0
2002-10-28,12390.0
2002-10-29,10605.0
2002-10-30,9660.0
2002-10-31,9975.0
2002-11-01,9555.0
2002-11-04,10920.0
2002-11-05,10500.0
2002-11-06,11130.0
2002-11-07,10395.0
2002-11-08,10500.0
2002-11-11,10080.0
2002-11-12,10290.0
2002-11-13,9870.0
2002-11-14,9555.0
2002-11-15,8820.0
2002-11-18,8610.0
2002-11-19,9870.0
2002-11-20,9660.0
2002-11-21,9660.0
2002-11-22,9240.0
2002-11-25,10185.0
2002-11-26,9765.0
2002-11-27,9450.0
2002-11-28,9240.0
2002-11-29,9135.0
2002-12-02,9135.0
2002-12-03,9660.0
2002-12-04,9240.0
2002-12-05,9345.0
2002-12-06,9240.0
2002-12-09,8190.0
2002-12-10,8610.0
2002-12-11,7350.0
2002-12-12,6930.0
2002-12-13,6615.0
2002-12-16,7560.0
2002-12-17,7455.0
2002-12-18,7980.0
2002-12-19,7980.0
2002-12-20,6825.0
2002-12-23,6615.0
2002-12-24,6195.0
2002-12-25,6195.0
2002-12-26,5985.0
2002-12-27,5985.0
2002-12-30,5880.0
2002-12-31,5880.0
2003-01-01,5880.0
2003-01-02,6720.0
2003-01-03,6930.0
2003-01-06,6825.0
2003-01-07,6405.0
2003-01-08,6300.0
2003-01-09,6195.0
2003-01-10,6090.0
2003-01-13,6825.0
2003-01-14,6510.0
2003-01-15,6405.0
2003-01-16,6195.0
2003-01-17,6090.0
2003-01-20,6195.0
2003-01-21,6195.0
2003-01-22,6090.0
2003-01-23,5985.0
2003-01-24,5775.0
2003-01-27,5460.0
2003-01-28,5355.0
2003-01-29,4620.0
2003-01-30,4935.0
2003-01-31,4935.0
2003-02-03,4935.0
2003-02-04,5670.0
2003-02-05,5145.0
2003-02-06,5040.0
2003-02-07,4830.0
2003-02-10,4830.0
2003-02-11,4725.0
2003-02-12,4725.0
2003-02-13,4620.0
2003-02-14,4725.0
2003-02-17,5145.0
2003-02-18,4935.0
2003-02-19,4830.0
2003-02-20,5460.0
2003-02-21,5040.0
2003-02-24,4935.0
2003-02-25,4620.0
2003-02-26,4410.0
2003-02-27,4305.0
2003-02-28,4200.0
2003-03-03,4305.0
2003-03-04,4095.0
2003-03-05,3990.0
2003-03-06,3990.0
2003-03-07,3780.0
2003-03-10,3570.0
2003-03-11,3360.0
2003-03-12,3570.0
2003-03-13,3465.0
2003-03-14,3465.0
2003-03-17,3045.0
2003-03-18,3150.0
2003-03-19,3045.0
2003-03-20,3465.0
2003-03-21,3465.0
2003-03-24,3255.0
2003-03-25,3045.0
2003-03-26,2835.0
2003-03-27,2835.0
2003-03-28,2835.0
2003-03-31,2835.0
2003-04-01,2835.0
2003-04-02,2835.0
2003-04-03,2835.0
2003-04-04,2835.0
2003-04-07,2835.0
2003-04-08,2835.0
2003-04-09,2835.0
2003-04-10,2835.0
2003-04-11,2835.0
2003-04-14,3045.0
2003-04-15,3500.0
2003-04-16,4025.0
2003-04-17,4420.0
2003-04-18,4580.0
2003-04-21,4430.0
2003-04-22,4140.0
2003-04-23,3870.0
2003-04-24,3880.0
2003-04-25,3300.0
2003-04-28,3215.0
2003-04-29,3250.0
2003-04-30,3230.0
2003-05-01,3230.0
2003-05-02,3230.0
2003-05-05,3230.0
2003-05-06,3610.0
2003-05-07,3490.0
2003-05-08,3490.0
2003-05-09,3615.0
2003-05-12,4155.0
2003-05-13,4100.0
2003-05-14,4350.0
2003-05-15,3960.0
2003-05-16,3800.0
2003-05-19,3390.0
2003-05-20,3440.0
2003-05-21,3420.0
2003-05-22,3280.0
2003-05-23,3770.0
2003-05-26,3800.0
2003-05-27,3900.0
2003-05-28,3905.0
2003-05-29,3800.0
2003-05-30,3815.0
2003-06-02,3960.0
2003-06-03,3835.0
2003-06-04,3845.0
2003-06-05,4105.0
2003-06-06,4105.0
2003-06-09,4055.0
2003-06-10,4150.0
2003-06-11,4230.0
2003-06-12,4860.0
2003-06-13,5580.0
2003-06-16,5590.0
2003-06-17,6090.0
2003-06-18,5180.0
2003-06-19,5950.0
2003-06-20,6320.0
2003-06-23,6160.0
2003-06-24,6010.0
2003-06-25,6060.0
2003-06-26,5840.0
2003-06-27,5930.0
2003-06-30,5790.0
2003-07-01,5900.0
2003-07-02,6700.0
2003-07-03,6810.0
2003-07-04,7300.0
2003-07-07,8050.0
2003-07-08,7830.0
2003-07-09,7980.0
2003-07-10,7960.0
2003-07-11,8060.0
2003-07-14,9260.0
2003-07-15,9150.0
2003-07-16,9740.0
2003-07-17,9740.0
2003-07-18,9630.0
2003-07-21,8860.0
2003-07-22,8780.0
2003-07-23,8490.0
2003-07-24,8330.0
2003-07-25,7710.0
2003-07-28,7480.0
2003-07-29,7070.0
2003-07-30,7440.0
2003-07-31,7390.0
2003-08-01,8490.0
2003-08-04,8430.0
2003-08-05,9310.0
2003-08-06,9580.0
2003-08-07,9350.0
2003-08-08,8800.0
2003-08-11,9000.0
2003-08-12,8900.0
2003-08-13,8900.0
2003-08-14,8640.0
2003-08-15,8640.0
2003-08-18,8270.0
2003-08-19,8870.0
2003-08-20,8350.0
2003-08-21,8390.0
2003-08-22,8080.0
2003-08-25,8130.0
2003-08-26,7870.0
2003-08-27,7720.0
2003-08-28,8060.0
2003-08-29,7970.0
2003-09-01,8140.0
2003-09-02,9060.0
2003-09-03,8420.0
2003-09-04,8210.0
2003-09-05,8150.0
2003-09-08,7770.0
2003-09-09,8080.0
2003-09-10,8080.0
2003-09-11,8080.0
2003-09-12,8080.0
2003-09-15,8120.0
2003-09-16,8100.0
2003-09-17,8160.0
2003-09-18,7910.0
2003-09-19,7740.0
2003-09-22,7150.0
2003-09-23,7180.0
2003-09-24,7100.0
2003-09-25,6810.0
2003-09-26,6970.0
2003-09-29,6840.0
2003-09-30,6710.0
2003-10-01,6700.0
2003-10-02,6840.0
2003-10-03,6840.0
2003-10-06,6850.0
2003-10-07,7050.0
2003-10-08,6800.0
2003-10-09,6780.0
2003-10-10,6960.0
2003-10-13,6860.0
2003-10-14,7100.0
2003-10-15,7230.0
2003-10-16,7150.0
2003-10-17,7700.0
2003-10-20,7900.0
2003-10-21,7710.0
2003-10-22,7500.0
2003-10-23,7130.0
2003-10-24,7000.0
2003-10-27,7110.0
2003-10-28,7600.0
2003-10-29,7340.0
2003-10-30,7440.0
2003-10-31,7530.0
2003-11-03,7820.0
2003-11-04,7250.0
2003-11-05,7530.0
2003-11-06,7210.0
2003-11-07,7250.0
2003-11-10,7060.0
2003-11-11,6900.0
2003-11-12,7020.0
2003-11-13,7140.0
2003-11-14,6990.0
2003-11-17,6990.0
2003-11-18,7080.0
2003-11-19,6730.0
2003-11-20,6660.0
2003-11-21,6580.0
2003-11-24,6110.0
2003-11-25,6140.0
2003-11-26,6700.0
2003-11-27,6480.0
2003-11-28,6630.0
2003-12-01,6880.0
2003-12-02,6800.0
2003-12-03,6750.0
2003-12-04,6660.0
2003-12-05,6450.0
2003-12-08,6290.0
2003-12-09,6330.0
2003-12-10,6350.0
2003-12-11,6280.0
2003-12-12,6300.0
2003-12-15,6620.0
2003-12-16,6310.0
2003-12-17,6210.0
2003-12-18,6170.0
2003-12-19,6160.0
2003-12-22,5850.0
2003-12-23,5570.0
2003-12-24,5200.0
2003-12-25,5200.0
2003-12-26,5040.0
2003-12-29,5250.0
2003-12-30,5600.0
2003-12-31,5600.0
2004-01-01,5600.0
2004-01-02,5600.0
2004-01-05,6250.0
2004-01-06,6130.0
2004-01-07,6620.0
2004-01-08,6510.0
2004-01-09,7160.0
2004-01-12,7260.0
2004-01-13,7050.0
2004-01-14,7480.0
2004-01-15,7230.0
2004-01-16,7430.0
2004-01-19,7430.0
2004-01-20,7400.0
2004-01-21,7400.0
2004-01-22,7400.0
2004-01-23,7400.0
2004-01-26,7420.0
2004-01-27,7920.0
2004-01-28,8720.0
2004-01-29,8960.0
2004-01-30,8950.0
2004-02-02,8830.0
2004-02-03,8300.0
2004-02-04,8580.0
2004-02-05,8230.0
2004-02-06,8430.0
2004-02-09,8440.0
2004-02-10,8400.0
2004-02-11,8420.0
2004-02-12,8320.0
2004-02-13,8420.0
2004-02-16,8460.0
2004-02-17,8660.0
2004-02-18,8730.0
2004-02-19,9300.0
2004-02-20,9110.0
2004-02-23,9830.0
2004-02-24,9070.0
2004-02-25,8890.0
2004-02-26,8870.0
2004-02-27,8970.0
2004-03-01,8970.0
2004-03-02,9250.0
2004-03-03,9770.0
2004-03-04,9790.0
2004-03-05,9900.0
2004-03-08,9650.0
2004-03-09,9430.0
2004-03-10,9310.0
2004-03-11,10650.0
2004-03-12,10200.0
2004-03-15,10450.0
2004-03-16,11000.0
2004-03-17,11100.0
2004-03-18,11700.0
2004-03-19,11650.0
2004-03-22,12000.0
2004-03-23,12200.0
2004-03-24,11550.0
2004-03-25,10600.0
2004-03-26,10850.0
2004-03-29,11550.0
2004-03-30,11400.0
2004-03-31,12250.0
2004-04-01,12450.0
2004-04-02,12550.0
2004-04-05,12550.0
2004-04-06,13750.0
2004-04-07,13750.0
2004-04-08,13500.0
2004-04-09,13600.0
2004-04-12,13600.0
2004-04-13,13900.0
2004-04-14,13250.0
2004-04-15,13250.0
2004-04-16,12450.0
2004-04-19,12650.0
2004-04-20,12800.0
2004-04-21,13200.0
2004-04-22,12200.0
2004-04-23,12150.0
2004-04-26,11250.0
2004-04-27,11450.0
2004-04-28,11250.0
2004-04-29,10650.0
2004-04-30,11900.0
2004-05-03,12200.0
2004-05-04,13200.0
2004-05-05,13200.0
2004-05-06,12250.0
2004-05-07,13100.0
2004-05-10,12400.0
2004-05-11,13000.0
2004-05-12,12900.0
2004-05-13,12450.0
2004-05-14,11350.0
2004-05-17,9650.0
2004-05-18,10250.0
2004-05-19,10300.0
2004-05-20,9320.0
2004-05-21,9600.0
2004-05-24,10900.0
2004-05-25,10300.0
2004-05-26,10300.0
2004-05-27,10250.0
2004-05-28,10850.0
2004-05-31,11250.0
2004-06-01,11300.0
2004-06-02,11500.0
2004-06-03,10500.0
2004-06-04,10600.0
2004-06-07,11600.0
2004-06-08,11450.0
2004-06-09,11850.0
2004-06-10,12000.0
2004-06-11,11400.0
2004-06-14,10350.0
2004-06-15,11000.0
2004-06-16,10550.0
2004-06-17,10950.0
2004-06-18,10800.0
2004-06-21,10950.0
2004-06-22,10950.0
2004-06-23,10900.0
2004-06-24,11300.0
2004-06-25,11700.0
2004-06-28,11850.0
2004-06-29,12400.0
2004-06-30,12650.0
2004-07-01,12600.0
2004-07-02,12100.0
2004-07-05,12450.0
2004-07-06,12350.0
2004-07-07,12100.0
2004-07-08,11500.0
2004-07-09,11650.0
2004-07-12,11100.0
2004-07-13,11250.0
2004-07-14,10900.0
2004-07-15,10650.0
2004-07-16,10550.0
2004-07-19,11050.0
2004-07-20,10750.0
2004-07-21,10900.0
2004-07-22,10800.0
2004-07-23,11000.0
2004-07-26,10650.0
2004-07-27,10600.0
2004-07-28,10300.0
2004-07-29,9700.0
2004-07-30,9000.0
2004-08-02,8830.0
2004-08-03,8530.0
2004-08-04,8800.0
2004-08-05,9250.0
2004-08-06,9050.0
2004-08-09,9350.0
2004-08-10,9300.0
2004-08-11,9050.0
2004-08-12,9000.0
2004-08-13,8820.0
2004-08-16,9140.0
2004-08-17,9010.0
2004-08-18,9050.0
2004-08-19,9260.0
2004-08-20,9330.0
2004-08-23,9790.0
2004-08-24,10100.0
2004-08-25,10100.0
2004-08-26,10100.0
2004-08-27,10300.0
2004-08-30,10600.0
2004-08-31,10450.0
2004-09-01,10350.0
2004-09-02,10400.0
2004-09-03,9960.0
2004-09-06,9920.0
2004-09-07,9820.0
2004-09-08,9970.0
2004-09-09,9960.0
2004-09-10,10200.0
2004-09-13,10800.0
2004-09-14,10850.0
2004-09-15,11400.0
2004-09-16,11150.0
2004-09-17,10950.0
2004-09-20,10700.0
2004-09-21,11000.0
2004-09-22,10500.0
2004-09-23,10400.0
2004-09-24,10400.0
2004-09-27,10400.0
2004-09-28,10400.0
2004-09-29,10400.0
2004-09-30,10500.0
2004-10-01,11100.0
2004-10-04,11600.0
2004-10-05,11850.0
2004-10-06,12750.0
2004-10-07,13650.0
2004-10-08,14300.0
2004-10-11,14400.0
2004-10-12,13350.0
2004-10-13,13400.0
2004-10-14,13500.0
2004-10-15,14200.0
2004-10-18,13850.0
2004-10-19,13450.0
2004-10-20,12950.0
2004-10-21,12900.0
2004-10-22,12450.0
2004-10-25,12600.0
2004-10-26,12150.0
2004-10-27,11900.0
2004-10-28,12950.0
2004-10-29,12700.0
2004-11-01,12150.0
2004-11-02,12200.0
2004-11-03,12750.0
2004-11-04,12200.0
2004-11-05,12050.0
2004-11-08,11650.0
2004-11-09,11450.0
2004-11-10,12000.0
2004-11-11,11750.0
2004-11-12,11900.0
2004-11-15,12200.0
2004-11-16,12250.0
2004-11-17,12500.0
2004-11-18,11900.0
2004-11-19,12150.0
2004-11-22,11700.0
2004-11-23,11600.0
2004-11-24,11400.0
2004-11-25,11050.0
2004-11-26,10550.0
2004-11-29,10150.0
2004-11-30,10350.0
2004-12-01,10700.0
2004-12-02,10350.0
2004-12-03,10650.0
2004-12-06,10400.0
2004-12-07,10500.0
2004-12-08,10450.0
2004-12-09,10550.0
2004-12-10,10350.0
2004-12-13,10400.0
2004-12-14,11000.0
2004-12-15,11600.0
2004-12-16,11550.0
2004-12-17,11600.0
2004-12-20,11500.0
2004-12-21,11550.0
2004-12-22,11400.0
2004-12-23,11000.0
2004-12-24,11000.0
2004-12-27,10900.0
2004-12-28,10600.0
2004-12-29,11200.0
2004-12-30,11650.0
2004-12-31,11650.0
2005-01-03,11600.0
2005-01-04,11750.0
2005-01-05,11850.0
2005-01-06,11900.0
2005-01-07,11700.0
2005-01-10,12500.0
2005-01-11,12100.0
2005-01-12,11800.0
2005-01-13,12050.0
2005-01-14,12250.0
2005-01-17,13000.0
2005-01-18,12950.0
2005-01-19,13150.0
2005-01-20,12900.0
2005-01-21,12700.0
2005-01-24,12700.0
2005-01-25,12350.0
2005-01-26,12850.0
2005-01-27,12650.0
2005-01-28,12600.0
2005-01-31,13000.0
2005-02-01,12800.0
2005-02-02,13000.0
2005-02-03,12900.0
2005-02-04,12700.0
2005-02-07,13300.0
2005-02-08,13300.0
2005-02-09,13300.0
2005-02-10,13300.0
2005-02-11,13400.0
2005-02-14,15000.0
2005-02-15,15050.0
2005-02-16,15500.0
2005-02-17,15750.0
2005-02-18,15650.0
2005-02-21,16200.0
2005-02-22,15200.0
2005-02-23,14300.0
2005-02-24,14850.0
2005-02-25,15050.0
2005-02-28,15050.0
2005-03-01,15050.0
2005-03-02,15100.0
2005-03-03,14400.0
2005-03-04,13900.0
2005-03-07,13900.0
2005-03-08,13550.0
2005-03-09,13400.0
2005-03-10,13650.0
2005-03-11,14150.0
2005-03-14,13850.0
2005-03-15,13300.0
2005-03-16,13400.0
2005-03-17,13000.0
2005-03-18,12850.0
2005-03-21,13150.0
2005-03-22,13400.0
2005-03-23,13000.0
2005-03-24,12700.0
2005-03-25,12900.0
2005-03-28,13000.0
2005-03-29,12700.0
2005-03-30,12950.0
2005-03-31,13050.0
2005-04-01,13650.0
2005-04-04,13900.0
2005-04-05,13900.0
2005-04-06,14100.0
2005-04-07,13850.0
2005-04-08,13700.0
2005-04-11,13600.0
2005-04-12,13850.0
2005-04-13,13500.0
2005-04-14,13450.0
2005-04-15,13000.0
2005-04-18,12400.0
2005-04-19,12600.0
2005-04-20,12550.0
2005-04-21,13150.0
2005-04-22,13000.0
2005-04-25,12800.0
2005-04-26,12450.0
2005-04-27,12300.0
2005-04-28,12150.0
2005-04-29,12100.0
2005-05-02,12150.0
2005-05-03,12200.0
2005-05-04,12500.0
2005-05-05,12500.0
2005-05-06,13200.0
2005-05-09,13700.0
2005-05-10,13500.0
2005-05-11,13300.0
2005-05-12,13900.0
2005-05-13,14500.0
2005-05-16,14400.0
2005-05-17,14050.0
2005-05-18,14150.0
2005-05-19,14350.0
2005-05-20,14550.0
2005-05-23,14600.0
2005-05-24,14950.0
2005-05-25,14850.0
2005-05-26,14700.0
2005-05-27,15400.0
2005-05-30,15750.0
2005-05-31,15900.0
2005-06-01,15650.0
2005-06-02,15900.0
2005-06-03,16000.0
2005-06-06,16000.0
2005-06-07,15350.0
2005-06-08,15750.0
2005-06-09,15950.0
2005-06-10,16100.0
2005-06-13,15650.0
2005-06-14,15700.0
2005-06-15,16100.0
2005-06-16,16350.0
2005-06-17,17400.0
2005-06-20,17400.0
2005-06-21,17150.0
2005-06-22,17150.0
2005-06-23,17400.0
2005-06-24,17200.0
2005-06-27,16550.0
2005-06-28,16400.0
2005-06-29,16750.0
2005-06-30,17000.0
2005-07-01,17000.0
2005-07-04,17700.0
2005-07-05,17700.0
2005-07-06,18100.0
2005-07-07,18150.0
2005-07-08,18850.0
2005-07-11,20850.0
2005-07-12,19950.0
2005-07-13,20350.0
2005-07-14,22050.0
2005-07-15,21700.0
2005-07-18,21550.0
2005-07-19,21950.0
2005-07-20,20800.0
2005-07-21,20250.0
2005-07-22,20550.0
2005-07-25,22700.0
2005-07-26,22650.0
2005-07-27,22950.0
2005-07-28,23500.0
2005-07-29,23900.0
2005-08-01,23550.0
2005-08-02,24650.0
2005-08-03,24000.0
2005-08-04,23000.0
2005-08-05,22100.0
2005-08-08,22500.0
2005-08-09,22400.0
2005-08-10,22700.0
2005-08-11,23200.0
2005-08-12,22050.0
2005-08-15,22050.0
2005-08-16,22350.0
2005-08-17,22100.0
2005-08-18,21500.0
2005-08-19,20800.0
2005-08-22,21550.0
2005-08-23,20600.0
2005-08-24,20350.0
2005-08-25,20200.0
2005-08-26,20950.0
2005-08-29,20150.0
2005-08-30,20550.0
2005-08-31,21400.0
2005-09-01,21900.0
2005-09-02,22900.0
2005-09-05,23000.0
2005-09-06,22000.0
2005-09-07,21700.0
2005-09-08,21450.0
2005-09-09,21500.0
2005-09-12,22800.0
2005-09-13,22750.0
2005-09-14,24350.0
2005-09-15,24100.0
2005-09-16,24000.0
2005-09-19,24000.0
2005-09-20,23650.0
2005-09-21,23500.0
2005-09-22,23550.0
2005-09-23,22800.0
2005-09-26,23800.0
2005-09-27,24000.0
2005-09-28,23600.0
2005-09-29,23850.0
2005-09-30,23000.0
2005-10-03,23000.0
2005-10-04,22550.0
2005-10-05,23000.0
2005-10-06,22750.0
2005-10-07,22500.0
2005-10-10,22700.0
2005-10-11,23750.0
2005-10-12,23250.0
2005-10-13,24000.0
2005-10-14,23400.0
2005-10-17,22300.0
2005-10-18,22100.0
2005-10-19,21500.0
2005-10-20,22150.0
2005-10-21,22700.0
2005-10-24,23300.0
2005-10-25,22600.0
2005-10-26,21000.0
2005-10-27,19600.0
2005-10-28,19000.0
2005-10-31,19050.0
2005-11-01,19550.0
2005-11-02,19650.0
2005-11-03,20000.0
2005-11-04,21150.0
2005-11-07,22000.0
2005-11-08,21800.0
2005-11-09,21850.0
2005-11-10,22150.0
2005-11-11,22700.0
2005-11-14,23900.0
2005-11-15,24000.0
2005-11-16,24250.0
2005-11-17,24250.0
2005-11-18,23250.0
2005-11-21,23400.0
2005-11-22,21350.0
2005-11-23,22200.0
2005-11-24,21450.0
2005-11-25,21150.0
2005-11-28,21950.0
2005-11-29,21700.0
2005-11-30,21900.0
2005-12-01,22600.0
2005-12-02,23600.0
2005-12-05,24300.0
2005-12-06,24750.0
2005-12-07,26500.0
2005-12-08,26550.0
2005-12-09,25800.0
2005-12-12,25700.0
2005-12-13,26100.0
2005-12-14,27500.0
2005-12-15,29550.0
2005-12-16,28900.0
2005-12-19,30750.0
2005-12-20,30300.0
2005-12-21,30950.0
2005-12-22,32900.0
2005-12-23,33500.0
2005-12-26,33850.0
2005-12-27,33000.0
2005-12-28,33300.0
2005-12-29,35300.0
2006-01-02,37600.0
2006-01-03,38200.0
2006-01-04,35400.0
2006-01-05,34750.0
2006-01-06,35100.0
2006-01-09,36750.0
2006-01-10,38100.0
2006-01-11,37500.0
2006-01-12,37650.0
2006-01-13,38100.0
2006-01-16,37700.0
2006-01-17,36200.0
2006-01-18,33150.0
2006-01-19,34550.0
2006-01-20,32400.0
2006-01-23,31250.0
2006-01-24,33500.0
2006-01-25,34000.0
2006-01-26,36750.0
2006-01-27,37400.0
2006-01-31,37200.0
2006-02-01,35500.0
2006-02-02,36400.0
2006-02-03,35000.0
2006-02-06,35550.0
2006-02-07,35250.0
2006-02-08,34700.0
2006-02-09,35050.0
2006-02-10,34450.0
2006-02-13,32850.0
2006-02-14,33000.0
2006-02-15,28950.0
2006-02-16,30450.0
2006-02-17,31100.0
2006-02-20,30950.0
2006-02-21,30400.0
2006-02-22,30950.0
2006-02-23,32250.0
2006-02-24,32800.0
2006-02-27,32800.0
2006-02-28,33200.0
2006-03-02,32000.0
2006-03-03,30450.0
2006-03-06,31100.0
2006-03-07,29000.0
2006-03-08,29450.0
2006-03-09,29150.0
2006-03-10,29400.0
2006-03-13,29150.0
2006-03-14,28300.0
2006-03-15,28300.0
2006-03-16,27700.0
2006-03-17,28600.0
2006-03-20,28800.0
2006-03-21,28450.0
2006-03-22,27350.0
2006-03-23,27150.0
2006-03-24,26550.0
2006-03-27,27500.0
2006-03-28,27650.0
2006-03-29,27700.0
2006-03-30,28300.0
2006-03-31,28950.0
2006-04-03,29600.0
2006-04-04,30800.0
2006-04-05,30700.0
2006-04-06,30900.0
2006-04-07,30900.0
2006-04-10,30300.0
2006-04-11,29700.0
2006-04-12,30400.0
2006-04-13,31100.0
2006-04-14,32500.0
2006-04-17,32950.0
2006-04-18,33000.0
2006-04-19,33700.0
2006-04-20,33650.0
2006-04-21,34300.0
2006-04-24,33900.0
2006-04-25,33250.0
2006-04-26,33300.0
2006-04-27,33900.0
2006-04-28,32950.0
2006-05-02,31100.0
2006-05-03,31000.0
2006-05-04,31000.0
2006-05-08,31500.0
2006-05-09,32900.0
2006-05-10,32050.0
2006-05-11,32500.0
2006-05-12,32750.0
2006-05-15,33200.0
2006-05-16,32800.0
2006-05-17,34350.0
2006-05-18,34600.0
2006-05-19,34100.0
2006-05-22,34100.0
2006-05-23,32900.0
2006-05-24,33150.0
2006-05-25,31900.0
2006-05-26,32550.0
2006-05-29,32200.0
2006-05-30,31950.0
2006-05-31,32200.0
2006-06-01,31150.0
2006-06-02,31750.0
2006-06-05,31500.0
2006-06-07,30700.0
2006-06-08,30100.0
2006-06-09,30050.0
2006-06-12,29950.0
2006-06-13,28900.0
2006-06-14,29050.0
2006-06-15,28900.0
2006-06-16,29700.0
2006-06-19,29100.0
2006-06-20,28200.0
2006-06-21,27200.0
2006-06-22,27000.0
2006-06-23,27100.0
2006-06-26,29450.0
2006-06-27,29500.0
2006-06-28,30000.0
2006-06-29,29950.0
2006-06-30,30750.0
2006-07-03,31050.0
2006-07-04,30600.0
2006-07-05,30450.0
2006-07-06,30500.0
2006-07-07,30350.0
2006-07-10,30950.0
2006-07-11,31750.0
2006-07-12,32100.0
2006-07-13,31900.0
2006-07-14,30900.0
2006-07-18,30600.0
2006-07-19,30500.0
2006-07-20,31300.0
2006-07-21,32100.0
2006-07-24,31800.0
2006-07-25,32100.0
2006-07-26,31800.0
2006-07-27,31800.0
2006-07-28,31950.0
2006-07-31,32450.0
2006-08-01,32900.0
2006-08-02,33200.0
2006-08-03,33100.0
2006-08-04,33650.0
2006-08-07,32800.0
2006-08-08,33200.0
2006-08-09,33300.0
2006-08-10,32600.0
2006-08-11,32550.0
2006-08-14,32900.0
2006-08-16,32850.0
2006-08-17,34400.0
2006-08-18,34900.0
2006-08-21,34500.0
2006-08-22,34500.0
2006-08-23,34000.0
2006-08-24,34500.0
2006-08-25,35750.0
2006-08-28,36000.0
2006-08-29,36400.0
2006-08-30,36400.0
2006-08-31,36800.0
2006-09-01,37500.0
2006-09-04,37800.0
2006-09-05,37100.0
2006-09-06,36400.0
2006-09-07,36300.0
2006-09-08,37000.0
2006-09-11,36700.0
2006-09-12,37200.0
2006-09-13,38300.0
2006-09-14,38900.0
2006-09-15,39100.0
2006-09-18,40150.0
2006-09-19,39900.0
2006-09-20,38550.0
2006-09-21,38050.0
2006-09-22,36750.0
2006-09-25,37100.0
2006-09-26,36200.0
2006-09-27,36500.0
2006-09-28,37000.0
2006-09-29,37450.0
2006-10-02,37050.0
2006-10-04,36600.0
2006-10-09,34750.0
2006-10-10,35050.0
2006-10-11,35150.0
2006-10-12,35900.0
2006-10-13,37300.0
2006-10-16,37250.0
2006-10-17,37300.0
2006-10-18,37350.0
2006-10-19,36200.0
2006-10-20,36100.0
2006-10-23,36100.0
2006-10-24,36000.0
2006-10-25,35350.0
2006-10-26,35550.0
2006-10-27,34350.0
2006-10-30,33300.0
2006-10-31,34200.0
2006-11-01,34050.0
2006-11-02,34800.0
2006-11-03,33700.0
2006-11-06,33650.0
2006-11-07,34000.0
2006-11-08,34500.0
2006-11-09,34700.0
2006-11-10,34200.0
2006-11-13,35100.0
2006-11-14,35400.0
2006-11-15,36000.0
2006-11-16,35600.0
2006-11-17,35850.0
2006-11-20,35000.0
2006-11-21,34950.0
2006-11-22,35750.0
2006-11-23,35600.0
2006-11-24,35650.0
2006-11-27,35400.0
2006-11-28,34800.0
2006-11-29,35150.0
2006-11-30,35400.0
2006-12-01,36050.0
2006-12-04,36450.0
2006-12-05,36550.0
2006-12-06,36400.0
2006-12-07,36300.0
2006-12-08,34900.0
2006-12-11,35350.0
2006-12-12,34600.0
2006-12-13,34850.0
2006-12-14,35800.0
2006-12-15,36200.0
2006-12-18,36450.0
2006-12-19,35850.0
2006-12-20,36500.0
2006-12-21,36150.0
2006-12-22,36200.0
2006-12-26,35750.0
2006-12-27,36350.0
2006-12-28,36500.0
2007-01-02,37450.0
2007-01-03,37050.0
2007-01-04,37100.0
2007-01-05,37450.0
2007-01-08,36700.0
2007-01-09,36650.0
2007-01-10,36500.0
2007-01-11,36300.0
2007-01-12,36400.0
2007-01-15,36500.0
2007-01-16,35850.0
2007-01-17,34250.0
2007-01-18,34000.0
2007-01-19,32150.0
2007-01-22,32900.0
2007-01-23,32650.0
2007-01-24,33900.0
2007-01-25,33600.0
2007-01-26,33050.0
2007-01-29,31550.0
2007-01-30,31950.0
2007-01-31,31200.0
2007-02-01,31150.0
2007-02-02,32150.0
2007-02-05,32550.0
2007-02-06,32250.0
2007-02-07,32100.0
2007-02-08,31700.0
2007-02-09,31650.0
2007-02-12,30800.0
2007-02-13,30850.0
2007-02-14,31100.0
2007-02-15,31350.0
2007-02-16,31950.0
2007-02-20,32100.0
2007-02-21,32850.0
2007-02-22,32550.0
2007-02-23,32250.0
2007-02-26,32600.0
2007-02-27,31950.0
2007-02-28,31150.0
2007-03-01,31150.0
2007-03-05,31600.0
2007-03-06,32200.0
2007-03-07,32050.0
2007-03-08,32400.0
2007-03-09,32500.0
2007-03-12,33050.0
2007-03-13,32350.0
2007-03-14,31800.0
2007-03-15,31900.0
2007-03-16,31650.0
2007-03-19,31700.0
2007-03-20,31400.0
2007-03-21,31900.0
2007-03-22,32750.0
2007-03-23,32550.0
2007-03-26,32800.0
2007-03-27,32600.0
2007-03-28,32500.0
2007-03-29,32400.0
2007-03-30,32400.0
2007-04-02,32350.0
2007-04-03,33100.0
2007-04-04,33800.0
2007-04-05,33750.0
2007-04-06,33400.0
2007-04-09,33200.0
2007-04-10,33400.0
2007-04-11,34200.0
2007-04-12,34100.0
2007-04-13,34100.0
2007-04-16,33650.0
2007-04-17,33550.0
2007-04-18,33200.0
2007-04-19,32200.0
2007-04-20,32350.0
2007-04-23,32350.0
2007-04-24,31750.0
2007-04-25,32200.0
2007-04-26,32200.0
2007-04-27,32050.0
2007-04-30,32050.0
2007-05-02,32000.0
2007-05-03,31850.0
2007-05-04,31850.0
2007-05-07,33300.0
2007-05-08,32700.0
2007-05-09,32550.0
2007-05-10,32000.0
2007-05-11,31700.0
2007-05-14,31450.0
2007-05-15,31550.0
2007-05-16,30800.0
2007-05-17,30250.0
2007-05-18,29300.0
2007-05-21,29150.0
2007-05-22,29400.0
2007-05-23,29450.0
2007-05-25,29900.0
2007-05-28,29350.0
2007-05-29,28650.0
2007-05-30,28250.0
2007-05-31,28750.0
2007-06-01,30300.0
2007-06-04,30500.0
2007-06-05,30800.0
2007-06-07,30900.0
2007-06-08,31550.0
2007-06-11,32000.0
2007-06-12,31450.0
2007-06-13,30850.0
2007-06-14,30900.0
2007-06-15,30600.0
2007-06-18,31850.0
2007-06-19,32150.0
2007-06-20,32150.0
2007-06-21,34500.0
2007-06-22,34700.0
2007-06-25,33700.0
2007-06-26,34050.0
2007-06-27,33500.0
2007-06-28,33900.0
2007-06-29,33350.0
2007-07-02,33400.0
2007-07-03,33500.0
2007-07-04,34950.0
2007-07-05,35900.0
2007-07-06,37600.0
2007-07-09,37400.0
2007-07-10,37700.0
2007-07-11,38200.0
2007-07-12,38800.0
2007-07-13,39100.0
2007-07-16,37550.0
2007-07-18,37700.0
2007-07-19,37550.0
2007-07-20,39200.0
2007-07-23,39200.0
2007-07-24,39000.0
2007-07-25,38300.0
2007-07-26,37400.0
2007-07-27,36350.0
2007-07-30,36950.0
2007-07-31,37600.0
2007-08-01,35300.0
2007-08-02,35800.0
2007-08-03,37100.0
2007-08-06,37350.0
2007-08-07,37100.0
2007-08-08,37650.0
2007-08-09,38700.0
2007-08-10,37300.0
2007-08-13,39000.0
2007-08-14,38400.0
2007-08-16,36550.0
2007-08-17,35300.0
2007-08-20,36750.0
2007-08-21,35950.0
2007-08-22,36750.0
2007-08-23,36700.0
2007-08-24,35550.0
2007-08-27,34350.0
2007-08-28,33200.0
2007-08-29,32700.0
2007-08-30,33550.0
2007-08-31,33750.0
2007-09-03,33000.0
2007-09-04,32600.0
2007-09-05,32800.0
2007-09-06,32050.0
2007-09-07,31000.0
2007-09-10,31150.0
2007-09-11,31600.0
2007-09-12,31400.0
2007-09-13,30500.0
2007-09-14,30400.0
2007-09-17,30550.0
2007-09-18,29550.0
2007-09-19,30150.0
2007-09-20,28850.0
2007-09-21,29200.0
2007-09-27,30950.0
2007-09-28,31300.0
2007-10-01,31100.0
2007-10-02,31000.0
2007-10-04,29700.0
2007-10-05,29400.0
2007-10-08,29300.0
2007-10-09,29000.0
2007-10-10,28950.0
2007-10-11,28650.0
2007-10-12,28300.0
2007-10-15,28000.0
2007-10-16,26700.0
2007-10-17,26800.0
2007-10-18,26100.0
2007-10-19,26000.0
2007-10-22,25250.0
2007-10-23,25150.0
2007-10-24,24300.0
2007-10-25,23000.0
2007-10-26,26350.0
2007-10-29,25350.0
2007-10-30,24850.0
2007-10-31,25000.0
2007-11-01,24550.0
2007-11-02,24100.0
2007-11-05,23650.0
2007-11-06,24150.0
2007-11-07,24650.0
2007-11-08,23400.0
2007-11-09,23450.0
2007-11-12,23050.0
2007-11-13,23200.0
2007-11-14,23200.0
2007-11-15,23700.0
2007-11-16,23750.0
2007-11-19,23000.0
2007-11-20,23000.0
2007-11-21,22500.0
2007-11-22,22700.0
2007-11-23,22700.0
2007-11-26,22950.0
2007-11-27,22850.0
2007-11-28,22800.0
2007-11-29,24500.0
2007-11-30,25900.0
2007-12-03,25200.0
2007-12-04,25450.0
2007-12-05,25650.0
2007-12-06,26950.0
2007-12-07,27500.0
2007-12-10,27000.0
2007-12-11,26500.0
2007-12-12,26050.0
2007-12-13,26000.0
2007-12-14,25550.0
2007-12-17,25250.0
2007-12-18,25250.0
2007-12-20,24500.0
2007-12-21,24700.0
2007-12-24,25750.0
2007-12-26,25700.0
2007-12-27,26000.0
2007-12-28,25950.0
2008-01-02,24850.0
2008-01-03,24600.0
2008-01-04,24400.0
2008-01-07,23600.0
2008-01-08,23100.0
2008-01-09,23500.0
2008-01-10,23300.0
2008-01-11,23700.0
2008-01-14,23250.0
2008-01-15,22750.0
2008-01-16,21850.0
2008-01-17,24500.0
2008-01-18,24500.0
2008-01-21,25000.0
2008-01-22,25000.0
2008-01-23,25300.0
2008-01-24,26100.0
2008-01-25,25150.0
2008-01-28,24450.0
2008-01-29,25250.0
2008-01-30,26100.0
2008-01-31,26000.0
2008-02-01,25300.0
2008-02-04,26000.0
2008-02-05,26050.0
2008-02-11,26100.0
2008-02-12,26250.0
2008-02-13,25800.0
2008-02-14,26200.0
2008-02-15,26000.0
2008-02-18,25650.0
2008-02-19,25500.0
2008-02-20,24600.0
2008-02-21,24550.0
2008-02-22,23750.0
2008-02-25,23500.0
2008-02-26,23100.0
2008-02-27,24950.0
2008-02-28,24900.0
2008-02-29,24550.0
2008-03-03,23300.0
2008-03-04,23650.0
2008-03-05,24300.0
2008-03-06,24900.0
2008-03-07,24050.0
2008-03-10,23700.0
2008-03-11,24550.0
2008-03-12,24500.0
2008-03-13,23900.0
2008-03-14,23800.0
2008-03-17,24000.0
2008-03-18,24150.0
2008-03-19,24100.0
2008-03-20,24750.0
2008-03-21,26250.0
2008-03-24,26050.0
2008-03-25,25900.0
2008-03-26,26450.0
2008-03-27,25800.0
2008-03-28,26300.0
2008-03-31,27850.0
2008-04-01,27900.0
2008-04-02,28150.0
2008-04-03,28250.0
2008-04-04,28000.0
2008-04-07,27450.0
2008-04-08,26850.0
2008-04-10,27650.0
2008-04-11,28950.0
2008-04-14,28900.0
2008-04-15,27850.0
2008-04-16,27800.0
2008-04-17,28050.0
2008-04-18,28300.0
2008-04-21,29350.0
2008-04-22,29450.0
2008-04-23,28950.0
2008-04-24,28500.0
2008-04-25,28100.0
2008-04-28,26650.0
2008-04-29,26800.0
2008-04-30,26800.0
2008-05-01,26800.0
2008-05-02,27950.0
2008-05-05,27950.0
2008-05-06,28350.0
2008-05-07,28300.0
2008-05-08,29100.0
2008-05-09,29200.0
2008-05-12,29200.0
2008-05-13,29200.0
2008-05-14,29400.0
2008-05-15,30400.0
2008-05-16,30600.0
2008-05-19,30600.0
2008-05-20,29850.0
2008-05-21,30000.0
2008-05-22,29650.0
2008-05-23,29400.0
2008-05-26,28600.0
2008-05-27,29450.0
2008-05-28,29450.0
2008-05-29,29900.0
2008-05-30,31000.0
2008-06-02,30350.0
2008-06-03,30050.0
2008-06-04,30250.0
2008-06-05,31300.0
2008-06-06,31300.0
2008-06-09,31450.0
2008-06-10,31200.0
2008-06-11,31150.0
2008-06-12,29200.0
2008-06-13,29350.0
2008-06-16,29400.0
2008-06-17,28900.0
2008-06-18,28450.0
2008-06-19,27850.0
2008-06-20,27950.0
2008-06-23,27950.0
2008-06-24,27450.0
2008-06-25,27150.0
2008-06-26,27200.0
2008-06-27,25950.0
2008-06-30,25000.0
2008-07-01,24550.0
2008-07-02,23750.0
2008-07-03,25050.0
2008-07-04,23350.0
2008-07-07,23050.0
2008-07-08,22650.0
2008-07-09,22550.0
2008-07-10,22700.0
2008-07-11,23750.0
2008-07-14,23200.0
2008-07-15,22150.0
2008-07-16,21650.0
2008-07-17,22200.0
2008-07-18,22650.0
2008-07-21,23850.0
2008-07-22,23400.0
2008-07-23,23250.0
2008-07-24,23900.0
2008-07-25,23350.0
2008-07-28,23000.0
2008-07-29,21800.0
2008-07-30,21100.0
2008-07-31,21650.0
2008-08-01,21050.0
2008-08-04,20500.0
2008-08-05,20700.0
2008-08-06,22400.0
2008-08-07,22100.0
2008-08-08,22600.0
2008-08-11,23800.0
2008-08-12,23300.0
2008-08-13,23200.0
2008-08-14,23500.0
2008-08-15,23500.0
2008-08-18,23400.0
2008-08-19,22400.0
2008-08-20,22100.0
2008-08-21,21600.0
2008-08-22,20950.0
2008-08-25,21050.0
2008-08-26,20550.0
2008-08-27,19800.0
2008-08-28,19200.0
2008-08-29,19400.0
2008-09-01,17200.0
2008-09-02,17200.0
2008-09-03,19100.0
2008-09-04,17850.0
2008-09-05,17300.0
2008-09-08,19900.0
2008-09-09,18600.0
2008-09-10,20100.0
2008-09-11,20300.0
2008-09-12,20400.0
2008-09-15,20400.0
2008-09-16,18100.0
2008-09-17,19900.0
2008-09-18,18550.0
2008-09-19,20050.0
2008-09-22,19500.0
2008-09-23,20000.0
2008-09-24,20300.0
2008-09-25,20150.0
2008-09-26,19400.0
2008-09-29,19350.0
2008-09-30,19350.0
2008-10-01,19450.0
2008-10-02,19000.0
2008-10-03,19000.0
2008-10-06,17800.0
2008-10-07,17750.0
2008-10-08,15100.0
2008-10-09,15700.0
2008-10-10,15200.0
2008-10-13,16700.0
2008-10-14,18800.0
2008-10-15,18000.0
2008-10-16,15350.0
2008-10-17,14900.0
2008-10-20,15350.0
2008-10-21,14300.0
2008-10-22,12200.0
2008-10-23,10400.0
2008-10-24,8850.0
2008-10-27,8120.0
2008-10-28,9330.0
2008-10-29,9370.0
2008-10-30,10750.0
2008-10-31,10500.0
2008-11-03,11000.0
2008-11-04,10250.0
2008-11-05,10650.0
2008-11-06,10100.0
2008-11-07,11000.0
2008-11-10,11150.0
2008-11-11,10200.0
2008-11-12,10500.0
2008-11-13,9800.0
2008-11-14,9710.0
2008-11-17,9130.0
2008-11-18,8110.0
2008-11-19,7510.0
2008-11-20,6390.0
2008-11-21,6750.0
2008-11-24,5850.0
2008-11-25,5860.0
2008-11-26,6070.0
2008-11-27,6950.0
2008-11-28,7490.0
2008-12-01,7600.0
2008-12-02,7200.0
2008-12-03,7090.0
2008-12-04,7300.0
2008-12-05,7560.0
2008-12-08,7800.0
2008-12-09,7390.0
2008-12-10,7380.0
2008-12-11,6520.0
2008-12-12,6380.0
2008-12-15,6390.0
2008-12-16,6980.0
2008-12-17,7230.0
2008-12-18,8130.0
2008-12-19,8590.0
2008-12-22,8210.0
2008-12-23,7700.0
2008-12-24,6750.0
2008-12-25,6720.0
2008-12-26,6930.0
2008-12-29,6640.0
2008-12-30,6700.0
2008-12-31,6700.0
2009-01-02,7180.0
2009-01-05,7220.0
2009-01-06,7390.0
2009-01-07,7480.0
2009-01-08,7930.0
2009-01-09,7340.0
2009-01-12,6920.0
2009-01-13,7070.0
2009-01-14,6730.0
2009-01-15,6570.0
2009-01-16,7000.0
2009-01-19,7840.0
2009-01-20,8070.0
2009-01-21,7870.0
2009-01-22,7430.0
2009-01-23,7010.0
2009-01-28,8060.0
2009-01-29,7950.0
2009-01-30,8940.0
2009-02-02,8900.0
2009-02-03,9110.0
2009-02-04,9520.0
2009-02-05,9350.0
2009-02-06,9380.0
2009-02-09,9450.0
2009-02-10,9630.0
2009-02-11,9240.0
2009-02-12,8870.0
2009-02-13,9250.0
2009-02-16,8950.0
2009-02-17,8210.0
2009-02-18,8600.0
2009-02-19,8330.0
2009-02-20,7880.0
2009-02-23,8810.0
2009-02-24,8570.0
2009-02-25,8450.0
2009-02-26,8340.0
2009-02-27,8640.0
2009-03-02,8140.0
2009-03-03,8320.0
2009-03-04,8650.0
2009-03-05,8270.0
2009-03-06,8320.0
2009-03-09,8220.0
2009-03-10,8130.0
2009-03-11,8210.0
2009-03-12,8590.0
2009-03-13,9360.0
2009-03-16,8880.0
2009-03-17,9400.0
2009-03-18,9830.0
2009-03-19,9740.0
2009-03-20,9610.0
2009-03-23,9880.0
2009-03-24,10400.0
2009-03-25,10200.0
2009-03-26,11700.0
2009-03-27,12000.0
2009-03-30,12400.0
2009-03-31,12350.0
2009-04-01,12250.0
2009-04-02,12700.0
2009-04-03,12600.0
2009-04-06,14150.0
2009-04-07,14300.0
2009-04-08,14000.0
2009-04-09,14100.0
2009-04-10,13500.0
2009-04-13,13400.0
2009-04-14,13850.0
2009-04-15,13450.0
2009-04-16,13250.0
2009-04-17,14400.0
2009-04-20,14550.0
2009-04-21,14500.0
2009-04-22,16650.0
2009-04-23,15850.0
2009-04-24,15100.0
2009-04-27,15350.0
2009-04-28,14000.0
2009-04-29,14600.0
2009-04-30,14400.0
2009-05-04,14950.0
2009-05-06,14750.0
2009-05-07,14050.0
2009-05-08,13900.0
2009-05-11,14200.0
2009-05-12,14550.0
2009-05-13,13950.0
2009-05-14,13850.0
2009-05-15,13300.0
2009-05-18,13400.0
2009-05-19,14550.0
2009-05-20,14500.0
2009-05-21,13450.0
2009-05-22,12650.0
2009-05-25,12650.0
2009-05-26,12000.0
2009-05-27,11500.0
2009-05-28,12550.0
2009-05-29,12900.0
2009-06-01,12750.0
2009-06-02,12700.0
2009-06-03,13350.0
2009-06-04,13500.0
2009-06-05,14050.0
2009-06-08,13650.0
2009-06-09,12900.0
2009-06-10,13250.0
2009-06-11,12900.0
2009-06-12,12950.0
2009-06-15,13250.0
2009-06-16,13250.0
2009-06-17,13700.0
2009-06-18,13100.0
2009-06-19,13250.0
2009-06-22,13750.0
2009-06-23,13450.0
2009-06-24,13950.0
2009-06-25,14100.0
2009-06-26,13850.0
2009-06-29,13650.0
2009-06-30,13650.0
2009-07-01,13800.0
2009-07-02,14600.0
2009-07-03,14950.0
2009-07-06,15050.0
2009-07-07,15400.0
2009-07-08,15550.0
2009-07-09,15500.0
2009-07-10,14850.0
2009-07-13,14200.0
2009-07-14,14750.0
2009-07-15,15500.0
2009-07-16,15650.0
2009-07-17,15600.0
2009-07-20,16700.0
2009-07-21,17150.0
2009-07-22,16950.0
2009-07-23,16400.0
2009-07-24,16350.0
2009-07-27,18000.0
2009-07-28,17750.0
2009-07-29,18200.0
2009-07-30,18150.0
2009-07-31,17600.0
2009-08-03,17700.0
2009-08-04,17850.0
2009-08-05,17700.0
2009-08-06,17500.0
2009-08-07,18150.0
2009-08-10,18200.0
2009-08-11,18600.0
2009-08-12,18900.0
2009-08-13,18400.0
2009-08-14,19150.0
2009-08-17,18800.0
2009-08-18,19150.0
2009-08-19,19900.0
2009-08-20,20100.0
2009-08-21,19700.0
2009-08-24,20650.0
2009-08-25,20700.0
2009-08-26,20850.0
2009-08-27,20850.0
2009-08-28,21350.0
2009-08-31,21950.0
2009-09-01,22150.0
2009-09-02,22350.0
2009-09-03,22050.0
2009-09-04,20800.0
2009-09-07,20950.0
2009-09-08,20800.0
2009-09-09,20850.0
2009-09-10,21400.0
2009-09-11,21100.0
2009-09-14,20200.0
2009-09-15,20650.0
2009-09-16,20700.0
2009-09-17,20850.0
2009-09-18,20400.0
2009-09-21,21450.0
2009-09-22,22050.0
2009-09-23,20850.0
2009-09-24,20600.0
2009-09-25,18950.0
2009-09-28,19000.0
2009-09-29,19550.0
2009-09-30,19800.0
2009-10-01,19650.0
2009-10-05,18800.0
2009-10-06,18700.0
2009-10-07,18400.0
2009-10-08,19300.0
2009-10-09,19650.0
2009-10-12,20000.0
2009-10-13,20600.0
2009-10-14,20800.0
2009-10-15,20550.0
2009-10-16,19800.0
2009-10-19,19850.0
2009-10-20,19850.0
2009-10-21,19350.0
2009-10-22,18800.0
2009-10-23,18750.0
2009-10-26,18850.0
2009-10-27,18300.0
2009-10-28,17700.0
2009-10-29,18400.0
2009-10-30,18050.0
2009-11-02,18050.0
2009-11-03,18200.0
2009-11-04,19000.0
2009-11-05,18350.0
2009-11-06,19050.0
2009-11-09,19800.0
2009-11-10,19800.0
2009-11-11,19950.0
2009-11-12,19600.0
2009-11-13,18850.0
2009-11-16,19700.0
2009-11-17,18400.0
2009-11-18,18750.0
2009-11-19,19250.0
2009-11-20,19150.0
2009-11-23,19050.0
2009-11-24,18600.0
2009-11-25,19000.0
2009-11-26,19200.0
2009-11-27,18450.0
2009-11-30,18450.0
2009-12-01,18050.0
2009-12-02,19200.0
2009-12-03,19450.0
2009-12-04,19700.0
2009-12-07,20050.0
2009-12-08,20100.0
2009-12-09,20550.0
2009-12-10,20850.0
2009-12-11,20900.0
2009-12-14,20700.0
2009-12-15,20950.0
2009-12-16,21050.0
2009-12-17,21100.0
2009-12-18,21650.0
2009-12-21,22050.0
2009-12-22,21900.0
2009-12-23,22000.0
2009-12-24,22300.0
2009-12-28,22200.0
2009-12-29,22200.0
2009-12-30,23150.0
2010-01-04,24100.0
2010-01-05,23350.0
2010-01-06,24550.0
2010-01-07,24400.0
2010-01-08,24650.0
2010-01-11,24000.0
2010-01-12,24050.0
2010-01-13,24050.0
2010-01-14,25450.0
2010-01-15,26100.0
2010-01-18,25900.0
2010-01-19,25600.0
2010-01-20,25400.0
2010-01-21,25950.0
2010-01-22,26100.0
2010-01-25,26050.0
2010-01-26,23600.0
2010-01-27,23250.0
2010-01-28,23600.0
2010-01-29,22750.0
2010-02-01,23100.0
2010-02-02,22000.0
2010-02-03,21300.0
2010-02-04,21750.0
2010-02-05,21300.0
2010-02-08,21700.0
2010-02-09,22650.0
2010-02-10,22700.0
2010-02-11,21950.0
2010-02-12,21600.0
2010-02-16,21300.0
2010-02-17,22350.0
2010-02-18,22150.0
2010-02-19,21400.0
2010-02-22,22150.0
2010-02-23,22650.0
2010-02-24,22200.0
2010-02-25,21700.0
2010-02-26,21000.0
2010-03-02,21450.0
2010-03-03,21850.0
2010-03-04,22200.0
2010-03-05,22500.0
2010-03-08,22350.0
2010-03-09,21850.0
2010-03-10,22550.0
2010-03-11,23150.0
2010-03-12,23250.0
2010-03-15,23500.0
2010-03-16,23600.0
2010-03-17,24150.0
2010-03-18,23950.0
2010-03-19,24350.0
2010-03-22,24700.0
2010-03-23,24950.0
2010-03-24,25200.0
2010-03-25,25250.0
2010-03-26,25200.0
2010-03-29,25900.0
2010-03-30,26400.0
2010-03-31,26700.0
2010-04-01,28300.0
2010-04-02,28150.0
2010-04-05,29100.0
2010-04-06,28350.0
2010-04-07,27350.0
2010-04-08,28150.0
2010-04-09,28000.0
2010-04-12,26900.0
2010-04-13,27700.0
2010-04-14,27900.0
2010-04-15,27700.0
2010-04-16,27500.0
2010-04-19,26650.0
2010-04-20,27000.0
2010-04-21,28550.0
2010-04-22,28700.0
2010-04-23,28500.0
2010-04-26,28500.0
2010-04-27,27500.0
2010-04-28,27450.0
2010-04-29,27700.0
2010-04-30,28400.0
2010-05-03,27600.0
2010-05-04,27050.0
2010-05-06,26350.0
2010-05-07,26350.0
2010-05-10,26900.0
2010-05-11,26600.0
2010-05-12,25700.0
2010-05-13,26850.0
2010-05-14,26600.0
2010-05-17,25050.0
2010-05-18,24150.0
2010-05-19,24500.0
2010-05-20,23750.0
2010-05-24,24100.0
2010-05-25,23800.0
2010-05-26,24700.0
2010-05-27,25650.0
2010-05-28,25700.0
2010-05-31,25150.0
2010-06-01,24600.0
2010-06-03,24900.0
2010-06-04,26400.0
2010-06-07,26650.0
2010-06-08,26450.0
2010-06-09,25250.0
2010-06-10,25900.0
2010-06-11,25800.0
2010-06-14,26000.0
2010-06-15,27100.0
2010-06-16,27300.0
2010-06-17,28200.0
2010-06-18,28150.0
2010-06-21,28250.0
2010-06-22,27200.0
2010-06-23,27050.0
2010-06-24,27150.0
2010-06-25,26450.0
2010-06-28,26050.0
2010-06-29,25600.0
2010-06-30,25050.0
2010-07-01,25500.0
2010-07-02,25300.0
2010-07-05,24750.0
2010-07-06,25850.0
2010-07-07,25150.0
2010-07-08,25350.0
2010-07-09,25700.0
2010-07-12,25900.0
2010-07-13,24900.0
2010-07-14,25750.0
2010-07-15,25150.0
2010-07-16,23500.0
2010-07-19,23700.0
2010-07-20,23850.0
2010-07-21,23600.0
2010-07-22,22600.0
2010-07-23,23250.0
2010-07-26,23950.0
2010-07-27,23500.0
2010-07-28,23100.0
2010-07-29,22350.0
2010-07-30,22500.0
2010-08-02,21600.0
2010-08-03,21950.0
2010-08-04,21600.0
2010-08-05,21900.0
2010-08-06,22850.0
2010-08-09,22700.0
2010-08-10,22600.0
2010-08-11,21200.0
2010-08-12,21200.0
2010-08-13,21650.0
2010-08-16,22100.0
2010-08-17,22100.0
2010-08-18,21700.0
2010-08-19,22500.0
2010-08-20,22000.0
2010-08-23,21400.0
2010-08-24,21950.0
2010-08-25,22050.0
2010-08-26,22600.0
2010-08-27,22550.0
2010-08-30,22500.0
2010-08-31,21100.0
2010-09-01,20850.0
2010-09-02,21100.0
2010-09-03,21800.0
2010-09-06,21850.0
2010-09-07,21500.0
2010-09-08,20750.0
2010-09-09,20300.0
2010-09-10,20650.0
2010-09-13,20500.0
2010-09-14,20450.0
2010-09-15,21000.0
2010-09-16,21100.0
2010-09-17,22500.0
2010-09-20,22100.0
2010-09-24,21100.0
2010-09-27,21200.0
2010-09-28,21350.0
2010-09-29,21850.0
2010-09-30,22150.0
2010-10-01,22450.0
2010-10-04,22500.0
2010-10-05,22750.0
2010-10-06,23400.0
2010-10-07,23200.0
2010-10-08,23500.0
2010-10-11,22350.0
2010-10-12,22600.0
2010-10-13,23400.0
2010-10-14,23350.0
2010-10-15,23600.0
2010-10-18,22900.0
2010-10-19,22850.0
2010-10-20,23900.0
2010-10-21,23750.0
2010-10-22,24200.0
2010-10-25,24300.0
2010-10-26,23700.0
2010-10-27,22900.0
2010-10-28,22850.0
2010-10-29,23150.0
2010-11-01,22700.0
2010-11-02,21900.0
2010-11-03,21800.0
2010-11-04,22950.0
2010-11-05,23750.0
2010-11-08,23800.0
2010-11-09,23450.0
2010-11-10,23900.0
2010-11-11,23400.0
2010-11-12,22800.0
2010-11-15,23650.0
2010-11-16,23700.0
2010-11-17,23350.0
2010-11-18,23700.0
2010-11-19,23900.0
2010-11-22,25300.0
2010-11-23,25350.0
2010-11-24,25750.0
2010-11-25,25200.0
2010-11-26,24650.0
2010-11-29,24800.0
2010-11-30,23500.0
2010-12-01,23400.0
2010-12-02,23800.0
2010-12-03,23450.0
2010-12-06,23950.0
2010-12-07,23600.0
2010-12-08,23300.0
2010-12-09,24150.0
2010-12-10,24500.0
2010-12-13,24350.0
2010-12-14,24750.0
2010-12-15,24250.0
2010-12-16,24200.0
2010-12-17,23800.0
2010-12-20,23650.0
2010-12-21,23750.0
2010-12-22,23300.0
2010-12-23,23300.0
2010-12-24,23150.0
2010-12-27,23100.0
2010-12-28,23950.0
2010-12-29,24250.0
2010-12-30,24000.0
2011-01-03,25300.0
2011-01-04,25600.0
2011-01-05,25900.0
2011-01-06,26100.0
2011-01-07,26100.0
2011-01-10,25300.0
2011-01-11,25400.0
2011-01-12,26350.0
2011-01-13,27250.0
2011-01-14,27250.0
2011-01-17,26900.0
2011-01-18,27650.0
2011-01-19,27850.0
2011-01-20,28200.0
2011-01-21,28100.0
2011-01-24,28350.0
2011-01-25,27400.0
2011-01-26,28200.0
2011-01-27,28000.0
2011-01-28,29500.0
2011-01-31,29650.0
2011-02-01,29650.0
2011-02-07,29700.0
2011-02-08,30150.0
2011-02-09,29550.0
2011-02-10,28800.0
2011-02-11,28800.0
2011-02-14,29700.0
2011-02-15,29750.0
2011-02-16,29200.0
2011-02-17,29100.0
2011-02-18,29400.0
2011-02-21,28800.0
2011-02-22,28800.0
2011-02-23,27600.0
2011-02-24,26900.0
2011-02-25,28000.0
2011-02-28,28350.0
2011-03-02,27550.0
2011-03-03,28450.0
2011-03-04,29200.0
2011-03-07,28900.0
2011-03-08,28650.0
2011-03-09,28400.0
2011-03-10,27700.0
2011-03-11,27700.0
2011-03-14,30100.0
2011-03-15,28700.0
2011-03-16,29200.0
2011-03-17,28950.0
2011-03-18,28550.0
2011-03-21,28500.0
2011-03-22,27850.0
2011-03-23,29050.0
2011-03-24,29100.0
2011-03-25,29900.0
2011-03-28,30900.0
2011-03-29,31000.0
2011-03-30,31550.0
2011-03-31,31300.0
2011-04-01,31600.0
2011-04-04,31800.0
2011-04-05,32450.0
2011-04-06,32500.0
2011-04-07,32000.0
2011-04-08,31300.0
2011-04-11,31800.0
2011-04-12,31700.0
2011-04-13,32350.0
2011-04-14,33750.0
2011-04-15,34150.0
2011-04-18,33800.0
2011-04-19,32800.0
2011-04-20,34300.0
2011-04-21,37000.0
2011-04-22,36600.0
2011-04-25,36450.0
2011-04-26,34750.0
2011-04-27,33900.0
2011-04-28,34350.0
2011-04-29,33800.0
2011-05-02,34600.0
2011-05-03,34450.0
2011-05-04,32450.0
2011-05-06,32500.0
2011-05-09,33300.0
2011-05-11,33700.0
2011-05-12,33750.0
2011-05-13,34500.0
2011-05-16,34400.0
2011-05-17,33100.0
2011-05-18,32800.0
2011-05-19,31550.0
2011-05-20,32200.0
2011-05-23,30850.0
2011-05-24,31250.0
2011-05-25,30000.0
2011-05-26,31100.0
2011-05-27,31300.0
2011-05-30,29500.0
2011-05-31,30100.0
2011-06-01,28400.0
2011-06-02,27550.0
2011-06-03,27650.0
2011-06-07,28600.0
2011-06-08,28900.0
2011-06-09,28700.0
2011-06-10,26700.0
2011-06-13,26350.0
2011-06-14,26650.0
2011-06-15,26950.0
2011-06-16,26250.0
2011-06-17,24650.0
2011-06-20,25200.0
2011-06-21,25900.0
2011-06-22,26100.0
2011-06-23,26350.0
2011-06-24,27900.0
2011-06-27,26700.0
2011-06-28,25550.0
2011-06-29,25550.0
2011-06-30,25050.0
2011-07-01,26700.0
2011-07-04,26950.0
2011-07-05,28000.0
2011-07-06,26500.0
2011-07-07,26400.0
2011-07-08,26600.0
2011-07-11,26450.0
2011-07-12,25350.0
2011-07-13,24300.0
2011-07-14,23700.0
2011-07-15,24000.0
2011-07-18,22950.0
2011-07-19,23350.0
2011-07-20,24200.0
2011-07-21,23650.0
2011-07-22,23750.0
2011-07-25,23900.0
2011-07-26,24500.0
2011-07-27,23800.0
2011-07-28,23550.0
2011-07-29,24250.0
2011-08-01,25550.0
2011-08-02,25450.0
2011-08-03,24300.0
2011-08-04,24100.0
2011-08-05,23550.0
2011-08-08,21850.0
2011-08-09,20200.0
2011-08-10,21000.0
2011-08-11,21850.0
2011-08-12,19750.0
2011-08-16,20500.0
2011-08-17,19600.0
2011-08-18,17200.0
2011-08-19,15600.0
2011-08-22,15750.0
2011-08-23,17050.0
2011-08-24,16250.0
2011-08-25,17300.0
2011-08-26,17950.0
2011-08-29,19450.0
2011-08-30,19000.0
2011-08-31,19100.0
2011-09-01,19200.0
2011-09-02,19100.0
2011-09-05,17550.0
2011-09-06,17000.0
2011-09-07,19500.0
2011-09-08,19300.0
2011-09-09,19900.0
2011-09-14,19850.0
2011-09-15,21100.0
2011-09-16,21900.0
2011-09-19,21000.0
2011-09-20,21650.0
2011-09-21,21600.0
2011-09-22,21550.0
2011-09-23,20250.0
2011-09-26,19950.0
2011-09-27,21250.0
2011-09-28,20550.0
2011-09-29,21850.0
2011-09-30,21350.0
2011-10-04,20700.0
2011-10-05,20000.0
2011-10-06,21200.0
2011-10-07,21500.0
2011-10-10,21950.0
2011-10-11,22250.0
2011-10-12,22550.0
2011-10-13,21850.0
2011-10-14,21950.0
2011-10-17,21950.0
2011-10-18,21800.0
2011-10-19,21750.0
2011-10-20,21050.0
2011-10-21,23200.0
2011-10-24,23900.0
2011-10-25,23650.0
2011-10-26,24150.0
2011-10-27,23800.0
2011-10-28,22900.0
2011-10-31,22850.0
2011-11-01,23900.0
2011-11-02,24000.0
2011-11-03,23300.0
2011-11-04,24850.0
2011-11-07,24100.0
2011-11-08,23000.0
2011-11-09,22050.0
2011-11-10,21500.0
2011-11-11,21550.0
2011-11-14,22300.0
2011-11-15,22050.0
2011-11-16,22350.0
2011-11-17,23200.0
2011-11-18,23300.0
2011-11-21,22900.0
2011-11-22,23250.0
2011-11-23,21850.0
2011-11-24,22150.0
2011-11-25,21750.0
2011-11-28,23300.0
2011-11-29,23400.0
2011-11-30,22950.0
2011-12-01,23450.0
2011-12-02,23100.0
2011-12-05,23250.0
2011-12-06,22750.0
2011-12-07,22400.0
2011-12-08,22050.0
2011-12-09,21400.0
2011-12-12,22250.0
2011-12-13,22650.0
2011-12-14,22850.0
2011-12-15,22750.0
2011-12-16,22150.0
2011-12-19,20850.0
2011-12-20,20750.0
2011-12-21,21350.0
2011-12-22,21150.0
2011-12-23,21700.0
2011-12-26,21600.0
2011-12-27,21100.0
2011-12-28,21150.0
2011-12-29,21950.0
2012-01-02,23450.0
2012-01-03,23650.0
2012-01-04,23850.0
2012-01-05,24000.0
2012-01-06,24400.0
2012-01-09,23850.0
2012-01-10,24350.0
2012-01-11,24250.0
2012-01-12,24150.0
2012-01-13,25150.0
2012-01-16,25400.0
2012-01-17,25550.0
2012-01-18,25250.0
2012-01-19,26300.0
2012-01-20,26950.0
2012-01-25,27450.0
2012-01-26,27050.0
2012-01-27,26000.0
2012-01-30,26250.0
2012-01-31,26850.0
2012-02-01,27200.0
2012-02-02,27300.0
2012-02-03,26300.0
2012-02-06,26100.0
2012-02-07,25400.0
2012-02-08,26500.0
2012-02-09,27050.0
2012-02-10,27000.0
2012-02-13,26850.0
2012-02-14,27550.0
2012-02-15,29000.0
2012-02-16,28700.0
2012-02-17,28850.0
2012-02-20,28300.0
2012-02-21,28300.0
2012-02-22,29000.0
2012-02-23,28850.0
2012-02-24,28850.0
2012-02-27,27950.0
2012-02-28,29850.0
2012-02-29,30200.0
2012-03-02,30450.0
2012-03-05,30050.0
2012-03-06,29400.0
2012-03-07,29100.0
2012-03-08,29750.0
2012-03-09,29800.0
2012-03-12,29600.0
2012-03-13,29300.0
2012-03-14,29600.0
2012-03-15,29250.0
2012-03-16,28800.0
2012-03-19,29300.0
2012-03-20,29150.0
2012-03-21,28900.0
2012-03-22,29350.0
2012-03-23,30150.0
2012-03-26,30300.0
2012-03-27,30450.0
2012-03-28,30550.0
2012-03-29,30500.0
2012-03-30,29250.0
2012-04-02,29350.0
2012-04-03,30300.0
2012-04-04,29400.0
2012-04-05,29850.0
2012-04-06,29250.0
2012-04-09,28050.0
2012-04-10,27750.0
2012-04-12,27200.0
2012-04-13,29000.0
2012-04-16,29250.0
2012-04-17,28300.0
2012-04-18,28050.0
2012-04-19,28800.0
2012-04-20,27650.0
2012-04-23,27800.0
2012-04-24,27250.0
2012-04-25,27050.0
2012-04-26,27200.0
2012-04-27,28050.0
2012-04-30,28050.0
2012-05-02,27350.0
2012-05-03,27250.0
2012-05-04,28150.0
2012-05-07,27250.0
2012-05-08,26650.0
2012-05-09,26200.0
2012-05-10,26600.0
2012-05-11,25400.0
2012-05-14,26100.0
2012-05-15,25300.0
2012-05-16,23050.0
2012-05-17,24500.0
2012-05-18,23600.0
2012-05-21,23400.0
2012-05-22,23550.0
2012-05-23,22400.0
2012-05-24,22400.0
2012-05-25,22000.0
2012-05-29,23450.0
2012-05-30,23450.0
2012-05-31,23100.0
2012-06-01,22750.0
2012-06-04,21550.0
2012-06-05,21650.0
2012-06-07,22550.0
2012-06-08,21750.0
2012-06-11,23050.0
2012-06-12,23550.0
2012-06-13,23650.0
2012-06-14,23900.0
2012-06-15,23400.0
2012-06-18,23600.0
2012-06-19,23850.0
2012-06-20,24800.0
2012-06-21,24550.0
2012-06-22,24100.0
2012-06-25,23050.0
2012-06-26,23100.0
2012-06-27,22800.0
2012-06-28,23300.0
2012-06-29,23850.0
2012-07-02,23700.0
2012-07-03,24300.0
2012-07-04,24050.0
2012-07-05,23800.0
2012-07-06,24000.0
2012-07-09,23700.0
2012-07-10,23700.0
2012-07-11,22950.0
2012-07-12,22250.0
2012-07-13,22400.0
2012-07-16,21800.0
2012-07-17,21300.0
2012-07-18,20250.0
2012-07-19,20400.0
2012-07-20,21250.0
2012-07-23,20350.0
2012-07-24,20800.0
2012-07-25,20400.0
2012-07-26,20400.0
2012-07-27,21150.0
2012-07-30,21300.0
2012-07-31,21700.0
2012-08-01,21500.0
2012-08-02,21550.0
2012-08-03,20950.0
2012-08-06,21750.0
2012-08-07,22000.0
2012-08-08,22750.0
2012-08-09,22900.0
2012-08-10,23000.0
2012-08-13,22700.0
2012-08-14,22900.0
2012-08-16,22200.0
2012-08-17,22500.0
2012-08-20,22550.0
2012-08-21,23100.0
2012-08-22,22850.0
2012-08-23,22400.0
2012-08-24,21800.0
2012-08-27,21700.0
2012-08-28,21300.0
2012-08-29,21450.0
2012-08-30,21200.0
2012-08-31,21200.0
2012-09-03,21400.0
2012-09-04,21500.0
2012-09-05,21200.0
2012-09-06,20900.0
2012-09-07,22500.0
2012-09-10,22250.0
2012-09-11,21950.0
2012-09-12,22200.0
2012-09-13,21850.0
2012-09-14,22950.0
2012-09-17,22950.0
2012-09-18,22850.0
2012-09-19,23500.0
2012-09-20,23900.0
2012-09-21,23850.0
2012-09-24,23500.0
2012-09-25,22900.0
2012-09-26,22750.0
2012-09-27,22900.0
2012-09-28,22750.0
2012-10-02,22500.0
2012-10-04,23150.0
2012-10-05,23250.0
2012-10-08,23700.0
2012-10-09,23550.0
2012-10-10,23000.0
2012-10-11,22900.0
2012-10-12,22550.0
2012-10-15,22250.0
2012-10-16,22850.0
2012-10-17,23500.0
2012-10-18,23550.0
2012-10-19,23300.0
2012-10-22,23400.0
2012-10-23,23050.0
2012-10-24,24000.0
2012-10-25,24300.0
2012-10-26,24100.0
2012-10-29,24100.0
2012-10-30,24300.0
2012-10-31,24850.0
2012-11-01,25500.0
2012-11-02,25950.0
2012-11-05,26150.0
2012-11-06,25900.0
2012-11-07,26000.0
2012-11-08,26050.0
2012-11-09,25400.0
2012-11-12,25300.0
2012-11-13,25350.0
2012-11-14,26600.0
2012-11-15,26150.0
2012-11-16,24950.0
2012-11-19,25200.0
2012-11-20,25350.0
2012-11-21,24900.0
2012-11-22,25600.0
2012-11-23,25700.0
2012-11-26,25800.0
2012-11-27,25550.0
2012-11-28,25350.0
2012-11-29,25400.0
2012-11-30,24400.0
2012-12-03,24400.0
2012-12-04,24450.0
2012-12-05,24850.0
2012-12-06,24850.0
2012-12-07,25900.0
2012-12-10,26000.0
2012-12-11,25950.0
2012-12-12,26050.0
2012-12-13,26250.0
2012-12-14,26200.0
2012-12-17,26650.0
2012-12-18,26500.0
2012-12-20,26300.0
2012-12-21,25400.0
2012-12-24,25150.0
2012-12-26,25450.0
2012-12-27,25750.0
2012-12-28,25750.0
2013-01-02,26600.0
2013-01-03,26650.0
2013-01-04,26350.0
2013-01-07,25900.0
2013-01-08,26250.0
2013-01-09,26050.0
2013-01-10,26800.0
2013-01-11,27100.0
2013-01-14,26950.0
2013-01-15,25950.0
2013-01-16,26200.0
2013-01-17,25900.0
2013-01-18,25600.0
2013-01-21,25750.0
2013-01-22,25050.0
2013-01-23,24650.0
2013-01-24,24250.0
2013-01-25,24200.0
2013-01-28,24400.0
2013-01-29,24200.0
2013-01-30,24350.0
2013-01-31,24400.0
2013-02-01,24200.0
2013-02-04,24300.0
2013-02-05,23700.0
2013-02-06,24500.0
2013-02-07,24850.0
2013-02-08,24750.0
2013-02-12,25000.0
2013-02-13,25500.0
2013-02-14,25700.0
2013-02-15,25650.0
2013-02-18,25900.0
2013-02-19,25850.0
2013-02-20,26500.0
2013-02-21,26600.0
2013-02-22,26400.0
2013-02-25,26300.0
2013-02-26,26550.0
2013-02-27,26250.0
2013-02-28,26500.0
2013-03-04,26000.0
2013-03-05,27000.0
2013-03-06,28000.0
2013-03-07,28150.0
2013-03-08,28250.0
2013-03-11,28600.0
2013-03-12,28100.0
2013-03-13,28300.0
2013-03-14,28900.0
2013-03-15,28800.0
2013-03-18,28400.0
2013-03-19,28650.0
2013-03-20,28600.0
2013-03-21,28050.0
2013-03-22,28300.0
2013-03-25,29050.0
2013-03-26,29500.0
2013-03-27,29450.0
2013-03-28,29250.0
2013-03-29,28750.0
2013-04-01,28650.0
2013-04-02,28400.0
2013-04-03,28900.0
2013-04-04,29200.0
2013-04-05,28550.0
2013-04-08,27900.0
2013-04-09,27800.0
2013-04-10,27950.0
2013-04-11,29000.0
2013-04-12,28800.0
2013-04-15,29150.0
2013-04-16,29100.0
2013-04-17,28750.0
2013-04-18,27900.0
2013-04-19,28800.0
2013-04-22,29000.0
2013-04-23,28850.0
2013-04-24,29100.0
2013-04-25,29500.0
2013-04-26,29450.0
2013-04-29,29550.0
2013-04-30,29900.0
2013-05-02,29450.0
2013-05-03,29550.0
2013-05-06,28900.0
2013-05-07,28600.0
2013-05-08,28550.0
2013-05-09,29050.0
2013-05-10,29100.0
2013-05-13,29100.0
2013-05-14,29500.0
2013-05-15,29750.0
2013-05-16,30050.0
2013-05-20,30700.0
2013-05-21,30600.0
2013-05-22,31300.0
2013-05-23,31400.0
2013-05-24,31400.0
2013-05-27,31400.0
2013-05-28,31400.0
2013-05-29,32000.0
2013-05-30,31850.0
2013-05-31,32200.0
2013-06-03,31900.0
2013-06-04,32250.0
2013-06-05,31150.0
2013-06-07,31100.0
2013-06-10,32650.0
2013-06-11,32500.0
2013-06-12,32350.0
2013-06-13,32050.0
2013-06-14,31500.0
2013-06-17,30450.0
2013-06-18,31750.0
2013-06-19,31900.0
2013-06-20,31050.0
2013-06-21,30800.0
2013-06-24,29750.0
2013-06-25,29500.0
2013-06-26,30250.0
2013-06-27,30650.0
2013-06-28,31200.0
2013-07-01,31550.0
2013-07-02,28800.0
2013-07-03,28750.0
2013-07-04,28750.0
2013-07-05,28400.0
2013-07-08,27800.0
2013-07-09,28350.0
2013-07-10,27500.0
2013-07-11,28400.0
2013-07-12,28500.0
2013-07-15,28450.0
2013-07-16,28450.0
2013-07-17,28600.0
2013-07-18,29200.0
2013-07-19,28400.0
2013-07-22,28000.0
2013-07-23,28200.0
2013-07-24,28550.0
2013-07-25,28600.0
2013-07-26,28150.0
2013-07-29,27000.0
2013-07-30,27100.0
2013-07-31,27200.0
2013-08-01,27400.0
2013-08-02,27450.0
2013-08-05,27400.0
2013-08-06,27550.0
2013-08-07,26550.0
2013-08-08,26200.0
2013-08-09,26650.0
2013-08-12,27000.0
2013-08-13,28300.0
2013-08-14,29150.0
2013-08-16,28700.0
2013-08-19,28550.0
2013-08-20,28500.0
2013-08-21,28200.0
2013-08-22,28050.0
2013-08-23,28500.0
2013-08-26,28350.0
2013-08-27,27950.0
2013-08-28,27700.0
2013-08-29,27450.0
2013-08-30,28250.0
2013-09-02,28300.0
2013-09-03,28450.0
2013-09-04,28650.0
2013-09-05,28150.0
2013-09-06,27100.0
2013-09-09,28450.0
2013-09-10,28950.0
2013-09-11,28900.0
2013-09-12,28900.0
2013-09-13,29000.0
2013-09-16,29800.0
2013-09-17,30300.0
2013-09-23,30550.0
2013-09-24,30500.0
2013-09-25,29750.0
2013-09-26,30350.0
2013-09-27,30350.0
2013-09-30,30250.0
2013-10-01,29950.0
2013-10-02,31150.0
2013-10-04,32450.0
2013-10-07,32900.0
2013-10-08,32750.0
2013-10-10,33600.0
2013-10-11,33350.0
2013-10-14,33100.0
2013-10-15,33450.0
2013-10-16,33400.0
2013-10-17,33800.0
2013-10-18,34600.0
2013-10-21,34100.0
2013-10-22,32600.0
2013-10-23,32500.0
2013-10-24,33100.0
2013-10-25,32600.0
2013-10-28,33100.0
2013-10-29,31950.0
2013-10-30,32850.0
2013-10-31,31950.0
2013-11-01,33250.0
2013-11-04,33050.0
2013-11-05,32550.0
2013-11-06,32500.0
2013-11-07,32350.0
2013-11-08,32250.0
2013-11-11,31500.0
2013-11-12,31950.0
2013-11-13,31550.0
2013-11-14,32300.0
2013-11-15,33700.0
2013-11-18,33750.0
2013-11-19,33450.0
2013-11-20,32500.0
2013-11-21,32050.0
2013-11-22,32400.0
2013-11-25,33250.0
2013-11-26,33600.0
2013-11-27,34600.0
2013-11-28,35450.0
2013-11-29,35400.0
2013-12-02,35700.0
2013-12-03,34700.0
2013-12-04,34800.0
2013-12-05,34250.0
2013-12-06,35500.0
2013-12-09,36350.0
2013-12-10,36500.0
2013-12-11,36800.0
2013-12-12,36450.0
2013-12-13,36500.0
2013-12-16,37150.0
2013-12-17,36600.0
2013-12-18,35550.0
2013-12-19,34900.0
2013-12-20,35300.0
2013-12-23,37000.0
2013-12-24,36750.0
2013-12-26,36000.0
2013-12-27,36650.0
2013-12-30,36800.0
2014-01-02,35550.0
2014-01-03,36300.0
2014-01-06,37650.0
2014-01-07,37800.0
2014-01-08,39000.0
2014-01-09,38850.0
2014-01-10,38500.0
2014-01-13,38150.0
2014-01-14,38400.0
2014-01-15,36650.0
2014-01-16,36550.0
2014-01-17,36000.0
2014-01-20,36850.0
2014-01-21,36400.0
2014-01-22,36300.0
2014-01-23,35400.0
2014-01-24,35900.0
2014-01-27,35250.0
2014-01-28,36800.0
2014-01-29,37850.0
2014-02-03,37950.0
2014-02-04,36500.0
2014-02-05,36650.0
2014-02-06,38600.0
2014-02-07,39300.0
2014-02-10,39000.0
2014-02-11,39000.0
2014-02-12,39850.0
2014-02-13,39900.0
2014-02-14,39050.0
2014-02-17,38700.0
2014-02-18,38800.0
2014-02-19,39150.0
2014-02-20,38800.0
2014-02-21,39300.0
2014-02-24,38850.0
2014-02-25,38650.0
2014-02-26,39250.0
2014-02-27,39500.0
2014-02-28,38750.0
2014-03-03,38950.0
2014-03-04,38950.0
2014-03-05,39450.0
2014-03-06,39100.0
2014-03-07,38550.0
2014-03-10,37700.0
2014-03-11,37750.0
2014-03-12,37400.0
2014-03-13,38050.0
2014-03-14,37950.0
2014-03-17,36700.0
2014-03-18,36350.0
2014-03-19,37000.0
2014-03-20,36950.0
2014-03-21,38700.0
2014-03-24,38150.0
2014-03-25,37600.0
2014-03-26,38400.0
2014-03-27,37700.0
2014-03-28,37050.0
2014-03-31,36000.0
2014-04-01,37000.0
2014-04-02,37050.0
2014-04-03,36550.0
2014-04-04,37250.0
2014-04-07,37000.0
2014-04-08,36750.0
2014-04-09,37650.0
2014-04-10,37700.0
2014-04-11,37050.0
2014-04-14,36900.0
2014-04-15,37400.0
2014-04-16,37650.0
2014-04-17,38050.0
2014-04-18,39200.0
2014-04-21,39400.0
2014-04-22,39800.0
2014-04-23,40750.0
2014-04-24,40900.0
2014-04-25,40750.0
2014-04-28,40500.0
2014-04-29,39700.0
2014-04-30,40150.0
2014-05-02,40650.0
2014-05-07,41100.0
2014-05-08,40650.0
2014-05-09,41150.0
2014-05-12,41400.0
2014-05-13,41700.0
2014-05-14,42100.0
2014-05-15,42000.0
2014-05-16,42250.0
2014-05-19,40900.0
2014-05-20,42000.0
2014-05-21,41900.0
2014-05-22,42400.0
2014-05-23,42350.0
2014-05-26,42400.0
2014-05-27,42200.0
2014-05-28,42600.0
2014-05-29,42600.0
2014-05-30,44150.0
2014-06-02,44700.0
2014-06-03,44650.0
2014-06-05,46450.0
2014-06-09,46100.0
2014-06-10,47350.0
2014-06-11,47000.0
2014-06-12,47400.0
2014-06-13,47050.0
2014-06-16,48350.0
2014-06-17,49350.0
2014-06-18,49000.0
2014-06-19,50700.0
2014-06-20,49400.0
2014-06-23,48900.0
2014-06-24,50300.0
2014-06-25,49800.0
2014-06-26,48750.0
2014-06-27,47500.0
2014-06-30,48550.0
2014-07-01,48450.0
2014-07-02,50400.0
2014-07-03,50900.0
2014-07-04,50400.0
2014-07-07,51600.0
2014-07-08,51900.0
2014-07-09,49750.0
2014-07-10,49300.0
2014-07-11,48950.0
2014-07-14,49350.0
2014-07-15,49750.0
2014-07-16,51000.0
2014-07-17,51500.0
2014-07-18,50800.0
2014-07-21,50500.0
2014-07-22,51000.0
2014-07-23,49450.0
2014-07-24,47550.0
2014-07-25,47500.0
2014-07-28,46550.0
2014-07-29,44400.0
2014-07-30,46750.0
2014-07-31,45450.0
2014-08-01,46300.0
2014-08-04,47850.0
2014-08-05,47300.0
2014-08-06,45400.0
2014-08-07,45200.0
2014-08-08,44200.0
2014-08-11,45000.0
2014-08-12,43250.0
2014-08-13,43900.0
2014-08-14,43550.0
2014-08-18,43850.0
2014-08-19,43800.0
2014-08-20,45350.0
2014-08-21,45850.0
2014-08-22,45950.0
2014-08-25,47150.0
2014-08-26,46700.0
2014-08-27,45350.0
2014-08-28,45600.0
2014-08-29,45400.0
2014-09-01,44500.0
2014-09-02,44050.0
2014-09-03,41800.0
2014-09-04,42050.0
2014-09-05,43200.0
2014-09-11,43850.0
2014-09-12,44500.0
2014-09-15,42800.0
2014-09-16,43500.0
2014-09-17,44100.0
2014-09-18,42900.0
2014-09-19,44000.0
2014-09-22,43250.0
2014-09-23,42500.0
2014-09-24,44200.0
2014-09-25,44600.0
2014-09-26,45600.0
2014-09-29,47150.0
2014-09-30,46750.0
2014-10-01,46400.0
2014-10-02,47100.0
2014-10-06,44700.0
2014-10-07,44700.0
2014-10-08,44150.0
2014-10-10,42200.0
2014-10-13,41700.0
2014-10-14,43300.0
2014-10-15,43400.0
2014-10-16,45100.0
2014-10-17,44100.0
2014-10-20,44900.0
2014-10-21,45250.0
2014-10-22,46300.0
2014-10-23,45500.0
2014-10-24,45300.0
2014-10-27,44600.0
2014-10-28,46000.0
2014-10-29,47000.0
2014-10-30,47200.0
2014-10-31,47450.0
2014-11-03,48050.0
2014-11-04,47450.0
2014-11-05,47200.0
2014-11-06,47950.0
2014-11-07,47400.0
2014-11-10,47550.0
2014-11-11,47600.0
2014-11-12,48100.0
2014-11-13,48100.0
2014-11-14,49200.0
2014-11-17,45900.0
2014-11-18,46400.0
2014-11-19,47150.0
2014-11-20,47250.0
2014-11-21,46450.0
2014-11-24,47100.0
2014-11-25,48500.0
2014-11-26,48600.0
2014-11-27,47850.0
2014-11-28,48050.0
2014-12-01,47950.0
2014-12-02,47700.0
2014-12-03,48050.0
2014-12-04,48700.0
2014-12-05,48350.0
2014-12-08,48650.0
2014-12-09,49450.0
2014-12-10,48850.0
2014-12-11,47200.0
2014-12-12,47550.0
2014-12-15,47650.0
2014-12-16,46500.0
2014-12-17,46700.0
2014-12-18,47700.0
2014-12-19,48500.0
2014-12-22,48250.0
2014-12-23,47450.0
2014-12-24,47800.0
2014-12-26,47000.0
2014-12-29,48050.0
2014-12-30,47750.0
2015-01-02,47750.0
2015-01-05,47650.0
2015-01-06,47500.0
2015-01-07,47400.0
2015-01-08,49950.0
2015-01-09,49700.0
2015-01-12,50300.0
2015-01-13,49000.0
2015-01-14,48900.0
2015-01-15,49500.0
2015-01-16,47450.0
2015-01-19,47000.0
2015-01-20,47050.0
2015-01-21,48050.0
2015-01-22,47000.0
2015-01-23,47500.0
2015-01-26,48250.0
2015-01-27,49150.0
2015-01-28,49200.0
2015-01-29,47400.0
2015-01-30,47650.0
2015-02-02,46600.0
2015-02-03,46700.0
2015-02-04,47300.0
2015-02-05,47150.0
2015-02-06,45500.0
2015-02-09,45200.0
2015-02-10,45150.0
2015-02-11,46850.0
2015-02-12,46650.0
2015-02-13,47050.0
2015-02-16,47500.0
2015-02-17,46450.0
2015-02-23,47200.0
2015-02-24,47600.0
2015-02-25,46500.0
2015-02-26,47100.0
2015-02-27,46600.0
2015-03-02,46850.0
2015-03-03,47300.0
2015-03-04,45900.0
2015-03-05,45500.0
2015-03-06,46200.0
2015-03-09,45100.0
2015-03-10,44150.0
2015-03-11,43400.0
2015-03-12,43250.0
2015-03-13,44100.0
2015-03-16,45800.0
2015-03-17,46250.0
2015-03-18,46250.0
2015-03-19,46400.0
2015-03-20,46850.0
2015-03-23,48150.0
2015-03-24,48000.0
2015-03-25,48300.0
2015-03-26,47000.0
2015-03-27,45800.0
2015-03-30,45500.0
2015-03-31,45550.0
2015-04-01,45000.0
2015-04-02,44800.0
2015-04-03,44200.0
2015-04-06,44750.0
2015-04-07,43950.0
2015-04-08,42600.0
2015-04-09,41900.0
2015-04-10,43600.0
2015-04-13,44200.0
2015-04-14,44000.0
2015-04-15,44300.0
2015-04-16,44500.0
2015-04-17,44550.0
2015-04-20,44250.0
2015-04-21,45150.0
2015-04-22,45250.0
2015-04-23,45800.0
2015-04-24,47200.0
2015-04-27,45800.0
2015-04-28,46950.0
2015-04-29,46900.0
2015-04-30,46150.0
2015-05-04,46800.0
2015-05-06,45300.0
2015-05-07,45900.0
2015-05-08,45950.0
2015-05-11,46300.0
2015-05-12,46050.0
2015-05-13,45250.0
2015-05-14,45550.0
2015-05-15,45300.0
2015-05-18,45450.0
2015-05-19,46100.0
2015-05-20,46850.0
2015-05-21,46350.0
2015-05-22,47850.0
2015-05-26,48000.0
2015-05-27,48450.0
2015-05-28,49650.0
2015-05-29,51100.0
2015-06-01,50600.0
2015-06-02,51200.0
2015-06-03,49800.0
2015-06-04,48300.0
2015-06-05,49050.0
2015-06-08,48050.0
2015-06-09,48000.0
2015-06-10,47500.0
2015-06-11,47100.0
2015-06-12,46550.0
2015-06-15,46150.0
2015-06-16,44200.0
2015-06-17,44950.0
2015-06-18,44300.0
2015-06-19,43550.0
2015-06-22,43850.0
2015-06-23,44150.0
2015-06-24,43350.0
2015-06-25,43100.0
2015-06-26,42000.0
2015-06-29,42600.0
2015-06-30,42300.0
2015-07-01,42800.0
2015-07-02,42100.0
2015-07-03,42650.0
2015-07-06,40750.0
2015-07-07,41350.0
2015-07-08,40900.0
2015-07-09,40950.0
2015-07-10,40850.0
2015-07-13,40550.0
2015-07-14,37850.0
2015-07-15,39300.0
2015-07-16,39450.0
2015-07-17,39950.0
2015-07-20,38650.0
2015-07-21,39050.0
2015-07-22,38200.0
2015-07-23,39000.0
2015-07-24,38550.0
2015-07-27,37250.0
2015-07-28,37100.0
2015-07-29,37000.0
2015-07-30,34500.0
2015-07-31,37100.0
2015-08-03,35950.0
2015-08-04,37250.0
2015-08-05,37300.0
2015-08-06,36100.0
2015-08-07,36200.0
2015-08-10,36300.0
2015-08-11,36100.0
2015-08-12,35800.0
2015-08-13,36900.0
2015-08-14,36900.0
2015-08-17,35650.0
2015-08-18,35050.0
2015-08-19,33000.0
2015-08-20,33050.0
2015-08-21,32000.0
2015-08-24,31050.0
2015-08-25,33500.0
2015-08-26,33450.0
2015-08-27,35500.0
2015-08-28,36900.0
2015-08-31,35800.0
2015-09-01,34400.0
2015-09-02,34350.0
2015-09-03,35400.0
2015-09-04,34850.0
2015-09-07,34750.0
2015-09-08,34750.0
2015-09-09,36000.0
2015-09-10,35950.0
2015-09-11,35000.0
2015-09-14,34600.0
2015-09-15,33600.0
2015-09-16,35100.0
2015-09-17,36150.0
2015-09-18,35750.0
2015-09-21,34800.0
2015-09-22,34900.0
2015-09-23,34700.0
2015-09-24,33850.0
2015-09-25,34350.0
2015-09-30,33550.0
2015-10-01,33700.0
2015-10-02,34550.0
2015-10-05,35350.0
2015-10-06,37200.0
2015-10-07,37300.0
2015-10-08,37550.0
2015-10-12,36850.0
2015-10-13,36000.0
2015-10-14,36400.0
2015-10-15,36750.0
2015-10-16,36100.0
2015-10-19,35750.0
2015-10-20,35700.0
2015-10-21,33650.0
2015-10-22,31950.0
2015-10-23,32100.0
2015-10-26,32900.0
2015-10-27,32150.0
2015-10-28,31450.0
2015-10-29,31450.0
2015-10-30,30700.0
2015-11-02,32150.0
2015-11-03,31900.0
2015-11-04,32600.0
2015-11-05,32650.0
2015-11-06,31200.0
2015-11-09,31250.0
2015-11-10,31150.0
2015-11-11,31000.0
2015-11-12,30700.0
2015-11-13,31150.0
2015-11-16,30500.0
2015-11-17,30600.0
2015-11-18,30550.0
2015-11-19,31200.0
2015-11-20,31000.0
2015-11-23,30650.0
2015-11-24,30200.0
2015-11-25,31900.0
2015-11-26,32750.0
2015-11-27,32000.0
2015-11-30,31600.0
2015-12-01,31350.0
2015-12-02,31200.0
2015-12-03,31150.0
2015-12-04,31200.0
2015-12-07,30700.0
2015-12-08,30200.0
2015-12-09,30250.0
2015-12-10,30300.0
2015-12-11,29850.0
2015-12-14,29000.0
2015-12-15,29400.0
2015-12-16,30400.0
2015-12-17,30250.0
2015-12-18,30600.0
2015-12-21,30500.0
2015-12-22,32200.0
2015-12-23,32700.0
2015-12-24,31700.0
2015-12-28,30900.0
2015-12-29,31200.0
2015-12-30,30750.0
2016-01-04,30150.0
2016-01-05,30600.0
2016-01-06,30750.0
2016-01-07,30200.0
2016-01-08,29700.0
2016-01-11,28650.0
2016-01-12,27800.0
2016-01-13,28100.0
2016-01-14,27900.0
2016-01-15,26800.0
2016-01-18,26700.0
2016-01-19,28300.0
2016-01-20,26800.0
2016-01-21,26600.0
2016-01-22,27150.0
2016-01-25,28000.0
2016-01-26,27850.0
2016-01-27,27650.0
2016-01-28,27650.0
2016-01-29,27300.0
2016-02-01,28400.0
2016-02-02,28450.0
2016-02-03,27450.0
2016-02-04,28100.0
2016-02-05,28100.0
2016-02-11,27150.0
2016-02-12,27350.0
2016-02-15,27700.0
2016-02-16,28900.0
2016-02-17,30050.0
2016-02-18,30200.0
2016-02-19,29600.0
2016-02-22,29900.0
2016-02-23,30400.0
2016-02-24,30900.0
2016-02-25,30800.0
2016-02-26,30800.0
2016-02-29,30000.0
2016-03-02,30950.0
2016-03-03,31950.0
2016-03-04,31900.0
2016-03-07,31900.0
2016-03-08,30500.0
2016-03-09,30550.0
2016-03-10,30300.0
2016-03-11,30700.0
2016-03-14,30350.0
2016-03-15,29900.0
2016-03-16,29200.0
2016-03-17,29250.0
2016-03-18,29450.0
2016-03-21,29550.0
2016-03-22,30200.0
2016-03-23,30250.0
2016-03-24,29450.0
2016-03-25,29150.0
2016-03-28,28550.0
2016-03-29,28900.0
2016-03-30,28650.0
2016-03-31,28150.0
2016-04-01,28200.0
2016-04-04,27900.0
2016-04-05,27850.0
2016-04-06,27500.0
2016-04-07,26900.0
2016-04-08,27800.0
2016-04-11,27150.0
2016-04-12,27150.0
2016-04-14,27250.0
2016-04-15,27650.0
2016-04-18,27200.0
2016-04-19,27450.0
2016-04-20,27550.0
2016-04-21,27550.0
2016-04-22,27500.0
2016-04-25,27500.0
2016-04-26,29150.0
2016-04-27,29150.0
2016-04-28,27900.0
2016-04-29,28150.0
2016-05-02,27850.0
2016-05-03,27650.0
2016-05-04,26650.0
2016-05-09,25750.0
2016-05-10,26400.0
2016-05-11,26200.0
2016-05-12,26100.0
2016-05-13,26100.0
2016-05-16,26100.0
2016-05-17,25900.0
2016-05-18,26200.0
2016-05-19,26600.0
2016-05-20,26300.0
2016-05-23,27200.0
2016-05-24,26850.0
2016-05-25,27050.0
2016-05-26,27000.0
2016-05-27,28650.0
2016-05-30,29000.0
2016-05-31,28700.0
2016-06-01,28500.0
2016-06-02,28050.0
2016-06-03,27600.0
2016-06-07,28650.0
2016-06-08,28550.0
2016-06-09,29000.0
2016-06-10,29000.0
2016-06-13,28350.0
2016-06-14,29050.0
2016-06-15,29950.0
2016-06-16,29650.0
2016-06-17,29000.0
2016-06-20,30050.0
2016-06-21,29800.0
2016-06-22,30950.0
2016-06-23,31750.0
2016-06-24,31800.0
2016-06-27,32050.0
2016-06-28,31150.0
2016-06-29,31800.0
2016-06-30,32400.0
2016-07-01,32150.0
2016-07-04,32750.0
2016-07-05,31850.0
2016-07-06,30600.0
2016-07-07,30650.0
2016-07-08,31050.0
2016-07-11,32000.0
2016-07-12,32000.0
2016-07-13,32650.0
2016-07-14,33050.0
2016-07-15,32700.0
2016-07-18,32750.0
2016-07-19,32450.0
2016-07-20,32100.0
2016-07-21,32150.0
2016-07-22,32000.0
2016-07-25,32500.0
2016-07-26,32050.0
2016-07-27,33450.0
2016-07-28,33550.0
2016-07-29,34400.0
2016-08-01,34850.0
2016-08-02,33750.0
2016-08-03,33550.0
2016-08-04,33650.0
2016-08-05,34800.0
2016-08-08,34950.0
2016-08-09,35050.0
2016-08-10,33800.0
2016-08-11,34800.0
2016-08-12,34350.0
2016-08-16,33700.0
2016-08-17,33550.0
2016-08-18,34150.0
2016-08-19,35400.0
2016-08-22,36000.0
2016-08-23,35600.0
2016-08-24,35750.0
2016-08-25,35700.0
2016-08-26,36250.0
2016-08-29,36250.0
2016-08-30,36300.0
2016-08-31,36450.0
2016-09-01,36100.0
2016-09-02,36650.0
2016-09-05,37500.0
2016-09-06,38000.0
2016-09-07,37900.0
2016-09-08,38700.0
2016-09-09,38950.0
2016-09-12,37000.0
2016-09-13,37800.0
2016-09-19,39200.0
2016-09-20,39250.0
2016-09-21,39150.0
2016-09-22,39400.0
2016-09-23,39350.0
2016-09-26,39500.0
2016-09-27,41150.0
2016-09-28,41200.0
2016-09-29,40200.0
2016-09-30,40200.0
2016-10-04,41800.0
2016-10-05,42600.0
2016-10-06,42550.0
2016-10-07,42200.0
2016-10-10,41300.0
2016-10-11,41300.0
2016-10-12,41250.0
2016-10-13,40950.0
2016-10-14,41550.0
2016-10-17,42300.0
2016-10-18,41650.0
2016-10-19,40050.0
2016-10-20,40050.0
2016-10-21,40950.0
2016-10-24,40150.0
2016-10-25,41050.0
2016-10-26,42900.0
2016-10-27,43000.0
2016-10-28,42450.0
2016-10-31,41000.0
2016-11-01,42000.0
2016-11-02,41000.0
2016-11-03,41150.0
2016-11-04,41200.0
2016-11-07,41500.0
2016-11-08,41500.0
2016-11-09,39650.0
2016-11-10,41000.0
2016-11-11,39850.0
2016-11-14,39700.0
2016-11-15,39700.0
2016-11-16,40850.0
2016-11-17,41900.0
2016-11-18,42000.0
2016-11-21,40750.0
2016-11-22,42700.0
2016-11-23,43050.0
2016-11-24,42650.0
2016-11-25,42600.0
2016-11-28,42600.0
2016-11-29,42400.0
2016-11-30,42900.0
2016-12-01,44200.0
2016-12-02,44400.0
2016-12-05,44400.0
2016-12-06,45200.0
2016-12-07,45250.0
2016-12-08,46250.0
2016-12-09,45500.0
2016-12-12,45300.0
2016-12-13,44950.0
2016-12-14,45850.0
2016-12-15,45600.0
2016-12-16,46400.0
2016-12-19,45150.0
2016-12-20,45150.0
2016-12-21,45000.0
2016-12-22,45500.0
2016-12-23,46300.0
2016-12-26,45650.0
2016-12-27,45650.0
2016-12-28,45350.0
2016-12-29,44700.0
2017-01-02,45800.0
2017-01-03,47250.0
2017-01-04,46500.0
2017-01-05,46950.0
2017-01-06,48000.0
2017-01-09,49550.0
2017-01-10,49750.0
2017-01-11,51600.0
2017-01-12,50600.0
2017-01-13,50300.0
2017-01-16,49300.0
2017-01-17,49300.0
2017-01-18,48850.0
2017-01-19,49600.0
2017-01-20,49150.0
2017-01-23,50800.0
2017-01-24,51600.0
2017-01-25,51700.0
2017-01-26,53300.0
2017-01-31,53700.0
2017-02-01,54000.0
2017-02-02,52800.0
2017-02-03,53700.0
2017-02-06,53700.0
2017-02-07,53300.0
2017-02-08,54600.0
2017-02-09,52700.0
2017-02-10,50000.0
2017-02-13,50700.0
2017-02-14,48450.0
2017-02-15,47900.0
2017-02-16,49600.0
2017-02-17,50400.0
2017-02-20,49900.0
2017-02-21,50900.0
2017-02-22,50600.0
2017-02-23,50200.0
2017-02-24,47500.0
2017-02-27,46000.0
2017-02-28,46700.0
2017-03-02,47700.0
2017-03-03,47100.0
2017-03-06,49350.0
2017-03-07,48800.0
2017-03-08,48000.0
2017-03-09,48000.0
2017-03-10,49200.0
2017-03-13,51000.0
2017-03-14,50300.0
2017-03-15,48800.0
2017-03-16,49150.0
2017-03-17,46750.0
2017-03-20,47600.0
2017-03-21,47550.0
2017-03-22,48650.0
2017-03-23,48450.0
2017-03-24,49500.0
2017-03-27,50700.0
2017-03-28,50800.0
2017-03-29,51300.0
2017-03-30,50900.0
2017-03-31,50500.0
2017-04-03,51800.0
2017-04-04,51000.0
2017-04-05,50300.0
2017-04-06,49400.0
2017-04-07,49800.0
2017-04-10,49000.0
2017-04-11,48850.0
2017-04-12,49000.0
2017-04-13,49750.0
2017-04-14,49800.0
2017-04-17,49200.0
2017-04-18,50200.0
2017-04-19,49850.0
2017-04-20,51400.0
2017-04-21,52000.0
2017-04-24,52400.0
2017-04-25,52400.0
2017-04-26,53700.0
2017-04-27,53600.0
2017-04-28,54000.0
2017-05-02,55400.0
2017-05-04,55900.0
2017-05-08,56900.0
2017-05-10,55600.0
2017-05-11,56400.0
2017-05-12,55300.0
2017-05-15,55600.0
2017-05-16,55300.0
2017-05-17,54700.0
2017-05-18,55700.0
2017-05-19,54200.0
2017-05-22,56000.0
2017-05-23,55100.0
2017-05-24,55800.0
2017-05-25,55800.0
2017-05-26,57100.0
2017-05-29,57900.0
2017-05-30,57400.0
2017-05-31,57000.0
2017-06-01,56400.0
2017-06-02,57100.0
2017-06-05,56100.0
2017-06-07,56500.0
2017-06-08,56700.0
2017-06-09,58300.0
2017-06-12,57500.0
2017-06-13,58800.0
2017-06-14,59300.0
2017-06-15,60600.0
2017-06-16,60500.0
2017-06-19,62800.0
2017-06-20,64000.0
2017-06-21,64800.0
2017-06-22,65000.0
2017-06-23,65000.0
2017-06-26,67500.0
2017-06-27,69200.0
2017-06-28,67200.0
2017-06-29,68500.0
2017-06-30,67400.0
2017-07-03,66300.0
2017-07-04,65800.0
2017-07-05,68000.0
2017-07-06,68100.0
2017-07-07,66600.0
2017-07-10,67300.0
2017-07-11,69000.0
2017-07-12,68900.0
2017-07-13,70600.0
2017-07-14,71100.0
2017-07-17,71200.0
2017-07-18,70800.0
2017-07-19,71000.0
2017-07-20,71300.0
2017-07-21,71200.0
2017-07-24,73000.0
2017-07-25,70400.0
2017-07-26,66800.0
2017-07-27,68400.0
2017-07-28,64600.0
2017-07-31,66000.0
2017-08-01,65500.0
2017-08-02,68000.0
2017-08-03,65500.0
2017-08-04,64000.0
2017-08-07,64100.0
2017-08-08,66300.0
2017-08-09,64200.0
2017-08-10,64400.0
2017-08-11,61400.0
2017-08-14,65100.0
2017-08-16,66100.0
2017-08-17,66400.0
2017-08-18,67000.0
2017-08-21,67200.0
2017-08-22,68200.0
2017-08-23,68000.0
2017-08-24,68100.0
2017-08-25,68400.0
2017-08-28,67900.0
2017-08-29,67600.0
2017-08-30,68500.0
2017-08-31,68600.0
2017-09-01,68700.0
2017-09-04,68100.0
2017-09-05,69900.0
2017-09-06,71700.0
2017-09-07,71400.0
2017-09-08,72600.0
2017-09-11,73800.0
2017-09-12,74700.0
2017-09-13,75700.0
2017-09-14,76800.0
2017-09-15,77200.0
2017-09-18,79700.0
2017-09-19,79200.0
2017-09-20,80700.0
2017-09-21,83100.0
2017-09-25,86300.0
2017-09-26,86300.0
2017-09-27,82400.0
2017-09-28,83200.0
2017-09-29,82900.0
2017-10-10,88700.0
2017-10-11,89100.0
2017-10-12,88500.0
2017-10-13,86100.0
2017-10-16,84200.0
2017-10-17,83500.0
2017-10-18,80900.0
2017-10-19,79000.0
2017-10-20,81200.0
2017-10-23,84700.0
2017-10-24,81800.0
2017-10-25,81700.0
2017-10-26,78700.0
2017-10-27,78400.0
2017-10-30,79800.0
2017-10-31,82200.0
2017-11-01,85300.0
2017-11-02,83400.0
2017-11-03,84400.0
2017-11-06,83500.0
2017-11-07,82400.0
2017-11-08,83200.0
2017-11-09,82400.0
2017-11-10,82000.0
2017-11-13,82300.0
2017-11-14,83400.0
2017-11-15,82000.0
2017-11-16,82500.0
2017-11-17,83000.0
2017-11-20,82100.0
2017-11-21,85000.0
2017-11-22,86800.0
2017-11-23,84700.0
2017-11-24,85100.0
2017-11-27,83100.0
2017-11-28,82600.0
2017-11-29,82400.0
2017-11-30,76800.0
2017-12-01,77400.0
2017-12-04,79100.0
2017-12-05,77900.0
2017-12-06,77500.0
2017-12-07,76000.0
2017-12-08,78700.0
2017-12-11,78700.0
2017-12-12,77800.0
2017-12-13,76800.0
2017-12-14,76000.0
2017-12-15,75700.0
2017-12-18,77200.0
2017-12-19,80200.0
2017-12-21,77000.0
2017-12-22,76700.0
2017-12-26,74000.0
2017-12-27,75100.0
2017-12-28,76500.0
2018-01-02,76600.0
2018-01-03,77700.0
2018-01-04,77100.0
2018-01-05,79300.0
2018-01-08,78200.0
2018-01-09,76900.0
2018-01-10,72900.0
2018-01-11,72600.0
2018-01-12,74400.0
2018-01-15,72700.0
2018-01-16,74400.0
2018-01-17,74100.0
2018-01-18,75200.0
2018-01-19,73300.0
2018-01-22,71100.0
2018-01-23,71300.0
2018-01-24,72400.0
2018-01-25,75800.0
2018-01-26,75500.0
2018-01-29,75300.0
2018-01-30,73100.0
2018-01-31,73500.0
2018-02-01,74400.0
2018-02-02,72200.0
2018-02-05,70200.0
2018-02-06,70200.0
2018-02-07,71100.0
2018-02-08,73900.0
2018-02-09,73400.0
2018-02-12,74500.0
2018-02-13,77700.0
2018-02-14,77600.0
2018-02-19,76500.0
2018-02-20,75500.0
2018-02-21,76900.0
2018-02-22,75900.0
2018-02-23,77300.0
2018-02-26,77500.0
2018-02-27,78700.0
2018-02-28,76800.0
2018-03-02,77400.0
2018-03-05,78300.0
2018-03-06,82400.0
2018-03-07,82700.0
2018-03-08,83500.0
2018-03-09,83300.0
2018-03-12,84900.0
2018-03-13,90000.0
2018-03-14,90700.0
2018-03-15,89600.0
2018-03-16,89800.0
2018-03-19,89900.0
2018-03-20,89600.0
2018-03-21,88400.0
2018-03-22,88600.0
2018-03-23,83100.0
2018-03-26,84000.0
2018-03-27,81400.0
2018-03-28,80300.0
2018-03-29,80300.0
2018-03-30,81300.0
2018-04-02,81300.0
2018-04-03,81800.0
2018-04-04,80400.0
2018-04-05,82900.0
2018-04-06,80300.0
2018-04-09,80600.0
2018-04-10,80400.0
2018-04-11,81200.0
2018-04-12,84000.0
2018-04-13,84200.0
2018-04-16,84000.0
2018-04-17,82800.0
2018-04-18,84600.0
2018-04-19,87900.0
2018-04-20,84400.0
2018-04-23,84400.0
2018-04-24,82100.0
2018-04-25,82400.0
2018-04-26,86500.0
2018-04-27,87100.0
2018-04-30,84500.0
2018-05-02,83100.0
2018-05-03,82900.0
2018-05-04,83000.0
2018-05-08,83500.0
2018-05-09,83400.0
2018-05-10,85800.0
2018-05-11,86100.0
2018-05-14,85400.0
2018-05-15,84600.0
2018-05-16,87000.0
2018-05-17,86700.0
2018-05-18,87900.0
2018-05-21,89100.0
2018-05-23,95300.0
2018-05-24,94600.0
2018-05-25,95200.0
2018-05-28,94500.0
2018-05-29,94800.0
2018-05-30,95000.0
2018-05-31,93400.0
2018-06-01,91400.0
2018-06-04,89800.0
2018-06-05,91000.0
2018-06-07,90900.0
2018-06-08,88400.0
2018-06-11,89200.0
2018-06-12,88400.0
2018-06-14,86300.0
2018-06-15,87000.0
2018-06-18,84000.0
2018-06-19,84100.0
2018-06-20,87800.0
2018-06-21,88500.0
2018-06-22,89500.0
2018-06-25,84800.0
2018-06-26,84300.0
2018-06-27,85200.0
2018-06-28,83500.0
2018-06-29,85700.0
2018-07-02,83700.0
2018-07-03,86100.0
2018-07-04,85000.0
2018-07-05,86200.0
2018-07-06,85300.0
2018-07-09,87600.0
2018-07-10,87300.0
2018-07-11,86800.0
2018-07-12,85600.0
2018-07-13,88800.0
2018-07-16,89300.0
2018-07-17,88600.0
2018-07-18,89300.0
2018-07-19,90300.0
2018-07-20,87900.0
2018-07-23,81700.0
2018-07-24,83600.0
2018-07-25,80500.0
2018-07-26,83100.0
2018-07-27,86100.0
2018-07-30,85900.0
2018-07-31,86300.0
2018-08-01,85600.0
2018-08-02,83200.0
2018-08-03,83300.0
2018-08-06,79400.0
2018-08-07,80700.0
2018-08-08,79800.0
2018-08-09,78000.0
2018-08-10,75100.0
2018-08-13,75400.0
2018-08-14,75900.0
2018-08-16,74700.0
2018-08-17,74500.0
2018-08-20,74700.0
2018-08-21,78400.0
2018-08-22,79800.0
2018-08-23,81100.0
2018-08-24,81800.0
2018-08-27,83500.0
2018-08-28,82400.0
2018-08-29,82800.0
2018-08-30,82700.0
2018-08-31,83000.0
2018-09-03,80600.0
2018-09-04,81200.0
2018-09-05,80000.0
2018-09-06,78800.0
2018-09-07,75900.0
2018-09-10,76500.0
2018-09-11,76600.0
2018-09-12,75100.0
2018-09-13,74500.0
2018-09-14,77700.0
2018-09-17,77200.0
2018-09-18,78000.0
2018-09-19,78800.0
2018-09-20,79100.0
2018-09-21,76700.0
2018-09-27,75000.0
2018-09-28,73100.0
2018-10-01,73700.0
2018-10-02,71700.0
2018-10-04,70000.0
2018-10-05,70300.0
2018-10-08,71200.0
2018-10-10,70300.0
2018-10-11,69000.0
2018-10-12,72400.0
2018-10-15,70300.0
2018-10-16,69700.0
2018-10-17,70400.0
2018-10-18,68700.0
2018-10-19,70800.0
2018-10-22,70000.0
2018-10-23,69100.0
2018-10-24,66700.0
2018-10-25,64700.0
2018-10-26,67000.0
2018-10-29,66800.0
2018-10-30,68200.0
2018-10-31,68200.0
2018-11-01,68300.0
2018-11-02,72600.0
2018-11-05,70500.0
2018-11-06,70100.0
2018-11-07,70800.0
2018-11-08,72900.0
2018-11-09,72900.0
2018-11-12,74500.0
2018-11-13,71900.0
2018-11-14,70400.0
2018-11-15,71800.0
2018-11-16,70100.0
2018-11-19,69800.0
2018-11-20,67500.0
2018-11-21,68100.0
2018-11-22,69300.0
2018-11-23,69300.0
2018-11-26,70900.0
2018-11-27,70800.0
2018-11-28,71900.0
2018-11-29,71500.0
2018-11-30,69600.0
2018-12-03,70500.0
2018-12-04,69000.0
2018-12-05,68200.0
2018-12-06,66000.0
2018-12-07,66800.0
2018-12-10,65500.0
2018-12-11,64900.0
2018-12-12,66200.0
2018-12-13,65500.0
2018-12-14,61800.0
2018-12-17,62200.0
2018-12-18,61100.0
2018-12-19,60300.0
2018-12-20,58600.0
2018-12-21,60000.0
2018-12-24,60400.0
2018-12-26,60100.0
2018-12-27,61600.0
2018-12-28,60500.0
2019-01-02,60600.0
2019-01-03,57700.0
2019-01-04,58300.0
2019-01-07,58700.0
2019-01-08,59200.0
2019-01-09,63600.0
2019-01-10,65300.0
2019-01-11,65100.0
2019-01-14,62100.0
2019-01-15,64000.0
2019-01-16,64800.0
2019-01-17,64900.0
2019-01-18,64600.0
2019-01-21,67000.0
2019-01-22,66600.0
2019-01-23,66800.0
2019-01-24,70500.0
2019-01-25,74600.0
2019-01-28,71800.0
2019-01-29,73400.0
2019-01-30,75900.0
2019-01-31,73900.0
2019-02-01,75900.0
2019-02-07,76700.0
2019-02-08,73500.0
2019-02-11,74100.0
2019-02-12,75900.0
2019-02-13,76200.0
2019-02-14,77400.0
2019-02-15,73800.0
2019-02-18,74700.0
2019-02-19,73700.0
2019-02-20,75700.0
2019-02-21,76700.0
2019-02-22,76700.0
2019-02-25,75400.0
2019-02-26,75200.0
2019-02-27,73700.0
2019-02-28,70000.0
2019-03-04,70100.0
2019-03-05,69700.0
2019-03-06,68100.0
2019-03-07,68100.0
2019-03-08,66700.0
2019-03-11,66600.0
2019-03-12,67700.0
2019-03-13,66800.0
2019-03-14,67300.0
2019-03-15,68100.0
2019-03-18,67800.0
2019-03-19,68000.0
2019-03-20,70500.0
2019-03-21,75900.0
2019-03-22,76100.0
2019-03-25,72900.0
2019-03-26,72700.0
2019-03-27,73400.0
2019-03-28,72300.0
2019-03-29,74200.0
2019-04-01,76600.0
2019-04-02,76400.0
2019-04-03,79900.0
2019-04-04,78400.0
2019-04-05,79000.0
2019-04-08,77900.0
2019-04-09,77800.0
2019-04-10,78600.0
2019-04-11,78400.0
2019-04-12,78100.0
2019-04-15,79700.0
2019-04-16,80400.0
2019-04-17,80200.0
2019-04-18,79200.0
2019-04-19,81800.0
2019-04-22,80500.0
2019-04-23,81000.0
2019-04-24,78500.0
2019-04-25,80200.0
2019-04-26,78600.0
2019-04-29,80000.0
2019-04-30,79000.0
2019-05-02,80700.0
2019-05-03,80400.0
2019-05-07,79900.0
2019-05-08,80300.0
2019-05-09,76000.0
2019-05-10,74400.0
2019-05-13,73500.0
2019-05-14,74600.0
2019-05-15,74500.0
2019-05-16,71900.0
2019-05-17,71600.0
2019-05-20,70900.0
2019-05-21,70300.0
2019-05-22,68900.0
2019-05-23,68000.0
2019-05-24,67600.0
2019-05-27,66900.0
2019-05-28,65900.0
2019-05-29,66100.0
2019-05-30,65900.0
2019-05-31,65300.0
2019-06-03,66600.0
2019-06-04,65100.0
2019-06-05,65100.0
2019-06-07,65400.0
2019-06-10,66800.0
2019-06-11,67200.0
2019-06-12,65700.0
2019-06-13,63500.0
2019-06-14,63100.0
2019-06-17,63700.0
2019-06-18,63400.0
2019-06-19,67200.0
2019-06-20,67300.0
2019-06-21,65900.0
2019-06-24,66900.0
2019-06-25,66700.0
2019-06-26,68900.0
2019-06-27,70200.0
2019-06-28,69500.0
2019-07-01,70000.0
2019-07-02,71400.0
2019-07-03,69100.0
2019-07-04,70200.0
2019-07-05,68400.0
2019-07-08,67400.0
2019-07-09,69800.0
2019-07-10,72900.0
2019-07-11,75500.0
2019-07-12,74700.0
2019-07-15,76200.0
2019-07-16,76100.0
2019-07-17,74600.0
2019-07-18,74700.0
2019-07-19,76800.0
2019-07-22,78400.0
2019-07-23,78800.0
2019-07-24,77600.0
2019-07-25,79200.0
2019-07-26,79800.0
2019-07-29,77000.0
2019-07-30,78900.0
2019-07-31,76900.0
2019-08-01,77700.0
2019-08-02,76100.0
2019-08-05,75400.0
2019-08-06,72000.0
2019-08-07,73300.0
2019-08-08,72300.0
2019-08-09,73300.0
2019-08-12,74500.0
2019-08-13,74500.0
2019-08-14,76900.0
2019-08-16,76400.0
2019-08-19,75100.0
2019-08-20,76400.0
2019-08-21,75800.0
2019-08-22,73800.0
2019-08-23,74400.0
2019-08-26,71800.0
2019-08-27,73000.0
2019-08-28,73300.0
2019-08-29,73300.0
2019-08-30,77400.0
2019-09-02,77600.0
2019-09-03,77000.0
2019-09-04,80000.0
2019-09-05,83000.0
2019-09-06,81900.0
2019-09-09,84300.0
2019-09-10,83100.0
2019-09-11,82600.0
2019-09-16,79500.0
2019-09-17,79400.0
2019-09-18,80200.0
2019-09-19,82700.0
2019-09-20,82200.0
2019-09-23,82800.0
2019-09-24,83400.0
2019-09-25,81900.0
2019-09-26,83300.0
2019-09-27,81400.0
2019-09-30,82200.0
2019-10-01,82000.0
2019-10-02,79500.0
2019-10-04,80300.0
2019-10-07,80300.0
2019-10-08,80900.0
2019-10-10,79000.0
2019-10-11,80000.0
2019-10-14,80500.0
2019-10-15,81200.0
2019-10-16,82400.0
2019-10-17,81000.0
2019-10-18,77400.0
2019-10-21,77500.0
2019-10-22,79100.0
2019-10-23,77700.0
2019-10-24,80000.0
2019-10-25,82900.0
2019-10-28,82900.0
2019-10-29,83000.0
2019-10-30,81500.0
2019-10-31,82000.0
2019-11-01,83100.0
2019-11-04,84700.0
2019-11-05,85100.0
2019-11-06,83500.0
2019-11-07,83600.0
2019-11-08,82300.0
2019-11-11,81300.0
2019-11-12,83200.0
2019-11-13,83400.0
2019-11-14,83400.0
2019-11-15,85200.0
2019-11-18,85500.0
2019-11-19,85300.0
2019-11-20,82700.0
2019-11-21,80900.0
2019-11-22,81700.0
2019-11-25,81700.0
2019-11-26,82300.0
2019-11-27,82700.0
2019-11-28,82800.0
2019-11-29,80900.0
2019-12-02,80500.0
2019-12-03,78700.0
2019-12-04,77700.0
2019-12-05,78800.0
2019-12-06,80600.0
2019-12-09,80700.0
2019-12-10,80700.0
2019-12-11,80600.0
2019-12-12,83400.0
2019-12-13,87900.0
2019-12-16,88600.0
2019-12-17,92800.0
2019-12-18,93000.0
2019-12-19,93600.0
2019-12-20,95000.0
2019-12-23,94600.0
2019-12-24,93800.0
2019-12-26,94800.0
2019-12-27,96000.0
2019-12-30,94100.0
2020-01-02,94700.0
2020-01-03,94500.0
2020-01-06,94300.0
2020-01-07,94000.0
2020-01-08,97400.0
2020-01-09,99000.0
2020-01-10,98900.0
2020-01-13,100500.0
2020-01-14,100500.0
2020-01-15,98200.0
2020-01-16,99200.0
2020-01-17,99000.0
2020-01-20,99900.0
2020-01-21,99300.0
2020-01-22,101000.0
2020-01-23,98700.0
2020-01-28,96300.0
2020-01-29,97900.0
2020-01-30,94000.0
2020-01-31,93500.0
2020-02-03,94700.0
2020-02-04,97100.0
2020-02-05,97700.0
2020-02-06,100500.0
2020-02-07,99300.0
2020-02-10,98800.0
2020-02-11,99800.0
2020-02-12,100000.0
2020-02-13,102000.0
2020-02-14,104500.0
2020-02-17,105000.0
2020-02-18,102000.0
2020-02-19,103500.0
2020-02-20,104000.0
2020-02-21,103000.0
2020-02-24,99500.0
2020-02-25,98000.0
2020-02-26,94600.0
2020-02-27,92800.0
2020-02-28,87900.0
2020-03-02,92100.0
2020-03-03,92800.0
2020-03-04,94300.0
2020-03-05,94900.0
2020-03-06,92600.0
2020-03-09,92600.0
2020-03-10,89100.0
2020-03-11,85500.0
2020-03-12,82800.0
2020-03-13,82500.0
2020-03-16,80600.0
2020-03-17,80400.0
2020-03-18,73100.0
2020-03-19,69000.0
2020-03-20,74800.0
2020-03-23,69400.0
2020-03-24,78700.0
2020-03-25,84500.0
2020-03-26,80700.0
2020-03-27,83300.0
2020-03-30,83700.0
2020-03-31,83300.0
2020-04-01,78400.0
2020-04-02,80000.0
2020-04-03,79600.0
2020-04-06,83100.0
2020-04-07,85800.0
2020-04-08,84500.0
2020-04-09,85000.0
2020-04-10,84100.0
2020-04-13,81400.0
2020-04-14,82300.0
2020-04-16,81300.0
2020-04-17,84100.0
2020-04-20,82000.0
2020-04-21,81300.0
2020-04-22,83900.0
2020-04-23,82600.0
2020-04-24,81400.0
2020-04-27,82600.0
2020-04-28,83400.0
2020-04-29,83700.0
2020-05-04,81000.0
2020-05-06,82400.0
2020-05-07,82400.0
2020-05-08,85000.0
2020-05-11,84500.0
2020-05-12,85700.0
2020-05-13,83600.0
2020-05-14,80600.0
2020-05-15,81900.0
2020-05-18,81100.0
2020-05-19,82700.0
2020-05-20,84100.0
2020-05-21,83400.0
2020-05-22,81300.0
2020-05-25,81400.0
2020-05-26,81900.0
2020-05-27,81400.0
2020-05-28,83900.0
2020-05-29,81500.0
2020-06-01,83600.0
2020-06-02,83300.0
2020-06-03,88700.0
2020-06-04,87700.0
2020-06-05,90400.0
2020-06-08,91000.0
2020-06-09,89800.0
2020-06-10,90800.0
2020-06-11,88500.0
2020-06-12,85200.0
2020-06-15,82000.0
2020-06-16,85400.0
2020-06-17,86800.0
2020-06-18,86200.0
2020-06-19,85400.0
2020-06-22,84900.0
2020-06-23,84100.0
2020-06-24,86000.0
2020-06-25,84300.0
2020-06-26,84600.0
2020-06-29,83600.0
2020-06-30,85100.0
2020-07-01,85300.0
2020-07-02,84400.0
2020-07-03,85400.0
2020-07-06,86000.0
2020-07-07,84800.0
2020-07-08,83700.0
2020-07-09,83000.0
2020-07-10,82800.0
2020-07-13,83000.0
2020-07-14,82900.0
2020-07-15,83000.0
2020-07-16,82700.0
2020-07-17,82900.0
2020-07-20,82200.0
2020-07-21,84100.0
2020-07-22,83200.0
2020-07-23,82400.0
2020-07-24,83700.0
2020-07-27,82800.0
2020-07-28,83100.0
2020-07-29,83200.0
2020-07-30,85300.0
2020-07-31,82800.0
2020-08-03,81800.0
2020-08-04,81600.0
2020-08-05,80700.0
2020-08-06,81100.0
2020-08-07,80600.0
2020-08-10,81400.0
2020-08-11,81300.0
2020-08-12,81000.0
2020-08-13,80700.0
2020-08-14,80200.0
2020-08-18,78100.0
2020-08-19,75000.0
2020-08-20,71800.0
2020-08-21,74500.0
2020-08-24,75500.0
2020-08-25,77000.0
2020-08-26,78800.0
2020-08-27,79100.0
2020-08-28,77800.0
2020-08-31,75100.0
2020-09-01,75200.0
2020-09-02,75500.0
2020-09-03,78700.0
2020-09-04,78700.0
2020-09-07,78400.0
2020-09-08,79400.0
2020-09-09,77300.0
2020-09-10,76600.0
2020-09-11,78400.0
2020-09-14,80000.0
2020-09-15,81900.0
2020-09-16,81500.0
2020-09-17,82200.0
2020-09-18,83700.0
2020-09-21,84500.0
2020-09-22,81300.0
2020-09-23,83600.0
2020-09-24,84300.0
2020-09-25,82900.0
2020-09-28,82500.0
2020-09-29,84000.0
2020-10-05,83200.0
2020-10-06,83000.0
2020-10-07,83400.0
2020-10-08,82900.0
2020-10-12,85500.0
2020-10-13,88200.0
2020-10-14,86500.0
2020-10-15,87100.0
2020-10-16,85300.0
2020-10-19,86700.0
2020-10-20,85200.0
2020-10-21,83800.0
2020-10-22,83300.0
2020-10-23,83900.0
2020-10-26,83200.0
2020-10-27,82600.0
2020-10-28,82900.0
2020-10-29,81700.0
2020-10-30,79900.0
2020-11-02,79600.0
2020-11-03,81400.0
2020-11-04,83200.0
2020-11-05,86100.0
2020-11-06,86300.0
2020-11-09,86000.0
2020-11-10,86500.0
2020-11-11,87000.0
2020-11-12,88100.0
2020-11-13,89700.0
2020-11-16,98000.0
2020-11-17,98100.0
2020-11-18,98000.0
2020-11-19,98200.0
2020-11-20,96800.0
2020-11-23,100000.0
2020-11-24,98600.0
2020-11-25,97200.0
2020-11-26,99400.0
2020-11-27,98800.0
2020-11-30,97500.0
2020-12-01,100500.0
2020-12-02,109000.0
2020-12-03,111500.0
2020-12-04,115000.0
2020-12-07,118000.0
2020-12-08,115000.0
2020-12-09,120500.0
2020-12-10,116500.0
2020-12-11,115500.0
2020-12-14,117000.0
2020-12-15,117500.0
2020-12-16,117500.0
2020-12-17,119500.0
2020-12-18,118500.0
2020-12-21,116000.0
2020-12-22,112500.0
2020-12-23,116000.0
2020-12-24,118000.0
2020-12-28,115500.0
2020-12-29,116000.0
2020-12-30,118500.0
2021-01-04,126000.0
2021-01-05,130500.0
2021-01-06,131000.0
2021-01-07,134500.0
2021-01-08,138000.0
2021-01-11,133000.0
2021-01-12,129000.0
2021-01-13,133000.0
2021-01-14,130500.0
2021-01-15,127500.0
2021-01-18,130000.0
2021-01-19,130500.0
2021-01-20,130500.0
2021-01-21,131500.0
2021-01-22,128500.0
2021-01-25,135000.0
2021-01-26,129000.0
2021-01-27,128500.0
2021-01-28,123000.0
2021-01-29,122500.0
2021-02-01,125000.0
2021-02-02,130000.0
2021-02-03,130000.0
2021-02-04,125000.0
2021-02-05,127500.0
2021-02-08,125000.0
2021-02-09,125500.0
2021-02-10,126000.0
2021-02-15,132000.0
2021-02-16,132500.0
2021-02-17,130000.0
2021-02-18,126000.0
2021-02-19,133000.0
2021-02-22,136500.0
2021-02-23,138500.0
2021-02-24,136000.0
2021-02-25,148500.0
2021-02-26,141500.0
2021-03-02,144500.0
2021-03-03,147000.0
2021-03-04,142000.0
2021-03-05,140000.0
2021-03-08,135500.0
2021-03-09,136500.0
2021-03-10,133000.0
2021-03-11,137000.0
2021-03-12,140000.0
2021-03-15,136500.0
2021-03-16,140500.0
2021-03-17,140000.0
2021-03-18,142000.0
2021-03-19,138000.0
2021-03-22,138000.0
2021-03-23,135000.0
2021-03-24,133500.0
2021-03-25,133000.0
2021-03-26,135000.0
2021-03-29,132000.0
2021-03-30,134500.0
2021-03-31,132500.0
2021-04-01,140500.0
2021-04-02,141000.0
2021-04-05,143000.0
2021-04-06,143000.0
2021-04-07,143500.0
2021-04-08,144000.0
2021-04-09,140000.0
2021-04-12,137500.0
2021-04-13,139500.0
2021-04-14,137000.0
2021-04-15,137500.0
2021-04-16,137500.0
2021-04-19,138000.0
2021-04-20,138500.0
2021-04-21,132500.0
2021-04-22,133000.0
2021-04-23,132500.0
2021-04-26,131500.0
2021-04-27,135000.0
2021-04-28,130000.0
2021-04-29,130000.0
2021-04-30,128000.0
2021-05-03,131500.0
2021-05-04,132000.0
2021-05-06,129000.0
2021-05-07,129500.0
2021-05-10,130000.0
2021-05-11,123000.0
2021-05-12,119500.0
2021-05-13,117500.0
2021-05-14,118500.0
2021-05-17,117500.0
2021-05-18,121000.0
2021-05-20,122500.0
2021-05-21,122500.0
2021-05-24,119500.0
2021-05-25,123000.0
2021-05-26,123000.0
2021-05-27,125500.0
2021-05-28,125000.0
2021-05-31,127000.0
2021-06-01,128500.0
2021-06-02,126000.0
2021-06-03,129000.0
2021-06-04,128500.0
2021-06-07,128500.0
2021-06-08,127500.0
2021-06-09,122500.0
2021-06-10,123000.0
2021-06-11,128000.0
2021-06-14,127000.0
2021-06-15,128500.0
2021-06-16,129500.0
2021-06-17,126500.0
2021-06-18,124500.0
2021-06-21,122000.0
2021-06-22,122000.0
2021-06-23,124000.0
2021-06-24,126000.0
2021-06-25,128500.0
2021-06-28,126000.0
2021-06-29,125000.0
2021-06-30,127500.0
2021-07-01,124500.0
2021-07-02,122500.0
2021-07-05,123000.0
2021-07-06,125000.0
2021-07-07,123500.0
2021-07-08,121500.0
2021-07-09,119500.0
2021-07-12,120000.0
2021-07-13,123000.0
2021-07-14,123500.0
2021-07-15,123500.0
2021-07-16,121500.0
2021-07-19,119000.0
2021-07-20,118500.0
2021-07-21,117000.0
2021-07-22,119500.0
2021-07-23,118500.0
2021-07-26,117000.0
2021-07-27,116000.0
2021-07-28,114000.0
2021-07-29,114000.0
2021-07-30,112500.0
2021-08-02,116000.0
2021-08-03,120000.0
2021-08-04,121000.0
2021-08-05,120000.0
2021-08-06,118000.0
2021-08-09,116000.0
2021-08-10,112500.0
2021-08-11,105500.0
2021-08-12,100500.0
2021-08-13,101500.0
2021-08-17,101500.0
2021-08-18,104000.0
2021-08-19,102500.0
2021-08-20,102500.0
2021-08-23,103000.0
2021-08-24,105000.0
2021-08-25,103500.0
2021-08-26,104000.0
2021-08-27,103500.0
2021-08-30,103500.0
2021-08-31,106500.0
2021-09-01,108000.0
2021-09-02,106500.0
2021-09-03,107000.0
2021-09-06,106000.0
2021-09-07,104500.0
2021-09-08,106000.0
2021-09-09,103000.0
2021-09-10,105000.0
2021-09-13,106500.0
2021-09-14,107500.0
2021-09-15,107500.0
2021-09-16,104000.0
2021-09-17,107000.0
2021-09-23,105500.0
2021-09-24,104000.0
2021-09-27,104500.0
2021-09-28,103500.0
2021-09-29,100000.0
2021-09-30,103000.0
2021-10-01,100000.0
2021-10-05,97900.0
2021-10-06,96500.0
2021-10-07,95700.0
2021-10-08,94000.0
2021-10-12,91500.0
2021-10-13,92000.0
2021-10-14,93800.0
2021-10-15,98400.0
2021-10-18,97100.0
2021-10-19,97700.0
2021-10-20,97900.0
2021-10-21,96300.0
2021-10-22,98500.0
2021-10-25,100000.0
2021-10-26,102000.0
2021-10-27,101500.0
2021-10-28,106500.0
2021-10-29,103000.0
2021-11-01,106500.0
2021-11-02,107500.0
2021-11-03,105500.0
2021-11-04,106000.0
2021-11-05,107000.0
2021-11-08,107500.0
2021-11-09,109000.0
2021-11-10,108500.0
2021-11-11,107500.0
2021-11-12,106500.0
2021-11-15,111000.0
2021-11-16,112000.0
2021-11-17,110500.0
2021-11-18,110000.0
2021-11-19,111500.0
2021-11-22,119500.0
2021-11-23,119000.0
2021-11-24,119500.0
2021-11-25,117500.0
2021-11-26,115500.0
2021-11-29,116000.0
2021-11-30,114000.0
2021-12-01,116500.0
2021-12-02,120000.0
2021-12-03,118000.0
2021-12-06,118500.0
2021-12-07,121500.0
2021-12-08,120000.0
2021-12-09,123500.0
2021-12-10,120500.0
2021-12-13,121500.0
2021-12-14,121000.0
2021-12-15,123500.0
2021-12-16,124000.0
2021-12-17,122000.0
2021-12-20,120500.0
2021-12-21,124500.0
2021-12-22,127000.0
2021-12-23,127500.0
2021-12-24,128000.0
2021-12-27,126000.0
2021-12-28,127500.0
2021-12-29,127000.0
2021-12-30,131000.0
2022-01-04,128500.0
2022-01-05,125500.0
2022-01-06,125000.0
2022-01-07,127000.0
2022-01-10,124500.0
2022-01-11,128000.0
2022-01-12,128500.0
2022-01-13,129500.0
2022-01-14,128500.0
2022-01-17,127000.0
2022-01-18,126500.0
2022-01-19,127000.0
2022-01-20,125000.0
2022-01-21,119000.0
2022-01-24,119000.0
2022-01-25,118000.0
2022-01-26,118000.0
2022-01-27,113500.0
2022-01-28,120500.0
2022-02-03,124000.0
2022-02-04,124500.0
2022-02-07,123000.0
2022-02-08,123000.0
2022-02-09,123000.0
2022-02-10,129500.0
2022-02-11,132000.0
2022-02-14,132500.0
2022-02-15,127000.0
2022-02-16,130500.0
2022-02-17,133000.0
2022-02-18,131500.0
2022-02-21,131500.0
2022-02-22,131500.0
2022-02-23,131500.0
2022-02-24,122500.0
2022-02-25,123000.0
2022-02-28,123000.0
2022-03-02,125000.0
2022-03-03,129000.0
2022-03-04,129000.0
2022-03-07,119500.0
2022-03-08,118000.0
2022-03-10,118000.0
2022-03-11,118000.0
2022-03-14,116000.0
2022-03-15,116000.0
2022-03-16,116000.0
2022-03-17,116000.0
2022-03-18,124000.0
2022-03-21,124000.0
2022-03-22,123500.0
2022-03-23,123500.0
2022-03-24,120500.0
2022-03-25,118000.0
2022-03-28,118000.0
2022-03-29,120000.0
2022-03-30,121000.0
2022-03-31,118000.0
2022-04-01,116000.0
2022-04-04,117000.0
2022-04-05,116500.0
2022-04-06,113000.0
2022-04-07,113500.0
2022-04-08,112000.0
2022-04-11,111500.0
2022-04-12,111000.0
2022-04-13,113000.0
2022-04-14,110000.0
2022-04-15,108000.0
2022-04-18,109000.0
2022-04-19,112500.0
2022-04-20,112500.0
2022-04-21,113000.0
2022-04-22,110500.0
2022-04-25,108000.0
2022-04-26,111000.0
2022-04-27,108500.0
2022-04-28,109500.0
2022-04-29,112500.0
2022-05-02,110500.0
2022-05-03,110000.0
2022-05-04,109500.0
2022-05-06,107500.0
2022-05-10,110000.0
2022-05-11,110500.0
2022-05-12,109000.0
2022-05-13,112500.0
2022-05-16,110500.0
2022-05-17,112500.0
2022-05-18,113500.0
2022-05-19,111000.0
2022-05-20,112500.0
2022-05-23,113000.0
2022-05-24,108500.0
2022-05-25,108000.0
2022-05-26,103000.0
2022-05-27,106000.0
2022-05-30,107000.0
2022-05-31,108000.0
2022-06-02,107000.0
2022-06-03,107000.0
2022-06-07,104000.0
2022-06-08,106000.0
2022-06-09,105500.0
2022-06-10,103500.0
2022-06-13,99000.0
2022-06-14,99100.0
2022-06-15,97900.0
2022-06-16,97400.0
2022-06-17,96400.0
2022-06-20,94500.0
2022-06-21,95200.0
2022-06-22,92200.0
2022-06-23,90200.0
2022-06-24,91600.0
2022-06-27,95000.0
2022-06-28,95300.0
2022-06-29,94000.0
2022-06-30,91000.0
2022-07-01,87500.0
2022-07-04,89100.0
2022-07-05,92500.0
2022-07-06,92100.0
2022-07-07,93900.0
2022-07-08,94800.0
2022-07-11,93700.0
2022-07-12,93300.0
2022-07-13,94000.0
2022-07-14,94000.0
2022-07-15,98700.0
2022-07-18,101000.0
2022-07-19,100000.0
2022-07-20,102000.0
2022-07-21,102500.0
2022-07-22,100000.0
2022-07-25,100000.0
2022-07-26,100500.0
2022-07-27,100000.0
2022-07-28,99400.0
2022-07-29,97900.0
2022-08-01,97100.0
2022-08-02,96500.0
2022-08-03,97500.0
2022-08-04,97500.0
2022-08-05,98500.0
2022-08-08,96300.0
2022-08-09,95100.0
2022-08-10,91800.0
2022-08-11,93300.0
2022-08-12,93300.0
2022-08-16,96700.0
2022-08-17,97100.0
2022-08-18,95700.0
2022-08-19,96400.0
2022-08-22,95200.0
2022-08-23,93600.0
2022-08-24,93200.0
2022-08-25,94100.0
2022-08-26,95100.0
2022-08-29,92500.0
2022-08-30,93200.0
2022-08-31,95200.0
2022-09-01,92400.0
2022-09-02,91700.0
2022-09-05,91100.0
2022-09-06,91800.0
2022-09-07,90400.0
2022-09-08,90400.0
2022-09-13,94800.0
2022-09-14,93000.0
2022-09-15,92000.0
2022-09-16,91200.0
2022-09-19,90000.0
2022-09-20,88000.0
2022-09-21,88000.0
2022-09-22,86000.0
2022-09-23,83500.0
2022-09-26,82500.0
2022-09-27,82000.0
2022-09-28,81200.0
2022-09-29,80800.0
2022-09-30,83100.0
2022-10-04,86200.0
2022-10-05,89800.0
2022-10-06,89900.0
2022-10-07,91200.0
2022-10-11,90200.0
2022-10-12,94000.0
2022-10-13,94900.0
2022-10-14,95500.0
2022-10-17,95200.0
2022-10-18,95800.0
2022-10-19,92900.0
2022-10-20,90200.0
2022-10-21,90500.0
2022-10-24,91800.0
2022-10-25,93500.0
2022-10-26,93900.0
2022-10-27,90000.0
2022-10-28,83400.0
2022-10-31,82700.0
2022-11-01,83900.0
2022-11-02,84500.0
2022-11-03,82700.0
2022-11-04,84500.0
2022-11-07,86500.0
2022-11-08,87700.0
2022-11-09,89200.0
2022-11-10,89100.0
2022-11-11,93500.0
2022-11-14,90900.0
2022-11-15,91600.0
2022-11-16,91500.0
2022-11-17,87700.0
2022-11-18,88400.0
2022-11-21,86300.0
2022-11-22,85200.0
2022-11-23,85200.0
2022-11-24,86900.0
2022-11-25,85100.0
2022-11-28,83100.0
2022-11-29,83700.0
2022-11-30,85000.0
2022-12-01,84700.0
2022-12-02,81900.0
2022-12-05,81000.0
2022-12-06,81000.0
2022-12-07,78900.0
2022-12-08,78800.0
2022-12-09,81500.0
2022-12-12,81100.0
2022-12-13,82300.0
2022-12-14,81800.0
2022-12-15,80200.0
2022-12-16,78400.0
2022-12-19,79000.0
2022-12-20,78300.0
2022-12-21,78000.0
2022-12-22,79200.0
2022-12-23,77800.0
2022-12-26,77000.0
2022-12-27,77000.0
2022-12-28,76000.0
2022-12-29,75000.0
2023-01-02,75700.0
2023-01-03,75600.0
2023-01-04,81000.0
2023-01-05,81400.0
2023-01-06,83100.0
2023-01-09,86000.0
2023-01-10,86500.0
2023-01-11,87300.0
2023-01-12,86800.0
2023-01-13,85700.0
2023-01-16,85800.0
2023-01-17,86000.0
2023-01-18,85100.0
2023-01-19,85500.0
2023-01-20,87600.0
2023-01-25,91400.0
2023-01-26,91400.0
2023-01-27,91500.0
2023-01-30,90700.0
2023-01-31,88500.0
2023-02-01,91400.0
2023-02-02,91400.0
2023-02-03,92200.0
2023-02-06,89100.0
2023-02-07,90800.0
2023-02-08,94900.0
2023-02-09,94900.0
2023-02-10,93500.0
2023-02-13,90600.0
2023-02-14,93400.0
2023-02-15,91700.0
2023-02-16,92900.0
2023-02-17,92000.0
2023-02-20,92500.0
2023-02-21,91200.0
2023-02-22,89100.0
2023-02-23,92700.0
2023-02-24,91000.0
2023-02-27,90000.0
2023-02-28,89400.0
2023-03-02,88100.0
2023-03-03,87300.0
2023-03-06,89700.0
2023-03-07,88900.0
2023-03-08,86800.0
2023-03-09,85600.0
2023-03-10,83300.0
2023-03-13,84300.0
2023-03-14,81100.0
2023-03-15,79100.0
2023-03-16,79000.0
2023-03-17,84000.0
2023-03-20,83700.0
2023-03-21,83600.0
2023-03-22,86900.0
2023-03-23,88500.0
2023-03-24,87300.0
2023-03-27,85500.0
2023-03-28,88400.0
2023-03-29,86900.0
2023-03-30,88800.0
2023-03-31,88600.0
2023-04-03,87200.0
2023-04-04,84500.0
2023-04-05,84600.0
2023-04-06,83800.0
2023-04-07,89100.0
2023-04-10,90700.0
2023-04-11,91800.0
2023-04-12,90300.0
2023-04-13,88700.0
2023-04-14,89300.0
2023-04-17,88500.0
2023-04-18,87600.0
2023-04-19,88200.0
2023-04-20,87700.0
2023-04-21,89100.0
2023-04-24,87200.0
2023-04-25,85500.0
2023-04-26,87400.0
2023-04-27,88800.0
2023-04-28,89500.0
2023-05-02,90200.0
2023-05-03,89800.0
2023-05-04,88700.0
2023-05-08,88700.0
2023-05-09,87300.0
2023-05-10,86900.0
2023-05-11,86300.0
2023-05-12,87200.0
2023-05-15,86400.0
2023-05-16,90400.0
2023-05-17,91900.0
2023-05-18,93600.0
2023-05-19,97300.0
2023-05-22,98200.0
2023-05-23,97900.0
2023-05-24,97700.0
2023-05-25,103500.0
2023-05-26,109200.0
2023-05-30,110300.0
2023-05-31,108600.0
2023-06-01,110300.0
2023-06-02,110300.0
2023-06-05,108700.0
2023-06-07,108000.0
2023-06-08,109700.0
2023-06-09,115400.0
2023-06-12,114800.0
2023-06-13,119500.0
2023-06-14,118800.0
2023-06-15,119000.0
2023-06-16,118900.0
2023-06-19,114800.0
2023-06-20,116100.0
2023-06-21,115100.0
2023-06-22,114000.0
2023-06-23,113600.0
2023-06-26,113500.0
2023-06-27,113000.0
2023-06-28,114300.0
2023-06-29,116200.0
2023-06-30,115200.0
2023-07-03,117600.0
2023-07-04,117900.0
2023-07-05,116700.0
2023-07-06,113800.0
2023-07-07,111800.0
2023-07-10,110300.0
2023-07-11,113400.0
2023-07-12,115400.0
2023-07-13,114100.0
2023-07-14,118000.0
2023-07-17,117200.0
2023-07-18,117800.0
2023-07-19,117500.0
2023-07-20,116900.0
2023-07-21,115100.0
2023-07-24,114000.0
2023-07-25,113400.0
2023-07-26,113000.0
2023-07-27,124000.0
2023-07-28,128000.0
2023-07-31,123400.0
2023-08-01,125100.0
2023-08-02,119500.0
2023-08-03,120000.0
2023-08-04,120100.0
2023-08-07,121900.0
2023-08-08,118600.0
2023-08-09,118500.0
2023-08-10,118500.0
2023-08-11,115300.0
2023-08-14,114900.0
2023-08-16,115800.0
2023-08-17,114800.0
2023-08-18,117200.0
2023-08-21,116400.0
2023-08-22,116500.0
2023-08-23,116000.0
2023-08-24,120900.0
2023-08-25,116500.0
2023-08-28,115900.0
2023-08-29,118600.0
2023-08-30,119400.0
2023-08-31,121800.0
2023-09-01,120000.0
2023-09-04,119200.0
2023-09-05,119400.0
2023-09-06,118200.0
2023-09-07,118500.0
2023-09-08,113700.0
2023-09-11,115900.0
2023-09-12,116700.0
2023-09-13,118500.0
2023-09-14,122200.0
2023-09-15,122400.0
2023-09-18,119000.0
2023-09-19,119200.0
2023-09-20,118000.0
2023-09-21,116500.0
2023-09-22,117300.0
2023-09-25,117000.0
2023-09-26,115000.0
2023-09-27,114700.0
2023-10-04,115400.0
2023-10-05,120200.0
2023-10-06,120400.0
2023-10-10,119500.0
2023-10-11,119200.0
2023-10-12,124200.0
2023-10-13,124700.0
2023-10-16,124100.0
2023-10-17,130000.0
2023-10-18,130000.0
2023-10-19,125700.0
2023-10-20,126200.0
2023-10-23,124000.0
2023-10-24,126800.0
2023-10-25,127500.0
2023-10-26,120000.0
2023-10-27,119100.0
2023-10-30,119100.0
2023-10-31,116300.0
2023-11-01,120300.0
2023-11-02,125300.0
2023-11-03,125800.0
2023-11-06,133000.0
2023-11-07,130400.0
2023-11-08,127600.0
2023-11-09,128000.0
2023-11-10,130500.0
2023-11-13,131800.0
2023-11-14,130000.0
2023-11-15,134100.0
2023-11-16,132300.0
2023-11-17,129900.0
2023-11-20,131400.0
2023-11-21,132000.0
2023-11-22,131300.0
2023-11-23,130100.0
2023-11-24,128000.0
2023-11-27,130700.0
2023-11-28,131400.0
2023-11-29,130400.0
2023-11-30,133900.0
2023-12-01,132600.0
2023-12-04,131100.0
2023-12-05,125900.0
2023-12-06,125600.0
2023-12-07,125600.0
2023-12-08,127500.0
2023-12-11,128900.0
2023-12-12,131000.0
2023-12-13,131200.0
2023-12-14,136700.0
2023-12-15,140000.0
2023-12-18,140000.0
2023-12-19,138200.0
2023-12-20,140500.0
2023-12-21,140500.0
2023-12-22,140600.0
2023-12-26,140900.0
2023-12-27,140400.0
2023-12-28,141500.0
2024-01-02,142400.0
2024-01-03,136800.0
2024-01-04,136400.0
2024-01-05,137500.0
2024-01-08,136000.0
2024-01-09,137400.0
2024-01-10,133500.0
2024-01-11,136000.0
2024-01-12,134100.0
2024-01-15,134100.0
2024-01-16,132100.0
2024-01-17,131000.0
2024-01-18,136200.0
2024-01-19,141300.0
2024-01-22,142600.0
2024-01-23,140800.0
2024-01-24,141500.0
2024-01-25,137400.0
2024-01-26,136000.0
2024-01-29,135000.0
2024-01-30,136900.0
2024-01-31,134700.0
2024-02-01,132700.0
2024-02-02,134900.0
2024-02-05,132300.0
2024-02-06,138000.0
2024-02-07,138000.0
2024-02-08,142800.0
2024-02-13,150000.0
2024-02-14,148700.0
2024-02-15,148900.0
2024-02-16,146800.0
2024-02-19,151300.0
2024-02-20,149600.0
2024-02-21,149000.0
2024-02-22,156500.0
2024-02-23,161400.0
2024-02-26,161800.0
2024-02-27,153800.0
2024-02-28,158000.0
2024-02-29,156200.0
2024-03-04,166500.0
2024-03-05,165800.0
2024-03-06,162900.0
2024-03-07,164900.0
2024-03-08,171900.0
2024-03-11,166600.0
2024-03-12,165700.0
2024-03-13,163600.0
2024-03-14,161900.0
2024-03-15,161200.0
2024-03-18,164300.0
2024-03-19,160200.0
2024-03-20,156500.0
2024-03-21,170000.0
2024-03-22,169800.0
2024-03-25,169400.0
2024-03-26,176600.0
2024-03-27,181200.0
2024-03-28,178200.0
2024-03-29,183000.0
2024-04-01,185500.0
2024-04-02,186300.0
2024-04-03,179200.0
2024-04-04,188000.0
2024-04-05,182800.0
2024-04-08,181200.0
2024-04-09,182900.0
2024-04-11,188400.0
2024-04-12,187400.0
2024-04-15,188200.0
2024-04-16,179100.0
2024-04-17,178700.0
2024-04-18,182300.0
2024-04-19,173300.0
2024-04-22,171600.0
2024-04-23,171000.0
2024-04-24,179800.0
2024-04-25,170600.0
2024-04-26,177800.0
2024-04-29,175900.0
2024-04-30,174200.0
2024-05-02,173600.0
2024-05-03,173200.0
2024-05-07,179600.0
2024-05-08,178000.0
2024-05-09,175400.0
2024-05-10,179900.0
2024-05-13,183800.0
2024-05-14,185300.0
2024-05-16,193000.0
2024-05-17,189900.0
2024-05-20,190100.0
2024-05-21,192000.0
2024-05-22,197700.0
2024-05-23,200000.0
2024-05-24,198600.0
2024-05-27,201500.0
2024-05-28,202500.0
2024-05-29,202500.0
2024-05-30,195700.0
2024-05-31,189200.0
2024-06-03,194200.0
2024-06-04,193300.0
2024-06-05,193700.0
2024-06-07,207500.0
2024-06-10,208000.0
2024-06-11,212500.0
2024-06-12,215000.0
2024-06-13,222000.0
2024-06-14,221000.0
2024-06-17,223000.0
2024-06-18,234500.0
2024-06-19,233500.0
2024-06-20,237500.0
2024-06-21,234000.0
2024-06-24,223000.0
2024-06-25,225000.0
2024-06-26,237000.0
2024-06-27,236500.0
2024-06-28,236500.0
2024-07-01,235500.0
2024-07-02,232000.0
2024-07-03,236000.0
2024-07-04,230000.0
2024-07-05,236000.0
2024-07-08,233500.0
2024-07-09,238500.0
2024-07-10,239000.0
2024-07-11,241000.0
2024-07-12,233000.0
2024-07-15,230000.0
2024-07-16,233000.0
2024-07-17,220500.0
2024-07-18,212500.0
2024-07-19,209500.0
2024-07-22,205000.0
2024-07-23,205000.0
2024-07-24,208500.0
2024-07-25,190000.0
2024-07-26,191800.0
2024-07-29,195600.0
2024-07-30,188900.0
2024-07-31,194600.0
2024-08-01,193300.0
2024-08-02,173200.0
2024-08-05,156100.0
2024-08-06,163700.0
2024-08-07,169300.0
2024-08-08,163400.0
2024-08-09,171500.0
2024-08-12,177000.0
2024-08-13,181900.0
2024-08-14,186700.0
2024-08-16,199700.0
2024-08-19,193900.0
2024-08-20,199700.0
2024-08-21,192600.0
2024-08-22,191100.0
2024-08-23,185500.0
2024-08-26,179600.0
2024-08-27,175000.0
2024-08-28,179300.0
2024-08-29,169700.0
2024-08-30,173700.0
2024-09-02,174000.0
2024-09-03,168300.0
2024-09-04,154800.0
2024-09-05,159400.0
2024-09-06,156400.0
2024-09-09,157000.0
2024-09-10,155500.0
2024-09-11,157200.0
2024-09-12,168800.0
2024-09-13,162800.0
2024-09-19,152800.0
2024-09-20,157100.0
2024-09-23,162000.0
2024-09-24,163500.0
2024-09-25,165300.0
2024-09-26,180900.0
2024-09-27,183800.0
2024-09-30,174600.0
2024-10-02,169100.0
2024-10-04,174100.0
2024-10-07,184900.0
2024-10-08,178000.0
2024-10-10,186700.0
2024-10-11,186000.0
2024-10-14,186000.0
2024-10-15,192900.0
2024-10-16,188700.0
2024-10-17,196000.0
2024-10-18,187300.0
2024-10-21,190900.0
2024-10-22,187800.0
2024-10-23,196000.0
2024-10-24,198200.0
2024-10-25,201000.0
2024-10-28,196000.0
2024-10-29,190300.0
2024-10-30,195000.0
2024-10-31,186300.0
2024-11-01,182200.0
2024-11-04,194000.0
2024-11-05,193200.0
2024-11-06,195800.0
2024-11-07,195800.0
2024-11-08,200500.0
2024-11-11,192600.0
2024-11-12,185800.0
2024-11-13,182900.0
2024-11-14,173000.0
2024-11-15,178200.0
2024-11-18,171700.0
2024-11-19,170600.0
2024-11-20,170600.0
2024-11-21,168800.0
2024-11-22,176700.0
2024-11-25,177000.0
2024-11-26,177100.0
2024-11-27,168300.0
2024-11-28,161100.0
2024-11-29,159900.0
2024-12-02,158800.0
2024-12-03,164900.0
2024-12-04,168000.0
2024-12-05,173000.0
2024-12-06,167100.0
2024-12-09,168900.0
2024-12-10,170400.0
2024-12-11,171800.0
2024-12-12,176100.0
2024-12-13,175500.0
2024-12-16,179300.0
2024-12-17,184000.0
2024-12-18,183500.0
2024-12-19,175000.0
2024-12-20,168500.0
2024-12-23,169600.0
2024-12-24,168500.0
2024-12-26,170100.0
2024-12-27,174500.0
2024-12-30,173900.0
2025-01-02,171200.0
2025-01-03,181900.0
2025-01-06,199800.0
2025-01-07,195000.0
2025-01-08,194700.0
2025-01-09,205000.0
2025-01-10,203500.0
2025-01-13,194300.0
2025-01-14,195000.0
2025-01-15,198200.0
2025-01-16,210000.0
2025-01-17,214500.0
2025-01-20,212000.0
2025-01-21,218000.0
2025-01-22,225500.0
2025-01-23,219500.0
2025-01-24,221000.0
2025-01-31,199200.0
2025-02-03,190900.0
2025-02-04,191100.0
2025-02-05,198800.0
2025-02-06,203500.0
2025-02-07,203000.0
2025-02-10,198100.0
2025-02-11,199700.0
2025-02-12,198900.0
2025-02-13,208500.0
2025-02-14,210000.0
2025-02-17,212000.0
2025-02-18,210000.0
2025-02-19,218500.0
2025-02-20,212000.0
2025-02-21,209500.0
2025-02-24,205000.0
2025-02-25,200500.0
2025-02-26,203000.0
2025-02-27,199200.0
2025-02-28,190200.0
2025-03-04,186100.0
2025-03-05,193100.0
2025-03-06,192400.0
2025-03-07,192400.0
2025-03-10,187900.0
2025-03-11,187800.0
2025-03-12,198900.0
2025-03-13,199700.0
2025-03-14,204500.0
2025-03-17,206000.0
2025-03-18,203000.0
2025-03-19,205500.0
2025-03-20,210000.0
2025-03-21,215500.0
2025-03-24,211500.0
2025-03-25,208000.0
2025-03-26,214000.0
2025-03-27,207000.0
2025-03-28,199300.0
2025-03-31,190700.0
2025-04-01,197000.0
2025-04-02,197900.0
2025-04-03,194600.0
2025-04-04,182200.0
2025-04-07,164800.0
2025-04-08,169500.0
2025-04-09,165000.0
2025-04-10,183200.0
2025-04-11,180800.0
2025-04-14,180200.0
2025-04-15,180600.0
2025-04-16,174000.0
2025-04-17,175000.0
2025-04-18,175000.0
2025-04-21,176600.0
2025-04-22,173800.0
2025-04-23,181000.0
2025-04-24,178300.0
2025-04-25,184400.0
2025-04-28,182000.0
2025-04-29,180800.0
2025-04-30,177500.0
2025-05-02,186000.0
2025-05-07,190800.0
2025-05-08,190300.0
2025-05-09,190100.0
2025-05-12,195000.0
2025-05-13,198500.0
2025-05-14,206000.0
2025-05-15,200500.0
2025-05-16,204500.0
2025-05-19,199400.0
2025-05-20,202000.0
2025-05-21,200500.0
2025-05-22,196900.0
2025-05-23,200000.0
2025-05-26,203000.0
2025-05-27,202500.0
2025-05-28,208000.0
2025-05-29,212000.0
2025-05-30,204500.0
2025-06-02,207500.0
2025-06-04,217500.0
2025-06-05,224500.0
2025-06-09,229000.0
2025-06-10,230500.0
2025-06-11,240000.0
2025-06-12,235500.0
2025-06-13,235500.0
2025-06-16,248000.0
2025-06-17,249000.0
2025-06-18,246500.0
2025-06-19,246000.0
2025-06-20,257000.0
2025-06-23,259500.0
2025-06-24,278500.0
2025-06-25,286000.0
2025-06-26,293000.0
2025-06-27,284000.0
2025-06-30,292000.0
2025-07-01,285500.0
2025-07-02,279000.0
2025-07-03,278500.0
2025-07-04,270500.0
2025-07-07,271000.0
2025-07-08,282000.0
2025-07-09,281000.0
2025-07-10,297000.0
2025-07-11,294500.0
2025-07-14,300000.0
2025-07-15,298500.0
2025-07-16,296000.0
2025-07-17,269500.0
2025-07-18,269000.0
2025-07-21,272500.0
2025-07-22,268500.0
2025-07-23,269000.0
2025-07-24,269500.0
2025-07-25,266000.0
2025-07-28,262000.0
2025-07-29,262500.0
2025-07-30,263500.0
2025-07-31,273500.0
2025-08-01,258000.0
2025-08-04,258000.0
2025-08-05,263500.0
2025-08-06,258500.0
2025-08-07,262000.0
2025-08-08,256500.0
2025-08-11,267000.0
2025-08-12,269000.0
2025-08-13,278000.0
2025-08-14,276500.0
2025-08-18,267500.0
2025-08-19,263000.0
2025-08-20,255500.0
2025-08-21,245000.0
2025-08-22,251000.0
2025-08-25,259500.0
2025-08-26,261500.0
2025-08-27,260000.0
2025-08-28,268500.0
2025-08-29,269000.0
2025-09-01,256000.0
2025-09-02,260500.0
2025-09-03,262500.0
2025-09-04,265500.0
2025-09-05,273500.0
2025-09-08,277000.0
2025-09-09,288000.0
2025-09-10,304000.0
2025-09-11,307000.0
2025-09-12,328500.0
2025-09-15,331000.0
2025-09-16,348000.0
2025-09-17,333500.0
2025-09-18,355500.0
2025-09-22,351000.0
2025-09-23,361000.0
2025-09-24,357500.0
2025-09-25,356500.0
2025-09-26,336500.0
2025-09-29,349000.0
2025-09-30,347500.0
2025-10-01,360000.0
2025-10-02,395500.0
2025-10-10,428000.0
2025-10-13,415000.0
2025-10-14,411500.0
2025-10-15,422500.0
2025-10-16,452500.0
2025-10-17,465500.0
2025-10-20,485500.0
2025-10-21,479000.0
2025-10-22,481500.0
2025-10-23,478500.0
2025-10-24,510000.0
2025-10-27,535000.0
2025-10-28,521000.0
2025-10-29,558000.0
2025-10-30,568000.0
2025-10-31,559000.0
2025-11-03,620000.0
2025-11-04,586000.0
2025-11-05,579000.0
2025-11-06,593000.0
2025-11-07,580000.0
2025-11-10,606000.0
2025-11-11,619000.0
2025-11-12,617000.0
2025-11-13,612000.0
2025-11-14,560000.0
2025-11-17,606000.0
2025-11-18,570000.0
2025-11-19,562000.0
2025-11-20,571000.0
2025-11-21,521000.0
2025-11-24,520000.0
2025-11-25,519000.0
2025-11-26,524000.0
2025-11-27,544000.0
2025-11-28,530000.0
2025-12-01,538000.0
2025-12-02,558000.0
2025-12-03,552000.0
2025-12-04,542000.0
2025-12-05,544000.0
2025-12-08,577000.0
2025-12-09,566000.0
2025-12-10,587000.0
2025-12-11,565000.0
2025-12-12,571000.0
2025-12-15,554000.0
2025-12-16,530000.0
2025-12-17,551000.0
2025-12-18,552000.0
2025-12-19,547000.0
2025-12-22,580000.0
2025-12-23,584000.0
2025-12-24,588000.0
2025-12-26,599000.0
2025-12-29,640000.0
2025-12-30,651000.0
2026-01-02,677000.0
2026-01-05,696000.0
2026-01-06,726000.0
2026-01-07,742000.0
2026-01-08,756000.0
2026-01-09,744000.0
2026-01-12,749000.0
2026-01-13,738000.0
2026-01-14,742000.0
2026-01-15,749000.0
2026-01-16,756000.0
2026-01-19,764000.0
2026-01-20,743000.0
2026-01-21,740000.0
2026-01-22,755000.0
2026-01-23,767000.0
2026-01-26,736000.0
2026-01-27,800000.0
2026-01-28,841000.0
2026-01-29,861000.0
2026-01-30,909000.0
2026-02-02,830000.0
2026-02-03,907000.0
2026-02-04,900000.0
2026-02-05,842000.0
2026-02-06,839000.0
2026-02-09,887000.0
2026-02-10,876000.0
2026-02-11,860000.0
2026-02-12,888000.0
2026-02-13,880000.0
2026-02-19,894000.0
2026-02-20,949000.0
2026-02-23,951000.0
2026-02-24,1005000.0
2026-02-25,1018000.0
2026-02-26,1099000.0
2026-02-27,1061000.0
2026-03-03,939000.0
2026-03-04,849000.0
2026-03-05,941000.0
2026-03-06,924000.0
2026-03-09,836000.0
2026-03-10,938000.0
2026-03-11,955000.0
2026-03-12,930000.0
2026-03-13,910000.0
2026-03-16,974000.0
2026-03-17,970000.0
2026-03-18,1056000.0
2026-03-19,1013000.0
2026-03-20,1007000.0
2026-03-23,933000.0
2026-03-24,986000.0
2026-03-25,995000.0
2026-03-26,933000.0
2026-03-27,933000.0
2026-03-30,873000.0
2026-03-31,807000.0
2026-04-01,897000.0
2026-04-02,830000.0
2026-04-03,876000.0
2026-04-06,886000.0
2026-04-07,916000.0
2026-04-08,1033000.0
2026-04-09,998000.0
2026-04-10,1027000.0
2026-04-13,1040000.0
2026-04-14,1103000.0
2026-04-15,1136000.0
2026-04-16,1155000.0
2026-04-17,1128000.0
2026-04-20,1166000.0
2026-04-21,1224000.0
2026-04-22,1223000.0
2026-04-23,1225000.0
2026-04-24,1222000.0
2026-04-27,1292000.0
2026-04-28,1300000.0
2026-04-29,1293000.0
2026-04-30,1286000.0
2026-05-04,1447000.0
2026-05-06,1601000.0
2026-05-07,1654000.0
2026-05-08,1686000.0
2026-05-11,1880000.0
2026-05-12,1835000.0
2026-05-13,1976000.0
2026-05-14,1970000.0
2026-05-15,1819000.0
2026-05-18,1840000.0
2026-05-19,1745000.0
2026-05-20,1745000.0
2026-05-21,1940000.0
2026-05-22,1941000.0
2026-05-26,2052000.0
2026-05-27,2243000.0
2026-05-28,2289000.0
2026-05-29,2333000.0
2026-06-01,2363000.0
2026-06-02,2360000.0
2026-06-04,2298000.0
2026-06-05,2070000.0
2026-06-08,1911000.0
2026-06-09,2215000.0
2026-06-10,2048000.0
2026-06-11,2101000.0
2026-06-12,2150000.0
2026-06-15,2288000.0
2026-06-16,2382000.0
2026-06-17,2521000.0
2026-06-18,2685000.0
2026-06-19,2764000.0
2026-06-22,2919000.0
2026-06-23,2555000.0
2026-06-24,2621000.0
2026-06-25,2917000.0
2026-06-26,2673000.0
2026-06-29,2628000.0
2026-06-30,2650000.0
2026-07-01,2560000.0
2026-07-02,2187000.0
2026-07-03,2425000.0
2026-07-06,2343000.0
2026-07-07,2201000.0
2026-07-08,2076000.0
2026-07-09,2186000.0
2026-07-10,2180000.0
2026-07-13,1845000.0
2026-07-14,1913000.0
2026-07-15,2082000.0
2026-07-16,1842000.0
2026-07-20,1764000.0
2026-07-21,1836000.0
2026-07-22,1830000.0
2026-07-23,1919000.0
2026-07-24,1759000.0
2026-07-27,1816000.0
2026-07-28,1550000.0
2026-07-29,1401000.0
2026-07-30,1322000.0
