date,close
2000-01-04,13551.3438
2000-01-05,13162.5762
2000-01-06,13162.5762
2000-01-07,14995.3398
2000-01-10,14439.957
2000-01-11,15217.4932
2000-01-12,14606.5713
2000-01-13,14106.7275
2000-01-14,14217.8037
2000-01-17,14051.1885
2000-01-18,14328.8799
2000-01-19,13162.5762
2000-01-20,13329.1904
2000-01-21,12829.3467
2000-01-24,13051.499
2000-01-25,12496.1162
2000-01-26,12329.502
2000-01-27,12884.8848
2000-01-28,13218.1143
2000-01-31,13829.0352
2000-02-01,13884.5742
2000-02-02,14995.3398
2000-02-03,14995.3398
2000-02-04,14995.3398
2000-02-07,15661.7998
2000-02-08,15106.416
2000-02-09,14439.957
2000-02-10,14439.957
2000-02-11,13773.4971
2000-02-14,13829.0352
2000-02-15,13329.1904
2000-02-16,13551.3438
2000-02-17,15550.7227
2000-02-18,15550.7227
2000-02-21,14439.957
2000-02-22,13662.4209
2000-02-23,14051.1885
2000-02-24,13773.4971
2000-02-25,13662.4209
2000-02-28,13662.4209
2000-02-29,12995.9609
2000-03-01,12995.9609
2000-03-02,14773.1865
2000-03-03,13884.5742
2000-03-06,13884.5742
2000-03-07,13995.6504
2000-03-08,13551.3438
2000-03-09,13440.2676
2000-03-10,13107.0381
2000-03-13,12440.5781
2000-03-14,12218.4248
2000-03-15,11774.1182
2000-03-16,11163.1973
2000-03-17,11385.3506
2000-03-20,12107.3486
2000-03-21,11496.4268
2000-03-22,11329.8125
2000-03-23,11551.9658
2000-03-24,11663.042
2000-03-27,12107.3486
2000-03-28,11940.7334
2000-03-29,12162.8867
2000-03-30,11663.042
2000-03-31,11885.1953
2000-04-03,11107.6592
2000-04-04,10718.8906
2000-04-05,10718.8906
2000-04-06,9996.8936
2000-04-07,10074.6465
2000-04-10,10330.123
2000-04-11,9774.7402
2000-04-12,9441.5098
2000-04-13,9441.5098
2000-04-14,8997.2041
2000-04-17,7653.1772
2000-04-18,8164.1294
2000-04-19,8108.5913
2000-04-20,7775.3613
2000-04-21,8630.6514
2000-04-24,8164.1294
2000-04-25,7997.5146
2000-04-26,7664.2847
2000-04-27,7664.2847
2000-04-28,7675.3926
2000-05-01,7675.3926
2000-05-02,7786.4692
2000-05-03,7997.5146
2000-05-04,8230.7754
2000-05-05,8230.7754
2000-05-08,8153.022
2000-05-09,8153.022
2000-05-10,7842.0073
2000-05-11,7842.0073
2000-05-12,7542.1006
2000-05-15,7219.9785
2000-05-16,6808.9951
2000-05-17,6109.2124
2000-05-18,5831.521
2000-05-19,6220.2891
2000-05-22,5642.6909
2000-05-23,5564.937
2000-05-24,5775.9829
2000-05-25,6642.3804
2000-05-26,6164.751
2000-05-29,6497.9805
2000-05-30,6497.9805
2000-05-31,6997.8252
2000-06-01,6975.6099
2000-06-02,6931.1792
2000-06-05,7497.6699
2000-06-06,7497.6699
2000-06-07,7797.5767
2000-06-08,6975.6099
2000-06-09,7553.208
2000-06-12,7608.7466
2000-06-13,7219.9785
2000-06-14,7242.1938
2000-06-15,6964.5024
2000-06-16,7219.9785
2000-06-19,7108.9019
2000-06-20,7442.1318
2000-06-21,7364.3779
2000-06-22,7375.4858
2000-06-23,7142.2246
2000-06-26,7297.7319
2000-06-27,7719.8232
2000-06-28,8164.1294
2000-06-29,8108.5913
2000-06-30,8197.4521
2000-07-03,8886.127
2000-07-04,8552.8975
2000-07-05,8775.0508
2000-07-06,9163.8184
2000-07-07,9552.5869
2000-07-10,9497.0488
2000-07-11,8941.666
2000-07-12,8752.835
2000-07-13,8652.8662
2000-07-14,8530.6826
2000-07-17,8530.6826
2000-07-18,8286.3135
2000-07-19,8286.3135
2000-07-20,7830.8999
2000-07-21,7875.3301
2000-07-24,7464.3467
2000-07-25,7264.4092
2000-07-26,7231.0859
2000-07-27,6997.8252
2000-07-28,6808.9951
2000-07-31,6986.7178
2000-08-01,7431.0239
2000-08-02,7242.1938
2000-08-03,7275.5166
2000-08-04,7053.3638
2000-08-07,6720.1338
2000-08-08,6564.6265
2000-08-09,6797.8872
2000-08-10,7153.3325
2000-08-11,7153.3325
2000-08-14,7108.9019
2000-08-15,7108.9019
2000-08-16,7386.5933
2000-08-17,7464.3467
2000-08-18,7186.6553
2000-08-21,6875.6411
2000-08-22,6886.7485
2000-08-23,6942.2871
2000-08-24,6942.2871
2000-08-25,6908.9639
2000-08-28,7142.2246
2000-08-29,7664.2847
2000-08-30,7664.2847
2000-08-31,7219.9785
2000-09-01,7208.8706
2000-09-04,7008.9331
2000-09-05,7186.6553
2000-09-06,7108.9019
2000-09-07,6842.3179
2000-09-08,6875.6411
2000-09-11,6875.6411
2000-09-12,6875.6411
2000-09-13,6875.6411
2000-09-14,6786.7798
2000-09-15,6664.5952
2000-09-18,5664.9062
2000-09-19,5442.7529
2000-09-20,5631.583
2000-09-21,5281.6919
2000-09-22,5009.5542
2000-09-25,5231.7075
2000-09-26,5192.8306
2000-09-27,5503.8452
2000-09-28,5609.3677
2000-09-29,5553.8296
2000-10-02,5331.6763
2000-10-03,5331.6763
2000-10-04,5364.9995
2000-10-05,5398.3223
2000-10-06,5331.6763
2000-10-09,5131.7383
2000-10-10,5059.5386
2000-10-11,4887.3701
2000-10-12,4576.3555
2000-10-13,4654.1094
2000-10-16,4654.1094
2000-10-17,4093.1724
2000-10-18,3998.7573
2000-10-19,3970.988
2000-10-20,4331.9868
2000-10-23,4109.834
2000-10-24,4243.126
2000-10-25,4176.48
2000-10-26,3954.3267
2000-10-27,3954.3267
2000-10-30,3804.3733
2000-10-31,3776.604
2000-11-01,4254.2334
2000-11-02,4331.9868
2000-11-03,4409.7407
2000-11-06,4742.9702
2000-11-07,4554.1401
2000-11-08,4565.248
2000-11-09,4776.2935
2000-11-10,4665.2168
2000-11-13,4315.3257
2000-11-14,4454.1714
2000-11-15,4487.4941
2000-11-16,4431.9561
2000-11-17,4448.6177
2000-11-20,4354.2021
2000-11-21,4276.4487
2000-11-22,4115.3877
2000-11-23,3965.4343
2000-11-24,4087.6187
2000-11-27,4509.7095
2000-11-28,4443.0635
2000-11-29,4365.3101
2000-11-30,4309.772
2000-12-01,4298.6641
2000-12-04,4109.834
2000-12-05,4198.6953
2000-12-06,4259.7871
2000-12-07,4509.7095
2000-12-08,4576.3555
2000-12-11,4776.2935
2000-12-12,4681.8784
2000-12-13,4776.2935
2000-12-14,4681.8784
2000-12-15,4687.4321
2000-12-18,4704.0938
2000-12-19,4593.0171
2000-12-20,4420.8481
2000-12-21,4409.7407
2000-12-22,4220.9106
2000-12-25,4220.9106
2000-12-26,4298.6641
2000-12-27,4298.6641
2000-12-28,4298.6641
2000-12-29,4298.6641
2001-01-01,4298.6641
2001-01-02,4459.7251
2001-01-03,4398.6328
2001-01-04,4776.2935
2001-01-05,5331.6763
2001-01-08,5276.1382
2001-01-09,5331.6763
2001-01-10,4709.6475
2001-01-11,4787.4009
2001-01-12,4970.6772
2001-01-15,5220.5996
2001-01-16,5153.9536
2001-01-17,4998.4468
2001-01-18,5203.9385
2001-01-19,5975.9204
2001-01-22,6086.9971
2001-01-23,6086.9971
2001-01-24,6086.9971
2001-01-25,6086.9971
2001-01-26,5431.6455
2001-01-29,5587.1523
2001-01-30,5709.3369
2001-01-31,5775.9829
2001-02-01,5887.0591
2001-02-02,5775.9829
2001-02-05,5381.6606
2001-02-06,5442.7529
2001-02-07,5331.6763
2001-02-08,5420.5376
2001-02-09,5442.7529
2001-02-12,5487.1836
2001-02-13,5520.5063
2001-02-14,5898.167
2001-02-15,5898.167
2001-02-16,5875.9517
2001-02-19,6164.751
2001-02-20,6264.7197
2001-02-21,6398.0117
2001-02-22,6109.2124
2001-02-23,6064.7817
2001-02-26,6120.3203
2001-02-27,5887.0591
2001-02-28,5864.8442
2001-03-01,5864.8442
2001-03-02,5453.8608
2001-03-05,5531.6143
2001-03-06,5531.6143
2001-03-07,5631.583
2001-03-08,5664.9062
2001-03-09,5564.937
2001-03-12,5353.8916
2001-03-13,5220.5996
2001-03-14,5220.5996
2001-03-15,5309.4609
2001-03-16,5209.4922
2001-03-19,5131.7383
2001-03-20,5109.5229
2001-03-21,5131.7383
2001-03-22,5115.0771
2001-03-23,5364.9995
2001-03-26,5609.3677
2001-03-27,5542.7217
2001-03-28,5498.291
2001-03-29,5442.7529
2001-03-30,5442.7529
2001-04-02,5326.1226
2001-04-03,5226.1538
2001-04-04,5187.2769
2001-04-05,5187.2769
2001-04-06,5198.3843
2001-04-09,5076.2002
2001-04-10,4809.6162
2001-04-11,4831.8315
2001-04-12,4926.2466
2001-04-13,5031.7695
2001-04-16,4920.6929
2001-04-17,4954.0161
2001-04-18,5209.4922
2001-04-19,5403.876
2001-04-20,5276.1382
2001-04-23,5353.8916
2001-04-24,5220.5996
2001-04-25,5331.6763
2001-04-26,5331.6763
2001-04-27,5176.1689
2001-04-30,5331.6763
2001-05-01,5331.6763
2001-05-02,5353.8916
2001-05-03,5342.7842
2001-05-04,5409.4302
2001-05-07,5598.2603
2001-05-08,5687.1216
2001-05-09,5531.6143
2001-05-10,5609.3677
2001-05-11,5775.9829
2001-05-14,5742.6597
2001-05-15,5609.3677
2001-05-16,5509.3989
2001-05-17,6031.459
2001-05-18,5964.813
2001-05-21,6009.2437
2001-05-22,5942.5977
2001-05-23,5953.7051
2001-05-24,6064.7817
2001-05-25,6086.9971
2001-05-28,5875.9517
2001-05-29,5931.4897
2001-05-30,5775.9829
2001-05-31,5564.937
2001-06-01,5598.2603
2001-06-04,5653.7983
2001-06-05,5687.1216
2001-06-06,5687.1216
2001-06-07,5742.6597
2001-06-08,6086.9971
2001-06-11,6053.6743
2001-06-12,6309.1504
2001-06-13,6309.1504
2001-06-14,6320.2578
2001-06-15,6275.8271
2001-06-18,6109.2124
2001-06-19,6086.9971
2001-06-20,5787.0903
2001-06-21,5753.7676
2001-06-22,5764.875
2001-06-25,5764.875
2001-06-26,5576.0449
2001-06-27,5698.229
2001-06-28,5687.1216
2001-06-29,5775.9829
2001-07-02,5798.1982
2001-07-03,5709.3369
2001-07-04,5687.1216
2001-07-05,5775.9829
2001-07-06,5553.8296
2001-07-09,5387.2148
2001-07-10,5398.3223
2001-07-11,5281.6919
2001-07-12,5442.7529
2001-07-13,5331.6763
2001-07-16,5326.1226
2001-07-17,5326.1226
2001-07-18,5253.9229
2001-07-19,5148.3999
2001-07-20,4998.4468
2001-07-23,4909.5854
2001-07-24,4876.2622
2001-07-25,4754.0781
2001-07-26,4776.2935
2001-07-27,4920.6929
2001-07-30,4776.2935
2001-07-31,4870.7085
2001-08-01,5109.5229
2001-08-02,5109.5229
2001-08-03,5065.0928
2001-08-06,5009.5542
2001-08-07,4965.1235
2001-08-08,4926.2466
2001-08-09,4848.4932
2001-08-10,4937.3545
2001-08-13,4887.3701
2001-08-14,5115.0771
2001-08-15,5115.0771
2001-08-16,5081.7539
2001-08-17,5065.0928
2001-08-20,4887.3701
2001-08-21,4898.4775
2001-08-22,4898.4775
2001-08-23,4848.4932
2001-08-24,4787.4009
2001-08-27,4865.1548
2001-08-28,4787.4009
2001-08-29,4598.5708
2001-08-30,4420.8481
2001-08-31,4265.3413
2001-09-03,4220.9106
2001-09-04,4331.9868
2001-09-05,4359.7563
2001-09-06,4365.3101
2001-09-07,4409.7407
2001-09-10,4320.8794
2001-09-11,4220.9106
2001-09-12,3832.1423
2001-09-13,3898.7883
2001-09-14,3554.4509
2001-09-17,3326.7439
2001-09-18,3371.1746
2001-09-19,3387.8359
2001-09-20,3204.5596
2001-09-21,3043.4985
2001-09-24,3043.4985
2001-09-25,3049.0525
2001-09-26,3110.1445
2001-09-27,3149.0212
2001-09-28,3149.0212
2001-10-01,3149.0212
2001-10-02,3149.0212
2001-10-03,3149.0212
2001-10-04,3398.9436
2001-10-05,3332.2976
2001-10-08,3832.1423
2001-10-09,3721.0659
2001-10-10,3571.1123
2001-10-11,3626.6506
2001-10-12,3621.0969
2001-10-15,3560.0046
2001-10-16,3598.8816
2001-10-17,3698.8506
2001-10-18,3754.3887
2001-10-19,3798.8193
2001-10-22,3793.2656
2001-10-23,3832.1423
2001-10-24,3948.7727
2001-10-25,3821.0347
2001-10-26,3771.0503
2001-10-29,3721.0659
2001-10-30,3665.5276
2001-10-31,3698.8506
2001-11-01,3687.7429
2001-11-02,3759.9426
2001-11-05,3787.7117
2001-11-06,3776.604
2001-11-07,3687.7429
2001-11-08,3776.604
2001-11-09,3776.604
2001-11-12,4209.8027
2001-11-13,4120.9414
2001-11-14,4254.2334
2001-11-15,4098.7261
2001-11-16,4020.9727
2001-11-19,4215.3564
2001-11-20,4087.6187
2001-11-21,4076.511
2001-11-22,4154.2646
2001-11-23,4359.7563
2001-11-26,4776.2935
2001-11-27,4609.6787
2001-11-28,4232.0181
2001-11-29,4331.9868
2001-11-30,4365.3101
2001-12-03,4343.0947
2001-12-04,4331.9868
2001-12-05,4876.2622
2001-12-06,4742.9702
2001-12-07,5053.9849
2001-12-10,4842.9395
2001-12-11,4726.3091
2001-12-12,4754.0781
2001-12-13,4676.3247
2001-12-14,4509.7095
2001-12-17,4337.541
2001-12-18,4165.3721
2001-12-19,4182.0337
2001-12-20,4331.9868
2001-12-21,4159.8184
2001-12-24,4132.0493
2001-12-25,4132.0493
2001-12-26,4198.6953
2001-12-27,4298.6641
2001-12-28,4609.6787
2001-12-31,4609.6787
2002-01-01,4609.6787
2002-01-02,4720.7549
2002-01-03,4720.7549
2002-01-04,4709.6475
2002-01-07,4742.9702
2002-01-08,4854.0469
2002-01-09,5237.2612
2002-01-10,5009.5542
2002-01-11,4998.4468
2002-01-14,5387.2148
2002-01-15,5287.2456
2002-01-16,5553.8296
2002-01-17,5442.7529
2002-01-18,5148.3999
2002-01-21,5248.3691
2002-01-22,5231.7075
2002-01-23,5470.522
2002-01-24,5587.1523
2002-01-25,6420.2271
2002-01-28,6642.3804
2002-01-29,6475.7651
2002-01-30,6242.5044
2002-01-31,6242.5044
2002-02-01,5887.0591
2002-02-04,5898.167
2002-02-05,6275.8271
2002-02-06,6198.0737
2002-02-07,6220.2891
2002-02-08,6542.4111
2002-02-11,6542.4111
2002-02-12,6542.4111
2002-02-13,6542.4111
2002-02-14,7519.8853
2002-02-15,7664.2847
2002-02-18,7997.5146
2002-02-19,7708.7153
2002-02-20,7941.9761
2002-02-21,7819.792
2002-02-22,7553.208
2002-02-25,7264.4092
2002-02-26,7830.8999
2002-02-27,7908.6533
2002-02-28,8164.1294
2002-03-01,8164.1294
2002-03-04,7953.084
2002-03-05,7808.6846
2002-03-06,7675.3926
2002-03-07,7664.2847
2002-03-08,7708.7153
2002-03-11,7553.208
2002-03-12,7842.0073
2002-03-13,8197.4521
2002-03-14,8053.0527
2002-03-15,8386.2822
2002-03-18,8330.7441
2002-03-19,8430.7129
2002-03-20,8164.1294
2002-03-21,8075.2681
2002-03-22,8819.4814
2002-03-25,8441.8213
2002-03-26,8663.9736
2002-03-27,8863.9121
2002-03-28,9163.8184
2002-03-29,9086.0654
2002-04-01,8619.5439
2002-04-02,8908.3428
2002-04-03,8997.2041
2002-04-04,9041.6348
2002-04-05,9041.6348
2002-04-08,8719.5127
2002-04-09,8341.8516
2002-04-10,7941.9761
2002-04-11,7986.4067
2002-04-12,8108.5913
2002-04-15,8330.7441
2002-04-16,8330.7441
2002-04-17,8830.5889
2002-04-18,8830.5889
2002-04-19,8941.666
2002-04-22,8686.1895
2002-04-23,8430.7129
2002-04-24,8219.668
2002-04-25,7642.0693
2002-04-26,7619.854
2002-04-29,7020.0405
2002-04-30,6775.6719
2002-05-01,6775.6719
2002-05-02,7742.0386
2002-05-03,7464.3467
2002-05-06,7064.4712
2002-05-07,7097.7939
2002-05-08,7264.4092
2002-05-09,7331.0552
2002-05-10,7008.9331
2002-05-13,6997.8252
2002-05-14,7375.4858
2002-05-15,7464.3467
2002-05-16,7297.7319
2002-05-17,7375.4858
2002-05-20,7253.3013
2002-05-21,6875.6411
2002-05-22,7042.2559
2002-05-23,6786.7798
2002-05-24,6864.5332
2002-05-27,6453.5498
2002-05-28,6309.1504
2002-05-29,6164.751
2002-05-30,5676.0137
2002-05-31,5731.5522
2002-06-03,5920.3823
2002-06-04,6031.459
2002-06-05,5987.0283
2002-06-06,5987.0283
2002-06-07,5775.9829
2002-06-10,6298.0425
2002-06-11,6298.0425
2002-06-12,6442.4424
2002-06-13,6442.4424
2002-06-14,6442.4424
2002-06-17,6364.6885
2002-06-18,6364.6885
2002-06-19,5887.0591
2002-06-20,6031.459
2002-06-21,6131.4277
2002-06-24,5909.2744
2002-06-25,5498.291
2002-06-26,4831.8315
2002-06-27,4954.0161
2002-06-28,5476.0762
2002-07-01,5476.0762
2002-07-02,5553.8296
2002-07-03,5531.6143
2002-07-04,5853.7363
2002-07-05,6031.459
2002-07-08,6020.3511
2002-07-09,6298.0425
2002-07-10,6209.1816
2002-07-11,5998.1357
2002-07-12,6286.9351
2002-07-15,6298.0425
2002-07-16,6220.2891
2002-07-17,6220.2891
2002-07-18,6198.0737
2002-07-19,5975.9204
2002-07-22,5526.0605
2002-07-23,5887.0591
2002-07-24,5676.0137
2002-07-25,5698.229
2002-07-26,5537.168
2002-07-29,5553.8296
2002-07-30,5698.229
2002-07-31,5631.583
2002-08-01,5531.6143
2002-08-02,5476.0762
2002-08-05,5265.0303
2002-08-06,5187.2769
2002-08-07,5231.7075
2002-08-08,5231.7075
2002-08-09,5348.3379
2002-08-12,5376.1069
2002-08-13,5531.6143
2002-08-14,5492.7373
2002-08-15,5492.7373
2002-08-16,5787.0903
2002-08-19,5953.7051
2002-08-20,5942.5977
2002-08-21,6053.6743
2002-08-22,6086.9971
2002-08-23,6086.9971
2002-08-26,5753.7676
2002-08-27,5831.521
2002-08-28,5920.3823
2002-08-29,5953.7051
2002-08-30,6020.3511
2002-09-02,6386.9038
2002-09-03,6220.2891
2002-09-04,6142.5356
2002-09-05,6086.9971
2002-09-06,5842.6289
2002-09-09,5620.4756
2002-09-10,5720.4443
2002-09-11,5898.167
2002-09-12,5998.1357
2002-09-13,5753.7676
2002-09-16,5631.583
2002-09-17,5964.813
2002-09-18,5720.4443
2002-09-19,5742.6597
2002-09-20,5742.6597
2002-09-23,5520.5063
2002-09-24,5492.7373
2002-09-25,5276.1382
2002-09-26,5331.6763
2002-09-27,5331.6763
2002-09-30,5376.1069
2002-10-01,5392.7686
2002-10-02,5265.0303
2002-10-03,5265.0303
2002-10-04,5220.5996
2002-10-07,4987.3389
2002-10-08,4998.4468
2002-10-09,4859.6011
2002-10-10,4643.0015
2002-10-11,4587.4634
2002-10-14,4770.7397
2002-10-15,4892.9238
2002-10-16,4854.0469
2002-10-17,4965.1235
2002-10-18,5231.7075
2002-10-21,5065.0928
2002-10-22,4898.4775
2002-10-23,5170.6152
2002-10-24,5076.2002
2002-10-25,5087.3081
2002-10-28,5664.9062
2002-10-29,5531.6143
2002-10-30,5409.4302
2002-10-31,5503.8452
2002-11-01,5498.291
2002-11-04,5864.8442
2002-11-05,5775.9829
2002-11-06,5898.167
2002-11-07,5775.9829
2002-11-08,5664.9062
2002-11-11,5542.7217
2002-11-12,5464.9683
2002-11-13,5298.3535
2002-11-14,5298.3535
2002-11-15,5542.7217
2002-11-18,5442.7529
2002-11-19,5553.8296
2002-11-20,5642.6909
2002-11-21,5831.521
2002-11-22,5820.4136
2002-11-25,5875.9517
2002-11-26,5909.2744
2002-11-27,6131.4277
2002-11-28,6086.9971
2002-11-29,6153.6431
2002-12-02,6153.6431
2002-12-03,6086.9971
2002-12-04,5820.4136
2002-12-05,5820.4136
2002-12-06,5820.4136
2002-12-09,5942.5977
2002-12-10,6098.105
2002-12-11,6009.2437
2002-12-12,6364.6885
2002-12-13,6509.0884
2002-12-16,6520.1958
2002-12-17,6964.5024
2002-12-18,6920.0718
2002-12-19,6920.0718
2002-12-20,6786.7798
2002-12-23,6409.1191
2002-12-24,6664.5952
2002-12-25,6664.5952
2002-12-26,6686.8105
2002-12-27,6642.3804
2002-12-30,6331.3657
2002-12-31,6331.3657
2003-01-01,6331.3657
2003-01-02,6720.1338
2003-01-03,6975.6099
2003-01-06,7530.9927
2003-01-07,7242.1938
2003-01-08,7331.0552
2003-01-09,7186.6553
2003-01-10,7431.0239
2003-01-13,7608.7466
2003-01-14,7619.854
2003-01-15,7486.562
2003-01-16,7830.8999
2003-01-17,7642.0693
2003-01-20,7453.2393
2003-01-21,7453.2393
2003-01-22,7353.2705
2003-01-23,7686.5
2003-01-24,7308.8398
2003-01-27,6997.8252
2003-01-28,6831.2104
2003-01-29,6642.3804
2003-01-30,6842.3179
2003-01-31,6842.3179
2003-02-03,6886.7485
2003-02-04,7142.2246
2003-02-05,6975.6099
2003-02-06,6742.3491
2003-02-07,6631.2725
2003-02-10,6586.8418
2003-02-11,6409.1191
2003-02-12,6464.6577
2003-02-13,6309.1504
2003-02-14,6375.7964
2003-02-17,6797.8872
2003-02-18,6709.0259
2003-02-19,6720.1338
2003-02-20,6953.3945
2003-02-21,6931.1792
2003-02-24,7020.0405
2003-02-25,6709.0259
2003-02-26,6620.165
2003-02-27,6509.0884
2003-02-28,6342.4731
2003-03-03,6553.519
2003-03-04,6286.9351
2003-03-05,6042.5664
2003-03-06,5887.0591
2003-03-07,5709.3369
2003-03-10,5564.937
2003-03-11,5664.9062
2003-03-12,5875.9517
2003-03-13,5831.521
2003-03-14,5942.5977
2003-03-17,5498.291
2003-03-18,5942.5977
2003-03-19,6298.0425
2003-03-20,6720.1338
2003-03-21,6775.6719
2003-03-24,6597.9497
2003-03-25,6375.7964
2003-03-26,6309.1504
2003-03-27,6275.8271
2003-03-28,6442.4424
2003-03-31,6198.0737
2003-04-01,6542.4111
2003-04-02,6697.9185
2003-04-03,6731.2412
2003-04-04,7131.1172
2003-04-07,7231.0859
2003-04-08,7242.1938
2003-04-09,6875.6411
2003-04-10,7064.4712
2003-04-11,7186.6553
2003-04-14,7142.2246
2003-04-15,7364.3779
2003-04-16,7364.3779
2003-04-17,7275.5166
2003-04-18,7608.7466
2003-04-21,7619.854
2003-04-22,7386.5933
2003-04-23,7131.1172
2003-04-24,7042.2559
2003-04-25,6720.1338
2003-04-28,6775.6719
2003-04-29,7131.1172
2003-04-30,6986.7178
2003-05-01,6986.7178
2003-05-02,6964.5024
2003-05-05,6964.5024
2003-05-06,7020.0405
2003-05-07,7108.9019
2003-05-08,7108.9019
2003-05-09,7431.0239
2003-05-12,7508.7773
2003-05-13,7253.3013
2003-05-14,7164.4399
2003-05-15,7497.6699
2003-05-16,7386.5933
2003-05-19,6997.8252
2003-05-20,7131.1172
2003-05-21,7008.9331
2003-05-22,6975.6099
2003-05-23,7142.2246
2003-05-26,7342.1626
2003-05-27,7253.3013
2003-05-28,7208.8706
2003-05-29,7086.6865
2003-05-30,7219.9785
2003-06-02,7519.8853
2003-06-03,7342.1626
2003-06-04,7753.146
2003-06-05,7975.2993
2003-06-06,7975.2993
2003-06-09,7886.438
2003-06-10,8130.8066
2003-06-11,8008.6221
2003-06-12,8097.4834
2003-06-13,8441.8213
2003-06-16,8297.4209
2003-06-17,8275.2061
2003-06-18,8508.4668
2003-06-19,8675.082
2003-06-20,8719.5127
2003-06-23,8608.4355
2003-06-24,8519.5742
2003-06-25,8564.0049
2003-06-26,8419.6055
2003-06-27,8497.3594
2003-06-30,8441.8213
2003-07-01,9052.7422
2003-07-02,9608.125
2003-07-03,9741.417
2003-07-04,9919.1396
2003-07-07,10085.7549
2003-07-08,9952.4629
2003-07-09,9630.3408
2003-07-10,9885.8164
2003-07-11,9785.8477
2003-07-14,10174.6162
2003-07-15,9619.2324
2003-07-16,9630.3408
2003-07-17,9630.3408
2003-07-18,9330.4336
2003-07-21,8775.0508
2003-07-22,9163.8184
2003-07-23,9163.8184
2003-07-24,9441.5098
2003-07-25,9530.3711
2003-07-28,9796.9551
2003-07-29,9841.3857
2003-07-30,9919.1396
2003-07-31,10030.2158
2003-08-01,10119.0771
2003-08-04,9819.1709
2003-08-05,9485.9404
2003-08-06,9574.8018
2003-08-07,9996.8936
2003-08-08,9996.8936
2003-08-11,10441.1992
2003-08-12,10641.1377
2003-08-13,11085.4434
2003-08-14,11096.5518
2003-08-15,11096.5518
2003-08-18,12107.3486
2003-08-19,11885.1953
2003-08-20,11885.1953
2003-08-21,11774.1182
2003-08-22,11329.8125
2003-08-25,11496.4268
2003-08-26,12051.8105
2003-08-27,12496.1162
2003-08-28,11607.5039
2003-08-29,11774.1182
2003-09-01,11496.4268
2003-09-02,10941.0439
2003-09-03,10607.8145
2003-09-04,10496.7383
2003-09-05,10518.9531
2003-09-08,10518.9531
2003-09-09,11163.1973
2003-09-10,11163.1973
2003-09-11,11163.1973
2003-09-12,11163.1973
2003-09-15,11163.1973
2003-09-16,11329.8125
2003-09-17,11163.1973
2003-09-18,10841.0752
2003-09-19,10441.1992
2003-09-22,9774.7402
2003-09-23,9941.3545
2003-09-24,9974.6777
2003-09-25,9730.3096
2003-09-26,9585.9102
2003-09-29,9385.9717
2003-09-30,9597.0176
2003-10-01,9896.9238
2003-10-02,9908.0322
2003-10-03,9908.0322
2003-10-06,10041.3242
2003-10-07,10052.4316
2003-10-08,9641.4482
2003-10-09,9996.8936
2003-10-10,10185.7236
2003-10-13,9941.3545
2003-10-14,10085.7549
2003-10-15,10663.3525
2003-10-16,10729.999
2003-10-17,10774.4297
2003-10-20,10774.4297
2003-10-21,10774.4297
2003-10-22,10418.9844
2003-10-23,9996.8936
2003-10-24,9919.1396
2003-10-27,9996.8936
2003-10-28,10196.8311
2003-10-29,9996.8936
2003-10-30,10107.9697
2003-10-31,9963.5703
2003-11-03,9952.4629
2003-11-04,10407.877
2003-11-05,11440.8887
2003-11-06,11107.6592
2003-11-07,11996.2715
2003-11-10,12162.8867
2003-11-11,11607.5039
2003-11-12,11774.1182
2003-11-13,12662.7314
2003-11-14,12773.8076
2003-11-17,12995.9609
2003-11-18,12995.9609
2003-11-19,12107.3486
2003-11-20,12551.6543
2003-11-21,12218.4248
2003-11-24,11663.042
2003-11-25,12440.5781
2003-11-26,13662.4209
2003-11-27,13717.959
2003-11-28,13773.4971
2003-12-01,14328.8799
2003-12-02,14717.6484
2003-12-03,14995.3398
2003-12-04,14717.6484
2003-12-05,13773.4971
2003-12-08,14384.4189
2003-12-09,14884.2637
2003-12-10,15328.5693
2003-12-11,15217.4932
2003-12-12,15384.1074
2003-12-15,15384.1074
2003-12-16,15550.7227
2003-12-17,15050.8779
2003-12-18,14939.8018
2003-12-19,14662.1104
2003-12-22,14495.4951
2003-12-23,15050.8779
2003-12-24,14551.0332
2003-12-25,14551.0332
2003-12-26,14273.3418
2003-12-29,15328.5693
2003-12-30,15772.876
2003-12-31,15772.876
2004-01-01,15772.876
2004-01-02,15828.4141
2004-01-05,15939.4912
2004-01-06,15606.2607
2004-01-07,15550.7227
2004-01-08,15439.6465
2004-01-09,16050.5674
2004-01-12,16106.1055
2004-01-13,15995.0293
2004-01-14,16106.1055
2004-01-15,15161.9551
2004-01-16,14995.3398
2004-01-19,15661.7998
2004-01-20,15606.2607
2004-01-21,15606.2607
2004-01-22,15606.2607
2004-01-23,15606.2607
2004-01-26,15661.7998
2004-01-27,15550.7227
2004-01-28,15217.4932
2004-01-29,14773.1865
2004-01-30,14551.0332
2004-02-02,14328.8799
2004-02-03,14606.5713
2004-02-04,14328.8799
2004-02-05,14828.7246
2004-02-06,15161.9551
2004-02-09,15106.416
2004-02-10,15106.416
2004-02-11,14995.3398
2004-02-12,14162.2656
2004-02-13,13940.1123
2004-02-16,13606.8828
2004-02-17,13773.4971
2004-02-18,13940.1123
2004-02-19,13773.4971
2004-02-20,13606.8828
2004-02-23,13662.4209
2004-02-24,13107.0381
2004-02-25,13162.5762
2004-02-26,12607.1934
2004-02-27,12607.1934
2004-03-01,12607.1934
2004-03-02,12995.9609
2004-03-03,13107.0381
2004-03-04,13051.499
2004-03-05,13218.1143
2004-03-08,12551.6543
2004-03-09,11996.2715
2004-03-10,12051.8105
2004-03-11,12329.502
2004-03-12,11718.5801
2004-03-15,12051.8105
2004-03-16,11885.1953
2004-03-17,12329.502
2004-03-18,12218.4248
2004-03-19,12551.6543
2004-03-22,12218.4248
2004-03-23,12496.1162
2004-03-24,12551.6543
2004-03-25,12107.3486
2004-03-26,12162.8867
2004-03-29,12273.9629
2004-03-30,12829.3467
2004-03-31,12829.3467
2004-04-01,13051.499
2004-04-02,12940.4229
2004-04-05,12940.4229
2004-04-06,13273.6523
2004-04-07,13273.6523
2004-04-08,12829.3467
2004-04-09,12884.8848
2004-04-12,13551.3438
2004-04-13,13717.959
2004-04-14,14051.1885
2004-04-15,14051.1885
2004-04-16,13884.5742
2004-04-19,13773.4971
2004-04-20,13662.4209
2004-04-21,13551.3438
2004-04-22,13384.7295
2004-04-23,13329.1904
2004-04-26,13273.6523
2004-04-27,12662.7314
2004-04-28,12273.9629
2004-04-29,11551.9658
2004-04-30,11774.1182
2004-05-03,11496.4268
2004-05-04,11551.9658
2004-05-05,11551.9658
2004-05-06,10641.1377
2004-05-07,10452.3076
2004-05-10,9163.8184
2004-05-11,9385.9717
2004-05-12,10119.0771
2004-05-13,9874.709
2004-05-14,9841.3857
2004-05-17,9519.2637
2004-05-18,9774.7402
2004-05-19,10552.2764
2004-05-20,10718.8906
2004-05-21,11074.3359
2004-05-24,11329.8125
2004-05-25,11107.6592
2004-05-26,11107.6592
2004-05-27,10796.6445
2004-05-28,10863.291
2004-05-31,11096.5518
2004-06-01,11218.7354
2004-06-02,11085.4434
2004-06-03,10330.123
2004-06-04,10330.123
2004-06-07,10652.2451
2004-06-08,10718.8906
2004-06-09,10618.9219
2004-06-10,10507.8457
2004-06-11,9885.8164
2004-06-14,9241.5723
2004-06-15,9341.541
2004-06-16,9430.4023
2004-06-17,9497.0488
2004-06-18,9330.4336
2004-06-21,9319.3262
2004-06-22,9141.6035
2004-06-23,8852.8047
2004-06-24,9374.8643
2004-06-25,9497.0488
2004-06-28,9319.3262
2004-06-29,9541.4795
2004-06-30,10008.001
2004-07-01,9819.1709
2004-07-02,9319.3262
2004-07-05,9308.2188
2004-07-06,9219.3574
2004-07-07,9208.249
2004-07-08,9008.3115
2004-07-09,9219.3574
2004-07-12,9363.7568
2004-07-13,9519.2637
2004-07-14,9163.8184
2004-07-15,9097.1729
2004-07-16,9219.3574
2004-07-19,9286.0029
2004-07-20,9019.4189
2004-07-21,9397.0801
2004-07-22,9508.1562
2004-07-23,9363.7568
2004-07-26,9241.5723
2004-07-27,9208.249
2004-07-28,9630.3408
2004-07-29,9286.0029
2004-07-30,9552.5869
2004-08-02,9463.7256
2004-08-03,9685.8789
2004-08-04,9696.9863
2004-08-05,10107.9697
2004-08-06,10185.7236
2004-08-09,10330.123
2004-08-10,10230.1543
2004-08-11,10019.1084
2004-08-12,10163.5078
2004-08-13,10230.1543
2004-08-16,10141.293
2004-08-17,10285.6924
2004-08-18,10496.7383
2004-08-19,10352.3379
2004-08-20,10307.9072
2004-08-23,10219.0459
2004-08-24,10252.3691
2004-08-25,10296.7998
2004-08-26,10319.0156
2004-08-27,10707.7832
2004-08-30,10541.1689
2004-08-31,10441.1992
2004-09-01,10829.9678
2004-09-02,10596.707
2004-09-03,10285.6924
2004-09-06,10219.0459
2004-09-07,10041.3242
2004-09-08,9896.9238
2004-09-09,9896.9238
2004-09-10,10207.9385
2004-09-13,10452.3076
2004-09-14,10230.1543
2004-09-15,10096.8623
2004-09-16,10096.8623
2004-09-17,9996.8936
2004-09-20,10041.3242
2004-09-21,10085.7549
2004-09-22,9874.709
2004-09-23,9730.3096
2004-09-24,9708.0938
2004-09-27,9708.0938
2004-09-28,9708.0938
2004-09-29,9708.0938
2004-09-30,9830.2783
2004-10-01,9885.8164
2004-10-04,10441.1992
2004-10-05,10385.6611
2004-10-06,10418.9844
2004-10-07,10663.3525
2004-10-08,10885.5059
2004-10-11,10941.0439
2004-10-12,10330.123
2004-10-13,10107.9697
2004-10-14,9963.5703
2004-10-15,9819.1709
2004-10-18,9730.3096
2004-10-19,9874.709
2004-10-20,9497.0488
2004-10-21,8552.8975
2004-10-22,8786.1582
2004-10-25,8252.9902
2004-10-26,8286.3135
2004-10-27,7930.8687
2004-10-28,7997.5146
2004-10-29,8008.6221
2004-11-01,8219.668
2004-11-02,8519.5742
2004-11-03,8519.5742
2004-11-04,8341.8516
2004-11-05,8386.2822
2004-11-08,8097.4834
2004-11-09,8130.8066
2004-11-10,8208.5605
2004-11-11,8275.2061
2004-11-12,8475.1436
2004-11-15,8475.1436
2004-11-16,8508.4668
2004-11-17,9041.6348
2004-11-18,8808.374
2004-11-19,8886.127
2004-11-22,8630.6514
2004-11-23,8841.6963
2004-11-24,8830.5889
2004-11-25,8830.5889
2004-11-26,8586.2207
2004-11-29,8441.8213
2004-11-30,8497.3594
2004-12-01,8619.5439
2004-12-02,8586.2207
2004-12-03,8786.1582
2004-12-06,8775.0508
2004-12-07,8597.3281
2004-12-08,8508.4668
2004-12-09,8508.4668
2004-12-10,8252.9902
2004-12-13,8252.9902
2004-12-14,8252.9902
2004-12-15,8352.96
2004-12-16,8397.3906
2004-12-17,8153.022
2004-12-20,8164.1294
2004-12-21,8119.6987
2004-12-22,8297.4209
2004-12-23,8530.6826
2004-12-24,8486.252
2004-12-27,8497.3594
2004-12-28,8375.1748
2004-12-29,8641.7588
2004-12-30,8930.5576
2004-12-31,8930.5576
2005-01-03,9041.6348
2005-01-04,8919.4502
2005-01-05,9052.7422
2005-01-06,9130.4961
2005-01-07,9041.6348
2005-01-10,8952.7734
2005-01-11,8974.9883
2005-01-12,8952.7734
2005-01-13,8986.0967
2005-01-14,8974.9883
2005-01-17,9252.6797
2005-01-18,9696.9863
2005-01-19,9630.3408
2005-01-20,9474.833
2005-01-21,9474.833
2005-01-24,9641.4482
2005-01-25,9419.2949
2005-01-26,9685.8789
2005-01-27,9608.125
2005-01-28,9552.5869
2005-01-31,9530.3711
2005-02-01,9452.6182
2005-02-02,9374.8643
2005-02-03,9352.6494
2005-02-04,9519.2637
2005-02-07,9597.0176
2005-02-08,9597.0176
2005-02-09,9597.0176
2005-02-10,9597.0176
2005-02-11,9585.9102
2005-02-14,9752.5244
2005-02-15,9808.0625
2005-02-16,9874.709
2005-02-17,10085.7549
2005-02-18,10274.585
2005-02-21,10319.0156
2005-02-22,9885.8164
2005-02-23,9919.1396
2005-02-24,10496.7383
2005-02-25,10496.7383
2005-02-28,10774.4297
2005-03-01,10774.4297
2005-03-02,10985.4746
2005-03-03,11607.5039
2005-03-04,11774.1182
2005-03-07,11496.4268
2005-03-08,11107.6592
2005-03-09,11329.8125
2005-03-10,11274.2744
2005-03-11,11496.4268
2005-03-14,11440.8887
2005-03-15,10863.291
2005-03-16,10630.0293
2005-03-17,10063.5391
2005-03-18,10219.0459
2005-03-21,10441.1992
2005-03-22,10352.3379
2005-03-23,10130.1855
2005-03-24,10063.5391
2005-03-25,10330.123
2005-03-28,10441.1992
2005-03-29,10185.7236
2005-03-30,10163.5078
2005-03-31,10263.4766
2005-04-01,10441.1992
2005-04-04,10441.1992
2005-04-05,10441.1992
2005-04-06,10441.1992
2005-04-07,10641.1377
2005-04-08,10541.1689
2005-04-11,10363.4463
2005-04-12,10252.3691
2005-04-13,10263.4766
2005-04-14,10085.7549
2005-04-15,9952.4629
2005-04-18,9508.1562
2005-04-19,9552.5869
2005-04-20,9752.5244
2005-04-21,9752.5244
2005-04-22,9708.0938
2005-04-25,9741.417
2005-04-26,9574.8018
2005-04-27,9352.6494
2005-04-28,9208.249
2005-04-29,8897.2354
2005-05-02,8952.7734
2005-05-03,8830.5889
2005-05-04,9097.1729
2005-05-05,9097.1729
2005-05-06,9197.1416
2005-05-09,9097.1729
2005-05-10,9152.7109
2005-05-11,8941.666
2005-05-12,8952.7734
2005-05-13,8997.2041
2005-05-16,9086.0654
2005-05-17,9130.4961
2005-05-18,9408.1875
2005-05-19,9441.5098
2005-05-20,9530.3711
2005-05-23,9608.125
2005-05-24,9830.2783
2005-05-25,9608.125
2005-05-26,10107.9697
2005-05-27,10263.4766
2005-05-30,10252.3691
2005-05-31,10296.7998
2005-06-01,10230.1543
2005-06-02,10352.3379
2005-06-03,10596.707
2005-06-06,10596.707
2005-06-07,10574.4912
2005-06-08,10596.707
2005-06-09,10863.291
2005-06-10,10918.8291
2005-06-13,10818.8604
2005-06-14,10352.3379
2005-06-15,10996.582
2005-06-16,10963.2598
2005-06-17,10963.2598
2005-06-20,10718.8906
2005-06-21,10552.2764
2005-06-22,10596.707
2005-06-23,10863.291
2005-06-24,10574.4912
2005-06-27,10285.6924
2005-06-28,10474.5225
2005-06-29,10907.7217
2005-06-30,11107.6592
2005-07-01,11551.9658
2005-07-04,12051.8105
2005-07-05,11829.6572
2005-07-06,12162.8867
2005-07-07,12496.1162
2005-07-08,12218.4248
2005-07-11,12329.502
2005-07-12,12051.8105
2005-07-13,12107.3486
2005-07-14,12162.8867
2005-07-15,11940.7334
2005-07-18,11940.7334
2005-07-19,12385.04
2005-07-20,12551.6543
2005-07-21,12385.04
2005-07-22,12385.04
2005-07-25,13162.5762
2005-07-26,13107.0381
2005-07-27,13107.0381
2005-07-28,13162.5762
2005-07-29,12829.3467
2005-08-01,12884.8848
2005-08-02,12440.5781
2005-08-03,12995.9609
2005-08-04,13162.5762
2005-08-05,12829.3467
2005-08-08,12940.4229
2005-08-09,14162.2656
2005-08-10,14606.5713
2005-08-11,14662.1104
2005-08-12,14995.3398
2005-08-15,14995.3398
2005-08-16,14995.3398
2005-08-17,14662.1104
2005-08-18,14051.1885
2005-08-19,14273.3418
2005-08-22,14773.1865
2005-08-23,15050.8779
2005-08-24,15161.9551
2005-08-25,15050.8779
2005-08-26,15328.5693
2005-08-29,14606.5713
2005-08-30,14828.7246
2005-08-31,14606.5713
2005-09-01,15772.876
2005-09-02,15828.4141
2005-09-05,15661.7998
2005-09-06,14106.7275
2005-09-07,14106.7275
2005-09-08,13495.8057
2005-09-09,13940.1123
2005-09-12,13884.5742
2005-09-13,13940.1123
2005-09-14,14162.2656
2005-09-15,14495.4951
2005-09-16,14606.5713
2005-09-19,14606.5713
2005-09-20,14495.4951
2005-09-21,14162.2656
2005-09-22,14162.2656
2005-09-23,13884.5742
2005-09-26,14384.4189
2005-09-27,14495.4951
2005-09-28,14884.2637
2005-09-29,14939.8018
2005-09-30,15050.8779
2005-10-03,15050.8779
2005-10-04,15328.5693
2005-10-05,15439.6465
2005-10-06,15550.7227
2005-10-07,15495.1846
2005-10-10,15717.3379
2005-10-11,16494.873
2005-10-12,16272.7207
2005-10-13,16772.5645
2005-10-14,16050.5674
2005-10-17,16050.5674
2005-10-18,16717.0273
2005-10-19,15883.9521
2005-10-20,15772.876
2005-10-21,16217.1826
2005-10-24,17439.0254
2005-10-25,17216.8711
2005-10-26,17327.9473
2005-10-27,17550.1016
2005-10-28,16605.9512
2005-10-31,16828.1035
2005-11-01,17161.334
2005-11-02,17327.9473
2005-11-03,17327.9473
2005-11-04,17938.8691
2005-11-07,18272.0996
2005-11-08,18438.7148
2005-11-09,18327.6367
2005-11-10,18549.791
2005-11-11,19049.6348
2005-11-14,19105.1738
2005-11-15,18938.5586
2005-11-16,19216.25
2005-11-17,19549.4805
2005-11-18,19660.5566
2005-11-21,19549.4805
2005-11-22,18771.9434
2005-11-23,19716.0957
2005-11-24,20049.3242
2005-11-25,20160.4004
2005-11-28,19660.5566
2005-11-29,19327.3262
2005-11-30,19716.0957
2005-12-01,19438.4043
2005-12-02,19438.4043
2005-12-05,19993.7871
2005-12-06,20715.7852
2005-12-07,20271.4785
2005-12-08,20604.707
2005-12-09,20993.4766
2005-12-12,20993.4766
2005-12-13,21215.6289
2005-12-14,20882.3984
2005-12-15,20604.707
2005-12-16,20382.5547
2005-12-19,20382.5547
2005-12-20,20327.0156
2005-12-21,21049.0137
2005-12-22,20382.5547
2005-12-23,20104.8633
2005-12-26,19493.9414
2005-12-27,19493.9414
2005-12-28,19882.709
2005-12-29,19993.7871
2006-01-02,20937.9375
2006-01-03,22104.2422
2006-01-04,21604.3965
2006-01-05,21104.5527
2006-01-06,22104.2422
2006-01-09,23103.9316
2006-01-10,22992.8535
2006-01-11,23492.6992
2006-01-12,24214.6973
2006-01-13,25547.6152
2006-01-16,26658.3809
2006-01-17,26491.7676
2006-01-18,25547.6152
2006-01-19,25269.9238
2006-01-20,23437.1602
2006-01-23,22326.3945
2006-01-24,24159.1582
2006-01-25,24825.6172
2006-01-26,25214.3867
2006-01-27,25158.8477
2006-01-31,25547.6152
2006-02-01,24436.8496
2006-02-02,24659.0039
2006-02-03,24381.3125
2006-02-06,23881.4668
2006-02-07,23881.4668
2006-02-08,24103.6211
2006-02-09,25658.6934
2006-02-10,26380.6895
2006-02-13,25936.3848
2006-02-14,26713.9199
2006-02-15,25492.0781
2006-02-16,25547.6152
2006-02-17,26991.6113
2006-02-20,27991.3008
2006-02-21,28324.5312
2006-02-22,27713.6094
2006-02-23,28768.8379
2006-02-24,29046.5293
2006-02-27,29379.7578
2006-02-28,29879.6035
2006-03-02,29490.834
2006-03-03,28102.377
2006-03-06,28102.377
2006-03-07,27546.9941
2006-03-08,27713.6094
2006-03-09,27824.6855
2006-03-10,28879.9141
2006-03-13,28879.9141
2006-03-14,28546.6836
2006-03-15,28824.375
2006-03-16,29990.6797
2006-03-17,30212.832
2006-03-20,29768.5273
2006-03-21,30657.1387
2006-03-22,29657.4492
2006-03-23,29102.0664
2006-03-24,29379.7578
2006-03-27,29435.2969
2006-03-28,29046.5293
2006-03-29,29601.9121
2006-03-30,29546.373
2006-03-31,29935.1406
2006-04-03,30212.832
2006-04-04,31434.6758
2006-04-05,32156.6738
2006-04-06,31878.9824
2006-04-07,32989.7461
2006-04-10,33267.4375
2006-04-11,33767.2852
2006-04-12,33878.3594
2006-04-13,34600.3594
2006-04-14,33711.7461
2006-04-17,34433.7422
2006-04-18,35322.3555
2006-04-19,35266.8164
2006-04-20,35433.4336
2006-04-21,35433.4336
2006-04-24,34933.5859
2006-04-25,34378.2031
2006-04-26,34711.4336
2006-04-27,35822.1992
2006-04-28,34989.125
2006-05-02,37321.7344
2006-05-03,37044.043
2006-05-04,35822.1992
2006-05-08,33489.5938
2006-05-09,33822.8203
2006-05-10,32767.5938
2006-05-11,33545.1289
2006-05-12,34433.7422
2006-05-15,33878.3594
2006-05-16,33322.9766
2006-05-17,33822.8203
2006-05-18,32434.3652
2006-05-19,32212.2109
2006-05-22,32212.2109
2006-05-23,30601.6016
2006-05-24,30990.3691
2006-05-25,29879.6035
2006-05-26,31434.6758
2006-05-29,32378.8262
2006-05-30,33322.9766
2006-05-31,32378.8262
2006-06-01,32823.1328
2006-06-02,30601.6016
2006-06-05,29601.9121
2006-06-07,27935.7617
2006-06-08,26658.3809
2006-06-09,28157.916
2006-06-12,28435.6074
2006-06-13,26991.6113
2006-06-14,27769.1484
2006-06-15,27324.8418
2006-06-16,27769.1484
2006-06-19,26769.459
2006-06-20,24770.0801
2006-06-21,25214.3867
2006-06-22,25381.002
2006-06-23,25436.5391
2006-06-26,26602.8438
2006-06-27,27769.1484
2006-06-28,27158.2266
2006-06-29,27824.6855
2006-06-30,28935.4512
2006-07-03,29324.2207
2006-07-04,29546.373
2006-07-05,30212.832
2006-07-06,30546.0625
2006-07-07,30434.9863
2006-07-10,32156.6738
2006-07-11,32878.6719
2006-07-12,33100.8242
2006-07-13,33656.207
2006-07-14,33656.207
2006-07-18,31656.8281
2006-07-19,31990.0586
2006-07-20,32656.5176
2006-07-21,32378.8262
2006-07-24,32878.6719
2006-07-25,33322.9766
2006-07-26,33322.9766
2006-07-27,33933.8984
2006-07-28,34211.5898
2006-07-31,35266.8164
2006-08-01,35211.2812
2006-08-02,35155.7422
2006-08-03,34544.8203
2006-08-04,34378.2031
2006-08-07,33878.3594
2006-08-08,34044.9766
2006-08-09,33656.207
2006-08-10,33378.5156
2006-08-11,34044.9766
2006-08-14,34100.5117
2006-08-16,34600.3594
2006-08-17,35433.4336
2006-08-18,35822.1992
2006-08-21,35766.6641
2006-08-22,36099.8906
2006-08-23,35322.3555
2006-08-24,34600.3594
2006-08-25,35211.2812
2006-08-28,36099.8906
2006-08-29,36544.1992
2006-08-30,37210.6562
2006-08-31,37432.8125
2006-09-01,37821.5781
2006-09-04,37377.2734
2006-09-05,38488.0391
2006-09-06,39098.9609
2006-09-07,39598.8047
2006-09-08,40542.957
2006-09-11,40709.5703
2006-09-12,39654.3438
2006-09-13,39820.957
2006-09-14,41209.4141
2006-09-15,43319.8711
2006-09-18,43319.8711
2006-09-19,42875.5625
2006-09-20,42764.4883
2006-09-21,41875.875
2006-09-22,41098.3398
2006-09-25,40376.3398
2006-09-26,41209.4141
2006-09-27,42542.3359
2006-09-28,42209.1055
2006-09-29,42875.5625
2006-10-02,42875.5625
2006-10-04,42098.0273
2006-10-09,40487.418
2006-10-10,41042.8008
2006-10-11,40876.1836
2006-10-12,41764.7969
2006-10-13,43319.8711
2006-10-16,43542.0234
2006-10-17,42820.0273
2006-10-18,43319.8711
2006-10-19,42764.4883
2006-10-20,42653.4102
2006-10-23,42264.6445
2006-10-24,41653.7227
2006-10-25,41153.8789
2006-10-26,41542.6445
2006-10-27,41042.8008
2006-10-30,40765.1094
2006-10-31,41320.4922
2006-11-01,43264.332
2006-11-02,43097.7188
2006-11-03,43542.0234
2006-11-06,42653.4102
2006-11-07,41875.875
2006-11-08,41376.0312
2006-11-09,42486.7969
2006-11-10,41653.7227
2006-11-13,41209.4141
2006-11-14,41820.3359
2006-11-15,41320.4922
2006-11-16,41542.6445
2006-11-17,41986.9531
2006-11-20,40987.2617
2006-11-21,40098.6484
2006-11-22,41098.3398
2006-11-23,40542.957
2006-11-24,40987.2617
2006-11-27,41209.4141
2006-11-28,40654.0312
2006-11-29,40265.2656
2006-11-30,40209.7266
2006-12-01,39709.8828
2006-12-04,38710.1914
2006-12-05,38876.8086
2006-12-06,38043.7305
2006-12-07,37488.3477
2006-12-08,36988.5039
2006-12-11,37432.8125
2006-12-12,37099.582
2006-12-13,38099.2695
2006-12-14,38765.7305
2006-12-15,39376.6523
2006-12-18,38543.5781
2006-12-19,38432.5
2006-12-20,39376.6523
2006-12-21,39987.5742
2006-12-22,39098.9609
2006-12-26,38265.8867
2006-12-27,37877.1172
2006-12-28,37710.5039
2007-01-02,37044.043
2007-01-03,35711.125
2007-01-04,36044.3555
2007-01-05,35377.8945
2007-01-08,36044.3555
2007-01-09,35655.5859
2007-01-10,34044.9766
2007-01-11,34433.7422
2007-01-12,33822.8203
2007-01-15,35600.0469
2007-01-16,36099.8906
2007-01-17,35322.3555
2007-01-18,35211.2812
2007-01-19,33711.7461
2007-01-22,32489.9023
2007-01-23,32378.8262
2007-01-24,33211.9023
2007-01-25,33267.4375
2007-01-26,33434.0547
2007-01-29,33156.3633
2007-01-30,32545.4414
2007-01-31,31434.6758
2007-02-01,32378.8262
2007-02-02,35100.2031
2007-02-05,35822.1992
2007-02-06,36155.4297
2007-02-07,36932.9648
2007-02-08,36766.3516
2007-02-09,36099.8906
2007-02-12,35822.1992
2007-02-13,37654.9648
2007-02-14,37988.1953
2007-02-15,37988.1953
2007-02-16,38321.4258
2007-02-20,37599.4258
2007-02-21,37710.5039
2007-02-22,38210.3477
2007-02-23,40098.6484
2007-02-26,39932.0352
2007-02-27,39098.9609
2007-02-28,38654.6523
2007-03-01,38654.6523
2007-03-05,37988.1953
2007-03-06,38543.5781
2007-03-07,39043.4219
2007-03-08,39210.0352
2007-03-09,39654.3438
2007-03-12,39321.1133
2007-03-13,39876.4961
2007-03-14,38932.3438
2007-03-15,39321.1133
2007-03-16,38876.8086
2007-03-19,39654.3438
2007-03-20,41264.9531
2007-03-21,40765.1094
2007-03-22,40987.2617
2007-03-23,41431.5703
2007-03-26,40765.1094
2007-03-27,40654.0312
2007-03-28,39876.4961
2007-03-29,40320.8008
2007-03-30,39820.957
2007-04-02,40820.6484
2007-04-03,40376.3398
2007-04-04,40542.957
2007-04-05,40765.1094
2007-04-06,40431.8789
2007-04-09,41653.7227
2007-04-10,41431.5703
2007-04-11,41376.0312
2007-04-12,42209.1055
2007-04-13,44097.4062
2007-04-16,43597.5625
2007-04-17,42875.5625
2007-04-18,44097.4062
2007-04-19,42764.4883
2007-04-20,43430.9453
2007-04-23,43430.9453
2007-04-24,43097.7188
2007-04-25,43264.332
2007-04-26,41931.4141
2007-04-27,40265.2656
2007-04-30,41320.4922
2007-05-02,41542.6445
2007-05-03,42764.4883
2007-05-04,43097.7188
2007-05-07,43597.5625
2007-05-08,44041.8672
2007-05-09,45596.9414
2007-05-10,45819.0938
2007-05-11,48762.625
2007-05-14,49429.082
2007-05-15,46652.168
2007-05-16,48484.9336
2007-05-17,51539.5391
2007-05-18,52761.3789
2007-05-21,53205.6875
2007-05-22,54427.5312
2007-05-23,54483.0664
2007-05-25,55205.0664
2007-05-28,54982.9141
2007-05-29,57759.8281
2007-05-30,57759.8281
2007-05-31,58759.5156
2007-06-01,59537.0547
2007-06-04,58537.3633
2007-06-05,58093.0586
2007-06-07,58315.2109
2007-06-08,58537.3633
2007-06-11,60981.0469
2007-06-12,60981.0469
2007-06-13,60981.0469
2007-06-14,60869.9727
2007-06-15,58648.4414
2007-06-18,58648.4414
2007-06-19,56093.6797
2007-06-20,54094.3008
2007-06-21,56537.9844
2007-06-22,55538.2969
2007-06-25,54483.0664
2007-06-26,52816.918
2007-06-27,52539.2266
2007-06-28,53150.1484
2007-06-29,54094.3008
2007-07-02,54094.3008
2007-07-03,58093.0586
2007-07-04,57870.9023
2007-07-05,57981.9805
2007-07-06,59203.8242
2007-07-09,57981.9805
2007-07-10,56760.1367
2007-07-11,55038.4492
2007-07-12,55871.5234
2007-07-13,59092.7461
2007-07-16,59425.9766
2007-07-18,58093.0586
2007-07-19,60203.5117
2007-07-20,61980.7383
2007-07-23,59981.3594
2007-07-24,58981.668
2007-07-25,59425.9766
2007-07-26,60869.9727
2007-07-27,58315.2109
2007-07-30,60536.7422
2007-07-31,63869.0391
2007-08-01,63091.5039
2007-08-02,67978.875
2007-08-03,68423.1797
2007-08-06,69978.25
2007-08-07,70422.5625
2007-08-08,70644.7109
2007-08-09,69089.6406
2007-08-10,67978.875
2007-08-13,71977.6328
2007-08-14,68867.4844
2007-08-16,62202.8906
2007-08-17,57759.8281
2007-08-20,65535.1875
2007-08-21,65201.957
2007-08-22,66534.875
2007-08-23,67978.875
2007-08-24,67867.7969
2007-08-27,67201.3359
2007-08-28,68534.2578
2007-08-29,72199.7812
2007-08-30,75421.0078
2007-08-31,75309.9297
2007-09-03,75198.8516
2007-09-04,73977.0078
2007-09-05,72199.7812
2007-09-06,74088.0859
2007-09-07,75754.2344
2007-09-10,72755.1641
2007-09-11,72421.9375
2007-09-12,70533.6328
2007-09-13,73310.5469
2007-09-14,73088.3984
2007-09-17,73421.625
2007-09-18,71755.4766
2007-09-19,74199.1641
2007-09-20,74865.625
2007-09-21,74976.6953
2007-09-27,78975.4531
2007-09-28,77420.3828
2007-10-01,76198.5391
2007-10-02,77198.2344
2007-10-04,76531.7734
2007-10-05,75754.2344
2007-10-08,75198.8516
2007-10-09,78753.3047
2007-10-10,77420.3828
2007-10-11,78420.0703
2007-10-12,71200.0938
2007-10-15,71644.3984
2007-10-16,70311.4844
2007-10-17,65535.1875
2007-10-18,63313.6562
2007-10-19,63313.6562
2007-10-22,60203.5117
2007-10-23,62980.4258
2007-10-24,59203.8242
2007-10-25,57759.8281
2007-10-26,59092.7461
2007-10-29,57426.5977
2007-10-30,58315.2109
2007-10-31,60647.8203
2007-11-01,58315.2109
2007-11-02,56760.1367
2007-11-05,55871.5234
2007-11-06,55538.2969
2007-11-07,55649.3711
2007-11-08,53427.8398
2007-11-09,52261.5352
2007-11-12,49984.4648
2007-11-13,46763.2461
2007-11-14,53761.0703
2007-11-15,55427.2188
2007-11-16,54982.9141
2007-11-19,53316.7617
2007-11-20,52761.3789
2007-11-21,50428.7734
2007-11-22,50206.6172
2007-11-23,46985.3984
2007-11-26,49429.082
2007-11-27,47985.0859
2007-11-28,48818.1602
2007-11-29,50206.6172
2007-11-30,51095.2305
2007-12-03,50095.543
2007-12-04,49151.3906
2007-12-05,51539.5391
2007-12-06,54371.9922
2007-12-07,52983.5352
2007-12-10,51983.8438
2007-12-11,53316.7617
2007-12-12,54705.2227
2007-12-13,53872.1484
2007-12-14,48651.5469
2007-12-17,45874.6328
2007-12-18,46430.0156
2007-12-20,45097.0977
2007-12-21,45541.4023
2007-12-24,47263.0898
2007-12-26,47762.9336
2007-12-27,47207.5508
2007-12-28,46818.7812
2008-01-02,44763.8672
2008-01-03,43597.5625
2008-01-04,44319.5586
2008-01-07,43319.8711
2008-01-08,44986.0195
2008-01-09,44319.5586
2008-01-10,43986.3281
2008-01-11,42209.1055
2008-01-14,41875.875
2008-01-15,41542.6445
2008-01-16,41320.4922
2008-01-17,45263.7109
2008-01-18,45930.1719
2008-01-21,46096.7852
2008-01-22,46318.9375
2008-01-23,47263.0898
2008-01-24,49095.8516
2008-01-25,50317.6953
2008-01-28,49762.3125
2008-01-29,52094.9219
2008-01-30,51095.2305
2008-01-31,50706.4648
2008-02-01,51650.6133
2008-02-04,52594.7656
2008-02-05,53316.7617
2008-02-11,53205.6875
2008-02-12,53261.2266
2008-02-13,51761.6914
2008-02-14,52205.9961
2008-02-15,51484.0
2008-02-18,51817.2305
2008-02-19,52428.1523
2008-02-20,53039.0703
2008-02-21,53538.918
2008-02-22,54649.6836
2008-02-25,55982.6016
2008-02-26,54427.5312
2008-02-27,54982.9141
2008-02-28,55260.6055
2008-02-29,54371.9922
2008-03-03,52205.9961
2008-03-04,51317.3867
2008-03-05,52705.8438
2008-03-06,54816.2969
2008-03-07,55982.6016
2008-03-10,56315.832
2008-03-11,58981.668
2008-03-12,60425.6641
2008-03-13,58759.5156
2008-03-14,58981.668
2008-03-17,60647.8203
2008-03-18,60314.5898
2008-03-19,60647.8203
2008-03-20,60314.5898
2008-03-21,61758.5859
2008-03-24,60314.5898
2008-03-25,58648.4414
2008-03-26,58093.0586
2008-03-27,59537.0547
2008-03-28,61203.2031
2008-03-31,59981.3594
2008-04-01,59425.9766
2008-04-02,59092.7461
2008-04-03,59314.8984
2008-04-04,58537.3633
2008-04-07,58315.2109
2008-04-08,57204.4453
2008-04-10,59537.0547
2008-04-11,59425.9766
2008-04-14,57204.4453
2008-04-15,56093.6797
2008-04-16,57981.9805
2008-04-17,57537.6758
2008-04-18,59981.3594
2008-04-21,60647.8203
2008-04-22,59537.0547
2008-04-23,60092.4375
2008-04-24,62202.8906
2008-04-25,65424.1133
2008-04-28,65535.1875
2008-04-29,65868.4219
2008-04-30,65868.4219
2008-05-01,65868.4219
2008-05-02,66645.9531
2008-05-05,66645.9531
2008-05-06,67978.875
2008-05-07,67312.4141
2008-05-08,67201.3359
2008-05-09,65535.1875
2008-05-12,65535.1875
2008-05-13,66090.5703
2008-05-14,65757.3438
2008-05-15,71089.0156
2008-05-16,71089.0156
2008-05-19,71311.1719
2008-05-20,66979.1875
2008-05-21,68312.1016
2008-05-22,67201.3359
2008-05-23,66201.6484
2008-05-26,66090.5703
2008-05-27,67201.3359
2008-05-28,66423.8047
2008-05-29,67867.7969
2008-05-30,67645.6406
2008-06-02,67423.4922
2008-06-03,66534.875
2008-06-04,66090.5703
2008-06-05,66757.0312
2008-06-06,66757.0312
2008-06-09,66201.6484
2008-06-10,63869.0391
2008-06-11,64535.5
2008-06-12,62869.3516
2008-06-13,64091.1914
2008-06-16,65868.4219
2008-06-17,65979.4922
2008-06-18,63202.582
2008-06-19,60092.4375
2008-06-20,60092.4375
2008-06-23,60314.5898
2008-06-24,58981.668
2008-06-25,59425.9766
2008-06-26,55205.0664
2008-06-27,53649.9922
2008-06-30,51484.0
2008-07-01,51484.0
2008-07-02,49484.6211
2008-07-03,50650.9258
2008-07-04,46652.168
2008-07-07,47263.0898
2008-07-08,45541.4023
2008-07-09,43708.6367
2008-07-10,42375.7188
2008-07-11,45485.8633
2008-07-14,44652.7891
2008-07-15,41431.5703
2008-07-16,43542.0234
2008-07-17,45763.5547
2008-07-18,44986.0195
2008-07-21,47707.3945
2008-07-22,46874.3203
2008-07-23,46929.8594
2008-07-24,47762.9336
2008-07-25,46707.707
2008-07-28,43153.2539
2008-07-29,42542.3359
2008-07-30,40487.418
2008-07-31,40431.8789
2008-08-01,40931.7227
2008-08-04,41820.3359
2008-08-05,42375.7188
2008-08-06,43208.793
2008-08-07,41764.7969
2008-08-08,41320.4922
2008-08-11,42986.6406
2008-08-12,44763.8672
2008-08-13,43542.0234
2008-08-14,43653.1016
2008-08-15,43653.1016
2008-08-18,40043.1094
2008-08-19,40098.6484
2008-08-20,38432.5
2008-08-21,36099.8906
2008-08-22,36322.0469
2008-08-25,36877.4297
2008-08-26,36322.0469
2008-08-27,34378.2031
2008-08-28,33767.2852
2008-08-29,34878.0508
2008-09-01,31268.0605
2008-09-02,29213.1426
2008-09-03,30434.9863
2008-09-04,29435.2969
2008-09-05,28768.8379
2008-09-08,31545.752
2008-09-09,31656.8281
2008-09-10,32212.2109
2008-09-11,31323.5996
2008-09-12,31156.9844
2008-09-15,31268.0605
2008-09-16,28213.4551
2008-09-17,29490.834
2008-09-18,28213.4551
2008-09-19,31101.4453
2008-09-22,29990.6797
2008-09-23,33267.4375
2008-09-24,33989.4375
2008-09-25,31323.5996
2008-09-26,29879.6035
2008-09-29,27935.7617
2008-09-30,28768.8379
2008-10-01,29213.1426
2008-10-02,28768.8379
2008-10-03,28768.8379
2008-10-06,27213.7656
2008-10-07,27769.1484
2008-10-08,25492.0781
2008-10-09,24603.4648
2008-10-10,22381.9336
2008-10-13,24881.1562
2008-10-14,28602.2227
2008-10-15,27546.9941
2008-10-16,24992.2324
2008-10-17,25214.3867
2008-10-20,27546.9941
2008-10-21,27213.7656
2008-10-22,27213.7656
2008-10-23,26547.3047
2008-10-24,22604.0859
2008-10-27,22215.3184
2008-10-28,25325.4629
2008-10-29,23937.0059
2008-10-30,27491.457
2008-10-31,28879.9141
2008-11-03,33322.9766
2008-11-04,34655.8945
2008-11-05,34766.9727
2008-11-06,33767.2852
2008-11-07,35100.2031
2008-11-10,34378.2031
2008-11-11,32656.5176
2008-11-12,34878.0508
2008-11-13,35433.4336
2008-11-14,35544.5078
2008-11-17,33822.8203
2008-11-18,34211.5898
2008-11-19,34378.2031
2008-11-20,32212.2109
2008-11-21,33767.2852
2008-11-24,32101.1348
2008-11-25,32101.1348
2008-11-26,32989.7461
2008-11-27,32823.1328
2008-11-28,32934.2109
2008-12-01,31712.3672
2008-12-02,32156.6738
2008-12-03,31101.4453
2008-12-04,29213.1426
2008-12-05,29324.2207
2008-12-08,31101.4453
2008-12-09,29601.9121
2008-12-10,30379.4473
2008-12-11,32656.5176
2008-12-12,30379.4473
2008-12-15,33322.9766
2008-12-16,33267.4375
2008-12-17,33267.4375
2008-12-18,31767.9043
2008-12-19,31990.0586
2008-12-22,31656.8281
2008-12-23,30046.2188
2008-12-24,30323.9102
2008-12-25,30323.9102
2008-12-26,30879.293
2008-12-29,31434.6758
2008-12-30,31656.8281
2008-12-31,31656.8281
2009-01-02,34378.2031
2009-01-05,34433.7422
2009-01-06,35211.2812
2009-01-07,36877.4297
2009-01-08,35877.7383
2009-01-09,34989.125
2009-01-12,34322.668
2009-01-13,35988.8164
2009-01-14,36877.4297
2009-01-15,34378.2031
2009-01-16,37488.3477
2009-01-19,35711.125
2009-01-20,33322.9766
2009-01-21,33211.9023
2009-01-22,32934.2109
2009-01-23,31990.0586
2009-01-28,31434.6758
2009-01-29,31434.6758
2009-01-30,31434.6758
2009-02-02,31434.6758
2009-02-03,31434.6758
2009-02-04,31434.6758
2009-02-05,31434.6758
2009-02-06,31434.6758
2009-02-09,31434.6758
2009-02-10,31434.6758
2009-02-11,31434.6758
2009-02-12,31434.6758
2009-02-13,31434.6758
2009-02-16,31434.6758
2009-02-17,31434.6758
2009-02-18,31434.6758
2009-02-19,31434.6758
2009-02-20,37766.0391
2009-02-23,35877.7383
2009-02-24,33600.668
2009-02-25,35488.9727
2009-02-26,33767.2852
2009-02-27,33822.8203
2009-03-02,36210.9688
2009-03-03,36322.0469
2009-03-04,38654.6523
2009-03-05,38876.8086
2009-03-06,43375.4102
2009-03-09,45152.6328
2009-03-10,44597.25
2009-03-11,44486.1758
2009-03-12,45263.7109
2009-03-13,45319.25
2009-03-16,45430.3242
2009-03-17,46707.707
2009-03-18,47707.3945
2009-03-19,48207.2422
2009-03-20,48984.7773
2009-03-23,49540.1602
2009-03-24,47985.0859
2009-03-25,47374.168
2009-03-26,48096.1641
2009-03-27,46652.168
2009-03-30,48318.3164
2009-03-31,50206.6172
2009-04-01,51928.3047
2009-04-02,52761.3789
2009-04-03,51484.0
2009-04-06,50206.6172
2009-04-07,50317.6953
2009-04-08,49206.9297
2009-04-09,52983.5352
2009-04-10,56649.0625
2009-04-13,59092.7461
2009-04-14,61092.125
2009-04-15,60981.0469
2009-04-16,59981.3594
2009-04-17,60758.8945
2009-04-20,59314.8984
2009-04-21,62869.3516
2009-04-22,65201.957
2009-04-23,65868.4219
2009-04-24,62980.4258
2009-04-27,62758.2734
2009-04-28,62758.2734
2009-04-29,65313.0352
2009-04-30,66090.5703
2009-05-04,67201.3359
2009-05-06,65424.1133
2009-05-07,63091.5039
2009-05-08,65757.3438
2009-05-11,65757.3438
2009-05-12,68534.2578
2009-05-13,69311.7891
2009-05-14,67534.5703
2009-05-15,69311.7891
2009-05-18,69978.25
2009-05-19,73421.625
2009-05-20,77309.3047
2009-05-21,80752.6797
2009-05-22,85862.2031
2009-05-25,89638.8125
2009-05-26,86084.3594
2009-05-27,81641.2969
2009-05-28,84084.9766
2009-05-29,84751.4375
2009-06-01,83862.8281
2009-06-02,83862.8281
2009-06-03,82307.7578
2009-06-04,77753.6172
2009-06-05,78531.1484
2009-06-08,77531.4609
2009-06-09,74976.6953
2009-06-10,76309.6172
2009-06-11,76642.8516
2009-06-12,77198.2344
2009-06-15,75754.2344
2009-06-16,75643.1562
2009-06-17,75087.7734
2009-06-18,75865.3125
2009-06-19,80641.6016
2009-06-22,80974.8359
2009-06-23,76642.8516
2009-06-24,73532.7031
2009-06-25,76753.9219
2009-06-26,79308.6875
2009-06-29,78975.4531
2009-06-30,79975.1484
2009-07-01,75532.0781
2009-07-02,74976.6953
2009-07-03,75532.0781
2009-07-06,76420.6953
2009-07-07,78642.2266
2009-07-08,77753.6172
2009-07-09,78420.0703
2009-07-10,79419.7656
2009-07-13,75532.0781
2009-07-14,73532.7031
2009-07-15,76642.8516
2009-07-16,80086.2188
2009-07-17,82529.9062
2009-07-20,83085.2891
2009-07-21,79419.7656
2009-07-22,77975.7656
2009-07-23,79419.7656
2009-07-24,79975.1484
2009-07-27,78642.2266
2009-07-28,77753.6172
2009-07-29,78420.0703
2009-07-30,79308.6875
2009-07-31,78197.9219
2009-08-03,76753.9219
2009-08-04,75754.2344
2009-08-05,74532.3906
2009-08-06,76976.0781
2009-08-07,76753.9219
2009-08-10,75532.0781
2009-08-11,76642.8516
2009-08-12,81974.5234
2009-08-13,84529.2891
2009-08-14,84418.2109
2009-08-17,79975.1484
2009-08-18,80974.8359
2009-08-19,79530.8359
2009-08-20,80863.7578
2009-08-21,85528.9766
2009-08-24,90749.5781
2009-08-25,89749.8828
2009-08-26,89305.5781
2009-08-27,85751.125
2009-08-28,87972.6562
2009-08-31,86417.5859
2009-09-01,89194.5
2009-09-02,86972.9688
2009-09-03,87861.5859
2009-09-04,87417.2734
2009-09-07,88972.3516
2009-09-08,94415.1016
2009-09-09,95525.8672
2009-09-10,96081.25
2009-09-11,100302.1641
2009-09-14,97747.3984
2009-09-15,97969.5547
2009-09-16,99968.9297
2009-09-17,100968.625
2009-09-18,101301.8516
2009-09-21,102968.0
2009-09-22,105855.9922
2009-09-23,112187.3594
2009-09-24,112187.3594
2009-09-25,116075.0391
2009-09-28,113298.125
2009-09-29,108966.1328
2009-09-30,103745.5391
2009-10-01,103523.3828
2009-10-05,100857.5469
2009-10-06,104078.7656
2009-10-07,97747.3984
2009-10-08,100413.2344
2009-10-09,100191.0859
2009-10-12,106411.375
2009-10-13,107299.9844
2009-10-14,107522.1406
2009-10-15,104856.3047
2009-10-16,101746.1562
2009-10-19,103079.0781
2009-10-20,101635.0781
2009-10-21,100635.3906
2009-10-22,100968.625
2009-10-23,106300.2969
2009-10-26,106855.6797
2009-10-27,109077.2109
2009-10-28,104967.375
2009-10-29,104634.1484
2009-10-30,102079.3906
2009-11-02,102079.3906
2009-11-03,101301.8516
2009-11-04,102190.4609
2009-11-05,99635.7031
2009-11-06,101079.6953
2009-11-09,104300.9219
2009-11-10,103745.5391
2009-11-11,106411.375
2009-11-12,105522.7578
2009-11-13,104411.9922
2009-11-16,103634.4609
2009-11-17,103079.0781
2009-11-18,104634.1484
2009-11-19,108743.9844
2009-11-20,109188.2891
2009-11-23,109854.75
2009-11-24,105411.6875
2009-11-25,104300.9219
2009-11-26,104300.9219
2009-11-27,101524.0078
2009-11-30,104745.2266
2009-12-01,105078.4531
2009-12-02,107411.0625
2009-12-03,108299.6797
2009-12-04,109743.6719
2009-12-07,109188.2891
2009-12-08,106300.2969
2009-12-09,105522.7578
2009-12-10,106855.6797
2009-12-11,106855.6797
2009-12-14,104411.9922
2009-12-15,99746.7812
2009-12-16,100524.3125
2009-12-17,97636.3203
2009-12-18,97747.3984
2009-12-21,98747.0859
2009-12-22,98302.7812
2009-12-23,98191.7031
2009-12-24,101301.8516
2009-12-28,100524.3125
2009-12-29,100746.4688
2009-12-30,100857.5469
2010-01-04,101079.6953
2010-01-05,99080.3203
2010-01-06,99302.4688
2010-01-07,96858.7891
2010-01-08,94415.1016
2010-01-11,92304.6484
2010-01-12,92415.7266
2010-01-13,95970.1719
2010-01-14,91638.1875
2010-01-15,86750.8203
2010-01-18,88194.8125
2010-01-19,90083.1172
2010-01-20,88305.8906
2010-01-21,91527.1094
2010-01-22,93304.3359
2010-01-25,90749.5781
2010-01-26,87750.5078
2010-01-27,84418.2109
2010-01-28,84640.3594
2010-01-29,84418.2109
2010-02-01,80752.6797
2010-02-02,77753.6172
2010-02-03,78753.3047
2010-02-04,78975.4531
2010-02-05,77198.2344
2010-02-08,77087.1562
2010-02-09,77420.3828
2010-02-10,74310.2422
2010-02-11,76420.6953
2010-02-12,77753.6172
2010-02-16,78753.3047
2010-02-17,80530.5312
2010-02-18,82085.6016
2010-02-19,81085.9141
2010-02-22,83307.4453
2010-02-23,83196.3672
2010-02-24,83418.5234
2010-02-25,84084.9766
2010-02-26,82863.1406
2010-03-02,83307.4453
2010-03-03,86972.9688
2010-03-04,87972.6562
2010-03-05,88639.1172
2010-03-08,92748.9531
2010-03-09,91304.9609
2010-03-10,92193.5703
2010-03-11,90860.6484
2010-03-12,90527.4219
2010-03-15,88083.7344
2010-03-16,89972.0391
2010-03-17,91971.4141
2010-03-18,92082.4922
2010-03-19,91082.8047
2010-03-22,92971.1094
2010-03-23,94526.1797
2010-03-24,93970.7969
2010-03-25,94859.4062
2010-03-26,94748.3359
2010-03-29,93748.6406
2010-03-30,94415.1016
2010-03-31,94304.0234
2010-04-01,97747.3984
2010-04-02,100413.2344
2010-04-05,101412.9297
2010-04-06,100413.2344
2010-04-07,98636.0156
2010-04-08,100968.625
2010-04-09,100524.3125
2010-04-12,97747.3984
2010-04-13,99080.3203
2010-04-14,98858.1641
2010-04-15,96858.7891
2010-04-16,94637.2578
2010-04-19,92860.0312
2010-04-20,95081.5625
2010-04-21,95748.0234
2010-04-22,93748.6406
2010-04-23,95525.8672
2010-04-26,96636.6328
2010-04-27,96636.6328
2010-04-28,96192.3281
2010-04-29,98969.2422
2010-04-30,98747.0859
2010-05-03,96858.7891
2010-05-04,93970.7969
2010-05-06,94081.875
2010-05-07,93970.7969
2010-05-10,99635.7031
2010-05-11,102523.6953
2010-05-12,103634.4609
2010-05-13,105300.6094
2010-05-14,114408.8906
2010-05-17,118851.9531
2010-05-18,112742.7422
2010-05-19,110854.4375
2010-05-20,108188.6016
2010-05-24,106522.4531
2010-05-25,104523.0703
2010-05-26,106411.375
2010-05-27,107855.3672
2010-05-28,109965.8281
2010-05-31,113298.125
2010-06-01,112187.3594
2010-06-03,113853.5078
2010-06-04,114408.8906
2010-06-07,113853.5078
2010-06-08,114408.8906
2010-06-09,112742.7422
2010-06-10,111631.9766
2010-06-11,110854.4375
2010-06-14,112742.7422
2010-06-15,111076.5938
2010-06-16,115519.6562
2010-06-17,116630.4219
2010-06-18,120518.1016
2010-06-21,119962.7188
2010-06-22,118851.9531
2010-06-23,118851.9531
2010-06-24,119962.7188
2010-06-25,118851.9531
2010-06-28,119962.7188
2010-06-29,114964.2734
2010-06-30,117741.1875
2010-07-01,116075.0391
2010-07-02,111076.5938
2010-07-05,108743.9844
2010-07-06,110632.2812
2010-07-07,110965.5156
2010-07-08,111076.5938
2010-07-09,117185.8047
2010-07-12,118296.5703
2010-07-13,119407.3359
2010-07-14,122739.6328
2010-07-15,124961.1641
2010-07-16,123295.0156
2010-07-19,126071.9297
2010-07-20,126627.3125
2010-07-21,127182.6953
2010-07-22,121073.4844
2010-07-23,118851.9531
2010-07-26,123295.0156
2010-07-27,123295.0156
2010-07-28,121628.8672
2010-07-29,116630.4219
2010-07-30,122184.25
2010-08-02,128293.4609
2010-08-03,128293.4609
2010-08-04,128293.4609
2010-08-05,128293.4609
2010-08-06,123850.3984
2010-08-09,122739.6328
2010-08-10,126071.9297
2010-08-11,120518.1016
2010-08-12,119407.3359
2010-08-13,125516.5469
2010-08-16,126627.3125
2010-08-17,124961.1641
2010-08-18,125516.5469
2010-08-19,127738.0781
2010-08-20,127738.0781
2010-08-23,129959.6094
2010-08-24,126627.3125
2010-08-25,122739.6328
2010-08-26,121628.8672
2010-08-27,123295.0156
2010-08-30,124961.1641
2010-08-31,122739.6328
2010-09-01,123850.3984
2010-09-02,130514.9922
2010-09-03,129404.2266
2010-09-06,127738.0781
2010-09-07,127182.6953
2010-09-08,127738.0781
2010-09-09,130514.9922
2010-09-10,127738.0781
2010-09-13,124961.1641
2010-09-14,122184.25
2010-09-15,122739.6328
2010-09-16,119962.7188
2010-09-17,122184.25
2010-09-20,119407.3359
2010-09-24,123295.0156
2010-09-27,125516.5469
2010-09-28,123295.0156
2010-09-29,125516.5469
2010-09-30,125516.5469
2010-10-01,119962.7188
2010-10-04,116630.4219
2010-10-05,112742.7422
2010-10-06,113853.5078
2010-10-07,115519.6562
2010-10-08,117185.8047
2010-10-11,114408.8906
2010-10-12,115519.6562
2010-10-13,119962.7188
2010-10-14,121628.8672
2010-10-15,120518.1016
2010-10-18,117741.1875
2010-10-19,117185.8047
2010-10-20,119962.7188
2010-10-21,122184.25
2010-10-22,122184.25
2010-10-25,122184.25
2010-10-26,121073.4844
2010-10-27,121628.8672
2010-10-28,120518.1016
2010-10-29,116630.4219
2010-11-01,119407.3359
2010-11-02,118851.9531
2010-11-03,117741.1875
2010-11-04,117185.8047
2010-11-05,116630.4219
2010-11-08,117185.8047
2010-11-09,114964.2734
2010-11-10,114408.8906
2010-11-11,114964.2734
2010-11-12,114964.2734
2010-11-15,113298.125
2010-11-16,111631.9766
2010-11-17,112742.7422
2010-11-18,114408.8906
2010-11-19,116630.4219
2010-11-22,118296.5703
2010-11-23,118851.9531
2010-11-24,118296.5703
2010-11-25,118851.9531
2010-11-26,117185.8047
2010-11-29,118296.5703
2010-11-30,120518.1016
2010-12-01,118296.5703
2010-12-02,117741.1875
2010-12-03,113853.5078
2010-12-06,113853.5078
2010-12-07,116630.4219
2010-12-08,114408.8906
2010-12-09,118851.9531
2010-12-10,116075.0391
2010-12-13,119962.7188
2010-12-14,119407.3359
2010-12-15,116630.4219
2010-12-16,116075.0391
2010-12-17,114964.2734
2010-12-20,113853.5078
2010-12-21,113853.5078
2010-12-22,112742.7422
2010-12-23,111631.9766
2010-12-24,110632.2812
2010-12-27,111631.9766
2010-12-28,113853.5078
2010-12-29,113853.5078
2010-12-30,114964.2734
2011-01-03,118296.5703
2011-01-04,116075.0391
2011-01-05,111631.9766
2011-01-06,109743.6719
2011-01-07,113298.125
2011-01-10,112742.7422
2011-01-11,110410.1328
2011-01-12,109188.2891
2011-01-13,107966.4453
2011-01-14,105300.6094
2011-01-17,102079.3906
2011-01-18,100746.4688
2011-01-19,102301.5391
2011-01-20,100635.3906
2011-01-21,103634.4609
2011-01-24,104745.2266
2011-01-25,103745.5391
2011-01-26,102745.8438
2011-01-27,103634.4609
2011-01-28,102190.4609
2011-01-31,104078.7656
2011-02-01,102190.4609
2011-02-07,101635.0781
2011-02-08,100746.4688
2011-02-09,97636.3203
2011-02-10,97080.9375
2011-02-11,93415.4141
2011-02-14,92860.0312
2011-02-15,91416.0312
2011-02-16,87639.4297
2011-02-17,88972.3516
2011-02-18,91304.9609
2011-02-21,88861.2734
2011-02-22,86306.5078
2011-02-23,85640.0547
2011-02-24,86861.8906
2011-02-25,89194.5
2011-02-28,87972.6562
2011-03-02,83640.6719
2011-03-03,84307.1328
2011-03-04,84862.5156
2011-03-07,84529.2891
2011-03-08,85417.8984
2011-03-09,84529.2891
2011-03-10,85417.8984
2011-03-11,83196.3672
2011-03-14,79308.6875
2011-03-15,78197.9219
2011-03-16,79641.9141
2011-03-17,78864.3828
2011-03-18,82752.0625
2011-03-21,82974.2109
2011-03-22,83196.3672
2011-03-23,86417.5859
2011-03-24,85751.125
2011-03-25,86195.4375
2011-03-28,84418.2109
2011-03-29,83640.6719
2011-03-30,84973.5938
2011-03-31,88639.1172
2011-04-01,93304.3359
2011-04-04,94415.1016
2011-04-05,92193.5703
2011-04-06,89416.6562
2011-04-07,90416.3438
2011-04-08,93304.3359
2011-04-11,91082.8047
2011-04-12,88305.8906
2011-04-13,91527.1094
2011-04-14,91638.1875
2011-04-15,91082.8047
2011-04-18,90305.2656
2011-04-19,91749.2656
2011-04-20,95636.9453
2011-04-21,94415.1016
2011-04-22,96081.25
2011-04-25,96081.25
2011-04-26,93415.4141
2011-04-27,97414.1719
2011-04-28,95081.5625
2011-04-29,97858.4766
2011-05-02,98191.7031
2011-05-03,97747.3984
2011-05-04,95414.7891
2011-05-06,92193.5703
2011-05-09,91638.1875
2011-05-11,94637.2578
2011-05-12,92415.7266
2011-05-13,95303.7188
2011-05-16,93970.7969
2011-05-17,94304.0234
2011-05-18,92637.875
2011-05-19,88528.0469
2011-05-20,89527.7344
2011-05-23,85528.9766
2011-05-24,86528.6641
2011-05-25,84862.5156
2011-05-26,87528.3516
2011-05-27,89194.5
2011-05-30,88750.1953
2011-05-31,88861.2734
2011-06-01,89416.6562
2011-06-02,87639.4297
2011-06-03,87195.125
2011-06-07,86306.5078
2011-06-08,90860.6484
2011-06-09,92304.6484
2011-06-10,90638.5
2011-06-13,90749.5781
2011-06-14,92748.9531
2011-06-15,94415.1016
2011-06-16,96081.25
2011-06-17,96636.6328
2011-06-20,101301.8516
2011-06-21,101190.7734
2011-06-22,101190.7734
2011-06-23,102634.7734
2011-06-24,102634.7734
2011-06-27,102745.8438
2011-06-28,101079.6953
2011-06-29,99857.8516
2011-06-30,103190.1562
2011-07-01,103412.3047
2011-07-04,103856.6094
2011-07-05,105855.9922
2011-07-06,105967.0703
2011-07-07,104523.0703
2011-07-08,103190.1562
2011-07-11,104300.9219
2011-07-12,102301.5391
2011-07-13,98191.7031
2011-07-14,99302.4688
2011-07-15,99746.7812
2011-07-18,97969.5547
2011-07-19,100746.4688
2011-07-20,99635.7031
2011-07-21,98636.0156
2011-07-22,97414.1719
2011-07-25,89749.8828
2011-07-26,90416.3438
2011-07-27,89638.8125
2011-07-28,86639.7422
2011-07-29,85862.2031
2011-08-01,87750.5078
2011-08-02,85306.8203
2011-08-03,81974.5234
2011-08-04,80974.8359
2011-08-05,75198.8516
2011-08-08,70644.7109
2011-08-09,66534.875
2011-08-10,65090.8828
2011-08-11,67201.3359
2011-08-12,65535.1875
2011-08-16,68201.0234
2011-08-17,69200.7188
2011-08-18,65868.4219
2011-08-19,60425.6641
2011-08-22,58315.2109
2011-08-23,60536.7422
2011-08-24,58759.5156
2011-08-25,58093.0586
2011-08-26,58093.0586
2011-08-29,61425.3555
2011-08-30,64313.3477
2011-08-31,64868.7305
2011-09-01,63757.9648
2011-09-02,62758.2734
2011-09-05,58426.2852
2011-09-06,56315.832
2011-09-07,60536.7422
2011-09-08,62758.2734
2011-09-09,60314.5898
2011-09-14,57981.9805
2011-09-15,58759.5156
2011-09-16,60425.6641
2011-09-19,59981.3594
2011-09-20,64646.5742
2011-09-21,64868.7305
2011-09-22,62536.1211
2011-09-23,57870.9023
2011-09-26,55316.1406
2011-09-27,57315.5195
2011-09-28,57426.5977
2011-09-29,60536.7422
2011-09-30,61092.125
2011-10-04,58981.668
2011-10-05,56093.6797
2011-10-06,59425.9766
2011-10-07,62202.8906
2011-10-10,65201.957
2011-10-11,64091.1914
2011-10-12,64868.7305
2011-10-13,65090.8828
2011-10-14,66090.5703
2011-10-17,66312.7266
2011-10-18,64757.6523
2011-10-19,64646.5742
2011-10-20,62202.8906
2011-10-21,65090.8828
2011-10-24,68867.4844
2011-10-25,69533.9453
2011-10-26,67534.5703
2011-10-27,67867.7969
2011-10-28,68978.5625
2011-10-31,66979.1875
2011-11-01,67201.3359
2011-11-02,65979.4922
2011-11-03,64202.2695
2011-11-04,67312.4141
2011-11-07,66868.1094
2011-11-08,66979.1875
2011-11-09,66757.0312
2011-11-10,61758.5859
2011-11-11,63424.7344
2011-11-14,64757.6523
2011-11-15,63424.7344
2011-11-16,61869.6602
2011-11-17,61980.7383
2011-11-18,60869.9727
2011-11-21,60647.8203
2011-11-22,61536.4297
2011-11-23,58426.2852
2011-11-24,58870.5938
2011-11-25,57426.5977
2011-11-28,59537.0547
2011-11-29,60647.8203
2011-11-30,60425.6641
2011-12-01,62091.8125
2011-12-02,62091.8125
2011-12-05,61869.6602
2011-12-06,60092.4375
2011-12-07,60314.5898
2011-12-08,60203.5117
2011-12-09,59203.8242
2011-12-12,60203.5117
2011-12-13,60647.8203
2011-12-14,59870.2812
2011-12-15,57648.75
2011-12-16,58204.1328
2011-12-19,58093.0586
2011-12-20,56982.293
2011-12-21,57981.9805
2011-12-22,59759.207
2011-12-23,60092.4375
2011-12-26,60092.4375
2011-12-27,59092.7461
2011-12-28,59092.7461
2011-12-29,59092.7461
2012-01-02,60647.8203
2012-01-03,61425.3555
2012-01-04,62647.1992
2012-01-05,61647.5078
2012-01-06,60758.8945
2012-01-09,59648.1289
2012-01-10,59203.8242
2012-01-11,59425.9766
2012-01-12,59870.2812
2012-01-13,60647.8203
2012-01-16,59537.0547
2012-01-17,59759.207
2012-01-18,59870.2812
2012-01-19,60425.6641
2012-01-20,59425.9766
2012-01-25,59425.9766
2012-01-26,58870.5938
2012-01-27,59537.0547
2012-01-30,59981.3594
2012-01-31,62869.3516
2012-02-01,63424.7344
2012-02-02,64535.5
2012-02-03,64424.4219
2012-02-06,61758.5859
2012-02-07,62536.1211
2012-02-08,65090.8828
2012-02-09,67090.2578
2012-02-10,66201.6484
2012-02-13,66979.1875
2012-02-14,65757.3438
2012-02-15,65646.2656
2012-02-16,63980.1172
2012-02-17,65646.2656
2012-02-20,66757.0312
2012-02-21,66645.9531
2012-02-22,65868.4219
2012-02-23,68645.3359
2012-02-24,70533.6328
2012-02-27,70089.3281
2012-02-28,71533.3281
2012-02-29,71200.0938
2012-03-02,73310.5469
2012-03-05,71755.4766
2012-03-06,74643.4688
2012-03-07,73977.0078
2012-03-08,75532.0781
2012-03-09,76198.5391
2012-03-12,75976.3906
2012-03-13,76309.6172
2012-03-14,76420.6953
2012-03-15,78864.3828
2012-03-16,79197.6094
2012-03-19,78753.3047
2012-03-20,75976.3906
2012-03-21,77531.4609
2012-03-22,79419.7656
2012-03-23,78975.4531
2012-03-26,79530.8359
2012-03-27,79086.5312
2012-03-28,75421.0078
2012-03-29,75976.3906
2012-03-30,75532.0781
2012-04-02,73088.3984
2012-04-03,72199.7812
2012-04-04,72199.7812
2012-04-05,73532.7031
2012-04-06,73977.0078
2012-04-09,73310.5469
2012-04-10,71200.0938
2012-04-12,70533.6328
2012-04-13,71755.4766
2012-04-16,69978.25
2012-04-17,70644.7109
2012-04-18,72088.7109
2012-04-19,71533.3281
2012-04-20,72088.7109
2012-04-23,72644.0938
2012-04-24,74199.1641
2012-04-25,74421.3125
2012-04-26,74976.6953
2012-04-27,76642.8516
2012-04-30,76865.0
2012-05-02,76753.9219
2012-05-03,76753.9219
2012-05-04,77531.4609
2012-05-07,76420.6953
2012-05-08,79641.9141
2012-05-09,79975.1484
2012-05-10,82196.6797
2012-05-11,80974.8359
2012-05-14,80641.6016
2012-05-15,81863.4453
2012-05-16,77420.3828
2012-05-17,79197.6094
2012-05-18,75198.8516
2012-05-21,77864.6875
2012-05-22,79864.0703
2012-05-23,80641.6016
2012-05-24,80641.6016
2012-05-25,82752.0625
2012-05-29,82752.0625
2012-05-30,82752.0625
2012-05-31,82752.0625
2012-06-01,83529.5938
2012-06-04,81863.4453
2012-06-05,85417.8984
2012-06-07,84529.2891
2012-06-08,85973.2812
2012-06-11,86306.5078
2012-06-12,86861.8906
2012-06-13,87195.125
2012-06-14,88750.1953
2012-06-15,88083.7344
2012-06-18,87084.0469
2012-06-19,86306.5078
2012-06-20,86195.4375
2012-06-21,85751.125
2012-06-22,85417.8984
2012-06-25,83418.5234
2012-06-26,82529.9062
2012-06-27,85640.0547
2012-06-28,83529.5938
2012-06-29,85640.0547
2012-07-02,84862.5156
2012-07-03,84529.2891
2012-07-04,83640.6719
2012-07-05,83973.9062
2012-07-06,82418.8281
2012-07-09,81641.2969
2012-07-10,82640.9844
2012-07-11,82752.0625
2012-07-12,80752.6797
2012-07-13,80863.7578
2012-07-16,81419.1406
2012-07-17,79086.5312
2012-07-18,77975.7656
2012-07-19,80863.7578
2012-07-20,80530.5312
2012-07-23,77864.6875
2012-07-24,78086.8438
2012-07-25,79641.9141
2012-07-26,79419.7656
2012-07-27,80419.4531
2012-07-30,79864.0703
2012-07-31,81085.9141
2012-08-01,81085.9141
2012-08-02,80308.375
2012-08-03,79308.6875
2012-08-06,81419.1406
2012-08-07,83196.3672
2012-08-08,82529.9062
2012-08-09,83085.2891
2012-08-10,82307.7578
2012-08-13,81863.4453
2012-08-14,84973.5938
2012-08-16,84640.3594
2012-08-17,82196.6797
2012-08-20,79864.0703
2012-08-21,80530.5312
2012-08-22,80863.7578
2012-08-23,81196.9844
2012-08-24,80530.5312
2012-08-27,78864.3828
2012-08-28,79197.6094
2012-08-29,80197.2969
2012-08-30,78420.0703
2012-08-31,79086.5312
2012-09-03,78531.1484
2012-09-04,80752.6797
2012-09-05,78309.0
2012-09-06,77864.6875
2012-09-07,77642.5391
2012-09-10,74976.6953
2012-09-11,75309.9297
2012-09-12,74976.6953
2012-09-13,73310.5469
2012-09-14,75976.3906
2012-09-17,74976.6953
2012-09-18,75532.0781
2012-09-19,75754.2344
2012-09-20,74088.0859
2012-09-21,73865.9297
2012-09-24,73310.5469
2012-09-25,72421.9375
2012-09-26,71311.1719
2012-09-27,71755.4766
2012-09-28,71422.25
2012-10-02,71311.1719
2012-10-04,70200.4062
2012-10-05,70533.6328
2012-10-08,69200.7188
2012-10-09,69533.9453
2012-10-10,67645.6406
2012-10-11,67201.3359
2012-10-12,67867.7969
2012-10-15,67756.7188
2012-10-16,68201.0234
2012-10-17,68089.9531
2012-10-18,69089.6406
2012-10-19,68312.1016
2012-10-22,68423.1797
2012-10-23,64868.7305
2012-10-24,63202.582
2012-10-25,63202.582
2012-10-26,62758.2734
2012-10-29,63424.7344
2012-10-30,63313.6562
2012-10-31,63424.7344
2012-11-01,61980.7383
2012-11-02,61869.6602
2012-11-05,62758.2734
2012-11-06,64535.5
2012-11-07,66201.6484
2012-11-08,65757.3438
2012-11-09,65979.4922
2012-11-12,64757.6523
2012-11-13,64424.4219
2012-11-14,62647.1992
2012-11-15,62091.8125
2012-11-16,61203.2031
2012-11-19,63757.9648
2012-11-20,63869.0391
2012-11-21,63869.0391
2012-11-22,64313.3477
2012-11-23,62536.1211
2012-11-26,63091.5039
2012-11-27,64424.4219
2012-11-28,63646.8867
2012-11-29,64424.4219
2012-11-30,64424.4219
2012-12-03,65535.1875
2012-12-04,65535.1875
2012-12-05,64424.4219
2012-12-06,64535.5
2012-12-07,64313.3477
2012-12-10,65313.0352
2012-12-11,65757.3438
2012-12-12,64868.7305
2012-12-13,66201.6484
2012-12-14,67201.3359
2012-12-17,66757.0312
2012-12-18,67645.6406
2012-12-20,67090.2578
2012-12-21,67423.4922
2012-12-24,66757.0312
2012-12-26,66423.8047
2012-12-27,66645.9531
2012-12-28,66312.7266
2013-01-02,67645.6406
2013-01-03,65535.1875
2013-01-04,64646.5742
2013-01-07,63980.1172
2013-01-08,63869.0391
2013-01-09,63202.582
2013-01-10,62869.3516
2013-01-11,62980.4258
2013-01-14,62425.043
2013-01-15,61647.5078
2013-01-16,61314.2773
2013-01-17,62091.8125
2013-01-18,61980.7383
2013-01-21,63535.8086
2013-01-22,63535.8086
2013-01-23,63313.6562
2013-01-24,63091.5039
2013-01-25,63091.5039
2013-01-28,64424.4219
2013-01-29,64646.5742
2013-01-30,65757.3438
2013-01-31,63980.1172
2013-02-01,65313.0352
2013-02-04,65646.2656
2013-02-05,66090.5703
2013-02-06,66090.5703
2013-02-07,66423.8047
2013-02-08,66868.1094
2013-02-12,65868.4219
2013-02-13,66645.9531
2013-02-14,66423.8047
2013-02-15,65868.4219
2013-02-18,65868.4219
2013-02-19,65757.3438
2013-02-20,65979.4922
2013-02-21,64091.1914
2013-02-22,68089.9531
2013-02-25,70533.6328
2013-02-26,69756.1016
2013-02-27,70755.7891
2013-02-28,72421.9375
2013-03-04,72421.9375
2013-03-05,71866.5547
2013-03-06,72866.2422
2013-03-07,72644.0938
2013-03-08,72644.0938
2013-03-11,71089.0156
2013-03-12,72199.7812
2013-03-13,71200.0938
2013-03-14,70755.7891
2013-03-15,70200.4062
2013-03-18,69978.25
2013-03-19,71977.6328
2013-03-20,71644.3984
2013-03-21,71755.4766
2013-03-22,70755.7891
2013-03-25,71533.3281
2013-03-26,70866.8672
2013-03-27,70755.7891
2013-03-28,72977.3203
2013-03-29,73088.3984
2013-04-01,72644.0938
2013-04-02,71755.4766
2013-04-03,72644.0938
2013-04-04,71977.6328
2013-04-05,71200.0938
2013-04-08,71422.25
2013-04-09,71089.0156
2013-04-10,70866.8672
2013-04-11,73088.3984
2013-04-12,72199.7812
2013-04-15,72088.7109
2013-04-16,72866.2422
2013-04-17,73088.3984
2013-04-18,71422.25
2013-04-19,73421.625
2013-04-22,75421.0078
2013-04-23,75532.0781
2013-04-24,76420.6953
2013-04-25,76309.6172
2013-04-26,75643.1562
2013-04-29,75643.1562
2013-04-30,76087.4609
2013-05-02,75087.7734
2013-05-03,74754.5469
2013-05-06,75087.7734
2013-05-07,75754.2344
2013-05-08,74976.6953
2013-05-09,75087.7734
2013-05-10,73643.7812
2013-05-13,73643.7812
2013-05-14,73977.0078
2013-05-15,73865.9297
2013-05-16,74865.625
2013-05-20,73421.625
2013-05-21,75643.1562
2013-05-22,75087.7734
2013-05-23,75532.0781
2013-05-24,74976.6953
2013-05-27,75198.8516
2013-05-28,74532.3906
2013-05-29,74865.625
2013-05-30,74421.3125
2013-05-31,75309.9297
2013-06-03,75309.9297
2013-06-04,75421.0078
2013-06-05,74421.3125
2013-06-07,72755.1641
2013-06-10,72755.1641
2013-06-11,71866.5547
2013-06-12,71533.3281
2013-06-13,70755.7891
2013-06-14,71977.6328
2013-06-17,70422.5625
2013-06-18,70755.7891
2013-06-19,70977.9453
2013-06-20,68756.4062
2013-06-21,70311.4844
2013-06-24,68312.1016
2013-06-25,67534.5703
2013-06-26,68534.2578
2013-06-27,70422.5625
2013-06-28,72421.9375
2013-07-01,71200.0938
2013-07-02,72310.8594
2013-07-03,72088.7109
2013-07-04,72644.0938
2013-07-05,70977.9453
2013-07-08,71644.3984
2013-07-09,71866.5547
2013-07-10,73199.4766
2013-07-11,74532.3906
2013-07-12,75532.0781
2013-07-15,76753.9219
2013-07-16,76531.7734
2013-07-17,76976.0781
2013-07-18,75643.1562
2013-07-19,75087.7734
2013-07-22,76087.4609
2013-07-23,74865.625
2013-07-24,76309.6172
2013-07-25,76976.0781
2013-07-26,75976.3906
2013-07-29,75421.0078
2013-07-30,76976.0781
2013-07-31,78197.9219
2013-08-01,78309.0
2013-08-02,76642.8516
2013-08-05,77753.6172
2013-08-06,76309.6172
2013-08-07,75421.0078
2013-08-08,75421.0078
2013-08-09,74754.5469
2013-08-12,74643.4688
2013-08-13,75421.0078
2013-08-14,75309.9297
2013-08-16,75309.9297
2013-08-19,75198.8516
2013-08-20,73532.7031
2013-08-21,72977.3203
2013-08-22,72421.9375
2013-08-23,73310.5469
2013-08-26,74199.1641
2013-08-27,73310.5469
2013-08-28,73865.9297
2013-08-29,73977.0078
2013-08-30,73754.8594
2013-09-02,74199.1641
2013-09-03,75643.1562
2013-09-04,76420.6953
2013-09-05,74643.4688
2013-09-06,74088.0859
2013-09-09,73977.0078
2013-09-10,75198.8516
2013-09-11,74310.2422
2013-09-12,73088.3984
2013-09-13,72533.0156
2013-09-16,72088.7109
2013-09-17,71644.3984
2013-09-23,72310.8594
2013-09-24,71089.0156
2013-09-25,69867.1719
2013-09-26,69422.8672
2013-09-27,69422.8672
2013-09-30,67756.7188
2013-10-01,68201.0234
2013-10-02,67201.3359
2013-10-04,67645.6406
2013-10-07,66645.9531
2013-10-08,66645.9531
2013-10-10,67090.2578
2013-10-11,66757.0312
2013-10-14,66201.6484
2013-10-15,66645.9531
2013-10-16,66645.9531
2013-10-17,65979.4922
2013-10-18,66534.875
2013-10-21,66757.0312
2013-10-22,67423.4922
2013-10-23,67423.4922
2013-10-24,66979.1875
2013-10-25,66534.875
2013-10-28,66757.0312
2013-10-29,66312.7266
2013-10-30,65313.0352
2013-10-31,64313.3477
2013-11-01,63535.8086
2013-11-04,63424.7344
2013-11-05,62980.4258
2013-11-06,62536.1211
2013-11-07,62091.8125
2013-11-08,61647.5078
2013-11-11,61425.3555
2013-11-12,61203.2031
2013-11-13,60647.8203
2013-11-14,61092.125
2013-11-15,60869.9727
2013-11-18,60314.5898
2013-11-19,60536.7422
2013-11-20,60203.5117
2013-11-21,59870.2812
2013-11-22,59981.3594
2013-11-25,60758.8945
2013-11-26,60647.8203
2013-11-27,60869.9727
2013-11-28,63202.582
2013-11-29,62980.4258
2013-12-02,62647.1992
2013-12-03,61869.6602
2013-12-04,61980.7383
2013-12-05,61647.5078
2013-12-06,61314.2773
2013-12-09,61869.6602
2013-12-10,61536.4297
2013-12-11,61314.2773
2013-12-12,60647.8203
2013-12-13,60314.5898
2013-12-16,60092.4375
2013-12-17,60203.5117
2013-12-18,59537.0547
2013-12-19,59203.8242
2013-12-20,59203.8242
2013-12-23,59092.7461
2013-12-24,59537.0547
2013-12-26,59981.3594
2013-12-27,59648.1289
2013-12-30,60425.6641
2014-01-02,59537.0547
2014-01-03,59537.0547
2014-01-06,58981.668
2014-01-07,58981.668
2014-01-08,58426.2852
2014-01-09,58204.1328
2014-01-10,57981.9805
2014-01-13,58093.0586
2014-01-14,58204.1328
2014-01-15,58315.2109
2014-01-16,59092.7461
2014-01-17,58759.5156
2014-01-20,59314.8984
2014-01-21,59870.2812
2014-01-22,60536.7422
2014-01-23,60203.5117
2014-01-24,59870.2812
2014-01-27,58759.5156
2014-01-28,58981.668
2014-01-29,58870.5938
2014-02-03,57759.8281
2014-02-04,56649.0625
2014-02-05,56537.9844
2014-02-06,56649.0625
2014-02-07,56204.7539
2014-02-10,57093.3672
2014-02-11,57648.75
2014-02-12,56982.293
2014-02-13,56760.1367
2014-02-14,57315.5195
2014-02-17,57093.3672
2014-02-18,57093.3672
2014-02-19,57093.3672
2014-02-20,56871.2148
2014-02-21,56982.293
2014-02-24,56537.9844
2014-02-25,57204.4453
2014-02-26,58093.0586
2014-02-27,57981.9805
2014-02-28,58537.3633
2014-03-03,58648.4414
2014-03-04,58537.3633
2014-03-05,59314.8984
2014-03-06,60314.5898
2014-03-07,60425.6641
2014-03-10,59759.207
2014-03-11,60536.7422
2014-03-12,59314.8984
2014-03-13,60981.0469
2014-03-14,61647.5078
2014-03-17,61425.3555
2014-03-18,63646.8867
2014-03-19,63313.6562
2014-03-20,63424.7344
2014-03-21,63757.9648
2014-03-24,64091.1914
2014-03-25,64202.2695
2014-03-26,63202.582
2014-03-27,62758.2734
2014-03-28,62869.3516
2014-03-31,64313.3477
2014-04-01,63646.8867
2014-04-02,63869.0391
2014-04-03,64313.3477
2014-04-04,64091.1914
2014-04-07,64313.3477
2014-04-08,63980.1172
2014-04-09,64646.5742
2014-04-10,64868.7305
2014-04-11,64424.4219
2014-04-14,63202.582
2014-04-15,62869.3516
2014-04-16,63313.6562
2014-04-17,63757.9648
2014-04-18,63424.7344
2014-04-21,63535.8086
2014-04-22,65979.4922
2014-04-23,65868.4219
2014-04-24,65979.4922
2014-04-25,64091.1914
2014-04-28,63424.7344
2014-04-29,63980.1172
2014-04-30,64313.3477
2014-05-02,65313.0352
2014-05-07,63313.6562
2014-05-08,64979.8047
2014-05-09,65424.1133
2014-05-12,64202.2695
2014-05-13,63757.9648
2014-05-14,64535.5
2014-05-15,64535.5
2014-05-16,64424.4219
2014-05-19,65090.8828
2014-05-20,65090.8828
2014-05-21,65201.957
2014-05-22,64868.7305
2014-05-23,64535.5
2014-05-26,64313.3477
2014-05-27,64202.2695
2014-05-28,64868.7305
2014-05-29,64757.6523
2014-05-30,63535.8086
2014-06-02,62425.043
2014-06-03,62647.1992
2014-06-05,61980.7383
2014-06-09,60203.5117
2014-06-10,60869.9727
2014-06-11,59981.3594
2014-06-12,58981.668
2014-06-13,59203.8242
2014-06-16,58426.2852
2014-06-17,58315.2109
2014-06-18,57981.9805
2014-06-19,58426.2852
2014-06-20,57204.4453
2014-06-23,56649.0625
2014-06-24,57315.5195
2014-06-25,58093.0586
2014-06-26,58870.5938
2014-06-27,58315.2109
2014-06-30,58870.5938
2014-07-01,57870.9023
2014-07-02,57537.6758
2014-07-03,57204.4453
2014-07-04,57426.5977
2014-07-07,56760.1367
2014-07-08,57648.75
2014-07-09,57204.4453
2014-07-10,56426.9102
2014-07-11,54705.2227
2014-07-14,55427.2188
2014-07-15,55538.2969
2014-07-16,55649.3711
2014-07-17,55538.2969
2014-07-18,55038.4492
2014-07-21,55316.1406
2014-07-22,55538.2969
2014-07-23,54760.7578
2014-07-24,53705.5312
2014-07-25,54038.7617
2014-07-28,53261.2266
2014-07-29,54483.0664
2014-07-30,54705.2227
2014-07-31,53927.6836
2014-08-01,53872.1484
2014-08-04,53316.7617
2014-08-05,52372.6133
2014-08-06,50762.0039
2014-08-07,50928.6172
2014-08-08,50595.3867
2014-08-11,50151.082
2014-08-12,49706.7734
2014-08-13,50650.9258
2014-08-14,50206.6172
2014-08-18,49984.4648
2014-08-19,49651.2344
2014-08-20,49262.4688
2014-08-21,48040.625
2014-08-22,47818.4727
2014-08-25,47596.3203
2014-08-26,47318.6289
2014-08-27,47374.168
2014-08-28,47263.0898
2014-08-29,47374.168
2014-09-01,47651.8594
2014-09-02,46985.3984
2014-09-03,44208.4844
2014-09-04,44264.0234
2014-09-05,44375.0977
2014-09-11,43764.1758
2014-09-12,44430.6367
2014-09-15,44430.6367
2014-09-16,43597.5625
2014-09-17,43430.9453
2014-09-18,44152.9453
2014-09-19,44097.4062
2014-09-22,44041.8672
2014-09-23,44097.4062
2014-09-24,42875.5625
2014-09-25,41542.6445
2014-09-26,41764.7969
2014-09-29,39654.3438
2014-09-30,39210.0352
2014-10-01,36932.9648
2014-10-02,37044.043
2014-10-06,36655.2734
2014-10-07,37099.582
2014-10-08,36322.0469
2014-10-10,35266.8164
2014-10-13,34544.8203
2014-10-14,34044.9766
2014-10-15,33045.2852
2014-10-16,31878.9824
2014-10-17,32267.75
2014-10-20,32434.3652
2014-10-21,31156.9844
2014-10-22,31990.0586
2014-10-23,31434.6758
2014-10-24,31268.0605
2014-10-27,31878.9824
2014-10-28,31878.9824
2014-10-29,35266.8164
2014-10-30,35322.3555
2014-10-31,36433.1211
2014-11-03,34156.0508
2014-11-04,37654.9648
2014-11-05,38432.5
2014-11-06,38710.1914
2014-11-07,38765.7305
2014-11-10,38321.4258
2014-11-11,39709.8828
2014-11-12,41042.8008
2014-11-13,41098.3398
2014-11-14,41431.5703
2014-11-17,40987.2617
2014-11-18,40487.418
2014-11-19,39432.1914
2014-11-20,39265.5742
2014-11-21,38154.8086
2014-11-24,36932.9648
2014-11-25,37654.9648
2014-11-26,32045.5957
2014-11-27,31323.5996
2014-11-28,31268.0605
2014-12-01,29046.5293
2014-12-02,29824.0645
2014-12-03,29546.373
2014-12-04,29657.4492
2014-12-05,30546.0625
2014-12-08,30101.7559
2014-12-09,30046.2188
2014-12-10,28657.7598
2014-12-11,28102.377
2014-12-12,28102.377
2014-12-15,28213.4551
2014-12-16,27769.1484
2014-12-17,28046.8398
2014-12-18,27713.6094
2014-12-19,27047.1504
2014-12-22,27380.3789
2014-12-23,27102.6875
2014-12-24,27935.7617
2014-12-26,27269.3027
2014-12-29,26269.6133
2014-12-30,26491.7676
2015-01-02,25658.6934
2015-01-05,24603.4648
2015-01-06,23825.9297
2015-01-07,23770.3906
2015-01-08,23659.3145
2015-01-09,25214.3867
2015-01-12,25325.4629
2015-01-13,25714.2305
2015-01-14,24825.6172
2015-01-15,25047.7715
2015-01-16,23937.0059
2015-01-19,25381.002
2015-01-20,24936.6953
2015-01-21,24159.1582
2015-01-22,24714.541
2015-01-23,24436.8496
2015-01-26,23937.0059
2015-01-27,24436.8496
2015-01-28,26491.7676
2015-01-29,25492.0781
2015-01-30,25492.0781
2015-02-02,26047.4609
2015-02-03,26602.8438
2015-02-04,26491.7676
2015-02-05,25880.8457
2015-02-06,26102.998
2015-02-09,26158.5371
2015-02-10,25269.9238
2015-02-11,26491.7676
2015-02-12,26713.9199
2015-02-13,26991.6113
2015-02-16,27269.3027
2015-02-17,28324.5312
2015-02-23,28713.2988
2015-02-24,28768.8379
2015-02-25,29102.0664
2015-02-26,28491.1465
2015-02-27,27658.0703
2015-03-02,28657.7598
2015-03-03,28657.7598
2015-03-04,29046.5293
2015-03-05,28768.8379
2015-03-06,28213.4551
2015-03-09,27769.1484
2015-03-10,27546.9941
2015-03-11,27324.8418
2015-03-12,26491.7676
2015-03-13,26491.7676
2015-03-16,25547.6152
2015-03-17,25769.7695
2015-03-18,25769.7695
2015-03-19,25381.002
2015-03-20,25547.6152
2015-03-23,26824.9961
2015-03-24,26547.3047
2015-03-25,27158.2266
2015-03-26,26880.5352
2015-03-27,26491.7676
2015-03-30,26158.5371
2015-03-31,26325.1523
2015-04-01,25547.6152
2015-04-02,25769.7695
2015-04-03,27102.6875
2015-04-06,26991.6113
2015-04-07,27658.0703
2015-04-08,27935.7617
2015-04-09,27658.0703
2015-04-10,27935.7617
2015-04-13,30323.9102
2015-04-14,31268.0605
2015-04-15,31434.6758
2015-04-16,30879.293
2015-04-17,30490.5234
2015-04-20,30379.4473
2015-04-21,31156.9844
2015-04-22,30101.7559
2015-04-23,30323.9102
2015-04-24,29324.2207
2015-04-27,29601.9121
2015-04-28,29268.6816
2015-04-29,31934.5195
2015-04-30,30768.2148
2015-05-04,32101.1348
2015-05-06,32545.4414
2015-05-07,31212.5215
2015-05-08,30768.2148
2015-05-11,29990.6797
2015-05-12,29601.9121
2015-05-13,29546.373
2015-05-14,29657.4492
2015-05-15,28879.9141
2015-05-18,28879.9141
2015-05-19,28990.9902
2015-05-20,28990.9902
2015-05-21,27880.2246
2015-05-22,28657.7598
2015-05-26,28491.1465
2015-05-27,28824.375
2015-05-28,28491.1465
2015-05-29,29824.0645
2015-06-01,31601.291
2015-06-02,32934.2109
2015-06-03,34044.9766
2015-06-04,33489.5938
2015-06-05,33989.4375
2015-06-08,36433.1211
2015-06-09,35544.5078
2015-06-10,37210.6562
2015-06-11,37543.8867
2015-06-12,37932.6562
2015-06-15,38043.7305
2015-06-16,32878.6719
2015-06-17,34655.8945
2015-06-18,36099.8906
2015-06-19,35488.9727
2015-06-22,34766.9727
2015-06-23,36322.0469
2015-06-24,34600.3594
2015-06-25,33378.5156
2015-06-26,33933.8984
2015-06-29,32489.9023
2015-06-30,32545.4414
2015-07-01,39210.0352
2015-07-02,39654.3438
2015-07-03,40098.6484
2015-07-06,43319.8711
2015-07-07,42875.5625
2015-07-08,42209.1055
2015-07-09,42042.4883
2015-07-10,42708.9492
2015-07-13,42820.0273
2015-07-14,44597.25
2015-07-15,44041.8672
2015-07-16,43653.1016
2015-07-17,43430.9453
2015-07-20,41653.7227
2015-07-21,43875.2539
2015-07-22,43764.1758
2015-07-23,41653.7227
2015-07-24,39043.4219
2015-07-27,38376.9609
2015-07-28,39321.1133
2015-07-29,39654.3438
2015-07-30,42986.6406
2015-07-31,42320.1797
2015-08-03,44097.4062
2015-08-04,43764.1758
2015-08-05,43986.3281
2015-08-06,43486.4844
2015-08-07,42875.5625
2015-08-10,40320.8008
2015-08-11,40542.957
2015-08-12,37988.1953
2015-08-13,38765.7305
2015-08-14,38765.7305
2015-08-17,38099.2695
2015-08-18,35322.3555
2015-08-19,35544.5078
2015-08-20,34211.5898
2015-08-21,33211.9023
2015-08-24,33600.668
2015-08-25,33322.9766
2015-08-26,34544.8203
2015-08-27,34156.0508
2015-08-28,35544.5078
2015-08-31,34766.9727
2015-09-01,34544.8203
2015-09-02,34044.9766
2015-09-03,34100.5117
2015-09-04,34989.125
2015-09-07,34822.5117
2015-09-08,34878.0508
2015-09-09,36210.9688
2015-09-10,37377.2734
2015-09-11,37599.4258
2015-09-14,36322.0469
2015-09-15,37654.9648
2015-09-16,37710.5039
2015-09-17,39876.4961
2015-09-18,39820.957
2015-09-21,39265.5742
2015-09-22,40431.8789
2015-09-23,38543.5781
2015-09-24,37321.7344
2015-09-25,35600.0469
2015-09-30,34322.668
2015-10-01,34822.5117
2015-10-02,34933.5859
2015-10-05,34600.3594
2015-10-06,35044.6641
2015-10-07,34044.9766
2015-10-08,34989.125
2015-10-12,35433.4336
2015-10-13,34711.4336
2015-10-14,34711.4336
2015-10-15,35655.5859
2015-10-16,34878.0508
2015-10-19,35266.8164
2015-10-20,34822.5117
2015-10-21,33822.8203
2015-10-22,33434.0547
2015-10-23,34600.3594
2015-10-26,34822.5117
2015-10-27,38488.0391
2015-10-28,39487.7266
2015-10-29,40265.2656
2015-10-30,41431.5703
2015-11-02,42597.8711
2015-11-03,42098.0273
2015-11-04,42320.1797
2015-11-05,40820.6484
2015-11-06,41264.9531
2015-11-09,40154.1875
2015-11-10,39432.1914
2015-11-11,39432.1914
2015-11-12,38654.6523
2015-11-13,38876.8086
2015-11-16,38043.7305
2015-11-17,40320.8008
2015-11-18,39987.5742
2015-11-19,40209.7266
2015-11-20,40431.8789
2015-11-23,40265.2656
2015-11-24,38876.8086
2015-11-25,39043.4219
2015-11-26,40820.6484
2015-11-27,40043.1094
2015-11-30,40043.1094
2015-12-01,40265.2656
2015-12-02,40098.6484
2015-12-03,39654.3438
2015-12-04,39098.9609
2015-12-07,39376.6523
2015-12-08,38432.5
2015-12-09,39709.8828
2015-12-10,38654.6523
2015-12-11,37766.0391
2015-12-14,37488.3477
2015-12-15,37432.8125
2015-12-16,38043.7305
2015-12-17,37155.1211
2015-12-18,38876.8086
2015-12-21,39654.3438
2015-12-22,39987.5742
2015-12-23,39765.418
2015-12-24,39487.7266
2015-12-28,39043.4219
2015-12-29,39321.1133
2015-12-30,39487.7266
2016-01-04,39154.5
2016-01-05,38932.3438
2016-01-06,37543.8867
2016-01-07,36599.7383
2016-01-08,36877.4297
2016-01-11,36599.7383
2016-01-12,36044.3555
2016-01-13,37377.2734
2016-01-14,37210.6562
2016-01-15,36377.582
2016-01-18,36266.5078
2016-01-19,35322.3555
2016-01-20,34433.7422
2016-01-21,34655.8945
2016-01-22,34989.125
2016-01-25,36266.5078
2016-01-26,35933.2773
2016-01-27,36655.2734
2016-01-28,36655.2734
2016-01-29,35877.7383
2016-02-01,37599.4258
2016-02-02,37210.6562
2016-02-03,36266.5078
2016-02-04,36488.6602
2016-02-05,37321.7344
2016-02-11,35655.5859
2016-02-12,35766.6641
2016-02-15,36877.4297
2016-02-16,36988.5039
2016-02-17,37599.4258
2016-02-18,37766.0391
2016-02-19,37710.5039
2016-02-22,40987.2617
2016-02-23,41431.5703
2016-02-24,42264.6445
2016-02-25,42209.1055
2016-02-26,43486.4844
2016-02-29,43542.0234
2016-03-02,44319.5586
2016-03-03,43264.332
2016-03-04,44097.4062
2016-03-07,43597.5625
2016-03-08,43375.4102
2016-03-09,42542.3359
2016-03-10,45152.6328
2016-03-11,44430.6367
2016-03-14,43653.1016
2016-03-15,43653.1016
2016-03-16,42431.2578
2016-03-17,42708.9492
2016-03-18,41931.4141
2016-03-21,41098.3398
2016-03-22,41042.8008
2016-03-23,40820.6484
2016-03-24,40598.4922
2016-03-25,40598.4922
2016-03-28,40987.2617
2016-03-29,40987.2617
2016-03-30,41542.6445
2016-03-31,44819.4062
2016-04-01,44375.0977
2016-04-04,44430.6367
2016-04-05,44652.7891
2016-04-06,43708.6367
2016-04-07,43930.793
2016-04-08,43486.4844
2016-04-11,42597.8711
2016-04-12,44541.7148
2016-04-14,45541.4023
2016-04-15,46430.0156
2016-04-18,45930.1719
2016-04-19,46041.2461
2016-04-20,46874.3203
2016-04-21,47429.7031
2016-04-22,46707.707
2016-04-25,46652.168
2016-04-26,47985.0859
2016-04-27,47207.5508
2016-04-28,46374.4766
2016-04-29,46318.9375
2016-05-02,48318.3164
2016-05-03,49762.3125
2016-05-04,49540.1602
2016-05-09,51595.0781
2016-05-10,50095.543
2016-05-11,50706.4648
2016-05-12,50650.9258
2016-05-13,52428.1523
2016-05-16,51539.5391
2016-05-17,51761.6914
2016-05-18,51428.4609
2016-05-19,49540.1602
2016-05-20,50539.8477
2016-05-23,49429.082
2016-05-24,49651.2344
2016-05-25,49651.2344
2016-05-26,52205.9961
2016-05-27,50928.6172
2016-05-30,49484.6211
2016-05-31,49429.082
2016-06-01,49484.6211
2016-06-02,48984.7773
2016-06-03,51595.0781
2016-06-07,51150.7695
2016-06-08,52983.5352
2016-06-09,52594.7656
2016-06-10,52816.918
2016-06-13,54094.3008
2016-06-14,52927.9961
2016-06-15,52205.9961
2016-06-16,52983.5352
2016-06-17,52650.3047
2016-06-20,53205.6875
2016-06-21,53039.0703
2016-06-22,53261.2266
2016-06-23,52816.918
2016-06-24,50928.6172
2016-06-27,52428.1523
2016-06-28,52650.3047
2016-06-29,53316.7617
2016-06-30,53983.2227
2016-07-01,52927.9961
2016-07-04,54371.9922
2016-07-05,56982.293
2016-07-06,57981.9805
2016-07-07,58315.2109
2016-07-08,58537.3633
2016-07-11,60869.9727
2016-07-12,60981.0469
2016-07-13,59759.207
2016-07-14,60981.0469
2016-07-15,59759.207
2016-07-18,58759.5156
2016-07-19,58648.4414
2016-07-20,60314.5898
2016-07-21,60425.6641
2016-07-22,59759.207
2016-07-25,59425.9766
2016-07-26,59981.3594
2016-07-27,59648.1289
2016-07-28,59759.207
2016-07-29,60092.4375
2016-08-01,64424.4219
2016-08-02,64535.5
2016-08-03,65979.4922
2016-08-04,65757.3438
2016-08-05,68312.1016
2016-08-08,69200.7188
2016-08-09,68423.1797
2016-08-10,67090.2578
2016-08-11,68089.9531
2016-08-12,67756.7188
2016-08-16,66423.8047
2016-08-17,66868.1094
2016-08-18,66757.0312
2016-08-19,64979.8047
2016-08-22,66423.8047
2016-08-23,65757.3438
2016-08-24,65424.1133
2016-08-25,64757.6523
2016-08-26,62980.4258
2016-08-29,65646.2656
2016-08-30,67867.7969
2016-08-31,68423.1797
2016-09-01,68534.2578
2016-09-02,69756.1016
2016-09-05,70755.7891
2016-09-06,69756.1016
2016-09-07,67978.875
2016-09-08,67645.6406
2016-09-09,66868.1094
2016-09-12,65868.4219
2016-09-13,67090.2578
2016-09-19,68645.3359
2016-09-20,68423.1797
2016-09-21,68312.1016
2016-09-22,68756.4062
2016-09-23,70422.5625
2016-09-26,69756.1016
2016-09-27,70533.6328
2016-09-28,69978.25
2016-09-29,70089.3281
2016-09-30,70644.7109
2016-10-04,72644.0938
2016-10-05,72977.3203
2016-10-06,72866.2422
2016-10-07,71977.6328
2016-10-10,72644.0938
2016-10-11,72644.0938
2016-10-12,72977.3203
2016-10-13,70977.9453
2016-10-14,72866.2422
2016-10-17,72977.3203
2016-10-18,74754.5469
2016-10-19,74865.625
2016-10-20,75198.8516
2016-10-21,74643.4688
2016-10-24,71644.3984
2016-10-25,71755.4766
2016-10-26,72199.7812
2016-10-27,70977.9453
2016-10-28,71200.0938
2016-10-31,70866.8672
2016-11-01,55871.5234
2016-11-02,53872.1484
2016-11-03,55316.1406
2016-11-04,53538.918
2016-11-07,53372.3008
2016-11-08,51706.1523
2016-11-09,53872.1484
2016-11-10,56537.9844
2016-11-11,57648.75
2016-11-14,59981.3594
2016-11-15,59537.0547
2016-11-16,61314.2773
2016-11-17,61536.4297
2016-11-18,61425.3555
2016-11-21,59759.207
2016-11-22,59759.207
2016-11-23,58870.5938
2016-11-24,56093.6797
2016-11-25,57870.9023
2016-11-28,57870.9023
2016-11-29,56315.832
2016-11-30,53150.1484
2016-12-01,51150.7695
2016-12-02,47374.168
2016-12-05,46263.3984
2016-12-06,47096.4727
2016-12-07,47152.0117
2016-12-08,47040.9375
2016-12-09,47318.6289
2016-12-12,49651.2344
2016-12-13,48596.0078
2016-12-14,49651.2344
2016-12-15,50762.0039
2016-12-16,50539.8477
2016-12-19,49318.0078
2016-12-20,49484.6211
2016-12-21,49873.3906
2016-12-22,48151.7031
2016-12-23,48540.4688
2016-12-26,47485.2422
2016-12-27,47707.3945
2016-12-28,47762.9336
2016-12-29,48262.7773
2017-01-02,49706.7734
2017-01-03,52150.4609
2017-01-04,51872.7695
2017-01-05,52428.1523
2017-01-06,53594.457
2017-01-09,52150.4609
2017-01-10,51539.5391
2017-01-11,52761.3789
2017-01-12,52761.3789
2017-01-13,52372.6133
2017-01-16,51206.3086
2017-01-17,49429.082
2017-01-18,49762.3125
2017-01-19,48984.7773
2017-01-20,48207.2422
2017-01-23,48929.2383
2017-01-24,47874.0117
2017-01-25,46318.9375
2017-01-26,46541.0898
2017-01-31,46318.9375
2017-02-01,48540.4688
2017-02-02,47651.8594
2017-02-03,46263.3984
2017-02-06,46929.8594
2017-02-07,47651.8594
2017-02-08,46318.9375
2017-02-09,45930.1719
2017-02-10,44430.6367
2017-02-13,45263.7109
2017-02-14,45596.9414
2017-02-15,46430.0156
2017-02-16,45652.4805
2017-02-17,45708.0156
2017-02-20,46041.2461
2017-02-21,46263.3984
2017-02-22,48873.6992
2017-02-23,49817.8516
2017-02-24,49873.3906
2017-02-27,49262.4688
2017-02-28,48762.625
2017-03-02,49928.9258
2017-03-03,48873.6992
2017-03-06,49040.3164
2017-03-07,50428.7734
2017-03-08,49817.8516
2017-03-09,49429.082
2017-03-10,49151.3906
2017-03-13,50984.1562
2017-03-14,49984.4648
2017-03-15,49540.1602
2017-03-16,50817.5391
2017-03-17,51428.4609
2017-03-20,50873.0781
2017-03-21,50484.3125
2017-03-22,51095.2305
2017-03-23,53594.457
2017-03-24,53538.918
2017-03-27,52372.6133
2017-03-28,52983.5352
2017-03-29,52039.3828
2017-03-30,51928.3047
2017-03-31,52317.0742
2017-04-03,53372.3008
2017-04-04,53205.6875
2017-04-05,52205.9961
2017-04-06,52761.3789
2017-04-07,52816.918
2017-04-10,54205.375
2017-04-11,53983.2227
2017-04-12,52983.5352
2017-04-13,52927.9961
2017-04-14,52761.3789
2017-04-17,52205.9961
2017-04-18,52983.5352
2017-04-19,54649.6836
2017-04-20,54927.375
2017-04-21,54371.9922
2017-04-24,55649.3711
2017-04-25,56315.832
2017-04-26,56982.293
2017-04-27,58981.668
2017-04-28,57759.8281
2017-05-02,56315.832
2017-05-04,56537.9844
2017-05-08,57315.5195
2017-05-10,56315.832
2017-05-11,56982.293
2017-05-12,57204.4453
2017-05-15,56982.293
2017-05-16,56093.6797
2017-05-17,53872.1484
2017-05-18,53872.1484
2017-05-19,54871.8359
2017-05-22,54038.7617
2017-05-23,53150.1484
2017-05-24,53261.2266
2017-05-25,54705.2227
2017-05-26,56426.9102
2017-05-29,55205.0664
2017-05-30,55982.6016
2017-05-31,55482.7578
2017-06-01,54649.6836
2017-06-02,54649.6836
2017-06-05,55038.4492
2017-06-07,54094.3008
2017-06-08,53594.457
2017-06-09,51928.3047
2017-06-12,51261.8477
2017-06-13,51761.6914
2017-06-14,51261.8477
2017-06-15,49984.4648
2017-06-16,50151.082
2017-06-19,49206.9297
2017-06-20,47874.0117
2017-06-21,49651.2344
2017-06-22,49429.082
2017-06-23,50428.7734
2017-06-26,49873.3906
2017-06-27,50873.0781
2017-06-28,50428.7734
2017-06-29,50484.3125
2017-06-30,49429.082
2017-07-03,49540.1602
2017-07-04,48373.8555
2017-07-05,49206.9297
2017-07-06,49762.3125
2017-07-07,48873.6992
2017-07-10,48262.7773
2017-07-11,47874.0117
2017-07-12,47429.7031
2017-07-13,47707.3945
2017-07-14,44652.7891
2017-07-17,43653.1016
2017-07-18,42986.6406
2017-07-19,44041.8672
2017-07-20,43764.1758
2017-07-21,44041.8672
2017-07-24,44097.4062
2017-07-25,44430.6367
2017-07-26,44375.0977
2017-07-27,44874.9414
2017-07-28,44208.4844
2017-07-31,44319.5586
2017-08-01,44375.0977
2017-08-02,42653.4102
2017-08-03,39876.4961
2017-08-04,41820.3359
2017-08-07,43375.4102
2017-08-08,43319.8711
2017-08-09,43653.1016
2017-08-10,43986.3281
2017-08-11,43208.793
2017-08-14,42209.1055
2017-08-16,43875.2539
2017-08-17,43375.4102
2017-08-18,45374.7891
2017-08-21,42820.0273
2017-08-22,43264.332
2017-08-23,43653.1016
2017-08-24,42875.5625
2017-08-25,42320.1797
2017-08-28,43542.0234
2017-08-29,43208.793
2017-08-30,43319.8711
2017-08-31,43097.7188
2017-09-01,42931.1016
2017-09-04,42931.1016
2017-09-05,42098.0273
2017-09-06,40931.7227
2017-09-07,41875.875
2017-09-08,42042.4883
2017-09-11,42431.2578
2017-09-12,42264.6445
2017-09-13,41653.7227
2017-09-14,42153.5664
2017-09-15,41764.7969
2017-09-18,41264.9531
2017-09-19,41598.1836
2017-09-20,40709.5703
2017-09-21,39820.957
2017-09-25,36377.582
2017-09-26,36377.582
2017-09-27,36655.2734
2017-09-28,36377.582
2017-09-29,36877.4297
2017-10-10,37932.6562
2017-10-11,38154.8086
2017-10-12,37710.5039
2017-10-13,36821.8906
2017-10-16,37044.043
2017-10-17,37155.1211
2017-10-18,37821.5781
2017-10-19,42264.6445
2017-10-20,41320.4922
2017-10-23,40043.1094
2017-10-24,40265.2656
2017-10-25,40709.5703
2017-10-26,41320.4922
2017-10-27,43597.5625
2017-10-30,42931.1016
2017-10-31,42653.4102
2017-11-01,43542.0234
2017-11-02,43264.332
2017-11-03,43430.9453
2017-11-06,44597.25
2017-11-07,44597.25
2017-11-08,44986.0195
2017-11-09,44541.7148
2017-11-10,42820.0273
2017-11-13,41542.6445
2017-11-14,41431.5703
2017-11-15,40265.2656
2017-11-16,41098.3398
2017-11-17,40876.1836
2017-11-20,41042.8008
2017-11-21,39820.957
2017-11-22,39932.0352
2017-11-23,40154.1875
2017-11-24,40154.1875
2017-11-27,39654.3438
2017-11-28,39210.0352
2017-11-29,39043.4219
2017-11-30,39154.5
2017-12-01,37821.5781
2017-12-04,37988.1953
2017-12-05,38488.0391
2017-12-06,37821.5781
2017-12-07,37766.0391
2017-12-08,37266.1953
2017-12-11,38043.7305
2017-12-12,39543.2656
2017-12-13,39932.0352
2017-12-14,39210.0352
2017-12-15,39654.3438
2017-12-18,39654.3438
2017-12-19,38599.1172
2017-12-21,39154.5
2017-12-22,37988.1953
2017-12-26,38043.7305
2017-12-27,38043.7305
2017-12-28,39487.7266
2018-01-02,40542.957
2018-01-03,40542.957
2018-01-04,40487.418
2018-01-05,39820.957
2018-01-08,38932.3438
2018-01-09,39265.5742
2018-01-10,38765.7305
2018-01-11,38543.5781
2018-01-12,37543.8867
2018-01-15,36932.9648
2018-01-16,37210.6562
2018-01-17,36821.8906
2018-01-18,37432.8125
2018-01-19,37099.582
2018-01-22,36710.8125
2018-01-23,37099.582
2018-01-24,37099.582
2018-01-25,36821.8906
2018-01-26,37877.1172
2018-01-29,37988.1953
2018-01-30,37710.5039
2018-01-31,37377.2734
2018-02-01,37377.2734
2018-02-02,36599.7383
2018-02-05,34878.0508
2018-02-06,33711.7461
2018-02-07,33156.3633
2018-02-08,32545.4414
2018-02-09,31379.1367
2018-02-12,30434.9863
2018-02-13,30268.3711
2018-02-14,30712.6777
2018-02-19,31990.0586
2018-02-20,31490.2129
2018-02-21,31601.291
2018-02-22,31268.0605
2018-02-23,31379.1367
2018-02-26,32823.1328
2018-02-27,32101.1348
2018-02-28,32378.8262
2018-03-02,30990.3691
2018-03-05,30546.0625
2018-03-06,30823.7539
2018-03-07,31045.9062
2018-03-08,31712.3672
2018-03-09,31434.6758
2018-03-12,32545.4414
2018-03-13,32878.6719
2018-03-14,32378.8262
2018-03-15,32712.0566
2018-03-16,32489.9023
2018-03-19,32434.3652
2018-03-20,32267.75
2018-03-21,33656.207
2018-03-22,33378.5156
2018-03-23,32267.75
2018-03-26,31712.3672
2018-03-27,32323.2871
2018-03-28,31878.9824
2018-03-29,32101.1348
2018-03-30,32878.6719
2018-04-02,31823.4434
2018-04-03,31656.8281
2018-04-04,30546.0625
2018-04-05,30657.1387
2018-04-06,30657.1387
2018-04-09,30712.6777
2018-04-10,29879.6035
2018-04-11,29879.6035
2018-04-12,30323.9102
2018-04-13,29935.1406
2018-04-16,29435.2969
2018-04-17,29379.7578
2018-04-18,29601.9121
2018-04-19,28990.9902
2018-04-20,29102.0664
2018-04-23,27991.3008
2018-04-24,28213.4551
2018-04-25,27824.6855
2018-04-26,29046.5293
2018-04-27,28990.9902
2018-04-30,26769.459
2018-05-02,25936.3848
2018-05-03,26547.3047
2018-05-04,28824.375
2018-05-08,30712.6777
2018-05-09,32267.75
2018-05-10,32767.5938
2018-05-11,32323.2871
2018-05-14,31878.9824
2018-05-15,31212.5215
2018-05-16,31212.5215
2018-05-17,31045.9062
2018-05-18,32489.9023
2018-05-21,31656.8281
2018-05-23,31490.2129
2018-05-24,32101.1348
2018-05-25,31767.9043
2018-05-28,32600.9785
2018-05-29,36544.1992
2018-05-30,35433.4336
2018-05-31,36821.8906
2018-06-01,37155.1211
2018-06-04,35877.7383
2018-06-05,34989.125
2018-06-07,35377.8945
2018-06-08,35600.0469
2018-06-11,33767.2852
2018-06-12,34211.5898
2018-06-14,32712.0566
2018-06-15,33989.4375
2018-06-18,31990.0586
2018-06-19,31490.2129
2018-06-20,30323.9102
2018-06-21,29157.6055
2018-06-22,28435.6074
2018-06-25,28435.6074
2018-06-26,28102.377
2018-06-27,26991.6113
2018-06-28,26047.4609
2018-06-29,26047.4609
2018-07-02,24992.2324
2018-07-03,24936.6953
2018-07-04,25103.3086
2018-07-05,23992.543
2018-07-06,24603.4648
2018-07-09,25603.1543
2018-07-10,25658.6934
2018-07-11,25325.4629
2018-07-12,24714.541
2018-07-13,24881.1562
2018-07-16,25603.1543
2018-07-17,25825.3066
2018-07-18,25658.6934
2018-07-19,24547.9258
2018-07-20,25991.9219
2018-07-23,25547.6152
2018-07-24,25714.2305
2018-07-25,25325.4629
2018-07-26,24936.6953
2018-07-27,24881.1562
2018-07-30,25381.002
2018-07-31,25047.7715
2018-08-01,25936.3848
2018-08-02,25103.3086
2018-08-03,25825.3066
2018-08-06,25269.9238
2018-08-07,25158.8477
2018-08-08,25214.3867
2018-08-09,24770.0801
2018-08-10,24992.2324
2018-08-13,24825.6172
2018-08-14,26102.998
2018-08-16,25603.1543
2018-08-17,25603.1543
2018-08-20,26269.6133
2018-08-21,26713.9199
2018-08-22,27380.3789
2018-08-23,26491.7676
2018-08-24,27158.2266
2018-08-27,26769.459
2018-08-28,28213.4551
2018-08-29,28713.2988
2018-08-30,28768.8379
2018-08-31,27769.1484
2018-09-03,28435.6074
2018-09-04,28268.9922
2018-09-05,27935.7617
2018-09-06,28324.5312
2018-09-07,29879.6035
2018-09-10,29990.6797
2018-09-11,30046.2188
2018-09-12,29379.7578
2018-09-13,29490.834
2018-09-14,29546.373
2018-09-17,29935.1406
2018-09-18,29657.4492
2018-09-19,28657.7598
2018-09-20,29435.2969
2018-09-21,29157.6055
2018-09-27,31878.9824
2018-09-28,28213.4551
2018-10-01,27824.6855
2018-10-02,29213.1426
2018-10-04,31101.4453
2018-10-05,32156.6738
2018-10-08,32156.6738
2018-10-10,31878.9824
2018-10-11,30712.6777
2018-10-12,30712.6777
2018-10-15,31212.5215
2018-10-16,31490.2129
2018-10-17,31990.0586
2018-10-18,31656.8281
2018-10-19,32267.75
2018-10-22,32767.5938
2018-10-23,32267.75
2018-10-24,33100.8242
2018-10-25,33656.207
2018-10-26,32712.0566
2018-10-29,31878.9824
2018-10-30,31490.2129
2018-10-31,31601.291
2018-11-01,30212.832
2018-11-02,32045.5957
2018-11-05,33656.207
2018-11-06,35211.2812
2018-11-07,34100.5117
2018-11-08,34989.125
2018-11-09,35044.6641
2018-11-12,35655.5859
2018-11-13,36433.1211
2018-11-14,38543.5781
2018-11-15,35877.7383
2018-11-16,36322.0469
2018-11-19,37321.7344
2018-11-20,37654.9648
2018-11-21,37377.2734
2018-11-22,36544.1992
2018-11-23,35766.6641
2018-11-26,37766.0391
2018-11-27,36377.582
2018-11-28,37432.8125
2018-11-29,36266.5078
2018-11-30,36044.3555
2018-12-03,35322.3555
2018-12-04,35655.5859
2018-12-05,35711.125
2018-12-06,36710.8125
2018-12-07,35766.6641
2018-12-10,35155.7422
2018-12-11,35266.8164
2018-12-12,35211.2812
2018-12-13,35488.9727
2018-12-14,35322.3555
2018-12-17,35266.8164
2018-12-18,36655.2734
2018-12-19,36155.4297
2018-12-20,36766.3516
2018-12-21,37099.582
2018-12-24,36377.582
2018-12-26,35100.2031
2018-12-27,36099.8906
2018-12-28,36099.8906
2019-01-02,36599.7383
2019-01-03,37710.5039
2019-01-04,38932.3438
2019-01-07,38043.7305
2019-01-08,37599.4258
2019-01-09,37377.2734
2019-01-10,36766.3516
2019-01-11,36433.1211
2019-01-14,35711.125
2019-01-15,36377.582
2019-01-16,36932.9648
2019-01-17,35600.0469
2019-01-18,33989.4375
2019-01-21,34933.5859
2019-01-22,34544.8203
2019-01-23,35488.9727
2019-01-24,34489.2812
2019-01-25,34711.4336
2019-01-28,34489.2812
2019-01-29,34322.668
2019-01-30,34711.4336
2019-01-31,34878.0508
2019-02-01,34156.0508
2019-02-07,34989.125
2019-02-08,35266.8164
2019-02-11,35933.2773
2019-02-12,35211.2812
2019-02-13,36099.8906
2019-02-14,35988.8164
2019-02-15,35933.2773
2019-02-18,36821.8906
2019-02-19,36544.1992
2019-02-20,36266.5078
2019-02-21,36988.5039
2019-02-22,37044.043
2019-02-25,36932.9648
2019-02-26,36877.4297
2019-02-27,37377.2734
2019-02-28,36599.7383
2019-03-04,37044.043
2019-03-05,37877.1172
2019-03-06,37155.1211
2019-03-07,37210.6562
2019-03-08,36099.8906
2019-03-11,36377.582
2019-03-12,36155.4297
2019-03-13,36099.8906
2019-03-14,36099.8906
2019-03-15,37488.3477
2019-03-18,38987.8828
2019-03-19,38654.6523
2019-03-20,38265.8867
2019-03-21,36821.8906
2019-03-22,37710.5039
2019-03-25,38043.7305
2019-03-26,38154.8086
2019-03-27,37932.6562
2019-03-28,37710.5039
2019-03-29,38210.3477
2019-04-01,39098.9609
2019-04-02,38488.0391
2019-04-03,37766.0391
2019-04-04,37821.5781
2019-04-05,37432.8125
2019-04-08,36988.5039
2019-04-09,36710.8125
2019-04-10,35322.3555
2019-04-11,34989.125
2019-04-12,34600.3594
2019-04-15,34655.8945
2019-04-16,34766.9727
2019-04-17,34433.7422
2019-04-18,34433.7422
2019-04-19,34267.1289
2019-04-22,34378.2031
2019-04-23,34378.2031
2019-04-24,34378.2031
2019-04-25,34156.0508
2019-04-26,33767.2852
2019-04-29,34156.0508
2019-04-30,34322.668
2019-05-02,34655.8945
2019-05-03,34267.1289
2019-05-07,33767.2852
2019-05-08,34489.2812
2019-05-09,34100.5117
2019-05-10,34044.9766
2019-05-13,33767.2852
2019-05-14,33878.3594
2019-05-15,33711.7461
2019-05-16,33545.1289
2019-05-17,33100.8242
2019-05-20,33156.3633
2019-05-21,32934.2109
2019-05-22,35155.7422
2019-05-23,35377.8945
2019-05-24,34822.5117
2019-05-27,34489.2812
2019-05-28,34322.668
2019-05-29,33656.207
2019-05-30,33045.2852
2019-05-31,33211.9023
2019-06-03,33989.4375
2019-06-04,34489.2812
2019-06-05,34878.0508
2019-06-07,34878.0508
2019-06-10,36210.9688
2019-06-11,36099.8906
2019-06-12,35766.6641
2019-06-13,36377.582
2019-06-14,35877.7383
2019-06-17,35655.5859
2019-06-18,36433.1211
2019-06-19,35711.125
2019-06-20,35211.2812
2019-06-21,35988.8164
2019-06-24,36210.9688
2019-06-25,35766.6641
2019-06-26,35377.8945
2019-06-27,35822.1992
2019-06-28,36932.9648
2019-07-01,35766.6641
2019-07-02,36266.5078
2019-07-03,36266.5078
2019-07-04,36655.2734
2019-07-05,36155.4297
2019-07-08,34711.4336
2019-07-09,34100.5117
2019-07-10,33989.4375
2019-07-11,34044.9766
2019-07-12,34989.125
2019-07-15,35211.2812
2019-07-16,35544.5078
2019-07-17,35711.125
2019-07-18,36544.1992
2019-07-19,36766.3516
2019-07-22,36655.2734
2019-07-23,37099.582
2019-07-24,37099.582
2019-07-25,36044.3555
2019-07-26,36322.0469
2019-07-29,35488.9727
2019-07-30,35211.2812
2019-07-31,35766.6641
2019-08-01,34878.0508
2019-08-02,34100.5117
2019-08-05,33267.4375
2019-08-06,33100.8242
2019-08-07,31934.5195
2019-08-08,32656.5176
2019-08-09,33767.2852
2019-08-12,34100.5117
2019-08-13,39765.418
2019-08-14,40931.7227
2019-08-16,41320.4922
2019-08-19,42653.4102
2019-08-20,42653.4102
2019-08-21,43264.332
2019-08-22,41931.4141
2019-08-23,42764.4883
2019-08-26,42875.5625
2019-08-27,42986.6406
2019-08-28,43486.4844
2019-08-29,43319.8711
2019-08-30,43208.793
2019-09-02,43264.332
2019-09-03,44930.4805
2019-09-04,47207.5508
2019-09-05,45930.1719
2019-09-06,47429.7031
2019-09-09,47096.4727
2019-09-10,47263.0898
2019-09-11,46874.3203
2019-09-16,45763.5547
2019-09-17,46207.8633
2019-09-18,46207.8633
2019-09-19,46929.8594
2019-09-20,46541.0898
2019-09-23,46874.3203
2019-09-24,47540.7812
2019-09-25,46985.3984
2019-09-26,47596.3203
2019-09-27,45485.8633
2019-09-30,46818.7812
2019-10-01,47429.7031
2019-10-02,47096.4727
2019-10-04,47540.7812
2019-10-07,44986.0195
2019-10-08,46985.3984
2019-10-10,47040.9375
2019-10-11,45874.6328
2019-10-14,46207.8633
2019-10-15,45874.6328
2019-10-16,45874.6328
2019-10-17,46430.0156
2019-10-18,46263.3984
2019-10-21,45152.6328
2019-10-22,44986.0195
2019-10-23,44264.0234
2019-10-24,44319.5586
2019-10-25,44041.8672
2019-10-28,44264.0234
2019-10-29,43264.332
2019-10-30,41820.3359
2019-10-31,41986.9531
2019-11-01,40876.1836
2019-11-04,41875.875
2019-11-05,41487.1055
2019-11-06,42209.1055
2019-11-07,41209.4141
2019-11-08,40765.1094
2019-11-11,40265.2656
2019-11-12,41875.875
2019-11-13,42042.4883
2019-11-14,42209.1055
2019-11-15,42486.7969
2019-11-18,43208.793
2019-11-19,43764.1758
2019-11-20,42764.4883
2019-11-21,42708.9492
2019-11-22,43764.1758
2019-11-25,43486.4844
2019-11-26,44041.8672
2019-11-27,44208.4844
2019-11-28,42820.0273
2019-11-29,42708.9492
2019-12-02,42264.6445
2019-12-03,42153.5664
2019-12-04,42209.1055
2019-12-05,42653.4102
2019-12-06,42098.0273
2019-12-09,41209.4141
2019-12-10,41376.0312
2019-12-11,41209.4141
2019-12-12,41264.9531
2019-12-13,41098.3398
2019-12-16,40098.6484
2019-12-17,40154.1875
2019-12-18,39210.0352
2019-12-19,38932.3438
2019-12-20,39265.5742
2019-12-23,38876.8086
2019-12-24,38599.1172
2019-12-26,38210.3477
2019-12-27,38765.7305
2019-12-30,38932.3438
2020-01-02,38543.5781
2020-01-03,38710.1914
2020-01-06,39043.4219
2020-01-07,38488.0391
2020-01-08,37877.1172
2020-01-09,38099.2695
2020-01-10,37988.1953
2020-01-13,38154.8086
2020-01-14,39432.1914
2020-01-15,39265.5742
2020-01-16,38987.8828
2020-01-17,38654.6523
2020-01-20,38821.2695
2020-01-21,39543.2656
2020-01-22,39210.0352
2020-01-23,39043.4219
2020-01-28,36655.2734
2020-01-29,37432.8125
2020-01-30,36821.8906
2020-01-31,36099.8906
2020-02-03,35988.8164
2020-02-04,36322.0469
2020-02-05,36710.8125
2020-02-06,38043.7305
2020-02-07,37654.9648
2020-02-10,37710.5039
2020-02-11,37432.8125
2020-02-12,37599.4258
2020-02-13,37266.1953
2020-02-14,36988.5039
2020-02-17,36766.3516
2020-02-18,36210.9688
2020-02-19,36377.582
2020-02-20,35711.125
2020-02-21,35877.7383
2020-02-24,32434.3652
2020-02-25,33322.9766
2020-02-26,32434.3652
2020-02-27,32323.2871
2020-02-28,30546.0625
2020-03-02,30823.7539
2020-03-03,30823.7539
2020-03-04,31545.752
2020-03-05,32156.6738
2020-03-06,31323.5996
2020-03-09,31323.5996
2020-03-10,29268.6816
2020-03-11,28324.5312
2020-03-12,28324.5312
2020-03-13,24492.3887
2020-03-16,23326.084
2020-03-17,22437.4707
2020-03-18,20493.6309
2020-03-19,17439.0254
2020-03-20,18605.3281
2020-03-23,16661.4883
2020-03-24,18494.252
2020-03-25,20215.9395
2020-03-26,21382.2441
2020-03-27,21993.1641
2020-03-30,22381.9336
2020-03-31,22826.2402
2020-04-01,22159.7793
2020-04-02,22159.7793
2020-04-03,21659.9355
2020-04-06,22381.9336
2020-04-07,24770.0801
2020-04-08,25492.0781
2020-04-09,25936.3848
2020-04-10,25825.3066
2020-04-13,24381.3125
2020-04-14,25492.0781
2020-04-16,25047.7715
2020-04-17,25714.2305
2020-04-20,25991.9219
2020-04-21,27380.3789
2020-04-22,26824.9961
2020-04-23,26936.0742
2020-04-24,28546.6836
2020-04-27,28935.4512
2020-04-28,30434.9863
2020-04-29,29879.6035
2020-05-04,27047.1504
2020-05-06,27324.8418
2020-05-07,27935.7617
2020-05-08,27769.1484
2020-05-11,27158.2266
2020-05-12,26269.6133
2020-05-13,26991.6113
2020-05-14,25825.3066
2020-05-15,26047.4609
2020-05-18,25658.6934
2020-05-19,26380.6895
2020-05-20,26436.2285
2020-05-21,26547.3047
2020-05-22,25769.7695
2020-05-25,25603.1543
2020-05-26,26102.998
2020-05-27,27213.7656
2020-05-28,26658.3809
2020-05-29,26991.6113
2020-06-01,27213.7656
2020-06-02,27213.7656
2020-06-03,27935.7617
2020-06-04,28102.377
2020-06-05,28268.9922
2020-06-08,28102.377
2020-06-09,28324.5312
2020-06-10,27824.6855
2020-06-11,27935.7617
2020-06-12,27213.7656
2020-06-15,29046.5293
2020-06-16,29157.6055
2020-06-17,33156.3633
2020-06-18,32434.3652
2020-06-19,29601.9121
2020-06-22,29268.6816
2020-06-23,28990.9902
2020-06-24,27380.3789
2020-06-25,26769.459
2020-06-26,27935.7617
2020-06-29,27324.8418
2020-06-30,27324.8418
2020-07-01,27435.918
2020-07-02,27380.3789
2020-07-03,27158.2266
2020-07-06,27380.3789
2020-07-07,27047.1504
2020-07-08,26991.6113
2020-07-09,26713.9199
2020-07-10,25991.9219
2020-07-13,26436.2285
2020-07-14,26602.8438
2020-07-15,27047.1504
2020-07-16,26769.459
2020-07-17,26491.7676
2020-07-20,26658.3809
2020-07-21,26880.5352
2020-07-22,27324.8418
2020-07-23,26991.6113
2020-07-24,26547.3047
2020-07-27,27769.1484
2020-07-28,28435.6074
2020-07-29,28768.8379
2020-07-30,27713.6094
2020-07-31,26991.6113
2020-08-03,27213.7656
2020-08-04,27991.3008
2020-08-05,28657.7598
2020-08-06,28213.4551
2020-08-07,28380.0684
2020-08-10,29824.0645
2020-08-11,30434.9863
2020-08-12,29935.1406
2020-08-13,30101.7559
2020-08-14,30101.7559
2020-08-18,28602.2227
2020-08-19,28546.6836
2020-08-20,27546.9941
2020-08-21,28546.6836
2020-08-24,28435.6074
2020-08-25,29213.1426
2020-08-26,29213.1426
2020-08-27,28324.5312
2020-08-28,28435.6074
2020-08-31,28657.7598
2020-09-01,29657.4492
2020-09-02,29768.5273
2020-09-03,32489.9023
2020-09-04,32378.8262
2020-09-07,31990.0586
2020-09-08,32434.3652
2020-09-09,31268.0605
2020-09-10,31490.2129
2020-09-11,30657.1387
2020-09-14,31268.0605
2020-09-15,30657.1387
2020-09-16,30101.7559
2020-09-17,29657.4492
2020-09-18,29990.6797
2020-09-21,29213.1426
2020-09-22,28157.916
2020-09-23,28435.6074
2020-09-24,28380.0684
2020-09-25,27769.1484
2020-09-28,27824.6855
2020-09-29,28213.4551
2020-10-05,29324.2207
2020-10-06,29268.6816
2020-10-07,29824.0645
2020-10-08,29435.2969
2020-10-12,29879.6035
2020-10-13,29768.5273
2020-10-14,29157.6055
2020-10-15,28602.2227
2020-10-16,28713.2988
2020-10-19,28879.9141
2020-10-20,28602.2227
2020-10-21,29157.6055
2020-10-22,28824.375
2020-10-23,30101.7559
2020-10-26,29546.373
2020-10-27,28824.375
2020-10-28,29046.5293
2020-10-29,28435.6074
2020-10-30,27880.2246
2020-11-02,28213.4551
2020-11-03,28602.2227
2020-11-04,28380.0684
2020-11-05,28990.9902
2020-11-06,28657.7598
2020-11-09,29268.6816
2020-11-10,30546.0625
2020-11-11,31656.8281
2020-11-12,30434.9863
2020-11-13,30046.2188
2020-11-16,30657.1387
2020-11-17,30490.5234
2020-11-18,30046.2188
2020-11-19,29657.4492
2020-11-20,29824.0645
2020-11-23,30434.9863
2020-11-24,30323.9102
2020-11-25,30101.7559
2020-11-26,30268.3711
2020-11-27,29879.6035
2020-11-30,29324.2207
2020-12-01,29268.6816
2020-12-02,29490.834
2020-12-03,29824.0645
2020-12-04,29879.6035
2020-12-07,29102.0664
2020-12-08,28824.375
2020-12-09,29379.7578
2020-12-10,30046.2188
2020-12-11,30157.2949
2020-12-14,30157.2949
2020-12-15,31156.9844
2020-12-16,32323.2871
2020-12-17,31767.9043
2020-12-18,32267.75
2020-12-21,31878.9824
2020-12-22,30712.6777
2020-12-23,30768.2148
2020-12-24,31101.4453
2020-12-28,31545.752
2020-12-29,31323.5996
2020-12-30,31656.8281
2021-01-04,33100.8242
2021-01-05,34100.5117
2021-01-06,33711.7461
2021-01-07,34211.5898
2021-01-08,36377.582
2021-01-11,35322.3555
2021-01-12,37266.1953
2021-01-13,36710.8125
2021-01-14,36099.8906
2021-01-15,39932.0352
2021-01-18,42986.6406
2021-01-19,43486.4844
2021-01-20,45652.4805
2021-01-21,46763.2461
2021-01-22,44319.5586
2021-01-25,47818.4727
2021-01-26,49540.1602
2021-01-27,47318.6289
2021-01-28,45041.5586
2021-01-29,45152.6328
2021-02-01,45430.3242
2021-02-02,46318.9375
2021-02-03,46985.3984
2021-02-04,49151.3906
2021-02-05,48373.8555
2021-02-08,47096.4727
2021-02-09,45374.7891
2021-02-10,48096.1641
2021-02-15,49318.0078
2021-02-16,47651.8594
2021-02-17,46207.8633
2021-02-18,47152.0117
2021-02-19,46485.5547
2021-02-22,46152.3242
2021-02-23,44874.9414
2021-02-24,42320.1797
2021-02-25,43208.793
2021-02-26,40987.2617
2021-03-02,41764.7969
2021-03-03,42597.8711
2021-03-04,41931.4141
2021-03-05,41098.3398
2021-03-08,41542.6445
2021-03-09,40987.2617
2021-03-10,41153.8789
2021-03-11,45819.0938
2021-03-12,45819.0938
2021-03-15,45874.6328
2021-03-16,45208.1719
2021-03-17,45819.0938
2021-03-18,46485.5547
2021-03-19,46263.3984
2021-03-22,45319.25
2021-03-23,43597.5625
2021-03-24,43597.5625
2021-03-25,43430.9453
2021-03-26,44430.6367
2021-03-29,45374.7891
2021-03-30,44097.4062
2021-03-31,45430.3242
2021-04-01,44708.3281
2021-04-02,44319.5586
2021-04-05,45485.8633
2021-04-06,44763.8672
2021-04-07,44319.5586
2021-04-08,44097.4062
2021-04-09,44486.1758
2021-04-12,44319.5586
2021-04-13,44874.9414
2021-04-14,45874.6328
2021-04-15,45208.1719
2021-04-16,44930.4805
2021-04-19,44819.4062
2021-04-20,45208.1719
2021-04-21,43819.7148
2021-04-22,44486.1758
2021-04-23,44319.5586
2021-04-26,44097.4062
2021-04-27,43153.2539
2021-04-28,42209.1055
2021-04-29,42153.5664
2021-04-30,42875.5625
2021-05-03,41598.1836
2021-05-04,41376.0312
2021-05-06,43486.4844
2021-05-07,44708.3281
2021-05-10,44986.0195
2021-05-11,44874.9414
2021-05-12,45263.7109
2021-05-13,46929.8594
2021-05-14,48040.625
2021-05-17,47096.4727
2021-05-18,48929.2383
2021-05-20,47263.0898
2021-05-21,47429.7031
2021-05-24,48318.3164
2021-05-25,54371.9922
2021-05-26,54483.0664
2021-05-27,52483.6875
2021-05-28,52594.7656
2021-05-31,51983.8438
2021-06-01,54038.7617
2021-06-02,52872.457
2021-06-03,52094.9219
2021-06-04,51706.1523
2021-06-07,52872.457
2021-06-08,54927.375
2021-06-09,55649.3711
2021-06-10,54205.375
2021-06-11,54427.5312
2021-06-14,53538.918
2021-06-15,53372.3008
2021-06-16,53261.2266
2021-06-17,51484.0
2021-06-18,53983.2227
2021-06-21,52150.4609
2021-06-22,52705.8438
2021-06-23,51650.6133
2021-06-24,51983.8438
2021-06-25,51595.0781
2021-06-28,51706.1523
2021-06-29,52594.7656
2021-06-30,52205.9961
2021-07-01,52372.6133
2021-07-02,53816.6094
2021-07-05,59425.9766
2021-07-06,60314.5898
2021-07-07,60536.7422
2021-07-08,56426.9102
2021-07-09,56982.293
2021-07-12,56871.2148
2021-07-13,57204.4453
2021-07-14,55982.6016
2021-07-15,56315.832
2021-07-16,57204.4453
2021-07-19,57315.5195
2021-07-20,57315.5195
2021-07-21,56537.9844
2021-07-22,57981.9805
2021-07-23,57537.6758
2021-07-26,56537.9844
2021-07-27,56537.9844
2021-07-28,55649.3711
2021-07-29,57315.5195
2021-07-30,57537.6758
2021-08-02,59981.3594
2021-08-03,59981.3594
2021-08-04,61203.2031
2021-08-05,59425.9766
2021-08-06,58093.0586
2021-08-09,57315.5195
2021-08-10,57759.8281
2021-08-11,56093.6797
2021-08-12,57426.5977
2021-08-13,57093.3672
2021-08-17,55538.2969
2021-08-18,55982.6016
2021-08-19,53150.1484
2021-08-20,52594.7656
2021-08-23,53094.6094
2021-08-24,53649.9922
2021-08-25,53816.6094
2021-08-26,53261.2266
2021-08-27,53649.9922
2021-08-30,55760.4492
2021-08-31,56537.9844
2021-09-01,55982.6016
2021-09-02,57426.5977
2021-09-03,56537.9844
2021-09-06,56871.2148
2021-09-07,56426.9102
2021-09-08,56426.9102
2021-09-09,55260.6055
2021-09-10,55316.1406
2021-09-13,54705.2227
2021-09-14,56093.6797
2021-09-15,56204.7539
2021-09-16,55760.4492
2021-09-17,56760.1367
2021-09-23,57648.75
2021-09-24,57315.5195
2021-09-27,57093.3672
2021-09-28,56204.7539
2021-09-29,53761.0703
2021-09-30,55760.4492
2021-10-01,57759.8281
2021-10-05,57981.9805
2021-10-06,53483.3789
2021-10-07,55205.0664
2021-10-08,54205.375
2021-10-12,56204.7539
2021-10-13,56315.832
2021-10-14,55871.5234
2021-10-15,55649.3711
2021-10-18,57093.3672
2021-10-19,56537.9844
2021-10-20,53427.8398
2021-10-21,54760.7578
2021-10-22,52317.0742
2021-10-25,51817.2305
2021-10-26,51539.5391
2021-10-27,49873.3906
2021-10-28,50373.2344
2021-10-29,49984.4648
2021-11-01,48707.0859
2021-11-02,48929.2383
2021-11-03,47818.4727
2021-11-04,46985.3984
2021-11-05,46818.7812
2021-11-08,47152.0117
2021-11-09,47263.0898
2021-11-10,45430.3242
2021-11-11,44930.4805
2021-11-12,45596.9414
2021-11-15,46596.6289
2021-11-16,46652.168
2021-11-17,47540.7812
2021-11-18,48262.7773
2021-11-19,48651.5469
2021-11-22,47651.8594
2021-11-23,49095.8516
2021-11-24,48762.625
2021-11-25,49318.0078
2021-11-26,47818.4727
2021-11-29,46985.3984
2021-11-30,45152.6328
2021-12-01,46485.5547
2021-12-02,48040.625
2021-12-03,48040.625
2021-12-06,48984.7773
2021-12-07,49762.3125
2021-12-08,49262.4688
2021-12-09,52483.6875
2021-12-10,52094.9219
2021-12-13,52650.3047
2021-12-14,51484.0
2021-12-15,51150.7695
2021-12-16,50817.5391
2021-12-17,52372.6133
2021-12-20,51095.2305
2021-12-21,50984.1562
2021-12-22,50873.0781
2021-12-23,51206.3086
2021-12-24,51928.3047
2021-12-27,52150.4609
2021-12-28,52205.9961
2021-12-29,53594.457
2021-12-30,53316.7617
2022-01-04,55982.6016
2022-01-05,56537.9844
2022-01-06,54871.8359
2022-01-07,55649.3711
2022-01-10,56760.1367
2022-01-11,55760.4492
2022-01-12,55982.6016
2022-01-13,58315.2109
2022-01-14,58759.5156
2022-01-17,58315.2109
2022-01-18,57759.8281
2022-01-19,57204.4453
2022-01-20,59759.207
2022-01-21,59425.9766
2022-01-24,53705.5312
2022-01-25,53872.1484
2022-01-26,53872.1484
2022-01-27,52039.3828
2022-01-28,53094.6094
2022-02-03,52816.918
2022-02-04,53483.3789
2022-02-07,55982.6016
2022-02-08,55982.6016
2022-02-09,55982.6016
2022-02-10,54205.375
2022-02-11,52983.5352
2022-02-14,51539.5391
2022-02-15,50428.7734
2022-02-16,51039.6953
2022-02-17,52539.2266
2022-02-18,52483.6875
2022-02-21,52483.6875
2022-02-22,52483.6875
2022-02-23,52483.6875
2022-02-24,50650.9258
2022-02-25,54316.4531
2022-02-28,54316.4531
2022-03-02,60536.7422
2022-03-03,59870.2812
2022-03-04,59870.2812
2022-03-07,61203.2031
2022-03-08,59203.8242
2022-03-10,59203.8242
2022-03-11,59203.8242
2022-03-14,60758.8945
2022-03-15,60758.8945
2022-03-16,60758.8945
2022-03-17,60758.8945
2022-03-18,57093.3672
2022-03-21,57093.3672
2022-03-22,59648.1289
2022-03-23,59537.0547
2022-03-24,60425.6641
2022-03-25,61647.5078
2022-03-28,61647.5078
2022-03-29,57759.8281
2022-03-30,59314.8984
2022-03-31,57981.9805
2022-04-01,57981.9805
2022-04-04,58537.3633
2022-04-05,56982.293
2022-04-06,57648.75
2022-04-07,55982.6016
2022-04-08,56315.832
2022-04-11,56649.0625
2022-04-12,56426.9102
2022-04-13,58315.2109
2022-04-14,57759.8281
2022-04-15,59092.7461
2022-04-18,60203.5117
2022-04-19,59981.3594
2022-04-20,58648.4414
2022-04-21,58870.5938
2022-04-22,58204.1328
2022-04-25,57426.5977
2022-04-26,58315.2109
2022-04-27,58204.1328
2022-04-28,58870.5938
2022-04-29,59203.8242
2022-05-02,60536.7422
2022-05-03,62202.8906
2022-05-04,63313.6562
2022-05-06,63313.6562
2022-05-10,61536.4297
2022-05-11,58426.2852
2022-05-12,57981.9805
2022-05-13,58759.5156
2022-05-16,58093.0586
2022-05-17,58093.0586
2022-05-18,57315.5195
2022-05-19,56426.9102
2022-05-20,56871.2148
2022-05-23,57870.9023
2022-05-24,56649.0625
2022-05-25,57315.5195
2022-05-26,59092.7461
2022-05-27,58093.0586
2022-05-30,59759.207
2022-05-31,59870.2812
2022-06-02,62091.8125
2022-06-03,62313.9688
2022-06-07,63313.6562
2022-06-08,63535.8086
2022-06-09,65757.3438
2022-06-10,65646.2656
2022-06-13,64091.1914
2022-06-14,63202.582
2022-06-15,59425.9766
2022-06-16,58204.1328
2022-06-17,56871.2148
2022-06-20,56982.293
2022-06-21,57426.5977
2022-06-22,51983.8438
2022-06-23,49873.3906
2022-06-24,52150.4609
2022-06-27,53094.6094
2022-06-28,54816.2969
2022-06-29,54982.9141
2022-06-30,54094.3008
2022-07-01,55982.6016
2022-07-04,52150.4609
2022-07-05,51095.2305
2022-07-06,48929.2383
2022-07-07,49540.1602
2022-07-08,49540.1602
2022-07-11,48984.7773
2022-07-12,47040.9375
2022-07-13,46263.3984
2022-07-14,48096.1641
2022-07-15,48040.625
2022-07-18,49206.9297
2022-07-19,50817.5391
2022-07-20,50873.0781
2022-07-21,50706.4648
2022-07-22,55427.2188
2022-07-25,57426.5977
2022-07-26,57204.4453
2022-07-27,57981.9805
2022-07-28,59648.1289
2022-07-29,71533.3281
2022-08-01,71644.3984
2022-08-02,70644.7109
2022-08-03,69756.1016
2022-08-04,68645.3359
2022-08-05,70866.8672
2022-08-08,77309.3047
2022-08-09,77753.6172
2022-08-10,78531.1484
2022-08-11,78531.1484
2022-08-12,78086.8438
2022-08-16,78531.1484
2022-08-17,76865.0
2022-08-18,79308.6875
2022-08-19,78420.0703
2022-08-22,78086.8438
2022-08-23,80419.4531
2022-08-24,84196.0547
2022-08-25,82529.9062
2022-08-26,87084.0469
2022-08-29,88416.9688
2022-08-30,85417.8984
2022-08-31,90416.3438
2022-09-01,88639.1172
2022-09-02,89527.7344
2022-09-05,93415.4141
2022-09-06,94859.4062
2022-09-07,91527.1094
2022-09-08,90638.5
2022-09-13,86195.4375
2022-09-14,87195.125
2022-09-15,87417.2734
2022-09-16,82640.9844
2022-09-19,81974.5234
2022-09-20,82863.1406
2022-09-21,81974.5234
2022-09-22,84862.5156
2022-09-23,82307.7578
2022-09-26,73421.625
2022-09-27,72199.7812
2022-09-28,69533.9453
2022-09-29,68645.3359
2022-09-30,68312.1016
2022-10-04,69756.1016
2022-10-05,68867.4844
2022-10-06,68534.2578
2022-10-07,65979.4922
2022-10-11,64091.1914
2022-10-12,63869.0391
2022-10-13,58426.2852
2022-10-14,62980.4258
2022-10-17,63535.8086
2022-10-18,65979.4922
2022-10-19,65979.4922
2022-10-20,66757.0312
2022-10-21,65535.1875
2022-10-24,68312.1016
2022-10-25,67756.7188
2022-10-26,68534.2578
2022-10-27,69645.0234
2022-10-28,70866.8672
2022-10-31,73643.7812
2022-11-01,75754.2344
2022-11-02,78420.0703
2022-11-03,79864.0703
2022-11-04,83307.4453
2022-11-07,78864.3828
2022-11-08,81974.5234
2022-11-09,81196.9844
2022-11-10,81196.9844
2022-11-11,81196.9844
2022-11-14,78753.3047
2022-11-15,78531.1484
2022-11-16,77753.6172
2022-11-17,75865.3125
2022-11-18,79308.6875
2022-11-21,80086.2188
2022-11-22,80863.7578
2022-11-23,78864.3828
2022-11-24,80086.2188
2022-11-25,79419.7656
2022-11-28,79419.7656
2022-11-29,81530.2188
2022-11-30,80641.6016
2022-12-01,80197.2969
2022-12-02,79975.1484
2022-12-05,76198.5391
2022-12-06,75643.1562
2022-12-07,74532.3906
2022-12-08,73865.9297
2022-12-09,73643.7812
2022-12-12,75643.1562
2022-12-13,77309.3047
2022-12-14,77753.6172
2022-12-15,79197.6094
2022-12-16,78309.0
2022-12-19,79641.9141
2022-12-20,80308.375
2022-12-21,80308.375
2022-12-22,79641.9141
2022-12-23,77975.7656
2022-12-26,79864.0703
2022-12-27,83085.2891
2022-12-28,80974.8359
2022-12-29,81752.3672
2023-01-02,81752.3672
2023-01-03,79308.6875
2023-01-04,79752.9922
2023-01-05,74199.1641
2023-01-06,74421.3125
2023-01-09,75532.0781
2023-01-10,75532.0781
2023-01-11,81752.3672
2023-01-12,87417.2734
2023-01-13,89083.4297
2023-01-16,89749.8828
2023-01-17,89860.9609
2023-01-18,85751.125
2023-01-19,83862.8281
2023-01-20,84529.2891
2023-01-25,84529.2891
2023-01-26,82863.1406
2023-01-27,86084.3594
2023-01-30,85528.9766
2023-01-31,89305.5781
2023-02-01,89416.6562
2023-02-02,89416.6562
2023-02-03,90305.2656
2023-02-06,90416.3438
2023-02-07,92637.875
2023-02-08,92860.0312
2023-02-09,94081.875
2023-02-10,93970.7969
2023-02-13,97192.0156
2023-02-14,98858.1641
2023-02-15,96747.7109
2023-02-16,97414.1719
2023-02-17,97969.5547
2023-02-20,97080.9375
2023-02-21,97525.25
2023-02-22,96192.3281
2023-02-23,98858.1641
2023-02-24,102412.6172
2023-02-27,98858.1641
2023-02-28,99968.9297
2023-03-02,100968.625
2023-03-03,104078.7656
2023-03-06,107077.8359
2023-03-07,108077.5234
2023-03-08,106966.7578
2023-03-09,107966.4453
2023-03-10,106189.2188
2023-03-13,106189.2188
2023-03-14,105522.7578
2023-03-15,110299.0547
2023-03-16,106411.375
2023-03-17,105633.8359
2023-03-20,106300.2969
2023-03-21,108188.6016
2023-03-22,100968.625
2023-03-23,102301.5391
2023-03-24,101857.2344
2023-03-27,103190.1562
2023-03-28,105855.9922
2023-03-29,105300.6094
2023-03-30,107299.9844
2023-03-31,110187.9766
2023-04-03,113964.5859
2023-04-04,119407.3359
2023-04-05,124405.7812
2023-04-06,125738.7031
2023-04-07,123183.9375
2023-04-10,130292.8438
2023-04-11,124961.1641
2023-04-12,125072.2422
2023-04-13,124183.625
2023-04-14,119740.5625
2023-04-17,122517.4766
2023-04-18,120962.4062
2023-04-19,120295.9453
2023-04-20,119629.4922
2023-04-21,118296.5703
2023-04-24,118074.4141
2023-04-25,122739.6328
2023-04-26,119851.6406
2023-04-27,123295.0156
2023-04-28,114075.6562
2023-05-02,119518.4141
2023-05-03,118740.875
2023-05-04,116741.5
2023-05-08,116630.4219
2023-05-09,113298.125
2023-05-10,114519.9688
2023-05-11,118296.5703
2023-05-12,114408.8906
2023-05-15,115075.3516
2023-05-16,114964.2734
2023-05-17,115630.7344
2023-05-18,115408.5781
2023-05-19,118740.875
2023-05-22,123295.0156
2023-05-23,123183.9375
2023-05-24,122961.7891
2023-05-25,119962.7188
2023-05-26,118296.5703
2023-05-30,117296.8828
2023-05-31,117852.2656
2023-06-01,119962.7188
2023-06-02,123072.8594
2023-06-05,121295.6406
2023-06-07,119740.5625
2023-06-08,120184.875
2023-06-09,118963.0312
2023-06-12,120184.875
2023-06-13,122184.25
2023-06-14,122961.7891
2023-06-15,123739.3203
2023-06-16,129737.4609
2023-06-19,152508.1562
2023-06-20,158284.1406
2023-06-21,154174.3125
2023-06-22,152952.4688
2023-06-23,149286.9375
2023-06-26,146176.7969
2023-06-27,144954.9531
2023-06-28,141844.8125
2023-06-29,139067.8906
2023-06-30,141511.5781
2023-07-03,144510.6406
2023-07-04,146287.875
2023-07-05,147398.6406
2023-07-06,146176.7969
2023-07-07,146065.7188
2023-07-10,146398.9531
2023-07-11,156840.1406
2023-07-12,152397.0781
2023-07-13,156840.1406
2023-07-14,150842.0156
2023-07-17,145510.3281
2023-07-18,142511.2656
2023-07-19,142066.9531
2023-07-20,142066.9531
2023-07-21,142511.2656
2023-07-24,143399.875
2023-07-25,147731.8594
2023-07-26,140845.125
2023-07-27,138068.2031
2023-07-28,128293.4609
2023-07-31,135735.5938
2023-08-01,134958.0625
2023-08-02,134180.5156
2023-08-03,132181.1406
2023-08-04,132847.6094
2023-08-07,134291.5938
2023-08-08,131847.9062
2023-08-09,131070.375
2023-08-10,127404.8516
2023-08-11,129404.2266
2023-08-14,126294.0859
2023-08-16,121295.6406
2023-08-17,120073.7969
2023-08-18,119518.4141
2023-08-21,120962.4062
2023-08-22,120962.4062
2023-08-23,124739.0078
2023-08-24,122961.7891
2023-08-25,122184.25
2023-08-28,125627.625
2023-08-29,125849.7812
2023-08-30,127960.2344
2023-08-31,126849.4688
2023-09-01,127293.7734
2023-09-04,127182.6953
2023-09-05,127404.8516
2023-09-06,130626.0703
2023-09-07,126627.3125
2023-09-08,130292.8438
2023-09-11,135291.2812
2023-09-12,130292.8438
2023-09-13,124627.9375
2023-09-14,123406.0938
2023-09-15,123850.3984
2023-09-18,123295.0156
2023-09-19,121406.7109
2023-09-20,121517.7891
2023-09-21,121295.6406
2023-09-22,117519.0312
2023-09-25,115963.9609
2023-09-26,115741.8047
2023-09-27,116186.1172
2023-10-04,113520.2734
2023-10-05,109632.5938
2023-10-06,109743.6719
2023-10-10,112187.3594
2023-10-11,115075.3516
2023-10-12,116630.4219
2023-10-13,117741.1875
2023-10-16,112631.6641
2023-10-17,111409.8203
2023-10-18,110854.4375
2023-10-19,108077.5234
2023-10-20,104411.9922
2023-10-23,111409.8203
2023-10-24,110854.4375
2023-10-25,112187.3594
2023-10-26,110632.2812
2023-10-27,108410.75
2023-10-30,112964.8906
2023-10-31,112187.3594
2023-11-01,126071.9297
2023-11-02,128182.3828
2023-11-03,133291.9062
2023-11-06,135180.2188
2023-11-07,137623.8906
2023-11-08,135291.2812
2023-11-09,138068.2031
2023-11-10,138623.5781
2023-11-13,138956.8125
2023-11-14,141955.8906
2023-11-15,142733.4219
2023-11-16,133847.2969
2023-11-17,134735.9062
2023-11-20,134735.9062
2023-11-21,133291.9062
2023-11-22,134291.5938
2023-11-23,135402.3594
2023-11-24,133402.9844
2023-11-27,131514.6875
2023-11-28,132736.5312
2023-11-29,136735.2812
2023-11-30,139845.4219
2023-12-01,151064.1562
2023-12-04,153618.9219
2023-12-05,150064.4688
2023-12-06,150953.0938
2023-12-07,148176.1719
2023-12-08,145843.5625
2023-12-11,142955.5781
2023-12-12,142955.5781
2023-12-13,138845.7344
2023-12-14,138956.8125
2023-12-15,139845.4219
2023-12-18,139623.2812
2023-12-19,139845.4219
2023-12-20,141178.3438
2023-12-21,139290.0469
2023-12-22,141733.7344
2023-12-26,136513.125
2023-12-27,138290.3594
2023-12-28,138290.3594
2024-01-02,144066.3438
2024-01-03,148065.0938
2024-01-04,146954.3281
2024-01-05,145621.4062
2024-01-08,143288.7969
2024-01-09,143510.9531
2024-01-10,151397.3906
2024-01-11,157728.7656
2024-01-12,156951.2188
2024-01-15,156395.8438
2024-01-16,154063.2344
2024-01-17,149953.3906
2024-01-18,157062.2969
2024-01-19,160616.75
2024-01-22,164504.4375
2024-01-23,159505.9844
2024-01-24,157395.5312
2024-01-25,156062.6094
2024-01-26,156173.6875
2024-01-29,150508.7812
2024-01-30,146510.0312
2024-01-31,153396.7656
2024-02-01,147287.5625
2024-02-02,146843.25
2024-02-05,144954.9531
2024-02-06,146621.0938
2024-02-07,147731.8594
2024-02-08,149731.25
2024-02-13,150953.0938
2024-02-14,162505.0469
2024-02-15,161616.4375
2024-02-16,156951.2188
2024-02-19,168725.3438
2024-02-20,170946.875
2024-02-21,171502.25
2024-02-22,175501.0156
2024-02-23,171169.0312
2024-02-26,184609.2969
2024-02-27,198938.1719
2024-02-28,216043.9688
2024-02-29,208268.6094
2024-03-04,208379.6875
2024-03-05,205824.9219
2024-03-06,226596.25
2024-03-07,222153.1875
2024-03-08,222153.1875
2024-03-11,214377.8281
2024-03-12,205824.9219
2024-03-13,203381.2344
2024-03-14,202825.8594
2024-03-15,200048.9375
2024-03-18,203492.3125
2024-03-19,211600.9062
2024-03-20,212600.5938
2024-03-21,215155.3594
2024-03-22,224374.7188
2024-03-25,226040.8594
2024-03-26,239925.4375
2024-03-27,247700.7969
2024-03-28,230483.9219
2024-03-29,227151.625
2024-04-01,232150.0781
2024-04-02,267694.5938
2024-04-03,253254.625
2024-04-04,262140.75
2024-04-05,236037.75
2024-04-08,235482.375
2024-04-09,232150.0781
2024-04-11,237703.9062
2024-04-12,241036.2031
2024-04-15,233260.8438
2024-04-16,234371.6094
2024-04-17,244368.5
2024-04-18,251033.0938
2024-04-19,259919.2188
2024-04-22,244368.5
2024-04-23,262696.125
2024-04-24,268249.9688
2024-04-25,267694.5938
2024-04-26,261029.9844
2024-04-29,257697.6875
2024-04-30,234926.9844
2024-05-02,244923.8906
2024-05-03,239370.0469
2024-05-07,242702.3438
2024-05-08,242702.3438
2024-05-09,237703.9062
2024-05-10,242146.9688
2024-05-13,246034.6562
2024-05-14,241036.2031
2024-05-16,238814.6719
2024-05-17,231039.3125
2024-05-20,233816.2188
2024-05-21,230483.9219
2024-05-22,223263.9531
2024-05-23,223819.3281
2024-05-24,226596.25
2024-05-27,234371.6094
2024-05-28,247700.7969
2024-05-29,242146.9688
2024-05-30,226596.25
2024-05-31,227707.0156
2024-06-03,247700.7969
2024-06-04,234371.6094
2024-06-05,229373.1562
2024-06-07,232705.4531
2024-06-10,237703.9062
2024-06-11,233260.8438
2024-06-12,235482.375
2024-06-13,249922.3281
2024-06-14,253810.0156
2024-06-17,264917.6562
2024-06-18,258253.0781
2024-06-19,278802.25
2024-06-20,275469.9375
2024-06-21,262140.75
2024-06-24,262140.75
2024-06-25,258253.0781
2024-06-26,254920.7812
2024-06-27,261029.9844
2024-06-28,277136.0938
2024-07-01,270471.5
2024-07-02,261029.9844
2024-07-03,258808.4531
2024-07-04,268805.3438
2024-07-05,268249.9688
2024-07-08,279357.625
2024-07-09,279913.0
2024-07-10,284911.4688
2024-07-11,284911.4688
2024-07-12,281579.1562
2024-07-15,294352.9688
2024-07-16,299351.4062
2024-07-17,305460.625
2024-07-18,301572.9375
2024-07-19,312680.5938
2024-07-22,305460.625
2024-07-23,318789.8125
2024-07-24,331563.625
2024-07-25,326009.7812
2024-07-26,331563.625
2024-07-29,358222.0
2024-07-30,353778.9375
2024-07-31,319900.5938
2024-08-01,337117.4688
2024-08-02,321011.3438
2024-08-05,296574.5
2024-08-06,293242.1875
2024-08-07,309903.6875
2024-08-08,326009.7812
2024-08-09,337117.4688
2024-08-12,339894.375
2024-08-13,342115.9062
2024-08-14,342115.9062
2024-08-16,338783.5938
2024-08-19,333229.7812
2024-08-20,319345.1875
2024-08-21,316012.9062
2024-08-22,308792.9375
2024-08-23,306016.0
2024-08-26,308237.5312
2024-08-27,315457.5312
2024-08-28,322122.125
2024-08-29,322122.125
2024-08-30,322122.125
2024-09-02,322122.125
2024-09-03,322122.125
2024-09-04,322122.125
2024-09-05,322122.125
2024-09-06,322122.125
2024-09-09,322122.125
2024-09-10,322122.125
2024-09-11,322122.125
2024-09-12,322122.125
2024-09-13,322122.125
2024-09-19,279541.5
2024-09-20,279541.5
2024-09-23,279541.5
2024-09-24,279541.5
2024-09-25,279541.5
2024-09-26,279541.5
2024-09-27,317000.0
2024-09-30,297000.0
2024-10-02,309500.0
2024-10-04,337500.0
2024-10-07,351500.0
2024-10-08,364500.0
2024-10-10,350500.0
2024-10-11,356500.0
2024-10-14,356500.0
2024-10-15,374000.0
2024-10-16,382500.0
2024-10-17,393000.0
2024-10-18,387500.0
2024-10-21,381500.0
2024-10-22,385500.0
2024-10-23,373000.0
2024-10-24,374000.0
2024-10-25,378000.0
2024-10-28,377500.0
2024-10-29,381000.0
2024-10-30,375500.0
2024-10-31,368000.0
2024-11-01,378500.0
2024-11-04,367000.0
2024-11-05,362000.0
2024-11-06,387500.0
2024-11-07,387500.0
2024-11-08,403500.0
2024-11-11,416000.0
2024-11-12,413500.0
2024-11-13,402000.0
2024-11-14,403500.0
2024-11-15,407000.0
2024-11-18,392500.0
2024-11-19,381000.0
2024-11-20,380000.0
2024-11-21,356500.0
2024-11-22,379500.0
2024-11-25,359000.0
2024-11-26,319500.0
2024-11-27,322500.0
2024-11-28,325000.0
2024-11-29,312500.0
2024-12-02,321000.0
2024-12-03,338500.0
2024-12-04,335000.0
2024-12-05,308000.0
2024-12-06,298000.0
2024-12-09,279000.0
2024-12-10,291000.0
2024-12-11,298000.0
2024-12-12,311500.0
2024-12-13,323000.0
2024-12-16,320000.0
2024-12-17,305500.0
2024-12-18,305500.0
2024-12-19,309000.0
2024-12-20,305000.0
2024-12-23,326000.0
2024-12-24,324000.0
2024-12-26,323500.0
2024-12-27,319000.0
2024-12-30,326500.0
2025-01-02,363500.0
2025-01-03,362000.0
2025-01-06,366000.0
2025-01-07,381000.0
2025-01-08,383000.0
2025-01-09,392000.0
2025-01-10,378500.0
2025-01-13,395500.0
2025-01-14,395500.0
2025-01-15,395000.0
2025-01-16,394000.0
2025-01-17,382500.0
2025-01-20,377500.0
2025-01-21,389500.0
2025-01-22,389000.0
2025-01-23,383500.0
2025-01-24,411500.0
2025-01-31,400000.0
2025-02-03,392500.0
2025-02-04,406500.0
2025-02-05,402500.0
2025-02-06,420500.0
2025-02-07,418000.0
2025-02-10,413000.0
2025-02-11,498000.0
2025-02-12,520000.0
2025-02-13,516000.0
2025-02-14,533000.0
2025-02-17,577000.0
2025-02-18,643000.0
2025-02-19,639000.0
2025-02-20,645000.0
2025-02-21,660000.0
2025-02-24,666000.0
2025-02-25,680000.0
2025-02-26,672000.0
2025-02-27,649000.0
2025-02-28,594000.0
2025-03-04,701000.0
2025-03-05,695000.0
2025-03-06,678000.0
2025-03-07,731000.0
2025-03-10,702000.0
2025-03-11,678000.0
2025-03-12,665000.0
2025-03-13,707000.0
2025-03-14,705000.0
2025-03-17,753000.0
2025-03-18,764000.0
2025-03-19,756000.0
2025-03-20,722000.0
2025-03-21,628000.0
2025-03-24,675000.0
2025-03-25,654000.0
2025-03-26,667000.0
2025-03-27,663000.0
2025-03-28,630000.0
2025-03-31,627000.0
2025-04-01,673000.0
2025-04-02,663000.0
2025-04-03,697000.0
2025-04-04,702000.0
2025-04-07,642000.0
2025-04-08,698000.0
2025-04-09,691000.0
2025-04-10,740000.0
2025-04-11,779000.0
2025-04-14,792000.0
2025-04-15,771000.0
2025-04-16,788000.0
2025-04-17,816000.0
2025-04-18,828000.0
2025-04-21,830000.0
2025-04-22,830000.0
2025-04-23,814000.0
2025-04-24,824000.0
2025-04-25,824000.0
2025-04-28,827000.0
2025-04-29,809000.0
2025-04-30,797000.0
2025-05-02,818000.0
2025-05-07,890000.0
2025-05-08,883000.0
2025-05-09,878000.0
2025-05-12,820000.0
2025-05-13,793405.8125
2025-05-14,809195.0
2025-05-15,811168.625
2025-05-16,829918.25
2025-05-19,827944.625
2025-05-20,804260.875
2025-05-21,838799.6875
2025-05-22,833000.0
2025-05-23,830000.0
2025-05-26,833000.0
2025-05-27,887000.0
2025-05-28,832000.0
2025-05-29,857000.0
2025-05-30,811000.0
2025-06-02,835000.0
2025-06-04,845000.0
2025-06-05,905000.0
2025-06-09,880000.0
2025-06-10,936000.0
2025-06-11,905000.0
2025-06-12,953000.0
2025-06-13,945000.0
2025-06-16,970000.0
2025-06-17,954000.0
2025-06-18,927000.0
2025-06-19,934000.0
2025-06-20,938000.0
2025-06-23,919000.0
2025-06-24,895000.0
2025-06-25,856000.0
2025-06-26,878000.0
2025-06-27,890000.0
2025-06-30,848000.0
2025-07-01,839000.0
2025-07-02,819000.0
2025-07-03,817000.0
2025-07-04,779000.0
2025-07-07,805000.0
2025-07-08,815000.0
2025-07-09,850000.0
2025-07-10,853000.0
2025-07-11,806000.0
2025-07-14,807000.0
2025-07-15,848000.0
2025-07-16,854000.0
2025-07-17,896000.0
2025-07-18,896000.0
2025-07-21,919000.0
2025-07-22,922000.0
2025-07-23,910000.0
2025-07-24,941000.0
2025-07-25,945000.0
2025-07-28,953000.0
2025-07-29,998000.0
2025-07-30,977000.0
2025-07-31,996000.0
2025-08-01,939000.0
2025-08-04,938000.0
2025-08-05,961000.0
2025-08-06,936000.0
2025-08-07,932000.0
2025-08-08,881000.0
2025-08-11,880000.0
2025-08-12,851000.0
2025-08-13,878000.0
2025-08-14,883000.0
2025-08-18,888000.0
2025-08-19,827000.0
2025-08-20,816000.0
2025-08-21,834000.0
2025-08-22,891000.0
2025-08-25,903000.0
2025-08-26,900000.0
2025-08-27,907000.0
2025-08-28,908000.0
2025-08-29,884000.0
2025-09-01,916000.0
2025-09-02,933000.0
2025-09-03,941000.0
2025-09-04,931000.0
2025-09-05,920000.0
2025-09-08,951000.0
2025-09-09,945000.0
2025-09-10,967000.0
2025-09-11,1005000.0
2025-09-12,1002000.0
2025-09-15,986000.0
2025-09-16,1041000.0
2025-09-17,1030000.0
2025-09-18,1024000.0
2025-09-22,1022000.0
2025-09-23,1004000.0
2025-09-24,1058000.0
2025-09-25,1048000.0
2025-09-26,1044000.0
2025-09-29,1059000.0
2025-09-30,1107000.0
2025-10-01,1099000.0
2025-10-02,1097000.0
2025-10-10,1042000.0
2025-10-13,993000.0
2025-10-14,933000.0
2025-10-15,954000.0
2025-10-16,936000.0
2025-10-17,912000.0
2025-10-20,953000.0
2025-10-21,974000.0
2025-10-22,1007000.0
2025-10-23,1049000.0
2025-10-24,1013000.0
2025-10-27,1039000.0
2025-10-28,996000.0
2025-10-29,993000.0
2025-10-30,994000.0
2025-10-31,979000.0
2025-11-03,1042000.0
2025-11-04,1010000.0
2025-11-05,950000.0
2025-11-06,970000.0
2025-11-07,923000.0
2025-11-10,965000.0
2025-11-11,948000.0
2025-11-12,960000.0
2025-11-13,956000.0
2025-11-14,955000.0
2025-11-17,979000.0
2025-11-18,921000.0
2025-11-19,905000.0
2025-11-20,916000.0
2025-11-21,869000.0
2025-11-24,855000.0
2025-11-25,859000.0
2025-11-26,871000.0
2025-11-27,863000.0
2025-11-28,852000.0
2025-12-01,813000.0
2025-12-02,824000.0
2025-12-03,866000.0
2025-12-04,855000.0
2025-12-05,895000.0
2025-12-08,937000.0
2025-12-09,960000.0
2025-12-10,923000.0
2025-12-11,904000.0
2025-12-12,961000.0
2025-12-15,908000.0
2025-12-16,875000.0
2025-12-17,870000.0
2025-12-18,851000.0
2025-12-19,884000.0
2025-12-22,886000.0
2025-12-23,900000.0
2025-12-24,878000.0
2025-12-26,870000.0
2025-12-29,949000.0
2025-12-30,941000.0
2026-01-02,946000.0
2026-01-05,1012000.0
2026-01-06,1022000.0
2026-01-07,1010000.0
2026-01-08,1090000.0
2026-01-09,1214000.0
2026-01-12,1212000.0
2026-01-13,1282000.0
2026-01-14,1269000.0
2026-01-15,1294000.0
2026-01-16,1299000.0
2026-01-19,1330000.0
2026-01-20,1309000.0
2026-01-21,1315000.0
2026-01-22,1289000.0
2026-01-23,1255000.0
2026-01-26,1262000.0
2026-01-27,1230000.0
2026-01-28,1288000.0
2026-01-29,1300000.0
2026-01-30,1300000.0
2026-02-02,1239000.0
2026-02-03,1299000.0
2026-02-04,1324000.0
2026-02-05,1227000.0
2026-02-06,1181000.0
2026-02-09,1193000.0
2026-02-10,1146000.0
2026-02-11,1130000.0
2026-02-12,1131000.0
2026-02-13,1105000.0
2026-02-19,1149000.0
2026-02-20,1242000.0
2026-02-23,1236000.0
2026-02-24,1241000.0
2026-02-25,1212000.0
2026-02-26,1194000.0
2026-02-27,1195000.0
2026-03-03,1432000.0
2026-03-04,1323000.0
2026-03-05,1381000.0
2026-03-06,1481000.0
2026-03-09,1434000.0
2026-03-10,1455000.0
2026-03-11,1410000.0
2026-03-12,1465000.0
2026-03-13,1488000.0
2026-03-16,1476000.0
2026-03-17,1396000.0
2026-03-18,1390000.0
2026-03-19,1375000.0
2026-03-20,1320000.0
2026-03-23,1278000.0
2026-03-24,1335000.0
2026-03-25,1400000.0
2026-03-26,1369000.0
2026-03-27,1369000.0
2026-03-30,1308000.0
2026-03-31,1249000.0
2026-04-01,1331000.0
2026-04-02,1417000.0
2026-04-03,1449000.0
2026-04-06,1450000.0
2026-04-07,1537000.0
2026-04-08,1484000.0
2026-04-09,1451000.0
2026-04-10,1507000.0
2026-04-13,1530000.0
2026-04-14,1523000.0
2026-04-15,1509000.0
2026-04-16,1519000.0
2026-04-17,1423000.0
2026-04-20,1425000.0
2026-04-21,1391000.0
2026-04-22,1416000.0
2026-04-23,1425000.0
2026-04-24,1463000.0
2026-04-27,1454000.0
2026-04-28,1395000.0
2026-04-29,1420000.0
2026-04-30,1417000.0
2026-05-04,1465000.0
2026-05-06,1433000.0
2026-05-07,1317000.0
2026-05-08,1307000.0
2026-05-11,1315000.0
2026-05-12,1284000.0
2026-05-13,1286000.0
2026-05-14,1306000.0
2026-05-15,1216000.0
2026-05-18,1227000.0
2026-05-19,1286000.0
2026-05-20,1249000.0
2026-05-21,1248000.0
2026-05-22,1261000.0
2026-05-26,1251000.0
2026-05-27,1244000.0
2026-05-28,1200000.0
2026-05-29,1173000.0
2026-06-01,1138000.0
2026-06-02,1070000.0
2026-06-04,1068000.0
2026-06-05,1049000.0
2026-06-08,1006000.0
2026-06-09,1016000.0
2026-06-10,1031000.0
2026-06-11,1014000.0
2026-06-12,1078000.0
2026-06-15,1084000.0
2026-06-16,1183000.0
2026-06-17,1224000.0
2026-06-18,1189000.0
2026-06-19,1122000.0
2026-06-22,1125000.0
2026-06-23,1073000.0
2026-06-24,1094000.0
2026-06-25,1069000.0
2026-06-26,1011000.0
2026-06-29,1020000.0
2026-06-30,995000.0
2026-07-01,1091000.0
2026-07-02,1116000.0
2026-07-03,1175000.0
2026-07-06,1159000.0
2026-07-07,1122000.0
2026-07-08,1041000.0
2026-07-09,953000.0
2026-07-10,967000.0
2026-07-13,936000.0
2026-07-14,872000.0
2026-07-15,929000.0
2026-07-16,943000.0
2026-07-20,875000.0
2026-07-21,899000.0
2026-07-22,891000.0
2026-07-23,958000.0
2026-07-24,979000.0
2026-07-27,899000.0
2026-07-28,875000.0
2026-07-29,810000.0
2026-07-30,865000.0
2026-07-31,917000.0
2026-08-03,919000.0
2026-08-04,1004000.0
2026-08-05,1007000.0
2026-08-06,1054000.0
2026-08-07,1097000.0
2026-08-10,1152000.0
2026-08-11,1098000.0
2026-08-12,1156000.0
2026-08-13,1185000.0
2026-08-14,1160000.0
2026-08-18,1146000.0
2026-08-19,1177000.0
2026-08-20,1167000.0
2026-08-21,1085000.0
