date,close
2000-01-04,22000.0
2000-01-05,21600.0
2000-01-06,20950.0
2000-01-07,20400.0
2000-01-10,20400.0
2000-01-11,21350.0
2000-01-12,21050.0
2000-01-13,20500.0
2000-01-14,20700.0
2000-01-17,22500.0
2000-01-18,22000.0
2000-01-19,20500.0
2000-01-20,20900.0
2000-01-21,23000.0
2000-01-24,24000.0
2000-01-25,23900.0
2000-01-26,23400.0
2000-01-27,23400.0
2000-01-28,24900.0
2000-01-31,24950.0
2000-02-01,24800.0
2000-02-02,24800.0
2000-02-03,25000.0
2000-02-04,25000.0
2000-02-07,24950.0
2000-02-08,25100.0
2000-02-09,25000.0
2000-02-10,23750.0
2000-02-11,24800.0
2000-02-14,23700.0
2000-02-15,23500.0
2000-02-16,24050.0
2000-02-17,24300.0
2000-02-18,23800.0
2000-02-21,22100.0
2000-02-22,25000.0
2000-02-23,26500.0
2000-02-24,27500.0
2000-02-25,27200.0
2000-02-28,27200.0
2000-02-29,27700.0
2000-03-01,27700.0
2000-03-02,26500.0
2000-03-03,25200.0
2000-03-06,26450.0
2000-03-07,26750.0
2000-03-08,26650.0
2000-03-09,22900.0
2000-03-10,24750.0
2000-03-13,23500.0
2000-03-14,25000.0
2000-03-15,25000.0
2000-03-16,25500.0
2000-03-17,25800.0
2000-03-20,26000.0
2000-03-21,25950.0
2000-03-22,24800.0
2000-03-23,24100.0
2000-03-24,24900.0
2000-03-27,24200.0
2000-03-28,26000.0
2000-03-29,24200.0
2000-03-30,24600.0
2000-03-31,24150.0
2000-04-03,23700.0
2000-04-04,23700.0
2000-04-05,23700.0
2000-04-06,23900.0
2000-04-07,23750.0
2000-04-10,23900.0
2000-04-11,23750.0
2000-04-12,22500.0
2000-04-13,22500.0
2000-04-14,22300.0
2000-04-17,22300.0
2000-04-18,22300.0
2000-04-19,22000.0
2000-04-20,22000.0
2000-04-21,22000.0
2000-04-24,21900.0
2000-04-25,22000.0
2000-04-26,21600.0
2000-04-27,21950.0
2000-04-28,21300.0
2000-05-01,21300.0
2000-05-02,20950.0
2000-05-03,21000.0
2000-05-04,20950.0
2000-05-05,20950.0
2000-05-08,21500.0
2000-05-09,21500.0
2000-05-10,22700.0
2000-05-11,22700.0
2000-05-12,21850.0
2000-05-15,21300.0
2000-05-16,21650.0
2000-05-17,21050.0
2000-05-18,20400.0
2000-05-19,21000.0
2000-05-22,20050.0
2000-05-23,20900.0
2000-05-24,20250.0
2000-05-25,20400.0
2000-05-26,20300.0
2000-05-29,19950.0
2000-05-30,19950.0
2000-05-31,20500.0
2000-06-01,20200.0
2000-06-02,20000.0
2000-06-05,20300.0
2000-06-06,20300.0
2000-06-07,20000.0
2000-06-08,19550.0
2000-06-09,21500.0
2000-06-12,21500.0
2000-06-13,20550.0
2000-06-14,20550.0
2000-06-15,21000.0
2000-06-16,21000.0
2000-06-19,20300.0
2000-06-20,20300.0
2000-06-21,20300.0
2000-06-22,20300.0
2000-06-23,20500.0
2000-06-26,20650.0
2000-06-27,20550.0
2000-06-28,20800.0
2000-06-29,20400.0
2000-06-30,20400.0
2000-07-03,20600.0
2000-07-04,20300.0
2000-07-05,20200.0
2000-07-06,20200.0
2000-07-07,20400.0
2000-07-10,20250.0
2000-07-11,20000.0
2000-07-12,20150.0
2000-07-13,19900.0
2000-07-14,20000.0
2000-07-17,20000.0
2000-07-18,19150.0
2000-07-19,19150.0
2000-07-20,19800.0
2000-07-21,19800.0
2000-07-24,19700.0
2000-07-25,19650.0
2000-07-26,19100.0
2000-07-27,19350.0
2000-07-28,19650.0
2000-07-31,20200.0
2000-08-01,19950.0
2000-08-02,20300.0
2000-08-03,19800.0
2000-08-04,19400.0
2000-08-07,19950.0
2000-08-08,19650.0
2000-08-09,20300.0
2000-08-10,20700.0
2000-08-11,19950.0
2000-08-14,20500.0
2000-08-15,20500.0
2000-08-16,20900.0
2000-08-17,20400.0
2000-08-18,20050.0
2000-08-21,20000.0
2000-08-22,20350.0
2000-08-23,20000.0
2000-08-24,20300.0
2000-08-25,20400.0
2000-08-28,20350.0
2000-08-29,20450.0
2000-08-30,20050.0
2000-08-31,19500.0
2000-09-01,19850.0
2000-09-04,19500.0
2000-09-05,20400.0
2000-09-06,20000.0
2000-09-07,19550.0
2000-09-08,19100.0
2000-09-11,19100.0
2000-09-12,19100.0
2000-09-13,19100.0
2000-09-14,18000.0
2000-09-15,18300.0
2000-09-18,17550.0
2000-09-19,17450.0
2000-09-20,17900.0
2000-09-21,17250.0
2000-09-22,16700.0
2000-09-25,17000.0
2000-09-26,17450.0
2000-09-27,18800.0
2000-09-28,18300.0
2000-09-29,18200.0
2000-10-02,17950.0
2000-10-03,17950.0
2000-10-04,18450.0
2000-10-05,18100.0
2000-10-06,18400.0
2000-10-09,17700.0
2000-10-10,17600.0
2000-10-11,17500.0
2000-10-12,16600.0
2000-10-13,17500.0
2000-10-16,17500.0
2000-10-17,18400.0
2000-10-18,18500.0
2000-10-19,18500.0
2000-10-20,18600.0
2000-10-23,18050.0
2000-10-24,18600.0
2000-10-25,18700.0
2000-10-26,18650.0
2000-10-27,18650.0
2000-10-30,17900.0
2000-10-31,18050.0
2000-11-01,19000.0
2000-11-02,19300.0
2000-11-03,19300.0
2000-11-06,18500.0
2000-11-07,18500.0
2000-11-08,18500.0
2000-11-09,18200.0
2000-11-10,18900.0
2000-11-13,18150.0
2000-11-14,18100.0
2000-11-15,18300.0
2000-11-16,18550.0
2000-11-17,18400.0
2000-11-20,18500.0
2000-11-21,18500.0
2000-11-22,18250.0
2000-11-23,18600.0
2000-11-24,18800.0
2000-11-27,18900.0
2000-11-28,18500.0
2000-11-29,18000.0
2000-11-30,17800.0
2000-12-01,19000.0
2000-12-04,18250.0
2000-12-05,18800.0
2000-12-06,18450.0
2000-12-07,18500.0
2000-12-08,18800.0
2000-12-11,18800.0
2000-12-12,19000.0
2000-12-13,19000.0
2000-12-14,18900.0
2000-12-15,18250.0
2000-12-18,18350.0
2000-12-19,18000.0
2000-12-20,18000.0
2000-12-21,18000.0
2000-12-22,18000.0
2000-12-25,18000.0
2000-12-26,19000.0
2000-12-27,19000.0
2000-12-28,19000.0
2000-12-29,19000.0
2001-01-01,19000.0
2001-01-02,18200.0
2001-01-03,18000.0
2001-01-04,18050.0
2001-01-05,17600.0
2001-01-08,17750.0
2001-01-09,17950.0
2001-01-10,17550.0
2001-01-11,16600.0
2001-01-12,17450.0
2001-01-15,17100.0
2001-01-16,17000.0
2001-01-17,17250.0
2001-01-18,17150.0
2001-01-19,17050.0
2001-01-22,17250.0
2001-01-23,17250.0
2001-01-24,17250.0
2001-01-25,17250.0
2001-01-26,16900.0
2001-01-29,17000.0
2001-01-30,16700.0
2001-01-31,16850.0
2001-02-01,16900.0
2001-02-02,16700.0
2001-02-05,16000.0
2001-02-06,16250.0
2001-02-07,15750.0
2001-02-08,16000.0
2001-02-09,15750.0
2001-02-12,16200.0
2001-02-13,16200.0
2001-02-14,15800.0
2001-02-15,15700.0
2001-02-16,15300.0
2001-02-19,15000.0
2001-02-20,14950.0
2001-02-21,15000.0
2001-02-22,14950.0
2001-02-23,15100.0
2001-02-26,15250.0
2001-02-27,14650.0
2001-02-28,14650.0
2001-03-01,14650.0
2001-03-02,14500.0
2001-03-05,14500.0
2001-03-06,14350.0
2001-03-07,14200.0
2001-03-08,14950.0
2001-03-09,14450.0
2001-03-12,14150.0
2001-03-13,13850.0
2001-03-14,13850.0
2001-03-15,14400.0
2001-03-16,14350.0
2001-03-19,14650.0
2001-03-20,15350.0
2001-03-21,15600.0
2001-03-22,15300.0
2001-03-23,15300.0
2001-03-26,14950.0
2001-03-27,15000.0
2001-03-28,15400.0
2001-03-29,15400.0
2001-03-30,14900.0
2001-04-02,15450.0
2001-04-03,15800.0
2001-04-04,16000.0
2001-04-05,16000.0
2001-04-06,15650.0
2001-04-09,15300.0
2001-04-10,15100.0
2001-04-11,14700.0
2001-04-12,14450.0
2001-04-13,14400.0
2001-04-16,14500.0
2001-04-17,14600.0
2001-04-18,15250.0
2001-04-19,15200.0
2001-04-20,15400.0
2001-04-23,15400.0
2001-04-24,15500.0
2001-04-25,15800.0
2001-04-26,15800.0
2001-04-27,15100.0
2001-04-30,15250.0
2001-05-01,15250.0
2001-05-02,15150.0
2001-05-03,14800.0
2001-05-04,14950.0
2001-05-07,14950.0
2001-05-08,14950.0
2001-05-09,14800.0
2001-05-10,14700.0
2001-05-11,14800.0
2001-05-14,14800.0
2001-05-15,15200.0
2001-05-16,15500.0
2001-05-17,15600.0
2001-05-18,15700.0
2001-05-21,15450.0
2001-05-22,15600.0
2001-05-23,16150.0
2001-05-24,16750.0
2001-05-25,17300.0
2001-05-28,17500.0
2001-05-29,18500.0
2001-05-30,18450.0
2001-05-31,18350.0
2001-06-01,18000.0
2001-06-04,18100.0
2001-06-05,17700.0
2001-06-06,17700.0
2001-06-07,16800.0
2001-06-08,16850.0
2001-06-11,16400.0
2001-06-12,16700.0
2001-06-13,16750.0
2001-06-14,16550.0
2001-06-15,17400.0
2001-06-18,17150.0
2001-06-19,18000.0
2001-06-20,17950.0
2001-06-21,18000.0
2001-06-22,17700.0
2001-06-25,17600.0
2001-06-26,17450.0
2001-06-27,17750.0
2001-06-28,17650.0
2001-06-29,17650.0
2001-07-02,17350.0
2001-07-03,17150.0
2001-07-04,18000.0
2001-07-05,17800.0
2001-07-06,17650.0
2001-07-09,17900.0
2001-07-10,17950.0
2001-07-11,17750.0
2001-07-12,17650.0
2001-07-13,17900.0
2001-07-16,18000.0
2001-07-17,18000.0
2001-07-18,17600.0
2001-07-19,17550.0
2001-07-20,17900.0
2001-07-23,16600.0
2001-07-24,16500.0
2001-07-25,16100.0
2001-07-26,15900.0
2001-07-27,16300.0
2001-07-30,15750.0
2001-07-31,16050.0
2001-08-01,16300.0
2001-08-02,16300.0
2001-08-03,16250.0
2001-08-06,16050.0
2001-08-07,16200.0
2001-08-08,15950.0
2001-08-09,15600.0
2001-08-10,15750.0
2001-08-13,15750.0
2001-08-14,16500.0
2001-08-15,16500.0
2001-08-16,16600.0
2001-08-17,16400.0
2001-08-20,16000.0
2001-08-21,16200.0
2001-08-22,16500.0
2001-08-23,16300.0
2001-08-24,16600.0
2001-08-27,16550.0
2001-08-28,16650.0
2001-08-29,16550.0
2001-08-30,16900.0
2001-08-31,16700.0
2001-09-03,17000.0
2001-09-04,17450.0
2001-09-05,17400.0
2001-09-06,16900.0
2001-09-07,17000.0
2001-09-10,16550.0
2001-09-11,16600.0
2001-09-12,16000.0
2001-09-13,16500.0
2001-09-14,15650.0
2001-09-17,15450.0
2001-09-18,15950.0
2001-09-19,16200.0
2001-09-20,16150.0
2001-09-21,16150.0
2001-09-24,16150.0
2001-09-25,16300.0
2001-09-26,16300.0
2001-09-27,16400.0
2001-09-28,16400.0
2001-10-01,16400.0
2001-10-02,16400.0
2001-10-03,16400.0
2001-10-04,17250.0
2001-10-05,17500.0
2001-10-08,17500.0
2001-10-09,18300.0
2001-10-10,17950.0
2001-10-11,18550.0
2001-10-12,18050.0
2001-10-15,18000.0
2001-10-16,17700.0
2001-10-17,17700.0
2001-10-18,17700.0
2001-10-19,17650.0
2001-10-22,17900.0
2001-10-23,17750.0
2001-10-24,17700.0
2001-10-25,17900.0
2001-10-26,18100.0
2001-10-29,18200.0
2001-10-30,18250.0
2001-10-31,18400.0
2001-11-01,18350.0
2001-11-02,18100.0
2001-11-05,18600.0
2001-11-06,18600.0
2001-11-07,18600.0
2001-11-08,18500.0
2001-11-09,18500.0
2001-11-12,18950.0
2001-11-13,19200.0
2001-11-14,19200.0
2001-11-15,19200.0
2001-11-16,19200.0
2001-11-19,19500.0
2001-11-20,19400.0
2001-11-21,19800.0
2001-11-22,19400.0
2001-11-23,19600.0
2001-11-26,19550.0
2001-11-27,20300.0
2001-11-28,19300.0
2001-11-29,18600.0
2001-11-30,19400.0
2001-12-03,19400.0
2001-12-04,19400.0
2001-12-05,19800.0
2001-12-06,19800.0
2001-12-07,20600.0
2001-12-10,19900.0
2001-12-11,20400.0
2001-12-12,20450.0
2001-12-13,19700.0
2001-12-14,19300.0
2001-12-17,19350.0
2001-12-18,19350.0
2001-12-19,19450.0
2001-12-20,19800.0
2001-12-21,19550.0
2001-12-24,20100.0
2001-12-25,20100.0
2001-12-26,20250.0
2001-12-27,19000.0
2001-12-28,19400.0
2001-12-31,19400.0
2002-01-01,19400.0
2002-01-02,19200.0
2002-01-03,19200.0
2002-01-04,18700.0
2002-01-07,18000.0
2002-01-08,17300.0
2002-01-09,16900.0
2002-01-10,16200.0
2002-01-11,17150.0
2002-01-14,17000.0
2002-01-15,16800.0
2002-01-16,16750.0
2002-01-17,17150.0
2002-01-18,16900.0
2002-01-21,16900.0
2002-01-22,16800.0
2002-01-23,17250.0
2002-01-24,17450.0
2002-01-25,18150.0
2002-01-28,17700.0
2002-01-29,17000.0
2002-01-30,16650.0
2002-01-31,16650.0
2002-02-01,15800.0
2002-02-04,15400.0
2002-02-05,15500.0
2002-02-06,15500.0
2002-02-07,15300.0
2002-02-08,15300.0
2002-02-11,15300.0
2002-02-12,15300.0
2002-02-13,15300.0
2002-02-14,17550.0
2002-02-15,16050.0
2002-02-18,15700.0
2002-02-19,15500.0
2002-02-20,15400.0
2002-02-21,16200.0
2002-02-22,16400.0
2002-02-25,16100.0
2002-02-26,16500.0
2002-02-27,16600.0
2002-02-28,16250.0
2002-03-01,16250.0
2002-03-04,16800.0
2002-03-05,16950.0
2002-03-06,17150.0
2002-03-07,17050.0
2002-03-08,17200.0
2002-03-11,16500.0
2002-03-12,16000.0
2002-03-13,15850.0
2002-03-14,16500.0
2002-03-15,16300.0
2002-03-18,16500.0
2002-03-19,16500.0
2002-03-20,16300.0
2002-03-21,16150.0
2002-03-22,16500.0
2002-03-25,16550.0
2002-03-26,16900.0
2002-03-27,17400.0
2002-03-28,17550.0
2002-03-29,17050.0
2002-04-01,16800.0
2002-04-02,17800.0
2002-04-03,18400.0
2002-04-04,18400.0
2002-04-05,18400.0
2002-04-08,18100.0
2002-04-09,18050.0
2002-04-10,17600.0
2002-04-11,17550.0
2002-04-12,17150.0
2002-04-15,17150.0
2002-04-16,17600.0
2002-04-17,18200.0
2002-04-18,18400.0
2002-04-19,18050.0
2002-04-22,17550.0
2002-04-23,18050.0
2002-04-24,18400.0
2002-04-25,18500.0
2002-04-26,18100.0
2002-04-29,18000.0
2002-04-30,18500.0
2002-05-01,18500.0
2002-05-02,18450.0
2002-05-03,18400.0
2002-05-06,17700.0
2002-05-07,17900.0
2002-05-08,17600.0
2002-05-09,16800.0
2002-05-10,17000.0
2002-05-13,16900.0
2002-05-14,17450.0
2002-05-15,17450.0
2002-05-16,17400.0
2002-05-17,17950.0
2002-05-20,17150.0
2002-05-21,16750.0
2002-05-22,17500.0
2002-05-23,16650.0
2002-05-24,17000.0
2002-05-27,16650.0
2002-05-28,17000.0
2002-05-29,16700.0
2002-05-30,16450.0
2002-05-31,16250.0
2002-06-03,16200.0
2002-06-04,16000.0
2002-06-05,16150.0
2002-06-06,16150.0
2002-06-07,15800.0
2002-06-10,16300.0
2002-06-11,16000.0
2002-06-12,16000.0
2002-06-13,16000.0
2002-06-14,16050.0
2002-06-17,15850.0
2002-06-18,15850.0
2002-06-19,15150.0
2002-06-20,15500.0
2002-06-21,15500.0
2002-06-24,15850.0
2002-06-25,15750.0
2002-06-26,15600.0
2002-06-27,15600.0
2002-06-28,15600.0
2002-07-01,15600.0
2002-07-02,15600.0
2002-07-03,15950.0
2002-07-04,16150.0
2002-07-05,16700.0
2002-07-08,16400.0
2002-07-09,16800.0
2002-07-10,16800.0
2002-07-11,16150.0
2002-07-12,16650.0
2002-07-15,16300.0
2002-07-16,16150.0
2002-07-17,16150.0
2002-07-18,16450.0
2002-07-19,16050.0
2002-07-22,15900.0
2002-07-23,16400.0
2002-07-24,16300.0
2002-07-25,16600.0
2002-07-26,16200.0
2002-07-29,16500.0
2002-07-30,16800.0
2002-07-31,16500.0
2002-08-01,16100.0
2002-08-02,16050.0
2002-08-05,16200.0
2002-08-06,16750.0
2002-08-07,16300.0
2002-08-08,16000.0
2002-08-09,16100.0
2002-08-12,16100.0
2002-08-13,16100.0
2002-08-14,16200.0
2002-08-15,16200.0
2002-08-16,16600.0
2002-08-19,16250.0
2002-08-20,16700.0
2002-08-21,16650.0
2002-08-22,16400.0
2002-08-23,16400.0
2002-08-26,16700.0
2002-08-27,16350.0
2002-08-28,16550.0
2002-08-29,16500.0
2002-08-30,16750.0
2002-09-02,16800.0
2002-09-03,16750.0
2002-09-04,16550.0
2002-09-05,17200.0
2002-09-06,17300.0
2002-09-09,17000.0
2002-09-10,17300.0
2002-09-11,17500.0
2002-09-12,17600.0
2002-09-13,17550.0
2002-09-16,17750.0
2002-09-17,18350.0
2002-09-18,17900.0
2002-09-19,18000.0
2002-09-20,18000.0
2002-09-23,17650.0
2002-09-24,17700.0
2002-09-25,17500.0
2002-09-26,17300.0
2002-09-27,17400.0
2002-09-30,17400.0
2002-10-01,17650.0
2002-10-02,17350.0
2002-10-03,17350.0
2002-10-04,17600.0
2002-10-07,17200.0
2002-10-08,17300.0
2002-10-09,17000.0
2002-10-10,15850.0
2002-10-11,15900.0
2002-10-14,16400.0
2002-10-15,16500.0
2002-10-16,16450.0
2002-10-17,16300.0
2002-10-18,16750.0
2002-10-21,16750.0
2002-10-22,16800.0
2002-10-23,17600.0
2002-10-24,17150.0
2002-10-25,17250.0
2002-10-28,17200.0
2002-10-29,17200.0
2002-10-30,17200.0
2002-10-31,17800.0
2002-11-01,17800.0
2002-11-04,18200.0
2002-11-05,18150.0
2002-11-06,18250.0
2002-11-07,18250.0
2002-11-08,17700.0
2002-11-11,17500.0
2002-11-12,17600.0
2002-11-13,17550.0
2002-11-14,17600.0
2002-11-15,18200.0
2002-11-18,18050.0
2002-11-19,18300.0
2002-11-20,18300.0
2002-11-21,18050.0
2002-11-22,17850.0
2002-11-25,18000.0
2002-11-26,17800.0
2002-11-27,18300.0
2002-11-28,18400.0
2002-11-29,18600.0
2002-12-02,18600.0
2002-12-03,18500.0
2002-12-04,18450.0
2002-12-05,18350.0
2002-12-06,18100.0
2002-12-09,18100.0
2002-12-10,18050.0
2002-12-11,18050.0
2002-12-12,18700.0
2002-12-13,18500.0
2002-12-16,18200.0
2002-12-17,18550.0
2002-12-18,18600.0
2002-12-19,18600.0
2002-12-20,18300.0
2002-12-23,18350.0
2002-12-24,18400.0
2002-12-25,18400.0
2002-12-26,18500.0
2002-12-27,16600.0
2002-12-30,16400.0
2002-12-31,16400.0
2003-01-01,16400.0
2003-01-02,16000.0
2003-01-03,16100.0
2003-01-06,16100.0
2003-01-07,15750.0
2003-01-08,16700.0
2003-01-09,16100.0
2003-01-10,16500.0
2003-01-13,16750.0
2003-01-14,16850.0
2003-01-15,16750.0
2003-01-16,16800.0
2003-01-17,16800.0
2003-01-20,16800.0
2003-01-21,16800.0
2003-01-22,16550.0
2003-01-23,16850.0
2003-01-24,16600.0
2003-01-27,16400.0
2003-01-28,16350.0
2003-01-29,16600.0
2003-01-30,16500.0
2003-01-31,16500.0
2003-02-03,16450.0
2003-02-04,16750.0
2003-02-05,16850.0
2003-02-06,16600.0
2003-02-07,16500.0
2003-02-10,16500.0
2003-02-11,16500.0
2003-02-12,16400.0
2003-02-13,16400.0
2003-02-14,16400.0
2003-02-17,16600.0
2003-02-18,16550.0
2003-02-19,16300.0
2003-02-20,16250.0
2003-02-21,16100.0
2003-02-24,16600.0
2003-02-25,16450.0
2003-02-26,16600.0
2003-02-27,16500.0
2003-02-28,16750.0
2003-03-03,17000.0
2003-03-04,17200.0
2003-03-05,16800.0
2003-03-06,16900.0
2003-03-07,16700.0
2003-03-10,17000.0
2003-03-11,16500.0
2003-03-12,16650.0
2003-03-13,16950.0
2003-03-14,17500.0
2003-03-17,17500.0
2003-03-18,17500.0
2003-03-19,17300.0
2003-03-20,17150.0
2003-03-21,17050.0
2003-03-24,17050.0
2003-03-25,16950.0
2003-03-26,17150.0
2003-03-27,17300.0
2003-03-28,17900.0
2003-03-31,18200.0
2003-04-01,18000.0
2003-04-02,17700.0
2003-04-03,18050.0
2003-04-04,18150.0
2003-04-07,18300.0
2003-04-08,18200.0
2003-04-09,18000.0
2003-04-10,18050.0
2003-04-11,18100.0
2003-04-14,18500.0
2003-04-15,18550.0
2003-04-16,18550.0
2003-04-17,18150.0
2003-04-18,18650.0
2003-04-21,18750.0
2003-04-22,18500.0
2003-04-23,18650.0
2003-04-24,18350.0
2003-04-25,18450.0
2003-04-28,18300.0
2003-04-29,18500.0
2003-04-30,18600.0
2003-05-01,18600.0
2003-05-02,18350.0
2003-05-05,18350.0
2003-05-06,18900.0
2003-05-07,19650.0
2003-05-08,19650.0
2003-05-09,19600.0
2003-05-12,20000.0
2003-05-13,19600.0
2003-05-14,19400.0
2003-05-15,19800.0
2003-05-16,19650.0
2003-05-19,19400.0
2003-05-20,19700.0
2003-05-21,19300.0
2003-05-22,19250.0
2003-05-23,19300.0
2003-05-26,19400.0
2003-05-27,19800.0
2003-05-28,20400.0
2003-05-29,20250.0
2003-05-30,19950.0
2003-06-02,19950.0
2003-06-03,19550.0
2003-06-04,19750.0
2003-06-05,20000.0
2003-06-06,20000.0
2003-06-09,19850.0
2003-06-10,19850.0
2003-06-11,19900.0
2003-06-12,20000.0
2003-06-13,20100.0
2003-06-16,19700.0
2003-06-17,19950.0
2003-06-18,19550.0
2003-06-19,19600.0
2003-06-20,19500.0
2003-06-23,19500.0
2003-06-24,19400.0
2003-06-25,19750.0
2003-06-26,20000.0
2003-06-27,19800.0
2003-06-30,19700.0
2003-07-01,19950.0
2003-07-02,20100.0
2003-07-03,19750.0
2003-07-04,19650.0
2003-07-07,19750.0
2003-07-08,19650.0
2003-07-09,19400.0
2003-07-10,19200.0
2003-07-11,19200.0
2003-07-14,19350.0
2003-07-15,19550.0
2003-07-16,19750.0
2003-07-17,19750.0
2003-07-18,19950.0
2003-07-21,20000.0
2003-07-22,20500.0
2003-07-23,20500.0
2003-07-24,20300.0
2003-07-25,20100.0
2003-07-28,19650.0
2003-07-29,19800.0
2003-07-30,19800.0
2003-07-31,20100.0
2003-08-01,20200.0
2003-08-04,19950.0
2003-08-05,20050.0
2003-08-06,20150.0
2003-08-07,20250.0
2003-08-08,20050.0
2003-08-11,19850.0
2003-08-12,19600.0
2003-08-13,19900.0
2003-08-14,20000.0
2003-08-15,20000.0
2003-08-18,19850.0
2003-08-19,19700.0
2003-08-20,19850.0
2003-08-21,20100.0
2003-08-22,20050.0
2003-08-25,20000.0
2003-08-26,20000.0
2003-08-27,19850.0
2003-08-28,19500.0
2003-08-29,19500.0
2003-09-01,19500.0
2003-09-02,19500.0
2003-09-03,19350.0
2003-09-04,18850.0
2003-09-05,19200.0
2003-09-08,19150.0
2003-09-09,19200.0
2003-09-10,19200.0
2003-09-11,19200.0
2003-09-12,19200.0
2003-09-15,19100.0
2003-09-16,19650.0
2003-09-17,19600.0
2003-09-18,19800.0
2003-09-19,20000.0
2003-09-22,20000.0
2003-09-23,21200.0
2003-09-24,21000.0
2003-09-25,21100.0
2003-09-26,21100.0
2003-09-29,20900.0
2003-09-30,20600.0
2003-10-01,20750.0
2003-10-02,20750.0
2003-10-03,20750.0
2003-10-06,21450.0
2003-10-07,21250.0
2003-10-08,21200.0
2003-10-09,21450.0
2003-10-10,21700.0
2003-10-13,21750.0
2003-10-14,21800.0
2003-10-15,21850.0
2003-10-16,22800.0
2003-10-17,22750.0
2003-10-20,22800.0
2003-10-21,22750.0
2003-10-22,22500.0
2003-10-23,21850.0
2003-10-24,22000.0
2003-10-27,22250.0
2003-10-28,22250.0
2003-10-29,22500.0
2003-10-30,22800.0
2003-10-31,22800.0
2003-11-03,22700.0
2003-11-04,22550.0
2003-11-05,22050.0
2003-11-06,22600.0
2003-11-07,22850.0
2003-11-10,22050.0
2003-11-11,21900.0
2003-11-12,22100.0
2003-11-13,22550.0
2003-11-14,22700.0
2003-11-17,22200.0
2003-11-18,22350.0
2003-11-19,22350.0
2003-11-20,21850.0
2003-11-21,21900.0
2003-11-24,21900.0
2003-11-25,21800.0
2003-11-26,21950.0
2003-11-27,21950.0
2003-11-28,22150.0
2003-12-01,22000.0
2003-12-02,21700.0
2003-12-03,21600.0
2003-12-04,21700.0
2003-12-05,21550.0
2003-12-08,21450.0
2003-12-09,21500.0
2003-12-10,21450.0
2003-12-11,21600.0
2003-12-12,21950.0
2003-12-15,21950.0
2003-12-16,21850.0
2003-12-17,21450.0
2003-12-18,21600.0
2003-12-19,21600.0
2003-12-22,21700.0
2003-12-23,21800.0
2003-12-24,21900.0
2003-12-25,21900.0
2003-12-26,22000.0
2003-12-29,21200.0
2003-12-30,20700.0
2003-12-31,20700.0
2004-01-01,20700.0
2004-01-02,21150.0
2004-01-05,20850.0
2004-01-06,20850.0
2004-01-07,21300.0
2004-01-08,21800.0
2004-01-09,22700.0
2004-01-12,23100.0
2004-01-13,23000.0
2004-01-14,23500.0
2004-01-15,23500.0
2004-01-16,23000.0
2004-01-19,23300.0
2004-01-20,23250.0
2004-01-21,23250.0
2004-01-22,23250.0
2004-01-23,23250.0
2004-01-26,24000.0
2004-01-27,25100.0
2004-01-28,24100.0
2004-01-29,24700.0
2004-01-30,24700.0
2004-02-02,25250.0
2004-02-03,25200.0
2004-02-04,25450.0
2004-02-05,25200.0
2004-02-06,24700.0
2004-02-09,24500.0
2004-02-10,24250.0
2004-02-11,25150.0
2004-02-12,25450.0
2004-02-13,25250.0
2004-02-16,25450.0
2004-02-17,25950.0
2004-02-18,26300.0
2004-02-19,26900.0
2004-02-20,26700.0
2004-02-23,26300.0
2004-02-24,27100.0
2004-02-25,27000.0
2004-02-26,27050.0
2004-02-27,27650.0
2004-03-01,27650.0
2004-03-02,28000.0
2004-03-03,27050.0
2004-03-04,27300.0
2004-03-05,27000.0
2004-03-08,28300.0
2004-03-09,27750.0
2004-03-10,26300.0
2004-03-11,26100.0
2004-03-12,26300.0
2004-03-15,26000.0
2004-03-16,26000.0
2004-03-17,26200.0
2004-03-18,26150.0
2004-03-19,26250.0
2004-03-22,25650.0
2004-03-23,25650.0
2004-03-24,25600.0
2004-03-25,26200.0
2004-03-26,27800.0
2004-03-29,27750.0
2004-03-30,26600.0
2004-03-31,26350.0
2004-04-01,26100.0
2004-04-02,26100.0
2004-04-05,26100.0
2004-04-06,26050.0
2004-04-07,26100.0
2004-04-08,26000.0
2004-04-09,26200.0
2004-04-12,26550.0
2004-04-13,26150.0
2004-04-14,26250.0
2004-04-15,26250.0
2004-04-16,26050.0
2004-04-19,27000.0
2004-04-20,26950.0
2004-04-21,26900.0
2004-04-22,26450.0
2004-04-23,26700.0
2004-04-26,26600.0
2004-04-27,27200.0
2004-04-28,27500.0
2004-04-29,28500.0
2004-04-30,29800.0
2004-05-03,29200.0
2004-05-04,28000.0
2004-05-05,28000.0
2004-05-06,28200.0
2004-05-07,28300.0
2004-05-10,27400.0
2004-05-11,28200.0
2004-05-12,28000.0
2004-05-13,26500.0
2004-05-14,27550.0
2004-05-17,27500.0
2004-05-18,26200.0
2004-05-19,25900.0
2004-05-20,26000.0
2004-05-21,26200.0
2004-05-24,26000.0
2004-05-25,26500.0
2004-05-26,26500.0
2004-05-27,26850.0
2004-05-28,26450.0
2004-05-31,26200.0
2004-06-01,26850.0
2004-06-02,26500.0
2004-06-03,26750.0
2004-06-04,27500.0
2004-06-07,28200.0
2004-06-08,27900.0
2004-06-09,26700.0
2004-06-10,26400.0
2004-06-11,26500.0
2004-06-14,26500.0
2004-06-15,27000.0
2004-06-16,26800.0
2004-06-17,27100.0
2004-06-18,26650.0
2004-06-21,27400.0
2004-06-22,27000.0
2004-06-23,26650.0
2004-06-24,27000.0
2004-06-25,27100.0
2004-06-28,27600.0
2004-06-29,27000.0
2004-06-30,26700.0
2004-07-01,26700.0
2004-07-02,26750.0
2004-07-05,26650.0
2004-07-06,27200.0
2004-07-07,27200.0
2004-07-08,27000.0
2004-07-09,27150.0
2004-07-12,27650.0
2004-07-13,27900.0
2004-07-14,27600.0
2004-07-15,27900.0
2004-07-16,27700.0
2004-07-19,28100.0
2004-07-20,27900.0
2004-07-21,28950.0
2004-07-22,27800.0
2004-07-23,27600.0
2004-07-26,28100.0
2004-07-27,28050.0
2004-07-28,28700.0
2004-07-29,28100.0
2004-07-30,28100.0
2004-08-02,28100.0
2004-08-03,28900.0
2004-08-04,29400.0
2004-08-05,29350.0
2004-08-06,28850.0
2004-08-09,29600.0
2004-08-10,29400.0
2004-08-11,28800.0
2004-08-12,28800.0
2004-08-13,29050.0
2004-08-16,29300.0
2004-08-17,29300.0
2004-08-18,29100.0
2004-08-19,29300.0
2004-08-20,29550.0
2004-08-23,29500.0
2004-08-24,29500.0
2004-08-25,29800.0
2004-08-26,29500.0
2004-08-27,29450.0
2004-08-30,29400.0
2004-08-31,29400.0
2004-09-01,30250.0
2004-09-02,30000.0
2004-09-03,30300.0
2004-09-06,31300.0
2004-09-07,31350.0
2004-09-08,30500.0
2004-09-09,30300.0
2004-09-10,30250.0
2004-09-13,30500.0
2004-09-14,30100.0
2004-09-15,29900.0
2004-09-16,29550.0
2004-09-17,29750.0
2004-09-20,29500.0
2004-09-21,29350.0
2004-09-22,29550.0
2004-09-23,30450.0
2004-09-24,30500.0
2004-09-27,30500.0
2004-09-28,30500.0
2004-09-29,30500.0
2004-09-30,30450.0
2004-10-01,30500.0
2004-10-04,30550.0
2004-10-05,30800.0
2004-10-06,30600.0
2004-10-07,30900.0
2004-10-08,30700.0
2004-10-11,31150.0
2004-10-12,30900.0
2004-10-13,30850.0
2004-10-14,29750.0
2004-10-15,29900.0
2004-10-18,30150.0
2004-10-19,29700.0
2004-10-20,29650.0
2004-10-21,29650.0
2004-10-22,29750.0
2004-10-25,28700.0
2004-10-26,29100.0
2004-10-27,29050.0
2004-10-28,30400.0
2004-10-29,31000.0
2004-11-01,30600.0
2004-11-02,31000.0
2004-11-03,31000.0
2004-11-04,31000.0
2004-11-05,31350.0
2004-11-08,31050.0
2004-11-09,30450.0
2004-11-10,30950.0
2004-11-11,30900.0
2004-11-12,31750.0
2004-11-15,32250.0
2004-11-16,31600.0
2004-11-17,32000.0
2004-11-18,31400.0
2004-11-19,31500.0
2004-11-22,32200.0
2004-11-23,31650.0
2004-11-24,32800.0
2004-11-25,32800.0
2004-11-26,32000.0
2004-11-29,32400.0
2004-11-30,33400.0
2004-12-01,33000.0
2004-12-02,32000.0
2004-12-03,31400.0
2004-12-06,30600.0
2004-12-07,31100.0
2004-12-08,31650.0
2004-12-09,31000.0
2004-12-10,31000.0
2004-12-13,31150.0
2004-12-14,31000.0
2004-12-15,31300.0
2004-12-16,31500.0
2004-12-17,32000.0
2004-12-20,31800.0
2004-12-21,31700.0
2004-12-22,31800.0
2004-12-23,31300.0
2004-12-24,31700.0
2004-12-27,31950.0
2004-12-28,32000.0
2004-12-29,31000.0
2004-12-30,30950.0
2004-12-31,30950.0
2005-01-03,30650.0
2005-01-04,31000.0
2005-01-05,31500.0
2005-01-06,31000.0
2005-01-07,31200.0
2005-01-10,31450.0
2005-01-11,31300.0
2005-01-12,31500.0
2005-01-13,31500.0
2005-01-14,31200.0
2005-01-17,31300.0
2005-01-18,31200.0
2005-01-19,31500.0
2005-01-20,31450.0
2005-01-21,31800.0
2005-01-24,31500.0
2005-01-25,31500.0
2005-01-26,31600.0
2005-01-27,31800.0
2005-01-28,31800.0
2005-01-31,31500.0
2005-02-01,31350.0
2005-02-02,31800.0
2005-02-03,31700.0
2005-02-04,31600.0
2005-02-07,32000.0
2005-02-08,32000.0
2005-02-09,32000.0
2005-02-10,32000.0
2005-02-11,31700.0
2005-02-14,31700.0
2005-02-15,31500.0
2005-02-16,31750.0
2005-02-17,31750.0
2005-02-18,32150.0
2005-02-21,31800.0
2005-02-22,31850.0
2005-02-23,31650.0
2005-02-24,31500.0
2005-02-25,31850.0
2005-02-28,31650.0
2005-03-01,31650.0
2005-03-02,31650.0
2005-03-03,31700.0
2005-03-04,31750.0
2005-03-07,31000.0
2005-03-08,29950.0
2005-03-09,31050.0
2005-03-10,30000.0
2005-03-11,31750.0
2005-03-14,32500.0
2005-03-15,31350.0
2005-03-16,31200.0
2005-03-17,30500.0
2005-03-18,32600.0
2005-03-21,33700.0
2005-03-22,34150.0
2005-03-23,34000.0
2005-03-24,32950.0
2005-03-25,33000.0
2005-03-28,33500.0
2005-03-29,33250.0
2005-03-30,33000.0
2005-03-31,33000.0
2005-04-01,33700.0
2005-04-04,34200.0
2005-04-05,34200.0
2005-04-06,34500.0
2005-04-07,34700.0
2005-04-08,34700.0
2005-04-11,35000.0
2005-04-12,35450.0
2005-04-13,35100.0
2005-04-14,34450.0
2005-04-15,34200.0
2005-04-18,33900.0
2005-04-19,34000.0
2005-04-20,35000.0
2005-04-21,35000.0
2005-04-22,34500.0
2005-04-25,34300.0
2005-04-26,34450.0
2005-04-27,35000.0
2005-04-28,35500.0
2005-04-29,36000.0
2005-05-02,36400.0
2005-05-03,36000.0
2005-05-04,38000.0
2005-05-05,38000.0
2005-05-06,37650.0
2005-05-09,36100.0
2005-05-10,36200.0
2005-05-11,36350.0
2005-05-12,36350.0
2005-05-13,35800.0
2005-05-16,35700.0
2005-05-17,35950.0
2005-05-18,35500.0
2005-05-19,35450.0
2005-05-20,35200.0
2005-05-23,35000.0
2005-05-24,35050.0
2005-05-25,35500.0
2005-05-26,36050.0
2005-05-27,36750.0
2005-05-30,36050.0
2005-05-31,36100.0
2005-06-01,35000.0
2005-06-02,35600.0
2005-06-03,36600.0
2005-06-06,36600.0
2005-06-07,36350.0
2005-06-08,36400.0
2005-06-09,37250.0
2005-06-10,37900.0
2005-06-13,37500.0
2005-06-14,38150.0
2005-06-15,39300.0
2005-06-16,40350.0
2005-06-17,39900.0
2005-06-20,39000.0
2005-06-21,40000.0
2005-06-22,40500.0
2005-06-23,40500.0
2005-06-24,40250.0
2005-06-27,40450.0
2005-06-28,40650.0
2005-06-29,40350.0
2005-06-30,40500.0
2005-07-01,41000.0
2005-07-04,40900.0
2005-07-05,41000.0
2005-07-06,42000.0
2005-07-07,42650.0
2005-07-08,41800.0
2005-07-11,41100.0
2005-07-12,39800.0
2005-07-13,40000.0
2005-07-14,39100.0
2005-07-15,39050.0
2005-07-18,39700.0
2005-07-19,40800.0
2005-07-20,40550.0
2005-07-21,41400.0
2005-07-22,41700.0
2005-07-25,42850.0
2005-07-26,42800.0
2005-07-27,42500.0
2005-07-28,42550.0
2005-07-29,41300.0
2005-08-01,40950.0
2005-08-02,41550.0
2005-08-03,41200.0
2005-08-04,40900.0
2005-08-05,40600.0
2005-08-08,41650.0
2005-08-09,42200.0
2005-08-10,41050.0
2005-08-11,42100.0
2005-08-12,42550.0
2005-08-15,42550.0
2005-08-16,42500.0
2005-08-17,42700.0
2005-08-18,43250.0
2005-08-19,43900.0
2005-08-22,45150.0
2005-08-23,45000.0
2005-08-24,45000.0
2005-08-25,45950.0
2005-08-26,44400.0
2005-08-29,44000.0
2005-08-30,44850.0
2005-08-31,45900.0
2005-09-01,48200.0
2005-09-02,46000.0
2005-09-05,45700.0
2005-09-06,46500.0
2005-09-07,46050.0
2005-09-08,46000.0
2005-09-09,46050.0
2005-09-12,45800.0
2005-09-13,45800.0
2005-09-14,46000.0
2005-09-15,45950.0
2005-09-16,47800.0
2005-09-19,47800.0
2005-09-20,46600.0
2005-09-21,46000.0
2005-09-22,45850.0
2005-09-23,45700.0
2005-09-26,45200.0
2005-09-27,44300.0
2005-09-28,45100.0
2005-09-29,45000.0
2005-09-30,45200.0
2005-10-03,45200.0
2005-10-04,44750.0
2005-10-05,44250.0
2005-10-06,42850.0
2005-10-07,43000.0
2005-10-10,43950.0
2005-10-11,44000.0
2005-10-12,42250.0
2005-10-13,41950.0
2005-10-14,41700.0
2005-10-17,41450.0
2005-10-18,41900.0
2005-10-19,41450.0
2005-10-20,41800.0
2005-10-21,42000.0
2005-10-24,42250.0
2005-10-25,42300.0
2005-10-26,43100.0
2005-10-27,41050.0
2005-10-28,41200.0
2005-10-31,42700.0
2005-11-01,43250.0
2005-11-02,44050.0
2005-11-03,45000.0
2005-11-04,44200.0
2005-11-07,43900.0
2005-11-08,44000.0
2005-11-09,44850.0
2005-11-10,45300.0
2005-11-11,46700.0
2005-11-14,47800.0
2005-11-15,46700.0
2005-11-16,45600.0
2005-11-17,45100.0
2005-11-18,44900.0
2005-11-21,45500.0
2005-11-22,45300.0
2005-11-23,46700.0
2005-11-24,46550.0
2005-11-25,47400.0
2005-11-28,46750.0
2005-11-29,44600.0
2005-11-30,46000.0
2005-12-01,47450.0
2005-12-02,47050.0
2005-12-05,46750.0
2005-12-06,45150.0
2005-12-07,45250.0
2005-12-08,45100.0
2005-12-09,46350.0
2005-12-12,45500.0
2005-12-13,45000.0
2005-12-14,45700.0
2005-12-15,45550.0
2005-12-16,45400.0
2005-12-19,45700.0
2005-12-20,46650.0
2005-12-21,46900.0
2005-12-22,47200.0
2005-12-23,48500.0
2005-12-26,49000.0
2005-12-27,48650.0
2005-12-28,46000.0
2005-12-29,45000.0
2006-01-02,45800.0
2006-01-03,45950.0
2006-01-04,45250.0
2006-01-05,44600.0
2006-01-06,44150.0
2006-01-09,43150.0
2006-01-10,43500.0
2006-01-11,44550.0
2006-01-12,46000.0
2006-01-13,47500.0
2006-01-16,45800.0
2006-01-17,47000.0
2006-01-18,47500.0
2006-01-19,47950.0
2006-01-20,46400.0
2006-01-23,45250.0
2006-01-24,46350.0
2006-01-25,45900.0
2006-01-26,45550.0
2006-01-27,44500.0
2006-01-31,46700.0
2006-02-01,48350.0
2006-02-02,50000.0
2006-02-03,51600.0
2006-02-06,57300.0
2006-02-07,52800.0
2006-02-08,52500.0
2006-02-09,54300.0
2006-02-10,59000.0
2006-02-13,56000.0
2006-02-14,55300.0
2006-02-15,56700.0
2006-02-16,56300.0
2006-02-17,55200.0
2006-02-20,55200.0
2006-02-21,55100.0
2006-02-22,53000.0
2006-02-23,51200.0
2006-02-24,57300.0
2006-02-27,57300.0
2006-02-28,57500.0
2006-03-02,59200.0
2006-03-03,58600.0
2006-03-06,56600.0
2006-03-07,54100.0
2006-03-08,56200.0
2006-03-09,58000.0
2006-03-10,57300.0
2006-03-13,56400.0
2006-03-14,54900.0
2006-03-15,54400.0
2006-03-16,55100.0
2006-03-17,54000.0
2006-03-20,54500.0
2006-03-21,56600.0
2006-03-22,55800.0
2006-03-23,57100.0
2006-03-24,55700.0
2006-03-27,54900.0
2006-03-28,55400.0
2006-03-29,56200.0
2006-03-30,55900.0
2006-03-31,54800.0
2006-04-03,54900.0
2006-04-04,54900.0
2006-04-05,55500.0
2006-04-06,57000.0
2006-04-07,56500.0
2006-04-10,56300.0
2006-04-11,55600.0
2006-04-12,54500.0
2006-04-13,54900.0
2006-04-14,56500.0
2006-04-17,56500.0
2006-04-18,56000.0
2006-04-19,55500.0
2006-04-20,54100.0
2006-04-21,53900.0
2006-04-24,52000.0
2006-04-25,52800.0
2006-04-26,53600.0
2006-04-27,53000.0
2006-04-28,52800.0
2006-05-02,51600.0
2006-05-03,50800.0
2006-05-04,54500.0
2006-05-08,53200.0
2006-05-09,55100.0
2006-05-10,55200.0
2006-05-11,53700.0
2006-05-12,53100.0
2006-05-15,52500.0
2006-05-16,51500.0
2006-05-17,52000.0
2006-05-18,50500.0
2006-05-19,52100.0
2006-05-22,52100.0
2006-05-23,52000.0
2006-05-24,51000.0
2006-05-25,53500.0
2006-05-26,56100.0
2006-05-29,56200.0
2006-05-30,56000.0
2006-05-31,56200.0
2006-06-01,53800.0
2006-06-02,54000.0
2006-06-05,54000.0
2006-06-07,52300.0
2006-06-08,50800.0
2006-06-09,53000.0
2006-06-12,52800.0
2006-06-13,51400.0
2006-06-14,52500.0
2006-06-15,51000.0
2006-06-16,52400.0
2006-06-19,52000.0
2006-06-20,51400.0
2006-06-21,51000.0
2006-06-22,51700.0
2006-06-23,51900.0
2006-06-26,52000.0
2006-06-27,52100.0
2006-06-28,52800.0
2006-06-29,54700.0
2006-06-30,55400.0
2006-07-03,55600.0
2006-07-04,55100.0
2006-07-05,55800.0
2006-07-06,55500.0
2006-07-07,57000.0
2006-07-10,59500.0
2006-07-11,59400.0
2006-07-12,57000.0
2006-07-13,57600.0
2006-07-14,57000.0
2006-07-18,56200.0
2006-07-19,57100.0
2006-07-20,58000.0
2006-07-21,58200.0
2006-07-24,57100.0
2006-07-25,58700.0
2006-07-26,58100.0
2006-07-27,57700.0
2006-07-28,57500.0
2006-07-31,57600.0
2006-08-01,57100.0
2006-08-02,57900.0
2006-08-03,56400.0
2006-08-04,57200.0
2006-08-07,56800.0
2006-08-08,57500.0
2006-08-09,58700.0
2006-08-10,60900.0
2006-08-11,60900.0
2006-08-14,60400.0
2006-08-16,59300.0
2006-08-17,59600.0
2006-08-18,57900.0
2006-08-21,58800.0
2006-08-22,59100.0
2006-08-23,58900.0
2006-08-24,59000.0
2006-08-25,59000.0
2006-08-28,56100.0
2006-08-29,57000.0
2006-08-30,56400.0
2006-08-31,56400.0
2006-09-01,56000.0
2006-09-04,55900.0
2006-09-05,55900.0
2006-09-06,56600.0
2006-09-07,56000.0
2006-09-08,55800.0
2006-09-11,55900.0
2006-09-12,56100.0
2006-09-13,56600.0
2006-09-14,57000.0
2006-09-15,57800.0
2006-09-18,58800.0
2006-09-19,58700.0
2006-09-20,58500.0
2006-09-21,58500.0
2006-09-22,57900.0
2006-09-25,58000.0
2006-09-26,57700.0
2006-09-27,57700.0
2006-09-28,57000.0
2006-09-29,57500.0
2006-10-02,57500.0
2006-10-04,57000.0
2006-10-09,56000.0
2006-10-10,55500.0
2006-10-11,55100.0
2006-10-12,55000.0
2006-10-13,55000.0
2006-10-16,55000.0
2006-10-17,54900.0
2006-10-18,54900.0
2006-10-19,55800.0
2006-10-20,56500.0
2006-10-23,57100.0
2006-10-24,57200.0
2006-10-25,57400.0
2006-10-26,57200.0
2006-10-27,57500.0
2006-10-30,57700.0
2006-10-31,58200.0
2006-11-01,58300.0
2006-11-02,58300.0
2006-11-03,59200.0
2006-11-06,59300.0
2006-11-07,58400.0
2006-11-08,58200.0
2006-11-09,58300.0
2006-11-10,57700.0
2006-11-13,56800.0
2006-11-14,58200.0
2006-11-15,58200.0
2006-11-16,58200.0
2006-11-17,58200.0
2006-11-20,58000.0
2006-11-21,58200.0
2006-11-22,58400.0
2006-11-23,59100.0
2006-11-24,58900.0
2006-11-27,58700.0
2006-11-28,59800.0
2006-11-29,59800.0
2006-11-30,60900.0
2006-12-01,61600.0
2006-12-04,63100.0
2006-12-05,60500.0
2006-12-06,60000.0
2006-12-07,59800.0
2006-12-08,59500.0
2006-12-11,59500.0
2006-12-12,59900.0
2006-12-13,59600.0
2006-12-14,60000.0
2006-12-15,59800.0
2006-12-18,60200.0
2006-12-19,60000.0
2006-12-20,60100.0
2006-12-21,59600.0
2006-12-22,59700.0
2006-12-26,59800.0
2006-12-27,57000.0
2006-12-28,56500.0
2007-01-02,56300.0
2007-01-03,55700.0
2007-01-04,55400.0
2007-01-05,56700.0
2007-01-08,55700.0
2007-01-09,56500.0
2007-01-10,55800.0
2007-01-11,55400.0
2007-01-12,55600.0
2007-01-15,56300.0
2007-01-16,56300.0
2007-01-17,56300.0
2007-01-18,56200.0
2007-01-19,56100.0
2007-01-22,57200.0
2007-01-23,57500.0
2007-01-24,56300.0
2007-01-25,57200.0
2007-01-26,57400.0
2007-01-29,57600.0
2007-01-30,57600.0
2007-01-31,57300.0
2007-02-01,57900.0
2007-02-02,58600.0
2007-02-05,58200.0
2007-02-06,58500.0
2007-02-07,58000.0
2007-02-08,56700.0
2007-02-09,57500.0
2007-02-12,57400.0
2007-02-13,57500.0
2007-02-14,57700.0
2007-02-15,57300.0
2007-02-16,57600.0
2007-02-20,57400.0
2007-02-21,57700.0
2007-02-22,58600.0
2007-02-23,59000.0
2007-02-26,58900.0
2007-02-27,58100.0
2007-02-28,57000.0
2007-03-01,56900.0
2007-03-05,55200.0
2007-03-06,56200.0
2007-03-07,58900.0
2007-03-08,56700.0
2007-03-09,56000.0
2007-03-12,56000.0
2007-03-13,56100.0
2007-03-14,56300.0
2007-03-15,56500.0
2007-03-16,57200.0
2007-03-19,57600.0
2007-03-20,58000.0
2007-03-21,58400.0
2007-03-22,59100.0
2007-03-23,60900.0
2007-03-26,61200.0
2007-03-27,60600.0
2007-03-28,60500.0
2007-03-29,60500.0
2007-03-30,61500.0
2007-04-02,61600.0
2007-04-03,61400.0
2007-04-04,61600.0
2007-04-05,61500.0
2007-04-06,61500.0
2007-04-09,60400.0
2007-04-10,60400.0
2007-04-11,61300.0
2007-04-12,63600.0
2007-04-13,62500.0
2007-04-16,64800.0
2007-04-17,65100.0
2007-04-18,65400.0
2007-04-19,64200.0
2007-04-20,65100.0
2007-04-23,66000.0
2007-04-24,66000.0
2007-04-25,67100.0
2007-04-26,67400.0
2007-04-27,68000.0
2007-04-30,67100.0
2007-05-02,66600.0
2007-05-03,66400.0
2007-05-04,65900.0
2007-05-07,65200.0
2007-05-08,65000.0
2007-05-09,66700.0
2007-05-10,68000.0
2007-05-11,68300.0
2007-05-14,69200.0
2007-05-15,68000.0
2007-05-16,68500.0
2007-05-17,68200.0
2007-05-18,66900.0
2007-05-21,67000.0
2007-05-22,66700.0
2007-05-23,68500.0
2007-05-25,68900.0
2007-05-28,69300.0
2007-05-29,69900.0
2007-05-30,68200.0
2007-05-31,68000.0
2007-06-01,66900.0
2007-06-04,66500.0
2007-06-05,67800.0
2007-06-07,69000.0
2007-06-08,69000.0
2007-06-11,68400.0
2007-06-12,68600.0
2007-06-13,68700.0
2007-06-14,70400.0
2007-06-15,70000.0
2007-06-18,69200.0
2007-06-19,68300.0
2007-06-20,66900.0
2007-06-21,65400.0
2007-06-22,63700.0
2007-06-25,65100.0
2007-06-26,66800.0
2007-06-27,66200.0
2007-06-28,65100.0
2007-06-29,65000.0
2007-07-02,65000.0
2007-07-03,68500.0
2007-07-04,69000.0
2007-07-05,70900.0
2007-07-06,70500.0
2007-07-09,71000.0
2007-07-10,69100.0
2007-07-11,68100.0
2007-07-12,68500.0
2007-07-13,70200.0
2007-07-16,71300.0
2007-07-18,71000.0
2007-07-19,72300.0
2007-07-20,72400.0
2007-07-23,71500.0
2007-07-24,70800.0
2007-07-25,70700.0
2007-07-26,72200.0
2007-07-27,69200.0
2007-07-30,68900.0
2007-07-31,69100.0
2007-08-01,67000.0
2007-08-02,67000.0
2007-08-03,67500.0
2007-08-06,66700.0
2007-08-07,67500.0
2007-08-08,68900.0
2007-08-09,68400.0
2007-08-10,66900.0
2007-08-13,66500.0
2007-08-14,67300.0
2007-08-16,64600.0
2007-08-17,62400.0
2007-08-20,65100.0
2007-08-21,66000.0
2007-08-22,66200.0
2007-08-23,66900.0
2007-08-24,66700.0
2007-08-27,67200.0
2007-08-28,67800.0
2007-08-29,68800.0
2007-08-30,71300.0
2007-08-31,71400.0
2007-09-03,70300.0
2007-09-04,68700.0
2007-09-05,67900.0
2007-09-06,69900.0
2007-09-07,68800.0
2007-09-10,68800.0
2007-09-11,70600.0
2007-09-12,70300.0
2007-09-13,71500.0
2007-09-14,72100.0
2007-09-17,72400.0
2007-09-18,71400.0
2007-09-19,71700.0
2007-09-20,71000.0
2007-09-21,69700.0
2007-09-27,72200.0
2007-09-28,71500.0
2007-10-01,72000.0
2007-10-02,73000.0
2007-10-04,72800.0
2007-10-05,73200.0
2007-10-08,73300.0
2007-10-09,73500.0
2007-10-10,75000.0
2007-10-11,76800.0
2007-10-12,76600.0
2007-10-15,74300.0
2007-10-16,73000.0
2007-10-17,70200.0
2007-10-18,72000.0
2007-10-19,71200.0
2007-10-22,67900.0
2007-10-23,67600.0
2007-10-24,68700.0
2007-10-25,70900.0
2007-10-26,72000.0
2007-10-29,71000.0
2007-10-30,71400.0
2007-10-31,72400.0
2007-11-01,74700.0
2007-11-02,75500.0
2007-11-05,74600.0
2007-11-06,74800.0
2007-11-07,75600.0
2007-11-08,73500.0
2007-11-09,75800.0
2007-11-12,74200.0
2007-11-13,74300.0
2007-11-14,77200.0
2007-11-15,76800.0
2007-11-16,76800.0
2007-11-19,79800.0
2007-11-20,80900.0
2007-11-21,78600.0
2007-11-22,77500.0
2007-11-23,76700.0
2007-11-26,78600.0
2007-11-27,79400.0
2007-11-28,79400.0
2007-11-29,79100.0
2007-11-30,76800.0
2007-12-03,79100.0
2007-12-04,81100.0
2007-12-05,83600.0
2007-12-06,81500.0
2007-12-07,82000.0
2007-12-10,83000.0
2007-12-11,83200.0
2007-12-12,83700.0
2007-12-13,86000.0
2007-12-14,84700.0
2007-12-17,84400.0
2007-12-18,82900.0
2007-12-20,80400.0
2007-12-21,82400.0
2007-12-24,83000.0
2007-12-26,81600.0
2007-12-27,81300.0
2007-12-28,79700.0
2008-01-02,77600.0
2008-01-03,79400.0
2008-01-04,78900.0
2008-01-07,79800.0
2008-01-08,82000.0
2008-01-09,82900.0
2008-01-10,81400.0
2008-01-11,82200.0
2008-01-14,82200.0
2008-01-15,80600.0
2008-01-16,80000.0
2008-01-17,82200.0
2008-01-18,81600.0
2008-01-21,82900.0
2008-01-22,79600.0
2008-01-23,79300.0
2008-01-24,76900.0
2008-01-25,79100.0
2008-01-28,76400.0
2008-01-29,77900.0
2008-01-30,79800.0
2008-01-31,81000.0
2008-02-01,81500.0
2008-02-04,81900.0
2008-02-05,82600.0
2008-02-11,82300.0
2008-02-12,83400.0
2008-02-13,83400.0
2008-02-14,82800.0
2008-02-15,79700.0
2008-02-18,79700.0
2008-02-19,80400.0
2008-02-20,80600.0
2008-02-21,82100.0
2008-02-22,81400.0
2008-02-25,83000.0
2008-02-26,83000.0
2008-02-27,80700.0
2008-02-28,80000.0
2008-02-29,77800.0
2008-03-03,77800.0
2008-03-04,77000.0
2008-03-05,78500.0
2008-03-06,81000.0
2008-03-07,79800.0
2008-03-10,79000.0
2008-03-11,78800.0
2008-03-12,77100.0
2008-03-13,75000.0
2008-03-14,73800.0
2008-03-17,72700.0
2008-03-18,75600.0
2008-03-19,76000.0
2008-03-20,75100.0
2008-03-21,75100.0
2008-03-24,73800.0
2008-03-25,74200.0
2008-03-26,74800.0
2008-03-27,75500.0
2008-03-28,76800.0
2008-03-31,77600.0
2008-04-01,77000.0
2008-04-02,76200.0
2008-04-03,74900.0
2008-04-04,74000.0
2008-04-07,74800.0
2008-04-08,75000.0
2008-04-10,76500.0
2008-04-11,77000.0
2008-04-14,76500.0
2008-04-15,77700.0
2008-04-16,78900.0
2008-04-17,79500.0
2008-04-18,79100.0
2008-04-21,78400.0
2008-04-22,78900.0
2008-04-23,80500.0
2008-04-24,84000.0
2008-04-25,84700.0
2008-04-28,83100.0
2008-04-29,83500.0
2008-04-30,83000.0
2008-05-01,83000.0
2008-05-02,82000.0
2008-05-05,82000.0
2008-05-06,82700.0
2008-05-07,82500.0
2008-05-08,80700.0
2008-05-09,79100.0
2008-05-12,79100.0
2008-05-13,80800.0
2008-05-14,82000.0
2008-05-15,84900.0
2008-05-16,87500.0
2008-05-19,88700.0
2008-05-20,89100.0
2008-05-21,86500.0
2008-05-22,85200.0
2008-05-23,85600.0
2008-05-26,84600.0
2008-05-27,87000.0
2008-05-28,87100.0
2008-05-29,89000.0
2008-05-30,89400.0
2008-06-02,88300.0
2008-06-03,87500.0
2008-06-04,90200.0
2008-06-05,89500.0
2008-06-06,89500.0
2008-06-09,87600.0
2008-06-10,87800.0
2008-06-11,90300.0
2008-06-12,86700.0
2008-06-13,89600.0
2008-06-16,90100.0
2008-06-17,89500.0
2008-06-18,90000.0
2008-06-19,86800.0
2008-06-20,88400.0
2008-06-23,88900.0
2008-06-24,89000.0
2008-06-25,90000.0
2008-06-26,92100.0
2008-06-27,90000.0
2008-06-30,90000.0
2008-07-01,90000.0
2008-07-02,88200.0
2008-07-03,89000.0
2008-07-04,87000.0
2008-07-07,89600.0
2008-07-08,89200.0
2008-07-09,87500.0
2008-07-10,86500.0
2008-07-11,84000.0
2008-07-14,84500.0
2008-07-15,85100.0
2008-07-16,88000.0
2008-07-17,87700.0
2008-07-18,86600.0
2008-07-21,87700.0
2008-07-22,88000.0
2008-07-23,87800.0
2008-07-24,88400.0
2008-07-25,91000.0
2008-07-28,90300.0
2008-07-29,90000.0
2008-07-30,90300.0
2008-07-31,89800.0
2008-08-01,89600.0
2008-08-04,88700.0
2008-08-05,90300.0
2008-08-06,90700.0
2008-08-07,90800.0
2008-08-08,90200.0
2008-08-11,90900.0
2008-08-12,88800.0
2008-08-13,88900.0
2008-08-14,90000.0
2008-08-15,90000.0
2008-08-18,90300.0
2008-08-19,91600.0
2008-08-20,93100.0
2008-08-21,91300.0
2008-08-22,90200.0
2008-08-25,90500.0
2008-08-26,90600.0
2008-08-27,91900.0
2008-08-28,91000.0
2008-08-29,91800.0
2008-09-01,92300.0
2008-09-02,96500.0
2008-09-03,94000.0
2008-09-04,90600.0
2008-09-05,90300.0
2008-09-08,90400.0
2008-09-09,90900.0
2008-09-10,94500.0
2008-09-11,91800.0
2008-09-12,91400.0
2008-09-15,91400.0
2008-09-16,93100.0
2008-09-17,92000.0
2008-09-18,91700.0
2008-09-19,90000.0
2008-09-22,87500.0
2008-09-23,86600.0
2008-09-24,89100.0
2008-09-25,89800.0
2008-09-26,90300.0
2008-09-29,90700.0
2008-09-30,89800.0
2008-10-01,90300.0
2008-10-02,90300.0
2008-10-03,90300.0
2008-10-06,89400.0
2008-10-07,90000.0
2008-10-08,89800.0
2008-10-09,90000.0
2008-10-10,84600.0
2008-10-13,86700.0
2008-10-14,89500.0
2008-10-15,89900.0
2008-10-16,89800.0
2008-10-17,89500.0
2008-10-20,89400.0
2008-10-21,86300.0
2008-10-22,86700.0
2008-10-23,82000.0
2008-10-24,74500.0
2008-10-27,75000.0
2008-10-28,71600.0
2008-10-29,74300.0
2008-10-30,77300.0
2008-10-31,82800.0
2008-11-03,84100.0
2008-11-04,86700.0
2008-11-05,88000.0
2008-11-06,89000.0
2008-11-07,88700.0
2008-11-10,87000.0
2008-11-11,86900.0
2008-11-12,86900.0
2008-11-13,87000.0
2008-11-14,84100.0
2008-11-17,81700.0
2008-11-18,80100.0
2008-11-19,81900.0
2008-11-20,82800.0
2008-11-21,82100.0
2008-11-24,80700.0
2008-11-25,80900.0
2008-11-26,82300.0
2008-11-27,80500.0
2008-11-28,81400.0
2008-12-01,77000.0
2008-12-02,76000.0
2008-12-03,76800.0
2008-12-04,77800.0
2008-12-05,78100.0
2008-12-08,81400.0
2008-12-09,79700.0
2008-12-10,79000.0
2008-12-11,77700.0
2008-12-12,77000.0
2008-12-15,80000.0
2008-12-16,82000.0
2008-12-17,84000.0
2008-12-18,84500.0
2008-12-19,85400.0
2008-12-22,82600.0
2008-12-23,84500.0
2008-12-24,84400.0
2008-12-25,84000.0
2008-12-26,82500.0
2008-12-29,81000.0
2008-12-30,79100.0
2008-12-31,79100.0
2009-01-02,81000.0
2009-01-05,78400.0
2009-01-06,78400.0
2009-01-07,77800.0
2009-01-08,78500.0
2009-01-09,80700.0
2009-01-12,80900.0
2009-01-13,82700.0
2009-01-14,85500.0
2009-01-15,83400.0
2009-01-16,82700.0
2009-01-19,83400.0
2009-01-20,81100.0
2009-01-21,81000.0
2009-01-22,82000.0
2009-01-23,84500.0
2009-01-28,84500.0
2009-01-29,84500.0
2009-01-30,83000.0
2009-02-02,81100.0
2009-02-03,80500.0
2009-02-04,82500.0
2009-02-05,82500.0
2009-02-06,84000.0
2009-02-09,84000.0
2009-02-10,83700.0
2009-02-11,80900.0
2009-02-12,80000.0
2009-02-13,81800.0
2009-02-16,81900.0
2009-02-17,81300.0
2009-02-18,82800.0
2009-02-19,80200.0
2009-02-20,79100.0
2009-02-23,79100.0
2009-02-24,80200.0
2009-02-25,81400.0
2009-02-26,80000.0
2009-02-27,78900.0
2009-03-02,77700.0
2009-03-03,77200.0
2009-03-04,76800.0
2009-03-05,75800.0
2009-03-06,77600.0
2009-03-09,75200.0
2009-03-10,75500.0
2009-03-11,77200.0
2009-03-12,76300.0
2009-03-13,76600.0
2009-03-16,77700.0
2009-03-17,79700.0
2009-03-18,79000.0
2009-03-19,79800.0
2009-03-20,78200.0
2009-03-23,78100.0
2009-03-24,75500.0
2009-03-25,75100.0
2009-03-26,74800.0
2009-03-27,76500.0
2009-03-30,75500.0
2009-03-31,76100.0
2009-04-01,74700.0
2009-04-02,74900.0
2009-04-03,72600.0
2009-04-06,73100.0
2009-04-07,75400.0
2009-04-08,73600.0
2009-04-09,73500.0
2009-04-10,75000.0
2009-04-13,76100.0
2009-04-14,73300.0
2009-04-15,73900.0
2009-04-16,72500.0
2009-04-17,70500.0
2009-04-20,73100.0
2009-04-21,73100.0
2009-04-22,71500.0
2009-04-23,72800.0
2009-04-24,73000.0
2009-04-27,71500.0
2009-04-28,71400.0
2009-04-29,71500.0
2009-04-30,70600.0
2009-05-04,68800.0
2009-05-06,70200.0
2009-05-07,68600.0
2009-05-08,71600.0
2009-05-11,73200.0
2009-05-12,72100.0
2009-05-13,72700.0
2009-05-14,71100.0
2009-05-15,71000.0
2009-05-18,69700.0
2009-05-19,69300.0
2009-05-20,69600.0
2009-05-21,69400.0
2009-05-22,68500.0
2009-05-25,67100.0
2009-05-26,66500.0
2009-05-27,65200.0
2009-05-28,66900.0
2009-05-29,68200.0
2009-06-01,68900.0
2009-06-02,68400.0
2009-06-03,68400.0
2009-06-04,66300.0
2009-06-05,65900.0
2009-06-08,66000.0
2009-06-09,70700.0
2009-06-10,70600.0
2009-06-11,69800.0
2009-06-12,72000.0
2009-06-15,72300.0
2009-06-16,72500.0
2009-06-17,72500.0
2009-06-18,72000.0
2009-06-19,71800.0
2009-06-22,70000.0
2009-06-23,68500.0
2009-06-24,70500.0
2009-06-25,72200.0
2009-06-26,71100.0
2009-06-29,71900.0
2009-06-30,72000.0
2009-07-01,70700.0
2009-07-02,70100.0
2009-07-03,68900.0
2009-07-06,69900.0
2009-07-07,68800.0
2009-07-08,67200.0
2009-07-09,67000.0
2009-07-10,69700.0
2009-07-13,67600.0
2009-07-14,67800.0
2009-07-15,68900.0
2009-07-16,68300.0
2009-07-17,67000.0
2009-07-20,66800.0
2009-07-21,66100.0
2009-07-22,67000.0
2009-07-23,69300.0
2009-07-24,68000.0
2009-07-27,68700.0
2009-07-28,70900.0
2009-07-29,71300.0
2009-07-30,72000.0
2009-07-31,71300.0
2009-08-03,70000.0
2009-08-04,67900.0
2009-08-05,68200.0
2009-08-06,67900.0
2009-08-07,69300.0
2009-08-10,70400.0
2009-08-11,69800.0
2009-08-12,69300.0
2009-08-13,69000.0
2009-08-14,69800.0
2009-08-17,69000.0
2009-08-18,68300.0
2009-08-19,67700.0
2009-08-20,68300.0
2009-08-21,66800.0
2009-08-24,66900.0
2009-08-25,66900.0
2009-08-26,66900.0
2009-08-27,68100.0
2009-08-28,68000.0
2009-08-31,67300.0
2009-09-01,67100.0
2009-09-02,66700.0
2009-09-03,67500.0
2009-09-04,68000.0
2009-09-07,66600.0
2009-09-08,67000.0
2009-09-09,67400.0
2009-09-10,67900.0
2009-09-11,68000.0
2009-09-14,67900.0
2009-09-15,67500.0
2009-09-16,67800.0
2009-09-17,70300.0
2009-09-18,69100.0
2009-09-21,69300.0
2009-09-22,69000.0
2009-09-23,68900.0
2009-09-24,69400.0
2009-09-25,68300.0
2009-09-28,69100.0
2009-09-29,70900.0
2009-09-30,71400.0
2009-10-01,71500.0
2009-10-05,73200.0
2009-10-06,71700.0
2009-10-07,71600.0
2009-10-08,70300.0
2009-10-09,71000.0
2009-10-12,70900.0
2009-10-13,71000.0
2009-10-14,72100.0
2009-10-15,72400.0
2009-10-16,72000.0
2009-10-19,72000.0
2009-10-20,72100.0
2009-10-21,71200.0
2009-10-22,69500.0
2009-10-23,70300.0
2009-10-26,70700.0
2009-10-27,70300.0
2009-10-28,70700.0
2009-10-29,69900.0
2009-10-30,69100.0
2009-11-02,68900.0
2009-11-03,68900.0
2009-11-04,69000.0
2009-11-05,68800.0
2009-11-06,68600.0
2009-11-09,68000.0
2009-11-10,67800.0
2009-11-11,68700.0
2009-11-12,67500.0
2009-11-13,67200.0
2009-11-16,66900.0
2009-11-17,66400.0
2009-11-18,66800.0
2009-11-19,66800.0
2009-11-20,67000.0
2009-11-23,66800.0
2009-11-24,66600.0
2009-11-25,66600.0
2009-11-26,67700.0
2009-11-27,66700.0
2009-11-30,67400.0
2009-12-01,68000.0
2009-12-02,68400.0
2009-12-03,67400.0
2009-12-04,68900.0
2009-12-07,68300.0
2009-12-08,68400.0
2009-12-09,68900.0
2009-12-10,69700.0
2009-12-11,67900.0
2009-12-14,67700.0
2009-12-15,67200.0
2009-12-16,66900.0
2009-12-17,66600.0
2009-12-18,67000.0
2009-12-21,66500.0
2009-12-22,66600.0
2009-12-23,66800.0
2009-12-24,67300.0
2009-12-28,67500.0
2009-12-29,65100.0
2009-12-30,64400.0
2010-01-04,64700.0
2010-01-05,64000.0
2010-01-06,63100.0
2010-01-07,62600.0
2010-01-08,62300.0
2010-01-11,62300.0
2010-01-12,62500.0
2010-01-13,62600.0
2010-01-14,62400.0
2010-01-15,62900.0
2010-01-18,64800.0
2010-01-19,66400.0
2010-01-20,68100.0
2010-01-21,65500.0
2010-01-22,63300.0
2010-01-25,63000.0
2010-01-26,64300.0
2010-01-27,67200.0
2010-01-28,67400.0
2010-01-29,67700.0
2010-02-01,69600.0
2010-02-02,69600.0
2010-02-03,69800.0
2010-02-04,68300.0
2010-02-05,67200.0
2010-02-08,68100.0
2010-02-09,67600.0
2010-02-10,67100.0
2010-02-11,66900.0
2010-02-12,66800.0
2010-02-16,66600.0
2010-02-17,66500.0
2010-02-18,66000.0
2010-02-19,65700.0
2010-02-22,64600.0
2010-02-23,64800.0
2010-02-24,63800.0
2010-02-25,63200.0
2010-02-26,64200.0
2010-03-02,64400.0
2010-03-03,64300.0
2010-03-04,64500.0
2010-03-05,63900.0
2010-03-08,63900.0
2010-03-09,64400.0
2010-03-10,64200.0
2010-03-11,64100.0
2010-03-12,64200.0
2010-03-15,64200.0
2010-03-16,64200.0
2010-03-17,64400.0
2010-03-18,63300.0
2010-03-19,63800.0
2010-03-22,62600.0
2010-03-23,62700.0
2010-03-24,62100.0
2010-03-25,62700.0
2010-03-26,62900.0
2010-03-29,62300.0
2010-03-30,62900.0
2010-03-31,62600.0
2010-04-01,62700.0
2010-04-02,61200.0
2010-04-05,59900.0
2010-04-06,60500.0
2010-04-07,62400.0
2010-04-08,62300.0
2010-04-09,62300.0
2010-04-12,61700.0
2010-04-13,60400.0
2010-04-14,60500.0
2010-04-15,59800.0
2010-04-16,58500.0
2010-04-19,58000.0
2010-04-20,59800.0
2010-04-21,59500.0
2010-04-22,59500.0
2010-04-23,58000.0
2010-04-26,58500.0
2010-04-27,57900.0
2010-04-28,56900.0
2010-04-29,56100.0
2010-04-30,56000.0
2010-05-03,56000.0
2010-05-04,56400.0
2010-05-06,56700.0
2010-05-07,56200.0
2010-05-10,56600.0
2010-05-11,57400.0
2010-05-12,59000.0
2010-05-13,58900.0
2010-05-14,58400.0
2010-05-17,58400.0
2010-05-18,59700.0
2010-05-19,59600.0
2010-05-20,59100.0
2010-05-24,57400.0
2010-05-25,56500.0
2010-05-26,56100.0
2010-05-27,57200.0
2010-05-28,58000.0
2010-05-31,60100.0
2010-06-01,62500.0
2010-06-03,62200.0
2010-06-04,62800.0
2010-06-07,61900.0
2010-06-08,61500.0
2010-06-09,61600.0
2010-06-10,61000.0
2010-06-11,62000.0
2010-06-14,62000.0
2010-06-15,62000.0
2010-06-16,62300.0
2010-06-17,63300.0
2010-06-18,63300.0
2010-06-21,62700.0
2010-06-22,61000.0
2010-06-23,60300.0
2010-06-24,59400.0
2010-06-25,59700.0
2010-06-28,59600.0
2010-06-29,59800.0
2010-06-30,60200.0
2010-07-01,60000.0
2010-07-02,61100.0
2010-07-05,61600.0
2010-07-06,61300.0
2010-07-07,60000.0
2010-07-08,59700.0
2010-07-09,58600.0
2010-07-12,58600.0
2010-07-13,59200.0
2010-07-14,59900.0
2010-07-15,60300.0
2010-07-16,60500.0
2010-07-19,59200.0
2010-07-20,59100.0
2010-07-21,59900.0
2010-07-22,58600.0
2010-07-23,59300.0
2010-07-26,59400.0
2010-07-27,59500.0
2010-07-28,59000.0
2010-07-29,59200.0
2010-07-30,59400.0
2010-08-02,59000.0
2010-08-03,58900.0
2010-08-04,59100.0
2010-08-05,59800.0
2010-08-06,61800.0
2010-08-09,61600.0
2010-08-10,61400.0
2010-08-11,60500.0
2010-08-12,60400.0
2010-08-13,61600.0
2010-08-16,60500.0
2010-08-17,61100.0
2010-08-18,61800.0
2010-08-19,62300.0
2010-08-20,62300.0
2010-08-23,61000.0
2010-08-24,60800.0
2010-08-25,60600.0
2010-08-26,61600.0
2010-08-27,61600.0
2010-08-30,61400.0
2010-08-31,61000.0
2010-09-01,61800.0
2010-09-02,61800.0
2010-09-03,61900.0
2010-09-06,62200.0
2010-09-07,62200.0
2010-09-08,61000.0
2010-09-09,62400.0
2010-09-10,63100.0
2010-09-13,62700.0
2010-09-14,63800.0
2010-09-15,64300.0
2010-09-16,65600.0
2010-09-17,66100.0
2010-09-20,65500.0
2010-09-24,66900.0
2010-09-27,67300.0
2010-09-28,67500.0
2010-09-29,69000.0
2010-09-30,68000.0
2010-10-01,67700.0
2010-10-04,66800.0
2010-10-05,68100.0
2010-10-06,68900.0
2010-10-07,69300.0
2010-10-08,69700.0
2010-10-11,70000.0
2010-10-12,70300.0
2010-10-13,70900.0
2010-10-14,69100.0
2010-10-15,69700.0
2010-10-18,68000.0
2010-10-19,66600.0
2010-10-20,66400.0
2010-10-21,66000.0
2010-10-22,66600.0
2010-10-25,66800.0
2010-10-26,67100.0
2010-10-27,68200.0
2010-10-28,69600.0
2010-10-29,69100.0
2010-11-01,69200.0
2010-11-02,69500.0
2010-11-03,69600.0
2010-11-04,68800.0
2010-11-05,68000.0
2010-11-08,67800.0
2010-11-09,68800.0
2010-11-10,67400.0
2010-11-11,62800.0
2010-11-12,63800.0
2010-11-15,63600.0
2010-11-16,63000.0
2010-11-17,63000.0
2010-11-18,63200.0
2010-11-19,63100.0
2010-11-22,64100.0
2010-11-23,62800.0
2010-11-24,61500.0
2010-11-25,62200.0
2010-11-26,62700.0
2010-11-29,63200.0
2010-11-30,62700.0
2010-12-01,64400.0
2010-12-02,65400.0
2010-12-03,65800.0
2010-12-06,64400.0
2010-12-07,64300.0
2010-12-08,63900.0
2010-12-09,66600.0
2010-12-10,66400.0
2010-12-13,67000.0
2010-12-14,67200.0
2010-12-15,67300.0
2010-12-16,67900.0
2010-12-17,68000.0
2010-12-20,67900.0
2010-12-21,67900.0
2010-12-22,67900.0
2010-12-23,68000.0
2010-12-24,67800.0
2010-12-27,68300.0
2010-12-28,68600.0
2010-12-29,65200.0
2010-12-30,64700.0
2011-01-03,65700.0
2011-01-04,65600.0
2011-01-05,65300.0
2011-01-06,65300.0
2011-01-07,65200.0
2011-01-10,64100.0
2011-01-11,63600.0
2011-01-12,64600.0
2011-01-13,64600.0
2011-01-14,65100.0
2011-01-17,63500.0
2011-01-18,62300.0
2011-01-19,62200.0
2011-01-20,62200.0
2011-01-21,62100.0
2011-01-24,60800.0
2011-01-25,62100.0
2011-01-26,60900.0
2011-01-27,60500.0
2011-01-28,59900.0
2011-01-31,59100.0
2011-02-01,59800.0
2011-02-07,59800.0
2011-02-08,58700.0
2011-02-09,58000.0
2011-02-10,57000.0
2011-02-11,56800.0
2011-02-14,56800.0
2011-02-15,57300.0
2011-02-16,56600.0
2011-02-17,57100.0
2011-02-18,57600.0
2011-02-21,57100.0
2011-02-22,57400.0
2011-02-23,57100.0
2011-02-24,58500.0
2011-02-25,59400.0
2011-02-28,57300.0
2011-03-02,58200.0
2011-03-03,59000.0
2011-03-04,60700.0
2011-03-07,60000.0
2011-03-08,58600.0
2011-03-09,58500.0
2011-03-10,57300.0
2011-03-11,56800.0
2011-03-14,57500.0
2011-03-15,56200.0
2011-03-16,55600.0
2011-03-17,54900.0
2011-03-18,54400.0
2011-03-21,54400.0
2011-03-22,54600.0
2011-03-23,55000.0
2011-03-24,55800.0
2011-03-25,56100.0
2011-03-28,55500.0
2011-03-29,55500.0
2011-03-30,56300.0
2011-03-31,57100.0
2011-04-01,57900.0
2011-04-04,58100.0
2011-04-05,58400.0
2011-04-06,57100.0
2011-04-07,57000.0
2011-04-08,56000.0
2011-04-11,55400.0
2011-04-12,55000.0
2011-04-13,54400.0
2011-04-14,55000.0
2011-04-15,54000.0
2011-04-18,54300.0
2011-04-19,54200.0
2011-04-20,56700.0
2011-04-21,57200.0
2011-04-22,57600.0
2011-04-25,58200.0
2011-04-26,58800.0
2011-04-27,62900.0
2011-04-28,62900.0
2011-04-29,63400.0
2011-05-02,66200.0
2011-05-03,65700.0
2011-05-04,65300.0
2011-05-06,65100.0
2011-05-09,64700.0
2011-05-11,65100.0
2011-05-12,64400.0
2011-05-13,62900.0
2011-05-16,62900.0
2011-05-17,62600.0
2011-05-18,63500.0
2011-05-19,62900.0
2011-05-20,63300.0
2011-05-23,62600.0
2011-05-24,64000.0
2011-05-25,64600.0
2011-05-26,65300.0
2011-05-27,64900.0
2011-05-30,63500.0
2011-05-31,63300.0
2011-06-01,65700.0
2011-06-02,65300.0
2011-06-03,65800.0
2011-06-07,66000.0
2011-06-08,65500.0
2011-06-09,64500.0
2011-06-10,64000.0
2011-06-13,64500.0
2011-06-14,64400.0
2011-06-15,63800.0
2011-06-16,62800.0
2011-06-17,63700.0
2011-06-20,64800.0
2011-06-21,65400.0
2011-06-22,65200.0
2011-06-23,65100.0
2011-06-24,65700.0
2011-06-27,65100.0
2011-06-28,65300.0
2011-06-29,65200.0
2011-06-30,66400.0
2011-07-01,66900.0
2011-07-04,67300.0
2011-07-05,68400.0
2011-07-06,69500.0
2011-07-07,68700.0
2011-07-08,68700.0
2011-07-11,68300.0
2011-07-12,67600.0
2011-07-13,67600.0
2011-07-14,67000.0
2011-07-15,68000.0
2011-07-18,68100.0
2011-07-19,67200.0
2011-07-20,67600.0
2011-07-21,66000.0
2011-07-22,68000.0
2011-07-25,67000.0
2011-07-26,67600.0
2011-07-27,67300.0
2011-07-28,66500.0
2011-07-29,65600.0
2011-08-01,66900.0
2011-08-02,66200.0
2011-08-03,65300.0
2011-08-04,66400.0
2011-08-05,66900.0
2011-08-08,66800.0
2011-08-09,65500.0
2011-08-10,65500.0
2011-08-11,66200.0
2011-08-12,67000.0
2011-08-16,66600.0
2011-08-17,66200.0
2011-08-18,68900.0
2011-08-19,71000.0
2011-08-22,70200.0
2011-08-23,68200.0
2011-08-24,70100.0
2011-08-25,69800.0
2011-08-26,68500.0
2011-08-29,69300.0
2011-08-30,67400.0
2011-08-31,68800.0
2011-09-01,68400.0
2011-09-02,68800.0
2011-09-05,68900.0
2011-09-06,68700.0
2011-09-07,70000.0
2011-09-08,71500.0
2011-09-09,72200.0
2011-09-14,72800.0
2011-09-15,74900.0
2011-09-16,73000.0
2011-09-19,73100.0
2011-09-20,73500.0
2011-09-21,75200.0
2011-09-22,76600.0
2011-09-23,75300.0
2011-09-26,71500.0
2011-09-27,72800.0
2011-09-28,72800.0
2011-09-29,72400.0
2011-09-30,73500.0
2011-10-04,74600.0
2011-10-05,74800.0
2011-10-06,76900.0
2011-10-07,77000.0
2011-10-10,75000.0
2011-10-11,73400.0
2011-10-12,71800.0
2011-10-13,73200.0
2011-10-14,75400.0
2011-10-17,76300.0
2011-10-18,76900.0
2011-10-19,79300.0
2011-10-20,78800.0
2011-10-21,75500.0
2011-10-24,74300.0
2011-10-25,75500.0
2011-10-26,76700.0
2011-10-27,75200.0
2011-10-28,71700.0
2011-10-31,69500.0
2011-11-01,70200.0
2011-11-02,70000.0
2011-11-03,71600.0
2011-11-04,70300.0
2011-11-07,71200.0
2011-11-08,69700.0
2011-11-09,71300.0
2011-11-10,71800.0
2011-11-11,72300.0
2011-11-14,72800.0
2011-11-15,73500.0
2011-11-16,76000.0
2011-11-17,75400.0
2011-11-18,75400.0
2011-11-21,76600.0
2011-11-22,76600.0
2011-11-23,75400.0
2011-11-24,77700.0
2011-11-25,77100.0
2011-11-28,75000.0
2011-11-29,75700.0
2011-11-30,77400.0
2011-12-01,78500.0
2011-12-02,79500.0
2011-12-05,78400.0
2011-12-06,78200.0
2011-12-07,81500.0
2011-12-08,84200.0
2011-12-09,80900.0
2011-12-12,83500.0
2011-12-13,81700.0
2011-12-14,82400.0
2011-12-15,79800.0
2011-12-16,81300.0
2011-12-19,80200.0
2011-12-20,79600.0
2011-12-21,79300.0
2011-12-22,81900.0
2011-12-23,83300.0
2011-12-26,83400.0
2011-12-27,83100.0
2011-12-28,79900.0
2011-12-29,81400.0
2012-01-02,79300.0
2012-01-03,82800.0
2012-01-04,83200.0
2012-01-05,83200.0
2012-01-06,80400.0
2012-01-09,77300.0
2012-01-10,78300.0
2012-01-11,75700.0
2012-01-12,74800.0
2012-01-13,75600.0
2012-01-16,74900.0
2012-01-17,74900.0
2012-01-18,74000.0
2012-01-19,72100.0
2012-01-20,73700.0
2012-01-25,72800.0
2012-01-26,73200.0
2012-01-27,74600.0
2012-01-30,76700.0
2012-01-31,78600.0
2012-02-01,77700.0
2012-02-02,78100.0
2012-02-03,75300.0
2012-02-06,77100.0
2012-02-07,77200.0
2012-02-08,76200.0
2012-02-09,74300.0
2012-02-10,72800.0
2012-02-13,72300.0
2012-02-14,72700.0
2012-02-15,72600.0
2012-02-16,73500.0
2012-02-17,75500.0
2012-02-20,76100.0
2012-02-21,76900.0
2012-02-22,77900.0
2012-02-23,76800.0
2012-02-24,76000.0
2012-02-27,74100.0
2012-02-28,73100.0
2012-02-29,73200.0
2012-03-02,72600.0
2012-03-05,71000.0
2012-03-06,71400.0
2012-03-07,73800.0
2012-03-08,72200.0
2012-03-09,71000.0
2012-03-12,72500.0
2012-03-13,72800.0
2012-03-14,72400.0
2012-03-15,73300.0
2012-03-16,74600.0
2012-03-19,74800.0
2012-03-20,74900.0
2012-03-21,73100.0
2012-03-22,73700.0
2012-03-23,73200.0
2012-03-26,73000.0
2012-03-27,76000.0
2012-03-28,77500.0
2012-03-29,78400.0
2012-03-30,80400.0
2012-04-02,77900.0
2012-04-03,76100.0
2012-04-04,77800.0
2012-04-05,80000.0
2012-04-06,78000.0
2012-04-09,79300.0
2012-04-10,80000.0
2012-04-12,79800.0
2012-04-13,76900.0
2012-04-16,77700.0
2012-04-17,78900.0
2012-04-18,77900.0
2012-04-19,79500.0
2012-04-20,79400.0
2012-04-23,79700.0
2012-04-24,79600.0
2012-04-25,79300.0
2012-04-26,80000.0
2012-04-27,78200.0
2012-04-30,77600.0
2012-05-02,79200.0
2012-05-03,80000.0
2012-05-04,79800.0
2012-05-07,78500.0
2012-05-08,79700.0
2012-05-09,78500.0
2012-05-10,79900.0
2012-05-11,79400.0
2012-05-14,78300.0
2012-05-15,79200.0
2012-05-16,78600.0
2012-05-17,77200.0
2012-05-18,75500.0
2012-05-21,75000.0
2012-05-22,76300.0
2012-05-23,76200.0
2012-05-24,77100.0
2012-05-25,75700.0
2012-05-29,76100.0
2012-05-30,76600.0
2012-05-31,78600.0
2012-06-01,79800.0
2012-06-04,81700.0
2012-06-05,81100.0
2012-06-07,80900.0
2012-06-08,80100.0
2012-06-11,79600.0
2012-06-12,78700.0
2012-06-13,78700.0
2012-06-14,78700.0
2012-06-15,79100.0
2012-06-18,81400.0
2012-06-19,79700.0
2012-06-20,79600.0
2012-06-21,79600.0
2012-06-22,78900.0
2012-06-25,80900.0
2012-06-26,78400.0
2012-06-27,79300.0
2012-06-28,78600.0
2012-06-29,81200.0
2012-07-02,81000.0
2012-07-03,80800.0
2012-07-04,78700.0
2012-07-05,79800.0
2012-07-06,80300.0
2012-07-09,81400.0
2012-07-10,83900.0
2012-07-11,84000.0
2012-07-12,87200.0
2012-07-13,84500.0
2012-07-16,84200.0
2012-07-17,82500.0
2012-07-18,82900.0
2012-07-19,84600.0
2012-07-20,83400.0
2012-07-23,83900.0
2012-07-24,85100.0
2012-07-25,83100.0
2012-07-26,82100.0
2012-07-27,82600.0
2012-07-30,82500.0
2012-07-31,83300.0
2012-08-01,84400.0
2012-08-02,84400.0
2012-08-03,82900.0
2012-08-06,84400.0
2012-08-07,82600.0
2012-08-08,82900.0
2012-08-09,83200.0
2012-08-10,83900.0
2012-08-13,85100.0
2012-08-14,87200.0
2012-08-16,86900.0
2012-08-17,84600.0
2012-08-20,86000.0
2012-08-21,86100.0
2012-08-22,85700.0
2012-08-23,86400.0
2012-08-24,85000.0
2012-08-27,87100.0
2012-08-28,86600.0
2012-08-29,86700.0
2012-08-30,86100.0
2012-08-31,85900.0
2012-09-03,85300.0
2012-09-04,85100.0
2012-09-05,83900.0
2012-09-06,85500.0
2012-09-07,85100.0
2012-09-10,84600.0
2012-09-11,85100.0
2012-09-12,87200.0
2012-09-13,87200.0
2012-09-14,86500.0
2012-09-17,85700.0
2012-09-18,86800.0
2012-09-19,87400.0
2012-09-20,87100.0
2012-09-21,90000.0
2012-09-24,88400.0
2012-09-25,87300.0
2012-09-26,85700.0
2012-09-27,86400.0
2012-09-28,84700.0
2012-10-02,84900.0
2012-10-04,84800.0
2012-10-05,87700.0
2012-10-08,87800.0
2012-10-09,89500.0
2012-10-10,90100.0
2012-10-11,90200.0
2012-10-12,92000.0
2012-10-15,91200.0
2012-10-16,92000.0
2012-10-17,89700.0
2012-10-18,88600.0
2012-10-19,87100.0
2012-10-22,85500.0
2012-10-23,85800.0
2012-10-24,86200.0
2012-10-25,85000.0
2012-10-26,82900.0
2012-10-29,84400.0
2012-10-30,83300.0
2012-10-31,83100.0
2012-11-01,84300.0
2012-11-02,83800.0
2012-11-05,83000.0
2012-11-06,83000.0
2012-11-07,84300.0
2012-11-08,83100.0
2012-11-09,83800.0
2012-11-12,82800.0
2012-11-13,82200.0
2012-11-14,83500.0
2012-11-15,82300.0
2012-11-16,81900.0
2012-11-19,82300.0
2012-11-20,82500.0
2012-11-21,85800.0
2012-11-22,86400.0
2012-11-23,85300.0
2012-11-26,85300.0
2012-11-27,84600.0
2012-11-28,83700.0
2012-11-29,84200.0
2012-11-30,85700.0
2012-12-03,87500.0
2012-12-04,84800.0
2012-12-05,85100.0
2012-12-06,85000.0
2012-12-07,84100.0
2012-12-10,83700.0
2012-12-11,84000.0
2012-12-12,83900.0
2012-12-13,83500.0
2012-12-14,83700.0
2012-12-17,83100.0
2012-12-18,82900.0
2012-12-20,82500.0
2012-12-21,85000.0
2012-12-24,83800.0
2012-12-26,82900.0
2012-12-27,80600.0
2012-12-28,80800.0
2013-01-02,78700.0
2013-01-03,77000.0
2013-01-04,76200.0
2013-01-07,77800.0
2013-01-08,79800.0
2013-01-09,78400.0
2013-01-10,80100.0
2013-01-11,79100.0
2013-01-14,78600.0
2013-01-15,81000.0
2013-01-16,77900.0
2013-01-17,77800.0
2013-01-18,76600.0
2013-01-21,75600.0
2013-01-22,75400.0
2013-01-23,75600.0
2013-01-24,75900.0
2013-01-25,76000.0
2013-01-28,75700.0
2013-01-29,75500.0
2013-01-30,75000.0
2013-01-31,75900.0
2013-02-01,75100.0
2013-02-04,75500.0
2013-02-05,76800.0
2013-02-06,77000.0
2013-02-07,77100.0
2013-02-08,76800.0
2013-02-12,76300.0
2013-02-13,76800.0
2013-02-14,76800.0
2013-02-15,78000.0
2013-02-18,78900.0
2013-02-19,78400.0
2013-02-20,78200.0
2013-02-21,76300.0
2013-02-22,76500.0
2013-02-25,75700.0
2013-02-26,75600.0
2013-02-27,76500.0
2013-02-28,77200.0
2013-03-04,76300.0
2013-03-05,75700.0
2013-03-06,76700.0
2013-03-07,76200.0
2013-03-08,75900.0
2013-03-11,76000.0
2013-03-12,75000.0
2013-03-13,75200.0
2013-03-14,74100.0
2013-03-15,74400.0
2013-03-18,74500.0
2013-03-19,74800.0
2013-03-20,74500.0
2013-03-21,74600.0
2013-03-22,74400.0
2013-03-25,74800.0
2013-03-26,75400.0
2013-03-27,75200.0
2013-03-28,75500.0
2013-03-29,76600.0
2013-04-01,76200.0
2013-04-02,75700.0
2013-04-03,75600.0
2013-04-04,75000.0
2013-04-05,75100.0
2013-04-08,74000.0
2013-04-09,74500.0
2013-04-10,74800.0
2013-04-11,76800.0
2013-04-12,78100.0
2013-04-15,77400.0
2013-04-16,77600.0
2013-04-17,77200.0
2013-04-18,78000.0
2013-04-19,78900.0
2013-04-22,80000.0
2013-04-23,78700.0
2013-04-24,78700.0
2013-04-25,78800.0
2013-04-26,78800.0
2013-04-29,79100.0
2013-04-30,79300.0
2013-05-02,80700.0
2013-05-03,79300.0
2013-05-06,78500.0
2013-05-07,78200.0
2013-05-08,78600.0
2013-05-09,80600.0
2013-05-10,76500.0
2013-05-13,76900.0
2013-05-14,76900.0
2013-05-15,75800.0
2013-05-16,77100.0
2013-05-20,78300.0
2013-05-21,78100.0
2013-05-22,78600.0
2013-05-23,79000.0
2013-05-24,77600.0
2013-05-27,79000.0
2013-05-28,79200.0
2013-05-29,80600.0
2013-05-30,80300.0
2013-05-31,79600.0
2013-06-03,78400.0
2013-06-04,78500.0
2013-06-05,77500.0
2013-06-07,79700.0
2013-06-10,79200.0
2013-06-11,79500.0
2013-06-12,79200.0
2013-06-13,77100.0
2013-06-14,76600.0
2013-06-17,76300.0
2013-06-18,75800.0
2013-06-19,75700.0
2013-06-20,77000.0
2013-06-21,73600.0
2013-06-24,73200.0
2013-06-25,72000.0
2013-06-26,71800.0
2013-06-27,71500.0
2013-06-28,74200.0
2013-07-01,74100.0
2013-07-02,74500.0
2013-07-03,74400.0
2013-07-04,75700.0
2013-07-05,76200.0
2013-07-08,75700.0
2013-07-09,77600.0
2013-07-10,77800.0
2013-07-11,79000.0
2013-07-12,78200.0
2013-07-15,79700.0
2013-07-16,78200.0
2013-07-17,76700.0
2013-07-18,75000.0
2013-07-19,75700.0
2013-07-22,75500.0
2013-07-23,76200.0
2013-07-24,75600.0
2013-07-25,76400.0
2013-07-26,75900.0
2013-07-29,75900.0
2013-07-30,76700.0
2013-07-31,75700.0
2013-08-01,76000.0
2013-08-02,75400.0
2013-08-05,75100.0
2013-08-06,74900.0
2013-08-07,74600.0
2013-08-08,74700.0
2013-08-09,75300.0
2013-08-12,75300.0
2013-08-13,75500.0
2013-08-14,75300.0
2013-08-16,75000.0
2013-08-19,75200.0
2013-08-20,74800.0
2013-08-21,73900.0
2013-08-22,73000.0
2013-08-23,73000.0
2013-08-26,73200.0
2013-08-27,73000.0
2013-08-28,72100.0
2013-08-29,72400.0
2013-08-30,72600.0
2013-09-02,73700.0
2013-09-03,74000.0
2013-09-04,73300.0
2013-09-05,73600.0
2013-09-06,73100.0
2013-09-09,74300.0
2013-09-10,74800.0
2013-09-11,75500.0
2013-09-12,76700.0
2013-09-13,76200.0
2013-09-16,75600.0
2013-09-17,77000.0
2013-09-23,77000.0
2013-09-24,77900.0
2013-09-25,77500.0
2013-09-26,77200.0
2013-09-27,76500.0
2013-09-30,77000.0
2013-10-01,76900.0
2013-10-02,77100.0
2013-10-04,77400.0
2013-10-07,77700.0
2013-10-08,77000.0
2013-10-10,76800.0
2013-10-11,77100.0
2013-10-14,76900.0
2013-10-15,78000.0
2013-10-16,78200.0
2013-10-17,78100.0
2013-10-18,78600.0
2013-10-21,79500.0
2013-10-22,79200.0
2013-10-23,79200.0
2013-10-24,78700.0
2013-10-25,78500.0
2013-10-28,78000.0
2013-10-29,78500.0
2013-10-30,79200.0
2013-10-31,77500.0
2013-11-01,78300.0
2013-11-04,79200.0
2013-11-05,78000.0
2013-11-06,79400.0
2013-11-07,78400.0
2013-11-08,77000.0
2013-11-11,78200.0
2013-11-12,77800.0
2013-11-13,77000.0
2013-11-14,77000.0
2013-11-15,77600.0
2013-11-18,76800.0
2013-11-19,77400.0
2013-11-20,77200.0
2013-11-21,76500.0
2013-11-22,75800.0
2013-11-25,76700.0
2013-11-26,77200.0
2013-11-27,76600.0
2013-11-28,77400.0
2013-11-29,78500.0
2013-12-02,77500.0
2013-12-03,76800.0
2013-12-04,76800.0
2013-12-05,76100.0
2013-12-06,75200.0
2013-12-09,74600.0
2013-12-10,75700.0
2013-12-11,76000.0
2013-12-12,75700.0
2013-12-13,75300.0
2013-12-16,73700.0
2013-12-17,74800.0
2013-12-18,75900.0
2013-12-19,76300.0
2013-12-20,76000.0
2013-12-23,76600.0
2013-12-24,77400.0
2013-12-26,78000.0
2013-12-27,74700.0
2013-12-30,74500.0
2014-01-02,73600.0
2014-01-03,73500.0
2014-01-06,73400.0
2014-01-07,75400.0
2014-01-08,75100.0
2014-01-09,74300.0
2014-01-10,73700.0
2014-01-13,75100.0
2014-01-14,74300.0
2014-01-15,74900.0
2014-01-16,75200.0
2014-01-17,74700.0
2014-01-20,74600.0
2014-01-21,73900.0
2014-01-22,73600.0
2014-01-23,73700.0
2014-01-24,74800.0
2014-01-27,75300.0
2014-01-28,74800.0
2014-01-29,75700.0
2014-02-03,75800.0
2014-02-04,74900.0
2014-02-05,73900.0
2014-02-06,74300.0
2014-02-07,74800.0
2014-02-10,74700.0
2014-02-11,74700.0
2014-02-12,74700.0
2014-02-13,74900.0
2014-02-14,75100.0
2014-02-17,76400.0
2014-02-18,75900.0
2014-02-19,74700.0
2014-02-20,75000.0
2014-02-21,75700.0
2014-02-24,75700.0
2014-02-25,76100.0
2014-02-26,76200.0
2014-02-27,77900.0
2014-02-28,78200.0
2014-03-03,76000.0
2014-03-04,76000.0
2014-03-05,76800.0
2014-03-06,77400.0
2014-03-07,77800.0
2014-03-10,78100.0
2014-03-11,78800.0
2014-03-12,78500.0
2014-03-13,79200.0
2014-03-14,78700.0
2014-03-17,79800.0
2014-03-18,80000.0
2014-03-19,79600.0
2014-03-20,79000.0
2014-03-21,79200.0
2014-03-24,79300.0
2014-03-25,80100.0
2014-03-26,79200.0
2014-03-27,81400.0
2014-03-28,80100.0
2014-03-31,80000.0
2014-04-01,79200.0
2014-04-02,79000.0
2014-04-03,78700.0
2014-04-04,78200.0
2014-04-07,78500.0
2014-04-08,78700.0
2014-04-09,81000.0
2014-04-10,81600.0
2014-04-11,82400.0
2014-04-14,82400.0
2014-04-15,82900.0
2014-04-16,83000.0
2014-04-17,81100.0
2014-04-18,81700.0
2014-04-21,83300.0
2014-04-22,84500.0
2014-04-23,84000.0
2014-04-24,83000.0
2014-04-25,81700.0
2014-04-28,82100.0
2014-04-29,81900.0
2014-04-30,82800.0
2014-05-02,85300.0
2014-05-07,84700.0
2014-05-08,86100.0
2014-05-09,87900.0
2014-05-12,83900.0
2014-05-13,83900.0
2014-05-14,86400.0
2014-05-15,85200.0
2014-05-16,87000.0
2014-05-19,86300.0
2014-05-20,86300.0
2014-05-21,85600.0
2014-05-22,86000.0
2014-05-23,85800.0
2014-05-26,86300.0
2014-05-27,84900.0
2014-05-28,86100.0
2014-05-29,84800.0
2014-05-30,83000.0
2014-06-02,85800.0
2014-06-03,85500.0
2014-06-05,85700.0
2014-06-09,85000.0
2014-06-10,86800.0
2014-06-11,85700.0
2014-06-12,88300.0
2014-06-13,87100.0
2014-06-16,86400.0
2014-06-17,86400.0
2014-06-18,87000.0
2014-06-19,87300.0
2014-06-20,88800.0
2014-06-23,88800.0
2014-06-24,88900.0
2014-06-25,87400.0
2014-06-26,89000.0
2014-06-27,88000.0
2014-06-30,89500.0
2014-07-01,90000.0
2014-07-02,90600.0
2014-07-03,91300.0
2014-07-04,91200.0
2014-07-07,89500.0
2014-07-08,90000.0
2014-07-09,91800.0
2014-07-10,92800.0
2014-07-11,92800.0
2014-07-14,94800.0
2014-07-15,94700.0
2014-07-16,92300.0
2014-07-17,94500.0
2014-07-18,93000.0
2014-07-21,94700.0
2014-07-22,95800.0
2014-07-23,96400.0
2014-07-24,96300.0
2014-07-25,95100.0
2014-07-28,95700.0
2014-07-29,97700.0
2014-07-30,102000.0
2014-07-31,99600.0
2014-08-01,100500.0
2014-08-04,101000.0
2014-08-05,100000.0
2014-08-06,99100.0
2014-08-07,104000.0
2014-08-08,100000.0
2014-08-11,98300.0
2014-08-12,97200.0
2014-08-13,95400.0
2014-08-14,93900.0
2014-08-18,95300.0
2014-08-19,97000.0
2014-08-20,96000.0
2014-08-21,95500.0
2014-08-22,95500.0
2014-08-25,96000.0
2014-08-26,95200.0
2014-08-27,96600.0
2014-08-28,96600.0
2014-08-29,94900.0
2014-09-01,94100.0
2014-09-02,95700.0
2014-09-03,95300.0
2014-09-04,96000.0
2014-09-05,95500.0
2014-09-11,90200.0
2014-09-12,87600.0
2014-09-15,90000.0
2014-09-16,91200.0
2014-09-17,93500.0
2014-09-18,93700.0
2014-09-19,94000.0
2014-09-22,95000.0
2014-09-23,94300.0
2014-09-24,95000.0
2014-09-25,94800.0
2014-09-26,93900.0
2014-09-29,94500.0
2014-09-30,94500.0
2014-10-01,94000.0
2014-10-02,91500.0
2014-10-06,90500.0
2014-10-07,91100.0
2014-10-08,91500.0
2014-10-10,90000.0
2014-10-13,93600.0
2014-10-14,91600.0
2014-10-15,92000.0
2014-10-16,94900.0
2014-10-17,92700.0
2014-10-20,94000.0
2014-10-21,95000.0
2014-10-22,94300.0
2014-10-23,93700.0
2014-10-24,91300.0
2014-10-27,91200.0
2014-10-28,91900.0
2014-10-29,94900.0
2014-10-30,93500.0
2014-10-31,95000.0
2014-11-03,95000.0
2014-11-04,95700.0
2014-11-05,94100.0
2014-11-06,94900.0
2014-11-07,94200.0
2014-11-10,93000.0
2014-11-11,93500.0
2014-11-12,94800.0
2014-11-13,95000.0
2014-11-14,93100.0
2014-11-17,91300.0
2014-11-18,95000.0
2014-11-19,95800.0
2014-11-20,95800.0
2014-11-21,95300.0
2014-11-24,94900.0
2014-11-25,95200.0
2014-11-26,96900.0
2014-11-27,95000.0
2014-11-28,96900.0
2014-12-01,90600.0
2014-12-02,91100.0
2014-12-03,86800.0
2014-12-04,83200.0
2014-12-05,82700.0
2014-12-08,82900.0
2014-12-09,83300.0
2014-12-10,83400.0
2014-12-11,80600.0
2014-12-12,82000.0
2014-12-15,81900.0
2014-12-16,83100.0
2014-12-17,83400.0
2014-12-18,82000.0
2014-12-19,82700.0
2014-12-22,83400.0
2014-12-23,83300.0
2014-12-24,83300.0
2014-12-26,80100.0
2014-12-29,76500.0
2014-12-30,76100.0
2015-01-02,78200.0
2015-01-05,79000.0
2015-01-06,78200.0
2015-01-07,79700.0
2015-01-08,83400.0
2015-01-09,82700.0
2015-01-12,84000.0
2015-01-13,80700.0
2015-01-14,78000.0
2015-01-15,78500.0
2015-01-16,79500.0
2015-01-19,76000.0
2015-01-20,76300.0
2015-01-21,78400.0
2015-01-22,78400.0
2015-01-23,81200.0
2015-01-26,78600.0
2015-01-27,79200.0
2015-01-28,79400.0
2015-01-29,79600.0
2015-01-30,80200.0
2015-02-02,80000.0
2015-02-03,80800.0
2015-02-04,80600.0
2015-02-05,78700.0
2015-02-06,80100.0
2015-02-09,79500.0
2015-02-10,81300.0
2015-02-11,80900.0
2015-02-12,82300.0
2015-02-13,82400.0
2015-02-16,82300.0
2015-02-17,81900.0
2015-02-23,83200.0
2015-02-24,83600.0
2015-02-25,82300.0
2015-02-26,80000.0
2015-02-27,80000.0
2015-03-02,80000.0
2015-03-03,79200.0
2015-03-04,80400.0
2015-03-05,80700.0
2015-03-06,81800.0
2015-03-09,81300.0
2015-03-10,79000.0
2015-03-11,79800.0
2015-03-12,79600.0
2015-03-13,80000.0
2015-03-16,82400.0
2015-03-17,82900.0
2015-03-18,82600.0
2015-03-19,82600.0
2015-03-20,82000.0
2015-03-23,82600.0
2015-03-24,84300.0
2015-03-25,88700.0
2015-03-26,89800.0
2015-03-27,86900.0
2015-03-30,89900.0
2015-03-31,88700.0
2015-04-01,89900.0
2015-04-02,91600.0
2015-04-03,91900.0
2015-04-06,90100.0
2015-04-07,90600.0
2015-04-08,93100.0
2015-04-09,93200.0
2015-04-10,94600.0
2015-04-13,92900.0
2015-04-14,90900.0
2015-04-15,90100.0
2015-04-16,92900.0
2015-04-17,91800.0
2015-04-20,91600.0
2015-04-21,92400.0
2015-04-22,92900.0
2015-04-23,98700.0
2015-04-24,94900.0
2015-04-27,98200.0
2015-04-28,96900.0
2015-04-29,95600.0
2015-04-30,95100.0
2015-05-04,96100.0
2015-05-06,95800.0
2015-05-07,95700.0
2015-05-08,96500.0
2015-05-11,95900.0
2015-05-12,95800.0
2015-05-13,94700.0
2015-05-14,96400.0
2015-05-15,93900.0
2015-05-18,95800.0
2015-05-19,95200.0
2015-05-20,99600.0
2015-05-21,99000.0
2015-05-22,101000.0
2015-05-26,99100.0
2015-05-27,97600.0
2015-05-28,95100.0
2015-05-29,96400.0
2015-06-01,96700.0
2015-06-02,96100.0
2015-06-03,96000.0
2015-06-04,94000.0
2015-06-05,97100.0
2015-06-08,95900.0
2015-06-09,95100.0
2015-06-10,95000.0
2015-06-11,94900.0
2015-06-12,93300.0
2015-06-15,93700.0
2015-06-16,96000.0
2015-06-17,94300.0
2015-06-18,93600.0
2015-06-19,93300.0
2015-06-22,90200.0
2015-06-23,92100.0
2015-06-24,93100.0
2015-06-25,93600.0
2015-06-26,90800.0
2015-06-29,94400.0
2015-06-30,94900.0
2015-07-01,95300.0
2015-07-02,95100.0
2015-07-03,97400.0
2015-07-06,96500.0
2015-07-07,98300.0
2015-07-08,96400.0
2015-07-09,98400.0
2015-07-10,98200.0
2015-07-13,100000.0
2015-07-14,98300.0
2015-07-15,101500.0
2015-07-16,100500.0
2015-07-17,100500.0
2015-07-20,100000.0
2015-07-21,99100.0
2015-07-22,101000.0
2015-07-23,102500.0
2015-07-24,103500.0
2015-07-27,102000.0
2015-07-28,107000.0
2015-07-29,104500.0
2015-07-30,107000.0
2015-07-31,110000.0
2015-08-03,111000.0
2015-08-04,108500.0
2015-08-05,109500.0
2015-08-06,111000.0
2015-08-07,111500.0
2015-08-10,111000.0
2015-08-11,109000.0
2015-08-12,114000.0
2015-08-13,108000.0
2015-08-14,108000.0
2015-08-17,105000.0
2015-08-18,108000.0
2015-08-19,110000.0
2015-08-20,112000.0
2015-08-21,114000.0
2015-08-24,108000.0
2015-08-25,104000.0
2015-08-26,108000.0
2015-08-27,109000.0
2015-08-28,108000.0
2015-08-31,110500.0
2015-09-01,107000.0
2015-09-02,104000.0
2015-09-03,104000.0
2015-09-04,104500.0
2015-09-07,107500.0
2015-09-08,105500.0
2015-09-09,107500.0
2015-09-10,107500.0
2015-09-11,103000.0
2015-09-14,105000.0
2015-09-15,107500.0
2015-09-16,108000.0
2015-09-17,105000.0
2015-09-18,105500.0
2015-09-21,107000.0
2015-09-22,107500.0
2015-09-23,107000.0
2015-09-24,105500.0
2015-09-25,105500.0
2015-09-30,111500.0
2015-10-01,107000.0
2015-10-02,109000.0
2015-10-05,112000.0
2015-10-06,112000.0
2015-10-07,109000.0
2015-10-08,109000.0
2015-10-12,109500.0
2015-10-13,109000.0
2015-10-14,110000.0
2015-10-15,111000.0
2015-10-16,111000.0
2015-10-19,112500.0
2015-10-20,112500.0
2015-10-21,112500.0
2015-10-22,112000.0
2015-10-23,117000.0
2015-10-26,118500.0
2015-10-27,117000.0
2015-10-28,116000.0
2015-10-29,114000.0
2015-10-30,114000.0
2015-11-02,115000.0
2015-11-03,116500.0
2015-11-04,113000.0
2015-11-05,112500.0
2015-11-06,112000.0
2015-11-09,111000.0
2015-11-10,109500.0
2015-11-11,110000.0
2015-11-12,109500.0
2015-11-13,109500.0
2015-11-16,109000.0
2015-11-17,107500.0
2015-11-18,108000.0
2015-11-19,108500.0
2015-11-20,107000.0
2015-11-23,110000.0
2015-11-24,110500.0
2015-11-25,107000.0
2015-11-26,105000.0
2015-11-27,106000.0
2015-11-30,107000.0
2015-12-01,110000.0
2015-12-02,107000.0
2015-12-03,107500.0
2015-12-04,108000.0
2015-12-07,108000.0
2015-12-08,105500.0
2015-12-09,105500.0
2015-12-10,108000.0
2015-12-11,108000.0
2015-12-14,110000.0
2015-12-15,107500.0
2015-12-16,109000.0
2015-12-17,109500.0
2015-12-18,107000.0
2015-12-21,110000.0
2015-12-22,109500.0
2015-12-23,111000.0
2015-12-24,111500.0
2015-12-28,110000.0
2015-12-29,106000.0
2015-12-30,104500.0
2016-01-04,105000.0
2016-01-05,105500.0
2016-01-06,106500.0
2016-01-07,104000.0
2016-01-08,107000.0
2016-01-11,108000.0
2016-01-12,107500.0
2016-01-13,107000.0
2016-01-14,106000.0
2016-01-15,105000.0
2016-01-18,106500.0
2016-01-19,108000.0
2016-01-20,106000.0
2016-01-21,106500.0
2016-01-22,100500.0
2016-01-25,97000.0
2016-01-26,100500.0
2016-01-27,98200.0
2016-01-28,102000.0
2016-01-29,103500.0
2016-02-01,104000.0
2016-02-02,103500.0
2016-02-03,106500.0
2016-02-04,107500.0
2016-02-05,105500.0
2016-02-11,108500.0
2016-02-12,108500.0
2016-02-15,107500.0
2016-02-16,109000.0
2016-02-17,106000.0
2016-02-18,107500.0
2016-02-19,108500.0
2016-02-22,109000.0
2016-02-23,108000.0
2016-02-24,105500.0
2016-02-25,109000.0
2016-02-26,107000.0
2016-02-29,106500.0
2016-03-02,108000.0
2016-03-03,107500.0
2016-03-04,105000.0
2016-03-07,105500.0
2016-03-08,105500.0
2016-03-09,108500.0
2016-03-10,107000.0
2016-03-11,106500.0
2016-03-14,108000.0
2016-03-15,107500.0
2016-03-16,107000.0
2016-03-17,108500.0
2016-03-18,107500.0
2016-03-21,106500.0
2016-03-22,108500.0
2016-03-23,107000.0
2016-03-24,108000.0
2016-03-25,108500.0
2016-03-28,108500.0
2016-03-29,110000.0
2016-03-30,111500.0
2016-03-31,110000.0
2016-04-01,111500.0
2016-04-04,109500.0
2016-04-05,108500.0
2016-04-06,112000.0
2016-04-07,112500.0
2016-04-08,115500.0
2016-04-11,114000.0
2016-04-12,112500.0
2016-04-14,112500.0
2016-04-15,116000.0
2016-04-18,114500.0
2016-04-19,114000.0
2016-04-20,114000.0
2016-04-21,119000.0
2016-04-22,124000.0
2016-04-25,121500.0
2016-04-26,123000.0
2016-04-27,127000.0
2016-04-28,123000.0
2016-04-29,123000.0
2016-05-02,123000.0
2016-05-03,123000.0
2016-05-04,125000.0
2016-05-09,132000.0
2016-05-10,129000.0
2016-05-11,126500.0
2016-05-12,125500.0
2016-05-13,130000.0
2016-05-16,129000.0
2016-05-17,130000.0
2016-05-18,128500.0
2016-05-19,126000.0
2016-05-20,126000.0
2016-05-23,127500.0
2016-05-24,126000.0
2016-05-25,125500.0
2016-05-26,126000.0
2016-05-27,125500.0
2016-05-30,126500.0
2016-05-31,127500.0
2016-06-01,125500.0
2016-06-02,127500.0
2016-06-03,127000.0
2016-06-07,128000.0
2016-06-08,131500.0
2016-06-09,127000.0
2016-06-10,127000.0
2016-06-13,125000.0
2016-06-14,127000.0
2016-06-15,126000.0
2016-06-16,126500.0
2016-06-17,123500.0
2016-06-20,126000.0
2016-06-21,127500.0
2016-06-22,127000.0
2016-06-23,126000.0
2016-06-24,124500.0
2016-06-27,127000.0
2016-06-28,128500.0
2016-06-29,130000.0
2016-06-30,136500.0
2016-07-01,137000.0
2016-07-04,136500.0
2016-07-05,134500.0
2016-07-06,131500.0
2016-07-07,132500.0
2016-07-08,130000.0
2016-07-11,131000.0
2016-07-12,128000.0
2016-07-13,126500.0
2016-07-14,124000.0
2016-07-15,124500.0
2016-07-18,125500.0
2016-07-19,125000.0
2016-07-20,125000.0
2016-07-21,122500.0
2016-07-22,123500.0
2016-07-25,122000.0
2016-07-26,124500.0
2016-07-27,125500.0
2016-07-28,122000.0
2016-07-29,121000.0
2016-08-01,122500.0
2016-08-02,121000.0
2016-08-03,119500.0
2016-08-04,121500.0
2016-08-05,123000.0
2016-08-08,124000.0
2016-08-09,122000.0
2016-08-10,123500.0
2016-08-11,120500.0
2016-08-12,118500.0
2016-08-16,121000.0
2016-08-17,125000.0
2016-08-18,123500.0
2016-08-19,120000.0
2016-08-22,119000.0
2016-08-23,121000.0
2016-08-24,117000.0
2016-08-25,117000.0
2016-08-26,117500.0
2016-08-29,118000.0
2016-08-30,117500.0
2016-08-31,117000.0
2016-09-01,115500.0
2016-09-02,116000.0
2016-09-05,118000.0
2016-09-06,118500.0
2016-09-07,118500.0
2016-09-08,120000.0
2016-09-09,117500.0
2016-09-12,118000.0
2016-09-13,116500.0
2016-09-19,115000.0
2016-09-20,115000.0
2016-09-21,116000.0
2016-09-22,119000.0
2016-09-23,118500.0
2016-09-26,119000.0
2016-09-27,123000.0
2016-09-28,123500.0
2016-09-29,126500.0
2016-09-30,125000.0
2016-10-04,123000.0
2016-10-05,121500.0
2016-10-06,119500.0
2016-10-07,118500.0
2016-10-10,119000.0
2016-10-11,119500.0
2016-10-12,121000.0
2016-10-13,119000.0
2016-10-14,115000.0
2016-10-17,114000.0
2016-10-18,113500.0
2016-10-19,112000.0
2016-10-20,112000.0
2016-10-21,110500.0
2016-10-24,113500.0
2016-10-25,108500.0
2016-10-26,107500.0
2016-10-27,111000.0
2016-10-28,113000.0
2016-10-31,113000.0
2016-11-01,113000.0
2016-11-02,111000.0
2016-11-03,113000.0
2016-11-04,112500.0
2016-11-07,111000.0
2016-11-08,111500.0
2016-11-09,112000.0
2016-11-10,109000.0
2016-11-11,103000.0
2016-11-14,105000.0
2016-11-15,103500.0
2016-11-16,102000.0
2016-11-17,100000.0
2016-11-18,103500.0
2016-11-21,102000.0
2016-11-22,104000.0
2016-11-23,105500.0
2016-11-24,105000.0
2016-11-25,104500.0
2016-11-28,106000.0
2016-11-29,106000.0
2016-11-30,105000.0
2016-12-01,102500.0
2016-12-02,104000.0
2016-12-05,105000.0
2016-12-06,104500.0
2016-12-07,103000.0
2016-12-08,105000.0
2016-12-09,102500.0
2016-12-12,100500.0
2016-12-13,102500.0
2016-12-14,104000.0
2016-12-15,104000.0
2016-12-16,102000.0
2016-12-19,104000.0
2016-12-20,106000.0
2016-12-21,104500.0
2016-12-22,105000.0
2016-12-23,105000.0
2016-12-26,105500.0
2016-12-27,106000.0
2016-12-28,103000.0
2016-12-29,101000.0
2017-01-02,102000.0
2017-01-03,98500.0
2017-01-04,98400.0
2017-01-05,101000.0
2017-01-06,101500.0
2017-01-09,98700.0
2017-01-10,99500.0
2017-01-11,98700.0
2017-01-12,97000.0
2017-01-13,100500.0
2017-01-16,99700.0
2017-01-17,99700.0
2017-01-18,98100.0
2017-01-19,101000.0
2017-01-20,99000.0
2017-01-23,101500.0
2017-01-24,102500.0
2017-01-25,101000.0
2017-01-26,100500.0
2017-01-31,100500.0
2017-02-01,99600.0
2017-02-02,97100.0
2017-02-03,99800.0
2017-02-06,102000.0
2017-02-07,103000.0
2017-02-08,102500.0
2017-02-09,101000.0
2017-02-10,103000.0
2017-02-13,103500.0
2017-02-14,103500.0
2017-02-15,104000.0
2017-02-16,103000.0
2017-02-17,101000.0
2017-02-20,100500.0
2017-02-21,101000.0
2017-02-22,102000.0
2017-02-23,101500.0
2017-02-24,101500.0
2017-02-27,102500.0
2017-02-28,102500.0
2017-03-02,101000.0
2017-03-03,102000.0
2017-03-06,102000.0
2017-03-07,102000.0
2017-03-08,102000.0
2017-03-09,102500.0
2017-03-10,101500.0
2017-03-13,102500.0
2017-03-14,102000.0
2017-03-15,101500.0
2017-03-16,97000.0
2017-03-17,97500.0
2017-03-20,96800.0
2017-03-21,95500.0
2017-03-22,95800.0
2017-03-23,95600.0
2017-03-24,96000.0
2017-03-27,95900.0
2017-03-28,96400.0
2017-03-29,96600.0
2017-03-30,97000.0
2017-03-31,97500.0
2017-04-03,98600.0
2017-04-04,98600.0
2017-04-05,99500.0
2017-04-06,100000.0
2017-04-07,101000.0
2017-04-10,99900.0
2017-04-11,99000.0
2017-04-12,98700.0
2017-04-13,99300.0
2017-04-14,100000.0
2017-04-17,99800.0
2017-04-18,100000.0
2017-04-19,101000.0
2017-04-20,105000.0
2017-04-21,105500.0
2017-04-24,106000.0
2017-04-25,106000.0
2017-04-26,104500.0
2017-04-27,103000.0
2017-04-28,101500.0
2017-05-02,104000.0
2017-05-04,104000.0
2017-05-08,105500.0
2017-05-10,107500.0
2017-05-11,108000.0
2017-05-12,106000.0
2017-05-15,104500.0
2017-05-16,103500.0
2017-05-17,105500.0
2017-05-18,102500.0
2017-05-19,103000.0
2017-05-22,103500.0
2017-05-23,106500.0
2017-05-24,109500.0
2017-05-25,109000.0
2017-05-26,110500.0
2017-05-29,108500.0
2017-05-30,109500.0
2017-05-31,111000.0
2017-06-01,112500.0
2017-06-02,114000.0
2017-06-05,113000.0
2017-06-07,111500.0
2017-06-08,114500.0
2017-06-09,114000.0
2017-06-12,114500.0
2017-06-13,114500.0
2017-06-14,118000.0
2017-06-15,117000.0
2017-06-16,120000.0
2017-06-19,120000.0
2017-06-20,120500.0
2017-06-21,117500.0
2017-06-22,117000.0
2017-06-23,116000.0
2017-06-26,118500.0
2017-06-27,116000.0
2017-06-28,115000.0
2017-06-29,115000.0
2017-06-30,117000.0
2017-07-03,118000.0
2017-07-04,114500.0
2017-07-05,113000.0
2017-07-06,113000.0
2017-07-07,114000.0
2017-07-10,113500.0
2017-07-11,114500.0
2017-07-12,113000.0
2017-07-13,113000.0
2017-07-14,114000.0
2017-07-17,114000.0
2017-07-18,114500.0
2017-07-19,115000.0
2017-07-20,115500.0
2017-07-21,114000.0
2017-07-24,116000.0
2017-07-25,116000.0
2017-07-26,118000.0
2017-07-27,118000.0
2017-07-28,119500.0
2017-07-31,114000.0
2017-08-01,113500.0
2017-08-02,113500.0
2017-08-03,114000.0
2017-08-04,114000.0
2017-08-07,113500.0
2017-08-08,110500.0
2017-08-09,113000.0
2017-08-10,115000.0
2017-08-11,115500.0
2017-08-14,114500.0
2017-08-16,115000.0
2017-08-17,115000.0
2017-08-18,114000.0
2017-08-21,113000.0
2017-08-22,112000.0
2017-08-23,112500.0
2017-08-24,114000.0
2017-08-25,115000.0
2017-08-28,114000.0
2017-08-29,115000.0
2017-08-30,116000.0
2017-08-31,114500.0
2017-09-01,112500.0
2017-09-04,112500.0
2017-09-05,110000.0
2017-09-06,109000.0
2017-09-07,108500.0
2017-09-08,109000.0
2017-09-11,106000.0
2017-09-12,106500.0
2017-09-13,103500.0
2017-09-14,101500.0
2017-09-15,106000.0
2017-09-18,104000.0
2017-09-19,103000.0
2017-09-20,104500.0
2017-09-21,104500.0
2017-09-25,103000.0
2017-09-26,103000.0
2017-09-27,104500.0
2017-09-28,106000.0
2017-09-29,105500.0
2017-10-10,103500.0
2017-10-11,103000.0
2017-10-12,104000.0
2017-10-13,105500.0
2017-10-16,106000.0
2017-10-17,106000.0
2017-10-18,108500.0
2017-10-19,108500.0
2017-10-20,109500.0
2017-10-23,108000.0
2017-10-24,107500.0
2017-10-25,108000.0
2017-10-26,105500.0
2017-10-27,107000.0
2017-10-30,107000.0
2017-10-31,106000.0
2017-11-01,105500.0
2017-11-02,106000.0
2017-11-03,107000.0
2017-11-06,111000.0
2017-11-07,113000.0
2017-11-08,116000.0
2017-11-09,117000.0
2017-11-10,112500.0
2017-11-13,114000.0
2017-11-14,117000.0
2017-11-15,117500.0
2017-11-16,116000.0
2017-11-17,116000.0
2017-11-20,117500.0
2017-11-21,117500.0
2017-11-22,118500.0
2017-11-23,120500.0
2017-11-24,121500.0
2017-11-27,125000.0
2017-11-28,122500.0
2017-11-29,124000.0
2017-11-30,122000.0
2017-12-01,121000.0
2017-12-04,122500.0
2017-12-05,120500.0
2017-12-06,118500.0
2017-12-07,118500.0
2017-12-08,116000.0
2017-12-11,119500.0
2017-12-12,118000.0
2017-12-13,119500.0
2017-12-14,120000.0
2017-12-15,120000.0
2017-12-18,121000.0
2017-12-19,121000.0
2017-12-21,120500.0
2017-12-22,120000.0
2017-12-26,119500.0
2017-12-27,115000.0
2017-12-28,115500.0
2018-01-02,115000.0
2018-01-03,111500.0
2018-01-04,112000.0
2018-01-05,109000.0
2018-01-08,108500.0
2018-01-09,108000.0
2018-01-10,105500.0
2018-01-11,105500.0
2018-01-12,106500.0
2018-01-15,107500.0
2018-01-16,106000.0
2018-01-17,107000.0
2018-01-18,106500.0
2018-01-19,106500.0
2018-01-22,107500.0
2018-01-23,109000.0
2018-01-24,111000.0
2018-01-25,109500.0
2018-01-26,109000.0
2018-01-29,108500.0
2018-01-30,107500.0
2018-01-31,106500.0
2018-02-01,107500.0
2018-02-02,105000.0
2018-02-05,104000.0
2018-02-06,104000.0
2018-02-07,103000.0
2018-02-08,100000.0
2018-02-09,99300.0
2018-02-12,103000.0
2018-02-13,103000.0
2018-02-14,101500.0
2018-02-19,100500.0
2018-02-20,99900.0
2018-02-21,101500.0
2018-02-22,103000.0
2018-02-23,103500.0
2018-02-26,100500.0
2018-02-27,100500.0
2018-02-28,99800.0
2018-03-02,98500.0
2018-03-05,97500.0
2018-03-06,98200.0
2018-03-07,97600.0
2018-03-08,97000.0
2018-03-09,98500.0
2018-03-12,98600.0
2018-03-13,99000.0
2018-03-14,99300.0
2018-03-15,99000.0
2018-03-16,101000.0
2018-03-19,99400.0
2018-03-20,99700.0
2018-03-21,101000.0
2018-03-22,99300.0
2018-03-23,98700.0
2018-03-26,98500.0
2018-03-27,98500.0
2018-03-28,99100.0
2018-03-29,100000.0
2018-03-30,100000.0
2018-04-02,100500.0
2018-04-03,101000.0
2018-04-04,99900.0
2018-04-05,98800.0
2018-04-06,100500.0
2018-04-09,101500.0
2018-04-10,101500.0
2018-04-11,101000.0
2018-04-12,99400.0
2018-04-13,99500.0
2018-04-16,99100.0
2018-04-17,99100.0
2018-04-18,100500.0
2018-04-19,100500.0
2018-04-20,99300.0
2018-04-23,98500.0
2018-04-24,98000.0
2018-04-25,97700.0
2018-04-26,97900.0
2018-04-27,98200.0
2018-04-30,97800.0
2018-05-02,97400.0
2018-05-03,98400.0
2018-05-04,97600.0
2018-05-08,97000.0
2018-05-09,96100.0
2018-05-10,100500.0
2018-05-11,100000.0
2018-05-14,100500.0
2018-05-15,98500.0
2018-05-16,99200.0
2018-05-17,99200.0
2018-05-18,99600.0
2018-05-21,99600.0
2018-05-23,100000.0
2018-05-24,99800.0
2018-05-25,99200.0
2018-05-28,99100.0
2018-05-29,98400.0
2018-05-30,96700.0
2018-05-31,96000.0
2018-06-01,96500.0
2018-06-04,96000.0
2018-06-05,97200.0
2018-06-07,98600.0
2018-06-08,98400.0
2018-06-11,99000.0
2018-06-12,99500.0
2018-06-14,102500.0
2018-06-15,100500.0
2018-06-18,104500.0
2018-06-19,103000.0
2018-06-20,103000.0
2018-06-21,102000.0
2018-06-22,104000.0
2018-06-25,103500.0
2018-06-26,103500.0
2018-06-27,104500.0
2018-06-28,105000.0
2018-06-29,107000.0
2018-07-02,107000.0
2018-07-03,107500.0
2018-07-04,106000.0
2018-07-05,106000.0
2018-07-06,107500.0
2018-07-09,108000.0
2018-07-10,108000.0
2018-07-11,106500.0
2018-07-12,107000.0
2018-07-13,108500.0
2018-07-16,110000.0
2018-07-17,109500.0
2018-07-18,107500.0
2018-07-19,108000.0
2018-07-20,109000.0
2018-07-23,109500.0
2018-07-24,109500.0
2018-07-25,109500.0
2018-07-26,109000.0
2018-07-27,107500.0
2018-07-30,109500.0
2018-07-31,110500.0
2018-08-01,106500.0
2018-08-02,104000.0
2018-08-03,104000.0
2018-08-06,105500.0
2018-08-07,106000.0
2018-08-08,105500.0
2018-08-09,109500.0
2018-08-10,108000.0
2018-08-13,108000.0
2018-08-14,107000.0
2018-08-16,105500.0
2018-08-17,105000.0
2018-08-20,105000.0
2018-08-21,105000.0
2018-08-22,104500.0
2018-08-23,105000.0
2018-08-24,104000.0
2018-08-27,103500.0
2018-08-28,103500.0
2018-08-29,100000.0
2018-08-30,99600.0
2018-08-31,101000.0
2018-09-03,101500.0
2018-09-04,100500.0
2018-09-05,99600.0
2018-09-06,99800.0
2018-09-07,101000.0
2018-09-10,101500.0
2018-09-11,102500.0
2018-09-12,102500.0
2018-09-13,102500.0
2018-09-14,103500.0
2018-09-17,101000.0
2018-09-18,102500.0
2018-09-19,103500.0
2018-09-20,103000.0
2018-09-21,105500.0
2018-09-27,104000.0
2018-09-28,104000.0
2018-10-01,102500.0
2018-10-02,100500.0
2018-10-04,100000.0
2018-10-05,101000.0
2018-10-08,100500.0
2018-10-10,102500.0
2018-10-11,99400.0
2018-10-12,96300.0
2018-10-15,98600.0
2018-10-16,98600.0
2018-10-17,99400.0
2018-10-18,99300.0
2018-10-19,100000.0
2018-10-22,101500.0
2018-10-23,100000.0
2018-10-24,100500.0
2018-10-25,102000.0
2018-10-26,99300.0
2018-10-29,100000.0
2018-10-30,101000.0
2018-10-31,101500.0
2018-11-01,99700.0
2018-11-02,97800.0
2018-11-05,97500.0
2018-11-06,99100.0
2018-11-07,99600.0
2018-11-08,100500.0
2018-11-09,100500.0
2018-11-12,102000.0
2018-11-13,101000.0
2018-11-14,102000.0
2018-11-15,100500.0
2018-11-16,100500.0
2018-11-19,100000.0
2018-11-20,101000.0
2018-11-21,100000.0
2018-11-22,101500.0
2018-11-23,101000.0
2018-11-26,102500.0
2018-11-27,105000.0
2018-11-28,105500.0
2018-11-29,105500.0
2018-11-30,104000.0
2018-12-03,103500.0
2018-12-04,105000.0
2018-12-05,107500.0
2018-12-06,108000.0
2018-12-07,108000.0
2018-12-10,109000.0
2018-12-11,107500.0
2018-12-12,107000.0
2018-12-13,109000.0
2018-12-14,108500.0
2018-12-17,107000.0
2018-12-18,105500.0
2018-12-19,106500.0
2018-12-20,108000.0
2018-12-21,108000.0
2018-12-24,107000.0
2018-12-26,105500.0
2018-12-27,101500.0
2018-12-28,101500.0
2019-01-02,97600.0
2019-01-03,98800.0
2019-01-04,100500.0
2019-01-07,100000.0
2019-01-08,101000.0
2019-01-09,102000.0
2019-01-10,101500.0
2019-01-11,102500.0
2019-01-14,102000.0
2019-01-15,100500.0
2019-01-16,100500.0
2019-01-17,101500.0
2019-01-18,102000.0
2019-01-21,101000.0
2019-01-22,101500.0
2019-01-23,102500.0
2019-01-24,103000.0
2019-01-25,101000.0
2019-01-28,99600.0
2019-01-29,99600.0
2019-01-30,99800.0
2019-01-31,99100.0
2019-02-01,98900.0
2019-02-07,98500.0
2019-02-08,98600.0
2019-02-11,98400.0
2019-02-12,97900.0
2019-02-13,99100.0
2019-02-14,99500.0
2019-02-15,99300.0
2019-02-18,99700.0
2019-02-19,98900.0
2019-02-20,99500.0
2019-02-21,101000.0
2019-02-22,102000.0
2019-02-25,102500.0
2019-02-26,101000.0
2019-02-27,104000.0
2019-02-28,105500.0
2019-03-04,106500.0
2019-03-05,106000.0
2019-03-06,107000.0
2019-03-07,107500.0
2019-03-08,107000.0
2019-03-11,109500.0
2019-03-12,105500.0
2019-03-13,106500.0
2019-03-14,105500.0
2019-03-15,107000.0
2019-03-18,109000.0
2019-03-19,108000.0
2019-03-20,107500.0
2019-03-21,105500.0
2019-03-22,106000.0
2019-03-25,105000.0
2019-03-26,107500.0
2019-03-27,106500.0
2019-03-28,106000.0
2019-03-29,103500.0
2019-04-01,105000.0
2019-04-02,105000.0
2019-04-03,104500.0
2019-04-04,103500.0
2019-04-05,104000.0
2019-04-08,103500.0
2019-04-09,102000.0
2019-04-10,102500.0
2019-04-11,101000.0
2019-04-12,101000.0
2019-04-15,101000.0
2019-04-16,104000.0
2019-04-17,102500.0
2019-04-18,102000.0
2019-04-19,101500.0
2019-04-22,102000.0
2019-04-23,101500.0
2019-04-24,102000.0
2019-04-25,102000.0
2019-04-26,102000.0
2019-04-29,102500.0
2019-04-30,102000.0
2019-05-02,100500.0
2019-05-03,100500.0
2019-05-07,100000.0
2019-05-08,100500.0
2019-05-09,98300.0
2019-05-10,101000.0
2019-05-13,100000.0
2019-05-14,99300.0
2019-05-15,100000.0
2019-05-16,99500.0
2019-05-17,100000.0
2019-05-20,103000.0
2019-05-21,103500.0
2019-05-22,101000.0
2019-05-23,102000.0
2019-05-24,101500.0
2019-05-27,100000.0
2019-05-28,99400.0
2019-05-29,98500.0
2019-05-30,99900.0
2019-05-31,101000.0
2019-06-03,100500.0
2019-06-04,99700.0
2019-06-05,100500.0
2019-06-07,101000.0
2019-06-10,101000.0
2019-06-11,100500.0
2019-06-12,100500.0
2019-06-13,101000.0
2019-06-14,100500.0
2019-06-17,100500.0
2019-06-18,100500.0
2019-06-19,100500.0
2019-06-20,99900.0
2019-06-21,99400.0
2019-06-24,99400.0
2019-06-25,99300.0
2019-06-26,99200.0
2019-06-27,98900.0
2019-06-28,98500.0
2019-07-01,98200.0
2019-07-02,98000.0
2019-07-03,98200.0
2019-07-04,98200.0
2019-07-05,99000.0
2019-07-08,98500.0
2019-07-09,97700.0
2019-07-10,97700.0
2019-07-11,98000.0
2019-07-12,99200.0
2019-07-15,98500.0
2019-07-16,98500.0
2019-07-17,98800.0
2019-07-18,98000.0
2019-07-19,98900.0
2019-07-22,98800.0
2019-07-23,99000.0
2019-07-24,98300.0
2019-07-25,98100.0
2019-07-26,96800.0
2019-07-29,96800.0
2019-07-30,96800.0
2019-07-31,96300.0
2019-08-01,96500.0
2019-08-02,95800.0
2019-08-05,96500.0
2019-08-06,96000.0
2019-08-07,96400.0
2019-08-08,97700.0
2019-08-09,99600.0
2019-08-12,100000.0
2019-08-13,102000.0
2019-08-14,100500.0
2019-08-16,101500.0
2019-08-19,101500.0
2019-08-20,101500.0
2019-08-21,102000.0
2019-08-22,101000.0
2019-08-23,101500.0
2019-08-26,101000.0
2019-08-27,101000.0
2019-08-28,101500.0
2019-08-29,103500.0
2019-08-30,102000.0
2019-09-02,102500.0
2019-09-03,100500.0
2019-09-04,101500.0
2019-09-05,101500.0
2019-09-06,101500.0
2019-09-09,102500.0
2019-09-10,102000.0
2019-09-11,101500.0
2019-09-16,102500.0
2019-09-17,103000.0
2019-09-18,103000.0
2019-09-19,102500.0
2019-09-20,103500.0
2019-09-23,104000.0
2019-09-24,104000.0
2019-09-25,104500.0
2019-09-26,105000.0
2019-09-27,104500.0
2019-09-30,105500.0
2019-10-01,106000.0
2019-10-02,103500.0
2019-10-04,103000.0
2019-10-07,103000.0
2019-10-08,102000.0
2019-10-10,101000.0
2019-10-11,102500.0
2019-10-14,102500.0
2019-10-15,103000.0
2019-10-16,103000.0
2019-10-17,103500.0
2019-10-18,103000.0
2019-10-21,103500.0
2019-10-22,104000.0
2019-10-23,104000.0
2019-10-24,104000.0
2019-10-25,104000.0
2019-10-28,102000.0
2019-10-29,101500.0
2019-10-30,101500.0
2019-10-31,100000.0
2019-11-01,101000.0
2019-11-04,102000.0
2019-11-05,100500.0
2019-11-06,99700.0
2019-11-07,99700.0
2019-11-08,99400.0
2019-11-11,99800.0
2019-11-12,100500.0
2019-11-13,100500.0
2019-11-14,99500.0
2019-11-15,99500.0
2019-11-18,99100.0
2019-11-19,98900.0
2019-11-20,98900.0
2019-11-21,98200.0
2019-11-22,98100.0
2019-11-25,97700.0
2019-11-26,97600.0
2019-11-27,97900.0
2019-11-28,98700.0
2019-11-29,97800.0
2019-12-02,97500.0
2019-12-03,97200.0
2019-12-04,96300.0
2019-12-05,95700.0
2019-12-06,95200.0
2019-12-09,95500.0
2019-12-10,95600.0
2019-12-11,95300.0
2019-12-12,95900.0
2019-12-13,95800.0
2019-12-16,96000.0
2019-12-17,96300.0
2019-12-18,97000.0
2019-12-19,97300.0
2019-12-20,96900.0
2019-12-23,97200.0
2019-12-24,97400.0
2019-12-26,97600.0
2019-12-27,94300.0
2019-12-30,93800.0
2020-01-02,92500.0
2020-01-03,92500.0
2020-01-06,92700.0
2020-01-07,93000.0
2020-01-08,91800.0
2020-01-09,92700.0
2020-01-10,94700.0
2020-01-13,94100.0
2020-01-14,94100.0
2020-01-15,94100.0
2020-01-16,94300.0
2020-01-17,94000.0
2020-01-20,93000.0
2020-01-21,93700.0
2020-01-22,93600.0
2020-01-23,93500.0
2020-01-28,93200.0
2020-01-29,95100.0
2020-01-30,93900.0
2020-01-31,95100.0
2020-02-03,93400.0
2020-02-04,91600.0
2020-02-05,92700.0
2020-02-06,92900.0
2020-02-07,93700.0
2020-02-10,92700.0
2020-02-11,93000.0
2020-02-12,93100.0
2020-02-13,92200.0
2020-02-14,90400.0
2020-02-17,90300.0
2020-02-18,89300.0
2020-02-19,88000.0
2020-02-20,86300.0
2020-02-21,85500.0
2020-02-24,83700.0
2020-02-25,83900.0
2020-02-26,83100.0
2020-02-27,86200.0
2020-02-28,84700.0
2020-03-02,85400.0
2020-03-03,84900.0
2020-03-04,81500.0
2020-03-05,82500.0
2020-03-06,82100.0
2020-03-09,82100.0
2020-03-10,82300.0
2020-03-11,82200.0
2020-03-12,82200.0
2020-03-13,79100.0
2020-03-16,79300.0
2020-03-17,77500.0
2020-03-18,75500.0
2020-03-19,69100.0
2020-03-20,67900.0
2020-03-23,63600.0
2020-03-24,67700.0
2020-03-25,72100.0
2020-03-26,72200.0
2020-03-27,74500.0
2020-03-30,73400.0
2020-03-31,74700.0
2020-04-01,71000.0
2020-04-02,71300.0
2020-04-03,74900.0
2020-04-06,76200.0
2020-04-07,77000.0
2020-04-08,76200.0
2020-04-09,76500.0
2020-04-10,78200.0
2020-04-13,77400.0
2020-04-14,77800.0
2020-04-16,77200.0
2020-04-17,78000.0
2020-04-20,77900.0
2020-04-21,78000.0
2020-04-22,79000.0
2020-04-23,80200.0
2020-04-24,78900.0
2020-04-27,80400.0
2020-04-28,80300.0
2020-04-29,81100.0
2020-05-04,78500.0
2020-05-06,79000.0
2020-05-07,78600.0
2020-05-08,78700.0
2020-05-11,78400.0
2020-05-12,77200.0
2020-05-13,78700.0
2020-05-14,77100.0
2020-05-15,77900.0
2020-05-18,77900.0
2020-05-19,78700.0
2020-05-20,78500.0
2020-05-21,78600.0
2020-05-22,82200.0
2020-05-25,85900.0
2020-05-26,85300.0
2020-05-27,84900.0
2020-05-28,82700.0
2020-05-29,83900.0
2020-06-01,85000.0
2020-06-02,87400.0
2020-06-03,88000.0
2020-06-04,87400.0
2020-06-05,88300.0
2020-06-08,88000.0
2020-06-09,87100.0
2020-06-10,85700.0
2020-06-11,84800.0
2020-06-12,83200.0
2020-06-15,79300.0
2020-06-16,82600.0
2020-06-17,82300.0
2020-06-18,81700.0
2020-06-19,80600.0
2020-06-22,79500.0
2020-06-23,78800.0
2020-06-24,79500.0
2020-06-25,78200.0
2020-06-26,78100.0
2020-06-29,77700.0
2020-06-30,78200.0
2020-07-01,78500.0
2020-07-02,79300.0
2020-07-03,79800.0
2020-07-06,79900.0
2020-07-07,79200.0
2020-07-08,79500.0
2020-07-09,78600.0
2020-07-10,77800.0
2020-07-13,79000.0
2020-07-14,80500.0
2020-07-15,80700.0
2020-07-16,83700.0
2020-07-17,82400.0
2020-07-20,83100.0
2020-07-21,82300.0
2020-07-22,81800.0
2020-07-23,80800.0
2020-07-24,80400.0
2020-07-27,80600.0
2020-07-28,81200.0
2020-07-29,81200.0
2020-07-30,82100.0
2020-07-31,80900.0
2020-08-03,79800.0
2020-08-04,80000.0
2020-08-05,80100.0
2020-08-06,86000.0
2020-08-07,86300.0
2020-08-10,86200.0
2020-08-11,88100.0
2020-08-12,88300.0
2020-08-13,88000.0
2020-08-14,88100.0
2020-08-18,85400.0
2020-08-19,85800.0
2020-08-20,83100.0
2020-08-21,84200.0
2020-08-24,85100.0
2020-08-25,85400.0
2020-08-26,85400.0
2020-08-27,85200.0
2020-08-28,84800.0
2020-08-31,83100.0
2020-09-01,84200.0
2020-09-02,84700.0
2020-09-03,83600.0
2020-09-04,82700.0
2020-09-07,83000.0
2020-09-08,84200.0
2020-09-09,84100.0
2020-09-10,83700.0
2020-09-11,84600.0
2020-09-14,84600.0
2020-09-15,84700.0
2020-09-16,84800.0
2020-09-17,83900.0
2020-09-18,83100.0
2020-09-21,83200.0
2020-09-22,82100.0
2020-09-23,82100.0
2020-09-24,80400.0
2020-09-25,80500.0
2020-09-28,81900.0
2020-09-29,82400.0
2020-10-05,83000.0
2020-10-06,83100.0
2020-10-07,83100.0
2020-10-08,83800.0
2020-10-12,83500.0
2020-10-13,83000.0
2020-10-14,82100.0
2020-10-15,81900.0
2020-10-16,82300.0
2020-10-19,83000.0
2020-10-20,83100.0
2020-10-21,83900.0
2020-10-22,85100.0
2020-10-23,85400.0
2020-10-26,84300.0
2020-10-27,83300.0
2020-10-28,83000.0
2020-10-29,82200.0
2020-10-30,81000.0
2020-11-02,82700.0
2020-11-03,83400.0
2020-11-04,83300.0
2020-11-05,84000.0
2020-11-06,82900.0
2020-11-09,83300.0
2020-11-10,84500.0
2020-11-11,86900.0
2020-11-12,85600.0
2020-11-13,84700.0
2020-11-16,84800.0
2020-11-17,85800.0
2020-11-18,85700.0
2020-11-19,85300.0
2020-11-20,86300.0
2020-11-23,86400.0
2020-11-24,86100.0
2020-11-25,86000.0
2020-11-26,84800.0
2020-11-27,84400.0
2020-11-30,82500.0
2020-12-01,83400.0
2020-12-02,84200.0
2020-12-03,84300.0
2020-12-04,84600.0
2020-12-07,83800.0
2020-12-08,84100.0
2020-12-09,84600.0
2020-12-10,86100.0
2020-12-11,87800.0
2020-12-14,86800.0
2020-12-15,86400.0
2020-12-16,86300.0
2020-12-17,85800.0
2020-12-18,88000.0
2020-12-21,88600.0
2020-12-22,87300.0
2020-12-23,87600.0
2020-12-24,88400.0
2020-12-28,88600.0
2020-12-29,83300.0
2020-12-30,83100.0
2021-01-04,82100.0
2021-01-05,83100.0
2021-01-06,83000.0
2021-01-07,82800.0
2021-01-08,83400.0
2021-01-11,81900.0
2021-01-12,81900.0
2021-01-13,82000.0
2021-01-14,82100.0
2021-01-15,81700.0
2021-01-18,80600.0
2021-01-19,81000.0
2021-01-20,81000.0
2021-01-21,80900.0
2021-01-22,81200.0
2021-01-25,81600.0
2021-01-26,81200.0
2021-01-27,81300.0
2021-01-28,81400.0
2021-01-29,80200.0
2021-02-01,80100.0
2021-02-02,80000.0
2021-02-03,79900.0
2021-02-04,80100.0
2021-02-05,80000.0
2021-02-08,79700.0
2021-02-09,80500.0
2021-02-10,80500.0
2021-02-15,80100.0
2021-02-16,80100.0
2021-02-17,80100.0
2021-02-18,79600.0
2021-02-19,79500.0
2021-02-22,78800.0
2021-02-23,79000.0
2021-02-24,78700.0
2021-02-25,79800.0
2021-02-26,78300.0
2021-03-02,78100.0
2021-03-03,79800.0
2021-03-04,79400.0
2021-03-05,79700.0
2021-03-08,79800.0
2021-03-09,80100.0
2021-03-10,80200.0
2021-03-11,80500.0
2021-03-12,80400.0
2021-03-15,80200.0
2021-03-16,80200.0
2021-03-17,80100.0
2021-03-18,82900.0
2021-03-19,81800.0
2021-03-22,80600.0
2021-03-23,80300.0
2021-03-24,80300.0
2021-03-25,80500.0
2021-03-26,80400.0
2021-03-29,80200.0
2021-03-30,81100.0
2021-03-31,81400.0
2021-04-01,81400.0
2021-04-02,81300.0
2021-04-05,81200.0
2021-04-06,80900.0
2021-04-07,81000.0
2021-04-08,81200.0
2021-04-09,81600.0
2021-04-12,82000.0
2021-04-13,82300.0
2021-04-14,82400.0
2021-04-15,82900.0
2021-04-16,82800.0
2021-04-19,83000.0
2021-04-20,83800.0
2021-04-21,83300.0
2021-04-22,82900.0
2021-04-23,82900.0
2021-04-26,83200.0
2021-04-27,82700.0
2021-04-28,82900.0
2021-04-29,82500.0
2021-04-30,82400.0
2021-05-03,83300.0
2021-05-04,82800.0
2021-05-06,83200.0
2021-05-07,83900.0
2021-05-10,83800.0
2021-05-11,84400.0
2021-05-12,82600.0
2021-05-13,82000.0
2021-05-14,82300.0
2021-05-17,82700.0
2021-05-18,82800.0
2021-05-20,82800.0
2021-05-21,82500.0
2021-05-24,82500.0
2021-05-25,82700.0
2021-05-26,83200.0
2021-05-27,83900.0
2021-05-28,83700.0
2021-05-31,84300.0
2021-06-01,85300.0
2021-06-02,85000.0
2021-06-03,83800.0
2021-06-04,83600.0
2021-06-07,84500.0
2021-06-08,85000.0
2021-06-09,84300.0
2021-06-10,83900.0
2021-06-11,84400.0
2021-06-14,84300.0
2021-06-15,85100.0
2021-06-16,85200.0
2021-06-17,84700.0
2021-06-18,85000.0
2021-06-21,84400.0
2021-06-22,84000.0
2021-06-23,83900.0
2021-06-24,84500.0
2021-06-25,84700.0
2021-06-28,84700.0
2021-06-29,84300.0
2021-06-30,84400.0
2021-07-01,84500.0
2021-07-02,84500.0
2021-07-05,84200.0
2021-07-06,84200.0
2021-07-07,83600.0
2021-07-08,83000.0
2021-07-09,82200.0
2021-07-12,83600.0
2021-07-13,83800.0
2021-07-14,82900.0
2021-07-15,83400.0
2021-07-16,83700.0
2021-07-19,83300.0
2021-07-20,82600.0
2021-07-21,83000.0
2021-07-22,82900.0
2021-07-23,82900.0
2021-07-26,82600.0
2021-07-27,82600.0
2021-07-28,82600.0
2021-07-29,82700.0
2021-07-30,82300.0
2021-08-02,82600.0
2021-08-03,82600.0
2021-08-04,83300.0
2021-08-05,82800.0
2021-08-06,82200.0
2021-08-09,81700.0
2021-08-10,81400.0
2021-08-11,81500.0
2021-08-12,81900.0
2021-08-13,81800.0
2021-08-17,82200.0
2021-08-18,81900.0
2021-08-19,81100.0
2021-08-20,80400.0
2021-08-23,80500.0
2021-08-24,81300.0
2021-08-25,81500.0
2021-08-26,80900.0
2021-08-27,81100.0
2021-08-30,81000.0
2021-08-31,81600.0
2021-09-01,81800.0
2021-09-02,81800.0
2021-09-03,81900.0
2021-09-06,81800.0
2021-09-07,81400.0
2021-09-08,81300.0
2021-09-09,81300.0
2021-09-10,81600.0
2021-09-13,82000.0
2021-09-14,81400.0
2021-09-15,81400.0
2021-09-16,81300.0
2021-09-17,81100.0
2021-09-23,80900.0
2021-09-24,81100.0
2021-09-27,81200.0
2021-09-28,80900.0
2021-09-29,80500.0
2021-09-30,81200.0
2021-10-01,80800.0
2021-10-05,80700.0
2021-10-06,80400.0
2021-10-07,81300.0
2021-10-08,80700.0
2021-10-12,80400.0
2021-10-13,80700.0
2021-10-14,81200.0
2021-10-15,81700.0
2021-10-18,81800.0
2021-10-19,82000.0
2021-10-20,82000.0
2021-10-21,82100.0
2021-10-22,82200.0
2021-10-25,82500.0
2021-10-26,82400.0
2021-10-27,82000.0
2021-10-28,81500.0
2021-10-29,81100.0
2021-11-01,82000.0
2021-11-02,83900.0
2021-11-03,83600.0
2021-11-04,85500.0
2021-11-05,86100.0
2021-11-08,86600.0
2021-11-09,86200.0
2021-11-10,85300.0
2021-11-11,85100.0
2021-11-12,85000.0
2021-11-15,85000.0
2021-11-16,84800.0
2021-11-17,84300.0
2021-11-18,84100.0
2021-11-19,84000.0
2021-11-22,84200.0
2021-11-23,84600.0
2021-11-24,84700.0
2021-11-25,84500.0
2021-11-26,83800.0
2021-11-29,83100.0
2021-11-30,81900.0
2021-12-01,82700.0
2021-12-02,84100.0
2021-12-03,85100.0
2021-12-06,84800.0
2021-12-07,85700.0
2021-12-08,85500.0
2021-12-09,85700.0
2021-12-10,86000.0
2021-12-13,85900.0
2021-12-14,86000.0
2021-12-15,84100.0
2021-12-16,84700.0
2021-12-17,84800.0
2021-12-20,85000.0
2021-12-21,85200.0
2021-12-22,85400.0
2021-12-23,85000.0
2021-12-24,84200.0
2021-12-27,84200.0
2021-12-28,83900.0
2021-12-29,79700.0
2021-12-30,79000.0
2022-01-04,78400.0
2022-01-05,78500.0
2022-01-06,78700.0
2022-01-07,78400.0
2022-01-10,78500.0
2022-01-11,79200.0
2022-01-12,79200.0
2022-01-13,79000.0
2022-01-14,78700.0
2022-01-17,78900.0
2022-01-18,78500.0
2022-01-19,79000.0
2022-01-20,78800.0
2022-01-21,79200.0
2022-01-24,78600.0
2022-01-25,78300.0
2022-01-26,78300.0
2022-01-27,77100.0
2022-01-28,77600.0
2022-02-03,77900.0
2022-02-04,78200.0
2022-02-07,78600.0
2022-02-08,78600.0
2022-02-09,78600.0
2022-02-10,79500.0
2022-02-11,80000.0
2022-02-14,79600.0
2022-02-15,79600.0
2022-02-16,79900.0
2022-02-17,80000.0
2022-02-18,80800.0
2022-02-21,80800.0
2022-02-22,80800.0
2022-02-23,80800.0
2022-02-24,79700.0
2022-02-25,79900.0
2022-02-28,79900.0
2022-03-02,80200.0
2022-03-03,80400.0
2022-03-04,80400.0
2022-03-07,80700.0
2022-03-08,80600.0
2022-03-10,80600.0
2022-03-11,80600.0
2022-03-14,81300.0
2022-03-15,81300.0
2022-03-16,81300.0
2022-03-17,81300.0
2022-03-18,81500.0
2022-03-21,81500.0
2022-03-22,80500.0
2022-03-23,80500.0
2022-03-24,80900.0
2022-03-25,80800.0
2022-03-28,80800.0
2022-03-29,81100.0
2022-03-30,80900.0
2022-03-31,80700.0
2022-04-01,81000.0
2022-04-04,81400.0
2022-04-05,81400.0
2022-04-06,81200.0
2022-04-07,81400.0
2022-04-08,81800.0
2022-04-11,82300.0
2022-04-12,82000.0
2022-04-13,82000.0
2022-04-14,80800.0
2022-04-15,79800.0
2022-04-18,80500.0
2022-04-19,81100.0
2022-04-20,80900.0
2022-04-21,81400.0
2022-04-22,82000.0
2022-04-25,82400.0
2022-04-26,82100.0
2022-04-27,81600.0
2022-04-28,82200.0
2022-04-29,82600.0
2022-05-02,82500.0
2022-05-03,82500.0
2022-05-04,82900.0
2022-05-06,82500.0
2022-05-10,82600.0
2022-05-11,81800.0
2022-05-12,82800.0
2022-05-13,83400.0
2022-05-16,83500.0
2022-05-17,83900.0
2022-05-18,84200.0
2022-05-19,84500.0
2022-05-20,84400.0
2022-05-23,84700.0
2022-05-24,85100.0
2022-05-25,84900.0
2022-05-26,85100.0
2022-05-27,85200.0
2022-05-30,84000.0
2022-05-31,85000.0
2022-06-02,85200.0
2022-06-03,85000.0
2022-06-07,85900.0
2022-06-08,85300.0
2022-06-09,85100.0
2022-06-10,83800.0
2022-06-13,83200.0
2022-06-14,83600.0
2022-06-15,83300.0
2022-06-16,83400.0
2022-06-17,83400.0
2022-06-20,82500.0
2022-06-21,83100.0
2022-06-22,82200.0
2022-06-23,82600.0
2022-06-24,83000.0
2022-06-27,82400.0
2022-06-28,83400.0
2022-06-29,82900.0
2022-06-30,82200.0
2022-07-01,82000.0
2022-07-04,82100.0
2022-07-05,81700.0
2022-07-06,80100.0
2022-07-07,80700.0
2022-07-08,80700.0
2022-07-11,81000.0
2022-07-12,82000.0
2022-07-13,81200.0
2022-07-14,81000.0
2022-07-15,81200.0
2022-07-18,81100.0
2022-07-19,81300.0
2022-07-20,81500.0
2022-07-21,81100.0
2022-07-22,81200.0
2022-07-25,82100.0
2022-07-26,82200.0
2022-07-27,82200.0
2022-07-28,82100.0
2022-07-29,81900.0
2022-08-01,81100.0
2022-08-02,81700.0
2022-08-03,81000.0
2022-08-04,80700.0
2022-08-05,81100.0
2022-08-08,81300.0
2022-08-09,81000.0
2022-08-10,81000.0
2022-08-11,81500.0
2022-08-12,81700.0
2022-08-16,81700.0
2022-08-17,81300.0
2022-08-18,81200.0
2022-08-19,81600.0
2022-08-22,82300.0
2022-08-23,82100.0
2022-08-24,82200.0
2022-08-25,82400.0
2022-08-26,82600.0
2022-08-29,81900.0
2022-08-30,83000.0
2022-08-31,83200.0
2022-09-01,82800.0
2022-09-02,83000.0
2022-09-05,82900.0
2022-09-06,82700.0
2022-09-07,83100.0
2022-09-08,83200.0
2022-09-13,83200.0
2022-09-14,83600.0
2022-09-15,83100.0
2022-09-16,83700.0
2022-09-19,84300.0
2022-09-20,86200.0
2022-09-21,85600.0
2022-09-22,86400.0
2022-09-23,86400.0
2022-09-26,85600.0
2022-09-27,86300.0
2022-09-28,86800.0
2022-09-29,87200.0
2022-09-30,86600.0
2022-10-04,87000.0
2022-10-05,86000.0
2022-10-06,87000.0
2022-10-07,87100.0
2022-10-11,86900.0
2022-10-12,87000.0
2022-10-13,87200.0
2022-10-14,87300.0
2022-10-17,87800.0
2022-10-18,87300.0
2022-10-19,88000.0
2022-10-20,88000.0
2022-10-21,88200.0
2022-10-24,87800.0
2022-10-25,89400.0
2022-10-26,92800.0
2022-10-27,93600.0
2022-10-28,94100.0
2022-10-31,95700.0
2022-11-01,92400.0
2022-11-02,94500.0
2022-11-03,93900.0
2022-11-04,96200.0
2022-11-07,94800.0
2022-11-08,93700.0
2022-11-09,94400.0
2022-11-10,94400.0
2022-11-11,92600.0
2022-11-14,93000.0
2022-11-15,94600.0
2022-11-16,95900.0
2022-11-17,94700.0
2022-11-18,95000.0
2022-11-21,95500.0
2022-11-22,95600.0
2022-11-23,95100.0
2022-11-24,95200.0
2022-11-25,96500.0
2022-11-28,95700.0
2022-11-29,96700.0
2022-11-30,99900.0
2022-12-01,97600.0
2022-12-02,97300.0
2022-12-05,97500.0
2022-12-06,97700.0
2022-12-07,97800.0
2022-12-08,98900.0
2022-12-09,98000.0
2022-12-12,99200.0
2022-12-13,98100.0
2022-12-14,98600.0
2022-12-15,98200.0
2022-12-16,97500.0
2022-12-19,96900.0
2022-12-20,97600.0
2022-12-21,97100.0
2022-12-22,97000.0
2022-12-23,96400.0
2022-12-26,95400.0
2022-12-27,95100.0
2022-12-28,91400.0
2022-12-29,91500.0
2023-01-02,89000.0
2023-01-03,88900.0
2023-01-04,88600.0
2023-01-05,87700.0
2023-01-06,89500.0
2023-01-09,91400.0
2023-01-10,91700.0
2023-01-11,91000.0
2023-01-12,90600.0
2023-01-13,91400.0
2023-01-16,92000.0
2023-01-17,91500.0
2023-01-18,92100.0
2023-01-19,94100.0
2023-01-20,94700.0
2023-01-25,95600.0
2023-01-26,95700.0
2023-01-27,96400.0
2023-01-30,94200.0
2023-01-31,92500.0
2023-02-01,92500.0
2023-02-02,91900.0
2023-02-03,92700.0
2023-02-06,91600.0
2023-02-07,90900.0
2023-02-08,90900.0
2023-02-09,90000.0
2023-02-10,87700.0
2023-02-13,88500.0
2023-02-14,88600.0
2023-02-15,87500.0
2023-02-16,87500.0
2023-02-17,87100.0
2023-02-20,88800.0
2023-02-21,89700.0
2023-02-22,89100.0
2023-02-23,90300.0
2023-02-24,90300.0
2023-02-27,89700.0
2023-02-28,88700.0
2023-03-02,87600.0
2023-03-03,87200.0
2023-03-06,87000.0
2023-03-07,87000.0
2023-03-08,86000.0
2023-03-09,85900.0
2023-03-10,85100.0
2023-03-13,85400.0
2023-03-14,85100.0
2023-03-15,86900.0
2023-03-16,87200.0
2023-03-17,91800.0
2023-03-20,90600.0
2023-03-21,89900.0
2023-03-22,89000.0
2023-03-23,88400.0
2023-03-24,87500.0
2023-03-27,87500.0
2023-03-28,85400.0
2023-03-29,86000.0
2023-03-30,84200.0
2023-03-31,83900.0
2023-04-03,83600.0
2023-04-04,84300.0
2023-04-05,83900.0
2023-04-06,83800.0
2023-04-07,83400.0
2023-04-10,83000.0
2023-04-11,82700.0
2023-04-12,83400.0
2023-04-13,83500.0
2023-04-14,83600.0
2023-04-17,84300.0
2023-04-18,85700.0
2023-04-19,86200.0
2023-04-20,86400.0
2023-04-21,87200.0
2023-04-24,86000.0
2023-04-25,86000.0
2023-04-26,85600.0
2023-04-27,84700.0
2023-04-28,85800.0
2023-05-02,85100.0
2023-05-03,86200.0
2023-05-04,85100.0
2023-05-08,85600.0
2023-05-09,85600.0
2023-05-10,84800.0
2023-05-11,85200.0
2023-05-12,84600.0
2023-05-15,84700.0
2023-05-16,84100.0
2023-05-17,84000.0
2023-05-18,83900.0
2023-05-19,84100.0
2023-05-22,83900.0
2023-05-23,83500.0
2023-05-24,83700.0
2023-05-25,83600.0
2023-05-26,83500.0
2023-05-30,83500.0
2023-05-31,83600.0
2023-06-01,83000.0
2023-06-02,83200.0
2023-06-05,83100.0
2023-06-07,83000.0
2023-06-08,83000.0
2023-06-09,83100.0
2023-06-12,83200.0
2023-06-13,83100.0
2023-06-14,81600.0
2023-06-15,81900.0
2023-06-16,82500.0
2023-06-19,82400.0
2023-06-20,82200.0
2023-06-21,82000.0
2023-06-22,83100.0
2023-06-23,82800.0
2023-06-26,83900.0
2023-06-27,84400.0
2023-06-28,84000.0
2023-06-29,82000.0
2023-06-30,82800.0
2023-07-03,82800.0
2023-07-04,82300.0
2023-07-05,82000.0
2023-07-06,81700.0
2023-07-07,81300.0
2023-07-10,81600.0
2023-07-11,82100.0
2023-07-12,82000.0
2023-07-13,82700.0
2023-07-14,82800.0
2023-07-17,82000.0
2023-07-18,82000.0
2023-07-19,82000.0
2023-07-20,82000.0
2023-07-21,82300.0
2023-07-24,82000.0
2023-07-25,82200.0
2023-07-26,82800.0
2023-07-27,84000.0
2023-07-28,83400.0
2023-07-31,82600.0
2023-08-01,83500.0
2023-08-02,83100.0
2023-08-03,84000.0
2023-08-04,84800.0
2023-08-07,86000.0
2023-08-08,84100.0
2023-08-09,83800.0
2023-08-10,85000.0
2023-08-11,85000.0
2023-08-14,86500.0
2023-08-16,85200.0
2023-08-17,84900.0
2023-08-18,85400.0
2023-08-21,85400.0
2023-08-22,85700.0
2023-08-23,86000.0
2023-08-24,85700.0
2023-08-25,86900.0
2023-08-28,87100.0
2023-08-29,86900.0
2023-08-30,86200.0
2023-08-31,86900.0
2023-09-01,87000.0
2023-09-04,86900.0
2023-09-05,87200.0
2023-09-06,87400.0
2023-09-07,88200.0
2023-09-08,88500.0
2023-09-11,88700.0
2023-09-12,88200.0
2023-09-13,89100.0
2023-09-14,90500.0
2023-09-15,90300.0
2023-09-18,91000.0
2023-09-19,89600.0
2023-09-20,90200.0
2023-09-21,88400.0
2023-09-22,87300.0
2023-09-25,87500.0
2023-09-26,86000.0
2023-09-27,86300.0
2023-10-04,83800.0
2023-10-05,84400.0
2023-10-06,85300.0
2023-10-10,85900.0
2023-10-11,86700.0
2023-10-12,87700.0
2023-10-13,87000.0
2023-10-16,89000.0
2023-10-17,88000.0
2023-10-18,88700.0
2023-10-19,88300.0
2023-10-20,87000.0
2023-10-23,87200.0
2023-10-24,86800.0
2023-10-25,86900.0
2023-10-26,86200.0
2023-10-27,86500.0
2023-10-30,85300.0
2023-10-31,85300.0
2023-11-01,87200.0
2023-11-02,87000.0
2023-11-03,87300.0
2023-11-06,89700.0
2023-11-07,89800.0
2023-11-08,88000.0
2023-11-09,88900.0
2023-11-10,89600.0
2023-11-13,90300.0
2023-11-14,91800.0
2023-11-15,92400.0
2023-11-16,91300.0
2023-11-17,90700.0
2023-11-20,91000.0
2023-11-21,91200.0
2023-11-22,91500.0
2023-11-23,90600.0
2023-11-24,90600.0
2023-11-27,91000.0
2023-11-28,90600.0
2023-11-29,88500.0
2023-11-30,88200.0
2023-12-01,89400.0
2023-12-04,89000.0
2023-12-05,90000.0
2023-12-06,90400.0
2023-12-07,91300.0
2023-12-08,90800.0
2023-12-11,91500.0
2023-12-12,91500.0
2023-12-13,91700.0
2023-12-14,91100.0
2023-12-15,91400.0
2023-12-18,91000.0
2023-12-19,91200.0
2023-12-20,91400.0
2023-12-21,90800.0
2023-12-22,90400.0
2023-12-26,90900.0
2023-12-27,85700.0
2023-12-28,86900.0
2024-01-02,89300.0
2024-01-03,89900.0
2024-01-04,90400.0
2024-01-05,88800.0
2024-01-08,90300.0
2024-01-09,90600.0
2024-01-10,90900.0
2024-01-11,90000.0
2024-01-12,87400.0
2024-01-15,87500.0
2024-01-16,85600.0
2024-01-17,84500.0
2024-01-18,83900.0
2024-01-19,85100.0
2024-01-22,85700.0
2024-01-23,86600.0
2024-01-24,85900.0
2024-01-25,87900.0
2024-01-26,87900.0
2024-01-29,89000.0
2024-01-30,89000.0
2024-01-31,90600.0
2024-02-01,92600.0
2024-02-02,92900.0
2024-02-05,90900.0
2024-02-06,90000.0
2024-02-07,90200.0
2024-02-08,91000.0
2024-02-13,90400.0
2024-02-14,89200.0
2024-02-15,90300.0
2024-02-16,90900.0
2024-02-19,91100.0
2024-02-20,91400.0
2024-02-21,92000.0
2024-02-22,92000.0
2024-02-23,93000.0
2024-02-26,92100.0
2024-02-27,91800.0
2024-02-28,92000.0
2024-02-29,93000.0
2024-03-04,92800.0
2024-03-05,92300.0
2024-03-06,91900.0
2024-03-07,91800.0
2024-03-08,93900.0
2024-03-11,92200.0
2024-03-12,92800.0
2024-03-13,94000.0
2024-03-14,95200.0
2024-03-15,92600.0
2024-03-18,92700.0
2024-03-19,92400.0
2024-03-20,91300.0
2024-03-21,92300.0
2024-03-22,92500.0
2024-03-25,92100.0
2024-03-26,93500.0
2024-03-27,93900.0
2024-03-28,93700.0
2024-03-29,93500.0
2024-04-01,91500.0
2024-04-02,91300.0
2024-04-03,90100.0
2024-04-04,90700.0
2024-04-05,90800.0
2024-04-08,91200.0
2024-04-09,90900.0
2024-04-11,90500.0
2024-04-12,88300.0
2024-04-15,89600.0
2024-04-16,88800.0
2024-04-17,88900.0
2024-04-18,89800.0
2024-04-19,89600.0
2024-04-22,90900.0
2024-04-23,89700.0
2024-04-24,89400.0
2024-04-25,89000.0
2024-04-26,88900.0
2024-04-29,89800.0
2024-04-30,89400.0
2024-05-02,90900.0
2024-05-03,92100.0
2024-05-07,92700.0
2024-05-08,91700.0
2024-05-09,91500.0
2024-05-10,90600.0
2024-05-13,90100.0
2024-05-14,89700.0
2024-05-16,90100.0
2024-05-17,89300.0
2024-05-20,89000.0
2024-05-21,87700.0
2024-05-22,88000.0
2024-05-23,87100.0
2024-05-24,86400.0
2024-05-27,86200.0
2024-05-28,86100.0
2024-05-29,85600.0
2024-05-30,85200.0
2024-05-31,83500.0
2024-06-03,84800.0
2024-06-04,85200.0
2024-06-05,85500.0
2024-06-07,86700.0
2024-06-10,85900.0
2024-06-11,86500.0
2024-06-12,86500.0
2024-06-13,85900.0
2024-06-14,86800.0
2024-06-17,86800.0
2024-06-18,86500.0
2024-06-19,86400.0
2024-06-20,86700.0
2024-06-21,86300.0
2024-06-24,85900.0
2024-06-25,85800.0
2024-06-26,86500.0
2024-06-27,85900.0
2024-06-28,88200.0
2024-07-01,87300.0
2024-07-02,88000.0
2024-07-03,88000.0
2024-07-04,88000.0
2024-07-05,88000.0
2024-07-08,86000.0
2024-07-09,86100.0
2024-07-10,86100.0
2024-07-11,86900.0
2024-07-12,87500.0
2024-07-15,87000.0
2024-07-16,87200.0
2024-07-17,87900.0
2024-07-18,90000.0
2024-07-19,90400.0
2024-07-22,92900.0
2024-07-23,93400.0
2024-07-24,93400.0
2024-07-25,93200.0
2024-07-26,93800.0
2024-07-29,92500.0
2024-07-30,92700.0
2024-07-31,93300.0
2024-08-01,92600.0
2024-08-02,92000.0
2024-08-05,87300.0
2024-08-06,89100.0
2024-08-07,93400.0
2024-08-08,94800.0
2024-08-09,100600.0
2024-08-12,100200.0
2024-08-13,103000.0
2024-08-14,101900.0
2024-08-16,99100.0
2024-08-19,101100.0
2024-08-20,100100.0
2024-08-21,102200.0
2024-08-22,104300.0
2024-08-23,107300.0
2024-08-26,109400.0
2024-08-27,111000.0
2024-08-28,109800.0
2024-08-29,108100.0
2024-08-30,108200.0
2024-09-02,107400.0
2024-09-03,108500.0
2024-09-04,108700.0
2024-09-05,108900.0
2024-09-06,111400.0
2024-09-09,109700.0
2024-09-10,111000.0
2024-09-11,110200.0
2024-09-12,110000.0
2024-09-13,111500.0
2024-09-19,106700.0
2024-09-20,107100.0
2024-09-23,107500.0
2024-09-24,107700.0
2024-09-25,108300.0
2024-09-26,107200.0
2024-09-27,108900.0
2024-09-30,108900.0
2024-10-02,104500.0
2024-10-04,103900.0
2024-10-07,103700.0
2024-10-08,103500.0
2024-10-10,116900.0
2024-10-11,102200.0
2024-10-14,102200.0
2024-10-15,105300.0
2024-10-16,107500.0
2024-10-17,107500.0
2024-10-18,106800.0
2024-10-21,106600.0
2024-10-22,107900.0
2024-10-23,107500.0
2024-10-24,109300.0
2024-10-25,111600.0
2024-10-28,110700.0
2024-10-29,110600.0
2024-10-30,110000.0
2024-10-31,109700.0
2024-11-01,110000.0
2024-11-04,110800.0
2024-11-05,109200.0
2024-11-06,110600.0
2024-11-07,107900.0
2024-11-08,119500.0
2024-11-11,122000.0
2024-11-12,122900.0
2024-11-13,123000.0
2024-11-14,120800.0
2024-11-15,118100.0
2024-11-18,116700.0
2024-11-19,115900.0
2024-11-20,115500.0
2024-11-21,115900.0
2024-11-22,119200.0
2024-11-25,117900.0
2024-11-26,119900.0
2024-11-27,120700.0
2024-11-28,121400.0
2024-11-29,121800.0
2024-12-02,120900.0
2024-12-03,122900.0
2024-12-04,123400.0
2024-12-05,122000.0
2024-12-06,118100.0
2024-12-09,119200.0
2024-12-10,117100.0
2024-12-11,116300.0
2024-12-12,116000.0
2024-12-13,114900.0
2024-12-16,113900.0
2024-12-17,110300.0
2024-12-18,110600.0
2024-12-19,110600.0
2024-12-20,107600.0
2024-12-23,110100.0
2024-12-24,110000.0
2024-12-26,109300.0
2024-12-27,107600.0
2024-12-30,107100.0
2025-01-02,107100.0
2025-01-03,105700.0
2025-01-06,104600.0
2025-01-07,106300.0
2025-01-08,106200.0
2025-01-09,107300.0
2025-01-10,109000.0
2025-01-13,109500.0
2025-01-14,109000.0
2025-01-15,108100.0
2025-01-16,106300.0
2025-01-17,105900.0
2025-01-20,104600.0
2025-01-21,105800.0
2025-01-22,105200.0
2025-01-23,105500.0
2025-01-24,105900.0
2025-01-31,110600.0
2025-02-03,113200.0
2025-02-04,110400.0
2025-02-05,111000.0
2025-02-06,112700.0
2025-02-07,109200.0
2025-02-10,108300.0
2025-02-11,108500.0
2025-02-12,106900.0
2025-02-13,104900.0
2025-02-14,106500.0
2025-02-17,107400.0
2025-02-18,105000.0
2025-02-19,105900.0
2025-02-20,105200.0
2025-02-21,104100.0
2025-02-24,103500.0
2025-02-25,103500.0
2025-02-26,104100.0
2025-02-27,100100.0
2025-02-28,98300.0
2025-03-04,99600.0
2025-03-05,96900.0
2025-03-06,99200.0
2025-03-07,97500.0
2025-03-10,97700.0
2025-03-11,96000.0
2025-03-12,95200.0
2025-03-13,96100.0
2025-03-14,95000.0
2025-03-17,96300.0
2025-03-18,96800.0
2025-03-19,97500.0
2025-03-20,102100.0
2025-03-21,100600.0
2025-03-24,101100.0
2025-03-25,101300.0
2025-03-26,100100.0
2025-03-27,102000.0
2025-03-28,102700.0
2025-03-31,101100.0
2025-04-01,102200.0
2025-04-02,102200.0
2025-04-03,102700.0
2025-04-04,102600.0
2025-04-07,100500.0
2025-04-08,103900.0
2025-04-09,101900.0
2025-04-10,104900.0
2025-04-11,105600.0
2025-04-14,106600.0
2025-04-15,107800.0
2025-04-16,109400.0
2025-04-17,110000.0
2025-04-18,109600.0
2025-04-21,110600.0
2025-04-22,114500.0
2025-04-23,112900.0
2025-04-24,113500.0
2025-04-25,112900.0
2025-04-28,113400.0
2025-04-29,113300.0
2025-04-30,114700.0
2025-05-02,116000.0
2025-05-07,114800.0
2025-05-08,117500.0
2025-05-09,118200.0
2025-05-12,116100.0
2025-05-13,115700.0
2025-05-14,116600.0
2025-05-15,115900.0
2025-05-16,119700.0
2025-05-19,118000.0
2025-05-20,118200.0
2025-05-21,118400.0
2025-05-22,119600.0
2025-05-23,119400.0
2025-05-26,125000.0
2025-05-27,123500.0
2025-05-28,122600.0
2025-05-29,121000.0
2025-05-30,120200.0
2025-06-02,120600.0
2025-06-04,124400.0
2025-06-05,122200.0
2025-06-09,123300.0
2025-06-10,122000.0
2025-06-11,121600.0
2025-06-12,122200.0
2025-06-13,123200.0
2025-06-16,123000.0
2025-06-17,123700.0
2025-06-18,126500.0
2025-06-19,125600.0
2025-06-20,125500.0
2025-06-23,123700.0
2025-06-24,124600.0
2025-06-25,125300.0
2025-06-26,124800.0
2025-06-27,123300.0
2025-06-30,127700.0
2025-07-01,127200.0
2025-07-02,130200.0
2025-07-03,128400.0
2025-07-04,129600.0
2025-07-07,136200.0
2025-07-08,134500.0
2025-07-09,137400.0
2025-07-10,135600.0
2025-07-11,136400.0
2025-07-14,140700.0
2025-07-15,140500.0
2025-07-16,140000.0
2025-07-17,140700.0
2025-07-18,139500.0
2025-07-21,136900.0
2025-07-22,136500.0
2025-07-23,134900.0
2025-07-24,131500.0
2025-07-25,132500.0
2025-07-28,131700.0
2025-07-29,131800.0
2025-07-30,131500.0
2025-07-31,130700.0
2025-08-01,129100.0
2025-08-04,136100.0
2025-08-05,137200.0
2025-08-06,140500.0
2025-08-07,138500.0
2025-08-08,147200.0
2025-08-11,140100.0
2025-08-12,140500.0
2025-08-13,137600.0
2025-08-14,133700.0
2025-08-18,133900.0
2025-08-19,133600.0
2025-08-20,136500.0
2025-08-21,137100.0
2025-08-22,136900.0
2025-08-25,137900.0
2025-08-26,137500.0
2025-08-27,137000.0
2025-08-28,136000.0
2025-08-29,134700.0
2025-09-01,137100.0
2025-09-02,135600.0
2025-09-03,135500.0
2025-09-04,136200.0
2025-09-05,135200.0
2025-09-08,134700.0
2025-09-09,131900.0
2025-09-10,131400.0
2025-09-11,132700.0
2025-09-12,133700.0
2025-09-15,136600.0
2025-09-16,135100.0
2025-09-17,136800.0
2025-09-18,139700.0
2025-09-22,142600.0
2025-09-23,142600.0
2025-09-24,140700.0
2025-09-25,134300.0
2025-09-26,137600.0
2025-09-29,136200.0
2025-09-30,133600.0
2025-10-01,134500.0
2025-10-02,134400.0
2025-10-10,135200.0
2025-10-13,134000.0
2025-10-14,139100.0
2025-10-15,136500.0
2025-10-16,138700.0
2025-10-17,139400.0
2025-10-20,139500.0
2025-10-21,138500.0
2025-10-22,137800.0
2025-10-23,137400.0
2025-10-24,136400.0
2025-10-27,135800.0
2025-10-28,135300.0
2025-10-29,134400.0
2025-10-30,134500.0
2025-10-31,134200.0
2025-11-03,133700.0
2025-11-04,136300.0
2025-11-05,135900.0
2025-11-06,137700.0
2025-11-07,135800.0
2025-11-10,139000.0
2025-11-11,137000.0
2025-11-12,141000.0
2025-11-13,140700.0
2025-11-14,142700.0
2025-11-17,142100.0
2025-11-18,141100.0
2025-11-19,144800.0
2025-11-20,141800.0
2025-11-21,145600.0
2025-11-24,146500.0
2025-11-25,140200.0
2025-11-26,142600.0
2025-11-27,144000.0
2025-11-28,145500.0
2025-12-01,143500.0
2025-12-02,144800.0
2025-12-03,144700.0
2025-12-04,143300.0
2025-12-05,143000.0
2025-12-08,141000.0
2025-12-09,141100.0
2025-12-10,141700.0
2025-12-11,141600.0
2025-12-12,141600.0
2025-12-15,143000.0
2025-12-16,150000.0
2025-12-17,145300.0
2025-12-18,143600.0
2025-12-19,146700.0
2025-12-22,144800.0
2025-12-23,145500.0
2025-12-24,145000.0
2025-12-26,144800.0
2025-12-29,143400.0
2025-12-30,142100.0
2026-01-02,140400.0
2026-01-05,141800.0
2026-01-06,142600.0
2026-01-07,143200.0
2026-01-08,142500.0
2026-01-09,142200.0
2026-01-12,143700.0
2026-01-13,142300.0
2026-01-14,144300.0
2026-01-15,143700.0
2026-01-16,142300.0
2026-01-19,144800.0
2026-01-20,146000.0
2026-01-21,144000.0
2026-01-22,144000.0
2026-01-23,144900.0
2026-01-26,142000.0
2026-01-27,144800.0
2026-01-28,143500.0
2026-01-29,145600.0
2026-01-30,153900.0
2026-02-02,154700.0
2026-02-03,157700.0
2026-02-04,161800.0
2026-02-05,161800.0
2026-02-06,163300.0
2026-02-09,168500.0
2026-02-10,172000.0
2026-02-11,171300.0
2026-02-12,172200.0
2026-02-13,173800.0
2026-02-19,175100.0
2026-02-20,177100.0
2026-02-23,176500.0
2026-02-24,173400.0
2026-02-25,179700.0
2026-02-26,169700.0
2026-02-27,163100.0
2026-03-03,162300.0
2026-03-04,151600.0
2026-03-05,156600.0
2026-03-06,154700.0
2026-03-09,153600.0
2026-03-10,154600.0
2026-03-11,154600.0
2026-03-12,155600.0
2026-03-13,153000.0
2026-03-16,152500.0
2026-03-17,155500.0
2026-03-18,158700.0
2026-03-19,157000.0
2026-03-20,157500.0
2026-03-23,151800.0
2026-03-24,157600.0
2026-03-25,155900.0
2026-03-26,155500.0
2026-03-27,158000.0
2026-03-30,157100.0
2026-03-31,159200.0
2026-04-01,160000.0
2026-04-02,154600.0
2026-04-03,156300.0
2026-04-06,157300.0
2026-04-07,154700.0
2026-04-08,158500.0
2026-04-09,163200.0
2026-04-10,164300.0
2026-04-13,165600.0
2026-04-14,168100.0
2026-04-15,170400.0
2026-04-16,171000.0
2026-04-17,171300.0
2026-04-20,171500.0
2026-04-21,173000.0
2026-04-22,171000.0
2026-04-23,171000.0
2026-04-24,176200.0
2026-04-27,177800.0
2026-04-28,178000.0
2026-04-29,176500.0
2026-04-30,178300.0
2026-05-04,179600.0
2026-05-06,175400.0
2026-05-07,176700.0
2026-05-08,181000.0
2026-05-11,180300.0
2026-05-12,182100.0
2026-05-13,178000.0
2026-05-14,189000.0
2026-05-15,179800.0
2026-05-18,178200.0
2026-05-19,177200.0
2026-05-20,178200.0
2026-05-21,181000.0
2026-05-22,188000.0
2026-05-26,182100.0
2026-05-27,179700.0
2026-05-28,183700.0
2026-05-29,184700.0
2026-06-01,185100.0
2026-06-02,184600.0
2026-06-04,175800.0
2026-06-05,179300.0
2026-06-08,177200.0
2026-06-09,184300.0
2026-06-10,185100.0
2026-06-11,185100.0
2026-06-12,187800.0
2026-06-15,188500.0
2026-06-16,185000.0
2026-06-17,187200.0
2026-06-18,180400.0
2026-06-19,180000.0
2026-06-22,174900.0
2026-06-23,172600.0
2026-06-24,168600.0
2026-06-25,170500.0
2026-06-26,167400.0
2026-06-29,172700.0
2026-06-30,169700.0
2026-07-01,167100.0
2026-07-02,173000.0
2026-07-03,175100.0
2026-07-06,172600.0
2026-07-07,183400.0
2026-07-08,184300.0
2026-07-09,176400.0
2026-07-10,173500.0
2026-07-13,174300.0
2026-07-14,171000.0
2026-07-15,172500.0
2026-07-16,179900.0
2026-07-20,179400.0
2026-07-21,178200.0
2026-07-22,176600.0
2026-07-23,179600.0
2026-07-24,182600.0
2026-07-27,182600.0
2026-07-28,181700.0
2026-07-29,182600.0
2026-07-30,185800.0
2026-07-31,179100.0
2026-08-03,175600.0
2026-08-04,175600.0
2026-08-05,176000.0
2026-08-06,182700.0
2026-08-07,188800.0
2026-08-10,185700.0
2026-08-11,179900.0
2026-08-12,177400.0
2026-08-13,173800.0
2026-08-14,176000.0
2026-08-18,176600.0
2026-08-19,175500.0
2026-08-20,171900.0
