date,close
1992-11-22,1455.0
1992-11-23,1458.4
1992-11-24,1467.9
1992-11-25,1459.0
1992-11-26,1458.9
1992-11-29,1456.4
1992-11-30,1452.3
1992-12-01,1446.8
1992-12-02,1442.1
1992-12-03,1443.2
1992-12-06,1454.3
1992-12-07,1480.3
1992-12-08,1494.9
1992-12-09,1515.1
1992-12-10,1513.3
1992-12-13,1525.9
1992-12-14,1522.3
1992-12-15,1508.5
1992-12-16,1512.0
1992-12-17,1529.4
1992-12-20,1551.7
1992-12-21,1543.5
1992-12-22,1536.4
1992-12-23,1547.6
1992-12-28,1553.5
1992-12-29,1552.3
1992-12-30,1564.7
1993-01-03,1576.1
1993-01-04,1579.9
1993-01-05,1554.8
1993-01-06,1542.1
1993-01-07,1510.4
1993-01-10,1523.6
1993-01-11,1517.9
1993-01-12,1502.2
1993-01-13,1515.4
1993-01-14,1534.1
1993-01-17,1538.3
1993-01-18,1527.6
1993-01-19,1530.9
1993-01-20,1528.4
1993-01-21,1533.0
1993-01-24,1532.8
1993-01-25,1539.1
1993-01-26,1544.4
1993-01-27,1536.1
1993-01-28,1536.5
1993-01-31,1538.3
1993-02-01,1538.3
1993-02-02,1538.5
1993-02-03,1540.0
1993-02-04,1552.5
1993-02-07,1568.5
1993-02-08,1595.1
1993-02-09,1602.0
1993-02-10,1610.1
1993-02-11,1614.3
1993-02-14,1607.2
1993-02-15,1623.9
1993-02-16,1612.8
1993-02-17,1618.4
1993-02-18,1604.3
1993-02-21,1615.7
1993-02-22,1619.5
1993-02-23,1615.2
1993-02-24,1617.0
1993-02-25,1620.2
1993-02-28,1652.8
1993-03-01,1658.0
1993-03-02,1637.3
1993-03-03,1633.9
1993-03-04,1623.6
1993-03-08,1626.5
1993-03-09,1644.1
1993-03-10,1658.6
1993-03-11,1672.8
1993-03-12,1671.9
1993-03-15,1635.3
1993-03-16,1669.2
1993-03-17,1687.1
1993-03-18,1681.6
1993-03-19,1689.7
1993-03-22,1674.9
1993-03-23,1670.0
1993-03-24,1673.7
1993-03-25,1670.7
1993-03-26,1685.6
1993-03-29,1686.3
1993-03-30,1687.2
1993-03-31,1674.5
1993-04-01,1676.4
1993-04-02,1692.3
1993-04-05,1678.7
1993-04-06,1665.9
1993-04-07,1662.0
1993-04-08,1674.3
1993-04-13,1699.2
1993-04-14,1714.7
1993-04-15,1713.4
1993-04-16,1713.4
1993-04-19,1705.5
1993-04-20,1712.7
1993-04-21,1702.4
1993-04-22,1714.4
1993-04-23,1710.9
1993-04-26,1716.0
1993-04-27,1709.1
1993-04-28,1709.2
1993-04-29,1684.0
1993-04-30,1685.2
1993-05-03,1668.7
1993-05-04,1668.1
1993-05-05,1678.5
1993-05-06,1696.0
1993-05-07,1688.5
1993-05-10,1673.9
1993-05-11,1689.5
1993-05-12,1698.3
1993-05-13,1696.2
1993-05-14,1698.9
1993-05-17,1686.2
1993-05-18,1676.4
1993-05-19,1680.2
1993-05-20,1682.1
1993-05-21,1695.1
1993-05-24,1683.7
1993-05-25,1698.2
1993-05-26,1719.5
1993-05-27,1753.4
1993-05-28,1762.5
1993-05-31,1737.4
1993-06-01,1732.8
1993-06-02,1742.6
1993-06-03,1741.2
1993-06-04,1739.8
1993-06-07,1736.9
1993-06-08,1721.9
1993-06-09,1708.7
1993-06-10,1713.6
1993-06-11,1715.1
1993-06-15,1726.5
1993-06-16,1726.0
1993-06-17,1728.0
1993-06-18,1730.5
1993-06-21,1726.8
1993-06-22,1715.9
1993-06-23,1697.7
1993-06-24,1698.4
1993-06-25,1699.1
1993-06-28,1714.6
1993-06-29,1716.8
1993-06-30,1734.6
1993-07-01,1752.3
1993-07-02,1764.0
1993-07-05,1759.6
1993-07-06,1757.3
1993-07-07,1765.7
1993-07-08,1775.8
1993-07-09,1776.9
1993-07-12,1797.5
1993-07-13,1799.9
1993-07-14,1801.3
1993-07-15,1802.7
1993-07-16,1796.8
1993-07-19,1794.3
1993-07-20,1803.8
1993-07-21,1815.4
1993-07-22,1799.5
1993-07-23,1804.4
1993-07-26,1792.5
1993-07-27,1810.3
1993-07-28,1814.3
1993-07-29,1824.1
1993-07-30,1837.1
1993-08-02,1846.7
1993-08-03,1847.1
1993-08-04,1853.2
1993-08-05,1857.0
1993-08-06,1836.0
1993-08-09,1837.2
1993-08-10,1852.1
1993-08-11,1853.8
1993-08-12,1868.2
1993-08-13,1852.6
1993-08-16,1867.2
1993-08-17,1881.1
1993-08-18,1891.3
1993-08-19,1924.0
1993-08-20,1923.9
1993-08-23,1929.5
1993-08-24,1919.5
1993-08-25,1916.9
1993-08-26,1937.4
1993-08-27,1946.8
1993-08-30,1955.0
1993-08-31,1961.6
1993-09-01,1977.3
1993-09-02,1968.5
1993-09-03,1953.0
1993-09-06,1919.5
1993-09-07,1923.6
1993-09-08,1895.7
1993-09-09,1888.3
1993-09-10,1896.6
1993-09-13,1893.8
1993-09-14,1870.1
1993-09-15,1859.1
1993-09-16,1856.5
1993-09-17,1879.7
1993-09-20,1878.4
1993-09-21,1880.7
1993-09-22,1874.7
1993-09-23,1884.5
1993-09-24,1902.3
1993-09-27,1897.7
1993-09-28,1896.9
1993-09-29,1906.8
1993-09-30,1919.8
1993-10-01,1928.8
1993-10-04,1932.5
1993-10-05,1955.6
1993-10-06,1975.2
1993-10-07,1976.5
1993-10-08,1981.4
1993-10-11,1994.1
1993-10-12,1982.0
1993-10-13,1993.0
1993-10-14,2017.3
1993-10-15,2029.9
1993-10-18,2041.3
1993-10-19,2030.8
1993-10-20,2006.2
1993-10-21,2014.1
1993-10-22,2015.4
1993-10-25,2001.3
1993-10-26,2011.7
1993-10-27,2025.6
1993-10-28,2033.9
1993-10-29,2070.6001
1993-10-31,2091.7
1993-11-01,2084.1001
1993-11-02,2065.7
1993-11-03,2058.8
1993-11-04,2037.1
1993-11-07,2009.7
1993-11-08,2005.5
1993-11-09,1997.5
1993-11-10,2007.4
1993-11-11,2029.5
1993-11-14,2022.2
1993-11-15,2023.0
1993-11-16,2044.3
1993-11-17,2048.6001
1993-11-18,2022.9
1993-11-21,1988.9
1993-11-22,1950.2
1993-11-23,1972.6
1993-11-24,1982.6
1993-11-25,1986.1
1993-11-28,1952.8
1993-11-29,1953.7
1993-11-30,1949.0
1993-12-01,1993.5
1993-12-02,1991.9
1993-12-05,1998.9
1993-12-06,2019.1
1993-12-07,2044.6
1993-12-08,2041.3
1993-12-09,2030.9
1993-12-12,2039.6
1993-12-13,2028.9
1993-12-14,2011.3
1993-12-15,2016.9
1993-12-16,2023.7
1993-12-19,2018.7
1993-12-20,2007.5
1993-12-21,1992.1
1993-12-22,2009.2
1993-12-23,2031.4
1993-12-28,2069.8
1993-12-29,2095.8
1993-12-30,2113.6001
1994-01-03,2115.3999
1994-01-04,2132.0
1994-01-05,2138.7
1994-01-06,2124.0
1994-01-09,2135.8
1994-01-10,2143.2
1994-01-11,2131.1001
1994-01-12,2112.8
1994-01-13,2141.8
1994-01-16,2175.3
1994-01-17,2167.5
1994-01-18,2183.3999
1994-01-19,2199.6001
1994-01-20,2182.7
1994-01-23,2156.7
1994-01-24,2154.1001
1994-01-26,2181.3999
1994-01-27,2191.7
1994-01-30,2244.3999
1994-01-31,2244.2
1994-02-01,2245.2
1994-02-02,2275.6001
1994-02-03,2266.3
1994-02-06,2215.2
1994-02-07,2239.0
1994-02-08,2203.0
1994-02-09,2166.1001
1994-02-10,2173.2
1994-02-13,2170.8999
1994-02-14,2165.7
1994-02-15,2179.1001
1994-02-16,2170.1001
1994-02-17,2152.6001
1994-02-20,2108.7
1994-02-21,2134.1001
1994-02-22,2150.3
1994-02-23,2127.7
1994-02-24,2079.0
1994-02-27,2112.0
1994-02-28,2112.0
1994-03-01,2084.2
1994-03-02,2082.3999
1994-03-03,2048.1001
1994-03-07,2077.0
1994-03-08,2103.6001
1994-03-09,2081.3
1994-03-10,2088.1001
1994-03-11,2084.0
1994-03-14,2110.8
1994-03-15,2102.7
1994-03-16,2104.3
1994-03-17,2095.5
1994-03-18,2093.7
1994-03-21,2069.3
1994-03-22,2070.3
1994-03-23,2110.5
1994-03-24,2098.8999
1994-03-25,2078.5
1994-03-28,2035.7
1994-03-29,2027.8
1994-03-30,2021.5
1994-03-31,1980.1
1994-04-05,1980.6
1994-04-06,2014.4
1994-04-07,2016.5
1994-04-08,2011.2
1994-04-11,2005.7
1994-04-12,2026.8
1994-04-13,2048.1001
1994-04-14,2027.9
1994-04-15,2013.9
1994-04-18,2030.8
1994-04-19,1997.0
1994-04-20,1982.1
1994-04-21,1966.8
1994-04-22,1979.3
1994-04-26,2006.8
1994-04-27,1997.8
1994-04-28,2007.9
1994-04-29,2004.2
1994-05-02,1986.3
1994-05-03,1983.6
1994-05-04,1958.2
1994-05-05,1928.7
1994-05-06,1944.8
1994-05-09,1948.3
1994-05-10,1946.6
1994-05-11,1974.1
1994-05-12,1981.8
1994-05-13,2010.8
1994-05-16,2051.8
1994-05-17,2036.2
1994-05-18,2047.4
1994-05-19,2032.0
1994-05-20,2043.8
1994-05-23,2060.7
1994-05-24,2072.1001
1994-05-25,2045.4
1994-05-26,2035.4
1994-05-27,2041.9
1994-05-30,2032.5
1994-05-31,2021.2
1994-06-01,2036.5
1994-06-02,2015.7
1994-06-03,2017.2
1994-06-06,2011.2
1994-06-07,2008.8
1994-06-08,2018.4
1994-06-09,2015.6
1994-06-10,2009.9
1994-06-14,2017.8
1994-06-15,2015.4
1994-06-16,1996.5
1994-06-17,1991.9
1994-06-20,1964.4
1994-06-21,1934.9
1994-06-22,1953.3
1994-06-23,1966.6
1994-06-24,1962.0
1994-06-27,1901.3
1994-06-28,1916.8
1994-06-29,1917.3
1994-06-30,1931.1
1994-07-01,1907.8
1994-07-04,1929.9
1994-07-05,1945.3
1994-07-06,1931.7
1994-07-07,1902.3
1994-07-08,1905.5
1994-07-11,1902.2
1994-07-12,1915.0
1994-07-13,1921.1
1994-07-14,1951.8
1994-07-15,2002.0
1994-07-18,2015.6
1994-07-19,2020.9
1994-07-20,2021.6
1994-07-21,1991.2
1994-07-22,1994.1
1994-07-25,1990.7
1994-07-26,1983.2
1994-07-27,1982.2
1994-07-28,1982.3
1994-07-29,2003.5
1994-08-01,2025.4
1994-08-02,2030.3
1994-08-03,2016.2
1994-08-04,2028.8
1994-08-05,2037.0
1994-08-08,2025.4
1994-08-09,2031.9
1994-08-10,2021.7
1994-08-11,2006.9
1994-08-12,1996.1
1994-08-15,2000.2
1994-08-16,1983.5
1994-08-17,2003.5
1994-08-18,2011.1
1994-08-19,2004.6
1994-08-22,2007.4
1994-08-23,1995.0
1994-08-24,2005.5
1994-08-25,2022.5
1994-08-26,2021.6
1994-08-29,2057.5
1994-08-30,2059.8
1994-08-31,2063.8999
1994-09-01,2047.6
1994-09-02,2049.2
1994-09-05,2036.5
1994-09-06,2044.7
1994-09-07,2043.3
1994-09-08,2027.2
1994-09-09,2007.8
1994-09-12,1970.3
1994-09-13,1983.5
1994-09-14,1990.8
1994-09-15,1992.7
1994-09-16,2001.9
1994-09-19,1991.4
1994-09-20,1986.4
1994-09-21,1966.7
1994-09-22,1967.8
1994-09-23,1966.1
1994-09-26,1968.2
1994-09-27,1952.3
1994-09-28,1953.1
1994-09-29,1970.6
1994-09-30,1967.7
1994-10-03,1970.7
1994-10-04,1937.2
1994-10-05,1919.9
1994-10-06,1916.5
1994-10-07,1906.5
1994-10-10,1928.8
1994-10-11,1936.2
1994-10-12,1935.7
1994-10-13,1931.2
1994-10-14,1938.4
1994-10-17,1947.7
1994-10-18,1937.4
1994-10-19,1948.7
1994-10-20,1951.0
1994-10-21,1969.7
1994-10-24,1972.1
1994-10-25,1956.6
1994-10-26,1952.0
1994-10-27,1967.2
1994-10-28,1957.4
1994-10-30,1980.9
1994-10-31,1965.2
1994-11-01,1949.6
1994-11-02,1947.7
1994-11-03,1938.3
1994-11-06,1916.9
1994-11-07,1905.1
1994-11-08,1921.1
1994-11-09,1909.8
1994-11-10,1890.5
1994-11-13,1864.8
1994-11-14,1879.3
1994-11-15,1877.9
1994-11-16,1860.4
1994-11-17,1862.6
1994-11-20,1849.8
1994-11-21,1818.8
1994-11-22,1800.7
1994-11-23,1829.1
1994-11-24,1854.2
1994-11-27,1854.8
1994-11-28,1834.2
1994-11-29,1833.8
1994-11-30,1845.3
1994-12-01,1824.4
1994-12-04,1844.2
1994-12-05,1839.4
1994-12-06,1817.3
1994-12-07,1823.9
1994-12-08,1800.3
1994-12-11,1790.4
1994-12-12,1801.4
1994-12-13,1811.0
1994-12-14,1841.3
1994-12-15,1844.8
1994-12-18,1847.5
1994-12-19,1846.2
1994-12-20,1852.9
1994-12-21,1854.8
1994-12-22,1856.7
1994-12-27,1884.0
1994-12-28,1879.6
1994-12-29,1857.4
1995-01-02,1849.1
1995-01-03,1830.0
1995-01-04,1814.8
1995-01-05,1813.3
1995-01-08,1805.4
1995-01-09,1804.1
1995-01-10,1808.3
1995-01-11,1810.9
1995-01-12,1806.5
1995-01-15,1827.8
1995-01-16,1829.5
1995-01-17,1838.2
1995-01-18,1844.1
1995-01-19,1827.0
1995-01-22,1810.7
1995-01-23,1813.4
1995-01-24,1802.2
1995-01-26,1814.8
1995-01-29,1810.7
1995-01-30,1784.7
1995-01-31,1789.7
1995-02-01,1814.4
1995-02-02,1805.4
1995-02-05,1821.4
1995-02-06,1803.7
1995-02-07,1782.3
1995-02-08,1792.6
1995-02-09,1805.1
1995-02-12,1805.6
1995-02-13,1793.6
1995-02-14,1802.4
1995-02-15,1821.3
1995-02-16,1817.1
1995-02-19,1813.6
1995-02-20,1817.4
1995-02-21,1841.2
1995-02-22,1855.4
1995-02-23,1872.2
1995-02-26,1853.8
1995-02-27,1881.1
1995-02-28,1878.1
1995-03-01,1876.9
1995-03-02,1862.5
1995-03-06,1851.1
1995-03-07,1850.4
1995-03-08,1840.8
1995-03-09,1835.2
1995-03-10,1827.1
1995-03-13,1843.3
1995-03-14,1843.6
1995-03-15,1863.4
1995-03-16,1868.2
1995-03-17,1880.0
1995-03-20,1864.0
1995-03-21,1874.5
1995-03-22,1852.1
1995-03-23,1851.3
1995-03-24,1857.5
1995-03-27,1869.7
1995-03-28,1861.3
1995-03-29,1855.4
1995-03-30,1847.2
1995-03-31,1867.1
1995-04-03,1859.1
1995-04-04,1896.3
1995-04-05,1940.9
1995-04-06,1939.1
1995-04-07,1943.6
1995-04-10,1943.4
1995-04-11,1953.7
1995-04-12,1971.6
1995-04-13,1980.6
1995-04-18,2000.2
1995-04-19,1999.5
1995-04-20,1984.0
1995-04-21,1957.9
1995-04-24,1955.1
1995-04-26,1965.2
1995-04-27,1989.0
1995-04-28,2006.5
1995-05-01,1997.4
1995-05-02,1983.3
1995-05-03,1995.8
1995-05-04,2024.5
1995-05-05,2024.4
1995-05-08,2025.3
1995-05-09,2037.6
1995-05-10,2016.2
1995-05-11,1997.1
1995-05-12,1999.0
1995-05-15,2009.5
1995-05-16,2004.7
1995-05-17,2002.9
1995-05-18,1981.1
1995-05-19,1957.1
1995-05-22,1971.1
1995-05-23,1997.3
1995-05-24,2001.1
1995-05-25,2008.9
1995-05-26,1985.7
1995-05-29,1976.1
1995-05-30,1983.3
1995-05-31,1981.4
1995-06-01,1983.2
1995-06-02,1968.9
1995-06-05,1976.4
1995-06-06,1986.2
1995-06-07,1982.1
1995-06-08,1964.2
1995-06-09,1951.0
1995-06-13,1945.7
1995-06-14,1933.7
1995-06-15,1928.3
1995-06-16,1940.2
1995-06-19,1938.7
1995-06-20,1934.0
1995-06-21,1939.6
1995-06-22,1954.3
1995-06-23,1992.4
1995-06-26,1999.3
1995-06-27,1991.9
1995-06-28,2000.5
1995-06-29,1999.2
1995-06-30,1981.0
1995-07-03,1970.1
1995-07-04,1980.0
1995-07-05,1990.5
1995-07-06,1989.1
1995-07-07,2014.4
1995-07-10,2048.7
1995-07-11,2059.8999
1995-07-12,2063.1001
1995-07-13,2089.0
1995-07-14,2081.1001
1995-07-17,2070.7
1995-07-18,2078.0
1995-07-19,2058.0
1995-07-20,2045.3
1995-07-21,2092.5
1995-07-24,2090.8
1995-07-25,2087.5
1995-07-26,2104.0
1995-07-27,2088.0
1995-07-28,2087.8
1995-07-31,2083.3
1995-08-01,2087.6001
1995-08-02,2107.0
1995-08-03,2108.2
1995-08-04,2119.8999
1995-08-07,2118.7
1995-08-08,2112.8999
1995-08-09,2116.5
1995-08-10,2105.6001
1995-08-11,2094.7
1995-08-14,2083.6001
1995-08-15,2098.8999
1995-08-16,2089.8
1995-08-17,2075.2
1995-08-18,2064.2
1995-08-21,2071.2
1995-08-22,2067.5
1995-08-23,2063.6001
1995-08-24,2074.2
1995-08-25,2078.7
1995-08-28,2090.0
1995-08-29,2087.1001
1995-08-30,2094.8999
1995-08-31,2094.3
1995-09-01,2094.3999
1995-09-04,2084.0
1995-09-05,2083.8999
1995-09-06,2107.8
1995-09-07,2101.8999
1995-09-08,2098.5
1995-09-11,2103.0
1995-09-12,2104.3999
1995-09-13,2121.7
1995-09-14,2109.7
1995-09-15,2124.1001
1995-09-18,2123.6001
1995-09-19,2121.3999
1995-09-20,2120.0
1995-09-21,2105.8
1995-09-22,2096.3
1995-09-25,2088.1001
1995-09-26,2085.6001
1995-09-27,2083.7
1995-09-28,2075.1001
1995-09-29,2091.3
1995-10-02,2094.3
1995-10-03,2088.3999
1995-10-04,2059.8999
1995-10-05,2059.3
1995-10-06,2054.1001
1995-10-09,2047.2
1995-10-10,2018.2
1995-10-11,2024.2
1995-10-12,2033.7
1995-10-13,2055.5
1995-10-16,2067.0
1995-10-17,2064.8999
1995-10-18,2067.1001
1995-10-19,2068.3999
1995-10-20,2062.3999
1995-10-23,2044.9
1995-10-24,2037.7
1995-10-25,2048.3999
1995-10-26,2043.3
1995-10-27,2024.4
1995-10-29,2024.0
1995-10-30,2029.7
1995-10-31,2010.6
1995-11-01,2013.4
1995-11-02,2046.5
1995-11-05,2062.2
1995-11-06,2065.3999
1995-11-07,2065.3999
1995-11-08,2085.5
1995-11-09,2078.7
1995-11-12,2074.2
1995-11-13,2077.5
1995-11-14,2062.8999
1995-11-15,2059.5
1995-11-16,2072.0
1995-11-19,2078.3
1995-11-20,2092.8999
1995-11-21,2101.3
1995-11-22,2105.1001
1995-11-23,2106.0
1995-11-26,2112.8
1995-11-27,2110.1001
1995-11-28,2115.0
1995-11-29,2113.2
1995-11-30,2119.1001
1995-12-03,2160.8
1995-12-04,2160.8999
1995-12-05,2155.3999
1995-12-06,2155.5
1995-12-07,2142.7
1995-12-10,2161.5
1995-12-11,2171.2
1995-12-12,2182.1001
1995-12-13,2179.7
1995-12-14,2176.5
1995-12-17,2162.6001
1995-12-18,2137.3
1995-12-19,2154.5
1995-12-20,2157.2
1995-12-21,2160.2
1995-12-26,2154.5
1995-12-27,2153.2
1995-12-28,2154.8999
1996-01-01,2178.6001
1996-01-02,2210.1001
1996-01-03,2208.6001
1996-01-04,2209.8
1996-01-07,2221.6001
1996-01-08,2209.3
1996-01-09,2184.3999
1996-01-10,2194.1001
1996-01-11,2183.5
1996-01-14,2177.3999
1996-01-15,2189.0
1996-01-16,2193.8
1996-01-17,2193.1001
1996-01-18,2189.2
1996-01-21,2202.1001
1996-01-22,2185.8
1996-01-23,2174.3
1996-01-24,2193.2
1996-01-28,2217.8
1996-01-29,2205.3999
1996-01-30,2227.8
1996-01-31,2224.3999
1996-02-01,2231.3999
1996-02-04,2210.5
1996-02-05,2208.8
1996-02-06,2212.2
1996-02-07,2215.7
1996-02-08,2210.5
1996-02-11,2202.0
1996-02-12,2229.8
1996-02-13,2240.3999
1996-02-14,2238.2
1996-02-15,2236.8999
1996-02-18,2204.7
1996-02-19,2182.8999
1996-02-20,2178.8999
1996-02-21,2195.3999
1996-02-22,2203.3
1996-02-25,2206.1001
1996-02-26,2199.6001
1996-02-27,2206.5
1996-02-28,2228.2
1996-02-29,2249.8
1996-03-03,2258.3999
1996-03-04,2244.0
1996-03-05,2237.0
1996-03-06,2203.8
1996-03-07,2201.1001
1996-03-10,2122.2
1996-03-11,2163.0
1996-03-12,2143.5
1996-03-13,2145.5
1996-03-14,2170.5
1996-03-17,2171.3
1996-03-18,2192.1001
1996-03-19,2184.8999
1996-03-20,2198.3
1996-03-21,2179.2
1996-03-24,2189.8999
1996-03-25,2197.5
1996-03-26,2196.3
1996-03-27,2172.2
1996-03-28,2164.0
1996-04-01,2166.8
1996-04-02,2173.7
1996-04-03,2169.3
1996-04-04,2156.8999
1996-04-09,2155.0
1996-04-10,2160.1001
1996-04-11,2168.6001
1996-04-12,2181.3
1996-04-15,2198.3
1996-04-16,2193.8999
1996-04-17,2201.8999
1996-04-18,2191.0
1996-04-19,2200.7
1996-04-22,2201.7
1996-04-23,2233.6001
1996-04-24,2249.1001
1996-04-26,2258.8
1996-04-29,2251.8
1996-04-30,2248.7
1996-05-01,2247.2
1996-05-02,2256.0
1996-05-03,2231.1001
1996-05-06,2230.0
1996-05-07,2240.8999
1996-05-08,2230.1001
1996-05-09,2211.8999
1996-05-10,2189.0
1996-05-13,2190.7
1996-05-14,2196.3999
1996-05-15,2194.1001
1996-05-16,2179.7
1996-05-17,2187.0
1996-05-20,2186.3999
1996-05-21,2179.3999
1996-05-22,2181.8
1996-05-23,2194.8
1996-05-24,2191.6001
1996-05-27,2198.5
1996-05-28,2198.3
1996-05-29,2199.7
1996-05-30,2187.8
1996-05-31,2198.0
1996-06-03,2161.3999
1996-06-04,2167.1001
1996-06-05,2160.8999
1996-06-06,2146.8999
1996-06-07,2153.2
1996-06-11,2155.0
1996-06-12,2145.3
1996-06-13,2134.0
1996-06-14,2149.6001
1996-06-17,2140.3
1996-06-18,2160.8
1996-06-19,2165.3
1996-06-20,2180.7
1996-06-21,2186.6001
1996-06-24,2189.5
1996-06-25,2184.3
1996-06-26,2183.8
1996-06-27,2172.6001
1996-06-28,2171.8
1996-07-01,2175.7
1996-07-02,2187.1001
1996-07-03,2165.0
1996-07-04,2155.2
1996-07-05,2160.5
1996-07-08,2123.0
1996-07-09,2127.8
1996-07-10,2133.0
1996-07-11,2115.8999
1996-07-12,2091.5
1996-07-15,2078.8
1996-07-16,2035.9
1996-07-17,2030.4
1996-07-18,2052.8999
1996-07-19,2089.6001
1996-07-22,2085.1001
1996-07-23,2068.7
1996-07-24,2045.3
1996-07-25,2046.8
1996-07-26,2076.8
1996-07-29,2069.5
1996-07-30,2064.8999
1996-07-31,2114.1001
1996-08-01,2121.3999
1996-08-02,2137.5
1996-08-05,2160.3
1996-08-06,2148.8
1996-08-07,2148.8
1996-08-08,2153.6001
1996-08-09,2147.5
1996-08-12,2146.5
1996-08-13,2157.5
1996-08-14,2149.8
1996-08-15,2154.7
1996-08-16,2161.2
1996-08-19,2190.0
1996-08-20,2191.1001
1996-08-21,2211.7
1996-08-22,2200.1001
1996-08-23,2220.5
1996-08-26,2210.2
1996-08-27,2190.2
1996-08-28,2212.3
1996-08-29,2207.5
1996-08-30,2196.1001
1996-09-02,2185.6001
1996-09-03,2173.5
1996-09-04,2188.7
1996-09-05,2185.8999
1996-09-06,2166.6001
1996-09-09,2179.0
1996-09-10,2184.0
1996-09-11,2174.0
1996-09-12,2164.7
1996-09-13,2181.0
1996-09-16,2195.5
1996-09-17,2182.1001
1996-09-18,2162.8
1996-09-19,2177.0
1996-09-20,2170.7
1996-09-23,2148.6001
1996-09-24,2158.5
1996-09-25,2184.6001
1996-09-26,2204.6001
1996-09-27,2213.7
1996-09-30,2218.6001
1996-10-01,2214.8999
1996-10-02,2244.2
1996-10-03,2243.7
1996-10-04,2246.0
1996-10-07,2272.5
1996-10-08,2263.8999
1996-10-09,2241.2
1996-10-10,2254.1001
1996-10-11,2266.1001
1996-10-14,2294.2
1996-10-15,2298.3
1996-10-16,2296.8999
1996-10-17,2286.0
1996-10-18,2285.8999
1996-10-21,2295.1001
1996-10-22,2286.1001
1996-10-23,2280.2
1996-10-24,2312.8
1996-10-25,2271.1001
1996-10-27,2270.2
1996-10-28,2260.0
1996-10-29,2272.6001
1996-10-30,2286.2
1996-10-31,2276.1001
1996-11-03,2293.8999
1996-11-04,2296.8
1996-11-05,2294.0
1996-11-06,2278.3999
1996-11-07,2294.2
1996-11-10,2289.3
1996-11-11,2273.6001
1996-11-12,2276.8999
1996-11-13,2291.3999
1996-11-14,2315.8
1996-11-17,2312.2
1996-11-18,2295.2
1996-11-19,2323.2
1996-11-20,2324.2
1996-11-21,2316.8
1996-11-24,2327.8999
1996-11-25,2318.7
1996-11-26,2313.8999
1996-11-27,2323.3999
1996-11-28,2325.8999
1996-12-01,2322.8
1996-12-02,2318.3
1996-12-03,2309.7
1996-12-04,2322.6001
1996-12-05,2255.3999
1996-12-08,2282.5
1996-12-09,2306.8999
1996-12-10,2303.7
1996-12-11,2284.1001
1996-12-12,2259.8999
1996-12-15,2281.8999
1996-12-16,2260.0
1996-12-17,2268.2
1996-12-18,2276.7
1996-12-19,2321.3999
1996-12-22,2327.3
1996-12-23,2326.6001
1996-12-26,2340.3
1996-12-29,2357.8
1996-12-30,2367.8
1997-01-01,2355.3999
1997-01-02,2344.8
1997-01-05,2356.2
1997-01-06,2347.3999
1997-01-07,2362.2
1997-01-08,2370.6001
1997-01-09,2364.1001
1997-01-12,2367.6001
1997-01-13,2363.8
1997-01-14,2382.8
1997-01-15,2382.1001
1997-01-16,2380.7
1997-01-19,2388.5
1997-01-20,2374.0
1997-01-21,2377.3999
1997-01-22,2379.1001
1997-01-23,2369.5
1997-01-27,2351.7
1997-01-28,2361.8999
1997-01-29,2365.1001
1997-01-30,2370.7
1997-02-02,2375.2
1997-02-03,2355.8999
1997-02-04,2382.6001
1997-02-05,2380.0
1997-02-06,2390.0
1997-02-09,2388.8
1997-02-10,2391.3
1997-02-11,2417.2
1997-02-12,2438.3
1997-02-13,2424.3999
1997-02-16,2435.8
1997-02-17,2444.0
1997-02-18,2431.1001
1997-02-19,2415.2
1997-02-20,2413.3
1997-02-23,2422.3999
1997-02-24,2441.2
1997-02-25,2422.6001
1997-02-26,2402.8
1997-02-27,2386.0
1997-03-02,2357.8
1997-03-03,2369.1001
1997-03-04,2371.0
1997-03-05,2385.3
1997-03-06,2376.2
1997-03-09,2399.1001
1997-03-10,2404.8999
1997-03-11,2390.0
1997-03-12,2388.6001
1997-03-13,2360.2
1997-03-16,2363.6001
1997-03-17,2339.6001
1997-03-18,2321.2
1997-03-19,2328.8
1997-03-20,2325.7
1997-03-23,2342.6001
1997-03-24,2342.6001
1997-03-25,2344.1001
1997-03-26,2360.5
1997-04-01,2293.8
1997-04-02,2295.8999
1997-04-03,2302.8999
1997-04-04,2310.8999
1997-04-07,2307.6001
1997-04-08,2309.3
1997-04-09,2327.7
1997-04-10,2330.6001
1997-04-11,2317.8
1997-04-14,2304.5
1997-04-15,2318.7
1997-04-16,2343.6001
1997-04-17,2350.0
1997-04-18,2380.7
1997-04-21,2384.6001
1997-04-22,2386.5
1997-04-23,2408.8999
1997-04-24,2409.2
1997-04-28,2395.3
1997-04-29,2414.5
1997-04-30,2424.1001
1997-05-01,2421.3
1997-05-02,2427.3
1997-05-05,2428.0
1997-05-06,2447.0
1997-05-07,2453.8
1997-05-08,2442.7
1997-05-09,2466.1001
1997-05-12,2464.3
1997-05-13,2473.0
1997-05-14,2467.8
1997-05-15,2461.8
1997-05-16,2475.3
1997-05-19,2469.1001
1997-05-20,2469.2
1997-05-21,2482.1001
1997-05-22,2488.6001
1997-05-23,2504.8999
1997-05-26,2524.3
1997-05-27,2515.3
1997-05-28,2520.5
1997-05-29,2524.8
1997-05-30,2544.8999
1997-06-02,2560.5
1997-06-03,2545.5
1997-06-04,2546.2
1997-06-05,2535.0
1997-06-06,2532.0
1997-06-10,2563.3
1997-06-11,2546.7
1997-06-12,2573.8999
1997-06-13,2591.0
1997-06-16,2606.2
1997-06-17,2620.1001
1997-06-18,2612.7
1997-06-19,2635.3999
1997-06-20,2654.0
1997-06-23,2647.3999
1997-06-24,2629.3
1997-06-25,2646.3
1997-06-26,2640.6001
1997-06-27,2641.8
1997-06-30,2664.7
1997-07-01,2660.2
1997-07-02,2685.8
1997-07-03,2681.3
1997-07-04,2673.1001
1997-07-07,2653.7
1997-07-08,2621.8
1997-07-09,2637.0
1997-07-10,2635.8
1997-07-11,2641.1001
1997-07-14,2614.0
1997-07-15,2577.8
1997-07-16,2588.6001
1997-07-17,2612.7
1997-07-18,2626.8
1997-07-21,2595.8
1997-07-22,2597.7
1997-07-23,2624.1001
1997-07-24,2617.1001
1997-07-25,2631.8999
1997-07-28,2664.8
1997-07-29,2671.7
1997-07-30,2672.7
1997-07-31,2673.7
1997-08-01,2663.0
1997-08-04,2641.8999
1997-08-05,2642.3
1997-08-06,2662.6001
1997-08-07,2652.5
1997-08-08,2643.8
1997-08-11,2600.8999
1997-08-12,2583.3999
1997-08-13,2559.7
1997-08-14,2564.0
1997-08-15,2602.2
1997-08-18,2555.3999
1997-08-19,2557.5
1997-08-20,2567.2
1997-08-21,2584.5
1997-08-22,2554.6001
1997-08-25,2571.5
1997-08-26,2558.8
1997-08-27,2557.8999
1997-08-28,2563.2
1997-08-29,2526.8
1997-09-01,2525.3
1997-09-02,2515.7
1997-09-03,2553.2
1997-09-04,2542.8999
1997-09-05,2561.2
1997-09-08,2590.3999
1997-09-09,2609.8999
1997-09-10,2600.8
1997-09-11,2602.0
1997-09-12,2575.8999
1997-09-15,2599.5
1997-09-16,2588.7
1997-09-17,2616.0
1997-09-18,2634.5
1997-09-19,2671.0
1997-09-22,2705.7
1997-09-23,2718.2
1997-09-24,2708.3
1997-09-25,2717.3
1997-09-26,2714.8999
1997-09-29,2713.0
1997-09-30,2703.1001
1997-10-01,2716.7
1997-10-02,2717.6001
1997-10-03,2701.1001
1997-10-06,2707.8999
1997-10-07,2692.8
1997-10-08,2706.7
1997-10-09,2660.7
1997-10-10,2631.8
1997-10-13,2599.7
1997-10-14,2598.7
1997-10-15,2590.8999
1997-10-16,2589.1001
1997-10-17,2582.8
1997-10-20,2578.3999
1997-10-21,2589.5
1997-10-22,2621.8999
1997-10-23,2553.8
1997-10-24,2502.8999
1997-10-26,2425.5
1997-10-27,2260.8999
1997-10-28,2394.1001
1997-10-29,2389.1001
1997-10-30,2415.0
1997-11-02,2454.3999
1997-11-03,2500.3
1997-11-04,2497.1001
1997-11-05,2526.2
1997-11-06,2464.5
1997-11-09,2474.3
1997-11-10,2476.3
1997-11-11,2463.5
1997-11-12,2459.3
1997-11-13,2433.3999
1997-11-16,2441.3
1997-11-17,2422.7
1997-11-18,2396.0
1997-11-19,2389.1001
1997-11-20,2437.2
1997-11-23,2436.2
1997-11-24,2411.8
1997-11-25,2421.5
1997-11-26,2422.0
1997-11-27,2424.1001
1997-11-30,2472.0
1997-12-01,2480.7
1997-12-02,2515.6001
1997-12-03,2505.5
1997-12-04,2513.0
1997-12-07,2544.6001
1997-12-08,2540.8
1997-12-09,2511.2
1997-12-10,2474.2
1997-12-11,2448.3
1997-12-14,2453.0
1997-12-15,2466.7
1997-12-16,2517.6001
1997-12-17,2518.1001
1997-12-18,2480.5
1997-12-21,2459.3999
1997-12-22,2512.1001
1997-12-23,2507.5
1997-12-28,2527.8999
1997-12-29,2553.3999
1997-12-30,2567.3999
1998-01-01,2560.3999
1998-01-04,2596.0
1998-01-05,2637.0
1998-01-06,2599.5
1998-01-07,2602.8999
1998-01-08,2552.0
1998-01-11,2492.0
1998-01-12,2513.6001
1998-01-13,2556.3
1998-01-14,2535.3999
1998-01-15,2565.0
1998-01-18,2603.8999
1998-01-19,2589.8999
1998-01-20,2574.6001
1998-01-21,2552.2
1998-01-22,2572.6001
1998-01-26,2550.7
1998-01-27,2569.0
1998-01-28,2588.8
1998-01-29,2600.8
1998-02-01,2613.6001
1998-02-02,2597.7
1998-02-03,2601.8999
1998-02-04,2600.8
1998-02-05,2601.2
1998-02-08,2630.7
1998-02-09,2611.5
1998-02-10,2619.5
1998-02-11,2613.2
1998-02-12,2591.6001
1998-02-15,2559.0
1998-02-16,2595.1001
1998-02-17,2599.7
1998-02-18,2593.3999
1998-02-19,2578.3
1998-02-22,2586.8
1998-02-23,2596.3999
1998-02-24,2605.3
1998-02-25,2627.2
1998-02-26,2626.8999
1998-03-01,2629.8
1998-03-02,2620.1001
1998-03-03,2644.3
1998-03-04,2591.8
1998-03-05,2609.3
1998-03-08,2626.1001
1998-03-09,2635.2
1998-03-10,2655.3999
1998-03-11,2661.5
1998-03-12,2670.8999
1998-03-15,2669.5
1998-03-16,2706.8
1998-03-17,2708.7
1998-03-18,2709.8999
1998-03-19,2716.2
1998-03-22,2718.8
1998-03-23,2733.0
1998-03-24,2722.5
1998-03-25,2724.2
1998-03-26,2703.3999
1998-03-30,2683.3999
1998-03-31,2686.0
1998-04-01,2694.1001
1998-04-02,2699.8999
1998-04-03,2717.7
1998-04-06,2741.8
1998-04-07,2739.3
1998-04-08,2761.1001
1998-04-09,2753.6001
1998-04-14,2785.3999
1998-04-15,2815.6001
1998-04-16,2826.3
1998-04-17,2817.8
1998-04-20,2822.0
1998-04-21,2815.3
1998-04-22,2805.8
1998-04-23,2828.2
1998-04-24,2803.8999
1998-04-27,2765.8999
1998-04-28,2727.3
1998-04-29,2695.8
1998-04-30,2709.0
1998-05-01,2745.8999
1998-05-04,2754.8
1998-05-05,2745.2
1998-05-06,2730.7
1998-05-07,2724.6001
1998-05-08,2723.6001
1998-05-11,2740.8
1998-05-12,2729.8
1998-05-13,2717.2
1998-05-14,2701.8
1998-05-15,2706.3999
1998-05-18,2671.3
1998-05-19,2681.5
1998-05-20,2661.5
1998-05-21,2673.7
1998-05-22,2664.1001
1998-05-25,2668.8
1998-05-26,2673.3999
1998-05-27,2625.6001
1998-05-28,2654.5
1998-05-29,2655.3
1998-06-01,2631.5
1998-06-02,2613.8999
1998-06-03,2604.6001
1998-06-04,2600.8
1998-06-05,2584.8999
1998-06-09,2567.2
1998-06-10,2537.1001
1998-06-11,2501.3
1998-06-12,2516.5
1998-06-15,2550.6001
1998-06-16,2487.8
1998-06-17,2507.1001
1998-06-18,2572.1001
1998-06-19,2553.8999
1998-06-22,2560.1001
1998-06-23,2543.8
1998-06-24,2550.7
1998-06-25,2546.0
1998-06-26,2563.5
1998-06-29,2570.8
1998-06-30,2620.1001
1998-07-01,2655.7
1998-07-02,2697.2
1998-07-03,2694.8999
1998-07-06,2703.2
1998-07-07,2722.1001
1998-07-08,2725.7
1998-07-09,2739.8999
1998-07-10,2703.7
1998-07-13,2671.2
1998-07-14,2700.0
1998-07-15,2717.8
1998-07-16,2750.3
1998-07-17,2758.8999
1998-07-20,2733.2
1998-07-21,2733.6001
1998-07-22,2711.1001
1998-07-23,2696.3999
1998-07-24,2689.8
1998-07-27,2660.6001
1998-07-28,2673.7
1998-07-29,2647.1001
1998-07-30,2657.8999
1998-07-31,2661.3
1998-08-03,2629.0
1998-08-04,2636.7
1998-08-05,2597.6001
1998-08-06,2559.1001
1998-08-07,2554.6001
1998-08-10,2554.3999
1998-08-11,2518.5
1998-08-12,2510.8
1998-08-13,2504.8
1998-08-14,2529.3
1998-08-17,2493.5
1998-08-18,2530.8999
1998-08-19,2600.7
1998-08-20,2618.7
1998-08-21,2594.3999
1998-08-24,2561.2
1998-08-25,2580.2
1998-08-26,2562.0
1998-08-27,2512.5
1998-08-28,2470.6001
1998-08-31,2430.1001
1998-09-01,2405.2
1998-09-02,2459.8
1998-09-03,2456.8
1998-09-04,2446.5
1998-09-07,2510.5
1998-09-08,2496.8999
1998-09-09,2484.6001
1998-09-10,2464.8
1998-09-11,2402.8
1998-09-14,2446.7
1998-09-15,2495.3999
1998-09-16,2494.8
1998-09-17,2483.3
1998-09-18,2479.0
1998-09-21,2463.6001
1998-09-22,2477.1001
1998-09-23,2516.3
1998-09-24,2560.3999
1998-09-25,2504.7
1998-09-28,2528.2
1998-09-29,2532.8999
1998-09-30,2511.3
1998-10-01,2491.8999
1998-10-02,2449.1001
1998-10-05,2427.6001
1998-10-06,2401.5
1998-10-07,2451.8999
1998-10-08,2412.6001
1998-10-09,2400.6001
1998-10-12,2416.3999
1998-10-13,2406.1001
1998-10-14,2383.0
1998-10-15,2377.8999
1998-10-16,2432.3
1998-10-19,2435.2
1998-10-20,2434.8999
1998-10-21,2464.1001
1998-10-22,2464.3999
1998-10-23,2467.3
1998-10-25,2484.6001
1998-10-26,2501.7
1998-10-27,2533.2
1998-10-28,2532.8
1998-10-29,2563.0
1998-11-01,2589.6001
1998-11-02,2596.1001
1998-11-03,2601.3999
1998-11-04,2593.6001
1998-11-05,2618.5
1998-11-08,2612.1001
1998-11-09,2606.0
1998-11-10,2649.6001
1998-11-11,2635.1001
1998-11-12,2606.6001
1998-11-15,2599.8
1998-11-16,2600.0
1998-11-17,2591.0
1998-11-18,2597.8
1998-11-19,2619.2
1998-11-22,2664.8999
1998-11-23,2677.5
1998-11-24,2668.8
1998-11-25,2691.3999
1998-11-26,2689.3
1998-11-29,2685.6001
1998-11-30,2646.0
1998-12-01,2672.3999
1998-12-02,2630.3999
1998-12-03,2637.1001
1998-12-06,2657.5
1998-12-07,2673.1001
1998-12-08,2655.5
1998-12-09,2671.0
1998-12-10,2636.7
1998-12-13,2586.8999
1998-12-14,2596.6001
1998-12-15,2602.7
1998-12-16,2640.0
1998-12-17,2652.3
1998-12-20,2641.2
1998-12-21,2666.2
1998-12-22,2659.8
1998-12-23,2667.8
1998-12-28,2669.6001
1998-12-29,2689.8
1998-12-30,2717.6001
1999-01-03,2732.2
1999-01-04,2716.6001
1999-01-05,2755.6001
1999-01-06,2800.3999
1999-01-07,2757.3999
1999-01-10,2749.7
1999-01-11,2746.6001
1999-01-12,2721.3999
1999-01-13,2704.1001
1999-01-14,2709.3999
1999-01-17,2724.8999
1999-01-18,2747.3
1999-01-19,2764.8
1999-01-20,2743.2
1999-01-21,2736.7
1999-01-24,2713.1001
1999-01-26,2738.8
1999-01-27,2765.1001
1999-01-28,2781.7
1999-01-31,2805.0
1999-02-01,2790.2
1999-02-02,2803.6001
1999-02-03,2823.8
1999-02-04,2794.8
1999-02-07,2784.3999
1999-02-08,2780.2
1999-02-09,2747.2
1999-02-10,2758.3999
1999-02-11,2777.8999
1999-02-14,2768.3
1999-02-15,2753.3999
1999-02-16,2771.8999
1999-02-17,2772.3
1999-02-18,2807.8999
1999-02-21,2799.3999
1999-02-22,2811.0
1999-02-23,2819.1001
1999-02-24,2790.8999
1999-02-25,2768.3999
1999-02-28,2794.1001
1999-03-01,2776.6001
1999-03-02,2773.1001
1999-03-03,2769.3999
1999-03-04,2785.5
1999-03-07,2811.1001
1999-03-08,2801.8
1999-03-09,2812.2
1999-03-10,2831.1001
1999-03-11,2843.3
1999-03-14,2874.1001
1999-03-15,2874.5
1999-03-16,2864.0
1999-03-17,2857.8999
1999-03-18,2876.1001
1999-03-21,2881.3
1999-03-22,2885.8
1999-03-23,2865.5
1999-03-24,2887.3
1999-03-25,2896.3
1999-03-29,2873.3
1999-03-30,2894.0
1999-03-31,2867.0
1999-04-01,2872.7
1999-04-06,2938.6001
1999-04-07,2938.3
1999-04-08,2969.3999
1999-04-09,2971.7
1999-04-12,2955.1001
1999-04-13,2990.8999
1999-04-14,3003.0
1999-04-15,3011.3999
1999-04-16,3021.8999
1999-04-19,3040.6001
1999-04-20,3013.8
1999-04-21,2993.8999
1999-04-22,3042.2
1999-04-23,3045.7
1999-04-26,3052.8999
1999-04-27,3067.5
1999-04-28,3044.7
1999-04-29,3031.6001
1999-04-30,3027.8
1999-05-03,3001.6001
1999-05-04,3016.8
1999-05-05,2974.8
1999-05-06,2973.7
1999-05-07,2923.8
1999-05-10,2925.6001
1999-05-11,2917.7
1999-05-12,2944.8999
1999-05-13,2958.8999
1999-05-14,2984.6001
1999-05-17,2920.3999
1999-05-18,2930.8999
1999-05-19,2914.3
1999-05-20,2883.8
1999-05-21,2881.1001
1999-05-24,2881.0
1999-05-25,2840.5
1999-05-26,2847.5
1999-05-27,2832.2
1999-05-28,2820.7
1999-05-31,2831.8999
1999-06-01,2848.6001
1999-06-02,2851.6001
1999-06-03,2883.3999
1999-06-04,2873.0
1999-06-07,2888.6001
1999-06-08,2908.8999
1999-06-09,2923.8
1999-06-10,2919.0
1999-06-11,2890.0
1999-06-15,2888.5
1999-06-16,2889.2
1999-06-17,2933.8
1999-06-18,2939.1001
1999-06-21,2934.5
1999-06-22,2955.3999
1999-06-23,2936.8999
1999-06-24,2903.6001
1999-06-25,2905.2
1999-06-28,2932.8999
1999-06-29,2930.8999
1999-06-30,2903.7
1999-07-01,2939.0
1999-07-02,2968.2
1999-07-05,3017.5
1999-07-06,3019.7
1999-07-07,3003.3
1999-07-08,3021.0
1999-07-09,2976.8
1999-07-12,2982.7
1999-07-13,2996.7
1999-07-14,2992.2
1999-07-15,3001.3999
1999-07-16,2990.6001
1999-07-19,3013.3999
1999-07-20,3053.8999
1999-07-21,3040.8
1999-07-22,3013.5
1999-07-23,2994.7
1999-07-26,2977.2
1999-07-27,2981.8
1999-07-28,2988.0
1999-07-29,2989.2
1999-07-30,2951.0
1999-08-02,2937.1001
1999-08-03,2969.1001
1999-08-04,2940.6001
1999-08-05,2957.3999
1999-08-06,2946.6001
1999-08-09,2919.8
1999-08-10,2898.2
1999-08-11,2873.6001
1999-08-12,2880.0
1999-08-13,2901.5
1999-08-16,2954.5
1999-08-17,2922.6001
1999-08-18,2958.2
1999-08-19,2956.0
1999-08-20,2955.6001
1999-08-23,2992.7
1999-08-24,2980.8
1999-08-25,2957.7
1999-08-26,2970.0
1999-08-27,2945.0
1999-08-30,2917.5
1999-08-31,2875.7
1999-09-01,2920.5
1999-09-02,2919.3
1999-09-03,2887.3
1999-09-06,2922.2
1999-09-07,2921.3
1999-09-08,2928.7
1999-09-09,2939.8999
1999-09-10,2936.6001
1999-09-13,2909.3999
1999-09-14,2904.8999
1999-09-15,2864.2
1999-09-16,2832.1001
1999-09-17,2842.0
1999-09-20,2836.6001
1999-09-21,2826.8
1999-09-22,2828.2
1999-09-23,2853.8
1999-09-24,2821.8
1999-09-27,2844.0
1999-09-28,2857.7
1999-09-29,2834.8999
1999-09-30,2817.0
1999-10-01,2848.8
1999-10-04,2831.8
1999-10-05,2854.6001
1999-10-06,2836.7
1999-10-07,2851.6001
1999-10-08,2837.2
1999-10-11,2865.0
1999-10-12,2871.1001
1999-10-13,2845.1001
1999-10-14,2841.2
1999-10-15,2801.7
1999-10-18,2740.7
1999-10-19,2722.3
1999-10-20,2763.3999
1999-10-21,2768.0
1999-10-22,2774.6001
1999-10-25,2789.8999
1999-10-26,2765.0
1999-10-27,2764.6001
1999-10-28,2790.8999
1999-10-29,2821.3999
1999-10-31,2834.3
1999-11-01,2849.8
1999-11-02,2872.8
1999-11-03,2882.0
1999-11-04,2864.6001
1999-11-07,2833.2
1999-11-08,2843.1001
1999-11-09,2883.6001
1999-11-10,2926.7
1999-11-11,2954.8
1999-11-14,2956.2
1999-11-15,2950.3999
1999-11-16,2979.1001
1999-11-17,3000.6001
1999-11-18,3021.3999
1999-11-21,3002.0
1999-11-22,3000.2
1999-11-23,2972.6001
1999-11-24,2979.8
1999-11-25,2995.3999
1999-11-28,2996.8
1999-11-29,2970.3
1999-11-30,2976.3
1999-12-01,3018.1001
1999-12-02,3039.5
1999-12-05,3077.5
1999-12-06,3048.3
1999-12-07,3053.0
1999-12-08,3083.6001
1999-12-09,3067.7
1999-12-12,3054.1001
1999-12-13,3058.7
1999-12-14,3071.0
1999-12-15,3090.0
1999-12-16,3102.6001
1999-12-19,3101.7
1999-12-20,3072.2
1999-12-21,3102.6001
1999-12-22,3082.0
1999-12-23,3099.8999
1999-12-28,3104.8999
1999-12-29,3117.7
2000-01-03,3093.7
2000-01-04,3018.7
2000-01-05,2999.3
2000-01-06,3023.3999
2000-01-09,3084.0
2000-01-10,3160.8
2000-01-11,3088.3999
2000-01-12,3078.8999
2000-01-13,3115.3999
2000-01-16,3121.5
2000-01-17,3128.0
2000-01-18,3080.5
2000-01-19,3112.5
2000-01-20,3073.3999
2000-01-23,3069.7
2000-01-24,3048.7
2000-01-26,3051.3999
2000-01-27,3064.6001
2000-01-30,3080.2
2000-01-31,3072.3
2000-02-01,3110.3
2000-02-02,3142.3999
2000-02-03,3118.7
2000-02-06,3136.8999
2000-02-07,3134.6001
2000-02-08,3149.8999
2000-02-09,3192.3
2000-02-10,3167.3
2000-02-13,3122.2
2000-02-14,3152.3
2000-02-15,3150.3999
2000-02-16,3140.8
2000-02-17,3114.8999
2000-02-20,3114.8999
2000-02-21,3097.0
2000-02-22,3101.1001
2000-02-23,3099.6001
2000-02-24,3111.2
2000-02-27,3106.7
2000-02-28,3124.6001
2000-02-29,3187.2
2000-03-01,3219.8
2000-03-02,3232.6001
2000-03-05,3214.0
2000-03-06,3232.5
2000-03-07,3207.8999
2000-03-08,3188.0
2000-03-09,3189.3
2000-03-12,3185.8999
2000-03-13,3178.7
2000-03-14,3159.7
2000-03-15,3171.8
2000-03-16,3200.3999
2000-03-19,3237.7
2000-03-20,3248.8
2000-03-21,3276.3999
2000-03-22,3248.8
2000-03-23,3251.5
2000-03-27,3227.8999
2000-03-28,3230.2
2000-03-29,3225.8999
2000-03-30,3194.1001
2000-03-31,3133.3
2000-04-03,3191.0
2000-04-04,3176.8
2000-04-05,3155.3999
2000-04-06,3157.1001
2000-04-07,3182.0
2000-04-10,3201.3999
2000-04-11,3173.0
2000-04-12,3148.7
2000-04-13,3099.7
2000-04-14,3111.8999
2000-04-17,2943.8999
2000-04-18,3010.3
2000-04-19,3069.2
2000-04-26,3117.3
2000-04-27,3106.3
2000-04-28,3115.8
2000-05-01,3102.0
2000-05-02,3131.1001
2000-05-03,3107.5
2000-05-04,3053.8
2000-05-05,3107.2
2000-05-08,3106.2
2000-05-09,3086.1001
2000-05-10,3043.3999
2000-05-11,2996.3999
2000-05-12,3034.8
2000-05-15,3051.1001
2000-05-16,3089.2
2000-05-17,3074.8
2000-05-18,3044.8999
2000-05-19,3039.1001
2000-05-22,3002.3
2000-05-23,3021.3999
2000-05-24,3009.5
2000-05-25,3018.1001
2000-05-26,3000.7
2000-05-29,3035.1001
2000-05-30,3050.6001
2000-05-31,3081.0
2000-06-01,3088.0
2000-06-02,3140.8999
2000-06-05,3148.8
2000-06-06,3149.8999
2000-06-07,3112.6001
2000-06-08,3126.7
2000-06-09,3146.5
2000-06-13,3113.8
2000-06-14,3118.2
2000-06-15,3133.1001
2000-06-16,3140.8
2000-06-19,3151.1001
2000-06-20,3155.2
2000-06-21,3178.3999
2000-06-22,3173.6001
2000-06-23,3177.1001
2000-06-26,3177.8
2000-06-27,3190.1001
2000-06-28,3213.8999
2000-06-29,3254.5
2000-06-30,3311.2
2000-07-03,3308.1001
2000-07-04,3310.1001
2000-07-05,3320.5
2000-07-06,3306.8999
2000-07-07,3305.3
2000-07-10,3323.8
2000-07-11,3323.3
2000-07-12,3318.3999
2000-07-13,3306.5
2000-07-14,3303.5
2000-07-17,3313.3999
2000-07-18,3300.6001
2000-07-19,3299.6001
2000-07-20,3300.8999
2000-07-21,3332.3
2000-07-24,3305.3999
2000-07-25,3282.1001
2000-07-26,3282.8999
2000-07-27,3258.2
2000-07-28,3255.0
2000-07-31,3251.1001
2000-08-01,3254.0
2000-08-02,3270.3
2000-08-03,3275.1001
2000-08-04,3277.2
2000-08-07,3305.0
2000-08-08,3302.3
2000-08-09,3309.8
2000-08-10,3315.3
2000-08-11,3309.1001
2000-08-14,3314.8999
2000-08-15,3323.1001
2000-08-16,3331.8
2000-08-17,3336.3
2000-08-18,3344.2
2000-08-21,3338.8999
2000-08-22,3353.3999
2000-08-23,3364.3999
2000-08-24,3372.3999
2000-08-25,3367.3999
2000-08-27,3363.8999
2000-08-28,3369.3999
2000-08-29,3357.8
2000-08-30,3297.8
2000-08-31,3331.7
2000-09-03,3347.3
2000-09-04,3347.3
2000-09-05,3321.2
2000-09-06,3306.6001
2000-09-07,3320.3
2000-09-10,3297.1001
2000-09-11,3324.0
2000-09-12,3334.1001
2000-09-13,3344.6001
2000-09-14,3329.8
2000-09-17,3276.3999
2000-09-18,3236.7
2000-09-19,3254.7
2000-09-20,3252.8
2000-09-21,3188.6001
2000-09-24,3215.3
2000-09-25,3241.1001
2000-09-26,3256.3
2000-09-27,3290.7
2000-09-28,3298.8
2000-10-01,3300.6001
2000-10-02,3327.7
2000-10-03,3318.6001
2000-10-04,3311.3
2000-10-05,3293.5
2000-10-08,3274.3
2000-10-09,3265.2
2000-10-10,3260.7
2000-10-11,3226.5
2000-10-12,3201.8999
2000-10-15,3266.6001
2000-10-16,3264.2
2000-10-17,3226.7
2000-10-18,3192.7
2000-10-19,3235.8
2000-10-22,3267.8999
2000-10-23,3260.7
2000-10-24,3264.3
2000-10-25,3239.7
2000-10-26,3244.7
2000-10-29,3264.3999
2000-10-30,3254.6001
2000-10-31,3276.8
2000-11-01,3289.3
2000-11-02,3321.8999
2000-11-05,3334.8
2000-11-06,3372.8999
2000-11-07,3354.2
2000-11-08,3333.5
2000-11-09,3300.8999
2000-11-12,3290.8
2000-11-13,3291.5
2000-11-14,3320.3999
2000-11-15,3302.5
2000-11-16,3329.1001
2000-11-19,3325.1001
2000-11-20,3301.1001
2000-11-21,3284.7
2000-11-22,3281.2
2000-11-23,3280.6001
2000-11-26,3303.2
2000-11-27,3306.2
2000-11-28,3275.6001
2000-11-29,3274.6001
2000-11-30,3284.1001
2000-12-03,3281.7
2000-12-04,3306.5
2000-12-05,3308.1001
2000-12-06,3309.0
2000-12-07,3287.6001
2000-12-10,3312.3999
2000-12-11,3313.2
2000-12-12,3297.5
2000-12-13,3277.0
2000-12-14,3229.2
2000-12-17,3236.6001
2000-12-18,3258.1001
2000-12-19,3245.2
2000-12-20,3185.8
2000-12-21,3196.0
2000-12-26,3228.6001
2000-12-27,3236.2
2000-12-28,3206.2
2001-01-01,3261.1001
2001-01-02,3235.7
2001-01-03,3293.8
2001-01-04,3300.3999
2001-01-07,3264.3
2001-01-08,3244.8999
2001-01-09,3239.2
2001-01-10,3225.6001
2001-01-11,3243.2
2001-01-14,3250.8999
2001-01-15,3239.3999
2001-01-16,3253.7
2001-01-17,3289.8999
2001-01-18,3311.6001
2001-01-21,3319.7
2001-01-22,3288.6001
2001-01-23,3297.2
2001-01-24,3321.3999
2001-01-28,3317.2
2001-01-29,3334.8999
2001-01-30,3341.7
2001-01-31,3364.3
2001-02-01,3355.3
2001-02-04,3312.8
2001-02-05,3325.3
2001-02-06,3312.1001
2001-02-07,3329.3999
2001-02-08,3312.3999
2001-02-11,3330.3
2001-02-12,3341.1001
2001-02-13,3350.1001
2001-02-14,3325.7
2001-02-15,3320.1001
2001-02-18,3291.3999
2001-02-19,3302.6001
2001-02-20,3314.7
2001-02-21,3292.6001
2001-02-22,3292.0
2001-02-25,3301.6001
2001-02-26,3302.3999
2001-02-27,3326.5
2001-02-28,3350.1001
2001-03-01,3333.3999
2001-03-04,3342.8999
2001-03-05,3333.3999
2001-03-06,3362.0
2001-03-07,3343.5
2001-03-08,3331.3
2001-03-11,3320.7
2001-03-12,3264.7
2001-03-13,3263.8999
2001-03-14,3242.8999
2001-03-15,3252.3999
2001-03-18,3216.0
2001-03-19,3229.7
2001-03-20,3225.3
2001-03-21,3188.8
2001-03-22,3145.3
2001-03-26,3165.1001
2001-03-27,3170.3999
2001-03-28,3179.6001
2001-03-29,3177.8999
2001-03-30,3147.2
2001-04-02,3194.6001
2001-04-03,3192.3
2001-04-04,3194.3
2001-04-05,3220.5
2001-04-06,3233.2
2001-04-09,3215.7
2001-04-10,3228.5
2001-04-11,3259.6001
2001-04-12,3276.8
2001-04-17,3258.7
2001-04-18,3278.2
2001-04-19,3324.2
2001-04-20,3303.5
2001-04-23,3300.6001
2001-04-24,3301.0
2001-04-26,3312.0
2001-04-27,3293.8999
2001-04-30,3329.3999
2001-05-01,3328.7
2001-05-02,3330.6001
2001-05-03,3350.0
2001-05-04,3340.5
2001-05-07,3354.8
2001-05-08,3338.8999
2001-05-09,3346.1001
2001-05-10,3386.5
2001-05-11,3389.0
2001-05-14,3382.2
2001-05-15,3390.2
2001-05-16,3380.1001
2001-05-17,3410.0
2001-05-18,3404.1001
2001-05-21,3435.3
2001-05-22,3436.5
2001-05-23,3426.7
2001-05-24,3416.0
2001-05-25,3426.1001
2001-05-28,3420.1001
2001-05-29,3411.1001
2001-05-30,3399.8
2001-05-31,3379.1001
2001-06-01,3391.5
2001-06-04,3426.7
2001-06-05,3422.2
2001-06-06,3423.3
2001-06-07,3436.6001
2001-06-08,3434.3999
2001-06-12,3401.8
2001-06-13,3389.6001
2001-06-14,3411.8999
2001-06-15,3415.7
2001-06-18,3385.0
2001-06-19,3385.3999
2001-06-20,3412.8999
2001-06-21,3410.8
2001-06-22,3428.3
2001-06-25,3418.7
2001-06-26,3434.2
2001-06-27,3409.8
2001-06-28,3420.5
2001-06-29,3490.3
2001-07-02,3438.3999
2001-07-03,3450.0
2001-07-04,3429.7
2001-07-05,3377.8
2001-07-06,3353.8999
2001-07-09,3342.0
2001-07-10,3356.7
2001-07-11,3378.0
2001-07-12,3392.6001
2001-07-13,3396.5
2001-07-16,3421.2
2001-07-17,3402.7
2001-07-18,3393.8999
2001-07-19,3394.3999
2001-07-20,3380.7
2001-07-23,3373.0
2001-07-24,3352.6001
2001-07-25,3319.2
2001-07-26,3283.3999
2001-07-27,3292.0
2001-07-30,3316.6001
2001-07-31,3324.5
2001-08-01,3374.5
2001-08-02,3404.1001
2001-08-03,3405.3999
2001-08-06,3406.7
2001-08-07,3407.0
2001-08-08,3402.6001
2001-08-09,3416.8
2001-08-10,3401.3
2001-08-13,3383.8999
2001-08-14,3371.8999
2001-08-15,3364.3
2001-08-16,3328.6001
2001-08-17,3330.3999
2001-08-20,3290.5
2001-08-21,3319.0
2001-08-22,3311.0
2001-08-23,3320.7
2001-08-24,3348.0
2001-08-27,3369.3
2001-08-28,3372.1001
2001-08-29,3349.2
2001-08-30,3323.8999
2001-08-31,3275.6001
2001-09-03,3272.3
2001-09-04,3286.3999
2001-09-05,3288.3
2001-09-06,3264.3
2001-09-07,3234.3
2001-09-10,3242.6001
2001-09-11,3242.0
2001-09-12,3108.5
2001-09-13,3126.3999
2001-09-14,3100.8
2001-09-17,2955.3
2001-09-18,3010.1001
2001-09-19,3034.8999
2001-09-20,2983.0
2001-09-21,2941.8999
2001-09-24,2924.6001
2001-09-25,2962.7
2001-09-26,2991.0
2001-09-27,3000.7
2001-09-28,3049.5
2001-10-01,3098.8999
2001-10-02,3140.8
2001-10-03,3126.2
2001-10-04,3130.8999
2001-10-05,3179.1001
2001-10-08,3139.8999
2001-10-09,3153.0
2001-10-10,3137.0
2001-10-11,3199.2
2001-10-12,3225.1001
2001-10-15,3199.0
2001-10-16,3210.7
2001-10-17,3237.8999
2001-10-18,3199.6001
2001-10-19,3175.3999
2001-10-23,3213.3
2001-10-24,3246.0
2001-10-25,3254.7
2001-10-26,3276.2
2001-10-28,3256.2
2001-10-29,3252.8
2001-10-30,3249.6001
2001-10-31,3248.8
2001-11-01,3239.8999
2001-11-04,3225.8
2001-11-05,3285.1001
2001-11-06,3252.6001
2001-11-07,3269.3999
2001-11-08,3286.0
2001-11-11,3305.3999
2001-11-12,3291.7
2001-11-13,3336.8
2001-11-14,3344.7
2001-11-15,3322.5
2001-11-18,3331.8999
2001-11-19,3353.0
2001-11-20,3336.3
2001-11-21,3324.2
2001-11-22,3332.8999
2001-11-25,3348.5
2001-11-26,3355.8
2001-11-27,3353.2
2001-11-28,3329.5
2001-11-29,3337.5
2001-12-02,3328.8
2001-12-03,3324.3999
2001-12-04,3347.8
2001-12-05,3352.8
2001-12-06,3371.8
2001-12-09,3360.7
2001-12-10,3359.6001
2001-12-11,3322.1001
2001-12-12,3312.5
2001-12-13,3290.8
2001-12-16,3289.6001
2001-12-17,3320.5
2001-12-18,3324.1001
2001-12-19,3343.8999
2001-12-20,3374.5
2001-12-23,3390.1001
2001-12-26,3417.6001
2001-12-27,3427.1001
2001-12-30,3422.3
2002-01-01,3443.8
2002-01-02,3419.6001
2002-01-03,3435.7
2002-01-06,3446.8999
2002-01-07,3423.0
2002-01-08,3412.5
2002-01-09,3409.1001
2002-01-10,3417.6001
2002-01-13,3407.3
2002-01-14,3406.2
2002-01-15,3425.8
2002-01-16,3393.1001
2002-01-17,3387.0
2002-01-20,3400.3
2002-01-21,3421.5
2002-01-22,3422.0
2002-01-23,3430.8
2002-01-24,3442.3
2002-01-28,3452.8999
2002-01-29,3433.5
2002-01-30,3464.2
2002-01-31,3445.5
2002-02-03,3466.1001
2002-02-04,3451.5
2002-02-05,3424.5
2002-02-06,3414.5
2002-02-07,3450.3999
2002-02-10,3476.5
2002-02-11,3481.1001
2002-02-12,3474.6001
2002-02-13,3487.0
2002-02-14,3480.3999
2002-02-17,3469.3
2002-02-18,3470.3999
2002-02-19,3437.7
2002-02-20,3434.3
2002-02-21,3422.1001
2002-02-24,3422.5
2002-02-25,3434.8
2002-02-26,3413.1001
2002-02-27,3414.3
2002-02-28,3417.3
2002-03-03,3424.3
2002-03-04,3435.6001
2002-03-05,3451.2
2002-03-06,3497.6001
2002-03-07,3485.3
2002-03-10,3476.8999
2002-03-11,3462.3
2002-03-12,3450.0
2002-03-13,3451.8999
2002-03-14,3407.7
2002-03-17,3453.1001
2002-03-18,3460.3
2002-03-19,3467.3
2002-03-20,3436.1001
2002-03-21,3433.8
2002-03-24,3424.7
2002-03-25,3384.3999
2002-03-26,3411.5
2002-03-27,3414.8
2002-04-02,3387.3
2002-04-03,3377.8
2002-04-04,3372.6001
2002-04-05,3390.0
2002-04-08,3389.0
2002-04-09,3363.3999
2002-04-10,3377.3999
2002-04-11,3367.3999
2002-04-12,3354.5
2002-04-15,3368.1001
2002-04-16,3386.6001
2002-04-17,3401.3
2002-04-18,3406.7
2002-04-19,3407.3
2002-04-22,3414.1001
2002-04-23,3403.8999
2002-04-24,3373.6001
2002-04-26,3379.1001
2002-04-29,3352.8
2002-04-30,3350.0
2002-05-01,3360.3999
2002-05-02,3362.3
2002-05-03,3366.0
2002-05-06,3345.3999
2002-05-07,3325.0
2002-05-08,3339.8999
2002-05-09,3338.5
2002-05-10,3330.8999
2002-05-13,3302.5
2002-05-14,3314.3
2002-05-15,3376.1001
2002-05-16,3395.3
2002-05-17,3412.6001
2002-05-20,3393.3
2002-05-21,3376.8999
2002-05-22,3389.8
2002-05-23,3373.5
2002-05-24,3387.1001
2002-05-27,3381.6001
2002-05-28,3385.8999
2002-05-29,3381.2
2002-05-30,3387.1001
2002-05-31,3373.6001
2002-06-03,3375.6001
2002-06-04,3347.1001
2002-06-05,3350.2
2002-06-06,3344.3
2002-06-07,3342.8
2002-06-11,3328.5
2002-06-12,3327.8999
2002-06-13,3313.6001
2002-06-14,3294.1001
2002-06-17,3299.7
2002-06-18,3311.8999
2002-06-19,3279.8999
2002-06-20,3279.6001
2002-06-21,3252.2
2002-06-24,3235.3
2002-06-25,3227.6001
2002-06-26,3179.3999
2002-06-27,3212.8999
2002-06-28,3216.0
2002-07-01,3227.8999
2002-07-02,3212.1001
2002-07-03,3185.8999
2002-07-04,3208.7
2002-07-05,3214.8
2002-07-08,3233.7
2002-07-09,3258.3999
2002-07-10,3226.2
2002-07-11,3192.3999
2002-07-12,3197.3999
2002-07-15,3187.3
2002-07-16,3157.7
2002-07-17,3122.2
2002-07-18,3152.3
2002-07-19,3109.2
2002-07-22,3089.3999
2002-07-23,3088.6001
2002-07-24,3017.2
2002-07-25,3042.3999
2002-07-26,2989.5
2002-07-29,3035.2
2002-07-30,3083.8
2002-07-31,3086.2
2002-08-01,3077.3
2002-08-02,3053.8999
2002-08-05,3009.2
2002-08-06,2985.6001
2002-08-07,3051.0
2002-08-08,3077.1001
2002-08-09,3106.8
2002-08-12,3103.8
2002-08-13,3110.3
2002-08-14,3096.2
2002-08-15,3128.0
2002-08-16,3133.3
2002-08-19,3148.2
2002-08-20,3176.7
2002-08-21,3164.3
2002-08-22,3195.7
2002-08-23,3184.5
2002-08-26,3176.8999
2002-08-27,3160.3
2002-08-28,3137.7
2002-08-29,3130.8
2002-08-30,3120.1001
2002-09-02,3131.0
2002-09-03,3143.2
2002-09-04,3093.2
2002-09-05,3113.5
2002-09-06,3089.5
2002-09-09,3119.6001
2002-09-10,3110.7
2002-09-11,3148.0
2002-09-12,3142.1001
2002-09-13,3130.6001
2002-09-16,3125.7
2002-09-17,3156.7
2002-09-18,3120.3
2002-09-19,3090.7
2002-09-20,3073.6001
2002-09-23,3046.7
2002-09-24,3033.3
2002-09-25,2991.1001
2002-09-26,2988.7
2002-09-27,3008.8999
2002-09-30,2970.8999
2002-10-01,2987.2
2002-10-02,2998.2
2002-10-03,2999.3
2002-10-04,2991.6001
2002-10-07,2940.0
2002-10-08,2946.0
2002-10-09,2912.7
2002-10-10,2896.6001
2002-10-11,2924.6001
2002-10-14,2959.8
2002-10-15,2994.8999
2002-10-16,2993.8
2002-10-17,2989.8
2002-10-18,3010.6001
2002-10-21,2990.2
2002-10-22,3003.0
2002-10-23,3031.8999
2002-10-24,3023.6001
2002-10-25,3009.2
2002-10-27,3035.6001
2002-10-28,3011.3
2002-10-29,3006.2
2002-10-30,3042.8999
2002-10-31,3010.3
2002-11-03,3054.8
2002-11-04,3050.2
2002-11-05,3075.5
2002-11-06,3038.8999
2002-11-07,3008.8
2002-11-10,2972.8999
2002-11-11,2982.5
2002-11-12,2971.0
2002-11-13,2962.2
2002-11-14,3004.8999
2002-11-17,2999.7
2002-11-18,2989.7
2002-11-19,3007.8
2002-11-20,3021.8999
2002-11-21,3035.8
2002-11-24,3041.3
2002-11-25,3015.3999
2002-11-26,3005.2
2002-11-27,3043.5
2002-11-28,3061.3999
2002-12-01,3083.8
2002-12-02,3072.6001
2002-12-03,3027.2
2002-12-04,3040.5
2002-12-05,3027.3
2002-12-08,3023.5
2002-12-09,2990.8
2002-12-10,2969.7
2002-12-11,2987.8
2002-12-12,2971.3
2002-12-15,2949.8999
2002-12-16,2986.7
2002-12-17,2986.5
2002-12-18,2989.1001
2002-12-19,3011.3999
2002-12-22,3033.5
2002-12-23,3032.8
2002-12-26,3027.2
2002-12-29,2992.7
2002-12-30,3007.1001
2003-01-01,3027.6001
2003-01-02,3055.5
2003-01-05,3075.3999
2003-01-06,3074.5
2003-01-07,3074.7
2003-01-08,3064.8999
2003-01-09,3063.5
2003-01-12,3069.3999
2003-01-13,3075.8
2003-01-14,3077.0
2003-01-15,3056.3
2003-01-16,3051.7
2003-01-19,3055.8
2003-01-20,3051.5
2003-01-21,3025.8999
2003-01-22,3024.0
2003-01-23,3026.2
2003-01-27,2964.3999
2003-01-28,2951.7
2003-01-29,2964.2
2003-01-30,2956.8999
2003-02-02,2942.6001
2003-02-03,2946.6001
2003-02-04,2918.7
2003-02-05,2886.2
2003-02-06,2906.0
2003-02-09,2890.2
2003-02-10,2879.0
2003-02-11,2884.5
2003-02-12,2835.3999
2003-02-13,2817.2
2003-02-16,2844.1001
2003-02-17,2844.7
2003-02-18,2864.7
2003-02-19,2819.1001
2003-02-20,2820.2
2003-02-23,2855.8999
2003-02-24,2799.0
2003-02-25,2826.8999
2003-02-26,2796.2
2003-02-27,2800.8999
2003-03-02,2816.8
2003-03-03,2813.1001
2003-03-04,2776.0
2003-03-05,2776.0
2003-03-06,2744.0
2003-03-09,2741.3999
2003-03-10,2723.2
2003-03-11,2718.3999
2003-03-12,2700.3999
2003-03-13,2753.1001
2003-03-16,2739.1001
2003-03-17,2835.1001
2003-03-18,2846.7
2003-03-19,2866.1001
2003-03-20,2866.7
2003-03-23,2858.5
2003-03-24,2854.3999
2003-03-25,2892.1001
2003-03-26,2892.5
2003-03-27,2897.7
2003-03-31,2885.2
2003-04-01,2882.2
2003-04-02,2882.3
2003-04-03,2908.6001
2003-04-04,2933.5
2003-04-07,2979.3999
2003-04-08,2978.8
2003-04-09,2950.5
2003-04-10,2945.1001
2003-04-11,2949.0
2003-04-14,2940.8999
2003-04-15,2968.8
2003-04-16,2979.8
2003-04-17,2953.2
2003-04-22,2980.3999
2003-04-23,3005.0
2003-04-24,3001.8999
2003-04-28,2974.5
2003-04-29,3011.2
2003-04-30,3007.5
2003-05-01,3003.6001
2003-05-02,2975.3999
2003-05-05,2977.3999
2003-05-06,2968.0
2003-05-07,2975.7
2003-05-08,2956.2
2003-05-09,2956.0
2003-05-12,2976.1001
2003-05-13,2981.3999
2003-05-14,2970.8
2003-05-15,2958.3999
2003-05-16,2951.3
2003-05-19,2948.6001
2003-05-20,2935.7
2003-05-21,2942.8
2003-05-22,2965.6001
2003-05-23,2997.7
2003-05-26,2997.6001
2003-05-27,2982.8999
2003-05-28,3008.7
2003-05-29,3016.0
2003-05-30,3011.0
2003-06-02,3038.3999
2003-06-03,3026.8
2003-06-04,3032.7
2003-06-05,3040.3
2003-06-06,3048.8999
2003-06-10,3055.2
2003-06-11,3070.3
2003-06-12,3084.8
2003-06-13,3087.6001
2003-06-16,3090.1001
2003-06-17,3112.3
2003-06-18,3090.2
2003-06-19,3104.0
2003-06-20,3089.5
2003-06-23,3092.1001
2003-06-24,3068.8
2003-06-25,3065.7
2003-06-26,3028.3
2003-06-27,3048.8
2003-06-30,3026.8999
2003-07-01,3038.6001
2003-07-02,3031.8999
2003-07-03,3044.8
2003-07-04,3028.3999
2003-07-07,3032.1001
2003-07-08,3035.8
2003-07-09,3029.1001
2003-07-10,3042.8
2003-07-11,3043.8
2003-07-14,3074.0
2003-07-15,3081.8999
2003-07-16,3095.3
2003-07-17,3088.0
2003-07-18,3083.6001
2003-07-21,3089.0
2003-07-22,3066.5
2003-07-23,3085.5
2003-07-24,3090.7
2003-07-25,3098.6001
2003-07-28,3119.3999
2003-07-29,3107.8
2003-07-30,3091.2
2003-07-31,3122.3
2003-08-01,3140.3
2003-08-04,3128.8999
2003-08-05,3137.3999
2003-08-06,3133.5
2003-08-07,3138.6001
2003-08-08,3149.3999
2003-08-11,3145.8
2003-08-12,3142.7
2003-08-13,3158.1001
2003-08-14,3150.3999
2003-08-15,3148.0
2003-08-18,3164.5
2003-08-19,3169.3
2003-08-20,3171.5
2003-08-21,3174.8999
2003-08-22,3184.3999
2003-08-25,3176.3999
2003-08-26,3167.2
2003-08-27,3179.8999
2003-08-28,3197.0
2003-08-29,3199.7
2003-09-01,3205.1001
2003-09-02,3218.0
2003-09-03,3210.8999
2003-09-04,3226.5
2003-09-05,3213.8
2003-09-08,3230.3
2003-09-09,3235.3
2003-09-10,3216.0
2003-09-11,3193.8999
2003-09-12,3192.5
2003-09-15,3189.8
2003-09-16,3194.3
2003-09-17,3217.0
2003-09-18,3221.3
2003-09-19,3218.1001
2003-09-22,3193.0
2003-09-23,3180.6001
2003-09-24,3208.5
2003-09-25,3172.8
2003-09-26,3171.5
2003-09-29,3164.3
2003-09-30,3169.5
2003-10-01,3159.2
2003-10-02,3199.3999
2003-10-03,3203.3
2003-10-06,3217.2
2003-10-07,3218.7
2003-10-08,3243.1001
2003-10-09,3251.3
2003-10-10,3260.2
2003-10-13,3276.3999
2003-10-14,3282.8999
2003-10-15,3283.7
2003-10-16,3295.1001
2003-10-17,3294.3
2003-10-20,3287.7
2003-10-21,3303.7
2003-10-22,3299.5
2003-10-23,3266.3
2003-10-24,3256.3
2003-10-26,3244.3999
2003-10-27,3243.5
2003-10-28,3263.3999
2003-10-29,3273.8
2003-10-30,3272.0
2003-11-02,3256.5
2003-11-03,3264.7
2003-11-04,3240.7
2003-11-05,3241.1001
2003-11-06,3248.5
2003-11-09,3230.1001
2003-11-10,3200.6001
2003-11-11,3203.0
2003-11-12,3217.7
2003-11-13,3201.8
2003-11-16,3174.3999
2003-11-17,3175.3999
2003-11-18,3181.3999
2003-11-19,3184.1001
2003-11-20,3169.1001
2003-11-23,3171.5
2003-11-24,3192.0
2003-11-25,3191.3999
2003-11-26,3185.8
2003-11-27,3186.3999
2003-11-30,3170.1001
2003-12-01,3187.7
2003-12-02,3215.3
2003-12-03,3229.8
2003-12-04,3229.8
2003-12-07,3225.1001
2003-12-08,3218.8
2003-12-09,3211.2
2003-12-10,3189.3999
2003-12-11,3212.7
2003-12-14,3247.6001
2003-12-15,3215.2
2003-12-16,3231.3999
2003-12-17,3224.1001
2003-12-18,3232.8
2003-12-21,3255.3999
2003-12-22,3254.8
2003-12-23,3265.6001
2003-12-28,3281.8
2003-12-29,3295.1001
2003-12-30,3299.8
2004-01-01,3300.7
2004-01-04,3286.0
2004-01-05,3317.5
2004-01-06,3303.6001
2004-01-07,3297.8999
2004-01-08,3301.6001
2004-01-11,3302.7
2004-01-12,3295.3
2004-01-13,3310.8999
2004-01-14,3306.5
2004-01-15,3288.8
2004-01-18,3302.3999
2004-01-19,3308.5
2004-01-20,3306.5
2004-01-21,3326.6001
2004-01-22,3334.7
2004-01-26,3312.1001
2004-01-27,3279.6001
2004-01-28,3264.5
2004-01-29,3272.0
2004-02-01,3274.8999
2004-02-02,3264.3
2004-02-03,3265.6001
2004-02-04,3262.0
2004-02-05,3272.2
2004-02-08,3287.1001
2004-02-09,3286.3
2004-02-10,3300.7
2004-02-11,3326.0
2004-02-12,3333.7
2004-02-15,3320.2
2004-02-16,3328.8
2004-02-17,3348.1001
2004-02-18,3351.1001
2004-02-19,3344.1001
2004-02-22,3339.2
2004-02-23,3328.8999
2004-02-24,3332.7
2004-02-25,3346.8
2004-02-26,3360.6001
2004-02-29,3381.3999
2004-03-01,3390.3999
2004-03-02,3388.5
2004-03-03,3389.0
2004-03-04,3407.5
2004-03-07,3420.0
2004-03-08,3424.8999
2004-03-09,3414.0
2004-03-10,3413.6001
2004-03-11,3402.3
2004-03-14,3411.5
2004-03-15,3414.6001
2004-03-16,3438.3999
2004-03-17,3429.3999
2004-03-18,3435.3
2004-03-21,3402.2
2004-03-22,3390.1001
2004-03-23,3386.8
2004-03-24,3399.8
2004-03-25,3428.5
2004-03-29,3411.0
2004-03-30,3418.0
2004-03-31,3415.3
2004-04-01,3446.2
2004-04-02,3438.6001
2004-04-05,3452.2
2004-04-06,3455.8999
2004-04-07,3458.5
2004-04-08,3450.6001
2004-04-12,3450.6001
2004-04-13,3437.8999
2004-04-14,3434.3999
2004-04-15,3419.3
2004-04-16,3417.3
2004-04-19,3433.1001
2004-04-20,3452.2
2004-04-21,3438.8
2004-04-22,3435.8999
2004-04-23,3457.0
2004-04-26,3450.5
2004-04-27,3446.6001
2004-04-28,3444.8
2004-04-29,3401.3
2004-04-30,3400.8
2004-05-03,3382.3
2004-05-04,3391.2
2004-05-05,3407.6001
2004-05-06,3399.3999
2004-05-07,3393.2
2004-05-10,3353.3
2004-05-11,3356.6001
2004-05-12,3378.8
2004-05-13,3370.8
2004-05-14,3359.5
2004-05-17,3345.5
2004-05-18,3371.8999
2004-05-19,3390.8
2004-05-20,3378.8
2004-05-21,3395.3999
2004-05-24,3401.5
2004-05-25,3395.5
2004-05-26,3425.2
2004-05-27,3444.5
2004-05-28,3450.3999
2004-05-31,3460.2
2004-06-01,3457.0
2004-06-02,3476.8
2004-06-03,3467.3
2004-06-04,3467.7
2004-06-07,3484.0
2004-06-08,3483.6001
2004-06-09,3466.2
2004-06-10,3468.0
2004-06-11,3478.2
2004-06-14,3478.2
2004-06-15,3468.3999
2004-06-16,3486.8
2004-06-17,3510.2
2004-06-18,3527.7
2004-06-21,3554.5
2004-06-22,3540.7
2004-06-23,3552.7
2004-06-24,3533.5
2004-06-25,3529.2
2004-06-28,3522.3999
2004-06-29,3521.5
2004-06-30,3532.8999
2004-07-01,3536.8999
2004-07-02,3534.3999
2004-07-05,3537.0
2004-07-06,3555.8
2004-07-07,3565.0
2004-07-08,3568.7
2004-07-09,3564.0
2004-07-12,3558.0
2004-07-13,3558.6001
2004-07-14,3522.8
2004-07-15,3526.1001
2004-07-16,3531.0
2004-07-19,3533.1001
2004-07-20,3503.3
2004-07-21,3524.0
2004-07-22,3498.3
2004-07-23,3485.2
2004-07-26,3485.7
2004-07-27,3489.7
2004-07-28,3499.1001
2004-07-29,3501.3
2004-07-30,3536.1001
2004-08-02,3544.8999
2004-08-03,3554.3999
2004-08-04,3546.0
2004-08-05,3538.8999
2004-08-06,3530.6001
2004-08-09,3509.2
2004-08-10,3499.6001
2004-08-11,3511.1001
2004-08-12,3487.8
2004-08-13,3477.8
2004-08-16,3468.3
2004-08-17,3483.2
2004-08-18,3476.1001
2004-08-19,3486.3
2004-08-20,3497.7
2004-08-23,3524.0
2004-08-24,3526.3
2004-08-25,3517.3999
2004-08-26,3526.0
2004-08-27,3558.8999
2004-08-30,3554.1001
2004-08-31,3552.7
2004-09-01,3575.6001
2004-09-02,3590.3999
2004-09-03,3577.3
2004-09-06,3576.8999
2004-09-07,3589.3999
2004-09-08,3589.0
2004-09-09,3591.7
2004-09-10,3596.0
2004-09-13,3609.7
2004-09-14,3623.2
2004-09-15,3625.1001
2004-09-16,3624.8999
2004-09-17,3631.6001
2004-09-20,3628.7
2004-09-21,3629.8999
2004-09-22,3640.8
2004-09-23,3635.2
2004-09-24,3623.8999
2004-09-27,3620.6001
2004-09-28,3627.1001
2004-09-29,3656.6001
2004-09-30,3665.0
2004-10-01,3659.6001
2004-10-04,3693.6001
2004-10-05,3697.6001
2004-10-06,3699.8
2004-10-07,3700.8
2004-10-08,3686.8
2004-10-11,3705.8
2004-10-12,3717.3999
2004-10-13,3725.2
2004-10-14,3708.8999
2004-10-15,3720.5
2004-10-18,3709.8999
2004-10-19,3715.0
2004-10-20,3700.1001
2004-10-21,3705.8999
2004-10-22,3709.8999
2004-10-25,3681.6001
2004-10-26,3704.8999
2004-10-27,3741.2
2004-10-28,3776.1001
2004-10-29,3778.6001
2004-10-31,3791.2
2004-11-01,3798.6001
2004-11-02,3832.8999
2004-11-03,3838.5
2004-11-04,3843.5
2004-11-07,3822.3
2004-11-08,3835.5
2004-11-09,3846.3999
2004-11-10,3863.3
2004-11-11,3862.5
2004-11-14,3880.6001
2004-11-15,3869.3999
2004-11-16,3876.0
2004-11-17,3879.5
2004-11-18,3872.7
2004-11-21,3830.7
2004-11-22,3866.1001
2004-11-23,3882.5
2004-11-24,3904.2
2004-11-25,3912.1001
2004-11-28,3926.8
2004-11-29,3931.3
2004-11-30,3899.3
2004-12-01,3941.8999
2004-12-02,3939.5
2004-12-05,3950.5
2004-12-06,3927.5
2004-12-07,3897.7
2004-12-08,3886.8999
2004-12-09,3898.5
2004-12-12,3907.3
2004-12-13,3929.0
2004-12-14,3944.2
2004-12-15,3975.1001
2004-12-16,3988.0
2004-12-19,3993.3999
2004-12-20,4013.6001
2004-12-21,4032.3
2004-12-22,4025.8999
2004-12-23,4048.6001
2004-12-26,4048.6001
2004-12-27,4048.6001
2004-12-28,4042.1001
2004-12-29,4054.8999
2004-12-30,4050.6001
2005-01-03,4058.6001
2005-01-04,4039.3999
2005-01-05,4029.8999
2005-01-06,4063.2
2005-01-09,4074.8999
2005-01-10,4072.7
2005-01-11,4070.3999
2005-01-12,4069.5
2005-01-13,4061.6001
2005-01-16,4076.8999
2005-01-17,4062.0
2005-01-18,4052.6001
2005-01-19,4036.0
2005-01-20,4043.8999
2005-01-23,4044.8
2005-01-24,4055.8999
2005-01-26,4105.7002
2005-01-27,4098.8999
2005-01-30,4107.2998
2005-01-31,4127.7002
2005-02-01,4145.2998
2005-02-02,4151.2998
2005-02-03,4161.7998
2005-02-06,4189.6001
2005-02-07,4179.1001
2005-02-08,4172.1001
2005-02-09,4174.8999
2005-02-10,4174.2998
2005-02-13,4150.2002
2005-02-14,4144.7998
2005-02-15,4151.7002
2005-02-16,4166.8999
2005-02-17,4163.6001
2005-02-20,4168.2002
2005-02-21,4153.2998
2005-02-22,4119.2002
2005-02-23,4096.8999
2005-02-24,4130.5
2005-02-27,4172.7998
2005-02-28,4184.8999
2005-03-01,4191.5
2005-03-02,4205.2002
2005-03-03,4220.3999
2005-03-06,4238.3999
2005-03-07,4242.8999
2005-03-08,4241.7998
2005-03-09,4215.5
2005-03-10,4203.7998
2005-03-13,4233.5
2005-03-14,4225.3999
2005-03-15,4244.3999
2005-03-16,4232.3999
2005-03-17,4249.1001
2005-03-20,4266.3999
2005-03-21,4233.7998
2005-03-22,4170.7998
2005-03-23,4136.3999
2005-03-29,4095.6001
2005-03-30,4095.2
2005-03-31,4109.7998
2005-04-01,4138.2998
2005-04-04,4120.7998
2005-04-05,4132.3999
2005-04-06,4118.8999
2005-04-07,4127.7998
2005-04-08,4165.5
2005-04-11,4132.6001
2005-04-12,4142.0
2005-04-13,4135.0
2005-04-14,4082.3
2005-04-15,4014.3
2005-04-18,3959.3999
2005-04-19,4021.2
2005-04-20,4022.6001
2005-04-21,4013.8999
2005-04-22,4034.1001
2005-04-26,4027.8
2005-04-27,4019.0
2005-04-28,4011.6001
2005-04-29,3983.2
2005-05-02,4011.3
2005-05-03,3986.3
2005-05-04,3947.1001
2005-05-05,3956.1001
2005-05-06,3983.3
2005-05-09,3999.2
2005-05-10,3992.2
2005-05-11,4005.7
2005-05-12,4028.8999
2005-05-13,4012.1001
2005-05-16,3965.3999
2005-05-17,3954.5
2005-05-18,3987.5
2005-05-19,4044.5
2005-05-20,4041.3
2005-05-23,4077.2
2005-05-24,4102.0
2005-05-25,4091.1001
2005-05-26,4093.2
2005-05-27,4116.3999
2005-05-30,4132.7002
2005-05-31,4106.3999
2005-06-01,4147.7998
2005-06-02,4180.7002
2005-06-03,4194.0
2005-06-06,4198.0
2005-06-07,4205.6001
2005-06-08,4219.8999
2005-06-09,4214.0
2005-06-10,4221.7002
2005-06-14,4228.7998
2005-06-15,4246.5
2005-06-16,4262.7998
2005-06-17,4312.2002
2005-06-20,4305.6001
2005-06-21,4300.1001
2005-06-22,4277.8999
2005-06-23,4269.8999
2005-06-24,4245.6001
2005-06-27,4231.2002
2005-06-28,4270.7998
2005-06-29,4263.0
2005-06-30,4277.5
2005-07-01,4272.6001
2005-07-04,4281.8999
2005-07-05,4301.7998
2005-07-06,4275.1001
2005-07-07,4234.0
2005-07-08,4229.2002
2005-07-11,4264.1001
2005-07-12,4262.1001
2005-07-13,4280.2998
2005-07-14,4295.1001
2005-07-15,4292.3999
2005-07-18,4298.3999
2005-07-19,4276.2998
2005-07-20,4301.2002
2005-07-21,4343.2002
2005-07-22,4371.1001
2005-07-25,4378.7998
2005-07-26,4380.5
2005-07-27,4386.7998
2005-07-28,4367.7998
2005-07-29,4388.7998
2005-08-01,4378.0
2005-08-02,4385.3999
2005-08-03,4369.1001
2005-08-04,4374.7998
2005-08-05,4377.2998
2005-08-08,4407.8999
2005-08-09,4417.7998
2005-08-10,4425.6001
2005-08-11,4460.2002
2005-08-12,4469.2002
2005-08-15,4459.5
2005-08-16,4481.2002
2005-08-17,4467.7998
2005-08-18,4442.8999
2005-08-19,4461.6001
2005-08-22,4499.2998
2005-08-23,4484.8999
2005-08-24,4446.3999
2005-08-25,4424.5
2005-08-26,4452.5
2005-08-29,4396.7998
2005-08-30,4438.6001
2005-08-31,4446.7998
2005-09-01,4497.7002
2005-09-02,4473.7002
2005-09-05,4455.3999
2005-09-06,4462.0
2005-09-07,4492.0
2005-09-08,4474.8999
2005-09-09,4468.1001
2005-09-12,4471.7998
2005-09-13,4495.1001
2005-09-14,4518.2998
2005-09-15,4513.8999
2005-09-16,4553.6001
2005-09-19,4551.2998
2005-09-20,4580.8999
2005-09-21,4552.3999
2005-09-22,4561.7002
2005-09-23,4562.3999
2005-09-26,4618.8999
2005-09-27,4629.2002
2005-09-28,4627.6001
2005-09-29,4671.7002
2005-09-30,4641.2002
2005-10-03,4642.3999
2005-10-04,4643.6001
2005-10-05,4543.5
2005-10-06,4447.2998
2005-10-07,4440.6001
2005-10-10,4469.1001
2005-10-11,4428.7998
2005-10-12,4468.2002
2005-10-13,4431.0
2005-10-14,4406.1001
2005-10-17,4425.2998
2005-10-18,4459.2998
2005-10-19,4377.2002
2005-10-20,4380.1001
2005-10-21,4364.2998
2005-10-24,4357.2002
2005-10-25,4390.7998
2005-10-26,4443.3999
2005-10-27,4433.0
2005-10-28,4383.0
2005-10-30,4459.7002
2005-10-31,4474.7002
2005-11-01,4456.2998
2005-11-02,4513.7002
2005-11-03,4519.5
2005-11-06,4512.5
2005-11-07,4554.5
2005-11-08,4526.1001
2005-11-09,4543.7002
2005-11-10,4574.2998
2005-11-13,4608.3999
2005-11-14,4603.2002
2005-11-15,4621.1001
2005-11-16,4629.1001
2005-11-17,4671.1001
2005-11-20,4654.2002
2005-11-21,4622.8999
2005-11-22,4616.6001
2005-11-23,4652.2998
2005-11-24,4648.7998
2005-11-27,4665.2998
2005-11-28,4639.0
2005-11-29,4634.7998
2005-11-30,4580.1001
2005-12-01,4623.5
2005-12-04,4624.6001
2005-12-05,4616.0
2005-12-06,4623.8999
2005-12-07,4578.0
2005-12-08,4580.1001
2005-12-11,4611.8999
2005-12-12,4587.1001
2005-12-13,4617.8999
2005-12-14,4627.8999
2005-12-15,4644.0
2005-12-18,4655.3999
2005-12-19,4672.2998
2005-12-20,4718.2002
2005-12-21,4707.7998
2005-12-22,4727.7002
2005-12-27,4755.6001
2005-12-28,4772.5
2005-12-29,4763.3999
2006-01-02,4776.0
2006-01-03,4820.2998
2006-01-04,4813.7002
2006-01-05,4791.1001
2006-01-08,4831.5
2006-01-09,4816.7002
2006-01-10,4838.1001
2006-01-11,4836.8999
2006-01-12,4836.7002
2006-01-15,4836.3999
2006-01-16,4866.1001
2006-01-17,4786.8999
2006-01-18,4840.8999
2006-01-19,4854.3999
2006-01-22,4812.1001
2006-01-23,4824.7998
2006-01-24,4861.3999
2006-01-26,4919.2998
2006-01-29,4943.3999
2006-01-30,4929.6001
2006-01-31,4956.7002
2006-02-01,4905.1001
2006-02-02,4883.7998
2006-02-05,4915.6001
2006-02-06,4905.3999
2006-02-07,4831.3999
2006-02-08,4877.6001
2006-02-09,4871.5
2006-02-12,4817.1001
2006-02-13,4864.2002
2006-02-14,4835.0
2006-02-15,4820.6001
2006-02-16,4799.8999
2006-02-19,4835.5
2006-02-20,4879.1001
2006-02-21,4886.7002
2006-02-22,4913.2002
2006-02-23,4893.3999
2006-02-26,4924.1001
2006-02-27,4921.2998
2006-02-28,4850.6001
2006-03-01,4903.7998
2006-03-02,4898.5
2006-03-05,4903.8999
2006-03-06,4879.7002
2006-03-07,4873.0
2006-03-08,4894.3999
2006-03-09,4888.1001
2006-03-12,4951.2998
2006-03-13,4932.2002
2006-03-14,4946.2998
2006-03-15,4977.8999
2006-03-16,4971.7002
2006-03-19,5000.3999
2006-03-20,4991.2998
2006-03-21,5013.3999
2006-03-22,5035.2998
2006-03-23,5040.1001
2006-03-26,5088.1001
2006-03-27,5085.7998
2006-03-28,5090.5
2006-03-29,5115.0
2006-03-30,5129.7002
2006-04-03,5180.5
2006-04-04,5162.5
2006-04-05,5207.0
2006-04-06,5238.8999
2006-04-07,5232.8999
2006-04-10,5192.2998
2006-04-11,5233.5
2006-04-12,5183.7002
2006-04-13,5175.7002
2006-04-18,5248.6001
2006-04-19,5283.8999
2006-04-20,5276.8999
2006-04-21,5250.1001
2006-04-24,5269.7998
2006-04-26,5327.2002
2006-04-27,5300.2002
2006-04-28,5258.7998
2006-05-01,5310.3999
2006-05-02,5273.1001
2006-05-03,5273.5
2006-05-04,5189.1001
2006-05-05,5255.3999
2006-05-08,5324.0
2006-05-09,5325.7998
2006-05-10,5352.2002
2006-05-11,5364.5
2006-05-12,5329.5
2006-05-15,5234.1001
2006-05-16,5217.3999
2006-05-17,5217.5
2006-05-18,5119.2998
2006-05-19,5100.8999
2006-05-22,5030.7998
2006-05-23,5013.7998
2006-05-24,5037.7002
2006-05-25,4976.7998
2006-05-26,5053.7002
2006-05-29,5109.5
2006-05-30,5105.3999
2006-05-31,5001.7002
2006-06-01,5060.6001
2006-06-02,5077.2002
2006-06-05,5120.0
2006-06-06,5036.1001
2006-06-07,5025.5
2006-06-08,4907.2002
2006-06-09,4966.0
2006-06-13,4838.8999
2006-06-14,4850.7998
2006-06-15,4869.7002
2006-06-16,4969.0
2006-06-19,4901.2002
2006-06-20,4861.3999
2006-06-21,4918.8999
2006-06-22,5010.7998
2006-06-23,4964.8999
2006-06-26,4965.0
2006-06-27,4999.2002
2006-06-28,4946.7998
2006-06-29,4997.2002
2006-06-30,5073.8999
2006-07-03,5092.2002
2006-07-04,5104.7002
2006-07-05,5096.8999
2006-07-06,5120.2998
2006-07-07,5135.2998
2006-07-10,5142.7998
2006-07-11,5107.2002
2006-07-12,5128.2998
2006-07-13,5084.6001
2006-07-14,4966.1001
2006-07-17,4956.2002
2006-07-18,4923.2998
2006-07-19,4900.1001
2006-07-20,4996.5
2006-07-21,4960.6001
2006-07-24,4934.3999
2006-07-25,4992.3999
2006-07-26,4935.7002
2006-07-27,5007.7998
2006-07-28,4958.2998
2006-07-31,4986.0
2006-08-01,4981.2998
2006-08-02,4931.5
2006-08-03,4997.5
2006-08-04,4956.1001
2006-08-07,4961.7998
2006-08-08,5024.7998
2006-08-09,4962.0
2006-08-10,4953.2002
2006-08-11,4949.2002
2006-08-14,4971.2998
2006-08-15,4936.0
2006-08-16,4961.8999
2006-08-17,5055.8999
2006-08-18,5052.5
2006-08-21,5063.6001
2006-08-22,5076.2002
2006-08-23,5082.2998
2006-08-24,4987.7998
2006-08-25,5023.6001
2006-08-28,5024.2002
2006-08-29,5067.6001
2006-08-30,5067.2998
2006-08-31,5115.3999
2006-09-01,5097.1001
2006-09-04,5129.2002
2006-09-05,5150.6001
2006-09-06,5113.7998
2006-09-07,5108.7002
2006-09-08,5098.2998
2006-09-11,5026.0
2006-09-12,4974.3999
2006-09-13,5017.2002
2006-09-14,5070.3999
2006-09-15,5036.3999
2006-09-18,5072.7998
2006-09-19,5056.7998
2006-09-20,4998.5
2006-09-21,4995.8999
2006-09-22,4983.2002
2006-09-25,4986.2998
2006-09-26,4989.6001
2006-09-27,5093.2002
2006-09-28,5113.8999
2006-09-29,5154.1001
2006-10-02,5178.7998
2006-10-03,5184.2998
2006-10-04,5142.7002
2006-10-05,5219.2998
2006-10-06,5220.7002
2006-10-09,5199.1001
2006-10-10,5248.6001
2006-10-11,5282.7998
2006-10-12,5259.3999
2006-10-13,5290.0
2006-10-16,5311.0
2006-10-17,5281.2998
2006-10-18,5313.2002
2006-10-19,5285.2998
2006-10-20,5335.3999
2006-10-23,5333.5
2006-10-24,5317.1001
2006-10-25,5352.2998
2006-10-26,5389.7002
2006-10-27,5358.5
2006-10-29,5399.3999
2006-10-30,5384.3999
2006-10-31,5416.3999
2006-11-02,5432.0
2006-11-05,5444.1001
2006-11-06,5491.6001
2006-11-07,5459.2002
2006-11-08,5429.0
2006-11-09,5436.7002
2006-11-12,5418.3999
2006-11-13,5435.6001
2006-11-14,5429.8999
2006-11-15,5392.6001
2006-11-16,5419.7002
2006-11-19,5322.3999
2006-11-20,5358.0
2006-11-21,5445.7002
2006-11-22,5466.8999
2006-11-23,5453.6001
2006-11-26,5452.2002
2006-11-27,5384.2998
2006-11-28,5452.6001
2006-11-29,5482.1001
2006-11-30,5427.8999
2006-12-03,5424.8999
2006-12-04,5426.5
2006-12-05,5466.7002
2006-12-06,5465.2002
2006-12-07,5425.7998
2006-12-10,5469.7002
2006-12-11,5473.6001
2006-12-12,5488.2002
2006-12-13,5573.1001
2006-12-14,5575.3999
2006-12-17,5591.5
2006-12-18,5559.7002
2006-12-19,5607.7998
2006-12-20,5583.5
2006-12-21,5603.7002
2006-12-26,5643.2002
2006-12-27,5660.5
2006-12-28,5669.8999
2007-01-01,5670.2002
2007-01-02,5649.3999
2007-01-03,5584.7998
2007-01-04,5572.0
2007-01-07,5502.0
2007-01-08,5589.7002
2007-01-09,5520.8999
2007-01-10,5564.8999
2007-01-11,5638.7998
2007-01-14,5673.7998
2007-01-15,5673.3999
2007-01-16,5646.1001
2007-01-17,5672.3999
2007-01-18,5673.1001
2007-01-21,5726.6001
2007-01-22,5735.0
2007-01-23,5768.7998
2007-01-24,5769.8999
2007-01-28,5760.3999
2007-01-29,5812.5
2007-01-30,5773.3999
2007-01-31,5814.1001
2007-02-01,5831.5
2007-02-04,5822.1001
2007-02-05,5870.5
2007-02-06,5899.7998
2007-02-07,5899.5
2007-02-08,5927.2002
2007-02-11,5924.1001
2007-02-12,5936.6001
2007-02-13,5960.5
2007-02-14,5992.7998
2007-02-15,5953.7002
2007-02-18,5990.1001
2007-02-19,5989.7002
2007-02-20,5951.7998
2007-02-21,6017.1001
2007-02-22,6036.1001
2007-02-25,6044.0
2007-02-26,5993.7998
2007-02-27,5832.5
2007-02-28,5810.2002
2007-03-01,5786.0
2007-03-04,5653.6001
2007-03-05,5771.7998
2007-03-06,5825.2998
2007-03-07,5822.2998
2007-03-08,5830.2002
2007-03-11,5891.0
2007-03-12,5865.0
2007-03-13,5741.8999
2007-03-14,5853.0
2007-03-15,5836.2998
2007-03-18,5859.7002
2007-03-19,5876.6001
2007-03-20,5861.8999
2007-03-21,5955.7002
2007-03-22,5952.2998
2007-03-26,5990.7002
2007-03-27,5964.2002
2007-03-28,5923.2002
2007-03-29,5960.8999
2007-03-30,5995.0
2007-04-02,5915.7998
2007-04-03,6013.3999
2007-04-04,6097.2002
2007-04-05,6077.1001
2007-04-10,6153.0
2007-04-11,6151.3999
2007-04-12,6158.2002
2007-04-13,6135.7998
2007-04-16,6197.7002
2007-04-17,6186.5
2007-04-18,6236.8999
2007-04-19,6165.1001
2007-04-20,6207.5
2007-04-23,6209.1001
2007-04-24,6188.2002
2007-04-26,6212.2002
2007-04-27,6151.6001
2007-04-30,6166.0
2007-05-01,6145.7998
2007-05-02,6237.7002
2007-05-03,6245.6001
2007-05-04,6304.8999
2007-05-07,6335.7002
2007-05-08,6304.3999
2007-05-09,6341.0
2007-05-10,6355.5
2007-05-11,6297.3999
2007-05-14,6345.1001
2007-05-15,6291.2002
2007-05-16,6294.6001
2007-05-17,6365.8999
2007-05-18,6312.5
2007-05-21,6369.0
2007-05-22,6338.7998
2007-05-23,6355.1001
2007-05-24,6279.1001
2007-05-25,6252.7998
2007-05-28,6251.3999
2007-05-29,6317.6001
2007-05-30,6243.3999
2007-05-31,6313.5
2007-06-01,6333.5
2007-06-04,6392.8999
2007-06-05,6370.7998
2007-06-06,6337.1001
2007-06-07,6311.1001
2007-06-08,6231.7002
2007-06-12,6240.1001
2007-06-13,6180.7002
2007-06-14,6261.2002
2007-06-15,6293.7998
2007-06-18,6343.3999
2007-06-19,6372.0
2007-06-20,6396.8999
2007-06-21,6387.0
2007-06-22,6382.6001
2007-06-25,6329.7998
2007-06-26,6308.6001
2007-06-27,6184.2002
2007-06-28,6265.6001
2007-06-29,6274.8999
2007-07-02,6263.2998
2007-07-03,6299.0
2007-07-04,6298.6001
2007-07-05,6362.2998
2007-07-06,6351.1001
2007-07-09,6400.6001
2007-07-10,6361.5
2007-07-11,6325.1001
2007-07-12,6363.3999
2007-07-13,6389.3999
2007-07-16,6380.7998
2007-07-17,6381.6001
2007-07-18,6329.1001
2007-07-19,6384.2002
2007-07-20,6421.7998
2007-07-23,6390.3999
2007-07-24,6422.2998
2007-07-25,6340.5
2007-07-26,6258.5
2007-07-27,6082.8999
2007-07-30,6108.7998
2007-07-31,6144.2002
2007-08-01,5941.2002
2007-08-02,6011.7998
2007-08-03,6021.0
2007-08-06,5920.2002
2007-08-07,5985.0
2007-08-08,6100.7998
2007-08-09,6165.6001
2007-08-10,5936.0
2007-08-13,6011.6001
2007-08-14,5964.7998
2007-08-15,5788.0
2007-08-16,5711.5
2007-08-17,5671.0
2007-08-20,5932.6001
2007-08-21,5989.3999
2007-08-22,6005.0
2007-08-23,6159.7002
2007-08-24,6088.5
2007-08-27,6185.2002
2007-08-28,6176.2998
2007-08-29,6100.2998
2007-08-30,6135.0
2007-08-31,6247.2002
2007-09-03,6267.2998
2007-09-04,6293.2998
2007-09-05,6262.7002
2007-09-06,6251.0
2007-09-07,6278.3999
2007-09-10,6191.2002
2007-09-11,6235.5
2007-09-12,6220.2998
2007-09-13,6230.6001
2007-09-14,6306.7998
2007-09-17,6271.3999
2007-09-18,6192.5
2007-09-19,6356.1001
2007-09-20,6393.7002
2007-09-21,6357.8999
2007-09-24,6451.5
2007-09-25,6483.0
2007-09-26,6481.3999
2007-09-27,6538.1001
2007-09-28,6567.7998
2007-10-01,6563.7002
2007-10-02,6659.8999
2007-10-03,6660.0
2007-10-04,6566.8999
2007-10-05,6605.3999
2007-10-08,6654.2998
2007-10-09,6677.7998
2007-10-10,6738.2998
2007-10-11,6771.8999
2007-10-12,6748.8999
2007-10-15,6739.0
2007-10-16,6692.0
2007-10-17,6680.1001
2007-10-18,6767.7002
2007-10-19,6706.2998
2007-10-22,6577.2998
2007-10-23,6660.8999
2007-10-24,6634.3999
2007-10-25,6624.2998
2007-10-26,6700.6001
2007-10-28,6792.1001
2007-10-29,6750.2002
2007-10-30,6754.1001
2007-10-31,6828.7002
2007-11-01,6696.6001
2007-11-04,6582.2998
2007-11-05,6628.0
2007-11-06,6692.3999
2007-11-07,6521.6001
2007-11-08,6545.7002
2007-11-11,6455.2998
2007-11-12,6515.2002
2007-11-13,6598.6001
2007-11-14,6528.6001
2007-11-15,6461.8999
2007-11-18,6535.2002
2007-11-19,6425.3999
2007-11-20,6384.2998
2007-11-21,6334.2998
2007-11-22,6330.2002
2007-11-25,6471.3999
2007-11-26,6432.7002
2007-11-27,6370.1001
2007-11-28,6444.5
2007-11-29,6533.1001
2007-12-02,6533.5
2007-12-03,6530.7998
2007-12-04,6508.1001
2007-12-05,6600.8999
2007-12-06,6654.7002
2007-12-09,6625.1001
2007-12-10,6680.3999
2007-12-11,6615.2002
2007-12-12,6597.6001
2007-12-13,6491.7002
2007-12-16,6263.5
2007-12-17,6236.8999
2007-12-18,6216.3999
2007-12-19,6176.8999
2007-12-20,6247.0
2007-12-23,6323.6001
2007-12-26,6350.8999
2007-12-27,6339.8999
2007-12-30,6339.7998
2008-01-01,6353.2002
2008-01-02,6290.7002
2008-01-03,6306.7998
2008-01-06,6161.6001
2008-01-07,6128.1001
2008-01-08,6087.7002
2008-01-09,6078.7002
2008-01-10,5981.6001
2008-01-13,5980.0
2008-01-14,5960.0
2008-01-15,5809.7002
2008-01-16,5796.1001
2008-01-17,5747.2998
2008-01-20,5580.3999
2008-01-21,5186.7998
2008-01-22,5412.2998
2008-01-23,5580.3999
2008-01-24,5860.2998
2008-01-28,5716.5
2008-01-29,5618.7002
2008-01-30,5650.2998
2008-01-31,5842.8999
2008-02-03,5867.3999
2008-02-04,5792.8999
2008-02-05,5609.3999
2008-02-06,5596.7002
2008-02-07,5658.0
2008-02-10,5537.6001
2008-02-11,5608.1001
2008-02-12,5542.1001
2008-02-13,5684.7998
2008-02-14,5606.6001
2008-02-17,5558.3999
2008-02-18,5619.1001
2008-02-19,5496.5
2008-02-20,5583.3999
2008-02-21,5559.8999
2008-02-24,5621.6001
2008-02-25,5666.1001
2008-02-26,5767.2002
2008-02-27,5651.2002
2008-02-28,5572.1001
2008-03-02,5405.7998
2008-03-03,5380.2998
2008-03-04,5376.6001
2008-03-05,5435.5
2008-03-06,5264.0
2008-03-09,5180.3999
2008-03-10,5134.2002
2008-03-11,5257.8999
2008-03-12,5135.8999
2008-03-13,5206.8999
2008-03-16,5087.0
2008-03-17,5086.1001
2008-03-18,5289.1001
2008-03-19,5127.5
2008-03-24,5318.3999
2008-03-25,5381.3999
2008-03-26,5371.6001
2008-03-27,5351.1001
2008-03-30,5355.7002
2008-03-31,5361.2002
2008-04-01,5502.8999
2008-04-02,5608.8999
2008-04-03,5619.6001
2008-04-07,5625.0
2008-04-08,5571.5
2008-04-09,5520.2002
2008-04-10,5446.3999
2008-04-11,5439.2998
2008-04-14,5342.3999
2008-04-15,5400.3999
2008-04-16,5470.2998
2008-04-17,5519.0
2008-04-18,5429.7002
2008-04-21,5600.2998
2008-04-22,5564.6001
2008-04-23,5652.8999
2008-04-24,5587.2998
2008-04-28,5602.7002
2008-04-29,5606.8999
2008-04-30,5595.3999
2008-05-01,5585.7998
2008-05-02,5700.3999
2008-05-05,5730.2998
2008-05-06,5701.3999
2008-05-07,5668.3999
2008-05-08,5723.2002
2008-05-09,5771.7998
2008-05-12,5828.5
2008-05-13,5812.7002
2008-05-14,5872.7002
2008-05-15,5890.7002
2008-05-16,5931.0
2008-05-19,5949.3999
2008-05-20,5908.1001
2008-05-21,5823.3999
2008-05-22,5826.8999
2008-05-23,5768.0
2008-05-26,5707.0
2008-05-27,5714.3999
2008-05-28,5648.1001
2008-05-29,5709.3999
2008-05-30,5654.7002
2008-06-02,5662.2998
2008-06-03,5574.2002
2008-06-04,5584.5
2008-06-05,5530.1001
2008-06-06,5592.1001
2008-06-10,5437.5
2008-06-11,5467.2998
2008-06-12,5329.2002
2008-06-13,5378.1001
2008-06-16,5371.7002
2008-06-17,5422.7002
2008-06-18,5443.2002
2008-06-19,5366.6001
2008-06-20,5288.2998
2008-06-23,5283.7002
2008-06-24,5290.0
2008-06-25,5237.7998
2008-06-26,5307.0
2008-06-27,5237.0
2008-06-30,5215.2998
2008-07-01,5138.8999
2008-07-02,5094.7998
2008-07-03,4998.2998
2008-07-04,5082.1001
2008-07-07,5002.5
2008-07-08,4932.8999
2008-07-09,5011.8999
2008-07-10,4937.3999
2008-07-11,4979.8999
2008-07-14,4921.0
2008-07-15,4815.7002
2008-07-16,4870.6001
2008-07-17,4901.0
2008-07-18,4840.3999
2008-07-21,5011.7998
2008-07-22,5005.6001
2008-07-23,5105.2998
2008-07-24,5144.1001
2008-07-25,4970.5
2008-07-28,4922.1001
2008-07-29,4847.3999
2008-07-30,4936.7002
2008-07-31,4977.3999
2008-08-01,4904.0
2008-08-04,4887.7002
2008-08-05,4820.3999
2008-08-06,4969.1001
2008-08-07,4983.2998
2008-08-08,4986.2002
2008-08-11,5026.1001
2008-08-12,5053.6001
2008-08-13,4951.6001
2008-08-14,4981.1001
2008-08-15,4981.7002
2008-08-18,4985.0
2008-08-19,4866.3999
2008-08-20,4929.5
2008-08-21,4875.2002
2008-08-22,4931.3999
2008-08-25,5014.8999
2008-08-26,5007.5
2008-08-27,5011.2002
2008-08-28,5066.5
2008-08-29,5135.6001
2008-09-01,5118.2998
2008-09-02,5116.0
2008-09-03,5060.0
2008-09-04,4979.5
2008-09-05,4877.1001
2008-09-08,5067.5
2008-09-09,4980.1001
2008-09-10,4905.5
2008-09-11,4814.2998
2008-09-12,4903.7998
2008-09-15,4817.7002
2008-09-16,4750.7998
2008-09-17,4722.2002
2008-09-18,4607.2998
2008-09-19,4804.1001
2008-09-22,5020.5
2008-09-23,4923.5
2008-09-24,4981.8999
2008-09-25,4927.3999
2008-09-26,4904.7998
2008-09-29,4807.3999
2008-09-30,4600.5
2008-10-01,4794.6001
2008-10-02,4761.1001
2008-10-03,4695.3999
2008-10-05,4540.3999
2008-10-06,4618.7002
2008-10-07,4388.1001
2008-10-08,4320.8999
2008-10-09,3960.7
2008-10-12,4180.7002
2008-10-13,4335.2002
2008-10-14,4300.0
2008-10-15,4013.3999
2008-10-16,3970.8
2008-10-19,4142.2998
2008-10-20,4302.5
2008-10-21,4156.1001
2008-10-22,3974.3999
2008-10-23,3869.3999
2008-10-26,3809.2
2008-10-27,3794.6001
2008-10-28,3845.6001
2008-10-29,4001.1001
2008-10-30,4018.0
2008-11-02,4221.5
2008-11-03,4215.1001
2008-11-04,4336.6001
2008-11-05,4149.7002
2008-11-06,4051.3
2008-11-09,4107.7998
2008-11-10,3960.8999
2008-11-11,3927.3
2008-11-12,3697.3
2008-11-13,3748.1001
2008-11-16,3653.0
2008-11-17,3523.2
2008-11-18,3499.6001
2008-11-19,3352.8999
2008-11-20,3416.5
2008-11-23,3425.1001
2008-11-24,3623.3999
2008-11-25,3540.0
2008-11-26,3588.0
2008-11-27,3742.5
2008-11-30,3681.2
2008-12-01,3528.2
2008-12-02,3533.8
2008-12-03,3532.3999
2008-12-04,3489.8999
2008-12-07,3631.6001
2008-12-08,3604.3
2008-12-09,3640.7
2008-12-10,3598.0
2008-12-11,3510.3999
2008-12-14,3591.3999
2008-12-15,3556.2
2008-12-16,3570.6001
2008-12-17,3581.2
2008-12-18,3615.7
2008-12-21,3557.3999
2008-12-22,3531.3999
2008-12-23,3582.2
2008-12-28,3621.1001
2008-12-29,3654.2
2008-12-30,3722.3
2009-01-01,3713.8
2009-01-04,3687.0
2009-01-05,3742.7
2009-01-06,3779.7
2009-01-07,3694.3
2009-01-08,3735.7
2009-01-11,3683.3
2009-01-12,3654.6001
2009-01-13,3687.0
2009-01-14,3529.5
2009-01-15,3550.8999
2009-01-18,3589.3
2009-01-19,3476.6001
2009-01-20,3442.8
2009-01-21,3486.8
2009-01-22,3342.7
2009-01-26,3444.0
2009-01-27,3495.5
2009-01-28,3526.2
2009-01-29,3540.7
2009-02-01,3497.3999
2009-02-02,3508.7
2009-02-03,3437.8999
2009-02-04,3428.6001
2009-02-05,3469.8999
2009-02-08,3508.6001
2009-02-09,3488.7
2009-02-10,3474.3999
2009-02-11,3514.3
2009-02-12,3559.1001
2009-02-15,3516.8999
2009-02-16,3464.3
2009-02-17,3413.2
2009-02-18,3448.8999
2009-02-19,3402.3999
2009-02-22,3351.2
2009-02-23,3331.6001
2009-02-24,3327.5
2009-02-25,3345.5
2009-02-26,3344.5
2009-03-01,3250.1001
2009-03-02,3219.2
2009-03-03,3166.3999
2009-03-04,3188.5
2009-03-05,3145.5
2009-03-08,3154.5
2009-03-09,3184.5
2009-03-10,3244.3999
2009-03-11,3235.5
2009-03-12,3345.2
2009-03-15,3348.3999
2009-03-16,3451.8999
2009-03-17,3446.3
2009-03-18,3480.2
2009-03-19,3465.8
2009-03-22,3550.3
2009-03-23,3580.0
2009-03-24,3609.3
2009-03-25,3646.6001
2009-03-26,3672.3
2009-03-29,3604.3999
2009-03-30,3582.1001
2009-03-31,3579.7
2009-04-01,3680.2
2009-04-02,3735.6001
2009-04-06,3756.6001
2009-04-07,3706.3
2009-04-08,3619.5
2009-04-09,3671.6001
2009-04-14,3752.8999
2009-04-15,3747.5
2009-04-16,3775.7
2009-04-17,3776.7
2009-04-20,3769.0
2009-04-21,3677.3999
2009-04-22,3668.2
2009-04-23,3743.0
2009-04-24,3712.3
2009-04-27,3731.6001
2009-04-28,3708.3999
2009-04-29,3695.3
2009-04-30,3780.5
2009-05-01,3769.6001
2009-05-04,3883.0
2009-05-05,3890.3999
2009-05-06,3867.1001
2009-05-07,3938.7
2009-05-08,3941.7
2009-05-11,3926.0
2009-05-12,3877.2
2009-05-13,3856.1001
2009-05-14,3723.3999
2009-05-15,3773.2
2009-05-18,3735.6001
2009-05-19,3817.3
2009-05-20,3824.6001
2009-05-21,3813.8999
2009-05-22,3761.6001
2009-05-25,3737.8999
2009-05-26,3788.3999
2009-05-27,3801.1001
2009-05-28,3755.7
2009-05-29,3818.0
2009-06-01,3894.3999
2009-06-02,3955.3
2009-06-03,4017.2
2009-06-04,3934.6001
2009-06-05,3971.2
2009-06-09,3934.8999
2009-06-10,4024.3999
2009-06-11,4047.2
2009-06-12,4062.2
2009-06-15,4031.7
2009-06-16,3962.5
2009-06-17,3904.1001
2009-06-18,3892.1001
2009-06-19,3899.6001
2009-06-22,3918.2
2009-06-23,3796.8999
2009-06-24,3807.0
2009-06-25,3856.0
2009-06-26,3903.8
2009-06-29,3886.8999
2009-06-30,3954.8999
2009-07-01,3874.0
2009-07-02,3877.3
2009-07-03,3828.2
2009-07-06,3783.7
2009-07-07,3766.8999
2009-07-08,3767.8999
2009-07-09,3763.3
2009-07-10,3794.1001
2009-07-13,3737.5
2009-07-14,3867.1001
2009-07-15,3924.5
2009-07-16,3995.6001
2009-07-17,4000.8
2009-07-20,4050.3
2009-07-21,4050.7
2009-07-22,4068.5
2009-07-23,4064.1001
2009-07-24,4089.8
2009-07-27,4139.6001
2009-07-28,4169.5
2009-07-29,4142.7998
2009-07-30,4190.5
2009-07-31,4244.0
2009-08-03,4263.3999
2009-08-04,4309.2998
2009-08-05,4264.5
2009-08-06,4326.2998
2009-08-07,4299.3999
2009-08-10,4304.1001
2009-08-11,4332.0
2009-08-12,4343.1001
2009-08-13,4435.8999
2009-08-14,4461.0
2009-08-17,4388.3999
2009-08-18,4381.6001
2009-08-19,4373.7998
2009-08-20,4377.5
2009-08-21,4290.6001
2009-08-24,4426.1001
2009-08-25,4405.7998
2009-08-26,4454.5
2009-08-27,4450.7998
2009-08-28,4489.6001
2009-08-31,4479.1001
2009-09-01,4514.6001
2009-09-02,4438.2002
2009-09-03,4429.6001
2009-09-04,4435.5
2009-09-07,4454.3999
2009-09-08,4523.7998
2009-09-09,4522.2002
2009-09-10,4570.7998
2009-09-11,4596.1001
2009-09-14,4531.1001
2009-09-15,4540.2998
2009-09-16,4650.3999
2009-09-17,4714.8999
2009-09-18,4693.2002
2009-09-21,4677.3999
2009-09-22,4663.7002
2009-09-23,4734.1001
2009-09-24,4701.2002
2009-09-25,4713.2998
2009-09-28,4677.3999
2009-09-29,4753.1001
2009-09-30,4743.6001
2009-10-01,4701.1001
2009-10-02,4601.7002
2009-10-04,4573.2998
2009-10-05,4591.6001
2009-10-06,4695.7002
2009-10-07,4768.6001
2009-10-08,4752.8999
2009-10-11,4739.7998
2009-10-12,4785.7002
2009-10-13,4831.1001
2009-10-14,4859.8999
2009-10-15,4836.3999
2009-10-18,4792.7998
2009-10-19,4846.2002
2009-10-20,4838.6001
2009-10-21,4812.7998
2009-10-22,4859.3999
2009-10-25,4830.2998
2009-10-26,4753.5
2009-10-27,4685.1001
2009-10-28,4574.7002
2009-10-29,4643.2002
2009-11-01,4540.3999
2009-11-02,4531.5
2009-11-03,4540.1001
2009-11-04,4508.0
2009-11-05,4594.0
2009-11-08,4674.8999
2009-11-09,4733.6001
2009-11-10,4757.0
2009-11-11,4747.8999
2009-11-12,4706.3999
2009-11-15,4755.2002
2009-11-16,4729.3999
2009-11-17,4739.0
2009-11-18,4749.2002
2009-11-19,4685.7998
2009-11-22,4717.0
2009-11-23,4685.0
2009-11-24,4722.2002
2009-11-25,4708.6001
2009-11-26,4572.1001
2009-11-29,4701.3999
2009-11-30,4719.0
2009-12-01,4762.3999
2009-12-02,4774.6001
2009-12-03,4702.2002
2009-12-06,4676.5
2009-12-07,4670.6001
2009-12-08,4637.8999
2009-12-09,4606.7002
2009-12-10,4635.2002
2009-12-13,4654.0
2009-12-14,4673.5
2009-12-15,4661.8999
2009-12-16,4670.2998
2009-12-17,4650.5
2009-12-20,4635.1001
2009-12-21,4704.2002
2009-12-22,4739.2998
2009-12-23,4790.8999
2009-12-28,4845.1001
2009-12-29,4833.2998
2009-12-30,4870.6001
2010-01-03,4876.2998
2010-01-04,4924.2998
2010-01-05,4921.3999
2010-01-06,4899.3999
2010-01-07,4912.1001
2010-01-10,4950.7002
2010-01-11,4899.5
2010-01-12,4868.1001
2010-01-13,4898.0
2010-01-14,4899.6001
2010-01-17,4911.1001
2010-01-18,4861.2002
2010-01-19,4868.2002
2010-01-20,4827.2002
2010-01-21,4750.6001
2010-01-24,4717.8999
2010-01-26,4644.6001
2010-01-27,4673.2998
2010-01-28,4569.6001
2010-01-31,4524.1001
2010-02-01,4605.2998
2010-02-02,4647.8999
2010-02-03,4621.6001
2010-02-04,4514.1001
2010-02-07,4521.3999
2010-02-08,4505.1001
2010-02-09,4513.3999
2010-02-10,4554.2998
2010-02-11,4562.1001
2010-02-14,4545.5
2010-02-15,4567.7998
2010-02-16,4667.8999
2010-02-17,4654.8999
2010-02-18,4635.1001
2010-02-21,4717.5
2010-02-22,4718.2998
2010-02-23,4648.5
2010-02-24,4594.1001
2010-02-25,4637.7002
2010-02-28,4686.5
2010-03-01,4701.8999
2010-03-02,4735.7002
2010-03-03,4750.5
2010-03-04,4767.2002
2010-03-07,4807.8999
2010-03-08,4820.1001
2010-03-09,4820.0
2010-03-10,4814.2002
2010-03-11,4818.1001
2010-03-14,4784.1001
2010-03-15,4797.2002
2010-03-16,4853.2002
2010-03-17,4863.1001
2010-03-18,4872.2002
2010-03-21,4830.2002
2010-03-22,4874.7998
2010-03-23,4891.5
2010-03-24,4885.3999
2010-03-25,4896.8999
2010-03-28,4897.2998
2010-03-29,4916.7998
2010-03-30,4875.5
2010-03-31,4907.7002
2010-04-06,4953.7002
2010-04-07,4960.8999
2010-04-08,4937.8999
2010-04-09,4948.1001
2010-04-12,4984.2998
2010-04-13,4951.6001
2010-04-14,4994.7002
2010-04-15,5001.8999
2010-04-16,4984.7002
2010-04-19,4915.1001
2010-04-20,4925.7998
2010-04-21,4954.2998
2010-04-22,4907.3999
2010-04-23,4881.5
2010-04-27,4880.0
2010-04-28,4822.7998
2010-04-29,4785.6001
2010-04-30,4807.3999
2010-05-03,4785.5
2010-05-04,4737.1001
2010-05-05,4674.0
2010-05-06,4573.2002
2010-05-07,4480.7002
2010-05-10,4599.7998
2010-05-11,4548.0
2010-05-12,4573.0
2010-05-13,4652.7998
2010-05-14,4611.1001
2010-05-17,4467.2002
2010-05-18,4470.7002
2010-05-19,4387.1001
2010-05-20,4316.5
2010-05-21,4305.3999
2010-05-24,4395.3999
2010-05-25,4265.2998
2010-05-26,4307.2002
2010-05-27,4379.2002
2010-05-28,4457.5
2010-05-31,4429.7002
2010-06-01,4413.1001
2010-06-02,4381.0
2010-06-03,4486.0
2010-06-04,4449.3999
2010-06-07,4325.8999
2010-06-08,4381.2002
2010-06-09,4385.2998
2010-06-10,4435.2998
2010-06-11,4505.5
2010-06-15,4505.0
2010-06-17,4527.2998
2010-06-18,4551.8999
2010-06-21,4612.6001
2010-06-22,4558.2998
2010-06-23,4486.1001
2010-06-24,4479.7002
2010-06-25,4413.0
2010-06-28,4384.5
2010-06-29,4345.7002
2010-06-30,4301.5
2010-07-01,4237.5
2010-07-02,4238.7002
2010-07-05,4222.1001
2010-07-06,4276.1001
2010-07-07,4254.6001
2010-07-08,4356.8999
2010-07-09,4396.2998
2010-07-12,4409.8999
2010-07-13,4380.2998
2010-07-14,4462.3999
2010-07-15,4442.6001
2010-07-16,4422.7002
2010-07-19,4358.2998
2010-07-20,4403.6001
2010-07-21,4412.7002
2010-07-22,4374.7002
2010-07-23,4458.3999
2010-07-26,4486.1001
2010-07-27,4497.3999
2010-07-28,4529.8999
2010-07-29,4524.1001
2010-07-30,4493.5
2010-08-02,4541.6001
2010-08-03,4571.6001
2010-08-04,4542.1001
2010-08-05,4566.5
2010-08-06,4566.1001
2010-08-09,4594.8999
2010-08-10,4540.7002
2010-08-11,4455.5
2010-08-12,4400.8999
2010-08-13,4459.6001
2010-08-16,4438.5
2010-08-17,4477.0
2010-08-18,4474.8999
2010-08-19,4479.0
2010-08-20,4430.8999
2010-08-23,4429.0
2010-08-24,4381.2998
2010-08-25,4320.1001
2010-08-26,4356.0
2010-08-27,4370.1001
2010-08-30,4452.7002
2010-08-31,4404.2002
2010-09-01,4495.7002
2010-09-02,4532.7002
2010-09-03,4541.2002
2010-09-06,4575.5
2010-09-07,4573.2002
2010-09-08,4537.2002
2010-09-09,4582.2002
2010-09-10,4560.2998
2010-09-13,4614.8999
2010-09-14,4626.5
2010-09-15,4661.5
2010-09-16,4605.2998
2010-09-17,4638.8999
2010-09-20,4631.2998
2010-09-21,4617.5
2010-09-22,4625.2002
2010-09-23,4633.6001
2010-09-24,4601.8999
2010-09-27,4675.3999
2010-09-28,4669.7998
2010-09-29,4645.0
2010-09-30,4582.8999
2010-10-01,4579.2002
2010-10-03,4625.2998
2010-10-04,4606.8999
2010-10-05,4686.7998
2010-10-06,4691.2998
2010-10-07,4681.3999
2010-10-10,4697.5
2010-10-11,4618.2002
2010-10-12,4619.8999
2010-10-13,4699.1001
2010-10-14,4689.0
2010-10-17,4651.8999
2010-10-18,4655.7002
2010-10-19,4624.8999
2010-10-20,4622.8999
2010-10-21,4648.2002
2010-10-24,4710.0
2010-10-25,4687.7998
2010-10-26,4648.1001
2010-10-27,4684.8999
2010-10-28,4661.6001
2010-10-31,4698.5
2010-11-01,4701.3999
2010-11-02,4722.6001
2010-11-03,4745.2998
2010-11-04,4800.6001
2010-11-07,4778.3999
2010-11-08,4740.7002
2010-11-09,4699.7998
2010-11-10,4728.6001
2010-11-11,4692.7002
2010-11-14,4688.0
2010-11-15,4700.2998
2010-11-16,4624.2998
2010-11-17,4640.2002
2010-11-18,4629.2002
2010-11-21,4643.5
2010-11-22,4589.1001
2010-11-23,4584.6001
2010-11-24,4593.3999
2010-11-25,4598.2998
2010-11-28,4618.5
2010-11-29,4584.3999
2010-11-30,4586.6001
2010-12-01,4676.2002
2010-12-02,4694.2002
2010-12-05,4688.6001
2010-12-06,4726.7998
2010-12-07,4699.8999
2010-12-08,4741.2998
2010-12-09,4745.8999
2010-12-12,4757.1001
2010-12-13,4766.8999
2010-12-14,4767.7998
2010-12-15,4784.0
2010-12-16,4763.1001
2010-12-19,4736.6001
2010-12-20,4771.8999
2010-12-21,4778.3999
2010-12-22,4799.0
2010-12-23,4777.2998
2010-12-28,4775.2002
2010-12-29,4790.3999
2010-12-30,4745.2002
2011-01-03,4742.5
2011-01-04,4714.8999
2011-01-05,4725.0
2011-01-06,4705.0
2011-01-09,4712.2998
2011-01-10,4710.7002
2011-01-11,4724.2002
2011-01-12,4795.2002
2011-01-13,4801.5
2011-01-16,4763.1001
2011-01-17,4801.7998
2011-01-18,4834.6001
2011-01-19,4783.7002
2011-01-20,4755.7002
2011-01-23,4786.0
2011-01-24,4807.7998
2011-01-26,4806.1001
2011-01-27,4774.8999
2011-01-30,4753.8999
2011-01-31,4752.1001
2011-02-01,4796.5
2011-02-02,4820.6001
2011-02-03,4862.7002
2011-02-06,4868.5
2011-02-07,4890.3999
2011-02-08,4904.7998
2011-02-09,4914.3999
2011-02-10,4880.8999
2011-02-13,4935.7998
2011-02-14,4931.0
2011-02-15,4930.2002
2011-02-16,4938.3999
2011-02-17,4936.7002
2011-02-20,4900.0
2011-02-21,4856.7002
2011-02-22,4845.8999
2011-02-23,4809.2998
2011-02-24,4836.5
2011-02-27,4831.7002
2011-02-28,4826.3999
2011-03-01,4803.2002
2011-03-02,4806.3999
2011-03-03,4864.2998
2011-03-06,4797.8999
2011-03-07,4808.2002
2011-03-08,4767.7998
2011-03-09,4699.7002
2011-03-10,4644.7998
2011-03-14,4528.7002
2011-03-15,4558.2002
2011-03-16,4555.2998
2011-03-17,4626.3999
2011-03-20,4642.7998
2011-03-21,4643.3999
2011-03-22,4652.3999
2011-03-23,4699.6001
2011-03-24,4742.6001
2011-03-27,4733.6001
2011-03-28,4755.7998
2011-03-29,4822.2002
2011-03-30,4837.8999
2011-03-31,4861.7998
2011-04-04,4886.7998
2011-04-05,4900.1001
2011-04-06,4912.8999
2011-04-07,4908.1001
2011-04-08,4940.6001
2011-04-11,4971.2002
2011-04-12,4898.7002
2011-04-13,4911.0
2011-04-14,4884.2002
2011-04-15,4852.1001
2011-04-18,4861.8999
2011-04-19,4793.2998
2011-04-20,4859.0
2011-04-21,4913.7998
2011-04-27,4872.8999
2011-04-28,4873.0
2011-04-29,4823.2002
2011-05-02,4825.2998
2011-05-03,4784.6001
2011-05-04,4740.1001
2011-05-05,4753.7002
2011-05-06,4743.0
2011-05-09,4756.7998
2011-05-10,4725.7998
2011-05-11,4780.2002
2011-05-12,4696.1001
2011-05-13,4711.3999
2011-05-16,4650.0
2011-05-17,4683.8999
2011-05-18,4693.7002
2011-05-19,4756.3999
2011-05-20,4732.2002
2011-05-23,4643.0
2011-05-24,4628.7998
2011-05-25,4584.7002
2011-05-26,4660.2002
2011-05-27,4684.0
2011-05-30,4667.5
2011-05-31,4708.2998
2011-06-01,4707.2998
2011-06-02,4600.3999
2011-06-03,4583.1001
2011-06-06,4569.1001
2011-06-07,4566.2998
2011-06-08,4536.7998
2011-06-09,4549.6001
2011-06-10,4562.1001
2011-06-14,4585.0
2011-06-15,4566.7998
2011-06-16,4479.2002
2011-06-17,4484.8999
2011-06-20,4451.7002
2011-06-21,4508.2002
2011-06-22,4532.6001
2011-06-23,4500.5
2011-06-24,4508.1001
2011-06-27,4461.7998
2011-06-28,4474.2998
2011-06-29,4529.5
2011-06-30,4608.0
2011-07-01,4591.2002
2011-07-04,4610.7002
2011-07-05,4598.1001
2011-07-06,4605.0
2011-07-07,4605.5
2011-07-08,4654.7002
2011-07-11,4582.2998
2011-07-12,4495.3999
2011-07-13,4514.7998
2011-07-14,4490.7002
2011-07-15,4473.5
2011-07-18,4472.0
2011-07-19,4468.1001
2011-07-20,4549.7002
2011-07-21,4556.0
2011-07-22,4602.8999
2011-07-25,4530.3999
2011-07-26,4573.2998
2011-07-27,4537.3999
2011-07-28,4463.7998
2011-07-29,4424.6001
2011-08-02,4433.6001
2011-08-03,4332.7998
2011-08-04,4276.5
2011-08-05,4105.3999
2011-08-08,3986.1001
2011-08-09,4034.8
2011-08-10,4141.2998
2011-08-11,4140.7998
2011-08-12,4172.6001
2011-08-15,4282.8999
2011-08-16,4247.2998
2011-08-17,4303.8999
2011-08-18,4251.2002
2011-08-19,4101.8999
2011-08-22,4082.3
2011-08-23,4173.3999
2011-08-24,4167.6001
2011-08-25,4212.7998
2011-08-26,4200.0
2011-08-29,4263.2998
2011-08-30,4269.2002
2011-08-31,4296.5
2011-09-01,4307.5
2011-09-02,4242.8999
2011-09-05,4141.8999
2011-09-06,4075.5
2011-09-07,4183.3999
2011-09-08,4188.0
2011-09-09,4194.7002
2011-09-12,4038.5
2011-09-13,4072.7
2011-09-14,4005.8
2011-09-15,4071.7
2011-09-16,4149.3999
2011-09-19,4081.5
2011-09-20,4040.2
2011-09-21,4071.8
2011-09-22,3964.8999
2011-09-23,3903.2
2011-09-26,3863.8999
2011-09-27,4004.6001
2011-09-28,4039.5
2011-09-29,4008.3
2011-09-30,4008.6001
2011-10-03,3872.1001
2011-10-04,3926.5
2011-10-05,4069.8999
2011-10-06,4162.8999
2011-10-10,4227.6001
2011-10-11,4204.2998
2011-10-12,4244.5
2011-10-13,4205.6001
2011-10-16,4275.3999
2011-10-17,4186.8999
2011-10-18,4213.7002
2011-10-19,4144.8999
2011-10-20,4141.8999
2011-10-23,4255.0
2011-10-24,4227.8999
2011-10-25,4242.5
2011-10-26,4348.2002
2011-10-27,4353.2998
2011-10-30,4298.1001
2011-11-01,4184.6001
2011-11-02,4171.7998
2011-11-03,4281.1001
2011-11-06,4273.3999
2011-11-07,4293.7998
2011-11-08,4346.1001
2011-11-09,4244.1001
2011-11-10,4296.5
2011-11-13,4304.6001
2011-11-14,4285.6001
2011-11-15,4247.3999
2011-11-16,4258.2002
2011-11-17,4177.0
2011-11-20,4163.0
2011-11-21,4133.0
2011-11-22,4051.0
2011-11-23,4044.2
2011-11-24,3984.3
2011-11-27,4058.2
2011-11-28,4102.1001
2011-11-29,4119.7998
2011-11-30,4228.6001
2011-12-01,4288.0
2011-12-04,4321.2998
2011-12-05,4262.0
2011-12-06,4292.5
2011-12-07,4280.7002
2011-12-08,4203.0
2011-12-11,4252.7998
2011-12-12,4193.3999
2011-12-13,4190.5
2011-12-14,4139.7998
2011-12-15,4159.2002
2011-12-18,4060.3999
2011-12-19,4053.1001
2011-12-20,4139.5
2011-12-21,4090.8
2011-12-22,4140.3999
2011-12-27,4088.8
2011-12-28,4071.1001
2011-12-29,4056.6001
2012-01-02,4101.2002
2012-01-03,4187.7998
2012-01-04,4142.7002
2012-01-05,4108.5
2012-01-08,4105.3999
2012-01-09,4152.2002
2012-01-10,4187.5
2012-01-11,4181.0
2012-01-12,4195.8999
2012-01-16,4215.6001
2012-01-17,4217.8999
2012-01-18,4214.7998
2012-01-19,4239.6001
2012-01-22,4225.1001
2012-01-23,4224.2002
2012-01-24,4271.2998
2012-01-26,4288.3999
2012-01-29,4272.7002
2012-01-30,4262.7002
2012-01-31,4225.7002
2012-02-01,4267.7998
2012-02-02,4251.2002
2012-02-05,4296.0
2012-02-06,4274.2002
2012-02-07,4290.7002
2012-02-08,4282.8999
2012-02-09,4245.2998
2012-02-12,4285.1001
2012-02-13,4242.7998
2012-02-14,4253.3999
2012-02-15,4181.8999
2012-02-16,4195.8999
2012-02-19,4256.1001
2012-02-20,4291.2002
2012-02-21,4293.1001
2012-02-22,4286.2002
2012-02-23,4306.7998
2012-02-26,4267.3999
2012-02-27,4262.7002
2012-02-28,4298.5
2012-02-29,4255.5
2012-03-01,4273.1001
2012-03-04,4263.0
2012-03-05,4204.7002
2012-03-06,4143.7002
2012-03-07,4171.0
2012-03-08,4212.0
2012-03-11,4196.7002
2012-03-12,4247.6001
2012-03-13,4287.2002
2012-03-14,4277.7998
2012-03-15,4276.2002
2012-03-18,4290.7998
2012-03-19,4275.0
2012-03-20,4254.2998
2012-03-21,4273.7002
2012-03-22,4270.3999
2012-03-25,4262.7998
2012-03-26,4301.2998
2012-03-27,4343.5
2012-03-28,4337.8999
2012-03-29,4335.2002
2012-04-02,4329.2998
2012-04-03,4337.0
2012-04-04,4333.8999
2012-04-05,4319.7998
2012-04-10,4292.2998
2012-04-12,4280.6001
2012-04-13,4323.2998
2012-04-16,4302.2998
2012-04-17,4288.7998
2012-04-18,4348.7002
2012-04-19,4362.7002
2012-04-20,4366.5
2012-04-23,4352.3999
2012-04-24,4360.3999
2012-04-26,4375.2002
2012-04-27,4362.1001
2012-04-30,4396.6001
2012-05-01,4429.5
2012-05-02,4435.8999
2012-05-03,4429.0
2012-05-04,4396.0
2012-05-07,4301.2998
2012-05-08,4314.3999
2012-05-09,4275.1001
2012-05-10,4295.6001
2012-05-11,4285.1001
2012-05-14,4297.0
2012-05-15,4266.2998
2012-05-16,4165.5
2012-05-17,4157.3999
2012-05-18,4046.5
2012-05-21,4073.6001
2012-05-22,4121.0
2012-05-23,4067.0
2012-05-24,4055.8
2012-05-25,4029.2
2012-05-28,4068.0
2012-05-29,4114.3999
2012-05-30,4094.2
2012-05-31,4076.3
2012-06-01,4063.8999
2012-06-04,3985.0
2012-06-05,4043.7
2012-06-06,4055.3
2012-06-07,4108.6001
2012-06-08,4063.7
2012-06-12,4072.8999
2012-06-13,4063.8
2012-06-14,4042.2
2012-06-15,4057.3
2012-06-18,4136.8999
2012-06-19,4123.2998
2012-06-20,4132.3999
2012-06-21,4087.6001
2012-06-22,4048.2
2012-06-25,4027.8
2012-06-26,4013.3
2012-06-27,4043.2
2012-06-28,4044.8
2012-06-29,4094.6001
2012-07-02,4133.0
2012-07-03,4127.2002
2012-07-04,4172.2002
2012-07-05,4169.2002
2012-07-06,4157.7998
2012-07-09,4118.2998
2012-07-10,4098.0
2012-07-11,4096.5
2012-07-12,4068.0
2012-07-13,4082.2
2012-07-16,4105.1001
2012-07-17,4140.7998
2012-07-18,4123.6001
2012-07-19,4206.7002
2012-07-20,4199.1001
2012-07-23,4128.8999
2012-07-24,4133.2002
2012-07-25,4123.8999
2012-07-26,4147.7002
2012-07-27,4209.7998
2012-07-30,4245.7002
2012-07-31,4269.2002
2012-08-01,4262.7998
2012-08-02,4269.5
2012-08-03,4221.5
2012-08-06,4272.6001
2012-08-07,4291.6001
2012-08-08,4312.6001
2012-08-09,4308.2998
2012-08-10,4277.2998
2012-08-13,4283.2998
2012-08-14,4292.2002
2012-08-15,4281.2002
2012-08-16,4330.2002
2012-08-17,4370.1001
2012-08-20,4364.2998
2012-08-21,4383.3999
2012-08-22,4376.0
2012-08-23,4383.7002
2012-08-24,4349.0
2012-08-27,4343.7002
2012-08-28,4359.3999
2012-08-29,4356.3999
2012-08-30,4315.7002
2012-08-31,4316.1001
2012-09-03,4329.7002
2012-09-04,4303.5
2012-09-05,4278.7998
2012-09-06,4312.8999
2012-09-07,4325.7998
2012-09-10,4333.7998
2012-09-11,4325.7998
2012-09-12,4361.2998
2012-09-13,4339.3999
2012-09-14,4390.0
2012-09-17,4402.5
2012-09-18,4394.7002
2012-09-19,4418.3999
2012-09-20,4397.2002
2012-09-21,4408.2998
2012-09-24,4385.5
2012-09-25,4372.8999
2012-09-26,4361.6001
2012-09-27,4384.2002
2012-09-28,4387.0
2012-10-01,4388.6001
2012-10-02,4433.0
2012-10-03,4438.6001
2012-10-04,4452.3999
2012-10-05,4494.3999
2012-10-07,4481.8999
2012-10-08,4505.2998
2012-10-09,4490.7002
2012-10-10,4483.5
2012-10-11,4486.6001
2012-10-14,4483.3999
2012-10-15,4491.5
2012-10-16,4528.2002
2012-10-17,4559.3999
2012-10-18,4571.1001
2012-10-21,4541.0
2012-10-22,4543.1001
2012-10-23,4505.7998
2012-10-24,4510.5
2012-10-25,4472.3999
2012-10-28,4476.8999
2012-10-29,4485.7002
2012-10-30,4517.0
2012-10-31,4457.6001
2012-11-01,4460.1001
2012-11-04,4474.1001
2012-11-05,4484.7998
2012-11-06,4516.5
2012-11-07,4483.7998
2012-11-08,4462.0
2012-11-11,4448.0
2012-11-12,4379.7998
2012-11-13,4388.3999
2012-11-14,4349.2998
2012-11-15,4336.7998
2012-11-18,4361.3999
2012-11-19,4385.7002
2012-11-20,4369.5
2012-11-21,4413.1001
2012-11-22,4413.0
2012-11-25,4424.2002
2012-11-26,4456.7998
2012-11-27,4447.2998
2012-11-28,4477.7002
2012-11-29,4506.0
2012-12-02,4531.5
2012-12-03,4503.6001
2012-12-04,4520.3999
2012-12-05,4509.2998
2012-12-06,4551.7998
2012-12-09,4557.8999
2012-12-10,4576.0
2012-12-11,4583.7998
2012-12-12,4582.7998
2012-12-13,4583.1001
2012-12-16,4573.3999
2012-12-17,4595.2002
2012-12-18,4617.7998
2012-12-19,4634.1001
2012-12-20,4623.6001
2012-12-23,4635.2002
2012-12-26,4648.0
2012-12-27,4671.2998
2012-12-30,4649.0
2013-01-01,4705.8999
2013-01-02,4740.7002
2013-01-03,4723.7998
2013-01-06,4717.2998
2013-01-07,4690.2998
2013-01-08,4708.1001
2013-01-09,4723.0
2013-01-10,4709.5
2013-01-13,4719.7002
2013-01-14,4716.6001
2013-01-15,4738.3999
2013-01-16,4756.6001
2013-01-17,4771.2002
2013-01-20,4777.5
2013-01-21,4779.1001
2013-01-22,4787.7998
2013-01-23,4810.2002
2013-01-24,4835.2002
2013-01-28,4889.0
2013-01-29,4896.7002
2013-01-30,4878.7998
2013-01-31,4921.1001
2013-02-03,4907.5
2013-02-04,4882.7002
2013-02-05,4921.0
2013-02-06,4935.7002
2013-02-07,4971.2998
2013-02-10,4959.5
2013-02-11,4959.0
2013-02-12,5003.7002
2013-02-13,5036.8999
2013-02-14,5033.8999
2013-02-17,5063.3999
2013-02-18,5081.8999
2013-02-19,5098.7002
2013-02-20,4980.1001
2013-02-21,5018.1001
2013-02-24,5055.7998
2013-02-25,5003.6001
2013-02-26,5036.6001
2013-02-27,5104.1001
2013-02-28,5086.1001
2013-03-03,5010.5
2013-03-04,5075.3999
2013-03-05,5116.7998
2013-03-06,5109.2002
2013-03-07,5123.3999
2013-03-10,5146.8999
2013-03-11,5117.8999
2013-03-12,5092.3999
2013-03-13,5032.2002
2013-03-14,5120.2002
2013-03-17,5015.3999
2013-03-18,4987.3999
2013-03-19,4967.3999
2013-03-20,4959.3999
2013-03-21,4967.2998
2013-03-24,4990.2002
2013-03-25,4950.2002
2013-03-26,4995.0
2013-03-27,4966.5
2013-04-01,4985.5
2013-04-02,4957.7002
2013-04-03,4913.5
2013-04-04,4891.3999
2013-04-08,4905.5
2013-04-09,4976.7998
2013-04-10,4968.0
2013-04-11,5007.1001
2013-04-12,5013.5
2013-04-15,4967.8999
2013-04-16,4950.7998
2013-04-17,5004.6001
2013-04-18,4924.3999
2013-04-19,4931.8999
2013-04-22,4966.6001
2013-04-23,5016.2002
2013-04-24,5102.3999
2013-04-26,5097.5
2013-04-29,5125.7998
2013-04-30,5191.2002
2013-05-01,5166.2002
2013-05-02,5130.0
2013-05-03,5129.5
2013-05-06,5156.2002
2013-05-07,5143.7002
2013-05-08,5199.7998
2013-05-09,5198.3999
2013-05-10,5206.1001
2013-05-13,5210.2998
2013-05-14,5221.0
2013-05-15,5191.7002
2013-05-16,5165.7002
2013-05-17,5180.7998
2013-05-20,5209.0
2013-05-21,5180.1001
2013-05-22,5165.3999
2013-05-23,5062.3999
2013-05-24,4983.5
2013-05-27,4959.8999
2013-05-28,4970.7002
2013-05-29,4974.7002
2013-05-30,4930.7002
2013-05-31,4926.6001
2013-06-03,4888.2998
2013-06-04,4900.7998
2013-06-05,4835.2002
2013-06-06,4781.2002
2013-06-07,4737.7002
2013-06-11,4757.1001
2013-06-12,4724.5
2013-06-13,4695.7998
2013-06-14,4791.7998
2013-06-17,4825.8999
2013-06-18,4814.3999
2013-06-19,4861.3999
2013-06-20,4758.3999
2013-06-21,4738.7998
2013-06-24,4669.1001
2013-06-25,4656.0
2013-06-26,4731.7002
2013-06-27,4811.2998
2013-06-28,4802.6001
2013-07-01,4710.2998
2013-07-02,4834.0
2013-07-03,4744.1001
2013-07-04,4794.7002
2013-07-05,4841.7002
2013-07-08,4809.5
2013-07-09,4881.7002
2013-07-10,4901.3999
2013-07-11,4965.7002
2013-07-12,4973.8999
2013-07-15,4981.1001
2013-07-16,4986.0
2013-07-17,4981.7002
2013-07-18,4993.3999
2013-07-19,4972.1001
2013-07-22,5001.8999
2013-07-23,5017.1001
2013-07-24,5035.1001
2013-07-25,5035.6001
2013-07-26,5042.0
2013-07-29,5046.2998
2013-07-30,5047.2002
2013-07-31,5052.0
2013-08-01,5061.5
2013-08-02,5116.7998
2013-08-05,5111.2998
2013-08-06,5105.6001
2013-08-07,5011.2998
2013-08-08,5064.7998
2013-08-09,5055.2002
2013-08-12,5108.7002
2013-08-13,5157.7002
2013-08-14,5157.3999
2013-08-15,5152.3999
2013-08-16,5113.8999
2013-08-19,5112.5
2013-08-20,5078.2002
2013-08-21,5100.0
2013-08-22,5075.7002
2013-08-23,5123.3999
2013-08-26,5135.3999
2013-08-27,5141.2002
2013-08-28,5087.2002
2013-08-29,5092.3999
2013-08-30,5135.0
2013-09-02,5188.2998
2013-09-03,5196.6001
2013-09-04,5161.6001
2013-09-05,5142.5
2013-09-06,5145.0
2013-09-09,5181.5
2013-09-10,5201.2002
2013-09-11,5234.3999
2013-09-12,5242.5
2013-09-13,5219.6001
2013-09-16,5248.0
2013-09-17,5251.2002
2013-09-18,5238.1001
2013-09-19,5295.6001
2013-09-20,5276.7002
2013-09-23,5252.5
2013-09-24,5234.2002
2013-09-25,5275.8999
2013-09-26,5294.5
2013-09-27,5307.1001
2013-09-30,5218.8999
2013-10-01,5206.7998
2013-10-02,5215.6001
2013-10-03,5234.8999
2013-10-04,5208.0
2013-10-06,5161.1001
2013-10-07,5149.3999
2013-10-08,5153.0
2013-10-09,5147.1001
2013-10-10,5230.8999
2013-10-13,5207.8999
2013-10-14,5259.1001
2013-10-15,5262.8999
2013-10-16,5283.1001
2013-10-17,5321.5
2013-10-20,5351.7998
2013-10-21,5373.1001
2013-10-22,5356.1001
2013-10-23,5372.8999
2013-10-24,5386.2998
2013-10-27,5441.3999
2013-10-28,5415.5
2013-10-29,5430.8999
2013-10-30,5425.5
2013-10-31,5411.1001
2013-11-03,5390.5
2013-11-04,5432.0
2013-11-05,5433.7998
2013-11-06,5422.0
2013-11-07,5400.7002
2013-11-10,5387.1001
2013-11-11,5393.1001
2013-11-12,5319.2002
2013-11-13,5355.3999
2013-11-14,5401.7002
2013-11-17,5384.7002
2013-11-18,5352.8999
2013-11-19,5307.7002
2013-11-20,5288.2998
2013-11-21,5335.8999
2013-11-24,5352.7998
2013-11-25,5357.0
2013-11-26,5332.8999
2013-11-27,5334.2998
2013-11-28,5320.1001
2013-12-01,5279.5
2013-12-02,5256.1001
2013-12-03,5273.7998
2013-12-04,5198.0
2013-12-05,5186.0
2013-12-08,5144.3999
2013-12-09,5143.6001
2013-12-10,5104.2998
2013-12-11,5062.5
2013-12-12,5098.3999
2013-12-15,5089.6001
2013-12-16,5103.2002
2013-12-17,5096.1001
2013-12-18,5202.2002
2013-12-19,5265.2002
2013-12-22,5291.8999
2013-12-23,5327.2002
2013-12-26,5324.1001
2013-12-29,5356.7998
2013-12-30,5352.2002
2014-01-01,5367.8999
2014-01-02,5350.1001
2014-01-05,5324.8999
2014-01-06,5317.0
2014-01-07,5316.0
2014-01-08,5324.3999
2014-01-09,5312.3999
2014-01-12,5292.1001
2014-01-13,5212.0
2014-01-14,5245.3999
2014-01-15,5309.1001
2014-01-16,5305.8999
2014-01-19,5295.0
2014-01-20,5331.5
2014-01-21,5319.7998
2014-01-22,5263.0
2014-01-23,5240.8999
2014-01-27,5175.1001
2014-01-28,5229.0
2014-01-29,5188.1001
2014-01-30,5190.0
2014-02-02,5187.8999
2014-02-03,5097.1001
2014-02-04,5070.2998
2014-02-05,5131.3999
2014-02-06,5166.5
2014-02-09,5222.1001
2014-02-10,5254.5
2014-02-11,5310.1001
2014-02-12,5308.1001
2014-02-13,5356.2998
2014-02-17,5392.7998
2014-02-18,5408.2002
2014-02-19,5412.2998
2014-02-20,5438.7002
2014-02-23,5440.2002
2014-02-24,5433.7998
2014-02-25,5437.0
2014-02-26,5411.3999
2014-02-27,5404.7998
2014-03-02,5384.2998
2014-03-03,5400.2002
2014-03-04,5446.2002
2014-03-05,5445.8999
2014-03-06,5462.2998
2014-03-09,5411.5
2014-03-10,5413.7998
2014-03-11,5384.2002
2014-03-12,5412.6001
2014-03-13,5329.3999
2014-03-16,5317.6001
2014-03-17,5344.6001
2014-03-18,5355.6001
2014-03-19,5294.0
2014-03-20,5338.1001
2014-03-23,5346.8999
2014-03-24,5336.6001
2014-03-25,5376.7998
2014-03-26,5350.1001
2014-03-27,5366.8999
2014-03-30,5394.7998
2014-03-31,5389.2002
2014-04-01,5403.2998
2014-04-02,5409.8999
2014-04-03,5422.7998
2014-04-07,5413.7002
2014-04-08,5410.6001
2014-04-09,5463.7998
2014-04-10,5480.7998
2014-04-11,5428.6001
2014-04-14,5358.8999
2014-04-15,5388.2002
2014-04-16,5420.2998
2014-04-17,5454.2002
2014-04-22,5479.2998
2014-04-23,5517.7998
2014-04-24,5531.0
2014-04-28,5536.1001
2014-04-29,5486.6001
2014-04-30,5489.1001
2014-05-01,5448.7998
2014-05-02,5458.1001
2014-05-05,5462.2002
2014-05-06,5481.3999
2014-05-07,5435.7998
2014-05-08,5476.7998
2014-05-09,5460.7998
2014-05-12,5448.3999
2014-05-13,5498.2002
2014-05-14,5496.5
2014-05-15,5510.7998
2014-05-16,5479.0
2014-05-19,5409.0
2014-05-20,5420.3999
2014-05-21,5424.6001
2014-05-22,5479.8999
2014-05-23,5492.7998
2014-05-26,5512.7998
2014-05-27,5511.7002
2014-05-28,5527.2002
2014-05-29,5519.5
2014-05-30,5492.5
2014-06-02,5518.5
2014-06-03,5479.7002
2014-06-04,5444.7998
2014-06-05,5436.8999
2014-06-06,5464.0
2014-06-10,5469.7002
2014-06-11,5454.0
2014-06-12,5428.7998
2014-06-13,5405.1001
2014-06-16,5412.2998
2014-06-17,5400.7002
2014-06-18,5382.7002
2014-06-19,5468.2002
2014-06-20,5419.5
2014-06-23,5453.2998
2014-06-24,5432.7998
2014-06-25,5402.0
2014-06-26,5464.2998
2014-06-27,5445.1001
2014-06-30,5395.7002
2014-07-01,5375.8999
2014-07-02,5455.3999
2014-07-03,5491.2002
2014-07-04,5525.0
2014-07-07,5518.8999
2014-07-08,5510.8999
2014-07-09,5452.5
2014-07-10,5464.3999
2014-07-11,5486.7998
2014-07-14,5511.3999
2014-07-15,5511.2998
2014-07-16,5518.8999
2014-07-17,5522.3999
2014-07-18,5531.7002
2014-07-21,5539.8999
2014-07-22,5543.2998
2014-07-23,5576.7002
2014-07-24,5587.7998
2014-07-25,5583.5
2014-07-28,5577.3999
2014-07-29,5588.3999
2014-07-30,5622.8999
2014-07-31,5632.8999
2014-08-01,5556.3999
2014-08-04,5540.8999
2014-08-05,5518.6001
2014-08-06,5512.0
2014-08-07,5509.0
2014-08-08,5435.2998
2014-08-11,5457.0
2014-08-12,5530.2998
2014-08-13,5514.7002
2014-08-14,5548.5
2014-08-15,5566.5
2014-08-18,5587.1001
2014-08-19,5623.7998
2014-08-20,5634.6001
2014-08-21,5638.8999
2014-08-22,5645.6001
2014-08-25,5634.8999
2014-08-26,5637.6001
2014-08-27,5651.2002
2014-08-28,5624.3999
2014-08-29,5625.8999
2014-09-01,5629.7998
2014-09-02,5658.5
2014-09-03,5656.1001
2014-09-04,5631.2998
2014-09-05,5598.7002
2014-09-08,5577.0
2014-09-09,5607.8999
2014-09-10,5574.2998
2014-09-11,5546.1001
2014-09-12,5531.1001
2014-09-15,5473.5
2014-09-16,5445.3999
2014-09-17,5407.2998
2014-09-18,5415.7998
2014-09-19,5433.1001
2014-09-22,5363.0
2014-09-23,5415.7002
2014-09-24,5375.7998
2014-09-25,5382.2002
2014-09-26,5313.3999
2014-09-29,5264.2002
2014-09-30,5292.7998
2014-10-01,5334.1001
2014-10-02,5297.7002
2014-10-03,5318.2002
2014-10-05,5292.8999
2014-10-06,5284.2002
2014-10-07,5241.2998
2014-10-08,5296.7002
2014-10-09,5188.2998
2014-10-12,5155.5
2014-10-13,5207.3999
2014-10-14,5245.6001
2014-10-15,5254.8999
2014-10-16,5271.7002
2014-10-19,5319.3999
2014-10-20,5325.0
2014-10-21,5385.8999
2014-10-22,5383.1001
2014-10-23,5412.2002
2014-10-26,5459.0
2014-10-27,5452.6001
2014-10-28,5447.7002
2014-10-29,5476.2002
2014-10-30,5526.6001
2014-11-02,5506.8999
2014-11-03,5519.8999
2014-11-04,5517.8999
2014-11-05,5506.1001
2014-11-06,5549.1001
2014-11-09,5524.0
2014-11-10,5517.1001
2014-11-11,5463.1001
2014-11-12,5442.7002
2014-11-13,5454.2998
2014-11-16,5412.5
2014-11-17,5399.7002
2014-11-18,5368.7998
2014-11-19,5316.2002
2014-11-20,5304.2998
2014-11-23,5361.7998
2014-11-24,5334.7998
2014-11-25,5396.2002
2014-11-26,5332.3999
2014-11-27,5313.0
2014-11-30,5207.7002
2014-12-01,5281.2998
2014-12-02,5321.7998
2014-12-03,5368.7998
2014-12-04,5335.2998
2014-12-07,5338.6001
2014-12-08,5282.7002
2014-12-09,5259.0
2014-12-10,5231.0
2014-12-11,5219.6001
2014-12-14,5186.1001
2014-12-15,5152.2998
2014-12-16,5161.8999
2014-12-17,5210.7998
2014-12-18,5338.6001
2014-12-21,5442.0
2014-12-22,5380.8999
2014-12-23,5394.5
2014-12-28,5473.7998
2014-12-29,5416.6001
2014-12-30,5411.0
2015-01-01,5435.8999
2015-01-04,5450.2998
2015-01-05,5364.7998
2015-01-06,5353.6001
2015-01-07,5381.5
2015-01-08,5465.6001
2015-01-11,5422.7002
2015-01-12,5404.7002
2015-01-13,5353.6001
2015-01-14,5331.3999
2015-01-15,5299.2002
2015-01-18,5309.1001
2015-01-19,5307.7002
2015-01-20,5393.3999
2015-01-21,5419.8999
2015-01-22,5501.7998
2015-01-26,5547.2002
2015-01-27,5552.7998
2015-01-28,5569.5
2015-01-29,5588.2998
2015-02-01,5625.2998
2015-02-02,5707.3999
2015-02-03,5777.2998
2015-02-04,5811.0
2015-02-05,5820.2002
2015-02-08,5814.8999
2015-02-09,5800.6001
2015-02-10,5769.1001
2015-02-11,5743.6001
2015-02-12,5877.5
2015-02-15,5888.7002
2015-02-16,5858.2002
2015-02-17,5915.7002
2015-02-18,5904.2002
2015-02-19,5881.5
2015-02-22,5908.0
2015-02-23,5927.0
2015-02-24,5944.8999
2015-02-25,5908.5
2015-02-26,5928.7998
2015-03-01,5958.8999
2015-03-02,5933.8999
2015-03-03,5901.6001
2015-03-04,5904.2002
2015-03-05,5898.8999
2015-03-08,5821.2998
2015-03-09,5824.2002
2015-03-10,5793.2002
2015-03-11,5850.2002
2015-03-12,5814.5
2015-03-15,5797.7002
2015-03-16,5842.1001
2015-03-17,5842.2998
2015-03-18,5950.7998
2015-03-19,5975.5
2015-03-22,5956.1001
2015-03-23,5969.1001
2015-03-24,5973.2998
2015-03-25,5879.1001
2015-03-26,5919.8999
2015-03-29,5846.1001
2015-03-30,5891.5
2015-03-31,5860.7998
2015-04-01,5898.6001
2015-04-07,5926.0
2015-04-08,5960.7002
2015-04-09,5932.2002
2015-04-10,5968.3999
2015-04-13,5960.2998
2015-04-14,5946.6001
2015-04-15,5908.3999
2015-04-16,5947.5
2015-04-17,5877.8999
2015-04-20,5833.1001
2015-04-21,5872.2998
2015-04-22,5837.5
2015-04-23,5844.7998
2015-04-24,5933.2998
2015-04-27,5982.7002
2015-04-28,5948.5
2015-04-29,5838.6001
2015-04-30,5790.0
2015-05-01,5814.3999
2015-05-04,5827.5
2015-05-05,5826.5
2015-05-06,5692.2002
2015-05-07,5645.7002
2015-05-08,5634.6001
2015-05-11,5625.2002
2015-05-12,5674.7002
2015-05-13,5715.1001
2015-05-14,5696.6001
2015-05-15,5735.5
2015-05-18,5659.2002
2015-05-19,5615.5
2015-05-20,5610.2998
2015-05-21,5662.2998
2015-05-22,5664.7002
2015-05-25,5721.5
2015-05-26,5773.3999
2015-05-27,5725.2998
2015-05-28,5713.1001
2015-05-29,5777.2002
2015-06-01,5735.3999
2015-06-02,5636.0
2015-06-03,5583.6001
2015-06-04,5504.2998
2015-06-05,5498.5
2015-06-09,5471.2998
2015-06-10,5478.6001
2015-06-11,5556.7002
2015-06-12,5545.2998
2015-06-15,5538.7998
2015-06-16,5535.7998
2015-06-17,5595.3999
2015-06-18,5524.8999
2015-06-19,5597.0
2015-06-22,5610.2002
2015-06-23,5684.2998
2015-06-24,5686.7998
2015-06-25,5632.7002
2015-06-26,5545.8999
2015-06-29,5422.5
2015-06-30,5459.0
2015-07-01,5515.7002
2015-07-02,5599.7998
2015-07-03,5538.2998
2015-07-06,5475.0
2015-07-07,5581.3999
2015-07-08,5469.5
2015-07-09,5471.0
2015-07-10,5492.0
2015-07-13,5473.2002
2015-07-14,5577.3999
2015-07-15,5636.2002
2015-07-16,5669.6001
2015-07-17,5670.1001
2015-07-20,5686.8999
2015-07-21,5706.7002
2015-07-22,5614.6001
2015-07-23,5590.2998
2015-07-24,5566.1001
2015-07-27,5589.8999
2015-07-28,5584.7002
2015-07-29,5624.2002
2015-07-30,5669.5
2015-07-31,5699.2002
2015-08-03,5679.2998
2015-08-04,5697.8999
2015-08-05,5674.0
2015-08-06,5610.1001
2015-08-07,5474.7998
2015-08-10,5509.2002
2015-08-11,5473.2002
2015-08-12,5382.1001
2015-08-13,5387.8999
2015-08-14,5356.5
2015-08-17,5367.7002
2015-08-18,5303.1001
2015-08-19,5380.2002
2015-08-20,5288.6001
2015-08-21,5214.6001
2015-08-24,5001.2998
2015-08-25,5137.2998
2015-08-26,5172.7998
2015-08-27,5233.2998
2015-08-28,5263.6001
2015-08-31,5207.0
2015-09-01,5096.3999
2015-09-02,5101.5
2015-09-03,5027.7998
2015-09-04,5040.6001
2015-09-07,5030.3999
2015-09-08,5115.2002
2015-09-09,5221.1001
2015-09-10,5095.0
2015-09-11,5071.1001
2015-09-14,5096.5
2015-09-15,5018.3999
2015-09-16,5098.8999
2015-09-17,5146.7998
2015-09-18,5170.5
2015-09-21,5066.2002
2015-09-22,5103.6001
2015-09-23,4998.1001
2015-09-24,5071.7002
2015-09-25,5042.1001
2015-09-28,5113.5
2015-09-29,4918.3999
2015-09-30,5021.6001
2015-10-01,5112.1001
2015-10-02,5052.0
2015-10-04,5150.5
2015-10-05,5167.3999
2015-10-06,5197.8999
2015-10-07,5210.3999
2015-10-08,5279.7002
2015-10-11,5232.8999
2015-10-12,5202.8999
2015-10-13,5197.2998
2015-10-14,5230.0
2015-10-15,5268.2002
2015-10-18,5269.7002
2015-10-19,5235.6001
2015-10-20,5248.2998
2015-10-21,5263.7998
2015-10-22,5351.6001
2015-10-25,5348.0
2015-10-26,5346.2002
2015-10-27,5335.2002
2015-10-28,5266.8999
2015-10-29,5239.3999
2015-11-01,5165.7998
2015-11-02,5239.2002
2015-11-03,5242.2998
2015-11-04,5193.0
2015-11-05,5215.0
2015-11-08,5119.5
2015-11-09,5099.2002
2015-11-10,5122.6001
2015-11-11,5125.7002
2015-11-12,5051.2998
2015-11-15,5003.7998
2015-11-16,5118.2002
2015-11-17,5133.1001
2015-11-18,5242.6001
2015-11-19,5256.1001
2015-11-22,5276.3999
2015-11-23,5226.3999
2015-11-24,5193.7002
2015-11-25,5210.7002
2015-11-26,5202.6001
2015-11-29,5166.5
2015-11-30,5266.1001
2015-12-01,5258.2998
2015-12-02,5227.7002
2015-12-03,5151.6001
2015-12-06,5155.7002
2015-12-07,5108.6001
2015-12-08,5080.5
2015-12-09,5037.7002
2015-12-10,5029.5
2015-12-13,4928.6001
2015-12-14,4909.6001
2015-12-15,5028.3999
2015-12-16,5102.0
2015-12-17,5106.7002
2015-12-20,5109.0
2015-12-21,5116.7002
2015-12-22,5141.7998
2015-12-23,5207.6001
2015-12-28,5267.2998
2015-12-29,5319.8999
2015-12-30,5295.8999
2016-01-03,5270.5
2016-01-04,5184.3999
2016-01-05,5123.1001
2016-01-06,5010.2998
2016-01-07,4990.7998
2016-01-10,4932.2002
2016-01-11,4925.1001
2016-01-12,4987.3999
2016-01-13,4909.3999
2016-01-14,4892.7998
2016-01-17,4858.7002
2016-01-18,4903.1001
2016-01-19,4841.5
2016-01-20,4864.0
2016-01-21,4916.0
2016-01-24,5006.6001
2016-01-26,4946.3999
2016-01-27,4976.2002
2016-01-28,5005.5
2016-01-31,5043.6001
2016-02-01,4993.2998
2016-02-02,4876.7998
2016-02-03,4980.3999
2016-02-04,4976.2002
2016-02-07,4975.3999
2016-02-08,4832.1001
2016-02-09,4775.7002
2016-02-10,4821.1001
2016-02-11,4765.2998
2016-02-14,4843.5
2016-02-15,4910.0
2016-02-16,4882.1001
2016-02-17,4992.0
2016-02-18,4952.7998
2016-02-21,5001.2002
2016-02-22,4979.6001
2016-02-23,4875.0
2016-02-24,4881.2002
2016-02-25,4880.0
2016-02-28,4880.8999
2016-02-29,4922.2998
2016-03-01,5021.2002
2016-03-02,5081.1001
2016-03-03,5090.0
2016-03-06,5142.7998
2016-03-07,5108.0
2016-03-08,5157.2002
2016-03-09,5150.1001
2016-03-10,5166.3999
2016-03-13,5185.5
2016-03-14,5111.3999
2016-03-15,5119.0
2016-03-16,5168.2002
2016-03-17,5183.1001
2016-03-20,5166.6001
2016-03-21,5166.6001
2016-03-22,5142.2998
2016-03-23,5084.2002
2016-03-28,5004.5
2016-03-29,5010.2998
2016-03-30,5082.7998
2016-03-31,4999.3999
2016-04-04,4995.2998
2016-04-05,4924.3999
2016-04-06,4945.8999
2016-04-07,4964.1001
2016-04-08,4937.6001
2016-04-11,4931.5
2016-04-12,4975.6001
2016-04-13,5054.7002
2016-04-14,5118.6001
2016-04-15,5157.5
2016-04-18,5137.1001
2016-04-19,5188.7998
2016-04-20,5216.0
2016-04-21,5272.7002
2016-04-22,5236.3999
2016-04-26,5220.6001
2016-04-27,5187.7002
2016-04-28,5225.3999
2016-04-29,5252.2002
2016-05-02,5243.0
2016-05-03,5353.7998
2016-05-04,5271.1001
2016-05-05,5279.1001
2016-05-06,5292.0
2016-05-09,5320.7002
2016-05-10,5342.7998
2016-05-11,5372.2998
2016-05-12,5359.2998
2016-05-13,5329.0
2016-05-16,5358.8999
2016-05-17,5395.8999
2016-05-18,5356.2002
2016-05-19,5323.2998
2016-05-20,5351.2998
2016-05-23,5318.8999
2016-05-24,5295.6001
2016-05-25,5372.5
2016-05-26,5388.1001
2016-05-27,5405.8999
2016-05-30,5408.0
2016-05-31,5378.6001
2016-06-01,5323.2002
2016-06-02,5278.8999
2016-06-03,5318.8999
2016-06-06,5360.3999
2016-06-07,5371.0
2016-06-08,5370.0
2016-06-09,5361.8999
2016-06-10,5312.6001
2016-06-14,5203.2998
2016-06-15,5147.1001
2016-06-16,5146.0
2016-06-17,5162.7002
2016-06-20,5256.7998
2016-06-21,5274.3999
2016-06-22,5270.8999
2016-06-23,5280.7002
2016-06-24,5113.2002
2016-06-27,5137.2002
2016-06-28,5103.2998
2016-06-29,5142.3999
2016-06-30,5233.3999
2016-07-01,5246.6001
2016-07-04,5281.7998
2016-07-05,5228.0
2016-07-06,5197.5
2016-07-07,5227.8999
2016-07-08,5230.5
2016-07-11,5337.1001
2016-07-12,5353.2002
2016-07-13,5388.5
2016-07-14,5411.6001
2016-07-15,5429.6001
2016-07-18,5458.5
2016-07-19,5451.2998
2016-07-20,5488.7002
2016-07-21,5512.3999
2016-07-22,5498.2002
2016-07-25,5533.6001
2016-07-26,5537.5
2016-07-27,5539.7002
2016-07-28,5556.6001
2016-07-29,5562.2998
2016-08-01,5587.3999
2016-08-02,5540.5
2016-08-03,5465.7002
2016-08-04,5475.7998
2016-08-05,5497.3999
2016-08-08,5537.7998
2016-08-09,5552.5
2016-08-10,5543.7002
2016-08-11,5508.0
2016-08-12,5530.8999
2016-08-15,5540.0
2016-08-16,5532.0
2016-08-17,5535.0
2016-08-18,5507.7998
2016-08-19,5526.7002
2016-08-22,5515.1001
2016-08-23,5553.7998
2016-08-24,5561.7002
2016-08-25,5541.8999
2016-08-26,5515.5
2016-08-29,5469.2002
2016-08-30,5478.2998
2016-08-31,5433.0
2016-09-01,5415.6001
2016-09-02,5372.7998
2016-09-05,5429.6001
2016-09-06,5413.6001
2016-09-07,5424.2002
2016-09-08,5385.7998
2016-09-09,5339.2002
2016-09-12,5219.6001
2016-09-13,5207.7998
2016-09-14,5227.7002
2016-09-15,5239.8999
2016-09-16,5296.7002
2016-09-19,5294.7998
2016-09-20,5303.6001
2016-09-21,5339.6001
2016-09-22,5374.5
2016-09-23,5431.2998
2016-09-26,5431.3999
2016-09-27,5405.8999
2016-09-28,5412.3999
2016-09-29,5471.2998
2016-09-30,5435.8999
2016-10-02,5478.5
2016-10-03,5484.0
2016-10-04,5452.8999
2016-10-05,5483.0
2016-10-06,5467.3999
2016-10-09,5475.3999
2016-10-10,5479.7998
2016-10-11,5474.6001
2016-10-12,5435.5
2016-10-13,5434.0
2016-10-16,5388.7002
2016-10-17,5410.7998
2016-10-18,5435.3999
2016-10-19,5442.1001
2016-10-20,5430.2998
2016-10-23,5408.5
2016-10-24,5442.7998
2016-10-25,5359.7998
2016-10-26,5295.5
2016-10-27,5283.7998
2016-10-30,5317.7002
2016-10-31,5290.5
2016-11-01,5229.0
2016-11-02,5225.6001
2016-11-03,5180.7998
2016-11-06,5250.7998
2016-11-07,5257.7998
2016-11-08,5156.6001
2016-11-09,5328.7998
2016-11-10,5370.7002
2016-11-13,5345.7002
2016-11-14,5326.2002
2016-11-15,5327.7002
2016-11-16,5338.5
2016-11-17,5359.3999
2016-11-20,5351.2998
2016-11-21,5413.2998
2016-11-22,5484.3999
2016-11-23,5485.1001
2016-11-24,5507.7998
2016-11-27,5464.3999
2016-11-28,5457.5
2016-11-29,5440.5
2016-11-30,5500.2002
2016-12-01,5444.0
2016-12-04,5400.3999
2016-12-05,5428.7002
2016-12-06,5478.1001
2016-12-07,5543.6001
2016-12-08,5560.6001
2016-12-11,5562.7998
2016-12-12,5545.0
2016-12-13,5584.6001
2016-12-14,5538.6001
2016-12-15,5532.8999
2016-12-18,5562.1001
2016-12-19,5591.1001
2016-12-20,5613.5
2016-12-21,5643.8999
2016-12-22,5627.8999
2016-12-27,5685.0
2016-12-28,5699.1001
2016-12-29,5665.7998
2017-01-02,5733.2002
2017-01-03,5736.3999
2017-01-04,5753.2998
2017-01-05,5755.6001
2017-01-08,5807.3999
2017-01-09,5760.7002
2017-01-10,5771.5
2017-01-11,5766.8999
2017-01-12,5721.1001
2017-01-15,5748.3999
2017-01-16,5699.3999
2017-01-17,5678.7998
2017-01-18,5692.2002
2017-01-19,5654.7998
2017-01-22,5611.0
2017-01-23,5650.1001
2017-01-24,5671.5
2017-01-26,5714.0
2017-01-29,5661.5
2017-01-30,5620.8999
2017-01-31,5653.2002
2017-02-01,5645.3999
2017-02-02,5621.6001
2017-02-05,5615.6001
2017-02-06,5621.8999
2017-02-07,5651.3999
2017-02-08,5664.6001
2017-02-09,5720.6001
2017-02-12,5760.7002
2017-02-13,5755.2002
2017-02-14,5809.1001
2017-02-15,5816.2998
2017-02-16,5805.7998
2017-02-19,5795.1001
2017-02-20,5791.0
2017-02-21,5805.1001
2017-02-22,5784.7002
2017-02-23,5739.0
2017-02-26,5724.2002
2017-02-27,5712.2002
2017-02-28,5704.7998
2017-03-01,5776.6001
2017-03-02,5729.6001
2017-03-05,5746.5
2017-03-06,5761.3999
2017-03-07,5759.7002
2017-03-08,5741.2002
2017-03-09,5775.6001
2017-03-12,5757.2998
2017-03-13,5759.1001
2017-03-14,5774.0
2017-03-15,5785.7998
2017-03-16,5799.6001
2017-03-19,5778.8999
2017-03-20,5774.6001
2017-03-21,5684.5
2017-03-22,5708.0
2017-03-23,5753.5
2017-03-26,5746.7002
2017-03-27,5821.2002
2017-03-28,5873.5
2017-03-29,5896.2002
2017-03-30,5864.8999
2017-04-03,5872.7002
2017-04-04,5856.6001
2017-04-05,5876.2002
2017-04-06,5856.2998
2017-04-07,5862.5
2017-04-10,5912.8999
2017-04-11,5929.2998
2017-04-12,5934.0
2017-04-13,5889.8999
2017-04-18,5836.7002
2017-04-19,5804.0
2017-04-20,5821.3999
2017-04-21,5854.1001
2017-04-24,5871.7998
2017-04-26,5912.0
2017-04-27,5921.5
2017-04-28,5924.1001
2017-05-01,5956.3999
2017-05-02,5950.3999
2017-05-03,5892.2998
2017-05-04,5876.3999
2017-05-05,5836.6001
2017-05-08,5870.8999
2017-05-09,5839.8999
2017-05-10,5875.3999
2017-05-11,5878.2998
2017-05-12,5836.8999
2017-05-15,5838.3999
2017-05-16,5850.5
2017-05-17,5786.0
2017-05-18,5738.2998
2017-05-19,5727.3999
2017-05-22,5771.2002
2017-05-23,5760.2002
2017-05-24,5769.0
2017-05-25,5789.6001
2017-05-26,5751.7002
2017-05-29,5707.1001
2017-05-30,5717.8999
2017-05-31,5724.6001
2017-06-01,5738.1001
2017-06-02,5788.1001
2017-06-05,5754.8999
2017-06-06,5667.5
2017-06-07,5667.2002
2017-06-08,5676.6001
2017-06-09,5677.7998
2017-06-13,5772.7998
2017-06-14,5833.8999
2017-06-15,5763.2002
2017-06-16,5774.0
2017-06-19,5805.2002
2017-06-20,5757.2998
2017-06-21,5665.7002
2017-06-22,5706.0
2017-06-23,5715.8999
2017-06-26,5720.2002
2017-06-27,5714.2002
2017-06-28,5755.7002
2017-06-29,5818.1001
2017-06-30,5721.5
2017-07-03,5684.5
2017-07-04,5783.7998
2017-07-05,5763.2998
2017-07-06,5758.7998
2017-07-07,5703.6001
2017-07-10,5724.3999
2017-07-11,5728.8999
2017-07-12,5673.7998
2017-07-13,5736.7998
2017-07-14,5765.1001
2017-07-17,5755.5
2017-07-18,5687.3999
2017-07-19,5732.1001
2017-07-20,5761.5
2017-07-21,5722.7998
2017-07-24,5688.1001
2017-07-25,5726.6001
2017-07-26,5776.6001
2017-07-27,5785.0
2017-07-28,5702.7998
2017-07-31,5720.6001
2017-08-01,5772.3999
2017-08-02,5744.2002
2017-08-03,5735.1001
2017-08-04,5720.6001
2017-08-07,5773.6001
2017-08-08,5743.7998
2017-08-09,5765.7002
2017-08-10,5760.8999
2017-08-11,5693.1001
2017-08-14,5730.3999
2017-08-15,5757.5
2017-08-16,5785.1001
2017-08-17,5779.2002
2017-08-18,5747.1001
2017-08-21,5725.8999
2017-08-22,5750.1001
2017-08-23,5737.2002
2017-08-24,5745.5
2017-08-25,5743.8999
2017-08-28,5709.8999
2017-08-29,5669.0
2017-08-30,5669.7002
2017-08-31,5714.5
2017-09-01,5724.6001
2017-09-05,5706.2002
2017-09-06,5689.7002
2017-09-07,5689.8999
2017-09-08,5672.6001
2017-09-11,5713.1001
2017-09-12,5746.3999
2017-09-13,5744.2998
2017-09-14,5738.7002
2017-09-15,5695.0
2017-09-18,5720.6001
2017-09-19,5713.6001
2017-09-20,5709.1001
2017-09-21,5655.3999
2017-09-22,5682.1001
2017-09-25,5683.7002
2017-09-26,5671.0
2017-09-27,5664.2998
2017-09-28,5670.3999
2017-09-29,5681.6001
2017-10-01,5729.2998
2017-10-02,5701.3999
2017-10-03,5652.1001
2017-10-04,5651.7998
2017-10-05,5710.7002
2017-10-08,5739.2998
2017-10-09,5738.1001
2017-10-10,5772.1001
2017-10-11,5794.5
2017-10-12,5814.2002
2017-10-15,5846.7998
2017-10-16,5889.6001
2017-10-17,5890.5
2017-10-18,5896.1001
2017-10-19,5907.0
2017-10-22,5894.0
2017-10-23,5897.6001
2017-10-24,5905.6001
2017-10-25,5916.2998
2017-10-26,5903.2002
2017-10-29,5919.1001
2017-10-30,5909.0
2017-10-31,5937.7998
2017-11-01,5931.7002
2017-11-02,5959.8999
2017-11-05,5953.7998
2017-11-06,6014.2998
2017-11-07,6016.2998
2017-11-08,6049.3999
2017-11-09,6029.3999
2017-11-12,6021.7998
2017-11-13,5966.0
2017-11-14,5934.2002
2017-11-15,5943.5
2017-11-16,5957.2998
2017-11-19,5945.7002
2017-11-20,5963.5
2017-11-21,5986.3999
2017-11-22,5960.6001
2017-11-23,5982.6001
2017-11-26,5988.7998
2017-11-27,5984.2998
2017-11-28,6011.1001
2017-11-29,5969.8999
2017-11-30,5989.7998
2017-12-03,5985.6001
2017-12-04,5971.7002
2017-12-05,5946.1001
2017-12-06,5977.7002
2017-12-07,5994.3999
2017-12-10,5998.2998
2017-12-11,6013.2002
2017-12-12,6021.7998
2017-12-13,6011.2998
2017-12-14,5997.0
2017-12-17,6038.8999
2017-12-18,6071.7998
2017-12-19,6075.6001
2017-12-20,6060.3999
2017-12-21,6069.7002
2017-12-26,6069.8999
2017-12-27,6088.1001
2017-12-28,6065.1001
2018-01-01,6061.2998
2018-01-02,6070.3999
2018-01-03,6077.1001
2018-01-04,6122.2998
2018-01-07,6130.3999
2018-01-08,6135.7998
2018-01-09,6096.7002
2018-01-10,6067.6001
2018-01-11,6070.1001
2018-01-14,6077.1001
2018-01-15,6048.6001
2018-01-16,6015.7998
2018-01-17,6014.6001
2018-01-18,6005.7998
2018-01-21,5991.8999
2018-01-22,6037.0
2018-01-23,6054.7002
2018-01-24,6050.0
2018-01-28,6075.3999
2018-01-29,6022.7998
2018-01-30,6037.7002
2018-01-31,6090.1001
2018-02-01,6121.3999
2018-02-04,6026.2002
2018-02-05,5833.2998
2018-02-06,5876.7998
2018-02-07,5890.7002
2018-02-08,5838.0
2018-02-11,5820.7002
2018-02-12,5855.8999
2018-02-13,5841.2002
2018-02-14,5909.0
2018-02-15,5904.0
2018-02-18,5941.6001
2018-02-19,5940.8999
2018-02-20,5943.7002
2018-02-21,5950.8999
2018-02-22,5999.7998
2018-02-25,6042.2002
2018-02-26,6056.8999
2018-02-27,6016.0
2018-02-28,5973.2998
2018-03-01,5928.8999
2018-03-04,5959.5
2018-03-05,5962.3999
2018-03-06,5902.0
2018-03-07,5942.8999
2018-03-08,5963.2002
2018-03-11,5996.1001
2018-03-12,5974.7002
2018-03-13,5935.2998
2018-03-14,5920.7998
2018-03-15,5949.3999
2018-03-18,5959.3999
2018-03-19,5936.3999
2018-03-20,5950.2998
2018-03-21,5937.2002
2018-03-22,5820.7002
2018-03-25,5790.5
2018-03-26,5832.2998
2018-03-27,5789.5
2018-03-28,5759.3999
2018-04-03,5751.8999
2018-04-04,5761.3999
2018-04-05,5788.7998
2018-04-06,5788.7002
2018-04-09,5808.7002
2018-04-10,5857.0
2018-04-11,5828.7002
2018-04-12,5815.5
2018-04-13,5829.1001
2018-04-16,5841.2998
2018-04-17,5841.5
2018-04-18,5861.3999
2018-04-19,5881.0
2018-04-20,5868.7998
2018-04-23,5886.0
2018-04-24,5921.6001
2018-04-26,5910.7998
2018-04-27,5953.6001
2018-04-30,5982.7002
2018-05-01,6015.2002
2018-05-02,6050.2002
2018-05-03,6098.2998
2018-05-04,6062.8999
2018-05-07,6084.5
2018-05-08,6091.8999
2018-05-09,6108.0
2018-05-10,6118.7002
2018-05-11,6116.2002
2018-05-14,6135.2998
2018-05-15,6097.7998
2018-05-16,6107.0
2018-05-17,6094.2998
2018-05-18,6087.3999
2018-05-21,6084.5
2018-05-22,6041.8999
2018-05-23,6032.5
2018-05-24,6037.1001
2018-05-25,6032.7998
2018-05-28,6004.0
2018-05-29,6013.6001
2018-05-30,5984.7002
2018-05-31,6011.8999
2018-06-01,5990.3999
2018-06-04,6025.5
2018-06-05,5994.8999
2018-06-06,6025.1001
2018-06-07,6057.2998
2018-06-08,6045.2002
2018-06-12,6054.3999
2018-06-13,6023.5
2018-06-14,6016.6001
2018-06-15,6094.0
2018-06-18,6104.1001
2018-06-19,6102.1001
2018-06-20,6172.6001
2018-06-21,6232.1001
2018-06-22,6225.2002
2018-06-25,6210.3999
2018-06-26,6197.6001
2018-06-27,6195.8999
2018-06-28,6215.3999
2018-06-29,6194.6001
2018-07-02,6177.7998
2018-07-03,6210.2002
2018-07-04,6183.3999
2018-07-05,6215.5
2018-07-06,6272.2998
2018-07-09,6286.0
2018-07-10,6258.1001
2018-07-11,6215.6001
2018-07-12,6268.2998
2018-07-13,6268.3999
2018-07-16,6241.5
2018-07-17,6203.6001
2018-07-18,6245.1001
2018-07-19,6262.7002
2018-07-20,6285.8999
2018-07-23,6227.6001
2018-07-24,6265.7998
2018-07-25,6247.6001
2018-07-26,6244.5
2018-07-27,6300.2002
2018-07-30,6278.3999
2018-07-31,6280.2002
2018-08-01,6275.7002
2018-08-02,6240.8999
2018-08-03,6234.7998
2018-08-06,6273.0
2018-08-07,6253.8999
2018-08-08,6268.5
2018-08-09,6297.7002
2018-08-10,6278.3999
2018-08-13,6252.2002
2018-08-14,6299.6001
2018-08-15,6329.0
2018-08-16,6328.2998
2018-08-17,6339.2002
2018-08-20,6345.0
2018-08-21,6284.3999
2018-08-22,6266.0
2018-08-23,6244.3999
2018-08-24,6247.2998
2018-08-27,6268.8999
2018-08-28,6304.7002
2018-08-29,6352.2002
2018-08-30,6351.7998
2018-08-31,6319.5
2018-09-03,6310.8999
2018-09-04,6293.1001
2018-09-05,6230.3999
2018-09-06,6160.3999
2018-09-07,6143.7998
2018-09-10,6141.7002
2018-09-11,6179.7002
2018-09-12,6175.8999
2018-09-13,6128.7002
2018-09-14,6165.2998
2018-09-17,6185.0
2018-09-18,6161.5
2018-09-19,6190.0
2018-09-20,6169.5
2018-09-21,6194.6001
2018-09-24,6186.8999
2018-09-25,6185.8999
2018-09-26,6192.2998
2018-09-27,6181.2002
2018-09-28,6207.6001
2018-10-01,6172.2998
2018-10-02,6126.2002
2018-10-03,6146.1001
2018-10-04,6176.2998
2018-10-05,6185.5
2018-10-07,6100.2998
2018-10-08,6041.1001
2018-10-09,6049.7998
2018-10-10,5883.7998
2018-10-11,5895.7002
2018-10-14,5837.1001
2018-10-15,5869.8999
2018-10-16,5939.1001
2018-10-17,5942.3999
2018-10-18,5939.5
2018-10-21,5904.8999
2018-10-22,5843.1001
2018-10-23,5829.0
2018-10-24,5664.1001
2018-10-25,5665.2002
2018-10-28,5728.2002
2018-10-29,5805.1001
2018-10-30,5830.2998
2018-10-31,5840.7998
2018-11-01,5849.2002
2018-11-04,5818.1001
2018-11-05,5875.2002
2018-11-06,5896.8999
2018-11-07,5928.2002
2018-11-08,5921.7998
2018-11-11,5941.2998
2018-11-12,5834.2002
2018-11-13,5732.7998
2018-11-14,5736.0
2018-11-15,5730.6001
2018-11-18,5693.7002
2018-11-19,5671.7998
2018-11-20,5642.7998
2018-11-21,5691.2998
2018-11-22,5716.2002
2018-11-25,5671.6001
2018-11-26,5728.2998
2018-11-27,5725.1001
2018-11-28,5758.3999
2018-11-29,5667.2002
2018-12-02,5771.2002
2018-12-03,5713.1001
2018-12-04,5668.3999
2018-12-05,5657.6001
2018-12-06,5681.5
2018-12-09,5552.5
2018-12-10,5575.8999
2018-12-11,5653.5
2018-12-12,5661.6001
2018-12-13,5602.0
2018-12-16,5658.2998
2018-12-17,5589.5
2018-12-18,5580.6001
2018-12-19,5505.7998
2018-12-20,5467.6001
2018-12-23,5493.7998
2018-12-26,5597.2002
2018-12-27,5654.2998
2018-12-30,5646.3999
2019-01-01,5557.7998
2019-01-02,5633.3999
2019-01-03,5619.3999
2019-01-06,5683.2002
2019-01-07,5722.3999
2019-01-08,5778.2998
2019-01-09,5795.2998
2019-01-10,5774.6001
2019-01-13,5773.3999
2019-01-14,5814.6001
2019-01-15,5835.2002
2019-01-16,5850.1001
2019-01-17,5879.6001
2019-01-20,5890.3999
2019-01-21,5858.7998
2019-01-22,5843.7002
2019-01-23,5865.7002
2019-01-24,5905.6001
2019-01-28,5874.2002
2019-01-29,5886.7002
2019-01-30,5864.7002
2019-01-31,5862.7998
2019-02-03,5891.2002
2019-02-04,6005.8999
2019-02-05,6026.1001
2019-02-06,6092.5
2019-02-07,6071.5
2019-02-10,6060.7998
2019-02-11,6079.1001
2019-02-12,6063.6001
2019-02-13,6059.3999
2019-02-14,6066.1001
2019-02-17,6089.7998
2019-02-18,6106.8999
2019-02-19,6096.5
2019-02-20,6139.2002
2019-02-21,6167.2998
2019-02-24,6186.2998
2019-02-25,6128.3999
2019-02-26,6150.2998
2019-02-27,6169.0
2019-02-28,6192.7002
2019-03-03,6217.3999
2019-03-04,6199.2998
2019-03-05,6245.6001
2019-03-06,6263.8999
2019-03-07,6203.7998
2019-03-10,6180.2002
2019-03-11,6174.7998
2019-03-12,6161.2002
2019-03-13,6179.6001
2019-03-14,6175.2002
2019-03-17,6190.5
2019-03-18,6184.7998
2019-03-19,6165.2998
2019-03-20,6167.2002
2019-03-21,6195.2002
2019-03-24,6126.2002
2019-03-25,6130.6001
2019-03-26,6136.0
2019-03-27,6176.1001
2019-03-28,6180.7002
2019-03-31,6217.0
2019-04-01,6242.3999
2019-04-02,6285.0
2019-04-03,6232.7998
2019-04-04,6181.2998
2019-04-08,6221.3999
2019-04-09,6221.7998
2019-04-10,6223.5
2019-04-11,6198.7002
2019-04-12,6251.2998
2019-04-15,6251.3999
2019-04-16,6277.3999
2019-04-17,6256.3999
2019-04-18,6259.7998
2019-04-23,6319.3999
2019-04-24,6382.1001
2019-04-26,6385.6001
2019-04-29,6359.5
2019-04-30,6325.5
2019-05-01,6375.8999
2019-05-02,6338.3999
2019-05-03,6335.7998
2019-05-06,6283.7002
2019-05-07,6295.7002
2019-05-08,6269.1001
2019-05-09,6295.2998
2019-05-10,6310.8999
2019-05-13,6297.6001
2019-05-14,6239.8999
2019-05-15,6284.2002
2019-05-16,6327.7998
2019-05-17,6365.2998
2019-05-20,6476.1001
2019-05-21,6500.1001
2019-05-22,6510.7002
2019-05-23,6491.7998
2019-05-24,6456.0
2019-05-27,6451.8999
2019-05-28,6484.7998
2019-05-29,6440.0
2019-05-30,6392.1001
2019-05-31,6396.8999
2019-06-03,6320.5
2019-06-04,6332.3999
2019-06-05,6358.5
2019-06-06,6383.0
2019-06-07,6443.8999
2019-06-11,6546.2998
2019-06-12,6543.7002
2019-06-13,6542.3999
2019-06-14,6554.0
2019-06-17,6530.8999
2019-06-18,6570.0
2019-06-19,6648.1001
2019-06-20,6687.3999
2019-06-21,6650.7998
2019-06-24,6665.3999
2019-06-25,6658.0
2019-06-26,6640.5
2019-06-27,6666.2998
2019-06-28,6618.7998
2019-07-01,6648.1001
2019-07-02,6653.2002
2019-07-03,6685.5
2019-07-04,6718.0
2019-07-05,6751.2998
2019-07-08,6672.2002
2019-07-09,6665.7002
2019-07-10,6689.7998
2019-07-11,6716.1001
2019-07-12,6696.5
2019-07-15,6653.0
2019-07-16,6641.0
2019-07-17,6673.2998
2019-07-18,6649.1001
2019-07-19,6700.2998
2019-07-22,6691.2002
2019-07-23,6724.6001
2019-07-24,6776.7002
2019-07-25,6818.0
2019-07-26,6793.3999
2019-07-29,6825.7998
2019-07-30,6845.1001
2019-07-31,6812.6001
2019-08-01,6788.8999
2019-08-02,6768.6001
2019-08-05,6640.2998
2019-08-06,6478.1001
2019-08-07,6519.5
2019-08-08,6568.1001
2019-08-09,6584.3999
2019-08-12,6590.2998
2019-08-13,6568.5
2019-08-14,6595.8999
2019-08-15,6408.1001
2019-08-16,6405.5
2019-08-19,6467.3999
2019-08-20,6545.0
2019-08-21,6483.2998
2019-08-22,6501.7998
2019-08-23,6523.1001
2019-08-26,6440.1001
2019-08-27,6471.2002
2019-08-28,6500.6001
2019-08-29,6507.3999
2019-08-30,6604.2002
2019-09-02,6579.3999
2019-09-03,6573.3999
2019-09-04,6553.0
2019-09-05,6613.2002
2019-09-06,6647.2998
2019-09-09,6648.0
2019-09-10,6614.1001
2019-09-11,6638.0
2019-09-12,6654.8999
2019-09-13,6669.2002
2019-09-16,6673.5
2019-09-17,6695.2998
2019-09-18,6681.6001
2019-09-19,6717.5
2019-09-20,6730.7998
2019-09-23,6749.7002
2019-09-24,6748.8999
2019-09-25,6710.2002
2019-09-26,6677.6001
2019-09-27,6716.1001
2019-09-30,6688.2998
2019-10-01,6742.7998
2019-10-02,6639.8999
2019-10-04,6517.1001
2019-10-06,6563.6001
2019-10-07,6593.3999
2019-10-08,6546.7002
2019-10-09,6547.1001
2019-10-10,6606.7998
2019-10-13,6642.6001
2019-10-14,6652.0
2019-10-15,6736.5
2019-10-16,6684.7002
2019-10-17,6649.7002
2019-10-20,6652.5
2019-10-21,6672.2002
2019-10-22,6673.1001
2019-10-23,6693.6001
2019-10-24,6739.2002
2019-10-27,6740.7002
2019-10-28,6745.3999
2019-10-29,6689.5
2019-10-30,6663.3999
2019-10-31,6669.1001
2019-11-03,6686.8999
2019-11-04,6697.1001
2019-11-05,6660.2002
2019-11-06,6726.6001
2019-11-07,6724.1001
2019-11-10,6772.5
2019-11-11,6753.0
2019-11-12,6698.3999
2019-11-13,6735.1001
2019-11-14,6793.7002
2019-11-17,6766.7998
2019-11-18,6814.2002
2019-11-19,6722.3999
2019-11-20,6672.8999
2019-11-21,6709.7998
2019-11-24,6731.3999
2019-11-25,6787.5
2019-11-26,6850.6001
2019-11-27,6864.0
2019-11-28,6846.0
2019-12-01,6862.2998
2019-12-02,6712.2998
2019-12-03,6606.5
2019-12-04,6683.0
2019-12-05,6707.0
2019-12-08,6730.0
2019-12-09,6706.8999
2019-12-10,6752.6001
2019-12-11,6708.7998
2019-12-12,6739.7002
2019-12-15,6849.7002
2019-12-16,6847.2998
2019-12-17,6851.3999
2019-12-18,6833.1001
2019-12-19,6816.2998
2019-12-22,6785.1001
2019-12-23,6794.2002
2019-12-26,6821.7002
2019-12-29,6804.8999
2019-12-30,6684.1001
2020-01-01,6690.6001
2020-01-02,6733.5
2020-01-05,6735.7002
2020-01-06,6826.3999
2020-01-07,6817.6001
2020-01-08,6874.2002
2020-01-09,6929.0
2020-01-12,6903.7002
2020-01-13,6962.2002
2020-01-14,6994.7998
2020-01-15,7041.7998
2020-01-16,7064.1001
2020-01-19,7079.5
2020-01-20,7066.2998
2020-01-21,7132.7002
2020-01-22,7088.0
2020-01-23,7090.5
2020-01-27,7023.5
2020-01-28,7031.5
2020-01-29,7008.3999
2020-01-30,7017.2002
2020-02-02,6923.2998
2020-02-03,6948.7002
2020-02-04,6976.1001
2020-02-05,7049.2002
2020-02-06,7022.6001
2020-02-09,7012.5
2020-02-10,7055.2998
2020-02-11,7088.2002
2020-02-12,7103.2002
2020-02-13,7130.2002
2020-02-16,7125.1001
2020-02-17,7113.7002
2020-02-18,7144.6001
2020-02-19,7162.5
2020-02-20,7139.0
2020-02-23,6978.2998
2020-02-24,6866.6001
2020-02-25,6708.1001
2020-02-26,6657.8999
2020-02-27,6441.2002
2020-03-01,6391.5
2020-03-02,6435.7002
2020-03-03,6325.3999
2020-03-04,6395.7002
2020-03-05,6216.2002
2020-03-08,5760.6001
2020-03-09,5939.6001
2020-03-10,5725.8999
2020-03-11,5304.6001
2020-03-12,5539.2998
2020-03-15,5002.0
2020-03-16,5293.3999
2020-03-17,4953.2002
2020-03-18,4782.8999
2020-03-19,4816.6001
2020-03-22,4546.0
2020-03-23,4735.7002
2020-03-24,4998.1001
2020-03-25,5113.2998
2020-03-26,4842.3999
2020-03-29,5181.3999
2020-03-30,5076.7998
2020-03-31,5258.6001
2020-04-01,5154.2998
2020-04-02,5067.5
2020-04-06,5286.7998
2020-04-07,5252.2998
2020-04-08,5206.8999
2020-04-09,5387.2998
2020-04-14,5488.1001
2020-04-15,5466.7002
2020-04-16,5416.2998
2020-04-17,5487.5
2020-04-20,5353.0
2020-04-21,5221.2998
2020-04-22,5221.2002
2020-04-23,5217.1001
2020-04-24,5242.6001
2020-04-27,5321.3999
2020-04-28,5313.1001
2020-04-29,5393.3999
2020-04-30,5522.3999
2020-05-01,5245.8999
2020-05-04,5319.7998
2020-05-05,5407.1001
2020-05-06,5384.6001
2020-05-07,5364.2002
2020-05-08,5391.1001
2020-05-11,5461.2002
2020-05-12,5403.0
2020-05-13,5421.8999
2020-05-14,5328.7002
2020-05-15,5404.7998
2020-05-18,5460.5
2020-05-19,5559.5
2020-05-20,5573.0
2020-05-21,5550.3999
2020-05-22,5497.0
2020-05-25,5615.6001
2020-05-26,5780.0
2020-05-27,5775.0
2020-05-28,5851.1001
2020-05-29,5755.7002
2020-06-01,5819.2002
2020-06-02,5835.1001
2020-06-03,5941.6001
2020-06-04,5991.7998
2020-06-05,5998.7002
2020-06-09,6144.8999
2020-06-10,6148.3999
2020-06-11,5960.6001
2020-06-12,5847.7998
2020-06-15,5719.7998
2020-06-16,5942.2998
2020-06-17,5991.7998
2020-06-18,5936.5
2020-06-19,5942.6001
2020-06-22,5944.5
2020-06-23,5954.3999
2020-06-24,5965.7002
2020-06-25,5817.7002
2020-06-26,5904.1001
2020-06-29,5815.0
2020-06-30,5897.8999
2020-07-01,5934.3999
2020-07-02,6032.7002
2020-07-03,6057.8999
2020-07-06,6014.6001
2020-07-07,6012.8999
2020-07-08,5920.2998
2020-07-09,5955.5
2020-07-10,5919.2002
2020-07-13,5977.5
2020-07-14,5941.1001
2020-07-15,6052.8999
2020-07-16,6010.8999
2020-07-17,6033.6001
2020-07-20,6001.6001
2020-07-21,6156.2998
2020-07-22,6075.1001
2020-07-23,6094.5
2020-07-24,6024.0
2020-07-27,6044.2002
2020-07-28,6020.5
2020-07-29,6006.3999
2020-07-30,6051.1001
2020-07-31,5927.7998
2020-08-03,5926.1001
2020-08-04,6037.6001
2020-08-05,6001.2998
2020-08-06,6042.2002
2020-08-07,6004.7998
2020-08-10,6110.2002
2020-08-11,6138.7002
2020-08-12,6132.0
2020-08-13,6091.0
2020-08-14,6126.2002
2020-08-17,6076.3999
2020-08-18,6123.3999
2020-08-19,6167.6001
2020-08-20,6120.0
2020-08-21,6111.2002
2020-08-24,6129.6001
2020-08-25,6161.3999
2020-08-26,6116.3999
2020-08-27,6126.2002
2020-08-28,6073.7998
2020-08-31,6060.5
2020-09-01,5953.3999
2020-09-02,6063.2002
2020-09-03,6112.6001
2020-09-04,5925.5
2020-09-07,5944.7998
2020-09-08,6007.7998
2020-09-09,5878.6001
2020-09-10,5908.5
2020-09-11,5859.3999
2020-09-14,5899.5
2020-09-15,5894.7998
2020-09-16,5956.1001
2020-09-17,5883.2002
2020-09-18,5864.5
2020-09-21,5822.6001
2020-09-22,5784.1001
2020-09-23,5923.8999
2020-09-24,5875.8999
2020-09-25,5964.8999
2020-09-28,5952.2998
2020-09-29,5952.1001
2020-09-30,5815.8999
2020-10-01,5872.8999
2020-10-02,5791.5
2020-10-04,5941.6001
2020-10-05,5962.1001
2020-10-06,6036.3999
2020-10-07,6102.0
2020-10-08,6102.2002
2020-10-11,6132.0
2020-10-12,6195.7002
2020-10-13,6179.2002
2020-10-14,6210.2998
2020-10-15,6176.7998
2020-10-18,6229.3999
2020-10-19,6184.6001
2020-10-20,6191.7998
2020-10-21,6173.7998
2020-10-22,6167.0
2020-10-25,6155.6001
2020-10-26,6051.0
2020-10-27,6057.7002
2020-10-28,5960.2998
2020-10-29,5927.6001
2020-11-01,5951.2998
2020-11-02,6066.3999
2020-11-03,6062.1001
2020-11-04,6139.6001
2020-11-05,6190.2002
2020-11-08,6298.7998
2020-11-09,6340.5
2020-11-10,6449.7002
2020-11-11,6418.2002
2020-11-12,6405.2002
2020-11-15,6484.2998
2020-11-16,6498.2002
2020-11-17,6531.1001
2020-11-18,6547.2002
2020-11-19,6539.2002
2020-11-22,6561.6001
2020-11-23,6644.1001
2020-11-24,6683.2998
2020-11-25,6636.3999
2020-11-26,6601.1001
2020-11-29,6517.7998
2020-11-30,6588.5
2020-12-01,6590.2002
2020-12-02,6615.2998
2020-12-03,6634.1001
2020-12-06,6675.0
2020-12-07,6687.7002
2020-12-08,6728.5
2020-12-09,6683.1001
2020-12-10,6642.6001
2020-12-13,6660.2002
2020-12-14,6631.2998
2020-12-15,6679.2002
2020-12-16,6756.7002
2020-12-17,6675.5
2020-12-20,6669.8999
2020-12-21,6599.6001
2020-12-22,6643.1001
2020-12-23,6664.7998
2020-12-28,6700.2998
2020-12-29,6682.3999
2020-12-30,6587.1001
2021-01-03,6684.2002
2021-01-04,6681.8999
2021-01-05,6607.1001
2021-01-06,6712.0
2021-01-07,6757.8999
2021-01-10,6697.2002
2021-01-11,6679.1001
2021-01-12,6686.6001
2021-01-13,6715.2998
2021-01-14,6715.3999
2021-01-17,6663.0
2021-01-18,6742.6001
2021-01-19,6770.3999
2021-01-20,6823.7002
2021-01-21,6800.3999
2021-01-24,6824.7002
2021-01-26,6780.6001
2021-01-27,6649.7002
2021-01-28,6607.3999
2021-01-31,6663.0
2021-02-01,6762.6001
2021-02-02,6824.6001
2021-02-03,6765.5
2021-02-04,6840.5
2021-02-07,6880.7002
2021-02-08,6821.2002
2021-02-09,6856.8999
2021-02-10,6850.1001
2021-02-11,6806.7002
2021-02-14,6868.8999
2021-02-15,6917.2998
2021-02-16,6885.2002
2021-02-17,6885.8999
2021-02-18,6793.7998
2021-02-21,6780.8999
2021-02-22,6839.2002
2021-02-23,6777.7998
2021-02-24,6834.0
2021-02-25,6673.2998
2021-02-28,6789.6001
2021-03-01,6762.2998
2021-03-02,6818.0
2021-03-03,6760.7002
2021-03-04,6710.7998
2021-03-07,6739.6001
2021-03-08,6771.2002
2021-03-09,6714.1001
2021-03-10,6713.8999
2021-03-11,6766.7998
2021-03-14,6773.0
2021-03-15,6827.1001
2021-03-16,6795.2002
2021-03-17,6745.8999
2021-03-18,6708.2002
2021-03-21,6752.5
2021-03-22,6745.3999
2021-03-23,6778.7998
2021-03-24,6790.6001
2021-03-25,6824.2002
2021-03-28,6799.5
2021-03-29,6738.3999
2021-03-30,6790.7002
2021-03-31,6828.7002
2021-04-06,6885.8999
2021-04-07,6928.0
2021-04-08,6998.7998
2021-04-09,6995.2002
2021-04-12,6974.0
2021-04-13,6976.8999
2021-04-14,7023.1001
2021-04-15,7058.6001
2021-04-16,7063.5
2021-04-19,7065.6001
2021-04-20,7017.7998
2021-04-21,6997.5
2021-04-22,7055.3999
2021-04-23,7060.7002
2021-04-26,7045.6001
2021-04-27,7033.7998
2021-04-28,7064.7002
2021-04-29,7082.2998
2021-04-30,7025.7998
2021-05-03,7028.7998
2021-05-04,7067.8999
2021-05-05,7095.7998
2021-05-06,7061.7002
2021-05-07,7080.7998
2021-05-10,7172.7998
2021-05-11,7097.0
2021-05-12,7044.8999
2021-05-13,6982.7002
2021-05-14,7014.2002
2021-05-17,7023.6001
2021-05-18,7066.0
2021-05-19,6931.7002
2021-05-20,7019.6001
2021-05-21,7030.2998
2021-05-24,7045.8999
2021-05-25,7115.2002
2021-05-26,7092.5
2021-05-27,7094.8999
2021-05-28,7179.5
2021-05-31,7161.6001
2021-06-01,7142.6001
2021-06-02,7217.7998
2021-06-03,7260.1001
2021-06-04,7295.3999
2021-06-07,7281.8999
2021-06-08,7292.6001
2021-06-09,7270.2002
2021-06-10,7302.5
2021-06-11,7312.2998
2021-06-15,7379.5
2021-06-16,7386.2002
2021-06-17,7359.0
2021-06-18,7368.8999
2021-06-21,7235.2998
2021-06-22,7342.2002
2021-06-23,7298.5
2021-06-24,7275.2998
2021-06-25,7308.0
2021-06-28,7307.2998
2021-06-29,7301.2002
2021-06-30,7313.0
2021-07-01,7265.6001
2021-07-02,7308.6001
2021-07-05,7315.0
2021-07-06,7261.7998
2021-07-07,7326.8999
2021-07-08,7341.3999
2021-07-09,7251.7998
2021-07-12,7333.5
2021-07-13,7332.1001
2021-07-14,7354.7002
2021-07-15,7335.8999
2021-07-16,7348.1001
2021-07-19,7286.0
2021-07-20,7252.2002
2021-07-21,7308.7002
2021-07-22,7386.3999
2021-07-23,7394.3999
2021-07-26,7394.2998
2021-07-27,7431.3999
2021-07-28,7379.2998
2021-07-29,7417.3999
2021-07-30,7392.6001
2021-08-02,7491.3999
2021-08-03,7474.5
2021-08-04,7503.2002
2021-08-05,7511.1001
2021-08-06,7538.3999
2021-08-09,7538.3999
2021-08-10,7562.6001
2021-08-11,7584.2998
2021-08-12,7588.2002
2021-08-13,7628.8999
2021-08-16,7582.5
2021-08-17,7511.0
2021-08-18,7502.1001
2021-08-19,7464.6001
2021-08-20,7460.8999
2021-08-23,7489.8999
2021-08-24,7503.0
2021-08-25,7531.8999
2021-08-26,7491.2002
2021-08-27,7488.2998
2021-08-30,7504.5
2021-08-31,7534.8999
2021-09-01,7527.1001
2021-09-02,7485.7002
2021-09-03,7522.8999
2021-09-06,7528.5
2021-09-07,7530.2998
2021-09-08,7512.0
2021-09-09,7369.5
2021-09-10,7406.6001
2021-09-13,7425.2002
2021-09-14,7437.2998
2021-09-15,7417.0
2021-09-16,7460.2002
2021-09-17,7403.7002
2021-09-20,7248.2002
2021-09-21,7273.7998
2021-09-22,7296.8999
2021-09-23,7370.2002
2021-09-24,7342.6001
2021-09-27,7384.2002
2021-09-28,7275.6001
2021-09-29,7196.7002
2021-09-30,7332.2002
2021-10-01,7185.5
2021-10-03,7278.5
2021-10-04,7248.3999
2021-10-05,7206.5
2021-10-06,7256.7002
2021-10-07,7320.1001
2021-10-10,7299.7998
2021-10-11,7280.7002
2021-10-12,7272.5
2021-10-13,7311.7002
2021-10-14,7362.0
2021-10-17,7381.1001
2021-10-18,7374.8999
2021-10-19,7413.7002
2021-10-20,7415.3999
2021-10-21,7415.5
2021-10-24,7441.0
2021-10-25,7443.3999
2021-10-26,7448.7002
2021-10-27,7430.3999
2021-10-28,7323.7002
2021-10-31,7370.7998
2021-11-01,7324.2998
2021-11-02,7392.7002
2021-11-03,7428.0
2021-11-04,7456.8999
2021-11-07,7452.2002
2021-11-08,7434.2002
2021-11-09,7423.8999
2021-11-10,7381.8999
2021-11-11,7443.0
2021-11-14,7470.1001
2021-11-15,7420.3999
2021-11-16,7369.8999
2021-11-17,7379.2002
2021-11-18,7396.5
2021-11-21,7353.1001
2021-11-22,7410.6001
2021-11-23,7399.3999
2021-11-24,7407.2998
2021-11-25,7279.2998
2021-11-28,7239.7998
2021-11-29,7256.0
2021-11-30,7235.8999
2021-12-01,7225.2002
2021-12-02,7241.2002
2021-12-05,7245.1001
2021-12-06,7313.8999
2021-12-07,7405.3999
2021-12-08,7384.5
2021-12-09,7353.5
2021-12-12,7379.2998
2021-12-13,7378.3999
2021-12-14,7327.1001
2021-12-15,7295.7002
2021-12-16,7304.0
2021-12-19,7292.2002
2021-12-20,7355.0
2021-12-21,7364.7998
2021-12-22,7387.6001
2021-12-23,7420.2998
2021-12-28,7509.7998
2021-12-29,7513.3999
2021-12-30,7444.6001
2022-01-03,7589.7998
2022-01-04,7565.7998
2022-01-05,7358.2998
2022-01-06,7453.2998
2022-01-09,7447.1001
2022-01-10,7390.1001
2022-01-11,7438.8999
2022-01-12,7474.3999
2022-01-13,7393.8999
2022-01-16,7417.2998
2022-01-17,7408.7998
2022-01-18,7332.5
2022-01-19,7342.3999
2022-01-20,7175.7998
2022-01-23,7139.5
2022-01-24,6961.6001
2022-01-26,6838.2998
2022-01-27,6988.1001
2022-01-30,6971.6001
2022-01-31,7006.0
2022-02-01,7087.7002
2022-02-02,7078.0
2022-02-03,7120.2002
2022-02-06,7110.7998
2022-02-07,7186.7002
2022-02-08,7268.2998
2022-02-09,7288.5
2022-02-10,7217.2998
2022-02-13,7243.8999
2022-02-14,7206.8999
2022-02-15,7284.8999
2022-02-16,7296.2002
2022-02-17,7221.7002
2022-02-20,7233.6001
2022-02-21,7161.2998
2022-02-22,7205.7002
2022-02-23,6990.6001
2022-02-24,6997.7998
2022-02-27,7049.1001
2022-02-28,7096.5
2022-03-01,7116.7002
2022-03-02,7151.3999
2022-03-03,7110.7998
2022-03-06,7038.6001
2022-03-07,6980.2998
2022-03-08,7053.0
2022-03-09,7130.7998
2022-03-10,7063.6001
2022-03-13,7149.3999
2022-03-14,7097.3999
2022-03-15,7175.2002
2022-03-16,7250.7998
2022-03-17,7294.3999
2022-03-20,7278.5
2022-03-21,7341.1001
2022-03-22,7377.8999
2022-03-23,7387.1001
2022-03-24,7406.2002
2022-03-27,7412.3999
2022-03-28,7464.2998
2022-03-29,7514.5
2022-03-30,7499.6001
2022-03-31,7493.7998
2022-04-04,7513.7002
2022-04-05,7527.8999
2022-04-06,7490.1001
2022-04-07,7442.7998
2022-04-08,7478.0
2022-04-11,7485.2002
2022-04-12,7454.0
2022-04-13,7479.0
2022-04-14,7523.3999
2022-04-19,7565.2002
2022-04-20,7569.2002
2022-04-21,7592.7998
2022-04-22,7473.2998
2022-04-26,7318.0
2022-04-27,7261.2002
2022-04-28,7356.8999
2022-04-29,7435.0
2022-05-02,7347.0
2022-05-03,7316.2002
2022-05-04,7304.7002
2022-05-05,7364.7002
2022-05-06,7205.6001
2022-05-09,7120.7002
2022-05-10,7051.2002
2022-05-11,7064.7002
2022-05-12,6941.0
2022-05-13,7075.1001
2022-05-16,7093.0
2022-05-17,7112.5
2022-05-18,7182.7002
2022-05-19,7064.5
2022-05-20,7145.6001
2022-05-23,7148.8999
2022-05-24,7128.7998
2022-05-25,7155.2002
2022-05-26,7105.8999
2022-05-27,7182.7002
2022-05-30,7286.6001
2022-05-31,7211.2002
2022-06-01,7234.0
2022-06-02,7175.8999
2022-06-03,7238.7998
2022-06-06,7206.2998
2022-06-07,7095.7002
2022-06-08,7121.1001
2022-06-09,7019.7002
2022-06-10,6932.0
2022-06-14,6686.0
2022-06-15,6601.0
2022-06-16,6591.1001
2022-06-17,6474.7998
2022-06-20,6433.3999
2022-06-21,6523.7998
2022-06-22,6508.5
2022-06-23,6528.3999
2022-06-24,6578.7002
2022-06-27,6706.0
2022-06-28,6763.6001
2022-06-29,6700.2002
2022-06-30,6568.1001
2022-07-01,6539.8999
2022-07-04,6612.6001
2022-07-05,6629.2998
2022-07-06,6594.5
2022-07-07,6648.0
2022-07-08,6678.0
2022-07-11,6602.2002
2022-07-12,6606.2998
2022-07-13,6621.6001
2022-07-14,6650.6001
2022-07-15,6605.6001
2022-07-18,6687.1001
2022-07-19,6649.6001
2022-07-20,6759.2002
2022-07-21,6794.2998
2022-07-22,6791.5
2022-07-25,6789.8999
2022-07-26,6807.2998
2022-07-27,6823.2002
2022-07-28,6889.7002
2022-07-29,6945.2002
2022-08-01,6993.0
2022-08-02,6998.1001
2022-08-03,6975.8999
2022-08-04,6974.8999
2022-08-05,7015.6001
2022-08-08,7020.6001
2022-08-09,7029.7998
2022-08-10,6992.7002
2022-08-11,7071.0
2022-08-12,7032.5
2022-08-15,7064.2998
2022-08-16,7105.3999
2022-08-17,7127.7002
2022-08-18,7112.7998
2022-08-19,7114.5
2022-08-22,7046.8999
2022-08-23,6961.7998
2022-08-24,6998.1001
2022-08-25,7048.1001
2022-08-26,7104.1001
2022-08-29,6965.5
2022-08-30,6998.2998
2022-08-31,6986.7998
2022-09-01,6845.6001
2022-09-02,6828.7002
2022-09-05,6852.2002
2022-09-06,6826.5
2022-09-07,6729.2998
2022-09-08,6848.7002
2022-09-09,6894.2002
2022-09-12,6964.5
2022-09-13,7009.7002
2022-09-14,6828.6001
2022-09-15,6842.8999
2022-09-16,6739.1001
2022-09-19,6719.8999
2022-09-20,6806.3999
2022-09-21,6700.2002
2022-09-23,6574.7002
2022-09-26,6469.3999
2022-09-27,6496.2002
2022-09-28,6462.0
2022-09-29,6555.0
2022-09-30,6474.2002
2022-10-02,6456.8999
2022-10-03,6699.2998
2022-10-04,6815.7002
2022-10-05,6817.5
2022-10-06,6762.7998
2022-10-09,6667.7998
2022-10-10,6645.0
2022-10-11,6647.5
2022-10-12,6642.6001
2022-10-13,6758.7998
2022-10-16,6664.3999
2022-10-17,6779.2002
2022-10-18,6800.1001
2022-10-19,6730.7002
2022-10-20,6676.7998
2022-10-23,6779.3999
2022-10-24,6798.6001
2022-10-25,6810.8999
2022-10-26,6845.1001
2022-10-27,6785.7002
2022-10-30,6863.5
2022-10-31,6976.8999
2022-11-01,6986.7002
2022-11-02,6857.8999
2022-11-03,6892.5
2022-11-06,6933.7002
2022-11-07,6958.8999
2022-11-08,6999.2998
2022-11-09,6964.0
2022-11-10,7158.0
2022-11-13,7146.2998
2022-11-14,7141.6001
2022-11-15,7122.2002
2022-11-16,7135.7002
2022-11-17,7151.7998
2022-11-20,7139.2998
2022-11-21,7181.2998
2022-11-22,7247.3999
2022-11-23,7241.7998
2022-11-24,7259.5
2022-11-27,7229.1001
2022-11-28,7253.2998
2022-11-29,7284.2002
2022-11-30,7354.3999
2022-12-01,7301.5
2022-12-04,7325.6001
2022-12-05,7291.2998
2022-12-06,7229.3999
2022-12-07,7175.5
2022-12-08,7213.2002
2022-12-11,7180.7998
2022-12-12,7203.2998
2022-12-13,7251.2998
2022-12-14,7204.7998
2022-12-15,7148.7002
2022-12-18,7133.8999
2022-12-19,7024.2998
2022-12-20,7115.1001
2022-12-21,7152.5
2022-12-22,7107.7002
2022-12-27,7086.3999
2022-12-28,7020.1001
2022-12-29,7038.7002
2023-01-02,6946.2002
2023-01-03,7059.2002
2023-01-04,7063.6001
2023-01-05,7109.6001
2023-01-08,7151.2998
2023-01-09,7131.0
2023-01-10,7195.2998
2023-01-11,7280.3999
2023-01-12,7328.1001
2023-01-15,7388.2002
2023-01-16,7386.2998
2023-01-17,7393.3999
2023-01-18,7435.2998
2023-01-19,7452.2002
2023-01-22,7457.2998
2023-01-23,7490.3999
2023-01-24,7468.2998
2023-01-26,7493.7998
2023-01-29,7481.7002
2023-01-30,7476.7002
2023-01-31,7501.7002
2023-02-01,7511.6001
2023-02-02,7558.1001
2023-02-05,7539.0
2023-02-06,7504.1001
2023-02-07,7530.1001
2023-02-08,7490.2998
2023-02-09,7433.7002
2023-02-12,7417.7998
2023-02-13,7430.8999
2023-02-14,7352.2002
2023-02-15,7410.2998
2023-02-16,7346.7998
2023-02-19,7351.5
2023-02-20,7336.2998
2023-02-21,7314.5
2023-02-22,7285.3999
2023-02-23,7307.0
2023-02-26,7224.7998
2023-02-27,7258.3999
2023-02-28,7251.6001
2023-03-01,7255.3999
2023-03-02,7283.6001
2023-03-05,7328.6001
2023-03-06,7364.7002
2023-03-07,7307.7998
2023-03-08,7311.1001
2023-03-09,7144.7002
2023-03-12,7108.7998
2023-03-13,7008.8999
2023-03-14,7068.8999
2023-03-15,6965.5
2023-03-16,6994.7998
2023-03-19,6898.5
2023-03-20,6955.3999
2023-03-21,7015.6001
2023-03-22,6968.6001
2023-03-23,6955.2002
2023-03-26,6962.0
2023-03-27,7034.1001
2023-03-28,7050.2998
2023-03-29,7122.2998
2023-03-30,7177.7998
2023-04-03,7223.0
2023-04-04,7236.0
2023-04-05,7237.2002
2023-04-06,7219.0
2023-04-11,7309.8999
2023-04-12,7343.8999
2023-04-13,7324.1001
2023-04-14,7361.6001
2023-04-17,7381.5
2023-04-18,7360.2002
2023-04-19,7365.5
2023-04-20,7362.2002
2023-04-21,7330.3999
2023-04-24,7322.0
2023-04-26,7316.2998
2023-04-27,7292.7002
2023-04-28,7309.2002
2023-05-01,7334.6001
2023-05-02,7267.3999
2023-05-03,7197.3999
2023-05-04,7193.1001
2023-05-05,7220.0
2023-05-08,7276.5
2023-05-09,7264.1001
2023-05-10,7255.7002
2023-05-11,7251.8999
2023-05-12,7256.7002
2023-05-15,7267.1001
2023-05-16,7234.7002
2023-05-17,7199.2002
2023-05-18,7236.7998
2023-05-19,7279.5
2023-05-22,7263.2998
2023-05-23,7259.8999
2023-05-24,7213.7998
2023-05-25,7138.2002
2023-05-26,7154.7998
2023-05-29,7217.3999
2023-05-30,7209.2998
2023-05-31,7091.2998
2023-06-01,7110.7998
2023-06-02,7145.1001
2023-06-05,7216.2998
2023-06-06,7129.6001
2023-06-07,7118.0
2023-06-08,7099.7002
2023-06-09,7122.5
2023-06-13,7138.8999
2023-06-14,7161.7002
2023-06-15,7175.2998
2023-06-16,7251.2002
2023-06-19,7294.8999
2023-06-20,7357.7998
2023-06-21,7314.8999
2023-06-22,7195.5
2023-06-23,7099.2002
2023-06-26,7078.7002
2023-06-27,7118.2002
2023-06-28,7196.5
2023-06-29,7194.8999
2023-06-30,7203.2998
2023-07-03,7246.1001
2023-07-04,7279.0
2023-07-05,7253.2002
2023-07-06,7163.3999
2023-07-07,7042.2998
2023-07-10,7004.0
2023-07-11,7108.8999
2023-07-12,7135.7002
2023-07-13,7246.8999
2023-07-14,7303.1001
2023-07-17,7298.5
2023-07-18,7283.7998
2023-07-19,7323.7002
2023-07-20,7325.0
2023-07-21,7313.8999
2023-07-24,7306.3999
2023-07-25,7339.7002
2023-07-26,7402.0
2023-07-27,7455.8999
2023-07-28,7403.6001
2023-07-31,7410.3999
2023-08-01,7450.7002
2023-08-02,7354.6001
2023-08-03,7311.7002
2023-08-04,7325.2998
2023-08-07,7309.2002
2023-08-08,7311.1001
2023-08-09,7338.0
2023-08-10,7357.3999
2023-08-11,7340.1001
2023-08-14,7277.0
2023-08-15,7305.0
2023-08-16,7195.2002
2023-08-17,7146.0
2023-08-18,7148.1001
2023-08-21,7115.5
2023-08-22,7121.6001
2023-08-23,7148.3999
2023-08-24,7182.1001
2023-08-25,7115.2002
2023-08-28,7159.7998
2023-08-29,7210.5
2023-08-30,7297.7002
2023-08-31,7305.2998
2023-09-01,7278.2998
2023-09-04,7318.7998
2023-09-05,7314.2998
2023-09-06,7257.1001
2023-09-07,7171.0
2023-09-08,7156.7002
2023-09-11,7192.2998
2023-09-12,7206.8999
2023-09-13,7153.8999
2023-09-14,7186.5
2023-09-15,7279.0
2023-09-18,7230.3999
2023-09-19,7196.6001
2023-09-20,7163.2998
2023-09-21,7065.2002
2023-09-22,7068.7998
2023-09-25,7076.5
2023-09-26,7038.2002
2023-09-27,7030.2998
2023-09-28,7024.7998
2023-09-29,7048.6001
2023-10-01,7033.2002
2023-10-02,6943.3999
2023-10-03,6890.2002
2023-10-04,6925.5
2023-10-05,6954.2002
2023-10-08,6970.2002
2023-10-09,7040.6001
2023-10-10,7088.3999
2023-10-11,7091.0
2023-10-12,7051.0
2023-10-15,7026.5
2023-10-16,7056.1001
2023-10-17,7077.6001
2023-10-18,6981.6001
2023-10-19,6900.7002
2023-10-22,6844.1001
2023-10-23,6856.8999
2023-10-24,6854.2998
2023-10-25,6812.2998
2023-10-26,6826.8999
2023-10-29,6772.8999
2023-10-30,6780.7002
2023-10-31,6838.2998
2023-11-01,6899.7002
2023-11-02,6978.2002
2023-11-05,6997.3999
2023-11-06,6977.1001
2023-11-07,6995.3999
2023-11-08,7014.8999
2023-11-09,6976.5
2023-11-12,6948.7998
2023-11-13,7006.7002
2023-11-14,7105.8999
2023-11-15,7058.3999
2023-11-16,7049.3999
2023-11-19,7058.3999
2023-11-20,7078.2002
2023-11-21,7073.3999
2023-11-22,7029.2002
2023-11-23,7040.7998
2023-11-26,6987.6001
2023-11-27,7015.2002
2023-11-28,7035.2998
2023-11-29,7087.2998
2023-11-30,7073.2002
2023-12-03,7124.7002
2023-12-04,7061.6001
2023-12-05,7178.3999
2023-12-06,7173.2998
2023-12-07,7194.8999
2023-12-10,7199.0
2023-12-11,7235.2998
2023-12-12,7257.7998
2023-12-13,7377.8999
2023-12-14,7442.7002
2023-12-17,7426.3999
2023-12-18,7489.1001
2023-12-19,7537.8999
2023-12-20,7504.1001
2023-12-21,7501.6001
2023-12-26,7561.2002
2023-12-27,7614.2998
2023-12-28,7590.7998
2024-01-01,7627.7998
2024-01-02,7523.2002
2024-01-03,7494.1001
2024-01-04,7489.1001
2024-01-07,7451.5
2024-01-08,7520.5
2024-01-09,7468.5
2024-01-10,7506.0
2024-01-11,7498.2998
2024-01-14,7496.2998
2024-01-15,7414.7998
2024-01-16,7393.1001
2024-01-17,7346.5
2024-01-18,7421.2002
2024-01-21,7476.6001
2024-01-22,7514.8999
2024-01-23,7519.2002
2024-01-24,7555.3999
2024-01-28,7578.3999
2024-01-29,7600.2002
2024-01-30,7680.7002
2024-01-31,7588.2002
2024-02-01,7699.3999
2024-02-04,7625.8999
2024-02-05,7581.6001
2024-02-06,7624.8999
2024-02-07,7639.2002
2024-02-08,7644.7998
2024-02-11,7614.8999
2024-02-12,7603.6001
2024-02-13,7547.7002
2024-02-14,7605.7002
2024-02-15,7658.2998
2024-02-18,7665.1001
2024-02-19,7659.0
2024-02-20,7597.7998
2024-02-21,7611.2002
2024-02-22,7643.6001
2024-02-25,7652.7998
2024-02-26,7663.0
2024-02-27,7660.3999
2024-02-28,7698.7002
2024-02-29,7745.6001
2024-03-03,7735.7998
2024-03-04,7724.2002
2024-03-05,7733.5
2024-03-06,7763.7002
2024-03-07,7847.0
2024-03-10,7704.2002
2024-03-11,7712.5
2024-03-12,7729.3999
2024-03-13,7713.6001
2024-03-14,7670.2998
2024-03-17,7675.7998
2024-03-18,7703.2002
2024-03-19,7695.7998
2024-03-20,7782.0
2024-03-21,7770.6001
2024-03-24,7811.8999
2024-03-25,7780.2002
2024-03-26,7819.6001
2024-03-27,7896.8999
2024-04-01,7887.8999
2024-04-02,7782.5
2024-04-03,7817.2998
2024-04-04,7773.2998
2024-04-08,7789.1001
2024-04-09,7824.2002
2024-04-10,7848.5
2024-04-11,7813.6001
2024-04-12,7788.1001
2024-04-15,7752.5
2024-04-16,7612.5
2024-04-17,7605.6001
2024-04-18,7642.1001
2024-04-19,7567.2998
2024-04-22,7649.2002
2024-04-23,7683.5
2024-04-24,7683.0
2024-04-26,7575.8999
2024-04-29,7637.3999
2024-04-30,7664.1001
2024-05-01,7569.8999
2024-05-02,7587.0
2024-05-03,7629.0
2024-05-06,7682.3999
2024-05-07,7793.2998
2024-05-08,7804.5
2024-05-09,7721.6001
2024-05-10,7749.0
2024-05-13,7750.0
2024-05-14,7726.7998
2024-05-15,7753.7002
2024-05-16,7881.2998
2024-05-17,7814.3999
2024-05-20,7863.7002
2024-05-21,7851.7002
2024-05-22,7848.1001
2024-05-23,7811.7998
2024-05-24,7727.6001
2024-05-27,7788.2998
2024-05-28,7766.7002
2024-05-29,7665.6001
2024-05-30,7628.2002
2024-05-31,7701.7002
2024-06-03,7761.0
2024-06-04,7737.1001
2024-06-05,7769.0
2024-06-06,7821.7998
2024-06-07,7860.0
2024-06-11,7755.3999
2024-06-12,7715.5
2024-06-13,7749.7002
2024-06-14,7724.2998
2024-06-17,7700.2998
2024-06-18,7778.1001
2024-06-19,7769.7002
2024-06-20,7769.3999
2024-06-21,7796.0
2024-06-24,7733.7002
2024-06-25,7838.7998
2024-06-26,7783.0
2024-06-27,7759.6001
2024-06-28,7767.5
2024-07-01,7750.7002
2024-07-02,7718.2002
2024-07-03,7739.8999
2024-07-04,7831.7998
2024-07-05,7822.2998
2024-07-08,7763.2002
2024-07-09,7829.7002
2024-07-10,7816.7998
2024-07-11,7889.6001
2024-07-12,7959.2998
2024-07-15,8017.6001
2024-07-16,7999.2998
2024-07-17,8057.8999
2024-07-18,8036.5
2024-07-19,7971.6001
2024-07-22,7931.7002
2024-07-23,7971.1001
2024-07-24,7963.7002
2024-07-25,7861.2002
2024-07-26,7921.2998
2024-07-29,7989.6001
2024-07-30,7953.2002
2024-07-31,8092.2998
2024-08-01,8114.7002
2024-08-02,7943.2002
2024-08-05,7649.6001
2024-08-06,7680.6001
2024-08-07,7699.7998
2024-08-08,7682.0
2024-08-09,7777.7002
2024-08-12,7813.7002
2024-08-13,7826.7998
2024-08-14,7850.7002
2024-08-15,7865.5
2024-08-16,7971.1001
2024-08-19,7980.3999
2024-08-20,7997.7002
2024-08-21,8010.5
2024-08-22,8027.0
2024-08-23,8023.8999
2024-08-26,8084.5
2024-08-27,8071.2002
2024-08-28,8071.3999
2024-08-29,8045.1001
2024-08-30,8091.8999
2024-09-02,8109.8999
2024-09-03,8103.2002
2024-09-04,7950.5
2024-09-05,7982.3999
2024-09-06,8013.3999
2024-09-09,7988.1001
2024-09-10,8011.8999
2024-09-11,7987.8999
2024-09-12,8075.7002
2024-09-13,8099.8999
2024-09-16,8121.6001
2024-09-17,8140.8999
2024-09-18,8142.1001
2024-09-19,8191.8999
2024-09-20,8209.5
2024-09-23,8152.8999
2024-09-24,8142.0
2024-09-25,8126.3999
2024-09-26,8203.7002
2024-09-27,8212.2002
2024-09-30,8269.7998
2024-10-01,8208.9004
2024-10-02,8198.2002
2024-10-03,8205.2002
2024-10-04,8150.0
2024-10-06,8205.4004
2024-10-07,8176.8999
2024-10-08,8187.3999
2024-10-09,8223.0
2024-10-10,8214.5
2024-10-13,8252.7998
2024-10-14,8318.4004
2024-10-15,8284.7002
2024-10-16,8355.9004
2024-10-17,8283.2002
2024-10-20,8344.4004
2024-10-21,8205.7002
2024-10-22,8216.0
2024-10-23,8206.2998
2024-10-24,8211.2998
2024-10-27,8221.5
2024-10-28,8249.2002
2024-10-29,8180.3999
2024-10-30,8160.0
2024-10-31,8118.7998
2024-11-03,8164.6001
2024-11-04,8131.7998
2024-11-05,8199.5
2024-11-06,8285.5996
2024-11-07,8295.0996
2024-11-10,8266.2002
2024-11-11,8255.5996
2024-11-12,8193.4004
2024-11-13,8224.0
2024-11-14,8285.2002
2024-11-17,8300.2002
2024-11-18,8374.0
2024-11-19,8326.2998
2024-11-20,8323.0
2024-11-21,8393.7998
2024-11-24,8417.5996
2024-11-25,8359.4004
2024-11-26,8406.7002
2024-11-27,8444.2998
2024-11-28,8436.2002
2024-12-01,8447.9004
2024-12-02,8495.2002
2024-12-03,8462.5996
2024-12-04,8474.9004
2024-12-05,8420.9004
2024-12-08,8423.0
2024-12-09,8393.0
2024-12-10,8353.5996
2024-12-11,8330.2998
2024-12-12,8296.0
2024-12-15,8249.5
2024-12-16,8314.0
2024-12-17,8309.4004
2024-12-18,8168.2002
2024-12-19,8067.0
2024-12-22,8201.5996
2024-12-23,8220.9004
2024-12-26,8261.7998
2024-12-29,8235.0
2024-12-30,8159.1001
2025-01-01,8201.2002
2025-01-02,8250.5
2025-01-05,8288.5
2025-01-06,8285.0996
2025-01-07,8349.0996
2025-01-08,8329.2002
2025-01-09,8294.0996
2025-01-12,8191.8999
2025-01-13,8231.0
2025-01-14,8213.2998
2025-01-15,8327.0
2025-01-16,8310.4004
2025-01-19,8402.0
2025-01-20,8420.2998
2025-01-21,8429.7998
2025-01-22,8378.7002
2025-01-23,8408.9004
2025-01-27,8399.0996
2025-01-28,8447.0
2025-01-29,8550.0996
2025-01-30,8532.2998
2025-02-02,8379.4004
2025-02-03,8374.0
2025-02-04,8416.9004
2025-02-05,8520.7002
2025-02-06,8511.4004
2025-02-09,8482.7998
2025-02-10,8484.0
2025-02-11,8535.2998
2025-02-12,8540.0
2025-02-13,8555.7998
2025-02-16,8505.7998
2025-02-17,8481.0
2025-02-18,8419.2002
2025-02-19,8322.7998
2025-02-20,8296.2002
2025-02-23,8308.2002
2025-02-24,8251.9004
2025-02-25,8240.7002
2025-02-26,8268.2002
2025-02-27,8172.3999
2025-03-02,8245.7002
2025-03-03,8198.0996
2025-03-04,8141.1001
2025-03-05,8094.7002
2025-03-06,7948.2002
2025-03-09,7962.2998
2025-03-10,7890.1001
2025-03-11,7786.2002
2025-03-12,7749.1001
2025-03-13,7789.7002
2025-03-16,7854.1001
2025-03-17,7860.3999
2025-03-18,7828.2998
2025-03-19,7918.8999
2025-03-20,7931.2002
2025-03-23,7936.8999
2025-03-24,7942.5
2025-03-25,7999.0
2025-03-26,7969.0
2025-03-27,7982.0
2025-03-30,7843.3999
2025-03-31,7925.2002
2025-04-01,7934.5
2025-04-02,7859.7002
2025-04-03,7667.7998
2025-04-07,7343.2998
2025-04-08,7510.0
2025-04-09,7375.0
2025-04-10,7709.6001
2025-04-11,7646.5
2025-04-14,7748.6001
2025-04-15,7761.7002
2025-04-16,7758.8999
2025-04-17,7819.1001
2025-04-22,7816.7002
2025-04-23,7920.5
2025-04-24,7968.2002
2025-04-28,7997.1001
2025-04-29,8070.6001
2025-04-30,8126.2002
2025-05-01,8145.6001
2025-05-02,8238.0
2025-05-05,8157.7998
2025-05-06,8151.3999
2025-05-07,8178.2998
2025-05-08,8191.7002
2025-05-09,8231.2002
2025-05-12,8233.5
2025-05-13,8269.0
2025-05-14,8279.5996
2025-05-15,8297.5
2025-05-16,8343.7002
2025-05-19,8295.0996
2025-05-20,8343.2998
2025-05-21,8386.7998
2025-05-22,8348.7002
2025-05-23,8360.9004
2025-05-26,8361.0
2025-05-27,8407.5996
2025-05-28,8396.9004
2025-05-29,8409.7998
2025-05-30,8434.7002
2025-06-02,8414.0996
2025-06-03,8466.7002
2025-06-04,8541.7998
2025-06-05,8538.9004
2025-06-06,8515.7002
2025-06-10,8587.2002
2025-06-11,8592.0996
2025-06-12,8565.0996
2025-06-13,8547.4004
2025-06-16,8548.4004
2025-06-17,8541.2998
2025-06-18,8531.2002
2025-06-19,8523.7002
2025-06-20,8505.5
2025-06-23,8474.9004
2025-06-24,8555.5
2025-06-25,8559.2002
2025-06-26,8550.7998
2025-06-27,8514.2002
2025-06-30,8542.2998
2025-07-01,8541.0996
2025-07-02,8597.7002
2025-07-03,8595.7998
2025-07-04,8603.0
2025-07-07,8589.2998
2025-07-08,8590.7002
2025-07-09,8538.5996
2025-07-10,8589.2002
2025-07-11,8580.0996
2025-07-14,8570.4004
2025-07-15,8630.2998
2025-07-16,8561.7998
2025-07-17,8639.0
2025-07-18,8757.2002
2025-07-21,8668.2002
2025-07-22,8677.2002
2025-07-23,8737.2002
2025-07-24,8709.4004
2025-07-25,8666.9004
2025-07-28,8697.7002
2025-07-29,8704.5996
2025-07-30,8756.4004
2025-07-31,8742.7998
2025-08-01,8662.0
2025-08-04,8663.7002
2025-08-05,8770.4004
2025-08-06,8843.7002
2025-08-07,8831.4004
2025-08-08,8807.0996
2025-08-11,8844.7998
2025-08-12,8880.7998
2025-08-13,8827.0996
2025-08-14,8873.7998
2025-08-15,8938.5996
2025-08-18,8959.2998
2025-08-19,8896.2002
2025-08-20,8918.0
2025-08-21,9019.0996
2025-08-22,8967.4004
2025-08-25,8972.4004
2025-08-26,8935.5996
2025-08-27,8960.5
2025-08-28,8980.0
2025-08-29,8973.0996
2025-09-01,8927.7002
2025-09-02,8900.5996
2025-09-03,8738.7998
2025-09-04,8826.5
2025-09-05,8871.2002
2025-09-08,8849.5996
2025-09-09,8803.5
2025-09-10,8830.4004
2025-09-11,8805.0
2025-09-12,8864.9004
2025-09-15,8853.0
2025-09-16,8877.7002
2025-09-17,8818.5
2025-09-18,8745.2002
2025-09-19,8773.5
2025-09-22,8810.9004
2025-09-23,8845.9004
2025-09-24,8764.5
2025-09-25,8773.0
2025-09-26,8787.7002
2025-09-29,8862.7998
2025-09-30,8848.7998
2025-10-01,8845.7002
2025-10-02,8945.9004
2025-10-03,8987.4004
2025-10-05,8981.4004
2025-10-06,8956.7998
2025-10-07,8947.5996
2025-10-08,8969.7998
2025-10-09,8958.2998
2025-10-12,8882.7998
2025-10-13,8899.4004
2025-10-14,8990.9004
2025-10-15,9068.4004
2025-10-16,8995.2998
2025-10-19,9031.9004
2025-10-20,9094.7002
2025-10-21,9030.0
2025-10-22,9032.7998
2025-10-23,9019.0
2025-10-26,9055.5996
2025-10-27,9012.5
2025-10-28,8926.2002
2025-10-29,8885.5
2025-10-30,8881.9004
2025-11-02,8894.7998
2025-11-03,8813.7002
2025-11-04,8802.0
2025-11-05,8831.7998
2025-11-06,8769.7002
2025-11-09,8830.9004
2025-11-10,8818.7998
2025-11-11,8799.5
2025-11-12,8753.4004
2025-11-13,8634.5
2025-11-16,8636.4004
2025-11-17,8469.0996
2025-11-18,8447.9004
2025-11-19,8552.7002
2025-11-20,8416.5
2025-11-23,8525.0996
2025-11-24,8537.0
2025-11-25,8606.5
2025-11-26,8619.2002
2025-11-27,8614.0996
2025-11-30,8565.2002
2025-12-01,8579.7002
2025-12-02,8595.2002
2025-12-03,8618.4004
2025-12-04,8634.5996
2025-12-07,8624.4004
2025-12-08,8585.9004
2025-12-09,8579.4004
2025-12-10,8592.0
2025-12-11,8697.2998
2025-12-14,8635.0
2025-12-15,8598.9004
2025-12-16,8585.2002
2025-12-17,8588.2002
2025-12-18,8621.4004
2025-12-21,8699.9004
2025-12-22,8795.7002
2025-12-23,8762.7002
2025-12-28,8725.7002
2025-12-29,8717.0996
2025-12-30,8714.2998
2026-01-01,8727.7998
2026-01-04,8728.5996
2026-01-05,8714.5996
2026-01-06,8695.5996
2026-01-07,8720.7998
2026-01-08,8717.7998
2026-01-11,8759.4004
2026-01-12,8808.5
2026-01-13,8820.5996
2026-01-14,8861.7002
2026-01-15,8903.9004
2026-01-18,8874.5
2026-01-19,8815.9004
2026-01-20,8782.9004
2026-01-21,8848.7002
2026-01-22,8860.0996
2026-01-26,8941.5996
2026-01-27,8933.9004
2026-01-28,8966.0996
2026-01-29,8869.0996
2026-02-01,8778.5996
2026-02-02,8857.0996
2026-02-03,8927.7998
2026-02-04,8889.2002
2026-02-05,8708.7998
2026-02-08,8912.0996
2026-02-09,8867.4004
2026-02-10,9014.7998
2026-02-11,9043.5
2026-02-12,8917.5996
2026-02-15,8966.7998
2026-02-16,8958.9004
2026-02-17,9007.0
2026-02-18,9086.2002
2026-02-19,9081.4004
2026-02-22,9026.0
2026-02-23,9022.2998
2026-02-24,9128.2998
2026-02-25,9175.2998
2026-02-26,9198.5996
2026-03-01,9167.5
2026-03-02,9077.2998
2026-03-03,8901.2002
2026-03-04,8940.2998
2026-03-05,8851.0
2026-03-08,8599.0
2026-03-09,8692.5996
2026-03-10,8743.5
2026-03-11,8629.0
2026-03-12,8617.0996
2026-03-15,8583.4004
2026-03-16,8614.2998
2026-03-17,8640.5996
2026-03-18,8497.7998
2026-03-19,8428.4004
2026-03-22,8365.9004
2026-03-23,8379.4004
2026-03-24,8557.5996
2026-03-25,8525.7002
2026-03-26,8516.2998
2026-03-29,8461.0
2026-03-30,8481.7998
2026-03-31,8671.7998
2026-04-01,8579.5
2026-04-07,8728.7998
2026-04-08,8951.7998
2026-04-09,8973.2002
2026-04-10,8960.5996
2026-04-13,8926.0
2026-04-14,8970.7998
2026-04-15,8978.7002
2026-04-16,8955.0
2026-04-17,8946.9004
2026-04-20,8953.2998
2026-04-21,8949.4004
2026-04-22,8843.5996
2026-04-23,8793.4004
2026-04-24,8786.5
2026-04-27,8766.4004
2026-04-28,8710.7002
2026-04-29,8687.0
2026-04-30,8665.7998
2026-05-01,8729.7998
2026-05-04,8697.0996
2026-05-05,8680.5
2026-05-06,8793.5996
2026-05-07,8878.0996
2026-05-08,8744.4004
2026-05-11,8701.7998
2026-05-12,8670.7002
2026-05-13,8630.4004
2026-05-14,8640.7002
2026-05-15,8630.7998
2026-05-18,8505.2998
2026-05-19,8604.7002
2026-05-20,8496.5996
2026-05-21,8621.7002
2026-05-22,8657.0
2026-05-25,8692.0
2026-05-26,8657.7998
2026-05-27,8717.7002
2026-05-28,8592.9004
2026-05-29,8731.7002
2026-06-01,8729.4004
2026-06-02,8724.4004
2026-06-03,8785.7002
2026-06-04,8686.0996
2026-06-05,8625.0996
2026-06-09,8604.2002
2026-06-10,8653.2998
2026-06-11,8633.2002
2026-06-12,8804.0
2026-06-15,8914.0
2026-06-16,8917.7002
2026-06-17,8966.2998
2026-06-18,8911.0996
2026-06-19,8828.7002
2026-06-22,8816.0996
2026-06-23,8787.0
2026-06-24,8808.4004
2026-06-25,8748.7002
2026-06-26,8764.2002
2026-06-29,8823.4004
2026-06-30,8778.7002
2026-07-01,8722.9004
2026-07-02,8724.5
2026-07-03,8844.4004
2026-07-06,8831.0
2026-07-07,8803.9004
2026-07-08,8785.0996
2026-07-09,8762.5
2026-07-10,8806.0
2026-07-13,8808.5
2026-07-14,8808.5
2026-07-15,8841.0996
2026-07-16,8840.7002
2026-07-17,8796.7002
2026-07-20,8791.2998
2026-07-21,8793.2998
2026-07-22,8823.0
2026-07-23,8839.0
2026-07-24,8772.2998
2026-07-27,8894.0
2026-07-28,8947.7998
2026-07-29,9038.5996
2026-07-30,8967.7002
2026-07-31,8976.7998
2026-08-03,9019.2998
2026-08-04,9145.7998
2026-08-05,9227.7998
2026-08-06,9271.5996
2026-08-07,9263.5996
2026-08-10,9232.5996
2026-08-11,9250.5996
2026-08-12,9209.4004
2026-08-13,9188.5
2026-08-14,9115.2002
2026-08-17,9073.2002
2026-08-18,9070.0
2026-08-19,9053.7998
2026-08-20,9083.7998
2026-08-21,9058.9004
