date,close
2007-03-30,4181.0298
2007-04-02,4189.5498
2007-04-03,4246.2998
2007-04-04,4261.8301
2007-04-05,4271.54
2007-04-10,4301.4702
2007-04-11,4293.2002
2007-04-12,4280.02
2007-04-13,4317.3501
2007-04-16,4379.25
2007-04-17,4384.3799
2007-04-18,4358.9502
2007-04-19,4339.9302
2007-04-20,4416.79
2007-04-23,4400.1201
2007-04-24,4367.8301
2007-04-25,4404.4399
2007-04-26,4414.21
2007-04-27,4383.1299
2007-04-30,4392.3398
2007-05-02,4415.48
2007-05-03,4427.3198
2007-05-04,4445.5898
2007-05-07,4441.3101
2007-05-08,4411.3198
2007-05-10,4391.8701
2007-05-11,4423.0698
2007-05-14,4413.7202
2007-05-15,4441.0298
2007-05-16,4422.6201
2007-05-18,4480.8101
2007-05-21,4465.54
2007-05-22,4469.8799
2007-05-23,4499.6899
2007-05-24,4452.7002
2007-05-25,4463.52
2007-05-29,4474.8101
2007-05-30,4468.7202
2007-05-31,4512.6499
2007-06-01,4556.9702
2007-06-04,4537.8101
2007-06-05,4513.1802
2007-06-06,4437.29
2007-06-07,4381.4502
2007-06-08,4376.4199
2007-06-11,4415.5
2007-06-12,4383.02
2007-06-13,4401.6802
2007-06-14,4485.04
2007-06-15,4551.0
2007-06-18,4530.2202
2007-06-19,4527.2202
2007-06-20,4545.6099
2007-06-21,4488.6602
2007-06-22,4479.3599
2007-06-25,4471.1299
2007-06-26,4433.04
2007-06-27,4412.1201
2007-06-28,4457.9902
2007-06-29,4489.77
2007-07-02,4470.2598
2007-07-03,4513.0098
2007-07-04,4524.2402
2007-07-05,4491.8701
2007-07-06,4524.4502
2007-07-09,4528.7598
2007-07-10,4474.1499
2007-07-11,4447.52
2007-07-12,4517.7002
2007-07-13,4542.5698
2007-07-16,4557.5698
2007-07-17,4538.3101
2007-07-18,4472.2202
2007-07-19,4522.6401
2007-07-20,4445.23
2007-07-23,4482.75
2007-07-24,4412.0601
2007-07-25,4360.8999
2007-07-26,4252.9199
2007-07-27,4244.5801
2007-07-30,4239.1802
2007-07-31,4315.6899
2007-08-02,4288.6602
2007-08-03,4229.1899
2007-08-06,4202.7798
2007-08-07,4276.7998
2007-08-08,4364.2202
2007-08-09,4275.1802
2007-08-10,4161.29
2007-08-13,4255.79
2007-08-14,4195.6001
2007-08-15,4183.0601
2007-08-16,4062.3301
2007-08-17,4157.2002
2007-08-20,4173.29
2007-08-21,4175.0698
2007-08-22,4226.52
2007-08-23,4225.8901
2007-08-24,4238.6299
2007-08-27,4240.9502
2007-08-28,4170.6802
2007-08-29,4193.5801
2007-08-30,4246.1201
2007-08-31,4294.5601
2007-09-03,4295.9902
2007-09-04,4324.3501
2007-09-05,4235.4102
2007-09-06,4256.1201
2007-09-07,4162.4199
2007-09-10,4136.4502
2007-09-11,4197.3501
2007-09-12,4210.6899
2007-09-13,4249.0098
2007-09-14,4221.3398
2007-09-17,4184.6099
2007-09-18,4264.4199
2007-09-19,4389.3301
2007-09-20,4366.1602
2007-09-21,4370.3501
2007-09-24,4360.6299
2007-09-25,4328.8901
2007-09-26,4364.3999
2007-09-27,4388.98
2007-09-28,4381.71
2007-10-01,4409.6499
2007-10-02,4427.0098
2007-10-03,4421.5801
2007-10-04,4420.3901
2007-10-05,4455.3101
2007-10-08,4435.8701
2007-10-09,4447.5801
2007-10-10,4442.6099
2007-10-11,4473.5698
2007-10-12,4476.02
2007-10-15,4434.98
2007-10-16,4420.9102
2007-10-17,4441.7998
2007-10-18,4420.3799
2007-10-19,4411.2598
2007-10-22,4356.2402
2007-10-23,4378.4199
2007-10-24,4357.1401
2007-10-25,4412.1201
2007-10-26,4440.23
2007-10-29,4471.46
2007-10-30,4462.9502
2007-10-31,4489.79
2007-11-01,4415.27
2007-11-02,4410.0801
2007-11-05,4392.7998
2007-11-06,4407.3398
2007-11-07,4400.3398
2007-11-08,4363.6001
2007-11-09,4297.8301
2007-11-12,4302.8799
2007-11-13,4311.98
2007-11-14,4338.2798
2007-11-15,4301.4399
2007-11-16,4282.3999
2007-11-19,4226.7002
2007-11-20,4277.2402
2007-11-21,4195.5801
2007-11-22,4208.9199
2007-11-23,4268.5298
2007-11-26,4238.0
2007-11-27,4224.4399
2007-11-28,4321.7402
2007-11-29,4347.0
2007-11-30,4394.9502
2007-12-03,4371.6699
2007-12-04,4339.1001
2007-12-05,4410.0
2007-12-06,4414.6602
2007-12-07,4446.3398
2007-12-10,4465.52
2007-12-11,4449.9502
2007-12-12,4469.4702
2007-12-13,4370.7598
2007-12-14,4384.6499
2007-12-17,4312.4702
2007-12-18,4309.1401
2007-12-19,4301.3398
2007-12-20,4314.7002
2007-12-21,4384.5498
2007-12-24,4384.5498
2007-12-27,4404.6099
2007-12-28,4404.6401
2007-12-31,4399.7202
2008-01-03,4333.4199
2008-01-04,4270.5298
2008-01-07,4283.3701
2008-01-08,4295.23
2008-01-09,4258.3198
2008-01-10,4237.6201
2008-01-11,4225.3101
2008-01-14,4236.6802
2008-01-15,4140.9399
2008-01-16,4108.3398
2008-01-17,4065.76
2008-01-18,3995.1699
2008-01-21,3703.05
2008-01-22,3753.6799
2008-01-23,3577.99
2008-01-24,3809.0701
2008-01-25,3777.0601
2008-01-28,3765.4099
2008-01-29,3810.01
2008-01-30,3789.3101
2008-01-31,3792.8
2008-02-01,3867.47
2008-02-04,3867.1599
2008-02-05,3717.0801
2008-02-06,3760.1201
2008-02-07,3699.29
2008-02-08,3701.1699
2008-02-11,3678.1599
2008-02-12,3803.76
2008-02-13,3803.21
2008-02-14,3797.8899
2008-02-15,3719.28
2008-02-18,3759.1201
2008-02-19,3805.27
2008-02-20,3758.47
2008-02-21,3778.21
2008-02-22,3737.1101
2008-02-25,3798.99
2008-02-26,3855.03
2008-02-27,3856.6899
2008-02-28,3784.27
2008-02-29,3724.5
2008-03-03,3675.51
2008-03-04,3610.2
2008-03-05,3684.54
2008-03-06,3617.6799
2008-03-07,3576.6799
2008-03-10,3546.1001
2008-03-11,3606.5901
2008-03-12,3647.6399
2008-03-13,3599.5801
2008-03-14,3566.5901
2008-03-17,3431.8201
2008-03-18,3558.6599
2008-03-19,3529.54
2008-03-25,3632.5901
2008-03-26,3611.45
2008-03-27,3652.1101
2008-03-28,3641.05
2008-03-31,3628.0601
2008-04-01,3753.55
2008-04-02,3797.8999
2008-04-03,3774.9399
2008-04-04,3795.2
2008-04-07,3828.46
2008-04-08,3810.51
2008-04-09,3775.9299
2008-04-10,3758.05
2008-04-11,3699.99
2008-04-14,3671.28
2008-04-15,3690.75
2008-04-16,3748.5601
2008-04-17,3725.23
2008-04-18,3808.5901
2008-04-21,3769.8899
2008-04-22,3736.1201
2008-04-23,3763.55
2008-04-24,3761.96
2008-04-25,3794.3899
2008-04-28,3814.76
2008-04-29,3793.6299
2008-04-30,3825.02
2008-05-02,3877.5
2008-05-05,3872.1499
2008-05-06,3845.0801
2008-05-07,3871.78
2008-05-08,3855.8601
2008-05-09,3801.5901
2008-05-13,3817.0701
2008-05-14,3857.46
2008-05-15,3854.8601
2008-05-16,3862.9099
2008-05-19,3882.28
2008-05-20,3822.3101
2008-05-21,3794.1299
2008-05-22,3793.03
2008-05-23,3725.8201
2008-05-26,3724.8999
2008-05-27,3711.03
2008-05-28,3743.1799
2008-05-29,3752.24
2008-05-30,3777.8501
2008-06-02,3720.5
2008-06-03,3737.3401
2008-06-04,3699.05
2008-06-05,3682.8301
2008-06-06,3596.7
2008-06-09,3597.3401
2008-06-10,3574.7
2008-06-11,3509.3899
2008-06-12,3542.5901
2008-06-13,3562.6699
2008-06-16,3532.8301
2008-06-17,3555.5801
2008-06-18,3507.97
2008-06-19,3486.71
2008-06-20,3426.5801
2008-06-23,3427.3301
2008-06-24,3404.52
2008-06-25,3460.3999
2008-06-26,3366.3501
2008-06-27,3340.27
2008-06-30,3352.8101
2008-07-01,3292.8601
2008-07-02,3288.52
2008-07-03,3330.8999
2008-07-07,3332.6599
2008-07-08,3287.6001
2008-07-09,3342.48
2008-07-10,3283.01
2008-07-11,3197.78
2008-07-14,3216.24
2008-07-15,3142.73
2008-07-16,3174.76
2008-07-17,3256.0901
2008-07-18,3321.53
2008-07-21,3333.9199
2008-07-22,3326.24
2008-07-23,3387.5
2008-07-24,3354.5801
2008-07-25,3351.1299
2008-07-28,3313.4099
2008-07-29,3324.8601
2008-07-30,3367.3301
2008-07-31,3367.8201
2008-08-04,3289.26
2008-08-05,3380.0901
2008-08-06,3409.02
2008-08-07,3397.25
2008-08-08,3408.48
2008-08-11,3445.6599
2008-08-12,3436.8501
2008-08-13,3354.75
2008-08-14,3356.8401
2008-08-15,3367.6201
2008-08-18,3366.0901
2008-08-19,3279.75
2008-08-20,3295.28
2008-08-21,3248.9199
2008-08-22,3312.4099
2008-08-25,3280.4099
2008-08-26,3297.4199
2008-08-27,3299.1499
2008-08-28,3359.4199
2008-08-29,3365.6299
2008-09-01,3364.3999
2008-09-02,3416.46
2008-09-03,3368.97
2008-09-04,3274.8201
2008-09-05,3185.8301
2008-09-08,3284.1201
2008-09-09,3261.0701
2008-09-10,3242.02
2008-09-11,3222.1001
2008-09-12,3278.02
2008-09-15,3151.1699
2008-09-16,3088.4299
2008-09-17,3018.77
2008-09-18,3000.8301
2008-09-19,3253.52
2008-09-22,3181.77
2008-09-23,3139.8301
2008-09-24,3119.8301
2008-09-25,3207.1101
2008-09-26,3156.46
2008-09-29,3008.1899
2008-09-30,3038.2
2008-10-01,3067.3501
2008-10-02,3007.51
2008-10-03,3113.8201
2008-10-06,2868.97
2008-10-07,2879.45
2008-10-08,2694.55
2008-10-09,2629.04
2008-10-10,2421.8701
2008-10-13,2688.3201
2008-10-14,2756.74
2008-10-15,2578.0601
2008-10-16,2423.8
2008-10-17,2532.1699
2008-10-20,2613.6799
2008-10-21,2598.97
2008-10-22,2457.97
2008-10-23,2452.03
2008-10-24,2333.28
2008-10-28,2381.6799
2008-10-29,2515.24
2008-10-30,2528.04
2008-10-31,2591.76
2008-11-03,2610.04
2008-11-04,2755.1201
2008-11-05,2710.6499
2008-11-06,2542.04
2008-11-07,2602.54
2008-11-10,2625.8401
2008-11-11,2483.6101
2008-11-12,2400.74
2008-11-13,2429.9399
2008-11-14,2458.3101
2008-11-17,2364.8301
2008-11-18,2390.1001
2008-11-19,2295.3601
2008-11-20,2225.99
2008-11-21,2165.9099
2008-11-24,2380.3
2008-11-25,2385.8999
2008-11-26,2373.8201
2008-11-27,2427.97
2008-11-28,2430.3101
2008-12-01,2288.3899
2008-12-02,2354.1299
2008-12-03,2369.52
2008-12-04,2368.72
2008-12-05,2252.0901
2008-12-08,2449.28
2008-12-09,2480.79
2008-12-10,2495.5801
2008-12-11,2485.3899
2008-12-12,2418.9099
2008-12-15,2407.47
2008-12-16,2450.3601
2008-12-17,2444.46
2008-12-18,2452.4199
2008-12-19,2444.1399
2008-12-22,2397.6499
2008-12-23,2382.1399
2008-12-24,2382.1399
2008-12-29,2388.3
2008-12-30,2451.48
2008-12-31,2451.48
2009-01-05,2553.4099
2009-01-06,2578.4299
2009-01-07,2538.55
2009-01-08,2516.5601
2009-01-09,2486.5901
2009-01-12,2451.8701
2009-01-13,2411.28
2009-01-14,2298.46
2009-01-15,2257.6699
2009-01-16,2281.45
2009-01-19,2252.3899
2009-01-20,2200.8
2009-01-21,2188.4299
2009-01-22,2160.0701
2009-01-23,2147.8701
2009-01-26,2226.77
2009-01-27,2224.6201
2009-01-28,2322.78
2009-01-29,2269.3999
2009-01-30,2236.98
2009-02-02,2198.74
2009-02-03,2244.8899
2009-02-04,2297.73
2009-02-05,2293.23
2009-02-06,2343.6599
2009-02-09,2348.95
2009-02-10,2268.1499
2009-02-11,2267.8999
2009-02-12,2214.95
2009-02-13,2228.29
2009-02-17,2119.98
2009-02-18,2118.47
2009-02-19,2114.8401
2009-02-20,2011.6801
2009-02-23,1991.63
2009-02-24,1977.5
2009-02-25,1965.26
2009-02-26,2021.14
2009-02-27,1976.23
2009-03-02,1882.79
2009-03-03,1864.73
2009-03-04,1943.46
2009-03-05,1852.25
2009-03-06,1817.24
2009-03-09,1809.98
2009-03-10,1919.53
2009-03-11,1932.79
2009-03-12,1962.64
2009-03-13,1969.52
2009-03-16,2033.72
2009-03-17,2012.25
2009-03-18,2019.1899
2009-03-19,2039.58
2009-03-20,2050.96
2009-03-23,2121.72
2009-03-24,2127.3701
2009-03-25,2149.1799
2009-03-26,2156.97
2009-03-27,2118.76
2009-03-30,2010.61
2009-03-31,2071.1299
2009-04-01,2097.5701
2009-04-02,2216.49
2009-04-03,2198.75
2009-04-06,2179.73
2009-04-07,2165.5601
2009-04-08,2186.79
2009-04-09,2247.8899
2009-04-14,2278.6499
2009-04-15,2262.96
2009-04-16,2300.51
2009-04-17,2341.1499
2009-04-20,2249.4399
2009-04-21,2243.6299
2009-04-22,2285.6899
2009-04-23,2259.54
2009-04-24,2319.8899
2009-04-27,2317.3601
2009-04-28,2280.52
2009-04-29,2334.5901
2009-04-30,2375.3401
2009-05-04,2419.53
2009-05-05,2407.55
2009-05-06,2437.27
2009-05-07,2406.0801
2009-05-08,2462.3899
2009-05-11,2433.5901
2009-05-12,2424.3401
2009-05-13,2357.3
2009-05-14,2353.53
2009-05-15,2364.1001
2009-05-18,2422.74
2009-05-19,2459.5901
2009-05-20,2487.1699
2009-05-22,2433.52
2009-05-25,2440.23
2009-05-26,2468.45
2009-05-27,2479.48
2009-05-28,2453.1499
2009-05-29,2451.24
2009-06-02,2534.1699
2009-06-03,2483.3899
2009-06-04,2487.0801
2009-06-05,2503.1699
2009-06-08,2468.3701
2009-06-09,2479.3799
2009-06-10,2500.9399
2009-06-11,2522.3301
2009-06-12,2509.22
2009-06-15,2431.3999
2009-06-16,2425.97
2009-06-17,2383.71
2009-06-18,2414.4399
2009-06-19,2434.77
2009-06-22,2359.28
2009-06-23,2353.48
2009-06-24,2418.46
2009-06-25,2402.3201
2009-06-26,2389.9099
2009-06-29,2437.72
2009-06-30,2401.6899
2009-07-01,2449.73
2009-07-02,2369.6499
2009-07-03,2376.48
2009-07-06,2343.8799
2009-07-07,2320.8999
2009-07-08,2291.3301
2009-07-09,2313.8701
2009-07-10,2281.47
2009-07-13,2345.22
2009-07-14,2370.71
2009-07-15,2451.02
2009-07-16,2458.97
2009-07-17,2469.2
2009-07-20,2500.6899
2009-07-21,2519.99
2009-07-22,2528.8501
2009-07-23,2585.79
2009-07-24,2582.76
2009-07-27,2601.4099
2009-07-28,2573.0801
2009-07-29,2600.3101
2009-07-30,2654.74
2009-07-31,2638.1299
2009-08-03,2674.0701
2009-08-04,2670.96
2009-08-05,2643.1299
2009-08-06,2662.01
2009-08-07,2706.22
2009-08-10,2693.6101
2009-08-11,2650.9399
2009-08-12,2688.21
2009-08-13,2705.74
2009-08-14,2669.4099
2009-08-17,2603.79
2009-08-18,2630.6001
2009-08-19,2622.8799
2009-08-20,2663.6699
2009-08-21,2745.6201
2009-08-24,2778.3401
2009-08-25,2801.1399
2009-08-26,2788.8999
2009-08-27,2777.6201
2009-08-28,2803.6499
2009-08-31,2770.1101
2009-09-01,2715.74
2009-09-02,2703.76
2009-09-03,2699.22
2009-09-04,2743.3401
2009-09-08,2786.25
2009-09-09,2820.5801
2009-09-10,2817.5
2009-09-11,2831.3701
2009-09-14,2829.25
2009-09-15,2843.0
2009-09-16,2882.28
2009-09-17,2895.45
2009-09-18,2887.24
2009-09-21,2872.51
2009-09-22,2881.6001
2009-09-23,2887.24
2009-09-24,2838.22
2009-09-25,2831.95
2009-09-28,2899.1201
2009-09-29,2892.4399
2009-09-30,2872.6299
2009-10-01,2810.46
2009-10-02,2760.6001
2009-10-05,2790.78
2009-10-06,2865.7
2009-10-07,2852.1699
2009-10-08,2887.6101
2009-10-09,2882.1799
2009-10-12,2914.3501
2009-10-13,2879.0601
2009-10-14,2950.8201
2009-10-15,2939.0901
2009-10-16,2893.53
2009-10-19,2947.4099
2009-10-20,2925.0801
2009-10-21,2936.8301
2009-10-22,2902.1899
2009-10-23,2886.0801
2009-10-26,2834.8201
2009-10-27,2835.1699
2009-10-28,2778.46
2009-10-29,2824.78
2009-10-30,2743.5
2009-11-02,2762.95
2009-11-03,2712.3
2009-11-04,2763.29
2009-11-05,2793.4399
2009-11-06,2794.25
2009-11-09,2860.1101
2009-11-10,2856.4399
2009-11-11,2881.01
2009-11-12,2876.9199
2009-11-13,2883.04
2009-11-16,2926.1499
2009-11-17,2906.9199
2009-11-18,2908.53
2009-11-19,2860.29
2009-11-20,2833.0601
2009-11-23,2898.1899
2009-11-24,2877.5801
2009-11-25,2896.8999
2009-11-26,2799.4399
2009-11-27,2831.1399
2009-11-30,2797.25
2009-12-01,2871.75
2009-12-02,2877.9399
2009-12-03,2876.1399
2009-12-04,2910.3301
2009-12-07,2896.23
2009-12-08,2849.1699
2009-12-09,2818.1001
2009-12-10,2851.29
2009-12-11,2862.3201
2009-12-14,2885.0
2009-12-15,2888.5801
2009-12-16,2926.52
2009-12-17,2891.6599
2009-12-18,2871.22
2009-12-21,2926.05
2009-12-22,2945.71
2009-12-23,2957.48
2009-12-24,2957.48
2009-12-28,2982.4199
2009-12-29,2992.0801
2009-12-30,2966.24
2009-12-31,2966.24
2010-01-04,3017.8
2010-01-05,3012.3601
2010-01-06,3009.6599
2010-01-07,3007.3401
2010-01-08,3017.8501
2010-01-11,3010.24
2010-01-12,2976.8899
2010-01-13,2978.4099
2010-01-14,2989.71
2010-01-15,2940.25
2010-01-18,2957.8701
2010-01-19,2984.8201
2010-01-20,2914.6001
2010-01-21,2863.25
2010-01-22,2836.8
2010-01-25,2807.3
2010-01-26,2827.74
2010-01-27,2787.3999
2010-01-28,2737.3301
2010-01-29,2776.8301
2010-02-01,2793.29
2010-02-02,2830.01
2010-02-03,2804.6101
2010-02-04,2707.45
2010-02-05,2631.6399
2010-02-08,2664.29
2010-02-09,2668.4299
2010-02-10,2700.1699
2010-02-11,2680.25
2010-02-12,2674.46
2010-02-15,2683.8301
2010-02-16,2720.77
2010-02-17,2762.25
2010-02-18,2778.3
2010-02-19,2793.3701
2010-02-22,2778.1201
2010-02-23,2730.5701
2010-02-24,2734.95
2010-02-25,2684.4199
2010-02-26,2728.47
2010-03-01,2772.7
2010-03-02,2796.3301
2010-03-03,2822.5901
2010-03-04,2816.1001
2010-03-05,2877.4399
2010-03-08,2879.29
2010-03-09,2880.71
2010-03-10,2909.3999
2010-03-11,2895.74
2010-03-12,2898.3601
2010-03-15,2870.55
2010-03-16,2905.9299
2010-03-17,2931.3101
2010-03-18,2913.74
2010-03-19,2897.95
2010-03-22,2890.75
2010-03-23,2910.52
2010-03-24,2903.9399
2010-03-25,2948.0901
2010-03-26,2940.9399
2010-03-29,2947.49
2010-03-30,2939.6799
2010-03-31,2931.1599
2010-04-01,2978.5
2010-04-06,2989.49
2010-04-07,2974.6201
2010-04-08,2942.3101
2010-04-09,2993.54
2010-04-12,3002.23
2010-04-13,2988.24
2010-04-14,3008.03
2010-04-15,3012.6499
2010-04-16,2949.6499
2010-04-19,2940.1899
2010-04-20,2983.9099
2010-04-21,2947.6399
2010-04-22,2897.5901
2010-04-23,2918.1101
2010-04-26,2947.04
2010-04-27,2838.78
2010-04-28,2788.54
2010-04-29,2828.1201
2010-04-30,2816.8601
2010-05-03,2816.5
2010-05-04,2708.1201
2010-05-05,2679.3
2010-05-06,2611.4099
2010-05-07,2500.1799
2010-05-10,2758.8899
2010-05-11,2730.48
2010-05-12,2764.3101
2010-05-14,2633.9199
2010-05-17,2635.3401
2010-05-18,2698.21
2010-05-19,2619.48
2010-05-20,2569.5801
2010-05-21,2574.1799
2010-05-25,2488.5
2010-05-26,2530.3401
2010-05-27,2619.3601
2010-05-28,2614.0601
2010-05-31,2610.26
2010-06-01,2606.5801
2010-06-02,2601.98
2010-06-03,2634.1599
2010-06-04,2553.5901
2010-06-07,2529.97
2010-06-08,2510.8401
2010-06-09,2556.6799
2010-06-10,2608.74
2010-06-11,2638.3101
2010-06-14,2683.46
2010-06-15,2716.3
2010-06-16,2718.73
2010-06-17,2728.1201
2010-06-18,2737.02
2010-06-21,2768.27
2010-06-22,2745.97
2010-06-23,2704.8
2010-06-24,2645.3201
2010-06-25,2629.25
2010-06-28,2668.6699
2010-06-29,2556.3401
2010-06-30,2573.3201
2010-07-01,2518.6499
2010-07-02,2522.3601
2010-07-05,2507.8301
2010-07-06,2578.6899
2010-07-07,2634.3899
2010-07-08,2666.4199
2010-07-09,2681.2
2010-07-12,2686.0901
2010-07-13,2737.5901
2010-07-14,2738.96
2010-07-15,2702.8101
2010-07-16,2645.6101
2010-07-19,2634.6001
2010-07-20,2627.28
2010-07-21,2639.52
2010-07-22,2714.21
2010-07-23,2719.1299
2010-07-26,2743.1201
2010-07-27,2769.3101
2010-07-28,2766.1101
2010-07-29,2752.9299
2010-07-30,2742.1399
2010-08-02,2822.1699
2010-08-03,2818.97
2010-08-04,2825.0801
2010-08-05,2819.3401
2010-08-06,2779.3401
2010-08-09,2827.27
2010-08-10,2800.02
2010-08-11,2724.1599
2010-08-12,2720.8501
2010-08-13,2708.73
2010-08-16,2698.29
2010-08-17,2737.6899
2010-08-18,2728.6599
2010-08-19,2675.02
2010-08-20,2643.98
2010-08-23,2660.8401
2010-08-24,2614.54
2010-08-25,2587.3999
2010-08-26,2606.8899
2010-08-27,2630.3501
2010-08-30,2616.5701
2010-08-31,2622.95
2010-09-01,2715.27
2010-09-02,2715.1899
2010-09-03,2746.23
2010-09-06,2753.6001
2010-09-07,2727.1599
2010-09-08,2752.8899
2010-09-09,2782.4299
2010-09-10,2780.3999
2010-09-13,2805.0601
2010-09-14,2806.47
2010-09-15,2794.3601
2010-09-16,2784.6101
2010-09-17,2757.3701
2010-09-20,2802.6699
2010-09-21,2794.55
2010-09-22,2752.77
2010-09-23,2738.6101
2010-09-24,2792.75
2010-09-27,2776.3301
2010-09-28,2774.6201
2010-09-29,2752.71
2010-09-30,2747.8999
2010-10-01,2732.9099
2010-10-04,2701.02
2010-10-05,2758.5601
2010-10-06,2780.0
2010-10-07,2786.8799
2010-10-08,2785.4299
2010-10-11,2789.72
2010-10-12,2775.75
2010-10-13,2840.55
2010-10-14,2836.1101
2010-10-15,2841.6499
2010-10-18,2850.72
2010-10-19,2837.3301
2010-10-20,2851.52
2010-10-21,2882.29
2010-10-22,2873.74
2010-10-25,2871.48
2010-10-26,2856.3101
2010-10-27,2829.4199
2010-10-28,2845.53
2010-10-29,2844.99
2010-11-01,2836.73
2010-11-02,2861.01
2010-11-03,2830.4299
2010-11-04,2884.21
2010-11-05,2875.9399
2010-11-08,2867.96
2010-11-09,2890.6399
2010-11-10,2845.9299
2010-11-11,2831.22
2010-11-12,2822.4299
2010-11-15,2848.45
2010-11-16,2781.77
2010-11-17,2802.7
2010-11-18,2855.23
2010-11-19,2845.75
2010-11-22,2811.4299
2010-11-23,2739.3701
2010-11-24,2758.02
2010-11-25,2765.05
2010-11-26,2736.96
2010-11-29,2669.96
2010-11-30,2650.99
2010-12-01,2721.8701
2010-12-02,2781.3899
2010-12-03,2782.3899
2010-12-06,2769.96
2010-12-07,2802.74
2010-12-08,2818.95
2010-12-09,2840.71
2010-12-10,2839.53
2010-12-13,2855.3701
2010-12-14,2861.6699
2010-12-15,2841.99
2010-12-16,2845.78
2010-12-17,2821.77
2010-12-20,2839.22
2010-12-21,2876.99
2010-12-22,2869.6299
2010-12-23,2864.52
2010-12-27,2826.51
2010-12-28,2824.3
2010-12-29,2841.23
2010-12-30,2807.04
2011-01-03,2839.4299
2011-01-04,2844.1699
2011-01-05,2833.74
2011-01-06,2836.23
2011-01-07,2808.25
2011-01-10,2760.8799
2011-01-11,2796.6001
2011-01-12,2879.1101
2011-01-13,2915.6201
2011-01-14,2920.3999
2011-01-17,2910.6299
2011-01-18,2945.6201
2011-01-19,2923.76
2011-01-20,2927.4199
2011-01-21,2970.5601
2011-01-24,2979.0601
2011-01-25,2957.78
2011-01-26,2967.78
2011-01-27,2989.75
2011-01-28,2954.1299
2011-01-31,2953.6299
2011-02-01,3006.8101
2011-02-02,3012.7
2011-02-03,2995.49
2011-02-04,3003.1899
2011-02-07,3031.1799
2011-02-08,3042.5
2011-02-09,3031.6201
2011-02-10,3025.6799
2011-02-11,3024.3701
2011-02-14,3018.3799
2011-02-15,3030.46
2011-02-16,3061.9199
2011-02-17,3064.54
2011-02-18,3068.0
2011-02-21,3012.3401
2011-02-22,2983.3301
2011-02-23,2954.9199
2011-02-24,2949.1299
2011-02-25,2985.02
2011-02-28,3013.0901
2011-03-01,2983.27
2011-03-02,2958.8
2011-03-03,2969.24
2011-03-04,2949.1799
2011-03-07,2931.4199
2011-03-08,2945.4199
2011-03-09,2935.1101
2011-03-10,2909.73
2011-03-11,2883.8401
2011-03-14,2852.1101
2011-03-15,2784.2
2011-03-16,2721.24
2011-03-17,2786.1599
2011-03-18,2792.6101
2011-03-21,2860.8101
2011-03-22,2854.79
2011-03-23,2866.23
2011-03-24,2909.78
2011-03-25,2911.3301
2011-03-28,2914.76
2011-03-29,2910.9299
2011-03-30,2936.4399
2011-03-31,2910.9099
2011-04-01,2962.9199
2011-04-04,2955.8401
2011-04-05,2950.96
2011-04-06,2971.48
2011-04-07,2963.6899
2011-04-08,2984.6599
2011-04-11,2974.5801
2011-04-12,2932.3301
2011-04-13,2949.98
2011-04-14,2917.72
2011-04-15,2919.05
2011-04-18,2847.96
2011-04-19,2857.6101
2011-04-20,2921.4299
2011-04-21,2936.3
2011-04-26,2955.3601
2011-04-27,2977.5901
2011-04-28,3005.3301
2011-04-29,3011.25
2011-05-02,3008.8899
2011-05-03,3000.3899
2011-05-04,2952.02
2011-05-05,2926.54
2011-05-06,2952.8999
2011-05-09,2902.3999
2011-05-10,2939.02
2011-05-11,2942.4299
2011-05-12,2917.05
2011-05-13,2894.6001
2011-05-16,2881.3101
2011-05-17,2849.6001
2011-05-18,2867.3
2011-05-19,2890.6001
2011-05-20,2853.98
2011-05-23,2794.26
2011-05-24,2801.27
2011-05-25,2816.8401
2011-05-26,2799.8201
2011-05-27,2819.3999
2011-06-01,2827.6599
2011-06-03,2789.1101
2011-06-06,2765.3301
2011-06-07,2774.5
2011-06-08,2752.0601
2011-06-09,2778.1201
2011-06-10,2732.54
2011-06-14,2779.9399
2011-06-15,2731.5
2011-06-16,2730.6201
2011-06-17,2770.1201
2011-06-20,2748.01
2011-06-21,2801.99
2011-06-22,2795.0701
2011-06-23,2730.8601
2011-06-24,2715.8799
2011-06-27,2723.9299
2011-06-28,2750.49
2011-06-29,2802.55
2011-06-30,2848.53
2011-07-01,2875.6699
2011-07-04,2870.1899
2011-07-05,2850.51
2011-07-06,2832.6299
2011-07-07,2844.51
2011-07-08,2790.0901
2011-07-11,2709.1399
2011-07-12,2693.53
2011-07-13,2715.05
2011-07-14,2631.98
2011-07-15,2675.3799
2011-07-18,2622.3601
2011-07-19,2631.98
2011-07-20,2705.75
2011-07-21,2631.98
2011-07-22,2772.6001
2011-07-25,2742.7
2011-07-26,2739.6499
2011-07-27,2693.71
2011-07-28,2692.76
2011-07-29,2670.3701
2011-08-02,2544.8899
2011-08-03,2497.8301
2011-08-04,2412.29
2011-08-05,2375.1499
2011-08-08,2286.9099
2011-08-09,2294.24
2011-08-10,2153.77
2011-08-11,2215.45
2011-08-12,2307.3301
2011-08-15,2324.48
2011-08-16,2323.6699
2011-08-17,2331.1201
2011-08-18,2206.6101
2011-08-19,2159.0701
2011-08-22,2183.3899
2011-08-23,2199.98
2011-08-24,2238.7
2011-08-25,2216.7
2011-08-26,2190.4399
2011-08-29,2239.3
2011-08-30,2239.1399
2011-08-31,2302.0801
2011-09-01,2305.75
2011-09-02,2220.72
2011-09-05,2107.27
2011-09-06,2080.1001
2011-09-07,2151.1599
2011-09-08,2163.3999
2011-09-09,2073.6699
2011-09-12,1995.01
2011-09-13,2036.64
2011-09-14,2083.3799
2011-09-15,2155.6201
2011-09-16,2159.28
2011-09-19,2096.1001
2011-09-20,2140.4099
2011-09-21,2098.49
2011-09-22,1995.75
2011-09-23,2026.03
2011-09-26,2083.3501
2011-09-27,2194.03
2011-09-28,2176.6399
2011-09-29,2212.4399
2011-09-30,2179.6599
2011-10-03,2138.24
2011-10-04,2091.0901
2011-10-05,2179.4199
2011-10-06,2248.78
2011-10-07,2269.1899
2011-10-10,2320.8
2011-10-11,2315.97
2011-10-12,2372.1499
2011-10-13,2332.52
2011-10-14,2355.48
2011-10-17,2315.8899
2011-10-18,2306.8101
2011-10-19,2330.0801
2011-10-20,2271.77
2011-10-21,2337.51
2011-10-24,2369.0701
2011-10-25,2343.96
2011-10-26,2335.0601
2011-10-27,2476.9199
2011-10-28,2462.3601
2011-10-31,2385.22
2011-11-01,2259.73
2011-11-02,2291.8899
2011-11-03,2347.9399
2011-11-04,2291.47
2011-11-07,2275.9199
2011-11-08,2303.2
2011-11-09,2249.3899
2011-11-10,2254.9199
2011-11-11,2324.8101
2011-11-14,2288.3201
2011-11-15,2254.0
2011-11-16,2267.96
2011-11-17,2242.78
2011-11-18,2236.6799
2011-11-21,2160.28
2011-11-22,2136.8101
2011-11-23,2096.79
2011-11-25,2111.26
2011-11-28,2221.76
2011-11-29,2234.1699
2011-11-30,2330.4299
2011-12-01,2313.8401
2011-12-02,2342.5
2011-12-05,2369.3899
2011-12-06,2356.71
2011-12-07,2344.9199
2011-12-08,2288.05
2011-12-09,2342.5901
2011-12-12,2269.46
2011-12-13,2260.98
2011-12-14,2205.9099
2011-12-15,2224.8899
2011-12-16,2202.72
2011-12-19,2202.95
2011-12-20,2262.3899
2011-12-21,2244.3501
2011-12-22,2273.02
2011-12-23,2290.3701
2011-12-27,2290.3101
2011-12-28,2255.03
2011-12-29,2292.28
2011-12-30,2316.55
2012-01-03,2389.9099
2012-01-04,2349.8899
2012-01-05,2315.75
2012-01-06,2298.6499
2012-01-09,2286.45
2012-01-10,2347.47
2012-01-11,2339.51
2012-01-12,2345.8501
2012-01-13,2338.01
2012-01-16,2361.5601
2012-01-17,2396.6299
2012-01-18,2390.6399
2012-01-19,2435.04
2012-01-20,2426.96
2012-01-23,2441.4399
2012-01-24,2432.0701
2012-01-25,2421.1201
2012-01-26,2460.3999
2012-01-27,2436.6201
2012-01-30,2404.6201
2012-01-31,2416.6599
2012-02-01,2470.79
2012-02-02,2478.1499
2012-02-03,2515.1499
2012-02-06,2507.8899
2012-02-07,2514.1201
2012-02-08,2512.9199
2012-02-09,2522.3401
2012-02-10,2480.76
2012-02-13,2491.54
2012-02-14,2488.29
2012-02-15,2493.96
2012-02-16,2489.3501
2012-02-17,2520.3101
2012-02-21,2541.6001
2012-02-22,2519.0
2012-02-23,2508.0801
2012-02-24,2523.6899
2012-02-27,2513.0601
2012-02-28,2519.72
2012-02-29,2512.1101
2012-03-01,2548.6599
2012-03-02,2546.1599
2012-03-05,2529.8601
2012-03-06,2443.52
2012-03-07,2460.77
2012-03-08,2514.22
2012-03-09,2515.95
2012-03-12,2514.97
2012-03-13,2556.8201
2012-03-14,2574.79
2012-03-15,2593.97
2012-03-16,2608.3
2012-03-19,2608.4199
2012-03-20,2576.6101
2012-03-21,2567.5801
2012-03-22,2530.22
2012-03-23,2525.4299
2012-03-26,2539.8701
2012-03-27,2525.21
2012-03-28,2496.6799
2012-03-29,2452.74
2012-03-30,2477.28
2012-04-02,2501.1799
2012-04-03,2458.98
2012-04-04,2398.46
2012-04-05,2392.54
2012-04-10,2321.53
2012-04-11,2341.3601
2012-04-12,2352.24
2012-04-13,2291.51
2012-04-16,2301.1899
2012-04-17,2367.05
2012-04-18,2327.8401
2012-04-19,2284.6699
2012-04-20,2311.27
2012-04-23,2244.8301
2012-04-24,2284.0801
2012-04-25,2322.9099
2012-04-26,2322.6899
2012-04-27,2344.02
2012-04-30,2306.4299
2012-05-02,2290.3101
2012-05-03,2287.1001
2012-05-04,2248.3401
2012-05-07,2283.0901
2012-05-08,2236.1101
2012-05-09,2225.6299
2012-05-10,2247.3799
2012-05-11,2254.54
2012-05-14,2201.95
2012-05-15,2178.6699
2012-05-16,2175.3401
2012-05-18,2144.6899
2012-05-21,2150.1599
2012-05-22,2192.8501
2012-05-23,2134.05
2012-05-24,2156.52
2012-05-25,2161.8701
2012-05-29,2160.3101
2012-05-30,2116.1799
2012-05-31,2118.9399
2012-06-01,2068.6599
2012-06-04,2078.96
2012-06-05,2087.3101
2012-06-06,2137.73
2012-06-07,2143.0801
2012-06-08,2143.8999
2012-06-11,2137.7
2012-06-12,2143.3799
2012-06-13,2143.5
2012-06-14,2148.21
2012-06-15,2181.23
2012-06-18,2155.6399
2012-06-19,2198.01
2012-06-20,2207.49
2012-06-21,2199.4199
2012-06-22,2186.8101
2012-06-25,2130.71
2012-06-26,2127.95
2012-06-27,2165.6101
2012-06-28,2157.6201
2012-06-29,2264.72
2012-07-02,2292.0801
2012-07-03,2320.4299
2012-07-04,2312.4099
2012-07-05,2284.9199
2012-07-06,2235.51
2012-07-09,2227.9099
2012-07-10,2241.8501
2012-07-11,2246.23
2012-07-12,2228.01
2012-07-13,2259.0901
2012-07-16,2251.96
2012-07-17,2250.75
2012-07-18,2284.7
2012-07-19,2302.45
2012-07-20,2237.3301
2012-07-23,2179.3101
2012-07-24,2151.54
2012-07-25,2159.0901
2012-07-26,2251.05
2012-07-27,2301.23
2012-07-30,2340.3101
2012-07-31,2325.72
2012-08-02,2263.3601
2012-08-03,2372.5801
2012-08-06,2399.3201
2012-08-07,2440.24
2012-08-08,2432.28
2012-08-09,2437.04
2012-08-10,2423.22
2012-08-13,2415.96
2012-08-14,2432.29
2012-08-15,2430.3899
2012-08-16,2456.53
2012-08-17,2471.53
2012-08-20,2466.3201
2012-08-21,2490.27
2012-08-22,2452.73
2012-08-23,2429.1699
2012-08-24,2434.23
2012-08-27,2461.8201
2012-08-28,2442.1201
2012-08-29,2434.23
2012-08-30,2403.8
2012-08-31,2440.71
2012-09-03,2463.1699
2012-09-04,2436.54
2012-09-05,2441.8101
2012-09-06,2524.95
2012-09-07,2538.6001
2012-09-10,2528.53
2012-09-11,2557.6499
2012-09-12,2564.8
2012-09-13,2543.22
2012-09-14,2594.5601
2012-09-17,2583.5701
2012-09-18,2553.3999
2012-09-19,2567.6699
2012-09-20,2553.03
2012-09-21,2577.0801
2012-09-24,2557.8899
2012-09-25,2568.48
2012-09-26,2498.52
2012-09-27,2506.0601
2012-09-28,2454.26
2012-10-01,2498.8101
2012-10-02,2493.5901
2012-10-03,2492.48
2012-10-04,2485.75
2012-10-05,2531.21
2012-10-08,2496.0901
2012-10-09,2472.23
2012-10-10,2456.54
2012-10-11,2487.0801
2012-10-12,2469.0901
2012-10-15,2485.1201
2012-10-16,2547.8999
2012-10-17,2569.8301
2012-10-18,2574.1899
2012-10-19,2542.24
2012-10-22,2531.1001
2012-10-23,2477.9199
2012-10-24,2490.5801
2012-10-25,2483.4299
2012-10-26,2496.1001
2012-10-29,2478.8401
2012-10-30,2515.99
2012-10-31,2503.6399
2012-11-01,2533.8701
2012-11-02,2547.1499
2012-11-05,2517.6699
2012-11-06,2535.9399
2012-11-07,2479.1001
2012-11-08,2479.1299
2012-11-09,2479.8201
2012-11-12,2473.52
2012-11-13,2493.1399
2012-11-14,2472.8401
2012-11-15,2461.77
2012-11-16,2427.3201
2012-11-19,2495.21
2012-11-20,2509.6201
2012-11-21,2519.6799
2012-11-22,2535.0901
2012-11-23,2557.03
2012-11-26,2542.52
2012-11-27,2543.45
2012-11-28,2546.8401
2012-11-29,2581.6899
2012-11-30,2575.25
2012-12-03,2582.3601
2012-12-04,2590.8301
2012-12-05,2592.0901
2012-12-06,2603.4099
2012-12-07,2601.3701
2012-12-10,2596.02
2012-12-11,2624.03
2012-12-12,2630.3401
2012-12-13,2627.6599
2012-12-14,2630.54
2012-12-17,2628.01
2012-12-18,2643.5
2012-12-19,2654.6899
2012-12-20,2658.3
2012-12-21,2651.0901
2012-12-27,2659.95
2012-12-28,2626.8501
2013-01-03,2701.22
2013-01-04,2709.3501
2013-01-07,2695.5601
2013-01-08,2691.45
2013-01-09,2706.3899
2013-01-10,2708.27
2013-01-11,2717.79
2013-01-14,2715.1599
2013-01-15,2701.5901
2013-01-16,2702.54
2013-01-17,2718.9299
2013-01-18,2709.5901
2013-01-21,2726.6299
2013-01-22,2716.7
2013-01-23,2708.28
2013-01-24,2722.96
2013-01-25,2744.1799
2013-01-28,2744.5
2013-01-29,2749.27
2013-01-30,2732.1201
2013-01-31,2702.98
2013-02-01,2710.0801
2013-02-04,2625.1699
2013-02-05,2651.21
2013-02-06,2617.3501
2013-02-07,2597.9199
2013-02-08,2630.3
2013-02-11,2622.6101
2013-02-12,2648.8301
2013-02-13,2656.8601
2013-02-14,2635.3501
2013-02-15,2615.26
2013-02-18,2616.6499
2013-02-19,2662.3701
2013-02-20,2640.3501
2013-02-21,2579.76
2013-02-22,2630.05
2013-02-25,2651.8601
2013-02-26,2570.52
2013-02-27,2611.8899
2013-02-28,2633.55
2013-03-01,2616.75
2013-03-04,2619.78
2013-03-05,2683.02
2013-03-06,2679.8899
2013-03-07,2690.8501
2013-03-08,2728.78
2013-03-11,2718.71
2013-03-12,2711.8501
2013-03-13,2704.73
2013-03-14,2744.7
2013-03-15,2725.72
2013-03-18,2705.47
2013-03-19,2671.96
2013-03-20,2708.8999
2013-03-21,2683.9199
2013-03-22,2681.6699
2013-03-25,2649.28
2013-03-26,2641.1201
2013-03-27,2612.46
2013-03-28,2624.02
2013-04-02,2679.8
2013-04-03,2639.01
2013-04-04,2621.4299
2013-04-05,2585.28
2013-04-08,2589.25
2013-04-09,2595.1299
2013-04-10,2661.6201
2013-04-11,2674.3301
2013-04-12,2633.47
2013-04-15,2624.71
2013-04-16,2609.3
2013-04-17,2553.49
2013-04-18,2555.5
2013-04-19,2575.1599
2013-04-22,2583.6201
2013-04-23,2662.8799
2013-04-24,2702.05
2013-04-25,2704.4099
2013-04-26,2683.4299
2013-04-29,2717.3799
2013-04-30,2712.0
2013-05-02,2718.8999
2013-05-03,2763.6799
2013-05-06,2750.52
2013-05-07,2769.0801
2013-05-08,2784.6201
2013-05-10,2785.24
2013-05-13,2777.3899
2013-05-14,2795.6299
2013-05-15,2809.5801
2013-05-16,2806.7
2013-05-17,2817.99
2013-05-21,2821.6499
2013-05-22,2835.01
2013-05-23,2776.78
2013-05-24,2764.29
2013-05-27,2795.0
2013-05-28,2835.8701
2013-05-29,2786.54
2013-05-30,2799.2
2013-05-31,2769.6399
2013-06-03,2747.74
2013-06-04,2755.7
2013-06-05,2709.3301
2013-06-06,2676.21
2013-06-07,2724.0801
2013-06-10,2719.3999
2013-06-11,2683.2
2013-06-12,2666.52
2013-06-13,2661.71
2013-06-14,2667.3201
2013-06-17,2702.6899
2013-06-18,2700.9299
2013-06-19,2683.98
2013-06-20,2586.45
2013-06-21,2549.48
2013-06-24,2511.8301
2013-06-25,2543.3701
2013-06-26,2602.8101
2013-06-27,2619.8601
2013-06-28,2602.5901
2013-07-01,2622.6201
2013-07-02,2603.2
2013-07-03,2570.76
2013-07-04,2646.54
2013-07-05,2596.01
2013-07-08,2650.8501
2013-07-09,2664.1399
2013-07-10,2659.71
2013-07-11,2681.3201
2013-07-12,2674.8701
2013-07-15,2686.6899
2013-07-16,2665.6101
2013-07-17,2681.8799
2013-07-18,2717.99
2013-07-19,2716.1699
2013-07-22,2725.3999
2013-07-23,2722.8999
2013-07-24,2752.25
2013-07-25,2740.29
2013-07-26,2741.96
2013-07-29,2741.73
2013-07-30,2759.21
2013-07-31,2768.1499
2013-08-02,2811.0
2013-08-05,2809.0801
2013-08-06,2790.78
2013-08-07,2794.4399
2013-08-08,2816.8799
2013-08-09,2825.6201
2013-08-12,2827.1499
2013-08-13,2841.6101
2013-08-14,2852.0801
2013-08-15,2835.8601
2013-08-16,2854.27
2013-08-19,2823.3501
2013-08-20,2787.98
2013-08-21,2774.5801
2013-08-22,2812.3201
2013-08-23,2826.05
2013-08-26,2821.45
2013-08-27,2749.27
2013-08-28,2742.6101
2013-08-29,2758.3101
2013-08-30,2721.3701
2013-09-03,2753.3501
2013-09-04,2758.29
2013-09-05,2774.2
2013-09-06,2803.4199
2013-09-09,2798.3101
2013-09-10,2851.3999
2013-09-11,2863.4399
2013-09-12,2862.0701
2013-09-13,2867.1101
2013-09-16,2894.6399
2013-09-17,2890.95
2013-09-18,2908.9199
2013-09-19,2936.2
2013-09-20,2927.1899
2013-09-23,2906.3501
2013-09-24,2922.9299
2013-09-25,2927.3501
2013-09-26,2922.99
2013-09-27,2919.3401
2013-09-30,2893.1499
2013-10-01,2933.02
2013-10-02,2918.3101
2013-10-03,2902.1201
2013-10-04,2928.3101
2013-10-07,2923.04
2013-10-08,2903.3501
2013-10-09,2904.73
2013-10-10,2969.4099
2013-10-11,2974.28
2013-10-14,2977.6899
2013-10-15,3004.5601
2013-10-16,3015.3999
2013-10-17,3010.3899
2013-10-18,3033.3101
2013-10-21,3028.6499
2013-10-22,3045.77
2013-10-23,3017.1599
2013-10-24,3038.96
2013-10-25,3034.5
2013-10-28,3022.04
2013-10-29,3050.6399
2013-10-30,3040.6899
2013-10-31,3067.95
2013-11-01,3052.1399
2013-11-04,3061.1799
2013-11-05,3035.9199
2013-11-06,3056.3999
2013-11-07,3042.98
2013-11-08,3034.9099
2013-11-11,3052.8301
2013-11-12,3034.6799
2013-11-13,3021.1699
2013-11-14,3053.6899
2013-11-15,3054.53
2013-11-18,3081.3
2013-11-19,3049.1699
2013-11-20,3047.3201
2013-11-21,3044.3401
2013-11-22,3055.98
2013-11-25,3072.75
2013-11-26,3062.6201
2013-11-27,3082.6499
2013-11-28,3092.4199
2013-11-29,3086.6399
2013-12-02,3077.23
2013-12-03,3013.8799
2013-12-04,2991.76
2013-12-05,2953.1699
2013-12-06,2979.9399
2013-12-09,2988.6699
2013-12-10,2960.8601
2013-12-11,2947.3101
2013-12-12,2928.1201
2013-12-13,2921.9199
2013-12-16,2978.77
2013-12-17,2941.76
2013-12-18,2975.0901
2013-12-19,3014.7
2013-12-20,3049.3501
2013-12-23,3070.9099
2013-12-27,3111.3701
2013-12-30,3100.9299
2014-01-03,3074.4299
2014-01-06,3069.1599
2014-01-07,3110.96
2014-01-08,3110.6599
2014-01-09,3090.26
2014-01-10,3104.1499
2014-01-13,3111.9399
2014-01-14,3119.53
2014-01-15,3168.76
2014-01-16,3150.2
2014-01-17,3154.1001
2014-01-20,3153.1699
2014-01-21,3153.0801
2014-01-22,3151.27
2014-01-23,3117.0801
2014-01-24,3028.2
2014-01-27,3014.6201
2014-01-28,3038.6001
2014-01-29,3011.45
2014-01-30,3027.3
2014-01-31,3013.96
2014-02-03,2963.96
2014-02-04,2962.49
2014-02-05,2962.51
2014-02-06,3010.79
2014-02-07,3038.49
2014-02-10,3032.53
2014-02-11,3077.0801
2014-02-12,3094.8899
2014-02-13,3097.95
2014-02-14,3119.0601
2014-02-18,3117.4399
2014-02-19,3120.8
2014-02-20,3121.5901
2014-02-21,3131.6699
2014-02-24,3157.3101
2014-02-25,3157.48
2014-02-26,3148.1899
2014-02-27,3134.9399
2014-02-28,3149.23
2014-03-03,3053.99
2014-03-04,3136.3301
2014-03-05,3135.97
2014-03-06,3144.53
2014-03-07,3095.3101
2014-03-10,3092.79
2014-03-11,3092.55
2014-03-12,3065.46
2014-03-13,3019.54
2014-03-14,3004.6399
2014-03-17,3049.1899
2014-03-18,3073.75
2014-03-19,3076.3601
2014-03-20,3088.8999
2014-03-21,3096.49
2014-03-24,3052.9099
2014-03-25,3096.6399
2014-03-26,3130.1699
2014-03-27,3133.75
2014-03-28,3172.4299
2014-03-31,3161.6001
2014-04-01,3186.3401
2014-04-02,3187.45
2014-04-03,3206.76
2014-04-04,3230.3301
2014-04-07,3185.97
2014-04-08,3177.6599
2014-04-09,3182.79
2014-04-10,3152.8601
2014-04-11,3116.54
2014-04-14,3131.5701
2014-04-15,3091.52
2014-04-16,3139.26
2014-04-17,3155.8101
2014-04-22,3199.6899
2014-04-23,3175.97
2014-04-24,3189.8101
2014-04-25,3147.3999
2014-04-28,3165.8401
2014-04-29,3208.6799
2014-04-30,3198.3899
2014-05-02,3177.8899
2014-05-05,3171.29
2014-05-06,3149.79
2014-05-07,3159.6699
2014-05-08,3204.3
2014-05-09,3184.0901
2014-05-12,3206.97
2014-05-13,3211.78
2014-05-14,3210.4199
2014-05-15,3163.22
2014-05-16,3172.72
2014-05-19,3169.8999
2014-05-20,3163.9299
2014-05-21,3187.0801
2014-05-22,3187.6299
2014-05-23,3203.28
2014-05-26,3240.3899
2014-05-27,3244.28
2014-05-28,3246.24
2014-05-30,3244.6001
2014-06-02,3247.8
2014-06-03,3241.04
2014-06-04,3237.9299
2014-06-05,3267.05
2014-06-06,3294.28
2014-06-10,3313.8
2014-06-11,3289.0901
2014-06-12,3284.28
2014-06-13,3282.8401
2014-06-16,3261.4199
2014-06-17,3275.3301
2014-06-18,3279.2
2014-06-19,3314.8
2014-06-20,3302.3601
2014-06-23,3282.5801
2014-06-24,3284.8101
2014-06-25,3252.3101
2014-06-26,3233.1899
2014-06-27,3227.8501
2014-06-30,3228.24
2014-07-01,3258.71
2014-07-02,3252.25
2014-07-03,3289.75
2014-07-04,3270.47
2014-07-07,3230.9199
2014-07-08,3184.3799
2014-07-09,3203.1001
2014-07-10,3150.5901
2014-07-11,3157.05
2014-07-14,3185.8601
2014-07-15,3153.75
2014-07-16,3202.9399
2014-07-17,3157.8201
2014-07-18,3164.21
2014-07-21,3137.0601
2014-07-22,3189.22
2014-07-23,3193.1299
2014-07-24,3220.0701
2014-07-25,3174.99
2014-07-28,3171.55
2014-07-29,3190.54
2014-07-30,3169.23
2014-07-31,3115.51
2014-08-04,3070.46
2014-08-05,3072.2
2014-08-06,3050.3701
2014-08-07,3012.8799
2014-08-08,3006.8301
2014-08-11,3047.5601
2014-08-12,3023.77
2014-08-13,3056.1699
2014-08-14,3058.1599
2014-08-15,3033.52
2014-08-18,3073.45
2014-08-19,3091.1101
2014-08-20,3083.5
2014-08-21,3124.5601
2014-08-22,3098.5
2014-08-25,3165.47
2014-08-26,3197.54
2014-08-27,3194.45
2014-08-28,3164.4399
2014-08-29,3172.6299
2014-09-01,3175.05
2014-09-02,3180.29
2014-09-03,3218.8401
2014-09-04,3277.25
2014-09-05,3275.25
2014-09-08,3267.54
2014-09-09,3245.4299
2014-09-10,3244.1599
2014-09-11,3237.76
2014-09-12,3235.0701
2014-09-15,3231.7
2014-09-16,3221.73
2014-09-17,3237.4399
2014-09-18,3271.3701
2014-09-19,3273.25
2014-09-22,3257.48
2014-09-23,3205.9299
2014-09-24,3244.01
2014-09-25,3202.3101
2014-09-26,3219.5801
2014-09-29,3186.95
2014-09-30,3225.9299
2014-10-01,3195.0801
2014-10-02,3106.4199
2014-10-03,3133.3701
2014-10-06,3138.6699
2014-10-07,3082.1001
2014-10-08,3053.3101
2014-10-09,3042.45
2014-10-10,2991.5
2014-10-13,2998.3201
2014-10-14,3000.99
2014-10-15,2892.55
2014-10-16,2874.6499
2014-10-17,2962.24
2014-10-20,2927.3
2014-10-21,2991.46
2014-10-22,3008.53
2014-10-23,3044.3
2014-10-24,3030.3701
2014-10-27,2998.8401
2014-10-28,3036.1499
2014-10-29,3022.4199
2014-10-30,3035.8999
2014-10-31,3113.3201
2014-11-03,3082.3201
2014-11-04,3034.24
2014-11-05,3091.54
2014-11-06,3102.0701
2014-11-07,3064.9199
2014-11-10,3094.6001
2014-11-11,3104.5901
2014-11-12,3047.3
2014-11-13,3056.8
2014-11-14,3059.99
2014-11-17,3084.79
2014-11-18,3120.4199
2014-11-19,3123.1201
2014-11-20,3102.21
2014-11-21,3194.22
2014-11-24,3211.7
2014-11-25,3226.1499
2014-11-26,3226.0801
2014-11-27,3244.9199
2014-11-28,3250.9299
2014-12-01,3232.9099
2014-12-02,3238.3501
2014-12-03,3247.72
2014-12-04,3191.25
2014-12-05,3277.3799
2014-12-08,3247.99
2014-12-09,3162.77
2014-12-10,3150.95
2014-12-11,3159.1101
2014-12-12,3067.3201
2014-12-15,2982.8999
2014-12-16,3049.99
2014-12-17,3051.99
2014-12-18,3153.77
2014-12-19,3141.28
2014-12-22,3154.9099
2014-12-23,3192.47
2014-12-30,3135.95
2015-01-05,3023.1399
2015-01-07,3026.79
2015-01-08,3135.0801
2015-01-09,3042.8999
2015-01-12,3084.1799
2015-01-13,3133.8601
2015-01-14,3089.6699
2015-01-15,3157.3601
2015-01-16,3202.24
2015-01-19,3220.8999
2015-01-20,3244.9199
2015-01-21,3269.73
2015-01-22,3322.6499
2015-01-23,3382.55
2015-01-26,3414.28
2015-01-27,3372.5801
2015-01-28,3358.96
2015-01-29,3371.8301
2015-01-30,3351.4399
2015-02-02,3370.1101
2015-02-03,3414.1799
2015-02-04,3415.53
2015-02-05,3408.96
2015-02-06,3398.1599
2015-02-09,3347.75
2015-02-10,3383.1299
2015-02-11,3374.1399
2015-02-12,3417.6101
2015-02-13,3447.5901
2015-02-16,3433.3
2015-02-17,3438.4399
2015-02-18,3465.8
2015-02-19,3488.0801
2015-02-20,3490.53
2015-02-23,3519.5801
2015-02-24,3547.1001
2015-02-25,3541.78
2015-02-26,3574.9399
2015-02-27,3599.0
2015-03-02,3591.0901
2015-03-03,3549.1101
2015-03-04,3583.4399
2015-03-05,3618.21
2015-03-06,3617.6201
2015-03-09,3610.28
2015-03-10,3567.25
2015-03-11,3649.54
2015-03-12,3641.3201
2015-03-13,3656.21
2015-03-16,3706.75
2015-03-17,3672.1599
2015-03-18,3668.52
2015-03-19,3670.73
2015-03-20,3726.0701
2015-03-23,3699.04
2015-03-24,3731.3501
2015-03-25,3684.04
2015-03-26,3669.79
2015-03-27,3679.03
2015-03-30,3727.8
2015-03-31,3697.3799
2015-04-01,3714.8899
2015-04-02,3715.27
2015-04-07,3768.72
2015-04-08,3742.6299
2015-04-09,3781.79
2015-04-10,3816.76
2015-04-13,3828.78
2015-04-14,3784.53
2015-04-15,3803.55
2015-04-16,3751.72
2015-04-17,3674.05
2015-04-20,3718.04
2015-04-21,3719.3799
2015-04-22,3724.49
2015-04-23,3697.8799
2015-04-24,3713.96
2015-04-27,3771.45
2015-04-28,3715.4199
2015-04-29,3617.1101
2015-04-30,3615.5901
2015-05-04,3632.9399
2015-05-05,3546.5601
2015-05-06,3558.03
2015-05-07,3556.21
2015-05-08,3649.48
2015-05-11,3624.4099
2015-05-12,3573.1001
2015-05-13,3553.4199
2015-05-15,3573.0701
2015-05-18,3589.22
2015-05-19,3670.52
2015-05-20,3683.48
2015-05-21,3688.72
2015-05-22,3679.1399
2015-05-26,3619.3
2015-05-27,3682.8701
2015-05-28,3650.71
2015-05-29,3570.78
2015-06-01,3575.04
2015-06-02,3561.8899
2015-06-03,3583.8201
2015-06-04,3556.3799
2015-06-05,3510.01
2015-06-08,3468.3101
2015-06-09,3456.79
2015-06-10,3526.48
2015-06-11,3551.9099
2015-06-12,3502.77
2015-06-15,3438.0701
2015-06-16,3454.0901
2015-06-17,3428.76
2015-06-18,3450.45
2015-06-19,3455.8
2015-06-22,3596.0701
2015-06-23,3625.97
2015-06-24,3610.95
2015-06-25,3610.9099
2015-06-26,3621.3701
2015-06-29,3468.8999
2015-06-30,3424.3
2015-07-01,3496.28
2015-07-02,3463.25
2015-07-03,3441.76
2015-07-06,3365.2
2015-07-07,3294.1899
2015-07-08,3327.5
2015-07-09,3420.03
2015-07-10,3528.8101
2015-07-13,3590.4299
2015-07-14,3607.1899
2015-07-15,3623.8701
2015-07-16,3676.4099
2015-07-17,3670.3401
2015-07-20,3686.5801
2015-07-21,3647.96
2015-07-22,3635.5801
2015-07-23,3634.6399
2015-07-24,3600.0
2015-07-27,3513.1001
2015-07-28,3554.1101
2015-07-29,3575.53
2015-07-30,3583.79
2015-07-31,3600.6899
2015-08-03,3635.3999
2015-08-04,3619.3101
2015-08-05,3676.75
2015-08-06,3668.47
2015-08-07,3637.8
2015-08-10,3674.9399
2015-08-11,3605.28
2015-08-12,3484.4099
2015-08-13,3516.1499
2015-08-14,3491.03
2015-08-17,3497.8999
2015-08-18,3495.3799
2015-08-19,3429.8401
2015-08-20,3353.48
2015-08-21,3247.26
2015-08-24,3073.3899
2015-08-25,3218.01
2015-08-26,3170.73
2015-08-27,3280.78
2015-08-28,3286.5901
2015-08-31,3269.6299
2015-09-01,3188.73
2015-09-02,3198.8601
2015-09-03,3270.0901
2015-09-04,3180.25
2015-09-07,3197.97
2015-09-08,3233.8401
2015-09-09,3269.98
2015-09-10,3221.1399
2015-09-11,3187.9399
2015-09-14,3175.6201
2015-09-15,3207.6001
2015-09-16,3251.79
2015-09-17,3255.79
2015-09-18,3157.3
2015-09-21,3184.72
2015-09-22,3076.05
2015-09-23,3079.99
2015-09-24,3019.3401
2015-09-25,3113.1599
2015-09-28,3039.4399
2015-09-29,3029.8601
2015-09-30,3100.6699
2015-10-01,3069.05
2015-10-02,3088.1799
2015-10-05,3190.3899
2015-10-06,3220.0901
2015-10-07,3226.3999
2015-10-08,3224.96
2015-10-09,3250.3101
2015-10-12,3247.3301
2015-10-13,3221.28
2015-10-14,3191.5701
2015-10-15,3238.8101
2015-10-16,3264.9299
2015-10-19,3272.04
2015-10-20,3255.72
2015-10-21,3272.23
2015-10-22,3353.1101
2015-10-23,3425.8101
2015-10-26,3414.6001
2015-10-27,3381.01
2015-10-28,3421.0901
2015-10-29,3413.3899
2015-10-30,3418.23
2015-11-02,3434.5
2015-11-03,3442.6799
2015-11-04,3439.1599
2015-11-05,3447.49
2015-11-06,3468.21
2015-11-09,3418.3601
2015-11-10,3425.3999
2015-11-11,3448.4199
2015-11-12,3387.7
2015-11-13,3360.6499
2015-11-16,3362.23
2015-11-17,3451.9399
2015-11-18,3431.9199
2015-11-19,3448.9299
2015-11-20,3452.45
2015-11-23,3445.26
2015-11-24,3409.6001
2015-11-25,3462.0601
2015-11-26,3498.6201
2015-11-27,3488.99
2015-11-30,3506.45
2015-12-01,3479.6399
2015-12-02,3468.6599
2015-12-03,3343.3401
2015-12-04,3330.75
2015-12-07,3360.21
2015-12-08,3297.46
2015-12-09,3277.21
2015-12-10,3269.97
2015-12-11,3203.21
2015-12-14,3139.24
2015-12-15,3241.51
2015-12-16,3246.78
2015-12-17,3306.47
2015-12-18,3260.72
2015-12-21,3213.01
2015-12-22,3214.3201
2015-12-23,3286.6799
2015-12-28,3256.49
2015-12-29,3314.28
2015-12-30,3287.98
2016-01-04,3164.76
2016-01-05,3178.01
2016-01-06,3139.3201
2016-01-07,3084.6799
2016-01-08,3033.47
2016-01-11,3027.49
2016-01-12,3064.6599
2016-01-13,3073.02
2016-01-14,3024.0
2016-01-15,2952.48
2016-01-18,2935.3899
2016-01-19,2980.49
2016-01-20,2882.5901
2016-01-21,2943.9199
2016-01-22,3023.21
2016-01-25,3001.78
2016-01-26,3032.8401
2016-01-27,3043.47
2016-01-28,2979.4199
2016-01-29,3045.0901
2016-02-01,3021.01
2016-02-02,2951.8501
2016-02-03,2896.6299
2016-02-04,2905.3
2016-02-05,2879.3899
2016-02-08,2785.1699
2016-02-09,2736.5
2016-02-10,2789.05
2016-02-11,2680.3501
2016-02-12,2756.1599
2016-02-15,2833.8701
2016-02-16,2821.26
2016-02-17,2897.72
2016-02-18,2895.1499
2016-02-19,2871.05
2016-02-22,2933.9099
2016-02-23,2887.3799
2016-02-24,2820.24
2016-02-25,2877.4199
2016-02-26,2929.1599
2016-02-29,2945.75
2016-03-01,2996.3899
2016-03-02,3022.1399
2016-03-03,3012.8701
2016-03-04,3037.3501
2016-03-07,3021.0901
2016-03-08,3002.01
2016-03-09,3016.1799
2016-03-10,2970.78
2016-03-11,3073.8
2016-03-14,3091.98
2016-03-15,3067.21
2016-03-16,3062.05
2016-03-17,3043.1001
2016-03-18,3059.77
2016-03-21,3048.77
2016-03-22,3051.23
2016-03-23,3042.4199
2016-03-24,2986.73
2016-03-29,3004.8701
2016-03-30,3044.1001
2016-03-31,3004.9299
2016-04-01,2953.28
2016-04-04,2962.28
2016-04-05,2890.3501
2016-04-06,2909.3601
2016-04-07,2871.5701
2016-04-08,2911.98
2016-04-11,2924.23
2016-04-12,2942.0901
2016-04-13,3039.1899
2016-04-14,3060.8601
2016-04-15,3054.3401
2016-04-18,3064.03
2016-04-19,3112.99
2016-04-20,3142.52
2016-04-21,3151.6899
2016-04-22,3141.1201
2016-04-25,3117.6201
2016-04-26,3121.29
2016-04-27,3130.4299
2016-04-28,3125.4299
2016-04-29,3028.21
2016-05-02,3032.6001
2016-05-03,2974.2
2016-05-04,2938.75
2016-05-06,2936.8401
2016-05-09,2955.8301
2016-05-10,2978.97
2016-05-11,2956.71
2016-05-12,2935.46
2016-05-13,2956.6299
2016-05-17,2938.0901
2016-05-18,2956.4299
2016-05-19,2919.22
2016-05-20,2962.1599
2016-05-23,2932.9299
2016-05-24,3010.1201
2016-05-25,3061.6001
2016-05-26,3071.21
2016-05-27,3078.48
2016-05-30,3090.01
2016-05-31,3063.48
2016-06-01,3038.77
2016-06-02,3033.8601
2016-06-03,2997.55
2016-06-06,3001.8999
2016-06-07,3040.6899
2016-06-08,3019.76
2016-06-09,2989.03
2016-06-10,2911.1101
2016-06-13,2853.52
2016-06-14,2797.1799
2016-06-15,2830.3
2016-06-16,2819.3
2016-06-17,2849.1699
2016-06-20,2942.8799
2016-06-21,2967.3401
2016-06-22,2978.3101
2016-06-23,3037.8601
2016-06-24,2776.0901
2016-06-27,2697.4399
2016-06-28,2758.6699
2016-06-29,2832.1799
2016-06-30,2864.74
2016-07-01,2883.0601
2016-07-04,2862.21
2016-07-05,2812.8799
2016-07-06,2761.3701
2016-07-07,2780.1001
2016-07-08,2838.01
2016-07-11,2885.3201
2016-07-12,2933.4399
2016-07-13,2926.1399
2016-07-14,2963.0701
2016-07-15,2958.6499
2016-07-18,2949.1699
2016-07-19,2931.1001
2016-07-20,2966.95
2016-07-21,2968.49
2016-07-22,2972.23
2016-07-25,2973.22
2016-07-26,2978.8999
2016-07-27,2999.48
2016-07-28,2966.1001
2016-07-29,2990.76
2016-08-02,2906.98
2016-08-03,2911.0601
2016-08-04,2932.3401
2016-08-05,2973.71
2016-08-08,2982.9199
2016-08-09,3029.1799
2016-08-10,3018.46
2016-08-11,3049.03
2016-08-12,3044.9399
2016-08-15,3046.6499
2016-08-16,3016.1899
2016-08-17,2980.54
2016-08-18,2995.3
2016-08-19,2968.2
2016-08-22,2960.3701
2016-08-23,2993.73
2016-08-24,3008.5901
2016-08-25,2987.6899
2016-08-26,3010.3601
2016-08-29,2998.5
2016-08-30,3030.75
2016-08-31,3023.1299
2016-09-01,3017.49
2016-09-02,3079.74
2016-09-05,3077.6599
2016-09-06,3070.1599
2016-09-07,3091.6599
2016-09-08,3083.54
2016-09-09,3053.2
2016-09-12,3012.8799
2016-09-13,2974.8
2016-09-14,2964.8999
2016-09-15,2973.77
2016-09-16,2935.25
2016-09-19,2968.3101
2016-09-20,2964.8601
2016-09-21,2982.1799
2016-09-22,3051.6899
2016-09-23,3032.3101
2016-09-26,2975.8799
2016-09-27,2970.8401
2016-09-28,2991.1101
2016-09-29,2991.5801
2016-09-30,3002.24
2016-10-03,2998.5
2016-10-04,3029.5
2016-10-05,3026.28
2016-10-06,3021.5801
2016-10-07,3000.5701
2016-10-10,3035.76
2016-10-11,3020.6899
2016-10-12,3008.03
2016-10-13,2975.04
2016-10-14,3025.1899
2016-10-17,3008.72
2016-10-18,3046.99
2016-10-19,3055.9399
2016-10-20,3076.6299
2016-10-21,3077.6499
2016-10-24,3093.8601
2016-10-25,3087.4099
2016-10-26,3080.98
2016-10-27,3085.1699
2016-10-28,3079.24
2016-10-31,3055.25
2016-11-01,3023.1499
2016-11-02,2980.1699
2016-11-03,2973.49
2016-11-04,2954.53
2016-11-07,3009.28
2016-11-08,3023.4299
2016-11-09,3056.29
2016-11-10,3046.5901
2016-11-11,3030.02
2016-11-14,3039.8
2016-11-15,3049.72
2016-11-16,3026.3601
2016-11-17,3041.79
2016-11-18,3020.8301
2016-11-21,3032.97
2016-11-22,3044.3301
2016-11-23,3032.1399
2016-11-24,3040.6001
2016-11-25,3048.3799
2016-11-28,3016.8
2016-11-29,3038.4199
2016-11-30,3051.6101
2016-12-01,3030.98
2016-12-02,3015.1299
2016-12-05,3052.75
2016-12-06,3100.76
2016-12-07,3142.24
2016-12-08,3185.79
2016-12-09,3197.54
2016-12-12,3199.1101
2016-12-13,3236.71
2016-12-14,3211.71
2016-12-15,3249.74
2016-12-16,3259.24
2016-12-19,3257.8501
2016-12-20,3279.4099
2016-12-21,3270.75
2016-12-22,3269.51
2016-12-23,3273.97
2016-12-27,3278.53
2016-12-28,3278.72
2016-12-29,3271.76
2016-12-30,3290.52
2017-01-03,3315.02
2017-01-04,3317.52
2017-01-05,3316.47
2017-01-06,3321.1699
2017-01-09,3308.97
2017-01-10,3306.21
2017-01-11,3307.9399
2017-01-12,3286.7
2017-01-13,3324.3401
2017-01-16,3294.53
2017-01-17,3285.04
2017-01-18,3294.0
2017-01-19,3290.3301
2017-01-20,3299.4399
2017-01-23,3273.04
2017-01-24,3281.53
2017-01-25,3326.1499
2017-01-26,3319.1299
2017-01-27,3303.3301
2017-01-30,3262.72
2017-01-31,3230.6799
2017-02-01,3258.9199
2017-02-02,3253.6101
2017-02-03,3273.1101
2017-02-06,3238.3101
2017-02-07,3235.71
2017-02-08,3238.04
2017-02-09,3277.79
2017-02-10,3270.8301
2017-02-13,3305.23
2017-02-14,3308.8899
2017-02-15,3323.71
2017-02-16,3311.04
2017-02-17,3308.8101
2017-02-20,3312.3899
2017-02-21,3339.3301
2017-02-22,3339.27
2017-02-23,3333.96
2017-02-24,3304.0901
2017-02-27,3309.3
2017-02-28,3319.6101
2017-03-01,3390.2
2017-03-02,3384.71
2017-03-03,3403.3899
2017-03-06,3387.46
2017-03-07,3385.1201
2017-03-08,3389.6201
2017-03-09,3409.8899
2017-03-10,3416.27
2017-03-13,3415.49
2017-03-14,3399.4299
2017-03-15,3409.3201
2017-03-16,3439.96
2017-03-17,3448.4099
2017-03-20,3437.48
2017-03-21,3429.6201
2017-03-22,3420.7
2017-03-23,3452.1799
2017-03-24,3444.1499
2017-03-27,3437.1399
2017-03-28,3465.0701
2017-03-29,3475.27
2017-03-30,3481.5801
2017-03-31,3500.9299
2017-04-03,3472.9399
2017-04-04,3481.6599
2017-04-05,3472.5801
2017-04-06,3489.5701
2017-04-07,3495.8
2017-04-10,3480.4399
2017-04-11,3470.04
2017-04-12,3468.51
2017-04-13,3448.26
2017-04-18,3409.78
2017-04-19,3420.99
2017-04-20,3440.03
2017-04-21,3440.27
2017-04-24,3577.3799
2017-04-25,3583.1599
2017-04-26,3578.71
2017-04-27,3563.29
2017-04-28,3559.5901
2017-05-02,3578.21
2017-05-03,3586.25
2017-05-04,3627.8799
2017-05-05,3658.79
2017-05-08,3642.1101
2017-05-09,3649.0801
2017-05-10,3645.74
2017-05-11,3623.55
2017-05-12,3637.52
2017-05-15,3641.8799
2017-05-16,3641.8899
2017-05-17,3584.8301
2017-05-18,3562.22
2017-05-19,3587.01
2017-05-22,3576.53
2017-05-23,3595.03
2017-05-24,3586.6201
2017-05-26,3579.02
2017-05-29,3578.95
2017-05-30,3561.22
2017-05-31,3554.5901
2017-06-01,3567.02
2017-06-02,3591.8201
2017-06-06,3554.1799
2017-06-07,3548.8401
2017-06-08,3563.8799
2017-06-09,3586.0701
2017-06-12,3543.95
2017-06-13,3557.8701
2017-06-14,3547.1499
2017-06-15,3525.46
2017-06-16,3543.8799
2017-06-19,3579.5801
2017-06-20,3560.6599
2017-06-21,3554.3501
2017-06-22,3555.76
2017-06-23,3543.6799
2017-06-26,3561.76
2017-06-27,3538.3201
2017-06-28,3535.7
2017-06-29,3471.3301
2017-06-30,3441.8799
2017-07-03,3491.8101
2017-07-04,3479.47
2017-07-05,3478.4099
2017-07-06,3462.0601
2017-07-07,3463.8401
2017-07-10,3478.0601
2017-07-11,3464.48
2017-07-12,3515.23
2017-07-13,3527.8301
2017-07-14,3525.9399
2017-07-17,3516.3501
2017-07-18,3478.6799
2017-07-19,3500.28
2017-07-20,3499.49
2017-07-21,3451.71
2017-07-24,3453.1699
2017-07-25,3473.54
2017-07-26,3491.1899
2017-07-27,3493.1399
2017-07-28,3467.73
2017-07-31,3449.3601
2017-08-02,3459.3201
2017-08-03,3466.3701
2017-08-04,3507.4099
2017-08-07,3505.8
2017-08-08,3515.6299
2017-08-09,3468.45
2017-08-10,3433.54
2017-08-11,3406.3401
2017-08-14,3450.6599
2017-08-15,3461.9099
2017-08-16,3484.5701
2017-08-17,3461.97
2017-08-18,3446.03
2017-08-21,3423.53
2017-08-22,3455.5901
2017-08-23,3438.6299
2017-08-24,3444.73
2017-08-25,3438.55
2017-08-28,3421.03
2017-08-29,3388.22
2017-08-30,3403.71
2017-08-31,3421.47
2017-09-01,3443.8799
2017-09-04,3430.4199
2017-09-05,3420.8601
2017-09-06,3433.8
2017-09-07,3447.6599
2017-09-08,3447.6899
2017-09-11,3495.1899
2017-09-12,3512.5601
2017-09-13,3523.1399
2017-09-14,3526.48
2017-09-15,3515.55
2017-09-18,3526.74
2017-09-19,3531.1799
2017-09-20,3525.55
2017-09-21,3539.5901
2017-09-22,3541.4199
2017-09-25,3537.8101
2017-09-26,3536.3799
2017-09-27,3555.1699
2017-09-28,3563.6399
2017-09-29,3594.8501
2017-10-02,3602.6899
2017-10-03,3605.73
2017-10-04,3594.9099
2017-10-05,3613.54
2017-10-06,3603.3201
2017-10-09,3610.5
2017-10-10,3598.79
2017-10-11,3607.3899
2017-10-12,3605.54
2017-10-13,3604.55
2017-10-16,3606.27
2017-10-17,3607.77
2017-10-18,3619.6499
2017-10-19,3602.0801
2017-10-20,3605.0901
2017-10-23,3608.8701
2017-10-24,3610.6899
2017-10-25,3591.46
2017-10-26,3637.2
2017-10-27,3652.23
2017-10-30,3662.1799
2017-10-31,3673.95
2017-11-01,3697.3999
2017-11-02,3688.8
2017-11-03,3689.96
2017-11-06,3682.3601
2017-11-07,3658.77
2017-11-08,3655.04
2017-11-09,3612.5
2017-11-10,3593.76
2017-11-13,3574.52
2017-11-14,3556.3799
2017-11-15,3545.72
2017-11-16,3564.8
2017-11-17,3547.46
2017-11-20,3561.4099
2017-11-21,3579.3201
2017-11-22,3562.6499
2017-11-23,3572.0701
2017-11-24,3581.23
2017-11-27,3564.02
2017-11-28,3583.49
2017-11-29,3589.9099
2017-11-30,3569.9299
2017-12-01,3527.55
2017-12-04,3576.22
2017-12-05,3570.5701
2017-12-06,3561.5701
2017-12-07,3573.1299
2017-12-08,3591.45
2017-12-11,3582.21
2017-12-12,3600.3501
2017-12-13,3581.75
2017-12-14,3556.22
2017-12-15,3560.53
2017-12-18,3609.4199
2017-12-19,3582.22
2017-12-20,3552.6499
2017-12-21,3570.78
2017-12-22,3553.3899
2017-12-27,3550.1699
2017-12-28,3524.3101
2017-12-29,3503.96
2018-01-03,3509.8799
2018-01-04,3568.8799
2018-01-05,3607.6299
2018-01-08,3616.45
2018-01-09,3622.8701
2018-01-10,3609.8301
2018-01-11,3595.24
2018-01-12,3612.6101
2018-01-15,3611.8101
2018-01-16,3622.01
2018-01-17,3612.78
2018-01-18,3620.9099
2018-01-19,3649.0701
2018-01-22,3665.28
2018-01-23,3672.29
2018-01-24,3643.22
2018-01-25,3630.1499
2018-01-26,3647.4099
2018-01-29,3643.04
2018-01-30,3606.75
2018-01-31,3609.29
2018-02-01,3577.3501
2018-02-02,3523.28
2018-02-05,3478.77
2018-02-06,3394.9199
2018-02-07,3454.52
2018-02-08,3377.3
2018-02-09,3325.99
2018-02-12,3368.25
2018-02-13,3340.9299
2018-02-14,3369.8301
2018-02-15,3389.6299
2018-02-16,3426.8
2018-02-19,3407.79
2018-02-20,3435.0801
2018-02-21,3430.1599
2018-02-22,3431.99
2018-02-23,3441.46
2018-02-26,3463.1799
2018-02-27,3458.03
2018-02-28,3438.96
2018-03-01,3399.1599
2018-03-02,3324.75
2018-03-05,3355.3201
2018-03-06,3357.8601
2018-03-07,3377.3601
2018-03-08,3413.28
2018-03-09,3420.54
2018-03-12,3429.48
2018-03-13,3397.3501
2018-03-14,3390.98
2018-03-15,3414.1299
2018-03-16,3437.3999
2018-03-19,3394.79
2018-03-20,3412.0801
2018-03-21,3401.04
2018-03-22,3348.1899
2018-03-23,3298.0701
2018-03-26,3278.72
2018-03-27,3316.95
2018-03-28,3331.25
2018-03-29,3361.5
2018-04-03,3346.9299
2018-04-04,3340.3501
2018-04-05,3429.95
2018-04-06,3408.1001
2018-04-09,3414.8501
2018-04-10,3438.78
2018-04-11,3419.71
2018-04-12,3443.97
2018-04-13,3448.0
2018-04-16,3441.04
2018-04-17,3477.9099
2018-04-18,3490.8899
2018-04-19,3486.6001
2018-04-20,3494.2
2018-04-23,3513.0601
2018-04-24,3510.8799
2018-04-25,3485.8301
2018-04-26,3506.03
2018-04-27,3518.78
2018-04-30,3536.52
2018-05-02,3553.79
2018-05-03,3529.1201
2018-05-04,3550.5901
2018-05-07,3564.1899
2018-05-08,3557.8799
2018-05-09,3569.74
2018-05-11,3565.52
2018-05-14,3565.74
2018-05-15,3564.29
2018-05-16,3562.8501
2018-05-17,3592.1799
2018-05-18,3573.76
2018-05-22,3587.25
2018-05-23,3541.8201
2018-05-24,3521.76
2018-05-25,3515.3601
2018-05-28,3482.6399
2018-05-29,3428.1399
2018-05-30,3441.1899
2018-05-31,3406.6499
2018-06-01,3453.54
2018-06-04,3469.5701
2018-06-05,3456.79
2018-06-06,3460.8201
2018-06-07,3459.77
2018-06-08,3447.3
2018-06-11,3480.22
2018-06-12,3475.5801
2018-06-13,3479.5601
2018-06-14,3527.1101
2018-06-15,3505.02
2018-06-18,3466.6499
2018-06-19,3435.3
2018-06-20,3439.6001
2018-06-21,3403.51
2018-06-22,3441.6001
2018-06-25,3369.21
2018-06-26,3368.72
2018-06-27,3397.1299
2018-06-28,3365.52
2018-06-29,3395.6001
2018-07-02,3372.21
2018-07-03,3406.3401
2018-07-04,3412.03
2018-07-05,3440.9199
2018-07-06,3448.49
2018-07-09,3460.4399
2018-07-10,3473.3101
2018-07-11,3422.3501
2018-07-12,3445.49
2018-07-13,3454.54
2018-07-16,3449.0801
2018-07-17,3457.5
2018-07-18,3485.0801
2018-07-19,3471.6399
2018-07-20,3460.03
2018-07-23,3454.05
2018-07-24,3483.3101
2018-07-25,3468.45
2018-07-26,3509.26
2018-07-27,3527.1799
2018-07-30,3512.3101
2018-07-31,3525.49
2018-08-02,3469.21
2018-08-03,3482.3999
2018-08-06,3483.3
2018-08-07,3504.3701
2018-08-08,3493.6001
2018-08-09,3494.1299
2018-08-10,3426.28
2018-08-13,3409.6799
2018-08-14,3409.4399
2018-08-15,3359.0801
2018-08-16,3377.5601
2018-08-17,3372.9399
2018-08-20,3393.6699
2018-08-21,3411.6599
2018-08-22,3420.1799
2018-08-23,3419.26
2018-08-24,3427.4399
2018-08-27,3456.01
2018-08-28,3447.5701
2018-08-29,3456.1299
2018-08-30,3430.99
2018-08-31,3392.8999
2018-09-03,3394.99
2018-09-04,3359.3601
2018-09-05,3315.6201
2018-09-06,3295.95
2018-09-07,3293.3601
2018-09-10,3309.28
2018-09-11,3311.6599
2018-09-12,3326.6001
2018-09-13,3333.6799
2018-09-14,3344.6299
2018-09-17,3346.1101
2018-09-18,3358.46
2018-09-19,3368.5601
2018-09-20,3403.1201
2018-09-21,3430.8101
2018-09-24,3410.4399
2018-09-25,3419.78
2018-09-26,3433.1499
2018-09-27,3449.79
2018-09-28,3399.2
2018-10-01,3414.1599
2018-10-02,3388.99
2018-10-03,3405.48
2018-10-04,3375.0801
2018-10-05,3345.51
2018-10-08,3309.72
2018-10-09,3321.79
2018-10-10,3266.8999
2018-10-11,3209.1899
2018-10-12,3194.4099
2018-10-15,3210.3701
2018-10-16,3257.3401
2018-10-17,3243.0801
2018-10-18,3211.5901
2018-10-19,3210.8201
2018-10-22,3190.0901
2018-10-23,3140.9399
2018-10-24,3130.3301
2018-10-25,3164.3999
2018-10-26,3134.8899
2018-10-29,3154.9299
2018-10-30,3147.1299
2018-10-31,3197.51
2018-11-01,3204.21
2018-11-02,3214.4099
2018-11-05,3217.3701
2018-11-06,3207.4199
2018-11-07,3246.1599
2018-11-08,3237.6001
2018-11-09,3229.49
2018-11-12,3194.0801
2018-11-13,3224.8201
2018-11-14,3205.3601
2018-11-15,3190.3101
2018-11-16,3180.74
2018-11-19,3160.3301
2018-11-20,3116.0701
2018-11-21,3153.9099
2018-11-22,3126.6699
2018-11-23,3137.21
2018-11-26,3172.71
2018-11-27,3166.4199
2018-11-28,3168.29
2018-11-29,3174.1599
2018-11-30,3173.1299
2018-12-03,3214.99
2018-12-04,3189.25
2018-12-05,3150.27
2018-12-06,3045.9399
2018-12-07,3058.53
2018-12-10,3016.99
2018-12-11,3055.3201
2018-12-12,3107.97
2018-12-13,3112.1699
2018-12-14,3092.6001
2018-12-17,3063.6499
2018-12-18,3040.1299
2018-12-19,3051.3799
2018-12-20,3000.0601
2018-12-21,3000.6101
2018-12-27,2937.3601
2018-12-28,2986.53
2019-01-03,2954.6599
2019-01-04,3041.8501
2019-01-07,3033.6399
2019-01-08,3054.9399
2019-01-09,3070.24
2019-01-10,3075.73
2019-01-11,3070.04
2019-01-14,3055.1799
2019-01-15,3068.05
2019-01-16,3077.22
2019-01-17,3069.3501
2019-01-18,3134.9199
2019-01-21,3125.0701
2019-01-22,3112.8
2019-01-23,3112.1299
2019-01-24,3126.3101
2019-01-25,3163.24
2019-01-28,3137.27
2019-01-29,3153.4199
2019-01-30,3161.74
2019-01-31,3159.4299
2019-02-01,3171.1201
2019-02-04,3165.2
2019-02-05,3215.04
2019-02-06,3212.75
2019-02-07,3150.76
2019-02-08,3135.6201
2019-02-11,3165.6101
2019-02-12,3190.75
2019-02-13,3202.3701
2019-02-14,3182.6599
2019-02-15,3241.25
2019-02-18,3244.79
2019-02-19,3239.4099
2019-02-20,3259.49
2019-02-21,3263.7
2019-02-22,3270.55
2019-02-25,3280.01
2019-02-26,3289.3201
2019-02-27,3282.77
2019-02-28,3298.26
2019-03-01,3312.1001
2019-03-04,3317.1201
2019-03-05,3327.1899
2019-03-06,3324.6699
2019-03-07,3308.8501
2019-03-08,3283.6001
2019-03-11,3304.4399
2019-03-12,3303.95
2019-03-13,3323.45
2019-03-14,3342.03
2019-03-15,3386.0801
2019-03-18,3387.9399
2019-03-19,3409.0
2019-03-20,3372.3799
2019-03-21,3367.3999
2019-03-22,3305.73
2019-03-25,3300.48
2019-03-26,3319.53
2019-03-27,3322.04
2019-03-28,3320.29
2019-03-29,3351.71
2019-04-01,3385.3799
2019-04-02,3395.7
2019-04-03,3435.5601
2019-04-04,3441.9299
2019-04-05,3447.47
2019-04-08,3438.0601
2019-04-09,3417.22
2019-04-10,3424.6499
2019-04-11,3435.3401
2019-04-12,3447.8301
2019-04-15,3450.46
2019-04-16,3463.3601
2019-04-17,3477.73
2019-04-18,3499.23
2019-04-23,3503.8501
2019-04-24,3502.6299
2019-04-25,3491.9199
2019-04-26,3500.4099
2019-04-29,3501.9399
2019-04-30,3514.6201
2019-05-02,3488.9299
2019-05-03,3502.48
2019-05-06,3462.95
2019-05-07,3401.1599
2019-05-08,3417.26
2019-05-09,3350.71
2019-05-10,3361.05
2019-05-13,3320.78
2019-05-14,3364.3799
2019-05-15,3385.78
2019-05-16,3438.5601
2019-05-17,3425.6399
2019-05-20,3369.78
2019-05-21,3386.51
2019-05-22,3386.72
2019-05-23,3327.2
2019-05-24,3350.7
2019-05-27,3364.04
2019-05-28,3348.8601
2019-05-29,3297.8101
2019-05-31,3280.4299
2019-06-03,3300.22
2019-06-04,3333.49
2019-06-05,3339.95
2019-06-06,3338.4099
2019-06-07,3378.3799
2019-06-11,3401.1001
2019-06-12,3386.6299
2019-06-13,3390.5
2019-06-14,3379.1899
2019-06-17,3383.21
2019-06-18,3452.8899
2019-06-19,3454.7
2019-06-20,3468.0801
2019-06-21,3466.9199
2019-06-24,3455.5701
2019-06-25,3444.3601
2019-06-26,3442.95
2019-06-27,3442.3799
2019-06-28,3473.6899
2019-07-01,3497.5901
2019-07-02,3507.98
2019-07-03,3540.6299
2019-07-04,3544.1499
2019-07-05,3527.98
2019-07-08,3523.76
2019-07-09,3509.75
2019-07-10,3501.52
2019-07-11,3496.73
2019-07-12,3497.6299
2019-07-15,3502.22
2019-07-16,3521.3601
2019-07-17,3501.5801
2019-07-18,3482.8301
2019-07-19,3480.1799
2019-07-22,3489.9199
2019-07-23,3532.8701
2019-07-24,3532.8999
2019-07-25,3510.1499
2019-07-26,3524.47
2019-07-29,3523.5801
2019-07-30,3462.8501
2019-07-31,3466.8501
2019-08-02,3376.1201
2019-08-05,3310.9299
2019-08-06,3291.6599
2019-08-07,3309.99
2019-08-08,3375.3799
2019-08-09,3333.74
2019-08-12,3326.55
2019-08-13,3357.1599
2019-08-14,3288.7
2019-08-15,3282.78
2019-08-16,3329.0801
2019-08-19,3369.1899
2019-08-20,3350.23
2019-08-21,3394.8899
2019-08-22,3373.6699
2019-08-23,3334.25
2019-08-26,3348.8401
2019-08-27,3370.47
2019-08-28,3365.3799
2019-08-29,3411.3301
2019-08-30,3426.76
2019-09-02,3432.54
2019-09-03,3420.74
2019-09-04,3450.8301
2019-09-05,3484.7
2019-09-06,3495.1899
2019-09-09,3495.02
2019-09-10,3498.99
2019-09-11,3516.8201
2019-09-12,3538.8601
2019-09-13,3550.1101
2019-09-16,3518.45
2019-09-17,3521.26
2019-09-18,3528.04
2019-09-19,3552.6499
2019-09-20,3571.3899
2019-09-23,3536.97
2019-09-24,3532.05
2019-09-25,3513.03
2019-09-26,3532.1799
2019-09-27,3545.8799
2019-09-30,3569.45
2019-10-01,3518.25
2019-10-02,3413.3101
2019-10-03,3417.3701
2019-10-04,3446.71
2019-10-07,3471.24
2019-10-08,3432.76
2019-10-09,3462.1101
2019-10-10,3493.96
2019-10-11,3569.9199
2019-10-14,3556.26
2019-10-15,3598.6499
2019-10-16,3599.25
2019-10-17,3588.6201
2019-10-18,3579.4099
2019-10-21,3600.0801
2019-10-22,3604.8201
2019-10-23,3606.8899
2019-10-24,3621.3701
2019-10-25,3624.6799
2019-10-28,3625.6899
2019-10-29,3622.0901
2019-10-30,3620.29
2019-10-31,3604.4099
2019-11-01,3623.74
2019-11-04,3665.21
2019-11-05,3676.52
2019-11-06,3688.74
2019-11-07,3706.6799
2019-11-08,3699.6499
2019-11-11,3696.8201
2019-11-12,3712.2
2019-11-13,3699.5
2019-11-14,3688.8101
2019-11-15,3711.6101
2019-11-18,3704.9199
2019-11-19,3696.5601
2019-11-20,3683.8799
2019-11-21,3679.6599
2019-11-22,3687.3201
2019-11-25,3707.6799
2019-11-26,3705.55
2019-11-27,3712.8501
2019-11-28,3704.48
2019-11-29,3703.5801
2019-12-02,3626.6599
2019-12-03,3610.99
2019-12-04,3660.02
2019-12-05,3648.1299
2019-12-06,3692.3401
2019-12-09,3672.1799
2019-12-10,3671.78
2019-12-11,3687.45
2019-12-12,3706.3501
2019-12-13,3731.0701
2019-12-16,3772.74
2019-12-17,3745.28
2019-12-18,3739.0
2019-12-19,3739.1699
2019-12-20,3776.5601
2019-12-23,3776.6599
2019-12-27,3782.27
2019-12-30,3748.47
2020-01-03,3773.3701
2020-01-06,3752.52
2020-01-07,3759.25
2020-01-08,3772.5601
2020-01-09,3795.8799
2020-01-10,3789.52
2020-01-13,3779.6799
2020-01-14,3774.8799
2020-01-15,3768.96
2020-01-16,3774.1399
2020-01-17,3808.26
2020-01-20,3799.03
2020-01-21,3789.1201
2020-01-22,3769.79
2020-01-23,3736.8501
2020-01-24,3779.1599
2020-01-27,3677.8401
2020-01-28,3719.22
2020-01-29,3736.3601
2020-01-30,3690.78
2020-01-31,3640.9099
2020-02-03,3661.27
2020-02-04,3732.28
2020-02-05,3777.8401
2020-02-06,3805.52
2020-02-07,3798.49
2020-02-10,3793.1799
2020-02-11,3825.8401
2020-02-12,3854.4299
2020-02-13,3846.74
2020-02-14,3840.97
2020-02-17,3853.27
2020-02-18,3836.54
2020-02-19,3865.1799
2020-02-20,3822.98
2020-02-21,3800.3799
2020-02-24,3647.98
2020-02-25,3572.51
2020-02-26,3577.6799
2020-02-27,3455.9199
2020-02-28,3329.49
2020-03-02,3338.8301
2020-03-03,3371.97
2020-03-04,3420.5601
2020-03-05,3363.5801
2020-03-06,3232.0701
2020-03-09,2959.0701
2020-03-10,2910.02
2020-03-11,2905.5601
2020-03-12,2545.23
2020-03-13,2586.02
2020-03-16,2450.3701
2020-03-17,2530.5
2020-03-18,2385.8201
2020-03-19,2454.0801
2020-03-20,2548.5
2020-03-23,2485.54
2020-03-24,2715.1101
2020-03-25,2800.1399
2020-03-26,2847.78
2020-03-27,2728.6499
2020-03-30,2765.6201
2020-03-31,2786.8999
2020-04-01,2680.3
2020-04-02,2688.49
2020-04-03,2662.99
2020-04-06,2795.97
2020-04-07,2857.6699
2020-04-08,2851.27
2020-04-09,2892.79
2020-04-14,2917.74
2020-04-15,2808.2
2020-04-16,2812.3501
2020-04-17,2888.3
2020-04-20,2909.5
2020-04-21,2791.3401
2020-04-22,2834.8999
2020-04-23,2852.46
2020-04-24,2809.0701
2020-04-27,2882.0901
2020-04-28,2932.0601
2020-04-29,2996.0801
2020-04-30,2927.9299
2020-05-04,2816.48
2020-05-05,2875.9099
2020-05-06,2843.76
2020-05-07,2880.6001
2020-05-08,2908.1101
2020-05-11,2883.75
2020-05-12,2884.2
2020-05-13,2810.55
2020-05-14,2760.23
2020-05-15,2770.7
2020-05-18,2911.8799
2020-05-19,2902.5801
2020-05-20,2942.3899
2020-05-22,2905.47
2020-05-25,2971.3501
2020-05-26,2999.22
2020-05-27,3051.0801
2020-05-28,3094.47
2020-05-29,3050.2
2020-06-02,3159.02
2020-06-03,3269.5901
2020-06-04,3261.6699
2020-06-05,3384.29
2020-06-08,3366.29
2020-06-09,3320.71
2020-06-10,3293.71
2020-06-11,3144.5701
2020-06-12,3153.74
2020-06-15,3136.3999
2020-06-16,3242.6499
2020-06-17,3267.26
2020-06-18,3249.8999
2020-06-19,3269.1001
2020-06-22,3241.6899
2020-06-23,3298.8301
2020-06-24,3196.1201
2020-06-25,3218.9099
2020-06-26,3204.1699
2020-06-29,3232.02
2020-06-30,3234.0701
2020-07-01,3228.45
2020-07-02,3320.0901
2020-07-03,3294.3799
2020-07-06,3350.03
2020-07-07,3321.5601
2020-07-08,3286.0901
2020-07-09,3261.1699
2020-07-10,3296.22
2020-07-13,3350.0
2020-07-14,3321.3899
2020-07-15,3378.21
2020-07-16,3365.3501
2020-07-17,3365.6001
2020-07-20,3388.3401
2020-07-21,3405.3501
2020-07-22,3370.76
2020-07-23,3371.74
2020-07-24,3310.8899
2020-07-27,3302.8401
2020-07-28,3303.5601
2020-07-29,3300.1599
2020-07-30,3208.2
2020-07-31,3174.3201
2020-08-03,3248.28
2020-08-04,3254.29
2020-08-05,3268.3799
2020-08-06,3240.3899
2020-08-07,3252.6499
2020-08-10,3259.71
2020-08-11,3332.1201
2020-08-12,3363.1799
2020-08-13,3342.8501
2020-08-14,3305.05
2020-08-17,3305.8501
2020-08-18,3289.6399
2020-08-19,3317.6201
2020-08-20,3273.98
2020-08-21,3259.75
2020-08-24,3331.74
2020-08-25,3329.71
2020-08-26,3356.76
2020-08-27,3331.04
2020-08-28,3315.54
2020-08-31,3272.51
2020-09-01,3277.5801
2020-09-02,3337.77
2020-09-03,3304.22
2020-09-04,3260.5901
2020-09-07,3314.0701
2020-09-08,3267.3701
2020-09-09,3324.8301
2020-09-10,3312.77
2020-09-11,3315.8101
2020-09-14,3316.79
2020-09-15,3332.26
2020-09-16,3338.8401
2020-09-17,3316.5701
2020-09-18,3283.6899
2020-09-21,3160.95
2020-09-22,3164.1299
2020-09-23,3180.1101
2020-09-24,3159.6399
2020-09-25,3137.0601
2020-09-28,3223.1899
2020-09-29,3214.3
2020-09-30,3193.6101
2020-10-01,3194.0901
2020-10-02,3190.9299
2020-10-05,3220.22
2020-10-06,3233.3
2020-10-07,3233.4299
2020-10-08,3255.76
2020-10-09,3273.1201
2020-10-12,3298.1201
2020-10-13,3279.1899
2020-10-14,3273.28
2020-10-15,3192.6899
2020-10-16,3245.47
2020-10-19,3242.51
2020-10-20,3227.8701
2020-10-21,3180.7
2020-10-22,3171.4099
2020-10-23,3198.8601
2020-10-26,3105.25
2020-10-27,3070.6001
2020-10-28,2963.54
2020-10-29,2960.03
2020-10-30,2958.21
2020-11-02,3019.54
2020-11-03,3098.72
2020-11-04,3161.0701
2020-11-05,3215.5601
2020-11-06,3204.05
2020-11-09,3407.9099
2020-11-10,3442.6201
2020-11-11,3467.3
2020-11-12,3428.2
2020-11-13,3432.0701
2020-11-16,3466.21
2020-11-17,3468.48
2020-11-18,3482.1699
2020-11-19,3451.97
2020-11-20,3467.6001
2020-11-23,3463.04
2020-11-24,3507.98
2020-11-25,3511.8999
2020-11-26,3510.9399
2020-11-27,3527.79
2020-11-30,3492.54
2020-12-01,3525.24
2020-12-02,3521.3201
2020-12-03,3517.1001
2020-12-04,3539.27
2020-12-07,3530.0801
2020-12-08,3525.8701
2020-12-09,3529.02
2020-12-10,3522.3101
2020-12-11,3485.8401
2020-12-14,3503.96
2020-12-15,3521.5
2020-12-16,3543.0
2020-12-17,3560.8701
2020-12-18,3545.74
2020-12-21,3448.6799
2020-12-22,3497.49
2020-12-23,3539.26
2020-12-28,3575.4099
2020-12-29,3581.3701
2020-12-30,3571.5901
2021-01-04,3564.3899
2021-01-05,3547.8501
2021-01-06,3611.0801
2021-01-07,3622.4199
2021-01-08,3645.05
2021-01-11,3620.6201
2021-01-12,3612.1299
2021-01-13,3616.51
2021-01-14,3641.3701
2021-01-15,3599.55
2021-01-18,3602.6699
2021-01-19,3595.4199
2021-01-20,3624.04
2021-01-21,3618.3501
2021-01-22,3602.4099
2021-01-25,3553.1399
2021-01-26,3592.8301
2021-01-27,3536.3799
2021-01-28,3557.04
2021-01-29,3481.4399
2021-02-01,3530.8501
2021-02-02,3590.46
2021-02-03,3609.75
2021-02-04,3642.1201
2021-02-05,3655.77
2021-02-08,3665.51
2021-02-09,3661.1299
2021-02-10,3648.3701
2021-02-11,3671.6799
2021-02-12,3695.6101
2021-02-15,3734.2
2021-02-16,3726.3999
2021-02-17,3699.8501
2021-02-18,3681.04
2021-02-19,3713.46
2021-02-22,3699.8501
2021-02-23,3689.1001
2021-02-24,3705.99
2021-02-25,3685.28
2021-02-26,3636.4399
2021-03-01,3706.6201
2021-03-02,3707.72
2021-03-03,3712.78
2021-03-04,3704.8501
2021-03-05,3669.54
2021-03-08,3763.24
2021-03-09,3786.05
2021-03-10,3819.9199
2021-03-11,3845.6399
2021-03-12,3833.3601
2021-03-15,3829.8401
2021-03-16,3850.96
2021-03-17,3849.74
2021-03-18,3867.54
2021-03-19,3837.02
2021-03-22,3833.8401
2021-03-23,3827.02
2021-03-24,3832.55
2021-03-25,3832.5701
2021-03-26,3866.6799
2021-03-29,3882.8701
2021-03-30,3926.2
2021-03-31,3919.21
2021-04-01,3945.96
2021-04-06,3970.4199
2021-04-07,3956.77
2021-04-08,3977.8301
2021-04-09,3978.8401
2021-04-12,3961.8999
2021-04-13,3966.99
2021-04-14,3976.28
2021-04-15,3993.4299
2021-04-16,4032.99
2021-04-19,4019.9099
2021-04-20,3940.46
2021-04-21,3976.4099
2021-04-22,4014.8
2021-04-23,4013.3401
2021-04-26,4020.8301
2021-04-27,4011.9099
2021-04-28,4015.03
2021-04-29,3996.8999
2021-04-30,3974.74
2021-05-03,4000.25
2021-05-04,3924.8
2021-05-05,4002.79
2021-05-06,3999.4399
2021-05-07,4034.25
2021-05-10,4023.3501
2021-05-11,3946.0601
2021-05-12,3947.4299
2021-05-14,4017.4399
2021-05-17,4006.8401
2021-05-18,4005.3401
2021-05-19,3936.74
2021-05-20,3999.9099
2021-05-21,4025.78
2021-05-25,4036.04
2021-05-26,4031.6699
2021-05-27,4039.21
2021-05-28,4070.5601
2021-05-31,4039.46
2021-06-01,4071.75
2021-06-02,4088.5
2021-06-03,4079.24
2021-06-04,4089.3799
2021-06-07,4097.6499
2021-06-08,4096.0098
2021-06-09,4096.8501
2021-06-10,4096.0698
2021-06-11,4126.7002
2021-06-14,4132.6699
2021-06-15,4143.52
2021-06-16,4151.7598
2021-06-17,4158.1401
2021-06-18,4083.3701
2021-06-21,4112.3301
2021-06-22,4123.1299
2021-06-23,4075.9399
2021-06-24,4122.4302
2021-06-25,4120.6602
2021-06-28,4089.9099
2021-06-29,4107.5098
2021-06-30,4064.3
2021-07-01,4078.8899
2021-07-02,4084.3101
2021-07-05,4087.3701
2021-07-06,4052.6699
2021-07-07,4078.53
2021-07-08,3991.6599
2021-07-09,4068.0901
2021-07-12,4093.3799
2021-07-13,4094.5601
2021-07-14,4099.5
2021-07-15,4056.3899
2021-07-16,4035.77
2021-07-19,3928.53
2021-07-20,3956.3401
2021-07-21,4026.6799
2021-07-22,4059.05
2021-07-23,4109.1001
2021-07-26,4102.5898
2021-07-27,4064.8301
2021-07-28,4103.0298
2021-07-29,4116.77
2021-07-30,4089.3
2021-08-02,4116.6201
2021-08-03,4117.9502
2021-08-04,4144.8999
2021-08-05,4161.0801
2021-08-06,4174.54
2021-08-09,4177.1499
2021-08-10,4187.8198
2021-08-11,4206.3301
2021-08-12,4226.3301
2021-08-13,4229.7002
2021-08-16,4202.4399
2021-08-17,4196.3999
2021-08-18,4189.4199
2021-08-19,4124.71
2021-08-20,4147.5
2021-08-23,4176.4199
2021-08-24,4178.0801
2021-08-25,4181.1201
2021-08-26,4169.8701
2021-08-27,4190.98
2021-08-30,4198.7998
2021-08-31,4196.4102
2021-09-01,4227.27
2021-09-02,4232.1001
2021-09-03,4201.98
2021-09-06,4246.1299
2021-09-07,4225.0098
2021-09-08,4177.1499
2021-09-09,4177.1099
2021-09-10,4170.3501
2021-09-13,4189.5298
2021-09-14,4191.6699
2021-09-15,4145.9399
2021-09-16,4169.8701
2021-09-17,4130.8398
2021-09-20,4043.6299
2021-09-21,4097.5098
2021-09-22,4150.1899
2021-09-23,4194.9199
2021-09-24,4158.5098
2021-09-27,4165.48
2021-09-28,4058.8201
2021-09-29,4080.22
2021-09-30,4048.0801
2021-10-01,4035.3
2021-10-04,3996.4099
2021-10-05,4065.4299
2021-10-06,4012.6499
2021-10-07,4098.3398
2021-10-08,4073.29
2021-10-11,4072.52
2021-10-12,4055.0901
2021-10-13,4083.28
2021-10-14,4149.0601
2021-10-15,4182.9102
2021-10-18,4151.3999
2021-10-19,4166.8301
2021-10-20,4172.1699
2021-10-21,4155.73
2021-10-22,4188.8101
2021-10-25,4188.3101
2021-10-26,4223.9702
2021-10-27,4220.8799
2021-10-28,4233.8701
2021-10-29,4250.5601
2021-11-01,4280.4702
2021-11-02,4296.2202
2021-11-03,4309.6099
2021-11-04,4333.3398
2021-11-05,4363.04
2021-11-08,4352.5298
2021-11-09,4344.6299
2021-11-10,4348.8198
2021-11-11,4358.0
2021-11-12,4370.3301
2021-11-15,4386.1899
2021-11-16,4401.4902
2021-11-17,4400.8101
2021-11-18,4383.7002
2021-11-19,4356.4702
2021-11-22,4338.6899
2021-11-23,4283.8198
2021-11-24,4276.25
2021-11-25,4293.2402
2021-11-26,4089.5801
2021-11-29,4109.5098
2021-11-30,4063.0601
2021-12-01,4179.1499
2021-12-02,4108.02
2021-12-03,4080.1499
2021-12-06,4137.1099
2021-12-07,4276.2002
2021-12-08,4233.0898
2021-12-09,4208.2998
2021-12-10,4199.1602
2021-12-13,4183.04
2021-12-14,4144.5098
2021-12-15,4159.6802
2021-12-16,4201.8701
2021-12-17,4161.3501
2021-12-20,4107.1299
2021-12-21,4174.9902
2021-12-22,4217.0601
2021-12-23,4265.8599
2021-12-27,4287.98
2021-12-28,4311.9302
2021-12-29,4284.8301
2021-12-30,4306.0698
2022-01-03,4331.8198
2022-01-04,4367.6201
2022-01-05,4392.1499
2022-01-06,4324.8101
2022-01-07,4305.8301
2022-01-10,4239.52
2022-01-11,4281.54
2022-01-12,4316.3901
2022-01-13,4315.8999
2022-01-14,4272.1899
2022-01-17,4302.1401
2022-01-18,4257.8198
2022-01-19,4268.2798
2022-01-20,4299.6099
2022-01-21,4229.5601
2022-01-24,4054.3601
2022-01-25,4078.26
2022-01-26,4164.6001
2022-01-27,4184.9702
2022-01-28,4136.9102
2022-01-31,4174.6001
2022-02-01,4224.4502
2022-02-02,4222.0498
2022-02-03,4141.02
2022-02-04,4086.5801
2022-02-07,4120.5601
2022-02-08,4129.25
2022-02-09,4204.0898
2022-02-10,4197.0698
2022-02-11,4155.23
2022-02-14,4064.45
2022-02-15,4143.71
2022-02-16,4137.2202
2022-02-17,4113.1899
2022-02-18,4074.28
2022-02-21,3985.71
2022-02-22,3985.47
2022-02-23,3973.4099
2022-02-24,3829.29
2022-02-25,3970.6899
2022-02-28,3924.23
2022-03-01,3765.8501
2022-03-02,3820.5901
2022-03-03,3741.78
2022-03-04,3556.01
2022-03-07,3512.22
2022-03-08,3505.29
2022-03-09,3766.02
2022-03-10,3651.3899
2022-03-11,3686.78
2022-03-14,3741.1001
2022-03-15,3738.1101
2022-03-16,3889.6899
2022-03-17,3885.3201
2022-03-18,3902.4399
2022-03-21,3881.8
2022-03-22,3926.1201
2022-03-23,3869.22
2022-03-24,3863.3899
2022-03-25,3867.73
2022-03-28,3887.1001
2022-03-29,4002.1799
2022-03-30,3959.1399
2022-03-31,3902.52
2022-04-01,3918.6799
2022-04-04,3951.1201
2022-04-05,3917.8501
2022-04-06,3824.6899
2022-04-07,3802.01
2022-04-08,3858.3701
2022-04-11,3839.6201
2022-04-12,3831.47
2022-04-13,3827.96
2022-04-14,3848.6799
2022-04-19,3830.76
2022-04-20,3896.8101
2022-04-21,3928.03
2022-04-22,3840.01
2022-04-25,3757.5901
2022-04-26,3721.3601
2022-04-27,3734.6399
2022-04-28,3777.02
2022-04-29,3802.8601
2022-05-02,3732.4399
2022-05-03,3761.1899
2022-05-04,3724.99
2022-05-05,3696.6299
2022-05-06,3629.1699
2022-05-09,3526.8601
2022-05-10,3554.8
2022-05-11,3647.8701
2022-05-12,3613.4299
2022-05-13,3703.4199
2022-05-16,3685.3401
2022-05-17,3741.51
2022-05-18,3690.74
2022-05-19,3633.3301
2022-05-20,3657.03
2022-05-23,3708.3899
2022-05-24,3647.5601
2022-05-25,3677.1001
2022-05-27,3808.8601
2022-05-30,3841.6201
2022-05-31,3789.21
2022-06-01,3759.54
2022-06-02,3795.1299
2022-06-03,3783.6599
2022-06-07,3806.74
2022-06-08,3788.9299
2022-06-09,3724.45
2022-06-10,3599.2
2022-06-13,3502.5
2022-06-14,3475.1799
2022-06-15,3532.3201
2022-06-16,3427.9099
2022-06-17,3438.46
2022-06-20,3469.8301
2022-06-21,3494.0
2022-06-22,3464.6399
2022-06-23,3436.29
2022-06-24,3533.1699
2022-06-27,3538.8799
2022-06-28,3549.29
2022-06-29,3514.3201
2022-06-30,3454.8601
2022-07-01,3448.3101
2022-07-04,3452.4199
2022-07-05,3359.8301
2022-07-06,3421.8401
2022-07-07,3488.5
2022-07-08,3506.55
2022-07-11,3471.6899
2022-07-12,3487.05
2022-07-13,3453.97
2022-07-14,3396.6101
2022-07-15,3477.2
2022-07-18,3511.8601
2022-07-19,3587.4399
2022-07-20,3585.24
2022-07-21,3596.51
2022-07-22,3596.49
2022-07-25,3604.1599
2022-07-26,3575.3601
2022-07-27,3607.78
2022-07-28,3652.2
2022-07-29,3708.1001
2022-08-02,3684.6299
2022-08-03,3732.54
2022-08-04,3754.6001
2022-08-05,3725.3899
2022-08-08,3757.22
2022-08-09,3715.3701
2022-08-10,3749.3501
2022-08-11,3757.05
2022-08-12,3776.8101
2022-08-15,3789.6201
2022-08-16,3805.22
2022-08-17,3756.0601
2022-08-18,3777.3799
2022-08-19,3730.3201
2022-08-22,3658.22
2022-08-23,3652.52
2022-08-24,3667.46
2022-08-25,3674.54
2022-08-26,3603.6799
2022-08-29,3570.51
2022-08-30,3561.9199
2022-08-31,3517.25
2022-09-01,3456.7
2022-09-02,3544.3799
2022-09-05,3490.01
2022-09-06,3500.1399
2022-09-07,3502.0901
2022-09-08,3512.3799
2022-09-09,3570.04
2022-09-12,3646.51
2022-09-13,3586.1799
2022-09-14,3567.5601
2022-09-15,3541.79
2022-09-16,3500.4099
2022-09-19,3499.49
2022-09-20,3467.0901
2022-09-21,3491.8701
2022-09-22,3427.1399
2022-09-23,3348.6001
2022-09-26,3342.5601
2022-09-27,3328.6499
2022-09-28,3335.3
2022-09-29,3279.04
2022-09-30,3318.2
2022-10-03,3342.1699
2022-10-04,3484.48
2022-10-05,3447.72
2022-10-06,3433.45
2022-10-07,3375.46
2022-10-10,3356.8799
2022-10-11,3340.3501
2022-10-12,3331.53
2022-10-13,3362.3999
2022-10-14,3381.73
2022-10-17,3441.6399
2022-10-18,3463.8301
2022-10-19,3471.24
2022-10-20,3492.8501
2022-10-21,3476.6299
2022-10-24,3527.79
2022-10-25,3585.5801
2022-10-26,3605.3101
2022-10-27,3604.51
2022-10-28,3613.02
2022-10-31,3617.54
2022-11-01,3651.02
2022-11-02,3622.01
2022-11-03,3593.1799
2022-11-04,3688.3301
2022-11-07,3708.8
2022-11-08,3739.28
2022-11-09,3728.03
2022-11-10,3846.5601
2022-11-11,3868.5
2022-11-14,3887.51
2022-11-15,3915.0901
2022-11-16,3882.78
2022-11-17,3878.4199
2022-11-18,3924.8401
2022-11-21,3909.28
2022-11-22,3929.8999
2022-11-23,3946.4399
2022-11-24,3961.99
2022-11-25,3962.4099
2022-11-28,3935.51
2022-11-29,3934.4399
2022-11-30,3964.72
2022-12-01,3984.5
2022-12-02,3977.8999
2022-12-05,3956.53
2022-12-06,3939.1899
2022-12-07,3920.8999
2022-12-08,3921.27
2022-12-09,3942.6201
2022-12-12,3921.8201
2022-12-13,3986.8301
2022-12-14,3975.26
2022-12-15,3835.7
2022-12-16,3804.02
2022-12-19,3811.24
2022-12-20,3802.49
2022-12-21,3872.1499
2022-12-22,3823.29
2022-12-23,3817.01
2022-12-27,3832.8899
2022-12-28,3808.8201
2022-12-29,3850.0701
2022-12-30,3793.6201
2023-01-03,3882.29
2023-01-04,3973.97
2023-01-05,3959.48
2023-01-06,4017.8301
2023-01-09,4068.6201
2023-01-10,4057.46
2023-01-11,4099.7598
2023-01-12,4126.6802
2023-01-13,4150.7998
2023-01-16,4157.0
2023-01-17,4174.3301
2023-01-18,4174.3398
2023-01-19,4094.28
2023-01-20,4119.8999
2023-01-23,4150.8198
2023-01-24,4153.02
2023-01-25,4148.1099
2023-01-26,4173.98
2023-01-27,4178.0098
2023-01-30,4158.6299
2023-01-31,4163.4502
2023-02-01,4171.4399
2023-02-02,4241.1201
2023-02-03,4257.98
2023-02-06,4205.4502
2023-02-07,4209.3101
2023-02-08,4209.1499
2023-02-09,4250.1401
2023-02-10,4197.9399
2023-02-13,4241.3599
2023-02-14,4238.7598
2023-02-15,4280.04
2023-02-16,4297.2402
2023-02-17,4274.9199
2023-02-20,4271.1802
2023-02-21,4250.3999
2023-02-22,4242.8799
2023-02-23,4258.1602
2023-02-24,4178.8198
2023-02-27,4248.0098
2023-02-28,4238.3799
2023-03-01,4215.75
2023-03-02,4240.5898
2023-03-03,4294.7998
2023-03-06,4313.7798
2023-03-07,4278.96
2023-03-08,4288.4502
2023-03-09,4286.1201
2023-03-10,4229.5298
2023-03-13,4096.54
2023-03-14,4179.4702
2023-03-15,4034.9199
2023-03-16,4116.98
2023-03-17,4064.99
2023-03-20,4119.4199
2023-03-21,4181.6001
2023-03-22,4195.7002
2023-03-23,4207.1401
2023-03-24,4130.6201
2023-03-27,4164.6201
2023-03-28,4168.21
2023-03-29,4231.27
2023-03-30,4285.4199
2023-03-31,4315.0498
2023-04-03,4311.0498
2023-04-04,4315.3198
2023-04-05,4298.3599
2023-04-06,4309.4502
2023-04-11,4333.29
2023-04-12,4334.0298
2023-04-13,4363.2402
2023-04-14,4390.75
2023-04-17,4367.6099
2023-04-18,4393.9502
2023-04-19,4393.5698
2023-04-20,4384.8599
2023-04-21,4408.5898
2023-04-24,4401.7998
2023-04-25,4377.8501
2023-04-26,4347.71
2023-04-27,4358.0498
2023-04-28,4359.3101
2023-05-02,4294.8501
2023-05-03,4310.1802
2023-05-04,4287.0298
2023-05-05,4340.4302
2023-05-08,4348.6499
2023-05-09,4323.0898
2023-05-10,4306.7598
2023-05-11,4309.75
2023-05-12,4317.8799
2023-05-15,4316.4102
2023-05-16,4315.5098
2023-05-17,4323.23
2023-05-19,4395.2998
2023-05-22,4385.6299
2023-05-23,4342.3799
2023-05-24,4263.7402
2023-05-25,4269.6401
2023-05-26,4337.5
2023-05-30,4291.5801
2023-05-31,4218.04
2023-06-01,4257.6099
2023-06-02,4323.52
2023-06-05,4293.2402
2023-06-06,4295.2202
2023-06-07,4291.9102
2023-06-08,4297.6802
2023-06-09,4289.79
2023-06-12,4316.4902
2023-06-13,4347.5498
2023-06-14,4375.98
2023-06-15,4365.1201
2023-06-16,4394.8198
2023-06-19,4362.3799
2023-06-20,4343.1401
2023-06-21,4322.75
2023-06-22,4304.4702
2023-06-23,4271.6099
2023-06-26,4280.5698
2023-06-27,4305.2598
2023-06-28,4344.75
2023-06-29,4354.6899
2023-06-30,4399.0898
2023-07-03,4398.1499
2023-07-04,4390.9902
2023-07-05,4350.71
2023-07-06,4223.0898
2023-07-07,4236.6001
2023-07-10,4256.5098
2023-07-11,4286.5601
2023-07-12,4360.46
2023-07-13,4391.7598
2023-07-14,4400.1099
2023-07-17,4356.79
2023-07-18,4369.73
2023-07-19,4362.2798
2023-07-20,4373.73
2023-07-21,4391.4102
2023-07-24,4383.0298
2023-07-25,4391.2998
2023-07-26,4346.1499
2023-07-27,4447.4399
2023-07-28,4466.5
2023-07-31,4471.3101
2023-08-02,4336.5
2023-08-03,4304.6299
2023-08-04,4332.9102
2023-08-07,4337.5
2023-08-08,4288.8501
2023-08-09,4317.3301
2023-08-10,4384.04
2023-08-11,4321.3301
2023-08-14,4330.23
2023-08-15,4288.5698
2023-08-16,4284.27
2023-08-17,4227.8301
2023-08-18,4212.9502
2023-08-21,4224.8701
2023-08-22,4260.3701
2023-08-23,4266.6699
2023-08-24,4232.2202
2023-08-25,4236.25
2023-08-28,4293.6899
2023-08-29,4326.4702
2023-08-30,4315.3101
2023-08-31,4297.1099
2023-09-01,4282.6401
2023-09-04,4279.8701
2023-09-05,4269.1602
2023-09-06,4238.2598
2023-09-07,4221.02
2023-09-08,4237.1899
2023-09-11,4254.3301
2023-09-12,4242.27
2023-09-13,4223.48
2023-09-14,4279.75
2023-09-15,4295.0498
2023-09-18,4245.8799
2023-09-19,4242.7002
2023-09-20,4275.98
2023-09-21,4212.5898
2023-09-22,4207.1602
2023-09-25,4167.3701
2023-09-26,4129.1802
2023-09-27,4131.6802
2023-09-28,4161.5601
2023-09-29,4174.6602
2023-10-02,4137.6299
2023-10-03,4095.5901
2023-10-04,4099.8501
2023-10-05,4099.8101
2023-10-06,4144.4302
2023-10-09,4112.5698
2023-10-10,4205.23
2023-10-11,4200.7998
2023-10-12,4198.23
2023-10-13,4136.1201
2023-10-16,4149.8599
2023-10-17,4152.3198
2023-10-18,4105.8599
2023-10-19,4090.3301
2023-10-20,4024.6799
2023-10-23,4041.75
2023-10-24,4065.3701
2023-10-25,4073.3501
2023-10-26,4049.3999
2023-10-27,4014.3601
2023-10-30,4028.3201
2023-10-31,4061.1201
2023-11-01,4091.71
2023-11-02,4169.6201
2023-11-03,4174.6699
2023-11-06,4158.6401
2023-11-07,4153.3701
2023-11-08,4178.4902
2023-11-09,4229.2002
2023-11-10,4197.3599
2023-11-13,4232.1899
2023-11-14,4291.7202
2023-11-15,4315.5298
2023-11-16,4302.4502
2023-11-17,4340.77
2023-11-20,4342.4102
2023-11-21,4331.8999
2023-11-22,4352.02
2023-11-23,4361.3198
2023-11-24,4372.1001
2023-11-27,4354.4102
2023-11-28,4348.02
2023-11-29,4370.5298
2023-11-30,4382.4702
2023-12-01,4418.5098
2023-12-04,4414.9502
2023-12-05,4452.77
2023-12-06,4483.2598
2023-12-07,4473.77
2023-12-08,4523.3101
2023-12-11,4540.1899
2023-12-12,4536.6099
2023-12-13,4530.1899
2023-12-14,4539.1602
2023-12-15,4549.4399
2023-12-18,4521.1299
2023-12-19,4535.3999
2023-12-20,4533.8198
2023-12-21,4524.8599
2023-12-22,4521.4702
2023-12-27,4528.3799
2023-12-28,4514.3799
2023-12-29,4521.6499
2024-01-03,4448.1299
2024-01-04,4474.0098
2024-01-05,4463.5098
2024-01-08,4485.48
2024-01-09,4467.1699
2024-01-10,4468.98
2024-01-11,4442.2798
2024-01-12,4480.02
2024-01-15,4454.6802
2024-01-16,4446.5098
2024-01-17,4403.0801
2024-01-18,4453.0498
2024-01-19,4448.8301
2024-01-22,4480.3198
2024-01-23,4465.9102
2024-01-24,4564.1099
2024-01-25,4582.2598
2024-01-26,4635.4702
2024-01-29,4639.3599
2024-01-30,4662.7002
2024-01-31,4648.3999
2024-02-01,4638.6001
2024-02-02,4654.5498
2024-02-05,4655.27
2024-02-06,4690.8701
2024-02-07,4678.8501
2024-02-08,4710.7798
2024-02-09,4715.8701
2024-02-12,4746.3501
2024-02-13,4689.2798
2024-02-14,4709.2202
2024-02-15,4743.1699
2024-02-16,4765.6499
2024-02-19,4763.0698
2024-02-20,4760.2798
2024-02-21,4775.3101
2024-02-22,4855.3599
2024-02-23,4872.5698
2024-02-26,4864.29
2024-02-27,4885.7402
2024-02-28,4883.77
2024-02-29,4877.77
2024-03-01,4894.8599
2024-03-04,4912.9199
2024-03-05,4893.0698
2024-03-06,4915.4902
2024-03-07,4974.2202
2024-03-08,4961.1099
2024-03-11,4930.4199
2024-03-12,4983.2002
2024-03-13,5000.5498
2024-03-14,4993.1201
2024-03-15,4986.02
2024-03-18,4982.7598
2024-03-19,5007.9199
2024-03-20,5000.3101
2024-03-21,5052.3101
2024-03-22,5031.1499
2024-03-25,5044.1899
2024-03-26,5064.1802
2024-03-27,5081.7402
2024-03-28,5083.4199
2024-04-02,5042.0
2024-04-03,5069.25
2024-04-04,5070.7598
2024-04-05,5014.75
2024-04-08,5046.0498
2024-04-09,4990.8999
2024-04-10,5000.8301
2024-04-11,4966.6802
2024-04-12,4955.0098
2024-04-15,4984.48
2024-04-16,4916.9902
2024-04-17,4914.1299
2024-04-18,4936.5698
2024-04-19,4918.0898
2024-04-22,4936.8501
2024-04-23,5008.1699
2024-04-24,4989.8799
2024-04-25,4939.0098
2024-04-26,5006.8501
2024-04-29,4981.0898
2024-04-30,4921.2202
2024-05-02,4890.6099
2024-05-03,4921.48
2024-05-06,4956.96
2024-05-07,5016.1001
2024-05-08,5038.1699
2024-05-10,5085.0801
2024-05-13,5078.96
2024-05-14,5080.29
2024-05-15,5100.8999
2024-05-16,5072.4502
2024-05-17,5064.1401
2024-05-21,5046.9902
2024-05-22,5025.1699
2024-05-23,5037.6001
2024-05-24,5035.4102
2024-05-27,5059.2002
2024-05-28,5030.3501
2024-05-29,4963.2002
2024-05-30,4982.1802
2024-05-31,4983.6699
2024-06-03,5003.54
2024-06-04,4953.3701
2024-06-05,5035.6602
2024-06-06,5069.0898
2024-06-07,5051.3101
2024-06-10,5016.48
2024-06-11,4965.0898
2024-06-12,5034.4302
2024-06-13,4935.5
2024-06-14,4839.1401
2024-06-17,4880.4199
2024-06-18,4915.4702
2024-06-19,4885.4502
2024-06-20,4947.73
2024-06-21,4907.2998
2024-06-24,4950.98
2024-06-25,4935.9702
2024-06-26,4915.9399
2024-06-27,4902.6001
2024-06-28,4894.02
2024-07-01,4929.9902
2024-07-02,4906.3301
2024-07-03,4965.7998
2024-07-04,4987.48
2024-07-05,4979.3901
2024-07-08,4969.8301
2024-07-09,4903.6201
2024-07-10,4958.8599
2024-07-11,4976.1299
2024-07-12,5043.02
2024-07-15,4983.1099
2024-07-16,4947.8301
2024-07-17,4891.46
2024-07-18,4870.1201
2024-07-19,4827.2402
2024-07-22,4897.4399
2024-07-23,4916.7998
2024-07-24,4861.8701
2024-07-25,4811.2798
2024-07-26,4862.5
2024-07-29,4815.3901
2024-07-30,4841.0
2024-07-31,4872.9399
2024-08-02,4638.7002
2024-08-05,4571.6001
2024-08-06,4575.2202
2024-08-07,4668.0601
2024-08-08,4668.7402
2024-08-09,4675.2798
2024-08-12,4671.8799
2024-08-13,4694.9199
2024-08-14,4727.6001
2024-08-15,4807.77
2024-08-16,4840.52
2024-08-19,4871.4102
2024-08-20,4857.5801
2024-08-21,4885.2798
2024-08-22,4885.0
2024-08-23,4909.2002
2024-08-26,4896.6899
2024-08-27,4898.7798
2024-08-28,4913.0298
2024-08-29,4966.27
2024-08-30,4957.98
2024-09-02,4973.0698
2024-09-03,4912.52
2024-09-04,4848.1802
2024-09-05,4815.1499
2024-09-06,4738.0601
2024-09-09,4778.6602
2024-09-10,4747.2002
2024-09-11,4763.5801
2024-09-12,4814.0801
2024-09-13,4843.9902
2024-09-16,4827.6299
2024-09-17,4860.7798
2024-09-18,4835.2998
2024-09-19,4943.3799
2024-09-20,4871.54
2024-09-23,4885.5698
2024-09-24,4940.7202
2024-09-25,4916.8901
2024-09-26,5032.5898
2024-09-27,5067.4502
2024-09-30,5000.4502
2024-10-01,4954.1499
2024-10-02,4963.29
2024-10-03,4921.3301
2024-10-04,4954.9399
2024-10-07,4969.71
2024-10-08,4949.0
2024-10-09,4982.5698
2024-10-10,4970.3398
2024-10-11,5003.9199
2024-10-14,5041.0098
2024-10-15,4946.73
2024-10-16,4908.71
2024-10-17,4947.2998
2024-10-18,4986.27
2024-10-21,4941.2202
2024-10-22,4939.3101
2024-10-23,4922.5498
2024-10-24,4935.4502
2024-10-25,4943.0898
2024-10-28,4969.8301
2024-10-29,4950.02
2024-10-30,4885.75
2024-10-31,4827.6299
2024-11-01,4877.75
2024-11-04,4852.1001
2024-11-05,4870.3301
2024-11-06,4800.6299
2024-11-07,4851.96
2024-11-08,4802.7598
2024-11-11,4854.0298
2024-11-12,4744.6899
2024-11-13,4740.3398
2024-11-14,4833.5298
2024-11-15,4794.8501
2024-11-18,4790.3301
2024-11-19,4751.23
2024-11-20,4729.71
2024-11-21,4755.8301
2024-11-22,4789.0801
2024-11-25,4799.8701
2024-11-26,4761.9902
2024-11-27,4733.1499
2024-11-28,4758.6499
2024-11-29,4804.3999
2024-12-02,4846.73
2024-12-03,4878.5098
2024-12-04,4919.02
2024-12-05,4951.5801
2024-12-06,4977.7798
2024-12-09,4985.46
2024-12-10,4951.7402
2024-12-11,4959.3501
2024-12-12,4965.5298
2024-12-13,4967.9502
2024-12-16,4947.0298
2024-12-17,4942.5801
2024-12-18,4957.2798
2024-12-19,4879.0
2024-12-20,4862.2798
2024-12-23,4852.9302
2024-12-27,4898.8799
2024-12-30,4869.2798
2025-01-03,4871.4502
2025-01-06,4986.6401
2025-01-07,5011.8198
2025-01-08,4996.3901
2025-01-09,5017.9102
2025-01-10,4977.2598
2025-01-13,4954.21
2025-01-14,4980.4702
2025-01-15,5032.3101
2025-01-16,5106.9302
2025-01-17,5148.2998
2025-01-20,5164.4399
2025-01-21,5165.96
2025-01-22,5205.8301
2025-01-23,5217.5
2025-01-24,5219.3701
2025-01-27,5188.4502
2025-01-28,5195.71
2025-01-29,5230.6602
2025-01-30,5282.21
2025-01-31,5286.8701
2025-02-03,5217.9102
2025-02-04,5264.5898
2025-02-05,5271.1201
2025-02-06,5356.6299
2025-02-07,5325.3999
2025-02-10,5358.2998
2025-02-11,5390.9102
2025-02-12,5405.6499
2025-02-13,5500.5
2025-02-14,5493.3999
2025-02-17,5519.8301
2025-02-18,5533.8398
2025-02-19,5461.1699
2025-02-20,5461.0298
2025-02-21,5474.8501
2025-02-24,5453.7598
2025-02-25,5447.8999
2025-02-26,5527.9902
2025-02-27,5472.5601
2025-02-28,5463.54
2025-03-03,5540.6899
2025-03-04,5387.3101
2025-03-05,5489.1201
2025-03-06,5520.4702
2025-03-07,5468.4102
2025-03-10,5386.98
2025-03-11,5309.8999
2025-03-12,5359.4199
2025-03-13,5328.3901
2025-03-14,5404.1802
2025-03-17,5445.5498
2025-03-18,5485.0098
2025-03-19,5507.3599
2025-03-20,5450.9302
2025-03-21,5423.8301
2025-03-24,5415.79
2025-03-25,5475.0801
2025-03-26,5411.6899
2025-03-27,5381.0801
2025-03-28,5331.3999
2025-03-31,5248.3901
2025-04-01,5320.2998
2025-04-02,5303.9502
2025-04-03,5113.2798
2025-04-04,4878.3101
2025-04-07,4656.4102
2025-04-08,4773.6499
2025-04-09,4622.1401
2025-04-10,4818.9199
2025-04-11,4787.23
2025-04-14,4911.3901
2025-04-15,4970.4302
2025-04-16,4966.5
2025-04-17,4935.3398
2025-04-22,4961.4502
2025-04-23,5098.7402
2025-04-24,5114.98
2025-04-25,5154.1201
2025-04-28,5170.4902
2025-04-29,5161.8999
2025-04-30,5160.2202
2025-05-02,5285.1899
2025-05-05,5283.0498
2025-05-06,5263.3799
2025-05-07,5230.1899
2025-05-08,5288.9399
2025-05-09,5309.7402
2025-05-12,5392.3599
2025-05-13,5416.21
2025-05-14,5403.4399
2025-05-15,5412.0801
2025-05-16,5427.5298
2025-05-19,5427.23
2025-05-20,5454.6499
2025-05-21,5454.46
2025-05-22,5424.48
2025-05-23,5326.3101
2025-05-26,5395.3301
2025-05-27,5415.4502
2025-05-28,5378.3901
2025-05-30,5366.5898
2025-06-02,5355.5601
2025-06-03,5375.7002
2025-06-04,5405.1499
2025-06-05,5410.5498
2025-06-06,5430.1699
2025-06-10,5415.3799
2025-06-11,5393.1499
2025-06-12,5360.8198
2025-06-13,5290.4702
2025-06-16,5339.5698
2025-06-17,5288.6802
2025-06-18,5266.9102
2025-06-19,5197.0298
2025-06-20,5233.5801
2025-06-23,5221.8999
2025-06-24,5297.0698
2025-06-25,5252.0098
2025-06-26,5244.0298
2025-06-27,5325.6401
2025-06-30,5303.2402
2025-07-01,5282.4302
2025-07-02,5318.7202
2025-07-03,5343.1499
2025-07-04,5288.8101
2025-07-07,5341.54
2025-07-08,5371.9502
2025-07-09,5445.6499
2025-07-10,5438.27
2025-07-11,5383.48
2025-07-14,5370.8501
2025-07-15,5354.1699
2025-07-16,5298.0698
2025-07-17,5377.1499
2025-07-18,5359.23
2025-07-21,5342.98
2025-07-22,5290.48
2025-07-23,5344.25
2025-07-24,5355.2002
2025-07-25,5352.1602
2025-07-28,5337.5801
2025-07-29,5379.2002
2025-07-30,5393.1802
2025-07-31,5319.9199
2025-08-04,5242.3198
2025-08-05,5249.5898
2025-08-06,5263.29
2025-08-07,5332.0698
2025-08-08,5347.7402
2025-08-11,5331.8501
2025-08-12,5335.9702
2025-08-13,5388.25
2025-08-14,5434.7002
2025-08-15,5448.6099
2025-08-18,5434.6401
2025-08-19,5483.2798
2025-08-20,5472.3198
2025-08-21,5462.1602
2025-08-22,5488.23
2025-08-25,5443.96
2025-08-26,5383.6802
2025-08-27,5393.0698
2025-08-28,5396.73
2025-08-29,5351.73
2025-09-01,5367.0801
2025-09-02,5291.04
2025-09-03,5325.0098
2025-09-04,5346.71
2025-09-05,5318.1499
2025-09-08,5362.8101
2025-09-09,5368.8198
2025-09-10,5361.4702
2025-09-11,5386.77
2025-09-12,5390.71
2025-09-15,5440.3999
2025-09-16,5372.3101
2025-09-17,5369.7002
2025-09-18,5456.6699
2025-09-19,5458.4199
2025-09-22,5442.0498
2025-09-23,5472.3901
2025-09-24,5464.5601
2025-09-25,5444.8901
2025-09-26,5499.7002
2025-09-29,5506.8501
2025-09-30,5529.96
2025-10-01,5581.21
2025-10-02,5645.8101
2025-10-03,5651.71
2025-10-06,5628.7202
2025-10-07,5613.6201
2025-10-08,5649.73
2025-10-09,5625.5601
2025-10-10,5531.3198
2025-10-13,5568.1899
2025-10-14,5552.0498
2025-10-15,5605.0298
2025-10-16,5652.0098
2025-10-17,5607.3901
2025-10-20,5680.9302
2025-10-21,5686.8301
2025-10-22,5639.21
2025-10-23,5668.3301
2025-10-24,5674.5
2025-10-27,5711.0601
2025-10-28,5704.3501
2025-10-29,5705.8101
2025-10-30,5699.1802
2025-10-31,5662.04
2025-11-03,5679.25
2025-11-04,5660.2002
2025-11-05,5669.1299
2025-11-06,5611.1802
2025-11-07,5566.5298
2025-11-10,5664.46
2025-11-11,5725.7002
2025-11-12,5787.3101
2025-11-13,5742.79
2025-11-14,5693.77
2025-11-17,5640.9399
2025-11-18,5534.71
2025-11-19,5542.0498
2025-11-20,5569.9199
2025-11-21,5515.0898
2025-11-24,5528.6699
2025-11-25,5573.9102
2025-11-26,5655.5801
2025-11-27,5653.1699
2025-11-28,5668.1699
2025-12-01,5667.48
2025-12-02,5686.1699
2025-12-03,5694.5601
2025-12-04,5718.0801
2025-12-05,5723.9302
2025-12-08,5725.5898
2025-12-09,5718.3198
2025-12-10,5708.1201
2025-12-11,5753.96
2025-12-12,5720.71
2025-12-15,5752.52
2025-12-16,5717.8301
2025-12-17,5681.6699
2025-12-18,5741.71
2025-12-19,5760.3501
2025-12-22,5743.6899
2025-12-23,5749.2798
2025-12-29,5751.71
2025-12-30,5796.2202
2026-01-05,5923.6899
2026-01-06,5931.79
2026-01-07,5923.5698
2026-01-08,5904.3198
2026-01-09,5997.4702
2026-01-12,6016.2998
2026-01-13,6029.8301
2026-01-14,6005.0498
2026-01-15,6041.1401
2026-01-16,6029.4502
2026-01-19,5925.8198
2026-01-20,5892.0801
2026-01-21,5882.8799
2026-01-22,5956.1699
2026-01-23,5948.2002
2026-01-26,5957.7998
2026-01-27,5994.5898
2026-01-28,5933.2002
2026-01-29,5891.9502
2026-01-30,5947.8101
2026-02-02,6007.5098
2026-02-03,5995.3501
2026-02-04,5970.4702
2026-02-05,5925.7002
2026-02-06,5998.3999
2026-02-09,6059.0098
2026-02-10,6047.0601
2026-02-11,6035.6401
2026-02-12,6011.29
2026-02-13,5985.23
2026-02-16,5978.8799
2026-02-17,6021.8501
2026-02-18,6103.3701
2026-02-19,6059.6201
2026-02-20,6131.3101
2026-02-23,6113.9199
2026-02-24,6116.6001
2026-02-25,6173.3198
2026-02-26,6161.5601
2026-02-27,6138.4102
2026-03-02,5986.9302
2026-03-03,5771.73
2026-03-04,5870.9199
2026-03-05,5782.8901
2026-03-06,5719.8999
2026-03-09,5685.2002
2026-03-10,5837.1699
2026-03-11,5794.6802
2026-03-12,5748.8901
2026-03-13,5716.6099
2026-03-16,5739.0098
2026-03-17,5769.25
2026-03-18,5736.8501
2026-03-19,5613.8301
2026-03-20,5501.2798
2026-03-23,5574.3198
2026-03-24,5581.29
2026-03-25,5649.3301
2026-03-26,5565.9302
2026-03-27,5505.7998
2026-03-30,5541.79
2026-03-31,5569.73
2026-04-01,5732.71
2026-04-02,5692.8599
2026-04-07,5633.2202
2026-04-08,5913.3701
2026-04-09,5896.29
2026-04-10,5926.1099
2026-04-13,5905.02
2026-04-14,5984.5098
2026-04-15,5940.3398
2026-04-16,5933.2798
2026-04-17,6057.71
2026-04-20,5982.6299
2026-04-21,5930.25
2026-04-22,5906.2202
2026-04-23,5894.73
2026-04-24,5883.48
2026-04-27,5860.3198
2026-04-28,5836.1001
2026-04-29,5816.48
2026-04-30,5881.5098
2026-05-04,5763.6099
2026-05-05,5869.6299
2026-05-06,6027.1299
2026-05-07,5972.6499
2026-05-08,5911.5298
2026-05-11,5895.4502
2026-05-12,5808.4502
2026-05-13,5861.0698
2026-05-15,5827.7598
2026-05-18,5849.0
2026-05-19,5851.1602
2026-05-20,5976.0698
2026-05-21,5960.3198
2026-05-22,6019.4502
2026-05-26,6064.1499
2026-05-27,6070.54
2026-05-28,6055.1099
2026-05-29,6050.54
2026-06-01,6034.9502
2026-06-02,6107.8501
2026-06-03,6053.5698
2026-06-04,6103.3301
2026-06-05,6062.0698
2026-06-08,6062.29
2026-06-09,6049.7402
2026-06-10,6009.9502
2026-06-11,6056.96
2026-06-12,6187.6299
2026-06-15,6229.4302
2026-06-16,6257.4199
2026-06-17,6300.0698
2026-06-18,6323.27
2026-06-19,6293.1299
2026-06-22,6311.3198
2026-06-23,6230.5498
2026-06-24,6214.7002
2026-06-25,6267.5298
2026-06-26,6221.5498
2026-06-29,6231.6299
2026-06-30,6328.0898
2026-07-01,6282.5
2026-07-02,6360.4702
2026-07-03,6412.6802
2026-07-06,6398.0098
2026-07-07,6319.8599
2026-07-08,6204.9102
2026-07-09,6284.27
2026-07-10,6269.9702
2026-07-13,6271.02
2026-07-14,6280.1899
2026-07-15,6265.5801
2026-07-16,6283.6099
2026-07-17,6230.8701
2026-07-20,6227.3999
2026-07-21,6251.3101
2026-07-22,6257.27
2026-07-23,6210.1699
2026-07-24,6280.9399
2026-07-27,6282.21
2026-07-28,6289.5098
2026-07-29,6248.8398
2026-07-30,6300.8398
2026-07-31,6358.0098
2026-08-03,6429.5098
2026-08-04,6486.7002
2026-08-05,6511.2202
2026-08-06,6502.5601
2026-08-07,6523.8599
2026-08-10,6535.6201
2026-08-11,6551.2202
2026-08-12,6533.9902
2026-08-13,6545.4702
2026-08-14,6539.5898
2026-08-17,6530.4502
2026-08-18,6468.1699
2026-08-19,6444.46
2026-08-20,6422.0601
2026-08-21,6462.2202
2026-08-24,6447.98
2026-08-25,6472.7402
