date,close
1970-01-02,17.4355
1970-01-05,17.6028
1970-01-06,17.6147
1970-01-07,17.6267
1970-01-08,17.6625
1970-01-09,17.6386
1970-01-12,17.5789
1970-01-13,17.8836
1970-01-14,17.8657
1970-01-15,18.2361
1970-01-16,17.6745
1970-01-19,16.7304
1970-01-20,17.0411
1970-01-21,16.9694
1970-01-22,17.0172
1970-01-23,17.0172
1970-01-26,16.6587
1970-01-27,16.5033
1970-01-28,16.3002
1970-01-29,16.1807
1970-01-30,16.0223
1970-02-02,16.3958
1970-02-03,16.4077
1970-02-04,16.4077
1970-02-05,16.1926
1970-02-06,16.4794
1970-02-09,16.7185
1970-02-10,16.5392
1970-02-11,16.9694
1970-02-12,16.826
1970-02-13,16.6826
1970-02-16,16.6946
1970-02-17,16.7185
1970-02-18,16.7902
1970-02-19,16.826
1970-02-20,16.7065
1970-02-24,16.4675
1970-02-25,16.4914
1970-02-26,16.4555
1970-02-27,16.2643
1970-03-02,16.0373
1970-03-03,15.9297
1970-03-04,15.7624
1970-03-05,15.7385
1970-03-06,15.5473
1970-03-09,15.141
1970-03-10,15.6071
1970-03-11,15.7027
1970-03-12,15.7146
1970-03-13,15.4995
1970-03-16,15.2964
1970-03-17,15.4159
1970-03-18,15.4039
1970-03-19,15.4099
1970-03-20,15.2844
1970-03-23,15.392
1970-03-24,15.6788
1970-03-25,15.9178
1970-03-26,15.9297
1970-03-30,16.097
1970-03-31,16.1807
1970-04-01,16.1448
1970-04-02,15.87
1970-04-03,15.6071
1970-04-06,15.3203
1970-04-07,15.2964
1970-04-08,15.4876
1970-04-09,15.5712
1970-04-10,15.8461
1970-04-13,15.631
1970-04-14,15.5234
1970-04-15,15.4517
1970-04-16,15.3322
1970-04-17,15.4159
1970-04-20,15.5115
1970-04-21,15.3442
1970-04-22,14.9618
1970-04-23,14.8004
1970-04-24,14.7706
1970-04-27,14.412
1970-04-28,13.8743
1970-04-29,14.3523
1970-04-30,14.2447
1970-05-01,14.185
1970-05-04,13.5277
1970-05-05,13.5277
1970-05-06,13.7428
1970-05-07,13.8504
1970-05-08,13.8862
1970-05-11,13.6472
1970-05-12,13.5038
1970-05-13,13.1453
1970-05-14,12.8346
1970-05-15,12.9422
1970-05-18,12.9063
1970-05-19,12.3566
1970-05-20,11.9742
1970-05-21,11.7352
1970-05-22,11.8547
1970-05-25,11.5201
1970-05-26,11.5679
1970-05-27,12.3805
1970-05-28,12.7629
1970-05-29,13.2887
1970-06-01,13.7189
1970-06-02,13.5277
1970-06-03,13.5277
1970-06-04,12.9661
1970-06-05,12.9063
1970-06-08,12.7271
1970-06-09,12.8227
1970-06-10,12.6912
1970-06-11,12.3924
1970-06-12,12.3805
1970-06-15,12.3805
1970-06-16,12.9541
1970-06-17,12.7032
1970-06-18,13.0019
1970-06-19,12.9183
1970-06-22,12.8346
1970-06-23,12.2909
1970-06-24,12.1893
1970-06-25,12.3327
1970-06-26,12.3088
1970-06-29,12.3088
1970-06-30,11.9503
1970-07-01,12.1415
1970-07-02,11.9861
1970-07-06,11.6874
1970-07-07,11.5918
1970-07-08,12.0698
1970-07-09,12.1534
1970-07-10,11.9622
1970-07-13,11.8427
1970-07-14,12.01
1970-07-15,12.0459
1970-07-16,12.1415
1970-07-17,12.4044
1970-07-20,12.3327
1970-07-21,12.3207
1970-07-22,12.1415
1970-07-23,12.2849
1970-07-24,12.1295
1970-07-27,12.1056
1970-07-28,12.0817
1970-07-29,12.0698
1970-07-30,12.1176
1970-07-31,12.0578
1970-08-03,11.9144
1970-08-04,11.9622
1970-08-05,11.9383
1970-08-06,11.8786
1970-08-07,11.7352
1970-08-10,11.4962
1970-08-11,11.3886
1970-08-12,11.0241
1970-08-13,10.6597
1970-08-14,10.9883
1970-08-17,11.2452
1970-08-18,11.4603
1970-08-19,11.4603
1970-08-20,11.6993
1970-08-21,11.9144
1970-08-24,12.5598
1970-08-25,12.6195
1970-08-26,12.6076
1970-08-27,12.6793
1970-08-28,12.9661
1970-08-31,12.7271
1970-09-01,12.6135
1970-09-02,12.6195
1970-09-03,12.8944
1970-09-04,13.0019
1970-09-08,13.1453
1970-09-09,13.0497
1970-09-10,12.8227
1970-09-11,12.8466
1970-09-14,12.7151
1970-09-15,12.733
1970-09-16,12.9541
1970-09-17,13.217
1970-09-18,13.3963
1970-09-21,13.1692
1970-09-22,13.0617
1970-09-23,13.4321
1970-09-24,13.7906
1970-09-25,13.7906
1970-09-28,13.8623
1970-09-29,13.946
1970-09-30,13.946
1970-10-01,14.1969
1970-10-02,14.3045
1970-10-05,14.663
1970-10-06,14.6809
1970-10-07,14.6152
1970-10-08,14.2567
1970-10-09,14.1551
1970-10-12,13.8743
1970-10-13,13.9579
1970-10-14,13.934
1970-10-15,14.0057
1970-10-16,13.8982
1970-10-19,13.5994
1970-10-20,13.9161
1970-10-21,13.8086
1970-10-22,13.7667
1970-10-23,14.1013
1970-10-26,13.8504
1970-10-27,13.9101
1970-10-28,14.173
1970-10-29,14.2686
1970-10-30,14.0535
1970-11-02,14.3284
1970-11-03,14.1551
1970-11-04,14.1611
1970-11-05,13.9878
1970-11-06,14.0535
1970-11-09,14.2208
1970-11-10,14.2925
1970-11-11,14.2089
1970-11-12,14.2029
1970-11-13,14.0117
1970-11-16,14.0177
1970-11-17,13.9998
1970-11-18,13.8862
1970-11-19,13.9101
1970-11-20,14.173
1970-11-23,14.2925
1970-11-24,14.3403
1970-11-25,14.2925
1970-11-27,14.7467
1970-11-30,14.6869
1970-12-01,14.7228
1970-12-02,15.0096
1970-12-03,14.8901
1970-12-04,14.902
1970-12-07,15.1052
1970-12-08,15.1171
1970-12-09,15.1649
1970-12-10,15.1769
1970-12-11,15.153
1970-12-14,14.8542
1970-12-15,14.8662
1970-12-16,14.9618
1970-12-17,14.9618
1970-12-18,15.0813
1970-12-21,15.1649
1970-12-22,15.1052
1970-12-23,14.9379
1970-12-24,15.0574
1970-12-28,15.2247
1970-12-29,15.3083
1970-12-30,15.2725
1970-12-31,15.1888
1971-01-04,14.9618
1971-01-05,15.1171
1971-01-06,15.2008
1971-01-07,15.1171
1971-01-08,15.0335
1971-01-11,14.9379
1971-01-12,15.0932
1971-01-13,15.0872
1971-01-14,15.0335
1971-01-15,14.8184
1971-01-18,14.902
1971-01-19,14.9498
1971-01-20,15.0454
1971-01-21,15.0813
1971-01-22,15.1291
1971-01-25,15.38
1971-01-26,15.5832
1971-01-27,15.4159
1971-01-28,15.1769
1971-01-29,15.5593
1971-02-01,15.6429
1971-02-02,15.6668
1971-02-03,15.7087
1971-02-04,15.7983
1971-02-05,16.0851
1971-02-08,16.2882
1971-02-09,16.1807
1971-02-10,16.1209
1971-02-11,16.1926
1971-02-12,16.2285
1971-02-16,16.3301
1971-02-17,16.0851
1971-02-18,15.7385
1971-02-19,15.6907
1971-02-22,15.7983
1971-02-23,16.0253
1971-02-24,16.1687
1971-02-25,15.9656
1971-02-26,16.0851
1971-03-01,16.2046
1971-03-02,16.1568
1971-03-03,16.1209
1971-03-04,16.2882
1971-03-05,16.5153
1971-03-08,16.6587
1971-03-09,16.6826
1971-03-10,16.6707
1971-03-11,16.6228
1971-03-12,16.9216
1971-03-15,17.3757
1971-03-16,17.3279
1971-03-17,17.3757
1971-03-18,17.2562
1971-03-19,17.2383
1971-03-22,17.1367
1971-03-23,17.0053
1971-03-24,16.9694
1971-03-25,17.0172
1971-03-26,17.1128
1971-03-29,17.0411
1971-03-30,17.065
1971-03-31,17.0889
1971-04-01,17.0172
1971-04-02,17.1128
1971-04-05,17.2443
1971-04-06,17.2622
1971-04-07,17.2562
1971-04-08,17.0531
1971-04-12,17.065
1971-04-13,17.1128
1971-04-14,17.1487
1971-04-15,17.0292
1971-04-16,16.826
1971-04-19,16.9216
1971-04-20,17.0172
1971-04-21,16.8738
1971-04-22,16.826
1971-04-23,16.9694
1971-04-26,17.0172
1971-04-27,17.1128
1971-04-28,17.2682
1971-04-29,17.304
1971-04-30,17.1009
1971-05-03,16.8858
1971-05-04,16.8977
1971-05-05,16.8738
1971-05-06,16.8141
1971-05-07,16.587
1971-05-10,16.4794
1971-05-11,16.3599
1971-05-12,16.3719
1971-05-13,16.2643
1971-05-14,16.0373
1971-05-17,15.9656
1971-05-18,16.1568
1971-05-19,16.348
1971-05-20,16.6348
1971-05-21,16.4436
1971-05-24,16.3002
1971-05-25,16.109
1971-05-26,16.1209
1971-05-27,15.9656
1971-05-28,15.631
1971-06-01,15.7146
1971-06-02,15.6071
1971-06-03,15.3561
1971-06-04,15.4995
1971-06-07,15.1888
1971-06-08,14.9379
1971-06-09,15.2127
1971-06-10,15.3681
1971-06-11,15.5115
1971-06-14,15.2306
1971-06-15,15.3681
1971-06-16,15.4637
1971-06-17,15.3442
1971-06-18,15.0813
1971-06-21,15.0096
1971-06-22,15.0454
1971-06-23,15.0693
1971-06-24,14.9618
1971-06-25,14.8781
1971-06-28,14.902
1971-06-29,15.0096
1971-06-30,15.153
1971-07-01,15.1888
1971-07-02,15.2486
1971-07-06,15.1291
1971-07-07,14.8901
1971-07-08,14.8781
1971-07-09,15.1052
1971-07-12,15.0574
1971-07-13,14.4359
1971-07-14,14.3403
1971-07-15,14.2447
1971-07-16,14.0774
1971-07-19,14.173
1971-07-20,14.2925
1971-07-21,14.424
1971-07-22,14.3164
1971-07-23,14.2447
1971-07-26,14.185
1971-07-27,13.9938
1971-07-28,14.3164
1971-07-29,14.185
1971-07-30,13.9221
1971-08-02,14.0416
1971-08-03,13.8623
1971-08-04,13.7189
1971-08-05,13.7189
1971-08-06,13.6472
1971-08-09,13.5755
1971-08-10,13.6711
1971-08-11,13.9221
1971-08-12,14.185
1971-08-13,14.1013
1971-08-16,15.0096
1971-08-17,15.0932
1971-08-18,14.8303
1971-08-19,14.675
1971-08-20,14.7706
1971-08-23,15.0454
1971-08-24,15.2127
1971-08-25,15.0454
1971-08-26,15.0096
1971-08-27,15.0813
1971-08-30,14.8243
1971-08-31,14.5315
1971-09-01,14.412
1971-09-02,14.3164
1971-09-03,14.7108
1971-09-07,14.8184
1971-09-08,14.8423
1971-09-09,14.6451
1971-09-10,14.5913
1971-09-13,14.3403
1971-09-14,14.3284
1971-09-15,14.4837
1971-09-16,14.3881
1971-09-17,14.3762
1971-09-20,14.5315
1971-09-21,14.6032
1971-09-22,14.7108
1971-09-23,14.5794
1971-09-24,14.5674
1971-09-27,14.5256
1971-09-28,14.5435
1971-09-29,14.4718
1971-09-30,14.5196
1971-10-01,14.6272
1971-10-04,14.6511
1971-10-05,14.7108
1971-10-06,14.7706
1971-10-07,14.7467
1971-10-08,14.5674
1971-10-11,14.6152
1971-10-12,15.0633
1971-10-13,14.7825
1971-10-14,14.7108
1971-10-15,14.7586
1971-10-18,14.7706
1971-10-19,14.7706
1971-10-20,14.5794
1971-10-21,14.5315
1971-10-22,14.418
1971-10-25,14.4359
1971-10-26,14.2925
1971-10-27,14.1969
1971-10-28,14.2567
1971-10-29,14.3642
1971-11-01,13.9759
1971-11-02,14.1252
1971-11-03,14.4837
1971-11-04,14.3523
1971-11-05,14.3403
1971-11-08,14.3045
1971-11-09,14.2925
1971-11-10,14.2089
1971-11-11,13.9699
1971-11-12,14.0655
1971-11-15,14.0655
1971-11-16,14.4359
1971-11-17,14.3881
1971-11-18,14.0894
1971-11-19,14.0296
1971-11-22,13.946
1971-11-23,13.8862
1971-11-24,13.946
1971-11-26,14.2806
1971-11-29,14.4479
1971-11-30,14.6032
1971-12-01,14.8064
1971-12-02,14.7945
1971-12-03,15.3442
1971-12-06,14.9737
1971-12-07,15.153
1971-12-08,14.9857
1971-12-09,15.1769
1971-12-10,15.5115
1971-12-13,15.4995
1971-12-14,15.2964
1971-12-15,15.6369
1971-12-16,16.2046
1971-12-17,16.2046
1971-12-20,16.3241
1971-12-21,16.5392
1971-12-22,16.3121
1971-12-23,16.0612
1971-12-27,15.9417
1971-12-28,16.2165
1971-12-29,16.109
1971-12-30,16.0134
1971-12-31,16.0851
1972-01-03,15.9178
1972-01-04,16.2524
1972-01-05,16.3002
1972-01-06,16.3002
1972-01-07,16.1926
1972-01-10,16.1568
1972-01-11,16.3002
1972-01-12,16.3599
1972-01-13,16.3002
1972-01-14,16.7304
1972-01-17,16.7065
1972-01-18,16.7065
1972-01-19,16.8858
1972-01-20,17.3757
1972-01-21,17.6028
1972-01-24,17.2323
1972-01-25,17.4952
1972-01-26,17.6267
1972-01-27,17.6028
1972-01-28,17.6028
1972-01-31,17.5908
1972-02-01,17.6386
1972-02-02,17.8537
1972-02-03,17.8418
1972-02-04,17.6745
1972-02-07,17.6147
1972-02-08,17.794
1972-02-09,17.8657
1972-02-10,17.782
1972-02-11,17.8657
1972-02-14,17.6386
1972-02-15,17.6745
1972-02-16,17.6565
1972-02-17,17.5789
1972-02-18,17.6267
1972-02-22,17.6147
1972-02-23,17.6386
1972-02-24,17.4355
1972-02-25,17.8059
1972-02-28,17.543
1972-02-29,17.6147
1972-03-01,17.8059
1972-03-02,17.9852
1972-03-03,18.0449
1972-03-06,18.1644
1972-03-07,18.3437
1972-03-08,18.26
1972-03-09,18.3078
1972-03-10,18.0808
1972-03-13,17.8418
1972-03-14,17.7581
1972-03-15,17.8298
1972-03-16,17.8298
1972-03-17,18.021
1972-03-20,18.0151
1972-03-21,17.9971
1972-03-22,18.0569
1972-03-23,18.272
1972-03-24,18.2959
1972-03-27,18.4034
1972-03-28,18.3975
1972-03-29,18.1644
1972-03-30,18.272
1972-04-03,18.4273
1972-04-04,18.5946
1972-04-05,18.7381
1972-04-06,18.6902
1972-04-07,18.6066
1972-04-10,18.6663
1972-04-11,18.6663
1972-04-12,19.001
1972-04-13,18.8456
1972-04-14,18.8815
1972-04-17,18.8815
1972-04-18,18.9173
1972-04-19,18.6902
1972-04-20,18.5349
1972-04-21,18.4034
1972-04-24,18.4034
1972-04-25,18.2361
1972-04-26,18.1644
1972-04-27,18.2122
1972-04-28,18.4512
1972-05-01,18.2839
1972-05-02,18.1644
1972-05-03,18.1166
1972-05-04,18.3795
1972-05-05,18.5827
1972-05-08,18.4632
1972-05-09,18.1286
1972-05-10,18.3437
1972-05-11,18.3317
1972-05-12,18.26
1972-05-15,18.4751
1972-05-16,18.3437
1972-05-17,18.6185
1972-05-18,18.8576
1972-05-19,18.9412
1972-05-22,19.1683
1972-05-23,19.2161
1972-05-24,19.2639
1972-05-25,19.3117
1972-05-26,19.3117
1972-05-30,18.9054
1972-05-31,19.0129
1972-06-01,19.0727
1972-06-02,19.0488
1972-06-05,18.8576
1972-06-06,18.7859
1972-06-07,18.8934
1972-06-08,18.7739
1972-06-09,18.6902
1972-06-12,18.5349
1972-06-13,18.7739
1972-06-14,19.1085
1972-06-15,19.001
1972-06-16,19.0607
1972-06-19,18.9532
1972-06-20,18.9771
1972-06-21,19.001
1972-06-22,18.9173
1972-06-23,18.8815
1972-06-26,18.75
1972-06-27,18.75
1972-06-28,18.6723
1972-06-29,18.7141
1972-06-30,18.7381
1972-07-03,18.8874
1972-07-05,19.1205
1972-07-06,19.2997
1972-07-07,19.3117
1972-07-10,19.0727
1972-07-11,18.9771
1972-07-12,18.9173
1972-07-13,18.7261
1972-07-14,18.7978
1972-07-17,18.5468
1972-07-18,18.5707
1972-07-19,18.6424
1972-07-20,18.6783
1972-07-21,18.9532
1972-07-24,19.0607
1972-07-25,19.0249
1972-07-26,18.8576
1972-07-27,18.9771
1972-07-28,19.0249
1972-07-31,19.1563
1972-08-01,19.5985
1972-08-02,19.5507
1972-08-03,19.8494
1972-08-04,19.8853
1972-08-07,19.9689
1972-08-08,19.9928
1972-08-09,20.2438
1972-08-10,20.2438
1972-08-11,20.3394
1972-08-14,20.3035
1972-08-15,20.0884
1972-08-16,19.8853
1972-08-17,19.7538
1972-08-18,19.6702
1972-08-21,19.6224
1972-08-22,19.7299
1972-08-23,19.7419
1972-08-24,19.467
1972-08-25,19.4073
1972-08-28,19.3236
1972-08-29,19.5387
1972-08-30,19.5029
1972-08-31,19.5268
1972-09-01,19.4192
1972-09-05,19.3475
1972-09-06,19.1802
1972-09-07,19.0966
1972-09-08,19.0607
1972-09-11,18.9532
1972-09-12,18.8815
1972-09-13,19.0249
1972-09-14,19.0966
1972-09-15,19.0129
1972-09-18,18.9412
1972-09-19,18.9771
1972-09-20,19.1444
1972-09-21,19.0966
1972-09-22,19.0368
1972-09-25,19.0368
1972-09-26,19.0308
1972-09-27,19.4551
1972-09-28,19.3236
1972-09-29,19.4312
1972-10-02,19.3714
1972-10-03,19.4431
1972-10-04,19.2758
1972-10-05,18.8815
1972-10-06,19.1922
1972-10-09,19.1324
1972-10-10,18.8337
1972-10-11,18.6783
1972-10-12,18.3795
1972-10-13,18.1166
1972-10-16,17.4235
1972-10-17,17.6984
1972-10-18,18.1166
1972-10-19,18.0927
1972-10-20,18.499
1972-10-23,18.6663
1972-10-24,18.6066
1972-10-25,18.3317
1972-10-26,18.0449
1972-10-27,18.1047
1972-10-30,18.1525
1972-10-31,18.4273
1972-11-01,18.6185
1972-11-02,18.6902
1972-11-03,18.5409
1972-11-06,18.2122
1972-11-08,17.9971
1972-11-09,17.7581
1972-11-10,17.794
1972-11-13,18.0091
1972-11-14,18.5468
1972-11-15,18.3676
1972-11-16,18.4034
1972-11-17,18.3556
1972-11-20,18.4034
1972-11-21,18.511
1972-11-22,18.8337
1972-11-24,18.5946
1972-11-27,18.4273
1972-11-28,18.272
1972-11-29,18.499
1972-11-30,18.6902
1972-12-01,19.0249
1972-12-04,19.1444
1972-12-05,19.0249
1972-12-06,18.9771
1972-12-07,18.9651
1972-12-08,19.2639
1972-12-11,19.3236
1972-12-12,19.0727
1972-12-13,18.9412
1972-12-14,18.9054
1972-12-15,19.0308
1972-12-18,18.8576
1972-12-19,18.6424
1972-12-20,18.6185
1972-12-21,18.4273
1972-12-22,18.6663
1972-12-26,18.7261
1972-12-27,19.0727
1972-12-29,19.2161
1973-01-02,19.5507
1973-01-03,19.5626
1973-01-04,19.6821
1973-01-05,20.0167
1973-01-08,20.0167
1973-01-09,19.957
1973-01-10,19.6702
1973-01-11,19.8494
1973-01-12,20.0765
1973-01-15,20.2318
1973-01-16,20.196
1973-01-17,20.2677
1973-01-18,20.5007
1973-01-19,20.9847
1973-01-22,20.8413
1973-01-23,21.2357
1973-01-24,20.8413
1973-01-26,20.925
1973-01-29,21.1042
1973-01-30,20.9847
1973-01-31,20.8174
1973-02-01,20.5067
1973-02-02,20.5425
1973-02-05,20.5545
1973-02-06,20.925
1973-02-07,20.9608
1973-02-08,20.913
1973-02-09,21.3193
1973-02-12,21.4388
1973-02-13,21.5583
1973-02-14,21.3014
1973-02-15,21.1042
1973-02-16,21.0923
1973-02-20,21.3671
1973-02-21,21.2118
1973-02-22,21.2237
1973-02-23,20.7218
1973-02-26,20.6023
1973-02-27,20.2199
1973-02-28,20.6262
1973-03-01,20.4111
1973-03-02,21.1281
1973-03-05,20.9728
1973-03-06,20.9011
1973-03-07,21.0803
1973-03-08,21.0564
1973-03-09,21.0086
1973-03-12,21.152
1973-03-13,21.2596
1973-03-14,21.4508
1973-03-15,21.2237
1973-03-16,21.1998
1973-03-19,20.9309
1973-03-20,20.925
1973-03-21,20.5784
1973-03-22,20.3394
1973-03-23,20.4589
1973-03-26,20.674
1973-03-27,20.913
1973-03-28,20.7696
1973-03-29,20.9728
1973-03-30,20.6262
1973-04-02,20.4589
1973-04-03,20.2796
1973-04-04,20.2199
1973-04-05,20.2139
1973-04-06,20.2438
1973-04-09,20.5306
1973-04-10,20.7576
1973-04-11,20.5664
1973-04-12,20.662
1973-04-13,20.5425
1973-04-16,20.3274
1973-04-17,20.3155
1973-04-18,20.6501
1973-04-19,20.5067
1973-04-23,20.3394
1973-04-24,19.8494
1973-04-25,19.479
1973-04-26,19.5865
1973-04-27,19.3714
1973-04-30,19.5029
1973-05-01,19.8554
1973-05-02,19.8554
1973-05-03,20.2677
1973-05-04,20.1601
1973-05-07,19.9331
1973-05-08,20.1721
1973-05-09,19.7897
1973-05-10,19.6224
1973-05-11,19.3893
1973-05-14,18.9352
1973-05-15,19.1205
1973-05-16,19.1205
1973-05-17,18.9771
1973-05-18,18.5946
1973-05-21,18.4871
1973-05-22,18.6424
1973-05-23,18.6305
1973-05-24,19.1444
1973-05-25,19.5029
1973-05-29,19.3296
1973-05-30,19.0607
1973-05-31,18.8068
1973-06-01,18.5229
1973-06-04,18.508
1973-06-05,18.9412
1973-06-06,18.8217
1973-06-07,19.24
1973-06-08,19.3744
1973-06-11,19.2997
1973-06-12,19.6732
1973-06-13,19.6881
1973-06-14,19.1802
1973-06-15,19.0159
1973-06-18,18.7619
1973-06-19,19.001
1973-06-20,19.2101
1973-06-21,18.8516
1973-06-22,18.9263
1973-06-25,18.4483
1973-06-26,18.6873
1973-06-27,18.7171
1973-06-28,19.1055
1973-06-29,18.9412
1973-07-02,18.2391
1973-07-03,17.8358
1973-07-05,17.9254
1973-07-06,17.9404
1973-07-09,18.2541
1973-07-10,18.7619
1973-07-11,19.1205
1973-07-12,18.747
1973-07-13,18.5229
1973-07-16,19.0607
1973-07-17,18.5229
1973-07-18,18.7769
1973-07-19,18.8217
1973-07-20,18.8217
1973-07-23,18.6873
1973-07-24,18.6275
1973-07-25,19.0607
1973-07-26,19.0458
1973-07-27,19.001
1973-07-30,19.1653
1973-07-31,18.7918
1973-08-01,18.6126
1973-08-02,18.7022
1973-08-03,18.6126
1973-08-06,18.5827
1973-08-07,18.4034
1973-08-08,18.1644
1973-08-09,18.1346
1973-08-10,18.0001
1973-08-13,18.0151
1973-08-14,17.9105
1973-08-15,18.0748
1973-08-16,17.9553
1973-08-17,17.9553
1973-08-20,17.9105
1973-08-21,17.791
1973-08-22,17.791
1973-08-23,17.8806
1973-08-24,17.8209
1973-08-27,18.1943
1973-08-28,18.1644
1973-08-29,18.1794
1973-08-30,18.1196
1973-08-31,17.9852
1973-09-04,17.7387
1973-09-05,17.791
1973-09-06,17.8209
1973-09-07,17.6939
1973-09-10,17.5221
1973-09-11,17.0889
1973-09-12,17.3578
1973-09-13,17.4624
1973-09-14,17.8059
1973-09-17,16.2524
1973-09-18,15.5055
1973-09-19,16.1777
1973-09-20,16.0582
1973-09-21,15.5354
1973-09-24,15.0275
1973-09-25,15.5055
1973-09-26,15.5652
1973-09-27,15.5354
1973-09-28,15.4159
1973-10-01,15.4009
1973-10-02,15.2665
1973-10-03,14.8482
1973-10-04,15.0275
1973-10-05,15.5055
1973-10-08,15.6399
1973-10-09,15.6399
1973-10-10,16.3719
1973-10-11,16.7902
1973-10-12,16.8499
1973-10-15,16.6856
1973-10-16,16.8424
1973-10-17,16.9246
1973-10-18,17.1785
1973-10-19,17.4175
1973-10-22,16.7304
1973-10-23,17.0889
1973-10-24,17.1785
1973-10-25,17.2682
1973-10-26,17.059
1973-10-29,17.0292
1973-10-30,16.6408
1973-10-31,16.7453
1973-11-01,16.8051
1973-11-02,16.7453
1973-11-05,16.5362
1973-11-06,16.4914
1973-11-07,16.5362
1973-11-08,16.8648
1973-11-09,16.6333
1973-11-12,16.9843
1973-11-13,17.313
1973-11-14,17.1487
1973-11-15,16.7304
1973-11-16,16.9993
1973-11-19,16.4914
1973-11-20,16.2524
1973-11-21,16.5362
1973-11-23,16.2823
1973-11-26,15.8939
1973-11-27,15.7445
1973-11-28,16.0881
1973-11-29,15.8939
1973-11-30,15.8341
1973-12-03,15.4457
1973-12-04,15.2516
1973-12-05,15.1321
1973-12-06,15.5802
1973-12-07,15.8341
1973-12-10,15.7146
1973-12-11,15.0275
1973-12-12,14.9752
1973-12-13,15.0574
1973-12-14,14.6989
1973-12-17,14.3403
1973-12-18,14.908
1973-12-19,14.9827
1973-12-20,14.5196
1973-12-21,14.3702
1973-12-24,14.191
1973-12-26,14.8482
1973-12-27,15.2366
1973-12-28,14.893
1973-12-31,14.7437
1974-01-02,14.5047
1974-01-03,14.2955
1974-01-04,13.7876
1974-01-07,13.5785
1974-01-08,13.6233
1974-01-09,13.6084
1974-01-10,13.6831
1974-01-11,14.3403
1974-01-14,14.1611
1974-01-15,14.2881
1974-01-16,14.5644
1974-01-17,14.9827
1974-01-18,14.6989
1974-01-21,14.6391
1974-01-22,14.9229
1974-01-23,14.8184
1974-01-24,14.7287
1974-01-25,14.7586
1974-01-28,14.6018
1974-01-29,14.5345
1974-01-30,14.7138
1974-01-31,14.654
1974-02-01,14.415
1974-02-04,14.1611
1974-02-05,14.1462
1974-02-06,14.176
1974-02-07,14.1163
1974-02-08,13.9296
1974-02-11,13.6233
1974-02-12,13.6383
1974-02-13,13.698
1974-02-14,13.5337
1974-02-15,13.952
1974-02-19,13.8474
1974-02-20,14.0715
1974-02-21,14.191
1974-02-22,14.1312
1974-02-25,14.0864
1974-02-26,14.2059
1974-02-27,14.1611
1974-02-28,14.2134
1974-03-01,14.1013
1974-03-04,14.1462
1974-03-05,14.4449
1974-03-06,14.5943
1974-03-07,14.3254
1974-03-08,14.3702
1974-03-11,14.7287
1974-03-12,14.908
1974-03-13,14.9379
1974-03-14,14.8632
1974-03-15,14.893
1974-03-18,14.7885
1974-03-19,14.6839
1974-03-20,14.7138
1974-03-21,14.5196
1974-03-22,14.5495
1974-03-25,14.7885
1974-03-26,14.9379
1974-03-27,14.5794
1974-03-28,14.3254
1974-03-29,14.0864
1974-04-01,13.7279
1974-04-02,13.9818
1974-04-03,14.2955
1974-04-04,14.3478
1974-04-05,13.952
1974-04-08,13.7876
1974-04-09,13.9221
1974-04-10,13.7578
1974-04-11,13.713
1974-04-15,13.7727
1974-04-16,13.9968
1974-04-17,13.9968
1974-04-18,14.0416
1974-04-19,13.8399
1974-04-22,13.7727
1974-04-23,13.5785
1974-04-24,13.3619
1974-04-25,13.2424
1974-04-26,13.4739
1974-04-29,13.4142
1974-04-30,13.5785
1974-05-01,13.7428
1974-05-02,13.7055
1974-05-03,13.5188
1974-05-06,13.3993
1974-05-07,13.6308
1974-05-08,13.5038
1974-05-09,13.7727
1974-05-10,13.3843
1974-05-13,13.2349
1974-05-14,13.3246
1974-05-15,13.2872
1974-05-16,13.1453
1974-05-17,13.0407
1974-05-20,13.0407
1974-05-21,12.9959
1974-05-22,12.9138
1974-05-23,12.9212
1974-05-24,13.0706
1974-05-28,12.9661
1974-05-29,12.5851
1974-05-30,12.8167
1974-05-31,12.6972
1974-06-03,13.0856
1974-06-04,13.1752
1974-06-05,13.1677
1974-06-06,13.5935
1974-06-07,13.698
1974-06-10,13.7578
1974-06-11,13.5337
1974-06-12,13.4291
1974-06-13,13.5935
1974-06-14,13.3096
1974-06-17,13.0706
1974-06-18,12.9063
1974-06-19,12.9362
1974-06-20,12.7719
1974-06-21,12.7271
1974-06-24,12.8914
1974-06-25,13.2349
1974-06-26,12.9212
1974-06-27,12.6673
1974-06-28,12.7121
1974-07-01,12.7121
1974-07-02,12.6374
1974-07-03,12.5478
1974-07-05,12.2939
1974-07-08,11.8905
1974-07-09,12.0549
1974-07-10,11.8158
1974-07-11,11.8756
1974-07-12,12.8466
1974-07-15,13.0856
1974-07-16,12.7719
1974-07-17,13.0109
1974-07-18,12.9661
1974-07-19,13.0109
1974-07-22,13.1378
1974-07-23,13.2798
1974-07-24,13.2051
1974-07-25,12.8316
1974-07-26,12.3237
1974-07-29,12.1295
1974-07-30,12.3984
1974-07-31,12.0474
1974-08-01,12.0549
1974-08-02,11.9951
1974-08-05,12.2042
1974-08-06,12.4731
1974-08-07,12.8316
1974-08-08,12.4582
1974-08-09,12.4582
1974-08-12,12.1295
1974-08-13,12.0847
1974-08-14,11.9503
1974-08-15,11.9503
1974-08-16,11.8607
1974-08-19,11.7561
1974-08-20,11.9353
1974-08-21,11.4723
1974-08-22,11.5171
1974-08-23,11.3528
1974-08-26,11.5619
1974-08-27,11.4723
1974-08-28,11.4275
1974-08-29,11.2781
1974-08-30,11.4723
1974-09-03,10.9644
1974-09-04,10.7553
1974-09-05,10.8897
1974-09-06,10.6955
1974-09-09,10.337
1974-09-10,10.2474
1974-09-11,9.8665
1974-09-12,9.3511
1974-09-13,9.0822
1974-09-16,9.5378
1974-09-17,9.6723
1974-09-18,9.9486
1974-09-19,10.1876
1974-09-20,10.2474
1974-09-23,10.1129
1974-09-24,9.9636
1974-09-25,9.859
1974-09-26,9.7992
1974-09-27,9.6125
1974-09-30,9.5005
1974-10-01,9.5752
1974-10-02,9.5304
1974-10-03,9.4258
1974-10-04,9.3362
1974-10-07,9.8067
1974-10-08,9.6797
1974-10-09,10.2772
1974-10-10,10.5237
1974-10-11,10.6358
1974-10-14,10.6955
1974-10-15,10.5909
1974-10-16,10.5835
1974-10-17,10.7553
1974-10-18,11.0092
1974-10-21,11.5022
1974-10-22,11.2183
1974-10-23,10.8748
1974-10-24,10.8299
1974-10-25,10.5909
1974-10-28,10.8001
1974-10-29,11.4573
1974-10-30,11.532
1974-10-31,11.3005
1974-11-01,11.4424
1974-11-04,11.3229
1974-11-05,11.7038
1974-11-06,10.9943
1974-11-07,11.1885
1974-11-08,11.3826
1974-11-11,11.3528
1974-11-12,11.054
1974-11-13,11.0391
1974-11-14,10.8822
1974-11-15,10.7702
1974-11-18,10.3893
1974-11-19,10.1279
1974-11-20,10.0681
1974-11-21,10.2474
1974-11-22,10.1876
1974-11-25,10.3968
1974-11-26,10.576
1974-11-27,10.6507
1974-11-29,10.5909
1974-12-02,10.2026
1974-12-03,10.0457
1974-12-04,10.1428
1974-12-05,9.9337
1974-12-06,9.8291
1974-12-09,10.0681
1974-12-10,10.2772
1974-12-11,10.2623
1974-12-12,10.1279
1974-12-13,9.9934
1974-12-16,9.8739
1974-12-17,10.2548
1974-12-18,10.1577
1974-12-19,10.098
1974-12-20,10.1279
1974-12-23,9.9038
1974-12-24,10.0009
1974-12-26,9.859
1974-12-27,9.6947
1974-12-30,9.8142
1974-12-31,10.0382
1975-01-02,10.0905
1975-01-03,10.0084
1975-01-06,9.9561
1975-01-07,9.9038
1975-01-08,9.7544
1975-01-09,10.0681
1975-01-10,10.2324
1975-01-13,10.1129
1975-01-14,10.0532
1975-01-15,9.7694
1975-01-16,9.605
1975-01-17,9.4482
1975-01-20,9.5602
1975-01-21,9.5378
1975-01-22,9.7694
1975-01-23,9.7395
1975-01-24,9.732
1975-01-27,9.732
1975-01-28,10.7403
1975-01-29,11.1885
1975-01-30,10.927
1975-01-31,11.2482
1975-02-03,11.532
1975-02-04,11.4573
1975-02-05,11.9428
1975-02-06,11.7113
1975-02-07,11.8084
1975-02-10,11.8681
1975-02-11,12.0474
1975-02-12,12.5627
1975-02-13,12.8764
1975-02-14,13.1528
1975-02-18,12.6673
1975-02-19,13.0109
1975-02-20,13.0109
1975-02-21,13.0407
1975-02-24,12.6673
1975-02-25,12.3984
1975-02-26,12.6673
1975-02-27,12.6822
1975-02-28,12.8764
1975-03-03,13.1453
1975-03-04,12.8167
1975-03-05,12.869
1975-03-06,13.1005
1975-03-07,12.9661
1975-03-10,13.1154
1975-03-11,12.8764
1975-03-12,12.7271
1975-03-13,12.9661
1975-03-14,12.8764
1975-03-17,13.0706
1975-03-18,12.8316
1975-03-19,12.8167
1975-03-20,12.5179
1975-03-21,12.4955
1975-03-24,12.2266
1975-03-25,12.5478
1975-03-26,12.5403
1975-03-27,12.3984
1975-03-31,12.3461
1975-04-01,12.3163
1975-04-02,12.1744
1975-04-03,11.8308
1975-04-04,11.8308
1975-04-07,11.8233
1975-04-08,12.0399
1975-04-09,12.5179
1975-04-10,12.4358
1975-04-11,12.249
1975-04-14,12.5179
1975-04-15,12.5179
1975-04-16,12.7121
1975-04-17,12.6972
1975-04-18,12.5105
1975-04-21,12.7719
1975-04-22,12.6598
1975-04-23,12.4283
1975-04-24,12.3611
1975-04-25,12.3088
1975-04-28,12.0997
1975-04-29,12.0847
1975-04-30,12.5403
1975-05-01,12.503
1975-05-02,12.4059
1975-05-05,12.7719
1975-05-06,12.5329
1975-05-07,12.6897
1975-05-08,12.5329
1975-05-09,12.8167
1975-05-12,12.9063
1975-05-13,13.3544
1975-05-14,13.3544
1975-05-15,12.9959
1975-05-16,12.9437
1975-05-19,13.0856
1975-05-20,12.9063
1975-05-21,12.7121
1975-05-22,12.7868
1975-05-23,13.0781
1975-05-27,12.9138
1975-05-28,12.7495
1975-05-29,12.6972
1975-05-30,12.8466
1975-06-02,13.0258
1975-06-03,13.0557
1975-06-04,12.9437
1975-06-05,13.0258
1975-06-06,12.7569
1975-06-09,12.6673
1975-06-10,12.6374
1975-06-11,12.5627
1975-06-12,12.4582
1975-06-13,12.3163
1975-06-16,12.4432
1975-06-17,12.1594
1975-06-18,12.2042
1975-06-19,12.4507
1975-06-20,12.3312
1975-06-23,12.7271
1975-06-24,12.6374
1975-06-25,12.5777
1975-06-26,12.503
1975-06-27,12.4881
1975-06-30,12.4881
1975-07-01,12.4582
1975-07-02,12.3611
1975-07-03,12.3387
1975-07-07,12.1893
1975-07-08,12.3163
1975-07-09,12.5179
1975-07-10,12.2341
1975-07-11,12.2789
1975-07-14,12.4283
1975-07-15,12.3536
1975-07-16,12.2266
1975-07-17,12.0922
1975-07-18,12.0623
1975-07-21,12.01
1975-07-22,11.8009
1975-07-23,11.532
1975-07-24,11.6067
1975-07-25,11.3826
1975-07-28,11.3901
1975-07-29,11.4723
1975-07-30,11.6441
1975-07-31,11.3677
1975-08-01,11.308
1975-08-04,11.2183
1975-08-05,11.0167
1975-08-06,11.1138
1975-08-07,10.9345
1975-08-08,10.7553
1975-08-11,10.9644
1975-08-12,10.8748
1975-08-13,10.6059
1975-08-14,10.7403
1975-08-15,10.8897
1975-08-18,10.8748
1975-08-19,10.6507
1975-08-20,10.5461
1975-08-21,10.6059
1975-08-22,10.7702
1975-08-25,10.8748
1975-08-26,10.6507
1975-08-27,10.815
1975-08-28,11.1287
1975-08-29,11.1287
1975-09-02,10.8299
1975-09-03,10.9196
1975-09-04,10.8748
1975-09-05,10.7553
1975-09-08,10.9644
1975-09-09,10.6955
1975-09-10,10.7553
1975-09-11,10.8299
1975-09-12,10.7553
1975-09-15,10.7478
1975-09-16,10.6432
1975-09-17,10.7403
1975-09-18,11.1287
1975-09-19,11.308
1975-09-22,11.1436
1975-09-23,11.2631
1975-09-24,11.4125
1975-09-25,11.4723
1975-09-26,11.7113
1975-09-29,11.3976
1975-09-30,11.2482
1975-10-01,10.9569
1975-10-02,11.2781
1975-10-03,11.6665
1975-10-06,12.01
1975-10-07,12.025
1975-10-08,12.3088
1975-10-09,12.264
1975-10-10,12.3088
1975-10-13,12.5777
1975-10-14,12.4582
1975-10-15,12.4731
1975-10-16,12.5105
1975-10-17,12.3835
1975-10-20,12.6374
1975-10-21,12.7196
1975-10-22,12.742
1975-10-23,12.869
1975-10-24,12.4881
1975-10-27,12.615
1975-10-28,12.8466
1975-10-29,12.6076
1975-10-30,12.615
1975-10-31,12.6822
1975-11-03,12.6225
1975-11-04,12.7569
1975-11-05,12.8914
1975-11-06,12.9661
1975-11-07,12.9212
1975-11-10,12.9437
1975-11-11,13.1304
1975-11-12,13.4291
1975-11-13,13.2275
1975-11-14,13.2947
1975-11-17,13.4441
1975-11-18,13.1677
1975-11-19,13.1154
1975-11-20,13.2051
1975-11-21,13.2499
1975-11-24,13.2798
1975-11-25,13.4217
1975-11-26,13.4441
1975-11-28,13.5262
1975-12-01,13.3918
1975-12-02,13.1901
1975-12-03,13.0856
1975-12-04,13.1528
1975-12-05,12.8242
1975-12-08,12.8466
1975-12-09,12.8988
1975-12-10,12.9959
1975-12-11,12.8316
1975-12-12,12.8839
1975-12-15,12.9511
1975-12-16,13.1378
1975-12-17,13.1304
1975-12-18,13.1154
1975-12-19,13.0109
1975-12-22,12.9063
1975-12-23,13.1453
1975-12-24,13.3395
1975-12-26,13.3395
1975-12-29,13.2947
1975-12-30,13.3395
1975-12-31,13.3993
1976-01-02,13.5337
1976-01-05,13.7428
1976-01-06,13.7055
1976-01-07,13.6532
1976-01-08,13.7652
1976-01-09,13.8175
1976-01-12,14.0864
1976-01-13,13.9968
1976-01-14,14.415
1976-01-15,14.3179
1976-01-16,14.4598
1976-01-19,14.9379
1976-01-20,15.1096
1976-01-21,14.7885
1976-01-22,14.9379
1976-01-23,15.1918
1976-01-26,15.1918
1976-01-27,14.9304
1976-01-28,14.9976
1976-01-29,15.3262
1976-01-30,15.4009
1976-02-02,15.4906
1976-02-03,15.5951
1976-02-04,15.7594
1976-02-05,15.4159
1976-02-06,15.1769
1976-02-09,15.147
1976-02-10,15.4159
1976-02-11,15.2516
1976-02-12,15.0872
1976-02-13,15.1769
1976-02-17,15.1246
1976-02-18,15.2814
1976-02-19,15.6101
1976-02-20,15.6549
1976-02-23,15.5503
1976-02-24,15.6848
1976-02-25,15.5354
1976-02-26,15.2964
1976-02-27,15.274
1976-03-01,15.4906
1976-03-02,15.4906
1976-03-03,15.498
1976-03-04,15.3113
1976-03-05,15.386
1976-03-08,15.5354
1976-03-09,15.4607
1976-03-10,15.6399
1976-03-11,15.8789
1976-03-12,15.625
1976-03-15,15.513
1976-03-16,15.6474
1976-03-17,15.4233
1976-03-18,15.4159
1976-03-19,15.4607
1976-03-22,15.4308
1976-03-23,15.6549
1976-03-24,15.6399
1976-03-25,15.4457
1976-03-26,15.5055
1976-03-29,15.5503
1976-03-30,15.5503
1976-03-31,15.6549
1976-04-01,15.6399
1976-04-02,15.9536
1976-04-05,16.2524
1976-04-06,16.1179
1976-04-07,16.0731
1976-04-08,16.0283
1976-04-09,16.0059
1976-04-12,15.6325
1976-04-13,15.7445
1976-04-14,15.2665
1976-04-15,15.3262
1976-04-19,15.4831
1976-04-20,15.6101
1976-04-21,15.5652
1976-04-22,15.5354
1976-04-23,15.4532
1976-04-26,15.4906
1976-04-27,15.2889
1976-04-28,15.2964
1976-04-29,15.147
1976-04-30,15.1395
1976-05-03,14.8781
1976-05-04,15.0872
1976-05-05,14.9379
1976-05-06,14.9155
1976-05-07,14.9677
1976-05-10,15.4159
1976-05-11,15.3262
1976-05-12,15.3561
1976-05-13,15.2665
1976-05-14,15.0723
1976-05-17,15.0723
1976-05-18,15.1171
1976-05-19,15.1619
1976-05-20,15.3561
1976-05-21,15.147
1976-05-24,14.9229
1976-05-25,14.9976
1976-05-26,14.9379
1976-05-27,15.1321
1976-05-28,15.3337
1976-06-01,15.1769
1976-06-02,15.386
1976-06-03,15.2964
1976-06-04,15.1171
1976-06-07,15.1395
1976-06-08,15.1171
1976-06-09,15.1321
1976-06-10,15.2665
1976-06-11,15.4009
1976-06-14,15.5503
1976-06-15,15.4756
1976-06-16,15.6698
1976-06-17,16.0731
1976-06-18,15.8939
1976-06-21,16.1628
1976-06-22,16.0582
1976-06-23,16.2524
1976-06-24,16.4466
1976-06-25,16.4018
1976-06-28,16.3495
1976-06-29,16.4615
1976-06-30,16.5362
1976-07-01,16.4018
1976-07-02,16.4914
1976-07-06,16.4316
1976-07-07,16.6109
1976-07-08,16.5213
1976-07-09,16.6109
1976-07-12,16.7155
1976-07-13,16.5885
1976-07-14,16.5287
1976-07-15,16.5063
1976-07-16,16.3868
1976-07-19,16.2524
1976-07-20,16.1628
1976-07-21,16.1926
1976-07-22,16.2823
1976-07-23,16.3121
1976-07-26,16.4615
1976-07-27,16.2673
1976-07-28,16.3121
1976-07-29,16.3121
1976-07-30,16.2599
1976-08-02,16.2375
1976-08-03,16.4839
1976-08-04,16.5362
1976-08-05,16.4092
1976-08-06,16.4466
1976-08-09,16.4018
1976-08-10,16.6408
1976-08-11,16.5736
1976-08-12,16.581
1976-08-13,16.6258
1976-08-16,16.6931
1976-08-17,16.7304
1976-08-18,16.7005
1976-08-19,16.4466
1976-08-20,16.3121
1976-08-23,16.342
1976-08-24,16.103
1976-08-25,16.2524
1976-08-26,16.0657
1976-08-27,16.1179
1976-08-30,16.2673
1976-08-31,16.3495
1976-09-01,16.5437
1976-09-02,16.5138
1976-09-03,16.6408
1976-09-07,16.7304
1976-09-08,16.5511
1976-09-09,16.6109
1976-09-10,16.7005
1976-09-13,16.5885
1976-09-14,16.6109
1976-09-15,16.6258
1976-09-16,16.9694
1976-09-17,16.9694
1976-09-20,16.9843
1976-09-21,17.1935
1976-09-22,17.059
1976-09-23,16.9843
1976-09-24,16.9545
1976-09-27,17.1337
1976-09-28,16.9619
1976-09-29,16.82
1976-09-30,16.8126
1976-10-01,16.7603
1976-10-04,16.7304
1976-10-05,16.6707
1976-10-06,16.7005
1976-10-07,16.8051
1976-10-08,16.6258
1976-10-11,16.6109
1976-10-12,16.2375
1976-10-13,16.2823
1976-10-14,15.8043
1976-10-15,15.6848
1976-10-18,15.752
1976-10-19,15.7445
1976-10-20,15.7445
1976-10-21,15.3711
1976-10-22,15.3262
1976-10-25,15.5055
1976-10-26,15.7445
1976-10-27,15.8939
1976-10-28,15.9238
1976-10-29,16.2375
1976-11-01,16.2076
1976-11-03,16.0134
1976-11-04,15.976
1976-11-05,15.6698
1976-11-08,15.5055
1976-11-09,15.5503
1976-11-10,15.5951
1976-11-11,15.8043
1976-11-12,15.6549
1976-11-15,15.7893
1976-11-16,15.7445
1976-11-17,15.9835
1976-11-18,16.1926
1976-11-19,16.1329
1976-11-22,16.2225
1976-11-23,16.0955
1976-11-24,16.2673
1976-11-26,16.3794
1976-11-29,16.215
1976-11-30,16.1926
1976-12-01,16.103
1976-12-02,16.103
1976-12-03,16.2524
1976-12-06,16.3121
1976-12-07,16.1777
1976-12-08,16.2972
1976-12-09,16.2225
1976-12-10,16.1926
1976-12-13,16.1329
1976-12-14,16.1254
1976-12-15,16.0582
1976-12-16,15.9686
1976-12-17,15.8341
1976-12-20,15.8789
1976-12-21,16.1553
1976-12-22,16.1478
1976-12-23,16.23
1976-12-27,16.581
1976-12-28,16.6408
1976-12-29,16.5213
1976-12-30,16.7603
1976-12-31,16.6781
1977-01-03,16.5213
1977-01-04,16.3121
1977-01-05,16.3719
1977-01-06,16.3719
1977-01-07,16.2524
1977-01-10,16.2076
1977-01-11,16.0731
1977-01-12,16.0731
1977-01-13,16.1628
1977-01-14,16.1628
1977-01-17,16.3121
1977-01-18,16.4466
1977-01-19,16.581
1977-01-20,16.3121
1977-01-21,16.3719
1977-01-24,16.2375
1977-01-25,16.1179
1977-01-26,16.0283
1977-01-27,16.0433
1977-01-28,16.2823
1977-01-31,16.4466
1977-02-01,16.5213
1977-02-02,16.3868
1977-02-03,16.2001
1977-02-04,16.0731
1977-02-07,16.1628
1977-02-08,16.1329
1977-02-09,16.0134
1977-02-10,16.0731
1977-02-11,15.9536
1977-02-14,16.3868
1977-02-15,16.2673
1977-02-16,16.2225
1977-02-17,16.1628
1977-02-18,16.1404
1977-02-22,16.4765
1977-02-23,16.5063
1977-02-24,16.4615
1977-02-25,16.4615
1977-02-28,16.4914
1977-03-01,16.5511
1977-03-02,16.5213
1977-03-03,16.6258
1977-03-04,16.6109
1977-03-07,16.7603
1977-03-08,16.7379
1977-03-09,16.708
1977-03-10,16.9993
1977-03-11,16.9246
1977-03-14,16.9694
1977-03-15,17.0441
1977-03-16,16.9694
1977-03-17,16.9395
1977-03-18,16.9395
1977-03-21,16.9246
1977-03-22,17.059
1977-03-23,16.8798
1977-03-24,16.7379
1977-03-25,16.581
1977-03-28,16.6856
1977-03-29,16.7677
1977-03-30,16.5287
1977-03-31,16.5213
1977-04-01,16.6109
1977-04-04,16.4765
1977-04-05,16.4018
1977-04-06,16.4615
1977-04-07,16.5362
1977-04-11,16.5287
1977-04-12,16.6557
1977-04-13,16.357
1977-04-14,16.2524
1977-04-15,16.2823
1977-04-18,16.2524
1977-04-19,16.2001
1977-04-20,16.1329
1977-04-21,15.7744
1977-04-22,15.4159
1977-04-25,15.4308
1977-04-26,15.5055
1977-04-27,15.6101
1977-04-28,15.5204
1977-04-29,15.4607
1977-05-02,15.5354
1977-05-03,15.6101
1977-05-04,15.7072
1977-05-05,15.5652
1977-05-06,15.3113
1977-05-09,15.2516
1977-05-10,15.2516
1977-05-11,15.1022
1977-05-12,15.0798
1977-05-13,15.1321
1977-05-16,15.1321
1977-05-17,15.259
1977-05-18,15.1769
1977-05-19,15.0723
1977-05-20,14.9304
1977-05-23,14.6615
1977-05-24,14.7885
1977-05-25,14.7661
1977-05-26,14.8781
1977-05-27,14.654
1977-05-31,14.669
1977-06-01,14.8184
1977-06-02,14.7287
1977-06-03,14.9827
1977-06-06,14.9677
1977-06-07,15.1096
1977-06-08,15.1096
1977-06-09,15.0125
1977-06-10,15.035
1977-06-13,15.147
1977-06-14,15.4457
1977-06-15,15.4607
1977-06-16,15.3711
1977-06-17,15.386
1977-06-20,15.5354
1977-06-21,15.5204
1977-06-22,15.5578
1977-06-23,15.6549
1977-06-24,15.8939
1977-06-27,15.9611
1977-06-28,15.7818
1977-06-29,15.8491
1977-06-30,15.7744
1977-07-01,15.6325
1977-07-05,15.625
1977-07-06,15.5279
1977-07-07,15.625
1977-07-08,15.4831
1977-07-11,15.5279
1977-07-12,15.5055
1977-07-13,15.6026
1977-07-15,16.1404
1977-07-18,16.3719
1977-07-19,16.4242
1977-07-20,16.3121
1977-07-21,16.3121
1977-07-22,16.3271
1977-07-25,16.3644
1977-07-26,16.23
1977-07-27,15.9835
1977-07-28,15.9536
1977-07-29,16.0209
1977-08-01,16.1179
1977-08-02,16.0881
1977-08-03,16.1179
1977-08-04,16.0731
1977-08-05,15.9238
1977-08-08,15.7744
1977-08-09,15.8715
1977-08-10,16.0283
1977-08-11,15.9014
1977-08-12,15.8939
1977-08-15,16.0955
1977-08-16,15.9984
1977-08-17,16.0582
1977-08-18,16.0433
1977-08-19,16.0806
1977-08-22,16.2076
1977-08-23,16.1404
1977-08-24,16.0134
1977-08-25,15.9686
1977-08-26,15.991
1977-08-29,16.103
1977-08-30,15.9312
1977-08-31,16.0358
1977-09-01,15.9611
1977-09-02,16.0433
1977-09-06,16.0358
1977-09-07,16.0059
1977-09-08,15.8565
1977-09-09,15.6997
1977-09-12,15.6997
1977-09-13,15.6997
1977-09-14,15.7221
1977-09-15,15.6997
1977-09-16,15.4906
1977-09-19,15.2814
1977-09-20,15.4756
1977-09-21,15.3113
1977-09-22,15.3935
1977-09-23,15.3561
1977-09-26,15.5055
1977-09-27,15.4308
1977-09-28,15.5055
1977-09-29,15.5578
1977-09-30,15.5951
1977-10-03,15.6848
1977-10-04,15.4756
1977-10-05,15.3785
1977-10-06,15.4084
1977-10-07,15.3711
1977-10-10,15.4159
1977-10-11,15.3262
1977-10-12,15.2516
1977-10-13,15.386
1977-10-14,15.4084
1977-10-17,15.4607
1977-10-18,15.3785
1977-10-19,15.2964
1977-10-20,15.4009
1977-10-21,15.4607
1977-10-24,15.4607
1977-10-25,15.3711
1977-10-26,15.5652
1977-10-27,15.5503
1977-10-28,15.4682
1977-10-31,15.3711
1977-11-01,15.2814
1977-11-02,14.9155
1977-11-03,14.9379
1977-11-04,15.1171
1977-11-07,15.0574
1977-11-08,14.9976
1977-11-09,15.1022
1977-11-10,15.4906
1977-11-11,15.5428
1977-11-14,15.4308
1977-11-15,15.5951
1977-11-16,15.4084
1977-11-17,15.4159
1977-11-18,15.5503
1977-11-21,15.5652
1977-11-22,15.9088
1977-11-23,16.0433
1977-11-25,16.0582
1977-11-28,15.9536
1977-11-29,15.7072
1977-11-30,15.7744
1977-12-01,15.7146
1977-12-02,15.8043
1977-12-05,15.7221
1977-12-06,15.5652
1977-12-07,15.5951
1977-12-08,15.6773
1977-12-09,15.8043
1977-12-12,15.7296
1977-12-13,15.7893
1977-12-14,15.9088
1977-12-15,15.8192
1977-12-16,15.7594
1977-12-19,15.7221
1977-12-20,15.7893
1977-12-21,15.8939
1977-12-22,15.9835
1977-12-23,16.1478
1977-12-27,16.1478
1977-12-28,16.1926
1977-12-29,16.2972
1977-12-30,16.342
1978-01-03,16.0582
1978-01-04,16.1777
1978-01-05,15.9462
1978-01-06,15.9536
1978-01-09,16.0657
1978-01-10,15.9536
1978-01-11,15.9014
1978-01-12,15.9312
1978-01-13,15.8939
1978-01-16,15.9835
1978-01-17,16.0731
1978-01-18,16.0881
1978-01-19,15.9835
1978-01-20,15.9088
1978-01-23,15.8565
1978-01-24,15.8939
1978-01-25,15.8864
1978-01-26,15.7893
1978-01-27,15.8341
1978-01-30,15.9462
1978-01-31,15.864
1978-02-01,15.864
1978-02-02,15.7296
1978-02-03,15.4532
1978-02-06,15.4457
1978-02-07,15.5802
1978-02-08,15.5428
1978-02-09,15.5204
1978-02-10,15.4159
1978-02-13,15.4383
1978-02-14,15.3711
1978-02-15,15.3711
1978-02-16,15.2964
1978-02-17,15.2516
1978-02-21,15.2516
1978-02-22,15.2217
1978-02-23,15.2964
1978-02-24,15.3337
1978-02-27,15.1619
1978-02-28,15.0125
1978-03-01,15.0275
1978-03-02,14.8781
1978-03-03,14.654
1978-03-06,14.3926
1978-03-07,14.6242
1978-03-08,14.7063
1978-03-09,14.5943
1978-03-10,14.5047
1978-03-13,14.2806
1978-03-14,14.4748
1978-03-15,14.3478
1978-03-16,14.5345
1978-03-17,14.5719
1978-03-20,14.3852
1978-03-21,14.2955
1978-03-22,14.3105
1978-03-23,14.3254
1978-03-27,14.2358
1978-03-28,14.3179
1978-03-29,14.2507
1978-03-30,14.2134
1978-03-31,14.0715
1978-04-03,14.1163
1978-04-04,14.2208
1978-04-05,14.4225
1978-04-06,14.3777
1978-04-07,14.3926
1978-04-10,14.4001
1978-04-11,14.3329
1978-04-12,14.1163
1978-04-13,14.3105
1978-04-14,14.5495
1978-04-17,15.0051
1978-04-18,15.0125
1978-04-19,15.1171
1978-04-20,15.147
1978-04-21,15.1769
1978-04-24,15.4159
1978-04-25,15.6399
1978-04-26,15.6773
1978-04-27,15.625
1978-04-28,15.8939
1978-05-01,15.9536
1978-05-02,15.8939
1978-05-03,15.7296
1978-05-04,15.5727
1978-05-05,15.6848
1978-05-08,15.513
1978-05-09,15.5503
1978-05-10,15.5204
1978-05-11,15.8491
1978-05-12,15.6922
1978-05-15,15.8939
1978-05-16,15.9686
1978-05-17,15.8939
1978-05-18,15.8043
1978-05-19,15.6623
1978-05-22,15.9387
1978-05-23,15.7221
1978-05-24,15.6848
1978-05-25,15.6101
1978-05-26,15.5802
1978-05-30,15.6026
1978-05-31,15.4308
1978-06-01,15.3636
1978-06-02,15.5802
1978-06-05,15.8864
1978-06-06,15.8939
1978-06-07,15.8491
1978-06-08,16.0134
1978-06-09,16.0731
1978-06-12,16.0059
1978-06-13,16.3868
1978-06-14,16.2001
1978-06-15,16.1329
1978-06-16,15.9088
1978-06-19,16.0881
1978-06-20,15.8864
1978-06-21,16.0134
1978-06-22,15.9163
1978-06-23,15.6848
1978-06-26,15.4308
1978-06-27,15.5877
1978-06-28,15.6399
1978-06-29,15.513
1978-06-30,15.3711
1978-07-03,15.3412
1978-07-05,15.4159
1978-07-06,15.4383
1978-07-07,15.5652
1978-07-10,15.5354
1978-07-11,15.4607
1978-07-12,15.4383
1978-07-13,15.498
1978-07-14,15.9835
1978-07-17,15.8939
1978-07-18,15.8043
1978-07-19,16.1179
1978-07-20,16.0209
1978-07-21,16.1478
1978-07-24,16.1926
1978-07-25,16.3121
1978-07-26,16.342
1978-07-27,16.5063
1978-07-28,16.6482
1978-07-31,16.7902
1978-08-01,16.6781
1978-08-02,17.5072
1978-08-03,17.0292
1978-08-04,17.2383
1978-08-07,17.0889
1978-08-08,17.313
1978-08-09,17.2532
1978-08-10,17.1785
1978-08-11,17.2682
1978-08-14,17.2458
1978-08-15,17.4175
1978-08-16,17.7312
1978-08-17,17.6416
1978-08-18,17.552
1978-08-21,17.5296
1978-08-22,17.7163
1978-08-23,17.791
1978-08-24,17.7462
1978-08-25,17.7611
1978-08-28,17.6267
1978-08-29,17.4773
1978-08-30,17.5072
1978-08-31,17.44
1978-09-01,17.537
1978-09-05,17.9852
1978-09-06,17.9254
1978-09-07,17.8806
1978-09-08,18.1943
1978-09-11,17.8956
1978-09-12,17.9777
1978-09-13,17.6267
1978-09-14,17.537
1978-09-15,17.313
1978-09-18,17.2682
1978-09-19,17.1188
1978-09-20,16.9993
1978-09-21,16.9694
1978-09-22,16.9694
1978-09-25,16.7603
1978-09-26,16.7902
1978-09-27,16.4316
1978-09-28,16.5511
1978-09-29,16.5511
1978-10-02,16.7603
1978-10-03,16.5287
1978-10-04,16.8499
1978-10-05,16.6707
1978-10-06,16.6557
1978-10-09,16.9097
1978-10-10,16.8051
1978-10-11,17.3578
1978-10-12,17.1487
1978-10-13,17.0889
1978-10-16,16.6707
1978-10-17,16.6707
1978-10-18,16.7155
1978-10-19,16.4914
1978-10-20,16.5586
1978-10-23,16.6109
1978-10-24,16.4316
1978-10-25,16.357
1978-10-26,16.2897
1978-10-27,16.103
1978-10-30,16.3121
1978-10-31,15.7893
1978-11-01,16.4989
1978-11-02,16.0955
1978-11-03,16.0433
1978-11-06,15.7818
1978-11-07,15.6698
1978-11-08,15.8864
1978-11-09,15.7594
1978-11-10,15.752
1978-11-13,15.5204
1978-11-14,15.5354
1978-11-15,15.4457
1978-11-16,15.5951
1978-11-17,15.5951
1978-11-20,15.7594
1978-11-21,15.7744
1978-11-22,16.0134
1978-11-24,16.0955
1978-11-27,16.2076
1978-11-28,16.0059
1978-11-29,15.864
1978-11-30,16.103
1978-12-01,16.3345
1978-12-04,16.357
1978-12-05,16.6034
1978-12-06,16.6109
1978-12-07,16.4914
1978-12-08,16.3868
1978-12-11,16.6109
1978-12-12,16.4914
1978-12-13,16.3868
1978-12-14,16.3868
1978-12-15,16.4541
1978-12-18,16.1404
1978-12-19,16.9022
1978-12-20,16.9918
1978-12-21,16.9545
1978-12-22,17.6267
1978-12-26,18.4931
1978-12-27,18.0748
1978-12-28,18.1644
1978-12-29,17.8358
1979-01-02,18.1346
1979-01-03,18.3138
1979-01-04,18.2242
1979-01-05,18.2839
1979-01-08,18.1943
1979-01-09,18.2839
1979-01-10,18.2466
1979-01-11,18.6126
1979-01-12,18.6873
1979-01-15,18.8516
1979-01-16,18.5005
1979-01-17,18.5379
1979-01-18,18.5827
1979-01-19,18.3138
1979-01-22,18.6126
1979-01-23,18.5976
1979-01-24,18.4333
1979-01-25,18.6424
1979-01-26,18.7022
1979-01-29,18.5976
1979-01-30,18.6424
1979-01-31,18.4483
1979-02-01,18.5827
1979-02-02,18.4184
1979-02-05,18.269
1979-02-06,18.1346
1979-02-07,17.8358
1979-02-08,17.903
1979-02-09,18.03
1979-02-12,18.3213
1979-02-13,18.4109
1979-02-14,18.2541
1979-02-15,18.4184
1979-02-16,18.3138
1979-02-20,18.4034
1979-02-21,18.2839
1979-02-22,18.142
1979-02-23,18.0599
1979-02-26,18.1644
1979-02-27,17.8731
1979-02-28,17.9254
1979-03-01,17.9852
1979-03-02,17.9702
1979-03-05,18.2914
1979-03-06,18.157
1979-03-07,18.2092
1979-03-08,18.4632
1979-03-09,18.3885
1979-03-12,18.5229
1979-03-13,18.4333
1979-03-14,18.3736
1979-03-15,18.3362
1979-03-16,18.4483
1979-03-19,18.5603
1979-03-20,18.5528
1979-03-21,18.8815
1979-03-22,18.8815
1979-03-23,18.8217
1979-03-26,18.6574
1979-03-27,19.1653
1979-03-28,18.986
1979-03-29,18.986
1979-03-30,18.8516
1979-04-02,18.7694
1979-04-03,19.0906
1979-04-04,18.9711
1979-04-05,19.1653
1979-04-06,19.0308
1979-04-09,19.0607
1979-04-10,19.1205
1979-04-11,18.6424
1979-04-12,18.6275
1979-04-16,18.62
1979-04-17,18.6723
1979-04-18,18.6424
1979-04-19,18.4557
1979-04-20,18.3288
1979-04-23,18.5229
1979-04-24,18.5379
1979-04-25,18.6424
1979-04-26,18.4557
1979-04-27,18.5528
1979-04-30,18.7769
1979-05-01,18.859
1979-05-02,19.001
1979-05-03,19.1055
1979-05-04,18.5976
1979-05-07,18.4632
1979-05-08,18.6424
1979-05-09,18.508
1979-05-10,18.3586
1979-05-11,18.4258
1979-05-14,18.4034
1979-05-15,18.2242
1979-05-16,18.3288
1979-05-17,18.4931
1979-05-18,18.3736
1979-05-21,18.4184
1979-05-22,18.4632
1979-05-23,18.2839
1979-05-24,18.3288
1979-05-25,18.3288
1979-05-29,18.3437
1979-05-30,18.142
1979-05-31,18.1644
1979-06-01,18.2242
1979-06-04,18.1644
1979-06-05,18.6126
1979-06-06,18.5229
1979-06-07,18.6126
1979-06-08,18.4931
1979-06-11,18.5229
1979-06-12,18.6424
1979-06-13,18.0151
1979-06-14,17.8358
1979-06-15,17.7462
1979-06-18,17.3877
1979-06-19,17.3578
1979-06-20,17.4474
1979-06-21,17.5669
1979-06-22,17.7163
1979-06-25,17.6565
1979-06-26,17.3877
1979-06-27,17.5669
1979-06-28,17.6565
1979-06-29,17.537
1979-07-02,17.298
1979-07-03,17.298
1979-07-05,17.2383
1979-07-06,17.5968
1979-07-09,17.5669
1979-07-10,17.2682
1979-07-11,17.1188
1979-07-12,16.7603
1979-07-13,16.7304
1979-07-16,16.8499
1979-07-17,16.5511
1979-07-18,16.6109
1979-07-19,16.6109
1979-07-20,16.6707
1979-07-23,16.5213
1979-07-24,16.4615
1979-07-25,16.6109
1979-07-26,16.3719
1979-07-27,16.3719
1979-07-30,16.5213
1979-07-31,16.6707
1979-08-01,16.7304
1979-08-02,16.6408
1979-08-03,16.4615
1979-08-06,16.5511
1979-08-07,16.9097
1979-08-08,16.581
1979-08-09,16.4615
1979-08-10,16.82
1979-08-13,16.7902
1979-08-14,16.7902
1979-08-15,17.2682
1979-08-16,17.1188
1979-08-17,17.0292
1979-08-20,17.1188
1979-08-21,16.9395
1979-08-22,16.8499
1979-08-23,16.6408
1979-08-24,16.6408
1979-08-27,16.7304
1979-08-28,16.7304
1979-08-29,16.6408
1979-08-30,16.6109
1979-08-31,16.7304
1979-09-04,16.4018
1979-09-05,16.3121
1979-09-06,16.1628
1979-09-07,16.1926
1979-09-10,16.1329
1979-09-11,15.8939
1979-09-12,15.8341
1979-09-13,15.9536
1979-09-14,16.2225
1979-09-17,16.3719
1979-09-18,16.2225
1979-09-19,16.1926
1979-09-20,17.0292
1979-09-21,16.7304
1979-09-24,16.2225
1979-09-25,16.4018
1979-09-26,16.2823
1979-09-27,16.3121
1979-09-28,16.1926
1979-10-01,16.1628
1979-10-02,16.3121
1979-10-03,16.3121
1979-10-04,16.4018
1979-10-05,16.4615
1979-10-08,16.103
1979-10-09,15.7744
1979-10-10,16.1926
1979-10-11,15.8939
1979-10-12,15.7146
1979-10-15,15.625
1979-10-16,15.3262
1979-10-17,15.1171
1979-10-18,15.0275
1979-10-19,14.7885
1979-10-22,14.9379
1979-10-23,14.9976
1979-10-24,14.9379
1979-10-25,14.8482
1979-10-26,14.8781
1979-10-29,14.9379
1979-10-30,15.2964
1979-10-31,14.908
1979-11-01,15.1769
1979-11-02,15.1171
1979-11-05,15.0872
1979-11-06,14.9976
1979-11-07,14.6989
1979-11-08,14.7885
1979-11-09,14.7586
1979-11-12,15.0275
1979-11-13,14.8781
1979-11-14,14.9379
1979-11-15,14.9379
1979-11-16,14.8184
1979-11-19,14.7885
1979-11-20,14.7287
1979-11-21,14.7287
1979-11-23,14.8184
1979-11-26,15.4457
1979-11-27,15.4159
1979-11-28,15.7146
1979-11-29,15.7146
1979-11-30,15.5951
1979-12-03,15.5354
1979-12-04,15.625
1979-12-05,15.7146
1979-12-06,16.0731
1979-12-07,15.9238
1979-12-10,15.864
1979-12-11,15.6848
1979-12-12,15.5951
1979-12-13,15.5354
1979-12-14,15.7744
1979-12-17,15.625
1979-12-18,15.2964
1979-12-19,15.386
1979-12-20,15.5652
1979-12-21,15.2964
1979-12-24,15.5055
1979-12-26,15.5055
1979-12-27,15.4756
1979-12-28,15.3561
1979-12-31,15.386
1980-01-02,14.9379
1980-01-03,15.1769
1980-01-04,15.147
1980-01-07,15.0872
1980-01-08,16.103
1980-01-09,15.625
1980-01-10,16.1329
1980-01-11,16.0134
1980-01-14,15.9835
1980-01-15,16.7603
1980-01-16,16.7304
1980-01-17,16.5511
1980-01-18,16.6408
1980-01-21,16.4914
1980-01-22,16.4914
1980-01-23,17.0292
1980-01-24,16.8798
1980-01-25,16.7603
1980-01-28,16.9694
1980-01-29,16.82
1980-01-30,16.82
1980-01-31,16.4018
1980-02-01,16.581
1980-02-04,16.5213
1980-02-05,16.6408
1980-02-06,16.342
1980-02-07,16.0433
1980-02-08,16.0731
1980-02-11,15.9536
1980-02-12,16.4615
1980-02-13,16.581
1980-02-14,16.2823
1980-02-15,16.1628
1980-02-19,16.0134
1980-02-20,16.0731
1980-02-21,15.8341
1980-02-22,15.7744
1980-02-25,15.5652
1980-02-26,15.5354
1980-02-27,14.8184
1980-02-28,15.147
1980-02-29,15.1769
1980-03-03,14.9976
1980-03-04,15.1171
1980-03-05,14.8184
1980-03-06,14.6092
1980-03-07,14.5794
1980-03-10,14.7287
1980-03-11,14.8781
1980-03-12,14.669
1980-03-13,14.3702
1980-03-14,14.3105
1980-03-17,14.1312
1980-03-18,14.2507
1980-03-19,14.0715
1980-03-20,13.9221
1980-03-21,13.5636
1980-03-24,12.9362
1980-03-25,13.0856
1980-03-26,12.6673
1980-03-27,13.7428
1980-03-28,13.3544
1980-03-31,13.3246
1980-04-01,13.1154
1980-04-02,13.2648
1980-04-03,13.1154
1980-04-07,12.7569
1980-04-08,12.7868
1980-04-09,13.0557
1980-04-10,12.9661
1980-04-11,12.7868
1980-04-14,12.6673
1980-04-15,12.4283
1980-04-16,12.2192
1980-04-17,12.249
1980-04-18,12.249
1980-04-21,12.249
1980-04-22,12.8764
1980-04-23,12.7868
1980-04-24,12.8466
1980-04-25,13.2349
1980-04-28,13.0258
1980-04-29,13.1154
1980-04-30,13.1154
1980-05-01,12.9959
1980-05-02,12.9063
1980-05-05,13.2349
1980-05-06,13.1154
1980-05-07,13.1752
1980-05-08,12.8764
1980-05-09,12.4582
1980-05-12,12.4881
1980-05-13,12.7271
1980-05-14,12.6673
1980-05-15,12.5478
1980-05-16,12.6673
1980-05-19,12.7569
1980-05-20,12.6076
1980-05-21,12.6374
1980-05-22,12.8466
1980-05-23,13.0856
1980-05-27,13.2051
1980-05-28,13.4739
1980-05-29,12.9959
1980-05-30,13.2349
1980-06-02,13.3843
1980-06-03,13.4739
1980-06-04,13.8922
1980-06-05,13.6233
1980-06-06,13.6532
1980-06-09,13.5636
1980-06-10,13.7428
1980-06-11,13.8623
1980-06-12,13.8623
1980-06-13,14.0715
1980-06-16,14.43
1980-06-17,14.0715
1980-06-18,14.2507
1980-06-19,13.8325
1980-06-20,13.8325
1980-06-23,14.0715
1980-06-24,14.191
1980-06-25,14.2806
1980-06-26,14.1611
1980-06-27,14.2806
1980-06-30,14.0416
1980-07-01,14.2208
1980-07-02,14.4897
1980-07-03,14.6092
1980-07-07,14.8184
1980-07-08,14.7586
1980-07-09,14.6989
1980-07-10,14.7287
1980-07-11,14.9976
1980-07-14,15.5354
1980-07-15,15.2366
1980-07-16,15.3561
1980-07-17,15.6848
1980-07-18,15.5652
1980-07-21,15.7744
1980-07-22,15.5652
1980-07-23,15.5055
1980-07-24,15.4756
1980-07-25,15.386
1980-07-28,15.5354
1980-07-29,15.5652
1980-07-30,15.6549
1980-07-31,15.5951
1980-08-01,15.5652
1980-08-04,15.4756
1980-08-05,15.3561
1980-08-06,15.6848
1980-08-07,15.7146
1980-08-08,15.5951
1980-08-11,15.9536
1980-08-12,15.9536
1980-08-13,15.9536
1980-08-14,16.4615
1980-08-15,16.4316
1980-08-18,15.864
1980-08-19,15.7744
1980-08-20,15.9835
1980-08-21,16.1329
1980-08-22,16.103
1980-08-25,16.0433
1980-08-26,15.9536
1980-08-27,15.7445
1980-08-28,15.5354
1980-08-29,15.6549
1980-09-02,15.8043
1980-09-03,16.1329
1980-09-04,15.9238
1980-09-05,15.8939
1980-09-08,15.3561
1980-09-09,15.8043
1980-09-10,15.7146
1980-09-11,15.864
1980-09-12,15.7445
1980-09-15,15.8043
1980-09-16,15.6848
1980-09-17,16.0731
1980-09-18,15.8939
1980-09-19,16.0134
1980-09-22,16.2823
1980-09-23,15.9835
1980-09-24,16.1329
1980-09-25,15.8043
1980-09-26,15.4457
1980-09-29,15.2366
1980-09-30,15.3262
1980-10-01,15.4457
1980-10-02,15.625
1980-10-03,15.8341
1980-10-06,16.2524
1980-10-07,16.1926
1980-10-08,16.7304
1980-10-09,16.7603
1980-10-10,16.5511
1980-10-13,16.8499
1980-10-14,16.6707
1980-10-15,16.82
1980-10-16,16.4018
1980-10-17,16.2524
1980-10-20,16.3719
1980-10-21,16.2524
1980-10-22,16.1926
1980-10-23,15.7445
1980-10-24,15.9238
1980-10-27,15.8043
1980-10-28,15.9238
1980-10-29,15.6549
1980-10-30,15.5652
1980-10-31,15.9238
1980-11-03,16.1329
1980-11-05,16.3719
1980-11-06,15.8939
1980-11-07,16.0433
1980-11-10,16.0731
1980-11-11,16.0433
1980-11-12,16.9395
1980-11-13,17.0292
1980-11-14,17.1188
1980-11-17,17.1188
1980-11-18,17.2084
1980-11-19,17.059
1980-11-20,17.2084
1980-11-21,16.82
1980-11-24,16.82
1980-11-25,16.6109
1980-11-26,16.4316
1980-11-28,16.2823
1980-12-01,15.8939
1980-12-02,16.2225
1980-12-03,16.2524
1980-12-04,16.342
1980-12-05,16.1329
1980-12-08,15.864
1980-12-09,15.8043
1980-12-10,15.2366
1980-12-11,15.4159
1980-12-12,15.7146
1980-12-15,15.4159
1980-12-16,15.8341
1980-12-17,15.5951
1980-12-18,15.2067
1980-12-19,15.4457
1980-12-22,16.0433
1980-12-23,16.0731
1980-12-24,16.3719
1980-12-26,16.4914
1980-12-29,16.2524
1980-12-30,16.4018
1980-12-31,16.2225
1981-01-02,16.5213
1981-01-05,16.7902
1981-01-06,17.0889
1981-01-07,16.6109
1981-01-08,16.1628
1981-01-09,16.103
1981-01-12,15.9536
1981-01-13,15.8939
1981-01-14,15.9536
1981-01-15,15.7146
1981-01-16,15.9835
1981-01-19,15.9238
1981-01-20,15.5354
1981-01-21,15.5652
1981-01-22,15.5951
1981-01-23,15.5354
1981-01-26,15.5354
1981-01-27,15.6549
1981-01-28,15.4457
1981-01-29,15.5055
1981-01-30,15.386
1981-02-02,15.147
1981-02-03,15.3561
1981-02-04,15.4159
1981-02-05,15.2964
1981-02-06,15.3561
1981-02-09,15.1769
1981-02-10,15.0574
1981-02-11,14.9677
1981-02-12,14.7586
1981-02-13,14.7586
1981-02-17,14.8184
1981-02-18,14.8184
1981-02-19,14.6391
1981-02-20,14.4598
1981-02-23,14.8184
1981-02-24,14.8482
1981-02-25,15.3561
1981-02-26,15.4756
1981-02-27,15.3561
1981-03-02,15.2067
1981-03-03,14.9379
1981-03-04,14.7885
1981-03-05,14.8184
1981-03-06,14.7885
1981-03-09,15.0574
1981-03-10,14.9379
1981-03-11,14.8781
1981-03-12,15.2964
1981-03-13,15.1171
1981-03-16,15.4457
1981-03-17,15.3561
1981-03-18,15.4756
1981-03-19,15.2366
1981-03-20,15.0872
1981-03-23,15.0275
1981-03-24,14.8781
1981-03-25,15.2665
1981-03-26,15.0872
1981-03-27,14.7586
1981-03-30,14.6989
1981-03-31,14.908
1981-04-01,15.0574
1981-04-02,14.8482
1981-04-03,14.6092
1981-04-06,14.43
1981-04-07,14.3403
1981-04-08,14.3403
1981-04-09,14.7586
1981-04-10,14.5196
1981-04-13,14.3702
1981-04-14,14.1312
1981-04-15,14.2507
1981-04-16,14.3403
1981-04-20,14.7287
1981-04-21,14.4598
1981-04-22,14.43
1981-04-23,14.43
1981-04-24,14.4897
1981-04-27,14.6092
1981-04-28,14.43
1981-04-29,14.2507
1981-04-30,14.0117
1981-05-01,14.1312
1981-05-04,13.952
1981-05-05,13.8026
1981-05-06,13.8325
1981-05-07,13.713
1981-05-08,13.8325
1981-05-11,13.3843
1981-05-12,13.5636
1981-05-13,13.5636
1981-05-14,13.5337
1981-05-15,13.4739
1981-05-18,13.5636
1981-05-19,13.5337
1981-05-20,13.4739
1981-05-21,13.2947
1981-05-22,13.2648
1981-05-26,13.4142
1981-05-27,13.8325
1981-05-28,13.8623
1981-05-29,14.0416
1981-06-01,14.4001
1981-06-02,14.3105
1981-06-03,14.1312
1981-06-04,13.8623
1981-06-05,13.952
1981-06-08,13.9221
1981-06-09,13.713
1981-06-10,13.8325
1981-06-11,14.1013
1981-06-12,14.191
1981-06-15,14.3105
1981-06-16,14.0715
1981-06-17,13.9818
1981-06-18,13.7727
1981-06-19,13.7428
1981-06-22,13.8922
1981-06-23,14.191
1981-06-24,14.2208
1981-06-25,14.1013
1981-06-26,14.0416
1981-06-29,13.8325
1981-06-30,13.8325
1981-07-01,13.5935
1981-07-02,13.5935
1981-07-06,13.6233
1981-07-07,13.6233
1981-07-08,13.5337
1981-07-09,13.5337
1981-07-10,13.4739
1981-07-13,13.3544
1981-07-14,13.5935
1981-07-15,13.5337
1981-07-16,13.5337
1981-07-17,13.4142
1981-07-20,13.2349
1981-07-21,13.2648
1981-07-22,13.1752
1981-07-23,13.1154
1981-07-24,13.1453
1981-07-27,13.2947
1981-07-28,13.2349
1981-07-29,13.2349
1981-07-30,13.4739
1981-07-31,13.4142
1981-08-03,13.5038
1981-08-04,13.9221
1981-08-05,13.952
1981-08-06,13.5935
1981-08-07,13.6233
1981-08-10,13.8325
1981-08-11,14.0416
1981-08-12,13.8325
1981-08-13,13.9221
1981-08-14,13.8623
1981-08-17,13.5636
1981-08-18,13.5337
1981-08-19,13.6233
1981-08-20,13.6831
1981-08-21,13.5935
1981-08-24,13.3544
1981-08-25,13.3544
1981-08-26,13.2648
1981-08-27,13.2051
1981-08-28,13.3544
1981-08-31,13.1752
1981-09-01,13.3843
1981-09-02,13.3246
1981-09-03,13.0557
1981-09-04,12.9063
1981-09-08,12.9063
1981-09-09,12.9362
1981-09-10,13.0856
1981-09-11,13.3246
1981-09-14,13.3544
1981-09-15,13.2648
1981-09-16,13.1154
1981-09-17,12.9362
1981-09-18,12.9063
1981-09-21,13.1154
1981-09-22,12.9959
1981-09-23,13.0258
1981-09-24,13.0557
1981-09-25,12.8167
1981-09-28,13.1154
1981-09-29,12.7271
1981-09-30,12.9362
1981-10-01,12.9063
1981-10-02,13.1453
1981-10-05,13.1752
1981-10-06,12.9661
1981-10-07,13.1453
1981-10-08,13.2648
1981-10-09,13.3544
1981-10-12,13.2648
1981-10-13,12.8466
1981-10-14,12.5478
1981-10-15,12.4881
1981-10-16,12.249
1981-10-19,12.249
1981-10-20,12.3387
1981-10-21,12.2789
1981-10-22,12.2192
1981-10-23,12.1893
1981-10-26,12.0997
1981-10-27,12.1295
1981-10-28,11.8308
1981-10-29,11.7113
1981-10-30,12.3088
1981-11-02,12.6673
1981-11-03,12.6673
1981-11-04,12.5179
1981-11-05,12.3088
1981-11-06,12.1594
1981-11-09,12.3387
1981-11-10,12.4881
1981-11-11,12.5478
1981-11-12,12.6076
1981-11-13,12.3387
1981-11-16,12.1893
1981-11-17,12.1893
1981-11-18,12.0399
1981-11-19,12.0399
1981-11-20,12.0997
1981-11-23,12.0698
1981-11-24,12.4881
1981-11-25,12.5777
1981-11-27,13.0258
1981-11-30,13.0258
1981-12-01,12.9362
1981-12-02,12.6673
1981-12-03,12.9063
1981-12-04,13.0557
1981-12-07,12.7868
1981-12-08,12.7271
1981-12-09,12.8764
1981-12-10,13.0557
1981-12-11,12.9959
1981-12-14,12.7569
1981-12-15,12.8167
1981-12-16,12.9362
1981-12-17,13.3246
1981-12-18,13.5636
1981-12-21,13.4739
1981-12-22,13.5935
1981-12-23,13.4142
1981-12-24,13.6233
1981-12-28,13.5038
1981-12-29,13.3843
1981-12-30,13.6831
1981-12-31,13.5935
1982-01-04,13.9221
1982-01-05,13.6233
1982-01-06,13.5636
1982-01-07,13.5636
1982-01-08,13.5636
1982-01-11,13.5636
1982-01-12,13.7428
1982-01-13,13.713
1982-01-14,14.0715
1982-01-15,14.2806
1982-01-18,14.7885
1982-01-19,14.5794
1982-01-20,14.6989
1982-01-21,14.9379
1982-01-22,14.7287
1982-01-25,14.8184
1982-01-26,14.7586
1982-01-27,14.9677
1982-01-28,15.386
1982-01-29,15.2067
1982-02-01,14.9677
1982-02-02,15.0574
1982-02-03,14.9976
1982-02-04,15.1171
1982-02-05,15.1171
1982-02-08,14.6989
1982-02-09,14.669
1982-02-10,14.7885
1982-02-11,14.6391
1982-02-12,14.5794
1982-02-16,14.8781
1982-02-17,14.8781
1982-02-18,14.9976
1982-02-19,14.908
1982-02-22,14.43
1982-02-23,14.5495
1982-02-24,14.8184
1982-02-25,14.7287
1982-02-26,14.7885
1982-03-01,14.8482
1982-03-02,14.5794
1982-03-03,14.3105
1982-03-04,14.1312
1982-03-05,13.9818
1982-03-08,13.7428
1982-03-09,14.0117
1982-03-10,14.1013
1982-03-11,13.9221
1982-03-12,13.8325
1982-03-15,14.0715
1982-03-16,13.713
1982-03-17,13.713
1982-03-18,13.8325
1982-03-19,13.7727
1982-03-22,14.1312
1982-03-23,14.2208
1982-03-24,14.1312
1982-03-25,14.2806
1982-03-26,14.1013
1982-03-29,14.3105
1982-03-30,14.43
1982-03-31,14.2806
1982-04-01,14.5794
1982-04-02,14.6989
1982-04-05,14.6989
1982-04-06,14.7586
1982-04-07,14.7586
1982-04-08,14.8781
1982-04-12,14.8482
1982-04-13,14.8184
1982-04-14,15.2067
1982-04-15,15.4457
1982-04-16,15.4159
1982-04-19,15.2366
1982-04-20,15.1171
1982-04-21,15.2665
1982-04-22,15.386
1982-04-23,15.7146
1982-04-26,15.7744
1982-04-27,15.5652
1982-04-28,15.5055
1982-04-29,15.3262
1982-04-30,15.3561
1982-05-03,15.4159
1982-05-04,15.4756
1982-05-05,15.5652
1982-05-06,15.5055
1982-05-07,15.4756
1982-05-10,15.2665
1982-05-11,15.386
1982-05-12,15.2665
1982-05-13,15.2067
1982-05-14,15.2067
1982-05-17,15.0275
1982-05-18,14.9976
1982-05-19,14.9379
1982-05-20,15.0574
1982-05-21,14.9677
1982-05-24,14.8781
1982-05-25,14.7885
1982-05-26,14.8184
1982-05-27,14.8184
1982-05-28,14.6989
1982-06-01,14.7586
1982-06-02,14.8184
1982-06-03,14.6989
1982-06-04,14.4001
1982-06-07,14.3403
1982-06-08,13.9221
1982-06-09,13.8922
1982-06-10,14.0416
1982-06-11,14.2507
1982-06-14,14.1312
1982-06-15,14.2806
1982-06-16,14.2208
1982-06-17,13.9818
1982-06-18,13.952
1982-06-21,14.0117
1982-06-22,14.3105
1982-06-23,14.6092
1982-06-24,14.4598
1982-06-25,14.4001
1982-06-28,14.6092
1982-06-29,14.6092
1982-06-30,14.4897
1982-07-01,14.4897
1982-07-02,14.3403
1982-07-06,14.43
1982-07-07,14.5794
1982-07-08,14.6989
1982-07-09,14.9379
1982-07-12,15.9835
1982-07-13,15.4159
1982-07-14,15.9835
1982-07-15,15.9536
1982-07-16,15.9536
1982-07-19,15.7445
1982-07-20,16.103
1982-07-21,16.1329
1982-07-22,15.9238
1982-07-23,15.8939
1982-07-26,15.7445
1982-07-27,15.6549
1982-07-28,15.5055
1982-07-29,15.6549
1982-07-30,15.6848
1982-08-02,15.9536
1982-08-03,15.7744
1982-08-04,15.6848
1982-08-05,15.2665
1982-08-06,15.0872
1982-08-09,15.1171
1982-08-10,15.0574
1982-08-11,14.908
1982-08-12,14.8781
1982-08-13,15.0275
1982-08-16,15.0275
1982-08-17,15.7744
1982-08-18,15.7146
1982-08-19,15.7744
1982-08-20,16.3121
1982-08-23,16.581
1982-08-24,16.342
1982-08-25,16.5213
1982-08-26,16.5213
1982-08-27,16.4914
1982-08-30,16.7005
1982-08-31,16.8499
1982-09-01,16.6707
1982-09-02,17.059
1982-09-03,17.2383
1982-09-07,17.3279
1982-09-08,17.3279
1982-09-09,17.1785
1982-09-10,17.059
1982-09-13,17.4175
1982-09-14,17.3279
1982-09-15,17.537
1982-09-16,17.7163
1982-09-17,17.7163
1982-09-20,17.8657
1982-09-21,18.3437
1982-09-22,18.0449
1982-09-23,18.2541
1982-09-24,18.1644
1982-09-27,18.3138
1982-09-28,18.2242
1982-09-29,17.8657
1982-09-30,17.537
1982-10-01,17.7163
1982-10-04,17.8059
1982-10-05,17.9553
1982-10-06,18.8815
1982-10-07,19.2101
1982-10-08,19.3893
1982-10-11,19.957
1982-10-12,19.7777
1982-10-13,19.957
1982-10-14,19.1503
1982-10-15,19.001
1982-10-18,19.8375
1982-10-19,19.6283
1982-10-20,20.196
1982-10-21,20.2557
1982-10-22,19.7777
1982-10-25,19.1205
1982-10-26,19.5985
1982-10-27,19.5088
1982-10-28,19.0308
1982-10-29,19.0906
1982-11-01,19.479
1982-11-02,19.5686
1982-11-03,20.3752
1982-11-04,20.0765
1982-11-05,20.1362
1982-11-08,19.9271
1982-11-09,20.4947
1982-11-10,20.1661
1982-11-11,20.4051
1982-11-12,20.4051
1982-11-15,19.6582
1982-11-16,19.6283
1982-11-17,20.0765
1982-11-18,20.0167
1982-11-19,19.957
1982-11-22,19.24
1982-11-23,19.4192
1982-11-24,19.7777
1982-11-26,19.9271
1982-11-29,19.718
1982-11-30,20.674
1982-12-01,20.674
1982-12-02,21.0923
1982-12-03,21.0923
1982-12-06,22.1678
1982-12-07,22.7354
1982-12-08,22.586
1982-12-09,22.3769
1982-12-10,22.1678
1982-12-13,22.4367
1982-12-14,21.7495
1982-12-15,21.3611
1982-12-16,21.6898
1982-12-17,22.3172
1982-12-20,22.108
1982-12-21,22.8848
1982-12-22,22.347
1982-12-23,22.3769
1982-12-27,23.0342
1982-12-28,22.7354
1982-12-29,23.0939
1982-12-30,22.9744
1982-12-31,23.0043
1983-01-03,22.2275
1983-01-04,22.8549
1983-01-05,22.9446
1983-01-06,23.3329
1983-01-07,23.0939
1983-01-10,23.4226
1983-01-11,23.4226
1983-01-12,23.4524
1983-01-13,23.5719
1983-01-14,23.6914
1983-01-17,23.7213
1983-01-18,23.8109
1983-01-19,23.5421
1983-01-20,23.3927
1983-01-21,22.6159
1983-01-24,22.4367
1983-01-25,22.9446
1983-01-26,22.7354
1983-01-27,23.3329
1983-01-28,23.2732
1983-01-31,23.6317
1983-02-01,23.1836
1983-02-02,22.9446
1983-02-03,22.825
1983-02-04,23.2732
1983-02-07,23.2134
1983-02-08,22.7354
1983-02-09,22.586
1983-02-10,23.0342
1983-02-11,23.0342
1983-02-14,23.6616
1983-02-15,23.6317
1983-02-16,23.5122
1983-02-17,23.5122
1983-02-18,23.5719
1983-02-22,23.2134
1983-02-23,23.6018
1983-02-24,24.1097
1983-02-25,23.9902
1983-02-28,23.6616
1983-03-01,24.3188
1983-03-02,24.4085
1983-03-03,24.3487
1983-03-04,24.4383
1983-03-07,24.6176
1983-03-08,24.1097
1983-03-09,24.4383
1983-03-10,23.9603
1983-03-11,24.0798
1983-03-14,24.0201
1983-03-15,24.1097
1983-03-16,23.6317
1983-03-17,23.6317
1983-03-18,23.8707
1983-03-21,24.0798
1983-03-22,23.9304
1983-03-23,24.4085
1983-03-24,24.4383
1983-03-25,24.4085
1983-03-28,24.4682
1983-03-29,24.5877
1983-03-30,24.9163
1983-03-31,24.3188
1983-04-04,24.4682
1983-04-05,24.3786
1983-04-06,24.528
1983-04-07,24.6773
1983-04-08,24.8267
1983-04-11,25.484
1983-04-12,25.5736
1983-04-13,25.9919
1983-04-14,26.1711
1983-04-15,26.3205
1983-04-18,26.918
1983-04-19,26.6491
1983-04-20,27.5155
1983-04-21,27.4857
1983-04-22,28.0234
1983-04-25,27.3662
1983-04-26,27.9935
1983-04-27,27.7247
1983-04-28,28.0234
1983-04-29,27.9637
1983-05-02,27.4857
1983-05-03,27.6052
1983-05-04,27.8442
1983-05-05,27.6649
1983-05-06,28.1131
1983-05-09,28.0832
1983-05-10,27.9338
1983-05-11,27.6052
1983-05-12,27.6052
1983-05-13,27.8442
1983-05-16,27.5454
1983-05-17,27.2467
1983-05-18,27.2467
1983-05-19,26.5894
1983-05-20,26.4699
1983-05-23,26.8881
1983-05-24,27.396
1983-05-25,27.635
1983-05-26,27.3363
1983-05-27,27.0076
1983-05-31,26.5894
1983-06-01,26.7388
1983-06-02,27.1272
1983-06-03,27.2467
1983-06-06,27.6649
1983-06-07,27.0375
1983-06-08,27.0973
1983-06-09,27.1869
1983-06-10,27.3064
1983-06-13,28.0234
1983-06-14,28.2027
1983-06-15,28.9197
1983-06-16,29.0989
1983-06-17,28.9496
1983-06-20,29.1587
1983-06-21,29.4276
1983-06-22,29.5172
1983-06-23,29.4575
1983-06-24,29.3977
1983-06-27,28.8898
1983-06-28,28.2027
1983-06-29,28.6807
1983-06-30,28.7404
1983-07-01,28.9197
1983-07-05,28.5014
1983-07-06,29.0691
1983-07-07,28.6209
1983-07-08,29.0392
1983-07-11,29.4575
1983-07-12,28.8898
1983-07-13,28.9794
1983-07-14,29.1587
1983-07-15,28.7106
1983-07-18,28.6508
1983-07-19,28.8898
1983-07-20,29.9653
1983-07-21,29.9952
1983-07-22,29.7263
1983-07-25,30.0848
1983-07-26,30.055
1983-07-27,29.4873
1983-07-28,29.1587
1983-07-29,28.7703
1983-08-01,28.8599
1983-08-02,28.8002
1983-08-03,28.9794
1983-08-04,28.5612
1983-08-05,28.6209
1983-08-08,28.4417
1983-08-09,28.2326
1983-08-10,28.2326
1983-08-11,28.1429
1983-08-12,28.3222
1983-08-15,28.8002
1983-08-16,29.0691
1983-08-17,29.3977
1983-08-18,29.0691
1983-08-19,29.2782
1983-08-22,28.9794
1983-08-23,28.5313
1983-08-24,27.8442
1983-08-25,27.7844
1983-08-26,28.1728
1983-08-29,28.4417
1983-08-30,28.0533
1983-08-31,28.5612
1983-09-01,28.3521
1983-09-02,28.6209
1983-09-06,29.1288
1983-09-07,29.2483
1983-09-08,29.2185
1983-09-09,29.2185
1983-09-12,29.0392
1983-09-13,29.1587
1983-09-14,29.3678
1983-09-15,29.0989
1983-09-16,29.4276
1983-09-19,29.577
1983-09-20,29.6068
1983-09-21,29.3977
1983-09-22,29.7861
1983-09-23,30.2641
1983-09-26,30.7421
1983-09-27,30.5629
1983-09-28,30.772
1983-09-29,30.5629
1983-09-30,30.3239
1983-10-03,30.6226
1983-10-04,31.0409
1983-10-05,31.3396
1983-10-06,31.5786
1983-10-07,31.6085
1983-10-10,32.0865
1983-10-11,31.7878
1983-10-12,31.6981
1983-10-13,31.9371
1983-10-14,31.489
1983-10-17,31.489
1983-10-18,30.772
1983-10-19,31.1902
1983-10-20,31.011
1983-10-21,30.3537
1983-10-24,30.6525
1983-10-25,30.7122
1983-10-26,30.5927
1983-10-27,30.9214
1983-10-28,30.5927
1983-10-31,30.294
1983-11-01,30.294
1983-11-02,30.2342
1983-11-03,29.6068
1983-11-04,29.2185
1983-11-07,29.1886
1983-11-08,29.2185
1983-11-09,29.5471
1983-11-10,29.9355
1983-11-11,30.3239
1983-11-14,30.4732
1983-11-15,29.7562
1983-11-16,29.816
1983-11-17,29.4873
1983-11-18,29.5172
1983-11-21,29.9355
1983-11-22,29.3977
1983-11-23,28.8898
1983-11-25,28.9197
1983-11-28,28.5014
1983-11-29,29.0691
1983-11-30,28.0533
1983-12-01,28.4118
1983-12-02,28.1728
1983-12-05,28.3521
1983-12-06,28.1131
1983-12-07,28.5014
1983-12-08,28.4417
1983-12-09,29.2185
1983-12-12,29.6367
1983-12-13,29.1886
1983-12-14,28.8898
1983-12-15,28.5612
1983-12-16,28.8898
1983-12-19,28.9794
1983-12-20,29.0989
1983-12-21,29.5471
1983-12-22,29.3678
1983-12-23,29.5471
1983-12-27,29.7861
1983-12-28,29.6965
1983-12-29,29.4276
1983-12-30,29.1587
1984-01-03,29.0989
1984-01-04,29.6068
1984-01-05,29.6965
1984-01-06,29.5172
1984-01-09,29.4575
1984-01-10,29.2185
1984-01-11,29.2185
1984-01-12,28.9794
1984-01-13,28.4417
1984-01-16,28.8002
1984-01-17,28.9197
1984-01-18,28.8002
1984-01-19,28.4118
1984-01-20,27.9637
1984-01-23,27.7545
1984-01-24,27.9039
1984-01-25,27.5753
1984-01-26,27.396
1984-01-27,27.4558
1984-01-30,27.2168
1984-01-31,27.2765
1984-02-01,27.1869
1984-02-02,27.3363
1984-02-03,26.4699
1984-02-06,25.9919
1984-02-07,26.4101
1984-02-08,25.7529
1984-02-09,26.0516
1984-02-10,26.2608
1984-02-13,26.0516
1984-02-14,26.4998
1984-02-15,26.201
1984-02-16,26.201
1984-02-17,26.2309
1984-02-21,26.1413
1984-02-22,26.0815
1984-02-23,26.1114
1984-02-24,26.5894
1984-02-27,26.9778
1984-02-28,26.2906
1984-02-29,26.3504
1984-03-01,26.6491
1984-03-02,26.7686
1984-03-05,26.5296
1984-03-06,26.1114
1984-03-07,25.723
1984-03-08,25.9321
1984-03-09,25.8126
1984-03-12,26.3504
1984-03-13,26.44
1984-03-14,26.5296
1984-03-15,26.7686
1984-03-16,27.1869
1984-03-19,27.2467
1984-03-20,27.4259
1984-03-21,27.2467
1984-03-22,26.9479
1984-03-23,26.8284
1984-03-26,26.8284
1984-03-27,27.2168
1984-03-28,27.5753
1984-03-29,27.1869
1984-03-30,27.2168
1984-04-02,26.7686
1984-04-03,26.7686
1984-04-04,26.5296
1984-04-05,25.9919
1984-04-06,26.2309
1984-04-09,26.201
1984-04-10,26.2906
1984-04-11,26.0217
1984-04-12,26.8881
1984-04-13,26.5894
1984-04-16,26.9479
1984-04-17,26.8284
1984-04-18,26.5595
1984-04-19,26.4699
1984-04-23,26.2608
1984-04-24,26.4699
1984-04-25,26.7388
1984-04-26,27.0674
1984-04-27,27.0674
1984-04-30,27.1869
1984-05-01,27.8442
1984-05-02,27.7844
1984-05-03,27.635
1984-05-04,26.9479
1984-05-07,27.0674
1984-05-08,27.3064
1984-05-09,26.9778
1984-05-10,26.8583
1984-05-11,26.5894
1984-05-14,26.8284
1984-05-15,27.0076
1984-05-16,26.7388
1984-05-17,26.4101
1984-05-18,26.1413
1984-05-21,25.962
1984-05-22,25.7827
1984-05-23,25.7529
1984-05-24,25.5139
1984-05-25,25.6334
1984-05-29,25.484
1984-05-30,25.6931
1984-05-31,25.7529
1984-06-01,25.7827
1984-06-04,25.8724
1984-06-05,25.1852
1984-06-06,25.2749
1984-06-07,25.245
1984-06-08,25.2749
1984-06-11,24.9163
1984-06-12,24.9761
1984-06-13,24.9462
1984-06-14,24.0798
1984-06-15,23.6914
1984-06-18,24.3188
1984-06-19,24.528
1984-06-20,24.4085
1984-06-21,25.3047
1984-06-22,25.1554
1984-06-25,25.2151
1984-06-26,24.8865
1984-06-27,24.6475
1984-06-28,25.1255
1984-06-29,25.2749
1984-07-02,25.2749
1984-07-03,25.6035
1984-07-05,25.3944
1984-07-06,25.2749
1984-07-09,25.6334
1984-07-10,25.6035
1984-07-11,25.1554
1984-07-12,24.9462
1984-07-13,25.1554
1984-07-16,25.6334
1984-07-17,25.8425
1984-07-18,25.6334
1984-07-19,25.5139
1984-07-20,25.5736
1984-07-23,25.3645
1984-07-24,25.1852
1984-07-25,25.6035
1984-07-26,25.8724
1984-07-27,26.0516
1984-07-30,25.9022
1984-07-31,26.44
1984-08-01,26.9778
1984-08-02,27.4558
1984-08-03,28.7404
1984-08-06,29.0989
1984-08-07,28.9794
1984-08-08,28.3222
1984-08-09,29.338
1984-08-10,28.9496
1984-08-13,29.2185
1984-08-14,28.9794
1984-08-15,29.1288
1984-08-16,29.4276
1984-08-17,29.3977
1984-08-20,29.4575
1984-08-21,30.0848
1984-08-22,29.6367
1984-08-23,29.8458
1984-08-24,29.9952
1984-08-27,29.816
1984-08-28,29.9653
1984-08-29,29.6965
1984-08-30,29.5471
1984-08-31,29.577
1984-09-04,29.2782
1984-09-05,29.2782
1984-09-06,29.4873
1984-09-07,29.0691
1984-09-10,29.338
1984-09-11,29.2185
1984-09-12,29.2782
1984-09-13,30.1446
1984-09-14,30.294
1984-09-17,30.5031
1984-09-18,30.2641
1984-09-19,30.0848
1984-09-20,30.1147
1984-09-21,29.6965
1984-09-24,29.577
1984-09-25,29.6367
1984-09-26,29.7861
1984-09-27,30.055
1984-09-28,29.6965
1984-10-01,29.3081
1984-10-02,29.0989
1984-10-03,28.9794
1984-10-04,29.1288
1984-10-05,28.9794
1984-10-08,28.9197
1984-10-09,28.8002
1984-10-10,29.0691
1984-10-11,28.7404
1984-10-12,29.1288
1984-10-15,29.2782
1984-10-16,28.9794
1984-10-17,29.1288
1984-10-18,30.1147
1984-10-19,29.9056
1984-10-22,30.055
1984-10-23,30.2641
1984-10-24,30.294
1984-10-25,29.8757
1984-10-26,29.6666
1984-10-29,29.8458
1984-10-30,30.294
1984-10-31,29.7861
1984-11-01,30.1147
1984-11-02,30.0848
1984-11-05,30.294
1984-11-06,30.4732
1984-11-07,30.055
1984-11-08,30.055
1984-11-09,29.4575
1984-11-12,29.6367
1984-11-13,29.338
1984-11-14,29.4276
1984-11-15,29.338
1984-11-16,29.0392
1984-11-19,28.6807
1984-11-20,28.9794
1984-11-21,28.9197
1984-11-23,29.3081
1984-11-26,29.3081
1984-11-27,29.816
1984-11-28,29.4276
1984-11-29,29.1587
1984-11-30,29.0989
1984-12-03,28.6807
1984-12-04,28.7404
1984-12-05,28.1728
1984-12-06,28.3222
1984-12-07,27.9935
1984-12-10,28.1728
1984-12-11,28.4716
1984-12-12,28.3819
1984-12-13,28.1429
1984-12-14,28.3819
1984-12-17,28.4417
1984-12-18,29.4276
1984-12-19,29.3977
1984-12-20,29.2483
1984-12-21,29.577
1984-12-24,29.6965
1984-12-26,29.577
1984-12-27,29.4276
1984-12-28,29.5172
1984-12-31,29.4276
1985-01-02,28.9197
1985-01-03,28.6807
1985-01-04,28.6209
1985-01-07,28.7703
1985-01-08,28.6209
1985-01-09,28.7703
1985-01-10,29.577
1985-01-11,29.338
1985-01-14,29.816
1985-01-15,29.7861
1985-01-16,29.6068
1985-01-17,29.5471
1985-01-18,29.6666
1985-01-21,30.6525
1985-01-22,30.9811
1985-01-23,31.6683
1985-01-24,31.8176
1985-01-25,31.8475
1985-01-28,32.1761
1985-01-29,32.7438
1985-01-30,32.6542
1985-01-31,32.5944
1985-02-01,32.4152
1985-02-04,32.8932
1985-02-05,32.6243
1985-02-06,32.3554
1985-02-07,32.7737
1985-02-08,32.8035
1985-02-11,31.9073
1985-02-12,31.489
1985-02-13,31.967
1985-02-14,31.5488
1985-02-15,31.3994
1985-02-19,31.5189
1985-02-20,31.967
1985-02-21,31.967
1985-02-22,31.7579
1985-02-25,31.9969
1985-02-26,32.1463
1985-02-27,31.8176
1985-02-28,32.0268
1985-03-01,32.4749
1985-03-04,32.2658
1985-03-05,32.2658
1985-03-06,31.7579
1985-03-07,31.1006
1985-03-08,30.9811
1985-03-11,31.4293
1985-03-12,31.5189
1985-03-13,31.0707
1985-03-14,30.8019
1985-03-15,30.7421
1985-03-18,30.6824
1985-03-19,31.1902
1985-03-20,30.9214
1985-03-21,30.772
1985-03-22,30.533
1985-03-25,29.7562
1985-03-26,29.9653
1985-03-27,30.2043
1985-03-28,30.2641
1985-03-29,30.3537
1985-04-01,30.6226
1985-04-02,30.533
1985-04-03,30.2342
1985-04-04,30.3537
1985-04-08,29.6068
1985-04-09,29.7861
1985-04-10,30.0848
1985-04-11,30.3537
1985-04-12,30.5927
1985-04-15,30.8915
1985-04-16,31.011
1985-04-17,30.9811
1985-04-18,30.4732
1985-04-19,30.5031
1985-04-22,30.533
1985-04-23,30.8317
1985-04-24,30.7421
1985-04-25,30.8019
1985-04-26,30.3836
1985-04-29,30.1745
1985-04-30,30.2342
1985-05-01,30.0251
1985-05-02,29.9653
1985-05-03,29.8757
1985-05-06,29.816
1985-05-07,30.055
1985-05-08,30.3836
1985-05-09,30.5629
1985-05-10,31.1006
1985-05-13,31.1305
1985-05-14,30.5927
1985-05-15,30.7122
1985-05-16,30.8317
1985-05-17,31.25
1985-05-20,31.7878
1985-05-21,31.7878
1985-05-22,31.6981
1985-05-23,31.3994
1985-05-24,31.2799
1985-05-28,31.1604
1985-05-29,31.011
1985-05-30,30.5927
1985-05-31,30.7421
1985-06-03,30.8616
1985-06-04,31.011
1985-06-05,30.7122
1985-06-06,31.011
1985-06-07,30.4434
1985-06-10,30.5031
1985-06-11,30.1147
1985-06-12,28.8599
1985-06-13,28.3521
1985-06-14,28.9496
1985-06-17,28.7106
1985-06-18,28.6508
1985-06-19,28.5313
1985-06-20,28.3819
1985-06-21,28.5313
1985-06-24,28.8898
1985-06-25,29.1587
1985-06-26,29.4276
1985-06-27,29.6367
1985-06-28,29.577
1985-07-01,29.8458
1985-07-02,29.7263
1985-07-03,29.577
1985-07-05,29.7562
1985-07-08,29.5172
1985-07-09,28.9794
1985-07-10,29.3977
1985-07-11,29.577
1985-07-12,29.6965
1985-07-15,29.9952
1985-07-16,30.7122
1985-07-17,30.9214
1985-07-18,30.772
1985-07-19,30.8915
1985-07-22,31.0409
1985-07-23,30.9214
1985-07-24,30.8616
1985-07-25,31.1305
1985-07-26,31.5488
1985-07-29,30.9811
1985-07-30,31.1902
1985-07-31,31.3994
1985-08-01,31.6683
1985-08-02,31.4591
1985-08-05,31.3695
1985-08-06,30.9214
1985-08-07,30.8915
1985-08-08,30.6824
1985-08-09,30.4434
1985-08-12,30.3836
1985-08-13,30.2641
1985-08-14,30.294
1985-08-15,30.2043
1985-08-16,30.055
1985-08-19,30.0848
1985-08-20,30.4732
1985-08-21,30.6824
1985-08-22,30.2641
1985-08-23,30.3239
1985-08-26,30.6525
1985-08-27,30.6525
1985-08-28,30.5927
1985-08-29,30.4732
1985-08-30,30.2641
1985-09-03,30.3836
1985-09-04,30.4135
1985-09-05,30.6824
1985-09-06,30.8616
1985-09-09,30.9214
1985-09-10,30.5629
1985-09-11,30.4135
1985-09-12,30.3836
1985-09-13,30.4732
1985-09-16,30.6824
1985-09-17,30.294
1985-09-18,30.4732
1985-09-19,30.5927
1985-09-20,30.294
1985-09-23,30.6226
1985-09-24,30.294
1985-09-25,29.6367
1985-09-26,29.577
1985-09-30,29.6068
1985-10-01,30.2641
1985-10-02,29.7263
1985-10-03,29.7263
1985-10-04,29.5172
1985-10-07,29.6965
1985-10-08,29.7263
1985-10-09,29.6965
1985-10-10,29.7263
1985-10-11,30.0251
1985-10-14,30.5927
1985-10-15,30.5927
1985-10-16,30.9214
1985-10-17,30.7122
1985-10-18,30.5031
1985-10-21,30.4732
1985-10-22,30.8616
1985-10-23,31.1902
1985-10-24,30.7421
1985-10-25,30.5927
1985-10-28,30.9214
1985-10-29,31.1902
1985-10-30,31.3396
1985-10-31,31.0409
1985-11-01,31.2799
1985-11-04,31.6085
1985-11-05,31.8774
1985-11-06,31.7579
1985-11-07,31.5786
1985-11-08,31.6683
1985-11-11,32.1761
1985-11-12,32.3554
1985-11-13,32.2658
1985-11-14,32.6542
1985-11-15,32.684
1985-11-18,33.1023
1985-11-19,33.0425
1985-11-20,33.2218
1985-11-21,33.5206
1985-11-22,33.3413
1985-11-25,33.2218
1985-11-26,33.2218
1985-11-27,33.5206
1985-11-29,33.4011
1985-12-02,32.9529
1985-12-03,33.1322
1985-12-04,33.9089
1985-12-05,33.6401
1985-12-06,33.8791
1985-12-09,34.5662
1985-12-10,35.0442
1985-12-11,35.6119
1985-12-12,35.5222
1985-12-13,35.9106
1985-12-16,36.3886
1985-12-17,36.4484
1985-12-18,36.538
1985-12-19,36.7471
1985-12-20,36.8666
1985-12-23,36.8069
1985-12-24,36.5081
1985-12-26,36.6276
1985-12-27,37.1355
1985-12-30,37.8227
1985-12-31,37.1654
1986-01-02,36.3289
1986-01-03,36.8965
1986-01-06,36.8965
1986-01-07,37.1953
1986-01-08,35.582
1986-01-09,35.9405
1986-01-10,35.4924
1986-01-13,35.6119
1986-01-14,35.6716
1986-01-15,36.4782
1986-01-16,37.2849
1986-01-17,36.06
1986-01-20,35.7015
1986-01-21,35.7314
1986-01-22,34.4766
1986-01-23,35.3728
1986-01-24,35.8509
1986-01-27,35.7612
1986-01-28,36.2691
1986-01-29,36.0899
1986-01-30,35.7314
1986-01-31,36.2094
1986-02-03,36.9563
1986-02-04,36.8069
1986-02-05,37.016
1986-02-06,37.0459
1986-02-07,37.2251
1986-02-10,37.5837
1986-02-11,37.4641
1986-02-12,37.0459
1986-02-13,37.1953
1986-02-14,37.3446
1986-02-18,37.972
1986-02-19,37.6434
1986-02-20,38.0318
1986-02-21,38.1812
1986-02-24,37.972
1986-02-25,37.6434
1986-02-26,37.8227
1986-02-27,37.255
1986-02-28,36.06
1986-03-03,36.1496
1986-03-04,35.7911
1986-03-05,35.4625
1986-03-06,35.0741
1986-03-07,34.8948
1986-03-10,35.4924
1986-03-11,36.3289
1986-03-12,35.6119
1986-03-13,35.9704
1986-03-14,35.9405
1986-03-17,36.06
1986-03-18,36.4185
1986-03-19,36.2392
1986-03-20,35.8807
1986-03-21,35.6119
1986-03-24,35.582
1986-03-25,35.3728
1986-03-26,35.2832
1986-03-27,35.6417
1986-03-31,36.2094
1986-04-01,35.6417
1986-04-02,36.0899
1986-04-03,35.7612
1986-04-04,35.4326
1986-04-07,35.7314
1986-04-08,36.3289
1986-04-09,35.6716
1986-04-10,35.9106
1986-04-11,35.7911
1986-04-14,36.4185
1986-04-15,36.4782
1986-04-16,36.9861
1986-04-17,36.9563
1986-04-18,36.4782
1986-04-21,37.016
1986-04-22,36.5679
1986-04-23,37.1056
1986-04-24,37.6733
1986-04-25,38.1214
1986-04-28,38.5695
1986-04-29,38.0915
1986-04-30,37.3446
1986-05-01,37.494
1986-05-02,36.8368
1986-05-05,37.1953
1986-05-06,36.8666
1986-05-07,36.1496
1986-05-08,35.6119
1986-05-09,35.7911
1986-05-12,35.8509
1986-05-13,35.582
1986-05-14,35.4027
1986-05-15,34.7455
1986-05-16,34.626
1986-05-19,34.4467
1986-05-20,34.9546
1986-05-21,34.5363
1986-05-22,34.2674
1986-05-23,34.387
1986-05-27,35.1338
1986-05-28,36.1795
1986-05-29,36.538
1986-05-30,36.4185
1986-06-02,36.3886
1986-06-03,36.5081
1986-06-04,35.8509
1986-06-05,36.0301
1986-06-06,35.821
1986-06-09,35.0741
1986-06-10,35.4625
1986-06-11,35.6417
1986-06-12,35.3728
1986-06-13,35.7612
1986-06-16,35.4924
1986-06-17,35.104
1986-06-18,34.9845
1986-06-19,34.6558
1986-06-20,35.2533
1986-06-23,34.6857
1986-06-24,35.0143
1986-06-25,35.2533
1986-06-26,35.0741
1986-06-27,35.1338
1986-06-30,35.0143
1986-07-01,35.5222
1986-07-02,35.7314
1986-07-03,35.6119
1986-07-07,34.7156
1986-07-08,34.5662
1986-07-09,34.4766
1986-07-10,34.8351
1986-07-11,34.2077
1986-07-14,33.2815
1986-07-15,32.445
1986-07-16,31.8176
1986-07-17,31.5488
1986-07-18,31.489
1986-07-21,31.5189
1986-07-22,31.9371
1986-07-23,31.8176
1986-07-24,31.8176
1986-07-25,32.0566
1986-07-28,31.6384
1986-07-29,31.3695
1986-07-30,31.6085
1986-07-31,31.6683
1986-08-01,31.3994
1986-08-04,31.4591
1986-08-05,31.2799
1986-08-06,31.3396
1986-08-07,31.3098
1986-08-08,31.0707
1986-08-11,31.3098
1986-08-12,31.6683
1986-08-13,32.0268
1986-08-14,32.0865
1986-08-15,31.8176
1986-08-18,32.3554
1986-08-19,32.684
1986-08-20,33.2815
1986-08-21,32.9828
1986-08-22,32.9828
1986-08-25,33.2218
1986-08-26,33.7297
1986-08-27,33.7297
1986-08-28,33.4608
1986-08-29,33.162
1986-09-02,32.5048
1986-09-03,32.5347
1986-09-04,33.3114
1986-09-05,33.5504
1986-09-08,34.3571
1986-09-09,34.387
1986-09-10,34.4467
1986-09-11,33.2815
1986-09-12,32.8334
1986-09-15,32.7438
1986-09-16,33.0425
1986-09-17,32.8932
1986-09-18,33.0724
1986-09-19,32.7139
1986-09-22,33.1322
1986-09-23,33.2815
1986-09-24,32.8633
1986-09-25,32.445
1986-09-26,32.3853
1986-09-29,32.0865
1986-09-30,32.1463
1986-10-01,31.7878
1986-10-02,31.7878
1986-10-03,31.2799
1986-10-06,31.9073
1986-10-07,30.6226
1986-10-08,30.4732
1986-10-09,29.1587
1986-10-10,29.5471
1986-10-13,29.1587
1986-10-14,28.8898
1986-10-15,29.3977
1986-10-16,28.9496
1986-10-17,29.1288
1986-10-20,28.7404
1986-10-21,29.0093
1986-10-22,28.7703
1986-10-23,29.0392
1986-10-24,29.0093
1986-10-27,29.1886
1986-10-28,28.8599
1986-10-29,28.8898
1986-10-30,29.1587
1986-10-31,29.5471
1986-11-03,30.2043
1986-11-04,30.0848
1986-11-05,29.4276
1986-11-06,29.0093
1986-11-07,29.0392
1986-11-10,29.4276
1986-11-11,29.577
1986-11-12,29.338
1986-11-13,28.6508
1986-11-14,29.0093
1986-11-17,29.1587
1986-11-18,28.8002
1986-11-19,29.3977
1986-11-20,29.5172
1986-11-21,29.4575
1986-11-24,29.7861
1986-11-25,30.3836
1986-11-26,30.1147
1986-11-28,30.3836
1986-12-01,30.4434
1986-12-02,31.0409
1986-12-03,30.7421
1986-12-04,30.533
1986-12-05,30.2641
1986-12-08,30.533
1986-12-09,30.3239
1986-12-10,30.5927
1986-12-11,30.5927
1986-12-12,30.2342
1986-12-15,30.5031
1986-12-16,30.6226
1986-12-17,30.294
1986-12-18,29.9653
1986-12-19,29.9056
1986-12-22,29.4276
1986-12-23,28.8002
1986-12-24,29.1587
1986-12-26,29.1587
1986-12-29,28.8301
1986-12-30,28.8898
1986-12-31,28.6807
1987-01-02,29.1587
1987-01-05,29.5471
1987-01-06,29.3977
1987-01-07,29.5172
1987-01-08,29.3678
1987-01-09,29.2185
1987-01-12,28.7703
1987-01-13,27.8442
1987-01-14,28.3521
1987-01-15,28.6807
1987-01-16,28.6807
1987-01-19,29.9355
1987-01-20,29.338
1987-01-21,29.338
1987-01-22,30.4434
1987-01-23,30.1745
1987-01-26,30.4135
1987-01-27,30.9214
1987-01-28,31.0707
1987-01-29,30.7421
1987-01-30,30.772
1987-02-02,31.6085
1987-02-03,31.7878
1987-02-04,32.2957
1987-02-05,32.7139
1987-02-06,32.445
1987-02-09,31.967
1987-02-10,31.8774
1987-02-11,32.0268
1987-02-12,31.6981
1987-02-13,32.1463
1987-02-17,33.0724
1987-02-18,32.9828
1987-02-19,33.2517
1987-02-20,33.3712
1987-02-23,34.2674
1987-02-24,34.1778
1987-02-25,33.8791
1987-02-26,33.3114
1987-02-27,33.3413
1987-03-02,33.1023
1987-03-03,33.0127
1987-03-04,33.4309
1987-03-05,33.5504
1987-03-06,33.3114
1987-03-09,33.1919
1987-03-10,34.1479
1987-03-11,33.8791
1987-03-12,34.4766
1987-03-13,34.626
1987-03-16,34.5662
1987-03-17,35.1637
1987-03-18,34.9546
1987-03-19,35.1338
1987-03-20,35.5222
1987-03-23,35.7911
1987-03-24,36.538
1987-03-25,37.1953
1987-03-26,36.8069
1987-03-27,36.0301
1987-03-30,36.4185
1987-03-31,35.8807
1987-04-01,36.1197
1987-04-02,35.3728
1987-04-03,35.7314
1987-04-06,35.7015
1987-04-07,35.0143
1987-04-08,35.1936
1987-04-09,34.4168
1987-04-10,34.6558
1987-04-13,35.2832
1987-04-14,35.4027
1987-04-15,36.06
1987-04-16,35.8509
1987-04-20,35.8509
1987-04-21,37.5239
1987-04-22,36.8666
1987-04-23,36.8666
1987-04-24,36.2691
1987-04-27,36.8666
1987-04-28,37.1056
1987-04-29,37.9123
1987-04-30,38.2708
1987-05-01,38.3903
1987-05-04,38.9579
1987-05-05,39.8841
1987-05-06,39.8542
1987-05-07,39.4061
1987-05-08,39.1372
1987-05-11,38.9579
1987-05-12,39.5256
1987-05-13,39.7347
1987-05-14,39.4658
1987-05-15,38.3903
1987-05-18,38.4799
1987-05-19,37.4641
1987-05-20,37.4343
1987-05-21,37.5837
1987-05-22,37.4343
1987-05-26,38.3903
1987-05-27,38.4799
1987-05-28,38.8683
1987-05-29,38.2409
1987-06-01,38.1513
1987-06-02,37.5837
1987-06-03,38.3007
1987-06-04,38.5695
1987-06-05,38.2409
1987-06-08,38.5397
1987-06-09,38.211
1987-06-10,37.7032
1987-06-11,37.6733
1987-06-12,37.4343
1987-06-15,38.1513
1987-06-16,38.7189
1987-06-17,38.5695
1987-06-18,38.45
1987-06-19,38.5695
1987-06-22,39.0177
1987-06-23,39.4061
1987-06-24,39.7048
1987-06-25,40.1231
1987-06-26,39.7945
1987-06-29,39.5256
1987-06-30,38.8384
1987-07-01,39.1969
1987-07-02,39.2567
1987-07-06,39.4658
1987-07-07,39.1671
1987-07-08,39.8542
1987-07-09,39.7347
1987-07-10,39.914
1987-07-13,40.6011
1987-07-14,40.0335
1987-07-15,40.153
1987-07-16,40.1828
1987-07-17,39.914
1987-07-20,39.3463
1987-07-21,38.8982
1987-07-22,38.5695
1987-07-23,38.2708
1987-07-24,38.5397
1987-07-27,38.7488
1987-07-28,38.5397
1987-07-29,38.5994
1987-07-30,38.8086
1987-07-31,38.4799
1987-08-03,38.0617
1987-08-04,38.0915
1987-08-05,38.3007
1987-08-06,38.9579
1987-08-07,39.2866
1987-08-10,39.8542
1987-08-11,40.392
1987-08-12,40.7206
1987-08-13,41.4376
1987-08-14,41.4077
1987-08-17,41.7065
1987-08-18,41.3181
1987-08-19,41.2584
1987-08-20,41.7663
1987-08-21,41.7663
1987-08-24,41.7364
1987-08-25,41.109
1987-08-26,40.1231
1987-08-27,39.7347
1987-08-28,39.7945
1987-08-31,40.2426
1987-09-01,38.9281
1987-09-02,38.8384
1987-09-03,38.6293
1987-09-04,38.4202
1987-09-08,37.7032
1987-09-09,37.5837
1987-09-10,37.7032
1987-09-11,38.5098
1987-09-14,38.7189
1987-09-15,37.6434
1987-09-16,37.4343
1987-09-17,37.733
1987-09-18,37.1355
1987-09-21,35.9704
1987-09-22,37.2251
1987-09-23,36.8666
1987-09-24,37.255
1987-09-25,37.2849
1987-09-28,36.5081
1987-09-29,35.9704
1987-09-30,36.0301
1987-10-01,36.9563
1987-10-02,37.1056
1987-10-05,37.4044
1987-10-06,36.0899
1987-10-07,36.5081
1987-10-08,36.2094
1987-10-09,35.2235
1987-10-12,35.7314
1987-10-13,35.5521
1987-10-14,34.7156
1987-10-15,33.4907
1987-10-16,32.2658
1987-10-19,24.6773
1987-10-20,27.4857
1987-10-21,29.338
1987-10-22,28.6807
1987-10-23,28.8599
1987-10-26,26.7686
1987-10-27,28.2027
1987-10-28,28.2027
1987-10-29,28.7404
1987-10-30,29.2782
1987-11-02,29.7562
1987-11-03,29.1288
1987-11-04,28.8301
1987-11-05,29.577
1987-11-06,28.5612
1987-11-09,28.2326
1987-11-10,28.1429
1987-11-11,28.5014
1987-11-12,29.2185
1987-11-13,29.0691
1987-11-16,28.6807
1987-11-17,28.1429
1987-11-18,28.2923
1987-11-19,27.635
1987-11-20,28.1429
1987-11-23,28.0832
1987-11-24,28.3222
1987-11-25,28.1131
1987-11-27,27.4558
1987-11-30,26.4699
1987-12-01,26.5894
1987-12-02,26.4101
1987-12-03,25.4541
1987-12-04,25.7529
1987-12-07,26.1711
1987-12-08,26.6491
1987-12-09,27.2467
1987-12-10,26.5296
1987-12-11,26.3205
1987-12-14,27.5155
1987-12-15,27.7247
1987-12-16,28.4118
1987-12-17,27.6052
1987-12-18,28.0234
1987-12-21,28.2624
1987-12-22,28.2624
1987-12-23,28.5612
1987-12-24,28.6508
1987-12-28,27.6649
1987-12-29,27.7247
1987-12-30,27.9637
1987-12-31,27.6052
1988-01-04,28.8599
1988-01-05,29.1288
1988-01-06,29.3678
1988-01-07,29.4873
1988-01-08,27.4558
1988-01-11,28.1429
1988-01-12,27.5454
1988-01-13,27.7545
1988-01-14,27.6948
1988-01-15,28.4417
1988-01-18,28.1429
1988-01-19,26.7089
1988-01-20,26.3803
1988-01-21,26.5296
1988-01-22,26.4101
1988-01-25,27.0674
1988-01-26,26.7388
1988-01-27,26.9479
1988-01-28,27.1869
1988-01-29,26.8583
1988-02-01,26.2906
1988-02-02,26.2608
1988-02-03,26.0516
1988-02-04,25.962
1988-02-05,25.8126
1988-02-08,25.7529
1988-02-09,26.0815
1988-02-10,26.679
1988-02-11,26.5894
1988-02-12,26.7686
1988-02-16,27.1869
1988-02-17,26.9479
1988-02-18,26.8881
1988-02-19,27.0973
1988-02-22,27.5454
1988-02-23,27.5753
1988-02-24,27.7545
1988-02-25,27.3662
1988-02-26,27.6649
1988-02-29,28.0832
1988-03-01,27.9637
1988-03-02,28.0234
1988-03-03,27.8442
1988-03-04,27.9338
1988-03-07,28.0234
1988-03-08,28.1131
1988-03-09,27.874
1988-03-10,27.1869
1988-03-11,27.6052
1988-03-14,27.6052
1988-03-15,27.2467
1988-03-16,27.5454
1988-03-17,27.4558
1988-03-18,27.3064
1988-03-21,27.1869
1988-03-22,27.0375
1988-03-23,26.679
1988-03-24,26.2906
1988-03-25,25.5736
1988-03-28,25.8425
1988-03-29,25.3047
1988-03-30,25.1255
1988-03-31,25.723
1988-04-04,25.6931
1988-04-05,25.6931
1988-04-06,26.201
1988-04-07,26.1114
1988-04-08,26.679
1988-04-11,27.0973
1988-04-12,27.157
1988-04-13,27.7545
1988-04-14,26.6193
1988-04-15,27.2765
1988-04-18,27.2467
1988-04-19,27.0375
1988-04-20,26.9778
1988-04-21,26.8583
1988-04-22,27.1869
1988-04-25,27.2168
1988-04-26,27.3064
1988-04-27,27.2467
1988-04-28,27.0375
1988-04-29,27.0973
1988-05-02,27.2765
1988-05-03,27.396
1988-05-04,27.0674
1988-05-05,26.5894
1988-05-06,26.4101
1988-05-09,26.4101
1988-05-10,26.4998
1988-05-11,25.9919
1988-05-12,25.9919
1988-05-13,26.3803
1988-05-16,26.679
1988-05-17,26.3205
1988-05-18,26.0217
1988-05-19,26.4101
1988-05-20,26.1711
1988-05-23,25.9919
1988-05-24,26.1114
1988-05-25,25.9321
1988-05-26,25.8724
1988-05-27,25.8126
1988-05-31,26.8881
1988-06-01,27.0375
1988-06-02,26.918
1988-06-03,27.0674
1988-06-06,27.3363
1988-06-07,27.1869
1988-06-08,27.874
1988-06-09,27.5753
1988-06-10,27.7247
1988-06-13,27.9637
1988-06-14,28.3819
1988-06-15,28.4118
1988-06-16,27.9935
1988-06-17,28.0832
1988-06-20,27.9935
1988-06-21,28.7404
1988-06-22,29.3977
1988-06-23,30.055
1988-06-24,29.9056
1988-06-27,29.8757
1988-06-28,30.3537
1988-06-29,30.3537
1988-06-30,30.4434
1988-07-01,30.2641
1988-07-05,30.8915
1988-07-06,30.3239
1988-07-07,30.5031
1988-07-08,30.2043
1988-07-11,30.294
1988-07-12,29.9355
1988-07-13,29.9355
1988-07-14,29.816
1988-07-15,30.2342
1988-07-18,29.9056
1988-07-19,29.6367
1988-07-20,29.6367
1988-07-21,29.0989
1988-07-22,28.7106
1988-07-25,29.2483
1988-07-26,29.3081
1988-07-27,28.9496
1988-07-28,29.577
1988-07-29,30.055
1988-08-01,30.1745
1988-08-02,30.055
1988-08-03,30.055
1988-08-04,29.6965
1988-08-05,29.6068
1988-08-08,29.4276
1988-08-09,29.0691
1988-08-10,28.4118
1988-08-11,28.4417
1988-08-12,28.2027
1988-08-15,27.5155
1988-08-16,27.6649
1988-08-17,27.396
1988-08-18,27.396
1988-08-19,26.9479
1988-08-22,26.4699
1988-08-23,26.4998
1988-08-24,26.9479
1988-08-25,26.679
1988-08-26,26.8284
1988-08-29,27.0973
1988-08-30,26.9778
1988-08-31,26.6491
1988-09-01,26.3504
1988-09-02,27.2467
1988-09-06,26.9778
1988-09-07,26.7089
1988-09-08,26.7985
1988-09-09,27.3363
1988-09-12,27.157
1988-09-13,27.4857
1988-09-14,27.396
1988-09-15,27.1869
1988-09-16,27.3064
1988-09-19,26.9479
1988-09-20,26.9479
1988-09-21,27.0674
1988-09-22,26.7686
1988-09-23,26.9778
1988-09-26,26.8284
1988-09-27,27.0674
1988-09-28,27.2168
1988-09-29,27.5753
1988-09-30,27.5753
1988-10-03,27.4558
1988-10-04,27.3662
1988-10-05,27.2168
1988-10-06,27.2467
1988-10-07,27.7247
1988-10-10,27.7545
1988-10-11,28.3819
1988-10-12,28.0832
1988-10-13,28.3521
1988-10-14,28.6209
1988-10-17,28.9496
1988-10-18,29.7263
1988-10-19,29.2483
1988-10-20,29.8458
1988-10-21,29.7263
1988-10-24,29.4276
1988-10-25,29.3678
1988-10-26,29.0691
1988-10-27,28.7404
1988-10-28,28.8599
1988-10-31,29.3081
1988-11-01,29.6367
1988-11-02,29.3678
1988-11-03,29.2185
1988-11-04,28.7404
1988-11-07,28.4716
1988-11-08,28.6209
1988-11-09,28.6508
1988-11-10,28.6209
1988-11-11,27.874
1988-11-14,27.9935
1988-11-15,28.0832
1988-11-16,27.6052
1988-11-17,27.6052
1988-11-18,27.6649
1988-11-21,27.635
1988-11-22,27.9637
1988-11-23,28.2027
1988-11-25,27.7247
1988-11-28,28.4118
1988-11-29,28.5313
1988-11-30,28.3222
1988-12-01,28.2624
1988-12-02,28.5014
1988-12-05,28.8898
1988-12-06,29.1886
1988-12-07,28.9197
1988-12-08,28.5313
1988-12-09,28.7703
1988-12-12,28.8002
1988-12-13,28.8599
1988-12-14,28.8002
1988-12-15,28.9197
1988-12-16,28.9794
1988-12-19,29.338
1988-12-20,29.4575
1988-12-21,29.3977
1988-12-22,29.2782
1988-12-23,29.4873
1988-12-27,29.4276
1988-12-28,29.2782
1988-12-29,29.4575
1988-12-30,29.1288
1989-01-03,28.9197
1989-01-04,29.2782
1989-01-05,29.2185
1989-01-06,29.1288
1989-01-09,29.1587
1989-01-10,28.9496
1989-01-11,29.2185
1989-01-12,29.4276
1989-01-13,29.4873
1989-01-16,29.6965
1989-01-17,29.6068
1989-01-18,29.8757
1989-01-19,29.6965
1989-01-20,29.5471
1989-01-23,29.2483
1989-01-24,29.6965
1989-01-25,29.4575
1989-01-26,30.1147
1989-01-27,30.3239
1989-01-30,30.772
1989-01-31,31.2201
1989-02-01,30.9811
1989-02-02,30.6824
1989-02-03,30.533
1989-02-06,30.2641
1989-02-07,30.5031
1989-02-08,30.3537
1989-02-09,30.2043
1989-02-10,29.8757
1989-02-13,30.1147
1989-02-14,29.816
1989-02-15,30.3537
1989-02-16,30.0848
1989-02-17,29.9355
1989-02-21,29.9952
1989-02-22,29.4873
1989-02-23,29.4873
1989-02-24,28.9496
1989-02-27,29.0691
1989-02-28,29.0392
1989-03-01,28.6508
1989-03-02,28.8002
1989-03-03,28.8898
1989-03-06,29.0392
1989-03-07,28.6508
1989-03-08,28.5911
1989-03-09,28.3521
1989-03-10,28.2624
1989-03-13,28.4118
1989-03-14,28.1728
1989-03-15,27.9637
1989-03-16,28.2326
1989-03-17,26.8881
1989-03-20,26.1711
1989-03-21,26.3205
1989-03-22,26.1114
1989-03-23,26.201
1989-03-27,26.3205
1989-03-28,26.2906
1989-03-29,26.201
1989-03-30,25.9919
1989-03-31,26.0815
1989-04-03,25.9321
1989-04-04,25.6035
1989-04-05,25.7529
1989-04-06,25.8126
1989-04-07,26.2309
1989-04-10,26.2906
1989-04-11,26.5595
1989-04-12,26.5595
1989-04-13,26.1114
1989-04-14,26.4998
1989-04-17,26.6193
1989-04-18,27.0076
1989-04-19,26.8583
1989-04-20,26.8583
1989-04-21,27.1272
1989-04-24,27.1272
1989-04-25,27.3662
1989-04-26,27.3662
1989-04-27,27.396
1989-04-28,27.2765
1989-05-01,27.0973
1989-05-02,26.8583
1989-05-03,26.6491
1989-05-04,26.44
1989-05-05,26.1413
1989-05-08,26.1711
1989-05-09,26.2309
1989-05-10,26.201
1989-05-11,26.0815
1989-05-12,26.4699
1989-05-15,26.9479
1989-05-16,26.6193
1989-05-17,26.6491
1989-05-18,26.7686
1989-05-19,26.5595
1989-05-22,26.2608
1989-05-23,26.1711
1989-05-24,26.2309
1989-05-25,26.201
1989-05-26,26.1711
1989-05-30,25.8724
1989-05-31,26.201
1989-06-01,26.2906
1989-06-02,26.3205
1989-06-05,26.0516
1989-06-06,26.201
1989-06-07,26.1711
1989-06-08,26.1114
1989-06-09,25.9022
1989-06-12,26.0217
1989-06-13,26.5296
1989-06-14,26.3803
1989-06-15,26.1413
1989-06-16,26.1711
1989-06-19,26.3803
1989-06-20,26.1711
1989-06-21,26.2309
1989-06-22,26.0815
1989-06-23,26.4998
1989-06-26,26.7686
1989-06-27,27.3363
1989-06-28,27.2168
1989-06-29,26.6491
1989-06-30,26.7388
1989-07-03,26.8284
1989-07-05,26.7686
1989-07-06,26.679
1989-07-07,26.7985
1989-07-10,27.396
1989-07-11,27.2168
1989-07-12,27.4259
1989-07-13,27.4558
1989-07-14,27.4259
1989-07-17,27.7247
1989-07-18,27.4259
1989-07-19,27.3363
1989-07-20,26.9479
1989-07-21,27.2765
1989-07-24,27.1272
1989-07-25,26.9479
1989-07-26,26.8881
1989-07-27,27.0076
1989-07-28,27.0973
1989-07-31,27.4857
1989-08-01,27.396
1989-08-02,27.2467
1989-08-03,27.1869
1989-08-04,27.6052
1989-08-07,28.0533
1989-08-08,28.2624
1989-08-09,27.9935
1989-08-10,28.0832
1989-08-11,27.6052
1989-08-14,27.7545
1989-08-15,27.7844
1989-08-16,27.6052
1989-08-17,27.4259
1989-08-18,27.5155
1989-08-21,27.0076
1989-08-22,27.157
1989-08-23,27.2467
1989-08-24,27.7247
1989-08-25,27.7545
1989-08-28,28.2027
1989-08-29,27.8143
1989-08-30,27.9338
1989-08-31,27.9935
1989-09-01,28.0533
1989-09-05,28.1429
1989-09-06,27.9039
1989-09-07,27.7844
1989-09-08,27.7247
1989-09-11,27.7844
1989-09-12,27.9338
1989-09-13,27.5753
1989-09-14,27.6649
1989-09-15,27.6052
1989-09-18,27.7545
1989-09-19,27.7247
1989-09-20,27.7247
1989-09-21,27.7545
1989-09-22,27.8442
1989-09-25,27.7844
1989-09-26,28.0832
1989-09-27,26.6491
1989-09-28,26.0516
1989-09-29,26.1114
1989-10-02,25.962
1989-10-03,25.3346
1989-10-04,25.8724
1989-10-05,25.6931
1989-10-06,25.6931
1989-10-09,26.1114
1989-10-10,25.8724
1989-10-11,25.7529
1989-10-12,25.723
1989-10-13,24.3786
1989-10-16,24.6176
1989-10-17,24.4383
1989-10-18,24.3188
1989-10-19,24.8865
1989-10-20,24.9163
1989-10-23,24.7371
1989-10-24,24.6176
1989-10-25,24.3487
1989-10-26,24.0798
1989-10-27,23.8707
1989-10-30,23.7811
1989-10-31,23.9603
1989-11-01,23.9006
1989-11-02,23.3927
1989-11-03,23.5421
1989-11-06,23.0939
1989-11-07,23.2732
1989-11-08,23.1238
1989-11-09,23.2732
1989-11-10,23.4524
1989-11-13,23.4823
1989-11-14,23.4226
1989-11-15,23.3927
1989-11-16,23.2134
1989-11-17,23.6914
1989-11-20,23.6018
1989-11-21,23.7811
1989-11-22,23.9304
1989-11-24,23.9902
1989-11-27,23.7512
1989-11-28,23.6317
1989-11-29,23.3628
1989-11-30,23.3329
1989-12-01,23.2134
1989-12-04,23.7213
1989-12-05,23.8109
1989-12-06,23.5719
1989-12-07,23.4226
1989-12-08,23.1537
1989-12-11,22.9744
1989-12-12,23.1836
1989-12-13,22.9147
1989-12-14,22.7354
1989-12-15,22.7055
1989-12-18,22.3769
1989-12-19,22.6458
1989-12-20,22.6159
1989-12-21,22.7354
1989-12-22,22.7952
1989-12-26,22.586
1989-12-27,22.6458
1989-12-28,22.4964
1989-12-29,22.4964
1990-01-02,23.4226
1990-01-03,23.6317
1990-01-04,23.9006
1990-01-05,23.8408
1990-01-08,23.9902
1990-01-09,23.7512
1990-01-10,23.6616
1990-01-11,23.8707
1990-01-12,23.3927
1990-01-15,23.4524
1990-01-16,23.9304
1990-01-17,23.6317
1990-01-18,23.7811
1990-01-19,23.5719
1990-01-22,23.0939
1990-01-23,23.1238
1990-01-24,23.3031
1990-01-25,22.9147
1990-01-26,23.1537
1990-01-29,23.2433
1990-01-30,23.2433
1990-01-31,23.5719
1990-02-01,23.3628
1990-02-02,23.5122
1990-02-05,23.8109
1990-02-06,24.1396
1990-02-07,24.6475
1990-02-08,24.5578
1990-02-09,24.4981
1990-02-12,24.1695
1990-02-13,24.6773
1990-02-14,24.7968
1990-02-15,24.7968
1990-02-16,24.7371
1990-02-20,24.5877
1990-02-21,25.0657
1990-02-22,24.6773
1990-02-23,24.528
1990-02-26,24.8566
1990-02-27,24.7968
1990-02-28,24.8267
1990-03-01,24.8566
1990-03-02,25.0657
1990-03-05,25.0956
1990-03-06,25.2749
1990-03-07,25.2151
1990-03-08,25.5736
1990-03-09,25.4541
1990-03-12,25.7529
1990-03-13,25.3944
1990-03-14,25.3944
1990-03-15,25.5736
1990-03-16,25.962
1990-03-19,26.0516
1990-03-20,25.8126
1990-03-21,25.6334
1990-03-22,25.4541
1990-03-23,25.0956
1990-03-26,24.8865
1990-03-27,24.9761
1990-03-28,25.3047
1990-03-29,25.3346
1990-03-30,25.3645
1990-04-02,25.3047
1990-04-03,25.484
1990-04-04,25.4541
1990-04-05,25.3645
1990-04-06,25.3047
1990-04-09,25.2151
1990-04-10,25.3047
1990-04-11,25.4242
1990-04-12,25.6035
1990-04-16,26.4998
1990-04-17,26.5595
1990-04-18,26.2608
1990-04-19,26.0815
1990-04-20,26.1413
1990-04-23,26.1413
1990-04-24,26.0217
1990-04-25,26.1413
1990-04-26,25.9919
1990-04-27,25.6632
1990-04-30,26.0516
1990-05-01,25.8126
1990-05-02,26.0815
1990-05-03,26.1114
1990-05-04,26.4101
1990-05-07,26.4101
1990-05-08,26.4699
1990-05-09,26.5894
1990-05-10,26.8583
1990-05-11,27.2467
1990-05-14,27.3064
1990-05-15,27.635
1990-05-16,27.5753
1990-05-17,27.7545
1990-05-18,27.5753
1990-05-21,27.9637
1990-05-22,28.1429
1990-05-23,28.3819
1990-05-24,28.3819
1990-05-25,27.7844
1990-05-29,28.6209
1990-05-30,28.8898
1990-05-31,28.6807
1990-06-01,28.5612
1990-06-04,28.7703
1990-06-05,28.8599
1990-06-06,28.8301
1990-06-07,28.8301
1990-06-08,28.3819
1990-06-11,28.6508
1990-06-12,28.7404
1990-06-13,29.0093
1990-06-14,28.8898
1990-06-15,28.7703
1990-06-18,28.3521
1990-06-19,28.3819
1990-06-20,28.2027
1990-06-21,28.4716
1990-06-22,27.7844
1990-06-25,27.874
1990-06-26,27.9039
1990-06-27,28.2027
1990-06-28,28.1131
1990-06-29,28.0832
1990-07-02,28.3222
1990-07-03,28.1131
1990-07-05,28.0533
1990-07-06,28.2027
1990-07-09,28.4417
1990-07-10,28.1429
1990-07-11,28.4716
1990-07-12,28.6807
1990-07-13,28.9197
1990-07-16,29.2483
1990-07-17,28.8599
1990-07-18,28.6508
1990-07-19,28.6807
1990-07-20,28.1131
1990-07-23,27.6948
1990-07-24,27.4259
1990-07-25,27.4259
1990-07-26,27.0375
1990-07-27,26.6193
1990-07-30,26.7985
1990-07-31,26.6491
1990-08-01,26.679
1990-08-02,26.2309
1990-08-03,25.8425
1990-08-06,24.8267
1990-08-07,24.6176
1990-08-08,24.6475
1990-08-09,24.6773
1990-08-10,24.3786
1990-08-13,24.7968
1990-08-14,24.9462
1990-08-15,25.0956
1990-08-16,24.7968
1990-08-17,24.2292
1990-08-20,24.4383
1990-08-21,24.0201
1990-08-22,23.6616
1990-08-23,23.1537
1990-08-24,23.9902
1990-08-27,24.9462
1990-08-28,24.767
1990-08-29,24.8267
1990-08-30,24.3188
1990-08-31,24.3487
1990-09-04,24.4981
1990-09-05,24.4981
1990-09-06,24.4682
1990-09-07,25.2151
1990-09-10,25.3047
1990-09-11,25.6931
1990-09-12,25.7827
1990-09-13,25.0956
1990-09-14,24.9462
1990-09-17,25.1255
1990-09-18,25.6334
1990-09-19,25.9022
1990-09-20,25.7827
1990-09-21,25.5139
1990-09-24,25.0956
1990-09-25,25.4242
1990-09-26,25.1852
1990-09-27,24.9462
1990-09-28,25.4242
1990-10-01,26.0516
1990-10-02,25.8724
1990-10-03,25.6632
1990-10-04,25.7827
1990-10-05,25.8724
1990-10-08,26.1711
1990-10-09,25.1852
1990-10-10,24.7371
1990-10-11,24.1396
1990-10-12,23.9603
1990-10-15,23.7213
1990-10-16,23.7512
1990-10-17,24.0798
1990-10-18,25.1852
1990-10-19,25.723
1990-10-22,25.7529
1990-10-23,25.5139
1990-10-24,25.962
1990-10-25,25.8425
1990-10-26,25.5437
1990-10-29,25.3346
1990-10-30,25.4242
1990-10-31,25.2151
1990-11-01,25.6334
1990-11-02,25.9022
1990-11-05,25.7827
1990-11-06,25.7827
1990-11-07,25.4541
1990-11-08,25.6931
1990-11-09,26.3504
1990-11-12,27.0076
1990-11-13,26.7686
1990-11-14,27.1272
1990-11-15,26.918
1990-11-16,27.157
1990-11-19,27.4259
1990-11-20,27.0973
1990-11-21,27.2765
1990-11-23,26.918
1990-11-26,27.2168
1990-11-27,27.1272
1990-11-28,26.8583
1990-11-29,26.7686
1990-11-30,27.157
1990-12-03,27.0973
1990-12-04,27.4259
1990-12-05,27.396
1990-12-06,26.6491
1990-12-07,26.8881
1990-12-10,27.0973
1990-12-11,26.9778
1990-12-12,27.3363
1990-12-13,26.9778
1990-12-14,26.5894
1990-12-17,26.6491
1990-12-18,27.1272
1990-12-19,26.9479
1990-12-20,27.1869
1990-12-21,27.2168
1990-12-24,27.2168
1990-12-26,27.1272
1990-12-27,27.157
1990-12-28,27.0973
1990-12-31,27.0076
1991-01-02,26.7985
1991-01-03,26.8881
1991-01-04,26.7985
1991-01-07,26.3504
1991-01-08,26.0516
1991-01-09,25.5437
1991-01-10,25.9022
1991-01-11,25.8425
1991-01-14,25.5139
1991-01-15,25.6931
1991-01-16,26.0815
1991-01-17,27.6649
1991-01-18,28.1131
1991-01-21,28.5911
1991-01-22,28.2027
1991-01-23,28.5014
1991-01-24,28.9197
1991-01-25,29.3081
1991-01-28,29.6965
1991-01-29,29.7562
1991-01-30,30.3537
1991-01-31,30.294
1991-02-01,30.3239
1991-02-04,30.4434
1991-02-05,30.7122
1991-02-06,31.0409
1991-02-07,30.7122
1991-02-08,30.9512
1991-02-11,31.6384
1991-02-12,31.728
1991-02-13,32.1761
1991-02-14,32.2658
1991-02-15,32.8334
1991-02-19,33.3413
1991-02-20,32.9529
1991-02-21,32.3853
1991-02-22,31.8475
1991-02-25,31.9371
1991-02-26,31.011
1991-02-27,31.2799
1991-02-28,30.772
1991-03-01,31.3098
1991-03-04,31.2201
1991-03-05,31.9073
1991-03-06,31.7579
1991-03-07,31.6683
1991-03-08,31.3695
1991-03-11,30.8616
1991-03-12,30.3537
1991-03-13,30.8616
1991-03-14,30.6226
1991-03-15,30.2641
1991-03-18,30.5629
1991-03-19,27.5155
1991-03-20,27.2765
1991-03-21,26.7388
1991-03-22,26.679
1991-03-25,27.1272
1991-03-26,27.2168
1991-03-27,26.9778
1991-03-28,27.2168
1991-04-01,26.8284
1991-04-02,27.0674
1991-04-03,27.0375
1991-04-04,27.1272
1991-04-05,26.918
1991-04-08,27.0076
1991-04-09,26.5894
1991-04-10,26.5894
1991-04-11,26.44
1991-04-12,25.9321
1991-04-15,25.5437
1991-04-16,26.1114
1991-04-17,26.2608
1991-04-18,26.2309
1991-04-19,26.1711
1991-04-22,25.9321
1991-04-23,25.9022
1991-04-24,25.8724
1991-04-25,25.8126
1991-04-26,25.6632
1991-04-29,25.0657
1991-04-30,24.6176
1991-05-01,24.8566
1991-05-02,25.3047
1991-05-03,24.767
1991-05-06,24.7072
1991-05-07,24.3487
1991-05-08,24.7968
1991-05-09,25.3047
1991-05-10,24.7072
1991-05-13,25.3047
1991-05-14,25.3346
1991-05-15,24.5578
1991-05-16,24.8865
1991-05-17,24.7968
1991-05-20,24.6773
1991-05-21,24.2591
1991-05-22,25.006
1991-05-23,25.006
1991-05-24,25.0956
1991-05-28,25.1255
1991-05-29,24.8865
1991-05-30,24.9462
1991-05-31,25.3645
1991-06-03,25.4242
1991-06-04,25.0956
1991-06-05,24.6773
1991-06-06,24.6176
1991-06-07,24.3786
1991-06-10,24.4682
1991-06-11,24.4383
1991-06-12,24.2591
1991-06-13,24.05
1991-06-14,23.9902
1991-06-17,23.7811
1991-06-18,24.1097
1991-06-19,24.1396
1991-06-20,23.6914
1991-06-21,23.8109
1991-06-24,23.5122
1991-06-25,23.7512
1991-06-26,23.5719
1991-06-27,23.3329
1991-06-28,23.2134
1991-07-01,23.5122
1991-07-02,23.6914
1991-07-03,23.4524
1991-07-05,23.5719
1991-07-08,24.0201
1991-07-09,23.7811
1991-07-10,23.6018
1991-07-11,23.4823
1991-07-12,23.7512
1991-07-15,23.7213
1991-07-16,23.0939
1991-07-17,23.0043
1991-07-18,23.4823
1991-07-19,24.0201
1991-07-22,24.3786
1991-07-23,24.05
1991-07-24,24.0798
1991-07-25,24.0201
1991-07-26,24.0201
1991-07-29,24.2292
1991-07-30,24.289
1991-07-31,24.1993
1991-08-01,24.1993
1991-08-02,23.9902
1991-08-05,24.1396
1991-08-06,23.9902
1991-08-07,23.6616
1991-08-08,23.7213
1991-08-09,23.6317
1991-08-12,23.5719
1991-08-13,23.6616
1991-08-14,23.5421
1991-08-15,23.5122
1991-08-16,23.0641
1991-08-19,22.7055
1991-08-20,22.8848
1991-08-21,22.8549
1991-08-22,22.5562
1991-08-23,22.6757
1991-08-26,22.7354
1991-08-27,22.7653
1991-08-28,22.586
1991-08-29,22.825
1991-08-30,23.1537
1991-09-03,23.4226
1991-09-04,23.5719
1991-09-05,23.4823
1991-09-06,23.7512
1991-09-09,24.1396
1991-09-10,23.8109
1991-09-11,24.2292
1991-09-12,24.8566
1991-09-13,24.5877
1991-09-16,24.767
1991-09-17,25.0657
1991-09-18,25.1852
1991-09-19,25.0657
1991-09-20,24.9163
1991-09-23,25.006
1991-09-24,25.3047
1991-09-25,25.0956
1991-09-26,25.0657
1991-09-27,24.4383
1991-09-30,24.767
1991-10-01,24.528
1991-10-02,24.1695
1991-10-03,23.6616
1991-10-04,23.4823
1991-10-07,23.6317
1991-10-08,23.4226
1991-10-09,23.2433
1991-10-10,23.8408
1991-10-11,23.8707
1991-10-14,24.1993
1991-10-15,24.9163
1991-10-16,24.289
1991-10-17,23.8707
1991-10-18,23.9902
1991-10-21,23.9603
1991-10-22,23.5421
1991-10-23,23.5421
1991-10-24,23.4823
1991-10-25,23.4226
1991-10-28,23.4823
1991-10-29,23.6317
1991-10-30,23.9603
1991-10-31,23.4823
1991-11-01,23.5122
1991-11-04,23.1836
1991-11-05,23.0939
1991-11-06,23.0939
1991-11-07,23.8707
1991-11-08,23.9603
1991-11-11,23.9304
1991-11-12,23.7512
1991-11-13,23.6317
1991-11-14,23.9006
1991-11-15,23.0043
1991-11-18,23.2433
1991-11-19,23.0641
1991-11-20,22.825
1991-11-21,22.7952
1991-11-22,22.6458
1991-11-25,22.7354
1991-11-26,23.3927
1991-11-27,22.5263
1991-11-29,22.108
1991-12-02,22.0483
1991-12-03,21.8093
1991-12-04,21.5105
1991-12-05,21.5703
1991-12-06,21.2715
1991-12-09,20.3454
1991-12-10,20.6142
1991-12-11,20.9728
1991-12-12,21.1819
1991-12-13,21.0325
1991-12-16,20.7636
1991-12-17,20.435
1991-12-18,20.6142
1991-12-19,20.2856
1991-12-20,20.4947
1991-12-23,21.0923
1991-12-24,21.0923
1991-12-26,21.0923
1991-12-27,21.3611
1991-12-30,21.6001
1991-12-31,21.2715
1992-01-02,21.5703
1992-01-03,21.6001
1992-01-06,22.0483
1992-01-07,22.6159
1992-01-08,22.0782
1992-01-09,21.8093
1992-01-10,21.7196
1992-01-13,21.5703
1992-01-14,22.0782
1992-01-15,22.7952
1992-01-16,22.825
1992-01-17,23.0342
1992-01-20,22.7653
1992-01-21,22.1977
1992-01-22,22.8549
1992-01-23,22.347
1992-01-24,22.2574
1992-01-27,22.4068
1992-01-28,22.2873
1992-01-29,21.9587
1992-01-30,21.9288
1992-01-31,21.5105
1992-02-03,21.8391
1992-02-04,22.0483
1992-02-05,21.8093
1992-02-06,21.4806
1992-02-07,21.3313
1992-02-10,21.4508
1992-02-11,21.5703
1992-02-12,22.0184
1992-02-13,21.6898
1992-02-14,21.4508
1992-02-18,21.4209
1992-02-19,21.4209
1992-02-20,21.4508
1992-02-21,21.4806
1992-02-24,21.3611
1992-02-25,21.0923
1992-02-26,21.0923
1992-02-27,20.9728
1992-02-28,20.7636
1992-03-02,20.913
1992-03-03,21.0923
1992-03-04,20.8831
1992-03-05,20.7039
1992-03-06,20.6441
1992-03-09,20.8831
1992-03-10,21.0026
1992-03-11,20.9728
1992-03-12,21.3014
1992-03-13,21.4209
1992-03-16,21.2118
1992-03-17,20.9429
1992-03-18,20.913
1992-03-19,20.5246
1992-03-20,20.5844
1992-03-23,20.4649
1992-03-24,20.3752
1992-03-25,20.3454
1992-03-26,20.1064
1992-03-27,19.8972
1992-03-30,19.9271
1992-03-31,19.957
1992-04-01,19.8076
1992-04-02,19.6582
1992-04-03,19.5387
1992-04-06,19.8674
1992-04-07,19.6881
1992-04-08,20.2856
1992-04-09,20.3454
1992-04-10,20.5545
1992-04-13,20.913
1992-04-14,21.0923
1992-04-15,21.152
1992-04-16,21.1819
1992-04-20,21.391
1992-04-21,21.5105
1992-04-22,21.5404
1992-04-23,21.3313
1992-04-24,21.0624
1992-04-27,21.0624
1992-04-28,21.152
1992-04-29,21.0624
1992-04-30,21.6898
1992-05-01,21.6599
1992-05-04,22.108
1992-05-05,22.4367
1992-05-06,22.3172
1992-05-07,22.4068
1992-05-08,22.2574
1992-05-11,22.4367
1992-05-12,22.347
1992-05-13,22.0782
1992-05-14,21.9288
1992-05-15,21.8989
1992-05-18,21.6898
1992-05-19,22.108
1992-05-20,21.8989
1992-05-21,21.869
1992-05-22,21.9288
1992-05-26,21.63
1992-05-27,21.7196
1992-05-28,21.7794
1992-05-29,21.6898
1992-06-01,21.6599
1992-06-02,21.6599
1992-06-03,21.4508
1992-06-04,21.2715
1992-06-05,21.6001
1992-06-08,21.7495
1992-06-09,21.6599
1992-06-10,21.5404
1992-06-11,21.9885
1992-06-12,22.2275
1992-06-15,22.4964
1992-06-16,22.2574
1992-06-17,22.1379
1992-06-18,22.586
1992-06-19,22.7055
1992-06-22,22.7653
1992-06-23,22.9147
1992-06-24,23.3329
1992-06-25,23.2134
1992-06-26,23.2433
1992-06-29,23.5719
1992-06-30,23.3927
1992-07-01,23.4823
1992-07-02,23.1537
1992-07-06,23.4524
1992-07-07,23.1238
1992-07-08,23.3927
1992-07-09,23.3031
1992-07-10,23.3329
1992-07-13,23.3927
1992-07-14,23.3927
1992-07-15,23.7213
1992-07-16,23.9603
1992-07-17,22.7055
1992-07-20,22.1977
1992-07-21,22.4068
1992-07-22,22.108
1992-07-23,22.1678
1992-07-24,22.1678
1992-07-27,22.0782
1992-07-28,22.4068
1992-07-29,22.5562
1992-07-30,22.7952
1992-07-31,22.6458
1992-08-03,22.6757
1992-08-04,22.5263
1992-08-05,21.8989
1992-08-06,21.0923
1992-08-07,20.8234
1992-08-10,21.152
1992-08-11,21.0325
1992-08-12,21.1221
1992-08-13,21.0624
1992-08-14,21.1221
1992-08-17,21.1819
1992-08-18,21.0325
1992-08-19,20.7039
1992-08-20,20.5246
1992-08-21,20.5545
1992-08-24,20.3454
1992-08-25,20.8234
1992-08-26,20.6441
1992-08-27,20.8831
1992-08-28,20.8533
1992-08-31,20.7039
1992-09-01,20.9429
1992-09-02,20.913
1992-09-03,20.7039
1992-09-04,20.5545
1992-09-08,20.5844
1992-09-09,20.7636
1992-09-10,20.913
1992-09-11,21.0325
1992-09-14,21.1221
1992-09-15,20.435
1992-09-16,19.8674
1992-09-17,20.0167
1992-09-18,19.957
1992-09-21,20.1661
1992-09-22,19.8972
1992-09-23,19.9869
1992-09-24,19.718
1992-09-25,19.6582
1992-09-28,19.7777
1992-09-29,19.3595
1992-09-30,19.2997
1992-10-01,19.1503
1992-10-02,18.7619
1992-10-05,18.8516
1992-10-06,19.0607
1992-10-07,18.7321
1992-10-08,18.9711
1992-10-09,18.7619
1992-10-12,18.7619
1992-10-13,18.8217
1992-10-14,18.6424
1992-10-15,17.4175
1992-10-16,16.9097
1992-10-19,16.3719
1992-10-20,16.342
1992-10-21,16.3719
1992-10-22,16.3719
1992-10-23,16.5213
1992-10-26,16.1329
1992-10-27,15.7146
1992-10-28,16.0433
1992-10-29,15.7744
1992-10-30,15.9835
1992-11-02,16.4615
1992-11-03,16.5213
1992-11-04,16.3121
1992-11-05,15.7445
1992-11-06,15.8341
1992-11-09,16.1329
1992-11-10,15.7445
1992-11-11,15.5354
1992-11-12,15.3262
1992-11-13,15.5055
1992-11-16,15.5055
1992-11-17,15.3561
1992-11-18,15.0872
1992-11-19,14.6391
1992-11-20,14.8781
1992-11-23,15.1171
1992-11-24,15.5055
1992-11-25,15.625
1992-11-27,15.7744
1992-11-30,16.3121
1992-12-01,16.1926
1992-12-02,16.2225
1992-12-03,16.0731
1992-12-04,16.0134
1992-12-07,15.7445
1992-12-08,15.625
1992-12-09,14.9677
1992-12-10,14.7586
1992-12-11,14.908
1992-12-14,15.0275
1992-12-15,13.4142
1992-12-16,12.3984
1992-12-17,12.6673
1992-12-18,12.2789
1992-12-21,11.6814
1992-12-22,12.3685
1992-12-23,12.249
1992-12-24,12.6076
1992-12-28,12.3685
1992-12-29,11.8905
1992-12-30,11.9802
1992-12-31,12.0399
1993-01-04,11.9802
1993-01-05,11.6814
1993-01-06,11.4723
1993-01-07,11.2333
1993-01-08,11.1138
1993-01-11,11.4125
1993-01-12,11.6515
1993-01-13,11.4125
1993-01-14,11.6515
1993-01-15,11.532
1993-01-18,11.8308
1993-01-19,11.5619
1993-01-20,11.2034
1993-01-21,11.0839
1993-01-22,11.6217
1993-01-25,11.6814
1993-01-26,11.7113
1993-01-27,11.8607
1993-01-28,12.01
1993-01-29,12.3088
1993-02-01,12.5777
1993-02-02,12.4582
1993-02-03,12.2192
1993-02-04,12.2789
1993-02-05,12.4283
1993-02-08,12.6374
1993-02-09,12.7569
1993-02-10,12.4881
1993-02-11,12.2192
1993-02-12,12.1295
1993-02-16,11.9503
1993-02-17,12.0698
1993-02-18,12.0698
1993-02-19,12.0698
1993-02-22,12.249
1993-02-23,12.2192
1993-02-24,12.3984
1993-02-25,12.8466
1993-02-26,12.9959
1993-03-01,13.0856
1993-03-02,12.9661
1993-03-03,13.2051
1993-03-04,13.1154
1993-03-05,13.2051
1993-03-08,13.4142
1993-03-09,13.5337
1993-03-10,13.3544
1993-03-11,13.1154
1993-03-12,13.2947
1993-03-15,13.1453
1993-03-16,13.1752
1993-03-17,13.0258
1993-03-18,13.0557
1993-03-19,12.8466
1993-03-22,12.8167
1993-03-23,12.9661
1993-03-24,12.2192
1993-03-25,12.0698
1993-03-26,12.2789
1993-03-29,12.3685
1993-03-30,11.9503
1993-03-31,12.1594
1993-04-01,12.3984
1993-04-02,12.5777
1993-04-05,12.5777
1993-04-06,12.4283
1993-04-07,12.4881
1993-04-08,12.01
1993-04-12,12.1893
1993-04-13,11.8009
1993-04-14,11.7113
1993-04-15,11.6515
1993-04-16,11.7113
1993-04-19,11.771
1993-04-20,12.0997
1993-04-21,11.7412
1993-04-22,11.5918
1993-04-23,11.4125
1993-04-26,11.5619
1993-04-27,11.5619
1993-04-28,11.9204
1993-04-29,11.6814
1993-04-30,11.6217
1993-05-03,11.771
1993-05-04,11.771
1993-05-05,11.8009
1993-05-06,11.532
1993-05-07,11.6217
1993-05-10,11.6814
1993-05-11,11.6814
1993-05-12,11.4723
1993-05-13,11.3528
1993-05-14,11.4424
1993-05-17,11.3826
1993-05-18,11.7113
1993-05-19,11.8607
1993-05-20,11.771
1993-05-21,11.5619
1993-05-24,11.8905
1993-05-25,12.0399
1993-05-26,12.6076
1993-05-27,12.7271
1993-05-28,12.6076
1993-06-01,12.4283
1993-06-02,12.8764
1993-06-03,12.8764
1993-06-04,12.9063
1993-06-07,12.4881
1993-06-08,12.4881
1993-06-09,12.6374
1993-06-10,12.5478
1993-06-11,12.5478
1993-06-14,12.4283
1993-06-15,11.9204
1993-06-16,12.0399
1993-06-17,11.8607
1993-06-18,11.8009
1993-06-21,11.771
1993-06-22,11.771
1993-06-23,11.6217
1993-06-24,11.6515
1993-06-25,11.8905
1993-06-28,12.0399
1993-06-29,11.8009
1993-06-30,11.8009
1993-07-01,11.771
1993-07-02,11.532
1993-07-06,11.2034
1993-07-07,11.1436
1993-07-08,11.1436
1993-07-09,11.1436
1993-07-12,11.5022
1993-07-13,11.3826
1993-07-14,11.3229
1993-07-15,11.3528
1993-07-16,10.9046
1993-07-19,10.4266
1993-07-20,10.2474
1993-07-21,10.4266
1993-07-22,10.3669
1993-07-23,10.098
1993-07-26,10.1279
1993-07-27,10.9046
1993-07-28,10.5163
1993-07-29,10.4864
1993-07-30,10.6358
1993-08-02,10.4864
1993-08-03,10.3669
1993-08-04,10.6059
1993-08-05,10.4565
1993-08-06,10.3669
1993-08-09,10.3071
1993-08-10,10.337
1993-08-11,10.098
1993-08-12,9.9785
1993-08-13,9.9486
1993-08-16,9.7992
1993-08-17,10.2772
1993-08-18,10.2175
1993-08-19,10.2772
1993-08-20,10.3071
1993-08-23,10.6059
1993-08-24,10.4864
1993-08-25,10.5163
1993-08-26,10.5163
1993-08-27,10.5461
1993-08-30,10.6656
1993-08-31,10.9345
1993-09-01,10.9644
1993-09-02,10.9943
1993-09-03,10.9345
1993-09-07,10.8748
1993-09-08,10.6059
1993-09-09,10.6059
1993-09-10,10.4565
1993-09-13,10.4864
1993-09-14,10.3968
1993-09-15,10.4266
1993-09-16,10.3968
1993-09-17,10.3669
1993-09-20,10.098
1993-09-21,10.0681
1993-09-22,10.0084
1993-09-23,10.0084
1993-09-24,9.9785
1993-09-27,9.9785
1993-09-28,9.9785
1993-09-29,9.9486
1993-09-30,10.0382
1993-10-01,10.4864
1993-10-04,10.576
1993-10-05,10.4565
1993-10-06,10.5163
1993-10-07,10.5163
1993-10-08,10.576
1993-10-11,10.5461
1993-10-12,10.4565
1993-10-13,10.3071
1993-10-14,10.1876
1993-10-15,10.6358
1993-10-18,10.5163
1993-10-19,10.3669
1993-10-20,10.4266
1993-10-21,10.7553
1993-10-22,10.6358
1993-10-25,10.7254
1993-10-26,11.054
1993-10-27,10.9943
1993-10-28,10.9345
1993-10-29,10.9943
1993-11-01,11.4125
1993-11-02,12.1594
1993-11-03,12.1295
1993-11-04,11.8905
1993-11-05,11.9204
1993-11-08,12.01
1993-11-09,11.7412
1993-11-10,11.9204
1993-11-11,12.4283
1993-11-12,12.3387
1993-11-15,12.1893
1993-11-16,12.6076
1993-11-17,12.3984
1993-11-18,12.6076
1993-11-19,12.3984
1993-11-22,12.4283
1993-11-23,12.6972
1993-11-24,13.1752
1993-11-26,13.3246
1993-11-29,12.9959
1993-11-30,12.8764
1993-12-01,12.6972
1993-12-02,12.8466
1993-12-03,12.7868
1993-12-06,12.8466
1993-12-07,12.8466
1993-12-08,12.8764
1993-12-09,12.8167
1993-12-10,13.2051
1993-12-13,13.713
1993-12-14,13.4142
1993-12-15,13.5935
1993-12-16,13.7428
1993-12-17,14.2806
1993-12-20,13.952
1993-12-21,14.0117
1993-12-22,14.1611
1993-12-23,14.0117
1993-12-27,14.1312
1993-12-28,13.952
1993-12-29,13.8922
1993-12-30,13.6233
1993-12-31,13.5038
1994-01-03,13.7727
1994-01-04,14.1013
1994-01-05,14.2208
1994-01-06,13.9818
1994-01-07,14.0715
1994-01-10,14.1611
1994-01-11,14.0117
1994-01-12,13.8922
1994-01-13,14.0416
1994-01-14,14.0117
1994-01-17,13.7428
1994-01-18,13.6532
1994-01-19,13.3843
1994-01-20,13.2051
1994-01-21,13.2051
1994-01-24,14.0117
1994-01-25,13.9221
1994-01-26,13.4739
1994-01-27,13.6532
1994-01-28,13.8026
1994-01-31,13.5038
1994-02-01,13.5038
1994-02-02,13.4739
1994-02-03,13.3246
1994-02-04,12.4283
1994-02-07,12.9661
1994-02-08,12.8167
1994-02-09,12.6972
1994-02-10,12.6374
1994-02-11,12.7271
1994-02-14,12.9063
1994-02-15,13.0258
1994-02-16,13.0557
1994-02-17,12.6076
1994-02-18,12.5777
1994-02-22,12.8167
1994-02-23,12.7868
1994-02-24,12.6374
1994-02-25,12.6374
1994-02-28,12.6374
1994-03-01,12.8167
1994-03-02,12.6673
1994-03-03,12.5777
1994-03-04,12.5777
1994-03-07,12.4881
1994-03-08,13.0856
1994-03-09,13.2349
1994-03-10,13.3843
1994-03-11,13.3544
1994-03-14,13.7428
1994-03-15,13.713
1994-03-16,13.9221
1994-03-17,13.8325
1994-03-18,13.6532
1994-03-21,14.0117
1994-03-22,13.9221
1994-03-23,13.6831
1994-03-24,13.4739
1994-03-25,12.9063
1994-03-28,12.8167
1994-03-29,12.5777
1994-03-30,12.7868
1994-03-31,13.0557
1994-04-04,12.6673
1994-04-05,12.7569
1994-04-06,12.6972
1994-04-07,12.6972
1994-04-08,12.5478
1994-04-11,12.6673
1994-04-12,12.6374
1994-04-13,12.5179
1994-04-14,12.8764
1994-04-15,12.6673
1994-04-18,12.7569
1994-04-19,12.7569
1994-04-20,12.4881
1994-04-21,13.952
1994-04-22,14.0416
1994-04-25,14.1611
1994-04-26,13.9818
1994-04-28,13.6532
1994-04-29,13.7428
1994-05-02,13.8623
1994-05-03,13.952
1994-05-04,13.8026
1994-05-05,13.6532
1994-05-06,13.5038
1994-05-09,13.6233
1994-05-10,13.8623
1994-05-11,13.6831
1994-05-12,13.6831
1994-05-13,13.7428
1994-05-16,13.9818
1994-05-17,14.6391
1994-05-18,14.5196
1994-05-19,14.669
1994-05-20,14.8482
1994-05-23,14.7586
1994-05-24,15.0872
1994-05-25,15.2067
1994-05-26,15.2964
1994-05-27,15.2067
1994-05-31,15.0574
1994-06-01,15.1769
1994-06-02,14.8184
1994-06-03,14.5794
1994-06-06,14.9677
1994-06-07,14.9677
1994-06-08,14.7287
1994-06-09,14.8184
1994-06-10,14.9677
1994-06-13,15.2366
1994-06-14,15.5354
1994-06-15,15.2366
1994-06-16,15.0275
1994-06-17,14.908
1994-06-20,14.7287
1994-06-21,14.5794
1994-06-22,14.8184
1994-06-23,14.5495
1994-06-24,14.3105
1994-06-27,14.6989
1994-06-28,14.6092
1994-06-29,14.43
1994-06-30,14.0416
1994-07-01,13.6233
1994-07-05,13.4441
1994-07-06,13.6233
1994-07-07,13.5636
1994-07-08,13.5337
1994-07-11,13.2947
1994-07-12,13.3544
1994-07-13,13.5636
1994-07-14,13.9221
1994-07-15,13.5935
1994-07-18,13.5935
1994-07-19,13.2947
1994-07-20,13.3544
1994-07-21,14.908
1994-07-22,14.669
1994-07-25,14.8781
1994-07-26,14.908
1994-07-27,14.9379
1994-07-28,14.8781
1994-07-29,14.7885
1994-08-01,15.0275
1994-08-02,14.8781
1994-08-03,15.0574
1994-08-04,15.0872
1994-08-05,14.908
1994-08-08,15.1171
1994-08-09,15.4159
1994-08-10,15.3262
1994-08-11,15.4457
1994-08-12,15.2366
1994-08-15,15.386
1994-08-16,15.4457
1994-08-17,15.5055
1994-08-18,15.8341
1994-08-19,16.2823
1994-08-22,16.1926
1994-08-23,16.1628
1994-08-24,16.103
1994-08-25,16.581
1994-08-26,16.7304
1994-08-29,16.581
1994-08-30,16.581
1994-08-31,16.3719
1994-09-01,16.2225
1994-09-02,16.0731
1994-09-06,16.1329
1994-09-07,16.1329
1994-09-08,16.2225
1994-09-09,16.0731
1994-09-12,16.2225
1994-09-13,16.5511
1994-09-14,16.6707
1994-09-15,16.6707
1994-09-16,16.9694
1994-09-19,16.82
1994-09-20,16.7902
1994-09-21,16.6109
1994-09-22,16.6408
1994-09-23,16.5213
1994-09-26,16.4914
1994-09-27,16.4914
1994-09-28,16.3719
1994-09-29,16.6109
1994-09-30,16.6408
1994-10-03,16.4615
1994-10-04,16.342
1994-10-05,16.5213
1994-10-06,16.4316
1994-10-07,16.9993
1994-10-10,17.0889
1994-10-11,17.1188
1994-10-12,17.4773
1994-10-13,17.2682
1994-10-14,17.4773
1994-10-17,17.5072
1994-10-18,17.8059
1994-10-19,18.0151
1994-10-20,17.9254
1994-10-21,17.8358
1994-10-24,17.4474
1994-10-25,17.6565
1994-10-26,17.7761
1994-10-27,17.7163
1994-10-28,18.1943
1994-10-31,17.8059
1994-11-01,17.6565
1994-11-02,17.7462
1994-11-03,17.5669
1994-11-04,16.9993
1994-11-07,17.1785
1994-11-08,17.4474
1994-11-09,17.6864
1994-11-10,17.2084
1994-11-11,17.298
1994-11-14,17.4175
1994-11-15,17.4773
1994-11-16,17.3877
1994-11-17,17.4773
1994-11-18,17.5072
1994-11-21,17.4175
1994-11-22,16.6707
1994-11-23,16.7304
1994-11-25,16.9097
1994-11-28,16.8798
1994-11-29,16.8798
1994-11-30,16.9097
1994-12-01,16.6109
1994-12-02,17.059
1994-12-05,17.059
1994-12-06,17.1188
1994-12-07,17.0292
1994-12-08,16.7603
1994-12-09,17.0889
1994-12-12,16.8798
1994-12-13,16.6707
1994-12-14,16.7902
1994-12-15,16.8499
1994-12-16,16.7603
1994-12-19,17.1188
1994-12-20,16.9097
1994-12-21,17.5968
1994-12-22,17.5669
1994-12-23,17.5669
1994-12-27,17.7462
1994-12-28,17.4474
1994-12-29,17.7761
1994-12-30,17.5669
1995-01-03,17.6267
1995-01-04,17.7761
1995-01-05,17.6864
1995-01-06,17.9553
1995-01-09,18.0449
1995-01-10,18.3138
1995-01-11,18.1644
1995-01-12,18.1644
1995-01-13,18.2541
1995-01-16,18.5229
1995-01-17,18.5229
1995-01-18,18.4632
1995-01-19,18.2839
1995-01-20,18.0151
1995-01-23,17.7462
1995-01-24,17.6864
1995-01-25,17.298
1995-01-26,17.298
1995-01-27,17.3279
1995-01-30,17.1487
1995-01-31,17.2383
1995-02-01,17.5968
1995-02-02,17.7761
1995-02-03,17.8358
1995-02-06,17.7761
1995-02-07,17.7462
1995-02-08,17.7462
1995-02-09,17.9254
1995-02-10,17.9254
1995-02-13,17.8956
1995-02-14,18.0748
1995-02-15,18.0748
1995-02-16,18.0449
1995-02-17,17.9254
1995-02-21,17.7462
1995-02-22,17.7462
1995-02-23,17.7462
1995-02-24,17.8956
1995-02-27,17.6864
1995-02-28,17.9852
1995-03-01,18.0151
1995-03-02,18.4632
1995-03-03,19.0906
1995-03-06,19.1802
1995-03-07,19.0607
1995-03-08,19.0607
1995-03-09,19.2698
1995-03-10,19.3893
1995-03-13,19.5985
1995-03-14,19.479
1995-03-15,19.5387
1995-03-16,19.957
1995-03-17,19.7478
1995-03-20,19.957
1995-03-21,19.6582
1995-03-22,19.5088
1995-03-23,19.9271
1995-03-24,19.9869
1995-03-27,20.3155
1995-03-28,20.196
1995-03-29,19.8375
1995-03-30,19.6881
1995-03-31,19.6283
1995-04-03,19.8076
1995-04-04,19.8375
1995-04-05,20.0765
1995-04-06,20.0466
1995-04-07,20.0765
1995-04-10,20.5545
1995-04-11,20.7337
1995-04-12,20.8234
1995-04-13,20.6441
1995-04-17,21.0026
1995-04-18,21.0923
1995-04-19,20.8234
1995-04-20,21.2715
1995-04-21,21.8989
1995-04-24,22.347
1995-04-25,22.3769
1995-04-26,22.7653
1995-04-27,23.1537
1995-04-28,22.6159
1995-05-01,22.0184
1995-05-02,22.1977
1995-05-03,22.5263
1995-05-04,22.4068
1995-05-05,22.2574
1995-05-08,22.4068
1995-05-09,22.3769
1995-05-10,22.4367
1995-05-11,22.5263
1995-05-12,22.5562
1995-05-15,22.7055
1995-05-16,22.6159
1995-05-17,22.6757
1995-05-18,22.2574
1995-05-19,22.3172
1995-05-22,22.7653
1995-05-23,23.2433
1995-05-24,22.9744
1995-05-25,23.1238
1995-05-26,22.7055
1995-05-30,22.1379
1995-05-31,22.2275
1995-06-01,22.5263
1995-06-02,22.4367
1995-06-05,21.8093
1995-06-06,21.8391
1995-06-07,21.4806
1995-06-08,21.3611
1995-06-09,21.3014
1995-06-12,21.5703
1995-06-13,21.9288
1995-06-14,22.2275
1995-06-15,22.2275
1995-06-16,22.1379
1995-06-19,22.4068
1995-06-20,23.3628
1995-06-21,23.2134
1995-06-22,23.3031
1995-06-23,23.5719
1995-06-26,23.4823
1995-06-27,22.7952
1995-06-28,22.9744
1995-06-29,23.1836
1995-06-30,22.9446
1995-07-03,23.3329
1995-07-05,23.1238
1995-07-06,23.6317
1995-07-07,23.7811
1995-07-10,24.05
1995-07-11,23.8408
1995-07-12,24.289
1995-07-13,24.7968
1995-07-14,24.8267
1995-07-17,25.6334
1995-07-18,25.5736
1995-07-19,24.1993
1995-07-20,24.8865
1995-07-21,24.767
1995-07-24,25.6931
1995-07-25,25.9022
1995-07-26,26.0516
1995-07-27,26.4699
1995-07-28,26.44
1995-07-31,26.0217
1995-08-01,26.201
1995-08-02,25.6931
1995-08-03,26.0516
1995-08-04,25.962
1995-08-07,26.0217
1995-08-08,26.201
1995-08-09,26.2608
1995-08-10,26.0815
1995-08-11,26.1114
1995-08-14,26.4699
1995-08-15,26.7686
1995-08-16,26.8583
1995-08-17,27.157
1995-08-18,26.6193
1995-08-21,25.5139
1995-08-22,25.723
1995-08-23,25.484
1995-08-24,25.0657
1995-08-25,24.8267
1995-08-28,24.289
1995-08-29,24.4682
1995-08-30,24.289
1995-08-31,24.7072
1995-09-01,24.5578
1995-09-05,24.1695
1995-09-06,24.0798
1995-09-07,23.7512
1995-09-08,23.6317
1995-09-11,23.0342
1995-09-12,23.3031
1995-09-13,22.6159
1995-09-14,22.3172
1995-09-15,22.0483
1995-09-18,22.4964
1995-09-19,23.1238
1995-09-20,22.8848
1995-09-21,22.5562
1995-09-22,22.4367
1995-09-25,22.1678
1995-09-26,22.1977
1995-09-27,22.5562
1995-09-28,22.4367
1995-09-29,22.586
1995-10-02,22.347
1995-10-03,22.6757
1995-10-04,22.4068
1995-10-05,22.586
1995-10-06,22.4964
1995-10-09,21.9885
1995-10-10,21.6898
1995-10-11,22.108
1995-10-12,22.2275
1995-10-13,22.108
1995-10-16,22.4665
1995-10-17,23.1537
1995-10-18,23.0342
1995-10-19,23.4823
1995-10-20,22.7952
1995-10-23,23.6616
1995-10-24,23.4226
1995-10-25,22.9744
1995-10-26,22.9147
1995-10-27,23.0641
1995-10-30,23.4823
1995-10-31,23.2433
1995-11-01,23.1537
1995-11-02,23.8109
1995-11-03,24.2591
1995-11-06,24.0201
1995-11-07,23.6018
1995-11-08,23.3628
1995-11-09,23.5122
1995-11-10,23.2732
1995-11-13,23.2732
1995-11-14,22.7952
1995-11-15,22.825
1995-11-16,22.8549
1995-11-17,22.7354
1995-11-20,22.2275
1995-11-21,22.586
1995-11-22,22.7653
1995-11-24,22.9147
1995-11-27,22.9147
1995-11-28,23.1836
1995-11-29,23.2134
1995-11-30,23.0939
1995-12-01,22.6458
1995-12-04,22.9744
1995-12-05,22.8848
1995-12-06,22.8848
1995-12-07,22.6458
1995-12-08,23.1537
1995-12-11,23.0043
1995-12-12,22.7952
1995-12-13,22.586
1995-12-14,22.4068
1995-12-15,21.5703
1995-12-18,21.2715
1995-12-19,21.9587
1995-12-20,21.3611
1995-12-21,21.7196
1995-12-22,21.8093
1995-12-26,21.9288
1995-12-27,21.9885
1995-12-28,21.5404
1995-12-29,21.8391
1996-01-02,21.7196
1996-01-03,21.3313
1996-01-04,20.7636
1996-01-05,21.1819
1996-01-08,21.3014
1996-01-09,20.7337
1996-01-10,20.8533
1996-01-11,20.8533
1996-01-12,20.6441
1996-01-15,19.8674
1996-01-16,20.7935
1996-01-17,20.9429
1996-01-18,23.0043
1996-01-19,24.3786
1996-01-22,24.4383
1996-01-23,24.6176
1996-01-24,25.5736
1996-01-25,24.8865
1996-01-26,25.0359
1996-01-29,25.4541
1996-01-30,25.962
1996-01-31,25.9321
1996-02-01,26.0516
1996-02-02,26.201
1996-02-05,26.8284
1996-02-06,27.4259
1996-02-07,26.918
1996-02-08,27.1272
1996-02-09,27.1272
1996-02-12,27.5454
1996-02-13,27.157
1996-02-14,27.3064
1996-02-15,28.1131
1996-02-16,28.2027
1996-02-20,28.4716
1996-02-21,28.7404
1996-02-22,29.6666
1996-02-23,30.0251
1996-02-26,29.8458
1996-02-27,30.772
1996-02-28,30.4434
1996-02-29,29.3081
1996-03-01,28.2326
1996-03-04,27.7545
1996-03-05,28.4417
1996-03-06,27.9637
1996-03-07,27.9935
1996-03-08,27.3064
1996-03-11,28.0234
1996-03-12,27.3064
1996-03-13,27.6948
1996-03-14,27.9338
1996-03-15,28.6508
1996-03-18,29.7861
1996-03-19,29.0989
1996-03-20,27.9637
1996-03-21,27.4558
1996-03-22,27.3064
1996-03-25,25.9919
1996-03-26,26.4699
1996-03-27,26.5894
1996-03-28,26.2309
1996-03-29,26.5894
1996-04-01,26.3803
1996-04-02,28.1131
1996-04-03,28.6209
1996-04-04,28.1429
1996-04-08,28.5313
1996-04-09,28.1728
1996-04-10,27.7247
1996-04-11,28.0832
1996-04-12,26.6491
1996-04-15,27.2765
1996-04-16,27.6052
1996-04-17,25.1554
1996-04-18,25.2151
1996-04-19,25.1852
1996-04-22,25.6334
1996-04-23,25.5736
1996-04-24,25.5139
1996-04-25,25.8724
1996-04-26,25.7529
1996-04-29,25.962
1996-04-30,25.7529
1996-05-01,25.7827
1996-05-02,25.7827
1996-05-03,25.8425
1996-05-06,25.5736
1996-05-07,25.3047
1996-05-08,25.3047
1996-05-09,25.5736
1996-05-10,25.4242
1996-05-13,25.723
1996-05-14,25.962
1996-05-15,26.0516
1996-05-16,25.962
1996-05-17,26.4998
1996-05-20,26.7985
1996-05-21,26.5296
1996-05-22,26.3803
1996-05-23,26.1114
1996-05-24,25.9919
1996-05-28,25.8724
1996-05-29,25.5437
1996-05-30,25.6334
1996-05-31,25.5139
1996-06-03,25.1852
1996-06-04,25.3047
1996-06-05,25.0657
1996-06-06,24.1993
1996-06-07,24.3188
1996-06-10,24.528
1996-06-11,24.6475
1996-06-12,24.6176
1996-06-13,24.6773
1996-06-14,24.289
1996-06-17,24.4981
1996-06-18,24.1993
1996-06-19,24.4085
1996-06-20,24.0798
1996-06-21,23.5719
1996-06-24,23.8109
1996-06-25,23.8408
1996-06-26,23.5719
1996-06-27,23.6317
1996-06-28,23.6616
1996-07-01,24.2591
1996-07-02,23.9006
1996-07-03,23.5421
1996-07-05,23.3927
1996-07-08,23.5122
1996-07-09,23.6616
1996-07-10,23.6317
1996-07-11,22.9446
1996-07-12,22.7802
1996-07-15,21.7196
1996-07-16,22.8848
1996-07-17,22.4964
1996-07-18,22.5263
1996-07-19,22.4068
1996-07-22,22.108
1996-07-23,21.5703
1996-07-24,21.9288
1996-07-25,24.767
1996-07-26,24.8267
1996-07-29,25.0359
1996-07-30,25.6632
1996-07-31,25.6931
1996-08-01,25.6334
1996-08-02,26.0217
1996-08-05,26.1114
1996-08-06,26.201
1996-08-07,26.918
1996-08-08,27.1272
1996-08-09,26.8583
1996-08-12,26.7985
1996-08-13,26.1413
1996-08-14,26.5894
1996-08-15,26.4998
1996-08-16,26.2906
1996-08-19,26.2906
1996-08-20,26.4101
1996-08-21,26.8284
1996-08-22,26.918
1996-08-23,27.0076
1996-08-26,26.8881
1996-08-27,26.7089
1996-08-28,27.4857
1996-08-29,27.5155
1996-08-30,27.3363
1996-09-03,27.5454
1996-09-04,27.396
1996-09-05,27.0375
1996-09-06,27.6052
1996-09-09,28.1131
1996-09-10,28.2326
1996-09-11,28.2027
1996-09-12,28.0234
1996-09-13,29.1886
1996-09-16,29.338
1996-09-17,29.5471
1996-09-18,29.7562
1996-09-19,29.5172
1996-09-20,29.3977
1996-09-23,29.6965
1996-09-24,29.6666
1996-09-25,30.2342
1996-09-26,29.7263
1996-09-27,29.816
1996-09-30,29.7562
1996-10-01,29.577
1996-10-02,30.0848
1996-10-03,29.8757
1996-10-04,30.2641
1996-10-07,30.5629
1996-10-08,30.6824
1996-10-09,30.1745
1996-10-10,30.533
1996-10-11,31.0409
1996-10-14,31.0707
1996-10-15,30.9512
1996-10-16,30.5031
1996-10-17,30.0251
1996-10-18,30.9214
1996-10-21,31.1006
1996-10-22,30.3537
1996-10-23,30.8915
1996-10-24,30.4434
1996-10-25,30.2342
1996-10-28,30.4434
1996-10-29,30.0251
1996-10-30,30.2043
1996-10-31,30.8317
1996-11-01,30.4732
1996-11-04,30.772
1996-11-05,31.1305
1996-11-06,31.8774
1996-11-07,31.967
1996-11-08,32.1164
1996-11-11,32.1463
1996-11-12,31.8475
1996-11-13,32.206
1996-11-14,32.7139
1996-11-15,34.6558
1996-11-18,35.0741
1996-11-19,36.8368
1996-11-20,36.4782
1996-11-21,36.8368
1996-11-22,37.8824
1996-11-25,37.6733
1996-11-26,37.7629
1996-11-27,37.7928
1996-11-29,38.0915
1996-12-02,38.9579
1996-12-03,38.8683
1996-12-04,38.7189
1996-12-05,37.8824
1996-12-06,37.1953
1996-12-09,38.2409
1996-12-10,37.7032
1996-12-11,37.3148
1996-12-12,36.2392
1996-12-13,36.538
1996-12-16,35.5222
1996-12-17,36.299
1996-12-18,37.9123
1996-12-19,37.7928
1996-12-20,36.9563
1996-12-23,36.8666
1996-12-24,37.2251
1996-12-26,37.2251
1996-12-27,37.0758
1996-12-30,36.7173
1996-12-31,36.2094
1997-01-02,36.6276
1997-01-03,38.0318
1997-01-06,38.5397
1997-01-07,39.0476
1997-01-08,38.211
1997-01-09,38.6891
1997-01-10,38.9579
1997-01-13,39.1671
1997-01-14,39.9177
1997-01-15,39.3463
1997-01-16,39.5555
1997-01-17,39.4957
1997-01-20,39.914
1997-01-21,40.153
1997-01-22,37.7629
1997-01-23,36.2691
1997-01-24,35.9704
1997-01-27,34.8351
1997-01-28,36.0301
1997-01-29,37.3745
1997-01-30,37.5837
1997-01-31,37.494
1997-02-03,37.016
1997-02-04,36.7173
1997-02-05,35.5521
1997-02-06,34.8948
1997-02-07,35.5521
1997-02-10,34.1181
1997-02-11,34.7156
1997-02-12,34.6558
1997-02-13,34.9845
1997-02-14,34.6558
1997-02-18,34.7156
1997-02-19,34.3272
1997-02-20,33.7596
1997-02-21,32.8932
1997-02-24,34.387
1997-02-25,35.0143
1997-02-26,35.104
1997-02-27,34.1778
1997-02-28,34.3571
1997-03-03,34.6857
1997-03-04,34.626
1997-03-05,34.7753
1997-03-06,35.0442
1997-03-07,34.5961
1997-03-10,34.9247
1997-03-11,34.8948
1997-03-12,34.626
1997-03-13,34.1479
1997-03-14,34.3272
1997-03-17,33.3413
1997-03-18,33.3114
1997-03-19,32.9529
1997-03-20,32.7139
1997-03-21,31.6683
1997-03-24,32.684
1997-03-25,32.4749
1997-03-26,33.5206
1997-03-27,32.7438
1997-03-31,32.8035
1997-04-01,32.684
1997-04-02,31.967
1997-04-03,31.3396
1997-04-04,30.8915
1997-04-07,31.6683
1997-04-08,32.6542
1997-04-09,31.8176
1997-04-10,31.7878
1997-04-11,31.8774
1997-04-14,32.6243
1997-04-15,32.9529
1997-04-16,32.8633
1997-04-17,32.923
1997-04-18,33.4011
1997-04-21,32.8334
1997-04-22,33.4608
1997-04-23,34.0284
1997-04-24,36.7173
1997-04-25,36.0301
1997-04-28,35.9405
1997-04-29,37.8525
1997-04-30,38.3604
1997-05-01,38.5695
1997-05-02,38.7488
1997-05-05,39.7048
1997-05-06,39.5555
1997-05-07,38.7488
1997-05-08,40.0036
1997-05-09,40.0335
1997-05-12,41.4675
1997-05-13,41.4974
1997-05-14,41.5571
1997-05-15,41.5571
1997-05-16,40.631
1997-05-19,40.3322
1997-05-20,41.5272
1997-05-21,41.8559
1997-05-22,41.2285
1997-05-23,41.4376
1997-05-27,42.8418
1997-05-28,43.0808
1997-05-29,41.9455
1997-05-30,41.348
1997-06-02,41.6468
1997-06-03,40.3322
1997-06-04,39.8542
1997-06-05,39.6152
1997-06-06,40.9297
1997-06-09,41.5272
1997-06-10,41.2285
1997-06-11,41.6468
1997-06-12,42.1248
1997-06-13,42.543
1997-06-16,42.6625
1997-06-17,42.9613
1997-06-18,42.543
1997-06-19,42.8418
1997-06-20,42.9613
1997-06-23,41.9455
1997-06-24,43.8874
1997-06-25,43.9173
1997-06-26,43.3198
1997-06-27,43.6185
1997-06-30,43.1405
1997-07-01,43.8874
1997-07-02,44.6642
1997-07-03,45.3215
1997-07-07,45.1721
1997-07-08,45.7696
1997-07-09,45.9787
1997-07-10,45.7696
1997-07-11,45.7696
1997-07-14,45.5306
1997-07-15,45.8891
1997-07-16,46.6659
1997-07-17,47.6219
1997-07-18,49.9522
1997-07-21,49.5937
1997-07-22,49.2352
1997-07-23,50.251
1997-07-24,51.5356
1997-07-25,51.1472
1997-07-28,50.1912
1997-07-29,49.1754
1997-07-30,50.6692
1997-07-31,50.5497
1997-08-01,50.0717
1997-08-04,50.7887
1997-08-05,50.9082
1997-08-06,51.5655
1997-08-07,51.3265
1997-08-08,50.3107
1997-08-11,49.2352
1997-08-12,49.4443
1997-08-13,49.8924
1997-08-14,49.5339
1997-08-15,47.7713
1997-08-18,49.7132
1997-08-19,51.5954
1997-08-20,51.6252
1997-08-21,50.5497
1997-08-22,50.8485
1997-08-25,50.1912
1997-08-26,49.3846
1997-08-27,49.6534
1997-08-28,48.3389
1997-08-29,48.4584
1997-09-02,49.7431
1997-09-03,49.5041
1997-09-04,49.5937
1997-09-05,49.5339
1997-09-08,49.1754
1997-09-09,47.8011
1997-09-10,46.3671
1997-09-11,46.8451
1997-09-12,46.7256
1997-09-15,46.0086
1997-09-16,47.6219
1997-09-17,47.6219
1997-09-18,47.2036
1997-09-19,47.4426
1997-09-22,49.6534
1997-09-23,49.3547
1997-09-24,48.548
1997-09-25,48.5779
1997-09-26,49.0559
1997-09-29,50.1912
1997-09-30,50.6692
1997-10-01,49.4742
1997-10-02,49.9821
1997-10-03,49.8626
1997-10-06,50.1016
1997-10-07,51.0576
1997-10-08,50.3107
1997-10-09,50.012
1997-10-10,50.1613
1997-10-13,49.9522
1997-10-14,49.3846
1997-10-15,48.6078
1997-10-16,47.7414
1997-10-17,45.6202
1997-10-20,46.6061
1997-10-21,50.2808
1997-10-22,50.251
1997-10-23,47.9804
1997-10-24,46.8451
1997-10-27,43.021
1997-10-28,47.5024
1997-10-29,46.9646
1997-10-30,45.7995
1997-10-31,47.0841
1997-11-03,48.5779
1997-11-04,48.7273
1997-11-05,49.1157
1997-11-06,48.309
1997-11-07,47.5621
1997-11-10,46.6957
1997-11-11,47.3231
1997-11-12,46.1879
1997-11-13,47.3829
1997-11-14,48.5182
1997-11-17,49.4742
1997-11-18,48.8169
1997-11-19,49.2651
1997-11-20,50.0717
1997-11-21,50.4601
1997-11-24,49.2949
1997-11-25,51.3265
1997-11-26,52.4618
1997-11-28,52.3423
1997-12-01,53.8062
1997-12-02,52.9398
1997-12-03,52.7605
1997-12-04,52.2228
1997-12-05,53.6568
1997-12-08,53.9555
1997-12-09,52.7605
1997-12-10,50.9082
1997-12-11,48.5779
1997-12-12,47.9804
1997-12-15,48.2194
1997-12-16,49.5937
1997-12-17,48.7572
1997-12-18,47.8011
1997-12-19,48.8169
1997-12-22,49.0261
1997-12-23,47.1439
1997-12-24,47.3829
1997-12-26,48.6078
1997-12-29,49.1157
1997-12-30,49.2949
1997-12-31,50.012
1998-01-02,50.49
1998-01-05,50.8783
1998-01-06,50.3107
1998-01-07,49.8327
1998-01-08,49.8028
1998-01-09,47.831
1998-01-12,47.8609
1998-01-13,48.8169
1998-01-14,49.0559
1998-01-15,49.4443
1998-01-16,50.1912
1998-01-20,51.8045
1998-01-21,47.8609
1998-01-22,47.5024
1998-01-23,47.4128
1998-01-26,46.9049
1998-01-27,46.1281
1998-01-28,46.3671
1998-01-29,46.9347
1998-01-30,47.2036
1998-02-02,48.07
1998-02-03,47.5024
1998-02-04,46.9945
1998-02-05,47.592
1998-02-06,46.8451
1998-02-09,46.8451
1998-02-10,48.2194
1998-02-11,49.0858
1998-02-12,49.1754
1998-02-13,48.9364
1998-02-17,48.7572
1998-02-18,49.1157
1998-02-19,49.1157
1998-02-20,49.0559
1998-02-23,49.1754
1998-02-24,48.9962
1998-02-25,50.3107
1998-02-26,50.4302
1998-02-27,49.9223
1998-03-02,48.7273
1998-03-03,48.8169
1998-03-04,47.3231
1998-03-05,47.2933
1998-03-06,46.9049
1998-03-09,45.9489
1998-03-10,46.6061
1998-03-11,47.3829
1998-03-12,47.9207
1998-03-13,47.6219
1998-03-16,48.3987
1998-03-17,48.2194
1998-03-18,48.548
1998-03-19,49.1754
1998-03-20,48.787
1998-03-23,48.4584
1998-03-24,49.4742
1998-03-25,50.6692
1998-03-26,50.2211
1998-03-27,49.8924
1998-03-30,49.3547
1998-03-31,49.6534
1998-04-01,49.9223
1998-04-02,50.5796
1998-04-03,50.0418
1998-04-06,50.6692
1998-04-07,50.0418
1998-04-08,49.9522
1998-04-09,50.8485
1998-04-13,49.8028
1998-04-14,50.7887
1998-04-15,52.4618
1998-04-16,51.5356
1998-04-17,51.5057
1998-04-20,53.1489
1998-04-21,56.4054
1998-04-22,54.8518
1998-04-23,56.1663
1998-04-24,56.1066
1998-04-27,55.1207
1998-04-28,55.3
1998-04-29,55.2402
1998-04-30,55.3896
1998-05-01,55.8676
1998-05-04,55.7481
1998-05-05,56.3157
1998-05-06,56.0468
1998-05-07,55.9871
1998-05-08,57.3614
1998-05-11,57.0327
1998-05-12,57.1821
1998-05-13,58.2576
1998-05-14,60.1398
1998-05-15,59.7216
1998-05-18,59.5722
1998-05-19,59.7514
1998-05-20,59.0344
1998-05-21,59.0942
1998-05-22,58.2875
1998-05-26,57.8394
1998-05-27,57.4809
1998-05-28,57.3913
1998-05-29,56.1663
1998-06-01,56.017
1998-06-02,55.2402
1998-06-03,54.4336
1998-06-04,55.4792
1998-06-05,56.8236
1998-06-08,56.7937
1998-06-09,57.0029
1998-06-10,56.0468
1998-06-11,55.4493
1998-06-12,55.5688
1998-06-15,53.6568
1998-06-16,52.5813
1998-06-17,53.0593
1998-06-18,52.0136
1998-06-19,50.729
1998-06-22,51.685
1998-06-23,53.4178
1998-06-24,53.5373
1998-06-25,53.7464
1998-06-26,54.0153
1998-06-29,54.5531
1998-06-30,54.8817
1998-07-01,55.8078
1998-07-02,55.0609
1998-07-06,54.3439
1998-07-07,54.4336
1998-07-08,54.9713
1998-07-09,55.9572
1998-07-10,56.6444
1998-07-13,57.0626
1998-07-14,57.1821
1998-07-15,55.9273
1998-07-16,56.5846
1998-07-17,57.451
1998-07-20,58.3174
1998-07-21,61.2452
1998-07-22,60.9166
1998-07-23,59.2137
1998-07-24,59.3929
1998-07-27,59.9904
1998-07-28,59.9606
1998-07-29,61.1257
1998-07-30,63.7548
1998-07-31,63.3365
1998-08-03,63.456
1998-08-04,60.6178
1998-08-05,61.544
1998-08-06,62.022
1998-08-07,61.7232
1998-08-10,62.0817
1998-08-11,61.4245
1998-08-12,61.1855
1998-08-13,60.3191
1998-08-14,59.9307
1998-08-17,59.8112
1998-08-18,61.6037
1998-08-19,62.1116
1998-08-20,61.2153
1998-08-21,61.1257
1998-08-24,61.4543
1998-08-25,61.3946
1998-08-26,62.5597
1998-08-27,59.8709
1998-08-28,58.5863
1998-08-31,53.836
1998-09-01,56.3755
1998-09-02,57.6004
1998-09-03,58.1979
1998-09-04,57.0626
1998-09-08,60.1996
1998-09-09,59.0344
1998-09-10,58.5564
1998-09-11,60.4983
1998-09-14,61.7232
1998-09-15,62.1415
1998-09-16,62.3805
1998-09-17,60.588
1998-09-18,59.6021
1998-09-21,61.2751
1998-09-22,61.066
1998-09-23,63.1274
1998-09-24,62.4104
1998-09-25,63.8145
1998-09-28,63.8743
1998-09-29,62.8286
1998-09-30,61.4245
1998-10-01,59.9307
1998-10-02,59.6618
1998-10-05,57.4809
1998-10-06,57.0029
1998-10-07,57.7199
1998-10-08,59.0344
1998-10-09,60.8568
1998-10-12,62.5597
1998-10-13,61.2751
1998-10-14,62.3805
1998-10-15,65.2486
1998-10-16,64.9797
1998-10-19,66.6228
1998-10-20,65.9058
1998-10-21,68.2063
1998-10-22,67.788
1998-10-23,67.6685
1998-10-26,68.3855
1998-10-27,69.0129
1998-10-28,69.8793
1998-10-29,71.1042
1998-10-30,70.9847
1998-11-02,70.9249
1998-11-03,70.4469
1998-11-04,70.6859
1998-11-05,71.2237
1998-11-06,71.6718
1998-11-09,72.359
1998-11-10,74.5698
1998-11-11,75.1076
1998-11-12,75.4661
1998-11-13,75.2569
1998-11-16,76.1831
1998-11-17,75.5258
1998-11-18,76.0038
1998-11-19,75.7947
1998-11-20,76.5416
1998-11-23,79.6188
1998-11-24,78.9914
1998-11-25,79.7084
1998-11-27,81.2619
1998-11-30,78.9316
1998-12-01,81.2022
1998-12-02,80.037
1998-12-03,78.1549
1998-12-04,78.5134
1998-12-07,79.9175
1998-12-08,80.3956
1998-12-09,80.9931
1998-12-10,78.8719
1998-12-11,80.3059
1998-12-14,77.8561
1998-12-15,78.8719
1998-12-16,78.5731
1998-12-17,79.3798
1998-12-18,82.0088
1998-12-21,84.3093
1998-12-22,87.1176
1998-12-23,88.4321
1998-12-24,89.8363
1998-12-28,90.4637
1998-12-29,89.4479
1998-12-30,89.2686
1998-12-31,88.1334
1999-01-04,87.4761
1999-01-05,90.6429
1999-01-06,90.2247
1999-01-07,90.9118
1999-01-08,89.657
1999-01-11,90.4637
1999-01-12,88.462
1999-01-13,88.6711
1999-01-14,86.3408
1999-01-15,88.4022
1999-01-19,91.8977
1999-01-20,92.9732
1999-01-21,94.1683
1999-01-22,85.9226
1999-01-25,86.9981
1999-01-26,88.7309
1999-01-27,85.2354
1999-01-28,85.4147
1999-01-29,87.5956
1999-02-01,85.9226
1999-02-02,84.4885
1999-02-03,83.7715
1999-02-04,81.0528
1999-02-05,79.3499
1999-02-08,79.8279
1999-02-09,77.7964
1999-02-10,80.7242
1999-02-11,85.3251
1999-02-12,82.5765
1999-02-16,82.457
1999-02-17,81.501
1999-02-18,83.2935
1999-02-19,82.0387
1999-02-22,85.0562
1999-02-23,84.5782
1999-02-24,83.0545
1999-02-25,82.9947
1999-02-26,81.1424
1999-03-01,80.4852
1999-03-02,80.1864
1999-03-03,79.7084
1999-03-04,81.74
1999-03-05,85.2653
1999-03-08,85.5043
1999-03-09,87.0877
1999-03-10,86.7591
1999-03-11,87.4164
1999-03-12,85.086
1999-03-15,86.9981
1999-03-16,86.5201
1999-03-17,85.1159
1999-03-18,84.9068
1999-03-19,80.5748
1999-03-22,79.8279
1999-03-23,79.0511
1999-03-24,81.0229
1999-03-25,81.8893
1999-03-26,82.3972
1999-03-29,85.0263
1999-03-30,85.3549
1999-03-31,84.7275
1999-04-01,84.608
1999-04-05,87.9242
1999-04-06,87.4761
1999-04-07,89.1491
1999-04-08,89.3881
1999-04-09,89.0595
1999-04-12,87.6852
1999-04-13,86.0421
1999-04-14,85.7433
1999-04-15,84.9665
1999-04-16,81.4412
1999-04-19,79.7084
1999-04-20,81.1424
1999-04-21,82.1582
1999-04-22,92.9732
1999-04-23,95.4828
1999-04-26,100.3227
1999-04-27,101.3384
1999-04-28,97.9924
1999-04-29,97.9027
1999-04-30,99.994
1999-05-03,101.4579
1999-05-04,101.3384
1999-05-05,101.3982
1999-05-06,100.0239
1999-05-07,103.848
1999-05-10,104.5053
1999-05-11,105.6405
1999-05-12,107.7916
1999-05-13,117.5908
1999-05-14,114.3642
1999-05-17,113.5277
1999-05-18,114.0057
1999-05-19,112.751
1999-05-20,111.3169
1999-05-21,110.1219
1999-05-24,106.9551
1999-05-25,105.7302
1999-05-26,112.9302
1999-05-27,110.8987
1999-05-28,110.8987
1999-06-01,107.0746
1999-06-02,108.7476
1999-06-03,107.9708
1999-06-04,110.8987
1999-06-07,115.2008
1999-06-08,111.4962
1999-06-09,111.8547
1999-06-10,110.1816
1999-06-11,109.2854
1999-06-14,110.4206
1999-06-15,110.7792
1999-06-16,115.38
1999-06-17,114.902
1999-06-18,115.4398
1999-06-21,119.2639
1999-06-22,117.9493
1999-06-23,117.5311
1999-06-24,117.1726
1999-06-25,117.7103
1999-06-28,117.1726
1999-06-29,119.1444
1999-06-30,123.566
1999-07-01,125.239
1999-07-02,126.434
1999-07-06,125.239
1999-07-07,126.9718
1999-07-08,128.1071
1999-07-09,131.3336
1999-07-12,131.7519
1999-07-13,131.8117
1999-07-14,131.2141
1999-07-15,130.3179
1999-07-16,130.2581
1999-07-19,128.7046
1999-07-20,122.6099
1999-07-21,123.327
1999-07-22,118.4273
1999-07-23,119.3236
1999-07-26,117.5908
1999-07-27,120.6979
1999-07-28,122.7294
1999-07-29,119.8614
1999-07-30,120.1601
1999-08-02,116.8738
1999-08-03,114.1252
1999-08-04,113.2887
1999-08-05,117.7701
1999-08-06,118.0688
1999-08-09,116.8141
1999-08-10,114.0655
1999-08-11,117.8896
1999-08-12,115.7983
1999-08-13,117.9493
1999-08-16,121.7734
1999-08-17,122.8489
1999-08-18,118.4273
1999-08-19,117.5311
1999-08-20,116.3958
1999-08-23,118.9651
1999-08-24,116.6348
1999-08-25,116.9933
1999-08-26,117.5311
1999-08-27,118.5468
1999-08-30,117.7701
1999-08-31,119.0846
1999-09-01,121.6539
1999-09-02,120.3394
1999-09-03,123.1925
1999-09-07,126.195
1999-09-08,125.0
1999-09-09,128.8241
1999-09-10,129.0631
1999-09-13,126.5535
1999-09-14,127.4498
1999-09-15,126.1353
1999-09-16,124.283
1999-09-17,119.8614
1999-09-20,124.4025
1999-09-21,121.5344
1999-09-22,119.6821
1999-09-23,116.6348
1999-09-24,119.5029
1999-09-27,117.5908
1999-09-28,118.0688
1999-09-29,114.7825
1999-09-30,115.6788
1999-10-01,112.5717
1999-10-04,114.6032
1999-10-05,116.6348
1999-10-06,113.946
1999-10-07,111.2572
1999-10-08,108.5086
1999-10-11,109.2256
1999-10-12,105.1625
1999-10-13,100.4422
1999-10-14,102.2945
1999-10-15,103.131
1999-10-18,102.2945
1999-10-19,102.414
1999-10-20,102.2945
1999-10-21,86.9981
1999-10-22,89.8064
1999-10-25,89.7467
1999-10-26,91.3002
1999-10-27,88.9101
1999-10-28,90.7624
1999-10-29,93.9293
1999-11-01,92.4952
1999-11-02,90.6429
1999-11-03,90.2247
1999-11-04,87.5359
1999-11-05,86.2811
1999-11-08,89.8064
1999-11-09,89.5076
1999-11-10,92.7342
1999-11-11,90.8222
1999-11-12,91.6587
1999-11-15,89.9259
1999-11-16,90.4637
1999-11-17,89.6272
1999-11-18,93.6902
1999-11-19,99.3666
1999-11-22,103.131
1999-11-23,101.3982
1999-11-24,99.9044
1999-11-26,100.3824
1999-11-29,99.6056
1999-11-30,98.5301
1999-12-01,98.8737
1999-12-02,100.6364
1999-12-03,106.9551
1999-12-06,110.8987
1999-12-07,111.4962
1999-12-08,113.0796
1999-12-09,108.3891
1999-12-10,104.2065
1999-12-13,104.8787
1999-12-14,104.4455
1999-12-15,102.2945
1999-12-16,104.3858
1999-12-17,105.1625
1999-12-20,104.4007
1999-12-21,105.282
1999-12-22,103.2505
1999-12-23,103.848
1999-12-27,104.9235
1999-12-28,104.9833
1999-12-29,104.2065
1999-12-30,103.9675
1999-12-31,103.131
2000-01-03,110.8987
2000-01-04,107.1343
2000-01-05,110.8987
2000-01-06,108.9866
2000-01-07,108.5086
2000-01-10,112.8107
2000-01-11,113.7667
2000-01-12,114.2447
2000-01-13,113.0497
2000-01-14,114.3642
2000-01-18,110.6597
2000-01-19,114.2447
2000-01-20,113.7667
2000-01-21,116.1568
2000-01-24,116.1568
2000-01-25,113.8862
2000-01-26,111.6157
2000-01-27,108.5086
2000-01-28,106.6563
2000-01-31,107.3136
2000-02-01,105.1625
2000-02-02,108.5086
2000-02-03,111.9742
2000-02-04,110.5402
2000-02-07,109.1061
2000-02-08,113.5875
2000-02-09,112.2132
2000-02-10,113.8862
2000-02-11,110.3011
2000-02-14,110.9584
2000-02-15,111.9742
2000-02-16,110.6597
2000-02-17,111.6157
2000-02-18,107.5526
2000-02-22,106.1185
2000-02-23,103.9675
2000-02-24,105.6405
2000-02-25,103.2505
2000-02-28,99.9044
2000-02-29,98.2314
2000-03-01,95.8413
2000-03-02,98.5899
2000-03-03,103.2505
2000-03-06,98.5301
2000-03-07,98.4704
2000-03-08,101.5774
2000-03-09,103.2505
2000-03-10,100.6214
2000-03-13,102.9517
2000-03-14,103.848
2000-03-15,102.2945
2000-03-16,104.2065
2000-03-17,105.1625
2000-03-20,107.7916
2000-03-21,108.5086
2000-03-22,109.2256
2000-03-23,110.1816
2000-03-24,115.3203
2000-03-27,121.2954
2000-03-28,117.1128
2000-03-29,113.7667
2000-03-30,117.3518
2000-03-31,113.1692
2000-04-03,116.6348
2000-04-04,115.858
2000-04-05,119.5029
2000-04-06,117.3518
2000-04-07,117.7103
2000-04-10,116.7543
2000-04-11,114.1252
2000-04-12,108.7476
2000-04-13,105.76
2000-04-14,100.3824
2000-04-17,106.9551
2000-04-18,106.5966
2000-04-19,100.3824
2000-04-20,99.4264
2000-04-24,101.8164
2000-04-25,107.5526
2000-04-26,105.6405
2000-04-27,105.76
2000-04-28,106.5966
2000-05-01,107.0746
2000-05-02,106.4771
2000-05-03,103.37
2000-05-04,102.892
2000-05-05,103.131
2000-05-08,104.9235
2000-05-09,104.2065
2000-05-10,98.4704
2000-05-11,99.8446
2000-05-12,99.8446
2000-05-15,99.6056
2000-05-16,104.2065
2000-05-17,103.131
2000-05-18,101.3982
2000-05-19,101.7567
2000-05-22,104.4455
2000-05-23,102.653
2000-05-24,104.804
2000-05-25,101.8164
2000-05-26,102.2347
2000-05-30,106.0588
2000-05-31,102.5932
2000-06-01,101.3384
2000-06-02,104.0272
2000-06-05,107.8513
2000-06-06,107.4331
2000-06-07,115.6788
2000-06-08,114.4837
2000-06-09,114.424
2000-06-12,113.6174
2000-06-13,114.0655
2000-06-14,110.8987
2000-06-15,111.6754
2000-06-16,108.2696
2000-06-19,115.0813
2000-06-20,111.2572
2000-06-21,109.4646
2000-06-22,106.8953
2000-06-23,106.9551
2000-06-26,109.375
2000-06-27,104.9235
2000-06-28,108.7775
2000-06-29,108.9866
2000-06-30,104.7443
2000-07-03,104.6845
2000-07-05,100.3824
2000-07-06,96.7973
2000-07-07,100.4422
2000-07-10,98.7691
2000-07-11,97.5143
2000-07-12,100.0239
2000-07-13,99.4264
2000-07-14,99.3666
2000-07-17,100.8604
2000-07-18,98.7691
2000-07-19,103.9675
2000-07-20,112.0937
2000-07-21,109.7036
2000-07-24,107.5526
2000-07-25,107.0746
2000-07-26,105.043
2000-07-27,105.4613
2000-07-28,106.8953
2000-07-31,107.3136
2000-08-01,105.6405
2000-08-02,109.2256
2000-08-03,110.8987
2000-08-04,110.7792
2000-08-07,111.1974
2000-08-08,113.6472
2000-08-09,113.5277
2000-08-10,114.4837
2000-08-11,115.3203
2000-08-14,117.8298
2000-08-15,116.6348
2000-08-16,116.9933
2000-08-17,117.1128
2000-08-18,115.141
2000-08-21,116.097
2000-08-22,116.0373
2000-08-23,117.8298
2000-08-24,119.3236
2000-08-25,123.327
2000-08-28,125.717
2000-08-29,127.0315
2000-08-30,124.5817
2000-08-31,126.21
2000-09-01,127.7486
2000-09-05,125.4183
2000-09-06,125.6573
2000-09-07,127.5096
2000-09-08,123.805
2000-09-11,119.0249
2000-09-12,119.5029
2000-09-13,122.0722
2000-09-14,121.2954
2000-09-15,119.5029
2000-09-18,117.8298
2000-09-19,119.4431
2000-09-20,119.2639
2000-09-21,116.1568
2000-09-22,118.4273
2000-09-25,117.5908
2000-09-26,113.8862
2000-09-27,112.8107
2000-09-28,110.1816
2000-09-29,107.6721
2000-10-02,112.6315
2000-10-03,105.7003
2000-10-04,109.3451
2000-10-05,108.2098
2000-10-06,110.8987
2000-10-09,112.751
2000-10-10,109.8231
2000-10-11,107.0746
2000-10-12,98.5899
2000-10-13,104.2663
2000-10-16,106.2381
2000-10-17,108.0306
2000-10-18,91.2404
2000-10-19,92.1965
2000-10-20,90.5832
2000-10-23,88.7906
2000-10-24,87.4164
2000-10-25,83.7118
2000-10-26,88.6711
2000-10-27,89.5674
2000-10-30,89.2089
2000-10-31,94.1683
2000-11-01,94.228
2000-11-02,97.4546
2000-11-03,95.7218
2000-11-06,95.9011
2000-11-07,97.8131
2000-11-08,95.6023
2000-11-09,95.0645
2000-11-10,88.9101
2000-11-13,93.1525
2000-11-14,95.1243
2000-11-15,95.0048
2000-11-16,93.9293
2000-11-17,97.4546
2000-11-20,98.7094
2000-11-21,94.1683
2000-11-22,94.1683
2000-11-24,95.5425
2000-11-27,94.1085
2000-11-28,93.5707
2000-11-29,95.423
2000-11-30,89.3881
2000-12-01,91.4197
2000-12-04,94.0488
2000-12-05,98.8289
2000-12-06,92.4952
2000-12-07,89.0296
2000-12-08,92.7342
2000-12-11,90.8222
2000-12-12,89.7467
2000-12-13,87.2371
2000-12-14,88.3724
2000-12-15,83.9508
2000-12-18,86.5201
2000-12-19,86.1616
2000-12-20,82.218
2000-12-21,77.9756
2000-12-22,85.086
2000-12-26,81.0827
2000-12-27,80.9632
2000-12-28,81.501
2000-12-29,81.2619
2001-01-02,81.0827
2001-01-03,90.4637
2001-01-04,89.0894
2001-01-05,89.8662
2001-01-08,89.4479
2001-01-09,88.4919
2001-01-10,89.3284
2001-01-11,89.5674
2001-01-12,89.6869
2001-01-16,88.6711
2001-01-17,92.4355
2001-01-18,103.5492
2001-01-19,106.3576
2001-01-22,103.7882
2001-01-23,104.2663
2001-01-24,105.5808
2001-01-25,105.8795
2001-01-26,109.1659
2001-01-29,109.9235
2001-01-30,111.4818
2001-01-31,107.0746
2001-02-01,109.0344
2001-02-02,105.4206
2001-02-05,107.2849
2001-02-06,109.1683
2001-02-07,111.7686
2001-02-08,109.0822
2001-02-09,107.0746
2001-02-12,109.847
2001-02-13,108.7476
2001-02-14,110.0382
2001-02-15,111.6444
2001-02-16,109.9426
2001-02-20,106.5966
2001-02-21,102.782
2001-02-22,104.1109
2001-02-23,99.4264
2001-02-26,100.6692
2001-02-27,98.0784
2001-02-28,95.5067
2001-03-01,101.3862
2001-03-02,97.8011
2001-03-05,100.2964
2001-03-06,101.3384
2001-03-07,102.8203
2001-03-08,101.7878
2001-03-09,94.9235
2001-03-12,91.2906
2001-03-13,94.0631
2001-03-14,90.7839
2001-03-15,91.3576
2001-03-16,86.1377
2001-03-19,88.5277
2001-03-20,84.4168
2001-03-21,85.1625
2001-03-22,85.1816
2001-03-23,89.3977
2001-03-26,91.2046
2001-03-27,95.1243
2001-03-28,90.2581
2001-03-29,90.8604
2001-03-30,91.9503
2001-04-02,90.4971
2001-04-03,86.4149
2001-04-04,87.9541
2001-04-05,93.891
2001-04-06,93.6424
2001-04-09,91.7782
2001-04-10,94.6941
2001-04-11,93.1453
2001-04-12,91.9694
2001-04-16,92.4952
2001-04-17,95.3155
2001-04-18,101.8164
2001-04-19,109.4359
2001-04-20,109.7801
2001-04-23,107.0746
2001-04-24,107.7151
2001-04-25,109.7992
2001-04-26,108.7381
2001-04-27,111.0899
2001-04-30,110.0765
2001-05-01,113.2983
2001-05-02,110.3251
2001-05-03,108.6998
2001-05-04,110.7648
2001-05-07,110.8031
2001-05-08,112.5239
2001-05-09,111.8356
2001-05-10,110.1338
2001-05-11,106.8929
2001-05-14,107.6099
2001-05-15,108.5851
2001-05-16,110.7075
2001-05-17,110.0096
2001-05-18,112.2753
2001-05-21,113.805
2001-05-22,112.8203
2001-05-23,112.2371
2001-05-24,114.3403
2001-05-25,112.6195
2001-05-29,110.2008
2001-05-30,107.696
2001-05-31,106.8834
2001-06-01,107.9254
2001-06-04,108.6424
2001-06-05,111.826
2001-06-06,112.3327
2001-06-07,112.0937
2001-06-08,110.9943
2001-06-11,112.1989
2001-06-12,112.0937
2001-06-13,111.4149
2001-06-14,110.6597
2001-06-15,108.6042
2001-06-18,109.2447
2001-06-19,109.7897
2001-06-20,108.1166
2001-06-21,107.6482
2001-06-22,107.9063
2001-06-25,107.696
2001-06-26,108.0688
2001-06-27,108.5277
2001-06-28,110.0382
2001-06-29,108.5086
2001-07-02,109.3212
2001-07-03,108.0115
2001-07-05,107.1702
2001-07-06,101.8164
2001-07-09,100.1147
2001-07-10,97.4761
2001-07-11,99.283
2001-07-12,102.5335
2001-07-13,103.7572
2001-07-16,103.0784
2001-07-17,103.7572
2001-07-18,99.6941
2001-07-19,99.4264
2001-07-20,101.0516
2001-07-23,101.195
2001-07-24,99.914
2001-07-25,100.2772
2001-07-26,101.3384
2001-07-27,100.0956
2001-07-30,101.195
2001-07-31,100.5832
2001-08-01,102.3518
2001-08-02,104.0153
2001-08-03,103.4226
2001-08-06,101.826
2001-08-07,101.5774
2001-08-08,99.608
2001-08-09,99.5029
2001-08-10,100.3346
2001-08-13,101.2046
2001-08-14,101.5296
2001-08-15,100.392
2001-08-16,101.0994
2001-08-17,99.9904
2001-08-20,99.522
2001-08-21,97.4092
2001-08-22,99.3881
2001-08-23,98.4704
2001-08-24,102.2849
2001-08-27,102.1606
2001-08-28,100.3346
2001-08-29,99.5507
2001-08-30,95.9465
2001-08-31,95.5545
2001-09-04,97.0268
2001-09-05,95.9369
2001-09-06,93.6902
2001-09-07,92.3423
2001-09-10,92.2275
2001-09-17,89.2352
2001-09-18,92.1606
2001-09-19,91.7782
2001-09-20,89.2925
2001-09-21,86.5201
2001-09-24,90.631
2001-09-25,90.2964
2001-09-26,87.2849
2001-09-27,86.0421
2001-09-28,87.6864
2001-10-01,88.6329
2001-10-02,89.6463
2001-10-03,92.6864
2001-10-04,93.0306
2001-10-05,93.7094
2001-10-08,94.1683
2001-10-09,92.8681
2001-10-10,92.9732
2001-10-11,95.0287
2001-10-12,96.4054
2001-10-15,97.5143
2001-10-16,97.3709
2001-10-17,98.3748
2001-10-18,96.8069
2001-10-19,98.1358
2001-10-22,100.6214
2001-10-23,101.1568
2001-10-24,103.7954
2001-10-25,105.7935
2001-10-26,106.2715
2001-10-29,103.8432
2001-10-30,103.8719
2001-10-31,103.3174
2001-11-01,105.0574
2001-11-02,104.6845
2001-11-05,105.1338
2001-11-06,108.6138
2001-11-07,108.8432
2001-11-08,108.805
2001-11-09,109.0631
2001-11-12,109.8088
2001-11-13,111.5679
2001-11-14,109.3212
2001-11-15,109.7036
2001-11-16,109.4646
2001-11-19,109.9426
2001-11-20,110.3633
2001-11-21,109.3117
2001-11-23,110.2772
2001-11-26,111.2141
2001-11-27,109.1778
2001-11-28,107.218
2001-11-29,109.3977
2001-11-30,110.5067
2001-12-03,109.1109
2001-12-04,111.5105
2001-12-05,116.0612
2001-12-06,114.8566
2001-12-07,115.1052
2001-12-10,114.3977
2001-12-11,116.1568
2001-12-12,117.782
2001-12-13,114.9618
2001-12-14,115.7744
2001-12-17,116.0038
2001-12-18,116.826
2001-12-19,118.4417
2001-12-20,117.304
2001-12-21,116.6348
2001-12-24,116.109
2001-12-26,117.0172
2001-12-27,118.0688
2001-12-28,117.4952
2001-12-31,115.6405
2002-01-02,116.1568
2002-01-03,118.2218
2002-01-04,120.0765
2002-01-07,118.5946
2002-01-08,119.2161
2002-01-09,119.0153
2002-01-10,116.7686
2002-01-11,115.0191
2002-01-14,112.8585
2002-01-15,113.6233
2002-01-16,112.2371
2002-01-17,114.6272
2002-01-18,109.2256
2002-01-22,105.6405
2002-01-23,103.1549
2002-01-24,103.9388
2002-01-25,104.4742
2002-01-28,103.3939
2002-01-29,98.4704
2002-01-30,100.9082
2002-01-31,103.1453
2002-02-01,103.2505
2002-02-04,102.1032
2002-02-05,101.6252
2002-02-06,101.9407
2002-02-07,99.3403
2002-02-08,100.3728
2002-02-11,102.6577
2002-02-12,101.8834
2002-02-13,103.3174
2002-02-14,103.1453
2002-02-15,98.3652
2002-02-19,96.8451
2002-02-20,94.9426
2002-02-21,92.1415
2002-02-22,94.1205
2002-02-25,93.9771
2002-02-26,92.8776
2002-02-27,93.5277
2002-02-28,93.805
2002-03-01,98.4895
2002-03-04,101.2428
2002-03-05,101.0229
2002-03-06,101.6252
2002-03-07,99.1491
2002-03-08,100.4685
2002-03-11,100.6119
2002-03-12,103.7285
2002-03-13,102.4665
2002-03-14,101.912
2002-03-15,102.0937
2002-03-18,101.673
2002-03-19,102.7629
2002-03-20,100.8604
2002-03-21,102.0841
2002-03-22,100.956
2002-03-25,99.0057
2002-03-26,98.3748
2002-03-27,98.8432
2002-03-28,99.4264
2002-04-01,98.3365
2002-04-02,96.5105
2002-04-03,95.5641
2002-04-04,96.4054
2002-04-05,92.9732
2002-04-08,83.566
2002-04-09,83.8815
2002-04-10,85.0956
2002-04-11,80.4876
2002-04-12,81.8356
2002-04-15,81.5966
2002-04-16,82.4092
2002-04-17,81.0803
2002-04-18,85.0382
2002-04-19,85.086
2002-04-22,84.0631
2002-04-23,83.4895
2002-04-24,82.696
2002-04-25,82.8968
2002-04-26,80.9847
2002-04-29,80.2008
2002-04-30,80.0765
2002-05-01,80.5927
2002-05-02,80.1721
2002-05-03,78.1836
2002-05-06,72.6577
2002-05-07,73.1358
2002-05-08,78.8241
2002-05-09,76.4149
2002-05-10,76.1759
2002-05-13,78.5755
2002-05-14,81.7208
2002-05-15,80.7839
2002-05-16,81.6922
2002-05-17,81.9216
2002-05-20,80.7361
2002-05-21,79.7801
2002-05-22,80.3059
2002-05-23,80.6405
2002-05-24,79.4455
2002-05-28,78.4704
2002-05-29,78.0115
2002-05-30,78.6329
2002-05-31,76.912
2002-06-03,74.6749
2002-06-04,75.8222
2002-06-05,77.0076
2002-06-06,76.1568
2002-06-07,74.8566
2002-06-10,73.4226
2002-06-11,72.1702
2002-06-12,71.3671
2002-06-13,72.2753
2002-06-14,72.8203
2002-06-17,73.7476
2002-06-18,72.6004
2002-06-19,70.1243
2002-06-20,68.4321
2002-06-21,65.7266
2002-06-24,66.6348
2002-06-25,65.5832
2002-06-26,66.9694
2002-06-27,68.7381
2002-06-28,68.8336
2002-07-01,64.6272
2002-07-02,65.5641
2002-07-03,67.4092
2002-07-05,70.2677
2002-07-08,68.1644
2002-07-09,66.6061
2002-07-10,65.7361
2002-07-11,66.3576
2002-07-12,66.1664
2002-07-15,67.8776
2002-07-16,65.9751
2002-07-17,67.5813
2002-07-18,68.8815
2002-07-19,68.8336
2002-07-22,65.4876
2002-07-23,64.1013
2002-07-24,66.4818
2002-07-25,66.3002
2002-07-26,63.4799
2002-07-29,68.0497
2002-07-30,68.6329
2002-07-31,67.304
2002-08-01,65.2486
2002-08-02,64.8948
2002-08-05,63.088
2002-08-06,64.914
2002-08-07,66.1281
2002-08-08,68.4608
2002-08-09,68.6711
2002-08-12,68.6138
2002-08-13,68.7381
2002-08-14,71.6252
2002-08-15,73.1358
2002-08-16,75.8604
2002-08-19,78.8623
2002-08-20,77.696
2002-08-21,77.4379
2002-08-22,78.3843
2002-08-23,76.8642
2002-08-26,75.9273
2002-08-27,74.5315
2002-08-28,72.7151
2002-08-29,73.2505
2002-08-30,72.065
2002-09-03,69.1683
2002-09-04,70.4876
2002-09-05,69.0057
2002-09-06,69.9809
2002-09-09,71.2237
2002-09-10,72.2753
2002-09-11,70.9369
2002-09-12,68.7094
2002-09-13,69.3117
2002-09-16,69.1396
2002-09-17,68.5946
2002-09-18,66.4914
2002-09-19,61.9503
2002-09-20,61.109
2002-09-23,60.5832
2002-09-24,57.1224
2002-09-25,60.239
2002-09-26,59.2925
2002-09-27,57.7055
2002-09-30,55.7457
2002-10-01,58.4799
2002-10-02,57.0076
2002-10-03,57.3614
2002-10-04,54.1109
2002-10-07,54.3595
2002-10-08,54.5411
2002-10-09,52.6482
2002-10-10,55.0478
2002-10-11,61.109
2002-10-14,60.631
2002-10-15,65.4685
2002-10-16,62.0459
2002-10-17,69.0249
2002-10-18,70.9847
2002-10-21,72.2275
2002-10-22,71.2141
2002-10-23,71.3193
2002-10-24,68.9293
2002-10-25,71.2811
2002-10-28,73.1931
2002-10-29,73.3652
2002-10-30,75.2103
2002-10-31,75.4685
2002-11-01,76.8642
2002-11-04,78.8719
2002-11-05,78.088
2002-11-06,77.9541
2002-11-07,75.478
2002-11-08,74.1778
2002-11-11,73.891
2002-11-12,75.6692
2002-11-13,75.8604
2002-11-14,77.1702
2002-11-15,76.4914
2002-11-18,75.6979
2002-11-19,74.9235
2002-11-20,78.021
2002-11-21,81.1664
2002-11-22,80.717
2002-11-25,82.4092
2002-11-26,81.3193
2002-11-27,83.8432
2002-11-29,83.0975
2002-12-02,83.4608
2002-12-03,81.4627
2002-12-04,80.0096
2002-12-05,79.4073
2002-12-06,78.6998
2002-12-09,76.0899
2002-12-10,77.2467
2002-12-11,77.8585
2002-12-12,76.6444
2002-12-13,76.4818
2002-12-16,78.0306
2002-12-17,76.7782
2002-12-18,75.6501
2002-12-19,75.2008
2002-12-20,76.2811
2002-12-23,76.7304
2002-12-24,76.2524
2002-12-26,75.0478
2002-12-27,73.9579
2002-12-30,72.8968
2002-12-31,74.0918
2003-01-02,77.0268
2003-01-03,78.0593
2003-01-06,79.914
2003-01-07,82.218
2003-01-08,80.4876
2003-01-09,83.174
2003-01-10,83.8241
2003-01-13,83.6616
2003-01-14,84.6845
2003-01-15,83.7381
2003-01-16,82.2658
2003-01-17,77.7247
2003-01-21,76.9981
2003-01-22,76.195
2003-01-23,77.4857
2003-01-24,75.5163
2003-01-27,74.9713
2003-01-28,76.587
2003-01-29,76.7878
2003-01-30,74.8566
2003-01-31,74.761
2003-02-03,74.7419
2003-02-04,73.6998
2003-02-05,73.8623
2003-02-06,74.1013
2003-02-07,73.7094
2003-02-10,74.4837
2003-02-11,73.9866
2003-02-12,73.1358
2003-02-13,72.5239
2003-02-14,74.044
2003-02-18,75.8413
2003-02-19,76.0134
2003-02-20,75.6692
2003-02-21,76.434
2003-02-24,75.1052
2003-02-25,75.5927
2003-02-26,73.9962
2003-02-27,73.8815
2003-02-28,74.522
2003-03-03,73.9293
2003-03-04,73.327
2003-03-05,74.3117
2003-03-06,73.6807
2003-03-07,74.4742
2003-03-10,72.3709
2003-03-11,72.0363
2003-03-12,71.8738
2003-03-13,75.0
2003-03-14,75.5258
2003-03-17,78.8336
2003-03-18,78.8432
2003-03-19,78.3939
2003-03-20,78.5851
2003-03-21,81.1664
2003-03-24,78.6329
2003-03-25,79.7801
2003-03-26,77.9637
2003-03-27,77.8681
2003-03-28,77.2945
2003-03-31,74.9809
2003-04-01,75.2677
2003-04-02,77.8776
2003-04-03,78.3078
2003-04-04,77.2371
2003-04-07,76.9312
2003-04-08,76.5488
2003-04-09,75.2486
2003-04-10,75.5354
2003-04-11,75.2868
2003-04-14,76.5488
2003-04-15,79.1491
2003-04-16,79.2352
2003-04-17,80.5545
2003-04-21,79.6941
2003-04-22,81.8642
2003-04-23,81.979
2003-04-24,81.4532
2003-04-25,80.1912
2003-04-28,81.3767
2003-04-29,81.8929
2003-04-30,81.1664
2003-05-01,82.1128
2003-05-02,83.7189
2003-05-05,82.7151
2003-05-06,83.6616
2003-05-07,82.8681
2003-05-08,82.2658
2003-05-09,83.6998
2003-05-12,85.086
2003-05-13,86.0229
2003-05-14,84.7992
2003-05-15,85.9465
2003-05-16,85.0765
2003-05-19,82.6482
2003-05-20,81.9981
2003-05-21,82.3901
2003-05-22,82.2945
2003-05-23,81.5105
2003-05-27,83.8336
2003-05-28,83.7189
2003-05-29,83.5182
2003-05-30,84.1683
2003-06-02,83.4895
2003-06-03,80.1338
2003-06-04,80.5449
2003-06-05,78.2983
2003-06-06,76.5296
2003-06-09,78.3939
2003-06-10,78.1166
2003-06-11,80.2772
2003-06-12,80.2581
2003-06-13,79.1109
2003-06-16,80.7839
2003-06-17,80.5927
2003-06-18,80.9751
2003-06-19,80.8317
2003-06-20,81.1855
2003-06-23,79.522
2003-06-24,79.9522
2003-06-25,78.8623
2003-06-26,80.6405
2003-06-27,79.7514
2003-06-30,78.8719
2003-07-01,79.914
2003-07-02,81.0134
2003-07-03,80.2581
2003-07-07,82.304
2003-07-08,82.457
2003-07-09,81.7113
2003-07-10,80.3346
2003-07-11,81.1568
2003-07-14,81.6635
2003-07-15,82.6386
2003-07-16,82.9254
2003-07-17,79.6654
2003-07-18,80.0382
2003-07-21,78.8719
2003-07-22,78.2505
2003-07-23,78.6807
2003-07-24,77.9254
2003-07-25,79.8757
2003-07-28,78.9101
2003-07-29,78.2027
2003-07-30,77.3996
2003-07-31,77.6769
2003-08-01,77.696
2003-08-04,77.5621
2003-08-05,76.3384
2003-08-06,76.2428
2003-08-07,77.1415
2003-08-08,77.3231
2003-08-11,77.457
2003-08-12,77.9254
2003-08-13,77.6291
2003-08-14,77.9732
2003-08-15,78.1931
2003-08-18,79.847
2003-08-19,79.2065
2003-08-20,79.3977
2003-08-21,79.2065
2003-08-22,79.3212
2003-08-25,78.3556
2003-08-26,78.8719
2003-08-27,78.3939
2003-08-28,78.2983
2003-08-29,78.4034
2003-09-02,81.9885
2003-09-03,82.5335
2003-09-04,84.044
2003-09-05,83.1262
2003-09-08,85.1816
2003-09-09,85.4876
2003-09-10,83.9771
2003-09-11,84.0535
2003-09-12,84.7992
2003-09-15,84.5985
2003-09-16,86.3193
2003-09-17,86.6444
2003-09-18,87.9541
2003-09-19,89.1778
2003-09-22,87.3709
2003-09-23,87.3231
2003-09-24,85.4685
2003-09-25,85.478
2003-09-26,85.1338
2003-09-29,85.5163
2003-09-30,84.4455
2003-10-01,86.3767
2003-10-02,86.1185
2003-10-03,86.6539
2003-10-06,87.1702
2003-10-07,87.6673
2003-10-08,88.5851
2003-10-09,88.3843
2003-10-10,88.5946
2003-10-13,89.1013
2003-10-14,88.6424
2003-10-15,88.6616
2003-10-16,85.3537
2003-10-17,85.3059
2003-10-20,85.086
2003-10-21,85.0191
2003-10-22,84.5698
2003-10-23,84.2734
2003-10-24,84.5315
2003-10-27,84.6272
2003-10-28,85.9465
2003-10-29,85.4111
2003-10-30,85.2008
2003-10-31,85.5449
2003-11-03,85.7361
2003-11-04,85.2199
2003-11-05,84.5985
2003-11-06,85.4111
2003-11-07,84.3786
2003-11-10,85.9943
2003-11-11,85.4302
2003-11-12,86.7017
2003-11-13,87.0841
2003-11-14,86.2811
2003-11-17,85.8509
2003-11-18,85.0382
2003-11-19,85.4685
2003-11-20,84.5029
2003-11-21,84.7323
2003-11-24,85.717
2003-11-25,85.4971
2003-11-26,85.956
2003-11-28,86.5583
2003-12-01,87.0076
2003-12-02,86.7591
2003-12-03,86.3289
2003-12-04,87.3996
2003-12-05,86.6539
2003-12-08,87.1893
2003-12-09,86.6444
2003-12-10,87.696
2003-12-11,88.3365
2003-12-12,88.6329
2003-12-15,88.0593
2003-12-16,89.847
2003-12-17,89.2925
2003-12-18,88.652
2003-12-19,89.044
2003-12-22,89.283
2003-12-23,88.7094
2003-12-24,88.2122
2003-12-26,88.8145
2003-12-29,89.4073
2003-12-30,88.5564
2003-12-31,88.6042
2004-01-02,87.5239
2004-01-05,88.9579
2004-01-06,88.9675
2004-01-07,88.6998
2004-01-08,88.9484
2004-01-09,87.1989
2004-01-12,87.5239
2004-01-13,85.7553
2004-01-14,86.3384
2004-01-15,89.8853
2004-01-16,91.1281
2004-01-20,92.8298
2004-01-21,93.4034
2004-01-22,93.2218
2004-01-23,93.5946
2004-01-26,95.4589
2004-01-27,94.4551
2004-01-28,93.0975
2004-01-29,93.6998
2004-01-30,94.8662
2004-02-02,95.0191
2004-02-03,95.6023
2004-02-04,95.7839
2004-02-05,94.5124
2004-02-06,94.5889
2004-02-09,94.5985
2004-02-10,95.2294
2004-02-11,95.5641
2004-02-12,94.9331
2004-02-13,95.3251
2004-02-17,95.0
2004-02-18,94.0918
2004-02-19,93.499
2004-02-20,93.0306
2004-02-23,91.74
2004-02-24,92.5335
2004-02-25,92.2945
2004-02-26,92.5335
2004-02-27,92.2562
2004-03-01,92.7725
2004-03-02,92.5621
2004-03-03,92.5813
2004-03-04,92.1511
2004-03-05,92.2084
2004-03-08,90.4302
2004-03-09,90.3728
2004-03-10,88.9675
2004-03-11,87.1989
2004-03-12,89.1969
2004-03-15,87.782
2004-03-16,88.3843
2004-03-17,89.283
2004-03-18,88.7667
2004-03-19,87.5908
2004-03-22,87.0172
2004-03-23,87.304
2004-03-24,87.7342
2004-03-25,88.327
2004-03-26,88.6902
2004-03-29,88.6042
2004-03-30,88.26
2004-03-31,87.8011
2004-04-01,88.3078
2004-04-02,90.0574
2004-04-05,90.0382
2004-04-06,89.5794
2004-04-07,88.9866
2004-04-08,89.0249
2004-04-12,89.6176
2004-04-13,88.9484
2004-04-14,89.5794
2004-04-15,89.3403
2004-04-16,88.2218
2004-04-19,87.8968
2004-04-20,86.6635
2004-04-21,87.2467
2004-04-22,86.7495
2004-04-23,87.2658
2004-04-26,86.4532
2004-04-27,87.1032
2004-04-28,86.434
2004-04-29,85.1625
2004-04-30,84.2925
2004-05-03,84.1491
2004-05-04,85.086
2004-05-05,85.0478
2004-05-06,84.4742
2004-05-07,84.3117
2004-05-10,83.0593
2004-05-11,83.2983
2004-05-12,82.9924
2004-05-13,83.3556
2004-05-14,82.6099
2004-05-17,81.7686
2004-05-18,82.2753
2004-05-19,83.2218
2004-05-20,83.5755
2004-05-21,83.2983
2004-05-24,83.2696
2004-05-25,84.7992
2004-05-26,84.4646
2004-05-27,84.6941
2004-05-28,84.6941
2004-06-01,84.2447
2004-06-02,84.1109
2004-06-03,83.5086
2004-06-04,83.7094
2004-06-07,84.7419
2004-06-08,86.0803
2004-06-09,86.1281
2004-06-10,86.4818
2004-06-14,86.109
2004-06-15,86.5583
2004-06-16,86.4054
2004-06-17,86.4627
2004-06-18,86.0994
2004-06-21,85.5545
2004-06-22,86.0612
2004-06-23,86.7973
2004-06-24,86.0325
2004-06-25,85.6119
2004-06-28,84.8088
2004-06-29,84.4073
2004-06-30,84.2734
2004-07-01,83.652
2004-07-02,83.2122
2004-07-06,81.9312
2004-07-07,81.5966
2004-07-08,79.9713
2004-07-09,80.2008
2004-07-12,80.4015
2004-07-13,81.501
2004-07-14,80.4302
2004-07-15,80.3251
2004-07-16,80.5736
2004-07-19,81.5488
2004-07-20,82.5621
2004-07-21,81.5488
2004-07-22,82.2753
2004-07-23,81.1185
2004-07-26,81.348
2004-07-27,82.1032
2004-07-28,82.0746
2004-07-29,82.9541
2004-07-30,83.2409
2004-08-02,82.8776
2004-08-03,81.9407
2004-08-04,82.1893
2004-08-05,81.4436
2004-08-06,79.8088
2004-08-09,79.8757
2004-08-10,81.2524
2004-08-11,80.0096
2004-08-12,78.5946
2004-08-13,80.2199
2004-08-16,80.3251
2004-08-17,80.3442
2004-08-18,81.3862
2004-08-19,81.1568
2004-08-20,81.501
2004-08-23,80.9273
2004-08-24,80.9847
2004-08-25,81.3289
2004-08-26,80.9656
2004-08-27,81.2046
2004-08-30,80.6883
2004-08-31,80.9656
2004-09-01,80.5163
2004-09-02,80.8509
2004-09-03,80.6788
2004-09-07,81.2333
2004-09-08,82.0841
2004-09-09,82.6386
2004-09-10,82.9445
2004-09-13,82.6864
2004-09-14,82.9063
2004-09-15,82.5717
2004-09-16,82.3327
2004-09-17,81.9694
2004-09-20,81.9312
2004-09-21,81.9503
2004-09-22,80.6023
2004-09-23,80.1912
2004-09-24,80.717
2004-09-27,80.4589
2004-09-28,80.7648
2004-09-29,81.2428
2004-09-30,81.9694
2004-10-01,82.9063
2004-10-04,83.327
2004-10-05,83.4799
2004-10-06,84.1683
2004-10-07,83.5755
2004-10-08,82.8968
2004-10-11,82.8203
2004-10-12,82.218
2004-10-13,81.2428
2004-10-14,81.0516
2004-10-15,81.1185
2004-10-18,82.1415
2004-10-19,85.4398
2004-10-20,84.914
2004-10-21,84.2256
2004-10-22,83.5468
2004-10-25,84.5411
2004-10-26,85.086
2004-10-27,86.0421
2004-10-28,85.5641
2004-10-29,85.8031
2004-11-01,86.1472
2004-11-02,86.4914
2004-11-03,87.1893
2004-11-04,88.3174
2004-11-05,89.1778
2004-11-08,89.2639
2004-11-09,89.2639
2004-11-10,89.4933
2004-11-11,90.6214
2004-11-12,91.1281
2004-11-15,91.7017
2004-11-16,90.717
2004-11-17,91.2619
2004-11-18,90.9178
2004-11-19,90.2964
2004-11-22,90.9273
2004-11-23,91.0899
2004-11-24,91.2619
2004-11-26,90.5545
2004-11-29,91.3002
2004-11-30,90.0956
2004-12-01,91.6635
2004-12-02,91.5488
2004-12-03,92.8107
2004-12-06,93.3748
2004-12-07,91.8738
2004-12-08,92.3996
2004-12-09,93.2218
2004-12-10,92.4187
2004-12-13,92.2084
2004-12-14,93.0306
2004-12-15,93.0497
2004-12-16,93.1644
2004-12-17,91.9694
2004-12-20,92.304
2004-12-21,92.7533
2004-12-22,93.3174
2004-12-23,93.4226
2004-12-27,93.2122
2004-12-28,93.9771
2004-12-29,93.8623
2004-12-30,93.9771
2004-12-31,94.2447
2005-01-03,93.4512
2005-01-04,92.4474
2005-01-05,92.2562
2005-01-06,91.9694
2005-01-07,91.5679
2005-01-10,91.4723
2005-01-11,90.8222
2005-01-12,91.0229
2005-01-13,90.2964
2005-01-14,89.9618
2005-01-18,90.7266
2005-01-19,89.0057
2005-01-20,88.9101
2005-01-21,88.3174
2005-01-24,87.7533
2005-01-25,88.1358
2005-01-26,87.9063
2005-01-27,87.935
2005-01-28,88.805
2005-01-31,89.3117
2005-02-01,89.7323
2005-02-02,90.153
2005-02-03,89.4264
2005-02-04,90.3537
2005-02-07,90.3728
2005-02-08,89.9904
2005-02-09,88.6233
2005-02-10,88.6807
2005-02-11,89.1969
2005-02-14,89.4551
2005-02-15,90.1816
2005-02-16,90.4589
2005-02-17,89.6272
2005-02-18,89.1683
2005-02-22,88.26
2005-02-23,88.0497
2005-02-24,88.566
2005-02-25,88.7189
2005-02-28,88.5086
2005-03-01,89.1969
2005-03-02,88.8336
2005-03-03,88.3461
2005-03-04,88.3078
2005-03-07,87.5717
2005-03-08,88.0784
2005-03-09,88.2887
2005-03-10,88.3461
2005-03-11,87.4857
2005-03-14,87.8585
2005-03-15,87.3614
2005-03-16,86.6635
2005-03-17,85.9082
2005-03-18,85.3537
2005-03-21,85.5736
2005-03-22,85.5641
2005-03-23,86.5392
2005-03-24,86.7113
2005-03-28,87.0363
2005-03-29,86.6157
2005-03-30,86.6922
2005-03-31,87.3614
2005-04-01,86.4627
2005-04-04,86.348
2005-04-05,85.631
2005-04-06,85.086
2005-04-07,84.5507
2005-04-08,83.7476
2005-04-11,82.4092
2005-04-12,81.979
2005-04-13,80.8509
2005-04-14,79.9618
2005-04-15,73.327
2005-04-18,73.2792
2005-04-19,72.1606
2005-04-20,68.8432
2005-04-21,70.7744
2005-04-22,70.9465
2005-04-25,71.3289
2005-04-26,72.1128
2005-04-27,73.6616
2005-04-28,72.5717
2005-04-29,73.021
2005-05-02,73.1453
2005-05-03,73.1071
2005-05-04,73.6902
2005-05-05,72.1797
2005-05-06,71.9503
2005-05-09,71.6826
2005-05-10,70.0765
2005-05-11,70.0574
2005-05-12,69.4264
2005-05-13,69.9426
2005-05-16,71.0707
2005-05-17,71.0229
2005-05-18,73.0019
2005-05-19,73.7667
2005-05-20,73.0497
2005-05-23,73.1453
2005-05-24,72.4761
2005-05-25,72.6577
2005-05-26,73.7476
2005-05-27,73.7094
2005-05-31,72.2275
2005-06-01,73.4608
2005-06-02,73.9484
2005-06-03,72.457
2005-06-06,71.7017
2005-06-07,71.74
2005-06-08,71.5105
2005-06-09,71.6348
2005-06-10,71.4818
2005-06-13,71.7495
2005-06-14,71.5966
2005-06-15,72.9445
2005-06-16,73.6616
2005-06-17,73.0306
2005-06-20,73.1836
2005-06-21,73.0497
2005-06-22,73.8336
2005-06-23,72.0937
2005-06-24,70.7553
2005-06-27,70.631
2005-06-28,71.9885
2005-06-29,71.4436
2005-06-30,70.9369
2005-07-01,71.3862
2005-07-05,71.501
2005-07-06,72.4761
2005-07-07,73.9771
2005-07-08,75.8126
2005-07-11,75.4876
2005-07-12,76.5201
2005-07-13,77.8681
2005-07-14,78.7954
2005-07-15,78.7572
2005-07-18,78.2122
2005-07-19,80.0191
2005-07-20,80.8795
2005-07-21,80.6883
2005-07-22,80.7266
2005-07-25,80.4971
2005-07-26,80.4206
2005-07-27,80.1816
2005-07-28,80.1147
2005-07-29,79.7897
2005-08-01,79.761
2005-08-02,79.6463
2005-08-03,80.3633
2005-08-04,79.4646
2005-08-05,79.6941
2005-08-08,79.6941
2005-08-09,79.8279
2005-08-10,78.413
2005-08-11,79.0249
2005-08-12,78.5755
2005-08-15,78.8719
2005-08-16,77.7247
2005-08-17,77.7247
2005-08-18,77.5813
2005-08-19,79.1205
2005-08-22,78.9675
2005-08-23,78.4226
2005-08-24,77.7438
2005-08-25,77.5335
2005-08-26,76.8451
2005-08-29,77.7629
2005-08-30,76.9981
2005-08-31,77.0746
2005-09-01,76.0421
2005-09-02,75.9656
2005-09-06,77.457
2005-09-07,77.4187
2005-09-08,77.2467
2005-09-09,77.8585
2005-09-12,77.8968
2005-09-13,77.1989
2005-09-14,76.9407
2005-09-15,76.4914
2005-09-16,76.7973
2005-09-19,75.9369
2005-09-20,75.239
2005-09-21,74.1491
2005-09-22,74.7706
2005-09-23,74.5698
2005-09-26,74.0057
2005-09-27,74.5602
2005-09-28,76.0038
2005-09-29,76.826
2005-09-30,76.6922
2005-10-03,76.912
2005-10-04,76.587
2005-10-05,76.3098
2005-10-06,76.195
2005-10-07,76.9598
2005-10-10,77.6769
2005-10-11,79.5315
2005-10-12,78.5755
2005-10-13,78.5851
2005-10-14,78.7285
2005-10-17,78.9579
2005-10-18,79.8088
2005-10-19,80.4685
2005-10-20,79.5124
2005-10-21,79.6654
2005-10-24,79.7992
2005-10-25,79.6941
2005-10-26,79.2447
2005-10-27,78.6902
2005-10-28,77.8394
2005-10-31,78.2792
2005-11-01,78.0019
2005-11-02,77.4952
2005-11-03,79.2256
2005-11-04,79.3499
2005-11-07,79.9331
2005-11-08,79.4933
2005-11-09,79.1969
2005-11-10,80.2964
2005-11-11,80.8317
2005-11-14,80.6501
2005-11-15,81.7686
2005-11-16,82.7342
2005-11-17,83.0688
2005-11-18,83.9101
2005-11-21,83.4512
2005-11-22,84.1205
2005-11-23,84.8948
2005-11-25,84.8948
2005-11-28,85.1912
2005-11-29,85.1816
2005-11-30,84.9904
2005-12-01,85.2868
2005-12-02,84.7514
2005-12-05,84.5411
2005-12-06,85.2199
2005-12-07,84.8184
2005-12-08,83.652
2005-12-09,83.1453
2005-12-12,82.1797
2005-12-13,80.0287
2005-12-14,79.4742
2005-12-15,79.8566
2005-12-16,79.7036
2005-12-19,79.1205
2005-12-20,78.8528
2005-12-21,79.4646
2005-12-22,79.5602
2005-12-23,79.8088
2005-12-27,79.3403
2005-12-28,79.3881
2005-12-29,78.7763
2005-12-30,78.5851
2006-01-03,78.4512
2006-01-04,78.3461
2006-01-05,78.8719
2006-01-06,81.2141
2006-01-09,80.0478
2006-01-10,80.3728
2006-01-11,80.4685
2006-01-12,79.8948
2006-01-13,79.5124
2006-01-17,79.3499
2006-01-18,80.1147
2006-01-19,79.4359
2006-01-20,77.782
2006-01-23,77.8298
2006-01-24,77.2945
2006-01-25,77.3518
2006-01-26,77.1702
2006-01-27,77.457
2006-01-30,78.0402
2006-01-31,77.7247
2006-02-01,78.3365
2006-02-02,77.6577
2006-02-03,76.4532
2006-02-06,76.0134
2006-02-07,76.3384
2006-02-08,77.2467
2006-02-09,76.8642
2006-02-10,77.7533
2006-02-13,76.9025
2006-02-14,77.5239
2006-02-15,77.2945
2006-02-16,77.3518
2006-02-17,77.1606
2006-02-21,76.9598
2006-02-22,77.7725
2006-02-23,76.673
2006-02-24,76.5774
2006-02-27,77.0841
2006-02-28,76.7113
2006-03-01,76.3862
2006-03-02,76.4245
2006-03-03,76.4436
2006-03-06,76.4818
2006-03-07,76.7591
2006-03-08,77.5717
2006-03-09,77.457
2006-03-10,77.9828
2006-03-13,78.327
2006-03-14,79.2352
2006-03-15,79.7132
2006-03-16,79.2256
2006-03-17,79.6367
2006-03-20,79.9044
2006-03-21,80.1243
2006-03-22,80.7361
2006-03-23,79.5411
2006-03-24,79.6941
2006-03-27,79.4264
2006-03-28,78.805
2006-03-29,79.4742
2006-03-30,79.5411
2006-03-31,78.8432
2006-04-03,79.4073
2006-04-04,79.7801
2006-04-05,80.4685
2006-04-06,80.1243
2006-04-07,78.8528
2006-04-10,78.4895
2006-04-11,77.5908
2006-04-12,77.1989
2006-04-13,78.3748
2006-04-17,78.0497
2006-04-18,79.6463
2006-04-19,78.26
2006-04-20,78.413
2006-04-21,78.0688
2006-04-24,78.499
2006-04-25,79.0344
2006-04-26,79.6845
2006-04-27,80.1912
2006-04-28,78.7189
2006-05-01,78.6138
2006-05-02,78.7954
2006-05-03,79.0631
2006-05-04,78.805
2006-05-05,79.6176
2006-05-08,79.2447
2006-05-09,79.5698
2006-05-10,79.2543
2006-05-11,78.8336
2006-05-12,78.7667
2006-05-15,79.2447
2006-05-16,78.5468
2006-05-17,77.696
2006-05-18,77.1128
2006-05-19,76.7495
2006-05-22,76.501
2006-05-23,76.3193
2006-05-24,76.2715
2006-05-25,76.6157
2006-05-26,77.1989
2006-05-30,76.6348
2006-05-31,76.3862
2006-06-01,77.1415
2006-06-02,76.0229
2006-06-05,75.5832
2006-06-06,76.2524
2006-06-07,75.6692
2006-06-08,73.6424
2006-06-09,74.2161
2006-06-12,73.6329
2006-06-13,73.5468
2006-06-14,74.2925
2006-06-15,75.1052
2006-06-16,74.522
2006-06-19,74.2543
2006-06-20,74.5602
2006-06-21,74.8566
2006-06-22,73.7954
2006-06-23,73.7094
2006-06-26,73.7572
2006-06-27,73.26
2006-06-28,73.1931
2006-06-29,74.1778
2006-06-30,73.4417
2006-07-03,74.5889
2006-07-05,74.3499
2006-07-06,74.6558
2006-07-07,73.0593
2006-07-10,73.2983
2006-07-11,73.1071
2006-07-12,72.1606
2006-07-13,70.9751
2006-07-14,70.3346
2006-07-17,70.4589
2006-07-18,70.9943
2006-07-19,72.7247
2006-07-20,72.1606
2006-07-21,71.5679
2006-07-24,72.6482
2006-07-25,72.5526
2006-07-26,72.4952
2006-07-27,72.8011
2006-07-28,73.5755
2006-07-31,74.0057
2006-08-01,72.7916
2006-08-02,72.9637
2006-08-03,72.9732
2006-08-04,72.5717
2006-08-07,72.1989
2006-08-08,72.0172
2006-08-09,72.0746
2006-08-10,72.4092
2006-08-11,72.1606
2006-08-14,73.3078
2006-08-15,73.6902
2006-08-16,75.6119
2006-08-17,75.8795
2006-08-18,76.3862
2006-08-21,75.7935
2006-08-22,75.478
2006-08-23,75.2103
2006-08-24,75.8891
2006-08-25,76.3671
2006-08-28,76.7878
2006-08-29,77.8203
2006-08-30,77.6482
2006-08-31,77.4092
2006-09-01,77.8298
2006-09-05,77.2945
2006-09-06,76.7495
2006-09-07,75.9082
2006-09-08,77.1128
2006-09-11,77.3709
2006-09-12,78.6616
2006-09-13,78.5946
2006-09-14,78.8432
2006-09-15,79.2925
2006-09-18,78.6233
2006-09-19,78.2696
2006-09-20,79.7514
2006-09-21,78.021
2006-09-22,77.6386
2006-09-25,78.3939
2006-09-26,78.8719
2006-09-27,78.4799
2006-09-28,78.3843
2006-09-29,78.3365
2006-10-02,78.2696
2006-10-03,78.0593
2006-10-04,79.4455
2006-10-05,79.2734
2006-10-06,79.4837
2006-10-09,80.3059
2006-10-10,80.4876
2006-10-11,80.4876
2006-10-12,80.9751
2006-10-13,82.2945
2006-10-16,82.8968
2006-10-17,83.1262
2006-10-18,85.87
2006-10-19,85.9082
2006-10-20,86.501
2006-10-23,87.5335
2006-10-24,87.4665
2006-10-25,87.7916
2006-10-26,87.5143
2006-10-27,86.7686
2006-10-30,87.4761
2006-10-31,88.2696
2006-11-01,87.7629
2006-11-02,87.6482
2006-11-03,87.3901
2006-11-06,88.5277
2006-11-07,88.6711
2006-11-08,88.5182
2006-11-09,88.3556
2006-11-10,87.7247
2006-11-13,88.021
2006-11-14,89.1874
2006-11-15,89.0153
2006-11-16,89.3595
2006-11-17,89.6845
2006-11-20,89.1491
2006-11-21,88.9866
2006-11-22,89.4073
2006-11-24,89.2447
2006-11-27,87.4283
2006-11-28,87.3327
2006-11-29,87.4952
2006-11-30,87.8776
2006-12-01,87.2371
2006-12-04,89.3977
2006-12-05,90.3251
2006-12-06,89.9809
2006-12-07,90.086
2006-12-08,89.7323
2006-12-11,89.522
2006-12-12,89.9809
2006-12-13,90.6023
2006-12-14,91.1664
2006-12-15,91.109
2006-12-18,91.2428
2006-12-19,91.7782
2006-12-20,91.7782
2006-12-21,91.6922
2006-12-22,91.0612
2006-12-26,91.4532
2006-12-27,92.9254
2006-12-28,92.7055
2006-12-29,92.8776
2007-01-03,92.9924
2007-01-04,93.9866
2007-01-05,93.1358
2007-01-08,94.5507
2007-01-09,95.6692
2007-01-10,94.5411
2007-01-11,94.3117
2007-01-12,94.9713
2007-01-16,96.3862
2007-01-17,95.6214
2007-01-18,95.0765
2007-01-19,91.9407
2007-01-22,92.8394
2007-01-23,92.8107
2007-01-24,93.1166
2007-01-25,93.2218
2007-01-26,93.1644
2007-01-29,94.2065
2007-01-30,95.0
2007-01-31,94.7897
2007-02-01,94.6463
2007-02-02,94.8088
2007-02-05,95.9656
2007-02-06,95.4589
2007-02-07,95.1625
2007-02-08,95.239
2007-02-09,94.2161
2007-02-12,94.2447
2007-02-13,93.9675
2007-02-14,94.8375
2007-02-15,94.5698
2007-02-16,94.6367
2007-02-20,94.9809
2007-02-21,94.7323
2007-02-22,94.1683
2007-02-23,93.4321
2007-02-26,92.6482
2007-02-27,89.8279
2007-02-28,88.8528
2007-03-01,88.2122
2007-03-02,86.9025
2007-03-05,87.7725
2007-03-06,89.6749
2007-03-07,89.8088
2007-03-08,88.9101
2007-03-09,89.1778
2007-03-12,89.9713
2007-03-13,88.6329
2007-03-14,89.6367
2007-03-15,89.3403
2007-03-16,89.1491
2007-03-19,89.8566
2007-03-20,90.3442
2007-03-21,91.1664
2007-03-22,91.0038
2007-03-23,90.8509
2007-03-26,90.8222
2007-03-27,90.5641
2007-03-28,90.1147
2007-03-29,90.4111
2007-03-30,90.1147
2007-04-02,91.0229
2007-04-03,91.8738
2007-04-04,91.979
2007-04-05,92.2753
2007-04-09,92.3709
2007-04-10,92.218
2007-04-11,90.9751
2007-04-12,91.4627
2007-04-13,90.7553
2007-04-16,91.9503
2007-04-17,92.8489
2007-04-18,90.631
2007-04-19,90.1434
2007-04-20,90.4206
2007-04-23,91.0229
2007-04-24,94.1587
2007-04-25,96.9981
2007-04-26,96.4627
2007-04-27,96.7208
2007-04-30,97.7151
2007-05-01,98.6329
2007-05-02,97.7247
2007-05-03,98.2792
2007-05-04,98.4321
2007-05-07,98.6233
2007-05-08,98.7476
2007-05-09,99.7897
2007-05-10,100.0765
2007-05-11,101.3193
2007-05-14,100.9273
2007-05-15,100.2199
2007-05-16,101.2141
2007-05-17,100.6788
2007-05-18,103.2409
2007-05-21,102.3327
2007-05-22,102.0076
2007-05-23,100.9369
2007-05-24,99.3786
2007-05-25,100.5545
2007-05-29,101.2524
2007-05-30,102.2275
2007-05-31,101.912
2007-06-01,101.8547
2007-06-04,101.5583
2007-06-05,101.1855
2007-06-06,97.9063
2007-06-07,97.3231
2007-06-08,98.5373
2007-06-11,98.6807
2007-06-12,97.8394
2007-06-13,98.5851
2007-06-14,99.283
2007-06-15,100.4685
2007-06-18,100.6979
2007-06-19,101.8164
2007-06-20,101.3384
2007-06-21,101.912
2007-06-22,99.847
2007-06-25,100.478
2007-06-26,100.6979
2007-06-27,100.7935
2007-06-28,101.2906
2007-06-29,100.6214
2007-07-02,100.392
2007-07-03,101.8929
2007-07-05,103.2983
2007-07-06,104.2352
2007-07-09,104.1778
2007-07-10,103.8528
2007-07-11,104.3021
2007-07-12,104.4742
2007-07-13,103.8241
2007-07-16,104.8375
2007-07-17,105.8987
2007-07-18,106.195
2007-07-19,110.7648
2007-07-20,109.761
2007-07-23,111.2619
2007-07-24,111.0612
2007-07-25,112.9063
2007-07-26,111.4054
2007-07-27,110.5354
2007-07-30,109.4837
2007-07-31,105.7839
2007-08-01,107.1128
2007-08-02,108.2505
2007-08-03,106.9694
2007-08-06,108.8815
2007-08-07,108.5373
2007-08-08,108.0115
2007-08-09,105.8604
2007-08-10,107.6864
2007-08-13,107.7533
2007-08-14,107.1224
2007-08-15,106.3384
2007-08-16,104.8662
2007-08-17,106.0229
2007-08-20,104.4168
2007-08-21,104.2447
2007-08-22,105.1625
2007-08-23,106.5488
2007-08-24,108.26
2007-08-27,108.4512
2007-08-28,107.0746
2007-08-29,109.5315
2007-08-30,110.2964
2007-08-31,111.5583
2007-09-04,112.9924
2007-09-05,112.696
2007-09-06,112.4474
2007-09-07,110.4685
2007-09-10,110.7075
2007-09-11,112.1893
2007-09-12,110.8987
2007-09-13,110.8509
2007-09-14,110.0669
2007-09-17,109.4837
2007-09-18,111.501
2007-09-19,111.5392
2007-09-20,111.7208
2007-09-21,111.6444
2007-09-24,111.1377
2007-09-25,111.3862
2007-09-26,112.1415
2007-09-27,112.5335
2007-09-28,112.6195
2007-10-01,113.7954
2007-10-02,113.1549
2007-10-03,111.2811
2007-10-04,110.6023
2007-10-05,111.1855
2007-10-08,112.5908
2007-10-09,113.0975
2007-10-10,113.4034
2007-10-11,112.8585
2007-10-12,112.6291
2007-10-15,112.8394
2007-10-16,114.3403
2007-10-17,110.6883
2007-10-18,109.7514
2007-10-19,107.3423
2007-10-22,108.3843
2007-10-23,109.6367
2007-10-24,107.9828
2007-10-25,107.8489
2007-10-26,108.7285
2007-10-29,109.7514
2007-10-30,109.1013
2007-10-31,111.0134
2007-11-01,108.652
2007-11-02,109.5507
2007-11-05,108.413
2007-11-06,108.1931
2007-11-07,106.195
2007-11-08,101.4436
2007-11-09,95.8413
2007-11-12,96.9885
2007-11-13,100.6405
2007-11-14,98.891
2007-11-15,99.044
2007-11-16,100.1816
2007-11-19,97.7247
2007-11-20,98.8719
2007-11-21,97.7247
2007-11-23,99.4742
2007-11-26,97.4857
2007-11-27,99.2639
2007-11-28,102.6482
2007-11-29,102.7725
2007-11-30,100.5545
2007-12-03,101.1759
2007-12-04,101.9407
2007-12-05,103.4034
2007-12-06,104.8757
2007-12-07,104.0727
2007-12-10,104.5794
2007-12-11,102.2849
2007-12-12,103.6998
2007-12-13,103.4226
2007-12-14,101.1185
2007-12-17,99.9331
2007-12-18,101.6348
2007-12-19,102.4283
2007-12-20,104.0535
2007-12-21,106.1664
2007-12-24,106.74
2007-12-26,106.6539
2007-12-27,104.7801
2007-12-28,105.2486
2007-12-31,103.3461
2008-01-02,100.086
2008-01-03,100.2868
2008-01-04,96.6826
2008-01-07,95.6501
2008-01-08,93.2983
2008-01-09,93.9866
2008-01-10,95.5258
2008-01-11,93.3748
2008-01-14,98.4034
2008-01-15,97.3518
2008-01-16,97.1606
2008-01-17,96.6539
2008-01-18,98.8528
2008-01-22,96.7686
2008-01-23,101.434
2008-01-24,102.2084
2008-01-25,99.9235
2008-01-28,100.3633
2008-01-29,101.434
2008-01-30,101.0038
2008-01-31,102.3996
2008-02-01,104.283
2008-02-04,103.1836
2008-02-05,100.4015
2008-02-06,99.0344
2008-02-07,97.8394
2008-02-08,98.7285
2008-02-11,100.5163
2008-02-12,101.8451
2008-02-13,103.652
2008-02-14,101.4627
2008-02-15,101.4914
2008-02-19,100.3824
2008-02-20,103.1071
2008-02-21,102.2275
2008-02-22,103.3174
2008-02-25,105.239
2008-02-26,109.3499
2008-02-27,111.3384
2008-02-28,110.1721
2008-02-29,108.8528
2008-03-03,109.2065
2008-03-04,110.6214
2008-03-05,110.3155
2008-03-06,107.5717
2008-03-07,108.9293
2008-03-10,108.9962
2008-03-11,111.3671
2008-03-12,111.9216
2008-03-13,110.8126
2008-03-14,110.1625
2008-03-17,110.4685
2008-03-18,113.2027
2008-03-19,111.7973
2008-03-20,113.1262
2008-03-24,113.8241
2008-03-25,112.782
2008-03-26,111.7686
2008-03-27,110.4398
2008-03-28,109.5315
2008-03-31,110.0765
2008-04-01,111.3671
2008-04-02,109.761
2008-04-03,110.9178
2008-04-04,110.6692
2008-04-07,111.195
2008-04-08,111.1568
2008-04-09,111.6348
2008-04-10,113.5564
2008-04-11,110.8987
2008-04-14,112.1224
2008-04-15,112.0172
2008-04-16,115.1721
2008-04-17,117.6673
2008-04-18,118.9293
2008-04-21,118.8815
2008-04-22,118.2314
2008-04-23,118.1644
2008-04-24,118.7285
2008-04-25,117.6673
2008-04-28,116.3384
2008-04-29,117.4474
2008-04-30,115.392
2008-05-01,118.174
2008-05-02,117.7629
2008-05-05,116.6635
2008-05-06,117.4187
2008-05-07,118.6807
2008-05-08,119.4264
2008-05-09,118.6042
2008-05-12,119.7323
2008-05-13,121.0134
2008-05-14,121.912
2008-05-15,122.8107
2008-05-16,122.1989
2008-05-19,120.9273
2008-05-20,119.6749
2008-05-21,118.1836
2008-05-22,119.2161
2008-05-23,118.7381
2008-05-27,121.7208
2008-05-28,123.8432
2008-05-29,124.0057
2008-05-30,123.7381
2008-06-02,121.7591
2008-06-03,122.218
2008-06-04,121.9407
2008-06-05,122.8203
2008-06-06,119.4455
2008-06-09,120.3251
2008-06-10,120.4015
2008-06-11,117.8298
2008-06-12,118.4034
2008-06-13,120.6023
2008-06-16,121.1377
2008-06-17,119.5985
2008-06-18,118.6998
2008-06-19,119.522
2008-06-20,117.3423
2008-06-23,118.0306
2008-06-24,118.0306
2008-06-25,119.1013
2008-06-26,115.8031
2008-06-27,114.7706
2008-06-30,113.3174
2008-07-01,114.0249
2008-07-02,113.8623
2008-07-03,114.283
2008-07-07,116.1568
2008-07-08,118.4321
2008-07-09,115.1052
2008-07-10,117.7629
2008-07-11,116.7495
2008-07-14,116.195
2008-07-15,117.782
2008-07-16,120.4015
2008-07-17,120.956
2008-07-18,124.1778
2008-07-21,123.0019
2008-07-22,124.283
2008-07-23,123.8241
2008-07-24,124.283
2008-07-25,122.8776
2008-07-28,120.6979
2008-07-29,122.0459
2008-07-30,123.1931
2008-07-31,122.3518
2008-08-01,121.0707
2008-08-04,121.9503
2008-08-05,123.2027
2008-08-06,123.4799
2008-08-07,123.3748
2008-08-08,123.1453
2008-08-11,121.0325
2008-08-12,119.7132
2008-08-13,120.2677
2008-08-14,121.3576
2008-08-15,120.8031
2008-08-18,119.1109
2008-08-19,117.1702
2008-08-20,117.1224
2008-08-21,117.5813
2008-08-22,119.4359
2008-08-25,117.457
2008-08-26,117.1128
2008-08-27,117.9541
2008-08-28,119.1013
2008-08-29,116.3767
2008-09-02,113.2027
2008-09-03,113.1358
2008-09-04,109.9426
2008-09-05,109.3021
2008-09-08,112.1319
2008-09-09,109.9809
2008-09-10,112.8489
2008-09-11,113.9579
2008-09-12,113.7381
2008-09-15,110.1243
2008-09-16,110.9465
2008-09-17,106.5679
2008-09-18,110.0574
2008-09-19,113.6233
2008-09-22,111.0994
2008-09-23,110.2868
2008-09-24,111.3384
2008-09-25,114.8279
2008-09-26,114.1683
2008-09-29,109.4264
2008-09-30,111.8164
2008-10-01,105.2868
2008-10-02,100.1338
2008-10-03,98.891
2008-10-06,96.195
2008-10-07,91.4436
2008-10-08,86.5679
2008-10-09,85.086
2008-10-10,83.891
2008-10-13,88.1549
2008-10-14,89.4837
2008-10-15,84.4073
2008-10-16,87.4952
2008-10-17,86.7878
2008-10-20,88.4417
2008-10-21,84.9522
2008-10-22,79.9235
2008-10-23,80.6405
2008-10-24,78.4608
2008-10-27,76.1568
2008-10-28,83.4417
2008-10-29,84.3212
2008-10-30,86.7017
2008-10-31,88.8815
2008-11-03,88.6042
2008-11-04,89.2925
2008-11-05,85.9847
2008-11-06,81.4054
2008-11-07,82.4761
2008-11-10,80.1816
2008-11-11,79.1013
2008-11-12,76.2333
2008-11-13,80.5067
2008-11-14,76.7973
2008-11-17,74.0727
2008-11-18,76.5583
2008-11-19,72.6291
2008-11-20,68.5851
2008-11-21,71.587
2008-11-24,76.3767
2008-11-25,77.1032
2008-11-26,78.0784
2008-11-28,78.0115
2008-12-01,73.5182
2008-12-02,76.3289
2008-12-03,77.1224
2008-12-04,74.0344
2008-12-05,77.0459
2008-12-08,81.1281
2008-12-09,79.0535
2008-12-10,79.2161
2008-12-11,77.0363
2008-12-12,78.5851
2008-12-15,79.13
2008-12-16,82.6004
2008-12-17,82.065
2008-12-18,80.3059
2008-12-19,79.847
2008-12-22,78.3843
2008-12-23,77.0555
2008-12-24,76.979
2008-12-26,77.7533
2008-12-29,77.6769
2008-12-30,79.8757
2008-12-31,80.4589
2009-01-02,83.5277
2009-01-05,83.0019
2009-01-06,85.3059
2009-01-07,83.9293
2009-01-08,83.3461
2009-01-09,80.9751
2009-01-12,81.9407
2009-01-13,81.587
2009-01-14,79.5315
2009-01-15,80.4206
2009-01-16,81.1855
2009-01-20,78.3748
2009-01-21,87.3996
2009-01-22,86.109
2009-01-23,85.5545
2009-01-26,87.5717
2009-01-27,87.6291
2009-01-28,90.6501
2009-01-29,88.4417
2009-01-30,87.6195
2009-02-02,86.9312
2009-02-03,89.369
2009-02-04,88.7476
2009-02-05,88.3461
2009-02-06,91.912
2009-02-09,92.5621
2009-02-10,89.1683
2009-02-11,90.9751
2009-02-12,90.8891
2009-02-13,89.7132
2009-02-17,86.6826
2009-02-18,87.4857
2009-02-19,85.0191
2009-02-20,84.8853
2009-02-23,80.6597
2009-02-24,82.6004
2009-02-25,82.1224
2009-02-26,85.0574
2009-02-27,87.9828
2009-03-02,85.1338
2009-03-03,83.9101
2009-03-04,85.5545
2009-03-05,83.6329
2009-03-06,82.0363
2009-03-09,79.8088
2009-03-10,83.413
2009-03-11,84.7228
2009-03-12,86.4245
2009-03-13,86.3862
2009-03-16,87.2084
2009-03-17,88.8241
2009-03-18,87.9063
2009-03-19,88.5851
2009-03-20,88.4417
2009-03-23,94.369
2009-03-24,93.9771
2009-03-25,93.6424
2009-03-26,94.4359
2009-03-27,90.0096
2009-03-30,90.3633
2009-03-31,92.6291
2009-04-01,93.3174
2009-04-02,96.3862
2009-04-03,97.7247
2009-04-06,97.0937
2009-04-07,94.4073
2009-04-08,96.74
2009-04-09,97.2275
2009-04-13,95.5545
2009-04-14,94.9044
2009-04-15,94.5029
2009-04-16,96.9694
2009-04-17,96.8164
2009-04-20,96.0134
2009-04-21,97.8107
2009-04-22,98.0402
2009-04-23,96.9598
2009-04-24,95.6788
2009-04-27,95.5545
2009-04-28,97.457
2009-04-29,99.4646
2009-04-30,98.6711
2009-05-01,100.0096
2009-05-04,101.5201
2009-05-05,101.195
2009-05-06,100.0191
2009-05-07,98.0784
2009-05-08,97.0268
2009-05-11,98.3748
2009-05-12,99.369
2009-05-13,97.7629
2009-05-14,96.6061
2009-05-15,96.912
2009-05-18,99.9809
2009-05-19,100.87
2009-05-20,99.4742
2009-05-21,98.2983
2009-05-22,97.4092
2009-05-26,100.4015
2009-05-27,98.4034
2009-05-28,100.086
2009-05-29,101.6061
2009-06-01,103.6042
2009-06-02,102.1319
2009-06-03,101.8069
2009-06-04,101.6539
2009-06-05,102.5239
2009-06-08,102.7629
2009-06-09,103.3843
2009-06-10,103.5851
2009-06-11,104.5889
2009-06-12,103.4512
2009-06-15,102.8872
2009-06-16,102.6004
2009-06-17,102.2945
2009-06-18,101.6539
2009-06-19,101.2333
2009-06-22,99.9235
2009-06-23,99.847
2009-06-24,99.5698
2009-06-25,101.3958
2009-06-26,101.0325
2009-06-29,101.1759
2009-06-30,99.8279
2009-07-01,100.2294
2009-07-02,97.2562
2009-07-06,97.1797
2009-07-07,95.7839
2009-07-08,96.2524
2009-07-09,97.5908
2009-07-10,96.3958
2009-07-13,99.0631
2009-07-14,98.7094
2009-07-15,102.5048
2009-07-16,105.7744
2009-07-17,110.3442
2009-07-20,111.3193
2009-07-21,111.8929
2009-07-22,110.4876
2009-07-23,111.912
2009-07-24,112.4665
2009-07-27,112.457
2009-07-28,112.1224
2009-07-29,112.1032
2009-07-30,112.6769
2009-07-31,112.7438
2009-08-03,114.6463
2009-08-04,114.3403
2009-08-05,113.26
2009-08-06,112.218
2009-08-07,114.0822
2009-08-10,113.4799
2009-08-11,112.6099
2009-08-12,114.044
2009-08-13,114.3212
2009-08-14,113.3556
2009-08-17,111.7208
2009-08-18,112.457
2009-08-19,113.3556
2009-08-20,113.7189
2009-08-21,114.6272
2009-08-24,114.0727
2009-08-25,113.6042
2009-08-26,114.2161
2009-08-27,114.1778
2009-08-28,113.021
2009-08-31,112.8585
2009-09-01,111.5583
2009-09-02,110.9847
2009-09-03,111.2141
2009-09-04,112.2945
2009-09-08,112.0076
2009-09-09,111.6252
2009-09-10,112.4952
2009-09-11,112.8585
2009-09-14,113.652
2009-09-15,114.1013
2009-09-16,116.4627
2009-09-17,116.5201
2009-09-18,116.74
2009-09-21,116.2237
2009-09-22,116.2619
2009-09-23,115.5067
2009-09-24,115.6214
2009-09-25,115.7553
2009-09-28,114.0822
2009-09-29,113.5851
2009-09-30,114.3499
2009-10-01,112.7151
2009-10-02,113.7859
2009-10-05,114.4837
2009-10-06,116.0134
2009-10-07,117.3805
2009-10-08,116.912
2009-10-09,120.392
2009-10-12,121.4532
2009-10-13,121.434
2009-10-14,122.7055
2009-10-15,122.3518
2009-10-16,116.2906
2009-10-19,117.6482
2009-10-20,117.4187
2009-10-21,115.5545
2009-10-22,117.2945
2009-10-23,115.0669
2009-10-26,114.8279
2009-10-27,115.3442
2009-10-28,116.1568
2009-10-29,117.4665
2009-10-30,115.3059
2009-11-02,115.2581
2009-11-03,115.8317
2009-11-04,115.956
2009-11-05,117.6864
2009-11-06,118.0593
2009-11-09,120.4589
2009-11-10,121.3289
2009-11-11,121.5966
2009-11-12,120.7075
2009-11-13,121.4436
2009-11-16,122.5717
2009-11-17,122.9732
2009-11-18,122.5143
2009-11-19,121.9312
2009-11-20,121.3767
2009-11-23,122.5621
2009-11-24,122.304
2009-11-25,121.6826
2009-11-27,120.1721
2009-11-30,120.7935
2009-12-01,122.3136
2009-12-02,121.6157
2009-12-03,121.9407
2009-12-04,121.6539
2009-12-07,121.4532
2009-12-08,121.2237
2009-12-09,122.7438
2009-12-10,123.652
2009-12-11,123.9771
2009-12-14,124.2161
2009-12-15,122.8394
2009-12-16,123.0497
2009-12-17,121.7973
2009-12-18,122.2849
2009-12-21,122.9924
2009-12-22,124.2161
2009-12-23,124.283
2009-12-24,124.8279
2009-12-28,126.4914
2009-12-29,126.0516
2009-12-30,126.74
2009-12-31,125.1434
2010-01-04,126.6252
2010-01-05,125.0956
2010-01-06,124.283
2010-01-07,123.8528
2010-01-08,125.0956
2010-01-11,123.7859
2010-01-12,124.7706
2010-01-13,124.5029
2010-01-14,126.4914
2010-01-15,125.9847
2010-01-19,128.2409
2010-01-20,124.522
2010-01-21,123.327
2010-01-22,119.9809
2010-01-25,120.5736
2010-01-26,120.2199
2010-01-27,120.7744
2010-01-28,118.3078
2010-01-29,117.0076
2010-02-01,119.1874
2010-02-02,120.0096
2010-02-03,120.1338
2010-02-04,117.5908
2010-02-05,118.088
2010-02-08,116.5201
2010-02-09,117.7916
2010-02-10,117.4092
2010-02-11,118.2887
2010-02-12,118.5468
2010-02-16,119.7228
2010-02-17,120.7744
2010-02-18,122.1893
2010-02-19,121.5966
2010-02-22,121.2715
2010-02-23,120.8987
2010-02-24,121.979
2010-02-25,121.4818
2010-02-26,121.5679
2010-03-01,122.9159
2010-03-02,121.8164
2010-03-03,121.3002
2010-03-04,121.1472
2010-03-05,121.6539
2010-03-08,120.8509
2010-03-09,120.0287
2010-03-10,120.0956
2010-03-11,121.9885
2010-03-12,122.3136
2010-03-15,122.2084
2010-03-16,123.0115
2010-03-17,122.1415
2010-03-18,122.7342
2010-03-19,122.0937
2010-03-22,122.3518
2010-03-23,123.6807
2010-03-24,122.8776
2010-03-25,123.5564
2010-03-26,123.5755
2010-03-29,122.935
2010-03-30,123.1071
2010-03-31,122.6099
2010-04-01,122.6099
2010-04-05,123.6616
2010-04-06,123.26
2010-04-07,122.8298
2010-04-08,121.9981
2010-04-09,123.0975
2010-04-12,122.7151
2010-04-13,123.3556
2010-04-14,125.478
2010-04-15,125.1338
2010-04-16,124.8853
2010-04-19,126.4149
2010-04-20,123.9866
2010-04-21,123.3174
2010-04-22,123.4512
2010-04-23,124.2734
2010-04-26,124.9809
2010-04-27,123.1549
2010-04-28,124.3786
2010-04-29,124.7228
2010-04-30,123.327
2010-05-03,123.9006
2010-05-04,122.4857
2010-05-05,121.8547
2010-05-06,118.4704
2010-05-07,116.7304
2010-05-10,120.717
2010-05-11,121.3098
2010-05-12,126.8451
2010-05-13,125.6979
2010-05-14,125.4206
2010-05-17,124.7036
2010-05-18,124.2352
2010-05-19,123.1931
2010-05-20,118.3556
2010-05-21,119.9044
2010-05-24,118.9771
2010-05-25,119.044
2010-05-26,117.8107
2010-05-27,120.8317
2010-05-28,119.7514
2010-06-01,118.8719
2010-06-02,121.8069
2010-06-03,122.3327
2010-06-04,119.7706
2010-06-07,118.6711
2010-06-08,118.2792
2010-06-09,118.4512
2010-06-10,122.065
2010-06-11,122.8011
2010-06-14,122.8489
2010-06-15,124.0822
2010-06-16,124.6176
2010-06-17,125.2199
2010-06-18,124.4264
2010-06-21,124.9044
2010-06-22,123.6138
2010-06-23,124.3881
2010-06-24,122.5526
2010-06-25,121.5296
2010-06-28,123.3078
2010-06-29,119.5889
2010-06-30,118.0497
2010-07-01,117.1797
2010-07-02,116.501
2010-07-06,118.0306
2010-07-07,121.4149
2010-07-08,122.3423
2010-07-09,122.3327
2010-07-12,123.0115
2010-07-13,124.7419
2010-07-14,124.9713
2010-07-15,124.9713
2010-07-16,122.3996
2010-07-19,124.0822
2010-07-20,120.9847
2010-07-21,119.761
2010-07-22,121.8642
2010-07-23,122.7342
2010-07-26,122.7629
2010-07-27,122.9732
2010-07-28,122.782
2010-07-29,122.3901
2010-07-30,122.7533
2010-08-02,125.0096
2010-08-03,124.6367
2010-08-04,125.4971
2010-08-05,126.0325
2010-08-06,124.4168
2010-08-09,126.195
2010-08-10,126.0421
2010-08-11,124.1205
2010-08-12,122.6577
2010-08-13,122.2467
2010-08-16,122.1511
2010-08-17,122.8011
2010-08-18,123.6998
2010-08-19,123.2314
2010-08-20,121.8929
2010-08-23,120.9082
2010-08-24,119.4073
2010-08-25,119.761
2010-08-26,117.3805
2010-08-27,119.2447
2010-08-30,117.9732
2010-08-31,117.7151
2010-09-01,120.239
2010-09-02,119.5411
2010-09-03,121.9694
2010-09-07,120.4111
2010-09-08,120.5354
2010-09-09,120.8031
2010-09-10,122.3614
2010-09-13,123.9101
2010-09-14,123.1836
2010-09-15,123.7381
2010-09-16,123.9675
2010-09-17,124.4646
2010-09-20,125.9943
2010-09-21,126.1759
2010-09-22,126.74
2010-09-23,125.8795
2010-09-24,128.2122
2010-09-27,128.7285
2010-09-28,128.9579
2010-09-29,129.522
2010-09-30,128.2409
2010-10-01,129.675
2010-10-04,129.3021
2010-10-05,131.6061
2010-10-06,131.7782
2010-10-07,132.6195
2010-10-08,132.7438
2010-10-11,133.5182
2010-10-12,133.6998
2010-10-13,134.1969
2010-10-14,135.2773
2010-10-15,134.8566
2010-10-18,136.5488
2010-10-19,131.9599
2010-10-20,132.9541
2010-10-21,133.6807
2010-10-22,133.5277
2010-10-25,133.6902
2010-10-26,134.4837
2010-10-27,135.2103
2010-10-28,134.7036
2010-10-29,137.2849
2010-11-01,137.0172
2010-11-02,137.5143
2010-11-03,137.8298
2010-11-04,140.3346
2010-11-05,140.4589
2010-11-08,140.0191
2010-11-09,139.7132
2010-11-10,140.1052
2010-11-11,139.0344
2010-11-12,137.4187
2010-11-15,137.3231
2010-11-16,135.9847
2010-11-17,135.7075
2010-11-18,138.0115
2010-11-19,138.6711
2010-11-22,138.9962
2010-11-23,136.8834
2010-11-24,139.3977
2010-11-26,137.5717
2010-11-29,136.6061
2010-11-30,135.239
2010-12-01,138.0593
2010-12-02,138.7954
2010-12-03,138.9866
2010-12-06,138.6138
2010-12-07,137.6864
2010-12-08,138.6042
2010-12-09,137.9541
2010-12-10,138.4512
2010-12-13,137.935
2010-12-14,139.4073
2010-12-15,138.3556
2010-12-16,138.1931
2010-12-17,138.6233
2010-12-20,138.1549
2010-12-21,139.3308
2010-12-22,139.5316
2010-12-23,139.4742
2010-12-27,138.9484
2010-12-28,139.3021
2010-12-29,140.0765
2010-12-30,140.2199
2010-12-31,140.3059
2011-01-03,140.9943
2011-01-04,141.1472
2011-01-05,140.5832
2011-01-06,142.1224
2011-01-07,141.4245
2011-01-10,141.1472
2011-01-11,140.8031
2011-01-12,142.543
2011-01-13,142.2753
2011-01-14,143.4034
2011-01-18,144.0249
2011-01-19,148.8432
2011-01-20,148.9484
2011-01-21,148.6616
2011-01-24,152.6099
2011-01-25,154.3403
2011-01-26,153.9579
2011-01-27,153.9866
2011-01-28,152.2084
2011-01-31,154.8757
2011-02-01,156.3671
2011-02-02,156.1185
2011-02-03,156.3384
2011-02-04,156.7878
2011-02-07,157.5717
2011-02-08,158.7476
2011-02-09,157.4092
2011-02-10,156.8738
2011-02-11,156.6444
2011-02-14,156.0421
2011-02-15,155.6788
2011-02-16,156.2141
2011-02-17,157.0172
2011-02-18,157.5908
2011-02-22,154.8279
2011-02-23,153.1358
2011-02-24,153.6998
2011-02-25,155.1434
2011-02-28,154.761
2011-03-01,152.935
2011-03-02,153.1166
2011-03-03,156.2906
2011-03-04,154.7132
2011-03-07,152.8967
2011-03-08,155.1434
2011-03-09,158.566
2011-03-10,154.8948
2011-03-11,155.2868
2011-03-14,154.2925
2011-03-15,152.0268
2011-03-16,146.2715
2011-03-17,147.3996
2011-03-18,149.0344
2011-03-21,150.7457
2011-03-22,151.0516
2011-03-23,152.5143
2011-03-24,153.0019
2011-03-25,155.0478
2011-03-28,154.2734
2011-03-29,155.717
2011-03-30,156.4053
2011-03-31,155.8987
2011-04-01,157.0459
2011-04-04,157.0268
2011-04-05,156.7782
2011-04-06,156.826
2011-04-07,157.151
2011-04-08,156.8356
2011-04-11,156.74
2011-04-12,156.0707
2011-04-13,156.74
2011-04-14,157.7151
2011-04-15,158.9006
2011-04-18,158.6424
2011-04-19,158.1262
2011-04-20,157.5048
2011-04-21,160.8795
2011-04-25,160.2964
2011-04-26,161.0803
2011-04-27,162.8776
2011-04-28,163.2696
2011-04-29,163.0784
2011-05-02,164.5793
2011-05-03,165.2677
2011-05-04,163.1166
2011-05-05,161.0516
2011-05-06,161.4627
2011-05-09,161.6635
2011-05-10,162.8872
2011-05-11,162.0459
2011-05-12,164.6654
2011-05-13,162.4474
2011-05-16,161.434
2011-05-17,163.0019
2011-05-18,162.9445
2011-05-19,163.088
2011-05-20,162.6769
2011-05-23,160.8604
2011-05-24,160.6023
2011-05-25,160.3728
2011-05-26,159.8279
2011-05-27,160.1339
2011-05-31,161.501
2011-06-01,159.2352
2011-06-02,158.7859
2011-06-03,157.7916
2011-06-06,157.5048
2011-06-07,156.4914
2011-06-08,157.1128
2011-06-09,157.5908
2011-06-10,156.0038
2011-06-13,155.9943
2011-06-14,156.9025
2011-06-15,155.1912
2011-06-16,155.5163
2011-06-17,157.2084
2011-06-20,157.7629
2011-06-21,158.9101
2011-06-22,158.3939
2011-06-23,158.8145
2011-06-24,157.8107
2011-06-27,160.2486
2011-06-28,162.5335
2011-06-29,163.0401
2011-06-30,164.0057
2011-07-01,166.8642
2011-07-05,167.7151
2011-07-06,169.8948
2011-07-07,168.7189
2011-07-08,168.7285
2011-07-11,167.2944
2011-07-12,166.3958
2011-07-13,166.6539
2011-07-14,166.5679
2011-07-15,167.8203
2011-07-18,167.5717
2011-07-19,177.065
2011-07-20,175.5736
2011-07-21,176.7686
2011-07-22,177.0363
2011-07-25,175.6214
2011-07-26,174.8853
2011-07-27,173.3748
2011-07-28,173.805
2011-07-29,173.8528
2011-08-01,172.8011
2011-08-02,170.2199
2011-08-03,170.9656
2011-08-04,163.9388
2011-08-05,165.3728
2011-08-08,158.9101
2011-08-09,163.1071
2011-08-10,155.392
2011-08-11,159.3977
2011-08-12,160.8031
2011-08-15,165.3824
2011-08-16,163.7094
2011-08-17,163.9388
2011-08-18,156.6252
2011-08-19,150.6119
2011-08-22,151.9885
2011-08-23,157.0937
2011-08-24,159.4264
2011-08-25,158.2983
2011-08-26,161.7017
2011-08-29,165.0287
2011-08-30,164.9235
2011-08-31,164.3499
2011-09-01,162.8394
2011-09-02,159.6367
2011-09-06,157.849
2011-09-07,159.9522
2011-09-08,157.9828
2011-09-09,154.2734
2011-09-12,155.2773
2011-09-13,156.2428
2011-09-14,159.8853
2011-09-15,162.6099
2011-09-16,165.3824
2011-09-19,165.5163
2011-09-20,167.0363
2011-09-21,165.4111
2011-09-22,161.2046
2011-09-23,161.8929
2011-09-26,166.8356
2011-09-27,169.8948
2011-09-28,169.7419
2011-09-29,171.2906
2011-09-30,167.1797
2011-10-03,165.6692
2011-10-04,167.0555
2011-10-05,169.0727
2011-10-06,173.6998
2011-10-07,174.369
2011-10-10,178.413
2011-10-11,176.8642
2011-10-12,177.935
2011-10-13,178.6042
2011-10-14,182.151
2011-10-17,178.3843
2011-10-18,171.0325
2011-10-19,169.5889
2011-10-20,169.4551
2011-10-21,173.6424
2011-10-24,174.2352
2011-10-25,172.4283
2011-10-26,173.9675
2011-10-27,177.7056
2011-10-28,179.2065
2011-10-31,176.5105
2011-11-01,173.3748
2011-11-02,175.8317
2011-11-03,179.0631
2011-11-04,178.1836
2011-11-07,179.0822
2011-11-08,179.0153
2011-11-09,174.2256
2011-11-10,175.2868
2011-11-11,179.1396
2011-11-14,179.1109
2011-11-15,180.4493
2011-11-16,178.413
2011-11-17,177.5621
2011-11-18,177.0937
2011-11-21,173.499
2011-11-22,173.3365
2011-11-23,170.1243
2011-11-25,169.2734
2011-11-28,174.1969
2011-11-29,172.9828
2011-11-30,179.7323
2011-12-01,181.1185
2011-12-02,181.3193
2011-12-05,182.4474
2011-12-06,184.4551
2011-12-07,185.5163
2011-12-08,183.1549
2011-12-09,186.0038
2011-12-12,183.7285
2011-12-13,182.7438
2011-12-14,180.4207
2011-12-15,179.2352
2011-12-16,175.4971
2011-12-19,174.847
2011-12-20,179.0057
2011-12-21,173.4895
2011-12-22,174.0344
2011-12-23,176.6252
2011-12-27,176.8164
2011-12-28,175.8987
2011-12-29,177.9924
2011-12-30,175.7935
2012-01-03,178.1071
2012-01-04,177.3805
2012-01-05,176.5392
2012-01-06,174.5124
2012-01-09,173.6042
2012-01-10,173.3365
2012-01-11,174.3021
2012-01-12,172.6099
2012-01-13,171.2811
2012-01-17,172.0841
2012-01-18,173.1071
2012-01-19,172.5813
2012-01-20,180.2294
2012-01-23,181.6252
2012-01-24,183.4895
2012-01-25,183.2983
2012-01-26,182.5813
2012-01-27,182.0841
2012-01-30,184.0344
2012-01-31,184.13
2012-02-01,184.1491
2012-02-02,183.1071
2012-02-03,185.1243
2012-02-06,184.3403
2012-02-07,184.847
2012-02-08,184.4646
2012-02-09,184.6367
2012-02-10,183.9579
2012-02-13,184.1491
2012-02-14,183.7667
2012-02-15,183.7954
2012-02-16,184.5316
2012-02-17,184.914
2012-02-21,184.8853
2012-02-22,185.3442
2012-02-23,188.9197
2012-02-24,189.0631
2012-02-27,188.8432
2012-02-28,189.2734
2012-02-29,188.0784
2012-03-01,188.8432
2012-03-02,190.0669
2012-03-05,191.8356
2012-03-06,188.5851
2012-03-07,189.0727
2012-03-08,191.0229
2012-03-09,191.7973
2012-03-12,192.1606
2012-03-13,194.8184
2012-03-14,195.717
2012-03-15,196.9407
2012-03-16,196.9503
2012-03-19,196.673
2012-03-20,195.2677
2012-03-21,195.6883
2012-03-22,196.4532
2012-03-23,196.4436
2012-03-26,198.6329
2012-03-27,198.0688
2012-03-28,198.174
2012-03-29,199.1109
2012-03-30,199.4742
2012-04-02,200.2581
2012-04-03,200.2868
2012-04-04,196.9885
2012-04-05,196.434
2012-04-09,195.9273
2012-04-10,193.4321
2012-04-11,193.6711
2012-04-12,196.2906
2012-04-13,193.8815
2012-04-16,193.805
2012-04-17,198.327
2012-04-18,191.3289
2012-04-19,190.7361
2012-04-20,190.8222
2012-04-23,189.8853
2012-04-24,191.2046
2012-04-25,194.6176
2012-04-26,196.5392
2012-04-27,197.7151
2012-04-30,197.9732
2012-05-01,198.8528
2012-05-02,198.9101
2012-05-03,198.1262
2012-05-04,195.9751
2012-05-07,194.7897
2012-05-08,192.6195
2012-05-09,192.3805
2012-05-10,191.7782
2012-05-11,192.3231
2012-05-14,190.6692
2012-05-15,190.2868
2012-05-16,190.9465
2012-05-17,189.1874
2012-05-18,187.2658
2012-05-21,189.0631
2012-05-22,188.1644
2012-05-23,187.4952
2012-05-24,187.4665
2012-05-25,185.7553
2012-05-29,187.8203
2012-05-30,185.9751
2012-05-31,184.4168
2012-06-01,180.7648
2012-06-04,180.2486
2012-06-05,180.8795
2012-06-06,185.4589
2012-06-07,185.8891
2012-06-08,186.5583
2012-06-11,184.044
2012-06-12,185.9943
2012-06-13,184.608
2012-06-14,186.5201
2012-06-15,190.3442
2012-06-18,189.5698
2012-06-19,190.1816
2012-06-20,190.0382
2012-06-21,184.8853
2012-06-22,185.1816
2012-06-25,184.3786
2012-06-26,183.5086
2012-06-27,184.5124
2012-06-28,182.9828
2012-06-29,186.979
2012-07-02,187.218
2012-07-03,187.3136
2012-07-05,186.7017
2012-07-06,182.9924
2012-07-09,181.3289
2012-07-10,178.0688
2012-07-11,177.1033
2012-07-12,175.0382
2012-07-13,177.8298
2012-07-16,176.6635
2012-07-17,175.5736
2012-07-18,179.9713
2012-07-19,186.7495
2012-07-20,183.9866
2012-07-23,182.4379
2012-07-24,181.9694
2012-07-25,182.6769
2012-07-26,185.4207
2012-07-27,187.7533
2012-07-30,188.0306
2012-07-31,187.3614
2012-08-01,186.5966
2012-08-02,185.8987
2012-08-03,189.7897
2012-08-06,190.0191
2012-08-07,191.1377
2012-08-08,190.2773
2012-08-09,189.6941
2012-08-10,190.5258
2012-08-13,190.2581
2012-08-14,189.5698
2012-08-15,189.675
2012-08-16,192.0076
2012-08-17,192.3709
2012-08-20,191.6826
2012-08-21,189.914
2012-08-22,188.5755
2012-08-23,187.0937
2012-08-24,189.0727
2012-08-27,187.0841
2012-08-28,186.3002
2012-08-29,186.501
2012-08-30,184.8661
2012-08-31,186.2811
2012-09-04,185.9847
2012-09-05,186.4627
2012-09-06,190.3442
2012-09-07,190.7266
2012-09-10,192.1128
2012-09-11,194.3308
2012-09-12,194.8088
2012-09-13,197.2849
2012-09-14,197.7151
2012-09-17,198.0401
2012-09-18,197.9637
2012-09-19,197.3518
2012-09-20,197.1128
2012-09-21,196.9216
2012-09-24,196.2619
2012-09-25,195.9656
2012-09-26,195.0287
2012-09-27,196.8547
2012-09-28,198.327
2012-10-01,201.2141
2012-10-02,200.6119
2012-10-03,201.2524
2012-10-04,201.1377
2012-10-05,201.3289
2012-10-08,200.5927
2012-10-09,198.8432
2012-10-10,196.7686
2012-10-11,196.7113
2012-10-12,198.6616
2012-10-15,199.7419
2012-10-16,201.7208
2012-10-17,191.8069
2012-10-18,186.3862
2012-10-19,184.8566
2012-10-22,185.8509
2012-10-23,182.8394
2012-10-24,182.3327
2012-10-25,183.174
2012-10-26,184.7706
2012-10-31,185.9751
2012-11-01,188.4799
2012-11-02,184.9235
2012-11-05,185.6023
2012-11-06,186.4914
2012-11-07,182.7533
2012-11-08,181.74
2012-11-09,181.3002
2012-11-12,180.9273
2012-11-13,180.0382
2012-11-14,177.3518
2012-11-15,177.6769
2012-11-16,178.7189
2012-11-19,181.979
2012-11-20,180.8795
2012-11-21,181.9216
2012-11-23,184.9809
2012-11-26,184.3977
2012-11-27,182.8203
2012-11-28,183.5373
2012-11-29,183.1071
2012-11-30,181.7113
2012-12-03,181.1472
2012-12-04,181.0325
2012-12-05,180.3537
2012-12-06,181.3576
2012-12-07,183.5086
2012-12-10,184.1491
2012-12-11,185.6597
2012-12-12,184.4646
2012-12-13,183.5468
2012-12-14,183.327
2012-12-17,185.1052
2012-12-18,187.0841
2012-12-19,186.501
2012-12-20,186.2046
2012-12-21,184.914
2012-12-24,183.9388
2012-12-26,183.5086
2012-12-27,184.2352
2012-12-28,181.4818
2012-12-31,183.1262
2013-01-02,187.7151
2013-01-03,186.6826
2013-01-04,185.4589
2013-01-07,184.6463
2013-01-08,184.3881
2013-01-09,183.8623
2013-01-10,184.3977
2013-01-11,185.8987
2013-01-14,184.1491
2013-01-15,184.0344
2013-01-16,184.1205
2013-01-17,185.1339
2013-01-18,185.9178
2013-01-22,187.457
2013-01-23,195.717
2013-01-24,195.4302
2013-01-25,195.956
2013-01-28,195.9178
2013-01-29,194.9331
2013-01-30,194.5698
2013-01-31,194.1396
2013-02-01,196.1568
2013-02-04,194.8279
2013-02-05,193.8719
2013-02-06,192.1797
2013-02-07,190.956
2013-02-08,192.8107
2013-02-11,191.3576
2013-02-12,191.2428
2013-02-13,191.2906
2013-02-14,190.87
2013-02-15,192.1415
2013-02-19,191.5105
2013-02-20,190.5449
2013-02-21,189.608
2013-02-22,192.2467
2013-02-25,188.8241
2013-02-26,190.3824
2013-02-27,193.4321
2013-02-28,191.9981
2013-03-01,193.9866
2013-03-04,196.1664
2013-03-05,197.4474
2013-03-06,199.2161
2013-03-07,200.2103
2013-03-08,201.1281
2013-03-11,200.8413
2013-03-12,201.2906
2013-03-13,202.7342
2013-03-14,206.3098
2013-03-15,205.4684
2013-03-18,203.8336
2013-03-19,204.0535
2013-03-20,205.6023
2013-03-21,202.9254
2013-03-22,202.7533
2013-03-25,201.4723
2013-03-26,203.021
2013-03-27,201.6157
2013-03-28,203.9197
2013-04-01,203.0401
2013-04-02,204.9331
2013-04-03,203.3078
2013-04-04,202.0172
2013-04-05,200.2008
2013-04-08,200.1147
2013-04-09,200.0191
2013-04-10,202.6769
2013-04-11,203.5564
2013-04-12,202.0841
2013-04-15,200.0574
2013-04-16,202.6769
2013-04-17,200.4493
2013-04-18,198.0401
2013-04-19,181.6444
2013-04-22,179.5698
2013-04-23,183.1836
2013-04-24,183.2792
2013-04-25,185.4207
2013-04-26,185.7648
2013-04-29,190.392
2013-04-30,193.6329
2013-05-01,190.8509
2013-05-02,193.4895
2013-05-03,195.5163
2013-05-06,193.8623
2013-05-07,194.675
2013-05-08,195.8126
2013-05-09,194.3021
2013-05-10,195.478
2013-05-13,193.566
2013-05-14,194.2734
2013-05-15,194.3786
2013-05-16,195.6883
2013-05-17,199.2734
2013-05-20,198.4704
2013-05-21,199.4742
2013-05-22,197.8872
2013-05-23,197.0937
2013-05-24,196.673
2013-05-28,198.6424
2013-05-29,198.7763
2013-05-30,200.153
2013-05-31,198.8719
2013-06-03,199.761
2013-06-04,197.1224
2013-06-05,193.8241
2013-06-06,194.8375
2013-06-07,197.2753
2013-06-10,196.0038
2013-06-11,195.0096
2013-06-12,192.3518
2013-06-13,194.8088
2013-06-14,193.3078
2013-06-17,194.1109
2013-06-18,195.8604
2013-06-19,193.0593
2013-06-20,188.6711
2013-06-21,186.8642
2013-06-24,185.0287
2013-06-25,186.4053
2013-06-26,186.2906
2013-06-27,187.0459
2013-06-28,182.7056
2013-07-01,182.8681
2013-07-02,183.0784
2013-07-03,184.7514
2013-07-05,186.3576
2013-07-08,186.4053
2013-07-09,182.8872
2013-07-10,183.7954
2013-07-11,184.3212
2013-07-12,183.6233
2013-07-15,185.4684
2013-07-16,185.325
2013-07-17,185.9943
2013-07-18,189.283
2013-07-19,185.0287
2013-07-22,185.5545
2013-07-23,186.4053
2013-07-24,187.9637
2013-07-25,188.5468
2013-07-26,188.6711
2013-07-29,187.5813
2013-07-30,187.3901
2013-07-31,186.4627
2013-08-01,187.1989
2013-08-02,186.5774
2013-08-05,186.9025
2013-08-06,182.5908
2013-08-07,180.2677
2013-08-08,179.6654
2013-08-09,179.5602
2013-08-12,180.7744
2013-08-13,180.1339
2013-08-14,179.283
2013-08-15,177.6195
2013-08-16,177.1893
2013-08-19,176.1281
2013-08-20,176.4436
2013-08-21,176.7304
2013-08-22,177.0459
2013-08-23,177.2658
2013-08-26,176.6157
2013-08-27,174.7036
2013-08-28,174.1491
2013-08-29,174.608
2013-08-30,174.2543
2013-09-03,175.87
2013-09-04,175.0765
2013-09-05,176.0516
2013-09-06,174.9809
2013-09-09,176.8451
2013-09-10,178.3939
2013-09-11,182.3136
2013-09-12,182.3423
2013-09-13,183.7189
2013-09-16,184.6558
2013-09-17,183.7094
2013-09-18,185.87
2013-09-19,184.8853
2013-09-20,181.6635
2013-09-23,182.5908
2013-09-24,181.6157
2013-09-25,181.1377
2013-09-26,181.8547
2013-09-27,178.6998
2013-09-30,177.0363
2013-10-01,178.1836
2013-10-02,176.826
2013-10-03,175.7744
2013-10-04,176.0038
2013-10-07,174.0057
2013-10-08,170.8604
2013-10-09,173.3461
2013-10-10,176.6444
2013-10-11,177.9732
2013-10-14,178.7476
2013-10-15,176.5392
2013-10-16,178.5182
2013-10-17,167.1415
2013-10-18,166.1377
2013-10-21,165.2581
2013-10-22,167.2753
2013-10-23,168.0401
2013-10-24,169.9809
2013-10-25,169.0727
2013-10-28,169.5507
2013-10-29,174.1109
2013-10-30,172.2275
2013-10-31,171.3289
2013-11-01,171.348
2013-11-04,172.3423
2013-11-05,170.0287
2013-11-06,171.3098
2013-11-07,172.0841
2013-11-08,172.0746
2013-11-11,174.8375
2013-11-12,175.0191
2013-11-13,175.478
2013-11-14,174.1969
2013-11-15,175.1339
2013-11-18,176.3576
2013-11-19,177.1033
2013-11-20,177.0459
2013-11-21,176.0325
2013-11-22,173.327
2013-11-25,171.0707
2013-11-26,169.5124
2013-11-27,171.0994
2013-11-29,171.7782
2013-12-02,169.675
2013-12-03,168.3365
2013-12-04,168.0115
2013-12-05,168.3365
2013-12-06,169.8566
2013-12-09,169.6558
2013-12-10,169.3308
2013-12-11,167.4952
2013-12-12,165.7457
2013-12-13,165.2008
2013-12-16,170.0287
2013-12-17,168.0306
2013-12-18,170.8413
2013-12-19,172.2944
2013-12-20,172.1033
2013-12-23,174.2161
2013-12-24,175.1625
2013-12-26,177.1989
2013-12-27,176.9407
2013-12-30,178.2122
2013-12-31,179.3212
2014-01-02,177.3709
2014-01-03,178.4321
2014-01-06,177.8203
2014-01-07,181.3671
2014-01-08,179.7036
2014-01-09,179.1396
2014-01-10,179.0249
2014-01-13,176.0612
2014-01-14,177.7438
2014-01-15,179.4837
2014-01-16,180.4589
2014-01-17,181.7304
2014-01-21,180.1434
2014-01-22,174.2352
2014-01-23,174.6941
2014-01-24,171.74
2014-01-27,170.0765
2014-01-28,169.0727
2014-01-29,168.6424
2014-01-30,169.5602
2014-01-31,168.9101
2014-02-03,165.2964
2014-02-04,165.239
2014-02-05,166.5774
2014-02-06,166.9885
2014-02-07,169.4551
2014-02-10,169.3499
2014-02-11,171.7973
2014-02-12,172.3136
2014-02-13,173.8432
2014-02-14,175.6119
2014-02-18,175.1339
2014-02-19,174.9044
2014-02-20,176.1568
2014-02-21,174.7514
2014-02-24,175.3824
2014-02-25,175.1721
2014-02-26,175.9656
2014-02-27,177.1224
2014-02-28,177.0268
2014-03-03,176.1568
2014-03-04,178.2409
2014-03-05,178.9101
2014-03-06,179.3881
2014-03-07,179.4264
2014-03-10,178.1931
2014-03-11,178.5468
2014-03-12,178.0306
2014-03-13,175.8126
2014-03-14,174.1969
2014-03-17,177.6386
2014-03-18,178.5947
2014-03-19,176.587
2014-03-20,179.6367
2014-03-21,178.4608
2014-03-24,179.9713
2014-03-25,186.4627
2014-03-26,184.1491
2014-03-27,181.4818
2014-03-28,182.0746
2014-03-31,184.0249
2014-04-01,185.9465
2014-04-02,185.0382
2014-04-03,184.2161
2014-04-04,183.3365
2014-04-07,185.9656
2014-04-08,184.7897
2014-04-09,187.9924
2014-04-10,187.0746
2014-04-11,186.6061
2014-04-14,189.0727
2014-04-15,188.3556
2014-04-16,187.7629
2014-04-17,181.6539
2014-04-21,183.8145
2014-04-22,183.6998
2014-04-23,183.2983
2014-04-24,181.8547
2014-04-25,181.2906
2014-04-28,184.6463
2014-04-29,186.5296
2014-04-30,187.8298
2014-05-01,185.0191
2014-05-02,183.021
2014-05-05,182.849
2014-05-06,181.673
2014-05-07,180.9751
2014-05-08,180.6023
2014-05-09,181.7208
2014-05-12,184.1013
2014-05-13,183.7381
2014-05-14,180.4207
2014-05-15,178.26
2014-05-16,178.8336
2014-05-19,178.7763
2014-05-20,176.7591
2014-05-21,178.1931
2014-05-22,177.5143
2014-05-23,177.7629
2014-05-27,176.6539
2014-05-28,175.0287
2014-05-29,175.6788
2014-05-30,176.2524
2014-06-02,177.5239
2014-06-03,176.2619
2014-06-04,176.3958
2014-06-05,177.8011
2014-06-06,178.174
2014-06-09,178.0306
2014-06-10,176.1855
2014-06-11,174.2352
2014-06-12,173.2505
2014-06-13,174.5316
2014-06-16,174.3308
2014-06-17,174.2447
2014-06-18,175.5258
2014-06-19,174.7801
2014-06-20,173.566
2014-06-23,174.13
2014-06-24,172.9254
2014-06-25,172.7725
2014-06-26,172.4379
2014-06-27,173.7189
2014-06-30,173.2983
2014-07-01,178.1549
2014-07-02,180.1052
2014-07-03,180.239
2014-07-07,179.7706
2014-07-08,178.9866
2014-07-09,180.1339
2014-07-10,179.4455
2014-07-11,179.7323
2014-07-14,181.5105
2014-07-15,180.2008
2014-07-16,183.9006
2014-07-17,184.0249
2014-07-18,184.0344
2014-07-21,182.457
2014-07-22,185.5545
2014-07-23,185.1147
2014-07-24,186.6539
2014-07-25,185.8509
2014-07-28,187.1702
2014-07-29,186.0134
2014-07-30,185.4684
2014-07-31,183.2409
2014-08-01,180.8317
2014-08-04,181.3002
2014-08-05,178.8719
2014-08-06,177.7916
2014-08-07,176.195
2014-08-08,178.4226
2014-08-11,179.2256
2014-08-12,179.1013
2014-08-13,179.6845
2014-08-14,179.6176
2014-08-15,179.1396
2014-08-18,181.0325
2014-08-19,181.7113
2014-08-20,181.74
2014-08-21,182.8203
2014-08-22,182.0363
2014-08-25,182.7533
2014-08-26,184.5029
2014-08-27,183.7954
2014-08-28,183.5564
2014-08-29,183.8432
2014-09-02,183.1358
2014-09-03,183.5086
2014-09-04,182.2944
2014-09-05,182.7916
2014-09-08,181.7782
2014-09-09,181.6348
2014-09-10,183.1166
2014-09-11,183.2887
2014-09-12,182.8681
2014-09-15,183.3748
2014-09-16,184.4742
2014-09-17,184.3212
2014-09-18,185.2294
2014-09-19,185.4684
2014-09-22,184.6176
2014-09-23,183.1931
2014-09-24,183.8528
2014-09-25,180.6979
2014-09-26,181.7017
2014-09-29,181.3002
2014-09-30,181.4818
2014-10-01,178.9388
2014-10-02,178.6902
2014-10-03,180.3728
2014-10-06,180.7266
2014-10-07,177.543
2014-10-08,181.0325
2014-10-09,178.2218
2014-10-10,177.7533
2014-10-13,175.4493
2014-10-14,175.717
2014-10-15,173.7572
2014-10-16,171.9312
2014-10-17,174.044
2014-10-20,161.6635
2014-10-21,156.0516
2014-10-22,154.675
2014-10-23,155.0478
2014-10-24,154.9522
2014-10-27,154.7514
2014-10-28,156.4053
2014-10-29,156.2715
2014-10-30,157.1224
2014-10-31,157.1702
2014-11-03,157.1319
2014-11-04,155.4971
2014-11-05,154.7036
2014-11-06,154.3595
2014-11-07,154.9426
2014-11-10,156.3002
2014-11-11,156.1185
2014-11-12,154.7992
2014-11-13,155.631
2014-11-14,156.9407
2014-11-17,156.9407
2014-11-18,154.7706
2014-11-19,154.3308
2014-11-20,153.5755
2014-11-21,153.8432
2014-11-24,155.0191
2014-11-25,154.6463
2014-11-26,154.8279
2014-11-28,155.0382
2014-12-01,154.4359
2014-12-02,155.5163
2014-12-03,157.2849
2014-12-04,156.8356
2014-12-05,156.0899
2014-12-08,154.7419
2014-12-09,155.8222
2014-12-10,153.4512
2014-12-11,153.9866
2014-12-12,148.5468
2014-12-15,146.3289
2014-12-16,144.7514
2014-12-17,145.2486
2014-12-18,150.7457
2014-12-19,151.5392
2014-12-22,154.3403
2014-12-23,155.1052
2014-12-24,154.7036
2014-12-26,155.2008
2014-12-29,153.4512
2014-12-30,153.0115
2014-12-31,153.3843
2015-01-02,154.9331
2015-01-05,152.4952
2015-01-06,149.2065
2015-01-07,148.2314
2015-01-08,151.4532
2015-01-09,152.1128
2015-01-12,149.5602
2015-01-13,149.914
2015-01-14,148.9484
2015-01-15,147.7725
2015-01-16,150.2294
2015-01-20,150.0478
2015-01-21,145.4015
2015-01-22,148.5564
2015-01-23,149.0153
2015-01-26,149.4837
2015-01-27,146.912
2015-01-28,144.8853
2015-01-29,148.6424
2015-01-30,146.5679
2015-02-02,147.8585
2015-02-03,151.501
2015-02-04,150.0574
2015-02-05,150.9656
2015-02-06,149.8279
2015-02-09,148.9006
2015-02-10,151.587
2015-02-11,151.2428
2015-02-12,151.5488
2015-02-13,153.3461
2015-02-17,153.8815
2015-02-18,155.0574
2015-02-19,156.6826
2015-02-20,156.4532
2015-02-23,155.7457
2015-02-24,157.5813
2015-02-25,155.6501
2015-02-26,153.7954
2015-02-27,154.8184
2015-03-02,153.4226
2015-03-03,153.9484
2015-03-04,152.4092
2015-03-05,154.0918
2015-03-06,151.5296
2015-03-09,153.6998
2015-03-10,150.87
2015-03-11,149.9044
2015-03-12,151.0325
2015-03-13,147.4952
2015-03-16,150.1721
2015-03-17,150.0574
2015-03-18,152.782
2015-03-19,152.782
2015-03-20,155.717
2015-03-23,157.3901
2015-03-24,155.8317
2015-03-25,152.1989
2015-03-26,153.5277
2015-03-27,153.3461
2015-03-30,155.5163
2015-03-31,153.4417
2015-04-01,152.1797
2015-04-02,153.3939
2015-04-06,154.914
2015-04-07,154.9426
2015-04-08,154.7323
2015-04-09,155.2008
2015-04-10,155.6979
2015-04-13,155.239
2015-04-14,155.1625
2015-04-15,156.912
2015-04-16,155.956
2015-04-17,153.6042
2015-04-20,158.8528
2015-04-21,157.0363
2015-04-22,158.088
2015-04-23,162.7533
2015-04-24,162.3136
2015-04-27,163.2218
2015-04-28,166.2715
2015-04-29,166.7304
2015-04-30,163.7572
2015-05-01,166.0325
2015-05-04,166.3193
2015-05-05,165.4684
2015-05-06,162.5717
2015-05-07,163.4704
2015-05-08,165.086
2015-05-11,163.5947
2015-05-12,163.0497
2015-05-13,164.7036
2015-05-14,166.3958
2015-05-15,165.6405
2015-05-18,165.4493
2015-05-19,165.8509
2015-05-20,166.1185
2015-05-21,165.717
2015-05-22,164.6463
2015-05-26,162.6482
2015-05-27,164.4359
2015-05-28,164.1587
2015-05-29,162.1893
2015-06-01,162.696
2015-06-02,162.1893
2015-06-03,162.4474
2015-06-04,160.9751
2015-06-05,160.0382
2015-06-08,158.0688
2015-06-09,158.3939
2015-06-10,161.4914
2015-06-11,161.3576
2015-06-12,159.6463
2015-06-15,158.9484
2015-06-16,159.5029
2015-06-17,159.8184
2015-06-18,160.8509
2015-06-19,159.6463
2015-06-22,160.3537
2015-06-23,161.2046
2015-06-24,159.6272
2015-06-25,158.7763
2015-06-26,158.1836
2015-06-29,155.8031
2015-06-30,155.5067
2015-07-01,157.2562
2015-07-02,157.8298
2015-07-06,157.4857
2015-07-07,157.7438
2015-07-08,155.9847
2015-07-09,156.6444
2015-07-10,159.608
2015-07-13,161.9312
2015-07-14,161.195
2015-07-15,161.1185
2015-07-16,163.4799
2015-07-17,164.9235
2015-07-20,165.6023
2015-07-21,155.8987
2015-07-22,153.2983
2015-07-23,154.6176
2015-07-24,152.7247
2015-07-27,152.0746
2015-07-28,153.0115
2015-07-29,154.0057
2015-07-30,153.8815
2015-07-31,154.8661
2015-08-03,151.7304
2015-08-04,150.6692
2015-08-05,150.956
2015-08-06,149.4455
2015-08-07,148.2983
2015-08-10,149.8566
2015-08-11,148.6711
2015-08-12,149.2925
2015-08-13,148.2505
2015-08-14,148.9006
2015-08-17,149.4359
2015-08-18,149.1491
2015-08-19,147.1702
2015-08-20,145.9465
2015-08-21,142.304
2015-08-24,137.1606
2015-08-25,134.761
2015-08-26,140.2486
2015-08-27,142.0076
2015-08-28,141.4723
2015-08-31,141.3862
2015-09-01,136.4053
2015-09-02,138.6711
2015-09-03,140.325
2015-09-04,137.3805
2015-09-08,140.7553
2015-09-09,138.6711
2015-09-10,139.7706
2015-09-11,140.8891
2015-09-14,139.2447
2015-09-15,141.0421
2015-09-16,141.8834
2015-09-17,141.6252
2015-09-18,138.1549
2015-09-21,140.0382
2015-09-22,138.0784
2015-09-23,137.3423
2015-09-24,138.0593
2015-09-25,139.0249
2015-09-28,136.2524
2015-09-29,136.2046
2015-09-30,138.5947
2015-10-01,137.2753
2015-10-02,138.2218
2015-10-05,142.4857
2015-10-06,142.2371
2015-10-07,143.4895
2015-10-08,145.5832
2015-10-09,145.6883
2015-10-12,144.4933
2015-10-13,143.0401
2015-10-14,143.413
2015-10-15,143.4895
2015-10-16,143.7763
2015-10-19,142.6577
2015-10-20,134.4551
2015-10-21,134.7227
2015-10-22,137.7533
2015-10-23,138.3174
2015-10-26,137.3423
2015-10-27,131.7973
2015-10-28,134.6367
2015-10-29,134.369
2015-10-30,133.9197
2015-11-02,134.1969
2015-11-03,135.6405
2015-11-04,135.4015
2015-11-05,133.7381
2015-11-06,132.1702
2015-11-09,129.3595
2015-11-10,129.5124
2015-11-11,129.0822
2015-11-12,127.1893
2015-11-13,125.956
2015-11-16,127.8298
2015-11-17,127.935
2015-11-18,129.847
2015-11-19,130.7266
2015-11-20,132.4092
2015-11-23,132.3709
2015-11-24,132.5048
2015-11-25,131.9312
2015-11-27,132.3709
2015-11-30,133.2887
2015-12-01,135.0669
2015-12-02,133.5564
2015-12-03,132.8107
2015-12-04,134.2543
2015-12-07,133.413
2015-12-08,131.979
2015-12-09,130.6023
2015-12-10,130.7648
2015-12-11,128.652
2015-12-14,129.9522
2015-12-15,131.7304
2015-12-16,133.1644
2015-12-17,130.7361
2015-12-18,128.9675
2015-12-21,129.5411
2015-12-22,131.8642
2015-12-23,132.4474
2015-12-24,132.1702
2015-12-28,131.5583
2015-12-29,133.6329
2015-12-30,133.2122
2015-12-31,131.5679
2016-01-04,129.9713
2016-01-05,129.8757
2016-01-06,129.2256
2016-01-07,127.0172
2016-01-08,125.8413
2016-01-11,127.3709
2016-01-12,127.0555
2016-01-13,125.4015
2016-01-14,127.065
2016-01-15,124.3117
2016-01-19,122.4761
2016-01-20,116.501
2016-01-21,117.5048
2016-01-22,117.1128
2016-01-25,116.7113
2016-01-26,117.1989
2016-01-27,115.6405
2016-01-28,116.8451
2016-01-29,119.3021
2016-02-01,119.3403
2016-02-02,117.5335
2016-02-03,119.2352
2016-02-04,122.0363
2016-02-05,122.9159
2016-02-08,121.3958
2016-02-09,118.6138
2016-02-10,114.9044
2016-02-11,112.6673
2016-02-12,115.717
2016-02-16,117.3423
2016-02-17,120.5545
2016-02-18,126.6252
2016-02-19,127.2275
2016-02-22,127.8872
2016-02-23,126.5774
2016-02-24,126.9598
2016-02-25,128.5851
2016-02-26,126.2237
2016-02-29,125.2677
2016-03-01,128.4608
2016-03-02,130.3059
2016-03-03,131.74
2016-03-04,131.74
2016-03-07,133.9866
2016-03-08,132.9541
2016-03-09,134.2352
2016-03-10,134.0249
2016-03-11,136.0994
2016-03-14,136.501
2016-03-15,136.673
2016-03-16,138.4226
2016-03-17,140.5736
2016-03-18,140.6214
2016-03-21,142.0937
2016-03-22,141.587
2016-03-23,139.0057
2016-03-24,141.4436
2016-03-28,141.8738
2016-03-29,142.7629
2016-03-30,141.8834
2016-03-31,144.7897
2016-04-01,145.8126
2016-04-04,145.3824
2016-04-05,143.4034
2016-04-06,143.4226
2016-04-07,141.7304
2016-04-08,142.782
2016-04-11,142.6864
2016-04-12,143.0497
2016-04-13,144.5793
2016-04-14,144.5124
2016-04-15,145.0478
2016-04-18,145.8222
2016-04-19,137.6673
2016-04-20,139.6845
2016-04-21,142.7342
2016-04-22,141.9694
2016-04-25,142.2658
2016-04-26,142.5239
2016-04-27,143.8528
2016-04-28,140.6023
2016-04-29,139.522
2016-05-02,138.8815
2016-05-03,137.7916
2016-05-04,137.9063
2016-05-05,140.0287
2016-05-06,140.8126
2016-05-09,140.8604
2016-05-10,143.3748
2016-05-11,142.3996
2016-05-12,142.2944
2016-05-13,141.2237
2016-05-16,142.8872
2016-05-17,141.4914
2016-05-18,140.8604
2016-05-19,138.5564
2016-05-20,140.7744
2016-05-23,140.3155
2016-05-24,141.7878
2016-05-25,145.0191
2016-05-26,145.7361
2016-05-27,146.1185
2016-05-31,146.979
2016-06-01,145.8031
2016-06-02,146.7495
2016-06-03,146.1664
2016-06-06,146.0134
2016-06-07,146.587
2016-06-08,147.2275
2016-06-09,146.673
2016-06-10,145.6692
2016-06-13,144.6272
2016-06-14,144.4168
2016-06-15,144.0535
2016-06-16,144.4168
2016-06-17,145.3059
2016-06-20,146.8547
2016-06-21,147.2753
2016-06-22,146.195
2016-06-23,148.5182
2016-06-24,140.1434
2016-06-27,137.1893
2016-06-28,139.2925
2016-06-29,141.9312
2016-06-30,145.1052
2016-07-01,145.6501
2016-07-05,145.0096
2016-07-06,145.6692
2016-07-07,145.8891
2016-07-08,147.6673
2016-07-11,148.499
2016-07-12,150.1339
2016-07-13,151.0707
2016-07-14,153.2314
2016-07-15,152.7533
2016-07-18,152.8298
2016-07-19,152.5621
2016-07-20,154.2639
2016-07-21,153.3939
2016-07-22,154.9426
2016-07-25,155.4971
2016-07-26,154.9904
2016-07-27,154.7132
2016-07-28,154.2734
2016-07-29,153.5564
2016-08-01,154.3499
2016-08-02,153.5182
2016-08-03,153.6042
2016-08-04,154.4455
2016-08-05,156.3098
2016-08-08,154.914
2016-08-09,154.6558
2016-08-10,154.9522
2016-08-11,156.3384
2016-08-12,154.8279
2016-08-15,154.761
2016-08-16,153.6329
2016-08-17,153.3843
2016-08-18,154.2639
2016-08-19,153.0019
2016-08-22,152.9637
2016-08-23,153.2122
2016-08-24,152.0555
2016-08-25,151.6539
2016-08-26,151.3576
2016-08-29,152.696
2016-08-30,152.3901
2016-08-31,151.8929
2016-09-01,152.5239
2016-09-02,152.5335
2016-09-06,153.2983
2016-09-07,154.5316
2016-09-08,152.0076
2016-09-09,148.8432
2016-09-12,151.3289
2016-09-13,148.9579
2016-09-14,147.2753
2016-09-15,148.8145
2016-09-16,147.0746
2016-09-19,148.0593
2016-09-20,147.6577
2016-09-21,148.6902
2016-09-22,149.2447
2016-09-23,148.1644
2016-09-26,147.2084
2016-09-27,149.8757
2016-09-28,151.3289
2016-09-29,151.1568
2016-09-30,151.8642
2016-10-03,150.6788
2016-10-04,149.5793
2016-10-05,150.1721
2016-10-06,149.9809
2016-10-07,148.8241
2016-10-10,150.1147
2016-10-11,147.9828
2016-10-12,147.5048
2016-10-13,146.9599
2016-10-14,147.6577
2016-10-17,147.9637
2016-10-18,144.0918
2016-10-19,144.608
2016-10-20,144.8566
2016-10-21,143.0497
2016-10-24,143.9484
2016-10-25,144.2447
2016-10-26,145.1339
2016-10-27,146.6061
2016-10-28,145.8987
2016-10-31,146.9312
2016-11-01,146.0707
2016-11-02,145.2677
2016-11-03,145.6692
2016-11-04,145.7266
2016-11-07,148.8719
2016-11-08,148.3461
2016-11-09,148.0019
2016-11-10,153.174
2016-11-11,154.1778
2016-11-14,151.2524
2016-11-15,151.6922
2016-11-16,152.2849
2016-11-17,152.7725
2016-11-18,153.3365
2016-11-21,155.6119
2016-11-22,155.5163
2016-11-23,154.8566
2016-11-25,155.9656
2016-11-28,157.2849
2016-11-29,156.3384
2016-11-30,155.086
2016-12-01,152.7916
2016-12-02,152.9828
2016-12-05,152.8107
2016-12-06,153.2983
2016-12-07,157.543
2016-12-08,158.088
2016-12-09,159.1969
2016-12-12,158.2218
2016-12-13,160.8891
2016-12-14,161.0994
2016-12-15,160.631
2016-12-16,159.3977
2016-12-19,159.3499
2016-12-20,160.2294
2016-12-21,159.9713
2016-12-22,159.7132
2016-12-23,159.3786
2016-12-27,159.7897
2016-12-28,158.8815
2016-12-29,159.2734
2016-12-30,158.6902
2017-01-03,159.8375
2017-01-04,161.8164
2017-01-05,161.2811
2017-01-06,162.0746
2017-01-09,160.2773
2017-01-10,158.2409
2017-01-11,160.3728
2017-01-12,160.5641
2017-01-13,159.9809
2017-01-17,160.5067
2017-01-18,159.4646
2017-01-19,159.4742
2017-01-20,163.0497
2017-01-23,163.5086
2017-01-24,168.1644
2017-01-25,170.4493
2017-01-26,170.8031
2017-01-27,169.5029
2017-01-30,168.0688
2017-01-31,166.8451
2017-02-01,166.6252
2017-02-02,166.9025
2017-02-03,168.088
2017-02-06,168.1262
2017-02-07,170.6119
2017-02-08,168.4226
2017-02-09,169.4168
2017-02-10,170.8222
2017-02-13,171.4723
2017-02-14,172.2084
2017-02-15,173.6902
2017-02-16,173.4512
2017-02-17,172.7247
2017-02-21,172.3327
2017-02-22,173.1836
2017-02-23,173.6616
2017-02-24,173.3748
2017-02-27,171.5105
2017-02-28,171.912
2017-03-01,173.9484
2017-03-02,172.5908
2017-03-03,172.1319
2017-03-06,172.5335
2017-03-07,172.4474
2017-03-08,171.5583
2017-03-09,169.3881
2017-03-10,170.0096
2017-03-13,168.6998
2017-03-14,167.9924
2017-03-15,168.0784
2017-03-16,169.4455
2017-03-17,167.9254
2017-03-20,167.9732
2017-03-21,166.2333
2017-03-22,167.0937
2017-03-23,167.1319
2017-03-24,166.1855
2017-03-27,166.1281
2017-03-28,166.8356
2017-03-29,166.2906
2017-03-30,166.2141
2017-03-31,166.4818
2017-04-03,166.826
2017-04-04,166.8451
2017-04-05,165.2773
2017-04-06,164.8661
2017-04-07,164.5698
2017-04-10,163.6711
2017-04-11,163.0784
2017-04-12,163.1549
2017-04-13,162.0746
2017-04-17,163.5755
2017-04-18,162.5717
2017-04-19,154.5793
2017-04-20,155.1625
2017-04-21,153.327
2017-04-24,153.6807
2017-04-25,153.3365
2017-04-26,153.021
2017-04-27,153.2696
2017-04-28,153.2409
2017-05-01,151.8547
2017-05-02,152.1033
2017-05-03,151.6539
2017-05-04,152.0555
2017-05-05,148.2314
2017-05-08,146.3002
2017-05-09,145.4207
2017-05-10,144.5985
2017-05-11,144.0249
2017-05-12,143.7572
2017-05-15,144.847
2017-05-16,146.9216
2017-05-17,144.2925
2017-05-18,144.1491
2017-05-19,145.2964
2017-05-22,145.9273
2017-05-23,145.3442
2017-05-24,145.8031
2017-05-25,146.4627
2017-05-26,145.7839
2017-05-30,145.0574
2017-05-31,145.9178
2017-06-01,145.956
2017-06-02,145.3633
2017-06-05,145.7075
2017-06-06,145.6692
2017-06-07,144.3403
2017-06-08,145.4111
2017-06-09,147.3231
2017-06-12,148.3556
2017-06-13,147.4665
2017-06-14,147.0459
2017-06-15,147.4379
2017-06-16,148.5468
2017-06-19,148.0306
2017-06-20,148.1358
2017-06-21,147.0268
2017-06-22,147.6099
2017-06-23,147.3327
2017-06-26,148.4034
2017-06-27,147.9445
2017-06-28,148.4895
2017-06-29,147.3518
2017-06-30,147.065
2017-07-03,148.7381
2017-07-05,146.912
2017-07-06,145.6597
2017-07-07,146.2141
2017-07-10,146.673
2017-07-11,146.4532
2017-07-12,146.9407
2017-07-13,146.8738
2017-07-14,147.457
2017-07-17,146.2811
2017-07-18,147.2275
2017-07-19,141.0421
2017-07-20,141.1664
2017-07-21,140.6119
2017-07-24,139.5698
2017-07-25,139.761
2017-07-26,138.9675
2017-07-27,138.6902
2017-07-28,137.9445
2017-07-31,138.3078
2017-08-01,138.9101
2017-08-02,138.0975
2017-08-03,138.566
2017-08-04,138.7763
2017-08-07,137.1606
2017-08-08,135.8604
2017-08-09,135.5354
2017-08-10,135.6023
2017-08-11,135.6023
2017-08-14,136.0612
2017-08-15,135.8222
2017-08-16,136.2333
2017-08-17,134.5124
2017-08-18,133.5564
2017-08-21,134.1587
2017-08-22,134.8088
2017-08-23,135.8891
2017-08-24,136.6539
2017-08-25,137.4187
2017-08-28,136.2428
2017-08-29,136.8451
2017-08-30,136.2906
2017-08-31,136.74
2017-09-01,137.7438
2017-09-05,136.7495
2017-09-06,137.4952
2017-09-07,136.6157
2017-09-08,136.1855
2017-09-11,138.4895
2017-09-12,139.3499
2017-09-13,139.5698
2017-09-14,139.1396
2017-09-15,138.4512
2017-09-18,138.1931
2017-09-19,138.0401
2017-09-20,139.4646
2017-09-21,138.8719
2017-09-22,138.7476
2017-09-25,139.4551
2017-09-26,140.1147
2017-09-27,139.2543
2017-09-28,139.2543
2017-09-29,138.6998
2017-10-02,140.2103
2017-10-03,140.325
2017-10-04,140.0382
2017-10-05,140.2677
2017-10-06,140.0382
2017-10-09,140.9082
2017-10-10,141.9694
2017-10-11,141.1281
2017-10-12,140.5641
2017-10-13,140.631
2017-10-16,140.3728
2017-10-17,140.0956
2017-10-18,152.5143
2017-10-19,153.8241
2017-10-20,154.9426
2017-10-23,152.5335
2017-10-24,149.0249
2017-10-25,146.7495
2017-10-26,146.8451
2017-10-27,146.9216
2017-10-30,147.5717
2017-10-31,147.2849
2017-11-01,147.2562
2017-11-02,146.6061
2017-11-03,144.914
2017-11-06,144.2065
2017-11-07,144.6941
2017-11-08,144.9044
2017-11-09,143.6902
2017-11-10,142.6004
2017-11-13,141.8738
2017-11-14,142.3423
2017-11-15,140.631
2017-11-16,142.5621
2017-11-17,142.4187
2017-11-20,143.891
2017-11-21,145.2677
2017-11-22,145.0956
2017-11-24,145.1625
2017-11-27,145.2964
2017-11-28,145.7648
2017-11-29,146.7973
2017-11-30,147.1989
2017-12-01,147.9541
2017-12-04,149.5793
2017-12-05,148.5182
2017-12-06,147.3231
2017-12-07,146.8164
2017-12-08,148.0019
2017-12-11,148.5755
2017-12-12,149.847
2017-12-13,147.1415
2017-12-14,147.2275
2017-12-15,145.7935
2017-12-18,146.587
2017-12-19,146.4914
2017-12-20,146.2237
2017-12-21,144.8375
2017-12-22,145.7935
2017-12-26,146.109
2017-12-27,146.3958
2017-12-28,147.2658
2017-12-29,146.673
2018-01-02,147.4665
2018-01-03,151.5201
2018-01-04,154.5889
2018-01-05,155.3442
2018-01-08,156.2811
2018-01-09,156.6252
2018-01-10,156.9599
2018-01-11,156.979
2018-01-12,155.9656
2018-01-16,156.6444
2018-01-17,161.2333
2018-01-18,161.6826
2018-01-19,155.2294
2018-01-22,155.4493
2018-01-23,158.9388
2018-01-24,158.0975
2018-01-25,158.1931
2018-01-26,159.9809
2018-01-29,159.4646
2018-01-30,156.4245
2018-01-31,156.501
2018-02-01,155.2581
2018-02-02,152.0363
2018-02-05,145.8222
2018-02-06,148.5086
2018-02-07,147.0841
2018-02-08,141.0994
2018-02-09,142.935
2018-02-12,144.7419
2018-02-13,144.1205
2018-02-14,147.9541
2018-02-15,149.1491
2018-02-16,149.3117
2018-02-20,148.3365
2018-02-21,147.1893
2018-02-22,146.4436
2018-02-23,148.6807
2018-02-26,151.6061
2018-02-27,149.6654
2018-02-28,148.9771
2018-03-01,147.0459
2018-03-02,147.696
2018-03-05,150.0478
2018-03-06,148.8719
2018-03-07,151.3576
2018-03-08,149.3403
2018-03-09,152.304
2018-03-12,153.2122
2018-03-13,152.3136
2018-03-14,151.1664
2018-03-15,152.5908
2018-03-16,153.2122
2018-03-19,150.4302
2018-03-20,149.3308
2018-03-21,149.7992
2018-03-22,145.4015
2018-03-23,142.3423
2018-03-26,146.6252
2018-03-27,145.2294
2018-03-28,145.8126
2018-03-29,146.6826
2018-04-02,143.4704
2018-04-03,143.26
2018-04-04,147.3423
2018-04-05,147.2562
2018-04-06,143.9484
2018-04-09,145.9751
2018-04-10,148.5564
2018-04-11,148.5277
2018-04-12,151.1185
2018-04-13,149.8184
2018-04-16,150.9465
2018-04-17,153.8336
2018-04-18,142.2467
2018-04-19,141.2046
2018-04-20,138.5277
2018-04-23,139.4455
2018-04-24,139.1587
2018-04-25,139.522
2018-04-26,140.2677
2018-04-27,140.0382
2018-04-30,138.5851
2018-05-01,138.6233
2018-05-02,136.1855
2018-05-03,135.7457
2018-05-04,137.5813
2018-05-07,136.9216
2018-05-08,136.7113
2018-05-09,136.3384
2018-05-10,137.8967
2018-05-11,137.8011
2018-05-14,137.9541
2018-05-15,137.4187
2018-05-16,138.2696
2018-05-17,138.1453
2018-05-18,137.7438
2018-05-21,139.0918
2018-05-22,138.7094
2018-05-23,138.3078
2018-05-24,137.7342
2018-05-25,137.3231
2018-05-29,135.0096
2018-05-30,136.348
2018-05-31,135.0956
2018-06-01,135.7075
2018-06-04,136.7495
2018-06-05,137.3805
2018-06-06,138.3461
2018-06-07,138.9675
2018-06-08,139.7132
2018-06-11,140.1339
2018-06-12,140.4111
2018-06-13,139.914
2018-06-14,138.8145
2018-06-15,138.9962
2018-06-18,138.1262
2018-06-19,137.5717
2018-06-20,136.3576
2018-06-21,135.0382
2018-06-22,135.0669
2018-06-25,132.6864
2018-06-26,132.9637
2018-06-27,131.434
2018-06-28,133.8815
2018-06-29,133.5564
2018-07-02,133.7094
2018-07-03,133.4321
2018-07-05,135.2103
2018-07-06,136.2141
2018-07-09,138.0401
2018-07-10,138.3461
2018-07-11,138.566
2018-07-12,140.0096
2018-07-13,139.4837
2018-07-16,139.0631
2018-07-17,137.1797
2018-07-18,138.1644
2018-07-19,142.6769
2018-07-20,139.914
2018-07-23,139.2925
2018-07-24,139.9426
2018-07-25,140.1721
2018-07-26,140.2581
2018-07-27,138.7667
2018-07-30,139.0918
2018-07-31,138.5564
2018-08-01,137.1893
2018-08-02,136.673
2018-08-03,141.2046
2018-08-06,139.608
2018-08-07,140.5449
2018-08-08,140.4302
2018-08-09,138.4034
2018-08-10,138.1262
2018-08-13,136.434
2018-08-14,137.0555
2018-08-15,137.5813
2018-08-16,138.9484
2018-08-17,139.6367
2018-08-20,140.0669
2018-08-21,139.5507
2018-08-22,138.8528
2018-08-23,138.9771
2018-08-24,139.6176
2018-08-27,140.239
2018-08-28,140.1434
2018-08-29,141.0516
2018-08-30,139.5124
2018-08-31,140.0382
2018-09-04,139.2734
2018-09-05,140.2103
2018-09-06,139.9522
2018-09-07,139.0535
2018-09-10,139.2447
2018-09-11,140.0478
2018-09-12,140.1243
2018-09-13,142.3996
2018-09-14,141.8069
2018-09-17,141.434
2018-09-18,142.0268
2018-09-19,142.5048
2018-09-20,144.5029
2018-09-21,144.6941
2018-09-24,143.4321
2018-09-25,142.3614
2018-09-26,144.9426
2018-09-27,144.8375
2018-09-28,144.5602
2018-10-01,146.2715
2018-10-02,146.9885
2018-10-03,146.4818
2018-10-04,144.6558
2018-10-05,142.4761
2018-10-08,141.8642
2018-10-09,140.7648
2018-10-10,136.4149
2018-10-11,132.9063
2018-10-12,134.6558
2018-10-15,134.9235
2018-10-16,138.7381
2018-10-17,128.1549
2018-10-18,124.8088
2018-10-19,123.4226
2018-10-22,124.3021
2018-10-23,125.4398
2018-10-24,121.6157
2018-10-25,120.8891
2018-10-26,119.3021
2018-10-29,114.3786
2018-10-30,110.3251
2018-10-31,110.3537
2018-11-01,111.6922
2018-11-02,110.5832
2018-11-05,114.7801
2018-11-06,117.7055
2018-11-07,119.3499
2018-11-08,117.9541
2018-11-09,118.1071
2018-11-12,115.5832
2018-11-13,115.5258
2018-11-14,114.914
2018-11-15,116.0994
2018-11-16,116.2237
2018-11-19,115.0191
2018-11-20,112.0459
2018-11-21,113.3556
2018-11-23,112.0363
2018-11-26,114.3021
2018-11-27,114.7514
2018-11-28,117.5908
2018-11-29,116.1377
2018-11-30,118.805
2018-12-03,119.7992
2018-12-04,116.2524
2018-12-06,118.4608
2018-12-07,114.0918
2018-12-10,115.8031
2018-12-11,115.5736
2018-12-12,115.8317
2018-12-13,115.4206
2018-12-14,114.6272
2018-12-17,110.9943
2018-12-18,111.5201
2018-12-19,111.3098
2018-12-20,108.0497
2018-12-21,106.0612
2018-12-24,102.8394
2018-12-26,106.4914
2018-12-27,108.7763
2018-12-28,108.0593
2018-12-31,108.6711
2019-01-02,110.1434
2019-01-03,107.9445
2019-01-04,112.1606
2019-01-07,112.9541
2019-01-08,114.5602
2019-01-09,115.3824
2019-01-10,116.434
2019-01-11,116.1185
2019-01-14,115.0956
2019-01-15,116.3767
2019-01-16,116.2715
2019-01-17,116.8164
2019-01-18,118.3748
2019-01-22,117.1319
2019-01-23,127.0459
2019-01-24,126.7017
2019-01-25,128.0784
2019-01-28,128.3652
2019-01-29,128.4226
2019-01-30,128.4704
2019-01-31,128.5086
2019-02-01,128.2027
2019-02-04,129.2447
2019-02-05,129.5889
2019-02-06,130.325
2019-02-07,127.3327
2019-02-08,127.8298
2019-02-11,128.0975
2019-02-12,130.0669
2019-02-13,131.4723
2019-02-14,130.478
2019-02-15,131.9599
2019-02-19,132.6004
2019-02-20,131.9312
2019-02-21,131.7782
2019-02-22,133.1262
2019-02-25,133.327
2019-02-26,133.5755
2019-02-27,133.0497
2019-02-28,132.0555
2019-03-01,133.0784
2019-03-04,132.3423
2019-03-05,131.8164
2019-03-06,130.956
2019-03-07,129.4073
2019-03-08,129.1491
2019-03-11,131.6539
2019-03-12,132.1989
2019-03-13,132.4665
2019-03-14,132.6864
2019-03-15,133.2983
2019-03-18,134.044
2019-03-19,134.3117
2019-03-20,133.4608
2019-03-21,135.2199
2019-03-22,133.3174
2019-03-25,133.0593
2019-03-26,134.0535
2019-03-27,133.1166
2019-03-28,133.7667
2019-03-29,134.8948
2019-04-01,136.9981
2019-04-02,136.7113
2019-04-03,137.3136
2019-04-04,136.501
2019-04-05,136.979
2019-04-08,137.0841
2019-04-09,135.8604
2019-04-10,136.7304
2019-04-11,137.457
2019-04-12,138.0019
2019-04-15,137.5717
2019-04-16,138.7572
2019-04-17,132.9924
2019-04-18,134.1587
2019-04-22,132.782
2019-04-23,134.2639
2019-04-24,133.7954
2019-04-25,132.5335
2019-04-26,133.3078
2019-04-29,132.935
2019-04-30,134.1013
2019-05-01,134.3786
2019-05-02,133.4512
2019-05-03,134.0822
2019-05-06,134.2065
2019-05-07,131.587
2019-05-08,131.9312
2019-05-09,129.3881
2019-05-10,129.369
2019-05-13,125.6405
2019-05-14,127.4474
2019-05-15,128.4895
2019-05-16,129.9044
2019-05-17,128.413
2019-05-20,129.1778
2019-05-21,130.4493
2019-05-22,130.3537
2019-05-23,126.5679
2019-05-24,126.4627
2019-05-28,124.7228
2019-05-29,123.9866
2019-05-30,123.8719
2019-05-31,121.4054
2019-06-03,122.6291
2019-06-04,126.8547
2019-06-05,125.7075
2019-06-06,126.4054
2019-06-07,127.4474
2019-06-10,128.8145
2019-06-11,129.9713
2019-06-12,128.9388
2019-06-13,129.7897
2019-06-14,129.2065
2019-06-17,129.0153
2019-06-18,130.3824
2019-06-19,131.0516
2019-06-20,132.7438
2019-06-21,133.0784
2019-06-24,133.2218
2019-06-25,132.2753
2019-06-26,132.4283
2019-06-27,132.4283
2019-06-28,131.8356
2019-07-01,133.7285
2019-07-02,134.0535
2019-07-03,135.3155
2019-07-05,135.1625
2019-07-08,134.3881
2019-07-09,133.2027
2019-07-10,134.2925
2019-07-11,135.0287
2019-07-12,136.4627
2019-07-15,137.0172
2019-07-16,137.218
2019-07-17,136.7782
2019-07-18,143.0497
2019-07-19,143.0975
2019-07-22,143.1549
2019-07-23,143.7667
2019-07-24,143.4321
2019-07-25,143.7763
2019-07-26,144.7036
2019-07-29,144.2447
2019-07-30,143.1836
2019-07-31,141.7208
2019-08-01,143.7094
2019-08-02,140.7744
2019-08-05,134.5698
2019-08-06,134.5411
2019-08-07,132.9924
2019-08-08,133.9388
2019-08-09,130.1434
2019-08-12,127.7916
2019-08-13,129.8184
2019-08-14,125.478
2019-08-15,126.1185
2019-08-16,127.8776
2019-08-19,129.1013
2019-08-20,127.1511
2019-08-21,128.3461
2019-08-22,128.413
2019-08-23,123.8719
2019-08-26,124.2734
2019-08-27,125.4015
2019-08-28,126.9216
2019-08-29,128.9484
2019-08-30,129.5698
2019-09-03,128.2027
2019-09-04,130.325
2019-09-05,134.7706
2019-09-06,134.3881
2019-09-09,136.3289
2019-09-10,138.6711
2019-09-11,137.2849
2019-09-12,137.304
2019-09-13,137.3518
2019-09-16,136.2141
2019-09-17,135.9465
2019-09-18,135.9656
2019-09-19,136.6826
2019-09-20,135.6405
2019-09-23,135.8222
2019-09-24,135.4493
2019-09-25,136.8642
2019-09-26,137.2371
2019-09-27,136.9407
2019-09-30,139.0249
2019-10-01,137.3423
2019-10-02,135.4589
2019-10-03,135.7744
2019-10-04,136.7017
2019-10-07,135.0669
2019-10-08,132.2944
2019-10-09,133.5277
2019-10-10,134.9235
2019-10-11,136.4818
2019-10-14,135.7935
2019-10-15,136.7113
2019-10-16,135.8604
2019-10-17,128.3556
2019-10-18,128.1931
2019-10-21,126.7495
2019-10-22,128.0688
2019-10-23,128.4704
2019-10-24,128.174
2019-10-25,129.4837
2019-10-28,129.9904
2019-10-29,127.935
2019-10-30,129.3021
2019-10-31,127.8489
2019-11-01,129.5698
2019-11-04,131.6157
2019-11-05,131.826
2019-11-06,132.6769
2019-11-07,131.6348
2019-11-08,131.5583
2019-11-11,129.5124
2019-11-12,129.6272
2019-11-13,128.566
2019-11-14,128.1071
2019-11-15,128.4895
2019-11-18,128.4034
2019-11-19,128.6042
2019-11-20,127.3423
2019-11-21,127.9541
2019-11-22,128.4321
2019-11-25,129.9904
2019-11-26,129.1491
2019-11-27,127.8872
2019-11-29,128.5373
2019-12-02,127.065
2019-12-03,126.3098
2019-12-04,126.1855
2019-12-05,126.109
2019-12-06,127.3614
2019-12-09,128.0306
2019-12-10,128.021
2019-12-11,127.8776
2019-12-12,129.369
2019-12-13,128.3078
2019-12-16,128.2314
2019-12-17,128.3174
2019-12-18,128.499
2019-12-19,128.6424
2019-12-20,129.6272
2019-12-23,129.5889
2019-12-24,129.044
2019-12-26,128.9771
2019-12-27,129.3212
2019-12-30,126.9694
2019-12-31,128.1453
2020-01-02,129.4646
2020-01-03,128.4321
2020-01-06,128.2027
2020-01-07,128.2887
2020-01-08,129.3595
2020-01-09,130.7266
2020-01-10,130.6788
2020-01-13,130.5927
2020-01-14,129.847
2020-01-15,130.6119
2020-01-16,131.912
2020-01-17,132.2275
2020-01-21,133.0497
2020-01-22,137.5621
2020-01-23,136.587
2020-01-24,134.3786
2020-01-27,132.5239
2020-01-28,133.413
2020-01-29,131.6348
2020-01-30,130.7553
2020-01-31,137.4092
2020-02-03,139.8375
2020-02-04,142.5526
2020-02-05,149.4551
2020-02-06,149.8661
2020-02-07,146.6635
2020-02-10,147.6386
2020-02-11,146.7304
2020-02-12,148.4799
2020-02-13,147.5239
2020-02-14,144.0727
2020-02-18,144.4551
2020-02-19,144.2256
2020-02-20,144.5698
2020-02-21,143.2505
2020-02-24,139.9904
2020-02-25,135.478
2020-02-26,133.6042
2020-02-27,127.2562
2020-02-28,124.4264
2020-03-02,128.3939
2020-03-03,123.2314
2020-03-04,128.3174
2020-03-05,123.8528
2020-03-06,122.1128
2020-03-09,112.6291
2020-03-10,119.283
2020-03-11,112.782
2020-03-12,98.2887
2020-03-13,103.2027
2020-03-16,94.7228
2020-03-17,101.9598
2020-03-18,98.9962
2020-03-19,95.9273
2020-03-20,91.195
2020-03-23,90.6023
2020-03-24,100.8413
2020-03-25,101.195
2020-03-26,107.9254
2020-03-27,103.2792
2020-03-30,107.9637
2020-03-31,106.0516
2020-04-01,100.5163
2020-04-02,105.1625
2020-04-03,101.6635
2020-04-06,109.7706
2020-04-07,109.8853
2020-04-08,114.044
2020-04-09,116.1568
2020-04-13,115.8222
2020-04-14,118.4608
2020-04-15,113.4704
2020-04-16,110.6405
2020-04-17,114.8375
2020-04-20,115.1147
2020-04-21,111.6252
2020-04-22,114.0631
2020-04-23,116.0134
2020-04-24,119.2352
2020-04-27,120.3824
2020-04-28,120.717
2020-04-29,123.0306
2020-04-30,120.0382
2020-05-01,116.5105
2020-05-04,116.3289
2020-05-05,117.1893
2020-05-06,117.7533
2020-05-07,115.8987
2020-05-08,117.5813
2020-05-11,117.1989
2020-05-12,114.9713
2020-05-13,110.6405
2020-05-14,111.8069
2020-05-15,111.8356
2020-05-18,116.2141
2020-05-19,115.0
2020-05-20,116.0421
2020-05-21,113.8815
2020-05-22,113.1836
2020-05-26,116.4054
2020-05-27,120.0191
2020-05-28,119.0535
2020-05-29,119.4073
2020-06-01,119.3977
2020-06-02,120.4589
2020-06-03,123.3748
2020-06-04,123.2218
2020-06-05,126.2524
2020-06-08,129.7801
2020-06-09,126.0707
2020-06-10,124.1587
2020-06-11,112.8203
2020-06-12,116.5488
2020-06-15,116.3002
2020-06-16,119.6463
2020-06-17,118.6902
2020-06-18,118.6998
2020-06-19,117.0841
2020-06-22,115.7457
2020-06-23,114.1587
2020-06-24,111.3002
2020-06-25,113.7954
2020-06-26,112.0363
2020-06-29,114.4837
2020-06-30,115.4589
2020-07-01,113.327
2020-07-02,114.4359
2020-07-06,114.9044
2020-07-07,112.4092
2020-07-08,112.5335
2020-07-09,110.6214
2020-07-10,113.1453
2020-07-13,113.9579
2020-07-14,115.2964
2020-07-15,117.5908
2020-07-16,118.5564
2020-07-17,119.608
2020-07-20,120.8126
2020-07-21,120.5163
2020-07-22,123.0115
2020-07-23,121.7304
2020-07-24,120.2581
2020-07-27,120.6597
2020-07-28,118.9962
2020-07-29,119.8088
2020-07-30,117.4952
2020-07-31,117.5335
2020-08-03,118.8432
2020-08-04,120.3059
2020-08-05,119.9331
2020-08-06,120.5736
2020-08-07,119.4646
2020-08-10,121.5201
2020-08-11,121.1759
2020-08-12,121.1281
2020-08-13,119.5315
2020-08-14,119.761
2020-08-17,118.9675
2020-08-18,119.4264
2020-08-19,118.3939
2020-08-20,117.7342
2020-08-21,117.7438
2020-08-24,120.153
2020-08-25,119.1587
2020-08-26,118.7094
2020-08-27,119.1683
2020-08-28,119.5698
2020-08-31,117.8872
2020-09-01,117.9732
2020-09-02,122.543
2020-09-03,118.9771
2020-09-04,116.9216
2020-09-08,115.8795
2020-09-09,116.8834
2020-09-10,115.2581
2020-09-11,116.1185
2020-09-14,116.7208
2020-09-15,117.0555
2020-09-16,118.7572
2020-09-17,119.4264
2020-09-18,117.3614
2020-09-21,114.9618
2020-09-22,115.2103
2020-09-23,113.6042
2020-09-24,112.8968
2020-09-25,113.7189
2020-09-28,116.3767
2020-09-29,115.6214
2020-09-30,116.3193
2020-10-01,115.7648
2020-10-02,115.2677
2020-10-05,116.6444
2020-10-06,116.6061
2020-10-07,118.6138
2020-10-08,125.7075
2020-10-09,122.1702
2020-10-12,121.6157
2020-10-13,119.5985
2020-10-14,120.4015
2020-10-15,119.3977
2020-10-16,120.392
2020-10-19,120.0
2020-10-20,112.2084
2020-10-21,110.0
2020-10-22,110.6692
2020-10-23,110.8987
2020-10-26,107.2849
2020-10-27,105.6979
2020-10-28,101.9598
2020-10-29,104.1205
2020-10-30,106.7495
2020-11-02,107.9445
2020-11-03,109.1396
2020-11-04,106.979
2020-11-05,109.7228
2020-11-06,109.0249
2020-11-09,110.4493
2020-11-10,112.7247
2020-11-11,112.0459
2020-11-12,109.4646
2020-11-13,111.7113
2020-11-16,113.1549
2020-11-17,112.5239
2020-11-18,111.6348
2020-11-19,112.0268
2020-11-20,111.7973
2020-11-23,114.8088
2020-11-24,118.9484
2020-11-25,118.7381
2020-11-27,118.8815
2020-11-30,118.088
2020-12-01,117.7438
2020-12-02,119.1396
2020-12-03,118.174
2020-12-04,121.6061
2020-12-07,119.2161
2020-12-08,120.1816
2020-12-09,121.2141
2020-12-10,119.4646
2020-12-11,118.805
2020-12-14,118.0975
2020-12-15,120.392
2020-12-16,120.0287
2020-12-17,120.0287
2020-12-18,120.3155
2020-12-21,117.9637
2020-12-22,118.174
2020-12-23,118.4512
2020-12-24,119.2065
2020-12-28,119.3308
2020-12-29,118.3556
2020-12-30,118.8719
2020-12-31,120.3442
2021-01-04,118.4895
2021-01-05,120.5927
2021-01-06,123.6042
2021-01-07,123.3174
2021-01-08,122.8776
2021-01-11,122.9254
2021-01-12,123.5277
2021-01-13,121.3384
2021-01-14,123.2983
2021-01-15,122.7438
2021-01-19,123.3461
2021-01-20,124.3595
2021-01-21,125.8604
2021-01-22,113.3939
2021-01-25,113.3652
2021-01-26,117.1032
2021-01-27,117.0841
2021-01-28,114.7992
2021-01-29,113.8719
2021-02-01,115.239
2021-02-02,114.1874
2021-02-03,113.8815
2021-02-04,115.6979
2021-02-05,116.434
2021-02-08,118.174
2021-02-09,116.7304
2021-02-10,116.8642
2021-02-11,115.5927
2021-02-12,115.4876
2021-02-16,114.7897
2021-02-17,114.6941
2021-02-18,115.4206
2021-02-19,113.7572
2021-02-22,115.5449
2021-02-23,115.4015
2021-02-24,117.7916
2021-02-25,117.0841
2021-02-26,113.6998
2021-03-01,115.4302
2021-03-02,115.0382
2021-03-03,116.979
2021-03-04,114.8279
2021-03-05,117.4283
2021-03-08,119.3212
2021-03-09,118.7189
2021-03-10,122.2467
2021-03-11,121.5488
2021-03-12,121.9981
2021-03-15,122.9254
2021-03-16,122.6004
2021-03-17,123.3556
2021-03-18,124.3403
2021-03-19,123.2314
2021-03-22,124.8088
2021-03-23,124.7228
2021-03-24,124.8757
2021-03-25,127.218
2021-03-26,130.3824
2021-03-29,129.8853
2021-03-30,128.7954
2021-03-31,127.3996
2021-04-01,127.3709
2021-04-05,129.9522
2021-04-06,128.3174
2021-04-07,128.9962
2021-04-08,129.1778
2021-04-09,129.761
2021-04-12,128.6711
2021-04-13,125.4111
2021-04-14,126.7973
2021-04-15,126.7495
2021-04-16,127.7151
2021-04-19,127.2658
2021-04-20,132.0841
2021-04-21,137.2371
2021-04-22,135.0669
2021-04-23,136.1664
2021-04-26,135.3442
2021-04-27,135.7648
2021-04-28,136.7113
2021-04-29,137.8967
2021-04-30,135.6405
2021-05-03,138.3843
2021-05-04,139.3403
2021-05-05,138.8336
2021-05-06,141.8929
2021-05-07,139.0631
2021-05-10,139.7419
2021-05-11,137.8776
2021-05-12,135.086
2021-05-13,137.8298
2021-05-14,138.3174
2021-05-17,138.7285
2021-05-18,137.5813
2021-05-19,136.8929
2021-05-20,137.5526
2021-05-21,138.3748
2021-05-24,138.3556
2021-05-25,137.4665
2021-05-26,137.0746
2021-05-27,137.4952
2021-05-28,137.4187
2021-06-01,137.849
2021-06-02,139.3117
2021-06-03,139.1491
2021-06-04,140.9369
2021-06-07,141.5105
2021-06-08,142.5143
2021-06-09,144.044
2021-06-10,143.9197
2021-06-11,144.6272
2021-06-14,143.4321
2021-06-15,142.7916
2021-06-16,141.3289
2021-06-17,139.1969
2021-06-18,136.826
2021-06-21,140.2008
2021-06-22,139.9235
2021-06-23,138.2505
2021-06-24,139.044
2021-06-25,140.3824
2021-06-28,138.9006
2021-06-29,139.1491
2021-06-30,140.1434
2021-07-01,140.3824
2021-07-02,133.8623
2021-07-06,132.6769
2021-07-07,133.6711
2021-07-08,134.5507
2021-07-09,135.2964
2021-07-12,134.7227
2021-07-13,134.1109
2021-07-14,133.6711
2021-07-15,134.2734
2021-07-16,132.7916
2021-07-19,131.8547
2021-07-20,133.8145
2021-07-21,135.086
2021-07-22,134.522
2021-07-23,135.1243
2021-07-26,136.4914
2021-07-27,136.4723
2021-07-28,135.5354
2021-07-29,135.6883
2021-07-30,134.761
2021-08-02,135.2008
2021-08-03,137.7342
2021-08-04,136.4818
2021-08-05,136.4914
2021-08-06,137.7533
2021-08-09,135.0382
2021-08-10,135.1625
2021-08-11,135.8795
2021-08-12,136.7782
2021-08-13,136.8834
2021-08-16,137.2753
2021-08-17,136.1568
2021-08-18,133.3365
2021-08-19,131.9503
2021-08-20,132.9924
2021-08-23,133.4799
2021-08-24,133.6902
2021-08-25,133.7094
2021-08-26,132.6769
2021-08-27,133.2792
2021-08-30,132.8585
2021-08-31,134.1683
2021-09-01,133.174
2021-09-02,133.8528
2021-09-03,133.4417
2021-09-07,131.9885
2021-09-08,132.5717
2021-09-09,131.6826
2021-09-10,130.9943
2021-09-13,132.0746
2021-09-14,130.2294
2021-09-15,131.1664
2021-09-16,130.4302
2021-09-17,129.283
2021-09-20,128.4034
2021-09-21,127.1224
2021-09-22,128.7094
2021-09-23,130.717
2021-09-24,131.4436
2021-09-27,132.4665
2021-09-28,131.4245
2021-09-29,133.0593
2021-09-30,132.8203
2021-10-01,137.0172
2021-10-04,137.7725
2021-10-05,136.8547
2021-10-06,136.0994
2021-10-07,135.5736
2021-10-08,136.9216
2021-10-11,136.1664
2021-10-12,134.2925
2021-10-13,134.5698
2021-10-14,137.0841
2021-10-15,138.2505
2021-10-18,136.0612
2021-10-19,135.7361
2021-10-20,135.6597
2021-10-21,122.6864
2021-10-22,122.2562
2021-10-25,122.0268
2021-10-26,121.5392
2021-10-27,119.6654
2021-10-28,120.3059
2021-10-29,119.5985
2021-11-01,120.7266
2021-11-02,120.631
2021-11-03,121.5392
2021-11-04,120.85
2021-11-05,123.61
2021-11-08,124.54
2021-11-09,120.85
2021-11-10,120.22
2021-11-11,120.27
2021-11-12,118.96
2021-11-15,118.87
2021-11-16,118.46
2021-11-17,118.06
2021-11-18,116.66
2021-11-19,116.05
2021-11-22,116.47
2021-11-23,116.79
2021-11-24,116.73
2021-11-26,115.81
2021-11-29,118.5
2021-11-30,117.1
2021-12-01,116.92
2021-12-02,116.9
2021-12-03,118.84
2021-12-06,119.91
2021-12-07,121.58
2021-12-08,123.02
2021-12-09,123.57
2021-12-10,124.09
2021-12-13,122.58
2021-12-14,123.76
2021-12-15,123.11
2021-12-16,125.93
2021-12-17,127.4
2021-12-20,127.06
2021-12-21,128.97
2021-12-22,129.75
2021-12-23,130.63
2021-12-27,131.62
2021-12-28,132.63
2021-12-29,133.35
2021-12-30,133.91
2021-12-31,133.66
2022-01-03,136.04
2022-01-04,138.02
2022-01-05,138.22
2022-01-06,135.34
2022-01-07,134.83
2022-01-10,135.03
2022-01-11,132.87
2022-01-12,133.59
2022-01-13,134.76
2022-01-14,134.21
2022-01-18,132.94
2022-01-19,131.58
2022-01-20,130.82
2022-01-21,129.35
2022-01-24,128.82
2022-01-25,136.1
2022-01-26,134.26
2022-01-27,132.52
2022-01-28,134.5
2022-01-31,133.57
2022-02-01,135.53
2022-02-02,137.25
2022-02-03,137.78
2022-02-04,137.15
2022-02-07,137.24
2022-02-08,137.02
2022-02-09,137.79
2022-02-10,133.52
2022-02-11,132.69
2022-02-14,130.15
2022-02-15,129.94
2022-02-16,129.18
2022-02-17,124.97
2022-02-18,124.35
2022-02-22,123.92
2022-02-23,122.07
2022-02-24,121.97
2022-02-25,124.18
2022-02-28,122.51
2022-03-01,121.35
2022-03-02,123.86
2022-03-03,125.93
2022-03-04,126.62
2022-03-07,126.07
2022-03-08,125.68
2022-03-09,126.22
2022-03-10,124.35
2022-03-11,123.96
2022-03-14,123.94
2022-03-15,125.64
2022-03-16,127.04
2022-03-17,127.96
2022-03-18,128.76
2022-03-21,128.1
2022-03-22,129.06
2022-03-23,128.3
2022-03-24,129.25
2022-03-25,131.35
2022-03-28,131.47
2022-03-29,131.94
2022-03-30,132.13
2022-03-31,130.02
2022-04-01,130.15
2022-04-04,130.27
2022-04-05,128.89
2022-04-06,129.39
2022-04-07,128.55
2022-04-08,127.73
2022-04-11,126.37
2022-04-12,125.98
2022-04-13,126.14
2022-04-14,126.56
2022-04-18,126.17
2022-04-19,129.15
2022-04-20,138.32
2022-04-21,139.85
2022-04-22,138.25
2022-04-25,139.1
2022-04-26,136.19
2022-04-27,135.06
2022-04-28,135.74
2022-04-29,132.21
2022-05-02,133.04
2022-05-03,132.52
2022-05-04,137.4
2022-05-05,135.92
2022-05-06,137.67
2022-05-09,134.44
2022-05-10,129.13
2022-05-11,130.75
2022-05-12,132.9
2022-05-13,133.6
2022-05-16,135.03
2022-05-17,138.37
2022-05-18,132.94
2022-05-19,129.66
2022-05-20,128.48
2022-05-23,131.17
2022-05-24,133.8
2022-05-25,134.39
2022-05-26,136.89
2022-05-27,139.27
2022-05-31,138.84
2022-06-01,139.43
2022-06-02,140.15
2022-06-03,141.18
2022-06-06,142.88
2022-06-07,142.78
2022-06-08,140.83
2022-06-09,137.96
2022-06-10,136.19
2022-06-13,135.11
2022-06-14,135.72
2022-06-15,137.06
2022-06-16,135.67
2022-06-17,135.02
2022-06-21,137.85
2022-06-22,137.08
2022-06-23,138.44
2022-06-24,142.06
2022-06-27,142.8
2022-06-28,141.86
2022-06-29,140.71
2022-06-30,141.19
2022-07-01,141.12
2022-07-05,137.62
2022-07-06,138.08
2022-07-07,140.83
2022-07-08,140.47
2022-07-11,141.0
2022-07-12,139.18
2022-07-13,137.18
2022-07-14,139.06
2022-07-15,139.92
2022-07-18,138.13
2022-07-19,130.88
2022-07-20,129.18
2022-07-21,127.15
2022-07-22,128.25
2022-07-25,128.54
2022-07-26,128.08
2022-07-27,129.12
2022-07-28,129.22
2022-07-29,130.79
2022-08-01,132.04
2022-08-02,131.81
2022-08-03,132.34
2022-08-04,131.64
2022-08-05,132.48
2022-08-08,132.61
2022-08-09,129.47
2022-08-10,131.5
2022-08-11,132.54
2022-08-12,134.01
2022-08-15,134.93
2022-08-16,136.56
2022-08-17,137.79
2022-08-18,139.07
2022-08-19,138.37
2022-08-22,135.55
2022-08-23,134.74
2022-08-24,133.23
2022-08-25,133.98
2022-08-26,130.38
2022-08-29,130.31
2022-08-30,129.58
2022-08-31,128.45
2022-09-01,129.66
2022-09-02,127.79
2022-09-06,126.72
2022-09-07,127.71
2022-09-08,128.47
2022-09-09,129.19
2022-09-12,130.66
2022-09-13,127.25
2022-09-14,127.69
2022-09-15,125.49
2022-09-16,127.27
2022-09-19,127.73
2022-09-20,126.3
2022-09-21,124.93
2022-09-22,125.31
2022-09-23,122.71
2022-09-26,122.01
2022-09-27,121.74
2022-09-28,122.76
2022-09-29,121.63
2022-09-30,118.81
2022-10-03,121.51
2022-10-04,125.5
2022-10-05,125.74
2022-10-06,122.23
2022-10-07,118.82
2022-10-10,117.75
2022-10-11,117.8
2022-10-12,117.57
2022-10-13,121.79
2022-10-14,120.04
2022-10-17,121.52
2022-10-18,122.94
2022-10-19,122.51
2022-10-20,128.3
2022-10-21,129.9
2022-10-24,132.69
2022-10-25,132.93
2022-10-26,135.01
2022-10-27,134.77
2022-10-28,138.51
2022-10-31,138.29
2022-11-01,138.2
2022-11-02,136.83
2022-11-03,134.47
2022-11-04,136.96
2022-11-07,138.34
2022-11-08,140.04
2022-11-09,137.39
2022-11-10,141.23
2022-11-11,143.17
2022-11-14,144.2
2022-11-15,144.34
2022-11-16,144.52
2022-11-17,146.09
2022-11-18,147.64
2022-11-21,146.68
2022-11-22,149.1
2022-11-23,148.75
2022-11-25,148.37
2022-11-28,146.18
2022-11-29,146.49
2022-11-30,148.9
2022-12-01,149.16
2022-12-02,148.67
2022-12-05,147.41
2022-12-06,147.5
2022-12-07,147.27
2022-12-08,147.78
2022-12-09,147.05
2022-12-12,149.21
2022-12-13,150.57
2022-12-14,149.86
2022-12-15,142.36
2022-12-16,140.16
2022-12-19,138.87
2022-12-20,141.28
2022-12-21,142.14
2022-12-22,140.88
2022-12-23,141.65
2022-12-27,142.42
2022-12-28,140.02
2022-12-29,141.06
2022-12-30,140.89
2023-01-03,141.55
2023-01-04,142.6
2023-01-05,141.11
2023-01-06,143.7
2023-01-09,143.55
2023-01-10,144.8
2023-01-11,145.26
2023-01-12,145.55
2023-01-13,145.89
2023-01-17,145.19
2023-01-18,140.41
2023-01-19,140.62
2023-01-20,141.2
2023-01-23,141.86
2023-01-24,141.49
2023-01-25,140.76
2023-01-26,134.45
2023-01-27,134.39
2023-01-30,135.3
2023-01-31,134.73
2023-02-01,135.09
2023-02-02,136.39
2023-02-03,136.94
2023-02-06,136.18
2023-02-07,135.84
2023-02-08,135.98
2023-02-09,133.75
2023-02-10,135.6
2023-02-13,137.35
2023-02-14,136.01
2023-02-15,136.4
2023-02-16,135.0
2023-02-17,135.02
2023-02-21,131.71
2023-02-22,130.97
2023-02-23,130.79
2023-02-24,130.57
2023-02-27,130.49
2023-02-28,129.3
2023-03-01,128.19
2023-03-02,128.93
2023-03-03,129.64
2023-03-06,130.19
2023-03-07,128.25
2023-03-08,128.05
2023-03-09,126.16
2023-03-10,125.45
2023-03-13,125.58
2023-03-14,124.65
2023-03-15,123.28
2023-03-16,124.7
2023-03-17,123.69
2023-03-20,125.94
2023-03-21,126.57
2023-03-22,124.05
2023-03-23,123.37
2023-03-24,125.29
2023-03-27,129.31
2023-03-28,129.34
2023-03-29,129.71
2023-03-30,129.22
2023-03-31,131.09
2023-04-03,132.06
2023-04-04,131.6
2023-04-05,132.14
2023-04-06,130.5
2023-04-10,131.03
2023-04-11,130.42
2023-04-12,128.54
2023-04-13,127.9
2023-04-14,128.14
2023-04-17,127.82
2023-04-18,127.78
2023-04-19,126.32
2023-04-20,126.36
2023-04-21,125.73
2023-04-24,125.4
2023-04-25,125.89
2023-04-26,125.85
2023-04-27,126.97
2023-04-28,126.41
2023-05-01,126.09
2023-05-02,125.16
2023-05-03,123.45
2023-05-04,122.57
2023-05-05,123.65
2023-05-08,123.4
2023-05-09,121.17
2023-05-10,122.02
2023-05-11,120.9
2023-05-12,122.84
2023-05-15,123.36
2023-05-16,123.46
2023-05-17,125.71
2023-05-18,126.15
2023-05-19,127.26
2023-05-22,127.5
2023-05-23,128.18
2023-05-24,125.68
2023-05-25,126.76
2023-05-26,128.89
2023-05-30,129.48
2023-05-31,128.59
2023-06-01,129.82
2023-06-02,132.42
2023-06-05,132.64
2023-06-06,132.69
2023-06-07,134.38
2023-06-08,134.41
2023-06-09,135.3
2023-06-12,136.42
2023-06-13,137.6
2023-06-14,137.2
2023-06-15,138.4
2023-06-16,137.48
2023-06-20,135.96
2023-06-21,133.69
2023-06-22,131.17
2023-06-23,129.43
2023-06-26,131.34
2023-06-27,132.34
2023-06-28,131.76
2023-06-29,134.06
2023-06-30,133.81
2023-07-03,133.67
2023-07-05,134.24
2023-07-06,132.16
2023-07-07,132.08
2023-07-10,132.9
2023-07-11,134.44
2023-07-12,132.84
2023-07-13,133.92
2023-07-14,133.4
2023-07-17,134.24
2023-07-18,135.36
2023-07-19,135.48
2023-07-20,138.38
2023-07-21,138.94
2023-07-24,139.54
2023-07-25,140.33
2023-07-26,141.07
2023-07-27,142.97
2023-07-28,143.45
2023-07-31,144.18
2023-08-01,143.33
2023-08-02,144.17
2023-08-03,144.45
2023-08-04,144.24
2023-08-07,146.18
2023-08-08,145.91
2023-08-09,142.49
2023-08-10,143.25
2023-08-11,143.12
2023-08-14,141.91
2023-08-15,141.87
2023-08-16,140.64
2023-08-17,140.66
2023-08-18,141.41
2023-08-21,142.28
2023-08-22,141.49
2023-08-23,143.41
2023-08-24,143.55
2023-08-25,145.35
2023-08-28,146.02
2023-08-29,146.45
2023-08-30,146.86
2023-08-31,146.83
2023-09-01,147.94
2023-09-05,148.13
2023-09-06,148.06
2023-09-07,147.52
2023-09-08,147.68
2023-09-11,148.38
2023-09-12,146.3
2023-09-13,146.55
2023-09-14,147.35
2023-09-15,145.99
2023-09-18,145.09
2023-09-19,146.52
2023-09-20,149.83
2023-09-21,147.38
2023-09-22,146.91
2023-09-25,146.48
2023-09-26,143.24
2023-09-27,143.17
2023-09-28,141.58
2023-09-29,140.3
2023-10-02,140.8
2023-10-03,140.39
2023-10-04,141.07
2023-10-05,141.52
2023-10-06,142.03
2023-10-09,142.2
2023-10-10,142.11
2023-10-11,143.23
2023-10-12,141.24
2023-10-13,138.46
2023-10-16,139.21
2023-10-17,140.32
2023-10-18,139.97
2023-10-19,138.01
2023-10-20,137.16
2023-10-23,136.38
2023-10-24,137.79
2023-10-25,137.08
2023-10-26,143.76
2023-10-27,142.52
2023-10-30,142.63
2023-10-31,144.64
2023-11-01,145.4
2023-11-02,147.01
2023-11-03,147.9
2023-11-06,148.97
2023-11-07,148.83
2023-11-08,148.03
2023-11-09,146.62
2023-11-10,149.02
2023-11-13,148.1
2023-11-14,150.41
2023-11-15,152.58
2023-11-16,153.06
2023-11-17,152.89
2023-11-20,154.35
2023-11-21,153.91
2023-11-22,155.13
2023-11-24,155.18
2023-11-27,155.57
2023-11-28,155.65
2023-11-29,156.41
2023-11-30,158.56
2023-12-01,160.55
2023-12-04,161.1
2023-12-05,161.39
2023-12-06,160.28
2023-12-07,160.22
2023-12-08,161.96
2023-12-11,163.51
2023-12-12,164.71
2023-12-13,163.62
2023-12-14,162.91
2023-12-15,162.23
2023-12-18,162.74
2023-12-19,161.56
2023-12-20,160.05
2023-12-21,160.78
2023-12-22,162.14
2023-12-26,163.21
2023-12-27,163.46
2023-12-28,163.75
2023-12-29,163.55
2024-01-02,161.5
2024-01-03,160.1
2024-01-04,160.86
2024-01-05,159.16
2024-01-08,161.14
2024-01-09,160.08
2024-01-10,161.23
2024-01-11,162.16
2024-01-12,165.8
2024-01-16,166.96
2024-01-17,166.08
2024-01-18,166.84
2024-01-19,171.48
2024-01-22,172.83
2024-01-23,173.94
2024-01-24,173.93
2024-01-25,190.43
2024-01-26,187.42
2024-01-29,187.14
2024-01-30,187.87
2024-01-31,183.66
2024-02-01,186.9
2024-02-02,185.79
2024-02-05,183.42
2024-02-06,183.41
2024-02-07,183.74
2024-02-08,184.36
2024-02-09,186.34
2024-02-12,186.16
2024-02-13,183.7
2024-02-14,183.57
2024-02-15,186.87
2024-02-16,187.64
2024-02-20,183.44
2024-02-21,179.7
2024-02-22,184.21
2024-02-23,185.72
2024-02-26,184.13
2024-02-27,184.87
2024-02-28,185.3
2024-02-29,185.03
2024-03-01,188.2
2024-03-04,193.06
2024-03-05,191.95
2024-03-06,196.16
2024-03-07,196.54
2024-03-08,195.95
2024-03-11,191.73
2024-03-12,197.78
2024-03-13,196.7
2024-03-14,193.43
2024-03-15,191.07
2024-03-18,191.69
2024-03-19,193.34
2024-03-20,193.96
2024-03-21,191.9
2024-03-22,190.84
2024-03-25,188.79
2024-03-26,188.5
2024-03-27,190.8
2024-03-28,190.96
2024-04-01,189.83
2024-04-02,188.88
2024-04-03,190.9
2024-04-04,187.94
2024-04-05,189.14
2024-04-08,189.82
2024-04-09,189.31
2024-04-10,186.04
2024-04-11,185.9
2024-04-12,182.27
2024-04-15,181.25
2024-04-16,183.75
2024-04-17,183.1
2024-04-18,181.47
2024-04-19,181.58
2024-04-22,181.9
2024-04-23,182.19
2024-04-24,184.1
2024-04-25,168.91
2024-04-26,167.13
2024-04-29,167.43
2024-04-30,166.2
2024-05-01,164.43
2024-05-02,164.69
2024-05-03,165.71
2024-05-06,168.61
2024-05-07,168.38
2024-05-08,169.9
2024-05-09,166.27
2024-05-10,167.15
2024-05-13,167.56
2024-05-14,167.36
2024-05-15,168.26
2024-05-16,168.97
2024-05-17,169.03
2024-05-20,169.92
2024-05-21,173.47
2024-05-22,173.69
2024-05-23,170.67
2024-05-24,170.89
2024-05-28,169.66
2024-05-29,167.05
2024-05-30,165.63
2024-05-31,166.85
2024-06-03,165.28
2024-06-04,165.81
2024-06-05,167.38
2024-06-06,168.2
2024-06-07,170.01
2024-06-10,170.38
2024-06-11,169.32
2024-06-12,169.0
2024-06-13,169.12
2024-06-14,169.21
2024-06-17,169.5
2024-06-18,170.55
2024-06-20,173.92
2024-06-21,172.46
2024-06-24,175.01
2024-06-25,172.6
2024-06-26,171.87
2024-06-27,170.85
2024-06-28,172.95
2024-07-01,175.1
2024-07-02,177.3
2024-07-03,175.73
2024-07-05,176.02
2024-07-08,177.64
2024-07-09,176.48
2024-07-10,177.84
2024-07-11,178.31
2024-07-12,182.83
2024-07-15,182.88
2024-07-16,185.81
2024-07-17,187.45
2024-07-18,185.22
2024-07-19,183.25
2024-07-22,184.15
2024-07-23,184.1
2024-07-24,184.02
2024-07-25,191.98
2024-07-26,191.75
2024-07-29,191.5
2024-07-30,191.04
2024-07-31,192.14
2024-08-01,189.66
2024-08-02,189.12
2024-08-05,183.31
2024-08-06,186.8
2024-08-07,186.8
2024-08-08,192.61
2024-08-09,191.45
2024-08-12,189.48
2024-08-13,190.99
2024-08-14,192.32
2024-08-15,193.95
2024-08-16,193.78
2024-08-19,194.73
2024-08-20,196.03
2024-08-21,197.21
2024-08-22,195.96
2024-08-23,196.1
2024-08-26,197.98
2024-08-27,198.73
2024-08-28,198.46
2024-08-29,198.9
2024-08-30,202.13
2024-09-03,201.28
2024-09-04,204.11
2024-09-05,202.59
2024-09-06,200.74
2024-09-09,203.53
2024-09-10,205.32
2024-09-11,209.89
2024-09-12,211.61
2024-09-13,214.79
2024-09-16,217.16
2024-09-17,214.13
2024-09-18,214.94
2024-09-19,213.89
2024-09-20,217.7
2024-09-23,220.5
2024-09-24,220.97
2024-09-25,221.23
2024-09-26,223.43
2024-09-27,220.84
2024-09-30,221.08
2024-10-01,219.35
2024-10-02,219.73
2024-10-03,222.72
2024-10-04,226.0
2024-10-07,227.12
2024-10-08,228.62
2024-10-09,234.3
2024-10-10,233.02
2024-10-11,233.26
2024-10-14,235.26
2024-10-15,232.96
2024-10-16,233.67
2024-10-17,232.88
2024-10-18,232.2
2024-10-21,231.75
2024-10-22,232.25
2024-10-23,232.75
2024-10-24,218.39
2024-10-25,214.67
2024-10-28,212.91
2024-10-29,210.43
2024-10-30,204.9
2024-10-31,206.72
2024-11-01,208.25
2024-11-04,206.32
2024-11-05,207.57
2024-11-06,213.6
2024-11-07,213.69
2024-11-08,213.72
2024-11-11,213.57
2024-11-12,210.86
2024-11-13,210.92
2024-11-14,208.99
2024-11-15,204.99
2024-11-18,208.09
2024-11-19,210.25
2024-11-20,214.6
2024-11-21,222.4
2024-11-22,222.97
2024-11-25,226.13
2024-11-26,228.83
2024-11-27,226.92
2024-11-29,227.41
2024-12-02,227.39
2024-12-03,229.0
2024-12-04,233.49
2024-12-05,234.75
2024-12-06,238.04
2024-12-09,230.0
2024-12-10,231.72
2024-12-11,230.12
2024-12-12,232.26
2024-12-13,230.82
2024-12-16,229.33
2024-12-17,228.97
2024-12-18,220.17
2024-12-19,223.92
2024-12-20,223.36
2024-12-23,221.93
2024-12-24,224.41
2024-12-26,224.89
2024-12-27,222.78
2024-12-30,220.25
2024-12-31,219.83
2025-01-02,219.94
2025-01-03,222.65
2025-01-06,222.67
2025-01-07,223.96
2025-01-08,223.18
2025-01-10,219.75
2025-01-13,217.4
2025-01-14,217.75
2025-01-15,220.03
2025-01-16,222.66
2025-01-17,224.79
2025-01-21,224.26
2025-01-22,223.26
2025-01-23,226.04
2025-01-24,224.8
2025-01-27,224.13
2025-01-28,225.66
2025-01-29,228.63
2025-01-30,258.27
2025-01-31,255.7
2025-02-03,260.73
2025-02-04,264.46
2025-02-05,263.3
2025-02-06,253.44
2025-02-07,252.34
2025-02-10,249.27
2025-02-11,254.7
2025-02-12,255.81
2025-02-13,259.19
2025-02-14,261.28
2025-02-18,263.07
2025-02-19,264.32
2025-02-20,264.74
2025-02-21,261.48
2025-02-24,261.87
2025-02-25,257.75
2025-02-26,255.84
2025-02-27,253.23
2025-02-28,252.44
2025-03-03,250.19
2025-03-04,253.21
2025-03-05,251.35
2025-03-06,248.69
2025-03-07,261.54
2025-03-10,256.9
2025-03-11,248.95
2025-03-12,249.63
2025-03-13,245.8
2025-03-14,248.35
2025-03-17,252.97
2025-03-18,246.95
2025-03-19,252.29
2025-03-20,243.32
2025-03-21,243.87
2025-03-24,248.45
2025-03-25,249.9
2025-03-26,250.34
2025-03-27,246.21
2025-03-28,244.0
2025-03-31,248.66
2025-04-01,250.34
2025-04-02,249.98
2025-04-03,243.49
2025-04-04,227.48
2025-04-07,225.78
2025-04-08,221.03
2025-04-09,235.31
2025-04-10,229.55
2025-04-11,235.48
2025-04-14,239.06
2025-04-15,240.7
2025-04-16,238.57
2025-04-17,238.81
2025-04-21,236.22
2025-04-22,240.9
2025-04-23,245.48
2025-04-24,229.33
2025-04-25,232.41
2025-04-28,236.16
2025-04-29,239.39
2025-04-30,241.82
2025-05-01,239.66
2025-05-02,245.55
2025-05-05,249.18
2025-05-06,249.12
2025-05-07,253.37
2025-05-08,254.14
2025-05-09,249.2
2025-05-12,253.69
2025-05-13,258.59
2025-05-14,257.82
2025-05-15,266.68
2025-05-16,266.76
2025-05-19,268.41
2025-05-20,266.95
2025-05-21,260.87
2025-05-22,258.37
2025-05-23,258.63
2025-05-27,263.23
2025-05-28,260.24
2025-05-29,258.69
2025-05-30,259.06
2025-06-02,263.9
2025-06-03,265.2
2025-06-04,265.52
2025-06-05,266.86
2025-06-06,268.87
2025-06-09,272.08
2025-06-10,276.24
2025-06-11,281.52
2025-06-12,281.03
2025-06-13,277.22
2025-06-16,281.83
2025-06-17,283.05
2025-06-18,283.21
2025-06-20,280.97
2025-06-23,289.18
2025-06-24,293.79
2025-06-25,291.06
2025-06-26,291.93
2025-06-27,289.7
2025-06-30,294.78
2025-07-01,291.2
2025-07-02,287.65
2025-07-03,291.97
2025-07-07,292.47
2025-07-08,290.42
2025-07-09,290.14
2025-07-10,287.43
2025-07-11,283.59
2025-07-14,283.79
2025-07-15,282.7
2025-07-16,281.92
2025-07-17,282.0
2025-07-18,285.87
2025-07-21,284.71
2025-07-22,281.96
2025-07-23,282.01
2025-07-24,260.51
2025-07-25,259.72
2025-07-28,263.21
2025-07-29,262.41
2025-07-30,260.26
2025-07-31,253.15
2025-08-01,250.05
2025-08-04,251.98
2025-08-05,250.67
2025-08-06,252.28
2025-08-07,250.16
2025-08-08,242.27
2025-08-11,236.3
2025-08-12,234.77
2025-08-13,240.07
2025-08-14,237.11
2025-08-15,239.72
2025-08-18,239.45
2025-08-19,241.28
2025-08-20,242.55
2025-08-21,239.4
2025-08-22,242.09
2025-08-25,239.43
2025-08-26,242.63
2025-08-27,244.84
2025-08-28,245.73
2025-08-29,243.49
2025-09-02,241.5
2025-09-03,244.1
2025-09-04,247.18
2025-09-05,248.53
2025-09-08,256.09
2025-09-09,259.11
2025-09-10,256.88
2025-09-11,257.01
2025-09-12,253.44
2025-09-15,256.24
2025-09-16,257.52
2025-09-17,259.08
2025-09-18,265.0
2025-09-19,266.4
2025-09-22,271.37
2025-09-23,272.24
2025-09-24,267.53
2025-09-25,281.44
2025-09-26,284.31
2025-09-29,279.8
2025-09-30,282.16
2025-10-01,286.49
2025-10-02,286.72
2025-10-03,288.37
2025-10-06,289.42
2025-10-07,293.87
2025-10-08,289.46
2025-10-09,288.23
2025-10-10,277.82
2025-10-13,277.22
2025-10-14,276.15
2025-10-15,280.75
2025-10-16,275.97
2025-10-17,281.28
2025-10-20,283.65
2025-10-21,282.05
2025-10-22,287.51
2025-10-23,285.0
2025-10-24,307.46
2025-10-27,313.09
2025-10-28,312.57
2025-10-29,308.21
2025-10-30,310.06
2025-10-31,307.41
2025-11-03,304.73
2025-11-04,300.85
2025-11-05,306.77
2025-11-06,312.42
2025-11-07,306.38
2025-11-10,309.13
2025-11-11,313.72
2025-11-12,314.98
2025-11-13,304.86
2025-11-14,305.69
2025-11-17,297.17
2025-11-18,289.95
2025-11-19,288.53
2025-11-20,290.4
2025-11-21,297.44
2025-11-24,304.12
2025-11-25,304.48
2025-11-26,303.21
2025-11-28,308.58
2025-12-01,305.67
2025-12-02,301.78
2025-12-03,302.62
2025-12-04,307.99
2025-12-05,307.94
2025-12-08,309.18
2025-12-09,310.48
2025-12-10,312.67
2025-12-11,310.74
2025-12-12,309.24
2025-12-15,308.66
2025-12-16,303.18
2025-12-17,303.32
2025-12-18,300.45
2025-12-19,300.98
2025-12-22,302.79
2025-12-23,303.78
2025-12-24,304.56
2025-12-26,305.09
2025-12-29,305.74
2025-12-30,302.05
2025-12-31,296.21
2026-01-02,291.5
2026-01-05,294.97
2026-01-06,302.47
2026-01-07,296.73
2026-01-08,302.72
2026-01-09,304.22
2026-01-12,312.18
2026-01-13,303.16
2026-01-14,309.03
2026-01-15,297.95
2026-01-16,305.67
2026-01-20,291.35
2026-01-21,297.54
2026-01-22,294.67
2026-01-23,292.44
2026-01-26,296.33
2026-01-27,293.86
2026-01-28,294.16
2026-01-29,309.24
2026-01-30,306.7
2026-02-02,314.73
2026-02-03,294.31
2026-02-04,289.05
2026-02-05,289.89
2026-02-06,298.93
2026-02-09,296.34
2026-02-10,291.76
2026-02-11,272.81
2026-02-12,259.52
2026-02-13,262.38
2026-02-17,258.31
2026-02-18,260.79
2026-02-19,256.28
2026-02-20,257.16
2026-02-23,223.35
2026-02-24,229.32
2026-02-25,237.54
2026-02-26,242.01
2026-02-27,240.21
2026-03-02,239.37
2026-03-03,245.28
2026-03-04,250.06
2026-03-05,256.55
2026-03-06,258.85
2026-03-09,253.33
2026-03-10,250.2
2026-03-11,248.87
2026-03-12,247.68
2026-03-13,246.28
2026-03-16,249.25
2026-03-17,256.11
2026-03-18,251.6
2026-03-19,250.37
2026-03-20,241.77
2026-03-23,248.44
2026-03-24,240.59
2026-03-25,241.39
2026-03-26,241.67
2026-03-27,236.34
2026-03-30,237.25
2026-03-31,242.39
2026-04-01,243.14
2026-04-02,248.16
2026-04-06,246.74
2026-04-07,245.07
2026-04-08,241.74
2026-04-09,237.18
2026-04-10,230.76
2026-04-13,237.82
2026-04-14,240.27
2026-04-15,244.8
2026-04-16,251.0
2026-04-17,253.47
2026-04-20,253.71
2026-04-21,255.68
2026-04-22,251.86
2026-04-23,231.08
2026-04-24,231.98
2026-04-27,228.05
2026-04-28,233.04
2026-04-29,227.1
2026-04-30,230.98
2026-05-01,232.2
2026-05-04,229.48
2026-05-05,229.03
2026-05-06,225.74
2026-05-07,231.31
2026-05-08,229.76
2026-05-11,223.55
2026-05-12,219.22
2026-05-13,214.64
2026-05-14,218.37
2026-05-15,219.3
2026-05-18,222.75
2026-05-19,222.33
2026-05-20,225.0
2026-05-21,252.97
2026-05-22,253.84
2026-05-26,250.69
2026-05-27,255.2
2026-05-28,264.22
2026-05-29,297.8
2026-06-01,320.42
2026-06-02,329.23
2026-06-03,305.63
2026-06-04,301.77
2026-06-05,284.84
2026-06-08,280.82
2026-06-09,277.49
2026-06-10,272.36
2026-06-11,274.85
2026-06-12,272.24
2026-06-15,268.71
2026-06-16,270.81
2026-06-17,262.35
2026-06-18,249.1
2026-06-22,252.22
2026-06-23,264.94
2026-06-24,262.96
2026-06-25,258.27
2026-06-26,271.63
2026-06-29,278.0
2026-06-30,281.21
2026-07-01,286.25
2026-07-02,289.52
2026-07-06,299.52
2026-07-07,306.13
2026-07-08,302.05
2026-07-09,295.3
2026-07-10,287.56
2026-07-13,290.23
2026-07-14,217.07
2026-07-15,211.2
2026-07-16,219.05
2026-07-17,212.67
2026-07-20,213.0
