date,close
1999-01-22,0.041
1999-01-25,0.0453
1999-01-26,0.0418
1999-01-27,0.0417
1999-01-28,0.0415
1999-01-29,0.0396
1999-02-01,0.0404
1999-02-02,0.0372
1999-02-03,0.038
1999-02-04,0.0401
1999-02-05,0.0413
1999-02-08,0.0398
1999-02-09,0.0383
1999-02-10,0.0379
1999-02-11,0.0411
1999-02-12,0.0435
1999-02-16,0.0437
1999-02-17,0.0414
1999-02-18,0.0421
1999-02-19,0.0435
1999-02-22,0.0437
1999-02-23,0.0458
1999-02-24,0.0495
1999-02-25,0.0479
1999-02-26,0.0457
1999-03-01,0.046
1999-03-02,0.0456
1999-03-03,0.0424
1999-03-04,0.0415
1999-03-05,0.0439
1999-03-08,0.0445
1999-03-09,0.046
1999-03-10,0.0452
1999-03-11,0.0432
1999-03-12,0.0424
1999-03-15,0.0443
1999-03-16,0.0428
1999-03-17,0.0431
1999-03-18,0.0436
1999-03-19,0.0437
1999-03-22,0.0424
1999-03-23,0.0398
1999-03-24,0.0396
1999-03-25,0.0401
1999-03-26,0.0436
1999-03-29,0.0449
1999-03-30,0.0411
1999-03-31,0.044
1999-04-01,0.0427
1999-04-05,0.0414
1999-04-06,0.0404
1999-04-07,0.0437
1999-04-08,0.0445
1999-04-09,0.0437
1999-04-12,0.0419
1999-04-13,0.0402
1999-04-14,0.0391
1999-04-15,0.0401
1999-04-16,0.0414
1999-04-19,0.0396
1999-04-20,0.0388
1999-04-21,0.0395
1999-04-22,0.0378
1999-04-23,0.0359
1999-04-26,0.0341
1999-04-27,0.0378
1999-04-28,0.0375
1999-04-29,0.0375
1999-04-30,0.038
1999-05-03,0.0383
1999-05-04,0.0362
1999-05-05,0.037
1999-05-06,0.0363
1999-05-07,0.0365
1999-05-10,0.0365
1999-05-11,0.0384
1999-05-12,0.0396
1999-05-13,0.0396
1999-05-14,0.0375
1999-05-17,0.0393
1999-05-18,0.0411
1999-05-19,0.0393
1999-05-20,0.0362
1999-05-21,0.0354
1999-05-24,0.0353
1999-05-25,0.0355
1999-05-26,0.0354
1999-05-27,0.0352
1999-05-28,0.0355
1999-06-01,0.0357
1999-06-02,0.0344
1999-06-03,0.0353
1999-06-04,0.0355
1999-06-07,0.0359
1999-06-08,0.0368
1999-06-09,0.0375
1999-06-10,0.0376
1999-06-11,0.0368
1999-06-14,0.0354
1999-06-15,0.0354
1999-06-16,0.0365
1999-06-17,0.0354
1999-06-18,0.0341
1999-06-21,0.0359
1999-06-22,0.0353
1999-06-23,0.0359
1999-06-24,0.0352
1999-06-25,0.0357
1999-06-28,0.0362
1999-06-29,0.0366
1999-06-30,0.0398
1999-07-01,0.0378
1999-07-02,0.0405
1999-07-06,0.0406
1999-07-07,0.0398
1999-07-08,0.0408
1999-07-09,0.0442
1999-07-12,0.0462
1999-07-13,0.0464
1999-07-14,0.0445
1999-07-15,0.0448
1999-07-16,0.0457
1999-07-19,0.0445
1999-07-20,0.0437
1999-07-21,0.0424
1999-07-22,0.0405
1999-07-23,0.0405
1999-07-26,0.0406
1999-07-27,0.0408
1999-07-28,0.0414
1999-07-29,0.0418
1999-07-30,0.0419
1999-08-02,0.0423
1999-08-03,0.0413
1999-08-04,0.0413
1999-08-05,0.0419
1999-08-06,0.0419
1999-08-09,0.0419
1999-08-10,0.0427
1999-08-11,0.0456
1999-08-12,0.0478
1999-08-13,0.0473
1999-08-16,0.0454
1999-08-17,0.0456
1999-08-18,0.0466
1999-08-19,0.0565
1999-08-20,0.056
1999-08-23,0.0526
1999-08-24,0.0523
1999-08-25,0.0521
1999-08-26,0.0513
1999-08-27,0.0542
1999-08-30,0.054
1999-08-31,0.0586
1999-09-01,0.0559
1999-09-02,0.0552
1999-09-03,0.0556
1999-09-07,0.0553
1999-09-08,0.0552
1999-09-09,0.0544
1999-09-10,0.0552
1999-09-13,0.0534
1999-09-14,0.0518
1999-09-15,0.0522
1999-09-16,0.0509
1999-09-17,0.0508
1999-09-20,0.049
1999-09-21,0.0443
1999-09-22,0.0453
1999-09-23,0.0415
1999-09-24,0.0378
1999-09-27,0.0401
1999-09-28,0.0437
1999-09-29,0.0402
1999-09-30,0.0401
1999-10-01,0.0398
1999-10-04,0.0406
1999-10-05,0.0445
1999-10-06,0.0499
1999-10-07,0.0466
1999-10-08,0.049
1999-10-11,0.0477
1999-10-12,0.047
1999-10-13,0.0457
1999-10-14,0.0448
1999-10-15,0.0445
1999-10-18,0.0422
1999-10-19,0.0405
1999-10-20,0.0419
1999-10-21,0.0439
1999-10-22,0.0449
1999-10-25,0.0427
1999-10-26,0.0469
1999-10-27,0.0448
1999-10-28,0.0427
1999-10-29,0.0461
1999-11-01,0.049
1999-11-02,0.0521
1999-11-03,0.0572
1999-11-04,0.0608
1999-11-05,0.0589
1999-11-08,0.0605
1999-11-09,0.0596
1999-11-10,0.0591
1999-11-11,0.0633
1999-11-12,0.0667
1999-11-15,0.0654
1999-11-16,0.0716
1999-11-17,0.0743
1999-11-18,0.0746
1999-11-19,0.0893
1999-11-22,0.0892
1999-11-23,0.0828
1999-11-24,0.0802
1999-11-26,0.0797
1999-11-29,0.0768
1999-11-30,0.0721
1999-12-01,0.0758
1999-12-02,0.0814
1999-12-03,0.0794
1999-12-06,0.0816
1999-12-07,0.0789
1999-12-08,0.0824
1999-12-09,0.0799
1999-12-10,0.079
1999-12-13,0.0788
1999-12-14,0.0775
1999-12-15,0.075
1999-12-16,0.0745
1999-12-17,0.0784
1999-12-20,0.0849
1999-12-21,0.0885
1999-12-22,0.0906
1999-12-23,0.0966
1999-12-27,0.093
1999-12-28,0.0927
1999-12-29,0.0958
1999-12-30,0.0966
1999-12-31,0.0978
2000-01-03,0.0975
2000-01-04,0.0949
2000-01-05,0.0918
2000-01-06,0.0858
2000-01-07,0.0872
2000-01-10,0.0901
2000-01-11,0.0865
2000-01-12,0.0842
2000-01-13,0.0878
2000-01-14,0.0915
2000-01-18,0.0954
2000-01-19,0.0945
2000-01-20,0.0943
2000-01-21,0.0932
2000-01-24,0.0891
2000-01-25,0.0883
2000-01-26,0.0846
2000-01-27,0.0802
2000-01-28,0.0779
2000-01-31,0.0772
2000-02-01,0.079
2000-02-02,0.0812
2000-02-03,0.0826
2000-02-04,0.0845
2000-02-07,0.0793
2000-02-08,0.0831
2000-02-09,0.0852
2000-02-10,0.1026
2000-02-11,0.1042
2000-02-14,0.1208
2000-02-15,0.1161
2000-02-16,0.1215
2000-02-17,0.1258
2000-02-18,0.1404
2000-02-22,0.1365
2000-02-23,0.1372
2000-02-24,0.1359
2000-02-25,0.1275
2000-02-28,0.1266
2000-02-29,0.1333
2000-03-01,0.1294
2000-03-02,0.1207
2000-03-03,0.1227
2000-03-06,0.1219
2000-03-07,0.1736
2000-03-08,0.175
2000-03-09,0.209
2000-03-10,0.2458
2000-03-13,0.3109
2000-03-14,0.2294
2000-03-15,0.2201
2000-03-16,0.1962
2000-03-17,0.2081
2000-03-20,0.2079
2000-03-21,0.1977
2000-03-22,0.1991
2000-03-23,0.2026
2000-03-24,0.1941
2000-03-27,0.1814
2000-03-28,0.1678
2000-03-29,0.1568
2000-03-30,0.1559
2000-03-31,0.176
2000-04-03,0.1622
2000-04-04,0.1562
2000-04-05,0.191
2000-04-06,0.1999
2000-04-07,0.2137
2000-04-10,0.1948
2000-04-11,0.1832
2000-04-12,0.1642
2000-04-13,0.1572
2000-04-14,0.1433
2000-04-17,0.1507
2000-04-18,0.1773
2000-04-19,0.1689
2000-04-20,0.168
2000-04-24,0.1596
2000-04-25,0.1771
2000-04-26,0.1753
2000-04-27,0.1896
2000-04-28,0.1857
2000-05-01,0.1917
2000-05-02,0.1842
2000-05-03,0.1813
2000-05-04,0.1835
2000-05-05,0.1919
2000-05-08,0.1849
2000-05-09,0.1823
2000-05-10,0.1643
2000-05-11,0.1714
2000-05-12,0.1661
2000-05-15,0.1776
2000-05-16,0.1958
2000-05-17,0.2302
2000-05-18,0.2146
2000-05-19,0.2128
2000-05-22,0.2266
2000-05-23,0.2247
2000-05-24,0.2219
2000-05-25,0.2188
2000-05-26,0.2199
2000-05-30,0.2289
2000-05-31,0.2378
2000-06-01,0.2444
2000-06-02,0.2741
2000-06-05,0.28
2000-06-06,0.266
2000-06-07,0.2542
2000-06-08,0.2561
2000-06-09,0.2634
2000-06-12,0.2564
2000-06-13,0.2645
2000-06-14,0.2642
2000-06-15,0.2711
2000-06-16,0.312
2000-06-19,0.3315
2000-06-20,0.3271
2000-06-21,0.3603
2000-06-22,0.3406
2000-06-23,0.3085
2000-06-26,0.3457
2000-06-27,0.2969
2000-06-28,0.2854
2000-06-29,0.2443
2000-06-30,0.2648
2000-07-03,0.2547
2000-07-05,0.2273
2000-07-06,0.2411
2000-07-07,0.2424
2000-07-10,0.2549
2000-07-11,0.2755
2000-07-12,0.2833
2000-07-13,0.3099
2000-07-14,0.3076
2000-07-17,0.3042
2000-07-18,0.2982
2000-07-19,0.2792
2000-07-20,0.2867
2000-07-21,0.2904
2000-07-24,0.2656
2000-07-25,0.2557
2000-07-26,0.2367
2000-07-27,0.2198
2000-07-28,0.225
2000-07-31,0.25
2000-08-01,0.2451
2000-08-02,0.25
2000-08-03,0.2609
2000-08-04,0.2656
2000-08-07,0.2865
2000-08-08,0.2802
2000-08-09,0.2719
2000-08-10,0.275
2000-08-11,0.2685
2000-08-14,0.2711
2000-08-15,0.2967
2000-08-16,0.3042
2000-08-17,0.3099
2000-08-18,0.3208
2000-08-21,0.3258
2000-08-22,0.2951
2000-08-23,0.3122
2000-08-24,0.3206
2000-08-25,0.3125
2000-08-28,0.325
2000-08-29,0.3242
2000-08-30,0.3271
2000-08-31,0.3307
2000-09-01,0.3313
2000-09-05,0.3318
2000-09-06,0.3089
2000-09-07,0.3255
2000-09-08,0.3063
2000-09-11,0.2937
2000-09-12,0.2919
2000-09-13,0.2918
2000-09-14,0.2891
2000-09-15,0.2954
2000-09-18,0.2781
2000-09-19,0.2867
2000-09-20,0.2773
2000-09-21,0.2893
2000-09-22,0.2943
2000-09-25,0.3154
2000-09-26,0.3229
2000-09-27,0.3406
2000-09-28,0.351
2000-09-29,0.3411
2000-10-02,0.3331
2000-10-03,0.3151
2000-10-04,0.3115
2000-10-05,0.3042
2000-10-06,0.2852
2000-10-09,0.2914
2000-10-10,0.2693
2000-10-11,0.2716
2000-10-12,0.2609
2000-10-13,0.2714
2000-10-16,0.2651
2000-10-17,0.2458
2000-10-18,0.2419
2000-10-19,0.2654
2000-10-20,0.2901
2000-10-23,0.2836
2000-10-24,0.2745
2000-10-25,0.2505
2000-10-26,0.2612
2000-10-27,0.2552
2000-10-30,0.2372
2000-10-31,0.2589
2000-11-01,0.2589
2000-11-02,0.2786
2000-11-03,0.2969
2000-11-06,0.3198
2000-11-07,0.2982
2000-11-08,0.2893
2000-11-09,0.2591
2000-11-10,0.2451
2000-11-13,0.2461
2000-11-14,0.2911
2000-11-15,0.2873
2000-11-16,0.2693
2000-11-17,0.2641
2000-11-20,0.2438
2000-11-21,0.2391
2000-11-22,0.2266
2000-11-24,0.2396
2000-11-27,0.2315
2000-11-28,0.2143
2000-11-29,0.201
2000-11-30,0.1688
2000-12-01,0.1854
2000-12-04,0.1883
2000-12-05,0.2005
2000-12-06,0.1719
2000-12-07,0.1688
2000-12-08,0.2073
2000-12-11,0.2073
2000-12-12,0.2016
2000-12-13,0.1859
2000-12-14,0.1732
2000-12-15,0.156
2000-12-18,0.1611
2000-12-19,0.149
2000-12-20,0.1328
2000-12-21,0.1161
2000-12-22,0.1461
2000-12-26,0.1401
2000-12-27,0.1495
2000-12-28,0.1503
2000-12-29,0.1365
2001-01-02,0.1247
2001-01-03,0.163
2001-01-04,0.1818
2001-01-05,0.1546
2001-01-08,0.1693
2001-01-09,0.1727
2001-01-10,0.1846
2001-01-11,0.2
2001-01-12,0.1958
2001-01-16,0.1805
2001-01-17,0.187
2001-01-18,0.2229
2001-01-19,0.2169
2001-01-22,0.2083
2001-01-23,0.2291
2001-01-24,0.2281
2001-01-25,0.2052
2001-01-26,0.2117
2001-01-29,0.2128
2001-01-30,0.2174
2001-01-31,0.2151
2001-02-01,0.2162
2001-02-02,0.1953
2001-02-05,0.1951
2001-02-06,0.1961
2001-02-07,0.187
2001-02-08,0.1859
2001-02-09,0.1846
2001-02-12,0.1797
2001-02-13,0.1852
2001-02-14,0.1987
2001-02-15,0.2352
2001-02-16,0.2479
2001-02-20,0.2232
2001-02-21,0.2333
2001-02-22,0.2432
2001-02-23,0.2264
2001-02-26,0.2214
2001-02-27,0.2081
2001-02-28,0.1862
2001-03-01,0.2009
2001-03-02,0.1816
2001-03-05,0.1833
2001-03-06,0.201
2001-03-07,0.2172
2001-03-08,0.2245
2001-03-09,0.2086
2001-03-12,0.201
2001-03-13,0.225
2001-03-14,0.2378
2001-03-15,0.2495
2001-03-16,0.2484
2001-03-19,0.2628
2001-03-20,0.2383
2001-03-21,0.256
2001-03-22,0.2818
2001-03-23,0.2792
2001-03-26,0.2943
2001-03-27,0.2836
2001-03-28,0.2838
2001-03-29,0.288
2001-03-30,0.2705
2001-04-02,0.2591
2001-04-03,0.2677
2001-04-04,0.2401
2001-04-05,0.2622
2001-04-06,0.2612
2001-04-09,0.2485
2001-04-10,0.272
2001-04-11,0.2884
2001-04-12,0.2927
2001-04-16,0.2856
2001-04-17,0.2996
2001-04-18,0.3219
2001-04-19,0.3496
2001-04-20,0.3623
2001-04-23,0.3432
2001-04-24,0.3189
2001-04-25,0.3336
2001-04-26,0.3073
2001-04-27,0.3292
2001-04-30,0.3471
2001-05-01,0.3795
2001-05-02,0.3708
2001-05-03,0.3692
2001-05-04,0.3742
2001-05-07,0.391
2001-05-08,0.3627
2001-05-09,0.3458
2001-05-10,0.3341
2001-05-11,0.3256
2001-05-14,0.3284
2001-05-15,0.3402
2001-05-16,0.3562
2001-05-17,0.3625
2001-05-18,0.3596
2001-05-21,0.3758
2001-05-22,0.3871
2001-05-23,0.3838
2001-05-24,0.3895
2001-05-25,0.3821
2001-05-29,0.3664
2001-05-30,0.3596
2001-05-31,0.3567
2001-06-01,0.3765
2001-06-04,0.3706
2001-06-05,0.3901
2001-06-06,0.3918
2001-06-07,0.4139
2001-06-08,0.4031
2001-06-11,0.3913
2001-06-12,0.4044
2001-06-13,0.3908
2001-06-14,0.39
2001-06-15,0.396
2001-06-18,0.3804
2001-06-19,0.3596
2001-06-20,0.375
2001-06-21,0.3821
2001-06-22,0.3804
2001-06-25,0.3797
2001-06-26,0.3906
2001-06-27,0.3785
2001-06-28,0.383
2001-06-29,0.3865
2001-07-02,0.3693
2001-07-03,0.374
2001-07-05,0.3469
2001-07-06,0.3363
2001-07-09,0.3252
2001-07-10,0.3279
2001-07-11,0.3273
2001-07-12,0.3445
2001-07-13,0.3373
2001-07-16,0.3102
2001-07-17,0.3275
2001-07-18,0.3162
2001-07-19,0.3213
2001-07-20,0.312
2001-07-23,0.2825
2001-07-24,0.3016
2001-07-25,0.2987
2001-07-26,0.3292
2001-07-27,0.3375
2001-07-30,0.3295
2001-07-31,0.3371
2001-08-01,0.3577
2001-08-02,0.3662
2001-08-03,0.3633
2001-08-06,0.3743
2001-08-07,0.3688
2001-08-08,0.3594
2001-08-09,0.3531
2001-08-10,0.3527
2001-08-13,0.3675
2001-08-14,0.3577
2001-08-15,0.3581
2001-08-16,0.3732
2001-08-17,0.349
2001-08-20,0.3466
2001-08-21,0.3393
2001-08-22,0.3533
2001-08-23,0.3455
2001-08-24,0.3553
2001-08-27,0.3676
2001-08-28,0.3628
2001-08-29,0.3512
2001-08-30,0.35
2001-08-31,0.353
2001-09-04,0.3284
2001-09-05,0.3354
2001-09-06,0.3217
2001-09-07,0.3251
2001-09-10,0.3157
2001-09-17,0.2833
2001-09-18,0.2662
2001-09-19,0.2629
2001-09-20,0.2407
2001-09-21,0.2247
2001-09-24,0.25
2001-09-25,0.2403
2001-09-26,0.2316
2001-09-27,0.2188
2001-09-28,0.2289
2001-10-01,0.2095
2001-10-02,0.199
2001-10-03,0.2382
2001-10-04,0.2691
2001-10-05,0.2742
2001-10-08,0.2803
2001-10-09,0.2682
2001-10-10,0.2854
2001-10-11,0.3163
2001-10-12,0.3369
2001-10-15,0.3354
2001-10-16,0.3692
2001-10-17,0.3475
2001-10-18,0.3622
2001-10-19,0.3697
2001-10-22,0.3784
2001-10-23,0.3717
2001-10-24,0.3882
2001-10-25,0.4109
2001-10-26,0.3816
2001-10-29,0.3506
2001-10-30,0.35
2001-10-31,0.3572
2001-11-01,0.3877
2001-11-02,0.3931
2001-11-05,0.3945
2001-11-06,0.4216
2001-11-07,0.4219
2001-11-08,0.4146
2001-11-09,0.4433
2001-11-12,0.4552
2001-11-13,0.4515
2001-11-14,0.4389
2001-11-15,0.4412
2001-11-16,0.4374
2001-11-19,0.4278
2001-11-20,0.4158
2001-11-21,0.4105
2001-11-23,0.4162
2001-11-26,0.446
2001-11-27,0.4507
2001-11-28,0.428
2001-11-29,0.4467
2001-11-30,0.4553
2001-12-03,0.4484
2001-12-04,0.4845
2001-12-05,0.5236
2001-12-06,0.5153
2001-12-07,0.4996
2001-12-10,0.5046
2001-12-11,0.5227
2001-12-12,0.5389
2001-12-13,0.5234
2001-12-14,0.547
2001-12-17,0.5667
2001-12-18,0.5521
2001-12-19,0.537
2001-12-20,0.5158
2001-12-21,0.5382
2001-12-24,0.5516
2001-12-26,0.5651
2001-12-27,0.5782
2001-12-28,0.5642
2001-12-31,0.5575
2002-01-02,0.5608
2002-01-03,0.5976
2002-01-04,0.5802
2002-01-07,0.5646
2002-01-08,0.5713
2002-01-09,0.5634
2002-01-10,0.5499
2002-01-11,0.5256
2002-01-14,0.498
2002-01-15,0.5445
2002-01-16,0.5232
2002-01-17,0.5416
2002-01-18,0.5317
2002-01-22,0.5183
2002-01-23,0.5281
2002-01-24,0.547
2002-01-25,0.5456
2002-01-28,0.5666
2002-01-29,0.5388
2002-01-30,0.5453
2002-01-31,0.5478
2002-02-01,0.5344
2002-02-04,0.5092
2002-02-05,0.5042
2002-02-06,0.5168
2002-02-07,0.5001
2002-02-08,0.481
2002-02-11,0.5076
2002-02-12,0.5183
2002-02-13,0.5117
2002-02-14,0.518
2002-02-15,0.4779
2002-02-19,0.4462
2002-02-20,0.4696
2002-02-21,0.4375
2002-02-22,0.416
2002-02-25,0.4486
2002-02-26,0.4583
2002-02-27,0.4429
2002-02-28,0.4251
2002-03-01,0.4662
2002-03-04,0.4922
2002-03-05,0.4909
2002-03-06,0.4755
2002-03-07,0.4717
2002-03-08,0.4857
2002-03-11,0.4801
2002-03-12,0.4549
2002-03-13,0.4467
2002-03-14,0.4219
2002-03-15,0.4397
2002-03-18,0.4397
2002-03-19,0.4304
2002-03-20,0.3877
2002-03-21,0.4083
2002-03-22,0.4047
2002-03-25,0.3838
2002-03-26,0.3917
2002-03-27,0.3792
2002-03-28,0.3697
2002-04-01,0.3636
2002-04-02,0.3541
2002-04-03,0.3607
2002-04-04,0.359
2002-04-05,0.3508
2002-04-08,0.3626
2002-04-09,0.3397
2002-04-10,0.3209
2002-04-11,0.3068
2002-04-12,0.3057
2002-04-15,0.318
2002-04-16,0.3318
2002-04-17,0.3358
2002-04-18,0.3302
2002-04-19,0.3077
2002-04-22,0.3092
2002-04-23,0.2967
2002-04-24,0.2707
2002-04-25,0.2812
2002-04-26,0.2531
2002-04-29,0.2952
2002-04-30,0.2901
2002-05-01,0.2953
2002-05-02,0.2834
2002-05-03,0.2729
2002-05-06,0.2625
2002-05-07,0.2691
2002-05-08,0.3
2002-05-09,0.2872
2002-05-10,0.2657
2002-05-13,0.2817
2002-05-14,0.3097
2002-05-15,0.3158
2002-05-16,0.3164
2002-05-17,0.3264
2002-05-20,0.3299
2002-05-21,0.3047
2002-05-22,0.3171
2002-05-23,0.2977
2002-05-24,0.2919
2002-05-28,0.2803
2002-05-29,0.2909
2002-05-30,0.2867
2002-05-31,0.2788
2002-06-03,0.2624
2002-06-04,0.2757
2002-06-05,0.2717
2002-06-06,0.2718
2002-06-07,0.2692
2002-06-10,0.2669
2002-06-11,0.2549
2002-06-12,0.2329
2002-06-13,0.2305
2002-06-14,0.2348
2002-06-17,0.2369
2002-06-18,0.2357
2002-06-19,0.1988
2002-06-20,0.1969
2002-06-21,0.1888
2002-06-24,0.1923
2002-06-25,0.1764
2002-06-26,0.1673
2002-06-27,0.1423
2002-06-28,0.1432
2002-07-01,0.1428
2002-07-02,0.1338
2002-07-03,0.1454
2002-07-05,0.1583
2002-07-08,0.163
2002-07-09,0.155
2002-07-10,0.1507
2002-07-11,0.1661
2002-07-12,0.1659
2002-07-15,0.1824
2002-07-16,0.1775
2002-07-17,0.1624
2002-07-18,0.1583
2002-07-19,0.1511
2002-07-22,0.1441
2002-07-23,0.1333
2002-07-24,0.1418
2002-07-25,0.1255
2002-07-26,0.1226
2002-07-29,0.126
2002-07-30,0.1352
2002-07-31,0.0922
2002-08-01,0.0834
2002-08-02,0.0779
2002-08-05,0.0717
2002-08-06,0.0754
2002-08-07,0.0737
2002-08-08,0.0785
2002-08-09,0.0767
2002-08-12,0.0767
2002-08-13,0.0751
2002-08-14,0.0802
2002-08-15,0.0857
2002-08-16,0.0891
2002-08-19,0.1054
2002-08-20,0.1007
2002-08-21,0.1061
2002-08-22,0.1025
2002-08-23,0.0957
2002-08-26,0.0965
2002-08-27,0.091
2002-08-28,0.0853
2002-08-29,0.0864
2002-08-30,0.0842
2002-09-03,0.079
2002-09-04,0.0785
2002-09-05,0.0755
2002-09-06,0.0772
2002-09-09,0.0771
2002-09-10,0.0881
2002-09-11,0.0924
2002-09-12,0.0895
2002-09-13,0.0881
2002-09-16,0.0825
2002-09-17,0.0812
2002-09-18,0.079
2002-09-19,0.0763
2002-09-20,0.0768
2002-09-23,0.0734
2002-09-24,0.074
2002-09-25,0.0781
2002-09-26,0.0739
2002-09-27,0.0713
2002-09-30,0.0713
2002-10-01,0.0752
2002-10-02,0.0751
2002-10-03,0.0714
2002-10-04,0.0678
2002-10-07,0.0645
2002-10-08,0.0626
2002-10-09,0.0614
2002-10-10,0.0646
2002-10-11,0.0734
2002-10-14,0.0712
2002-10-15,0.0787
2002-10-16,0.0721
2002-10-17,0.0776
2002-10-18,0.0783
2002-10-21,0.0854
2002-10-22,0.0882
2002-10-23,0.0918
2002-10-24,0.0872
2002-10-25,0.0925
2002-10-28,0.093
2002-10-29,0.0889
2002-10-30,0.0937
2002-10-31,0.0992
2002-11-01,0.1175
2002-11-04,0.1303
2002-11-05,0.1252
2002-11-06,0.1348
2002-11-07,0.1213
2002-11-08,0.0947
2002-11-11,0.0873
2002-11-12,0.0951
2002-11-13,0.0981
2002-11-14,0.1046
2002-11-15,0.1123
2002-11-18,0.1164
2002-11-19,0.1181
2002-11-20,0.124
2002-11-21,0.1345
2002-11-22,0.131
2002-11-25,0.1357
2002-11-26,0.1321
2002-11-27,0.1423
2002-11-29,0.1427
2002-12-02,0.1417
2002-12-03,0.1323
2002-12-04,0.1165
2002-12-05,0.1176
2002-12-06,0.1177
2002-12-09,0.1083
2002-12-10,0.1174
2002-12-11,0.1168
2002-12-12,0.1148
2002-12-13,0.1103
2002-12-16,0.1168
2002-12-17,0.1167
2002-12-18,0.1077
2002-12-19,0.1054
2002-12-20,0.1068
2002-12-23,0.1076
2002-12-24,0.1054
2002-12-26,0.1035
2002-12-27,0.0996
2002-12-30,0.0961
2002-12-31,0.0959
2003-01-02,0.1026
2003-01-03,0.1026
2003-01-06,0.1109
2003-01-07,0.1106
2003-01-08,0.0996
2003-01-09,0.1013
2003-01-10,0.1031
2003-01-13,0.1023
2003-01-14,0.103
2003-01-15,0.0998
2003-01-16,0.0931
2003-01-17,0.0896
2003-01-21,0.0873
2003-01-22,0.0874
2003-01-23,0.0898
2003-01-24,0.0847
2003-01-27,0.0835
2003-01-28,0.0865
2003-01-29,0.0882
2003-01-30,0.0847
2003-01-31,0.086
2003-02-03,0.0877
2003-02-04,0.0838
2003-02-05,0.0845
2003-02-06,0.0852
2003-02-07,0.0813
2003-02-10,0.0823
2003-02-11,0.0808
2003-02-12,0.0812
2003-02-13,0.0822
2003-02-14,0.1003
2003-02-18,0.1061
2003-02-19,0.1071
2003-02-20,0.1071
2003-02-21,0.1072
2003-02-24,0.1085
2003-02-25,0.1078
2003-02-26,0.1026
2003-02-27,0.1047
2003-02-28,0.1052
2003-03-03,0.1034
2003-03-04,0.1026
2003-03-05,0.1042
2003-03-06,0.1025
2003-03-07,0.1041
2003-03-10,0.1012
2003-03-11,0.1019
2003-03-12,0.1047
2003-03-13,0.1152
2003-03-14,0.1118
2003-03-17,0.1183
2003-03-18,0.1174
2003-03-19,0.118
2003-03-20,0.1191
2003-03-21,0.118
2003-03-24,0.1136
2003-03-25,0.1168
2003-03-26,0.1201
2003-03-27,0.1167
2003-03-28,0.1119
2003-03-31,0.1073
2003-04-01,0.1105
2003-04-02,0.1146
2003-04-03,0.1161
2003-04-04,0.1116
2003-04-07,0.1128
2003-04-08,0.1117
2003-04-09,0.1111
2003-04-10,0.1117
2003-04-11,0.1104
2003-04-14,0.1123
2003-04-15,0.1117
2003-04-16,0.1117
2003-04-17,0.1138
2003-04-21,0.1167
2003-04-22,0.1182
2003-04-23,0.1208
2003-04-24,0.1173
2003-04-25,0.1129
2003-04-28,0.1163
2003-04-29,0.1199
2003-04-30,0.1194
2003-05-01,0.1202
2003-05-02,0.1325
2003-05-05,0.1357
2003-05-06,0.1359
2003-05-07,0.1338
2003-05-08,0.1338
2003-05-09,0.1781
2003-05-12,0.1731
2003-05-13,0.1698
2003-05-14,0.1697
2003-05-15,0.1755
2003-05-16,0.1772
2003-05-19,0.1672
2003-05-20,0.1683
2003-05-21,0.1743
2003-05-22,0.1748
2003-05-23,0.1739
2003-05-27,0.1893
2003-05-28,0.1888
2003-05-29,0.2017
2003-05-30,0.2181
2003-06-02,0.206
2003-06-03,0.2103
2003-06-04,0.2153
2003-06-05,0.2214
2003-06-06,0.2147
2003-06-09,0.2121
2003-06-10,0.2152
2003-06-11,0.2153
2003-06-12,0.2121
2003-06-13,0.1956
2003-06-16,0.1998
2003-06-17,0.2045
2003-06-18,0.2123
2003-06-19,0.1994
2003-06-20,0.1973
2003-06-23,0.1903
2003-06-24,0.1899
2003-06-25,0.1912
2003-06-26,0.1914
2003-06-27,0.188
2003-06-30,0.1909
2003-07-01,0.1988
2003-07-02,0.1982
2003-07-03,0.1959
2003-07-07,0.2087
2003-07-08,0.2064
2003-07-09,0.2112
2003-07-10,0.2025
2003-07-11,0.2036
2003-07-14,0.202
2003-07-15,0.1954
2003-07-16,0.193
2003-07-17,0.1833
2003-07-18,0.1772
2003-07-21,0.1745
2003-07-22,0.1774
2003-07-23,0.1797
2003-07-24,0.1727
2003-07-25,0.1755
2003-07-28,0.1701
2003-07-29,0.1589
2003-07-30,0.1572
2003-07-31,0.1591
2003-08-01,0.1643
2003-08-04,0.1705
2003-08-05,0.17
2003-08-06,0.1631
2003-08-07,0.1608
2003-08-08,0.1292
2003-08-11,0.1362
2003-08-12,0.1389
2003-08-13,0.1398
2003-08-14,0.135
2003-08-15,0.1346
2003-08-18,0.1386
2003-08-19,0.1492
2003-08-20,0.1471
2003-08-21,0.1511
2003-08-22,0.1522
2003-08-25,0.1513
2003-08-26,0.1489
2003-08-27,0.1534
2003-08-28,0.1494
2003-08-29,0.1514
2003-09-02,0.1501
2003-09-03,0.1472
2003-09-04,0.1486
2003-09-05,0.1557
2003-09-08,0.1628
2003-09-09,0.1728
2003-09-10,0.161
2003-09-11,0.1589
2003-09-12,0.1612
2003-09-15,0.1586
2003-09-16,0.1635
2003-09-17,0.1654
2003-09-18,0.1667
2003-09-19,0.1653
2003-09-22,0.1588
2003-09-23,0.1603
2003-09-24,0.1482
2003-09-25,0.1461
2003-09-26,0.1405
2003-09-29,0.1329
2003-09-30,0.1331
2003-10-01,0.1342
2003-10-02,0.1363
2003-10-03,0.1398
2003-10-06,0.1388
2003-10-07,0.14
2003-10-08,0.1351
2003-10-09,0.137
2003-10-10,0.1394
2003-10-13,0.1408
2003-10-14,0.1434
2003-10-15,0.1416
2003-10-16,0.1433
2003-10-17,0.1388
2003-10-20,0.1419
2003-10-21,0.1462
2003-10-22,0.1437
2003-10-23,0.1431
2003-10-24,0.1426
2003-10-27,0.1433
2003-10-28,0.1523
2003-10-29,0.1523
2003-10-30,0.1495
2003-10-31,0.1473
2003-11-03,0.1501
2003-11-04,0.1506
2003-11-05,0.1512
2003-11-06,0.1514
2003-11-07,0.1813
2003-11-10,0.1807
2003-11-11,0.1762
2003-11-12,0.1786
2003-11-13,0.1787
2003-11-14,0.1681
2003-11-17,0.1663
2003-11-18,0.1639
2003-11-19,0.1685
2003-11-20,0.164
2003-11-21,0.1647
2003-11-24,0.1746
2003-11-25,0.1776
2003-11-26,0.1778
2003-11-28,0.1769
2003-12-01,0.1794
2003-12-02,0.1787
2003-12-03,0.1768
2003-12-04,0.1759
2003-12-05,0.1702
2003-12-08,0.1715
2003-12-09,0.1626
2003-12-10,0.1662
2003-12-11,0.1746
2003-12-12,0.1737
2003-12-15,0.1702
2003-12-16,0.1725
2003-12-17,0.1692
2003-12-18,0.173
2003-12-19,0.1756
2003-12-22,0.1758
2003-12-23,0.183
2003-12-24,0.1817
2003-12-26,0.1895
2003-12-29,0.1975
2003-12-30,0.1979
2003-12-31,0.1933
2004-01-02,0.1923
2004-01-05,0.1986
2004-01-06,0.2067
2004-01-07,0.2085
2004-01-08,0.2093
2004-01-09,0.2122
2004-01-12,0.2147
2004-01-13,0.2036
2004-01-14,0.2021
2004-01-15,0.2024
2004-01-16,0.2055
2004-01-20,0.2113
2004-01-21,0.2015
2004-01-22,0.1968
2004-01-23,0.1924
2004-01-26,0.2
2004-01-27,0.1886
2004-01-28,0.1881
2004-01-29,0.1826
2004-01-30,0.1854
2004-02-02,0.1884
2004-02-03,0.1877
2004-02-04,0.1827
2004-02-05,0.1854
2004-02-06,0.1897
2004-02-09,0.1883
2004-02-10,0.1953
2004-02-11,0.2021
2004-02-12,0.196
2004-02-13,0.1942
2004-02-17,0.1963
2004-02-18,0.1963
2004-02-19,0.1963
2004-02-20,0.2012
2004-02-23,0.1942
2004-02-24,0.1864
2004-02-25,0.1875
2004-02-26,0.1887
2004-02-27,0.1854
2004-03-01,0.1882
2004-03-02,0.1847
2004-03-03,0.1822
2004-03-04,0.1863
2004-03-05,0.1849
2004-03-08,0.1785
2004-03-09,0.1772
2004-03-10,0.1747
2004-03-11,0.1733
2004-03-12,0.177
2004-03-15,0.173
2004-03-16,0.1804
2004-03-17,0.1848
2004-03-18,0.1869
2004-03-19,0.1848
2004-03-22,0.1833
2004-03-23,0.1841
2004-03-24,0.1923
2004-03-25,0.2035
2004-03-26,0.2029
2004-03-29,0.2117
2004-03-30,0.218
2004-03-31,0.22
2004-04-01,0.2161
2004-04-02,0.2192
2004-04-05,0.227
2004-04-06,0.2178
2004-04-07,0.2167
2004-04-08,0.2228
2004-04-12,0.2187
2004-04-13,0.2136
2004-04-14,0.2147
2004-04-15,0.2034
2004-04-16,0.1968
2004-04-19,0.1965
2004-04-20,0.1882
2004-04-21,0.1884
2004-04-22,0.1895
2004-04-23,0.1937
2004-04-26,0.1861
2004-04-27,0.1845
2004-04-28,0.1838
2004-04-29,0.1787
2004-04-30,0.171
2004-05-03,0.1688
2004-05-04,0.1796
2004-05-05,0.1811
2004-05-06,0.1826
2004-05-07,0.184
2004-05-10,0.1768
2004-05-11,0.1812
2004-05-12,0.1787
2004-05-13,0.1793
2004-05-14,0.1793
2004-05-17,0.1764
2004-05-18,0.1793
2004-05-19,0.1788
2004-05-20,0.1762
2004-05-21,0.1767
2004-05-24,0.1761
2004-05-25,0.1838
2004-05-26,0.1875
2004-05-27,0.1881
2004-05-28,0.1954
2004-06-01,0.1953
2004-06-02,0.1937
2004-06-03,0.1844
2004-06-04,0.1826
2004-06-07,0.187
2004-06-08,0.1837
2004-06-09,0.1751
2004-06-10,0.1733
2004-06-14,0.1679
2004-06-15,0.1704
2004-06-16,0.1678
2004-06-17,0.1644
2004-06-18,0.1647
2004-06-21,0.1618
2004-06-22,0.1663
2004-06-23,0.1692
2004-06-24,0.1677
2004-06-25,0.1688
2004-06-28,0.1673
2004-06-29,0.1731
2004-06-30,0.1706
2004-07-01,0.1628
2004-07-02,0.1605
2004-07-06,0.1511
2004-07-07,0.1518
2004-07-08,0.1472
2004-07-09,0.1408
2004-07-12,0.1376
2004-07-13,0.1373
2004-07-14,0.1312
2004-07-15,0.1303
2004-07-16,0.1265
2004-07-19,0.1279
2004-07-20,0.1305
2004-07-21,0.1226
2004-07-22,0.1252
2004-07-23,0.1218
2004-07-26,0.1184
2004-07-27,0.1223
2004-07-28,0.1192
2004-07-29,0.1271
2004-07-30,0.1285
2004-08-02,0.1302
2004-08-03,0.1234
2004-08-04,0.1248
2004-08-05,0.1213
2004-08-06,0.0786
2004-08-09,0.0821
2004-08-10,0.0886
2004-08-11,0.086
2004-08-12,0.084
2004-08-13,0.0875
2004-08-16,0.0867
2004-08-17,0.0914
2004-08-18,0.0975
2004-08-19,0.0972
2004-08-20,0.1029
2004-08-23,0.1052
2004-08-24,0.1013
2004-08-25,0.1056
2004-08-26,0.1058
2004-08-27,0.1078
2004-08-30,0.1042
2004-08-31,0.1038
2004-09-01,0.1058
2004-09-02,0.1102
2004-09-03,0.1068
2004-09-07,0.1048
2004-09-08,0.1027
2004-09-09,0.1129
2004-09-10,0.1173
2004-09-13,0.1195
2004-09-14,0.12
2004-09-15,0.1133
2004-09-16,0.1176
2004-09-17,0.1224
2004-09-20,0.1222
2004-09-21,0.1255
2004-09-22,0.1197
2004-09-23,0.1208
2004-09-24,0.1171
2004-09-27,0.115
2004-09-28,0.1167
2004-09-29,0.1195
2004-09-30,0.121
2004-10-01,0.126
2004-10-04,0.1296
2004-10-05,0.1267
2004-10-06,0.1272
2004-10-07,0.1279
2004-10-08,0.1209
2004-10-11,0.1211
2004-10-12,0.1193
2004-10-13,0.1186
2004-10-14,0.115
2004-10-15,0.1118
2004-10-18,0.1138
2004-10-19,0.1131
2004-10-20,0.1144
2004-10-21,0.117
2004-10-22,0.1107
2004-10-25,0.1112
2004-10-26,0.1208
2004-10-27,0.1241
2004-10-28,0.1227
2004-10-29,0.1206
2004-11-01,0.1232
2004-11-02,0.1249
2004-11-03,0.1261
2004-11-04,0.1284
2004-11-05,0.147
2004-11-08,0.1486
2004-11-09,0.1477
2004-11-10,0.1477
2004-11-11,0.1506
2004-11-12,0.1508
2004-11-15,0.1531
2004-11-16,0.1526
2004-11-17,0.1552
2004-11-18,0.1572
2004-11-19,0.158
2004-11-22,0.1625
2004-11-23,0.1632
2004-11-24,0.1638
2004-11-26,0.1655
2004-11-29,0.1622
2004-11-30,0.1594
2004-12-01,0.1634
2004-12-02,0.1656
2004-12-03,0.1727
2004-12-06,0.181
2004-12-07,0.1901
2004-12-08,0.1923
2004-12-09,0.1906
2004-12-10,0.1943
2004-12-13,0.1889
2004-12-14,0.1928
2004-12-15,0.1945
2004-12-16,0.1971
2004-12-17,0.1922
2004-12-20,0.1901
2004-12-21,0.1915
2004-12-22,0.1918
2004-12-23,0.1922
2004-12-27,0.1906
2004-12-28,0.1896
2004-12-29,0.1912
2004-12-30,0.1905
2004-12-31,0.1963
2005-01-03,0.1965
2005-01-04,0.1873
2005-01-05,0.189
2005-01-06,0.1872
2005-01-07,0.1836
2005-01-10,0.184
2005-01-11,0.1783
2005-01-12,0.1768
2005-01-13,0.1787
2005-01-14,0.1793
2005-01-18,0.1821
2005-01-19,0.1779
2005-01-20,0.1783
2005-01-21,0.1787
2005-01-24,0.1715
2005-01-25,0.1745
2005-01-26,0.1768
2005-01-27,0.1909
2005-01-28,0.1907
2005-01-31,0.191
2005-02-01,0.1946
2005-02-02,0.2054
2005-02-03,0.2033
2005-02-04,0.2149
2005-02-07,0.2123
2005-02-08,0.2144
2005-02-09,0.2069
2005-02-10,0.2118
2005-02-11,0.2179
2005-02-14,0.2133
2005-02-15,0.2153
2005-02-16,0.2145
2005-02-17,0.2126
2005-02-18,0.2356
2005-02-22,0.2386
2005-02-23,0.2308
2005-02-24,0.2369
2005-02-25,0.2403
2005-02-28,0.2416
2005-03-01,0.241
2005-03-02,0.2339
2005-03-03,0.2307
2005-03-04,0.2298
2005-03-07,0.2321
2005-03-08,0.2203
2005-03-09,0.2146
2005-03-10,0.2145
2005-03-11,0.2097
2005-03-14,0.2156
2005-03-15,0.2113
2005-03-16,0.2077
2005-03-17,0.2056
2005-03-18,0.2014
2005-03-21,0.2083
2005-03-22,0.2046
2005-03-23,0.209
2005-03-24,0.2094
2005-03-28,0.2071
2005-03-29,0.2025
2005-03-30,0.2025
2005-03-31,0.198
2005-04-01,0.1961
2005-04-04,0.1949
2005-04-05,0.1915
2005-04-06,0.1944
2005-04-07,0.198
2005-04-08,0.1954
2005-04-11,0.1916
2005-04-12,0.1939
2005-04-13,0.1858
2005-04-14,0.1843
2005-04-15,0.1779
2005-04-18,0.1767
2005-04-19,0.1828
2005-04-20,0.1772
2005-04-21,0.1871
2005-04-22,0.1853
2005-04-25,0.1883
2005-04-26,0.1874
2005-04-27,0.1803
2005-04-28,0.1808
2005-04-29,0.1828
2005-05-02,0.1821
2005-05-03,0.1811
2005-05-04,0.1868
2005-05-05,0.1905
2005-05-06,0.1931
2005-05-09,0.1967
2005-05-10,0.189
2005-05-11,0.1858
2005-05-12,0.1899
2005-05-13,0.2111
2005-05-16,0.2118
2005-05-17,0.2142
2005-05-18,0.2157
2005-05-19,0.2153
2005-05-20,0.2192
2005-05-23,0.2243
2005-05-24,0.2274
2005-05-25,0.2245
2005-05-26,0.2308
2005-05-27,0.2293
2005-05-31,0.2258
2005-06-01,0.2279
2005-06-02,0.2364
2005-06-03,0.2358
2005-06-06,0.2336
2005-06-07,0.2279
2005-06-08,0.2263
2005-06-09,0.2358
2005-06-10,0.2332
2005-06-13,0.2383
2005-06-14,0.2243
2005-06-15,0.2236
2005-06-16,0.2247
2005-06-17,0.2243
2005-06-20,0.2277
2005-06-21,0.2298
2005-06-22,0.2296
2005-06-23,0.2332
2005-06-24,0.2257
2005-06-27,0.2239
2005-06-28,0.2253
2005-06-29,0.2233
2005-06-30,0.2227
2005-07-01,0.2237
2005-07-05,0.2272
2005-07-06,0.2333
2005-07-07,0.2316
2005-07-08,0.2345
2005-07-11,0.238
2005-07-12,0.2367
2005-07-13,0.237
2005-07-14,0.2265
2005-07-15,0.2241
2005-07-18,0.2185
2005-07-19,0.2215
2005-07-20,0.2248
2005-07-21,0.221
2005-07-22,0.2153
2005-07-25,0.2165
2005-07-26,0.221
2005-07-27,0.2255
2005-07-28,0.2272
2005-07-29,0.2255
2005-08-01,0.2289
2005-08-02,0.232
2005-08-03,0.232
2005-08-04,0.2296
2005-08-05,0.2354
2005-08-08,0.2362
2005-08-09,0.2357
2005-08-10,0.2322
2005-08-11,0.2354
2005-08-12,0.2496
2005-08-15,0.2559
2005-08-16,0.2516
2005-08-17,0.2516
2005-08-18,0.2451
2005-08-19,0.2433
2005-08-22,0.2413
2005-08-23,0.2429
2005-08-24,0.2431
2005-08-25,0.2447
2005-08-26,0.241
2005-08-29,0.2414
2005-08-30,0.2501
2005-08-31,0.2557
2005-09-01,0.2558
2005-09-02,0.2516
2005-09-06,0.2537
2005-09-07,0.2618
2005-09-08,0.2648
2005-09-09,0.2682
2005-09-12,0.2673
2005-09-13,0.2754
2005-09-14,0.2721
2005-09-15,0.2769
2005-09-16,0.2771
2005-09-19,0.2732
2005-09-20,0.2785
2005-09-21,0.2761
2005-09-22,0.2687
2005-09-23,0.2726
2005-09-26,0.2748
2005-09-27,0.2758
2005-09-28,0.2774
2005-09-29,0.2832
2005-09-30,0.2857
2005-10-03,0.2935
2005-10-04,0.2897
2005-10-05,0.2801
2005-10-06,0.2791
2005-10-07,0.2755
2005-10-10,0.2685
2005-10-11,0.2652
2005-10-12,0.2683
2005-10-13,0.2669
2005-10-14,0.2669
2005-10-17,0.2695
2005-10-18,0.2651
2005-10-19,0.2628
2005-10-20,0.2647
2005-10-21,0.2662
2005-10-24,0.2734
2005-10-25,0.2752
2005-10-26,0.2677
2005-10-27,0.2621
2005-10-28,0.2702
2005-10-31,0.2796
2005-11-01,0.2762
2005-11-02,0.2922
2005-11-03,0.2887
2005-11-04,0.2838
2005-11-07,0.2826
2005-11-08,0.2773
2005-11-09,0.2898
2005-11-10,0.2791
2005-11-11,0.2837
2005-11-14,0.2897
2005-11-15,0.2903
2005-11-16,0.2893
2005-11-17,0.3022
2005-11-18,0.3016
2005-11-21,0.3069
2005-11-22,0.3151
2005-11-23,0.3142
2005-11-25,0.3173
2005-11-28,0.3157
2005-11-29,0.2957
2005-11-30,0.3013
2005-12-01,0.3048
2005-12-02,0.3049
2005-12-05,0.2993
2005-12-06,0.3005
2005-12-07,0.301
2005-12-08,0.2986
2005-12-09,0.3028
2005-12-12,0.3072
2005-12-13,0.3113
2005-12-14,0.3083
2005-12-15,0.3044
2005-12-16,0.3071
2005-12-19,0.302
2005-12-20,0.3018
2005-12-21,0.3013
2005-12-22,0.3104
2005-12-23,0.3128
2005-12-27,0.3147
2005-12-28,0.3177
2005-12-29,0.3106
2005-12-30,0.3047
2006-01-03,0.3185
2006-01-04,0.3274
2006-01-05,0.3348
2006-01-06,0.3403
2006-01-09,0.3498
2006-01-10,0.3499
2006-01-11,0.3626
2006-01-12,0.3574
2006-01-13,0.3543
2006-01-17,0.354
2006-01-18,0.3558
2006-01-19,0.3756
2006-01-20,0.3651
2006-01-23,0.3672
2006-01-24,0.369
2006-01-25,0.3658
2006-01-26,0.3783
2006-01-27,0.3854
2006-01-30,0.3811
2006-01-31,0.3747
2006-02-01,0.3749
2006-02-02,0.3635
2006-02-03,0.3668
2006-02-06,0.3772
2006-02-07,0.3638
2006-02-08,0.3742
2006-02-09,0.3679
2006-02-10,0.3658
2006-02-13,0.3671
2006-02-14,0.3677
2006-02-15,0.3748
2006-02-16,0.3933
2006-02-17,0.3956
2006-02-21,0.3872
2006-02-22,0.3865
2006-02-23,0.3806
2006-02-24,0.3805
2006-02-27,0.3959
2006-02-28,0.3927
2006-03-01,0.4077
2006-03-02,0.4083
2006-03-03,0.4097
2006-03-06,0.4088
2006-03-07,0.4018
2006-03-08,0.3998
2006-03-09,0.4019
2006-03-10,0.3949
2006-03-13,0.3997
2006-03-14,0.4108
2006-03-15,0.4173
2006-03-16,0.4032
2006-03-17,0.4064
2006-03-20,0.4033
2006-03-21,0.4232
2006-03-22,0.4111
2006-03-23,0.4187
2006-03-24,0.4329
2006-03-27,0.4446
2006-03-28,0.4514
2006-03-29,0.4757
2006-03-30,0.4789
2006-03-31,0.4772
2006-04-03,0.4825
2006-04-04,0.5051
2006-04-05,0.5092
2006-04-06,0.5102
2006-04-07,0.5088
2006-04-10,0.5
2006-04-11,0.4878
2006-04-12,0.5075
2006-04-13,0.4933
2006-04-17,0.4947
2006-04-18,0.483
2006-04-19,0.486
2006-04-20,0.4853
2006-04-21,0.4678
2006-04-24,0.4822
2006-04-25,0.4818
2006-04-26,0.4785
2006-04-27,0.4862
2006-04-28,0.487
2006-05-01,0.515
2006-05-02,0.5143
2006-05-03,0.5177
2006-05-04,0.5143
2006-05-05,0.5213
2006-05-08,0.519
2006-05-09,0.5032
2006-05-10,0.492
2006-05-11,0.4745
2006-05-12,0.4388
2006-05-15,0.4452
2006-05-16,0.4335
2006-05-17,0.416
2006-05-18,0.3972
2006-05-19,0.4055
2006-05-22,0.4
2006-05-23,0.3957
2006-05-24,0.4008
2006-05-25,0.3987
2006-05-26,0.3995
2006-05-30,0.3828
2006-05-31,0.383
2006-06-01,0.403
2006-06-02,0.3972
2006-06-05,0.3805
2006-06-06,0.3703
2006-06-07,0.3637
2006-06-08,0.357
2006-06-09,0.3558
2006-06-12,0.3362
2006-06-13,0.331
2006-06-14,0.3407
2006-06-15,0.3705
2006-06-16,0.361
2006-06-19,0.3502
2006-06-20,0.3447
2006-06-21,0.3485
2006-06-22,0.3383
2006-06-23,0.3385
2006-06-26,0.3353
2006-06-27,0.3247
2006-06-28,0.3427
2006-06-29,0.3582
2006-06-30,0.3548
2006-07-03,0.36
2006-07-05,0.3438
2006-07-06,0.3332
2006-07-07,0.3228
2006-07-10,0.3088
2006-07-11,0.3192
2006-07-12,0.3038
2006-07-13,0.296
2006-07-14,0.2945
2006-07-17,0.2968
2006-07-18,0.313
2006-07-19,0.3267
2006-07-20,0.3202
2006-07-21,0.2962
2006-07-24,0.326
2006-07-25,0.3375
2006-07-26,0.3375
2006-07-27,0.3423
2006-07-28,0.3778
2006-07-31,0.369
2006-08-01,0.3542
2006-08-02,0.3813
2006-08-03,0.4053
2006-08-04,0.3998
2006-08-07,0.3952
2006-08-08,0.4057
2006-08-09,0.4055
2006-08-10,0.4027
2006-08-11,0.39
2006-08-14,0.388
2006-08-15,0.4253
2006-08-16,0.4558
2006-08-17,0.4487
2006-08-18,0.456
2006-08-21,0.4392
2006-08-22,0.4385
2006-08-23,0.4382
2006-08-24,0.4427
2006-08-25,0.4413
2006-08-28,0.4565
2006-08-29,0.4772
2006-08-30,0.487
2006-08-31,0.4852
2006-09-01,0.4648
2006-09-05,0.475
2006-09-06,0.4512
2006-09-07,0.4602
2006-09-08,0.4617
2006-09-11,0.4688
2006-09-12,0.4812
2006-09-13,0.485
2006-09-14,0.4832
2006-09-15,0.4927
2006-09-18,0.5113
2006-09-19,0.498
2006-09-20,0.5162
2006-09-21,0.512
2006-09-22,0.4968
2006-09-25,0.5147
2006-09-26,0.5038
2006-09-27,0.5023
2006-09-28,0.4928
2006-09-29,0.4932
2006-10-02,0.4807
2006-10-03,0.4717
2006-10-04,0.518
2006-10-05,0.5033
2006-10-06,0.5155
2006-10-09,0.5487
2006-10-10,0.5362
2006-10-11,0.5392
2006-10-12,0.5413
2006-10-13,0.5628
2006-10-16,0.5618
2006-10-17,0.5403
2006-10-18,0.526
2006-10-19,0.536
2006-10-20,0.5298
2006-10-23,0.5263
2006-10-24,0.5417
2006-10-25,0.5467
2006-10-26,0.564
2006-10-27,0.5397
2006-10-30,0.5462
2006-10-31,0.5812
2006-11-01,0.5363
2006-11-02,0.5327
2006-11-03,0.5433
2006-11-06,0.5598
2006-11-07,0.5683
2006-11-08,0.5767
2006-11-09,0.5882
2006-11-10,0.574
2006-11-13,0.6
2006-11-14,0.606
2006-11-15,0.596
2006-11-16,0.6037
2006-11-17,0.6053
2006-11-20,0.611
2006-11-21,0.6015
2006-11-22,0.6118
2006-11-24,0.6163
2006-11-27,0.5885
2006-11-28,0.5995
2006-11-29,0.6083
2006-11-30,0.6165
2006-12-01,0.5923
2006-12-04,0.6163
2006-12-05,0.61
2006-12-06,0.6092
2006-12-07,0.5945
2006-12-08,0.5925
2006-12-11,0.6027
2006-12-12,0.5965
2006-12-13,0.6035
2006-12-14,0.6142
2006-12-15,0.625
2006-12-18,0.6358
2006-12-19,0.645
2006-12-20,0.6377
2006-12-21,0.6322
2006-12-22,0.6172
2006-12-26,0.617
2006-12-27,0.6252
2006-12-28,0.6207
2006-12-29,0.6168
2007-01-03,0.6013
2007-01-04,0.5985
2007-01-05,0.561
2007-01-08,0.5652
2007-01-09,0.5542
2007-01-10,0.5815
2007-01-11,0.5793
2007-01-12,0.5872
2007-01-16,0.5882
2007-01-17,0.5758
2007-01-18,0.5282
2007-01-19,0.5313
2007-01-22,0.5313
2007-01-23,0.5315
2007-01-24,0.548
2007-01-25,0.5288
2007-01-26,0.5245
2007-01-29,0.503
2007-01-30,0.5127
2007-01-31,0.5108
2007-02-01,0.5173
2007-02-02,0.5308
2007-02-05,0.5395
2007-02-06,0.5587
2007-02-07,0.5805
2007-02-08,0.573
2007-02-09,0.5442
2007-02-12,0.5562
2007-02-13,0.5667
2007-02-14,0.5592
2007-02-15,0.5625
2007-02-16,0.5453
2007-02-20,0.5502
2007-02-21,0.542
2007-02-22,0.5455
2007-02-23,0.5442
2007-02-26,0.5358
2007-02-27,0.5197
2007-02-28,0.5167
2007-03-01,0.5103
2007-03-02,0.4962
2007-03-05,0.4793
2007-03-06,0.5077
2007-03-07,0.4933
2007-03-08,0.5137
2007-03-09,0.5085
2007-03-12,0.5055
2007-03-13,0.4842
2007-03-14,0.4818
2007-03-15,0.477
2007-03-16,0.4725
2007-03-19,0.4748
2007-03-20,0.4725
2007-03-21,0.4995
2007-03-22,0.5105
2007-03-23,0.5048
2007-03-26,0.5058
2007-03-27,0.4963
2007-03-28,0.4868
2007-03-29,0.4783
2007-03-30,0.4797
2007-04-02,0.4792
2007-04-03,0.4773
2007-04-04,0.4763
2007-04-05,0.515
2007-04-09,0.5057
2007-04-10,0.5005
2007-04-11,0.4915
2007-04-12,0.5055
2007-04-13,0.5097
2007-04-16,0.507
2007-04-17,0.5118
2007-04-18,0.5182
2007-04-19,0.5253
2007-04-20,0.5315
2007-04-23,0.5228
2007-04-24,0.5425
2007-04-25,0.5518
2007-04-26,0.5587
2007-04-27,0.5512
2007-04-30,0.5482
2007-05-01,0.554
2007-05-02,0.5475
2007-05-03,0.5578
2007-05-04,0.5618
2007-05-07,0.5507
2007-05-08,0.5548
2007-05-09,0.5573
2007-05-10,0.547
2007-05-11,0.5857
2007-05-14,0.5798
2007-05-15,0.5747
2007-05-16,0.582
2007-05-17,0.5723
2007-05-18,0.5837
2007-05-21,0.5855
2007-05-22,0.5887
2007-05-23,0.573
2007-05-24,0.5523
2007-05-25,0.561
2007-05-29,0.567
2007-05-30,0.5683
2007-05-31,0.5773
2007-06-01,0.5813
2007-06-04,0.5845
2007-06-05,0.6018
2007-06-06,0.6063
2007-06-07,0.5998
2007-06-08,0.6092
2007-06-11,0.6113
2007-06-12,0.605
2007-06-13,0.6195
2007-06-14,0.6305
2007-06-15,0.6592
2007-06-18,0.6595
2007-06-19,0.6637
2007-06-20,0.6643
2007-06-21,0.7163
2007-06-22,0.727
2007-06-25,0.7078
2007-06-26,0.675
2007-06-27,0.6932
2007-06-28,0.6998
2007-06-29,0.6885
2007-07-02,0.7172
2007-07-03,0.7183
2007-07-05,0.726
2007-07-06,0.7295
2007-07-09,0.7507
2007-07-10,0.758
2007-07-11,0.7547
2007-07-12,0.7692
2007-07-13,0.7645
2007-07-16,0.7783
2007-07-17,0.775
2007-07-18,0.7608
2007-07-19,0.76
2007-07-20,0.7517
2007-07-23,0.7592
2007-07-24,0.7392
2007-07-25,0.7357
2007-07-26,0.7393
2007-07-27,0.7375
2007-07-30,0.7582
2007-07-31,0.7627
2007-08-01,0.757
2007-08-02,0.7537
2007-08-03,0.709
2007-08-06,0.715
2007-08-07,0.7263
2007-08-08,0.7598
2007-08-09,0.7688
2007-08-10,0.7332
2007-08-13,0.7252
2007-08-14,0.7533
2007-08-15,0.7215
2007-08-16,0.7095
2007-08-17,0.7513
2007-08-20,0.7483
2007-08-21,0.7888
2007-08-22,0.8068
2007-08-23,0.8
2007-08-24,0.8042
2007-08-27,0.8223
2007-08-28,0.7722
2007-08-29,0.816
2007-08-30,0.8113
2007-08-31,0.8527
2007-09-04,0.879
2007-09-05,0.8723
2007-09-06,0.8762
2007-09-07,0.8442
2007-09-10,0.8465
2007-09-11,0.8645
2007-09-12,0.8305
2007-09-13,0.8307
2007-09-14,0.8062
2007-09-17,0.8045
2007-09-18,0.875
2007-09-19,0.859
2007-09-20,0.854
2007-09-21,0.8622
2007-09-24,0.8842
2007-09-25,0.8955
2007-09-26,0.9168
2007-09-27,0.9195
2007-09-28,0.906
2007-10-01,0.9442
2007-10-02,0.9352
2007-10-03,0.8955
2007-10-04,0.8995
2007-10-05,0.9233
2007-10-08,0.9383
2007-10-09,0.9218
2007-10-10,0.9227
2007-10-11,0.8817
2007-10-12,0.9032
2007-10-15,0.9097
2007-10-16,0.918
2007-10-17,0.9885
2007-10-18,0.9877
2007-10-19,0.9348
2007-10-22,0.979
2007-10-23,0.9837
2007-10-24,0.9505
2007-10-25,0.8675
2007-10-26,0.86
2007-10-29,0.8397
2007-10-30,0.8705
2007-10-31,0.8845
2007-11-01,0.8845
2007-11-02,0.9185
2007-11-05,0.9185
2007-11-06,0.9475
2007-11-07,0.9025
2007-11-08,0.846
2007-11-09,0.834
2007-11-12,0.7508
2007-11-13,0.817
2007-11-14,0.8043
2007-11-15,0.7935
2007-11-16,0.8112
2007-11-19,0.7565
2007-11-20,0.7508
2007-11-21,0.7427
2007-11-23,0.7555
2007-11-26,0.738
2007-11-27,0.7697
2007-11-28,0.8213
2007-11-29,0.828
2007-11-30,0.7885
2007-12-03,0.8
2007-12-04,0.7993
2007-12-05,0.8407
2007-12-06,0.8577
2007-12-07,0.847
2007-12-10,0.8562
2007-12-11,0.8572
2007-12-12,0.8867
2007-12-13,0.8625
2007-12-14,0.8767
2007-12-17,0.832
2007-12-18,0.8533
2007-12-19,0.8612
2007-12-20,0.8792
2007-12-21,0.879
2007-12-24,0.8945
2007-12-26,0.9065
2007-12-27,0.8785
2007-12-28,0.8698
2007-12-31,0.8505
2008-01-02,0.8253
2008-01-03,0.8188
2008-01-04,0.75
2008-01-07,0.6725
2008-01-08,0.6867
2008-01-09,0.7222
2008-01-10,0.7072
2008-01-11,0.6762
2008-01-14,0.7212
2008-01-15,0.6683
2008-01-16,0.5928
2008-01-17,0.5825
2008-01-18,0.621
2008-01-22,0.59
2008-01-23,0.6008
2008-01-24,0.6467
2008-01-25,0.6237
2008-01-28,0.6162
2008-01-29,0.6352
2008-01-30,0.6298
2008-01-31,0.6148
2008-02-01,0.6715
2008-02-04,0.6505
2008-02-05,0.6097
2008-02-06,0.6077
2008-02-07,0.6137
2008-02-08,0.6248
2008-02-11,0.6267
2008-02-12,0.65
2008-02-13,0.6755
2008-02-14,0.5652
2008-02-15,0.5567
2008-02-19,0.5485
2008-02-20,0.5445
2008-02-21,0.5322
2008-02-22,0.558
2008-02-25,0.5577
2008-02-26,0.5625
2008-02-27,0.5713
2008-02-28,0.5497
2008-02-29,0.5347
2008-03-03,0.5285
2008-03-04,0.5232
2008-03-05,0.5293
2008-03-06,0.496
2008-03-07,0.4888
2008-03-10,0.4608
2008-03-11,0.476
2008-03-12,0.463
2008-03-13,0.4925
2008-03-14,0.458
2008-03-17,0.4465
2008-03-18,0.4742
2008-03-19,0.4415
2008-03-20,0.463
2008-03-24,0.5008
2008-03-25,0.508
2008-03-26,0.4918
2008-03-27,0.4848
2008-03-28,0.492
2008-03-31,0.4947
2008-04-01,0.525
2008-04-02,0.509
2008-04-03,0.4995
2008-04-04,0.4695
2008-04-07,0.4807
2008-04-08,0.478
2008-04-09,0.4875
2008-04-10,0.497
2008-04-11,0.4633
2008-04-14,0.4478
2008-04-15,0.453
2008-04-16,0.471
2008-04-17,0.4645
2008-04-18,0.4755
2008-04-21,0.4967
2008-04-22,0.4875
2008-04-23,0.511
2008-04-24,0.4988
2008-04-25,0.5038
2008-04-28,0.4947
2008-04-29,0.505
2008-04-30,0.5138
2008-05-01,0.5375
2008-05-02,0.563
2008-05-05,0.549
2008-05-06,0.5633
2008-05-07,0.5502
2008-05-08,0.5487
2008-05-09,0.5633
2008-05-12,0.5472
2008-05-13,0.536
2008-05-14,0.5518
2008-05-15,0.5945
2008-05-16,0.6102
2008-05-19,0.5975
2008-05-20,0.582
2008-05-21,0.5773
2008-05-22,0.5913
2008-05-23,0.5778
2008-05-27,0.584
2008-05-28,0.5895
2008-05-29,0.588
2008-05-30,0.6175
2008-06-02,0.62
2008-06-03,0.599
2008-06-04,0.606
2008-06-05,0.6212
2008-06-06,0.6015
2008-06-09,0.5922
2008-06-10,0.5573
2008-06-11,0.5312
2008-06-12,0.5345
2008-06-13,0.5328
2008-06-16,0.5255
2008-06-17,0.5128
2008-06-18,0.4978
2008-06-19,0.4965
2008-06-20,0.494
2008-06-23,0.4837
2008-06-24,0.4997
2008-06-25,0.5025
2008-06-26,0.4767
2008-06-27,0.482
2008-06-30,0.468
2008-07-01,0.4688
2008-07-02,0.4507
2008-07-03,0.3122
2008-07-07,0.3025
2008-07-08,0.3007
2008-07-09,0.2955
2008-07-10,0.2948
2008-07-11,0.2918
2008-07-14,0.2785
2008-07-15,0.2815
2008-07-16,0.283
2008-07-17,0.284
2008-07-18,0.289
2008-07-21,0.2907
2008-07-22,0.2845
2008-07-23,0.293
2008-07-24,0.2758
2008-07-25,0.289
2008-07-28,0.2882
2008-07-29,0.2912
2008-07-30,0.287
2008-07-31,0.286
2008-08-01,0.271
2008-08-04,0.2645
2008-08-05,0.2797
2008-08-06,0.2873
2008-08-07,0.2828
2008-08-08,0.275
2008-08-11,0.2808
2008-08-12,0.2767
2008-08-13,0.3065
2008-08-14,0.325
2008-08-15,0.324
2008-08-18,0.3305
2008-08-19,0.3355
2008-08-20,0.352
2008-08-21,0.3405
2008-08-22,0.3402
2008-08-25,0.3352
2008-08-26,0.3273
2008-08-27,0.3298
2008-08-28,0.3285
2008-08-29,0.316
2008-09-02,0.308
2008-09-03,0.2915
2008-09-04,0.2875
2008-09-05,0.2918
2008-09-08,0.2797
2008-09-09,0.2702
2008-09-10,0.2705
2008-09-11,0.2575
2008-09-12,0.2548
2008-09-15,0.2325
2008-09-16,0.2397
2008-09-17,0.25
2008-09-18,0.2722
2008-09-19,0.2853
2008-09-22,0.2792
2008-09-23,0.2713
2008-09-24,0.2812
2008-09-25,0.2867
2008-09-26,0.2923
2008-09-29,0.2525
2008-09-30,0.2677
2008-10-01,0.2603
2008-10-02,0.2333
2008-10-03,0.2257
2008-10-06,0.1963
2008-10-07,0.181
2008-10-08,0.1848
2008-10-09,0.173
2008-10-10,0.1702
2008-10-13,0.2013
2008-10-14,0.1968
2008-10-15,0.1755
2008-10-16,0.1925
2008-10-17,0.1912
2008-10-20,0.195
2008-10-21,0.18
2008-10-22,0.1733
2008-10-23,0.1635
2008-10-24,0.1653
2008-10-27,0.1743
2008-10-28,0.2005
2008-10-29,0.207
2008-10-30,0.2157
2008-10-31,0.219
2008-11-03,0.211
2008-11-04,0.2245
2008-11-05,0.2128
2008-11-06,0.1905
2008-11-07,0.218
2008-11-10,0.204
2008-11-11,0.195
2008-11-12,0.1835
2008-11-13,0.1985
2008-11-14,0.1793
2008-11-17,0.1755
2008-11-18,0.1698
2008-11-19,0.1558
2008-11-20,0.1475
2008-11-21,0.1595
2008-11-24,0.17
2008-11-25,0.1748
2008-11-26,0.1902
2008-11-28,0.1867
2008-12-01,0.1708
2008-12-02,0.1803
2008-12-03,0.1895
2008-12-04,0.177
2008-12-05,0.184
2008-12-08,0.178
2008-12-09,0.1953
2008-12-10,0.2138
2008-12-11,0.2048
2008-12-12,0.215
2008-12-15,0.208
2008-12-16,0.222
2008-12-17,0.233
2008-12-18,0.2115
2008-12-19,0.213
2008-12-22,0.2005
2008-12-23,0.1978
2008-12-24,0.193
2008-12-26,0.1877
2008-12-29,0.1937
2008-12-30,0.2005
2008-12-31,0.2017
2009-01-02,0.2177
2009-01-05,0.2218
2009-01-06,0.2292
2009-01-07,0.2155
2009-01-08,0.21
2009-01-09,0.1982
2009-01-12,0.1902
2009-01-13,0.1912
2009-01-14,0.1828
2009-01-15,0.1893
2009-01-16,0.1998
2009-01-20,0.1803
2009-01-21,0.189
2009-01-22,0.1855
2009-01-23,0.1928
2009-01-26,0.1992
2009-01-27,0.211
2009-01-28,0.2198
2009-01-29,0.207
2009-01-30,0.1988
2009-02-02,0.2095
2009-02-03,0.212
2009-02-04,0.218
2009-02-05,0.234
2009-02-06,0.2467
2009-02-09,0.2435
2009-02-10,0.233
2009-02-11,0.2037
2009-02-12,0.208
2009-02-13,0.2077
2009-02-17,0.1957
2009-02-18,0.201
2009-02-19,0.1855
2009-02-20,0.1902
2009-02-23,0.1815
2009-02-24,0.1978
2009-02-25,0.2
2009-02-26,0.2065
2009-02-27,0.207
2009-03-02,0.1895
2009-03-03,0.197
2009-03-04,0.2115
2009-03-05,0.2065
2009-03-06,0.2097
2009-03-09,0.2075
2009-03-10,0.2262
2009-03-11,0.2325
2009-03-12,0.2463
2009-03-13,0.245
2009-03-16,0.2355
2009-03-17,0.2473
2009-03-18,0.255
2009-03-19,0.252
2009-03-20,0.2383
2009-03-23,0.2555
2009-03-24,0.2445
2009-03-25,0.2485
2009-03-26,0.264
2009-03-27,0.2615
2009-03-30,0.2447
2009-03-31,0.2465
2009-04-01,0.2528
2009-04-02,0.2645
2009-04-03,0.283
2009-04-06,0.2837
2009-04-07,0.274
2009-04-08,0.2853
2009-04-09,0.301
2009-04-13,0.2912
2009-04-14,0.293
2009-04-15,0.2848
2009-04-16,0.292
2009-04-17,0.294
2009-04-20,0.2763
2009-04-21,0.2755
2009-04-22,0.2837
2009-04-23,0.2792
2009-04-24,0.2858
2009-04-27,0.2755
2009-04-28,0.2763
2009-04-29,0.272
2009-04-30,0.287
2009-05-01,0.2918
2009-05-04,0.3075
2009-05-05,0.295
2009-05-06,0.289
2009-05-07,0.2682
2009-05-08,0.2313
2009-05-11,0.2358
2009-05-12,0.2245
2009-05-13,0.21
2009-05-14,0.213
2009-05-15,0.2185
2009-05-18,0.2317
2009-05-19,0.2362
2009-05-20,0.2432
2009-05-21,0.2418
2009-05-22,0.2455
2009-05-26,0.2587
2009-05-27,0.2592
2009-05-28,0.2627
2009-05-29,0.2607
2009-06-01,0.2735
2009-06-02,0.2713
2009-06-03,0.2627
2009-06-04,0.2722
2009-06-05,0.2707
2009-06-08,0.2693
2009-06-09,0.284
2009-06-10,0.293
2009-06-11,0.2892
2009-06-12,0.2878
2009-06-15,0.283
2009-06-16,0.2752
2009-06-17,0.282
2009-06-18,0.2765
2009-06-19,0.2795
2009-06-22,0.2637
2009-06-23,0.2625
2009-06-24,0.2713
2009-06-25,0.2855
2009-06-26,0.2892
2009-06-29,0.2892
2009-06-30,0.2822
2009-07-01,0.2835
2009-07-02,0.2725
2009-07-06,0.2637
2009-07-07,0.2522
2009-07-08,0.2528
2009-07-09,0.2582
2009-07-10,0.2592
2009-07-13,0.2623
2009-07-14,0.2677
2009-07-15,0.2788
2009-07-16,0.2932
2009-07-17,0.3018
2009-07-20,0.3055
2009-07-21,0.2993
2009-07-22,0.3067
2009-07-23,0.325
2009-07-24,0.324
2009-07-27,0.3255
2009-07-28,0.326
2009-07-29,0.3195
2009-07-30,0.322
2009-07-31,0.3232
2009-08-03,0.332
2009-08-04,0.3343
2009-08-05,0.335
2009-08-06,0.328
2009-08-07,0.3428
2009-08-10,0.3315
2009-08-11,0.3237
2009-08-12,0.3358
2009-08-13,0.3458
2009-08-14,0.3355
2009-08-17,0.3215
2009-08-18,0.3332
2009-08-19,0.3295
2009-08-20,0.3425
2009-08-21,0.3483
2009-08-24,0.3385
2009-08-25,0.3415
2009-08-26,0.3455
2009-08-27,0.3503
2009-08-28,0.3683
2009-08-31,0.363
2009-09-01,0.3507
2009-09-02,0.3557
2009-09-03,0.3643
2009-09-04,0.3778
2009-09-08,0.3882
2009-09-09,0.399
2009-09-10,0.4117
2009-09-11,0.408
2009-09-14,0.4013
2009-09-15,0.4095
2009-09-16,0.3985
2009-09-17,0.381
2009-09-18,0.3805
2009-09-21,0.3787
2009-09-22,0.3795
2009-09-23,0.3735
2009-09-24,0.3685
2009-09-25,0.3625
2009-09-28,0.3708
2009-09-29,0.364
2009-09-30,0.3758
2009-10-01,0.349
2009-10-02,0.3462
2009-10-05,0.3445
2009-10-06,0.3503
2009-10-07,0.3475
2009-10-08,0.3498
2009-10-09,0.3543
2009-10-12,0.3503
2009-10-13,0.349
2009-10-14,0.3485
2009-10-15,0.3383
2009-10-16,0.3305
2009-10-19,0.3425
2009-10-20,0.3428
2009-10-21,0.3345
2009-10-22,0.3368
2009-10-23,0.3288
2009-10-26,0.3245
2009-10-27,0.3135
2009-10-28,0.3005
2009-10-29,0.3137
2009-10-30,0.299
2009-11-02,0.3018
2009-11-03,0.3002
2009-11-04,0.2995
2009-11-05,0.3067
2009-11-06,0.329
2009-11-09,0.3365
2009-11-10,0.3282
2009-11-11,0.3375
2009-11-12,0.3365
2009-11-13,0.339
2009-11-16,0.3438
2009-11-17,0.3433
2009-11-18,0.338
2009-11-19,0.3245
2009-11-20,0.3225
2009-11-23,0.325
2009-11-24,0.323
2009-11-25,0.3268
2009-11-27,0.3198
2009-11-30,0.3265
2009-12-01,0.333
2009-12-02,0.343
2009-12-03,0.3458
2009-12-04,0.3565
2009-12-07,0.4022
2009-12-08,0.3828
2009-12-09,0.3923
2009-12-10,0.3853
2009-12-11,0.3803
2009-12-14,0.3918
2009-12-15,0.3913
2009-12-16,0.4227
2009-12-17,0.4207
2009-12-18,0.4205
2009-12-21,0.4355
2009-12-22,0.447
2009-12-23,0.4532
2009-12-24,0.4523
2009-12-28,0.445
2009-12-29,0.4505
2009-12-30,0.4667
2009-12-31,0.467
2010-01-04,0.4622
2010-01-05,0.469
2010-01-06,0.472
2010-01-07,0.4627
2010-01-08,0.4638
2010-01-11,0.4572
2010-01-12,0.4417
2010-01-13,0.4478
2010-01-14,0.4408
2010-01-15,0.4277
2010-01-19,0.4358
2010-01-20,0.434
2010-01-21,0.4263
2010-01-22,0.4115
2010-01-25,0.4185
2010-01-26,0.4053
2010-01-27,0.4162
2010-01-28,0.4022
2010-01-29,0.3848
2010-02-01,0.4142
2010-02-02,0.4185
2010-02-03,0.422
2010-02-04,0.3975
2010-02-05,0.4055
2010-02-08,0.4047
2010-02-09,0.4015
2010-02-10,0.4092
2010-02-11,0.428
2010-02-12,0.4338
2010-02-16,0.4417
2010-02-17,0.446
2010-02-18,0.4168
2010-02-19,0.4145
2010-02-22,0.4153
2010-02-23,0.4053
2010-02-24,0.4137
2010-02-25,0.41
2010-02-26,0.405
2010-03-01,0.4212
2010-03-02,0.421
2010-03-03,0.4157
2010-03-04,0.4165
2010-03-05,0.4293
2010-03-08,0.423
2010-03-09,0.4387
2010-03-10,0.4397
2010-03-11,0.4297
2010-03-12,0.4313
2010-03-15,0.429
2010-03-16,0.444
2010-03-17,0.4525
2010-03-18,0.4365
2010-03-19,0.4313
2010-03-22,0.4383
2010-03-23,0.4473
2010-03-24,0.4322
2010-03-25,0.4335
2010-03-26,0.4335
2010-03-29,0.439
2010-03-30,0.4408
2010-03-31,0.435
2010-04-01,0.4305
2010-04-05,0.437
2010-04-06,0.4263
2010-04-07,0.429
2010-04-08,0.422
2010-04-09,0.4248
2010-04-12,0.4325
2010-04-13,0.4415
2010-04-14,0.447
2010-04-15,0.4502
2010-04-16,0.4265
2010-04-19,0.4245
2010-04-20,0.426
2010-04-21,0.415
2010-04-22,0.4168
2010-04-23,0.411
2010-04-26,0.415
2010-04-27,0.4033
2010-04-28,0.404
2010-04-29,0.4162
2010-04-30,0.3927
2010-05-03,0.3885
2010-05-04,0.3688
2010-05-05,0.3625
2010-05-06,0.355
2010-05-07,0.349
2010-05-10,0.364
2010-05-11,0.36
2010-05-12,0.367
2010-05-13,0.3663
2010-05-14,0.324
2010-05-17,0.3248
2010-05-18,0.314
2010-05-19,0.319
2010-05-20,0.3115
2010-05-21,0.3183
2010-05-24,0.309
2010-05-25,0.3173
2010-05-26,0.3187
2010-05-27,0.3375
2010-05-28,0.3285
2010-06-01,0.3145
2010-06-02,0.318
2010-06-03,0.3175
2010-06-04,0.3025
2010-06-07,0.2875
2010-06-08,0.2795
2010-06-09,0.2727
2010-06-10,0.2837
2010-06-11,0.2903
2010-06-14,0.284
2010-06-15,0.298
2010-06-16,0.2943
2010-06-17,0.3055
2010-06-18,0.3075
2010-06-21,0.3002
2010-06-22,0.289
2010-06-23,0.2923
2010-06-24,0.2777
2010-06-25,0.277
2010-06-28,0.2775
2010-06-29,0.262
2010-06-30,0.2553
2010-07-01,0.2595
2010-07-02,0.2562
2010-07-06,0.2535
2010-07-07,0.2657
2010-07-08,0.2578
2010-07-09,0.2587
2010-07-12,0.2635
2010-07-13,0.273
2010-07-14,0.2758
2010-07-15,0.268
2010-07-16,0.2512
2010-07-19,0.2615
2010-07-20,0.268
2010-07-21,0.2592
2010-07-22,0.2635
2010-07-23,0.259
2010-07-26,0.2637
2010-07-27,0.2615
2010-07-28,0.2533
2010-07-29,0.2282
2010-07-30,0.2298
2010-08-02,0.2295
2010-08-03,0.2235
2010-08-04,0.233
2010-08-05,0.236
2010-08-06,0.2387
2010-08-09,0.241
2010-08-10,0.231
2010-08-11,0.222
2010-08-12,0.224
2010-08-13,0.2348
2010-08-16,0.2288
2010-08-17,0.2317
2010-08-18,0.233
2010-08-19,0.247
2010-08-20,0.2492
2010-08-23,0.2455
2010-08-24,0.243
2010-08-25,0.248
2010-08-26,0.245
2010-08-27,0.253
2010-08-30,0.241
2010-08-31,0.2333
2010-09-01,0.235
2010-09-02,0.2393
2010-09-03,0.2475
2010-09-07,0.2498
2010-09-08,0.258
2010-09-09,0.2545
2010-09-10,0.2517
2010-09-13,0.266
2010-09-14,0.2635
2010-09-15,0.264
2010-09-16,0.2643
2010-09-17,0.2637
2010-09-20,0.2677
2010-09-21,0.2822
2010-09-22,0.2848
2010-09-23,0.2905
2010-09-24,0.3065
2010-09-27,0.3
2010-09-28,0.2993
2010-09-29,0.297
2010-09-30,0.292
2010-10-01,0.2837
2010-10-04,0.281
2010-10-05,0.283
2010-10-06,0.2695
2010-10-07,0.2675
2010-10-08,0.2715
2010-10-11,0.2702
2010-10-12,0.2755
2010-10-13,0.2835
2010-10-14,0.279
2010-10-15,0.2822
2010-10-18,0.284
2010-10-19,0.2822
2010-10-20,0.2822
2010-10-21,0.2772
2010-10-22,0.295
2010-10-25,0.2977
2010-10-26,0.2968
2010-10-27,0.301
2010-10-28,0.3013
2010-10-29,0.3005
2010-11-01,0.301
2010-11-02,0.3072
2010-11-03,0.3095
2010-11-04,0.31
2010-11-05,0.3153
2010-11-08,0.3165
2010-11-09,0.3147
2010-11-10,0.3185
2010-11-11,0.3153
2010-11-12,0.3315
2010-11-15,0.3275
2010-11-16,0.3178
2010-11-17,0.323
2010-11-18,0.333
2010-11-19,0.3438
2010-11-22,0.344
2010-11-23,0.336
2010-11-24,0.3442
2010-11-26,0.34
2010-11-29,0.3438
2010-11-30,0.3402
2010-12-01,0.3553
2010-12-02,0.3595
2010-12-03,0.3697
2010-12-06,0.3627
2010-12-07,0.3745
2010-12-08,0.3778
2010-12-09,0.3715
2010-12-10,0.3738
2010-12-13,0.3643
2010-12-14,0.3647
2010-12-15,0.3568
2010-12-16,0.3573
2010-12-17,0.3593
2010-12-20,0.3577
2010-12-21,0.3717
2010-12-22,0.3758
2010-12-23,0.373
2010-12-27,0.375
2010-12-28,0.3735
2010-12-29,0.3735
2010-12-30,0.3747
2010-12-31,0.385
2011-01-03,0.3955
2011-01-04,0.3943
2011-01-05,0.4245
2011-01-06,0.4832
2011-01-07,0.4967
2011-01-10,0.5157
2011-01-11,0.5077
2011-01-12,0.5838
2011-01-13,0.5847
2011-01-14,0.5897
2011-01-18,0.576
2011-01-19,0.5602
2011-01-20,0.5608
2011-01-21,0.5555
2011-01-24,0.6183
2011-01-25,0.5993
2011-01-26,0.6135
2011-01-27,0.6118
2011-01-28,0.594
2011-01-31,0.598
2011-02-01,0.6118
2011-02-02,0.6395
2011-02-03,0.6275
2011-02-04,0.6417
2011-02-07,0.615
2011-02-08,0.5968
2011-02-09,0.5822
2011-02-10,0.5705
2011-02-11,0.5867
2011-02-14,0.5778
2011-02-15,0.5638
2011-02-16,0.5845
2011-02-17,0.642
2011-02-18,0.6407
2011-02-22,0.5803
2011-02-23,0.5527
2011-02-24,0.5663
2011-02-25,0.578
2011-02-28,0.5665
2011-03-01,0.5412
2011-03-02,0.5188
2011-03-03,0.5217
2011-03-04,0.519
2011-03-07,0.5117
2011-03-08,0.4888
2011-03-09,0.4785
2011-03-10,0.448
2011-03-11,0.4512
2011-03-14,0.455
2011-03-15,0.4415
2011-03-16,0.4383
2011-03-17,0.4465
2011-03-18,0.4405
2011-03-21,0.444
2011-03-22,0.4363
2011-03-23,0.4453
2011-03-24,0.4807
2011-03-25,0.4658
2011-03-28,0.483
2011-03-29,0.4793
2011-03-30,0.4613
2011-03-31,0.4615
2011-04-01,0.455
2011-04-04,0.4387
2011-04-05,0.4395
2011-04-06,0.4365
2011-04-07,0.4525
2011-04-08,0.4387
2011-04-11,0.433
2011-04-12,0.4342
2011-04-13,0.444
2011-04-14,0.4627
2011-04-15,0.4678
2011-04-18,0.4523
2011-04-19,0.4505
2011-04-20,0.4642
2011-04-21,0.463
2011-04-25,0.4703
2011-04-26,0.4825
2011-04-27,0.4825
2011-04-28,0.4877
2011-04-29,0.5
2011-05-02,0.4933
2011-05-03,0.4697
2011-05-04,0.4663
2011-05-05,0.4665
2011-05-06,0.483
2011-05-09,0.4938
2011-05-10,0.4945
2011-05-11,0.4967
2011-05-12,0.5125
2011-05-13,0.4565
2011-05-16,0.4425
2011-05-17,0.4408
2011-05-18,0.451
2011-05-19,0.4445
2011-05-20,0.4523
2011-05-23,0.4518
2011-05-24,0.4535
2011-05-25,0.459
2011-05-26,0.4705
2011-05-27,0.4875
2011-05-31,0.501
2011-06-01,0.4785
2011-06-02,0.4762
2011-06-03,0.4615
2011-06-06,0.4518
2011-06-07,0.4515
2011-06-08,0.4392
2011-06-09,0.4342
2011-06-10,0.428
2011-06-13,0.425
2011-06-14,0.4285
2011-06-15,0.4193
2011-06-16,0.4047
2011-06-17,0.3952
2011-06-20,0.3905
2011-06-21,0.399
2011-06-22,0.3935
2011-06-23,0.4053
2011-06-24,0.3935
2011-06-27,0.3853
2011-06-28,0.3875
2011-06-29,0.3935
2011-06-30,0.3985
2011-07-01,0.4038
2011-07-05,0.397
2011-07-06,0.3918
2011-07-07,0.3932
2011-07-08,0.3857
2011-07-11,0.3722
2011-07-12,0.3672
2011-07-13,0.3665
2011-07-14,0.352
2011-07-15,0.3525
2011-07-18,0.345
2011-07-19,0.3555
2011-07-20,0.351
2011-07-21,0.3675
2011-07-22,0.375
2011-07-25,0.369
2011-07-26,0.36
2011-07-27,0.3465
2011-07-28,0.3458
2011-07-29,0.3458
2011-08-01,0.3643
2011-08-02,0.3605
2011-08-03,0.3702
2011-08-04,0.335
2011-08-05,0.3237
2011-08-08,0.2982
2011-08-09,0.3232
2011-08-10,0.3085
2011-08-11,0.3352
2011-08-12,0.322
2011-08-15,0.3343
2011-08-16,0.3248
2011-08-17,0.3203
2011-08-18,0.2985
2011-08-19,0.2932
2011-08-22,0.2985
2011-08-23,0.3307
2011-08-24,0.326
2011-08-25,0.312
2011-08-26,0.3252
2011-08-29,0.334
2011-08-30,0.342
2011-08-31,0.3327
2011-09-01,0.332
2011-09-02,0.323
2011-09-06,0.3295
2011-09-07,0.3562
2011-09-08,0.3545
2011-09-09,0.347
2011-09-12,0.3553
2011-09-13,0.3632
2011-09-14,0.382
2011-09-15,0.3875
2011-09-16,0.3865
2011-09-19,0.3785
2011-09-20,0.3688
2011-09-21,0.3618
2011-09-22,0.3377
2011-09-23,0.3447
2011-09-26,0.3455
2011-09-27,0.346
2011-09-28,0.3355
2011-09-29,0.3273
2011-09-30,0.3128
2011-10-03,0.2952
2011-10-04,0.3225
2011-10-05,0.334
2011-10-06,0.3473
2011-10-07,0.3537
2011-10-10,0.3695
2011-10-11,0.3655
2011-10-12,0.3652
2011-10-13,0.3865
2011-10-14,0.393
2011-10-17,0.3735
2011-10-18,0.387
2011-10-19,0.3792
2011-10-20,0.3602
2011-10-21,0.362
2011-10-24,0.3755
2011-10-25,0.3613
2011-10-26,0.3655
2011-10-27,0.3812
2011-10-28,0.39
2011-10-31,0.37
2011-11-01,0.3515
2011-11-02,0.3455
2011-11-03,0.3663
2011-11-04,0.3705
2011-11-07,0.3685
2011-11-08,0.377
2011-11-09,0.358
2011-11-10,0.3618
2011-11-11,0.3745
2011-11-14,0.3672
2011-11-15,0.372
2011-11-16,0.3645
2011-11-17,0.3515
2011-11-18,0.3483
2011-11-21,0.3658
2011-11-22,0.377
2011-11-23,0.361
2011-11-25,0.351
2011-11-28,0.3708
2011-11-29,0.3728
2011-11-30,0.3907
2011-12-01,0.3955
2011-12-02,0.393
2011-12-05,0.387
2011-12-06,0.3815
2011-12-07,0.3792
2011-12-08,0.3672
2011-12-09,0.3725
2011-12-12,0.3632
2011-12-13,0.3532
2011-12-14,0.3395
2011-12-15,0.3365
2011-12-16,0.3377
2011-12-19,0.329
2011-12-20,0.3475
2011-12-21,0.343
2011-12-22,0.3577
2011-12-23,0.3543
2011-12-27,0.3515
2011-12-28,0.3428
2011-12-29,0.3492
2011-12-30,0.3465
2012-01-03,0.351
2012-01-04,0.355
2012-01-05,0.3677
2012-01-06,0.3635
2012-01-09,0.3635
2012-01-10,0.362
2012-01-11,0.3548
2012-01-12,0.3525
2012-01-13,0.3433
2012-01-17,0.338
2012-01-18,0.3495
2012-01-19,0.3587
2012-01-20,0.3555
2012-01-23,0.3652
2012-01-24,0.3735
2012-01-25,0.3713
2012-01-26,0.3677
2012-01-27,0.3728
2012-01-30,0.37
2012-01-31,0.3692
2012-02-01,0.3733
2012-02-02,0.3873
2012-02-03,0.3955
2012-02-06,0.3925
2012-02-07,0.3935
2012-02-08,0.4078
2012-02-09,0.4075
2012-02-10,0.3975
2012-02-13,0.4038
2012-02-14,0.406
2012-02-15,0.4042
2012-02-16,0.4112
2012-02-17,0.3963
2012-02-21,0.3983
2012-02-22,0.3955
2012-02-23,0.3977
2012-02-24,0.3947
2012-02-27,0.3868
2012-02-28,0.3832
2012-02-29,0.3787
2012-03-01,0.3812
2012-03-02,0.3845
2012-03-05,0.3715
2012-03-06,0.368
2012-03-07,0.3702
2012-03-08,0.3715
2012-03-09,0.3705
2012-03-12,0.3647
2012-03-13,0.3697
2012-03-14,0.3593
2012-03-15,0.3645
2012-03-16,0.365
2012-03-19,0.366
2012-03-20,0.36
2012-03-21,0.3615
2012-03-22,0.361
2012-03-23,0.3638
2012-03-26,0.368
2012-03-27,0.3705
2012-03-28,0.379
2012-03-29,0.3808
2012-03-30,0.385
2012-04-02,0.3832
2012-04-03,0.377
2012-04-04,0.3663
2012-04-05,0.3658
2012-04-09,0.361
2012-04-10,0.354
2012-04-11,0.3585
2012-04-12,0.367
2012-04-13,0.354
2012-04-16,0.3498
2012-04-17,0.3505
2012-04-18,0.3467
2012-04-19,0.3415
2012-04-20,0.3347
2012-04-23,0.3307
2012-04-24,0.3205
2012-04-25,0.327
2012-04-26,0.3273
2012-04-27,0.3245
2012-04-30,0.325
2012-05-01,0.3307
2012-05-02,0.3212
2012-05-03,0.3158
2012-05-04,0.3065
2012-05-07,0.3117
2012-05-08,0.3115
2012-05-09,0.3128
2012-05-10,0.3105
2012-05-11,0.3302
2012-05-14,0.3282
2012-05-15,0.325
2012-05-16,0.3185
2012-05-17,0.3162
2012-05-18,0.302
2012-05-21,0.3072
2012-05-22,0.3035
2012-05-23,0.311
2012-05-24,0.3027
2012-05-25,0.31
2012-05-29,0.318
2012-05-30,0.3142
2012-05-31,0.3108
2012-06-01,0.2995
2012-06-04,0.2932
2012-06-05,0.3018
2012-06-06,0.3097
2012-06-07,0.2973
2012-06-08,0.303
2012-06-11,0.3065
2012-06-12,0.3128
2012-06-13,0.3045
2012-06-14,0.3007
2012-06-15,0.3072
2012-06-18,0.31
2012-06-19,0.331
2012-06-20,0.3363
2012-06-21,0.321
2012-06-22,0.325
2012-06-25,0.3147
2012-06-26,0.3183
2012-06-27,0.3285
2012-06-28,0.331
2012-06-29,0.3455
2012-07-02,0.3363
2012-07-03,0.345
2012-07-05,0.3415
2012-07-06,0.335
2012-07-09,0.3305
2012-07-10,0.3205
2012-07-11,0.3153
2012-07-12,0.31
2012-07-13,0.314
2012-07-16,0.315
2012-07-17,0.3092
2012-07-18,0.3265
2012-07-19,0.3298
2012-07-20,0.3203
2012-07-23,0.3245
2012-07-24,0.321
2012-07-25,0.3273
2012-07-26,0.3288
2012-07-27,0.337
2012-07-30,0.3332
2012-07-31,0.3385
2012-08-01,0.3347
2012-08-02,0.336
2012-08-03,0.343
2012-08-06,0.3503
2012-08-07,0.3537
2012-08-08,0.3557
2012-08-09,0.3677
2012-08-10,0.3655
2012-08-13,0.3702
2012-08-14,0.3647
2012-08-15,0.362
2012-08-16,0.3695
2012-08-17,0.3663
2012-08-20,0.3663
2012-08-21,0.3652
2012-08-22,0.366
2012-08-23,0.3577
2012-08-24,0.365
2012-08-27,0.3587
2012-08-28,0.3573
2012-08-29,0.358
2012-08-30,0.3512
2012-08-31,0.3507
2012-09-04,0.332
2012-09-05,0.333
2012-09-06,0.3433
2012-09-07,0.335
2012-09-10,0.332
2012-09-11,0.336
2012-09-12,0.3397
2012-09-13,0.342
2012-09-14,0.346
2012-09-17,0.3365
2012-09-18,0.3388
2012-09-19,0.3428
2012-09-20,0.3402
2012-09-21,0.3417
2012-09-24,0.3415
2012-09-25,0.3352
2012-09-26,0.3295
2012-09-27,0.332
2012-09-28,0.3335
2012-10-01,0.328
2012-10-02,0.3293
2012-10-03,0.326
2012-10-04,0.3405
2012-10-05,0.3325
2012-10-08,0.3293
2012-10-09,0.3223
2012-10-10,0.3167
2012-10-11,0.3185
2012-10-12,0.3158
2012-10-15,0.3198
2012-10-16,0.329
2012-10-17,0.3265
2012-10-18,0.3215
2012-10-19,0.3027
2012-10-22,0.2993
2012-10-23,0.3083
2012-10-24,0.3043
2012-10-25,0.3045
2012-10-26,0.3013
2012-10-31,0.2995
2012-11-01,0.3137
2012-11-02,0.3122
2012-11-05,0.3255
2012-11-06,0.3252
2012-11-07,0.3153
2012-11-08,0.317
2012-11-09,0.3047
2012-11-12,0.298
2012-11-13,0.2957
2012-11-14,0.2885
2012-11-15,0.2898
2012-11-16,0.2845
2012-11-19,0.2925
2012-11-20,0.2873
2012-11-21,0.2955
2012-11-23,0.2975
2012-11-26,0.3027
2012-11-27,0.304
2012-11-28,0.3065
2012-11-29,0.301
2012-11-30,0.2993
2012-12-03,0.2937
2012-12-04,0.3025
2012-12-05,0.299
2012-12-06,0.2995
2012-12-07,0.299
2012-12-10,0.309
2012-12-11,0.3162
2012-12-12,0.313
2012-12-13,0.3133
2012-12-14,0.3147
2012-12-17,0.3135
2012-12-18,0.314
2012-12-19,0.3162
2012-12-20,0.316
2012-12-21,0.3088
2012-12-24,0.3063
2012-12-26,0.306
2012-12-27,0.304
2012-12-28,0.3025
2012-12-31,0.3065
2013-01-02,0.318
2013-01-03,0.3183
2013-01-04,0.3288
2013-01-07,0.3192
2013-01-08,0.3122
2013-01-09,0.3052
2013-01-10,0.3058
2013-01-11,0.3052
2013-01-14,0.305
2013-01-15,0.2995
2013-01-16,0.3022
2013-01-17,0.3063
2013-01-18,0.3043
2013-01-22,0.3027
2013-01-23,0.3033
2013-01-24,0.3047
2013-01-25,0.3103
2013-01-28,0.3153
2013-01-29,0.3085
2013-01-30,0.308
2013-01-31,0.3065
2013-02-01,0.3092
2013-02-04,0.304
2013-02-05,0.311
2013-02-06,0.3085
2013-02-07,0.3072
2013-02-08,0.3092
2013-02-11,0.3128
2013-02-12,0.3108
2013-02-13,0.3092
2013-02-14,0.3183
2013-02-15,0.3183
2013-02-19,0.314
2013-02-20,0.3095
2013-02-21,0.3072
2013-02-22,0.313
2013-02-25,0.3075
2013-02-26,0.3092
2013-02-27,0.315
2013-02-28,0.3165
2013-03-01,0.3178
2013-03-04,0.3165
2013-03-05,0.32
2013-03-06,0.3198
2013-03-07,0.319
2013-03-08,0.3205
2013-03-11,0.3175
2013-03-12,0.3185
2013-03-13,0.3185
2013-03-14,0.3187
2013-03-15,0.316
2013-03-18,0.3137
2013-03-19,0.3117
2013-03-20,0.3155
2013-03-21,0.3105
2013-03-22,0.312
2013-03-25,0.3103
2013-03-26,0.3125
2013-03-27,0.3162
2013-03-28,0.3207
2013-04-01,0.3103
2013-04-02,0.307
2013-04-03,0.3033
2013-04-04,0.3063
2013-04-05,0.3115
2013-04-08,0.3108
2013-04-09,0.3158
2013-04-10,0.3207
2013-04-11,0.3192
2013-04-12,0.3273
2013-04-15,0.3205
2013-04-16,0.324
2013-04-17,0.3198
2013-04-18,0.3135
2013-04-19,0.3142
2013-04-22,0.3147
2013-04-23,0.323
2013-04-24,0.334
2013-04-25,0.3368
2013-04-26,0.3352
2013-04-29,0.3392
2013-04-30,0.3442
2013-05-01,0.3413
2013-05-02,0.3453
2013-05-03,0.3467
2013-05-06,0.3458
2013-05-07,0.3413
2013-05-08,0.3475
2013-05-09,0.3478
2013-05-10,0.3635
2013-05-13,0.356
2013-05-14,0.3613
2013-05-15,0.3675
2013-05-16,0.3658
2013-05-17,0.3717
2013-05-20,0.371
2013-05-21,0.373
2013-05-22,0.36
2013-05-23,0.3658
2013-05-24,0.3635
2013-05-28,0.3632
2013-05-29,0.361
2013-05-30,0.3658
2013-05-31,0.3618
2013-06-03,0.3613
2013-06-04,0.3618
2013-06-05,0.354
2013-06-06,0.3562
2013-06-07,0.3613
2013-06-10,0.361
2013-06-11,0.3543
2013-06-12,0.3512
2013-06-13,0.3593
2013-06-14,0.3587
2013-06-17,0.3623
2013-06-18,0.36
2013-06-19,0.371
2013-06-20,0.361
2013-06-21,0.3605
2013-06-24,0.353
2013-06-25,0.3555
2013-06-26,0.3535
2013-06-27,0.3503
2013-06-28,0.351
2013-07-01,0.3525
2013-07-02,0.3523
2013-07-03,0.3532
2013-07-05,0.356
2013-07-08,0.3543
2013-07-09,0.356
2013-07-10,0.3607
2013-07-11,0.3658
2013-07-12,0.366
2013-07-15,0.3652
2013-07-16,0.3672
2013-07-17,0.3652
2013-07-18,0.3638
2013-07-19,0.356
2013-07-22,0.3557
2013-07-23,0.3553
2013-07-24,0.3553
2013-07-25,0.3565
2013-07-26,0.355
2013-07-29,0.3543
2013-07-30,0.3602
2013-07-31,0.361
2013-08-01,0.366
2013-08-02,0.369
2013-08-05,0.3708
2013-08-06,0.3652
2013-08-07,0.365
2013-08-08,0.3675
2013-08-09,0.3623
2013-08-12,0.3593
2013-08-13,0.3605
2013-08-14,0.3758
2013-08-15,0.3783
2013-08-16,0.3798
2013-08-19,0.3738
2013-08-20,0.3738
2013-08-21,0.372
2013-08-22,0.374
2013-08-23,0.374
2013-08-26,0.3747
2013-08-27,0.37
2013-08-28,0.37
2013-08-29,0.3692
2013-08-30,0.3688
2013-09-03,0.369
2013-09-04,0.3725
2013-09-05,0.3735
2013-09-06,0.372
2013-09-09,0.3783
2013-09-10,0.3862
2013-09-11,0.3927
2013-09-12,0.3925
2013-09-13,0.395
2013-09-16,0.3952
2013-09-17,0.3965
2013-09-18,0.4
2013-09-19,0.3983
2013-09-20,0.3947
2013-09-23,0.391
2013-09-24,0.3925
2013-09-25,0.393
2013-09-26,0.3918
2013-09-27,0.3895
2013-09-30,0.389
2013-10-01,0.3887
2013-10-02,0.3885
2013-10-03,0.3845
2013-10-04,0.3898
2013-10-07,0.3898
2013-10-08,0.3865
2013-10-09,0.3805
2013-10-10,0.3848
2013-10-11,0.3815
2013-10-14,0.3873
2013-10-15,0.3853
2013-10-16,0.39
2013-10-17,0.3907
2013-10-18,0.3952
2013-10-21,0.3963
2013-10-22,0.3943
2013-10-23,0.3875
2013-10-24,0.3848
2013-10-25,0.381
2013-10-28,0.3803
2013-10-29,0.3808
2013-10-30,0.3805
2013-10-31,0.3798
2013-11-01,0.3815
2013-11-04,0.3705
2013-11-05,0.37
2013-11-06,0.3725
2013-11-07,0.3638
2013-11-08,0.389
2013-11-11,0.3923
2013-11-12,0.393
2013-11-13,0.4038
2013-11-14,0.4055
2013-11-15,0.4042
2013-11-18,0.3945
2013-11-19,0.386
2013-11-20,0.3803
2013-11-21,0.3832
2013-11-22,0.3795
2013-11-25,0.3877
2013-11-26,0.391
2013-11-27,0.3925
2013-11-29,0.39
2013-12-02,0.3938
2013-12-03,0.3935
2013-12-04,0.399
2013-12-05,0.3925
2013-12-06,0.3868
2013-12-09,0.3803
2013-12-10,0.389
2013-12-11,0.3853
2013-12-12,0.3778
2013-12-13,0.3755
2013-12-16,0.376
2013-12-17,0.3778
2013-12-18,0.383
2013-12-19,0.3845
2013-12-20,0.3923
2013-12-23,0.3945
2013-12-24,0.3955
2013-12-26,0.3918
2013-12-27,0.394
2013-12-30,0.3993
2013-12-31,0.4005
2014-01-02,0.3965
2014-01-03,0.3918
2014-01-06,0.397
2014-01-07,0.4035
2014-01-08,0.409
2014-01-09,0.3938
2014-01-10,0.3932
2014-01-13,0.384
2014-01-14,0.396
2014-01-15,0.4002
2014-01-16,0.4015
2014-01-17,0.3997
2014-01-21,0.4013
2014-01-22,0.4008
2014-01-23,0.3993
2014-01-24,0.389
2014-01-27,0.3865
2014-01-28,0.3902
2014-01-29,0.3865
2014-01-30,0.393
2014-01-31,0.3925
2014-02-03,0.3873
2014-02-04,0.3895
2014-02-05,0.386
2014-02-06,0.391
2014-02-07,0.3968
2014-02-10,0.398
2014-02-11,0.4062
2014-02-12,0.4207
2014-02-13,0.434
2014-02-14,0.4478
2014-02-18,0.4475
2014-02-19,0.4535
2014-02-20,0.4695
2014-02-21,0.466
2014-02-24,0.4728
2014-02-25,0.4685
2014-02-26,0.4678
2014-02-27,0.4625
2014-02-28,0.4595
2014-03-03,0.4572
2014-03-04,0.462
2014-03-05,0.466
2014-03-06,0.4595
2014-03-07,0.459
2014-03-10,0.4523
2014-03-11,0.4568
2014-03-12,0.458
2014-03-13,0.4435
2014-03-14,0.4455
2014-03-17,0.4455
2014-03-18,0.456
2014-03-19,0.464
2014-03-20,0.4642
2014-03-21,0.4635
2014-03-24,0.4613
2014-03-25,0.4613
2014-03-26,0.4507
2014-03-27,0.4448
2014-03-28,0.4475
2014-03-31,0.4478
2014-04-01,0.4663
2014-04-02,0.4633
2014-04-03,0.4683
2014-04-04,0.4538
2014-04-07,0.4552
2014-04-08,0.4715
2014-04-09,0.471
2014-04-10,0.4595
2014-04-11,0.453
2014-04-14,0.458
2014-04-15,0.4613
2014-04-16,0.4622
2014-04-17,0.464
2014-04-21,0.4678
2014-04-22,0.4717
2014-04-23,0.4773
2014-04-24,0.4815
2014-04-25,0.4683
2014-04-28,0.4663
2014-04-29,0.4672
2014-04-30,0.4618
2014-05-01,0.4642
2014-05-02,0.4608
2014-05-05,0.4658
2014-05-06,0.4563
2014-05-07,0.4568
2014-05-08,0.4625
2014-05-09,0.4512
2014-05-12,0.4645
2014-05-13,0.457
2014-05-14,0.4525
2014-05-15,0.45
2014-05-16,0.449
2014-05-19,0.4635
2014-05-20,0.456
2014-05-21,0.456
2014-05-22,0.458
2014-05-23,0.4622
2014-05-27,0.4705
2014-05-28,0.4745
2014-05-29,0.4737
2014-05-30,0.475
2014-06-02,0.4735
2014-06-03,0.4715
2014-06-04,0.472
2014-06-05,0.474
2014-06-06,0.4757
2014-06-09,0.4762
2014-06-10,0.4787
2014-06-11,0.485
2014-06-12,0.488
2014-06-13,0.4885
2014-06-16,0.487
2014-06-17,0.4902
2014-06-18,0.4897
2014-06-19,0.4785
2014-06-20,0.4733
2014-06-23,0.4678
2014-06-24,0.4605
2014-06-25,0.4652
2014-06-26,0.459
2014-06-27,0.4595
2014-06-30,0.4635
2014-07-01,0.4688
2014-07-02,0.467
2014-07-03,0.4712
2014-07-07,0.4675
2014-07-08,0.4638
2014-07-09,0.4778
2014-07-10,0.4753
2014-07-11,0.4762
2014-07-14,0.4823
2014-07-15,0.4843
2014-07-16,0.4837
2014-07-17,0.4825
2014-07-18,0.461
2014-07-21,0.4638
2014-07-22,0.4618
2014-07-23,0.452
2014-07-24,0.4527
2014-07-25,0.4448
2014-07-28,0.443
2014-07-29,0.4445
2014-07-30,0.452
2014-07-31,0.4375
2014-08-01,0.4423
2014-08-04,0.4412
2014-08-05,0.4415
2014-08-06,0.441
2014-08-07,0.4365
2014-08-08,0.475
2014-08-11,0.4725
2014-08-12,0.4725
2014-08-13,0.4753
2014-08-14,0.47
2014-08-15,0.476
2014-08-18,0.4825
2014-08-19,0.4843
2014-08-20,0.4812
2014-08-21,0.4767
2014-08-22,0.477
2014-08-25,0.4778
2014-08-26,0.4863
2014-08-27,0.4807
2014-08-28,0.4848
2014-08-29,0.4863
2014-09-02,0.4875
2014-09-03,0.492
2014-09-04,0.5008
2014-09-05,0.4992
2014-09-08,0.4947
2014-09-09,0.4885
2014-09-10,0.4902
2014-09-11,0.4852
2014-09-12,0.478
2014-09-15,0.4715
2014-09-16,0.4785
2014-09-17,0.4787
2014-09-18,0.486
2014-09-19,0.477
2014-09-22,0.4723
2014-09-23,0.4703
2014-09-24,0.473
2014-09-25,0.4627
2014-09-26,0.4638
2014-09-29,0.463
2014-09-30,0.4613
2014-10-01,0.4568
2014-10-02,0.4548
2014-10-03,0.4557
2014-10-06,0.453
2014-10-07,0.4482
2014-10-08,0.4565
2014-10-09,0.4478
2014-10-10,0.4212
2014-10-13,0.4198
2014-10-14,0.4295
2014-10-15,0.436
2014-10-16,0.4363
2014-10-17,0.4355
2014-10-20,0.4392
2014-10-21,0.458
2014-10-22,0.4473
2014-10-23,0.4572
2014-10-24,0.462
2014-10-27,0.4622
2014-10-28,0.4733
2014-10-29,0.4703
2014-10-30,0.4672
2014-10-31,0.4885
2014-11-03,0.4967
2014-11-04,0.5033
2014-11-05,0.5033
2014-11-06,0.5055
2014-11-07,0.4947
2014-11-10,0.5005
2014-11-11,0.4945
2014-11-12,0.4913
2014-11-13,0.4888
2014-11-14,0.4947
2014-11-17,0.4925
2014-11-18,0.5042
2014-11-19,0.5002
2014-11-20,0.5085
2014-11-21,0.5113
2014-11-24,0.5145
2014-11-25,0.5142
2014-11-26,0.523
2014-11-28,0.5242
2014-12-01,0.5145
2014-12-02,0.5153
2014-12-03,0.5285
2014-12-04,0.5238
2014-12-05,0.5268
2014-12-08,0.52
2014-12-09,0.5182
2014-12-10,0.5067
2014-12-11,0.5065
2014-12-12,0.4908
2014-12-15,0.4893
2014-12-16,0.4837
2014-12-17,0.5035
2014-12-18,0.5055
2014-12-19,0.5105
2014-12-22,0.5195
2014-12-23,0.5163
2014-12-24,0.5142
2014-12-26,0.5148
2014-12-29,0.514
2014-12-30,0.5092
2014-12-31,0.5013
2015-01-02,0.5033
2015-01-05,0.4947
2015-01-06,0.4798
2015-01-07,0.4785
2015-01-08,0.4965
2015-01-09,0.4985
2015-01-12,0.4922
2015-01-13,0.4915
2015-01-14,0.4935
2015-01-15,0.49
2015-01-16,0.499
2015-01-20,0.5005
2015-01-21,0.5075
2015-01-22,0.5163
2015-01-23,0.5178
2015-01-26,0.5155
2015-01-27,0.4908
2015-01-28,0.4827
2015-01-29,0.4945
2015-01-30,0.48
2015-02-02,0.4905
2015-02-03,0.5027
2015-02-04,0.504
2015-02-05,0.5123
2015-02-06,0.51
2015-02-09,0.5095
2015-02-10,0.5238
2015-02-11,0.5203
2015-02-12,0.5575
2015-02-13,0.5577
2015-02-17,0.5595
2015-02-18,0.553
2015-02-19,0.5545
2015-02-20,0.5585
2015-02-23,0.554
2015-02-24,0.5577
2015-02-25,0.5535
2015-02-26,0.555
2015-02-27,0.5515
2015-03-02,0.565
2015-03-03,0.5545
2015-03-04,0.5608
2015-03-05,0.5715
2015-03-06,0.5638
2015-03-09,0.5652
2015-03-10,0.575
2015-03-11,0.572
2015-03-12,0.5667
2015-03-13,0.5675
2015-03-16,0.5742
2015-03-17,0.5813
2015-03-18,0.5717
2015-03-19,0.5805
2015-03-20,0.5867
2015-03-23,0.5677
2015-03-24,0.56
2015-03-25,0.526
2015-03-26,0.5242
2015-03-27,0.5345
2015-03-30,0.5368
2015-03-31,0.5232
2015-04-01,0.5253
2015-04-02,0.5265
2015-04-06,0.5418
2015-04-07,0.5465
2015-04-08,0.5505
2015-04-09,0.5633
2015-04-10,0.569
2015-04-13,0.5638
2015-04-14,0.559
2015-04-15,0.5658
2015-04-16,0.5623
2015-04-17,0.555
2015-04-20,0.5523
2015-04-21,0.5515
2015-04-22,0.5577
2015-04-23,0.5555
2015-04-24,0.5508
2015-04-27,0.555
2015-04-28,0.5577
2015-04-29,0.5535
2015-04-30,0.555
2015-05-01,0.5688
2015-05-04,0.5652
2015-05-05,0.5508
2015-05-06,0.5525
2015-05-07,0.5623
2015-05-08,0.5207
2015-05-11,0.5157
2015-05-12,0.5207
2015-05-13,0.5238
2015-05-14,0.5322
2015-05-15,0.5325
2015-05-18,0.5318
2015-05-19,0.526
2015-05-20,0.526
2015-05-21,0.5222
2015-05-22,0.5215
2015-05-26,0.5182
2015-05-27,0.546
2015-05-28,0.5535
2015-05-29,0.5533
2015-06-01,0.5595
2015-06-02,0.5485
2015-06-03,0.5425
2015-06-04,0.5523
2015-06-05,0.5565
2015-06-08,0.5437
2015-06-09,0.5465
2015-06-10,0.5368
2015-06-11,0.5425
2015-06-12,0.5278
2015-06-15,0.5268
2015-06-16,0.5332
2015-06-17,0.5395
2015-06-18,0.5485
2015-06-19,0.5468
2015-06-22,0.5445
2015-06-23,0.5305
2015-06-24,0.5253
2015-06-25,0.5293
2015-06-26,0.5185
2015-06-29,0.503
2015-06-30,0.5027
2015-07-01,0.51
2015-07-02,0.5105
2015-07-06,0.5042
2015-07-07,0.4947
2015-07-08,0.4913
2015-07-09,0.4852
2015-07-10,0.4938
2015-07-13,0.497
2015-07-14,0.4972
2015-07-15,0.4938
2015-07-16,0.5048
2015-07-17,0.5017
2015-07-20,0.4925
2015-07-21,0.4947
2015-07-22,0.4852
2015-07-23,0.4913
2015-07-24,0.4855
2015-07-27,0.4827
2015-07-28,0.4933
2015-07-29,0.4992
2015-07-30,0.5005
2015-07-31,0.4988
2015-08-03,0.5073
2015-08-04,0.5092
2015-08-05,0.5145
2015-08-06,0.5113
2015-08-07,0.5745
2015-08-10,0.5945
2015-08-11,0.5915
2015-08-12,0.593
2015-08-13,0.588
2015-08-14,0.5885
2015-08-17,0.5847
2015-08-18,0.577
2015-08-19,0.5748
2015-08-20,0.554
2015-08-21,0.5368
2015-08-24,0.5178
2015-08-25,0.507
2015-08-26,0.5452
2015-08-27,0.5658
2015-08-28,0.5683
2015-08-31,0.562
2015-09-01,0.539
2015-09-02,0.5552
2015-09-03,0.5567
2015-09-04,0.5437
2015-09-08,0.567
2015-09-09,0.5558
2015-09-10,0.5645
2015-09-11,0.5663
2015-09-14,0.5673
2015-09-15,0.5735
2015-09-16,0.5775
2015-09-17,0.5828
2015-09-18,0.5822
2015-09-21,0.5882
2015-09-22,0.5723
2015-09-23,0.575
2015-09-24,0.586
2015-09-25,0.5903
2015-09-28,0.5825
2015-09-29,0.5928
2015-09-30,0.6162
2015-10-01,0.6043
2015-10-02,0.62
2015-10-05,0.6355
2015-10-06,0.6438
2015-10-07,0.6505
2015-10-08,0.6543
2015-10-09,0.6518
2015-10-12,0.6587
2015-10-13,0.66
2015-10-14,0.684
2015-10-15,0.6858
2015-10-16,0.6965
2015-10-19,0.6952
2015-10-20,0.6942
2015-10-21,0.6852
2015-10-22,0.71
2015-10-23,0.7147
2015-10-26,0.7115
2015-10-27,0.711
2015-10-28,0.7168
2015-10-29,0.692
2015-10-30,0.7092
2015-11-02,0.7175
2015-11-03,0.7125
2015-11-04,0.7007
2015-11-05,0.6927
2015-11-06,0.7887
2015-11-09,0.7853
2015-11-10,0.7703
2015-11-11,0.7628
2015-11-12,0.76
2015-11-13,0.745
2015-11-16,0.76
2015-11-17,0.76
2015-11-18,0.7757
2015-11-19,0.778
2015-11-20,0.7847
2015-11-23,0.773
2015-11-24,0.7793
2015-11-25,0.7782
2015-11-27,0.7847
2015-11-30,0.793
2015-12-01,0.8188
2015-12-02,0.8125
2015-12-03,0.8108
2015-12-04,0.8438
2015-12-07,0.8278
2015-12-08,0.839
2015-12-09,0.8177
2015-12-10,0.8245
2015-12-11,0.8123
2015-12-14,0.8142
2015-12-15,0.8242
2015-12-16,0.8292
2015-12-17,0.8167
2015-12-18,0.8035
2015-12-21,0.8225
2015-12-22,0.8232
2015-12-23,0.8265
2015-12-24,0.8292
2015-12-28,0.8285
2015-12-29,0.842
2015-12-30,0.8347
2015-12-31,0.824
2016-01-04,0.8092
2016-01-05,0.8223
2016-01-06,0.7883
2016-01-07,0.757
2016-01-08,0.7408
2016-01-11,0.742
2016-01-12,0.7545
2016-01-13,0.7315
2016-01-14,0.7168
2016-01-15,0.6777
2016-01-19,0.6833
2016-01-20,0.687
2016-01-21,0.695
2016-01-22,0.7113
2016-01-25,0.7105
2016-01-26,0.7175
2016-01-27,0.709
2016-01-28,0.7013
2016-01-29,0.7322
2016-02-01,0.7325
2016-02-02,0.7015
2016-02-03,0.705
2016-02-04,0.7053
2016-02-05,0.6607
2016-02-08,0.6305
2016-02-09,0.6373
2016-02-10,0.6357
2016-02-11,0.6325
2016-02-12,0.6432
2016-02-16,0.6747
2016-02-17,0.6915
2016-02-18,0.751
2016-02-19,0.761
2016-02-22,0.788
2016-02-23,0.79
2016-02-24,0.7955
2016-02-25,0.7972
2016-02-26,0.792
2016-02-29,0.784
2016-03-01,0.8188
2016-03-02,0.8235
2016-03-03,0.8163
2016-03-04,0.8138
2016-03-07,0.8085
2016-03-08,0.7937
2016-03-09,0.7933
2016-03-10,0.792
2016-03-11,0.8055
2016-03-14,0.8075
2016-03-15,0.8035
2016-03-16,0.8275
2016-03-17,0.8205
2016-03-18,0.8453
2016-03-21,0.8478
2016-03-22,0.8462
2016-03-23,0.8608
2016-03-24,0.862
2016-03-28,0.8708
2016-03-29,0.8848
2016-03-30,0.894
2016-03-31,0.8907
2016-04-01,0.9038
2016-04-04,0.895
2016-04-05,0.8938
2016-04-06,0.895
2016-04-07,0.8857
2016-04-08,0.8915
2016-04-11,0.897
2016-04-12,0.896
2016-04-13,0.9185
2016-04-14,0.921
2016-04-15,0.9283
2016-04-18,0.9243
2016-04-19,0.9078
2016-04-20,0.9112
2016-04-21,0.9103
2016-04-22,0.9068
2016-04-25,0.9112
2016-04-26,0.912
2016-04-27,0.9327
2016-04-28,0.905
2016-04-29,0.8882
2016-05-02,0.9
2016-05-03,0.8892
2016-05-04,0.869
2016-05-05,0.8742
2016-05-06,0.8832
2016-05-09,0.882
2016-05-10,0.899
2016-05-11,0.9015
2016-05-12,0.8892
2016-05-13,1.0245
2016-05-16,1.0547
2016-05-17,1.057
2016-05-18,1.084
2016-05-19,1.0888
2016-05-20,1.1083
2016-05-23,1.11
2016-05-24,1.134
2016-05-25,1.1293
2016-05-26,1.1413
2016-05-27,1.1475
2016-05-31,1.168
2016-06-01,1.1703
2016-06-02,1.1785
2016-06-03,1.162
2016-06-06,1.156
2016-06-07,1.1582
2016-06-08,1.1545
2016-06-09,1.1845
2016-06-10,1.155
2016-06-13,1.1697
2016-06-14,1.172
2016-06-15,1.184
2016-06-16,1.1888
2016-06-17,1.168
2016-06-20,1.189
2016-06-21,1.1818
2016-06-22,1.1808
2016-06-23,1.2122
2016-06-24,1.1432
2016-06-27,1.131
2016-06-28,1.1475
2016-06-29,1.1662
2016-06-30,1.1753
2016-07-01,1.1665
2016-07-05,1.1838
2016-07-06,1.1912
2016-07-07,1.2222
2016-07-08,1.2713
2016-07-11,1.3005
2016-07-12,1.32
2016-07-13,1.3195
2016-07-14,1.333
2016-07-15,1.3175
2016-07-18,1.3242
2016-07-19,1.338
2016-07-20,1.3555
2016-07-21,1.3305
2016-07-22,1.3668
2016-07-25,1.392
2016-07-26,1.4158
2016-07-27,1.4015
2016-07-28,1.4045
2016-07-29,1.4275
2016-08-01,1.4182
2016-08-02,1.401
2016-08-03,1.4047
2016-08-04,1.4308
2016-08-05,1.455
2016-08-08,1.4685
2016-08-09,1.4722
2016-08-10,1.4627
2016-08-11,1.4925
2016-08-12,1.576
2016-08-15,1.5745
2016-08-16,1.565
2016-08-17,1.5287
2016-08-18,1.5525
2016-08-19,1.5565
2016-08-22,1.563
2016-08-23,1.5727
2016-08-24,1.5485
2016-08-25,1.5382
2016-08-26,1.5508
2016-08-29,1.5497
2016-08-30,1.5408
2016-08-31,1.5335
2016-09-01,1.5788
2016-09-02,1.5632
2016-09-06,1.578
2016-09-07,1.5547
2016-09-08,1.566
2016-09-09,1.488
2016-09-12,1.5187
2016-09-13,1.4967
2016-09-14,1.51
2016-09-15,1.5673
2016-09-16,1.571
2016-09-19,1.5918
2016-09-20,1.5773
2016-09-21,1.6215
2016-09-22,1.6255
2016-09-23,1.6237
2016-09-26,1.6085
2016-09-27,1.6635
2016-09-28,1.6695
2016-09-29,1.685
2016-09-30,1.713
2016-10-03,1.7112
2016-10-04,1.7075
2016-10-05,1.7057
2016-10-06,1.6835
2016-10-07,1.6712
2016-10-10,1.6775
2016-10-11,1.6532
2016-10-12,1.6608
2016-10-13,1.6337
2016-10-14,1.6497
2016-10-17,1.6402
2016-10-18,1.6652
2016-10-19,1.6617
2016-10-20,1.6932
2016-10-21,1.6885
2016-10-24,1.7678
2016-10-25,1.7967
2016-10-26,1.804
2016-10-27,1.767
2016-10-28,1.764
2016-10-31,1.779
2016-11-01,1.7263
2016-11-02,1.719
2016-11-03,1.699
2016-11-04,1.6892
2016-11-07,1.7817
2016-11-08,1.779
2016-11-09,1.749
2016-11-10,1.6942
2016-11-11,2.1992
2016-11-14,2.091
2016-11-15,2.1548
2016-11-16,2.2908
2016-11-17,2.3098
2016-11-18,2.334
2016-11-21,2.3245
2016-11-22,2.3412
2016-11-23,2.3493
2016-11-25,2.354
2016-11-28,2.3528
2016-11-29,2.3312
2016-11-30,2.305
2016-12-01,2.191
2016-12-02,2.2113
2016-12-05,2.297
2016-12-06,2.3347
2016-12-07,2.3767
2016-12-08,2.337
2016-12-09,2.2955
2016-12-12,2.2397
2016-12-13,2.2792
2016-12-14,2.4113
2016-12-15,2.4678
2016-12-16,2.5103
2016-12-19,2.5408
2016-12-20,2.6293
2016-12-21,2.6458
2016-12-22,2.6778
2016-12-23,2.7445
2016-12-27,2.933
2016-12-28,2.7313
2016-12-29,2.7857
2016-12-30,2.6685
2017-01-03,2.5503
2017-01-04,2.6098
2017-01-05,2.5435
2017-01-06,2.5775
2017-01-09,2.682
2017-01-10,2.6618
2017-01-11,2.629
2017-01-12,2.586
2017-01-13,2.5858
2017-01-17,2.5278
2017-01-18,2.5738
2017-01-19,2.629
2017-01-20,2.6003
2017-01-23,2.6272
2017-01-24,2.6832
2017-01-25,2.6948
2017-01-26,2.7413
2017-01-27,2.7943
2017-01-30,2.7505
2017-01-31,2.7295
2017-02-01,2.8488
2017-02-02,2.8847
2017-02-03,2.8595
2017-02-06,2.9327
2017-02-07,2.9783
2017-02-08,2.9653
2017-02-09,2.9095
2017-02-10,2.8405
2017-02-13,2.7095
2017-02-14,2.7195
2017-02-15,2.725
2017-02-16,2.6813
2017-02-17,2.6807
2017-02-21,2.7768
2017-02-22,2.769
2017-02-23,2.5122
2017-02-24,2.5365
2017-02-27,2.6102
2017-02-28,2.537
2017-03-01,2.5698
2017-03-02,2.475
2017-03-03,2.4608
2017-03-06,2.4418
2017-03-07,2.4685
2017-03-08,2.464
2017-03-09,2.4635
2017-03-10,2.478
2017-03-13,2.5463
2017-03-14,2.5445
2017-03-15,2.5638
2017-03-16,2.5952
2017-03-17,2.6518
2017-03-20,2.7362
2017-03-21,2.6477
2017-03-22,2.7018
2017-03-23,2.6772
2017-03-24,2.6867
2017-03-27,2.7062
2017-03-28,2.6923
2017-03-29,2.6835
2017-03-30,2.735
2017-03-31,2.7232
2017-04-03,2.7095
2017-04-04,2.5195
2017-04-05,2.5008
2017-04-06,2.519
2017-04-07,2.5082
2017-04-10,2.4443
2017-04-11,2.453
2017-04-12,2.4327
2017-04-13,2.3872
2017-04-17,2.4808
2017-04-18,2.4822
2017-04-19,2.492
2017-04-20,2.5315
2017-04-21,2.542
2017-04-24,2.5738
2017-04-25,2.6185
2017-04-26,2.6005
2017-04-27,2.641
2017-04-28,2.6075
2017-05-01,2.666
2017-05-02,2.587
2017-05-03,2.6063
2017-05-04,2.5963
2017-05-05,2.5965
2017-05-08,2.5693
2017-05-09,2.5735
2017-05-10,3.0322
2017-05-11,3.1625
2017-05-12,3.1972
2017-05-15,3.3577
2017-05-16,3.4202
2017-05-17,3.193
2017-05-18,3.3268
2017-05-19,3.4
2017-05-22,3.4725
2017-05-23,3.4258
2017-05-24,3.4643
2017-05-25,3.4565
2017-05-26,3.546
2017-05-30,3.6218
2017-05-31,3.6088
2017-06-01,3.609
2017-06-02,3.591
2017-06-05,3.7002
2017-06-06,3.6835
2017-06-07,3.728
2017-06-08,3.9985
2017-06-09,3.74
2017-06-12,3.7492
2017-06-13,3.785
2017-06-14,3.793
2017-06-15,3.8093
2017-06-16,3.7905
2017-06-19,3.933
2017-06-20,3.9272
2017-06-21,3.9867
2017-06-22,3.9592
2017-06-23,3.8458
2017-06-26,3.8038
2017-06-27,3.6645
2017-06-28,3.7938
2017-06-29,3.667
2017-06-30,3.614
2017-07-03,3.4832
2017-07-05,3.5763
2017-07-06,3.587
2017-07-07,3.669
2017-07-10,3.8425
2017-07-11,3.897
2017-07-12,4.0627
2017-07-13,4.0157
2017-07-14,4.1238
2017-07-17,4.1062
2017-07-18,4.149
2017-07-19,4.1275
2017-07-20,4.1875
2017-07-21,4.2025
2017-07-24,4.1537
2017-07-25,4.1337
2017-07-26,4.1815
2017-07-27,4.0435
2017-07-28,4.1097
2017-07-31,4.0627
2017-08-01,4.1122
2017-08-02,4.1097
2017-08-03,4.162
2017-08-04,4.1803
2017-08-07,4.3088
2017-08-08,4.2575
2017-08-09,4.3028
2017-08-10,4.1185
2017-08-11,3.899
2017-08-14,4.21
2017-08-15,4.1745
2017-08-16,4.1287
2017-08-17,4.0367
2017-08-18,4.0375
2017-08-21,3.9787
2017-08-22,4.0637
2017-08-23,4.145
2017-08-24,4.1297
2017-08-25,4.0953
2017-08-28,4.1242
2017-08-29,4.1175
2017-08-30,4.142
2017-08-31,4.236
2017-09-01,4.2615
2017-09-05,4.1477
2017-09-06,4.1452
2017-09-07,4.1645
2017-09-08,4.0922
2017-09-11,4.225
2017-09-12,4.2403
2017-09-13,4.2593
2017-09-14,4.235
2017-09-15,4.5027
2017-09-18,4.6887
2017-09-19,4.6838
2017-09-20,4.646
2017-09-21,4.519
2017-09-22,4.475
2017-09-25,4.275
2017-09-26,4.299
2017-09-27,4.3932
2017-09-28,4.392
2017-09-29,4.4693
2017-10-02,4.475
2017-10-03,4.4843
2017-10-04,4.5217
2017-10-05,4.5192
2017-10-06,4.5325
2017-10-09,4.6347
2017-10-10,4.7232
2017-10-11,4.7735
2017-10-12,4.7758
2017-10-13,4.8647
2017-10-16,4.9482
2017-10-17,4.9437
2017-10-18,4.9395
2017-10-19,4.945
2017-10-20,4.9225
2017-10-23,4.9155
2017-10-24,4.967
2017-10-25,4.8415
2017-10-26,4.8923
2017-10-27,5.0465
2017-10-30,5.096
2017-10-31,5.1702
2017-11-01,5.18
2017-11-02,5.1485
2017-11-03,5.2172
2017-11-06,5.2407
2017-11-07,5.3007
2017-11-08,5.229
2017-11-09,5.133
2017-11-10,5.4035
2017-11-13,5.3158
2017-11-14,5.3545
2017-11-15,5.2495
2017-11-16,5.2902
2017-11-17,5.284
2017-11-20,5.352
2017-11-21,5.4012
2017-11-22,5.3733
2017-11-24,5.424
2017-11-27,5.3535
2017-11-28,5.2677
2017-11-29,4.9105
2017-11-30,5.0177
2017-12-01,4.942
2017-12-04,4.6665
2017-12-05,4.6935
2017-12-06,4.7315
2017-12-07,4.7997
2017-12-08,4.7873
2017-12-11,4.8665
2017-12-12,4.771
2017-12-13,4.6545
2017-12-14,4.6617
2017-12-15,4.789
2017-12-18,4.9475
2017-12-19,4.9028
2017-12-20,4.92
2017-12-21,4.8973
2017-12-22,4.8818
2017-12-26,4.936
2017-12-27,4.9292
2017-12-28,4.935
2017-12-29,4.8375
2018-01-02,4.9837
2018-01-03,5.3117
2018-01-04,5.3397
2018-01-05,5.385
2018-01-08,5.55
2018-01-09,5.5485
2018-01-10,5.592
2018-01-11,5.602
2018-01-12,5.5745
2018-01-16,5.5027
2018-01-17,5.618
2018-01-18,5.611
2018-01-19,5.7527
2018-01-22,5.8422
2018-01-23,5.9728
2018-01-24,5.895
2018-01-25,5.9088
2018-01-26,6.0833
2018-01-29,6.1712
2018-01-30,6.068
2018-01-31,6.145
2018-02-01,6.0125
2018-02-02,5.838
2018-02-05,5.3425
2018-02-06,5.6395
2018-02-07,5.72
2018-02-08,5.438
2018-02-09,5.802
2018-02-12,5.7007
2018-02-13,5.8158
2018-02-14,6.0355
2018-02-15,6.1625
2018-02-16,6.096
2018-02-20,6.227
2018-02-21,6.0377
2018-02-22,6.0538
2018-02-23,6.1483
2018-02-26,6.1645
2018-02-27,6.1515
2018-02-28,6.05
2018-03-01,5.8053
2018-03-02,5.9135
2018-03-05,5.8913
2018-03-06,6.054
2018-03-07,6.046
2018-03-08,6.0295
2018-03-09,6.1333
2018-03-12,6.244
2018-03-13,6.1927
2018-03-14,6.2185
2018-03-15,6.2335
2018-03-16,6.262
2018-03-19,6.025
2018-03-20,6.2395
2018-03-21,6.214
2018-03-22,6.0462
2018-03-23,5.8243
2018-03-26,6.112
2018-03-27,5.638
2018-03-28,5.5338
2018-03-29,5.7898
2018-04-02,5.5262
2018-04-03,5.6337
2018-04-04,5.656
2018-04-05,5.5345
2018-04-06,5.3562
2018-04-09,5.3853
2018-04-10,5.6978
2018-04-11,5.656
2018-04-12,5.865
2018-04-13,5.7875
2018-04-16,5.7873
2018-04-17,5.9385
2018-04-18,5.9092
2018-04-19,5.726
2018-04-20,5.7178
2018-04-23,5.597
2018-04-24,5.53
2018-04-25,5.4165
2018-04-26,5.6305
2018-04-27,5.6582
2018-04-30,5.6225
2018-05-01,5.6785
2018-05-02,5.6578
2018-05-03,5.8247
2018-05-04,5.9765
2018-05-07,6.217
2018-05-08,6.26
2018-05-09,6.3945
2018-05-10,6.5033
2018-05-11,6.3632
2018-05-14,6.384
2018-05-15,6.139
2018-05-16,6.1502
2018-05-17,6.1927
2018-05-18,6.1485
2018-05-21,6.106
2018-05-22,6.0675
2018-05-23,6.1885
2018-05-24,6.1922
2018-05-25,6.232
2018-05-29,6.2147
2018-05-30,6.3247
2018-05-31,6.3047
2018-06-01,6.4405
2018-06-04,6.6213
2018-06-05,6.6267
2018-06-06,6.6287
2018-06-07,6.5725
2018-06-08,6.557
2018-06-11,6.5155
2018-06-12,6.5645
2018-06-13,6.56
2018-06-14,6.6727
2018-06-15,6.6315
2018-06-18,6.6273
2018-06-19,6.5043
2018-06-20,6.5578
2018-06-21,6.4278
2018-06-22,6.2737
2018-06-25,5.978
2018-06-26,6.0497
2018-06-27,5.893
2018-06-28,6.0215
2018-06-29,5.9225
2018-07-02,6.056
2018-07-03,5.921
2018-07-05,6.0683
2018-07-06,6.1832
2018-07-09,6.2312
2018-07-10,6.3313
2018-07-11,6.1883
2018-07-12,6.2807
2018-07-13,6.233
2018-07-16,6.205
2018-07-17,6.3422
2018-07-18,6.2925
2018-07-19,6.3007
2018-07-20,6.2723
2018-07-23,6.2352
2018-07-24,6.2178
2018-07-25,6.2968
2018-07-26,6.371
2018-07-27,6.3005
2018-07-30,6.1033
2018-07-31,6.1215
2018-08-01,6.1617
2018-08-02,6.2655
2018-08-03,6.3025
2018-08-06,6.3507
2018-08-07,6.4237
2018-08-08,6.4605
2018-08-09,6.4115
2018-08-10,6.3698
2018-08-13,6.403
2018-08-14,6.5357
2018-08-15,6.477
2018-08-16,6.436
2018-08-17,6.1205
2018-08-20,6.196
2018-08-21,6.333
2018-08-22,6.5705
2018-08-23,6.671
2018-08-24,6.8055
2018-08-27,6.8975
2018-08-28,6.8595
2018-08-29,6.9623
2018-08-30,6.9453
2018-08-31,7.017
2018-09-04,7.0925
2018-09-05,6.9605
2018-09-06,6.818
2018-09-07,6.7965
2018-09-10,6.8682
2018-09-11,6.82
2018-09-12,6.705
2018-09-13,6.7835
2018-09-14,6.9107
2018-09-17,6.8482
2018-09-18,6.7755
2018-09-19,6.7995
2018-09-20,6.657
2018-09-21,6.5862
2018-09-24,6.6425
2018-09-25,6.7102
2018-09-26,6.673
2018-09-27,6.685
2018-09-28,7.0255
2018-10-01,7.234
2018-10-02,7.162
2018-10-03,7.1683
2018-10-04,6.9823
2018-10-05,6.7465
2018-10-08,6.6442
2018-10-09,6.6385
2018-10-10,6.1423
2018-10-11,5.8783
2018-10-12,6.1635
2018-10-15,5.8845
2018-10-16,6.1458
2018-10-17,6.0765
2018-10-18,5.9882
2018-10-19,5.7292
2018-10-22,5.7805
2018-10-23,5.5265
2018-10-24,4.9852
2018-10-25,5.196
2018-10-26,4.9573
2018-10-29,4.6405
2018-10-30,5.075
2018-10-31,5.2708
2018-11-01,5.4528
2018-11-02,5.373
2018-11-05,5.2943
2018-11-06,5.2765
2018-11-07,5.3447
2018-11-08,5.1498
2018-11-09,5.1417
2018-11-12,4.7385
2018-11-13,4.9827
2018-11-14,4.9297
2018-11-15,5.0598
2018-11-16,4.1108
2018-11-19,3.6175
2018-11-20,3.727
2018-11-21,3.6177
2018-11-23,3.625
2018-11-26,3.8263
2018-11-27,3.8433
2018-11-28,4.0017
2018-11-29,3.934
2018-11-30,4.0858
2018-12-03,4.251
2018-12-04,3.9278
2018-12-06,3.9573
2018-12-07,3.6902
2018-12-10,3.7965
2018-12-11,3.7048
2018-12-12,3.7225
2018-12-13,3.7222
2018-12-14,3.6613
2018-12-17,3.5895
2018-12-18,3.6735
2018-12-19,3.4627
2018-12-20,3.3775
2018-12-21,3.2392
2018-12-24,3.177
2018-12-26,3.3275
2018-12-27,3.2792
2018-12-28,3.3412
2018-12-31,3.3375
2019-01-02,3.4055
2019-01-03,3.1997
2019-01-04,3.4048
2019-01-07,3.585
2019-01-08,3.4957
2019-01-09,3.5645
2019-01-10,3.6307
2019-01-11,3.7208
2019-01-14,3.761
2019-01-15,3.7468
2019-01-16,3.721
2019-01-17,3.793
2019-01-18,3.9232
2019-01-22,3.7192
2019-01-23,3.7322
2019-01-24,3.946
2019-01-25,4.0037
2019-01-28,3.4502
2019-01-29,3.29
2019-01-30,3.4348
2019-01-31,3.5938
2019-02-01,3.6182
2019-02-04,3.7295
2019-02-05,3.7487
2019-02-06,3.825
2019-02-07,3.6855
2019-02-08,3.7043
2019-02-11,3.6613
2019-02-12,3.7792
2019-02-13,3.822
2019-02-14,3.8633
2019-02-15,3.9335
2019-02-19,3.916
2019-02-20,3.9637
2019-02-21,3.8942
2019-02-22,3.9797
2019-02-25,3.9673
2019-02-26,3.9275
2019-02-27,3.8853
2019-02-28,3.8565
2019-03-01,3.9113
2019-03-04,3.9195
2019-03-05,3.913
2019-03-06,3.8012
2019-03-07,3.7315
2019-03-08,3.766
2019-03-11,4.0285
2019-03-12,4.063
2019-03-13,4.2155
2019-03-14,4.139
2019-03-15,4.2453
2019-03-18,4.2238
2019-03-19,4.3927
2019-03-20,4.36
2019-03-21,4.5985
2019-03-22,4.4375
2019-03-25,4.3445
2019-03-26,4.4218
2019-03-27,4.4125
2019-03-28,4.4313
2019-03-29,4.489
2019-04-01,4.557
2019-04-02,4.575
2019-04-03,4.7155
2019-04-04,4.7065
2019-04-05,4.7737
2019-04-08,4.7948
2019-04-09,4.7315
2019-04-10,4.8025
2019-04-11,4.7885
2019-04-12,4.7502
2019-04-15,4.6175
2019-04-16,4.7052
2019-04-17,4.6823
2019-04-18,4.6575
2019-04-22,4.7118
2019-04-23,4.7667
2019-04-24,4.7793
2019-04-25,4.6727
2019-04-26,4.4523
2019-04-29,4.4833
2019-04-30,4.525
2019-05-01,4.5118
2019-05-02,4.5798
2019-05-03,4.5753
2019-05-06,4.4963
2019-05-07,4.3278
2019-05-08,4.348
2019-05-09,4.2547
2019-05-10,4.2205
2019-05-13,3.9613
2019-05-14,4.051
2019-05-15,3.9895
2019-05-16,4.0047
2019-05-17,3.9132
2019-05-20,3.7938
2019-05-21,3.8765
2019-05-22,3.805
2019-05-23,3.683
2019-05-24,3.6288
2019-05-28,3.5833
2019-05-29,3.5085
2019-05-30,3.4778
2019-05-31,3.3865
2019-06-03,3.3445
2019-06-04,3.575
2019-06-05,3.532
2019-06-06,3.5945
2019-06-07,3.6375
2019-06-10,3.7108
2019-06-11,3.7687
2019-06-12,3.655
2019-06-13,3.7065
2019-06-14,3.616
2019-06-17,3.6258
2019-06-18,3.822
2019-06-19,3.828
2019-06-20,3.8525
2019-06-21,3.794
2019-06-24,3.8165
2019-06-25,3.787
2019-06-26,3.9815
2019-06-27,4.0807
2019-06-28,4.1058
2019-07-01,4.1543
2019-07-02,4.0557
2019-07-03,4.0687
2019-07-05,4.0058
2019-07-08,3.9302
2019-07-09,3.9327
2019-07-10,4.0015
2019-07-11,4.157
2019-07-12,4.1902
2019-07-15,4.1817
2019-07-16,4.177
2019-07-17,4.2428
2019-07-18,4.2545
2019-07-19,4.211
2019-07-22,4.283
2019-07-23,4.3915
2019-07-24,4.4665
2019-07-25,4.3345
2019-07-26,4.3767
2019-07-29,4.3705
2019-07-30,4.3863
2019-07-31,4.218
2019-08-01,4.123
2019-08-02,4.0297
2019-08-05,3.7698
2019-08-06,3.8087
2019-08-07,3.8472
2019-08-08,3.9565
2019-08-09,3.8545
2019-08-12,3.7863
2019-08-13,3.9012
2019-08-14,3.7517
2019-08-15,3.7192
2019-08-16,3.989
2019-08-19,4.2695
2019-08-20,4.1968
2019-08-21,4.2807
2019-08-22,4.287
2019-08-23,4.061
2019-08-26,4.1363
2019-08-27,4.045
2019-08-28,4.0305
2019-08-29,4.175
2019-08-30,4.1877
2019-09-03,4.1042
2019-09-04,4.219
2019-09-05,4.4935
2019-09-06,4.4662
2019-09-09,4.5125
2019-09-10,4.5795
2019-09-11,4.6083
2019-09-12,4.6068
2019-09-13,4.5485
2019-09-16,4.5052
2019-09-17,4.5268
2019-09-18,4.4995
2019-09-19,4.4235
2019-09-20,4.3172
2019-09-23,4.371
2019-09-24,4.3133
2019-09-25,4.4557
2019-09-26,4.4335
2019-09-27,4.294
2019-09-30,4.3517
2019-10-01,4.35
2019-10-02,4.326
2019-10-03,4.5328
2019-10-04,4.5493
2019-10-07,4.6083
2019-10-08,4.4307
2019-10-09,4.5177
2019-10-10,4.5757
2019-10-11,4.6498
2019-10-14,4.6632
2019-10-15,4.9092
2019-10-16,4.8552
2019-10-17,4.8573
2019-10-18,4.7622
2019-10-21,4.9002
2019-10-22,4.8903
2019-10-23,4.8773
2019-10-24,4.9215
2019-10-25,5.1135
2019-10-28,5.1698
2019-10-29,5.073
2019-10-30,5.075
2019-10-31,5.0255
2019-11-01,5.0648
2019-11-04,5.2625
2019-11-05,5.2403
2019-11-06,5.1908
2019-11-07,5.2085
2019-11-08,5.1945
2019-11-11,5.2045
2019-11-12,5.2403
2019-11-13,5.2143
2019-11-14,5.2448
2019-11-15,5.1048
2019-11-18,5.307
2019-11-19,5.1997
2019-11-20,5.2795
2019-11-21,5.2545
2019-11-22,5.2723
2019-11-25,5.5303
2019-11-26,5.425
2019-11-27,5.456
2019-11-29,5.4185
2019-12-02,5.2312
2019-12-03,5.1915
2019-12-04,5.2355
2019-12-05,5.2185
2019-12-06,5.3042
2019-12-09,5.3042
2019-12-10,5.3495
2019-12-11,5.4335
2019-12-12,5.6017
2019-12-13,5.5998
2019-12-16,5.6287
2019-12-17,5.7073
2019-12-18,5.7378
2019-12-19,5.8865
2019-12-20,5.9843
2019-12-23,5.9705
2019-12-24,5.9655
2019-12-26,5.9798
2019-12-27,5.9218
2019-12-30,5.808
2019-12-31,5.8825
2020-01-02,5.9977
2020-01-03,5.9018
2020-01-06,5.9265
2020-01-07,5.9983
2020-01-08,6.0095
2020-01-09,6.0755
2020-01-10,6.108
2020-01-13,6.2995
2020-01-14,6.182
2020-01-15,6.1392
2020-01-16,6.2232
2020-01-17,6.232
2020-01-21,6.1985
2020-01-22,6.2527
2020-01-23,6.3215
2020-01-24,6.262
2020-01-27,6.005
2020-01-28,6.1993
2020-01-29,6.1385
2020-01-30,6.1452
2020-01-31,5.9107
2020-02-03,6.0083
2020-02-04,6.1782
2020-02-05,6.269
2020-02-06,6.3562
2020-02-07,6.2898
2020-02-10,6.5743
2020-02-11,6.6972
2020-02-12,6.8135
2020-02-13,6.7695
2020-02-14,7.2448
2020-02-18,7.4142
2020-02-19,7.8675
2020-02-20,7.7175
2020-02-21,7.3517
2020-02-24,6.832
2020-02-25,6.5512
2020-02-26,6.6912
2020-02-27,6.315
2020-02-28,6.7517
2020-03-02,6.9107
2020-03-03,6.6473
2020-03-04,7.1128
2020-03-05,6.8323
2020-03-06,6.651
2020-03-09,6.136
2020-03-10,6.527
2020-03-11,6.1617
2020-03-12,5.4078
2020-03-13,6.021
2020-03-16,4.91
2020-03-17,5.4317
2020-03-18,5.0705
2020-03-19,5.3243
2020-03-20,5.1438
2020-03-23,5.3172
2020-03-24,6.2295
2020-03-25,6.1405
2020-03-26,6.431
2020-03-27,6.3183
2020-03-30,6.6398
2020-03-31,6.59
2020-04-01,6.0767
2020-04-02,6.3868
2020-04-03,6.0978
2020-04-06,6.71
2020-04-07,6.4757
2020-04-08,6.6737
2020-04-09,6.5738
2020-04-13,6.7463
2020-04-14,7.0988
2020-04-15,7.021
2020-04-16,7.3675
2020-04-17,7.308
2020-04-20,7.1762
2020-04-21,6.7378
2020-04-22,7.1537
2020-04-23,7.1002
2020-04-24,7.2397
2020-04-27,7.427
2020-04-28,7.284
2020-04-29,7.4615
2020-04-30,7.307
2020-05-01,7.0695
2020-05-04,7.2822
2020-05-05,7.3435
2020-05-06,7.4447
2020-05-07,7.6217
2020-05-08,7.8125
2020-05-11,8.0655
2020-05-12,7.8025
2020-05-13,7.78
2020-05-14,8.0305
2020-05-15,8.4908
2020-05-18,8.7502
2020-05-19,8.8055
2020-05-20,8.97
2020-05-21,8.7753
2020-05-22,9.0262
2020-05-26,8.7177
2020-05-27,8.5253
2020-05-28,8.487
2020-05-29,8.8755
2020-06-01,8.8062
2020-06-02,8.8252
2020-06-03,8.7695
2020-06-04,8.7665
2020-06-05,8.92
2020-06-08,8.805
2020-06-09,9.046
2020-06-10,9.3667
2020-06-11,8.7963
2020-06-12,8.9325
2020-06-15,9.1737
2020-06-16,9.0685
2020-06-17,9.236
2020-06-18,9.218
2020-06-19,9.2612
2020-06-22,9.5267
2020-06-23,9.45
2020-06-24,9.2355
2020-06-25,9.49
2020-06-26,9.155
2020-06-29,9.2
2020-06-30,9.4978
2020-07-01,9.53
2020-07-02,9.6123
2020-07-06,9.8392
2020-07-07,9.8717
2020-07-08,10.216
2020-07-09,10.509
2020-07-10,10.4792
2020-07-13,10.0522
2020-07-14,10.377
2020-07-15,10.2273
2020-07-16,10.1348
2020-07-17,10.2015
2020-07-20,10.5107
2020-07-21,10.3285
2020-07-22,10.4388
2020-07-23,10.1298
2020-07-24,10.1945
2020-07-27,10.4215
2020-07-28,10.2155
2020-07-29,10.4655
2020-07-30,10.614
2020-07-31,10.6147
2020-08-03,11.0103
2020-08-04,11.2277
2020-08-05,11.2867
2020-08-06,11.3355
2020-08-07,11.1995
2020-08-10,11.165
2020-08-11,10.85
2020-08-12,11.4403
2020-08-13,11.443
2020-08-14,11.564
2020-08-17,12.337
2020-08-18,12.2607
2020-08-19,12.1385
2020-08-20,12.141
2020-08-21,12.6835
2020-08-24,12.7203
2020-08-25,12.75
2020-08-26,12.773
2020-08-27,12.6283
2020-08-28,13.1477
2020-08-31,13.3745
2020-09-01,13.821
2020-09-02,14.3465
2020-09-03,13.0155
2020-09-04,12.6225
2020-09-08,11.913
2020-09-09,12.715
2020-09-10,12.3118
2020-09-11,12.1645
2020-09-14,12.8722
2020-09-15,12.991
2020-09-16,12.5145
2020-09-17,12.4635
2020-09-18,12.1892
2020-09-21,12.5173
2020-09-22,12.6377
2020-09-23,12.1237
2020-09-24,12.348
2020-09-25,12.8737
2020-09-28,13.035
2020-09-29,13.2257
2020-09-30,13.5305
2020-10-01,13.6145
2020-10-02,13.0623
2020-10-05,13.6425
2020-10-06,13.7365
2020-10-07,13.964
2020-10-08,13.8387
2020-10-09,13.7627
2020-10-12,14.226
2020-10-13,14.2483
2020-10-14,14.0953
2020-10-15,13.97
2020-10-16,13.8115
2020-10-19,13.4978
2020-10-20,13.6455
2020-10-21,13.5247
2020-10-22,13.361
2020-10-23,13.5903
2020-10-26,13.1412
2020-10-27,13.3968
2020-10-28,12.627
2020-10-29,13.024
2020-10-30,12.534
2020-11-02,12.5808
2020-11-03,13.0195
2020-11-04,13.7942
2020-11-05,14.16
2020-11-06,14.562
2020-11-09,13.6307
2020-11-10,12.77
2020-11-11,13.418
2020-11-12,13.4567
2020-11-13,13.297
2020-11-16,13.5153
2020-11-17,13.4222
2020-11-18,13.4288
2020-11-19,13.4403
2020-11-20,13.0878
2020-11-23,13.14
2020-11-24,12.9578
2020-11-25,13.2347
2020-11-27,13.2612
2020-11-30,13.4015
2020-12-01,13.39
2020-12-02,13.5445
2020-12-03,13.396
2020-12-04,13.5583
2020-12-07,13.6067
2020-12-08,13.35
2020-12-09,12.9307
2020-12-10,12.9722
2020-12-11,13.0133
2020-12-14,13.3088
2020-12-15,13.3605
2020-12-16,13.2425
2020-12-17,13.3413
2020-12-18,13.272
2020-12-21,13.3322
2020-12-22,13.2782
2020-12-23,13.0092
2020-12-24,12.9937
2020-12-28,12.9
2020-12-29,12.9432
2020-12-30,13.1458
2020-12-31,13.055
2021-01-04,13.1135
2021-01-05,13.4047
2021-01-06,12.6145
2021-01-07,13.344
2021-01-08,13.2767
2021-01-11,13.6215
2021-01-12,13.4847
2021-01-13,13.5317
2021-01-14,13.2002
2021-01-15,12.8595
2021-01-19,13.0253
2021-01-20,13.3658
2021-01-21,13.8675
2021-01-22,13.7125
2021-01-25,13.6532
2021-01-26,13.4353
2021-01-27,12.9178
2021-01-28,13.051
2021-01-29,12.9897
2021-02-01,13.237
2021-02-02,13.5568
2021-02-03,13.5305
2021-02-04,13.6643
2021-02-05,13.591
2021-02-08,14.4388
2021-02-09,14.2633
2021-02-10,14.7642
2021-02-11,15.2507
2021-02-12,14.9613
2021-02-16,15.3302
2021-02-17,14.906
2021-02-18,14.829
2021-02-19,14.9265
2021-02-22,14.3558
2021-02-23,14.142
2021-02-24,14.499
2021-02-25,13.3075
2021-02-26,13.7145
2021-03-01,13.8418
2021-03-02,13.4062
2021-03-03,12.8048
2021-03-04,12.3702
2021-03-05,12.4615
2021-03-08,11.5933
2021-03-09,12.5203
2021-03-10,12.4683
2021-03-11,12.9935
2021-03-12,12.856
2021-03-15,13.1912
2021-03-16,13.2913
2021-03-17,13.3413
2021-03-18,12.7225
2021-03-19,12.8457
2021-03-22,13.1862
2021-03-23,13.0708
2021-03-24,12.643
2021-03-25,12.5352
2021-03-26,12.8392
2021-03-29,12.9482
2021-03-30,12.8717
2021-03-31,13.3483
2021-04-01,13.8118
2021-04-05,13.9875
2021-04-06,13.8615
2021-04-07,14.1435
2021-04-08,14.317
2021-04-09,14.4
2021-04-12,15.209
2021-04-13,15.6795
2021-04-14,15.277
2021-04-15,16.1373
2021-04-16,15.9125
2021-04-19,15.3617
2021-04-20,15.1713
2021-04-21,15.3605
2021-04-22,14.8503
2021-04-23,15.2653
2021-04-26,15.478
2021-04-27,15.3818
2021-04-28,15.2767
2021-04-29,15.3247
2021-04-30,15.0095
2021-05-03,14.8368
2021-05-04,14.3512
2021-05-05,14.4585
2021-05-06,14.523
2021-05-07,14.8123
2021-05-10,14.2657
2021-05-11,14.3062
2021-05-12,13.7585
2021-05-13,13.6652
2021-05-14,14.243
2021-05-17,14.1655
2021-05-18,14.0157
2021-05-19,14.0658
2021-05-20,14.6125
2021-05-21,14.9917
2021-05-24,15.612
2021-05-25,15.6477
2021-05-26,15.7
2021-05-27,15.488
2021-05-28,16.2445
2021-06-01,16.2645
2021-06-02,16.7782
2021-06-03,16.9697
2021-06-04,17.5783
2021-06-07,17.619
2021-06-08,17.457
2021-06-09,17.3582
2021-06-10,17.425
2021-06-11,17.8253
2021-06-14,18.0187
2021-06-15,17.7885
2021-06-16,17.8102
2021-06-17,18.6572
2021-06-18,18.6388
2021-06-21,18.4272
2021-06-22,18.8867
2021-06-23,19.0572
2021-06-24,19.2055
2021-06-25,19.031
2021-06-28,19.985
2021-06-29,20.0268
2021-06-30,20.0025
2021-07-01,20.212
2021-07-02,20.487
2021-07-06,20.6985
2021-07-07,20.3717
2021-07-08,19.9028
2021-07-09,20.0502
2021-07-12,20.5125
2021-07-13,20.25
2021-07-14,19.8415
2021-07-15,18.9662
2021-07-16,18.161
2021-07-19,18.7798
2021-07-20,18.612
2021-07-21,19.41
2021-07-22,19.594
2021-07-23,19.558
2021-07-26,19.294
2021-07-27,19.208
2021-07-28,19.503
2021-07-29,19.662
2021-07-30,19.499
2021-08-02,19.75
2021-08-03,19.815
2021-08-04,20.274
2021-08-05,20.637
2021-08-06,20.366
2021-08-09,20.295
2021-08-10,19.936
2021-08-11,19.699
2021-08-12,19.905
2021-08-13,20.188
2021-08-16,19.95
2021-08-17,19.458
2021-08-18,19.04
2021-08-19,19.798
2021-08-20,20.816
2021-08-23,21.958
2021-08-24,21.793
2021-08-25,22.213
2021-08-26,22.068
2021-08-27,22.636
2021-08-30,22.688
2021-08-31,22.385
2021-09-01,22.441
2021-09-02,22.396
2021-09-03,22.843
2021-09-07,22.662
2021-09-08,22.339
2021-09-09,22.177
2021-09-10,22.478
2021-09-13,22.152
2021-09-14,22.242
2021-09-15,22.341
2021-09-16,22.242
2021-09-17,21.9
2021-09-20,21.113
2021-09-21,21.246
2021-09-22,21.941
2021-09-23,22.482
2021-09-24,22.081
2021-09-27,21.66
2021-09-28,20.699
2021-09-29,20.517
2021-09-30,20.716
2021-10-01,20.742
2021-10-04,19.732
2021-10-05,20.451
2021-10-06,20.7
2021-10-07,21.075
2021-10-08,20.831
2021-10-11,20.695
2021-10-12,20.671
2021-10-13,20.939
2021-10-14,21.746
2021-10-15,21.862
2021-10-18,22.222
2021-10-19,22.29
2021-10-20,22.103
2021-10-21,22.692
2021-10-22,22.726
2021-10-25,23.166
2021-10-26,24.717
2021-10-27,24.451
2021-10-28,24.941
2021-10-29,25.567
2021-11-01,25.827
2021-11-02,26.401
2021-11-03,26.598
2021-11-04,29.801
2021-11-05,29.752
2021-11-08,30.804
2021-11-09,30.657
2021-11-10,29.459
2021-11-11,30.39
2021-11-12,30.39
2021-11-15,30.025
2021-11-16,30.203
2021-11-17,29.261
2021-11-18,31.675
2021-11-19,32.985
2021-11-22,31.956
2021-11-23,31.746
2021-11-24,32.674
2021-11-26,31.503
2021-11-29,33.376
2021-11-30,32.676
2021-12-01,31.435
2021-12-02,32.126
2021-12-03,30.693
2021-12-06,30.037
2021-12-07,32.427
2021-12-08,31.826
2021-12-09,30.49
2021-12-10,30.198
2021-12-13,28.161
2021-12-14,28.337
2021-12-15,30.459
2021-12-16,28.387
2021-12-17,27.801
2021-12-20,27.719
2021-12-21,29.075
2021-12-22,29.4
2021-12-23,29.64
2021-12-27,30.945
2021-12-28,30.322
2021-12-29,30.001
2021-12-30,29.586
2021-12-31,29.411
2022-01-03,30.121
2022-01-04,29.29
2022-01-05,27.604
2022-01-06,28.178
2022-01-07,27.247
2022-01-10,27.4
2022-01-11,27.817
2022-01-12,27.999
2022-01-13,26.575
2022-01-14,26.942
2022-01-18,25.903
2022-01-19,25.067
2022-01-20,24.15
2022-01-21,23.374
2022-01-24,23.372
2022-01-25,22.324
2022-01-26,22.772
2022-01-27,21.944
2022-01-28,22.84
2022-01-31,24.486
2022-02-01,24.638
2022-02-02,25.242
2022-02-03,23.948
2022-02-04,24.319
2022-02-07,24.728
2022-02-08,25.108
2022-02-09,26.705
2022-02-10,25.824
2022-02-11,23.949
2022-02-14,24.267
2022-02-15,26.495
2022-02-16,26.511
2022-02-17,24.507
2022-02-18,23.642
2022-02-22,23.39
2022-02-23,22.387
2022-02-24,23.748
2022-02-25,24.157
2022-02-28,24.385
2022-03-01,23.477
2022-03-02,24.22
2022-03-03,23.714
2022-03-04,22.936
2022-03-07,21.352
2022-03-08,21.514
2022-03-09,23.014
2022-03-10,22.658
2022-03-11,22.1
2022-03-14,21.33
2022-03-15,22.973
2022-03-16,24.496
2022-03-17,24.766
2022-03-18,26.453
2022-03-21,26.734
2022-03-22,26.524
2022-03-23,25.634
2022-03-24,28.15
2022-03-25,27.692
2022-03-28,28.219
2022-03-29,28.656
2022-03-30,27.69
2022-03-31,27.286
2022-04-01,26.712
2022-04-04,27.36
2022-04-05,25.931
2022-04-06,24.407
2022-04-07,24.208
2022-04-08,23.119
2022-04-11,21.917
2022-04-12,21.504
2022-04-13,22.203
2022-04-14,21.258
2022-04-18,21.783
2022-04-19,22.198
2022-04-20,21.482
2022-04-21,20.183
2022-04-22,19.515
2022-04-25,19.902
2022-04-26,18.788
2022-04-27,18.415
2022-04-28,19.782
2022-04-29,18.547
2022-05-02,19.533
2022-05-03,19.602
2022-05-04,20.334
2022-05-05,18.844
2022-05-06,18.675
2022-05-09,16.95
2022-05-10,17.595
2022-05-11,16.63
2022-05-12,16.175
2022-05-13,17.706
2022-05-16,17.264
2022-05-17,18.177
2022-05-18,16.938
2022-05-19,17.124
2022-05-20,16.694
2022-05-23,16.898
2022-05-24,16.154
2022-05-25,16.975
2022-05-26,17.851
2022-05-27,18.811
2022-05-31,18.672
2022-06-01,18.32
2022-06-02,19.592
2022-06-03,18.72
2022-06-06,18.786
2022-06-07,18.926
2022-06-08,18.648
2022-06-09,18.048
2022-06-10,16.974
2022-06-13,15.647
2022-06-14,15.836
2022-06-15,16.527
2022-06-16,15.601
2022-06-17,15.88
2022-06-21,16.566
2022-06-22,16.36
2022-06-23,16.225
2022-06-24,17.126
2022-06-27,16.869
2022-06-28,15.982
2022-06-29,15.542
2022-06-30,15.159
2022-07-01,14.523
2022-07-05,14.964
2022-07-06,15.13
2022-07-07,15.858
2022-07-08,15.838
2022-07-11,15.152
2022-07-12,15.082
2022-07-13,15.164
2022-07-14,15.372
2022-07-15,15.762
2022-07-18,16.101
2022-07-19,16.992
2022-07-20,17.807
2022-07-21,18.05
2022-07-22,17.319
2022-07-25,17.024
2022-07-26,16.533
2022-07-27,17.79
2022-07-28,17.984
2022-07-29,18.163
2022-08-01,18.441
2022-08-02,18.526
2022-08-03,18.893
2022-08-04,19.215
2022-08-05,18.989
2022-08-08,17.793
2022-08-09,17.086
2022-08-10,18.097
2022-08-11,17.942
2022-08-12,18.709
2022-08-15,19.032
2022-08-16,18.879
2022-08-17,18.335
2022-08-18,18.773
2022-08-19,17.849
2022-08-22,17.034
2022-08-23,17.181
2022-08-24,17.222
2022-08-25,17.913
2022-08-26,16.26
2022-08-29,15.801
2022-08-30,15.468
2022-08-31,15.094
2022-09-01,13.937
2022-09-02,13.647
2022-09-06,13.465
2022-09-07,13.714
2022-09-08,13.99
2022-09-09,14.387
2022-09-12,14.505
2022-09-13,13.131
2022-09-14,13.128
2022-09-15,12.929
2022-09-16,13.198
2022-09-19,13.382
2022-09-20,13.176
2022-09-21,13.261
2022-09-22,12.561
2022-09-23,12.516
2022-09-26,12.228
2022-09-27,12.413
2022-09-28,12.736
2022-09-29,12.22
2022-09-30,12.139
2022-10-03,12.512
2022-10-04,13.167
2022-10-05,13.209
2022-10-06,13.13
2022-10-07,12.076
2022-10-10,11.67
2022-10-11,11.586
2022-10-12,11.5
2022-10-13,11.96
2022-10-14,11.227
2022-10-17,11.888
2022-10-18,11.967
2022-10-19,12.051
2022-10-20,12.194
2022-10-21,12.466
2022-10-24,12.599
2022-10-25,13.261
2022-10-26,12.896
2022-10-27,13.176
2022-10-28,13.834
2022-10-31,13.497
2022-11-01,13.543
2022-11-02,13.219
2022-11-03,13.421
2022-11-04,14.156
2022-11-07,14.301
2022-11-08,14.602
2022-11-09,13.776
2022-11-10,15.75
2022-11-11,16.327
2022-11-14,16.295
2022-11-15,16.666
2022-11-16,15.91
2022-11-17,15.677
2022-11-18,15.409
2022-11-21,15.317
2022-11-22,16.038
2022-11-23,16.519
2022-11-25,16.27
2022-11-28,15.827
2022-11-29,15.639
2022-11-30,16.923
2022-12-01,17.135
2022-12-02,16.876
2022-12-05,16.61
2022-12-06,15.987
2022-12-07,16.12
2022-12-08,17.169
2022-12-09,17.001
2022-12-12,17.535
2022-12-13,18.072
2022-12-14,17.674
2022-12-15,16.952
2022-12-16,16.571
2022-12-19,16.254
2022-12-20,16.085
2022-12-21,16.501
2022-12-22,15.339
2022-12-23,15.206
2022-12-27,14.121
2022-12-28,14.036
2022-12-29,14.603
2022-12-30,14.614
2023-01-03,14.315
2023-01-04,14.749
2023-01-05,14.265
2023-01-06,14.859
2023-01-09,15.628
2023-01-10,15.909
2023-01-11,16.001
2023-01-12,16.511
2023-01-13,16.899
2023-01-17,17.702
2023-01-18,17.377
2023-01-19,16.765
2023-01-20,17.839
2023-01-23,19.193
2023-01-24,19.265
2023-01-25,19.323
2023-01-26,19.802
2023-01-27,20.365
2023-01-30,19.162
2023-01-31,19.537
2023-02-01,20.943
2023-02-02,21.709
2023-02-03,21.1
2023-02-06,21.089
2023-02-07,22.173
2023-02-08,22.205
2023-02-09,22.337
2023-02-10,21.265
2023-02-13,21.788
2023-02-14,22.971
2023-02-15,22.764
2023-02-16,22.002
2023-02-17,21.388
2023-02-21,20.655
2023-02-22,20.754
2023-02-23,23.664
2023-02-24,23.286
2023-02-27,23.501
2023-02-28,23.216
2023-03-01,22.698
2023-03-02,23.314
2023-03-03,23.89
2023-03-06,23.554
2023-03-07,23.288
2023-03-08,24.181
2023-03-09,23.436
2023-03-10,22.965
2023-03-13,22.966
2023-03-14,24.063
2023-03-15,24.228
2023-03-16,25.541
2023-03-17,25.725
2023-03-20,25.9
2023-03-21,26.199
2023-03-22,26.468
2023-03-23,27.191
2023-03-24,26.779
2023-03-27,26.531
2023-03-28,26.41
2023-03-29,26.984
2023-03-30,27.383
2023-03-31,27.777
2023-04-03,27.965
2023-04-04,27.453
2023-04-05,26.881
2023-04-06,27.037
2023-04-10,27.579
2023-04-11,27.169
2023-04-12,26.495
2023-04-13,26.463
2023-04-14,26.758
2023-04-17,27.002
2023-04-18,27.667
2023-04-19,27.931
2023-04-20,27.104
2023-04-21,27.119
2023-04-24,27.042
2023-04-25,26.241
2023-04-26,26.956
2023-04-27,27.226
2023-04-28,27.749
2023-05-01,28.91
2023-05-02,28.21
2023-05-03,27.802
2023-05-04,27.562
2023-05-05,28.68
2023-05-08,29.151
2023-05-09,28.571
2023-05-10,28.885
2023-05-11,28.578
2023-05-12,28.34
2023-05-15,28.953
2023-05-16,29.213
2023-05-17,30.178
2023-05-18,31.678
2023-05-19,31.264
2023-05-22,31.176
2023-05-23,30.688
2023-05-24,30.538
2023-05-25,37.98
2023-05-26,38.946
2023-05-30,40.111
2023-05-31,37.834
2023-06-01,39.77
2023-06-02,39.327
2023-06-05,39.171
2023-06-06,38.654
2023-06-07,37.475
2023-06-08,38.51
2023-06-09,38.77
2023-06-12,39.482
2023-06-13,41.022
2023-06-14,42.997
2023-06-15,42.653
2023-06-16,42.692
2023-06-20,43.808
2023-06-21,43.045
2023-06-22,43.025
2023-06-23,42.209
2023-06-26,40.632
2023-06-27,41.876
2023-06-28,41.117
2023-06-29,40.822
2023-06-30,42.302
2023-07-03,42.413
2023-07-05,42.317
2023-07-06,42.103
2023-07-07,42.503
2023-07-10,42.18
2023-07-11,42.405
2023-07-12,43.902
2023-07-13,45.977
2023-07-14,45.469
2023-07-17,46.461
2023-07-18,47.494
2023-07-19,47.077
2023-07-20,45.52
2023-07-21,44.309
2023-07-24,44.612
2023-07-25,45.679
2023-07-26,45.452
2023-07-27,45.9
2023-07-28,46.75
2023-07-31,46.729
2023-08-01,46.507
2023-08-02,44.269
2023-08-03,44.515
2023-08-04,44.68
2023-08-07,45.417
2023-08-08,44.664
2023-08-09,42.554
2023-08-10,42.388
2023-08-11,40.855
2023-08-14,43.753
2023-08-15,43.94
2023-08-16,43.486
2023-08-17,43.344
2023-08-18,43.299
2023-08-21,46.967
2023-08-22,45.668
2023-08-23,47.116
2023-08-24,47.163
2023-08-25,46.018
2023-08-28,46.835
2023-08-29,48.784
2023-08-30,49.264
2023-08-31,49.355
2023-09-01,48.509
2023-09-05,48.548
2023-09-06,47.061
2023-09-07,46.241
2023-09-08,45.572
2023-09-11,45.178
2023-09-12,44.87
2023-09-13,45.485
2023-09-14,45.581
2023-09-15,43.9
2023-09-18,43.966
2023-09-19,43.52
2023-09-20,42.239
2023-09-21,41.017
2023-09-22,41.61
2023-09-25,42.222
2023-09-26,41.911
2023-09-27,42.468
2023-09-28,43.089
2023-09-29,43.499
2023-10-02,44.782
2023-10-03,43.517
2023-10-04,44.041
2023-10-05,44.688
2023-10-06,45.762
2023-10-09,45.273
2023-10-10,45.798
2023-10-11,46.806
2023-10-12,46.945
2023-10-13,45.461
2023-10-16,46.095
2023-10-17,43.938
2023-10-18,42.196
2023-10-19,42.101
2023-10-20,41.387
2023-10-23,42.975
2023-10-24,43.663
2023-10-25,41.779
2023-10-26,40.326
2023-10-27,40.5
2023-10-30,41.161
2023-10-31,40.78
2023-11-01,42.325
2023-11-02,43.506
2023-11-03,45.005
2023-11-06,45.751
2023-11-07,45.955
2023-11-08,46.574
2023-11-09,46.95
2023-11-10,48.335
2023-11-13,48.62
2023-11-14,49.656
2023-11-15,48.888
2023-11-16,49.48
2023-11-17,49.298
2023-11-20,50.409
2023-11-21,49.944
2023-11-22,48.716
2023-11-24,47.776
2023-11-27,48.242
2023-11-28,47.821
2023-11-29,48.14
2023-11-30,46.77
2023-12-01,46.765
2023-12-04,45.51
2023-12-05,46.566
2023-12-06,45.503
2023-12-07,46.596
2023-12-08,47.506
2023-12-11,46.627
2023-12-12,47.657
2023-12-13,48.088
2023-12-14,48.35
2023-12-15,48.89
2023-12-18,50.077
2023-12-19,49.604
2023-12-20,48.111
2023-12-21,48.99
2023-12-22,48.83
2023-12-26,49.279
2023-12-27,49.417
2023-12-28,49.522
2023-12-29,49.522
2024-01-02,48.168
2024-01-03,47.569
2024-01-04,47.998
2024-01-05,49.097
2024-01-08,52.253
2024-01-09,53.14
2024-01-10,54.35
2024-01-11,54.822
2024-01-12,54.71
2024-01-16,56.382
2024-01-17,56.053
2024-01-18,57.107
2024-01-19,59.491
2024-01-22,59.654
2024-01-23,59.873
2024-01-24,61.362
2024-01-25,61.617
2024-01-26,61.031
2024-01-29,62.465
2024-01-30,62.774
2024-01-31,61.527
2024-02-01,63.027
2024-02-02,66.16
2024-02-05,69.332
2024-02-06,68.223
2024-02-07,70.099
2024-02-08,69.641
2024-02-09,72.133
2024-02-12,72.248
2024-02-13,72.128
2024-02-14,73.9
2024-02-15,72.658
2024-02-16,72.613
2024-02-20,69.452
2024-02-21,67.472
2024-02-22,78.538
2024-02-23,78.817
2024-02-26,79.092
2024-02-27,78.701
2024-02-28,77.663
2024-02-29,79.112
2024-03-01,82.279
2024-03-04,85.237
2024-03-05,85.964
2024-03-06,88.7
2024-03-07,92.669
2024-03-08,87.528
2024-03-11,85.774
2024-03-12,91.913
2024-03-13,90.888
2024-03-14,87.944
2024-03-15,87.837
2024-03-18,88.455
2024-03-19,89.398
2024-03-20,90.372
2024-03-21,91.435
2024-03-22,94.289
2024-03-25,95.002
2024-03-26,92.561
2024-03-27,90.25
2024-03-28,90.356
2024-04-01,90.363
2024-04-02,89.452
2024-04-03,88.964
2024-04-04,85.905
2024-04-05,88.008
2024-04-08,87.133
2024-04-09,85.354
2024-04-10,87.039
2024-04-11,90.616
2024-04-12,88.186
2024-04-15,86.001
2024-04-16,87.415
2024-04-17,84.035
2024-04-18,84.671
2024-04-19,76.2
2024-04-22,79.518
2024-04-23,82.423
2024-04-24,79.677
2024-04-25,82.632
2024-04-26,87.735
2024-04-29,87.757
2024-04-30,86.402
2024-05-01,83.041
2024-05-02,85.817
2024-05-03,88.789
2024-05-06,92.14
2024-05-07,90.554
2024-05-08,90.412
2024-05-09,88.747
2024-05-10,89.878
2024-05-13,90.399
2024-05-14,91.356
2024-05-15,94.63
2024-05-16,94.359
2024-05-17,92.479
2024-05-20,94.78
2024-05-21,95.386
2024-05-22,94.95
2024-05-23,103.799
2024-05-24,106.469
2024-05-28,113.901
2024-05-29,114.825
2024-05-30,110.5
2024-05-31,109.633
2024-06-03,115.0
2024-06-04,116.437
2024-06-05,122.44
2024-06-06,120.998
2024-06-07,120.888
2024-06-10,121.79
2024-06-11,120.91
2024-06-12,125.2
2024-06-13,129.61
2024-06-14,131.88
2024-06-17,130.98
2024-06-18,135.58
2024-06-20,130.78
2024-06-21,126.57
2024-06-24,118.11
2024-06-25,126.09
2024-06-26,126.4
2024-06-27,123.99
2024-06-28,123.54
2024-07-01,124.3
2024-07-02,122.67
2024-07-03,128.28
2024-07-05,125.83
2024-07-08,128.2
2024-07-09,131.38
2024-07-10,134.91
2024-07-11,127.4
2024-07-12,129.24
2024-07-15,128.44
2024-07-16,126.36
2024-07-17,117.99
2024-07-18,121.09
2024-07-19,117.93
2024-07-22,123.54
2024-07-23,122.59
2024-07-24,114.25
2024-07-25,112.28
2024-07-26,113.06
2024-07-29,111.59
2024-07-30,103.73
2024-07-31,117.02
2024-08-01,109.21
2024-08-02,107.27
2024-08-05,100.45
2024-08-06,104.25
2024-08-07,98.91
2024-08-08,104.97
2024-08-09,104.75
2024-08-12,109.02
2024-08-13,116.14
2024-08-14,118.08
2024-08-15,122.86
2024-08-16,124.58
2024-08-19,130.0
2024-08-20,127.25
2024-08-21,128.5
2024-08-22,123.74
2024-08-23,129.37
2024-08-26,126.46
2024-08-27,128.3
2024-08-28,125.61
2024-08-29,117.59
2024-08-30,119.37
2024-09-03,108.0
2024-09-04,106.21
2024-09-05,107.21
2024-09-06,102.83
2024-09-09,106.47
2024-09-10,108.1
2024-09-11,116.91
2024-09-12,119.14
2024-09-13,119.1
2024-09-16,116.78
2024-09-17,115.59
2024-09-18,113.37
2024-09-19,117.87
2024-09-20,116.0
2024-09-23,116.26
2024-09-24,120.87
2024-09-25,123.51
2024-09-26,124.04
2024-09-27,121.4
2024-09-30,121.44
2024-10-01,117.0
2024-10-02,118.85
2024-10-03,122.85
2024-10-04,124.92
2024-10-07,127.72
2024-10-08,132.89
2024-10-09,132.65
2024-10-10,134.81
2024-10-11,134.8
2024-10-14,138.07
2024-10-15,131.6
2024-10-16,135.72
2024-10-17,136.93
2024-10-18,138.0
2024-10-21,143.71
2024-10-22,143.59
2024-10-23,139.56
2024-10-24,140.41
2024-10-25,141.54
2024-10-28,140.52
2024-10-29,141.25
2024-10-30,139.34
2024-10-31,132.76
2024-11-01,135.4
2024-11-04,136.05
2024-11-05,139.91
2024-11-06,145.61
2024-11-07,148.88
2024-11-08,147.63
2024-11-11,145.26
2024-11-12,148.29
2024-11-13,146.27
2024-11-14,146.76
2024-11-15,141.98
2024-11-18,140.15
2024-11-19,147.01
2024-11-20,145.89
2024-11-21,146.67
2024-11-22,141.95
2024-11-25,136.02
2024-11-26,136.92
2024-11-27,135.34
2024-11-29,138.25
2024-12-02,138.63
2024-12-03,140.26
2024-12-04,145.14
2024-12-05,145.06
2024-12-06,142.44
2024-12-09,138.81
2024-12-10,135.07
2024-12-11,139.31
2024-12-12,137.34
2024-12-13,134.25
2024-12-16,132.0
2024-12-17,130.39
2024-12-18,128.91
2024-12-19,130.68
2024-12-20,134.7
2024-12-23,139.67
2024-12-24,140.22
2024-12-26,139.93
2024-12-27,137.01
2024-12-30,137.49
2024-12-31,134.29
2025-01-02,138.31
2025-01-03,144.47
2025-01-06,149.43
2025-01-07,140.14
2025-01-08,140.11
2025-01-10,135.91
2025-01-13,133.23
2025-01-14,131.76
2025-01-15,136.24
2025-01-16,133.57
2025-01-17,137.71
2025-01-21,140.83
2025-01-22,147.07
2025-01-23,147.22
2025-01-24,142.62
2025-01-27,118.42
2025-01-28,128.99
2025-01-29,123.7
2025-01-30,124.65
2025-01-31,120.07
2025-02-03,116.66
2025-02-04,118.65
2025-02-05,124.83
2025-02-06,128.68
2025-02-07,129.84
2025-02-10,133.57
2025-02-11,132.8
2025-02-12,131.14
2025-02-13,135.29
2025-02-14,138.85
2025-02-18,139.4
2025-02-19,139.23
2025-02-20,140.11
2025-02-21,134.43
2025-02-24,130.28
2025-02-25,126.63
2025-02-26,131.28
2025-02-27,120.15
2025-02-28,124.92
2025-03-03,114.06
2025-03-04,115.99
2025-03-05,117.3
2025-03-06,110.57
2025-03-07,112.69
2025-03-10,106.98
2025-03-11,108.76
2025-03-12,115.74
2025-03-13,115.58
2025-03-14,121.67
2025-03-17,119.53
2025-03-18,115.43
2025-03-19,117.52
2025-03-20,118.53
2025-03-21,117.7
2025-03-24,121.41
2025-03-25,120.69
2025-03-26,113.76
2025-03-27,111.43
2025-03-28,109.67
2025-03-31,108.38
2025-04-01,110.15
2025-04-02,110.42
2025-04-03,101.8
2025-04-04,94.31
2025-04-07,97.64
2025-04-08,96.3
2025-04-09,114.33
2025-04-10,107.57
2025-04-11,110.93
2025-04-14,110.71
2025-04-15,112.2
2025-04-16,104.49
2025-04-17,101.49
2025-04-21,96.91
2025-04-22,98.89
2025-04-23,102.71
2025-04-24,106.43
2025-04-25,111.01
2025-04-28,108.73
2025-04-29,109.02
2025-04-30,108.92
2025-05-01,111.61
2025-05-02,114.5
2025-05-05,113.82
2025-05-06,113.54
2025-05-07,117.06
2025-05-08,117.37
2025-05-09,116.65
2025-05-12,123.0
2025-05-13,129.93
2025-05-14,135.34
2025-05-15,134.83
2025-05-16,135.4
2025-05-19,135.57
2025-05-20,134.38
2025-05-21,131.8
2025-05-22,132.83
2025-05-23,131.29
2025-05-27,135.5
2025-05-28,134.81
2025-05-29,139.19
2025-05-30,135.13
2025-06-02,137.38
2025-06-03,141.22
2025-06-04,141.92
2025-06-05,139.99
2025-06-06,141.72
2025-06-09,142.63
2025-06-10,143.96
2025-06-11,142.83
2025-06-12,145.0
2025-06-13,141.97
2025-06-16,144.69
2025-06-17,144.12
2025-06-18,145.48
2025-06-20,143.85
2025-06-23,144.17
2025-06-24,147.9
2025-06-25,154.31
2025-06-26,155.02
2025-06-27,157.75
2025-06-30,157.99
2025-07-01,153.3
2025-07-02,157.25
2025-07-03,159.34
2025-07-07,158.24
2025-07-08,160.0
2025-07-09,162.88
2025-07-10,164.1
2025-07-11,164.92
2025-07-14,164.07
2025-07-15,170.7
2025-07-16,171.37
2025-07-17,173.0
2025-07-18,172.41
2025-07-21,171.38
2025-07-22,167.03
2025-07-23,170.78
2025-07-24,173.74
2025-07-25,173.5
2025-07-28,176.75
2025-07-29,175.51
2025-07-30,179.27
2025-07-31,177.87
2025-08-01,173.72
2025-08-04,180.0
2025-08-05,178.26
2025-08-06,179.42
2025-08-07,180.77
2025-08-08,182.7
2025-08-11,182.06
2025-08-12,183.16
2025-08-13,181.59
2025-08-14,182.02
2025-08-15,180.45
2025-08-18,182.01
2025-08-19,175.64
2025-08-20,175.4
2025-08-21,174.98
2025-08-22,177.99
2025-08-25,179.81
2025-08-26,181.77
2025-08-27,181.6
2025-08-28,180.17
2025-08-29,174.18
2025-09-02,170.78
2025-09-03,170.62
2025-09-04,171.66
2025-09-05,167.02
2025-09-08,168.31
2025-09-09,170.76
2025-09-10,177.33
2025-09-11,177.17
2025-09-12,177.82
2025-09-15,177.75
2025-09-16,174.88
2025-09-17,170.29
2025-09-18,176.24
2025-09-19,176.67
2025-09-22,183.61
2025-09-23,178.43
2025-09-24,176.97
2025-09-25,177.69
2025-09-26,178.19
2025-09-29,181.85
2025-09-30,186.58
2025-10-01,187.24
2025-10-02,188.89
2025-10-03,187.62
2025-10-06,185.54
2025-10-07,185.04
2025-10-08,189.11
2025-10-09,192.57
2025-10-10,183.16
2025-10-13,188.32
2025-10-14,180.03
2025-10-15,179.83
2025-10-16,181.81
2025-10-17,183.22
2025-10-20,182.64
2025-10-21,181.16
2025-10-22,180.28
2025-10-23,182.16
2025-10-24,186.26
2025-10-27,191.49
2025-10-28,201.03
2025-10-29,207.04
2025-10-30,202.89
2025-10-31,202.49
2025-11-03,206.88
2025-11-04,198.69
2025-11-05,195.21
2025-11-06,188.08
2025-11-07,188.15
2025-11-10,199.05
2025-11-11,193.16
2025-11-12,193.8
2025-11-13,186.86
2025-11-14,190.17
2025-11-17,186.6
2025-11-18,181.36
2025-11-19,186.52
2025-11-20,180.64
2025-11-21,178.88
2025-11-24,182.55
2025-11-25,177.82
2025-11-26,180.26
2025-11-28,177.0
2025-12-01,179.92
2025-12-02,181.46
2025-12-03,179.59
2025-12-04,183.38
2025-12-05,182.41
2025-12-08,185.55
2025-12-09,184.97
2025-12-10,183.78
2025-12-11,180.93
2025-12-12,175.02
2025-12-15,176.29
2025-12-16,177.72
2025-12-17,170.94
2025-12-18,174.14
2025-12-19,180.99
2025-12-22,183.69
2025-12-23,189.21
2025-12-24,188.61
2025-12-26,190.53
2025-12-29,188.22
2025-12-30,187.54
2025-12-31,186.5
2026-01-02,188.85
2026-01-05,188.12
2026-01-06,187.24
2026-01-07,189.11
2026-01-08,185.04
2026-01-09,184.86
2026-01-12,184.94
2026-01-13,185.81
2026-01-14,183.14
2026-01-15,187.05
2026-01-16,186.23
2026-01-20,178.07
2026-01-21,183.32
2026-01-22,184.84
2026-01-23,187.67
2026-01-26,186.47
2026-01-27,188.52
2026-01-28,191.52
2026-01-29,192.51
2026-01-30,191.13
2026-02-02,185.61
2026-02-03,180.34
2026-02-04,174.19
2026-02-05,171.88
2026-02-06,185.41
2026-02-09,190.04
2026-02-10,188.54
2026-02-11,190.05
2026-02-12,186.94
2026-02-13,182.81
2026-02-17,184.97
2026-02-18,187.98
2026-02-19,187.9
2026-02-20,189.82
2026-02-23,191.55
2026-02-24,192.85
2026-02-25,195.56
2026-02-26,184.89
2026-02-27,177.19
2026-03-02,182.48
2026-03-03,180.05
2026-03-04,183.04
2026-03-05,183.34
2026-03-06,177.82
2026-03-09,182.65
2026-03-10,184.77
2026-03-11,186.03
2026-03-12,183.14
2026-03-13,180.25
2026-03-16,183.22
2026-03-17,181.93
2026-03-18,180.4
2026-03-19,178.56
2026-03-20,172.7
2026-03-23,175.64
2026-03-24,175.2
2026-03-25,178.68
2026-03-26,171.24
2026-03-27,167.52
2026-03-30,165.17
2026-03-31,174.4
2026-04-01,175.75
2026-04-02,177.39
2026-04-06,177.64
2026-04-07,178.1
2026-04-08,182.08
2026-04-09,183.91
2026-04-10,188.63
2026-04-13,189.31
2026-04-14,196.51
2026-04-15,198.87
2026-04-16,198.35
2026-04-17,201.68
2026-04-20,202.06
2026-04-21,199.88
2026-04-22,202.5
2026-04-23,199.64
2026-04-24,208.27
2026-04-27,216.61
2026-04-28,213.17
2026-04-29,209.25
2026-04-30,199.57
2026-05-01,198.45
2026-05-04,198.48
2026-05-05,196.5
2026-05-06,207.83
2026-05-07,211.5
2026-05-08,215.2
2026-05-11,219.44
2026-05-12,220.78
2026-05-13,225.83
2026-05-14,235.74
2026-05-15,225.32
2026-05-18,222.32
2026-05-19,220.61
2026-05-20,223.47
2026-05-21,219.51
2026-05-22,215.33
2026-05-26,214.86
2026-05-27,212.6
2026-05-28,214.25
2026-05-29,211.14
2026-06-01,224.36
2026-06-02,222.82
2026-06-03,214.75
2026-06-04,218.66
2026-06-05,205.1
2026-06-08,208.64
2026-06-09,208.19
2026-06-10,200.42
2026-06-11,204.87
2026-06-12,205.19
2026-06-15,212.45
2026-06-16,207.41
2026-06-17,204.65
2026-06-18,210.69
2026-06-22,208.65
2026-06-23,200.04
2026-06-24,199.0
2026-06-25,195.74
2026-06-26,192.53
2026-06-29,194.97
2026-06-30,200.09
2026-07-01,197.58
2026-07-02,194.83
2026-07-06,195.55
2026-07-07,196.93
2026-07-08,204.12
2026-07-09,202.78
2026-07-10,210.96
2026-07-13,203.53
2026-07-14,211.8
2026-07-15,212.5
2026-07-16,207.4
2026-07-17,202.81
2026-07-20,203.28
2026-07-21,204.95
2026-07-22,212.06
2026-07-23,208.76
2026-07-24,206.84
2026-07-27,196.51
2026-07-28,197.01
2026-07-29,190.01
2026-07-30,195.04
2026-07-31,200.75
2026-08-03,206.67
2026-08-04,211.94
2026-08-05,219.22
2026-08-06,218.99
2026-08-07,223.96
2026-08-10,217.55
2026-08-11,217.5
2026-08-12,224.09
2026-08-13,225.3
2026-08-14,225.16
2026-08-17,225.01
2026-08-18,219.74
2026-08-19,217.56
