date,close
1997-07-01,18.51
1997-07-02,18.73
1997-07-03,19.12
1997-07-04,19.18
1997-07-07,19.53
1997-07-08,19.11
1997-07-09,19.51
1997-07-10,19.99
1997-07-11,20.27
1997-07-14,20.43
1997-07-15,20.36
1997-07-16,20.09
1997-07-17,20.06
1997-07-18,20.1
1997-07-21,19.55
1997-07-22,19.53
1997-07-23,19.19
1997-07-24,19.25
1997-07-25,18.89
1997-07-28,18.36
1997-07-29,18.5
1997-07-30,19.03
1997-07-31,19.53
1997-08-01,19.73
1997-08-04,20.36
1997-08-05,20.03
1997-08-06,20.34
1997-08-07,20.5
1997-08-08,20.4
1997-08-11,20.32
1997-08-12,20.36
1997-08-13,20.05
1997-08-14,20.16
1997-08-15,20.04
1997-08-18,19.52
1997-08-19,19.4
1997-08-20,19.3
1997-08-21,19.75
1997-08-22,19.66
1997-08-25,19.51
1997-08-26,19.25
1997-08-27,19.25
1997-08-28,19.73
1997-08-29,19.8
1997-09-01,19.78
1997-09-02,20.2
1997-09-03,20.54
1997-09-04,21.04
1997-09-05,21.24
1997-09-08,21.98
1997-09-09,22.35
1997-09-10,22.59
1997-09-11,22.93
1997-09-12,23.07
1997-09-15,23.62
1997-09-16,23.59
1997-09-17,24.1
1997-09-18,24.07
1997-09-19,23.9
1997-09-22,24.02
1997-09-23,24.13
1997-09-24,24.87
1997-09-25,25.55
1997-09-26,25.92
1997-09-29,26.44
1997-09-30,25.93
1997-10-01,25.84
1997-10-02,26.97
1997-10-03,27.52
1997-10-06,28.49
1997-10-07,28.54
1997-10-08,29.39
1997-10-09,29.54
1997-10-10,29.43
1997-10-13,30.48
1997-10-14,32.12
1997-10-15,32.23
1997-10-16,32.58
1997-10-17,34.51
1997-10-20,34.16
1997-10-21,34.42
1997-10-22,34.97
1997-10-23,35.43
1997-10-24,35.12
1997-10-27,31.19
1997-10-28,28.24
1997-10-30,27.17
1997-10-31,28.46
1997-11-03,28.46
1997-11-04,29.72
1997-11-05,31.68
1997-11-06,31.63
1997-11-07,29.58
1997-11-10,29.83
1997-11-11,29.18
1997-11-12,28.01
1997-11-13,26.94
1997-11-14,26.92
1997-11-17,28.9
1997-11-18,29.62
1997-11-19,29.15
1997-11-20,29.69
1997-11-21,30.77
1997-11-24,27.87
1997-11-25,28.42
1997-11-26,29.02
1997-11-27,29.04
1997-11-28,28.79
1997-12-01,28.14
1997-12-02,29.23
1997-12-03,29.98
1997-12-04,30.53
1997-12-05,29.68
1997-12-08,28.57
1997-12-09,29.25
1997-12-10,29.4
1997-12-11,28.67
1997-12-12,28.43
1997-12-15,29.7
1997-12-16,29.53
1997-12-17,30.07
1997-12-18,30.58
1997-12-19,31.45
1997-12-22,31.77
1997-12-23,31.75
1997-12-24,31.29
1997-12-25,30.75
1997-12-26,31.83
1997-12-29,33.35
1997-12-30,34.59
1997-12-31,34.51
1998-01-05,37.114
1998-01-06,36.52
1998-01-07,36.826
1998-01-08,35.901
1998-01-09,35.871
1998-01-12,31.997
1998-01-13,34.139
1998-01-14,32.849
1998-01-15,32.946
1998-01-16,33.848
1998-01-19,35.131
1998-01-20,34.779
1998-01-21,35.239
1998-01-22,34.522
1998-01-23,34.598
1998-01-26,35.172
1998-01-27,35.154
1998-01-28,35.472
1998-02-02,33.672
1998-02-03,32.491
1998-02-04,30.348
1998-02-05,29.815
1998-02-06,29.866
1998-02-09,28.475
1998-02-10,27.771
1998-02-11,29.269
1998-02-12,30.08
1998-02-13,30.146
1998-02-16,30.371
1998-02-17,31.032
1998-02-18,31.051
1998-02-19,29.084
1998-02-20,29.73
1998-02-23,33.068
1998-02-24,32.257
1998-02-25,33.334
1998-02-26,34.024
1998-02-27,32.722
1998-03-02,33.467
1998-03-03,33.536
1998-03-04,33.206
1998-03-05,34.061
1998-03-06,34.698
1998-03-09,35.14
1998-03-10,35.294
1998-03-11,35.193
1998-03-12,34.929
1998-03-13,33.892
1998-03-16,33.774
1998-03-17,33.975
1998-03-18,33.057
1998-03-19,32.477
1998-03-20,32.698
1998-03-23,32.668
1998-03-24,32.411
1998-03-25,33.009
1998-03-26,33.382
1998-03-27,33.138
1998-03-30,32.228
1998-03-31,32.591
1998-04-01,32.603
1998-04-02,33.444
1998-04-03,34.43
1998-04-13,36.454
1998-04-14,36.63
1998-04-15,38.218
1998-04-16,40.544
1998-04-17,41.209
1998-04-20,41.013
1998-04-21,42.657
1998-04-22,43.658
1998-04-24,40.896
1998-04-27,40.209
1998-04-28,38.736
1998-04-29,39.832
1998-04-30,41.945
1998-05-01,42.311
1998-05-04,42.655
1998-05-05,42.588
1998-05-06,42.18
1998-05-07,40.935
1998-05-08,42.101
1998-05-11,42.541
1998-05-12,42.236
1998-05-13,42.605
1998-05-14,42.3
1998-05-15,41.37
1998-05-18,39.702
1998-05-20,40.941
1998-05-21,41.223
1998-05-22,41.08
1998-05-25,40.774
1998-05-26,39.949
1998-05-27,36.669
1998-05-28,37.513
1998-05-29,37.278
1998-06-01,36.046
1998-06-02,37.532
1998-06-03,37.735
1998-06-04,40.123
1998-06-05,40.8
1998-06-08,41.93
1998-06-09,41.085
1998-06-10,40.329
1998-06-11,40.211
1998-06-12,40.277
1998-06-15,37.935
1998-06-16,39.109
1998-06-17,40.471
1998-06-18,39.655
1998-06-19,40.071
1998-06-22,39.077
1998-06-23,40.048
1998-06-24,39.804
1998-06-25,40.558
1998-06-26,40.141
1998-06-29,41.199
1998-06-30,41.0
1998-07-01,41.246
1998-07-02,42.929
1998-07-03,44.851
1998-07-06,44.968
1998-07-07,44.707
1998-07-08,45.059
1998-07-09,44.03
1998-07-10,43.443
1998-07-13,42.24
1998-07-14,43.726
1998-07-15,44.354
1998-07-16,45.31
1998-07-17,45.148
1998-07-20,44.78
1998-07-21,43.775
1998-07-22,43.647
1998-07-23,43.656
1998-07-24,42.7
1998-07-27,43.261
1998-07-28,42.763
1998-07-29,42.313
1998-07-30,43.172
1998-07-31,43.223
1998-08-03,42.549
1998-08-04,41.284
1998-08-05,39.774
1998-08-06,38.893
1998-08-07,39.419
1998-08-10,37.156
1998-08-11,34.325
1998-08-12,35.545
1998-08-13,33.116
1998-08-14,33.517
1998-08-17,31.706
1998-08-18,32.309
1998-08-19,33.586
1998-08-20,35.33
1998-08-21,33.723
1998-08-24,32.928
1998-08-25,32.532
1998-08-26,29.973
1998-08-27,26.04
1998-08-28,26.72
1998-08-31,26.351
1998-09-01,25.246
1998-09-02,26.655
1998-09-03,25.402
1998-09-04,26.377
1998-09-07,26.402
1998-09-08,26.584
1998-09-09,26.0
1998-09-10,24.88
1998-09-11,23.287
1998-09-14,23.05
1998-09-15,21.99
1998-09-16,21.27
1998-09-17,19.484
1998-09-18,22.783
1998-09-21,21.417
1998-09-22,23.428
1998-09-23,24.011
1998-09-24,26.357
1998-09-25,23.369
1998-09-28,23.229
1998-09-29,23.862
1998-09-30,22.659
1998-10-01,20.855
1998-10-02,20.798
1998-10-05,18.925
1998-10-06,19.24
1998-10-07,18.583
1998-10-08,18.523
1998-10-09,19.461
1998-10-12,21.607
1998-10-13,21.027
1998-10-14,19.973
1998-10-15,19.854
1998-10-16,19.907
1998-10-19,20.221
1998-10-20,21.774
1998-10-21,22.264
1998-10-22,22.102
1998-10-23,22.748
1998-10-26,22.262
1998-10-27,22.187
1998-10-28,21.964
1998-11-02,22.766
1998-11-03,24.077
1998-11-04,25.953
1998-11-05,24.479
1998-11-06,25.547
1998-11-09,25.336
1998-11-10,25.168
1998-11-11,21.411
1998-11-12,21.028
1998-11-13,21.154
1998-11-16,23.082
1998-11-17,22.217
1998-11-18,21.824
1998-11-19,22.431
1998-11-20,23.335
1998-11-23,25.618
1998-11-24,23.684
1998-11-25,24.706
1998-11-26,25.641
1998-11-27,26.045
1998-11-30,25.775
1998-12-01,25.048
1998-12-02,25.984
1998-12-03,26.045
1998-12-04,25.346
1998-12-07,24.931
1998-12-08,24.88
1998-12-09,23.854
1998-12-10,24.022
1998-12-11,24.129
1998-12-14,24.586
1998-12-15,24.36
1998-12-16,22.775
1998-12-17,22.401
1998-12-18,23.397
1998-12-21,24.186
1998-12-22,24.211
1998-12-23,24.704
1998-12-24,24.926
1998-12-25,26.078
1998-12-28,25.847
1998-12-29,25.795
1998-12-30,25.348
1998-12-31,25.979
1999-01-04,27.584
1999-01-05,28.235
1999-01-06,28.86
1999-01-07,27.635
1999-01-08,27.215
1999-01-11,26.706
1999-01-12,26.678
1999-01-13,24.475
1999-01-14,25.546
1999-01-15,24.823
1999-01-25,24.089
1999-01-26,24.402
1999-01-27,25.521
1999-01-28,25.138
1999-01-29,25.682
1999-02-01,26.562
1999-02-02,26.214
1999-02-03,26.713
1999-02-04,27.916
1999-02-05,27.478
1999-02-08,28.147
1999-02-09,29.242
1999-02-10,29.703
1999-02-11,30.354
1999-02-12,30.889
1999-02-15,30.95
1999-02-16,33.554
1999-02-17,36.213
1999-02-18,36.529
1999-02-19,37.182
1999-02-22,36.364
1999-02-23,35.571
1999-02-24,35.991
1999-02-25,37.685
1999-02-26,38.908
1999-03-01,38.932
1999-03-02,38.175
1999-03-03,39.164
1999-03-04,37.877
1999-03-05,38.581
1999-03-08,38.474
1999-03-09,39.623
1999-03-10,38.873
1999-03-11,40.886
1999-03-12,41.241
1999-03-15,40.472
1999-03-16,39.091
1999-03-17,40.678
1999-03-18,41.699
1999-03-19,43.089
1999-03-22,43.163
1999-03-23,43.151
1999-03-24,42.201
1999-03-25,44.156
1999-03-26,45.541
1999-04-05,47.061
1999-04-06,48.967
1999-04-07,49.269
1999-04-08,47.378
1999-04-09,46.07
1999-04-12,43.756
1999-04-13,39.86
1999-04-14,43.816
1999-04-15,43.509
1999-04-16,45.822
1999-04-19,45.626
1999-04-20,50.187
1999-04-21,49.811
1999-04-22,51.542
1999-04-26,53.051
1999-04-27,52.956
1999-04-28,54.837
1999-04-29,54.403
1999-04-30,53.54
1999-05-03,53.938
1999-05-04,54.518
1999-05-05,55.804
1999-05-06,55.907
1999-05-07,56.065
1999-05-10,56.686
1999-05-11,58.111
1999-05-12,54.577
1999-05-13,54.054
1999-05-14,56.562
1999-05-17,55.437
1999-05-18,57.032
1999-05-20,56.534
1999-05-21,54.965
1999-05-24,52.722
1999-05-25,50.862
1999-05-26,50.778
1999-05-27,52.651
1999-05-28,52.474
1999-05-31,50.692
1999-06-01,51.266
1999-06-02,49.641
1999-06-03,49.862
1999-06-04,53.67
1999-06-07,52.986
1999-06-08,52.883
1999-06-09,52.891
1999-06-10,55.603
1999-06-11,55.318
1999-06-14,54.021
1999-06-15,52.411
1999-06-16,50.815
1999-06-17,52.626
1999-06-18,53.216
1999-06-21,52.892
1999-06-22,52.192
1999-06-23,51.296
1999-06-24,50.901
1999-06-25,49.416
1999-06-28,46.81
1999-06-29,46.764
1999-06-30,49.502
1999-07-01,51.6
1999-07-02,48.609
1999-07-05,50.307
1999-07-06,48.198
1999-07-07,47.552
1999-07-08,48.772
1999-07-09,51.288
1999-07-12,56.208
1999-07-13,55.75
1999-07-14,57.827
1999-07-15,57.634
1999-07-16,56.763
1999-07-19,59.248
1999-07-20,59.908
1999-07-21,60.037
1999-07-22,58.653
1999-07-23,57.829
1999-07-26,55.295
1999-07-27,57.595
1999-07-28,56.941
1999-07-29,57.104
1999-07-30,58.055
1999-08-02,56.818
1999-08-03,57.066
1999-08-04,56.873
1999-08-05,55.967
1999-08-06,56.418
1999-08-09,58.072
1999-08-10,57.555
1999-08-11,56.75
1999-08-12,56.276
1999-08-13,56.902
1999-08-16,58.071
1999-08-26,52.041
1999-08-27,52.773
1999-08-31,50.183
1999-09-01,51.378
1999-09-02,52.301
1999-09-03,53.586
1999-09-06,58.239
1999-09-07,57.998
1999-09-08,60.95
1999-09-09,61.182
1999-09-10,61.783
1999-09-13,60.508
1999-09-14,61.428
1999-09-15,61.083
1999-09-16,61.507
1999-09-17,61.658
1999-09-20,62.22
1999-09-21,61.738
1999-09-22,61.213
1999-09-23,62.521
1999-09-24,61.793
1999-09-27,60.928
1999-09-28,60.869
1999-09-29,60.967
1999-09-30,60.711
1999-10-01,59.615
1999-10-04,58.505
1999-10-05,58.222
1999-10-06,59.234
1999-10-07,58.552
1999-10-08,57.948
1999-10-11,56.998
1999-10-12,57.824
1999-10-13,57.015
1999-10-14,57.189
1999-10-15,59.308
1999-10-18,59.98
1999-10-19,59.701
1999-10-20,59.122
1999-10-21,58.399
1999-10-22,61.605
1999-10-25,64.034
1999-10-26,65.456
1999-10-27,65.099
1999-10-28,65.561
1999-11-01,65.347
1999-11-02,65.422
1999-11-03,68.437
1999-11-04,70.431
1999-11-05,71.325
1999-11-08,71.762
1999-11-09,75.935
1999-11-10,79.184
1999-11-11,80.576
1999-11-12,82.986
1999-11-15,83.649
1999-11-16,83.348
1999-11-17,82.449
1999-11-18,83.291
1999-11-19,85.094
1999-11-22,88.798
1999-11-23,86.568
1999-11-24,85.547
1999-11-25,85.258
1999-11-26,79.949
1999-11-29,81.048
1999-11-30,84.595
1999-12-01,87.762
1999-12-02,92.118
1999-12-03,94.082
1999-12-06,98.611
1999-12-07,100.763
1999-12-08,98.496
1999-12-09,103.368
1999-12-10,114.678
1999-12-13,129.112
1999-12-14,120.642
1999-12-15,125.601
1999-12-16,129.795
1999-12-17,132.061
1999-12-20,134.34
1999-12-21,134.8
1999-12-22,135.84
1999-12-23,134.286
1999-12-24,144.038
1999-12-27,157.479
1999-12-28,152.088
2000-01-04,175.122
2000-01-05,169.32
2000-01-06,162.0
2000-01-07,158.374
2000-01-11,163.474
2000-01-12,169.336
2000-01-13,181.382
2000-01-14,191.103
2000-01-17,184.583
2000-01-18,195.773
2000-01-19,184.14
2000-01-20,180.308
2000-01-21,172.58
2000-01-24,176.636
2000-01-25,172.187
2000-01-26,180.144
2000-01-27,180.986
2000-01-28,181.723
2000-01-31,167.15
2000-02-01,163.422
2000-02-02,160.405
2000-02-03,160.969
2000-02-04,168.706
2000-02-07,163.779
2000-02-08,160.503
2000-02-09,154.334
2000-02-10,158.296
2000-02-11,155.982
2000-02-14,152.374
2000-02-15,158.593
2000-02-16,158.337
2000-02-17,153.415
2000-02-18,153.636
2000-02-21,145.69
2000-02-22,139.942
2000-02-23,134.471
2000-02-24,146.521
2000-02-25,156.182
2000-02-28,153.153
2000-02-29,159.459
2000-03-01,171.993
2000-03-02,169.397
2000-03-03,167.835
2000-03-06,165.634
2000-03-07,172.232
2000-03-08,173.442
2000-03-09,183.147
2000-03-10,178.413
2000-03-20,174.439
2000-03-21,175.456
2000-03-22,168.233
2000-03-23,174.391
2000-03-24,176.692
2000-03-27,176.122
2000-03-28,172.772
2000-03-29,169.514
2000-03-30,156.861
2000-03-31,159.201
2000-04-03,157.608
2000-04-04,162.16
2000-04-05,158.634
2000-04-06,169.167
2000-04-07,169.008
2000-04-10,168.553
2000-04-11,165.587
2000-04-12,169.028
2000-04-13,177.463
2000-04-14,183.673
2000-04-17,172.455
2000-04-18,167.089
2000-04-19,168.094
2000-04-20,169.388
2000-04-21,169.859
2000-04-24,170.021
2000-04-25,179.557
2000-04-26,185.82
2000-04-27,184.701
2000-04-28,192.057
2000-05-01,190.594
2000-05-02,194.06
2000-05-03,190.921
2000-05-04,180.279
2000-05-05,180.861
2000-05-08,173.448
2000-05-09,179.74
2000-05-10,177.771
2000-05-11,178.967
2000-05-12,175.575
2000-05-15,170.13
2000-05-16,174.925
2000-05-17,169.253
2000-05-18,164.493
2000-05-22,162.413
2000-05-23,155.839
2000-05-24,158.198
2000-05-25,163.292
2000-05-26,159.223
2000-05-29,158.841
2000-05-30,157.695
2000-05-31,162.064
2000-06-01,167.702
2000-06-02,165.201
2000-06-05,166.291
2000-06-06,167.195
2000-06-07,161.924
2000-06-08,166.63
2000-06-09,164.613
2000-06-12,159.029
2000-06-13,156.137
2000-06-14,151.839
2000-06-15,149.66
2000-06-16,143.514
2000-06-19,145.439
2000-06-20,147.482
2000-06-21,146.593
2000-06-22,148.852
2000-06-23,149.309
2000-06-26,146.329
2000-06-27,146.635
2000-06-28,147.902
2000-06-29,144.05
2000-06-30,144.661
2000-07-03,143.484
2000-07-04,142.009
2000-07-05,146.383
2000-07-06,141.803
2000-07-07,143.439
2000-07-10,148.686
2000-07-11,140.612
2000-07-12,138.577
2000-07-13,133.941
2000-07-14,135.218
2000-07-17,128.018
2000-07-18,127.37
2000-07-19,132.387
2000-07-20,129.234
2000-07-21,136.015
2000-07-24,137.199
2000-07-25,138.756
2000-07-26,136.987
2000-07-27,137.135
2000-07-28,141.302
2000-07-31,138.702
2000-08-01,141.003
2000-08-02,141.045
2000-08-03,140.368
2000-08-04,137.89
2000-08-07,134.647
2000-08-08,132.331
2000-08-09,129.037
2000-08-10,129.451
2000-08-11,133.04
2000-08-14,135.861
2000-08-15,129.901
2000-08-16,129.728
2000-08-17,129.614
2000-08-18,131.969
2000-08-21,127.76
2000-08-22,127.119
2000-08-23,131.858
2000-08-24,131.587
2000-08-25,130.515
2000-08-28,129.607
2000-08-29,133.08
2000-08-31,131.321
2000-09-01,130.702
2000-09-04,131.927
2000-09-05,131.73
2000-09-06,130.396
2000-09-07,122.974
2000-09-08,121.725
2000-09-11,115.628
2000-09-12,116.309
2000-09-13,117.696
2000-09-14,114.989
2000-09-15,114.34
2000-09-18,108.622
2000-09-19,103.784
2000-09-20,111.907
2000-09-21,113.208
2000-09-22,109.07
2000-09-25,115.149
2000-09-26,113.605
2000-09-27,112.946
2000-09-28,112.933
2000-09-29,113.503
2000-10-02,114.115
2000-10-03,115.674
2000-10-04,116.944
2000-10-05,117.45
2000-10-06,124.602
2000-10-09,120.71
2000-10-10,130.094
2000-10-11,128.741
2000-10-12,131.451
2000-10-13,130.154
2000-10-16,139.006
2000-10-17,137.645
2000-10-18,135.22
2000-10-19,135.345
2000-10-20,135.814
2000-10-23,132.054
2000-10-24,136.031
2000-10-25,133.611
2000-10-26,133.543
2000-10-27,132.278
2000-10-30,133.472
2000-10-31,135.384
2000-11-01,140.791
2000-11-02,145.162
2000-11-03,148.03
2000-11-06,143.695
2000-11-07,142.153
2000-11-08,135.813
2000-11-09,137.402
2000-11-10,138.011
2000-11-13,132.694
2000-11-14,132.991
2000-11-15,135.265
2000-11-16,131.831
2000-11-17,128.316
2000-11-20,119.169
2000-11-21,113.14
2000-11-22,115.545
2000-11-23,111.869
2000-11-24,108.085
2000-11-27,105.965
2000-11-28,96.417
2000-11-29,95.125
2000-11-30,87.477
2000-12-01,79.778
2000-12-04,73.296
2000-12-05,87.553
2000-12-06,103.874
2000-12-07,93.642
2000-12-08,97.995
2000-12-11,97.536
2000-12-12,96.269
2000-12-13,90.105
2000-12-14,95.004
2000-12-15,94.227
2000-12-18,91.729
2000-12-19,93.465
2000-12-20,91.855
2000-12-21,92.006
2000-12-22,94.372
2001-01-02,94.671
2001-01-03,91.374
2001-01-04,101.982
2001-01-05,100.073
2001-01-08,105.604
2001-01-09,108.61
2001-01-10,115.4
2001-01-11,112.649
2001-01-12,109.649
2001-01-15,104.256
2001-01-16,105.051
2001-01-17,109.448
2001-01-18,109.279
2001-01-19,114.007
2001-01-22,110.937
2001-01-23,108.83
2001-01-24,108.846
2001-01-25,109.804
2001-01-26,107.428
2001-01-29,106.077
2001-01-30,104.211
2001-01-31,106.851
2001-02-01,106.382
2001-02-02,105.467
2001-02-05,99.526
2001-02-06,101.872
2001-02-07,97.241
2001-02-08,96.589
2001-02-09,95.459
2001-02-12,90.753
2001-02-13,93.851
2001-02-14,99.717
2001-02-15,97.639
2001-02-16,101.695
2001-02-19,86.83
2001-02-20,87.685
2001-02-21,71.806
2001-02-22,78.904
2001-02-23,83.449
2001-02-26,88.803
2001-02-27,86.659
2001-02-28,87.916
2001-03-01,94.067
2001-03-02,95.138
2001-03-12,86.47
2001-03-13,84.845
2001-03-14,81.508
2001-03-15,85.254
2001-03-16,87.634
2001-03-19,85.224
2001-03-20,88.606
2001-03-21,86.292
2001-03-22,84.029
2001-03-23,83.656
2001-03-26,83.313
2001-03-27,79.597
2001-03-28,76.148
2001-03-29,71.597
2001-03-30,80.227
2001-04-02,78.557
2001-04-03,78.061
2001-04-04,81.178
2001-04-05,84.572
2001-04-06,82.368
2001-04-09,83.596
2001-04-10,83.122
2001-04-11,86.578
2001-04-12,90.263
2001-04-13,89.403
2001-04-16,93.79
2001-04-17,90.578
2001-04-18,90.699
2001-04-19,94.486
2001-04-20,96.584
2001-04-24,101.311
2001-04-25,101.13
2001-04-26,108.901
2001-04-27,123.63
2001-04-30,123.674
2001-05-01,120.934
2001-05-02,120.085
2001-05-03,128.298
2001-05-04,125.297
2001-05-07,122.035
2001-05-08,127.28
2001-05-09,122.763
2001-05-10,121.433
2001-05-11,117.793
2001-05-14,118.964
2001-05-15,115.725
2001-05-16,122.987
2001-05-17,123.735
2001-05-18,127.386
2001-05-21,126.072
2001-05-22,126.438
2001-05-23,120.524
2001-05-24,116.166
2001-05-25,119.68
2001-05-28,112.306
2001-05-29,110.61
2001-05-30,106.871
2001-05-31,108.798
2001-06-01,112.71
2001-06-04,117.61
2001-06-05,112.967
2001-06-06,117.331
2001-06-07,120.063
2001-06-08,121.383
2001-06-11,116.36
2001-06-12,114.294
2001-06-13,112.844
2001-06-14,119.713
2001-06-15,118.398
2001-06-18,110.821
2001-06-19,107.944
2001-06-20,108.224
2001-06-21,109.83
2001-06-22,111.198
2001-06-25,108.055
2001-06-26,110.394
2001-06-27,111.642
2001-06-28,110.849
2001-06-29,112.042
2001-07-02,115.136
2001-07-03,111.531
2001-07-04,110.823
2001-07-05,111.758
2001-07-06,101.688
2001-07-09,100.48
2001-07-10,94.695
2001-07-11,87.3
2001-07-12,91.226
2001-07-13,89.408
2001-07-16,90.8
2001-07-17,86.886
2001-07-18,91.059
2001-07-19,97.154
2001-07-20,96.846
2001-07-23,100.349
2001-07-24,101.006
2001-07-25,95.352
2001-07-26,98.572
2001-07-27,97.651
2001-07-30,98.326
2001-07-31,99.146
2001-08-01,102.114
2001-08-02,100.669
2001-08-03,101.016
2001-08-06,98.686
2001-08-07,96.4
2001-08-08,95.777
2001-08-09,93.815
2001-08-10,94.006
2001-08-13,90.757
2001-08-14,89.199
2001-08-15,92.336
2001-08-16,95.379
2001-08-17,97.37
2001-08-20,96.548
2001-08-21,96.549
2001-08-22,96.26
2001-08-23,98.916
2001-08-24,100.497
2001-08-27,102.936
2001-08-28,102.387
2001-08-29,99.902
2001-08-31,98.789
2001-09-03,96.163
2001-09-04,95.986
2001-09-05,96.304
2001-09-06,98.058
2001-09-07,96.281
2001-09-10,95.179
2001-09-11,92.959
2001-09-13,84.658
2001-09-14,79.379
2001-09-17,77.669
2001-09-18,77.035
2001-09-19,78.994
2001-09-20,76.518
2001-09-21,73.064
2001-09-24,75.153
2001-09-25,75.949
2001-09-26,74.774
2001-09-27,74.144
2001-09-28,76.259
2001-10-01,77.294
2001-10-02,78.435
2001-10-03,76.699
2001-10-04,78.051
2001-10-05,75.989
2001-10-08,74.99
2001-10-09,76.376
2001-10-10,80.483
2001-10-11,86.265
2001-10-12,84.315
2001-10-15,85.771
2001-10-16,86.314
2001-10-17,89.606
2001-10-18,88.181
2001-10-19,88.226
2001-10-22,93.053
2001-10-23,96.674
2001-10-24,95.782
2001-10-25,93.429
2001-10-26,99.155
2001-10-30,99.198
2001-10-31,98.488
2001-11-01,96.346
2001-11-02,100.697
2001-11-05,102.919
2001-11-06,104.562
2001-11-07,103.634
2001-11-08,104.573
2001-11-09,100.809
2001-11-12,103.278
2001-11-13,101.658
2001-11-14,106.362
2001-11-15,111.933
2001-11-16,113.709
2001-11-19,122.632
2001-11-20,117.949
2001-11-21,116.172
2001-11-22,118.56
2001-11-23,117.194
2001-11-26,120.628
2001-11-27,117.219
2001-11-28,111.293
2001-11-29,109.61
2001-11-30,116.339
2001-12-03,114.672
2001-12-04,113.084
2001-12-05,119.306
2001-12-06,126.873
2001-12-07,126.628
2001-12-10,126.453
2001-12-11,125.499
2001-12-12,127.191
2001-12-13,126.558
2001-12-14,127.619
2001-12-19,127.889
2001-12-20,126.792
2001-12-21,127.212
2001-12-24,126.863
2001-12-25,128.758
2001-12-26,130.684
2001-12-27,136.09
2001-12-28,137.828
2002-01-02,140.78
2002-01-03,142.727
2002-01-07,149.995
2002-01-08,148.789
2002-01-09,140.428
2002-01-10,138.186
2002-01-11,136.162
2002-01-14,136.386
2002-01-15,133.48
2002-01-16,127.589
2002-01-17,128.936
2002-01-18,130.122
2002-01-21,126.294
2002-01-22,126.392
2002-01-23,129.102
2002-01-24,130.261
2002-01-25,128.711
2002-01-28,127.646
2002-01-29,125.15
2002-01-30,125.39
2002-01-31,132.523
2002-02-01,133.754
2002-02-04,130.747
2002-02-05,125.206
2002-02-06,122.574
2002-02-07,117.021
2002-02-08,112.553
2002-02-11,116.752
2002-02-12,116.163
2002-02-13,118.269
2002-02-14,118.453
2002-02-15,114.786
2002-02-18,112.707
2002-02-19,115.173
2002-02-20,110.919
2002-02-21,111.658
2002-02-26,109.318
2002-02-27,111.868
2002-02-28,110.557
2002-03-01,114.709
2002-03-04,116.653
2002-03-05,114.186
2002-03-06,113.467
2002-03-07,116.212
2002-03-08,117.049
2002-03-11,113.363
2002-03-12,108.421
2002-03-13,105.94
2002-03-14,106.143
2002-03-15,107.719
2002-03-18,106.049
2002-03-19,106.437
2002-03-20,107.763
2002-03-21,114.711
2002-03-22,117.916
2002-03-25,120.165
2002-03-26,116.393
2002-03-27,118.626
2002-03-28,118.087
2002-03-29,116.794
2002-04-01,116.216
2002-04-02,118.272
2002-04-03,112.769
2002-04-04,117.961
2002-04-05,118.635
2002-04-08,114.559
2002-04-09,119.045
2002-04-10,120.309
2002-04-11,122.573
2002-04-12,122.402
2002-04-15,126.059
2002-04-16,122.203
2002-04-17,122.633
2002-04-18,120.101
2002-04-19,119.709
2002-04-22,117.597
2002-04-24,117.751
2002-04-25,118.005
2002-04-26,120.412
2002-04-29,116.573
2002-04-30,114.415
2002-05-01,114.797
2002-05-02,113.219
2002-05-03,114.69
2002-05-06,114.473
2002-05-07,116.554
2002-05-08,121.172
2002-05-09,119.448
2002-05-10,116.389
2002-05-13,116.692
2002-05-14,116.139
2002-05-15,114.022
2002-05-16,112.19
2002-05-17,106.099
2002-05-20,107.617
2002-05-21,108.957
2002-05-22,106.032
2002-05-23,107.742
2002-05-24,108.943
2002-05-27,111.99
2002-05-28,109.347
2002-05-29,108.065
2002-05-30,105.081
2002-05-31,104.137
2002-06-03,103.169
2002-06-04,103.87
2002-06-05,103.834
2002-06-06,104.882
2002-06-07,101.51
2002-06-10,98.665
2002-06-11,97.214
2002-06-12,97.041
2002-06-13,97.744
2002-06-14,94.645
2002-06-17,92.307
2002-06-18,95.752
2002-06-19,93.784
2002-06-20,91.794
2002-06-21,92.205
2002-06-24,89.846
2002-06-25,90.948
2002-06-26,86.274
2002-06-27,90.092
2002-06-28,93.799
2002-07-01,95.65
2002-07-02,91.35
2002-07-03,90.084
2002-07-04,90.6
2002-07-05,93.512
2002-07-08,89.122
2002-07-09,87.479
2002-07-10,89.165
2002-07-11,89.902
2002-07-12,94.994
2002-07-15,93.967
2002-07-16,95.557
2002-07-17,105.237
2002-07-18,105.523
2002-07-19,104.73
2002-07-22,101.165
2002-07-23,101.335
2002-07-24,97.15
2002-07-25,97.538
2002-07-26,100.691
2002-07-29,101.798
2002-07-30,103.442
2002-07-31,102.365
2002-08-01,105.82
2002-08-02,107.816
2002-08-05,106.395
2002-08-06,105.994
2002-08-07,105.227
2002-08-08,105.952
2002-08-09,104.156
2002-08-12,101.886
2002-08-13,102.517
2002-08-14,100.385
2002-08-15,96.748
2002-08-16,99.218
2002-08-19,98.296
2002-08-20,96.626
2002-08-21,96.305
2002-08-22,94.636
2002-08-23,93.498
2002-08-26,93.649
2002-08-27,92.773
2002-08-28,93.946
2002-08-29,95.473
2002-09-02,93.889
2002-09-03,93.07
2002-09-04,94.698
2002-09-05,93.999
2002-09-06,96.533
2002-09-09,94.122
2002-09-10,90.083
2002-09-11,92.685
2002-09-12,92.343
2002-09-13,92.492
2002-09-16,90.933
2002-09-17,92.245
2002-09-18,92.575
2002-09-19,92.638
2002-09-20,93.251
2002-09-23,92.823
2002-09-24,90.72
2002-09-25,91.192
2002-09-26,89.453
2002-09-27,88.781
2002-09-30,88.422
2002-10-01,90.575
2002-10-02,90.012
2002-10-03,88.937
2002-10-04,89.326
2002-10-07,89.125
2002-10-08,88.091
2002-10-09,91.456
2002-10-10,93.201
2002-10-11,93.07
2002-10-14,90.296
2002-10-15,92.91
2002-10-16,91.897
2002-10-17,96.99
2002-10-18,99.039
2002-10-21,99.975
2002-10-22,101.374
2002-10-23,99.436
2002-10-24,103.842
2002-10-25,104.118
2002-10-28,104.378
2002-10-30,101.385
2002-10-31,102.519
2002-11-01,102.171
2002-11-04,108.444
2002-11-05,119.473
2002-11-06,119.734
2002-11-07,134.722
2002-11-08,132.218
2002-11-11,127.737
2002-11-12,120.975
2002-11-13,124.171
2002-11-14,129.711
2002-11-15,135.976
2002-11-18,140.584
2002-11-19,133.879
2002-11-20,132.92
2002-11-21,138.111
2002-11-22,135.014
2002-11-25,130.529
2002-11-26,128.243
2002-11-27,130.369
2002-11-28,129.238
2002-11-29,133.004
2002-12-02,133.642
2002-12-03,132.264
2002-12-04,132.873
2002-12-09,127.038
2002-12-10,130.478
2002-12-11,127.173
2002-12-12,131.468
2002-12-13,130.474
2002-12-16,123.925
2002-12-17,115.11
2002-12-18,115.689
2002-12-19,111.253
2002-12-20,112.865
2002-12-23,107.025
2002-12-24,104.475
2002-12-25,108.835
2002-12-26,103.967
2002-12-27,104.64
2002-12-30,102.881
2002-12-31,103.699
2003-01-02,105.986
2003-01-03,108.375
2003-01-06,103.573
2003-01-07,97.529
2003-01-08,101.612
2003-01-09,102.258
2003-01-10,102.041
2003-01-13,104.127
2003-01-14,101.249
2003-01-15,102.807
2003-01-16,104.679
2003-01-17,103.483
2003-01-20,105.903
2003-01-21,105.704
2003-01-22,105.447
2003-01-23,108.819
2003-01-24,108.259
2003-01-27,109.311
2003-01-28,107.429
2003-01-29,107.257
2003-01-30,109.457
2003-01-31,110.32
2003-02-03,111.22
2003-02-04,106.583
2003-02-05,106.599
2003-02-06,109.218
2003-02-07,110.138
2003-02-17,113.025
2003-02-18,117.755
2003-02-19,116.073
2003-02-20,116.693
2003-02-21,117.54
2003-02-24,113.926
2003-02-25,112.727
2003-02-26,112.919
2003-02-27,114.868
2003-02-28,115.744
2003-03-03,101.289
2003-03-04,106.161
2003-03-05,108.155
2003-03-06,108.418
2003-03-07,109.613
2003-03-10,108.175
2003-03-11,107.447
2003-03-12,106.141
2003-03-13,106.666
2003-03-14,106.043
2003-03-17,94.829
2003-03-18,105.815
2003-03-19,99.382
2003-03-20,96.443
2003-03-21,94.066
2003-03-24,88.927
2003-03-25,91.879
2003-03-26,94.085
2003-03-27,95.723
2003-03-28,96.314
2003-03-31,94.751
2003-04-01,97.738
2003-04-02,98.049
2003-04-03,101.532
2003-04-04,104.15
2003-04-07,107.43
2003-04-08,105.129
2003-04-09,108.862
2003-04-10,106.297
2003-04-11,105.659
2003-04-14,111.034
2003-04-15,111.69
2003-04-16,113.66
2003-04-17,112.192
2003-04-18,112.54
2003-04-21,115.047
2003-04-22,114.052
2003-04-24,111.196
2003-04-25,113.414
2003-04-28,113.111
2003-04-29,114.362
2003-04-30,115.1
2003-05-01,114.676
2003-05-02,113.007
2003-05-05,111.121
2003-05-06,109.629
2003-05-07,106.763
2003-05-08,107.839
2003-05-09,106.404
2003-05-12,107.129
2003-05-13,105.907
2003-05-14,103.933
2003-05-15,102.294
2003-05-16,103.063
2003-05-20,104.27
2003-05-21,105.409
2003-05-22,106.952
2003-05-23,110.563
2003-05-26,111.253
2003-05-27,110.889
2003-05-28,114.374
2003-05-29,114.071
2003-05-30,113.814
2003-06-02,115.793
2003-06-03,113.465
2003-06-04,110.847
2003-06-05,111.297
2003-06-06,109.734
2003-06-09,108.278
2003-06-10,106.447
2003-06-11,105.973
2003-06-12,104.892
2003-06-13,107.139
2003-06-16,110.367
2003-06-17,111.692
2003-06-18,111.075
2003-06-19,109.025
2003-06-20,107.839
2003-06-23,107.475
2003-06-24,107.568
2003-06-25,107.402
2003-06-26,109.278
2003-06-27,109.812
2003-06-30,108.844
2003-07-01,107.498
2003-07-02,106.909
2003-07-03,107.266
2003-07-04,105.029
2003-07-07,103.518
2003-07-08,105.469
2003-07-09,103.649
2003-07-10,103.997
2003-07-11,104.549
2003-07-14,106.588
2003-07-15,109.186
2003-07-16,107.914
2003-07-17,107.515
2003-07-18,108.569
2003-07-21,108.273
2003-07-22,105.445
2003-07-23,104.638
2003-07-24,104.752
2003-07-25,105.613
2003-07-28,105.983
2003-07-29,104.783
2003-07-30,104.45
2003-07-31,105.72
2003-08-01,106.212
2003-08-04,111.121
2003-08-05,114.999
2003-08-06,113.111
2003-08-07,115.474
2003-08-08,115.585
2003-08-11,117.623
2003-08-12,118.601
2003-08-13,119.161
2003-08-14,117.949
2003-08-15,118.775
2003-08-18,116.612
2003-08-19,116.889
2003-08-20,115.57
2003-08-21,118.459
2003-08-22,120.011
2003-08-25,117.98
2003-08-26,117.352
2003-08-27,116.234
2003-08-28,115.09
2003-08-29,116.118
2003-09-01,116.528
2003-09-02,116.371
2003-09-03,116.718
2003-09-04,116.365
2003-09-05,116.318
2003-09-08,115.813
2003-09-09,119.467
2003-09-10,123.177
2003-09-11,125.07
2003-09-12,127.152
2003-09-15,126.625
2003-09-16,130.05
2003-09-17,129.582
2003-09-18,134.193
2003-09-19,136.635
2003-09-22,138.45
2003-09-23,140.311
2003-09-24,137.983
2003-09-25,139.357
2003-09-26,137.588
2003-09-29,132.559
2003-09-30,130.559
2003-10-01,134.44
2003-10-02,138.805
2003-10-03,142.102
2003-10-06,157.197
2003-10-07,154.827
2003-10-08,151.478
2003-10-09,149.07
2003-10-10,154.206
2003-10-13,150.648
2003-10-14,150.23
2003-10-15,153.822
2003-10-16,155.968
2003-10-17,153.819
2003-10-20,153.587
2003-10-21,155.953
2003-10-22,153.004
2003-10-23,148.295
2003-10-24,148.663
2003-10-27,145.648
2003-10-28,146.734
2003-10-30,153.797
2003-10-31,157.543
2003-11-03,163.412
2003-11-04,162.683
2003-11-05,164.083
2003-11-06,155.368
2003-11-07,157.081
2003-11-10,155.286
2003-11-11,152.241
2003-11-12,157.714
2003-11-13,160.566
2003-11-14,160.807
2003-11-17,156.871
2003-11-18,157.605
2003-11-19,157.802
2003-11-20,146.175
2003-12-01,160.076
2003-12-02,162.42
2003-12-03,163.896
2003-12-04,162.719
2003-12-05,165.048
2003-12-08,169.133
2003-12-09,168.61
2003-12-10,166.147
2003-12-11,165.516
2003-12-12,169.552
2003-12-15,174.1
2003-12-16,172.085
2003-12-17,172.308
2003-12-18,177.424
2003-12-19,182.061
2003-12-22,183.876
2003-12-23,182.42
2003-12-24,182.399
2003-12-25,176.437
2003-12-26,179.968
2003-12-29,179.739
2003-12-30,182.929
2003-12-31,186.25
2004-01-02,191.477
2004-01-05,196.966
2004-01-06,190.138
2004-01-07,193.828
2004-01-08,194.049
2004-01-09,199.265
2004-01-12,195.588
2004-01-13,194.603
2004-01-14,188.186
2004-01-15,189.522
2004-01-16,183.012
2004-01-19,177.886
2004-01-20,188.328
2004-01-21,188.999
2004-01-22,185.181
2004-01-26,183.565
2004-01-27,178.995
2004-01-28,179.02
2004-01-29,172.823
2004-01-30,172.593
2004-02-05,170.338
2004-02-06,169.658
2004-02-09,176.41
2004-02-10,174.185
2004-02-11,180.003
2004-02-12,188.859
2004-02-13,190.005
2004-02-16,193.245
2004-02-17,190.101
2004-02-18,194.787
2004-02-19,186.06
2004-02-20,186.038
2004-02-23,182.84
2004-02-24,184.977
2004-02-25,187.071
2004-02-26,187.716
2004-02-27,188.892
2004-03-01,187.864
2004-03-02,193.566
2004-03-03,191.719
2004-03-04,190.155
2004-03-05,191.657
2004-03-08,194.954
2004-03-09,194.885
2004-03-10,197.988
2004-03-11,193.814
2004-03-12,193.644
2004-03-15,195.265
2004-03-16,193.216
2004-03-17,192.945
2004-03-18,196.111
2004-03-19,200.238
2004-03-22,201.672
2004-03-23,201.858
2004-03-24,203.478
2004-03-25,204.726
2004-03-26,208.361
2004-03-29,208.87
2004-03-30,200.307
2004-03-31,201.908
2004-04-01,203.222
2004-04-02,204.85
2004-04-05,203.309
2004-04-06,202.729
2004-04-07,200.401
2004-04-08,194.198
2004-04-09,195.052
2004-04-12,192.595
2004-04-13,191.044
2004-04-14,186.782
2004-04-15,186.875
2004-04-16,192.695
2004-04-19,199.357
2004-04-20,195.281
2004-04-21,192.704
2004-04-22,194.315
2004-04-26,185.865
2004-04-27,182.171
2004-04-28,182.297
2004-04-29,177.379
2004-04-30,180.227
2004-05-03,176.783
2004-05-04,182.447
2004-05-05,182.724
2004-05-06,176.241
2004-05-07,170.02
2004-05-10,168.077
2004-05-11,171.025
2004-05-12,171.447
2004-05-13,166.459
2004-05-14,165.313
2004-05-17,159.224
2004-05-18,161.243
2004-05-20,163.342
2004-05-21,166.288
2004-05-24,171.674
2004-05-25,167.911
2004-05-26,172.355
2004-05-27,171.64
2004-05-28,173.279
2004-05-31,170.811
2004-06-01,167.668
2004-06-02,168.675
2004-06-03,170.444
2004-06-04,177.082
2004-06-07,180.203
2004-06-08,176.041
2004-06-09,176.156
2004-06-10,177.864
2004-06-11,176.645
2004-06-14,170.798
2004-06-15,172.305
2004-06-16,170.99
2004-06-17,169.014
2004-06-18,169.641
2004-06-21,167.854
2004-06-22,167.528
2004-06-23,168.2
2004-06-24,168.886
2004-06-25,173.552
2004-06-28,177.104
2004-06-29,177.355
2004-06-30,179.676
2004-07-01,182.903
2004-07-02,184.164
2004-07-05,185.548
2004-07-06,182.376
2004-07-07,182.967
2004-07-08,180.769
2004-07-09,183.271
2004-07-12,183.684
2004-07-13,184.93
2004-07-14,186.352
2004-07-15,189.662
2004-07-16,191.573
2004-07-19,189.45
2004-07-20,188.813
2004-07-21,187.798
2004-07-22,186.287
2004-07-23,189.043
2004-07-26,186.454
2004-07-27,187.746
2004-07-28,190.186
2004-07-29,191.114
2004-07-30,193.809
2004-08-02,196.981
2004-08-03,194.274
2004-08-04,190.485
2004-08-05,193.443
2004-08-06,191.876
2004-08-09,192.481
2004-08-10,193.926
2004-08-11,189.086
2004-08-12,187.755
2004-08-13,188.26
2004-08-16,188.322
2004-08-17,194.597
2004-08-18,192.681
2004-08-19,191.878
2004-08-20,192.863
2004-08-23,193.637
2004-08-24,196.636
2004-08-25,195.58
2004-08-26,195.723
2004-08-27,198.553
2004-08-31,202.184
2004-09-01,205.122
2004-09-02,205.259
2004-09-03,207.75
2004-09-06,208.516
2004-09-07,211.192
2004-09-08,214.683
2004-09-09,213.98
2004-09-10,210.041
2004-09-13,210.602
2004-09-14,217.053
2004-09-15,216.165
2004-09-16,217.048
2004-09-17,208.332
2004-09-20,203.734
2004-09-21,211.929
2004-09-22,214.914
2004-09-23,222.767
2004-09-24,223.074
2004-09-27,220.83
2004-09-28,222.938
2004-09-29,222.199
2004-09-30,219.535
2004-10-01,217.225
2004-10-04,219.877
2004-10-05,216.125
2004-10-06,222.871
2004-10-07,224.322
2004-10-08,229.514
2004-10-11,227.873
2004-10-12,222.899
2004-10-13,226.3
2004-10-14,223.189
2004-10-15,224.771
2004-10-18,223.343
2004-10-19,225.509
2004-10-20,222.208
2004-10-21,222.015
2004-10-22,222.44
2004-10-25,219.078
2004-10-26,221.425
2004-10-27,225.658
2004-10-28,228.999
2004-11-01,228.579
2004-11-02,232.156
2004-11-03,234.378
2004-11-04,230.065
2004-11-05,232.156
2004-11-08,226.16
2004-11-09,225.443
2004-11-10,226.18
2004-11-11,221.869
2004-11-12,221.047
2004-11-17,225.664
2004-11-18,231.326
2004-11-19,231.767
2004-11-22,229.314
2004-11-23,234.724
2004-11-24,235.163
2004-11-25,234.645
2004-11-26,232.932
2004-11-29,227.992
2004-11-30,224.862
2004-12-01,225.609
2004-12-02,231.501
2004-12-03,230.081
2004-12-06,230.495
2004-12-07,230.756
2004-12-08,226.254
2004-12-09,226.799
2004-12-10,229.437
2004-12-13,236.348
2004-12-14,234.179
2004-12-15,232.897
2004-12-16,239.352
2004-12-17,243.606
2004-12-20,243.414
2004-12-21,240.446
2004-12-22,245.253
2004-12-23,244.308
2004-12-24,245.377
2004-12-27,245.908
2004-12-28,249.358
2004-12-29,249.717
2005-01-03,254.452
2005-01-04,250.42
2005-01-05,244.229
2005-01-06,245.619
2005-01-07,253.083
2005-01-10,256.047
2005-01-11,261.102
2005-01-12,262.713
2005-01-13,264.93
2005-01-14,263.627
2005-01-17,268.632
2005-01-18,268.131
2005-01-19,269.181
2005-01-24,264.694
2005-01-25,268.6
2005-01-26,270.56
2005-01-27,273.027
2005-01-28,270.741
2005-01-31,273.304
2005-02-01,278.498
2005-02-02,279.365
2005-02-03,275.548
2005-02-04,278.132
2005-02-07,282.017
2005-02-08,282.697
2005-02-09,275.281
2005-02-10,273.088
2005-02-11,277.363
2005-02-14,280.036
2005-02-15,281.641
2005-02-16,276.616
2005-02-17,270.004
2005-02-18,272.932
2005-02-21,268.643
2005-02-22,266.574
2005-02-23,269.213
2005-02-24,273.546
2005-02-25,280.315
2005-02-28,283.962
2005-03-01,277.685
2005-03-02,272.264
2005-03-03,275.589
2005-03-04,276.632
2005-03-07,277.899
2005-03-08,276.983
2005-03-09,277.464
2005-03-10,275.198
2005-03-11,275.728
2005-03-14,269.368
2005-03-15,265.472
2005-03-16,253.317
2005-03-17,244.76
2005-03-18,253.485
2005-03-21,246.367
2005-03-22,252.182
2005-03-23,244.393
2005-03-24,250.685
2005-03-25,255.026
2005-03-28,248.422
2005-03-29,244.797
2005-03-30,246.009
2005-03-31,255.578
2005-04-01,257.408
2005-04-04,254.451
2005-04-05,256.825
2005-04-06,260.566
2005-04-07,258.312
2005-04-08,257.865
2005-04-11,253.703
2005-04-12,250.78
2005-04-13,252.932
2005-04-14,245.42
2005-04-15,238.533
2005-04-18,232.859
2005-04-19,241.439
2005-04-20,241.759
2005-04-21,244.194
2005-04-22,247.308
2005-04-25,247.981
2005-04-26,244.84
2005-04-27,240.701
2005-04-28,235.196
2005-04-29,235.916
2005-05-02,242.53
2005-05-03,241.379
2005-05-04,245.602
2005-05-05,250.999
2005-05-06,249.508
2005-05-09,247.022
2005-05-10,246.883
2005-05-11,246.629
2005-05-12,251.144
2005-05-13,253.257
2005-05-16,249.213
2005-05-17,248.461
2005-05-18,252.055
2005-05-20,254.649
2005-05-23,243.291
2005-05-24,241.409
2005-05-25,241.198
2005-05-26,240.541
2005-05-27,244.531
2005-05-30,249.778
2005-05-31,252.365
2005-06-01,252.308
2005-06-02,257.991
2005-06-03,260.516
2005-06-06,255.331
2005-06-07,254.78
2005-06-08,257.798
2005-06-09,255.0
2005-06-10,257.252
2005-06-13,256.1
2005-06-14,259.299
2005-06-15,262.094
2005-06-16,265.797
2005-06-17,265.293
2005-06-20,267.092
2005-06-21,267.464
2005-06-22,267.793
2005-06-23,270.215
2005-06-24,270.334
2005-06-27,265.978
2005-06-28,268.114
2005-06-29,271.359
2005-06-30,269.573
2005-07-01,276.169
2005-07-04,277.023
2005-07-05,273.776
2005-07-06,277.814
2005-07-07,276.895
2005-07-08,278.424
2005-07-11,278.081
2005-07-12,276.892
2005-07-13,280.619
2005-07-14,285.009
2005-07-15,284.273
2005-07-18,284.027
2005-07-19,286.754
2005-07-20,287.135
2005-07-21,289.921
2005-07-22,291.881
2005-07-25,292.733
2005-07-26,287.307
2005-07-27,291.648
2005-07-28,293.43
2005-07-29,296.153
2005-08-01,297.767
2005-08-02,295.435
2005-08-03,297.271
2005-08-04,301.236
2005-08-05,299.454
2005-08-08,299.248
2005-08-09,297.01
2005-08-10,296.832
2005-08-11,291.118
2005-08-12,281.759
2005-08-15,280.749
2005-08-16,282.577
2005-08-17,279.063
2005-08-18,280.0
2005-08-19,284.569
2005-08-22,289.514
2005-08-23,291.916
2005-08-24,293.722
2005-08-25,298.142
2005-08-26,300.204
2005-08-29,300.151
2005-08-31,309.08
2005-09-01,319.48
2005-09-02,317.016
2005-09-05,318.795
2005-09-06,318.325
2005-09-07,313.85
2005-09-08,314.854
2005-09-09,322.027
2005-09-12,327.111
2005-09-13,325.411
2005-09-14,326.324
2005-09-15,332.711
2005-09-16,332.943
2005-09-19,332.212
2005-09-20,337.193
2005-09-21,338.638
2005-09-22,334.656
2005-09-23,332.505
2005-09-26,335.16
2005-09-27,333.192
2005-09-28,327.45
2005-09-29,333.962
2005-09-30,333.332
2005-10-03,343.009
2005-10-04,356.248
2005-10-05,347.757
2005-10-06,335.104
2005-10-07,334.136
2005-10-10,335.06
2005-10-11,340.402
2005-10-12,331.184
2005-10-13,320.543
2005-10-14,314.4
2005-10-17,318.507
2005-10-18,315.868
2005-10-19,307.667
2005-10-20,314.039
2005-10-21,314.286
2005-10-24,318.457
2005-10-25,316.7
2005-10-26,314.744
2005-10-27,312.733
2005-10-28,310.385
2005-10-31,319.64
2005-11-01,327.92
2005-11-02,331.521
2005-11-07,338.301
2005-11-08,337.494
2005-11-09,338.483
2005-11-10,347.097
2005-11-11,340.963
2005-11-14,341.715
2005-11-15,343.24
2005-11-16,348.666
2005-11-17,351.273
2005-11-18,353.143
2005-11-21,356.55
2005-11-22,352.541
2005-11-23,361.793
2005-11-24,369.078
2005-11-25,367.599
2005-11-28,366.215
2005-11-29,374.952
2005-11-30,380.887
2005-12-01,382.969
2005-12-02,385.737
2005-12-05,391.307
2005-12-06,389.178
2005-12-07,384.416
2005-12-08,385.878
2005-12-09,374.962
2005-12-12,382.022
2005-12-13,377.417
2005-12-14,378.706
2005-12-15,376.316
2005-12-16,377.167
2005-12-19,379.601
2005-12-20,377.294
2005-12-21,382.102
2005-12-22,383.531
2005-12-23,389.195
2005-12-26,391.391
2005-12-27,390.159
2005-12-28,392.202
2005-12-29,398.373
2005-12-30,397.777
2006-01-02,397.907
2006-01-03,406.654
2006-01-04,413.625
2006-01-05,417.224
2006-01-06,419.054
2006-01-16,436.288
2006-01-17,440.769
2006-01-18,426.229
2006-01-19,436.452
2006-01-20,444.657
2006-01-23,438.514
2006-01-24,444.345
2006-01-25,457.462
2006-01-26,457.841
2006-01-27,453.152
2006-01-30,448.913
2006-01-31,445.902
2006-02-01,452.507
2006-02-02,448.41
2006-02-03,442.28
2006-02-06,448.556
2006-02-07,446.53
2006-02-08,438.427
2006-02-09,441.175
2006-02-10,447.729
2006-02-13,440.463
2006-02-14,435.075
2006-02-15,438.04
2006-02-16,453.613
2006-02-17,462.443
2006-02-20,466.89
2006-02-21,467.109
2006-02-22,462.654
2006-02-23,465.536
2006-02-24,468.381
2006-02-27,477.285
2006-02-28,470.159
2006-03-01,474.93
2006-03-02,468.908
2006-03-03,463.662
2006-03-06,459.971
2006-03-07,438.898
2006-03-08,423.404
2006-03-09,428.634
2006-03-10,425.219
2006-03-13,443.46
2006-03-14,429.067
2006-03-15,432.367
2006-03-16,440.513
2006-03-17,446.881
2006-03-20,444.263
2006-03-21,443.994
2006-03-22,443.288
2006-03-23,445.312
2006-03-24,432.739
2006-03-27,427.105
2006-03-28,417.421
2006-03-29,425.07
2006-03-30,429.417
2006-03-31,429.113
2006-04-03,440.284
2006-04-04,440.709
2006-04-05,440.886
2006-04-06,437.106
2006-04-07,442.842
2006-04-10,430.993
2006-04-11,428.903
2006-04-12,425.05
2006-04-13,419.193
2006-04-14,422.12
2006-04-17,418.607
2006-04-18,428.649
2006-04-19,437.325
2006-04-20,438.728
2006-04-21,450.759
2006-04-24,452.784
2006-04-25,453.525
2006-04-26,447.455
2006-04-27,437.52
2006-04-28,438.804
2006-05-01,440.304
2006-05-02,444.136
2006-05-03,446.478
2006-05-04,442.514
2006-05-05,442.128
2006-05-08,447.129
2006-05-09,445.633
2006-05-10,435.99
2006-05-11,437.132
2006-05-12,419.708
2006-05-15,402.687
2006-05-16,410.441
2006-05-17,404.392
2006-05-18,396.437
2006-05-22,363.511
2006-05-23,372.355
2006-05-24,361.007
2006-05-25,367.302
2006-05-26,385.935
2006-05-29,389.086
2006-05-30,378.608
2006-05-31,381.322
2006-06-01,383.952
2006-06-02,392.858
2006-06-05,379.64
2006-06-06,374.644
2006-06-07,367.096
2006-06-08,353.387
2006-06-09,348.026
2006-06-12,343.303
2006-06-13,323.844
2006-06-14,328.997
2006-06-15,336.274
2006-06-16,340.48
2006-06-19,348.077
2006-06-20,346.014
2006-06-21,337.62
2006-06-22,342.29
2006-06-23,331.323
2006-06-26,319.506
2006-06-27,324.704
2006-06-28,332.071
2006-06-29,340.311
2006-06-30,354.533
2006-07-03,354.565
2006-07-04,364.812
2006-07-05,353.85
2006-07-06,356.987
2006-07-07,362.022
2006-07-10,361.484
2006-07-11,359.558
2006-07-12,358.155
2006-07-13,350.105
2006-07-14,338.317
2006-07-17,327.029
2006-07-18,336.18
2006-07-19,335.544
2006-07-20,353.11
2006-07-21,349.888
2006-07-24,349.59
2006-07-25,352.644
2006-07-26,359.845
2006-07-27,367.473
2006-07-28,361.019
2006-07-31,360.679
2006-08-01,357.428
2006-08-02,357.216
2006-08-03,352.629
2006-08-04,361.596
2006-08-07,359.675
2006-08-08,365.358
2006-08-09,375.633
2006-08-10,373.893
2006-08-11,374.181
2006-08-14,376.311
2006-08-15,378.065
2006-08-16,384.334
2006-08-17,378.853
2006-08-18,373.848
2006-08-21,371.649
2006-08-22,371.308
2006-08-23,371.218
2006-08-24,366.514
2006-08-25,368.617
2006-08-28,366.867
2006-08-29,368.972
2006-08-31,372.859
2006-09-01,374.149
2006-09-04,381.391
2006-09-05,381.8
2006-09-06,376.897
2006-09-07,374.57
2006-09-08,373.72
2006-09-11,371.726
2006-09-12,376.245
2006-09-13,377.746
2006-09-14,374.787
2006-09-15,381.439
2006-09-18,382.459
2006-09-19,383.451
2006-09-20,382.75
2006-09-21,377.908
2006-09-22,363.9
2006-09-25,360.842
2006-09-26,364.324
2006-09-27,368.187
2006-09-28,372.682
2006-09-29,369.249
2006-10-02,369.839
2006-10-03,368.304
2006-10-04,363.897
2006-10-05,369.174
2006-10-06,367.376
2006-10-09,368.859
2006-10-10,374.492
2006-10-11,376.604
2006-10-12,383.169
2006-10-13,384.861
2006-10-16,389.98
2006-10-17,384.568
2006-10-18,397.438
2006-10-19,398.239
2006-10-20,396.438
2006-10-26,405.911
2006-10-27,406.833
2006-10-30,400.814
2006-10-31,405.823
2006-11-01,406.017
2006-11-02,395.041
2006-11-03,393.071
2006-11-06,396.759
2006-11-07,401.637
2006-11-08,397.367
2006-11-09,398.909
2006-11-10,396.272
2006-11-13,390.303
2006-11-14,396.551
2006-11-15,396.541
2006-11-16,392.681
2006-11-17,384.328
2006-11-20,383.466
2006-11-21,385.011
2006-11-22,377.336
2006-11-23,380.771
2006-11-24,375.821
2006-11-27,382.386
2006-11-28,371.838
2006-11-29,380.669
2006-11-30,381.685
2006-12-01,381.965
2006-12-04,376.547
2006-12-05,381.63
2006-12-06,381.848
2006-12-07,398.578
2006-12-08,393.205
2006-12-11,394.619
2006-12-12,392.13
2006-12-13,388.749
2006-12-14,395.954
2006-12-15,402.048
2006-12-18,398.325
2006-12-19,390.711
2006-12-20,389.967
2006-12-21,390.83
2006-12-22,391.802
2006-12-25,387.054
2006-12-26,387.666
2006-12-27,386.106
2006-12-28,391.382
2006-12-29,391.175
2007-01-05,384.352
2007-01-08,378.321
2007-01-09,370.831
2007-01-10,366.299
2007-01-11,376.404
2007-01-12,381.382
2007-01-15,390.43
2007-01-16,388.885
2007-01-17,392.181
2007-01-18,402.563
2007-01-19,402.011
2007-01-22,412.47
2007-01-23,412.501
2007-01-24,420.355
2007-01-25,421.227
2007-01-26,418.464
2007-01-29,413.974
2007-01-31,411.826
2007-02-01,423.02
2007-02-02,431.125
2007-02-05,427.005
2007-02-06,425.014
2007-02-07,420.99
2007-02-08,416.452
2007-02-09,421.855
2007-02-12,420.259
2007-02-13,425.516
2007-02-14,432.563
2007-02-15,438.137
2007-02-16,436.362
2007-02-19,442.529
2007-02-20,440.615
2007-02-21,428.886
2007-02-22,438.291
2007-02-23,435.917
2007-02-26,437.368
2007-02-27,417.74
2007-02-28,414.31
2007-03-01,395.882
2007-03-02,405.503
2007-03-05,397.294
2007-03-06,402.308
2007-03-07,404.065
2007-03-08,414.069
2007-03-09,420.563
2007-03-12,419.783
2007-03-13,416.66
2007-03-14,405.019
2007-03-15,411.952
2007-03-16,418.198
2007-03-19,419.222
2007-03-20,418.177
2007-03-21,424.194
2007-03-22,432.398
2007-03-23,434.087
2007-03-26,432.636
2007-03-27,430.971
2007-03-28,430.795
2007-03-29,436.662
2007-03-30,436.611
2007-04-02,435.422
2007-04-03,443.093
2007-04-04,446.607
2007-04-05,457.141
2007-04-06,458.452
2007-04-09,458.892
2007-04-10,453.398
2007-04-11,461.058
2007-04-12,455.661
2007-04-13,460.442
2007-04-16,466.971
2007-04-17,466.215
2007-04-18,456.34
2007-04-19,463.081
2007-04-20,473.558
2007-04-24,470.149
2007-04-25,480.327
2007-04-26,478.261
2007-04-27,468.613
2007-04-30,449.845
2007-05-02,442.561
2007-05-03,450.777
2007-05-04,448.181
2007-05-07,446.811
2007-05-08,447.073
2007-05-09,451.027
2007-05-10,450.556
2007-05-11,448.208
2007-05-14,451.422
2007-05-15,448.977
2007-05-16,455.397
2007-05-17,458.6
2007-05-18,460.733
2007-05-21,462.091
2007-05-22,463.692
2007-05-23,464.247
2007-05-24,462.371
2007-05-25,461.943
2007-05-28,469.278
2007-05-29,470.03
2007-05-30,462.747
2007-05-31,470.815
2007-06-01,464.901
2007-06-04,461.111
2007-06-05,464.516
2007-06-06,458.61
2007-06-07,448.439
2007-06-08,443.324
2007-06-11,448.937
2007-06-12,443.72
2007-06-13,446.295
2007-06-14,446.755
2007-06-15,459.718
2007-06-18,463.676
2007-06-19,462.318
2007-06-20,462.512
2007-06-21,459.524
2007-06-22,457.051
2007-06-25,454.171
2007-06-26,460.101
2007-06-27,451.618
2007-06-28,461.814
2007-06-29,470.937
2007-07-02,477.305
2007-07-03,486.803
2007-07-04,494.763
2007-07-05,498.501
2007-07-06,498.953
2007-07-09,512.819
2007-07-10,505.576
2007-07-11,500.555
2007-07-12,520.058
2007-07-13,520.867
2007-07-16,517.744
2007-07-17,516.438
2007-07-18,511.12
2007-07-19,533.253
2007-07-20,529.358
2007-07-23,556.254
2007-07-24,549.307
2007-07-25,548.319
2007-07-26,525.124
2007-07-27,515.619
2007-07-30,514.592
2007-07-31,528.249
2007-08-01,512.993
2007-08-02,513.936
2007-08-03,507.164
2007-08-06,504.299
2007-08-07,507.082
2007-08-08,520.706
2007-08-09,499.748
2007-08-10,491.864
2007-08-13,502.725
2007-08-14,498.809
2007-08-15,477.141
2007-08-16,444.733
2007-08-17,465.769
2007-08-20,461.488
2007-08-21,452.65
2007-08-22,468.82
2007-08-23,473.886
2007-08-24,468.24
2007-08-27,479.144
2007-08-28,477.507
2007-08-29,480.822
2007-08-31,501.986
2007-09-03,499.369
2007-09-04,500.326
2007-09-05,494.214
2007-09-06,496.014
2007-09-07,490.504
2007-09-10,485.489
2007-09-11,492.962
2007-09-12,492.331
2007-09-13,496.805
2007-09-14,506.209
2007-09-17,505.365
2007-09-18,505.009
2007-09-19,538.841
2007-09-20,535.431
2007-09-21,538.821
2007-09-24,535.807
2007-09-25,528.932
2007-09-26,542.458
2007-09-27,543.902
2007-09-28,540.442
2007-10-01,541.98
2007-10-02,547.333
2007-10-03,541.649
2007-10-04,549.159
2007-10-05,567.93
2007-10-08,562.791
2007-10-09,579.106
2007-10-10,574.18
2007-10-11,580.534
2007-10-17,579.319
2007-10-18,562.682
2007-10-19,562.095
2007-10-22,539.698
2007-10-23,557.522
2007-10-24,556.389
2007-10-25,557.286
2007-10-26,564.466
2007-10-30,567.743
2007-10-31,576.157
2007-11-01,573.713
2007-11-02,568.551
2007-11-05,560.643
2007-11-06,569.06
2007-11-07,560.764
2007-11-08,551.608
2007-11-09,536.891
2007-11-12,540.84
2007-11-13,547.19
2007-11-14,556.649
2007-11-15,547.43
2007-11-16,543.045
2007-11-19,532.629
2007-11-20,535.778
2007-11-21,526.156
2007-11-22,521.993
2007-11-23,523.313
2007-11-26,526.825
2007-11-27,514.523
2007-11-28,532.028
2007-11-29,531.812
2007-11-30,542.138
2007-12-03,543.2
2007-12-04,540.133
2007-12-05,555.212
2007-12-06,561.869
2007-12-07,564.906
2007-12-10,565.186
2007-12-11,562.713
2007-12-12,567.662
2007-12-13,552.39
2007-12-14,549.117
2007-12-17,536.034
2007-12-18,542.236
2007-12-19,538.474
2007-12-24,555.105
2007-12-25,553.807
2007-12-26,553.732
2007-12-27,552.33
2007-12-28,556.984
2007-12-31,555.381
2008-01-02,547.084
2008-01-03,535.413
2008-01-04,525.299
2008-01-07,525.695
2008-01-08,532.359
2008-01-09,527.307
2008-01-10,523.51
2008-01-11,519.206
2008-01-14,514.809
2008-01-15,503.773
2008-01-16,490.938
2008-01-17,489.028
2008-01-18,486.575
2008-01-21,455.441
2008-01-22,445.937
2008-01-23,425.395
2008-01-24,450.107
2008-01-25,454.972
2008-01-28,437.067
2008-01-29,445.727
2008-01-30,443.044
2008-01-31,426.976
2008-02-01,444.521
2008-02-04,457.199
2008-02-05,443.508
2008-02-06,433.175
2008-02-07,418.664
2008-02-08,419.579
2008-02-11,413.428
2008-02-12,435.399
2008-02-13,447.525
2008-02-14,454.937
2008-02-15,443.053
2008-02-18,457.417
2008-02-19,462.493
2008-02-20,458.767
2008-02-21,464.466
2008-02-22,455.925
2008-02-25,448.95
2008-02-26,455.245
2008-02-27,462.603
2008-02-28,458.233
2008-02-29,447.769
2008-03-03,433.436
2008-03-04,429.23
2008-03-05,434.68
2008-03-06,425.239
2008-03-07,415.372
2008-03-10,415.349
2008-03-11,433.18
2008-03-12,442.482
2008-03-13,424.219
2008-03-14,425.859
2008-03-17,394.094
2008-03-18,407.203
2008-03-19,409.07
2008-03-20,398.478
2008-03-21,397.191
2008-03-24,411.436
2008-03-25,409.924
2008-03-26,406.585
2008-03-27,406.349
2008-03-28,395.012
2008-03-31,390.154
2008-04-01,406.742
2008-04-02,409.852
2008-04-03,401.601
2008-04-04,413.627
2008-04-07,422.772
2008-04-08,421.702
2008-04-09,429.005
2008-04-10,420.965
2008-04-11,419.801
2008-04-14,417.473
2008-04-15,415.841
2008-04-16,415.56
2008-04-17,416.018
2008-04-18,426.411
2008-04-21,430.652
2008-04-22,428.277
2008-04-24,431.903
2008-04-25,435.938
2008-04-28,436.14
2008-04-29,430.545
2008-04-30,434.681
2008-05-01,426.644
2008-05-02,434.259
2008-05-05,434.579
2008-05-06,428.962
2008-05-07,432.725
2008-05-08,423.104
2008-05-09,420.347
2008-05-12,416.385
2008-05-13,418.311
2008-05-14,425.227
2008-05-15,426.242
2008-05-16,424.988
2008-05-20,412.965
2008-05-21,410.113
2008-05-22,407.525
2008-05-23,399.61
2008-05-26,394.394
2008-05-27,401.893
2008-05-28,393.849
2008-05-29,390.865
2008-05-30,399.696
2008-06-02,401.212
2008-06-03,404.517
2008-06-04,398.321
2008-06-05,404.64
2008-06-06,396.455
2008-06-09,390.617
2008-06-10,386.551
2008-06-11,382.384
2008-06-12,385.936
2008-06-13,382.957
2008-06-16,384.656
2008-06-17,387.241
2008-06-18,381.368
2008-06-19,380.07
2008-06-20,379.129
2008-06-23,375.837
2008-06-24,372.759
2008-06-25,375.726
2008-06-26,365.79
2008-06-27,358.294
2008-06-30,350.895
2008-07-01,332.082
2008-07-02,335.664
2008-07-03,339.198
2008-07-04,343.004
2008-07-07,350.1
2008-07-08,348.947
2008-07-09,356.033
2008-07-10,355.746
2008-07-11,350.065
2008-07-14,358.263
2008-07-15,352.55
2008-07-16,363.744
2008-07-17,376.953
2008-07-18,379.466
2008-07-21,387.038
2008-07-22,376.162
2008-07-23,385.556
2008-07-24,389.444
2008-07-25,375.57
2008-07-28,381.209
2008-07-29,391.537
2008-07-30,413.423
2008-07-31,422.008
2008-08-01,429.847
2008-08-04,432.594
2008-08-05,422.378
2008-08-06,420.759
2008-08-07,416.277
2008-08-08,409.499
2008-08-11,417.333
2008-08-12,414.618
2008-08-13,412.539
2008-08-14,417.105
2008-08-15,421.944
2008-08-18,419.469
2008-08-19,404.881
2008-08-20,398.014
2008-08-21,395.696
2008-08-22,408.943
2008-08-25,406.915
2008-08-26,400.975
2008-08-27,395.76
2008-08-28,401.5
2008-08-29,398.445
2008-09-01,394.568
2008-09-02,404.371
2008-09-03,403.285
2008-09-04,395.564
2008-09-05,391.156
2008-09-08,405.171
2008-09-09,401.246
2008-09-10,392.95
2008-09-11,373.881
2008-09-12,370.339
2008-09-15,350.814
2008-09-16,337.364
2008-09-17,327.276
2008-09-18,322.164
2008-09-19,363.702
2008-09-22,361.836
2008-09-23,354.542
2008-09-24,351.771
2008-09-25,363.618
2008-09-26,365.566
2008-09-29,360.513
2008-10-03,345.53
2008-10-06,315.747
2008-10-07,315.619
2008-10-08,307.726
2008-10-09,308.787
2008-10-10,284.959
2008-10-13,289.619
2008-10-14,305.362
2008-10-15,294.437
2008-10-16,276.007
2008-10-17,258.702
2008-10-20,267.636
2008-10-21,267.233
2008-10-22,256.243
2008-10-23,250.408
2008-10-24,241.767
2008-10-27,243.367
2008-10-28,248.952
2008-10-30,267.335
2008-10-31,278.329
2008-11-03,279.877
2008-11-04,293.434
2008-11-05,278.559
2008-11-06,273.737
2008-11-07,266.482
2008-11-10,267.979
2008-11-11,258.892
2008-11-12,253.425
2008-11-13,251.0
2008-11-14,254.253
2008-11-17,240.465
2008-11-18,234.951
2008-11-19,219.293
2008-11-20,212.283
2008-11-21,219.66
2008-11-24,241.37
2008-11-25,244.246
2008-11-26,244.086
2008-11-27,253.834
2008-11-28,257.15
2008-12-01,243.318
2008-12-02,244.255
2008-12-03,239.367
2008-12-04,246.71
2008-12-05,240.347
2008-12-12,249.369
2008-12-15,255.985
2008-12-16,263.958
2008-12-17,267.651
2008-12-18,263.955
2008-12-19,262.054
2008-12-22,261.99
2008-12-23,262.942
2008-12-24,260.55
2008-12-25,260.591
2008-12-26,264.99
2008-12-29,264.236
2008-12-30,264.111
2008-12-31,268.641
2009-01-02,270.056
2009-01-05,279.887
2009-01-06,287.094
2009-01-07,278.927
2009-01-08,262.104
2009-01-09,264.701
2009-01-12,257.086
2009-01-13,261.087
2009-01-14,250.557
2009-01-15,250.723
2009-01-16,256.31
2009-01-19,250.559
2009-01-20,247.147
2009-01-21,247.361
2009-01-22,246.419
2009-01-23,247.818
2009-01-26,259.7
2009-01-27,257.983
2009-01-28,267.056
2009-01-29,261.63
2009-01-30,259.344
2009-02-02,252.708
2009-02-03,256.599
2009-02-04,261.411
2009-02-05,257.742
2009-02-06,267.352
2009-02-09,270.405
2009-02-10,259.661
2009-02-11,253.984
2009-02-12,250.231
2009-02-13,251.995
2009-02-16,249.115
2009-02-17,239.076
2009-02-18,238.447
2009-02-19,244.399
2009-02-20,235.795
2009-02-23,239.91
2009-02-24,240.325
2009-02-25,241.523
2009-02-26,241.686
2009-02-27,240.266
2009-03-02,236.999
2009-03-03,237.52
2009-03-04,239.407
2009-03-05,230.36
2009-03-06,232.2
2009-03-09,230.55
2009-03-10,233.154
2009-03-11,232.826
2009-03-12,235.395
2009-03-13,236.153
2009-03-16,236.203
2009-03-17,234.528
2009-03-18,234.972
2009-03-19,239.688
2009-03-20,240.389
2009-03-23,249.193
2009-03-24,250.016
2009-03-25,255.364
2009-03-26,254.098
2009-03-27,256.973
2009-03-30,251.436
2009-03-31,257.648
2009-04-01,259.436
2009-04-02,267.712
2009-04-03,266.311
2009-04-06,266.507
2009-04-07,263.776
2009-04-08,276.536
2009-04-09,285.465
2009-04-10,288.383
2009-04-13,284.47
2009-04-14,281.608
2009-04-15,283.243
2009-04-16,295.232
2009-04-17,294.46
2009-04-20,285.484
2009-04-21,286.786
2009-04-22,289.568
2009-04-24,296.756
2009-04-27,295.523
2009-04-28,291.89
2009-04-29,307.464
2009-04-30,316.518
2009-05-04,321.707
2009-05-05,330.142
2009-05-06,337.169
2009-05-07,328.426
2009-05-08,328.057
2009-05-11,322.031
2009-05-12,330.433
2009-05-13,328.289
2009-05-14,330.949
2009-05-15,334.845
2009-05-18,336.661
2009-05-20,351.397
2009-05-21,347.206
2009-05-22,350.145
2009-05-25,354.077
2009-05-26,348.606
2009-05-27,351.687
2009-05-28,350.21
2009-05-29,350.03
2009-06-01,360.017
2009-06-02,357.222
2009-06-03,349.322
2009-06-04,342.689
2009-06-05,347.502
2009-06-08,336.556
2009-06-09,338.067
2009-06-10,343.893
2009-06-11,347.238
2009-06-12,348.167
2009-06-15,346.908
2009-06-16,345.37
2009-06-17,345.954
2009-06-18,357.156
2009-06-19,358.199
2009-06-22,354.072
2009-06-23,349.091
2009-06-24,357.587
2009-06-25,363.277
2009-06-26,367.559
2009-06-29,368.411
2009-06-30,369.492
2009-07-01,372.459
2009-07-02,370.382
2009-07-03,367.976
2009-07-06,367.588
2009-07-07,372.125
2009-07-08,371.56
2009-07-09,369.877
2009-07-10,367.805
2009-07-13,370.046
2009-07-14,367.012
2009-07-15,379.14
2009-07-16,381.563
2009-07-17,377.267
2009-07-20,382.502
2009-07-21,380.078
2009-07-22,381.891
2009-07-23,389.02
2009-07-24,393.954
2009-07-27,398.405
2009-07-28,400.017
2009-07-29,403.766
2009-07-30,421.821
2009-07-31,426.413
2009-08-03,446.137
2009-08-04,446.965
2009-08-05,438.994
2009-08-06,438.36
2009-08-07,447.676
2009-08-10,446.856
2009-08-11,436.79
2009-08-12,438.898
2009-08-13,444.842
2009-08-14,443.029
2009-08-17,442.909
2009-08-18,442.334
2009-08-19,456.45
2009-08-20,465.558
2009-08-21,471.701
2009-08-24,477.719
2009-08-25,480.734
2009-08-26,469.598
2009-08-27,473.838
2009-08-28,475.597
2009-08-31,465.512
2009-09-01,469.356
2009-09-02,457.61
2009-09-03,461.46
2009-09-04,451.605
2009-09-07,452.74
2009-09-08,448.46
2009-09-09,445.851
2009-09-10,449.241
2009-09-11,465.835
2009-09-14,464.907
2009-09-15,459.115
2009-09-16,466.807
2009-09-17,469.656
2009-09-18,471.612
2009-09-23,475.493
2009-09-24,479.803
2009-09-25,476.25
2009-09-28,478.159
2009-09-29,483.648
2009-09-30,479.103
2009-10-01,478.044
2009-10-02,468.569
2009-10-05,479.484
2009-10-06,494.661
2009-10-07,490.361
2009-10-08,498.799
2009-10-09,502.175
2009-10-12,510.03
2009-10-13,500.716
2009-10-14,510.261
2009-10-15,510.179
2009-10-16,497.907
2009-10-19,502.869
2009-10-20,510.509
2009-10-21,512.952
2009-10-22,510.168
2009-10-23,513.807
2009-10-26,512.301
2009-10-27,504.006
2009-10-28,489.07
2009-10-30,471.847
2009-11-02,474.561
2009-11-03,463.351
2009-11-04,472.814
2009-11-05,472.98
2009-11-06,469.699
2009-11-09,477.745
2009-11-10,481.351
2009-11-11,488.64
2009-11-12,487.46
2009-11-13,484.419
2009-11-16,487.753
2009-11-17,472.432
2009-11-18,464.199
2009-11-19,461.146
2009-11-20,452.31
2009-11-23,458.014
2009-11-24,455.135
2009-11-25,455.387
2009-11-26,453.502
2009-12-01,460.84
2009-12-02,478.982
2009-12-03,496.772
2009-12-04,501.02
2009-12-07,499.158
2009-12-08,495.914
2009-12-09,491.85
2009-12-10,495.945
2009-12-11,493.864
2009-12-14,501.984
2009-12-15,504.495
2009-12-16,508.173
2009-12-17,499.632
2009-12-18,501.385
2009-12-21,512.809
2009-12-22,515.325
2009-12-23,511.622
2009-12-24,514.607
2009-12-25,516.613
2009-12-28,516.194
2009-12-29,517.86
2009-12-30,516.684
2009-12-31,528.25
2010-01-04,533.682
2010-01-05,541.151
2010-01-06,545.474
2010-01-07,549.729
2010-01-08,547.979
2010-01-11,539.211
2010-01-12,536.764
2010-01-13,546.272
2010-01-14,547.406
2010-01-15,540.057
2010-01-18,545.508
2010-01-19,551.596
2010-01-20,554.692
2010-01-21,553.012
2010-01-22,539.975
2010-01-25,542.81
2010-01-26,543.175
2010-01-27,540.71
2010-01-28,547.705
2010-01-29,546.506
2010-02-01,555.26
2010-02-02,551.476
2010-02-03,550.687
2010-02-04,534.639
2010-02-05,514.549
2010-02-08,499.334
2010-02-09,508.264
2010-02-10,505.675
2010-02-11,513.81
2010-02-12,510.638
2010-02-15,513.344
2010-02-16,517.485
2010-02-17,532.733
2010-02-18,524.498
2010-02-19,533.19
2010-02-22,525.929
2010-02-23,514.166
2010-02-24,496.596
2010-02-25,487.394
2010-02-26,497.055
2010-03-01,511.837
2010-03-02,514.761
2010-03-03,516.991
2010-03-04,514.407
2010-03-05,526.256
2010-03-08,532.965
2010-03-09,529.6
2010-03-10,527.53
2010-03-11,523.766
2010-03-12,522.33
2010-03-15,519.714
2010-03-16,532.333
2010-03-17,543.037
2010-03-18,535.344
2010-03-19,534.37
2010-03-22,538.924
2010-03-23,543.517
2010-03-24,551.366
2010-03-25,570.447
2010-03-26,566.107
2010-03-29,566.682
2010-03-30,567.544
2010-03-31,565.384
2010-04-01,577.082
2010-04-02,580.599
2010-04-05,586.45
2010-04-06,584.064
2010-04-07,586.456
2010-04-08,584.121
2010-04-09,591.853
2010-04-12,588.216
2010-04-13,580.754
2010-04-14,593.303
2010-04-15,590.551
2010-04-16,582.235
2010-04-19,581.53
2010-04-20,588.861
2010-04-21,584.509
2010-04-22,583.384
2010-04-26,590.432
2010-04-27,582.174
2010-04-28,579.331
2010-04-29,587.028
2010-04-30,589.591
2010-05-03,584.002
2010-05-04,573.41
2010-05-05,564.411
2010-05-06,557.636
2010-05-07,526.87
2010-05-10,564.48
2010-05-11,564.617
2010-05-12,579.765
2010-05-13,579.297
2010-05-14,557.479
2010-05-17,560.711
2010-05-18,569.783
2010-05-20,544.499
2010-05-21,541.116
2010-05-24,545.582
2010-05-25,522.571
2010-05-26,541.035
2010-05-27,544.98
2010-05-28,552.337
2010-05-31,543.849
2010-06-01,544.604
2010-06-02,552.125
2010-06-03,554.072
2010-06-04,546.129
2010-06-07,543.066
2010-06-08,536.644
2010-06-09,543.049
2010-06-10,548.618
2010-06-11,551.316
2010-06-14,556.888
2010-06-15,564.213
2010-06-16,564.029
2010-06-17,568.91
2010-06-18,570.345
2010-06-21,572.772
2010-06-22,570.07
2010-06-23,559.064
2010-06-24,559.157
2010-06-25,558.642
2010-06-28,564.331
2010-06-29,552.153
2010-06-30,548.395
2010-07-01,545.343
2010-07-02,556.365
2010-07-05,557.155
2010-07-06,567.878
2010-07-07,567.986
2010-07-08,573.456
2010-07-09,571.509
2010-07-12,575.698
2010-07-13,582.787
2010-07-14,583.013
2010-07-15,576.899
2010-07-16,577.294
2010-07-19,581.144
2010-07-20,582.278
2010-07-21,594.947
2010-07-22,599.195
2010-07-23,592.995
2010-07-26,595.077
2010-07-27,603.289
2010-07-28,604.043
2010-07-29,607.373
2010-07-30,598.668
2010-08-02,606.932
2010-08-03,600.785
2010-08-04,598.807
2010-08-05,596.031
2010-08-06,597.53
2010-08-09,598.857
2010-08-10,591.696
2010-08-11,581.547
2010-08-12,583.837
2010-08-13,584.799
2010-08-16,588.228
2010-08-17,594.629
2010-08-18,594.434
2010-08-19,588.494
2010-08-20,587.499
2010-08-23,588.905
2010-08-24,586.232
2010-08-25,582.857
2010-08-26,590.581
2010-08-27,593.459
2010-08-31,599.726
2010-09-01,606.855
2010-09-02,608.657
2010-09-03,609.988
2010-09-06,611.01
2010-09-07,607.468
2010-09-08,606.081
2010-09-13,622.601
2010-09-14,624.79
2010-09-15,633.977
2010-09-16,637.328
2010-09-17,638.62
2010-09-20,642.896
2010-09-21,641.247
2010-09-22,644.791
2010-09-23,641.926
2010-09-24,642.415
2010-09-27,646.273
2010-09-28,655.899
2010-09-29,655.514
2010-09-30,657.744
2010-10-01,648.827
2010-10-04,654.15
2010-10-05,662.832
2010-10-06,668.797
2010-10-07,667.59
2010-10-08,672.172
2010-10-11,690.0
2010-10-12,696.751
2010-10-13,701.669
2010-10-14,692.257
2010-10-15,701.012
2010-10-18,704.58
2010-10-19,698.388
2010-10-20,693.645
2010-10-21,704.503
2010-10-22,710.068
2010-10-25,709.238
2010-10-26,707.467
2010-10-27,685.885
2010-10-28,687.605
2010-11-01,690.743
2010-11-02,685.222
2010-11-03,686.046
2010-11-04,709.054
2010-11-05,707.792
2010-11-08,709.411
2010-11-09,715.433
2010-11-10,705.61
2010-11-11,700.85
2010-11-12,695.531
2010-11-15,699.981
2010-11-22,679.265
2010-11-23,663.354
2010-11-24,672.307
2010-11-25,671.489
2010-11-26,661.477
2010-11-29,640.722
2010-11-30,653.509
2010-12-01,661.562
2010-12-02,669.391
2010-12-03,668.602
2010-12-06,677.121
2010-12-07,678.735
2010-12-08,677.046
2010-12-09,659.139
2010-12-10,647.59
2010-12-13,663.804
2010-12-14,665.097
2010-12-15,654.992
2010-12-16,644.295
2010-12-17,635.242
2010-12-20,635.016
2010-12-21,648.196
2010-12-22,654.402
2010-12-23,662.19
2010-12-24,662.673
2010-12-27,663.566
2010-12-28,664.419
2010-12-29,667.197
2010-12-30,668.221
2010-12-31,660.045
2011-01-03,676.079
2011-01-04,682.219
2011-01-05,688.29
2011-01-06,693.112
2011-01-07,687.703
2011-01-10,678.747
2011-01-11,676.69
2011-01-12,679.239
2011-01-13,685.755
2011-01-14,678.796
2011-01-17,668.314
2011-01-18,664.283
2011-01-19,664.629
2011-01-20,652.88
2011-01-21,659.273
2011-01-24,652.017
2011-01-25,651.529
2011-01-26,659.61
2011-01-27,650.386
2011-01-28,632.113
2011-01-31,632.781
2011-02-01,648.226
2011-02-02,653.071
2011-02-03,637.28
2011-02-04,653.09
2011-02-07,649.056
2011-02-08,652.541
2011-02-09,655.696
2011-02-10,644.215
2011-02-11,647.304
2011-02-14,645.689
2011-02-15,648.021
2011-02-16,653.618
2011-02-17,659.732
2011-02-18,659.858
2011-02-21,651.29
2011-02-22,646.588
2011-02-23,631.317
2011-02-24,607.608
2011-02-25,613.673
2011-02-28,612.839
2011-03-01,587.093
2011-03-02,586.642
2011-03-03,603.87
2011-03-04,611.128
2011-03-07,602.176
2011-03-08,613.017
2011-03-09,624.838
2011-03-10,631.692
2011-03-11,637.817
2011-03-14,645.301
2011-03-15,642.139
2011-03-16,632.804
2011-03-17,634.822
2011-03-18,638.393
2011-03-21,642.157
2011-03-22,648.746
2011-03-23,637.196
2011-03-24,643.559
2011-03-25,642.47
2011-03-28,642.613
2011-03-29,637.638
2011-03-30,645.656
2011-03-31,644.345
2011-04-01,657.144
2011-04-04,675.82
2011-04-05,676.895
2011-04-06,686.492
2011-04-07,694.905
2011-04-08,680.933
2011-04-11,681.947
2011-04-12,680.069
2011-04-13,682.034
2011-04-14,679.595
2011-04-15,684.505
2011-04-18,666.076
2011-04-19,677.421
2011-04-20,680.54
2011-04-21,685.656
2011-04-22,686.918
2011-04-25,688.707
2011-04-26,685.244
2011-04-27,677.927
2011-04-28,684.402
2011-04-29,692.501
2011-05-02,695.224
2011-05-03,700.72
2011-05-04,694.376
2011-05-05,693.749
2011-05-06,682.409
2011-05-09,679.565
2011-05-10,672.6
2011-05-11,656.433
2011-05-12,665.351
2011-05-13,645.852
2011-05-16,654.179
2011-05-17,653.854
2011-05-18,637.332
2011-05-20,632.986
2011-05-23,632.099
2011-05-24,645.614
2011-05-25,636.093
2011-05-26,637.554
2011-05-27,624.074
2011-05-30,614.917
2011-05-31,630.46
2011-06-01,632.247
2011-06-02,631.126
2011-06-03,628.069
2011-06-06,635.168
2011-06-07,644.632
2011-06-08,640.671
2011-06-09,636.701
2011-06-10,637.003
2011-06-13,635.232
2011-06-14,621.855
2011-06-15,609.389
2011-06-16,611.167
2011-06-17,617.167
2011-06-20,610.077
2011-06-21,620.332
2011-06-22,612.18
2011-06-23,615.899
2011-06-24,620.726
2011-06-27,619.533
2011-06-28,628.191
2011-06-29,630.029
2011-06-30,632.694
2011-07-01,632.645
2011-07-04,641.867
2011-07-05,638.663
2011-07-06,632.401
2011-07-07,641.008
2011-07-08,635.962
2011-07-11,629.095
2011-07-12,626.898
2011-07-13,632.611
2011-07-14,627.438
2011-07-15,626.351
2011-07-18,620.25
2011-07-19,618.401
2011-07-20,616.368
2011-07-21,608.823
2011-07-22,598.023
2011-07-25,610.477
2011-07-26,613.886
2011-07-27,611.816
2011-07-28,625.309
2011-07-29,622.957
2011-08-01,619.266
2011-08-02,617.586
2011-08-03,613.151
2011-08-04,593.26
2011-08-05,562.655
2011-08-08,522.835
2011-08-09,529.612
2011-08-10,503.076
2011-08-11,520.17
2011-08-12,521.887
2011-08-15,534.853
2011-08-16,540.974
2011-08-17,542.178
2011-08-18,519.459
2011-08-19,530.617
2011-08-22,532.87
2011-08-23,524.115
2011-08-24,530.551
2011-08-25,529.677
2011-08-26,537.076
2011-08-29,539.461
2011-09-02,553.753
2011-09-05,540.548
2011-09-06,550.198
2011-09-07,552.382
2011-09-08,566.92
2011-09-09,559.03
2011-09-12,556.048
2011-09-13,566.506
2011-09-14,561.219
2011-09-15,571.156
2011-09-16,578.965
2011-09-19,579.332
2011-09-20,608.891
2011-09-21,608.279
2011-09-22,579.799
2011-09-23,563.234
2011-09-26,568.012
2011-09-27,582.613
2011-09-28,589.885
2011-09-29,597.582
2011-09-30,596.934
2011-10-03,594.597
2011-10-04,572.092
2011-10-05,573.112
2011-10-06,572.285
2011-10-07,573.388
2011-10-10,583.276
2011-10-11,586.641
2011-10-12,594.203
2011-10-13,585.434
2011-10-14,593.003
2011-10-17,584.424
2011-10-18,587.506
2011-10-19,577.987
2011-10-20,559.045
2011-10-21,567.923
2011-10-24,562.594
2011-10-25,562.784
2011-10-26,554.699
2011-10-27,566.168
2011-10-28,570.424
2011-10-31,560.615
2011-11-01,548.515
2011-11-02,557.214
2011-11-03,565.228
2011-11-04,561.802
2011-11-10,555.407
2011-11-11,562.015
2011-11-14,558.757
2011-11-15,559.225
2011-11-16,559.275
2011-11-17,550.898
2011-11-18,544.739
2011-11-21,527.522
2011-11-22,519.864
2011-11-23,510.915
2011-11-24,496.217
2011-11-25,510.712
2011-11-28,522.836
2011-11-29,520.928
2011-11-30,545.178
2011-12-01,538.066
2011-12-02,547.693
2011-12-05,551.958
2011-12-06,546.791
2011-12-07,551.389
2011-12-08,534.993
2011-12-09,538.349
2011-12-12,524.441
2011-12-13,525.515
2011-12-14,513.39
2011-12-15,518.865
2011-12-16,516.658
2011-12-19,507.421
2011-12-20,521.269
2011-12-21,517.474
2011-12-22,515.916
2011-12-23,519.486
2011-12-26,525.173
2011-12-27,525.612
2011-12-28,515.532
2011-12-29,520.536
2011-12-30,512.666
2012-01-02,513.41
2012-01-03,528.591
2012-01-04,515.326
2012-01-05,512.046
2012-01-06,501.825
2012-01-09,498.37
2012-01-10,507.818
2012-01-11,514.104
2012-01-12,521.543
2012-01-13,515.617
2012-01-16,527.972
2012-01-17,535.293
2012-01-18,543.848
2012-01-19,546.079
2012-01-20,548.886
2012-01-23,551.862
2012-01-24,547.908
2012-01-25,549.187
2012-01-26,569.588
2012-01-27,573.567
2012-01-30,578.118
2012-01-31,571.713
2012-02-01,592.157
2012-02-02,600.519
2012-02-03,601.48
2012-02-06,606.749
2012-02-07,605.459
2012-02-08,611.783
2012-02-09,601.625
2012-02-10,593.321
2012-02-13,605.575
2012-02-14,596.621
2012-02-15,598.476
2012-02-16,600.301
2012-02-17,611.113
2012-02-20,614.491
2012-02-21,612.528
2012-02-22,608.564
2012-02-23,596.666
2012-02-24,597.375
2012-02-27,588.218
2012-02-28,599.785
2012-02-29,607.212
2012-03-01,607.259
2012-03-02,609.024
2012-03-05,596.855
2012-03-06,591.434
2012-03-07,594.797
2012-03-08,596.738
2012-03-09,592.804
2012-03-12,590.095
2012-03-13,593.89
2012-03-14,608.357
2012-03-15,612.793
2012-03-16,623.363
2012-03-19,625.373
2012-03-20,621.641
2012-03-21,620.65
2012-03-22,617.867
2012-03-23,614.174
2012-03-26,625.615
2012-03-27,624.91
2012-03-28,618.151
2012-03-29,615.449
2012-03-30,624.23
2012-04-02,629.693
2012-04-03,632.845
2012-04-04,624.64
2012-04-05,620.627
2012-04-06,609.396
2012-04-09,608.133
2012-04-10,599.877
2012-04-11,607.098
2012-04-12,608.901
2012-04-13,605.826
2012-04-16,604.785
2012-04-17,606.526
2012-04-18,601.319
2012-04-19,598.485
2012-04-20,601.229
2012-04-24,597.06
2012-04-25,599.405
2012-04-26,606.778
2012-04-27,605.967
2012-04-30,600.104
2012-05-02,589.437
2012-05-03,592.857
2012-05-04,590.157
2012-05-07,588.097
2012-05-08,587.493
2012-05-09,580.93
2012-05-10,588.208
2012-05-11,588.726
2012-05-14,578.539
2012-05-15,574.531
2012-05-16,581.009
2012-05-17,573.312
2012-05-18,569.358
2012-05-21,565.396
2012-05-22,570.795
2012-05-23,557.343
2012-05-24,549.166
2012-05-25,548.099
2012-05-28,548.439
2012-05-29,554.495
2012-05-30,551.253
2012-05-31,550.993
2012-06-01,555.684
2012-06-04,557.443
2012-06-05,557.998
2012-06-06,562.485
2012-06-07,566.957
2012-06-08,573.0
2012-06-11,575.048
2012-06-12,582.013
2012-06-13,582.505
2012-06-14,583.647
2012-06-15,584.678
2012-06-18,583.249
2012-06-19,592.997
2012-06-20,594.013
2012-06-21,604.398
2012-06-22,604.514
2012-06-25,594.794
2012-06-26,601.266
2012-06-27,611.843
2012-06-28,608.226
2012-06-29,625.435
2012-07-02,619.512
2012-07-03,627.213
2012-07-04,629.861
2012-07-05,619.721
2012-07-06,627.806
2012-07-09,626.081
2012-07-10,631.24
2012-07-11,630.488
2012-07-12,623.246
2012-07-13,626.622
2012-07-16,626.753
2012-07-17,624.728
2012-07-18,624.449
2012-07-19,623.408
2012-07-20,617.922
2012-07-23,607.368
2012-07-24,613.033
2012-07-25,617.075
2012-07-26,638.41
2012-07-27,643.728
2012-07-30,650.321
2012-07-31,642.595
2012-08-01,640.812
2012-08-02,637.779
2012-08-03,653.036
2012-08-06,655.768
2012-08-07,649.384
2012-08-08,646.986
2012-08-09,645.011
2012-08-10,651.26
2012-08-13,651.489
2012-08-14,641.608
2012-08-15,646.118
2012-08-16,649.162
2012-08-17,657.585
2012-08-22,661.088
2012-08-23,660.795
2012-08-24,656.543
2012-08-27,659.416
2012-08-28,661.393
2012-08-29,661.526
2012-08-31,673.68
2012-09-03,672.082
2012-09-04,668.981
2012-09-05,675.595
2012-09-06,677.148
2012-09-07,679.371
2012-09-10,681.216
2012-09-11,681.051
2012-09-12,681.84
2012-09-13,672.907
2012-09-14,681.805
2012-09-17,680.923
2012-09-18,676.004
2012-09-19,671.148
2012-09-20,670.017
2012-09-21,678.915
2012-09-24,672.071
2012-09-25,678.096
2012-09-26,666.757
2012-09-27,667.706
2012-09-28,663.967
2012-10-01,667.549
2012-10-02,674.982
2012-10-03,668.224
2012-10-04,669.094
2012-10-05,673.837
2012-10-08,674.354
2012-10-09,680.629
2012-10-10,684.576
2012-10-11,695.776
2012-10-12,696.031
2012-10-15,697.697
2012-10-16,702.817
2012-10-17,706.865
2012-10-18,703.558
2012-10-19,707.74
2012-10-22,712.195
2012-10-23,707.623
2012-10-24,707.084
2012-10-30,717.169
2012-10-31,725.29
2012-11-01,725.525
2012-11-02,714.226
2012-11-05,727.371
2012-11-06,720.397
2012-11-07,716.049
2012-11-08,726.498
2012-11-09,718.203
2012-11-12,713.57
2012-11-13,720.152
2012-11-14,713.256
2012-11-15,715.972
2012-11-16,707.905
2012-11-19,706.074
2012-11-20,706.367
2012-11-21,704.608
2012-11-22,699.261
2012-11-23,710.043
2012-11-26,718.669
2012-11-27,719.997
2012-11-28,719.745
2012-11-29,724.489
2012-11-30,730.585
2012-12-03,742.989
2012-12-04,755.227
2012-12-05,760.384
2012-12-06,757.856
2012-12-07,762.422
2012-12-10,767.344
2012-12-11,768.148
2012-12-12,774.044
2012-12-13,769.633
2012-12-14,762.932
2012-12-17,774.669
2012-12-18,772.985
2012-12-19,768.103
2012-12-20,768.144
2012-12-21,766.847
2012-12-24,773.145
2012-12-25,775.962
2012-12-26,779.911
2012-12-27,784.542
2012-12-28,785.791
2012-12-31,782.084
2013-01-02,796.421
2013-01-03,800.333
2013-01-04,795.64
2013-01-07,802.244
2013-01-08,801.617
2013-01-09,811.491
2013-01-10,808.375
2013-01-11,810.335
2013-01-14,819.9
2013-01-15,824.061
2013-01-16,840.822
2013-01-17,848.603
2013-01-18,850.049
2013-01-21,852.815
2013-01-22,856.469
2013-01-23,863.41
2013-01-24,864.379
2013-01-25,847.551
2013-01-28,811.658
2013-01-29,821.783
2013-01-30,789.829
2013-01-31,787.835
2013-02-01,802.217
2013-02-04,807.227
2013-02-05,803.099
2013-02-06,800.544
2013-02-07,781.493
2013-02-08,786.84
2013-02-11,772.558
2013-02-12,780.788
2013-02-13,779.434
2013-02-14,775.805
2013-02-15,780.814
2013-02-18,779.075
2013-02-19,782.749
2013-02-20,788.913
2013-02-21,772.692
2013-02-22,758.987
2013-02-25,766.703
2013-02-26,775.143
2013-02-27,781.663
2013-02-28,793.337
2013-03-01,798.675
2013-03-04,806.122
2013-03-05,810.512
2013-03-06,821.74
2013-03-07,818.347
2013-03-08,835.416
2013-03-11,831.197
2013-03-12,833.475
2013-03-13,826.191
2013-03-14,819.816
2013-03-15,831.155
2013-03-18,833.788
2013-03-19,822.863
2013-03-20,821.608
2013-03-21,823.739
2013-03-22,824.52
2013-03-25,827.656
2013-03-26,839.709
2013-03-27,841.952
2013-03-28,852.54
2013-03-29,858.99
2013-04-01,861.123
2013-04-02,860.267
2013-04-03,848.601
2013-04-04,832.438
2013-04-05,820.713
2013-04-08,833.465
2013-04-09,827.704
2013-04-10,824.043
2013-04-11,841.026
2013-04-12,845.811
2013-04-15,851.073
2013-04-16,847.056
2013-04-17,843.979
2013-04-18,830.383
2013-04-19,832.855
2013-04-22,840.234
2013-04-24,847.804
2013-04-25,849.435
2013-04-26,851.123
2013-04-29,851.542
2013-04-30,860.46
2013-05-02,886.697
2013-05-03,890.937
2013-05-06,897.148
2013-05-07,894.595
2013-05-08,908.522
2013-05-09,899.312
2013-05-10,895.689
2013-05-13,897.652
2013-05-14,912.871
2013-05-15,921.121
2013-05-16,919.467
2013-05-17,919.248
2013-05-20,901.651
2013-05-21,911.908
2013-05-22,931.789
2013-05-23,913.514
2013-05-24,910.163
2013-05-27,905.468
2013-05-28,899.164
2013-05-29,871.745
2013-05-30,871.702
2013-05-31,859.9
2013-06-03,769.837
2013-06-04,807.333
2013-06-05,796.368
2013-06-06,758.953
2013-06-07,783.326
2013-06-10,763.862
2013-06-11,750.41
2013-06-12,768.807
2013-06-13,764.886
2013-06-14,800.111
2013-06-17,789.465
2013-06-18,777.396
2013-06-19,788.346
2013-06-20,734.619
2013-06-21,731.018
2013-06-24,706.405
2013-06-25,712.146
2013-06-26,738.515
2013-06-27,757.615
2013-06-28,762.945
2013-07-01,767.366
2013-07-02,764.388
2013-07-03,737.187
2013-07-04,754.096
2013-07-05,731.118
2013-07-08,716.823
2013-07-09,719.816
2013-07-10,710.741
2013-07-11,717.899
2013-07-12,739.22
2013-07-15,762.28
2013-07-16,756.781
2013-07-17,770.721
2013-07-18,770.228
2013-07-19,758.74
2013-07-22,758.16
2013-07-23,753.681
2013-07-24,740.152
2013-07-25,738.497
2013-07-26,725.55
2013-07-29,729.389
2013-07-30,744.208
2013-07-31,733.775
2013-08-01,734.018
2013-08-02,740.328
2013-08-05,742.901
2013-08-06,740.316
2013-08-07,735.448
2013-08-12,753.745
2013-08-13,755.142
2013-08-14,755.859
2013-08-15,739.782
2013-08-16,742.754
2013-08-19,723.827
2013-08-20,722.043
2013-08-21,697.095
2013-08-22,683.001
2013-08-23,679.323
2013-08-26,687.75
2013-08-27,655.199
2013-08-28,654.524
2013-08-29,663.944
2013-09-02,685.454
2013-09-03,669.731
2013-09-04,669.658
2013-09-05,667.151
2013-09-06,672.324
2013-09-09,696.892
2013-09-10,717.88
2013-09-11,717.716
2013-09-12,727.223
2013-09-13,716.35
2013-09-16,742.586
2013-09-17,747.834
2013-09-18,746.605
2013-09-19,794.66
2013-09-20,778.629
2013-09-23,768.079
2013-09-24,765.297
2013-09-25,762.343
2013-09-26,756.182
2013-09-27,747.723
2013-09-30,744.866
2013-10-01,764.7
2013-10-02,751.628
2013-10-03,762.699
2013-10-04,762.07
2013-10-07,759.012
2013-10-08,750.639
2013-10-09,744.839
2013-10-10,756.398
2013-10-11,761.764
2013-10-14,762.35
2013-10-21,788.77
2013-10-22,792.724
2013-10-23,785.156
2013-10-24,788.458
2013-10-25,792.715
2013-10-28,795.652
2013-10-30,789.194
2013-10-31,776.204
2013-11-01,765.012
2013-11-04,762.342
2013-11-05,747.443
2013-11-06,757.686
2013-11-07,758.115
2013-11-08,739.183
2013-11-11,721.4
2013-11-12,719.046
2013-11-13,723.27
2013-11-14,739.748
2013-11-15,742.732
2013-11-18,755.977
2013-11-19,746.177
2013-11-20,753.817
2013-11-21,746.793
2013-11-22,756.381
2013-11-25,765.314
2013-11-26,755.632
2013-11-27,748.96
2013-11-28,745.804
2013-11-29,757.483
2013-12-02,749.512
2013-12-03,730.875
2013-12-04,730.887
2013-12-05,719.919
2013-12-06,733.784
2013-12-09,742.329
2013-12-10,741.18
2013-12-11,739.658
2013-12-12,730.718
2013-12-13,740.65
2013-12-16,748.434
2013-12-17,709.461
2013-12-18,714.173
2013-12-19,691.0
2013-12-20,695.728
2013-12-23,680.861
2013-12-24,689.978
2013-12-25,660.966
2013-12-26,645.552
2013-12-27,638.852
2013-12-30,679.857
2013-12-31,678.017
2014-01-02,669.858
2014-01-03,659.671
2014-01-06,680.22
2014-01-07,685.986
2014-01-08,673.317
2014-01-09,664.136
2014-01-10,679.121
2014-01-13,680.623
2014-01-14,680.725
2014-01-15,681.346
2014-01-16,668.436
2014-01-17,656.35
2014-01-20,657.636
2014-01-21,663.187
2014-01-22,673.673
2014-01-23,654.293
2014-01-24,644.275
2014-01-27,645.687
2014-01-28,635.437
2014-01-29,620.887
2014-01-30,627.014
2014-01-31,618.582
2014-02-03,616.752
2014-02-04,627.327
2014-02-05,624.425
2014-02-06,645.499
2014-02-07,646.143
2014-02-10,640.502
2014-02-11,642.807
2014-02-12,645.137
2014-02-13,637.65
2014-02-14,648.829
2014-02-17,655.992
2014-02-18,641.257
2014-02-19,633.821
2014-02-20,636.81
2014-02-21,638.856
2014-02-24,641.86
2014-02-25,621.238
2014-02-26,615.03
2014-02-27,617.792
2014-02-28,625.533
2014-03-03,611.892
2014-03-04,630.307
2014-03-05,634.447
2014-03-06,640.042
2014-03-07,630.96
2014-03-10,627.315
2014-03-11,630.656
2014-03-12,632.586
2014-03-13,633.454
2014-03-14,632.789
2014-03-17,641.978
2014-03-18,655.735
2014-03-19,654.871
2014-03-20,652.614
2014-03-21,645.794
2014-03-24,637.105
2014-03-25,646.965
2014-03-26,677.308
2014-03-27,670.484
2014-03-28,691.173
2014-03-31,697.363
2014-04-01,708.574
2014-04-02,706.48
2014-04-03,715.448
2014-04-04,725.829
2014-04-07,724.891
2014-04-08,739.465
2014-04-09,724.286
2014-04-10,731.502
2014-04-11,727.363
2014-04-14,737.749
2014-04-15,724.38
2014-04-16,723.994
2014-04-17,735.618
2014-04-18,734.76
2014-04-21,734.467
2014-04-22,731.7
2014-04-24,723.913
2014-04-25,713.887
2014-04-28,723.985
2014-04-29,723.15
2014-04-30,738.715
2014-05-02,751.591
2014-05-05,747.608
2014-05-06,751.903
2014-05-07,749.672
2014-05-08,757.817
2014-05-09,755.63
2014-05-12,759.356
2014-05-13,757.765
2014-05-14,760.478
2014-05-15,752.284
2014-05-16,750.093
2014-05-20,752.553
2014-05-21,764.546
2014-05-22,780.432
2014-05-23,780.606
2014-05-26,786.032
2014-05-27,775.332
2014-05-28,779.954
2014-05-29,793.0
2014-05-30,792.898
2014-06-02,786.488
2014-06-03,788.183
2014-06-04,783.847
2014-06-05,798.03
2014-06-06,803.976
2014-06-09,807.538
2014-06-10,816.72
2014-06-11,790.206
2014-06-12,798.343
2014-06-13,790.116
2014-06-16,776.457
2014-06-17,780.157
2014-06-18,780.929
2014-06-19,790.573
2014-06-20,784.007
2014-06-23,793.265
2014-06-24,789.861
2014-06-25,789.979
2014-06-26,781.041
2014-06-27,784.724
2014-06-30,784.89
2014-07-01,771.07
2014-07-02,768.318
2014-07-03,775.285
2014-07-04,775.348
2014-07-07,789.511
2014-07-08,792.908
2014-07-09,794.588
2014-07-10,785.516
2014-07-11,793.644
2014-07-14,806.216
2014-07-15,812.451
2014-07-16,822.705
2014-07-17,817.832
2014-07-18,823.145
2014-07-21,822.703
2014-07-22,825.305
2014-07-23,828.546
2014-07-24,838.247
2014-07-25,842.18
2014-07-31,821.569
2014-08-01,820.939
2014-08-04,818.933
2014-08-05,806.419
2014-08-06,794.323
2014-08-07,788.433
2014-08-08,791.994
2014-08-11,772.713
2014-08-12,778.272
2014-08-13,776.186
2014-08-14,775.699
2014-08-15,766.921
2014-08-18,773.421
2014-08-19,792.759
2014-08-20,788.669
2014-08-21,789.575
2014-08-22,789.296
2014-08-25,792.624
2014-08-26,807.543
2014-08-27,804.674
2014-08-28,808.377
2014-08-29,803.129
2014-09-01,808.247
2014-09-02,807.1
2014-09-03,812.924
2014-09-04,822.26
2014-09-05,821.931
2014-09-08,821.995
2014-09-09,800.802
2014-09-10,795.506
2014-09-11,789.664
2014-09-12,778.208
2014-09-15,779.181
2014-09-16,786.346
2014-09-17,789.681
2014-09-18,774.964
2014-09-19,769.219
2014-09-22,768.699
2014-09-23,766.689
2014-09-24,751.93
2014-09-25,745.907
2014-09-26,746.324
2014-09-29,746.457
2014-09-30,749.378
2014-10-01,741.545
2014-10-02,738.58
2014-10-03,743.844
2014-10-08,729.435
2014-10-09,752.08
2014-10-10,734.941
2014-10-13,751.157
2014-10-14,746.866
2014-10-15,748.56
2014-10-16,745.759
2014-10-17,755.333
2014-10-20,763.314
2014-10-21,776.456
2014-10-22,780.808
2014-10-23,794.947
2014-10-24,794.171
2014-10-27,792.354
2014-10-28,795.891
2014-10-30,798.986
2014-10-31,805.797
2014-11-03,800.279
2014-11-04,802.682
2014-11-05,789.561
2014-11-06,775.103
2014-11-07,779.578
2014-11-10,777.434
2014-11-11,784.034
2014-11-12,803.949
2014-11-13,808.761
2014-11-14,812.116
2014-11-17,804.998
2014-11-18,813.299
2014-11-19,814.616
2014-11-20,825.119
2014-11-21,832.818
2014-11-24,832.52
2014-11-25,835.305
2014-11-26,842.433
2014-11-27,846.885
2014-11-28,861.687
2014-12-01,861.473
2014-12-02,849.152
2014-12-03,849.151
2014-12-04,862.341
2014-12-05,852.399
2014-12-08,848.187
2014-12-09,835.273
2014-12-10,841.263
2014-12-11,847.182
2014-12-12,832.264
2014-12-15,828.044
2014-12-16,791.912
2014-12-17,808.207
2014-12-18,832.262
2014-12-19,835.736
2014-12-22,851.438
2014-12-23,844.88
2014-12-24,848.217
2014-12-25,848.245
2014-12-26,849.473
2014-12-29,841.018
2014-12-30,845.371
2014-12-31,857.211
2015-01-02,854.589
2015-01-05,864.626
2015-01-06,869.096
2015-01-07,867.766
2015-01-08,876.896
2015-01-09,876.484
2015-01-12,878.647
2015-01-13,883.135
2015-01-14,875.635
2015-01-15,877.428
2015-01-16,874.164
2015-01-19,880.065
2015-01-20,892.005
2015-01-21,903.128
2015-01-22,909.028
2015-01-23,907.361
2015-01-26,914.129
2015-01-27,911.501
2015-01-28,903.416
2015-01-29,885.578
2015-01-30,889.458
2015-02-02,897.128
2015-02-03,875.085
2015-02-04,859.101
2015-02-05,857.893
2015-02-06,849.874
2015-02-09,845.743
2015-02-10,831.164
2015-02-11,834.295
2015-02-12,860.826
2015-02-13,858.093
2015-02-16,860.405
2015-02-17,844.249
2015-02-18,854.417
2015-02-19,864.143
2015-02-20,854.889
2015-02-23,862.883
2015-02-24,866.912
2015-02-25,867.335
2015-02-26,859.154
2015-02-27,841.475
2015-03-02,839.469
2015-03-03,843.039
2015-03-04,820.672
2015-03-05,807.796
2015-03-06,803.102
2015-03-09,806.454
2015-03-10,779.775
2015-03-11,782.77
2015-03-12,782.932
2015-03-13,766.421
2015-03-16,781.957
2015-03-17,800.307
2015-03-18,799.423
2015-03-19,819.22
2015-03-20,825.064
2015-03-23,837.42
2015-03-24,820.326
2015-03-25,826.492
2015-03-26,814.824
2015-03-27,808.942
2015-03-30,821.84
2015-03-31,808.46
2015-04-01,812.085
2015-04-02,816.764
2015-04-03,829.943
2015-04-06,831.302
2015-04-07,824.659
2015-04-08,827.994
2015-04-09,835.136
2015-04-10,826.458
2015-04-13,819.376
2015-04-14,823.197
2015-04-15,813.575
2015-04-16,824.367
2015-04-17,824.177
2015-04-20,823.026
2015-04-21,842.777
2015-04-22,837.804
2015-04-24,855.513
2015-04-27,864.019
2015-04-28,862.095
2015-04-29,859.784
2015-04-30,839.47
2015-05-04,840.189
2015-05-05,833.807
2015-05-06,824.414
2015-05-07,825.702
2015-05-08,840.599
2015-05-11,847.528
2015-05-12,853.635
2015-05-13,864.175
2015-05-14,872.437
2015-05-15,876.049
2015-05-18,886.519
2015-05-20,877.911
2015-05-21,865.65
2015-05-22,858.039
2015-05-25,845.67
2015-05-26,836.494
2015-05-27,842.921
2015-05-28,835.696
2015-05-29,829.812
2015-06-01,804.291
2015-06-02,814.202
2015-06-03,833.936
2015-06-04,824.99
2015-06-05,819.434
2015-06-08,778.054
2015-06-09,781.463
2015-06-10,797.479
2015-06-11,808.452
2015-06-12,805.325
2015-06-15,789.514
2015-06-16,801.838
2015-06-17,807.133
2015-06-18,819.325
2015-06-19,824.544
2015-06-22,834.262
2015-06-23,830.685
2015-06-24,841.407
2015-06-25,832.771
2015-06-26,835.461
2015-06-29,817.562
2015-06-30,822.495
2015-07-01,816.817
2015-07-02,818.8
2015-07-03,812.17
2015-07-06,823.659
2015-07-07,815.723
2015-07-08,803.866
2015-07-09,822.863
2015-07-10,827.919
2015-07-13,833.883
2015-07-14,830.411
2015-07-15,827.279
2015-07-16,827.898
2015-07-20,813.2
2015-07-21,815.836
2015-07-22,812.224
2015-07-23,783.366
2015-07-24,787.121
2015-07-27,773.52
2015-07-28,780.24
2015-07-29,780.798
2015-07-30,782.715
2015-07-31,799.097
2015-08-03,781.641
2015-08-04,782.349
2015-08-05,781.343
2015-08-06,788.031
2015-08-07,784.271
2015-08-10,774.953
2015-08-11,797.2
2015-08-12,781.748
2015-08-13,770.855
2015-08-14,773.09
2015-08-17,769.224
2015-08-18,759.601
2015-08-19,752.996
2015-08-20,746.818
2015-08-21,737.978
2015-08-24,713.42
2015-08-25,735.097
2015-08-26,736.159
2015-08-27,748.135
2015-08-28,746.416
2015-08-31,752.104
2015-09-01,735.697
2015-09-02,736.561
2015-09-03,740.041
2015-09-04,729.501
2015-09-07,718.658
2015-09-08,720.518
2015-09-09,720.033
2015-09-10,718.465
2015-09-11,713.509
2015-09-14,712.994
2015-09-15,731.734
2015-09-16,741.495
2015-09-17,749.806
2015-09-18,750.99
2015-09-21,758.607
2015-09-22,749.937
2015-09-23,746.102
2015-09-28,733.15
2015-09-29,742.577
2015-09-30,742.055
2015-10-01,745.31
2015-10-02,743.967
2015-10-05,769.025
2015-10-06,772.586
2015-10-07,786.982
2015-10-08,786.61
2015-10-09,792.149
2015-10-12,793.001
2015-10-13,783.586
2015-10-14,793.802
2015-10-15,792.633
2015-10-16,784.836
2015-10-19,797.345
2015-10-20,804.965
2015-10-21,797.653
2015-10-22,802.559
2015-10-23,801.248
2015-10-26,792.623
2015-10-27,786.625
2015-10-28,785.363
2015-10-30,794.09
2015-11-02,836.936
2015-11-03,829.139
2015-11-04,836.841
2015-11-05,829.557
2015-11-06,819.302
2015-11-09,820.501
2015-11-10,811.741
2015-11-11,817.18
2015-11-12,821.434
2015-11-13,818.788
2015-11-16,810.464
2015-11-17,811.529
2015-11-18,805.142
2015-11-19,804.412
2015-11-20,806.817
2015-11-23,797.448
2015-11-24,762.43
2015-11-25,768.365
2015-11-26,749.976
2015-11-27,756.384
2015-11-30,752.328
2015-12-01,767.855
2015-12-02,763.95
2015-12-03,754.528
2015-12-04,742.653
2015-12-07,739.089
2015-12-08,731.009
2015-12-09,745.837
2015-12-10,723.542
2015-12-11,702.803
2015-12-14,693.087
2015-12-15,721.568
2015-12-16,728.318
2015-12-17,737.119
2015-12-18,724.604
2015-12-21,733.282
2015-12-22,731.021
2015-12-23,740.449
2015-12-24,740.504
2015-12-25,741.895
2015-12-28,742.432
2015-12-29,739.126
2015-12-30,732.007
2015-12-31,717.27
2016-01-04,705.184
2016-01-05,706.881
2016-01-06,711.979
2016-01-07,714.959
2016-01-08,706.132
2016-01-11,710.49
2016-01-12,717.404
2016-01-13,725.087
2016-01-14,719.406
2016-01-15,710.62
2016-01-18,710.397
2016-01-19,710.732
2016-01-20,696.04
2016-01-21,685.679
2016-01-22,702.439
2016-01-25,705.39
2016-01-26,718.089
2016-01-27,720.529
2016-01-28,724.274
2016-01-29,734.811
2016-02-01,734.477
2016-02-02,725.062
2016-02-03,732.674
2016-02-04,745.054
2016-02-05,742.035
2016-02-08,720.052
2016-02-09,714.152
2016-02-10,716.142
2016-02-11,709.417
2016-02-12,709.374
2016-02-15,710.081
2016-02-16,709.492
2016-02-17,728.051
2016-02-18,734.465
2016-02-19,730.154
2016-02-22,748.939
2016-02-23,754.998
2016-02-24,740.672
2016-02-25,752.019
2016-02-26,749.29
2016-02-29,758.144
2016-03-01,759.554
2016-03-02,767.88
2016-03-03,768.283
2016-03-04,771.911
2016-03-07,774.839
2016-03-08,776.829
2016-03-09,787.382
2016-03-10,790.247
2016-03-11,793.802
2016-03-14,801.109
2016-03-15,790.311
2016-03-16,793.692
2016-03-17,813.771
2016-03-18,829.434
2016-03-21,834.027
2016-03-22,817.661
2016-03-23,803.837
2016-03-24,813.584
2016-03-25,813.565
2016-03-28,813.446
2016-03-29,817.336
2016-03-30,829.178
2016-03-31,832.68
2016-04-01,823.594
2016-04-04,838.729
2016-04-05,829.641
2016-04-06,815.113
2016-04-07,811.647
2016-04-08,825.021
2016-04-11,839.875
2016-04-12,837.198
2016-04-13,856.967
2016-04-14,857.85
2016-04-15,855.733
2016-04-18,863.437
2016-04-19,862.51
2016-04-20,855.502
2016-04-21,856.708
2016-04-22,858.287
2016-04-25,851.094
2016-04-26,857.564
2016-04-27,853.742
2016-04-28,854.778
2016-04-29,853.278
2016-05-02,838.299
2016-05-03,810.698
2016-05-04,793.826
2016-05-05,786.988
2016-05-06,783.681
2016-05-09,790.621
2016-05-10,788.024
2016-05-11,790.278
2016-05-12,783.042
2016-05-13,778.084
2016-05-16,769.997
2016-05-17,772.772
2016-05-18,772.439
2016-05-20,763.577
2016-05-23,767.659
2016-05-24,794.346
2016-05-25,786.091
2016-05-26,780.356
2016-05-27,780.289
2016-05-30,785.352
2016-05-31,778.034
2016-06-01,770.349
2016-06-02,762.721
2016-06-03,781.395
2016-06-06,785.928
2016-06-07,781.576
2016-06-08,788.327
2016-06-09,777.117
2016-06-10,768.873
2016-06-13,765.342
2016-06-14,757.595
2016-06-15,762.374
2016-06-16,746.717
2016-06-17,754.305
2016-06-20,775.231
2016-06-21,775.314
2016-06-22,772.675
2016-06-23,779.899
2016-06-24,753.66
2016-06-27,751.612
2016-06-28,769.293
2016-06-29,767.12
2016-06-30,768.172
2016-07-01,779.521
2016-07-04,783.877
2016-07-08,780.195
2016-07-11,792.35
2016-07-12,811.416
2016-07-13,813.217
2016-07-14,825.898
2016-07-15,828.254
2016-07-18,769.576
2016-07-19,761.778
2016-07-20,749.028
2016-07-21,715.95
2016-07-22,717.384
2016-07-25,741.74
2016-07-26,736.894
2016-07-27,750.757
2016-07-28,752.441
2016-07-29,754.055
2016-08-01,767.117
2016-08-02,758.039
2016-08-03,745.522
2016-08-04,761.256
2016-08-05,760.657
2016-08-08,777.791
2016-08-09,785.249
2016-08-10,779.557
2016-08-11,790.336
2016-08-12,782.286
2016-08-15,784.726
2016-08-16,777.071
2016-08-17,781.478
2016-08-18,779.709
2016-08-19,781.456
2016-08-22,779.533
2016-08-23,773.336
2016-08-24,761.163
2016-08-25,767.899
2016-08-26,771.197
2016-08-29,761.188
2016-08-31,759.676
2016-09-01,758.528
2016-09-02,768.843
2016-09-05,777.916
2016-09-06,779.948
2016-09-07,776.432
2016-09-08,778.435
2016-09-09,770.535
2016-09-16,760.203
2016-09-19,776.708
2016-09-20,773.135
2016-09-21,779.159
2016-09-22,797.959
2016-09-23,797.564
2016-09-26,767.257
2016-09-27,771.607
2016-09-28,776.778
2016-09-29,770.768
2016-09-30,764.884
2016-10-03,772.254
2016-10-04,770.578
2016-10-05,778.537
2016-10-06,778.947
2016-10-07,779.76
2016-10-10,778.353
2016-10-11,776.436
2016-10-12,774.613
2016-10-13,768.103
2016-10-14,775.542
2016-10-17,774.376
2016-10-18,783.404
2016-10-19,792.099
2016-10-20,792.524
2016-10-21,788.437
2016-10-24,799.326
2016-10-25,794.333
2016-10-26,793.979
2016-10-27,787.392
2016-10-28,783.329
2016-10-31,785.362
2016-11-01,774.286
2016-11-02,771.716
2016-11-03,766.814
2016-11-04,742.672
2016-11-07,756.82
2016-11-08,763.678
2016-11-09,762.09
2016-11-10,763.604
2016-11-11,751.742
2016-11-14,744.191
2016-11-15,751.506
2016-11-16,747.591
2016-11-17,751.362
2016-11-18,756.39
2016-11-21,755.436
2016-11-22,758.12
2016-11-23,750.369
2016-11-24,741.931
2016-11-25,743.635
2016-11-28,749.902
2016-11-29,742.055
2016-11-30,739.952
2016-12-01,725.199
2016-12-02,733.909
2016-12-05,735.997
2016-12-06,754.333
2016-12-07,760.308
2016-12-08,759.293
2016-12-09,757.273
2016-12-12,762.396
2016-12-13,769.953
2016-12-14,768.809
2016-12-15,776.786
2016-12-16,775.897
2016-12-19,771.578
2016-12-20,778.079
2016-12-21,776.195
2016-12-22,774.047
2016-12-23,769.722
2016-12-26,770.285
2016-12-27,766.994
2016-12-28,775.477
2016-12-29,778.359
2016-12-30,781.387
2017-01-02,777.545
2017-01-03,766.182
2017-01-04,761.436
2017-01-05,763.863
2017-01-06,771.066
2017-01-09,773.944
2017-01-10,773.937
2017-01-11,776.666
2017-01-12,808.91
2017-01-13,815.243
2017-01-16,817.117
2017-01-17,823.628
2017-01-18,827.793
2017-01-19,823.003
2017-01-20,830.672
2017-01-23,830.478
2017-01-24,842.079
2017-01-25,831.283
2017-01-26,838.265
2017-01-27,838.274
2017-01-30,862.375
2017-01-31,862.957
2017-02-01,868.48
2017-02-02,873.942
2017-02-03,883.895
2017-02-06,873.579
2017-02-07,874.767
2017-02-08,882.491
2017-02-09,888.302
2017-02-10,874.733
2017-02-13,885.783
2017-02-14,880.822
2017-02-15,878.82
2017-02-16,881.869
2017-02-17,888.304
2017-02-20,885.877
2017-02-21,889.651
2017-02-22,885.313
2017-02-23,891.384
2017-02-24,882.585
2017-02-27,877.654
2017-02-28,874.783
2017-03-01,893.203
2017-03-02,899.339
2017-03-03,897.221
2017-03-06,910.45
2017-03-07,908.136
2017-03-08,894.849
2017-03-09,890.026
2017-03-10,896.114
2017-03-13,894.297
2017-03-14,891.365
2017-03-15,894.456
2017-03-16,902.683
2017-03-17,904.914
2017-03-20,909.021
2017-03-21,906.065
2017-03-22,898.091
2017-03-23,897.641
2017-03-24,903.827
2017-03-27,896.951
2017-03-28,901.817
2017-03-29,892.697
2017-03-30,892.823
2017-03-31,889.474
2017-04-03,886.695
2017-04-04,886.126
2017-04-05,890.375
2017-04-06,886.79
2017-04-07,884.973
2017-04-10,912.405
2017-04-11,909.045
2017-04-12,909.522
2017-04-13,898.707
2017-04-14,900.637
2017-04-17,906.538
2017-04-18,913.738
2017-04-19,908.041
2017-04-20,920.394
2017-04-21,924.239
2017-04-24,938.028
2017-04-25,946.349
2017-04-26,945.223
2017-04-27,942.825
2017-04-28,946.553
2017-05-02,943.559
2017-05-03,938.627
2017-05-04,930.385
2017-05-05,939.284
2017-05-08,938.327
2017-05-09,953.234
2017-05-10,961.942
2017-05-11,951.141
2017-05-12,949.964
2017-05-15,955.878
2017-05-16,961.615
2017-05-17,957.25
2017-05-18,951.473
2017-05-22,964.0
2017-05-23,977.175
2017-05-24,983.138
2017-05-25,977.129
2017-05-26,975.333
2017-05-29,977.26
2017-05-30,973.476
2017-05-31,975.416
2017-06-01,973.658
2017-06-02,988.679
2017-06-05,981.92
2017-06-06,983.315
2017-06-07,976.165
2017-06-08,979.775
2017-06-09,989.429
2017-06-12,994.421
2017-06-13,992.997
2017-06-14,996.363
2017-06-15,987.37
2017-06-16,981.926
2017-06-19,993.321
2017-06-20,992.693
2017-06-21,993.901
2017-06-22,1000.722
2017-06-23,996.387
2017-06-28,1006.177
2017-06-29,1001.903
2017-06-30,1004.404
2017-07-03,1005.223
2017-07-04,1012.078
2017-07-05,1007.445
2017-07-06,1006.27
2017-07-07,1000.844
2017-07-10,1010.972
2017-07-11,1031.826
2017-07-12,1038.098
2017-07-13,1042.1021
2017-07-14,1051.757
2017-07-17,1062.17
2017-07-18,1057.183
2017-07-19,1074.175
2017-07-20,1067.356
2017-07-21,1068.428
2017-07-24,1067.105
2017-07-25,1070.407
2017-07-26,1072.062
2017-07-27,1083.917
2017-07-28,1076.9969
2017-07-31,1075.314
2017-08-01,1061.474
2017-08-02,1065.254
2017-08-03,1071.538
2017-08-04,1085.453
2017-08-07,1097.811
2017-08-08,1096.391
2017-08-09,1087.146
2017-08-10,1078.004
2017-08-11,1069.631
2017-08-14,1095.374
2017-08-15,1069.1331
2017-08-16,1068.62
2017-08-17,1068.2531
2017-08-18,1072.024
2017-08-21,1086.149
2017-08-22,1085.9449
2017-08-23,1089.527
2017-08-24,1091.5389
2017-08-25,1097.551
2017-08-28,1103.4
2017-08-29,1104.231
2017-08-31,1100.105
2017-09-05,1088.73
2017-09-06,1096.118
2017-09-07,1097.4301
2017-09-08,1084.517
2017-09-11,1094.58
2017-09-12,1091.297
2017-09-13,1081.5551
2017-09-14,1082.442
2017-09-15,1077.417
2017-09-18,1065.3459
2017-09-19,1049.178
2017-09-20,1053.2371
2017-09-21,1040.012
2017-09-22,1041.229
2017-09-25,1022.702
2017-09-26,1039.293
2017-09-27,1012.183
2017-09-28,1026.511
2017-09-29,1029.077
2017-10-02,1039.307
2017-10-03,1039.076
2017-10-04,1045.479
2017-10-05,1043.343
2017-10-06,1041.375
2017-10-09,1012.98
2017-10-10,1033.9399
2017-10-11,1038.16
2017-10-12,1059.323
2017-10-13,1062.257
2017-10-16,1064.745
2017-10-17,1069.9091
2017-10-18,1069.264
2017-10-19,1084.3361
2017-10-20,1084.887
2017-10-23,1073.033
2017-10-24,1072.063
2017-10-25,1083.548
2017-10-26,1073.348
2017-10-27,1078.84
2017-10-30,1084.668
2017-10-31,1101.426
2017-11-01,1130.243
2017-11-02,1129.949
2017-11-03,1112.928
2017-11-06,1141.657
2017-11-07,1122.719
2017-11-08,1118.9449
2017-11-09,1102.465
2017-11-10,1089.494
2017-11-13,1088.5959
2017-11-14,1101.485
2017-11-15,1077.165
2017-11-16,1069.767
2017-11-17,1062.395
2017-11-20,1039.119
2017-11-21,1052.678
2017-11-22,1059.636
2017-11-23,1050.261
2017-11-24,1045.394
2017-11-27,1047.597
2017-11-28,1020.68
2017-11-29,1023.418
2017-11-30,1039.844
2017-12-01,1035.59
2017-12-04,1052.149
2017-12-05,1062.6
2017-12-06,1053.0389
2017-12-07,1064.475
2017-12-08,1079.213
2017-12-11,1091.5649
2017-12-12,1090.495
2017-12-13,1081.532
2017-12-14,1096.6639
2017-12-15,1093.302
2017-12-18,1102.479
2017-12-19,1101.771
2017-12-20,1104.547
2017-12-21,1112.72
2017-12-22,1110.995
2017-12-26,1120.067
2017-12-27,1121.4969
2017-12-28,1144.8051
2017-12-29,1153.33
2018-01-02,1175.2419
2018-01-03,1160.522
2018-01-04,1154.912
2018-01-05,1166.379
2018-01-08,1163.045
2018-01-09,1150.228
2018-01-10,1135.895
2018-01-11,1147.188
2018-01-12,1146.446
2018-01-15,1121.592
2018-01-16,1144.184
2018-01-17,1165.925
2018-01-18,1168.5601
2018-01-19,1151.4709
2018-01-22,1172.355
2018-01-23,1184.001
2018-01-24,1196.484
2018-01-25,1186.041
2018-01-26,1207.019
2018-01-29,1208.453
2018-01-30,1193.031
2018-01-31,1195.288
2018-02-01,1190.444
2018-02-02,1181.194
2018-02-05,1168.527
2018-02-06,1154.573
2018-02-07,1155.702
2018-02-08,1142.635
2018-02-09,1135.903
2018-02-12,1148.2159
2018-02-13,1144.9449
2018-02-14,1134.55
2018-02-15,1162.256
2018-02-16,1165.11
2018-02-19,1158.8199
2018-02-20,1134.329
2018-02-21,1163.16
2018-02-22,1168.4091
2018-02-23,1175.215
2018-02-26,1187.9189
2018-02-27,1188.316
2018-02-28,1189.5081
2018-03-01,1176.321
2018-03-02,1168.592
2018-03-05,1169.462
2018-03-06,1167.099
2018-03-07,1168.424
2018-03-08,1165.671
2018-03-09,1169.145
2018-03-12,1184.114
2018-03-13,1182.6689
2018-03-14,1175.927
2018-03-15,1172.015
2018-03-16,1172.163
2018-03-19,1154.5031
2018-03-20,1164.318
2018-03-21,1176.5129
2018-03-22,1171.103
2018-03-23,1166.028
2018-03-26,1164.203
2018-03-27,1161.965
2018-03-28,1141.293
2018-03-29,1148.446
2018-03-30,1149.302
2018-04-02,1144.421
2018-04-03,1145.941
2018-04-04,1139.756
2018-04-05,1149.476
2018-04-06,1147.375
2018-04-09,1131.561
2018-04-10,1107.127
2018-04-11,1092.532
2018-04-12,1102.354
2018-04-13,1096.04
2018-04-16,1106.877
2018-04-17,1087.448
2018-04-18,1120.99
2018-04-19,1121.222
2018-04-20,1109.325
2018-04-24,1100.5861
2018-04-25,1074.014
2018-04-26,1070.151
2018-04-27,1076.1429
2018-04-30,1042.828
2018-05-02,1047.257
2018-05-03,1029.0909
2018-05-04,1025.9919
2018-05-07,1008.662
2018-05-08,993.638
2018-05-09,1007.806
2018-05-10,1023.807
2018-05-11,1018.525
2018-05-14,1033.704
2018-05-15,1015.404
2018-05-16,1021.579
2018-05-17,1018.694
2018-05-18,1024.103
2018-05-21,1022.577
2018-05-22,1033.277
2018-05-23,1018.917
2018-05-24,1011.381
2018-05-25,1032.001
2018-05-28,1065.2531
2018-05-29,1051.134
2018-05-30,1038.6899
2018-05-31,1006.523
2018-06-01,991.712
2018-06-04,992.498
2018-06-05,978.232
2018-06-06,966.577
2018-06-07,986.237
2018-06-08,958.757
2018-06-11,966.614
2018-06-12,953.07
2018-06-13,935.048
2018-06-14,945.408
2018-06-18,930.433
2018-06-19,944.369
2018-06-20,945.519
2018-06-21,950.572
2018-06-22,958.521
2018-06-25,940.083
2018-06-26,944.082
2018-06-27,959.548
2018-06-28,962.27
2018-06-29,965.201
2018-07-02,967.735
2018-07-03,965.882
2018-07-04,972.301
2018-07-05,990.97
2018-07-06,987.339
2018-07-09,992.528
2018-07-10,962.747
2018-07-11,912.895
2018-07-12,895.713
2018-07-13,898.977
2018-07-16,897.44
2018-07-17,916.296
2018-07-18,923.22
2018-07-19,930.029
2018-07-20,940.823
2018-07-23,953.052
2018-07-24,921.338
2018-07-25,953.686
2018-07-26,948.173
2018-07-27,955.848
2018-07-30,961.577
2018-07-31,969.522
2018-08-01,972.106
2018-08-02,945.433
2018-08-03,956.105
2018-08-06,941.74
2018-08-07,961.61
2018-08-08,969.739
2018-08-09,971.851
2018-08-10,949.396
2018-08-13,926.846
2018-08-14,934.187
2018-08-15,902.63
2018-08-16,871.432
2018-08-17,887.348
2018-08-20,901.86
2018-08-27,912.84
2018-08-28,938.669
2018-08-29,932.807
2018-08-31,927.234
2018-09-03,939.156
2018-09-04,931.893
2018-09-05,927.91
2018-09-06,927.633
2018-09-07,932.742
2018-09-10,916.983
2018-09-11,923.891
2018-09-12,922.274
2018-09-13,944.192
2018-09-14,947.596
2018-09-17,943.477
2018-09-18,948.869
2018-09-19,966.038
2018-09-20,961.211
2018-09-21,979.882
2018-09-24,995.474
2018-09-25,992.925
2018-09-26,991.489
2018-09-27,1002.987
2018-09-28,999.569
2018-10-01,985.372
2018-10-02,981.607
2018-10-03,971.879
2018-10-04,944.968
2018-10-05,948.835
2018-10-08,960.873
2018-10-09,967.318
2018-10-10,944.407
2018-10-11,947.475
2018-10-12,966.574
2018-10-15,986.313
2018-10-16,984.664
2018-10-17,989.91
2018-10-18,974.54
2018-10-19,964.546
2018-10-22,946.817
2018-10-23,934.69
2018-10-24,926.922
2018-10-25,937.477
2018-10-26,905.415
2018-10-30,899.999
2018-10-31,902.007
2018-11-01,923.874
2018-11-02,941.23
2018-11-05,959.477
2018-11-06,947.277
2018-11-07,954.933
2018-11-08,935.062
2018-11-09,928.392
2018-11-12,914.453
2018-11-13,927.086
2018-11-14,932.872
2018-11-15,932.968
2018-11-16,936.165
2018-11-19,945.709
2018-11-20,916.864
2018-11-21,927.08
2018-11-22,926.288
2018-11-23,930.033
2018-11-26,939.624
2018-11-27,935.17
2018-11-28,940.71
2018-11-29,951.256
2018-11-30,954.16
2018-12-03,949.745
2018-12-04,938.805
2018-12-05,939.702
2018-12-06,928.273
2018-12-07,936.995
2018-12-10,922.273
2018-12-11,918.009
2018-12-12,900.511
2018-12-13,913.865
2018-12-14,905.286
2018-12-17,899.619
2018-12-18,910.741
2018-12-19,925.527
2018-12-20,918.541
2018-12-21,918.608
2018-12-24,915.269
2018-12-26,910.022
2018-12-27,909.748
2018-12-28,904.353
2018-12-31,912.705
2019-01-02,888.65
2019-01-03,873.99
2019-01-04,888.308
2019-01-07,899.511
2019-01-08,906.97
2019-01-09,911.569
2019-01-10,911.963
2019-01-11,916.87
2019-01-14,920.538
2019-01-15,931.733
2019-01-16,954.115
2019-01-17,968.174
2019-01-18,984.549
2019-01-21,979.552
2019-01-22,996.771
2019-01-23,1001.41
2019-01-24,1017.743
2019-01-25,1018.014
2019-01-28,1012.898
2019-01-29,1040.984
2019-01-30,1041.895
2019-01-31,1040.7419
2019-02-01,1029.371
2019-02-04,1022.55
2019-02-05,1024.484
2019-02-06,1025.843
2019-02-07,1027.84
2019-02-08,1024.517
2019-02-11,1043.947
2019-02-12,1037.625
2019-02-13,1016.458
2019-02-14,1021.3
2019-02-15,1027.15
2019-02-18,1017.285
2019-02-19,1017.421
2019-02-20,1019.713
2019-02-21,1024.9399
2019-02-22,1031.8571
2019-02-25,1043.301
2019-02-26,1050.823
2019-02-27,1041.41
2019-02-28,1045.299
2019-03-01,1032.666
2019-03-04,1041.933
2019-03-05,1037.306
2019-03-06,1034.5291
2019-03-07,1022.827
2019-03-08,1015.383
2019-03-11,1008.504
2019-03-12,1017.211
2019-03-13,1021.966
2019-03-14,1024.323
2019-03-15,1033.041
2019-03-18,1045.947
2019-03-19,1048.616
2019-03-20,1033.1021
2019-03-21,1034.078
2019-03-22,998.353
2019-03-25,993.259
2019-03-26,973.786
2019-03-27,918.551
2019-03-28,921.203
2019-03-29,937.842
2019-04-01,941.013
2019-04-02,935.331
2019-04-03,944.411
2019-04-04,983.369
2019-04-05,987.834
2019-04-08,969.783
2019-04-09,981.353
2019-04-10,970.15
2019-04-11,960.73
2019-04-12,959.768
2019-04-15,951.917
2019-04-16,968.09
2019-04-17,982.032
2019-04-18,968.865
2019-04-19,968.614
2019-04-22,959.528
2019-04-24,961.422
2019-04-25,944.985
2019-04-26,947.831
2019-04-29,945.351
2019-04-30,954.156
2019-05-02,941.794
2019-05-03,939.461
2019-05-06,929.823
2019-05-07,914.825
2019-05-08,902.722
2019-05-09,886.859
2019-05-10,885.334
2019-05-13,862.825
2019-05-14,880.229
2019-05-15,873.804
2019-05-16,872.039
2019-05-17,867.961
2019-05-20,867.715
2019-05-21,853.096
2019-05-22,836.753
2019-05-23,845.962
2019-05-24,860.723
2019-05-27,855.454
2019-05-28,867.776
2019-05-29,871.863
2019-05-30,900.116
2019-05-31,905.897
2019-06-03,903.456
2019-06-07,938.091
2019-06-10,941.031
2019-06-11,928.256
2019-06-12,926.058
2019-06-13,905.015
2019-06-14,907.87
2019-06-17,922.498
2019-06-18,942.187
2019-06-19,942.441
2019-06-20,941.577
2019-06-21,940.223
2019-06-24,951.825
2019-06-25,954.211
2019-06-26,948.312
2019-06-27,955.731
2019-06-28,964.853
2019-07-01,997.357
2019-07-02,1002.01
2019-07-03,993.633
2019-07-04,993.822
2019-07-05,996.348
2019-07-08,986.954
2019-07-09,968.112
2019-07-10,985.853
2019-07-11,994.064
2019-07-12,970.983
2019-07-16,980.285
2019-07-17,998.062
2019-07-18,1015.663
2019-07-19,1018.492
2019-07-22,1010.887
2019-07-23,1025.562
2019-07-24,1034.573
2019-07-25,1020.45
2019-07-26,1028.3719
2019-07-29,1033.731
2019-07-30,1026.861
2019-07-31,1020.825
2019-08-01,1019.003
2019-08-02,996.794
2019-08-05,986.733
2019-08-06,995.838
2019-08-07,980.565
2019-08-08,992.085
2019-08-09,994.05
2019-08-15,965.787
2019-08-16,957.342
2019-08-19,952.862
2019-08-20,960.318
2019-08-21,955.221
2019-08-22,953.942
2019-08-23,971.49
2019-08-26,971.013
2019-08-27,960.305
2019-08-28,959.084
2019-08-29,967.185
2019-09-02,983.429
2019-09-03,988.261
2019-09-04,1000.775
2019-09-05,1002.784
2019-09-06,989.875
2019-09-09,1006.05
2019-09-10,1012.129
2019-09-11,1019.222
2019-09-12,1024.473
2019-09-13,1030.718
2019-09-16,1025.897
2019-09-17,1014.474
2019-09-18,1019.301
2019-09-19,1003.388
2019-09-20,1002.367
2019-09-23,1000.207
2019-09-24,1018.469
2019-09-25,1026.184
2019-09-26,1019.403
2019-09-27,1051.522
2019-09-30,1050.33
2019-10-01,1038.766
2019-10-02,1035.092
2019-10-03,1027.843
2019-10-04,1034.635
2019-10-07,1029.932
2019-10-08,1018.593
2019-10-09,996.487
2019-10-10,987.804
2019-10-11,990.278
2019-10-14,939.814
2019-10-15,952.576
2019-10-16,941.372
2019-10-17,948.962
2019-10-18,984.153
2019-10-21,973.24
2019-10-22,978.864
2019-10-23,997.852
2019-10-24,1003.456
2019-10-25,1002.16
2019-10-28,998.383
2019-10-30,986.92
2019-10-31,984.685
2019-11-01,984.627
2019-11-04,1000.878
2019-11-05,1005.253
2019-11-06,1011.437
2019-11-07,1035.444
2019-11-08,1031.532
2019-11-11,1031.1851
2019-11-12,1039.724
2019-11-13,1048.282
2019-11-14,1037.806
2019-11-15,1053.797
2019-11-18,1068.462
2019-11-19,1075.287
2019-11-20,1067.851
2019-11-21,1068.052
2019-11-22,1065.884
2019-11-25,1053.825
2019-11-26,1059.8311
2019-11-27,1058.442
2019-11-28,1071.262
2019-11-29,1069.037
2019-12-02,1080.043
2019-12-03,1067.899
2019-12-04,1077.0129
2019-12-05,1086.59
2019-12-06,1088.691
2019-12-09,1087.861
2019-12-10,1080.115
2019-12-11,1079.217
2019-12-12,1101.147
2019-12-13,1104.766
2019-12-16,1111.255
2019-12-17,1110.7371
2019-12-18,1105.7469
2019-12-19,1105.994
2019-12-20,1111.7679
2019-12-23,1121.752
2019-12-24,1131.535
2019-12-26,1136.53
2019-12-27,1136.8361
2019-12-30,1147.54
2019-12-31,1144.25
2020-01-02,1159.321
2020-01-03,1136.84
2020-01-06,1114.127
2020-01-07,1125.999
2020-01-08,1128.761
2020-01-09,1179.905
2020-01-10,1186.637
2020-01-13,1202.49
2020-01-14,1214.233
2020-01-15,1209.3879
2020-01-16,1210.009
2020-01-17,1214.748
2020-01-20,1226.198
2020-01-21,1235.561
2020-01-22,1227.4709
2020-01-23,1225.402
2020-01-24,1221.418
2020-01-27,1201.4969
2020-01-28,1198.016
2020-01-29,1196.895
2020-01-30,1198.4969
2020-01-31,1191.401
2020-02-03,1192.428
2020-02-04,1221.3621
2020-02-05,1223.208
2020-02-06,1222.839
2020-02-07,1210.151
2020-02-10,1183.415
2020-02-11,1197.978
2020-02-12,1200.4871
2020-02-13,1205.405
2020-02-14,1201.514
2020-02-17,1207.9189
2020-02-18,1195.741
2020-02-19,1191.9611
2020-02-20,1156.42
2020-02-21,1168.2939
2020-02-24,1147.892
2020-02-25,1143.645
2020-02-26,1151.713
2020-02-27,1104.184
2020-02-28,1059.937
2020-03-02,1073.099
2020-03-03,1112.073
2020-03-04,1107.854
2020-03-05,1118.151
2020-03-06,1096.005
2020-03-09,1035.24
2020-03-10,1010.625
2020-03-11,1009.663
2020-03-12,936.395
2020-03-13,956.052
2020-03-16,878.883
2020-03-17,867.777
2020-03-18,855.766
2020-03-19,851.954
2020-03-20,857.958
2020-03-23,842.462
2020-03-24,892.862
2020-03-25,890.63
2020-03-26,915.276
2020-03-27,881.25
2020-03-30,880.595
2020-03-31,896.437
2020-04-01,890.851
2020-04-02,895.109
2020-04-03,895.526
2020-04-06,920.711
2020-04-07,923.818
2020-04-08,932.252
2020-04-09,958.344
2020-04-10,964.71
2020-04-13,963.986
2020-04-14,985.498
2020-04-15,958.549
2020-04-16,962.491
2020-04-17,981.798
2020-04-20,989.459
2020-04-21,976.19
2020-04-22,981.71
2020-04-24,987.59
2020-04-27,1012.674
2020-04-28,1007.075
2020-04-29,1015.953
2020-04-30,1011.101
2020-05-04,988.422
2020-05-05,987.375
2020-05-06,985.715
2020-05-07,983.988
2020-05-08,978.452
2020-05-11,977.922
2020-05-12,996.159
2020-05-13,1001.591
2020-05-14,991.93
2020-05-15,997.682
2020-05-18,1019.83
2020-05-20,1021.575
2020-05-21,1026.489
2020-05-22,1030.243
2020-05-27,1049.535
2020-05-28,1053.598
2020-05-29,1055.205
2020-06-01,1072.662
2020-06-02,1080.973
2020-06-03,1091.113
2020-06-04,1095.369
2020-06-05,1100.218
2020-06-08,1096.371
2020-06-09,1092.365
2020-06-10,1097.7889
2020-06-11,1091.554
2020-06-12,1098.355
2020-06-15,1095.5601
2020-06-16,1109.397
2020-06-17,1109.4
2020-06-18,1124.946
2020-06-19,1136.119
2020-06-22,1151.901
2020-06-23,1153.389
2020-06-24,1144.489
2020-06-25,1141.39
2020-06-26,1146.684
2020-06-29,1158.4301
2020-06-30,1165.248
2020-07-01,1153.15
2020-07-02,1169.078
2020-07-03,1157.485
2020-07-06,1184.8521
2020-07-07,1193.389
2020-07-08,1187.125
2020-07-09,1157.936
2020-07-10,1148.0861
2020-07-13,1183.9871
2020-07-14,1177.411
2020-07-16,1188.075
2020-07-17,1187.861
2020-07-20,1192.809
2020-07-21,1180.42
2020-07-22,1180.799
2020-07-23,1190.312
2020-07-24,1192.016
2020-07-27,1195.7
2020-07-28,1152.7
2020-07-29,1135.6
2020-07-30,1126.9
2020-08-04,1087.2
2020-08-05,1091.8
2020-08-06,1034.4
2020-08-07,1060.6
2020-08-10,1075.5
2020-08-11,1110.1
2020-08-12,1114.2
2020-08-13,1100.3
2020-08-14,1083.8
2020-08-17,1086.2
2020-08-18,1092.5
2020-08-19,1124.7
2020-08-20,1126.8
2020-08-21,1109.9
2020-08-24,1108.4
2020-08-25,1092.2
2020-08-26,1099.0
2020-08-27,1108.9
2020-08-28,1100.6
2020-08-31,1078.6
2020-09-01,1085.2
2020-09-02,1083.9
2020-09-03,1076.3
2020-09-04,1086.3
2020-09-07,1096.8
2020-09-08,1089.6
2020-09-09,1099.7
2020-09-10,1099.1
2020-09-11,1102.7
2020-09-14,1107.3
2020-09-15,1111.2
2020-09-16,1107.1
2020-09-17,1110.7
2020-09-18,1112.0
2020-09-21,1087.0
2020-09-22,1096.2
2020-09-23,1102.7
2020-09-24,1119.6
2020-09-25,1124.2
2020-09-28,1121.2
2020-09-29,1123.3
2020-09-30,1145.2
2020-10-01,1143.5
2020-10-02,1145.0
2020-10-05,1160.7
2020-10-06,1153.7
2020-10-07,1152.4
2020-10-08,1150.5
2020-10-09,1165.7
2020-10-12,1178.4
2020-10-13,1174.7
2020-10-14,1189.3
2020-10-15,1180.4
2020-10-16,1192.7
2020-10-19,1205.4
2020-10-20,1210.4
2020-10-21,1211.5
2020-10-22,1198.3
2020-10-23,1190.6
2020-10-26,1144.5
2020-10-27,1152.6
2020-10-28,1127.0
2020-10-30,1112.4
2020-11-02,1133.6
2020-11-03,1150.7
2020-11-04,1167.7
2020-11-05,1180.0
2020-11-06,1192.0
2020-11-09,1231.5
2020-11-10,1243.0
2020-11-11,1279.2
2020-11-12,1271.8
2020-11-13,1291.3
2020-11-16,1293.0
2020-11-17,1259.7
2020-11-18,1294.7
2020-11-19,1313.0
2020-11-20,1324.0
2020-11-23,1314.3
2020-11-24,1321.0
2020-11-25,1325.5
2020-11-26,1342.5
2020-11-27,1328.7
2020-11-30,1283.6
2020-12-01,1325.3
2020-12-02,1325.5
2020-12-03,1330.9
2020-12-04,1330.9
2020-12-07,1329.9
2020-12-08,1339.9
2020-12-09,1350.3
2020-12-10,1353.4
2020-12-11,1370.7
2020-12-14,1388.6
2020-12-15,1395.4
2020-12-16,1392.5
2020-12-17,1399.4
2020-12-18,1408.3
2020-12-21,1384.4
2020-12-22,1405.0
2020-12-23,1417.7
2020-12-24,1426.0
2020-12-28,1439.3
2020-12-29,1459.7
2020-12-30,1479.9
2020-12-31,1476.7
2021-01-04,1495.4
2021-01-05,1489.6
2021-01-06,1505.4
2021-01-07,1522.2
2021-01-08,1540.6
2021-01-11,1536.2
2021-01-12,1549.5
2021-01-13,1559.3
2021-01-14,1546.6
2021-01-15,1524.5
2021-01-18,1556.8
2021-01-19,1565.0
2021-01-20,1569.4
2021-01-21,1551.6
2021-01-22,1542.5
2021-01-25,1540.2
2021-01-26,1536.1
2021-01-27,1467.0
2021-01-28,1498.3
2021-01-29,1473.5
2021-02-01,1492.5
2021-02-02,1511.4
2021-02-03,1533.6
2021-02-04,1534.9
2021-02-05,1527.2
2021-02-08,1534.9
2021-02-09,1544.1
2021-02-10,1547.1
2021-02-11,1545.6
2021-02-12,1538.4
2021-02-15,1562.5
2021-02-16,1542.8
2021-02-17,1540.6
2021-02-18,1546.4
2021-02-19,1560.3
2021-02-22,1550.6
2021-02-23,1517.9
2021-02-24,1483.0
2021-02-25,1488.2
2021-02-26,1471.4
2021-03-01,1527.5
2021-03-02,1528.8
2021-03-03,1531.1
2021-03-04,1538.0
2021-03-05,1542.0
2021-03-08,1530.3
2021-03-09,1549.2
2021-03-10,1564.9
2021-03-11,1556.5
2021-03-12,1557.4
2021-03-15,1555.5
2021-03-16,1570.4
2021-03-17,1562.1
2021-03-18,1550.9
2021-03-19,1529.0
2021-03-22,1379.3
2021-03-23,1377.4
2021-03-24,1413.9
2021-03-25,1394.4
2021-03-26,1382.2
2021-03-29,1392.6
2021-03-30,1395.8
2021-03-31,1391.7
2021-04-01,1426.6
2021-04-05,1442.1
2021-04-06,1420.6
2021-04-07,1417.9
2021-04-08,1416.6
2021-04-09,1393.2
2021-04-12,1375.9
2021-04-13,1378.4
2021-04-14,1409.2
2021-04-15,1407.8
2021-04-16,1408.1
2021-04-19,1377.2
2021-04-20,1365.3
2021-04-21,1330.5
2021-04-22,1345.2
2021-04-26,1374.0
2021-04-27,1392.0
2021-04-28,1385.9
2021-04-29,1401.5
2021-04-30,1397.8
2021-05-03,1421.2
2021-05-04,1416.3
2021-05-05,1420.0
2021-05-06,1427.7
2021-05-07,1441.3
2021-05-10,1460.9
2021-05-11,1444.9
2021-05-12,1441.3
2021-05-17,1454.3
2021-05-18,1459.6
2021-05-20,1449.8
2021-05-21,1451.8
2021-05-24,1452.2
2021-05-25,1400.2
2021-05-26,1427.1
2021-05-27,1415.0
2021-05-28,1422.1
2021-05-31,1420.5
2021-06-01,1432.0
2021-06-02,1430.7
2021-06-03,1428.1
2021-06-04,1432.9
2021-06-07,1447.1
2021-06-08,1447.6
2021-06-09,1449.2
2021-06-10,1456.7
2021-06-11,1460.9
2021-06-14,1454.3
2021-06-15,1442.6
2021-06-16,1431.3
2021-06-17,1414.2
2021-06-18,1391.1
2021-06-21,1398.5
2021-06-22,1409.9
2021-06-23,1402.4
2021-06-24,1410.8
2021-06-25,1391.9
2021-06-28,1373.3
2021-06-29,1371.7
2021-06-30,1356.3
2021-07-01,1372.8
2021-07-02,1376.7
2021-07-05,1392.6
2021-07-06,1382.6
2021-07-07,1390.6
2021-07-08,1373.0
2021-07-09,1378.3
2021-07-12,1357.0
2021-07-13,1346.8
2021-07-14,1367.3
2021-07-16,1363.3
2021-07-19,1351.6
2021-07-26,1349.1
2021-07-27,1359.6
2021-07-28,1360.8
2021-07-29,1391.6
2021-07-30,1392.9
2021-08-02,1399.7
2021-08-03,1408.8
2021-08-04,1413.8
2021-08-05,1431.8
2021-08-06,1434.8
2021-08-09,1432.6
2021-08-10,1437.5
2021-08-11,1410.9
2021-08-12,1444.5
2021-08-13,1447.6
2021-08-16,1455.3
2021-08-17,1461.7
2021-08-18,1449.6
2021-08-19,1439.9
2021-08-20,1444.6
2021-08-23,1459.3
2021-08-24,1465.9
2021-08-25,1453.3
2021-08-26,1448.5
2021-08-27,1458.2
2021-08-31,1472.1
2021-09-01,1474.1
2021-09-02,1479.1
2021-09-03,1468.7
2021-09-06,1474.7
2021-09-07,1454.7
2021-09-08,1433.9
2021-09-09,1452.7
2021-09-10,1438.7
2021-09-13,1438.3
2021-09-14,1434.4
2021-09-15,1424.0
2021-09-16,1418.0
2021-09-17,1419.4
2021-09-20,1391.9
2021-09-21,1385.6
2021-09-22,1407.5
2021-09-23,1401.5
2021-09-24,1384.7
2021-09-27,1391.7
2021-09-28,1383.8
2021-09-29,1391.9
2021-09-30,1406.4
2021-10-01,1401.5
2021-10-04,1394.4
2021-10-05,1391.7
2021-10-06,1371.7
2021-10-07,1396.9
2021-10-08,1398.0
2021-10-11,1416.3
2021-10-12,1416.8
2021-10-13,1413.5
2021-10-14,1411.8
2021-10-15,1409.6
2021-10-18,1417.7
2021-10-19,1429.9
2021-10-20,1432.8
2021-10-21,1455.4
2021-10-22,1479.9
2021-10-25,1492.9
2021-10-26,1509.2
2021-10-27,1519.3
2021-10-28,1522.0
2021-11-01,1536.3
2021-11-02,1533.1
2021-11-03,1547.0
2021-11-04,1575.7
2021-11-05,1583.6
2021-11-08,1608.5
2021-11-09,1615.6
2021-11-10,1624.1
2021-11-11,1625.1
2021-11-12,1638.5
2021-11-15,1702.5
2021-11-16,1685.6
2021-11-17,1707.0
2021-11-18,1736.9
2021-11-19,1737.3
2021-11-22,1755.5
2021-11-23,1784.6
2021-11-24,1812.3
2021-11-25,1819.2
2021-11-26,1776.4
2021-11-29,1808.8
2021-11-30,1809.7
2021-12-01,1857.4
2021-12-02,1880.1
2021-12-03,1910.4
2021-12-06,1927.4
2021-12-07,1981.0
2021-12-08,2004.6
2021-12-09,2031.4
2021-12-10,2035.5
2021-12-13,2101.5
2021-12-14,2157.7
2021-12-15,2162.3
2021-12-16,2278.6001
2021-12-17,2084.5
2021-12-20,2056.3999
2021-12-21,1892.0
2021-12-22,1804.2
2021-12-23,1805.3
2021-12-24,1891.3
2021-12-27,1897.1
2021-12-28,1850.5
2021-12-29,1895.5
2021-12-30,1863.7
2021-12-31,1857.7
2022-01-03,1926.7
2022-01-04,1963.6
2022-01-05,2005.3
2022-01-06,2007.6
2022-01-07,2033.3
2022-01-10,2045.2
2022-01-11,2046.0
2022-01-12,2064.2
2022-01-13,2070.7
2022-01-14,2072.8999
2022-01-17,2085.8
2022-01-18,1979.8
2022-01-19,2042.1
2022-01-20,2014.2
2022-01-21,2011.2
2022-01-24,1910.3
2022-01-25,1945.1
2022-01-26,1951.2
2022-01-27,1997.7
2022-01-28,1983.2
2022-01-31,2003.2
2022-02-01,2015.4
2022-02-02,2002.2
2022-02-03,1957.9
2022-02-04,1943.8
2022-02-07,1997.6
2022-02-08,2007.1
2022-02-09,2042.9
2022-02-10,2038.7
2022-02-11,2051.1001
2022-02-14,2001.9
2022-02-15,2038.2
2022-02-16,2041.4
2022-02-17,2010.0
2022-02-18,2032.4
2022-02-21,2038.1
2022-02-22,2017.5
2022-02-23,2016.0
2022-02-24,1851.4
2022-02-25,1952.4
2022-02-28,1946.2
2022-03-01,1969.9
2022-03-02,1986.1
2022-03-03,2023.3
2022-03-04,1990.8
2022-03-07,1997.3
2022-03-08,2011.4
2022-03-09,2042.7
2022-03-10,2042.0
2022-03-11,2053.8999
2022-03-14,2088.5
2022-03-15,2079.3999
2022-03-16,2088.8
2022-03-17,2133.6001
2022-03-18,2144.3
2022-03-21,2175.0
2022-03-22,2188.8
2022-03-23,2183.1001
2022-03-24,2176.2
2022-03-25,2175.5
2022-03-28,2172.5
2022-03-29,2206.5
2022-03-30,2230.2
2022-03-31,2233.3
2022-04-01,2251.7
2022-04-04,2311.3999
2022-04-05,2326.3
2022-04-06,2316.3999
2022-04-07,2345.2
2022-04-08,2393.3999
2022-04-11,2449.1001
2022-04-12,2463.8
2022-04-13,2460.3999
2022-04-14,2475.3999
2022-04-15,2494.3999
2022-04-18,2510.3
2022-04-19,2519.2
2022-04-20,2525.8999
2022-04-21,2556.8
2022-04-22,2472.5
2022-04-25,2482.6001
2022-04-26,2418.3
2022-04-27,2451.3999
2022-04-28,2428.3999
2022-04-29,2430.6001
2022-05-05,2466.3
2022-05-06,2458.7
2022-05-09,2465.7
2022-05-10,2490.2
2022-05-11,2453.8999
2022-05-12,2391.0
2022-05-13,2419.2
2022-05-16,2390.8
2022-05-17,2394.8
2022-05-18,2393.6001
2022-05-20,2372.3999
2022-05-23,2380.8999
2022-05-24,2375.0
2022-05-25,2418.1001
2022-05-26,2450.8
2022-05-27,2438.8
2022-05-30,2527.2
2022-05-31,2547.1001
2022-06-01,2568.8
2022-06-02,2601.6001
2022-06-03,2601.3
2022-06-06,2648.1001
2022-06-07,2648.2
2022-06-08,2540.3999
2022-06-09,2571.6001
2022-06-10,2543.1001
2022-06-13,2510.1001
2022-06-14,2508.8999
2022-06-15,2531.1001
2022-06-16,2485.3999
2022-06-17,2533.3
2022-06-20,2539.2
2022-06-21,2575.8999
2022-06-22,2574.3
2022-06-23,2543.2
2022-06-24,2554.1001
2022-06-27,2529.3
2022-06-28,2490.2
2022-06-29,2402.0
2022-06-30,2405.3999
2022-07-01,2443.8
2022-07-04,2406.0
2022-07-05,2371.3
2022-07-06,2408.2
2022-07-07,2425.6001
2022-07-08,2434.0
2022-07-13,2408.1001
2022-07-14,2382.3999
2022-07-18,2451.3
2022-07-19,2502.0
2022-07-20,2525.2
2022-07-21,2511.3999
2022-07-22,2516.6001
2022-07-25,2548.5
2022-07-26,2537.1001
2022-07-27,2544.1001
2022-07-28,2543.3
2022-07-29,2592.3999
2022-08-01,2656.3
2022-08-02,2647.6001
2022-08-03,2684.5
2022-08-04,2723.7
2022-08-05,2750.5
2022-08-08,2795.1001
2022-08-09,2785.2
2022-08-10,2829.6001
2022-08-11,2868.3999
2022-08-12,2864.3
2022-08-15,2857.2
2022-08-16,2913.3
2022-08-17,2980.0
2022-08-18,3020.0
2022-08-19,3020.2
2022-08-22,3062.5
2022-08-23,3121.5
2022-08-24,3060.3
2022-08-25,3136.8
2022-08-26,3146.1001
2022-08-29,3165.0
2022-08-31,3171.2
2022-09-01,3142.7
2022-09-02,3222.7
2022-09-05,3358.3999
2022-09-06,3391.3999
2022-09-07,3402.8
2022-09-08,3437.3999
2022-09-09,3521.3999
2022-09-12,3649.2
2022-09-13,3426.8999
2022-09-14,3447.0
2022-09-15,3363.1001
2022-09-16,3377.3
2022-09-19,3199.5
2022-09-20,3277.5
2022-09-21,3245.8
2022-09-22,3295.3
2022-09-23,3281.6001
2022-09-26,3260.2
2022-09-27,3265.6001
2022-09-28,3198.2
2022-09-29,3146.8999
2022-09-30,3180.0
2022-10-03,3392.1001
2022-10-04,3458.0
2022-10-05,3484.3999
2022-10-06,3553.8999
2022-10-07,3567.6001
2022-10-10,3582.0
2022-10-11,3571.6001
2022-10-12,3517.8
2022-10-13,3553.3999
2022-10-14,3627.0
2022-10-17,3847.6001
2022-10-18,3841.6001
2022-10-19,3880.3
2022-10-20,3900.8999
2022-10-21,3934.6001
2022-10-24,3977.5
2022-10-25,3975.0
2022-10-26,3976.3999
2022-10-27,3934.5
2022-10-28,3879.0
2022-10-31,3979.0
2022-11-01,4054.7
2022-11-02,4071.8999
2022-11-03,4105.5
2022-11-04,4217.0
2022-11-07,4331.7002
2022-11-08,4360.2998
2022-11-09,4361.0
2022-11-10,4467.1001
2022-11-11,4455.5
2022-11-14,4570.2002
2022-11-15,4657.0
2022-11-16,4668.5
2022-11-17,4507.2002
2022-11-18,4526.7002
2022-11-21,4570.2998
2022-11-22,4780.7002
2022-11-23,4854.2002
2022-11-24,4858.2002
2022-11-25,4874.2998
2022-11-28,4923.2002
2022-11-29,4962.5
2022-11-30,4977.6001
2022-12-01,5046.2002
2022-12-02,4963.0
2022-12-05,4957.7998
2022-12-06,5000.1001
2022-12-07,4827.0
2022-12-08,4855.8999
2022-12-09,5005.2998
2022-12-12,5193.2998
2022-12-13,5256.2002
2022-12-14,5066.5
2022-12-15,5188.7998
2022-12-16,5214.2998
2022-12-19,5391.8999
2022-12-20,5419.0
2022-12-21,5429.1001
2022-12-22,5447.2002
2022-12-23,5454.7998
2022-12-26,5504.1001
2022-12-27,5434.5
2022-12-28,5345.6001
2022-12-29,5476.8999
2022-12-30,5509.2002
2023-01-02,5661.1001
2023-01-03,5626.6001
2023-01-04,5523.5
2023-01-05,5116.3999
2023-01-06,5342.0
2023-01-09,5171.0
2023-01-10,4988.0
2023-01-11,4728.8999
2023-01-12,4970.7002
2023-01-13,4984.8999
2023-01-16,5207.7002
2023-01-17,5315.0
2023-01-18,5384.2002
2023-01-19,5422.3999
2023-01-20,5490.2998
2023-01-23,5404.3999
2023-01-24,5366.5
2023-01-25,5297.7998
2023-01-26,5231.0
2023-01-27,5191.7998
2023-01-30,5096.2998
2023-01-31,4976.6001
2023-02-01,4713.3999
2023-02-02,4752.2002
2023-02-03,4997.6001
2023-02-06,4930.2002
2023-02-07,4505.2998
2023-02-08,4505.2998
2023-02-15,4950.5
2023-02-16,5008.6001
2023-02-17,5026.7998
2023-02-20,5148.8999
2023-02-21,5149.3999
2023-02-22,5071.3999
2023-02-23,5086.2002
2023-02-24,5058.7998
2023-02-27,5197.3999
2023-02-28,5237.2998
2023-03-01,5322.7002
2023-03-02,5261.3999
2023-03-03,5212.3999
2023-03-06,5392.2998
2023-03-07,5381.8999
2023-03-08,5438.3999
2023-03-09,5446.2002
2023-03-10,5384.6001
2023-03-13,5323.2002
2023-03-14,5207.2998
2023-03-15,5121.6001
2023-03-16,5229.6001
2023-03-17,5136.3999
2023-03-20,4975.5
2023-03-21,4906.6001
2023-03-22,5001.1001
2023-03-23,5062.0
2023-03-24,5032.0
2023-03-27,4997.7998
2023-03-28,4811.5
2023-03-29,4943.2002
2023-03-30,4896.1001
2023-03-31,4812.8999
2023-04-03,4839.5
2023-04-04,4984.1001
2023-04-05,4919.8999
2023-04-06,4912.7998
2023-04-07,4924.6001
2023-04-10,5092.2998
2023-04-11,5124.2998
2023-04-12,5146.1001
2023-04-13,5135.6001
2023-04-14,5092.8999
2023-04-17,5059.3999
2023-04-18,5018.7002
2023-04-19,5061.2002
2023-04-20,5012.2998
2023-04-24,5022.7998
2023-04-25,4891.0
2023-04-26,4783.5
2023-04-27,4789.6001
2023-04-28,4617.8999
2023-05-02,4506.2002
2023-05-03,4486.0
2023-05-04,4484.3999
2023-05-05,4400.7998
2023-05-08,4561.8999
2023-05-09,4536.2002
2023-05-10,4494.5
2023-05-11,4848.0
2023-05-12,4795.6001
2023-05-15,4501.2002
2023-05-16,4589.7002
2023-05-17,4661.7002
2023-05-18,4501.7002
2023-05-22,4466.2002
2023-05-23,4471.0
2023-05-24,4424.8999
2023-05-25,4428.0
2023-05-26,4580.7002
2023-05-29,4768.6001
2023-05-30,4951.3999
2023-05-31,4886.8999
2023-06-01,4959.7998
2023-06-02,5115.0
2023-06-05,5372.7002
2023-06-06,5388.7998
2023-06-07,5561.2002
2023-06-08,5554.0
2023-06-09,5626.5
2023-06-12,5589.0
2023-06-13,5429.1001
2023-06-14,5360.7998
2023-06-15,5495.5
2023-06-16,5475.5
2023-06-19,5269.2998
2023-06-20,5251.6001
2023-06-21,5186.7998
2023-06-22,5428.2998
2023-06-23,5582.7998
2023-06-26,5732.8999
2023-06-27,5759.1001
2023-07-03,6015.2998
2023-07-04,6003.8999
2023-07-05,6106.7998
2023-07-06,6141.1001
2023-07-07,6187.1001
2023-07-10,6270.3999
2023-07-11,6362.8999
2023-07-12,6342.1001
2023-07-13,6368.3999
2023-07-14,6437.7002
2023-07-17,6600.5
2023-07-18,6365.0
2023-07-19,6571.2998
2023-07-20,6682.1001
2023-07-21,6687.7998
2023-07-24,6695.1001
2023-07-25,6605.0
2023-07-26,6743.8999
2023-07-27,6856.1001
2023-07-28,7067.2998
2023-07-31,7217.0
2023-08-01,7168.5
2023-08-02,7258.5
2023-08-03,7221.5
2023-08-04,7400.6001
2023-08-07,7470.1001
2023-08-08,7412.2002
2023-08-09,7600.7002
2023-08-10,7441.5
2023-08-11,7714.3999
2023-08-14,7737.3999
2023-08-15,7690.7998
2023-08-16,7662.2998
2023-08-17,7764.5
2023-08-18,7513.2998
2023-08-21,7796.7002
2023-08-22,7771.2998
2023-08-23,7602.2002
2023-08-24,7491.8999
2023-08-25,7716.7002
2023-08-28,7941.7002
2023-08-29,7907.1001
2023-08-31,7917.8999
2023-09-01,8056.1001
2023-09-04,8141.2998
2023-09-05,8236.0996
2023-09-06,8181.7002
2023-09-07,8337.7002
2023-09-08,8325.2998
2023-09-11,8146.5
2023-09-12,8159.8999
2023-09-13,8013.8999
2023-09-14,8118.7998
2023-09-15,7962.0
2023-09-18,7680.3999
2023-09-19,7784.0
2023-09-20,7719.7998
2023-09-21,8000.5
2023-09-22,8039.2002
2023-09-25,8304.7998
2023-09-26,8242.2998
2023-09-27,8213.7998
2023-09-28,8218.7002
2023-09-29,8334.9004
2023-10-02,8487.0
2023-10-03,8513.5
2023-10-04,8333.0996
2023-10-05,8488.0
2023-10-06,8464.9004
2023-10-09,8193.4004
2023-10-10,8442.7998
2023-10-11,8330.5996
2023-10-12,8259.2998
2023-10-13,8113.2998
2023-10-16,7934.6001
2023-10-17,8115.0
2023-10-18,7842.7002
2023-10-19,7769.0
2023-10-20,7510.7002
2023-10-23,7750.3999
2023-10-24,7990.3999
2023-10-25,7425.0
2023-10-26,7662.1001
2023-10-27,7706.3999
2023-10-30,7712.8999
2023-10-31,7514.1001
2023-11-01,7528.6001
2023-11-02,7663.6001
2023-11-03,7706.0
2023-11-06,7868.0
2023-11-07,7844.7998
2023-11-08,7860.8999
2023-11-09,7841.5
2023-11-10,7771.2998
2023-11-13,7568.2998
2023-11-14,7671.1001
2023-11-15,7665.8999
2023-11-16,7780.7002
2023-11-17,7853.3999
2023-11-20,7946.3999
2023-11-21,8046.6001
2023-11-22,7987.0
2023-11-23,7898.6001
2023-11-24,7960.0
2023-11-27,8107.2002
2023-11-28,8093.5
2023-11-29,8009.2998
2023-11-30,7948.6001
2023-12-01,8026.2998
2023-12-04,8087.2002
2023-12-05,8057.3999
2023-12-06,7855.1001
2023-12-07,7978.7998
2023-12-08,7913.7998
2023-12-11,7728.3999
2023-12-12,7748.8999
2023-12-13,7529.2998
2023-12-14,7813.3999
2023-12-15,7993.8999
2023-12-18,7790.3999
2023-12-19,7725.8999
2023-12-20,7662.8999
2023-12-21,7765.0
2023-12-22,7557.6001
2023-12-26,7299.2998
2023-12-27,7260.3999
2023-12-28,7396.2998
2023-12-29,7470.2002
2024-01-02,7624.2998
2024-01-03,7412.0
2024-01-04,7547.7998
2024-01-05,7628.7002
2024-01-08,7818.8999
2024-01-09,7736.2998
2024-01-10,7874.2002
2024-01-11,7896.0
2024-01-12,7986.5
2024-01-15,8044.0
2024-01-16,8032.2002
2024-01-17,8024.3999
2024-01-18,8016.1001
2024-01-19,7996.7002
2024-01-22,8010.1001
2024-01-23,7950.1001
2024-01-24,8090.8999
2024-01-25,8169.8999
2024-01-26,8346.2998
2024-01-29,8471.7002
2024-01-30,8474.2998
2024-01-31,8496.7002
2024-02-01,8646.0996
2024-02-02,8665.7002
2024-02-05,8776.7002
2024-02-06,8869.0996
2024-02-07,8843.0
2024-02-08,8949.7998
2024-02-09,9046.0
2024-02-12,9174.5996
2024-02-13,8994.0
2024-02-14,9072.0996
2024-02-15,9242.2002
2024-02-16,9250.4004
2024-02-19,9196.4004
2024-02-20,9345.0
2024-02-21,9312.0996
2024-02-22,9347.2002
2024-02-23,9374.2002
2024-02-26,9334.0996
2024-02-27,9179.5
2024-02-28,9062.4004
2024-02-29,9193.7002
2024-03-01,9097.2002
2024-03-04,8907.7002
2024-03-05,8860.5
2024-03-06,8744.5996
2024-03-07,9054.2002
2024-03-08,9155.2998
2024-03-11,9131.7998
2024-03-12,9069.0
2024-03-13,8910.2002
2024-03-14,8883.5
2024-03-15,8828.7002
2024-03-18,8718.0996
2024-03-19,8929.9004
2024-03-20,8955.0996
2024-03-21,9140.7002
2024-03-22,9111.5
2024-03-25,9029.4004
2024-03-26,8807.4004
2024-03-27,8806.7002
2024-03-28,9080.0
2024-03-29,9142.4004
2024-04-01,9157.5
2024-04-02,9040.9004
2024-04-03,8945.7998
2024-04-04,9129.0
2024-04-05,9618.7998
2024-04-08,9756.7002
2024-04-09,9814.2002
2024-04-15,9679.7998
2024-04-16,9548.0996
2024-04-17,9530.5
2024-04-18,9524.5996
2024-04-19,9693.5
2024-04-22,9645.0
2024-04-24,9722.0996
2024-04-25,9716.7998
2024-04-26,9915.5996
2024-04-29,10082.7998
2024-04-30,10045.7002
2024-05-02,10208.7002
2024-05-03,10276.9004
2024-05-06,10267.0996
2024-05-07,10336.5
2024-05-08,10247.7998
2024-05-09,10268.5996
2024-05-10,10218.5996
2024-05-13,10056.0
2024-05-14,10173.4004
2024-05-15,10158.5996
2024-05-16,10320.0
2024-05-17,10643.5996
2024-05-20,10739.5996
2024-05-21,10895.2998
2024-05-22,10899.2998
2024-05-23,10792.5
2024-05-24,10676.7002
2024-05-27,10657.0
2024-05-28,10677.5
2024-05-29,10479.2002
2024-05-30,10481.2998
2024-05-31,10400.5
2024-06-03,10556.7998
2024-06-04,10364.5996
2024-06-05,10351.0
2024-06-06,10279.7002
2024-06-07,10139.0
2024-06-10,9997.9004
2024-06-11,10051.4004
2024-06-12,10165.5
2024-06-13,10391.9004
2024-06-14,10471.2998
2024-06-20,10739.9004
2024-06-21,10771.4004
2024-06-24,10767.9004
2024-06-25,10680.0
2024-06-26,10486.7002
2024-06-27,10680.9004
2024-06-28,10647.9004
2024-07-01,10343.2998
2024-07-02,10446.2002
2024-07-03,10682.2002
2024-07-04,10872.5996
2024-07-05,10851.7998
2024-07-08,10864.0996
2024-07-09,10796.5996
2024-07-10,10743.2998
2024-07-11,11024.2998
2024-07-12,11064.9004
2024-07-16,11139.2998
2024-07-17,11134.0996
2024-07-18,11139.5
2024-07-19,11156.2002
2024-07-22,11172.7998
2024-07-23,11089.5
2024-07-24,10991.5996
2024-07-25,10871.5
2024-07-26,10891.4004
2024-07-29,10733.7998
2024-07-30,10691.7002
2024-07-31,10638.5996
2024-08-01,10798.0996
2024-08-02,10473.5
2024-08-05,9893.4004
2024-08-06,9881.2002
2024-08-07,10024.2998
2024-08-08,10098.5
2024-08-09,9907.4004
2024-08-12,9828.5996
2024-08-13,9920.5996
2024-08-14,9830.9004
2024-08-15,9983.0
2024-08-16,9822.0
2024-08-19,10054.2002
2024-08-20,9982.2998
2024-08-21,9904.7998
2024-08-22,9921.4004
2024-08-23,9668.0996
2024-08-26,9565.7998
2024-08-27,9748.7998
2024-08-28,9757.2002
2024-08-29,9833.2002
2024-09-02,10110.2002
2024-09-03,10021.7998
2024-09-04,9984.9004
2024-09-05,9936.7998
2024-09-06,9771.2002
2024-09-09,9699.5996
2024-09-10,9624.0
2024-09-11,9419.7002
2024-09-12,9521.0
2024-09-13,9685.5
2024-09-16,9577.5
2024-09-17,9758.0996
2024-09-18,9774.5
2024-09-19,9975.5996
2024-09-20,9900.2998
2024-09-23,9887.7998
2024-09-24,10029.7002
2024-09-25,9891.0
2024-09-26,9829.2002
2024-09-27,9777.5
2024-09-30,9665.7998
2024-10-01,9351.2002
2024-10-02,9012.9004
2024-10-03,8898.2002
2024-10-04,9109.2998
2024-10-07,9031.5996
2024-10-08,9044.9004
2024-10-09,9132.2998
2024-10-10,8964.0996
2024-10-11,8876.2002
2024-10-14,8699.2002
2024-10-15,8860.2998
2024-10-16,8956.0
2024-10-17,9002.2998
2024-10-18,8793.5996
2024-10-21,8654.4004
2024-10-22,8838.5996
2024-10-23,8714.7002
2024-10-24,8872.9004
2024-10-25,8908.5
2024-10-28,8945.7998
2024-10-30,9006.5996
2024-10-31,8863.9004
2024-11-01,8885.0
2024-11-04,8663.9004
2024-11-05,8618.5996
2024-11-06,8862.2998
2024-11-07,8946.0996
2024-11-08,9184.7998
2024-11-11,9276.7998
2024-11-12,9226.9004
2024-11-13,9300.2998
2024-11-14,9420.4004
2024-11-15,9389.5996
2024-11-18,9395.4004
2024-11-19,9232.9004
2024-11-20,9031.7998
2024-11-21,9367.7998
2024-11-22,9549.9004
2024-11-25,9660.0
2024-11-26,9636.0996
2024-11-27,9639.7998
2024-11-28,9640.0996
2024-11-29,9652.0
2024-12-02,9681.0996
2024-12-03,9827.2002
2024-12-04,9886.0996
2024-12-05,9936.0
2024-12-06,10081.0
2024-12-09,10257.4004
2024-12-10,10099.0
2024-12-11,10058.5
2024-12-12,10058.5996
2024-12-13,10125.5
2024-12-16,9997.7002
2024-12-17,10011.2998
2024-12-18,9915.7998
2024-12-19,9765.0996
2024-12-20,9724.5
2024-12-23,9626.5996
2024-12-24,9672.7998
2024-12-26,9949.0
2024-12-27,10025.5
2024-12-30,9889.7002
2024-12-31,9830.5996
2025-01-02,9961.2998
2025-01-03,10075.2002
2025-01-06,10085.5
2025-01-07,9972.0
2025-01-08,9890.7998
2025-01-09,10000.7002
2025-01-10,9910.5996
2025-01-13,9733.2002
2025-01-14,9715.9004
2025-01-15,9739.7002
2025-01-16,9866.7002
2025-01-17,9977.9004
2025-01-20,10029.2998
2025-01-21,9999.5996
2025-01-22,10105.4004
2025-01-23,10112.7998
2025-01-24,10104.9004
2025-01-27,9997.9004
2025-01-28,10121.7998
2025-01-29,10077.0
2025-01-30,10082.0996
2025-01-31,10004.4004
2025-02-03,9774.4004
2025-02-04,9807.0996
2025-02-05,9719.7998
2025-02-06,9842.2002
2025-02-07,9951.7002
2025-02-10,9845.9004
2025-02-11,9882.7998
2025-02-12,9779.5996
2025-02-13,9914.7002
2025-02-14,9877.5996
2025-02-17,9836.5
2025-02-18,9916.9004
2025-02-19,9763.7002
2025-02-20,9807.5
2025-02-21,9602.2002
2025-02-24,9574.7998
2025-02-25,9451.5996
2025-02-26,9573.2002
2025-02-27,9741.0996
2025-02-28,9658.7002
2025-03-03,9911.0996
2025-03-04,9898.0
2025-03-05,10188.9004
2025-03-06,10459.0996
2025-03-07,10507.0996
2025-03-10,10422.2002
2025-03-11,10438.2998
2025-03-12,10580.2998
2025-03-13,10727.5996
2025-03-14,10840.5996
2025-03-17,10862.0996
2025-03-18,10802.2002
2025-03-19,9860.2998
2025-03-20,9810.9004
2025-03-21,9044.5996
2025-03-24,9299.4004
2025-03-25,9715.5996
2025-03-26,9649.5
2025-03-27,9612.7998
2025-03-28,9659.5
2025-04-02,9523.2998
2025-04-03,9484.2998
2025-04-04,9379.7998
2025-04-07,9407.2002
2025-04-08,9477.0996
2025-04-09,9275.5
2025-04-10,9338.5996
2025-04-11,9381.0
2025-04-14,9423.5996
2025-04-15,9393.7998
2025-04-16,9266.0996
2025-04-17,9396.0
2025-04-18,9317.2002
2025-04-21,9321.5996
2025-04-22,9312.0996
2025-04-24,9490.9004
2025-04-25,9432.5996
2025-04-28,9307.0
2025-04-29,9224.7998
2025-04-30,9078.4004
2025-05-02,9167.5996
2025-05-05,9112.2002
2025-05-06,9134.7002
2025-05-07,9074.5996
2025-05-08,9279.2002
2025-05-09,9390.5
2025-05-12,9747.0996
2025-05-13,9700.2002
2025-05-14,9701.5996
2025-05-15,9541.2998
2025-05-16,9668.4004
2025-05-20,9514.0
2025-05-21,9398.9004
2025-05-22,9475.2002
2025-05-23,9356.0
2025-05-26,9345.2002
2025-05-27,9213.5996
2025-05-28,9177.7002
2025-05-29,9170.5996
2025-05-30,9019.5996
2025-06-02,9008.9004
2025-06-03,9277.0
2025-06-04,9475.0
2025-06-05,9486.5996
2025-06-10,9659.2998
2025-06-11,9686.0996
2025-06-12,9520.2002
2025-06-13,9311.9004
2025-06-16,9350.0
2025-06-17,9339.5996
2025-06-18,9196.0996
2025-06-19,9102.0
2025-06-20,9203.4004
2025-06-23,9141.2998
2025-06-24,9448.9004
2025-06-25,9418.5
2025-06-26,9301.0996
2025-06-27,9404.9004
2025-06-30,9948.5
2025-07-01,10080.4004
2025-07-02,10189.0
2025-07-03,10228.4004
2025-07-04,10275.7998
2025-07-07,10107.7002
2025-07-08,9998.2002
2025-07-09,10167.2998
2025-07-10,10331.2998
2025-07-11,10358.5
2025-07-14,10225.5
2025-07-16,10121.5
2025-07-17,10370.7002
2025-07-18,10366.2002
2025-07-21,10616.2002
2025-07-22,10616.0996
2025-07-23,10592.0
2025-07-24,10689.0996
2025-07-25,10642.5996
2025-07-28,10542.0996
2025-07-29,10487.2998
2025-07-30,10619.0
2025-07-31,10743.2002
2025-08-01,10747.0
2025-08-04,10853.5
2025-08-05,10850.0
2025-08-06,10901.0
2025-08-07,10956.0996
2025-08-08,10972.5996
2025-08-11,11038.2998
2025-08-12,10954.5
2025-08-13,10950.0
2025-08-14,10824.5996
2025-08-15,10870.5996
2025-08-18,10929.7998
2025-08-19,10962.0
2025-08-20,11134.7002
2025-08-21,11313.9004
2025-08-22,11372.2998
2025-08-25,11477.7998
2025-08-26,11529.7998
2025-08-27,11359.0
2025-08-28,11368.7998
2025-08-29,11288.0996
2025-09-01,11280.0
2025-09-02,10877.5
2025-09-03,10737.7002
2025-09-04,10828.9004
2025-09-05,10729.5
2025-09-08,10449.4004
2025-09-09,10486.0996
2025-09-10,10586.2998
2025-09-11,10382.9004
2025-09-12,10372.0
2025-09-15,11000.2998
2025-09-16,11183.0
2025-09-17,11165.9004
2025-09-18,11048.0996
2025-09-19,11294.5
2025-09-22,11468.0996
2025-09-23,11331.7998
2025-09-24,11366.9004
2025-09-25,11377.5996
2025-09-26,11151.2002
2025-09-29,11048.0996
2025-09-30,11012.0996
2025-10-01,11220.2002
2025-10-02,11082.5996
2025-10-03,10858.5
2025-10-06,10734.9004
2025-10-07,10814.0996
2025-10-08,10756.2998
2025-10-09,10727.0
2025-10-10,10720.4004
2025-10-13,10556.2002
2025-10-14,10316.4004
2025-10-15,10464.5
2025-10-16,10370.7998
2025-10-17,10208.7998
2025-10-20,10484.4004
2025-10-21,10467.2002
2025-10-22,10551.2998
2025-10-23,10608.2998
2025-10-24,10941.7998
2025-10-27,10853.4004
2025-10-28,10871.0996
2025-10-30,10837.2998
2025-10-31,10971.5
2025-11-03,11060.4004
2025-11-04,10914.0996
2025-11-05,10970.4004
2025-11-06,11073.2998
2025-11-07,10924.5
2025-11-10,10789.0
2025-11-11,10576.5
2025-11-12,10640.9004
2025-11-13,10628.5996
2025-11-14,10565.7002
2025-11-17,10698.0996
2025-11-18,10728.5996
2025-11-19,10903.9004
2025-11-20,10979.7002
2025-11-21,10922.9004
2025-11-24,10888.0
2025-11-25,10857.2002
2025-11-26,10914.7002
2025-11-27,10945.5
2025-11-28,10898.7002
2025-12-01,11116.5
2025-12-02,11123.5
2025-12-03,11036.7998
2025-12-04,10918.5
2025-12-05,11007.4004
2025-12-08,11189.5
2025-12-09,11238.4004
2025-12-10,11193.9004
2025-12-11,11233.7002
2025-12-12,11311.2998
2025-12-15,11456.2998
2025-12-16,11348.7998
2025-12-17,11286.7998
2025-12-18,11335.0996
2025-12-19,11341.9004
2025-12-22,11311.0996
2025-12-23,11290.4004
2025-12-24,11340.0996
2025-12-26,11294.4004
2025-12-29,11150.9004
2025-12-30,11220.2002
2025-12-31,11261.5
2026-01-02,11498.4004
2026-01-05,11702.0
2026-01-06,12023.7998
2026-01-07,12028.7998
2026-01-08,12088.0
2026-01-09,12201.0
2026-01-12,12254.7998
2026-01-13,12385.5996
2026-01-14,12369.9004
2026-01-15,12456.7002
2026-01-16,12668.5
2026-01-19,12747.9004
2026-01-20,12805.7998
2026-01-21,12728.2002
2026-01-22,12851.5
2026-01-23,12992.7002
2026-01-26,13177.2998
2026-01-27,13107.0
2026-01-28,13407.4004
2026-01-29,13831.0996
2026-01-30,13838.2998
2026-02-02,13621.0
2026-02-03,13875.2998
2026-02-04,13891.2002
2026-02-05,13589.0996
2026-02-06,13522.0
2026-02-09,13838.4004
2026-02-10,13797.0
2026-02-11,13787.7998
2026-02-12,14180.5
2026-02-13,14180.7002
2026-02-16,14339.2998
2026-02-17,14227.2998
2026-02-18,14259.9004
2026-02-19,13804.2002
2026-02-20,13934.0996
2026-02-23,14061.7002
2026-02-24,14050.7998
2026-02-25,13809.9004
2026-02-26,13878.5
2026-02-27,13717.7998
2026-03-02,13346.4004
2026-03-03,12933.4004
2026-03-04,12943.2002
2026-03-05,13078.9004
2026-03-06,12792.7998
2026-03-09,12702.0
2026-03-10,13175.7002
2026-03-11,13200.4004
2026-03-12,13286.0996
2026-03-13,13092.9004
2026-03-16,12956.7002
2026-03-17,13217.5996
2026-03-18,13115.0996
2026-03-19,13047.7002
2026-03-23,13168.2002
2026-03-24,12930.2002
2026-03-25,12963.9004
2026-03-26,12727.0996
2026-03-27,12698.2002
2026-03-30,12626.4004
2026-03-31,12791.0
2026-04-01,12937.9004
2026-04-02,13051.7002
2026-04-03,12936.4004
2026-04-06,13112.2998
2026-04-07,12921.5996
2026-04-08,13536.7998
2026-04-09,13689.0
2026-04-10,14073.7998
2026-04-13,14058.5
2026-04-14,14202.2002
2026-04-15,14252.4004
2026-04-16,14201.0996
2026-04-17,14587.9004
2026-04-20,14484.9004
2026-04-21,14375.4004
2026-04-22,14335.5
2026-04-24,14409.0996
2026-04-27,14594.0
2026-04-28,14329.2998
2026-04-29,14311.2002
2026-04-30,14442.5996
2026-05-04,14369.5996
2026-05-05,14495.7998
2026-05-06,14917.4004
2026-05-07,15040.2998
2026-05-08,15062.7002
2026-05-11,15133.5
2026-05-12,14779.9004
2026-05-13,14598.5
2026-05-14,14644.7002
2026-05-15,14367.5996
2026-05-18,14029.5
2026-05-20,14012.0
2026-05-21,13163.9004
2026-05-22,13808.2002
2026-05-25,13890.9004
2026-05-26,13662.7998
2026-06-01,13704.0
2026-06-02,14200.2002
2026-06-03,13965.7002
2026-06-04,13872.2998
2026-06-05,13694.2002
2026-06-08,13860.5996
2026-06-09,13741.9004
2026-06-10,13744.5996
2026-06-11,13743.5
2026-06-12,13938.5
2026-06-15,14446.4004
2026-06-16,14493.0996
2026-06-17,14421.2002
2026-06-18,14827.4004
2026-06-19,14734.5
2026-06-22,14729.7002
2026-06-23,14539.5996
2026-06-24,14331.2002
2026-06-25,14259.7998
2026-06-26,14274.0
2026-06-29,14183.2002
2026-06-30,14121.7998
2026-07-01,14350.5996
2026-07-02,14455.0
2026-07-03,14417.9004
2026-07-06,14424.5
2026-07-07,14497.4004
2026-07-08,14190.0
2026-07-09,14105.4004
2026-07-10,14321.2002
2026-07-13,14092.0
2026-07-14,14080.0
2026-07-16,14251.2998
2026-07-17,13981.0996
2026-07-20,14071.0
2026-07-21,13974.0996
2026-07-22,14138.9004
2026-07-23,14077.7002
2026-07-24,13943.9004
2026-07-27,13774.7998
2026-07-28,13687.9004
2026-07-29,13501.5996
2026-07-30,13292.9004
2026-07-31,13458.0996
2026-08-03,13410.5
2026-08-04,13687.9004
2026-08-05,13642.7002
2026-08-06,13798.7998
2026-08-07,13779.4004
2026-08-10,13811.5996
2026-08-11,13704.5
2026-08-12,14110.0996
2026-08-13,14132.2002
2026-08-14,14172.2998
2026-08-17,14132.0996
2026-08-18,14128.0
2026-08-19,14091.3896
