date,open,high,low,close,volume
2000-01-04,518700.0,555450.0,508200.0,540750.0,441709
2000-01-05,507150.0,523950.0,477750.0,485100.0,353061
2000-01-06,493500.0,499800.0,454650.0,459900.0,310909
2000-01-07,445200.0,470400.0,436800.0,455700.0,499628
2000-01-10,462000.0,468300.0,451500.0,451500.0,382932
2000-01-11,462000.0,489300.0,459900.0,468300.0,536613
2000-01-12,462000.0,487200.0,457800.0,474600.0,329356
2000-01-13,483000.0,494550.0,472500.0,493500.0,532408
2000-01-14,509250.0,516600.0,474600.0,478800.0,587523
2000-01-17,497700.0,536550.0,491400.0,522900.0,975008
2000-01-18,525000.0,539700.0,505050.0,525000.0,694337
2000-01-19,525000.0,537600.0,514500.0,514500.0,634599
2000-01-20,511350.0,567000.0,500850.0,567000.0,1155922
2000-01-21,556500.0,596400.0,554400.0,558600.0,1487560
2000-01-24,575400.0,584850.0,562800.0,567000.0,582556
2000-01-25,556500.0,562800.0,541800.0,543900.0,497451
2000-01-26,549150.0,558600.0,541800.0,555450.0,433723
2000-01-27,556500.0,562800.0,535500.0,546000.0,428171
2000-01-28,546000.0,588000.0,541800.0,581700.0,803937
2000-01-31,568050.0,573300.0,552300.0,554400.0,612623
2000-02-01,546000.0,552300.0,514500.0,514500.0,929803
2000-02-02,513450.0,514500.0,487200.0,501900.0,769984
2000-02-03,495600.0,506100.0,477750.0,484050.0,756656
2000-02-04,484050.0,484050.0,484050.0,484050.0,0
2000-02-07,475650.0,496650.0,468300.0,483000.0,640018
2000-02-08,497700.0,509250.0,491400.0,500850.0,541880
2000-02-09,506100.0,510300.0,487200.0,491400.0,324604
2000-02-10,483000.0,500850.0,478800.0,489300.0,405709
2000-02-11,494550.0,498750.0,464100.0,468300.0,381418
2000-02-14,451500.0,458850.0,436800.0,438900.0,436423
2000-02-15,447300.0,455700.0,432600.0,448350.0,405761
2000-02-16,448350.0,451500.0,417900.0,438900.0,452685
2000-02-17,420000.0,430500.0,415800.0,426300.0,507389
2000-02-18,424200.0,437850.0,421050.0,426300.0,498342
2000-02-21,413700.0,415800.0,389550.0,390600.0,447937
2000-02-22,384300.0,388500.0,362250.0,367500.0,546818
2000-02-23,386400.0,414750.0,370650.0,390600.0,548566
2000-02-24,369600.0,383250.0,365400.0,370650.0,278380
2000-02-25,370650.0,381150.0,359100.0,369600.0,298333
2000-02-28,352800.0,360150.0,327600.0,327600.0,344637
2000-02-29,354900.0,375900.0,342300.0,375900.0,584423
2000-03-01,375900.0,375900.0,375900.0,375900.0,0
2000-03-02,431550.0,431550.0,431550.0,431550.0,122128
2000-03-03,495600.0,495600.0,458850.0,495600.0,1321446
2000-03-06,485100.0,492450.0,459900.0,466200.0,532428
2000-03-07,462000.0,483000.0,451500.0,471450.0,318175
2000-03-08,451500.0,490350.0,451500.0,484050.0,409675
2000-03-09,485100.0,493500.0,472500.0,472500.0,297304
2000-03-10,483000.0,487200.0,434700.0,444150.0,271418
2000-03-13,426300.0,430500.0,391650.0,396900.0,367237
2000-03-14,405300.0,432600.0,399000.0,413700.0,351142
2000-03-15,399000.0,438900.0,394800.0,431550.0,315547
2000-03-16,447300.0,449400.0,414750.0,422100.0,272666
2000-03-17,434700.0,446250.0,430500.0,436800.0,262209
2000-03-20,462000.0,473550.0,453600.0,466200.0,420261
2000-03-21,468300.0,480900.0,456750.0,476700.0,389204
2000-03-22,480900.0,510300.0,476700.0,504000.0,576875
2000-03-23,514500.0,534450.0,483000.0,483000.0,615051
2000-03-24,504000.0,555450.0,487200.0,530250.0,1051503
2000-03-27,536550.0,548100.0,508200.0,525000.0,652870
2000-03-28,535500.0,561750.0,525000.0,543900.0,723904
2000-03-29,543900.0,577500.0,535500.0,560700.0,819194
2000-03-30,554400.0,554400.0,522900.0,535500.0,513780
2000-03-31,515550.0,546000.0,515550.0,516600.0,374161
2000-04-03,527100.0,550200.0,521850.0,533400.0,401956
2000-04-04,525000.0,540750.0,506100.0,520800.0,229161
2000-04-05,520800.0,520800.0,520800.0,520800.0,0
2000-04-06,532350.0,535500.0,491400.0,491400.0,331537
2000-04-07,499800.0,518700.0,499800.0,513450.0,298213
2000-04-10,516600.0,530250.0,507150.0,517650.0,289194
2000-04-11,510300.0,511350.0,496650.0,504000.0,170076
2000-04-12,504000.0,516600.0,493500.0,509250.0,196161
2000-04-13,509250.0,509250.0,509250.0,509250.0,0
2000-04-14,485100.0,493500.0,462000.0,474600.0,229342
2000-04-17,406350.0,429450.0,404250.0,404250.0,350842
2000-04-18,459900.0,463050.0,428400.0,456750.0,513194
2000-04-19,477750.0,492450.0,452550.0,468300.0,318385
2000-04-20,462000.0,475650.0,455700.0,462000.0,147876
2000-04-21,476700.0,478800.0,451500.0,451500.0,209995
2000-04-24,441000.0,457800.0,432600.0,453600.0,252118
2000-04-25,441000.0,447300.0,434700.0,439950.0,172528
2000-04-26,451500.0,456750.0,374850.0,374850.0,1469346
2000-04-27,346500.0,357000.0,319200.0,339150.0,1993407
2000-04-28,347550.0,376950.0,346500.0,369600.0,1105951
2000-05-01,369600.0,369600.0,369600.0,369600.0,0
2000-05-02,357000.0,380100.0,349650.0,365400.0,647104
2000-05-03,363300.0,380100.0,355950.0,365400.0,473232
2000-05-04,369600.0,382200.0,361200.0,367500.0,508261
2000-05-05,367500.0,367500.0,367500.0,367500.0,0
2000-05-08,375900.0,386400.0,368550.0,374850.0,421371
2000-05-09,374850.0,374850.0,374850.0,374850.0,0
2000-05-10,359100.0,364350.0,357000.0,359100.0,200275
2000-05-11,359100.0,359100.0,359100.0,359100.0,0
2000-05-12,359100.0,363300.0,341250.0,344400.0,211690
2000-05-15,357000.0,374850.0,348600.0,351750.0,454618
2000-05-16,354900.0,368550.0,352800.0,367500.0,297152
2000-05-17,378000.0,387450.0,362250.0,369600.0,405813
2000-05-18,354900.0,366450.0,351750.0,359100.0,190552
2000-05-19,357000.0,359100.0,347550.0,357000.0,207437
2000-05-22,350700.0,355950.0,342300.0,342300.0,157476
2000-05-23,327600.0,345450.0,327600.0,337050.0,173071
2000-05-24,327600.0,346500.0,315000.0,336000.0,261842
2000-05-25,355950.0,364350.0,340200.0,353850.0,829413
2000-05-26,340200.0,344400.0,310800.0,317100.0,393847
2000-05-29,276150.0,310800.0,269850.0,290850.0,706685
2000-05-30,290850.0,290850.0,290850.0,290850.0,0
2000-05-31,354900.0,383250.0,347550.0,369600.0,838032
2000-06-01,369600.0,394800.0,357000.0,378000.0,565394
2000-06-02,409500.0,409500.0,384300.0,390600.0,492266
2000-06-05,407400.0,414750.0,396900.0,406350.0,425194
2000-06-06,406350.0,406350.0,406350.0,406350.0,0
2000-06-07,403200.0,424200.0,395850.0,415800.0,514266
2000-06-08,422100.0,475650.0,420000.0,439950.0,1091208
2000-06-09,441000.0,470400.0,439950.0,470400.0,490042
2000-06-12,478800.0,493500.0,457800.0,462000.0,414799
2000-06-13,451500.0,455700.0,430500.0,434700.0,278194
2000-06-14,453600.0,472500.0,437850.0,469350.0,446747
2000-06-15,453600.0,458850.0,430500.0,432600.0,300013
2000-06-16,426300.0,445200.0,415800.0,426300.0,253614
2000-06-19,409500.0,432600.0,407400.0,416850.0,453642
2000-06-20,438900.0,443100.0,428400.0,431550.0,414142
2000-06-21,443100.0,458850.0,435750.0,438900.0,496675
2000-06-22,459900.0,487200.0,452550.0,462000.0,1159827
2000-06-23,455700.0,474600.0,452550.0,465150.0,475918
2000-06-26,478800.0,491400.0,472500.0,483000.0,438199
2000-06-27,489300.0,495600.0,477750.0,489300.0,347632
2000-06-28,489300.0,498750.0,483000.0,495600.0,528723
2000-06-29,493500.0,500850.0,451500.0,468300.0,578675
2000-06-30,455700.0,472500.0,451500.0,462000.0,355799
2000-07-03,468300.0,473550.0,462000.0,472500.0,180852
2000-07-04,478800.0,487200.0,464100.0,476700.0,342490
2000-07-05,483000.0,498750.0,479850.0,497700.0,403113
2000-07-06,485100.0,517650.0,478800.0,514500.0,535894
2000-07-07,514500.0,529200.0,510300.0,514500.0,422032
2000-07-10,522900.0,527100.0,500850.0,507150.0,244185
2000-07-11,514500.0,518700.0,499800.0,501900.0,299390
2000-07-12,498750.0,508200.0,478800.0,489300.0,386071
2000-07-13,493500.0,504000.0,478800.0,494550.0,318490
2000-07-14,504000.0,506100.0,487200.0,491400.0,224856
2000-07-17,491400.0,491400.0,491400.0,491400.0,0
2000-07-18,480900.0,500850.0,480900.0,493500.0,187233
2000-07-19,480900.0,500850.0,480900.0,493500.0,187233
2000-07-20,451500.0,451500.0,415800.0,415800.0,565437
2000-07-21,428400.0,446250.0,424200.0,435750.0,591070
2000-07-24,420000.0,420000.0,393750.0,397950.0,243847
2000-07-25,388500.0,392700.0,370650.0,383250.0,297052
2000-07-26,379050.0,395850.0,368550.0,389550.0,345532
2000-07-27,378000.0,383250.0,374850.0,378000.0,167285
2000-07-28,357000.0,362250.0,338100.0,345450.0,321090
2000-07-31,337050.0,366450.0,331800.0,365400.0,258347
2000-08-01,378000.0,420000.0,373800.0,420000.0,564413
2000-08-02,420000.0,423150.0,393750.0,410550.0,433294
2000-08-03,418950.0,426300.0,403200.0,409500.0,245694
2000-08-04,409500.0,411600.0,399000.0,401100.0,197814
2000-08-07,384300.0,397950.0,383250.0,387450.0,136471
2000-08-08,394800.0,403200.0,388500.0,390600.0,160837
2000-08-09,397950.0,421050.0,396900.0,418950.0,308385
2000-08-10,417900.0,426300.0,408450.0,424200.0,201904
2000-08-11,411600.0,413700.0,402150.0,407400.0,192061
2000-08-14,434700.0,436800.0,412650.0,414750.0,181847
2000-08-15,414750.0,414750.0,414750.0,414750.0,0
2000-08-16,441000.0,476700.0,437850.0,476700.0,741665
2000-08-17,477750.0,484050.0,451500.0,457800.0,453932
2000-08-18,472500.0,479850.0,458850.0,459900.0,232018
2000-08-21,452550.0,469350.0,452550.0,463050.0,116109
2000-08-22,457800.0,468300.0,456750.0,468300.0,101271
2000-08-23,470400.0,472500.0,457800.0,460950.0,128352
2000-08-24,472500.0,478800.0,460950.0,472500.0,195737
2000-08-25,476700.0,476700.0,466200.0,475650.0,80409
2000-08-28,475650.0,486150.0,472500.0,478800.0,96637
2000-08-29,478800.0,484050.0,468300.0,478800.0,102776
2000-08-30,472500.0,474600.0,465150.0,465150.0,424590
2000-08-31,452550.0,456750.0,412650.0,426300.0,403371
2000-09-01,429450.0,433650.0,416850.0,424200.0,200999
2000-09-04,424200.0,424200.0,391650.0,394800.0,219266
2000-09-05,387450.0,397950.0,376950.0,386400.0,512123
2000-09-06,394800.0,399000.0,379050.0,379050.0,579108
2000-09-07,361200.0,365400.0,349650.0,349650.0,542094
2000-09-08,361200.0,362250.0,350700.0,358050.0,382299
2000-09-11,358050.0,358050.0,358050.0,358050.0,0
2000-09-12,358050.0,358050.0,358050.0,358050.0,0
2000-09-13,358050.0,358050.0,358050.0,358050.0,0
2000-09-14,337050.0,396900.0,334950.0,396900.0,394209
2000-09-15,365400.0,369600.0,344400.0,347550.0,393018
2000-09-18,317100.0,323400.0,296100.0,298200.0,472242
2000-09-19,298200.0,329700.0,287700.0,312900.0,535094
2000-09-20,354900.0,359100.0,336000.0,359100.0,577042
2000-09-21,349650.0,363300.0,329700.0,333900.0,409671
2000-09-22,312900.0,319200.0,301350.0,301350.0,371309
2000-09-25,307650.0,321300.0,307650.0,320250.0,233037
2000-09-26,307650.0,324450.0,305550.0,320250.0,199809
2000-09-27,321300.0,329700.0,318150.0,326550.0,207556
2000-09-28,336000.0,343350.0,332850.0,336000.0,299875
2000-09-29,340200.0,342300.0,328650.0,334950.0,184437
2000-10-02,315000.0,325500.0,313950.0,323400.0,121895
2000-10-03,323400.0,323400.0,323400.0,323400.0,0
2000-10-04,315000.0,338100.0,310800.0,331800.0,297999
2000-10-05,337050.0,342300.0,329700.0,329700.0,266737
2000-10-06,321300.0,324450.0,317100.0,323400.0,156599
2000-10-09,317100.0,321300.0,309750.0,310800.0,148866
2000-10-10,304500.0,317100.0,294000.0,302400.0,366942
2000-10-11,287700.0,289800.0,262500.0,274050.0,588947
2000-10-12,269850.0,277200.0,258300.0,259350.0,447490
2000-10-13,241500.0,243600.0,222600.0,236250.0,556161
2000-10-16,236250.0,236250.0,236250.0,236250.0,0
2000-10-17,220500.0,227850.0,201600.0,201600.0,873722
2000-10-18,186900.0,202650.0,171780.0,191100.0,1740536
2000-10-19,182910.0,196350.0,173460.0,175140.0,1463293
2000-10-20,189210.0,199080.0,187110.0,190050.0,1893512
2000-10-23,190050.0,191100.0,161910.0,161910.0,725375
2000-10-24,166110.0,186060.0,165690.0,186060.0,991422
2000-10-25,182280.0,196350.0,174720.0,188370.0,1076113
2000-10-26,177660.0,184590.0,176610.0,179340.0,365409
2000-10-27,179340.0,179340.0,179340.0,179340.0,0
2000-10-30,166740.0,169470.0,154350.0,154770.0,462932
2000-10-31,139860.0,148890.0,131670.0,146790.0,903818
2000-11-01,150150.0,155400.0,147000.0,151620.0,902503
2000-11-02,152250.0,169890.0,149310.0,164430.0,1292555
2000-11-03,171780.0,179550.0,168210.0,170100.0,1141794
2000-11-06,165900.0,189000.0,160860.0,170730.0,1469236
2000-11-07,170100.0,174930.0,161700.0,162540.0,602094
2000-11-08,157290.0,162540.0,154140.0,154350.0,436756
2000-11-09,147210.0,152880.0,146370.0,150780.0,536470
2000-11-10,150990.0,153510.0,145950.0,146580.0,422980
2000-11-13,146370.0,150780.0,138600.0,139650.0,694485
2000-11-14,147210.0,155400.0,144480.0,155400.0,798175
2000-11-15,168000.0,168000.0,151410.0,155190.0,708999
2000-11-16,157500.0,163590.0,154350.0,161700.0,522970
2000-11-17,155400.0,158970.0,151410.0,152460.0,317447
2000-11-20,147000.0,154350.0,147000.0,149100.0,260171
2000-11-21,147000.0,148890.0,139650.0,145950.0,289961
2000-11-22,140070.0,152670.0,140070.0,147000.0,602556
2000-11-23,152040.0,154140.0,144480.0,145530.0,570470
2000-11-24,151410.0,153300.0,147000.0,152250.0,518551
2000-11-27,157500.0,174930.0,156870.0,174930.0,1137679
2000-11-28,165900.0,169050.0,157500.0,159600.0,981208
2000-11-29,149100.0,150780.0,146160.0,147840.0,418223
2000-11-30,149310.0,150150.0,137970.0,143640.0,602304
2000-12-01,132300.0,144060.0,132300.0,142800.0,447128
2000-12-04,139020.0,144900.0,136710.0,136710.0,294533
2000-12-05,140700.0,143430.0,138180.0,143010.0,379661
2000-12-06,151200.0,152670.0,136500.0,138180.0,677846
2000-12-07,136500.0,139230.0,133770.0,138180.0,320352
2000-12-08,137130.0,140280.0,135870.0,139650.0,271418
2000-12-11,145110.0,147000.0,141120.0,143010.0,442147
2000-12-12,143010.0,149730.0,141960.0,143010.0,751842
2000-12-13,143010.0,148050.0,138600.0,147000.0,577742
2000-12-14,142800.0,143640.0,141120.0,141750.0,401237
2000-12-15,139020.0,141750.0,137760.0,137970.0,284047
2000-12-18,135030.0,137340.0,132510.0,132930.0,275623
2000-12-19,132300.0,132720.0,113190.0,113190.0,807137
2000-12-20,105210.0,107100.0,96390.0,96390.0,1249574
2000-12-21,88830.0,92085.0,82635.0,83160.0,1708307
2000-12-22,85050.0,86940.0,74550.0,74760.0,1571141
2000-12-25,74760.0,74760.0,74760.0,74760.0,0
2000-12-26,76125.0,85680.0,74130.0,84525.0,1493417
2000-12-27,84525.0,84525.0,84525.0,84525.0,0
2000-12-28,84525.0,84525.0,84525.0,84525.0,0
2000-12-29,84525.0,84525.0,84525.0,84525.0,0
2001-01-01,84525.0,84525.0,84525.0,84525.0,0
2001-01-02,81900.0,96180.0,81900.0,95340.0,942408
2001-01-03,92190.0,99750.0,90720.0,95760.0,1384331
2001-01-04,110040.0,110040.0,106470.0,110040.0,1122960
2001-01-05,112350.0,126420.0,110040.0,126420.0,1427289
2001-01-08,126000.0,142380.0,122640.0,128940.0,1292793
2001-01-09,126000.0,128100.0,118650.0,124320.0,1076822
2001-01-10,115500.0,125580.0,105840.0,105840.0,1903083
2001-01-11,102900.0,114660.0,102900.0,110880.0,2167159
2001-01-12,119490.0,120960.0,111720.0,111720.0,1340641
2001-01-15,115500.0,126000.0,113400.0,126000.0,1599936
2001-01-16,130200.0,142590.0,124320.0,140700.0,2214107
2001-01-17,140700.0,150150.0,126210.0,131250.0,2692716
2001-01-18,134190.0,139650.0,133350.0,135450.0,1153898
2001-01-19,147210.0,148890.0,139650.0,142380.0,998408
2001-01-22,141750.0,146370.0,140700.0,144270.0,807680
2001-01-23,144270.0,144270.0,144270.0,144270.0,0
2001-01-24,144270.0,144270.0,144270.0,144270.0,0
2001-01-25,144270.0,144270.0,144270.0,144270.0,0
2001-01-26,139860.0,140700.0,122850.0,124110.0,1008175
2001-01-29,124320.0,127890.0,118230.0,120540.0,846103
2001-01-30,123900.0,129990.0,120750.0,122850.0,948022
2001-01-31,119700.0,122850.0,109830.0,122850.0,1290589
2001-02-01,115500.0,120120.0,113820.0,116130.0,555013
2001-02-02,117600.0,119490.0,112350.0,113400.0,496799
2001-02-05,105630.0,107730.0,101010.0,103530.0,580070
2001-02-06,101115.0,104160.0,99960.0,102270.0,638099
2001-02-07,103110.0,104055.0,100800.0,100905.0,547585
2001-02-08,100800.0,112350.0,96915.0,105840.0,1542603
2001-02-09,103005.0,105840.0,101535.0,101850.0,631589
2001-02-12,100800.0,103740.0,99225.0,101430.0,705132
2001-02-13,104160.0,105840.0,99225.0,99855.0,942622
2001-02-14,98700.0,99225.0,96915.0,97860.0,951003
2001-02-15,102900.0,103950.0,97650.0,97755.0,1745117
2001-02-16,97650.0,99225.0,93555.0,93660.0,1234803
2001-02-19,91350.0,91455.0,85575.0,88200.0,1545531
2001-02-20,88200.0,93660.0,87150.0,90090.0,1743345
2001-02-21,86310.0,88620.0,85155.0,85680.0,1080351
2001-02-22,84000.0,84420.0,80325.0,81270.0,1003513
2001-02-23,80115.0,85365.0,80115.0,84000.0,1495846
2001-02-26,84420.0,85050.0,82320.0,82740.0,785861
2001-02-27,83895.0,85890.0,80220.0,80430.0,1187060
2001-02-28,78750.0,80745.0,77175.0,78750.0,1099736
2001-03-01,78750.0,78750.0,78750.0,78750.0,0
2001-03-02,79380.0,80010.0,70350.0,70875.0,1695450
2001-03-05,65205.0,73920.0,65205.0,72660.0,2064359
2001-03-06,75390.0,77070.0,72240.0,73920.0,1824036
2001-03-07,76650.0,78750.0,72030.0,72660.0,1983959
2001-03-08,72765.0,75180.0,69930.0,72765.0,1408550
2001-03-09,71715.0,72135.0,69825.0,70035.0,927318
2001-03-12,70455.0,79800.0,70350.0,71610.0,3288268
2001-03-13,70560.0,73080.0,61215.0,63000.0,3030792
2001-03-14,63000.0,63000.0,63000.0,63000.0,0
2001-03-15,61530.0,66465.0,61530.0,66465.0,1632936
2001-03-16,66360.0,68145.0,65205.0,65940.0,1621650
2001-03-19,65100.0,67410.0,64680.0,65310.0,1302208
2001-03-20,67200.0,67410.0,64575.0,64785.0,1434593
2001-03-21,63000.0,63525.0,62475.0,62790.0,1156522
2001-03-22,62790.0,66780.0,61425.0,63000.0,2771254
2001-03-23,65100.0,65730.0,63420.0,63735.0,2120393
2001-03-26,65940.0,73290.0,64995.0,73290.0,4349228
2001-03-27,73710.0,76440.0,66150.0,66150.0,5440985
2001-03-28,69510.0,71085.0,62580.0,63840.0,3114296
2001-03-29,65730.0,70140.0,64260.0,68460.0,3990900
2001-03-30,67305.0,69930.0,64260.0,66255.0,3796720
2001-04-02,66360.0,66675.0,64050.0,64890.0,1461808
2001-04-03,62370.0,63210.0,61530.0,61530.0,1571255
2001-04-04,59535.0,60375.0,57960.0,57960.0,1690631
2001-04-05,57960.0,57960.0,57960.0,57960.0,0
2001-04-06,63000.0,63630.0,61320.0,62160.0,2815578
2001-04-09,60900.0,61110.0,58590.0,58800.0,1500098
2001-04-10,59115.0,59325.0,55020.0,55230.0,1393008
2001-04-11,57750.0,58275.0,53340.0,53970.0,2539045
2001-04-12,56595.0,56700.0,53865.0,55020.0,2590430
2001-04-13,55545.0,55860.0,53235.0,53865.0,1588912
2001-04-16,53340.0,54390.0,52500.0,52605.0,1315403
2001-04-17,51555.0,52710.0,50820.0,51030.0,2224659
2001-04-18,54600.0,58590.0,53445.0,58590.0,4933942
2001-04-19,65100.0,67305.0,63000.0,67305.0,2806801
2001-04-20,69405.0,76335.0,68880.0,68985.0,6333255
2001-04-23,71400.0,75390.0,70980.0,71505.0,4123843
2001-04-24,67305.0,68145.0,64260.0,64680.0,3182487
2001-04-25,63525.0,72450.0,62160.0,67830.0,5347194
2001-04-26,63525.0,72450.0,62160.0,67830.0,5347194
2001-04-27,64470.0,66780.0,63735.0,64575.0,2311121
2001-04-30,67200.0,72765.0,66570.0,71085.0,5879679
2001-05-01,71085.0,71085.0,71085.0,71085.0,0
2001-05-02,72030.0,75705.0,70875.0,71085.0,4529671
2001-05-03,72030.0,73605.0,70665.0,72030.0,3510315
2001-05-04,71085.0,73815.0,70035.0,72765.0,3167139
2001-05-07,75600.0,78960.0,73185.0,76755.0,3904029
2001-05-08,81900.0,88200.0,80850.0,88200.0,3683972
2001-05-09,90300.0,94080.0,82530.0,82530.0,5944008
2001-05-10,86100.0,87150.0,81585.0,86100.0,3310325
2001-05-11,86100.0,87255.0,84315.0,84735.0,2284240
2001-05-14,97440.0,97440.0,93240.0,97440.0,4777728
2001-05-15,95760.0,97230.0,90090.0,91980.0,3365987
2001-05-16,90510.0,97230.0,85050.0,85365.0,4405538
2001-05-17,90615.0,91140.0,85470.0,86730.0,3340139
2001-05-18,84000.0,86415.0,82950.0,84840.0,2412378
2001-05-21,85260.0,90720.0,85260.0,87045.0,4438100
2001-05-22,89250.0,90720.0,85575.0,86520.0,2639197
2001-05-23,85050.0,87150.0,84000.0,84840.0,1921579
2001-05-24,83265.0,84000.0,82425.0,83895.0,1918274
2001-05-25,84525.0,95130.0,84420.0,92820.0,4792409
2001-05-28,91560.0,94500.0,89565.0,90510.0,3223863
2001-05-29,94395.0,102060.0,93030.0,95970.0,6408584
2001-05-30,97020.0,98490.0,92610.0,94920.0,4566904
2001-05-31,90825.0,92400.0,88725.0,91140.0,2153950
2001-06-01,91980.0,92925.0,89775.0,90090.0,1587717
2001-06-04,90510.0,92610.0,90090.0,90930.0,1738936
2001-06-05,91350.0,91770.0,87360.0,87360.0,1518112
2001-06-06,87360.0,87360.0,87360.0,87360.0,0
2001-06-07,88410.0,91560.0,88410.0,91245.0,2581916
2001-06-08,96705.0,100380.0,94185.0,97440.0,3935105
2001-06-11,95445.0,98910.0,94290.0,95445.0,2473326
2001-06-12,94710.0,98385.0,94710.0,96810.0,2608392
2001-06-13,97860.0,98175.0,88725.0,90825.0,4371452
2001-06-14,87990.0,88095.0,85470.0,86730.0,3321072
2001-06-15,85050.0,87780.0,83160.0,86100.0,3195034
2001-06-18,83580.0,85680.0,76650.0,78015.0,5004433
2001-06-19,76650.0,78435.0,75180.0,76020.0,3083887
2001-06-20,74865.0,75810.0,67515.0,68565.0,4231805
2001-06-21,68565.0,70455.0,67935.0,69405.0,3811015
2001-06-22,68250.0,68775.0,66360.0,67200.0,1554841
2001-06-25,67200.0,69300.0,66360.0,66360.0,2070359
2001-06-26,66255.0,66780.0,59955.0,62685.0,3106630
2001-06-27,60165.0,60690.0,57645.0,57960.0,4297133
2001-06-28,58905.0,59640.0,57225.0,57750.0,1715512
2001-06-29,59850.0,60270.0,58170.0,58695.0,1420955
2001-07-02,58800.0,59220.0,57330.0,57960.0,1035146
2001-07-03,57960.0,58485.0,55125.0,55755.0,1243303
2001-07-04,55020.0,55545.0,53760.0,55020.0,1579679
2001-07-05,54390.0,54600.0,52080.0,52080.0,1620574
2001-07-06,49875.0,50295.0,47565.0,48615.0,1706726
2001-07-09,44100.0,45780.0,41790.0,43155.0,2537021
2001-07-10,43470.0,45360.0,42105.0,44520.0,3057744
2001-07-11,42105.0,44310.0,42000.0,42630.0,1947140
2001-07-12,44415.0,44730.0,43365.0,44205.0,2140088
2001-07-13,44940.0,45150.0,39585.0,39690.0,2892373
2001-07-16,38955.0,39060.0,35175.0,35385.0,3264734
2001-07-17,35385.0,35385.0,35385.0,35385.0,0
2001-07-18,35700.0,38955.0,34965.0,35490.0,5225051
2001-07-19,33915.0,34335.0,31185.0,31815.0,4482762
2001-07-20,31710.0,32130.0,29400.0,29400.0,3609915
2001-07-23,28665.0,29925.0,24990.0,25095.0,4085524
2001-07-24,23835.0,28770.0,21840.0,27720.0,12843787
2001-07-25,26355.0,28140.0,24150.0,24150.0,8934538
2001-07-26,24780.0,26040.0,24360.0,25410.0,7263345
2001-07-27,26880.0,29190.0,26565.0,28665.0,9265605
2001-07-30,29400.0,30135.0,27615.0,28035.0,6392298
2001-07-31,28665.0,29295.0,27720.0,28875.0,3035777
2001-08-01,29715.0,33180.0,29505.0,33180.0,9993280
2001-08-02,35175.0,36120.0,33285.0,33915.0,8486043
2001-08-03,34335.0,34860.0,33705.0,34125.0,3768334
2001-08-06,33075.0,38325.0,32760.0,37590.0,8733605
2001-08-07,35700.0,37275.0,34125.0,35385.0,7203445
2001-08-08,35700.0,35805.0,33390.0,33915.0,4644728
2001-08-09,31920.0,33075.0,31605.0,32130.0,3889681
2001-08-10,32760.0,33705.0,31920.0,32445.0,3707367
2001-08-13,32445.0,32865.0,30555.0,31605.0,3735591
2001-08-14,33600.0,36120.0,32760.0,35070.0,7513282
2001-08-15,35070.0,35070.0,35070.0,35070.0,0
2001-08-16,33705.0,36225.0,33285.0,35070.0,6914097
2001-08-17,35910.0,36435.0,34020.0,34230.0,5262289
2001-08-20,31815.0,33390.0,31815.0,32025.0,3911381
2001-08-21,33180.0,33810.0,31815.0,32865.0,3723424
2001-08-22,32130.0,34755.0,31920.0,34230.0,6385374
2001-08-23,35280.0,35280.0,29190.0,29400.0,7941215
2001-08-24,27930.0,28665.0,25620.0,26355.0,8058982
2001-08-27,25305.0,25830.0,22470.0,22470.0,9489566
2001-08-28,21945.0,23835.0,20895.0,22995.0,11595126
2001-08-29,21525.0,22050.0,19635.0,19635.0,10327199
2001-08-30,17115.0,19320.0,16695.0,18480.0,20195536
2001-08-31,17115.0,20055.0,16380.0,17430.0,20086989
2001-09-03,18270.0,18585.0,16695.0,16800.0,10004056
2001-09-04,17535.0,19320.0,17115.0,19320.0,11503507
2001-09-05,19110.0,21630.0,18585.0,20580.0,23029753
2001-09-06,22260.0,23625.0,21840.0,23625.0,13362396
2001-09-07,25095.0,27090.0,24780.0,27090.0,8389139
2001-09-10,28350.0,30975.0,28350.0,29400.0,16573673
2001-09-11,27825.0,30240.0,24990.0,24990.0,16866949
2001-09-12,21315.0,21315.0,21315.0,21315.0,139757
2001-09-13,19635.0,24465.0,19635.0,24465.0,27905229
2001-09-14,24780.0,26880.0,20895.0,20895.0,30044236
2001-09-17,21945.0,22050.0,17850.0,17850.0,20893660
2001-09-18,19950.0,20475.0,19110.0,20475.0,11796116
2001-09-19,20265.0,21840.0,18375.0,19845.0,18301838
2001-09-20,20265.0,20685.0,18690.0,19425.0,14365038
2001-09-21,18480.0,19320.0,17850.0,19215.0,10876408
2001-09-24,19215.0,19215.0,19215.0,19215.0,0
2001-09-25,20895.0,21000.0,18480.0,18690.0,12874591
2001-09-26,19110.0,19320.0,18060.0,18375.0,7780411
2001-09-27,17955.0,19110.0,17850.0,19110.0,8132544
2001-09-28,19110.0,19110.0,19110.0,19110.0,0
2001-10-01,19110.0,19110.0,19110.0,19110.0,0
2001-10-02,19110.0,19110.0,19110.0,19110.0,0
2001-10-03,19110.0,19110.0,19110.0,19110.0,0
2001-10-04,20055.0,20580.0,19425.0,20055.0,11356569
2001-10-05,20160.0,22995.0,19740.0,22995.0,23014986
2001-10-08,23520.0,26040.0,22260.0,22680.0,20454536
2001-10-09,24150.0,24570.0,22260.0,23310.0,16653059
2001-10-10,22680.0,23625.0,21210.0,21735.0,10636041
2001-10-11,22995.0,23520.0,22155.0,22470.0,12970534
2001-10-12,23205.0,23835.0,21210.0,22050.0,15472522
2001-10-15,22155.0,22785.0,21630.0,22155.0,6292631
2001-10-16,21630.0,22155.0,21210.0,21315.0,5648522
2001-10-17,21630.0,21945.0,20790.0,21315.0,6811921
2001-10-18,20685.0,21210.0,19950.0,19950.0,6295036
2001-10-19,19530.0,22050.0,19530.0,21105.0,19270204
2001-10-22,21210.0,21630.0,20370.0,20790.0,7251840
2001-10-23,21210.0,21420.0,19320.0,19740.0,7619897
2001-10-24,19215.0,19950.0,18900.0,18900.0,5127485
2001-10-25,19110.0,21105.0,18900.0,19845.0,16611702
2001-10-26,20370.0,20895.0,19320.0,19740.0,6390465
2001-10-29,20580.0,21420.0,20055.0,20790.0,10539403
2001-10-30,20265.0,21105.0,19950.0,20370.0,6748017
2001-10-31,21315.0,23415.0,21105.0,23415.0,19443166
2001-11-01,26040.0,26880.0,24990.0,26880.0,11596545
2001-11-02,27510.0,30765.0,24570.0,26040.0,27551386
2001-11-05,27195.0,27405.0,25620.0,26565.0,8810181
2001-11-06,26880.0,27090.0,24990.0,25410.0,9447942
2001-11-07,24570.0,25830.0,24570.0,24990.0,9137509
2001-11-08,25620.0,26355.0,24990.0,25200.0,9738275
2001-11-09,25200.0,25200.0,25200.0,25200.0,0
2001-11-12,32340.0,33285.0,30975.0,33285.0,19580670
2001-11-13,34020.0,35385.0,32235.0,34440.0,25434565
2001-11-14,35490.0,39585.0,35280.0,38430.0,24117828
2001-11-15,37590.0,39165.0,34860.0,36330.0,20376103
2001-11-16,36330.0,37800.0,34125.0,37800.0,16232879
2001-11-19,38220.0,42945.0,37170.0,40530.0,27776248
2001-11-20,40950.0,42315.0,34545.0,36015.0,22515791
2001-11-21,35700.0,38010.0,34650.0,37065.0,17910796
2001-11-22,37905.0,40635.0,37275.0,40635.0,21449678
2001-11-23,40950.0,43155.0,40005.0,40110.0,17726996
2001-11-26,41370.0,42105.0,40110.0,40845.0,9256738
2001-11-27,42000.0,44730.0,40740.0,44730.0,12333673
2001-11-28,44730.0,45885.0,39900.0,40740.0,14171476
2001-11-29,40005.0,43890.0,40005.0,43050.0,11859159
2001-11-30,45255.0,46515.0,43470.0,45045.0,19627837
2001-12-03,45780.0,51765.0,45150.0,51765.0,25898950
2001-12-04,55965.0,59430.0,53865.0,55860.0,21055531
2001-12-05,57960.0,59115.0,55860.0,58380.0,16845411
2001-12-06,60690.0,61950.0,55125.0,57540.0,13913486
2001-12-07,55650.0,59955.0,55650.0,59850.0,11829740
2001-12-10,59115.0,60900.0,55230.0,56070.0,11724426
2001-12-11,54600.0,56805.0,53760.0,55650.0,9861128
2001-12-12,54600.0,56700.0,53865.0,55125.0,8909624
2001-12-13,54600.0,55755.0,48510.0,51240.0,10749141
2001-12-14,49035.0,50820.0,47880.0,49560.0,7585797
2001-12-17,49770.0,52815.0,49245.0,51345.0,9810185
2001-12-18,52185.0,53760.0,43680.0,43680.0,12457768
2001-12-19,45570.0,46095.0,39060.0,42525.0,14984832
2001-12-20,42525.0,43470.0,41055.0,42840.0,9577923
2001-12-21,41475.0,42525.0,39900.0,40950.0,4594038
2001-12-24,41580.0,43785.0,40950.0,42420.0,7892520
2001-12-25,42420.0,42420.0,42420.0,42420.0,0
2001-12-26,43785.0,48720.0,43470.0,48720.0,11220593
2001-12-27,50820.0,51345.0,47460.0,48720.0,10989717
2001-12-28,50820.0,51450.0,49140.0,50820.0,9971756
2001-12-31,50820.0,50820.0,50820.0,50820.0,0
2002-01-01,50820.0,50820.0,50820.0,50820.0,0
2002-01-02,52920.0,58380.0,51660.0,58380.0,11725393
2002-01-03,58380.0,58380.0,58380.0,58380.0,0
2002-01-04,63420.0,64050.0,61005.0,61740.0,8486058
2002-01-07,61320.0,62055.0,58695.0,60060.0,10399208
2002-01-08,58695.0,60900.0,57435.0,58905.0,10248361
2002-01-09,59535.0,67725.0,59535.0,67725.0,17388282
2002-01-10,69720.0,73815.0,64260.0,65520.0,20163694
2002-01-11,64050.0,67725.0,61740.0,63630.0,11805588
2002-01-14,63000.0,67200.0,62370.0,66465.0,10608908
2002-01-15,63315.0,65100.0,57015.0,59220.0,9944871
2002-01-16,58170.0,59955.0,55860.0,56175.0,8274829
2002-01-17,55020.0,55440.0,51240.0,54600.0,13113734
2002-01-18,55020.0,55545.0,50400.0,50400.0,6588593
2002-01-21,48615.0,50925.0,46935.0,49875.0,8067720
2002-01-22,51870.0,56700.0,51660.0,54285.0,12818196
2002-01-23,52920.0,55020.0,52080.0,55020.0,6504926
2002-01-24,58170.0,58485.0,54495.0,54600.0,7133840
2002-01-25,54600.0,55860.0,51450.0,52080.0,7017692
2002-01-28,54180.0,54915.0,50925.0,52290.0,7127878
2002-01-29,50610.0,52605.0,48090.0,48090.0,5843822
2002-01-30,45150.0,54390.0,43575.0,52920.0,12895401
2002-01-31,52920.0,52920.0,52920.0,52920.0,0
2002-02-01,53970.0,56490.0,52395.0,54915.0,12692973
2002-02-04,54600.0,56700.0,51450.0,51450.0,8740748
2002-02-05,51660.0,53130.0,50820.0,51870.0,6110908
2002-02-06,52920.0,53445.0,51660.0,52185.0,4936642
2002-02-07,50715.0,52290.0,47985.0,49140.0,4078557
2002-02-08,49140.0,55020.0,47880.0,53130.0,7692730
2002-02-11,53130.0,53130.0,53130.0,53130.0,0
2002-02-12,53130.0,53130.0,53130.0,53130.0,0
2002-02-13,53130.0,53130.0,53130.0,53130.0,0
2002-02-14,57750.0,58380.0,48930.0,49770.0,13710429
2002-02-15,42315.0,48195.0,42315.0,42315.0,13599305
2002-02-18,42630.0,43365.0,36435.0,40110.0,20351689
2002-02-19,40215.0,40635.0,37275.0,37800.0,10731608
2002-02-20,37800.0,39585.0,36330.0,37065.0,9931175
2002-02-21,37065.0,37800.0,32235.0,32760.0,11563259
2002-02-22,31605.0,33600.0,29925.0,33600.0,14568266
2002-02-25,32550.0,33705.0,30240.0,30450.0,7109130
2002-02-26,30765.0,32340.0,30030.0,31080.0,8867586
2002-02-27,31395.0,35070.0,30975.0,35070.0,10461103
2002-02-28,35700.0,36960.0,33285.0,33915.0,10307546
2002-03-01,33915.0,33915.0,33915.0,33915.0,0
2002-03-04,36015.0,36540.0,34965.0,35805.0,7163549
2002-03-05,36435.0,41160.0,36330.0,41160.0,11827959
2002-03-06,42210.0,46830.0,42210.0,44100.0,20020779
2002-03-07,43260.0,45150.0,37485.0,37485.0,14086481
2002-03-08,38850.0,39165.0,34860.0,36435.0,11179974
2002-03-11,35070.0,36225.0,33810.0,33810.0,8534448
2002-03-12,33180.0,36435.0,33180.0,34755.0,10151208
2002-03-13,34545.0,35910.0,33810.0,34125.0,6034884
2002-03-14,34125.0,36750.0,33810.0,35595.0,8646181
2002-03-15,35700.0,36855.0,34650.0,34965.0,6421636
2002-03-18,35280.0,35805.0,32550.0,33180.0,8363839
2002-03-19,33390.0,33915.0,32025.0,32445.0,5823346
2002-03-20,32445.0,32760.0,30660.0,30660.0,6446164
2002-03-21,29505.0,31080.0,29190.0,29610.0,6267036
2002-03-22,30450.0,31920.0,30030.0,31920.0,6541698
2002-03-25,31920.0,32235.0,30660.0,30765.0,3450577
2002-03-26,30030.0,30975.0,29820.0,30555.0,2624564
2002-03-27,30870.0,32550.0,30450.0,30870.0,6816597
2002-03-28,31080.0,33705.0,30765.0,32655.0,10136108
2002-03-29,32130.0,32235.0,30240.0,30240.0,4709923
2002-04-01,31290.0,31290.0,29400.0,29715.0,3322368
2002-04-02,28980.0,30135.0,28455.0,28980.0,3957319
2002-04-03,28350.0,29715.0,28350.0,28770.0,3399577
2002-04-04,29400.0,29820.0,27825.0,28770.0,3831615
2002-04-05,28770.0,28770.0,28770.0,28770.0,0
2002-04-08,28770.0,29505.0,28035.0,28035.0,3712515
2002-04-09,28140.0,28350.0,26565.0,26670.0,3974248
2002-04-10,26355.0,28035.0,26250.0,26670.0,5428118
2002-04-11,26775.0,27090.0,26040.0,26565.0,3343506
2002-04-12,26145.0,30450.0,26145.0,30450.0,12925758
2002-04-15,31920.0,32235.0,28980.0,29505.0,11774654
2002-04-16,30345.0,30555.0,28350.0,28665.0,5174623
2002-04-17,29400.0,29715.0,28455.0,28560.0,3919262
2002-04-18,27720.0,28980.0,27510.0,27615.0,3657753
2002-04-19,26775.0,27720.0,26250.0,26460.0,3699367
2002-04-22,25725.0,26250.0,23415.0,24675.0,6916759
2002-04-23,24045.0,24255.0,21000.0,21105.0,7665244
2002-04-24,22050.0,23940.0,21420.0,22680.0,9558885
2002-04-25,22260.0,24045.0,21000.0,21210.0,5487856
2002-04-26,21630.0,23100.0,21420.0,22155.0,7006502
2002-04-29,18900.0,19530.0,18900.0,18900.0,3370725
2002-04-30,16065.0,21735.0,16065.0,20055.0,26677873
2002-05-01,20055.0,20055.0,20055.0,20055.0,0
2002-05-02,18375.0,18795.0,17115.0,17115.0,11732388
2002-05-03,18270.0,18900.0,16380.0,16905.0,10197485
2002-05-06,16065.0,16275.0,14595.0,14805.0,7082859
2002-05-07,13965.0,14700.0,12810.0,13020.0,6029827
2002-05-08,13335.0,14910.0,13020.0,14910.0,10577465
2002-05-09,15960.0,16905.0,14385.0,14595.0,15616589
2002-05-10,14700.0,15120.0,13755.0,13965.0,4799442
2002-05-13,13755.0,14490.0,13440.0,13860.0,3557377
2002-05-14,14280.0,15750.0,14280.0,14805.0,12756768
2002-05-15,15540.0,16275.0,15330.0,15540.0,8445529
2002-05-16,15540.0,17850.0,15120.0,17430.0,23424976
2002-05-17,17850.0,19320.0,17535.0,18060.0,13500886
2002-05-20,18270.0,19005.0,17325.0,17325.0,7442497
2002-05-21,17115.0,17745.0,15960.0,15960.0,7211973
2002-05-22,16065.0,16485.0,15750.0,16170.0,4135753
2002-05-23,15750.0,16170.0,14700.0,14805.0,4377781
2002-05-24,14700.0,15330.0,14280.0,14805.0,3542744
2002-05-27,14910.0,15960.0,14595.0,15120.0,5976479
2002-05-28,15750.0,15960.0,15120.0,15435.0,3551520
2002-05-29,15540.0,16590.0,15225.0,15330.0,6415941
2002-05-30,15330.0,15645.0,14595.0,14700.0,3685667
2002-05-31,14385.0,15540.0,14175.0,14490.0,5198675
2002-06-03,13860.0,14175.0,12495.0,13020.0,5250737
2002-06-04,12180.0,12390.0,11130.0,11130.0,7621454
2002-06-05,9660.0,10395.0,9555.0,9555.0,17411649
2002-06-06,9555.0,9555.0,9555.0,9555.0,0
2002-06-07,9135.0,9765.0,8190.0,8190.0,25277255
2002-06-10,8085.0,8295.0,7245.0,7455.0,37627638
2002-06-11,7665.0,7980.0,7455.0,7980.0,27153791
2002-06-12,7665.0,7980.0,7455.0,7560.0,13078558
2002-06-13,7560.0,7560.0,7560.0,7560.0,0
2002-06-14,7665.0,7980.0,7455.0,7560.0,14474890
2002-06-17,7560.0,7665.0,6825.0,6930.0,16047260
2002-06-18,7140.0,7245.0,6615.0,7035.0,14911294
2002-06-19,6825.0,7035.0,5985.0,6090.0,14760899
2002-06-20,5880.0,6405.0,5565.0,6090.0,25269293
2002-06-21,6195.0,6405.0,5775.0,5985.0,19786537
2002-06-24,5775.0,5880.0,5355.0,5460.0,12337244
2002-06-25,5460.0,5670.0,4725.0,4830.0,14786075
2002-06-26,4410.0,4620.0,4200.0,4200.0,9584314
2002-06-27,4305.0,4830.0,4095.0,4830.0,24436189
2002-06-28,5145.0,5460.0,5040.0,5460.0,10956879
2002-07-01,5460.0,5460.0,5460.0,5460.0,0
2002-07-02,5985.0,6195.0,5880.0,6195.0,3174887
2002-07-03,7035.0,7035.0,7035.0,7035.0,772808
2002-07-04,8085.0,8085.0,6930.0,8085.0,191428
2002-07-05,8295.0,9240.0,7980.0,9240.0,21431283
2002-07-08,10605.0,10605.0,9660.0,10605.0,20710065
2002-07-09,10710.0,12180.0,10710.0,12180.0,46457882
2002-07-10,13860.0,13965.0,13335.0,13965.0,7110659
2002-07-11,15960.0,15960.0,11970.0,11970.0,23845099
2002-07-12,12810.0,13755.0,11970.0,13755.0,14465742
2002-07-15,15540.0,15750.0,12285.0,13860.0,9408233
2002-07-16,13860.0,15015.0,12810.0,13440.0,23470390
2002-07-17,13440.0,13440.0,13440.0,13440.0,0
2002-07-18,14175.0,15225.0,12810.0,14805.0,15982012
2002-07-19,14910.0,15855.0,14490.0,15435.0,29891084
2002-07-22,14385.0,15120.0,13125.0,13125.0,45796920
2002-07-23,11865.0,11865.0,11760.0,11760.0,0
2002-07-24,10710.0,10710.0,10605.0,10605.0,0
2002-07-25,11970.0,12285.0,10920.0,10920.0,37735071
2002-07-26,9870.0,10290.0,9345.0,9345.0,23221933
2002-07-29,8715.0,10710.0,8190.0,10710.0,26302078
2002-07-30,12285.0,12285.0,11445.0,12285.0,40365302
2002-07-31,12810.0,13755.0,10500.0,10710.0,68472812
2002-08-01,11550.0,11655.0,10080.0,11445.0,45809877
2002-08-02,10920.0,13020.0,10710.0,12495.0,11390312
2002-08-05,12600.0,13230.0,11970.0,11970.0,59340745
2002-08-06,11760.0,12495.0,11550.0,12180.0,46266858
2002-08-07,13020.0,13230.0,12285.0,12390.0,27220025
2002-08-08,12390.0,12600.0,11760.0,11760.0,23704285
2002-08-09,12075.0,12915.0,11655.0,11970.0,48364308
2002-08-12,11865.0,12600.0,11760.0,11865.0,21802135
2002-08-13,12075.0,12180.0,11025.0,11235.0,18768119
2002-08-14,10920.0,11235.0,10395.0,10605.0,20222275
2002-08-15,10605.0,10605.0,10605.0,10605.0,0
2002-08-16,10815.0,11025.0,10395.0,10500.0,18918366
2002-08-19,10815.0,12075.0,10815.0,12075.0,34022404
2002-08-20,13545.0,13755.0,11970.0,12390.0,55719158
2002-08-21,12495.0,13230.0,12390.0,13125.0,46004953
2002-08-22,13545.0,13650.0,12390.0,12600.0,38463361
2002-08-23,12600.0,12600.0,12600.0,12600.0,0
2002-08-26,11550.0,11760.0,11130.0,11130.0,16164860
2002-08-27,11235.0,11445.0,11025.0,11340.0,11609740
2002-08-28,10920.0,11235.0,10920.0,10920.0,8886786
2002-08-29,11550.0,12285.0,11235.0,11550.0,33508552
2002-08-30,11760.0,11970.0,11130.0,11235.0,17142644
2002-09-02,11130.0,11340.0,10920.0,11235.0,9975732
2002-09-03,11235.0,11550.0,10920.0,11025.0,15303079
2002-09-04,10710.0,11025.0,10710.0,10815.0,8952633
2002-09-05,11025.0,11130.0,10605.0,10605.0,8447134
2002-09-06,10395.0,10605.0,9975.0,10080.0,11521398
2002-09-09,10185.0,10605.0,9345.0,10185.0,24331461
2002-09-10,10185.0,10395.0,9765.0,9765.0,11317598
2002-09-11,9870.0,10080.0,9450.0,9555.0,9526309
2002-09-12,10185.0,10920.0,10080.0,10920.0,12132968
2002-09-13,12495.0,12495.0,11130.0,11340.0,42589433
2002-09-16,11340.0,11445.0,9870.0,10080.0,25067084
2002-09-17,10605.0,10710.0,10080.0,10395.0,10765470
2002-09-18,9870.0,10185.0,9765.0,9870.0,10698070
2002-09-19,9660.0,10080.0,9660.0,9765.0,8452629
2002-09-20,9765.0,9765.0,9765.0,9765.0,0
2002-09-23,9660.0,9765.0,8925.0,9240.0,9147838
2002-09-24,8925.0,9555.0,8820.0,9030.0,12555792
2002-09-25,9240.0,9345.0,8505.0,8715.0,9422552
2002-09-26,9975.0,9975.0,9765.0,9975.0,15797512
2002-09-27,10080.0,10290.0,9030.0,9030.0,38412442
2002-09-30,8715.0,9030.0,8505.0,8925.0,11528369
2002-10-01,8715.0,9240.0,8715.0,9030.0,9044638
2002-10-02,7980.0,8820.0,7770.0,7770.0,21503107
2002-10-03,7770.0,7770.0,7770.0,7770.0,0
2002-10-04,7245.0,7350.0,6615.0,6615.0,24693437
2002-10-07,6300.0,6615.0,5985.0,6300.0,15494874
2002-10-08,6195.0,6510.0,6195.0,6405.0,10784546
2002-10-09,6405.0,6510.0,5985.0,5985.0,8897457
2002-10-10,5670.0,5985.0,5355.0,5880.0,15112113
2002-10-11,6195.0,6510.0,5775.0,5985.0,15124018
2002-10-14,6405.0,6405.0,6090.0,6195.0,10869836
2002-10-15,6300.0,7035.0,6195.0,7035.0,15411289
2002-10-16,7350.0,7980.0,7140.0,7350.0,33157809
2002-10-17,7770.0,8400.0,7350.0,8400.0,37273505
2002-10-18,9135.0,9660.0,9030.0,9660.0,28864133
2002-10-21,10185.0,11025.0,9765.0,9765.0,56865205
2002-10-22,10500.0,10605.0,9135.0,9660.0,30513740
2002-10-23,9765.0,11025.0,9240.0,11025.0,51464943
2002-10-24,11760.0,12285.0,11340.0,11445.0,58103308
2002-10-25,11025.0,11655.0,10710.0,10815.0,29779879
2002-10-28,11655.0,12390.0,11655.0,12390.0,34364670
2002-10-29,12495.0,12600.0,10605.0,10605.0,53570655
2002-10-30,10080.0,10395.0,9030.0,9660.0,44026570
2002-10-31,10395.0,10500.0,9660.0,9975.0,28717452
2002-11-01,9450.0,10185.0,9450.0,9555.0,25057370
2002-11-04,9765.0,10920.0,9660.0,10920.0,61563290
2002-11-05,11340.0,11445.0,10080.0,10500.0,39131275
2002-11-06,11025.0,11340.0,10500.0,11130.0,38936365
2002-11-07,11130.0,11235.0,10185.0,10395.0,19491432
2002-11-08,9870.0,10500.0,9765.0,10500.0,16516535
2002-11-11,10290.0,10605.0,9975.0,10080.0,15509836
2002-11-12,9765.0,10500.0,9660.0,10290.0,25721869
2002-11-13,10500.0,10605.0,9660.0,9870.0,16928964
2002-11-14,9660.0,10080.0,9450.0,9555.0,12416487
2002-11-15,9975.0,10080.0,8400.0,8820.0,30661359
2002-11-18,8715.0,9030.0,8400.0,8610.0,15280027
2002-11-19,8610.0,9870.0,8505.0,9870.0,56008429
2002-11-20,9975.0,10605.0,9450.0,9660.0,35220040
2002-11-21,10290.0,10395.0,9450.0,9660.0,17009025
2002-11-22,9975.0,10080.0,9240.0,9240.0,14850880
2002-11-25,9135.0,10500.0,9135.0,10185.0,51154263
2002-11-26,10395.0,10920.0,9765.0,9765.0,47371352
2002-11-27,9765.0,9975.0,9240.0,9450.0,13881886
2002-11-28,9765.0,9870.0,9030.0,9240.0,14374099
2002-11-29,9030.0,9345.0,8925.0,9135.0,9371438
2002-12-02,9135.0,9135.0,9135.0,9135.0,0
2002-12-03,9660.0,10185.0,9555.0,9660.0,22429615
2002-12-04,9555.0,9660.0,9135.0,9240.0,11020436
2002-12-05,9135.0,9450.0,9030.0,9345.0,8364201
2002-12-06,9240.0,9765.0,9135.0,9240.0,13286120
2002-12-09,8925.0,9030.0,7980.0,8190.0,25427893
2002-12-10,7980.0,8610.0,7875.0,8610.0,15265370
2002-12-11,8190.0,8295.0,7350.0,7350.0,21883559
2002-12-12,6720.0,7455.0,6405.0,6930.0,36387330
2002-12-13,6930.0,7140.0,6510.0,6615.0,9891890
2002-12-16,6405.0,7560.0,6405.0,7560.0,26151369
2002-12-17,8190.0,8505.0,7350.0,7455.0,38279695
2002-12-18,7455.0,8400.0,7245.0,7980.0,41349487
2002-12-19,7980.0,7980.0,7980.0,7980.0,0
2002-12-20,7560.0,7980.0,6825.0,6825.0,28259705
2002-12-23,6615.0,7140.0,6510.0,6615.0,17415077
2002-12-24,6720.0,6825.0,6090.0,6195.0,15220365
2002-12-25,6195.0,6195.0,6195.0,6195.0,0
2002-12-26,6090.0,6615.0,5985.0,5985.0,21637245
2002-12-27,5985.0,6510.0,5880.0,5985.0,21624587
2002-12-30,6090.0,6300.0,5670.0,5880.0,12328178
2002-12-31,5880.0,5880.0,5880.0,5880.0,0
2003-01-01,5880.0,5880.0,5880.0,5880.0,0
2003-01-02,6405.0,6720.0,6195.0,6720.0,14872347
2003-01-03,7140.0,7350.0,6615.0,6930.0,23474224
2003-01-06,7035.0,7140.0,6720.0,6825.0,11219850
2003-01-07,7035.0,7140.0,6405.0,6405.0,9975042
2003-01-08,6405.0,6615.0,6300.0,6300.0,7781187
2003-01-09,6195.0,6510.0,6090.0,6195.0,8806419
2003-01-10,6300.0,6405.0,5880.0,6090.0,9616818
2003-01-13,6090.0,6930.0,5985.0,6825.0,22076516
2003-01-14,6615.0,6720.0,6300.0,6510.0,15394122
2003-01-15,6510.0,6720.0,6300.0,6405.0,8740405
2003-01-16,6195.0,6405.0,6195.0,6195.0,6363317
2003-01-17,6090.0,6300.0,6090.0,6090.0,5818551
2003-01-20,5985.0,6300.0,5985.0,6195.0,8441496
2003-01-21,6300.0,6300.0,5985.0,6195.0,5306647
2003-01-22,6090.0,6300.0,5985.0,6090.0,10148075
2003-01-23,6090.0,6300.0,5880.0,5985.0,9407076
2003-01-24,6090.0,6090.0,5670.0,5775.0,5955360
2003-01-27,5565.0,5670.0,5355.0,5460.0,4922747
2003-01-28,5355.0,5565.0,5355.0,5355.0,3983167
2003-01-29,5250.0,5460.0,4620.0,4620.0,11849245
2003-01-30,4725.0,5145.0,4620.0,4935.0,9294057
2003-01-31,4935.0,4935.0,4935.0,4935.0,0
2003-02-03,4830.0,5040.0,4830.0,4935.0,5104161
2003-02-04,4935.0,5670.0,4830.0,5670.0,14798409
2003-02-05,5670.0,5775.0,5145.0,5145.0,18442181
2003-02-06,5145.0,5355.0,4935.0,5040.0,6116541
2003-02-07,4935.0,5040.0,4830.0,4830.0,5377627
2003-02-10,4725.0,4935.0,4620.0,4830.0,5251389
2003-02-11,4830.0,5040.0,4620.0,4725.0,6845645
2003-02-12,4725.0,4830.0,4620.0,4725.0,3401801
2003-02-13,4725.0,4830.0,4620.0,4620.0,3207463
2003-02-14,4620.0,4935.0,4620.0,4725.0,8353024
2003-02-17,4935.0,5250.0,4830.0,5145.0,10990265
2003-02-18,5040.0,5145.0,4830.0,4935.0,7601459
2003-02-19,5040.0,5145.0,4830.0,4830.0,6273350
2003-02-20,4830.0,5460.0,4830.0,5460.0,25607536
2003-02-21,5460.0,5565.0,4935.0,5040.0,20775564
2003-02-24,5040.0,5145.0,4830.0,4935.0,8270529
2003-02-25,4830.0,4935.0,4620.0,4620.0,7349568
2003-02-26,4620.0,4725.0,4200.0,4410.0,10676417
2003-02-27,4305.0,4410.0,4200.0,4305.0,5074856
2003-02-28,4410.0,4515.0,4200.0,4200.0,5557603
2003-03-03,4200.0,4410.0,4200.0,4305.0,5293780
2003-03-04,4305.0,4305.0,4095.0,4095.0,3528629
2003-03-05,3990.0,4200.0,3885.0,3990.0,7454063
2003-03-06,3990.0,4200.0,3885.0,3990.0,5378042
2003-03-07,3885.0,3990.0,3780.0,3780.0,4093100
2003-03-10,3780.0,3885.0,3570.0,3570.0,4473662
2003-03-11,3360.0,3570.0,3360.0,3360.0,5715822
2003-03-12,3360.0,3675.0,3360.0,3570.0,8491691
2003-03-13,3570.0,3675.0,3360.0,3465.0,4265786
2003-03-14,3675.0,3780.0,3465.0,3465.0,5150794
2003-03-17,3360.0,3465.0,3045.0,3045.0,6342522
2003-03-18,3255.0,3360.0,3150.0,3150.0,3714486
2003-03-19,3150.0,3255.0,3045.0,3045.0,3318834
2003-03-20,3045.0,3465.0,3045.0,3465.0,15064584
2003-03-21,3570.0,3675.0,3360.0,3465.0,7125011
2003-03-24,3570.0,3675.0,3150.0,3255.0,7422302
2003-03-25,3045.0,3150.0,2940.0,3045.0,4800095
2003-03-26,3045.0,3150.0,2625.0,2835.0,12087702
2003-03-27,2835.0,2835.0,2835.0,2835.0,0
2003-03-28,2835.0,2835.0,2835.0,2835.0,0
2003-03-31,2835.0,2835.0,2835.0,2835.0,0
2003-04-01,2835.0,2835.0,2835.0,2835.0,0
2003-04-02,2835.0,2835.0,2835.0,2835.0,0
2003-04-03,2835.0,2835.0,2835.0,2835.0,0
2003-04-04,2835.0,2835.0,2835.0,2835.0,0
2003-04-07,2835.0,2835.0,2835.0,2835.0,0
2003-04-08,2835.0,2835.0,2835.0,2835.0,0
2003-04-09,2835.0,2835.0,2835.0,2835.0,0
2003-04-10,2835.0,2835.0,2835.0,2835.0,0
2003-04-11,2835.0,2835.0,2835.0,2835.0,0
2003-04-14,2650.0,3045.0,2630.0,3045.0,12165500
2003-04-15,3500.0,3500.0,3500.0,3500.0,3424000
2003-04-16,4025.0,4025.0,4025.0,4025.0,870200
2003-04-17,4480.0,4625.0,4230.0,4420.0,45033400
2003-04-18,4450.0,4960.0,4060.0,4580.0,87623800
2003-04-21,4530.0,4805.0,4270.0,4430.0,30564800
2003-04-22,4400.0,4420.0,4130.0,4140.0,18069400
2003-04-23,4190.0,4295.0,3870.0,3870.0,15042800
2003-04-24,3950.0,4250.0,3875.0,3880.0,23499700
2003-04-25,3730.0,3800.0,3300.0,3300.0,19217300
2003-04-28,3120.0,3495.0,3075.0,3215.0,16080700
2003-04-29,3350.0,3395.0,3235.0,3250.0,10488800
2003-04-30,3250.0,3400.0,3145.0,3230.0,14493500
2003-05-01,3230.0,3230.0,3230.0,3230.0,0
2003-05-02,3300.0,3330.0,3150.0,3230.0,8071600
2003-05-05,3230.0,3230.0,3230.0,3230.0,0
2003-05-06,3330.0,3710.0,3290.0,3610.0,42501200
2003-05-07,3675.0,3745.0,3450.0,3490.0,20283300
2003-05-08,3490.0,3490.0,3490.0,3490.0,0
2003-05-09,3555.0,3670.0,3470.0,3615.0,14384700
2003-05-12,3740.0,4155.0,3730.0,4155.0,27993800
2003-05-13,4380.0,4555.0,4100.0,4100.0,45146600
2003-05-14,4180.0,4450.0,4120.0,4350.0,25582100
2003-05-15,4325.0,4330.0,3905.0,3960.0,17025500
2003-05-16,3865.0,4045.0,3800.0,3800.0,10963300
2003-05-19,3600.0,3700.0,3350.0,3390.0,15780000
2003-05-20,3180.0,3515.0,3150.0,3440.0,15156700
2003-05-21,3405.0,3520.0,3405.0,3420.0,8514800
2003-05-22,3390.0,3470.0,3270.0,3280.0,9760800
2003-05-23,3380.0,3770.0,3365.0,3770.0,24242700
2003-05-26,3900.0,4275.0,3755.0,3800.0,49527900
2003-05-27,3935.0,4075.0,3750.0,3900.0,16606400
2003-05-28,4230.0,4260.0,3880.0,3905.0,18401600
2003-05-29,3850.0,4015.0,3800.0,3800.0,12965600
2003-05-30,3905.0,3930.0,3780.0,3815.0,12757400
2003-06-02,3915.0,4110.0,3915.0,3960.0,18865500
2003-06-03,3940.0,3960.0,3830.0,3835.0,8314000
2003-06-04,3900.0,3930.0,3795.0,3845.0,7458200
2003-06-05,3900.0,4210.0,3900.0,4105.0,41021700
2003-06-06,4105.0,4105.0,4105.0,4105.0,0
2003-06-09,4110.0,4160.0,3995.0,4055.0,16723900
2003-06-10,4090.0,4310.0,4065.0,4150.0,22166800
2003-06-11,4280.0,4325.0,4185.0,4230.0,19392600
2003-06-12,4320.0,4860.0,4275.0,4860.0,34773100
2003-06-13,5140.0,5580.0,5080.0,5580.0,17513400
2003-06-16,5890.0,6150.0,5450.0,5590.0,32478000
2003-06-17,5900.0,6420.0,5650.0,6090.0,56158200
2003-06-18,5800.0,5960.0,5180.0,5180.0,43046900
2003-06-19,5330.0,5950.0,5330.0,5950.0,55326900
2003-06-20,5900.0,6750.0,5730.0,6320.0,64117900
2003-06-23,6320.0,6560.0,5910.0,6160.0,40876500
2003-06-24,5980.0,6130.0,5790.0,6010.0,25826300
2003-06-25,6070.0,6410.0,6040.0,6060.0,35551900
2003-06-26,5900.0,6320.0,5830.0,5840.0,32884300
2003-06-27,6120.0,6240.0,5850.0,5930.0,21444100
2003-06-30,5900.0,5960.0,5690.0,5790.0,12944700
2003-07-01,5710.0,5970.0,5710.0,5900.0,17310700
2003-07-02,6100.0,6700.0,6090.0,6700.0,48933700
2003-07-03,7090.0,7290.0,6740.0,6810.0,34947600
2003-07-04,6750.0,7430.0,6560.0,7300.0,37080700
2003-07-07,7560.0,8100.0,7280.0,8050.0,41132100
2003-07-08,8420.0,8550.0,7830.0,7830.0,33352000
2003-07-09,7990.0,8220.0,7720.0,7980.0,27652700
2003-07-10,7950.0,8170.0,7830.0,7960.0,16151800
2003-07-11,7800.0,8130.0,7770.0,8060.0,17730200
2003-07-14,8200.0,9260.0,8190.0,9260.0,45581500
2003-07-15,9380.0,9920.0,8950.0,9150.0,51949600
2003-07-16,9680.0,10000.0,9450.0,9740.0,42482900
2003-07-17,9740.0,9740.0,9740.0,9740.0,0
2003-07-18,9330.0,9890.0,9270.0,9630.0,21997300
2003-07-21,9850.0,9980.0,8350.0,8860.0,31216100
2003-07-22,8760.0,9270.0,7960.0,8780.0,44982900
2003-07-23,9080.0,9170.0,8400.0,8490.0,31493300
2003-07-24,8000.0,8600.0,7900.0,8330.0,35117800
2003-07-25,8200.0,8400.0,7710.0,7710.0,19227300
2003-07-28,8010.0,8090.0,7330.0,7480.0,26822200
2003-07-29,7390.0,7440.0,6870.0,7070.0,37534000
2003-07-30,7120.0,7450.0,7120.0,7440.0,23982800
2003-07-31,7430.0,7520.0,7180.0,7390.0,18779700
2003-08-01,7620.0,8490.0,7480.0,8490.0,51435700
2003-08-04,8300.0,8770.0,8230.0,8430.0,32163700
2003-08-05,8660.0,9690.0,8660.0,9310.0,58087500
2003-08-06,9150.0,9580.0,8800.0,9580.0,36074100
2003-08-07,9720.0,9890.0,9350.0,9350.0,30238000
2003-08-08,9350.0,9450.0,8800.0,8800.0,22321700
2003-08-11,8660.0,9200.0,8190.0,9000.0,39234500
2003-08-12,9300.0,9520.0,8750.0,8900.0,35352900
2003-08-13,8800.0,9240.0,8670.0,8900.0,26805600
2003-08-14,8950.0,9030.0,8630.0,8640.0,19233100
2003-08-15,8640.0,8640.0,8640.0,8640.0,0
2003-08-18,8560.0,8920.0,8270.0,8270.0,17142600
2003-08-19,8650.0,9200.0,8530.0,8870.0,40582500
2003-08-20,9010.0,9040.0,8350.0,8350.0,24857500
2003-08-21,8350.0,8610.0,8160.0,8390.0,15948900
2003-08-22,8530.0,8610.0,8010.0,8080.0,14310100
2003-08-25,8040.0,8400.0,7970.0,8130.0,15570900
2003-08-26,8010.0,8240.0,7860.0,7870.0,11910700
2003-08-27,7900.0,8010.0,7660.0,7720.0,12956100
2003-08-28,7980.0,8300.0,7860.0,8060.0,20574300
2003-08-29,8150.0,8230.0,7850.0,7970.0,10370300
2003-09-01,8100.0,8370.0,8070.0,8140.0,14590100
2003-09-02,8340.0,9120.0,8170.0,9060.0,51189300
2003-09-03,9010.0,9060.0,8410.0,8420.0,21391700
2003-09-04,8600.0,8680.0,8090.0,8210.0,15326500
2003-09-05,8310.0,8490.0,8150.0,8150.0,14053700
2003-09-08,7960.0,8040.0,7760.0,7770.0,11261400
2003-09-09,7800.0,8330.0,7800.0,8080.0,21407000
2003-09-10,8080.0,8080.0,8080.0,8080.0,0
2003-09-11,8080.0,8080.0,8080.0,8080.0,0
2003-09-12,8080.0,8080.0,8080.0,8080.0,0
2003-09-15,8050.0,8220.0,7980.0,8120.0,8858500
2003-09-16,8130.0,8200.0,8010.0,8100.0,8413800
2003-09-17,8350.0,8520.0,8140.0,8160.0,18337200
2003-09-18,8150.0,8200.0,7840.0,7910.0,11115300
2003-09-19,8050.0,8090.0,7710.0,7740.0,8126000
2003-09-22,7600.0,7800.0,6990.0,7150.0,9826900
2003-09-23,7060.0,7230.0,6740.0,7180.0,12071100
2003-09-24,7180.0,7400.0,7020.0,7100.0,14829100
2003-09-25,6750.0,6860.0,6640.0,6810.0,9950200
2003-09-26,6600.0,7200.0,6520.0,6970.0,21713300
2003-09-29,6930.0,7020.0,6710.0,6840.0,9860400
2003-09-30,7010.0,7130.0,6710.0,6710.0,14841100
2003-10-01,6530.0,6700.0,6530.0,6700.0,7659200
2003-10-02,6900.0,7110.0,6800.0,6840.0,17901300
2003-10-03,6840.0,6840.0,6840.0,6840.0,0
2003-10-06,6980.0,7100.0,6850.0,6850.0,16797300
2003-10-07,6960.0,7220.0,6860.0,7050.0,16856300
2003-10-08,7190.0,7230.0,6790.0,6800.0,12038500
2003-10-09,6740.0,6920.0,6700.0,6780.0,7441400
2003-10-10,6810.0,6980.0,6740.0,6960.0,10673300
2003-10-13,6850.0,7050.0,6810.0,6860.0,11381100
2003-10-14,6950.0,7190.0,6920.0,7100.0,15469100
2003-10-15,7300.0,7410.0,7150.0,7230.0,15616700
2003-10-16,7160.0,7270.0,7110.0,7150.0,7225700
2003-10-17,7170.0,8170.0,7130.0,7700.0,34334100
2003-10-20,7810.0,8010.0,7770.0,7900.0,13792400
2003-10-21,8090.0,8120.0,7640.0,7710.0,14227600
2003-10-22,7800.0,8070.0,7500.0,7500.0,24602300
2003-10-23,7300.0,7390.0,7110.0,7130.0,9506900
2003-10-24,7010.0,7210.0,6980.0,7000.0,8024400
2003-10-27,7000.0,7180.0,7000.0,7110.0,8575800
2003-10-28,7120.0,7700.0,7120.0,7600.0,22149600
2003-10-29,8000.0,8070.0,7310.0,7340.0,17665900
2003-10-30,7480.0,7530.0,7300.0,7440.0,7563100
2003-10-31,7480.0,7650.0,7450.0,7530.0,9822800
2003-11-03,7720.0,7980.0,7710.0,7820.0,13070300
2003-11-04,8050.0,8070.0,6920.0,7250.0,18931800
2003-11-05,7430.0,7570.0,7350.0,7530.0,8907800
2003-11-06,7520.0,7580.0,7150.0,7210.0,9461800
2003-11-07,7180.0,7350.0,7080.0,7250.0,6581100
2003-11-10,7150.0,7270.0,7030.0,7060.0,5915900
2003-11-11,6910.0,6980.0,6840.0,6900.0,5993500
2003-11-12,6910.0,7100.0,6910.0,7020.0,4810900
2003-11-13,7200.0,7330.0,7000.0,7140.0,8717300
2003-11-14,7060.0,7100.0,6950.0,6990.0,5563100
2003-11-17,6920.0,7100.0,6880.0,6990.0,4819700
2003-11-18,6950.0,7130.0,6950.0,7080.0,6204900
2003-11-19,6950.0,6980.0,6720.0,6730.0,6183300
2003-11-20,6740.0,6840.0,6600.0,6660.0,4269400
2003-11-21,6560.0,6850.0,6520.0,6580.0,6393300
2003-11-24,6460.0,6580.0,6070.0,6110.0,5456400
2003-11-25,6250.0,6340.0,6110.0,6140.0,4021700
2003-11-26,6060.0,6830.0,6060.0,6700.0,16557500
2003-11-27,6800.0,6860.0,6410.0,6480.0,6390200
2003-11-28,6500.0,6740.0,6500.0,6630.0,7882300
2003-12-01,6700.0,7000.0,6670.0,6880.0,10124800
2003-12-02,7040.0,7040.0,6670.0,6800.0,6795100
2003-12-03,6730.0,6990.0,6730.0,6750.0,8358300
2003-12-04,6750.0,6800.0,6660.0,6660.0,3953000
2003-12-05,6660.0,6680.0,6450.0,6450.0,4193700
2003-12-08,6300.0,6430.0,6280.0,6290.0,4227500
2003-12-09,6400.0,6450.0,6310.0,6330.0,2886800
2003-12-10,6190.0,6570.0,6190.0,6350.0,6912400
2003-12-11,6300.0,6510.0,6280.0,6280.0,6621500
2003-12-12,6420.0,6440.0,6280.0,6300.0,3794100
2003-12-15,6410.0,6650.0,6360.0,6620.0,8512600
2003-12-16,6430.0,6470.0,6310.0,6310.0,4307900
2003-12-17,6330.0,6380.0,6210.0,6210.0,3379700
2003-12-18,6150.0,6310.0,6140.0,6170.0,5000000
2003-12-19,6250.0,6380.0,6150.0,6160.0,5354100
2003-12-22,6060.0,6200.0,5810.0,5850.0,3984700
2003-12-23,5890.0,5970.0,5560.0,5570.0,4567100
2003-12-24,5620.0,5700.0,5200.0,5200.0,5230900
2003-12-25,5200.0,5200.0,5200.0,5200.0,0
2003-12-26,5030.0,5270.0,5020.0,5040.0,5497700
2003-12-29,5040.0,5270.0,5040.0,5250.0,4728000
2003-12-30,5400.0,5700.0,5370.0,5600.0,11516200
2003-12-31,5600.0,5600.0,5600.0,5600.0,0
2004-01-01,5600.0,5600.0,5600.0,5600.0,0
2004-01-02,5740.0,5750.0,5570.0,5600.0,4148300
2004-01-05,5610.0,6360.0,5560.0,6250.0,18766500
2004-01-06,6380.0,6470.0,6070.0,6130.0,10501100
2004-01-07,6280.0,6850.0,6230.0,6620.0,20562400
2004-01-08,6800.0,6970.0,6500.0,6510.0,13864000
2004-01-09,7000.0,7470.0,6900.0,7160.0,19633800
2004-01-12,7180.0,7410.0,6990.0,7260.0,13738500
2004-01-13,7310.0,7350.0,6960.0,7050.0,8931900
2004-01-14,7050.0,7600.0,6940.0,7480.0,26804800
2004-01-15,7400.0,7490.0,7180.0,7230.0,9907600
2004-01-16,7380.0,7650.0,7150.0,7430.0,19268400
2004-01-19,7500.0,7670.0,7400.0,7430.0,8573000
2004-01-20,7450.0,7610.0,7330.0,7400.0,8078300
2004-01-21,7400.0,7400.0,7400.0,7400.0,0
2004-01-22,7400.0,7400.0,7400.0,7400.0,0
2004-01-23,7400.0,7400.0,7400.0,7400.0,0
2004-01-26,7380.0,7730.0,7210.0,7420.0,14078600
2004-01-27,7590.0,7930.0,7450.0,7920.0,17535200
2004-01-28,7950.0,9050.0,7850.0,8720.0,36757300
2004-01-29,8830.0,9320.0,8760.0,8960.0,26191800
2004-01-30,9100.0,9220.0,8590.0,8950.0,14512900
2004-02-02,8820.0,9060.0,8680.0,8830.0,10210900
2004-02-03,8700.0,8830.0,8200.0,8300.0,16279300
2004-02-04,8220.0,8590.0,8220.0,8580.0,14265000
2004-02-05,8400.0,8570.0,8230.0,8230.0,8286200
2004-02-06,8210.0,8550.0,7960.0,8430.0,15340300
2004-02-09,8550.0,8740.0,8440.0,8440.0,10149000
2004-02-10,8390.0,8450.0,8150.0,8400.0,8153300
2004-02-11,8490.0,8750.0,8350.0,8420.0,11799300
2004-02-12,8590.0,8610.0,8280.0,8320.0,6863900
2004-02-13,8260.0,8530.0,8250.0,8420.0,8357500
2004-02-16,8360.0,8600.0,8240.0,8460.0,10451700
2004-02-17,8470.0,8850.0,8460.0,8660.0,12743800
2004-02-18,8860.0,8890.0,8660.0,8730.0,10280300
2004-02-19,8770.0,9300.0,8730.0,9300.0,18328700
2004-02-20,9200.0,9420.0,9050.0,9110.0,11370500
2004-02-23,9200.0,10150.0,9140.0,9830.0,28225300
2004-02-24,9660.0,9690.0,9070.0,9070.0,13834600
2004-02-25,9070.0,9330.0,8870.0,8890.0,10822100
2004-02-26,9070.0,9190.0,8840.0,8870.0,7644600
2004-02-27,8750.0,9020.0,8640.0,8970.0,8998500
2004-03-01,8970.0,8970.0,8970.0,8970.0,0
2004-03-02,9170.0,9560.0,9150.0,9250.0,12307500
2004-03-03,9250.0,9950.0,9250.0,9770.0,17763000
2004-03-04,9790.0,9900.0,9610.0,9790.0,9568200
2004-03-05,9980.0,10400.0,9790.0,9900.0,14886900
2004-03-08,9930.0,10150.0,9610.0,9650.0,6747900
2004-03-09,9500.0,9580.0,9220.0,9430.0,8091500
2004-03-10,9300.0,9570.0,9260.0,9310.0,7744000
2004-03-11,9150.0,10700.0,9150.0,10650.0,38075500
2004-03-12,10450.0,10750.0,9600.0,10200.0,24928300
2004-03-15,10500.0,10700.0,10050.0,10450.0,16380500
2004-03-16,10250.0,11000.0,10150.0,11000.0,18070100
2004-03-17,11200.0,11400.0,10900.0,11100.0,15562400
2004-03-18,11450.0,12000.0,11150.0,11700.0,20339500
2004-03-19,11700.0,12050.0,11600.0,11650.0,14579900
2004-03-22,11700.0,12300.0,11650.0,12000.0,13241900
2004-03-23,11800.0,12200.0,11400.0,12200.0,14471100
2004-03-24,12050.0,12150.0,11550.0,11550.0,9936700
2004-03-25,11550.0,11650.0,10600.0,10600.0,13976600
2004-03-26,11000.0,11250.0,10600.0,10850.0,12517200
2004-03-29,11000.0,11700.0,11000.0,11550.0,10473200
2004-03-30,11850.0,11900.0,11250.0,11400.0,8155200
2004-03-31,11650.0,12350.0,11550.0,12250.0,18128400
2004-04-01,12450.0,12650.0,12200.0,12450.0,11450500
2004-04-02,12800.0,12850.0,12350.0,12550.0,9774900
2004-04-05,12550.0,12550.0,12550.0,12550.0,0
2004-04-06,13100.0,14300.0,12950.0,13750.0,25346200
2004-04-07,13550.0,13950.0,13350.0,13750.0,14072900
2004-04-08,13900.0,13950.0,13200.0,13500.0,10939400
2004-04-09,13250.0,13600.0,12950.0,13600.0,8737600
2004-04-12,13500.0,14000.0,13500.0,13600.0,9052300
2004-04-13,13850.0,14100.0,13600.0,13900.0,9183900
2004-04-14,14000.0,14150.0,13200.0,13250.0,12729900
2004-04-15,13250.0,13250.0,13250.0,13250.0,0
2004-04-16,12850.0,12950.0,12300.0,12450.0,11334500
2004-04-19,12250.0,12700.0,12050.0,12650.0,8587600
2004-04-20,12800.0,12900.0,12500.0,12800.0,7714400
2004-04-21,12550.0,13350.0,12500.0,13200.0,11743200
2004-04-22,13250.0,13300.0,12100.0,12200.0,14494500
2004-04-23,12550.0,12650.0,11750.0,12150.0,12726400
2004-04-26,12050.0,12200.0,11100.0,11250.0,13807000
2004-04-27,11100.0,11650.0,11100.0,11450.0,9808000
2004-04-28,11400.0,11750.0,11250.0,11250.0,11517000
2004-04-29,10900.0,11200.0,10450.0,10650.0,11756100
2004-04-30,10900.0,11950.0,10850.0,11900.0,15637100
2004-05-03,11850.0,12200.0,11600.0,12200.0,9363000
2004-05-04,12500.0,13850.0,12450.0,13200.0,27081600
2004-05-05,13200.0,13200.0,13200.0,13200.0,0
2004-05-06,13050.0,13550.0,12200.0,12250.0,15855400
2004-05-07,12450.0,13150.0,12000.0,13100.0,19691100
2004-05-10,13100.0,13550.0,11800.0,12400.0,23798000
2004-05-11,12500.0,13100.0,12100.0,13000.0,19327000
2004-05-12,13500.0,13650.0,12800.0,12900.0,18956100
2004-05-13,12700.0,12950.0,12250.0,12450.0,13558600
2004-05-14,12600.0,12700.0,11350.0,11350.0,17249000
2004-05-17,11150.0,11400.0,9650.0,9650.0,23996700
2004-05-18,9430.0,10350.0,9100.0,10250.0,25631200
2004-05-19,10250.0,10650.0,9960.0,10300.0,24100400
2004-05-20,9900.0,10200.0,9230.0,9320.0,20446900
2004-05-21,9650.0,9900.0,9490.0,9600.0,15292800
2004-05-24,10000.0,10900.0,9930.0,10900.0,21059000
2004-05-25,10650.0,10750.0,10000.0,10300.0,16242700
2004-05-26,10300.0,10300.0,10300.0,10300.0,0
2004-05-27,10800.0,10900.0,10250.0,10250.0,10873000
2004-05-28,10600.0,11150.0,10500.0,10850.0,18458300
2004-05-31,11150.0,11250.0,10750.0,11250.0,13580800
2004-06-01,11300.0,11650.0,11050.0,11300.0,16637500
2004-06-02,11200.0,11800.0,11150.0,11500.0,13758100
2004-06-03,11700.0,11750.0,10400.0,10500.0,15982400
2004-06-04,10700.0,10800.0,10400.0,10600.0,9175400
2004-06-07,10900.0,11750.0,10900.0,11600.0,16338300
2004-06-08,11800.0,11950.0,11300.0,11450.0,12665500
2004-06-09,11750.0,12150.0,11300.0,11850.0,15494700
2004-06-10,11900.0,12300.0,11650.0,12000.0,16000000
2004-06-11,11950.0,12000.0,11200.0,11400.0,10327500
2004-06-14,11100.0,11550.0,10350.0,10350.0,9841800
2004-06-15,10450.0,11000.0,10300.0,11000.0,10831500
2004-06-16,10900.0,11150.0,10450.0,10550.0,10794300
2004-06-17,10550.0,11050.0,10550.0,10950.0,9753000
2004-06-18,10950.0,11300.0,10550.0,10800.0,9828200
2004-06-21,11000.0,11150.0,10800.0,10950.0,6525600
2004-06-22,10900.0,11000.0,10650.0,10950.0,6057700
2004-06-23,11100.0,11400.0,10900.0,10900.0,8923300
2004-06-24,11200.0,11350.0,10850.0,11300.0,11868500
2004-06-25,11400.0,11800.0,11150.0,11700.0,10184000
2004-06-28,11850.0,12100.0,11700.0,11850.0,11572900
2004-06-29,12000.0,12500.0,11900.0,12400.0,11365000
2004-06-30,12700.0,13100.0,12550.0,12650.0,14363700
2004-07-01,12800.0,12950.0,12350.0,12600.0,10348500
2004-07-02,12350.0,12450.0,12000.0,12100.0,8576100
2004-07-05,12050.0,12450.0,12000.0,12450.0,6483500
2004-07-06,12350.0,12600.0,12250.0,12350.0,7041900
2004-07-07,12000.0,12150.0,11750.0,12100.0,7131600
2004-07-08,11900.0,12000.0,11400.0,11500.0,8413900
2004-07-09,11500.0,11850.0,11450.0,11650.0,5626900
2004-07-12,11850.0,11900.0,11100.0,11100.0,8143800
2004-07-13,11050.0,11250.0,10700.0,11250.0,8099000
2004-07-14,11000.0,11300.0,10850.0,10900.0,6867000
2004-07-15,10850.0,11100.0,10350.0,10650.0,9574600
2004-07-16,10450.0,10750.0,10150.0,10550.0,11337900
2004-07-19,10300.0,11100.0,10250.0,11050.0,9623000
2004-07-20,10850.0,11050.0,10700.0,10750.0,6865600
2004-07-21,11100.0,11200.0,10900.0,10900.0,6420100
2004-07-22,10600.0,10900.0,10550.0,10800.0,4164700
2004-07-23,10900.0,11200.0,10750.0,11000.0,6652700
2004-07-26,10900.0,11050.0,10600.0,10650.0,6280900
2004-07-27,10700.0,10800.0,10400.0,10600.0,4908900
2004-07-28,10750.0,10800.0,10250.0,10300.0,6651200
2004-07-29,10050.0,10200.0,9690.0,9700.0,6326300
2004-07-30,9850.0,9950.0,8820.0,9000.0,10716200
2004-08-02,8910.0,9280.0,8830.0,8830.0,6919000
2004-08-03,8950.0,9030.0,8270.0,8530.0,11924000
2004-08-04,8430.0,8870.0,8360.0,8800.0,10164300
2004-08-05,8850.0,9450.0,8750.0,9250.0,10753700
2004-08-06,9000.0,9280.0,8970.0,9050.0,5654800
2004-08-09,8900.0,9390.0,8840.0,9350.0,7556200
2004-08-10,9290.0,9620.0,9290.0,9300.0,7269500
2004-08-11,9470.0,9480.0,8940.0,9050.0,8122100
2004-08-12,9050.0,9140.0,8970.0,9000.0,4985700
2004-08-13,8960.0,9100.0,8820.0,8820.0,5544500
2004-08-16,8820.0,9340.0,8820.0,9140.0,8676100
2004-08-17,9300.0,9340.0,8960.0,9010.0,5723700
2004-08-18,9010.0,9200.0,8990.0,9050.0,5154900
2004-08-19,9210.0,9340.0,9140.0,9260.0,8005100
2004-08-20,9290.0,9380.0,9220.0,9330.0,3856300
2004-08-23,9500.0,9790.0,9370.0,9790.0,7596700
2004-08-24,9910.0,10300.0,9750.0,10100.0,10274600
2004-08-25,10150.0,10200.0,10000.0,10100.0,4881800
2004-08-26,10250.0,10500.0,10100.0,10100.0,8391800
2004-08-27,10200.0,10350.0,10100.0,10300.0,3976600
2004-08-30,10450.0,10750.0,10400.0,10600.0,6308300
2004-08-31,10650.0,10750.0,10350.0,10450.0,4371600
2004-09-01,10450.0,10550.0,10150.0,10350.0,5632400
2004-09-02,10400.0,10700.0,10400.0,10400.0,4787400
2004-09-03,10450.0,10500.0,9860.0,9960.0,6102100
2004-09-06,9890.0,9960.0,9760.0,9920.0,4099200
2004-09-07,9980.0,10050.0,9820.0,9820.0,3798500
2004-09-08,9710.0,10250.0,9710.0,9970.0,6206700
2004-09-09,10000.0,10050.0,9800.0,9960.0,3826200
2004-09-10,10250.0,10350.0,10150.0,10200.0,6740000
2004-09-13,10500.0,10900.0,10450.0,10800.0,10823000
2004-09-14,10950.0,11050.0,10550.0,10850.0,7038600
2004-09-15,10900.0,11600.0,10600.0,11400.0,10503100
2004-09-16,11250.0,11550.0,10950.0,11150.0,7431800
2004-09-17,11350.0,11400.0,10900.0,10950.0,7183500
2004-09-20,10400.0,10950.0,10250.0,10700.0,13039000
2004-09-21,10900.0,11150.0,10850.0,11000.0,7871300
2004-09-22,11050.0,11150.0,10500.0,10500.0,6379700
2004-09-23,10300.0,10600.0,10300.0,10400.0,3398900
2004-09-24,10450.0,10600.0,10150.0,10400.0,3980500
2004-09-27,10400.0,10400.0,10400.0,10400.0,0
2004-09-28,10400.0,10400.0,10400.0,10400.0,0
2004-09-29,10400.0,10400.0,10400.0,10400.0,0
2004-09-30,10350.0,10750.0,10350.0,10500.0,4136300
2004-10-01,10600.0,11450.0,10600.0,11100.0,8058500
2004-10-04,11550.0,11750.0,11450.0,11600.0,7555600
2004-10-05,11650.0,12150.0,11550.0,11850.0,14382000
2004-10-06,11900.0,13350.0,11650.0,12750.0,22420800
2004-10-07,12950.0,13700.0,12850.0,13650.0,19655000
2004-10-08,13700.0,15150.0,13400.0,14300.0,33972600
2004-10-11,14550.0,14750.0,14050.0,14400.0,14597000
2004-10-12,14350.0,14350.0,13350.0,13350.0,12314200
2004-10-13,13650.0,13850.0,13150.0,13400.0,12659100
2004-10-14,13100.0,13750.0,12900.0,13500.0,11664100
2004-10-15,13200.0,14200.0,13200.0,14200.0,11895600
2004-10-18,14450.0,14850.0,13750.0,13850.0,10634600
2004-10-19,14250.0,14350.0,13150.0,13450.0,13617100
2004-10-20,13500.0,13700.0,12850.0,12950.0,9396400
2004-10-21,13050.0,13250.0,12250.0,12900.0,12348200
2004-10-22,13000.0,13200.0,12200.0,12450.0,13947700
2004-10-25,12300.0,12800.0,12250.0,12600.0,9570900
2004-10-26,12900.0,13250.0,12050.0,12150.0,16186000
2004-10-27,12400.0,12450.0,11550.0,11900.0,10945800
2004-10-28,12400.0,12950.0,12300.0,12950.0,13177800
2004-10-29,12750.0,12850.0,12500.0,12700.0,7629800
2004-11-01,12800.0,13000.0,12000.0,12150.0,10647800
2004-11-02,12150.0,12250.0,11800.0,12200.0,9179100
2004-11-03,12200.0,12750.0,12150.0,12750.0,12830500
2004-11-04,12500.0,12550.0,12200.0,12200.0,6917600
2004-11-05,12400.0,12500.0,12000.0,12050.0,7483500
2004-11-08,12100.0,12200.0,11600.0,11650.0,8454800
2004-11-09,11500.0,11700.0,11200.0,11450.0,7766700
2004-11-10,11500.0,12100.0,11500.0,12000.0,14203600
2004-11-11,11800.0,12100.0,11750.0,11750.0,8806700
2004-11-12,12100.0,12150.0,11800.0,11900.0,6957200
2004-11-15,12100.0,12350.0,11950.0,12200.0,7807900
2004-11-16,12400.0,12500.0,12200.0,12250.0,5927900
2004-11-17,12400.0,12700.0,12350.0,12500.0,6961500
2004-11-18,12700.0,12800.0,11900.0,11900.0,8709100
2004-11-19,12100.0,12150.0,11800.0,12150.0,4945300
2004-11-22,11850.0,11950.0,11550.0,11700.0,5791800
2004-11-23,11750.0,11850.0,11550.0,11600.0,5201300
2004-11-24,11550.0,11600.0,11250.0,11400.0,5755100
2004-11-25,11400.0,11550.0,10950.0,11050.0,9489700
2004-11-26,10900.0,11100.0,10550.0,10550.0,12298300
2004-11-29,10550.0,10600.0,10050.0,10150.0,9801800
2004-11-30,10100.0,10450.0,10050.0,10350.0,11883900
2004-12-01,10250.0,10750.0,10100.0,10700.0,9858700
2004-12-02,10950.0,10950.0,10300.0,10350.0,8306100
2004-12-03,10600.0,10800.0,10450.0,10650.0,7566600
2004-12-06,10500.0,10650.0,10300.0,10400.0,4944200
2004-12-07,10350.0,10700.0,10350.0,10500.0,4236400
2004-12-08,10350.0,10800.0,10350.0,10450.0,6856300
2004-12-09,10500.0,10750.0,10450.0,10550.0,6169900
2004-12-10,10700.0,10750.0,10300.0,10350.0,4047500
2004-12-13,10400.0,10500.0,10300.0,10400.0,3848100
2004-12-14,10500.0,11050.0,10450.0,11000.0,10651700
2004-12-15,11200.0,11600.0,11100.0,11600.0,9537100
2004-12-16,11750.0,11950.0,11550.0,11550.0,8526200
2004-12-17,11650.0,11700.0,11300.0,11600.0,5115500
2004-12-20,11600.0,11700.0,11350.0,11500.0,4980300
2004-12-21,11450.0,11750.0,11350.0,11550.0,5263900
2004-12-22,11750.0,11850.0,11400.0,11400.0,5529300
2004-12-23,11500.0,11550.0,10950.0,11000.0,4455400
2004-12-24,11000.0,11150.0,10900.0,11000.0,5268700
2004-12-27,11000.0,11100.0,10850.0,10900.0,3830400
2004-12-28,10800.0,10850.0,10600.0,10600.0,5121000
2004-12-29,10750.0,11250.0,10700.0,11200.0,5300800
2004-12-30,11200.0,11650.0,11200.0,11650.0,5351600
2004-12-31,11650.0,11650.0,11650.0,11650.0,0
2005-01-03,11800.0,11800.0,11550.0,11600.0,3120200
2005-01-04,11550.0,11800.0,11350.0,11750.0,5562500
2005-01-05,11600.0,11850.0,11500.0,11850.0,4775700
2005-01-06,11700.0,12300.0,11600.0,11900.0,9309100
2005-01-07,12000.0,12100.0,11500.0,11700.0,4783700
2005-01-10,11800.0,12500.0,11600.0,12500.0,8737500
2005-01-11,12500.0,12800.0,11950.0,12100.0,14434000
2005-01-12,12300.0,12350.0,11700.0,11800.0,7182100
2005-01-13,11800.0,12050.0,11700.0,12050.0,6268100
2005-01-14,11750.0,12450.0,11750.0,12250.0,14656000
2005-01-17,12650.0,13200.0,12550.0,13000.0,17250400
2005-01-18,13100.0,13200.0,12850.0,12950.0,8010500
2005-01-19,13050.0,13250.0,12950.0,13150.0,7000200
2005-01-20,12950.0,13150.0,12900.0,12900.0,4697500
2005-01-21,12800.0,12950.0,12600.0,12700.0,5983900
2005-01-24,12600.0,12900.0,12600.0,12700.0,4443400
2005-01-25,12550.0,12650.0,12300.0,12350.0,4852400
2005-01-26,12450.0,12850.0,12350.0,12850.0,6499700
2005-01-27,13000.0,13150.0,12450.0,12650.0,5654200
2005-01-28,12650.0,12700.0,12450.0,12600.0,3172700
2005-01-31,12650.0,13000.0,12600.0,13000.0,6479300
2005-02-01,13050.0,13200.0,12700.0,12800.0,4875400
2005-02-02,12950.0,13350.0,12800.0,13000.0,6939700
2005-02-03,12900.0,13200.0,12850.0,12900.0,4090500
2005-02-04,12850.0,12950.0,12650.0,12700.0,3954600
2005-02-07,13000.0,13350.0,12950.0,13300.0,7825500
2005-02-08,13300.0,13300.0,13300.0,13300.0,0
2005-02-09,13300.0,13300.0,13300.0,13300.0,0
2005-02-10,13300.0,13300.0,13300.0,13300.0,0
2005-02-11,13200.0,13450.0,13100.0,13400.0,4810600
2005-02-14,13850.0,15350.0,13800.0,15000.0,24691700
2005-02-15,15200.0,15300.0,14800.0,15050.0,11197300
2005-02-16,15300.0,16350.0,15250.0,15500.0,16899500
2005-02-17,15500.0,16050.0,15200.0,15750.0,9550200
2005-02-18,15500.0,15850.0,15350.0,15650.0,7473800
2005-02-21,15800.0,16350.0,15350.0,16200.0,15827900
2005-02-22,16050.0,16200.0,14950.0,15200.0,13314100
2005-02-23,14700.0,14950.0,14150.0,14300.0,12391600
2005-02-24,14500.0,15150.0,14500.0,14850.0,10619300
2005-02-25,15200.0,15600.0,14900.0,15050.0,11702200
2005-02-28,15400.0,15500.0,14900.0,15050.0,8472400
2005-03-01,15050.0,15050.0,15050.0,15050.0,0
2005-03-02,15150.0,15300.0,14600.0,15100.0,12711000
2005-03-03,14700.0,14950.0,14150.0,14400.0,16321900
2005-03-04,14150.0,14300.0,13850.0,13900.0,10935500
2005-03-07,14000.0,14300.0,13800.0,13900.0,8331800
2005-03-08,13950.0,14100.0,13500.0,13550.0,7855700
2005-03-09,13350.0,13550.0,13250.0,13400.0,6491400
2005-03-10,13350.0,13850.0,13350.0,13650.0,8810700
2005-03-11,13850.0,14150.0,13850.0,14150.0,6256000
2005-03-14,14000.0,14050.0,13800.0,13850.0,3230900
2005-03-15,13950.0,14050.0,13250.0,13300.0,5638800
2005-03-16,13100.0,13600.0,13050.0,13400.0,5830600
2005-03-17,13100.0,13300.0,12900.0,13000.0,4893900
2005-03-18,12850.0,13200.0,12750.0,12850.0,4176600
2005-03-21,12850.0,13250.0,12750.0,13150.0,4546500
2005-03-22,13150.0,13500.0,13150.0,13400.0,4361000
2005-03-23,13300.0,13450.0,12950.0,13000.0,4250800
2005-03-24,13200.0,13250.0,12600.0,12700.0,5353700
2005-03-25,12750.0,12900.0,12700.0,12900.0,3320100
2005-03-28,12900.0,13200.0,12900.0,13000.0,3352800
2005-03-29,13000.0,13050.0,12650.0,12700.0,3591000
2005-03-30,12600.0,12950.0,12500.0,12950.0,3255000
2005-03-31,13350.0,13350.0,13000.0,13050.0,3588000
2005-04-01,13000.0,13700.0,12950.0,13650.0,6645300
2005-04-04,13750.0,14050.0,13650.0,13900.0,6082400
2005-04-05,13900.0,13900.0,13900.0,13900.0,0
2005-04-06,14100.0,14200.0,13800.0,14100.0,4690800
2005-04-07,14050.0,14150.0,13800.0,13850.0,3695500
2005-04-08,14000.0,14100.0,13650.0,13700.0,3656900
2005-04-11,13500.0,13750.0,13500.0,13600.0,2189900
2005-04-12,13550.0,14050.0,13550.0,13850.0,4011300
2005-04-13,13950.0,14050.0,13350.0,13500.0,3899600
2005-04-14,13400.0,13650.0,13250.0,13450.0,3768500
2005-04-15,13350.0,13450.0,12950.0,13000.0,4188300
2005-04-18,12650.0,13000.0,12400.0,12400.0,4244400
2005-04-19,12650.0,12700.0,12500.0,12600.0,3123900
2005-04-20,12700.0,12900.0,12550.0,12550.0,3925300
2005-04-21,12300.0,13450.0,12100.0,13150.0,12593900
2005-04-22,13400.0,13450.0,12950.0,13000.0,6334500
2005-04-25,12900.0,13100.0,12750.0,12800.0,3190500
2005-04-26,12800.0,13000.0,12450.0,12450.0,4159800
2005-04-27,12200.0,12450.0,12150.0,12300.0,4965300
2005-04-28,12350.0,12600.0,12150.0,12150.0,4353300
2005-04-29,12000.0,12250.0,11950.0,12100.0,3089700
2005-05-02,12250.0,12300.0,12050.0,12150.0,2733900
2005-05-03,12150.0,12550.0,12150.0,12200.0,4164400
2005-05-04,12400.0,12750.0,12350.0,12500.0,8052200
2005-05-05,12500.0,12500.0,12500.0,12500.0,0
2005-05-06,12700.0,13400.0,12650.0,13200.0,7916600
2005-05-09,13300.0,13700.0,13250.0,13700.0,7145000
2005-05-10,13700.0,13950.0,13400.0,13500.0,4755300
2005-05-11,13350.0,13500.0,13200.0,13300.0,2585800
2005-05-12,13450.0,14050.0,13450.0,13900.0,6859200
2005-05-13,13900.0,14500.0,13750.0,14500.0,7941900
2005-05-16,14700.0,14800.0,14350.0,14400.0,5270700
2005-05-17,14650.0,14700.0,14000.0,14050.0,4800900
2005-05-18,14250.0,14550.0,14150.0,14150.0,4197400
2005-05-19,14400.0,14550.0,14300.0,14350.0,4610100
2005-05-20,14350.0,14800.0,14300.0,14550.0,5725500
2005-05-23,14600.0,14800.0,14500.0,14600.0,2602700
2005-05-24,14800.0,15100.0,14800.0,14950.0,5135200
2005-05-25,15100.0,15300.0,14750.0,14850.0,5750200
2005-05-26,14950.0,15050.0,14550.0,14700.0,3363200
2005-05-27,15100.0,15400.0,14900.0,15400.0,7887100
2005-05-30,15450.0,15800.0,15250.0,15750.0,4756400
2005-05-31,15600.0,15950.0,15500.0,15900.0,4529400
2005-06-01,15750.0,16050.0,15650.0,15650.0,4286500
2005-06-02,15900.0,16050.0,15650.0,15900.0,4755300
2005-06-03,15950.0,16100.0,15850.0,16000.0,4275600
2005-06-06,16000.0,16000.0,16000.0,16000.0,0
2005-06-07,15850.0,15900.0,15350.0,15350.0,6712500
2005-06-08,15100.0,15750.0,15100.0,15750.0,5870400
2005-06-09,15550.0,15950.0,15550.0,15950.0,4587800
2005-06-10,16100.0,16650.0,16100.0,16100.0,6551600
2005-06-13,16050.0,16200.0,15600.0,15650.0,3836900
2005-06-14,15500.0,16000.0,15500.0,15700.0,4954800
2005-06-15,15700.0,16200.0,15700.0,16100.0,5109700
2005-06-16,16100.0,16450.0,16050.0,16350.0,3643600
2005-06-17,16500.0,17650.0,16450.0,17400.0,11627900
2005-06-20,17700.0,17750.0,17100.0,17400.0,4909000
2005-06-21,17400.0,17550.0,17050.0,17150.0,3392400
2005-06-22,17150.0,17450.0,16950.0,17150.0,4865600
2005-06-23,17200.0,17600.0,17200.0,17400.0,4056400
2005-06-24,17100.0,17300.0,16800.0,17200.0,4143500
2005-06-27,16850.0,16950.0,16550.0,16550.0,4018300
2005-06-28,16100.0,16600.0,15950.0,16400.0,6179700
2005-06-29,16600.0,16900.0,16600.0,16750.0,4114900
2005-06-30,16600.0,17050.0,16600.0,17000.0,2749500
2005-07-01,16900.0,17100.0,16700.0,17000.0,2529700
2005-07-04,17100.0,18050.0,17100.0,17700.0,6595500
2005-07-05,17800.0,18100.0,17650.0,17700.0,3047300
2005-07-06,18150.0,18300.0,17800.0,18100.0,4458400
2005-07-07,17950.0,18250.0,17900.0,18150.0,3002300
2005-07-08,18200.0,19700.0,18100.0,18850.0,10263300
2005-07-11,19700.0,21300.0,19500.0,20850.0,15923900
2005-07-12,21550.0,22050.0,19900.0,19950.0,17115200
2005-07-13,19950.0,20400.0,19550.0,20350.0,9169400
2005-07-14,21100.0,22250.0,21100.0,22050.0,19239200
2005-07-15,22050.0,22250.0,21450.0,21700.0,8664300
2005-07-18,21650.0,21900.0,21450.0,21550.0,4848200
2005-07-19,21250.0,21950.0,21100.0,21950.0,8065900
2005-07-20,21800.0,21900.0,20400.0,20800.0,8651200
2005-07-21,20950.0,21400.0,19950.0,20250.0,9168000
2005-07-22,19750.0,20850.0,19400.0,20550.0,8911900
2005-07-25,20550.0,22700.0,20550.0,22700.0,15230800
2005-07-26,22700.0,23550.0,22400.0,22650.0,11740200
2005-07-27,23200.0,23400.0,22550.0,22950.0,9199800
2005-07-28,23600.0,24550.0,23200.0,23500.0,15268400
2005-07-29,24000.0,24250.0,23700.0,23900.0,6401200
2005-08-01,23900.0,24100.0,23400.0,23550.0,4460000
2005-08-02,23350.0,24850.0,23350.0,24650.0,9339400
2005-08-03,25050.0,25550.0,24000.0,24000.0,11123100
2005-08-04,23600.0,24150.0,23000.0,23000.0,7842800
2005-08-05,22600.0,22900.0,21900.0,22100.0,10028600
2005-08-08,21600.0,22800.0,21550.0,22500.0,9883200
2005-08-09,22200.0,22600.0,21900.0,22400.0,7710700
2005-08-10,22750.0,23300.0,22600.0,22700.0,9141600
2005-08-11,22550.0,23500.0,22350.0,23200.0,7580700
2005-08-12,23400.0,23650.0,22050.0,22050.0,10748600
2005-08-15,22050.0,22050.0,22050.0,22050.0,0
2005-08-16,22100.0,22900.0,22100.0,22350.0,8724900
2005-08-17,22100.0,22400.0,21600.0,22100.0,5713500
2005-08-18,22450.0,22700.0,21500.0,21500.0,6708400
2005-08-19,21450.0,21700.0,20400.0,20800.0,10174900
2005-08-22,20800.0,21550.0,20800.0,21550.0,8238500
2005-08-23,21550.0,21750.0,20600.0,20600.0,8316500
2005-08-24,20500.0,20900.0,20150.0,20350.0,7331800
2005-08-25,20150.0,20550.0,20050.0,20200.0,5779100
2005-08-26,20100.0,21250.0,20100.0,20950.0,9747500
2005-08-29,20650.0,20850.0,20150.0,20150.0,4857100
2005-08-30,20700.0,21050.0,20150.0,20550.0,6985500
2005-08-31,20450.0,21500.0,20400.0,21400.0,8041900
2005-09-01,21850.0,22100.0,21450.0,21900.0,5802800
2005-09-02,21850.0,23200.0,21800.0,22900.0,9960200
2005-09-05,23350.0,23500.0,22900.0,23000.0,4752400
2005-09-06,23200.0,23500.0,22000.0,22000.0,7304700
2005-09-07,22450.0,22650.0,21150.0,21700.0,13926100
2005-09-08,21800.0,21900.0,21250.0,21450.0,6864300
2005-09-09,21400.0,21900.0,21350.0,21500.0,6679400
2005-09-12,21600.0,23000.0,21600.0,22800.0,12663100
2005-09-13,22800.0,23150.0,22200.0,22750.0,7541300
2005-09-14,22700.0,24400.0,22700.0,24350.0,18197500
2005-09-15,24550.0,25450.0,23800.0,24100.0,17275700
2005-09-16,24150.0,24450.0,23600.0,24000.0,6291400
2005-09-19,24000.0,24000.0,24000.0,24000.0,0
2005-09-20,24600.0,24850.0,23650.0,23650.0,9493800
2005-09-21,23250.0,24200.0,23150.0,23500.0,9512200
2005-09-22,23500.0,23800.0,23350.0,23550.0,6643300
2005-09-23,23650.0,24150.0,22800.0,22800.0,9226500
2005-09-26,23100.0,23800.0,23100.0,23800.0,6178700
2005-09-27,24150.0,24650.0,23750.0,24000.0,7674600
2005-09-28,23800.0,24100.0,23200.0,23600.0,7136300
2005-09-29,23600.0,23850.0,23150.0,23850.0,5100826
2005-09-30,24000.0,24050.0,23000.0,23000.0,7720099
2005-10-03,23000.0,23000.0,23000.0,23000.0,0
2005-10-04,23100.0,23350.0,22350.0,22550.0,8464151
2005-10-05,22700.0,23100.0,22550.0,23000.0,7044776
2005-10-06,22900.0,23350.0,22700.0,22750.0,7617492
2005-10-07,22600.0,22950.0,22400.0,22500.0,4961085
2005-10-10,22600.0,22900.0,22400.0,22700.0,5048883
2005-10-11,22450.0,23750.0,22450.0,23750.0,7162655
2005-10-12,23850.0,24150.0,23050.0,23250.0,8420207
2005-10-13,23100.0,24100.0,22600.0,24000.0,14276290
2005-10-14,23900.0,24000.0,22950.0,23400.0,8724467
2005-10-17,23350.0,23600.0,22300.0,22300.0,5672200
2005-10-18,22400.0,22700.0,21750.0,22100.0,5828238
2005-10-19,21750.0,22250.0,21450.0,21500.0,5454270
2005-10-20,21800.0,22300.0,21650.0,22150.0,6501715
2005-10-21,21850.0,22750.0,21850.0,22700.0,4962342
2005-10-24,22900.0,23300.0,22700.0,23300.0,4624124
2005-10-25,23500.0,23600.0,22550.0,22600.0,6512852
2005-10-26,22500.0,22500.0,20850.0,21000.0,20095260
2005-10-27,19850.0,20350.0,19600.0,19600.0,29035432
2005-10-28,19350.0,19650.0,19000.0,19000.0,11572343
2005-10-31,19300.0,19400.0,19050.0,19050.0,10897192
2005-11-01,19200.0,19800.0,19200.0,19550.0,15137080
2005-11-02,19600.0,19750.0,19300.0,19650.0,9642744
2005-11-03,20200.0,20400.0,19950.0,20000.0,11397002
2005-11-04,20500.0,21300.0,20400.0,21150.0,18118348
2005-11-07,21450.0,22000.0,21300.0,22000.0,14776303
2005-11-08,22100.0,22150.0,21500.0,21800.0,6448503
2005-11-09,21550.0,22150.0,21550.0,21850.0,6400334
2005-11-10,21850.0,22150.0,21800.0,22150.0,6344461
2005-11-11,22500.0,22800.0,22250.0,22700.0,10270349
2005-11-14,22900.0,24100.0,22750.0,23900.0,16127211
2005-11-15,23650.0,24000.0,23200.0,24000.0,8898756
2005-11-16,23900.0,24800.0,23900.0,24250.0,11228000
2005-11-17,24300.0,24550.0,23850.0,24250.0,6512567
2005-11-18,24550.0,24600.0,23000.0,23250.0,12048586
2005-11-21,23650.0,23850.0,23200.0,23400.0,7487721
2005-11-22,22800.0,23400.0,21150.0,21350.0,27653836
2005-11-23,21850.0,22350.0,21700.0,22200.0,15866343
2005-11-24,22200.0,22350.0,21250.0,21450.0,12864646
2005-11-25,21350.0,21750.0,21050.0,21150.0,10724017
2005-11-28,21100.0,22100.0,21000.0,21950.0,14492305
2005-11-29,21800.0,21950.0,21350.0,21700.0,7880137
2005-11-30,21750.0,22100.0,21700.0,21900.0,9047359
2005-12-01,21900.0,22650.0,21900.0,22600.0,9682232
2005-12-02,23550.0,23800.0,23250.0,23600.0,13602537
2005-12-05,23900.0,24400.0,23850.0,24300.0,9849994
2005-12-06,23950.0,25000.0,23450.0,24750.0,11950981
2005-12-07,24750.0,27400.0,24250.0,26500.0,32529000
2005-12-08,26400.0,27050.0,25800.0,26550.0,15911338
2005-12-09,26500.0,27050.0,25700.0,25800.0,12501278
2005-12-12,25650.0,26250.0,25650.0,25700.0,10240490
2005-12-13,26100.0,26650.0,25950.0,26100.0,10703849
2005-12-14,26300.0,27750.0,26250.0,27500.0,21071120
2005-12-15,28250.0,29800.0,27800.0,29550.0,23084420
2005-12-16,29000.0,30200.0,28450.0,28900.0,15376656
2005-12-19,29300.0,30850.0,28800.0,30750.0,16432359
2005-12-20,30300.0,31050.0,30100.0,30300.0,12219195
2005-12-21,30400.0,31300.0,30350.0,30950.0,13191311
2005-12-22,31500.0,34150.0,31400.0,32900.0,27211900
2005-12-23,33950.0,34400.0,33050.0,33500.0,14182686
2005-12-26,33900.0,34050.0,32950.0,33850.0,13141000
2005-12-27,34000.0,34100.0,32950.0,33000.0,10180801
2005-12-28,32600.0,33600.0,32500.0,33300.0,8313706
2005-12-29,33350.0,35300.0,33350.0,35300.0,12808920
2006-01-02,36100.0,37650.0,35850.0,37600.0,13334311
2006-01-03,38100.0,38400.0,36850.0,38200.0,13815168
2006-01-04,38250.0,39050.0,35300.0,35400.0,23064896
2006-01-05,35900.0,36000.0,33600.0,34750.0,21043236
2006-01-06,34950.0,35850.0,34850.0,35100.0,12557226
2006-01-09,35600.0,36750.0,35450.0,36750.0,13524015
2006-01-10,37600.0,38600.0,37450.0,38100.0,16141913
2006-01-11,37950.0,38150.0,36600.0,37500.0,9503042
2006-01-12,37950.0,38450.0,37400.0,37650.0,9249449
2006-01-13,36900.0,38100.0,36400.0,38100.0,9973901
2006-01-16,38700.0,38750.0,37450.0,37700.0,8027155
2006-01-17,37650.0,38100.0,35650.0,36200.0,10243338
2006-01-18,35200.0,35700.0,32850.0,33150.0,19638036
2006-01-19,33300.0,34650.0,33250.0,34550.0,18337312
2006-01-20,34400.0,35200.0,32100.0,32400.0,16706117
2006-01-23,31300.0,32600.0,29600.0,31250.0,15403237
2006-01-24,31850.0,33500.0,30700.0,33500.0,15765941
2006-01-25,35300.0,35850.0,34000.0,34000.0,15523073
2006-01-26,34900.0,36750.0,34300.0,36750.0,18864920
2006-01-27,37350.0,37750.0,36250.0,37400.0,14354799
2006-01-31,37700.0,38700.0,36750.0,37200.0,18102270
2006-02-01,36850.0,37250.0,34900.0,35500.0,14811321
2006-02-02,36350.0,36650.0,34950.0,36400.0,13983939
2006-02-03,35150.0,36050.0,34950.0,35000.0,11244571
2006-02-06,34300.0,35650.0,33700.0,35550.0,12240642
2006-02-07,35500.0,36300.0,35250.0,35250.0,12223498
2006-02-08,35050.0,35900.0,34650.0,34700.0,9483643
2006-02-09,35400.0,35500.0,34550.0,35050.0,7399007
2006-02-10,34850.0,35150.0,33750.0,34450.0,8383793
2006-02-13,34100.0,34400.0,32800.0,32850.0,10792192
2006-02-14,32450.0,33100.0,32000.0,33000.0,9047883
2006-02-15,33000.0,33100.0,28950.0,28950.0,30660308
2006-02-16,29500.0,30750.0,29300.0,30450.0,15629742
2006-02-17,30700.0,31500.0,30600.0,31100.0,11785144
2006-02-20,30600.0,31400.0,30600.0,30950.0,7000957
2006-02-21,30800.0,30950.0,30100.0,30400.0,7602802
2006-02-22,30350.0,31150.0,30350.0,30950.0,9849932
2006-02-23,31150.0,32500.0,31100.0,32250.0,10412660
2006-02-24,32150.0,32900.0,31650.0,32800.0,8500174
2006-02-27,32750.0,33100.0,32200.0,32800.0,4872955
2006-02-28,33000.0,33600.0,32950.0,33200.0,6460000
2006-03-02,33750.0,33850.0,31850.0,32000.0,7696918
2006-03-03,31700.0,31900.0,29850.0,30450.0,12867960
2006-03-06,30350.0,31150.0,29950.0,31100.0,8449141
2006-03-07,30100.0,30250.0,28850.0,29000.0,13940525
2006-03-08,28500.0,29450.0,28350.0,29450.0,8627940
2006-03-09,29400.0,29750.0,29000.0,29150.0,8520347
2006-03-10,28800.0,30050.0,28800.0,29400.0,9878425
2006-03-13,29700.0,29850.0,28750.0,29150.0,8088410
2006-03-14,28950.0,29150.0,27950.0,28300.0,8761438
2006-03-15,28700.0,28850.0,28050.0,28300.0,7569279
2006-03-16,28300.0,28600.0,26850.0,27700.0,12287605
2006-03-17,27550.0,28850.0,27550.0,28600.0,7931844
2006-03-20,28650.0,29300.0,28400.0,28800.0,5169491
2006-03-21,28800.0,29500.0,28300.0,28450.0,6525171
2006-03-22,27600.0,27950.0,27000.0,27350.0,8695786
2006-03-23,27700.0,27800.0,26450.0,27150.0,7135524
2006-03-24,26350.0,27150.0,26200.0,26550.0,7564695
2006-03-27,26600.0,27550.0,26600.0,27500.0,7085241
2006-03-28,27050.0,27850.0,26850.0,27650.0,5469335
2006-03-29,27300.0,27800.0,26950.0,27700.0,4545291
2006-03-30,28200.0,28800.0,28100.0,28300.0,6592759
2006-03-31,28300.0,29600.0,28150.0,28950.0,8032239
2006-04-03,29300.0,29600.0,29150.0,29600.0,4486024
2006-04-04,30100.0,31100.0,29900.0,30800.0,11508027
2006-04-05,31100.0,31250.0,30000.0,30700.0,7721622
2006-04-06,31450.0,31650.0,30800.0,30900.0,7340258
2006-04-07,30900.0,31150.0,30350.0,30900.0,5757206
2006-04-10,30550.0,30950.0,30050.0,30300.0,5297884
2006-04-11,29950.0,30200.0,29300.0,29700.0,5837374
2006-04-12,29500.0,30500.0,29450.0,30400.0,5375388
2006-04-13,30300.0,31150.0,30300.0,31100.0,5763149
2006-04-14,31450.0,32500.0,30950.0,32500.0,9586061
2006-04-17,32750.0,33150.0,32300.0,32950.0,6807669
2006-04-18,32650.0,33300.0,32500.0,33000.0,5633487
2006-04-19,33800.0,34550.0,33450.0,33700.0,11231816
2006-04-20,33900.0,34200.0,33550.0,33650.0,6030421
2006-04-21,34300.0,34500.0,34000.0,34300.0,7210777
2006-04-24,34300.0,34350.0,33100.0,33900.0,5915064
2006-04-25,32800.0,33500.0,32800.0,33250.0,6627562
2006-04-26,33300.0,33400.0,32600.0,33300.0,5065630
2006-04-27,33100.0,34050.0,32950.0,33900.0,7117880
2006-04-28,33600.0,33750.0,32650.0,32950.0,6174477
2006-05-02,32600.0,32900.0,30150.0,31100.0,13177549
2006-05-03,31400.0,31700.0,31000.0,31000.0,4496568
2006-05-04,30800.0,31200.0,30100.0,31000.0,5362814
2006-05-08,32000.0,32000.0,31400.0,31500.0,4646039
2006-05-09,32000.0,33500.0,31800.0,32900.0,9134895
2006-05-10,31750.0,32300.0,31250.0,32050.0,6028113
2006-05-11,31800.0,32850.0,31800.0,32500.0,4497142
2006-05-12,31650.0,33000.0,31300.0,32750.0,5892803
2006-05-15,32400.0,33500.0,32050.0,33200.0,5387280
2006-05-16,33500.0,33550.0,32200.0,32800.0,5156831
2006-05-17,33300.0,34700.0,33150.0,34350.0,11307092
2006-05-18,33000.0,34850.0,32800.0,34600.0,9238700
2006-05-19,34300.0,34500.0,33350.0,34100.0,4978700
2006-05-22,34300.0,34500.0,33350.0,34100.0,5226466
2006-05-23,32000.0,33500.0,32000.0,32900.0,6855214
2006-05-24,32600.0,33250.0,31950.0,33150.0,5008686
2006-05-25,33400.0,33500.0,31700.0,31900.0,4982862
2006-05-26,32400.0,33050.0,32400.0,32550.0,4960384
2006-05-29,32650.0,33100.0,32000.0,32200.0,3383500
2006-05-30,32400.0,32900.0,31400.0,31950.0,3821672
2006-05-31,32650.0,33100.0,32000.0,32200.0,3461484
2006-06-01,31800.0,32300.0,31050.0,31150.0,3387708
2006-06-02,31950.0,32300.0,31300.0,31750.0,4473018
2006-06-05,32150.0,32200.0,31200.0,31500.0,2457601
2006-06-07,30600.0,30950.0,30300.0,30700.0,4590430
2006-06-08,30100.0,30700.0,29900.0,30100.0,4312085
2006-06-09,30600.0,30650.0,29200.0,30050.0,4039837
2006-06-12,29700.0,30050.0,29350.0,29950.0,2479309
2006-06-13,29300.0,29400.0,28750.0,28900.0,4780389
2006-06-14,28750.0,29200.0,28450.0,29050.0,5382382
2006-06-15,29400.0,29550.0,28750.0,28900.0,3776839
2006-06-16,30150.0,30350.0,29700.0,29700.0,5537337
2006-06-19,29450.0,29450.0,28750.0,29100.0,4834521
2006-06-20,28500.0,28700.0,27900.0,28200.0,5629033
2006-06-21,28350.0,28450.0,26800.0,27200.0,7001878
2006-06-22,27100.0,27450.0,26150.0,27000.0,18902080
2006-06-23,26900.0,27400.0,26750.0,27100.0,10475595
2006-06-26,28250.0,29600.0,28150.0,29450.0,17110468
2006-06-27,29600.0,30200.0,29000.0,29500.0,10346157
2006-06-28,28900.0,30050.0,28750.0,30000.0,5529912
2006-06-29,30500.0,30500.0,29750.0,29950.0,5275816
2006-06-30,31100.0,31350.0,30400.0,30750.0,8555682
2006-07-03,31300.0,31550.0,30750.0,31050.0,5690655
2006-07-04,31300.0,31450.0,30300.0,30600.0,5059300
2006-07-05,29900.0,31050.0,29900.0,30450.0,4279600
2006-07-06,30400.0,30700.0,29950.0,30500.0,4843300
2006-07-07,30800.0,30850.0,30250.0,30350.0,2958400
2006-07-10,30200.0,31150.0,30150.0,30950.0,3845000
2006-07-11,30600.0,32000.0,30300.0,31750.0,7062200
2006-07-12,31750.0,32450.0,31450.0,32100.0,5081600
2006-07-13,31750.0,32300.0,31600.0,31900.0,4000300
2006-07-14,31250.0,31500.0,30550.0,30900.0,5371600
2006-07-18,30500.0,31050.0,30350.0,30600.0,3429000
2006-07-19,30900.0,31000.0,30400.0,30500.0,3322500
2006-07-20,31200.0,31550.0,30850.0,31300.0,7134700
2006-07-21,31000.0,32100.0,30950.0,32100.0,4638879
2006-07-24,31700.0,31800.0,31300.0,31800.0,3575559
2006-07-25,32450.0,32750.0,31850.0,32100.0,5700001
2006-07-26,32200.0,32400.0,31750.0,31800.0,2354000
2006-07-27,31800.0,32150.0,31500.0,31800.0,3483300
2006-07-28,31850.0,32050.0,31650.0,31950.0,2264321
2006-07-31,32400.0,32950.0,32200.0,32450.0,4883906
2006-08-01,32600.0,33200.0,32600.0,32900.0,9772578
2006-08-02,32700.0,33300.0,32450.0,33200.0,3076284
2006-08-03,34000.0,34050.0,33000.0,33100.0,4139510
2006-08-04,33400.0,33800.0,33350.0,33650.0,2951013
2006-08-07,33800.0,33900.0,32800.0,32800.0,2778270
2006-08-08,32800.0,33200.0,32550.0,33200.0,3614347
2006-08-09,32900.0,33350.0,32850.0,33300.0,2942001
2006-08-10,32900.0,33050.0,32350.0,32600.0,4801789
2006-08-11,33100.0,33450.0,32500.0,32550.0,3812380
2006-08-14,32600.0,32900.0,32150.0,32900.0,2283310
2006-08-16,33400.0,33450.0,32750.0,32850.0,5817332
2006-08-17,33500.0,34650.0,33350.0,34400.0,9859517
2006-08-18,34150.0,35300.0,33750.0,34900.0,8935744
2006-08-21,35100.0,35250.0,34100.0,34500.0,3434900
2006-08-22,34350.0,34750.0,34300.0,34500.0,3499800
2006-08-23,34450.0,34500.0,33900.0,34000.0,3190030
2006-08-24,33800.0,34500.0,33750.0,34500.0,3270831
2006-08-25,34850.0,35950.0,34850.0,35750.0,7697199
2006-08-28,36000.0,36800.0,35950.0,36000.0,7983548
2006-08-29,36700.0,37000.0,36150.0,36400.0,5619039
2006-08-30,36700.0,36700.0,36200.0,36400.0,4008312
2006-08-31,36550.0,37150.0,36150.0,36800.0,5579753
2006-09-01,36950.0,37550.0,36600.0,37500.0,4748788
2006-09-04,38000.0,38100.0,37550.0,37800.0,3749572
2006-09-05,37700.0,37850.0,36850.0,37100.0,4680557
2006-09-06,37200.0,37200.0,36400.0,36400.0,3307030
2006-09-07,35800.0,36300.0,35700.0,36300.0,4643237
2006-09-08,36050.0,37000.0,36000.0,37000.0,3253012
2006-09-11,37300.0,37750.0,36700.0,36700.0,4453017
2006-09-12,37150.0,37600.0,36800.0,37200.0,4425036
2006-09-13,38100.0,38600.0,37850.0,38300.0,7921794
2006-09-14,38400.0,38950.0,38100.0,38900.0,6599588
2006-09-15,38850.0,39350.0,38500.0,39100.0,4998537
2006-09-18,39000.0,40250.0,39000.0,40150.0,7299444
2006-09-19,40200.0,40300.0,39750.0,39900.0,3879405
2006-09-20,39450.0,39550.0,38050.0,38550.0,10838258
2006-09-21,39000.0,39150.0,37850.0,38050.0,6596444
2006-09-22,37600.0,38100.0,36400.0,36750.0,8430714
2006-09-25,36550.0,37500.0,36550.0,37100.0,6693198
2006-09-26,37400.0,37450.0,36050.0,36200.0,6536446
2006-09-27,37000.0,37100.0,36250.0,36500.0,6742714
2006-09-28,36600.0,37450.0,36600.0,37000.0,5362142
2006-09-29,37200.0,37650.0,36900.0,37450.0,3879665
2006-10-02,37450.0,37700.0,37000.0,37050.0,2638826
2006-10-04,36800.0,37450.0,36100.0,36600.0,4897350
2006-10-09,36300.0,36750.0,34100.0,34750.0,9487183
2006-10-10,34800.0,35550.0,34800.0,35050.0,6030713
2006-10-11,34700.0,35350.0,34350.0,35150.0,4916131
2006-10-12,35200.0,35900.0,34850.0,35900.0,4050543
2006-10-13,36600.0,37300.0,36400.0,37300.0,5175251
2006-10-16,37700.0,38150.0,37150.0,37250.0,5403819
2006-10-17,37500.0,37600.0,36550.0,37300.0,4272956
2006-10-18,36950.0,37450.0,36450.0,37350.0,3868978
2006-10-19,37100.0,37450.0,36200.0,36200.0,4723708
2006-10-20,36200.0,36450.0,35900.0,36100.0,6110405
2006-10-23,36150.0,36600.0,35750.0,36100.0,5707334
2006-10-24,36400.0,36800.0,35800.0,36000.0,5780357
2006-10-25,35700.0,35800.0,34950.0,35350.0,7837200
2006-10-26,35700.0,35900.0,35050.0,35550.0,7290500
2006-10-27,35700.0,35800.0,33900.0,34350.0,11439427
2006-10-30,33700.0,33900.0,33200.0,33300.0,8110194
2006-10-31,33450.0,34200.0,33100.0,34200.0,5918013
2006-11-01,34300.0,34450.0,34050.0,34050.0,4500012
2006-11-02,33850.0,34850.0,33800.0,34800.0,5600999
2006-11-03,34750.0,34800.0,33600.0,33700.0,6289428
2006-11-06,33500.0,33900.0,33050.0,33650.0,4718196
2006-11-07,34150.0,34350.0,33800.0,34000.0,4629830
2006-11-08,34550.0,35200.0,34500.0,34500.0,5649419
2006-11-09,34700.0,34950.0,34100.0,34700.0,4721786
2006-11-10,34350.0,34650.0,34150.0,34200.0,3184885
2006-11-13,34450.0,35200.0,34450.0,35100.0,4924904
2006-11-14,35600.0,36050.0,35350.0,35400.0,5355096
2006-11-15,36050.0,36200.0,35750.0,36000.0,4885944
2006-11-16,36300.0,36350.0,35550.0,35600.0,3737627
2006-11-17,35600.0,35900.0,35450.0,35850.0,2590574
2006-11-20,35850.0,35950.0,34900.0,35000.0,3473368
2006-11-21,34900.0,35300.0,34750.0,34950.0,2328910
2006-11-22,34950.0,35800.0,34950.0,35750.0,3459669
2006-11-23,35900.0,35950.0,35400.0,35600.0,2666078
2006-11-24,35550.0,35650.0,35000.0,35650.0,2390727
2006-11-27,35500.0,35600.0,35000.0,35400.0,3022008
2006-11-28,34600.0,35100.0,34600.0,34800.0,2753874
2006-11-29,34950.0,35250.0,34900.0,35150.0,2079848
2006-11-30,35600.0,35850.0,35300.0,35400.0,2397109
2006-12-01,35450.0,36100.0,35150.0,36050.0,3048496
2006-12-04,35900.0,36750.0,35800.0,36450.0,4268006
2006-12-05,36950.0,37500.0,36550.0,36550.0,5162364
2006-12-06,36950.0,36950.0,35750.0,36400.0,3621729
2006-12-07,36250.0,36600.0,36150.0,36300.0,2247546
2006-12-08,35800.0,35850.0,34900.0,34900.0,4970028
2006-12-11,35000.0,35550.0,34950.0,35350.0,3018348
2006-12-12,35250.0,35350.0,34400.0,34600.0,3532810
2006-12-13,34500.0,35100.0,34400.0,34850.0,3014886
2006-12-14,34850.0,35900.0,34700.0,35800.0,5763226
2006-12-15,35950.0,36600.0,35800.0,36200.0,3812909
2006-12-18,36500.0,36800.0,36050.0,36450.0,2817132
2006-12-19,36500.0,36600.0,35850.0,35850.0,2358841
2006-12-20,36100.0,36600.0,36000.0,36500.0,2571957
2006-12-21,36600.0,36750.0,36150.0,36150.0,2119546
2006-12-22,36050.0,36400.0,35900.0,36200.0,2266479
2006-12-26,36000.0,36100.0,35350.0,35750.0,2544528
2006-12-27,36000.0,36400.0,35800.0,36350.0,1949176
2006-12-28,36800.0,36800.0,36400.0,36500.0,2471070
2007-01-02,36900.0,37550.0,36700.0,37450.0,4438841
2007-01-03,37550.0,37700.0,36950.0,37050.0,3625448
2007-01-04,37100.0,37550.0,36850.0,37100.0,4410444
2007-01-05,37400.0,37550.0,36400.0,37450.0,5912841
2007-01-08,37200.0,37350.0,36500.0,36700.0,3436188
2007-01-09,36750.0,37100.0,36500.0,36650.0,2737071
2007-01-10,37000.0,37100.0,36100.0,36500.0,4068429
2007-01-11,36850.0,36950.0,36100.0,36300.0,5255318
2007-01-12,36450.0,36550.0,35600.0,36400.0,5912235
2007-01-15,36500.0,37000.0,36350.0,36500.0,3382575
2007-01-16,36400.0,36500.0,35650.0,35850.0,3723261
2007-01-17,35800.0,35800.0,34250.0,34250.0,7921034
2007-01-18,34150.0,34350.0,33700.0,34000.0,5698619
2007-01-19,33100.0,33250.0,31850.0,32150.0,10987085
2007-01-22,32250.0,33200.0,32200.0,32900.0,5248127
2007-01-23,32550.0,33300.0,32500.0,32650.0,3365091
2007-01-24,32750.0,33950.0,32750.0,33900.0,3656330
2007-01-25,34300.0,34350.0,33500.0,33600.0,2286870
2007-01-26,33100.0,33250.0,32450.0,33050.0,4348101
2007-01-29,33100.0,33250.0,31550.0,31550.0,9057911
2007-01-30,31500.0,31950.0,31100.0,31950.0,6686603
2007-01-31,32600.0,32700.0,31000.0,31200.0,7786100
2007-02-01,31200.0,31550.0,30750.0,31150.0,8183670
2007-02-02,31300.0,32250.0,31250.0,32150.0,7717789
2007-02-05,32400.0,32700.0,32200.0,32550.0,5205451
2007-02-06,32600.0,32650.0,31950.0,32250.0,5770431
2007-02-07,32250.0,32550.0,31750.0,32100.0,5169719
2007-02-08,32350.0,32500.0,31450.0,31700.0,5318148
2007-02-09,31550.0,32000.0,31350.0,31650.0,4432259
2007-02-12,30900.0,31100.0,30250.0,30800.0,7590061
2007-02-13,30600.0,31200.0,30550.0,30850.0,3706400
2007-02-14,31150.0,31300.0,30900.0,31100.0,4785225
2007-02-15,31850.0,32000.0,31300.0,31350.0,4176890
2007-02-16,31500.0,32000.0,31100.0,31950.0,5529891
2007-02-20,32000.0,32100.0,31500.0,32100.0,4056907
2007-02-21,32350.0,33100.0,32300.0,32850.0,7745077
2007-02-22,32750.0,33100.0,32550.0,32550.0,4430100
2007-02-23,32800.0,33000.0,31900.0,32250.0,5903588
2007-02-26,32300.0,32750.0,31900.0,32600.0,4022813
2007-02-27,32450.0,32450.0,31700.0,31950.0,4572140
2007-02-28,30500.0,31350.0,30350.0,31150.0,7916300
2007-03-01,31150.0,31150.0,31150.0,31150.0,0
2007-03-05,31050.0,32200.0,31050.0,31600.0,4503565
2007-03-06,31950.0,32200.0,31850.0,32200.0,3650155
2007-03-07,32350.0,32550.0,31600.0,32050.0,3874191
2007-03-08,32000.0,32700.0,31800.0,32400.0,4572600
2007-03-09,32900.0,33000.0,32300.0,32500.0,4005339
2007-03-12,32750.0,33150.0,32550.0,33050.0,4603008
2007-03-13,32900.0,33000.0,32300.0,32350.0,4437223
2007-03-14,31700.0,31900.0,31350.0,31800.0,4800882
2007-03-15,32150.0,32350.0,31850.0,31900.0,2777622
2007-03-16,31900.0,32050.0,31600.0,31650.0,2987941
2007-03-19,31500.0,31850.0,31300.0,31700.0,4116630
2007-03-20,31500.0,31850.0,31300.0,31400.0,6007164
2007-03-21,31650.0,32300.0,31600.0,31900.0,6900244
2007-03-22,32550.0,33050.0,32350.0,32750.0,8583200
2007-03-23,32900.0,33100.0,32500.0,32550.0,4131885
2007-03-26,32800.0,33050.0,32650.0,32800.0,4129450
2007-03-27,32750.0,32800.0,32450.0,32600.0,2353614
2007-03-28,32500.0,33300.0,32450.0,32500.0,4221140
2007-03-29,32300.0,32500.0,31850.0,32400.0,4239393
2007-03-30,32400.0,32750.0,32300.0,32400.0,3112160
2007-04-02,32750.0,32800.0,32300.0,32350.0,3333963
2007-04-03,32400.0,33350.0,32300.0,33100.0,6493707
2007-04-04,33500.0,34050.0,33400.0,33800.0,7654806
2007-04-05,34050.0,34200.0,33750.0,33750.0,3983978
2007-04-06,34000.0,34050.0,33300.0,33400.0,3160861
2007-04-09,33400.0,33600.0,32900.0,33200.0,3773099
2007-04-10,33000.0,33800.0,32850.0,33400.0,5332747
2007-04-11,33650.0,34650.0,33600.0,34200.0,8008720
2007-04-12,34150.0,34400.0,33800.0,34100.0,4174016
2007-04-13,34350.0,34650.0,33850.0,34100.0,4626449
2007-04-16,34050.0,34100.0,33500.0,33650.0,5968063
2007-04-17,33850.0,33900.0,33350.0,33550.0,5648600
2007-04-18,33500.0,33550.0,33050.0,33200.0,5546126
2007-04-19,33300.0,33350.0,31750.0,32200.0,13135781
2007-04-20,32250.0,32600.0,32000.0,32350.0,5839748
2007-04-23,32700.0,33100.0,32300.0,32350.0,5696747
2007-04-24,32150.0,32200.0,31500.0,31750.0,7995396
2007-04-25,32250.0,32400.0,31300.0,32200.0,7662800
2007-04-26,32300.0,32750.0,31850.0,32200.0,6446199
2007-04-27,32000.0,32450.0,31700.0,32050.0,4749691
2007-04-30,31900.0,32200.0,31800.0,32050.0,2193274
2007-05-02,32450.0,32450.0,31750.0,32000.0,3643420
2007-05-03,32200.0,32350.0,31850.0,31850.0,3307683
2007-05-04,31900.0,32300.0,31750.0,31850.0,3223554
2007-05-07,32100.0,33550.0,32050.0,33300.0,10312955
2007-05-08,33300.0,33400.0,32500.0,32700.0,4523488
2007-05-09,32500.0,32600.0,32050.0,32550.0,4038513
2007-05-10,32900.0,32950.0,31850.0,32000.0,6832181
2007-05-11,31700.0,31800.0,31400.0,31700.0,4464540
2007-05-14,31800.0,31950.0,31150.0,31450.0,4931328
2007-05-15,31350.0,31750.0,31150.0,31550.0,3176004
2007-05-16,31300.0,31500.0,30550.0,30800.0,6746900
2007-05-17,30800.0,30800.0,30000.0,30250.0,8666679
2007-05-18,29600.0,29650.0,28950.0,29300.0,12476719
2007-05-21,28800.0,29750.0,28700.0,29150.0,6855853
2007-05-22,29350.0,29750.0,28500.0,29400.0,9477332
2007-05-23,29450.0,30100.0,29100.0,29450.0,5998034
2007-05-25,29150.0,30150.0,29100.0,29900.0,5379926
2007-05-28,30050.0,30050.0,29100.0,29350.0,5449928
2007-05-29,29350.0,29400.0,28350.0,28650.0,9365372
2007-05-30,28550.0,28650.0,27700.0,28250.0,7569606
2007-05-31,28550.0,28900.0,28250.0,28750.0,6161738
2007-06-01,29900.0,30800.0,29750.0,30300.0,15433445
2007-06-04,30900.0,31350.0,30400.0,30500.0,9815586
2007-06-05,30800.0,31600.0,30650.0,30800.0,6665324
2007-06-07,30350.0,31250.0,30300.0,30900.0,5124594
2007-06-08,30650.0,31800.0,30300.0,31550.0,8611266
2007-06-11,32250.0,32500.0,31800.0,32000.0,7402322
2007-06-12,31500.0,31950.0,31000.0,31450.0,5688974
2007-06-13,31050.0,31200.0,30300.0,30850.0,5747647
2007-06-14,31200.0,31300.0,30550.0,30900.0,5828082
2007-06-15,31000.0,31000.0,30300.0,30600.0,6227967
2007-06-18,30850.0,32100.0,30650.0,31850.0,11729939
2007-06-19,32500.0,32800.0,31950.0,32150.0,9350751
2007-06-20,32700.0,32950.0,32100.0,32150.0,8060920
2007-06-21,33450.0,34500.0,33150.0,34500.0,18845308
2007-06-22,35200.0,35350.0,33700.0,34700.0,14047924
2007-06-25,34200.0,34650.0,33550.0,33700.0,7028284
2007-06-26,34150.0,34350.0,32950.0,34050.0,6743839
2007-06-27,34100.0,34150.0,33350.0,33500.0,4255969
2007-06-28,34200.0,34350.0,33600.0,33900.0,4400397
2007-06-29,34000.0,34800.0,33350.0,33350.0,5343800
2007-07-02,33000.0,33550.0,32550.0,33400.0,4268886
2007-07-03,33850.0,34050.0,33500.0,33500.0,3954565
2007-07-04,34200.0,35000.0,34150.0,34950.0,9822228
2007-07-05,35200.0,36850.0,35100.0,35900.0,13703732
2007-07-06,36950.0,37700.0,36550.0,37600.0,12637910
2007-07-09,38250.0,38650.0,36800.0,37400.0,10001749
2007-07-10,37800.0,38050.0,36900.0,37700.0,5585871
2007-07-11,37300.0,38800.0,37200.0,38200.0,7312966
2007-07-12,38650.0,39350.0,38550.0,38800.0,6062962
2007-07-13,39650.0,39700.0,38550.0,39100.0,7064650
2007-07-16,38850.0,38850.0,37550.0,37550.0,5778636
2007-07-18,38100.0,38450.0,37450.0,37700.0,4580700
2007-07-19,37700.0,38050.0,37200.0,37550.0,3350177
2007-07-20,38000.0,39200.0,37750.0,39200.0,6008139
2007-07-23,39000.0,40000.0,38950.0,39200.0,5066982
2007-07-24,39700.0,39850.0,38850.0,39000.0,4053341
2007-07-25,38400.0,39150.0,37850.0,38300.0,4579628
2007-07-26,38500.0,39000.0,37350.0,37400.0,4975523
2007-07-27,37200.0,38100.0,36350.0,36350.0,8138128
2007-07-30,36450.0,37150.0,36100.0,36950.0,4105438
2007-07-31,37450.0,38000.0,37050.0,37600.0,3762650
2007-08-01,36900.0,37100.0,34650.0,35300.0,7216105
2007-08-02,35800.0,36350.0,35000.0,35800.0,4686778
2007-08-03,36350.0,37550.0,35900.0,37100.0,4779523
2007-08-06,37650.0,38150.0,36950.0,37350.0,6559845
2007-08-07,38150.0,38150.0,36800.0,37100.0,2590020
2007-08-08,37350.0,37650.0,36950.0,37650.0,2787643
2007-08-09,38250.0,39100.0,38200.0,38700.0,6014002
2007-08-10,37950.0,38550.0,37050.0,37300.0,6148580
2007-08-13,37950.0,39000.0,37500.0,39000.0,5732127
2007-08-14,38800.0,39500.0,38250.0,38400.0,4686175
2007-08-16,36800.0,37100.0,35850.0,36550.0,7972490
2007-08-17,37300.0,37300.0,35000.0,35300.0,5098790
2007-08-20,36600.0,36900.0,36250.0,36750.0,4153220
2007-08-21,36550.0,36900.0,35850.0,35950.0,3603886
2007-08-22,35850.0,37200.0,35650.0,36750.0,4169620
2007-08-23,37450.0,37700.0,36550.0,36700.0,4023192
2007-08-24,36400.0,36450.0,35150.0,35550.0,7036301
2007-08-27,35900.0,36000.0,33900.0,34350.0,9563374
2007-08-28,33750.0,33850.0,32500.0,33200.0,10770631
2007-08-29,31550.0,32700.0,31550.0,32700.0,7808173
2007-08-30,33550.0,34200.0,33500.0,33550.0,7173559
2007-08-31,33550.0,33950.0,33000.0,33750.0,6283061
2007-09-03,33900.0,33900.0,32750.0,33000.0,5607944
2007-09-04,32850.0,33100.0,32350.0,32600.0,5397346
2007-09-05,33150.0,33800.0,32800.0,32800.0,6786303
2007-09-06,32400.0,32800.0,31600.0,32050.0,9870563
2007-09-07,31950.0,31950.0,30700.0,31000.0,9907081
2007-09-10,30350.0,31500.0,30200.0,31150.0,6532200
2007-09-11,31400.0,32000.0,31150.0,31600.0,5258972
2007-09-12,31900.0,32200.0,31350.0,31400.0,3485293
2007-09-13,31150.0,31450.0,30050.0,30500.0,7401219
2007-09-14,30350.0,30900.0,29800.0,30400.0,6113911
2007-09-17,30450.0,30950.0,30350.0,30550.0,2882498
2007-09-18,30550.0,30600.0,29300.0,29550.0,6086663
2007-09-19,30500.0,30800.0,30050.0,30150.0,5373391
2007-09-20,29950.0,29950.0,28850.0,28850.0,7546620
2007-09-21,28950.0,29200.0,28650.0,29200.0,4900130
2007-09-27,29600.0,30950.0,29600.0,30950.0,7895709
2007-09-28,31550.0,31900.0,31150.0,31300.0,7468733
2007-10-01,31450.0,31450.0,30650.0,31100.0,5335855
2007-10-02,31700.0,31700.0,30500.0,31000.0,6479229
2007-10-04,30050.0,30150.0,29650.0,29700.0,8514602
2007-10-05,29600.0,29700.0,29000.0,29400.0,5673386
2007-10-08,29800.0,30050.0,29200.0,29300.0,5402021
2007-10-09,28800.0,29400.0,28700.0,29000.0,5305075
2007-10-10,29100.0,29300.0,28550.0,28950.0,4775770
2007-10-11,28950.0,29000.0,28350.0,28650.0,5057857
2007-10-12,28250.0,29550.0,27950.0,28300.0,8134755
2007-10-15,28700.0,28900.0,28000.0,28000.0,4293122
2007-10-16,27750.0,27850.0,26400.0,26700.0,10340035
2007-10-17,26700.0,27400.0,26500.0,26800.0,6559482
2007-10-18,26800.0,27050.0,25650.0,26100.0,8770212
2007-10-19,26400.0,26700.0,26000.0,26000.0,5299247
2007-10-22,24950.0,25400.0,24750.0,25250.0,5298719
2007-10-23,25500.0,25800.0,24850.0,25150.0,4899273
2007-10-24,25250.0,25400.0,24150.0,24300.0,6949179
2007-10-25,24050.0,24400.0,23000.0,23000.0,9004225
2007-10-26,22900.0,26450.0,22600.0,26350.0,19042962
2007-10-29,26050.0,26250.0,25050.0,25350.0,8870871
2007-10-30,25000.0,25100.0,24200.0,24850.0,6290150
2007-10-31,25250.0,26250.0,25000.0,25000.0,8838583
2007-11-01,25550.0,25700.0,24400.0,24550.0,4716452
2007-11-02,23850.0,24250.0,23850.0,24100.0,3383856
2007-11-05,24000.0,24100.0,23300.0,23650.0,4010378
2007-11-06,23500.0,25300.0,23350.0,24150.0,5339468
2007-11-07,24450.0,25500.0,24400.0,24650.0,6248700
2007-11-08,24250.0,24400.0,23400.0,23400.0,5652792
2007-11-09,23600.0,24000.0,22900.0,23450.0,5543055
2007-11-12,23100.0,23150.0,22650.0,23050.0,2833000
2007-11-13,22900.0,23450.0,22800.0,23200.0,3105225
2007-11-14,23700.0,24000.0,23100.0,23200.0,3680017
2007-11-15,23350.0,24250.0,23300.0,23700.0,4804998
2007-11-16,23750.0,24850.0,23700.0,23750.0,5976549
2007-11-19,23950.0,24100.0,22850.0,23000.0,4960780
2007-11-20,22600.0,23000.0,22100.0,23000.0,3052344
2007-11-21,22950.0,23050.0,22300.0,22500.0,2697096
2007-11-22,22100.0,23400.0,22100.0,22700.0,3842767
2007-11-23,23000.0,23450.0,22700.0,22700.0,3714491
2007-11-26,23100.0,23400.0,22850.0,22950.0,2408600
2007-11-27,22550.0,22850.0,22100.0,22850.0,3078706
2007-11-28,23100.0,23400.0,22800.0,22800.0,2959900
2007-11-29,23650.0,24700.0,23600.0,24500.0,10821316
2007-11-30,24800.0,25900.0,24650.0,25900.0,8695045
2007-12-03,25750.0,25750.0,24900.0,25200.0,3623600
2007-12-04,25500.0,25950.0,25350.0,25450.0,2905890
2007-12-05,25400.0,26000.0,25000.0,25650.0,4208569
2007-12-06,26400.0,27200.0,26300.0,26950.0,8774400
2007-12-07,27100.0,28150.0,26450.0,27500.0,9077272
2007-12-10,27150.0,27450.0,26650.0,27000.0,5444833
2007-12-11,27100.0,27300.0,26050.0,26500.0,4969200
2007-12-12,25800.0,26050.0,25300.0,26050.0,6195074
2007-12-13,26450.0,26550.0,25800.0,26000.0,4870974
2007-12-14,25500.0,26000.0,25350.0,25550.0,4201350
2007-12-17,25200.0,26000.0,24950.0,25250.0,3689736
2007-12-18,25100.0,25400.0,24600.0,25250.0,3691800
2007-12-20,25400.0,25450.0,24350.0,24500.0,2833831
2007-12-21,24800.0,24900.0,23500.0,24700.0,3196468
2007-12-24,24800.0,25750.0,24800.0,25750.0,4274037
2007-12-26,26000.0,26550.0,25700.0,25700.0,2484200
2007-12-27,25850.0,26800.0,25450.0,26000.0,2801760
2007-12-28,25850.0,26500.0,25800.0,25950.0,1933030
2008-01-02,26000.0,26100.0,24800.0,24850.0,3440780
2008-01-03,24400.0,24850.0,24100.0,24600.0,2770877
2008-01-04,24500.0,24600.0,24000.0,24400.0,3164048
2008-01-07,23500.0,23800.0,23350.0,23600.0,4062797
2008-01-08,23400.0,23550.0,22950.0,23100.0,3245201
2008-01-09,22650.0,23900.0,22550.0,23500.0,3217076
2008-01-10,23700.0,24100.0,23300.0,23300.0,1980789
2008-01-11,23850.0,24150.0,23350.0,23700.0,3832372
2008-01-14,23800.0,23950.0,23150.0,23250.0,1868227
2008-01-15,23750.0,23950.0,22600.0,22750.0,3431690
2008-01-16,22300.0,22550.0,21800.0,21850.0,4795073
2008-01-17,22300.0,24500.0,22200.0,24500.0,10714366
2008-01-18,24100.0,25050.0,23800.0,24500.0,9942980
2008-01-21,25000.0,25600.0,24900.0,25000.0,7523875
2008-01-22,24400.0,25850.0,24000.0,25000.0,9745690
2008-01-23,25900.0,26100.0,25000.0,25300.0,6163397
2008-01-24,25900.0,26400.0,25650.0,26100.0,5131742
2008-01-25,26100.0,26300.0,25000.0,25150.0,5772990
2008-01-28,24700.0,25350.0,24150.0,24450.0,3506559
2008-01-29,24900.0,25600.0,24650.0,25250.0,4308059
2008-01-30,25600.0,26650.0,25450.0,26100.0,9025016
2008-01-31,26200.0,26450.0,25350.0,26000.0,4468228
2008-02-01,26050.0,26200.0,24850.0,25300.0,5957399
2008-02-04,25900.0,26450.0,25700.0,26000.0,5335745
2008-02-05,25900.0,26400.0,25750.0,26050.0,2539347
2008-02-11,25550.0,26300.0,25350.0,26100.0,3825822
2008-02-12,26450.0,27200.0,26100.0,26250.0,4783467
2008-02-13,26550.0,26800.0,25750.0,25800.0,2743869
2008-02-14,26400.0,26550.0,25800.0,26200.0,4234387
2008-02-15,25800.0,26500.0,25600.0,26000.0,3354368
2008-02-18,25550.0,25850.0,25300.0,25650.0,3023722
2008-02-19,25900.0,25950.0,25250.0,25500.0,3222968
2008-02-20,25350.0,25600.0,24500.0,24600.0,4093336
2008-02-21,24950.0,25050.0,24500.0,24550.0,3190984
2008-02-22,24200.0,24250.0,23500.0,23750.0,5641334
2008-02-25,23850.0,24150.0,23300.0,23500.0,4647320
2008-02-26,23750.0,23850.0,23100.0,23100.0,3754101
2008-02-27,23400.0,24950.0,23300.0,24950.0,5583440
2008-02-28,24700.0,25200.0,24300.0,24900.0,4076337
2008-02-29,24750.0,24750.0,24300.0,24550.0,2448630
2008-03-03,23850.0,24000.0,23300.0,23300.0,4473335
2008-03-04,23700.0,23900.0,23300.0,23650.0,3972577
2008-03-05,23800.0,24600.0,23750.0,24300.0,3918323
2008-03-06,24400.0,25400.0,23900.0,24900.0,6740104
2008-03-07,24400.0,24550.0,23950.0,24050.0,3371537
2008-03-10,23550.0,24150.0,23500.0,23700.0,2244452
2008-03-11,23600.0,24800.0,23300.0,24550.0,3165583
2008-03-12,25400.0,25550.0,24500.0,24500.0,4104595
2008-03-13,24500.0,24800.0,23800.0,23900.0,3069033
2008-03-14,24300.0,24600.0,23550.0,23800.0,2458362
2008-03-17,23350.0,24250.0,22750.0,24000.0,3966402
2008-03-18,24000.0,24200.0,23550.0,24150.0,2744891
2008-03-19,24650.0,24750.0,24100.0,24100.0,3362228
2008-03-20,23800.0,24800.0,23600.0,24750.0,3304085
2008-03-21,25200.0,26250.0,24950.0,26250.0,7573430
2008-03-24,26200.0,26500.0,25850.0,26050.0,3381961
2008-03-25,26550.0,26600.0,25900.0,25900.0,3046637
2008-03-26,26150.0,26850.0,26100.0,26450.0,4662565
2008-03-27,26000.0,26050.0,25300.0,25800.0,5285519
2008-03-28,25550.0,26450.0,25550.0,26300.0,3121447
2008-03-31,26500.0,28000.0,26500.0,27850.0,12337043
2008-04-01,27650.0,28700.0,27250.0,27900.0,7407189
2008-04-02,28800.0,28850.0,28150.0,28150.0,4544842
2008-04-03,28450.0,28500.0,27850.0,28250.0,3046327
2008-04-04,28350.0,28350.0,27600.0,28000.0,2774528
2008-04-07,28000.0,28050.0,27350.0,27450.0,3655680
2008-04-08,27600.0,27700.0,26750.0,26850.0,4726599
2008-04-10,27150.0,27850.0,26950.0,27650.0,4927300
2008-04-11,28000.0,28950.0,27950.0,28950.0,11133910
2008-04-14,28550.0,29450.0,28350.0,28900.0,5397841
2008-04-15,28550.0,28800.0,27600.0,27850.0,6857099
2008-04-16,28350.0,28350.0,27750.0,27800.0,3704662
2008-04-17,28700.0,28950.0,27950.0,28050.0,4626093
2008-04-18,28300.0,28900.0,28200.0,28300.0,3338982
2008-04-21,28750.0,29500.0,28700.0,29350.0,5874179
2008-04-22,29800.0,30200.0,29450.0,29450.0,6268959
2008-04-23,29450.0,30000.0,28750.0,28950.0,5245300
2008-04-24,29300.0,29700.0,28200.0,28500.0,5910222
2008-04-25,28300.0,28900.0,27900.0,28100.0,7947243
2008-04-28,27050.0,27250.0,26500.0,26650.0,11741135
2008-04-29,26900.0,27250.0,26600.0,26800.0,3654818
2008-04-30,26650.0,26950.0,26400.0,26800.0,3156175
2008-05-01,26800.0,26800.0,26800.0,26800.0,0
2008-05-02,27650.0,28000.0,27400.0,27950.0,5879147
2008-05-05,27950.0,27950.0,27950.0,27950.0,0
2008-05-06,28200.0,28700.0,27950.0,28350.0,3790033
2008-05-07,28450.0,28600.0,28000.0,28300.0,3764461
2008-05-08,28250.0,29300.0,28200.0,29100.0,6404820
2008-05-09,29700.0,29750.0,28800.0,29200.0,3870034
2008-05-12,29200.0,29200.0,29200.0,29200.0,0
2008-05-13,29200.0,29300.0,28700.0,29200.0,2644485
2008-05-14,29250.0,29800.0,29250.0,29400.0,2837691
2008-05-15,29450.0,30500.0,29450.0,30400.0,8450892
2008-05-16,30800.0,31300.0,30500.0,30600.0,4756489
2008-05-19,31000.0,31150.0,30350.0,30600.0,4020996
2008-05-20,29350.0,30100.0,29200.0,29850.0,5436958
2008-05-21,29550.0,30300.0,29400.0,30000.0,3053708
2008-05-22,29700.0,30000.0,29000.0,29650.0,2973122
2008-05-23,29900.0,29900.0,29100.0,29400.0,2759817
2008-05-26,29000.0,29450.0,28550.0,28600.0,3771698
2008-05-27,28850.0,29800.0,28650.0,29450.0,3667896
2008-05-28,29700.0,29750.0,29300.0,29450.0,3229536
2008-05-29,29650.0,30300.0,29600.0,29900.0,3042082
2008-05-30,30350.0,31100.0,30000.0,31000.0,10127440
2008-06-02,30900.0,30950.0,30250.0,30350.0,3055725
2008-06-03,30350.0,30950.0,30000.0,30050.0,2862655
2008-06-04,30500.0,30800.0,30200.0,30250.0,2531317
2008-06-05,30600.0,31550.0,30500.0,31300.0,6289488
2008-06-06,31300.0,31300.0,31300.0,31300.0,0
2008-06-09,30700.0,31950.0,30600.0,31450.0,4808300
2008-06-10,31650.0,31650.0,30900.0,31200.0,4087318
2008-06-11,31200.0,31300.0,30650.0,31150.0,2463221
2008-06-12,30000.0,30350.0,29200.0,29200.0,7259093
2008-06-13,29250.0,29700.0,28650.0,29350.0,3991754
2008-06-16,29900.0,30050.0,29150.0,29400.0,2139938
2008-06-17,29100.0,29500.0,28400.0,28900.0,3319275
2008-06-18,28550.0,28700.0,27850.0,28450.0,4139315
2008-06-19,28050.0,28100.0,27600.0,27850.0,3138101
2008-06-20,28250.0,28300.0,27150.0,27950.0,3854455
2008-06-23,27550.0,28200.0,27150.0,27950.0,2690083
2008-06-24,27700.0,28150.0,27250.0,27450.0,2075540
2008-06-25,27500.0,27750.0,26700.0,27150.0,2791496
2008-06-26,27700.0,27900.0,27100.0,27200.0,2468597
2008-06-27,26450.0,26550.0,25850.0,25950.0,4516941
2008-06-30,25800.0,25900.0,24900.0,25000.0,5461165
2008-07-01,25100.0,25150.0,23850.0,24550.0,6995098
2008-07-02,24600.0,24600.0,23500.0,23750.0,4642524
2008-07-03,23450.0,25250.0,23300.0,25050.0,6433863
2008-07-04,24550.0,24850.0,23350.0,23350.0,7115927
2008-07-07,23350.0,23550.0,22350.0,23050.0,5651450
2008-07-08,22900.0,23300.0,22350.0,22650.0,3809675
2008-07-09,23250.0,23450.0,22400.0,22550.0,3353434
2008-07-10,22200.0,22850.0,21900.0,22700.0,4992195
2008-07-11,23100.0,23750.0,22750.0,23750.0,4663135
2008-07-14,23650.0,24000.0,23150.0,23200.0,2984602
2008-07-15,23150.0,23150.0,22150.0,22150.0,2917764
2008-07-16,22450.0,22650.0,21400.0,21650.0,5522258
2008-07-17,22550.0,22600.0,22000.0,22200.0,4199713
2008-07-18,22750.0,23200.0,22500.0,22650.0,4086593
2008-07-21,23150.0,23900.0,23000.0,23850.0,3520406
2008-07-22,23350.0,23500.0,22800.0,23400.0,4402972
2008-07-23,23350.0,23650.0,22900.0,23250.0,5516798
2008-07-24,23550.0,24000.0,22550.0,23900.0,6847732
2008-07-25,23400.0,24250.0,23050.0,23350.0,4325286
2008-07-28,23550.0,23650.0,22600.0,23000.0,3467869
2008-07-29,22450.0,22550.0,21800.0,21800.0,4909180
2008-07-30,22350.0,22450.0,21100.0,21100.0,7336316
2008-07-31,21150.0,21950.0,21150.0,21650.0,4182198
2008-08-01,21350.0,21750.0,20850.0,21050.0,3383089
2008-08-04,20900.0,21150.0,20250.0,20500.0,3314450
2008-08-05,20300.0,21150.0,20300.0,20700.0,3396335
2008-08-06,21600.0,22400.0,21350.0,22400.0,5178555
2008-08-07,22500.0,23200.0,22100.0,22100.0,5996731
2008-08-08,22000.0,22950.0,21900.0,22600.0,4717259
2008-08-11,23250.0,23800.0,23150.0,23800.0,5733064
2008-08-12,23900.0,24200.0,23250.0,23300.0,4555300
2008-08-13,23500.0,23900.0,23200.0,23200.0,2747721
2008-08-14,23100.0,23500.0,22700.0,23500.0,3218823
2008-08-15,23500.0,23500.0,23500.0,23500.0,0
2008-08-18,23300.0,23450.0,22850.0,23400.0,2414859
2008-08-19,23050.0,23200.0,22400.0,22400.0,3073121
2008-08-20,22050.0,22500.0,21600.0,22100.0,3879688
2008-08-21,21800.0,21950.0,21250.0,21600.0,3029024
2008-08-22,21350.0,21500.0,20700.0,20950.0,3599381
2008-08-25,21200.0,21450.0,21050.0,21050.0,2066154
2008-08-26,20550.0,20800.0,20400.0,20550.0,3757999
2008-08-27,20550.0,20600.0,19550.0,19800.0,6562451
2008-08-28,20150.0,20200.0,19200.0,19200.0,4504766
2008-08-29,19700.0,19900.0,19200.0,19400.0,4888311
2008-09-01,18900.0,19200.0,17200.0,17200.0,7069417
2008-09-02,17500.0,17750.0,16750.0,17200.0,5731756
2008-09-03,17000.0,19100.0,16850.0,19100.0,7489036
2008-09-04,18400.0,18650.0,17850.0,17850.0,7152996
2008-09-05,17100.0,18150.0,16950.0,17300.0,7117937
2008-09-08,18000.0,19900.0,17900.0,19900.0,8235128
2008-09-09,19600.0,19600.0,18550.0,18600.0,6653528
2008-09-10,18850.0,20100.0,18800.0,20100.0,7351630
2008-09-11,19950.0,21000.0,19900.0,20300.0,9014651
2008-09-12,21100.0,21200.0,20400.0,20400.0,4004898
2008-09-15,20400.0,20400.0,20400.0,20400.0,0
2008-09-16,18000.0,19000.0,18000.0,18100.0,7057420
2008-09-17,19150.0,20200.0,19000.0,19900.0,8049428
2008-09-18,19400.0,19500.0,18350.0,18550.0,43671
2008-09-19,19600.0,20200.0,19350.0,20050.0,7034088
2008-09-22,20100.0,20850.0,19400.0,19500.0,6308938
2008-09-23,19300.0,20100.0,19150.0,20000.0,4188777
2008-09-24,20000.0,20300.0,19650.0,20300.0,4827050
2008-09-25,20100.0,20400.0,19700.0,20150.0,5983320
2008-09-26,20000.0,20350.0,19250.0,19400.0,4487395
2008-09-29,19900.0,20400.0,19350.0,19350.0,5293355
2008-09-30,18200.0,19550.0,18200.0,19350.0,5375058
2008-10-01,19650.0,19800.0,19200.0,19450.0,2354755
2008-10-02,19550.0,20050.0,18950.0,19000.0,4384321
2008-10-03,19000.0,19000.0,19000.0,19000.0,0
2008-10-06,18450.0,18450.0,17800.0,17800.0,6091800
2008-10-07,17500.0,17750.0,17150.0,17750.0,4549000
2008-10-08,16900.0,17350.0,15100.0,15100.0,5199420
2008-10-09,15150.0,16550.0,14650.0,15700.0,9470869
2008-10-10,15000.0,15650.0,13700.0,15200.0,6118863
2008-10-13,15900.0,16900.0,15550.0,16700.0,7537046
2008-10-14,17900.0,18900.0,17550.0,18800.0,8893519
2008-10-15,18200.0,18600.0,17750.0,18000.0,5750608
2008-10-16,16800.0,17000.0,15350.0,15350.0,6998460
2008-10-17,16050.0,16400.0,14800.0,14900.0,5481293
2008-10-20,15650.0,15800.0,14200.0,15350.0,5914952
2008-10-21,15850.0,15900.0,14200.0,14300.0,6464311
2008-10-22,14200.0,14450.0,12200.0,12200.0,13377022
2008-10-23,11400.0,11600.0,10400.0,10400.0,12341832
2008-10-24,10400.0,10550.0,8850.0,8850.0,13981438
2008-10-27,8900.0,9390.0,8070.0,8120.0,15370512
2008-10-28,8070.0,9330.0,8000.0,9330.0,12728079
2008-10-29,10050.0,10550.0,8800.0,9370.0,26635118
2008-10-30,10300.0,10750.0,9560.0,10750.0,12787652
2008-10-31,10500.0,11900.0,10100.0,10500.0,17501272
2008-11-03,11000.0,11800.0,10700.0,11000.0,13093559
2008-11-04,10750.0,10900.0,10050.0,10250.0,12204231
2008-11-05,10650.0,11250.0,10350.0,10650.0,15430917
2008-11-06,10050.0,11200.0,10050.0,10100.0,14598359
2008-11-07,9980.0,11000.0,9900.0,11000.0,12646377
2008-11-10,11400.0,11500.0,10950.0,11150.0,9349427
2008-11-11,10800.0,10900.0,10050.0,10200.0,8903250
2008-11-12,9900.0,10950.0,9900.0,10500.0,11086079
2008-11-13,10000.0,10200.0,9760.0,9800.0,7259925
2008-11-14,10300.0,10400.0,9700.0,9710.0,6823967
2008-11-17,9610.0,9630.0,9080.0,9130.0,9901418
2008-11-18,8890.0,8900.0,8030.0,8110.0,14054739
2008-11-19,8270.0,8290.0,7350.0,7510.0,20643772
2008-11-20,6720.0,6900.0,6390.0,6390.0,18358064
2008-11-21,6000.0,7120.0,5860.0,6750.0,28913828
2008-11-24,6710.0,6960.0,5750.0,5850.0,23696202
2008-11-25,6350.0,6390.0,5770.0,5860.0,17419772
2008-11-26,6030.0,6240.0,5810.0,6070.0,19091232
2008-11-27,6400.0,6980.0,6320.0,6950.0,47929024
2008-11-28,7200.0,7880.0,7160.0,7490.0,42704580
2008-12-01,7510.0,8080.0,7450.0,7600.0,28804998
2008-12-02,7100.0,7290.0,7030.0,7200.0,14585039
2008-12-03,7390.0,7670.0,6980.0,7090.0,20681364
2008-12-04,7450.0,7600.0,7170.0,7300.0,20445004
2008-12-05,7330.0,7850.0,7050.0,7560.0,25460536
2008-12-08,7940.0,7950.0,7600.0,7800.0,16516360
2008-12-09,7930.0,7940.0,7370.0,7390.0,14220104
2008-12-10,7700.0,8090.0,7320.0,7380.0,37064040
2008-12-11,7330.0,7340.0,6420.0,6520.0,37843788
2008-12-12,6250.0,6900.0,6060.0,6380.0,39142064
2008-12-15,6690.0,6780.0,6350.0,6390.0,19613898
2008-12-16,6300.0,6980.0,6220.0,6980.0,24419652
2008-12-17,7300.0,7580.0,7060.0,7230.0,29648920
2008-12-18,7400.0,8170.0,7350.0,8130.0,41596032
2008-12-19,8150.0,8860.0,8100.0,8590.0,41478960
2008-12-22,8850.0,8930.0,8120.0,8210.0,29318396
2008-12-23,7800.0,7900.0,7310.0,7700.0,26829220
2008-12-24,7600.0,7670.0,6720.0,6750.0,17870864
2008-12-25,6720.0,6720.0,6720.0,6720.0,0
2008-12-26,7030.0,7230.0,6900.0,6930.0,13502750
2008-12-29,6690.0,6770.0,6350.0,6640.0,12617133
2008-12-30,6640.0,6970.0,6640.0,6700.0,7938688
2008-12-31,6700.0,6700.0,6700.0,6700.0,0
2009-01-02,6830.0,7180.0,6620.0,7180.0,9086763
2009-01-05,7200.0,7620.0,7110.0,7220.0,16038380
2009-01-06,7460.0,7730.0,7330.0,7390.0,21448220
2009-01-07,7600.0,7610.0,7250.0,7480.0,21636380
2009-01-08,7400.0,8000.0,7300.0,7930.0,33526570
2009-01-09,8000.0,8020.0,7340.0,7340.0,19425416
2009-01-12,7340.0,7390.0,6850.0,6920.0,12553263
2009-01-13,7040.0,7150.0,6980.0,7070.0,15324986
2009-01-14,6900.0,6930.0,6590.0,6730.0,28285960
2009-01-15,6470.0,6920.0,6430.0,6570.0,19672790
2009-01-16,6840.0,7000.0,6810.0,7000.0,12866838
2009-01-19,7090.0,7990.0,7050.0,7840.0,37087668
2009-01-20,7890.0,8090.0,7440.0,8070.0,36818188
2009-01-21,7750.0,8250.0,7650.0,7870.0,21946532
2009-01-22,8170.0,8270.0,7410.0,7430.0,19808536
2009-01-23,7370.0,7400.0,6950.0,7010.0,12827520
2009-01-28,7600.0,8060.0,7590.0,8060.0,31034660
2009-01-29,8430.0,8460.0,7920.0,7950.0,42863316
2009-01-30,7810.0,9040.0,7750.0,8940.0,58818596
2009-02-02,8940.0,9450.0,8860.0,8900.0,39829392
2009-02-03,9250.0,9370.0,8960.0,9110.0,22230778
2009-02-04,9360.0,9750.0,9310.0,9520.0,26379570
2009-02-05,9500.0,10350.0,9350.0,9350.0,44643468
2009-02-06,9660.0,9900.0,9150.0,9380.0,33713500
2009-02-09,10000.0,10000.0,9380.0,9450.0,22679580
2009-02-10,9700.0,9830.0,9400.0,9630.0,21775880
2009-02-11,9290.0,9390.0,9180.0,9240.0,19516732
2009-02-12,9060.0,9100.0,8720.0,8870.0,16910704
2009-02-13,8990.0,9270.0,8590.0,9250.0,24434908
2009-02-16,9180.0,9550.0,8900.0,8950.0,19790060
2009-02-17,8820.0,8820.0,8060.0,8210.0,22117080
2009-02-18,8140.0,8710.0,8090.0,8600.0,18954482
2009-02-19,8700.0,8930.0,8320.0,8330.0,19992822
2009-02-20,8230.0,8270.0,7860.0,7880.0,12165012
2009-02-23,8050.0,8810.0,7970.0,8810.0,19001572
2009-02-24,8500.0,8810.0,8420.0,8570.0,16043964
2009-02-25,8990.0,9110.0,8450.0,8450.0,13749405
2009-02-26,8700.0,8830.0,7980.0,8340.0,14446494
2009-02-27,8310.0,8780.0,8210.0,8640.0,15293500
2009-03-02,8500.0,8600.0,8140.0,8140.0,8621077
2009-03-03,7930.0,8380.0,7890.0,8320.0,12773494
2009-03-04,8360.0,8740.0,8250.0,8650.0,13294050
2009-03-05,8690.0,8790.0,8260.0,8270.0,12913454
2009-03-06,8120.0,8520.0,8100.0,8320.0,11385447
2009-03-09,8500.0,8520.0,8120.0,8220.0,11887133
2009-03-10,8220.0,8270.0,8040.0,8130.0,14884224
2009-03-11,8300.0,8510.0,8210.0,8210.0,21939948
2009-03-12,8360.0,8810.0,8360.0,8590.0,28893394
2009-03-13,9030.0,9560.0,8830.0,9360.0,44218388
2009-03-16,9420.0,9520.0,8870.0,8880.0,24746478
2009-03-17,9100.0,9400.0,8910.0,9400.0,18519056
2009-03-18,9700.0,9920.0,9450.0,9830.0,22326192
2009-03-19,10050.0,10100.0,9700.0,9740.0,14817067
2009-03-20,9700.0,9830.0,9440.0,9610.0,14038867
2009-03-23,9700.0,9890.0,9670.0,9880.0,2147770
2009-03-24,10600.0,10750.0,10200.0,10400.0,17376124
2009-03-25,10350.0,10350.0,9810.0,10200.0,19936134
2009-03-26,10600.0,11700.0,10500.0,11700.0,42892632
2009-03-27,12150.0,13250.0,11950.0,12000.0,55473528
2009-03-30,12250.0,12850.0,12050.0,12400.0,34931296
2009-03-31,12550.0,12600.0,11900.0,12350.0,30548476
2009-04-01,12200.0,12600.0,11700.0,12250.0,37647440
2009-04-02,12700.0,13100.0,12500.0,12700.0,30827856
2009-04-03,13200.0,13200.0,12550.0,12600.0,17081644
2009-04-06,12900.0,14450.0,12850.0,14150.0,52649776
2009-04-07,13850.0,14950.0,13700.0,14300.0,46506984
2009-04-08,14300.0,14650.0,13800.0,14000.0,26082376
2009-04-09,13500.0,14500.0,12800.0,14100.0,62749056
2009-04-10,14450.0,14550.0,13500.0,13500.0,28923650
2009-04-13,13650.0,14150.0,13100.0,13400.0,39669764
2009-04-14,13900.0,14200.0,13700.0,13850.0,26835826
2009-04-15,13850.0,14400.0,13100.0,13450.0,28071612
2009-04-16,13850.0,13900.0,13150.0,13250.0,16545505
2009-04-17,13900.0,14750.0,13700.0,14400.0,45809468
2009-04-20,14750.0,14950.0,14100.0,14550.0,20780592
2009-04-21,14050.0,14550.0,13850.0,14500.0,17163980
2009-04-22,15000.0,16650.0,14850.0,16650.0,53742920
2009-04-23,16500.0,16900.0,15800.0,15850.0,45040728
2009-04-24,15900.0,16400.0,14900.0,15100.0,26069504
2009-04-27,15450.0,15750.0,15200.0,15350.0,17888666
2009-04-28,15400.0,15500.0,14000.0,14000.0,21760484
2009-04-29,14350.0,14750.0,13800.0,14600.0,16974478
2009-04-30,14900.0,15050.0,14100.0,14400.0,15442921
2009-05-04,14650.0,15250.0,14300.0,14950.0,17319952
2009-05-06,15200.0,15650.0,14750.0,14750.0,17627220
2009-05-07,15100.0,15300.0,13900.0,14050.0,24432226
2009-05-08,14050.0,14150.0,13600.0,13900.0,15530093
2009-05-11,13900.0,14600.0,13500.0,14200.0,19917922
2009-05-12,14300.0,14750.0,14250.0,14550.0,17160368
2009-05-13,14750.0,14900.0,13950.0,13950.0,16524285
2009-05-14,13650.0,14250.0,13500.0,13850.0,14605386
2009-05-15,14350.0,14400.0,13300.0,13300.0,16685514
2009-05-18,13250.0,13600.0,13050.0,13400.0,11960292
2009-05-19,13850.0,14900.0,13700.0,14550.0,28162956
2009-05-20,14550.0,14700.0,14200.0,14500.0,10134822
2009-05-21,14350.0,14400.0,13400.0,13450.0,20874640
2009-05-22,13150.0,13350.0,12650.0,12650.0,23680374
2009-05-25,12600.0,13100.0,11350.0,12650.0,25679964
2009-05-26,12650.0,12950.0,12000.0,12000.0,26266720
2009-05-27,11800.0,12300.0,11200.0,11500.0,49675548
2009-05-28,11600.0,12550.0,11600.0,12550.0,28678120
2009-05-29,12700.0,12950.0,12350.0,12900.0,23999560
2009-06-01,12800.0,13000.0,12600.0,12750.0,9807902
2009-06-02,13200.0,13350.0,12700.0,12700.0,15237516
2009-06-03,12850.0,13350.0,12550.0,13350.0,16404788
2009-06-04,13300.0,13700.0,13100.0,13500.0,19449646
2009-06-05,13850.0,14150.0,13650.0,14050.0,19337424
2009-06-08,14000.0,14100.0,13600.0,13650.0,12299807
2009-06-09,13800.0,13900.0,12850.0,12900.0,19280700
2009-06-10,13150.0,13300.0,12950.0,13250.0,9594655
2009-06-11,13150.0,13200.0,12800.0,12900.0,12908639
2009-06-12,12950.0,13250.0,12800.0,12950.0,8605128
2009-06-15,13050.0,13400.0,12700.0,13250.0,10134485
2009-06-16,13250.0,13450.0,13100.0,13250.0,10845719
2009-06-17,13200.0,13800.0,13000.0,13700.0,12855273
2009-06-18,13650.0,13900.0,13050.0,13100.0,11440429
2009-06-19,13350.0,13450.0,12950.0,13250.0,7747072
2009-06-22,13350.0,13800.0,13300.0,13750.0,11652709
2009-06-23,13500.0,13750.0,13300.0,13450.0,11926895
2009-06-24,13700.0,14000.0,13550.0,13950.0,16133364
2009-06-25,13900.0,14250.0,13700.0,14100.0,14585216
2009-06-26,14150.0,14200.0,13700.0,13850.0,10121933
2009-06-29,13950.0,14100.0,13650.0,13650.0,6369587
2009-06-30,13850.0,14000.0,13550.0,13650.0,8020620
2009-07-01,13650.0,13850.0,13600.0,13800.0,6217410
2009-07-02,13900.0,14600.0,13650.0,14600.0,22035356
2009-07-03,14450.0,15000.0,14400.0,14950.0,20732340
2009-07-06,15050.0,15300.0,14900.0,15050.0,12445150
2009-07-07,15250.0,15750.0,15200.0,15400.0,16531115
2009-07-08,15450.0,15600.0,15150.0,15550.0,10828507
2009-07-09,15500.0,15500.0,15050.0,15500.0,9421348
2009-07-10,15400.0,15500.0,14850.0,14850.0,8815791
2009-07-13,14700.0,14900.0,14200.0,14200.0,10306952
2009-07-14,14600.0,14850.0,14400.0,14750.0,10211612
2009-07-15,15250.0,15500.0,15050.0,15500.0,11160033
2009-07-16,15850.0,16100.0,15550.0,15650.0,15398147
2009-07-17,15900.0,16050.0,15600.0,15600.0,6321899
2009-07-20,15900.0,16700.0,15800.0,16700.0,17151720
2009-07-21,17150.0,17300.0,16700.0,17150.0,15588329
2009-07-22,17000.0,17150.0,16700.0,16950.0,10686070
2009-07-23,16800.0,16850.0,16150.0,16400.0,15696461
2009-07-24,16600.0,16850.0,16150.0,16350.0,12744869
2009-07-27,16550.0,18250.0,16450.0,18000.0,31729376
2009-07-28,17800.0,18000.0,17500.0,17750.0,12745041
2009-07-29,18000.0,18600.0,17850.0,18200.0,18283254
2009-07-30,18050.0,18350.0,17700.0,18150.0,10015297
2009-07-31,18350.0,18400.0,17500.0,17600.0,16300624
2009-08-03,17600.0,18000.0,17200.0,17700.0,12909404
2009-08-04,18100.0,18550.0,17850.0,17850.0,15680941
2009-08-05,18250.0,18400.0,17300.0,17700.0,11695373
2009-08-06,17450.0,17600.0,17000.0,17500.0,12342250
2009-08-07,17600.0,18200.0,17500.0,18150.0,14507257
2009-08-10,18550.0,18600.0,18200.0,18200.0,8535653
2009-08-11,18050.0,18900.0,18050.0,18600.0,13994049
2009-08-12,18600.0,19300.0,18450.0,18900.0,17697746
2009-08-13,18800.0,18900.0,18400.0,18400.0,13181529
2009-08-14,18700.0,19250.0,18550.0,19150.0,12294784
2009-08-17,19100.0,19400.0,18600.0,18800.0,10453665
2009-08-18,18550.0,19400.0,18500.0,19150.0,12568028
2009-08-19,19400.0,20150.0,19250.0,19900.0,17221780
2009-08-20,20200.0,20300.0,19600.0,20100.0,11125165
2009-08-21,20150.0,20150.0,19450.0,19700.0,13509871
2009-08-24,20350.0,20900.0,20200.0,20650.0,13338541
2009-08-25,20500.0,21000.0,20300.0,20700.0,7697664
2009-08-26,20850.0,21350.0,20550.0,20850.0,7838325
2009-08-27,20700.0,21000.0,20550.0,20850.0,6830918
2009-08-28,21250.0,21600.0,21150.0,21350.0,11358222
2009-08-31,22000.0,22250.0,21600.0,21950.0,11862159
2009-09-01,21850.0,22400.0,21450.0,22150.0,10208005
2009-09-02,21700.0,22550.0,21700.0,22350.0,8322250
2009-09-03,22350.0,22600.0,22000.0,22050.0,5953699
2009-09-04,21950.0,22000.0,20500.0,20800.0,21300604
2009-09-07,21150.0,21800.0,20800.0,20950.0,13020143
2009-09-08,21100.0,21500.0,20100.0,20800.0,15185485
2009-09-09,21250.0,21400.0,20700.0,20850.0,10748219
2009-09-10,21150.0,21400.0,20800.0,21400.0,8092050
2009-09-11,21650.0,21650.0,21050.0,21100.0,6413378
2009-09-14,20900.0,21000.0,20000.0,20200.0,12009496
2009-09-15,20350.0,20950.0,20300.0,20650.0,6615073
2009-09-16,20950.0,21150.0,20650.0,20700.0,7067085
2009-09-17,21150.0,21450.0,20800.0,20850.0,7864136
2009-09-18,21000.0,21050.0,20350.0,20400.0,8216853
2009-09-21,20750.0,21550.0,20450.0,21450.0,11897495
2009-09-22,21700.0,22100.0,21550.0,22050.0,11064230
2009-09-23,21150.0,21500.0,20050.0,20850.0,27863004
2009-09-24,20850.0,21050.0,20300.0,20600.0,9903841
2009-09-25,20400.0,20500.0,17600.0,18950.0,44453744
2009-09-28,19050.0,19350.0,18700.0,19000.0,13917143
2009-09-29,19700.0,19950.0,19500.0,19550.0,11644792
2009-09-30,19400.0,20200.0,19400.0,19800.0,9918245
2009-10-01,20100.0,20200.0,19500.0,19650.0,6373073
2009-10-05,19300.0,19500.0,18400.0,18800.0,10508375
2009-10-06,19150.0,19250.0,18550.0,18700.0,6933880
2009-10-07,19050.0,19400.0,17950.0,18400.0,10509301
2009-10-08,18600.0,19500.0,18300.0,19300.0,11452011
2009-10-09,19600.0,19850.0,19550.0,19650.0,7645210
2009-10-12,20200.0,20600.0,19900.0,20000.0,10666380
2009-10-13,20050.0,20650.0,19700.0,20600.0,11530704
2009-10-14,21050.0,21300.0,20650.0,20800.0,8487690
2009-10-15,21000.0,21000.0,20350.0,20550.0,7229607
2009-10-16,20500.0,20750.0,19500.0,19800.0,10271409
2009-10-19,19700.0,20100.0,19350.0,19850.0,5822775
2009-10-20,20200.0,20250.0,19600.0,19850.0,4084581
2009-10-21,19700.0,20000.0,19100.0,19350.0,6797097
2009-10-22,19250.0,19650.0,18700.0,18800.0,6967782
2009-10-23,19100.0,19150.0,18600.0,18750.0,11408465
2009-10-26,18750.0,19150.0,18550.0,18850.0,7785268
2009-10-27,18800.0,19050.0,18200.0,18300.0,8888564
2009-10-28,18350.0,18500.0,17500.0,17700.0,9568284
2009-10-29,17300.0,18600.0,17100.0,18400.0,13165151
2009-10-30,18700.0,18800.0,18050.0,18050.0,6076030
2009-11-02,17700.0,18350.0,17650.0,18050.0,5538860
2009-11-03,18150.0,18450.0,17850.0,18200.0,5536088
2009-11-04,18350.0,19000.0,18250.0,19000.0,6199888
2009-11-05,18800.0,18900.0,18200.0,18350.0,4265218
2009-11-06,18900.0,19150.0,18650.0,19050.0,6825147
2009-11-09,19300.0,19850.0,19200.0,19800.0,8765526
2009-11-10,20100.0,20200.0,19450.0,19800.0,8089764
2009-11-11,19850.0,19950.0,19450.0,19950.0,5409374
2009-11-12,20050.0,21200.0,19600.0,19600.0,20297212
2009-11-13,19750.0,19850.0,18750.0,18850.0,9700082
2009-11-16,18950.0,19750.0,18650.0,19700.0,7292558
2009-11-17,19300.0,19450.0,18200.0,18400.0,21512894
2009-11-18,18750.0,18950.0,18400.0,18750.0,10865077
2009-11-19,18800.0,19400.0,18750.0,19250.0,8673951
2009-11-20,18900.0,19400.0,18900.0,19150.0,7034734
2009-11-23,19200.0,19350.0,18800.0,19050.0,5286131
2009-11-24,19150.0,19250.0,18550.0,18600.0,6620198
2009-11-25,18650.0,19000.0,18650.0,19000.0,5915711
2009-11-26,19100.0,19400.0,18900.0,19200.0,6491823
2009-11-27,18850.0,19150.0,18250.0,18450.0,7668006
2009-11-30,18800.0,18850.0,18450.0,18450.0,5137670
2009-12-01,18550.0,18750.0,17800.0,18050.0,9662071
2009-12-02,18350.0,19200.0,18300.0,19200.0,9689424
2009-12-03,19250.0,19650.0,19000.0,19450.0,7401121
2009-12-04,19300.0,19800.0,19150.0,19700.0,5999812
2009-12-07,20000.0,20500.0,19950.0,20050.0,10000995
2009-12-08,20300.0,20450.0,20000.0,20100.0,5573972
2009-12-09,19900.0,20600.0,19900.0,20550.0,8300587
2009-12-10,20700.0,21000.0,20500.0,20850.0,9728326
2009-12-11,20900.0,21100.0,20750.0,20900.0,5490186
2009-12-14,20900.0,20950.0,20350.0,20700.0,5568052
2009-12-15,20700.0,21050.0,20600.0,20950.0,4258317
2009-12-16,20900.0,21250.0,20500.0,21050.0,6258330
2009-12-17,21100.0,21500.0,21050.0,21100.0,6252908
2009-12-18,21000.0,21650.0,20900.0,21650.0,6078935
2009-12-21,21950.0,22200.0,21850.0,22050.0,6618222
2009-12-22,22300.0,22450.0,21650.0,21900.0,4980572
2009-12-23,22000.0,22300.0,21800.0,22000.0,3990986
2009-12-24,22250.0,22400.0,21950.0,22300.0,5447735
2009-12-28,22150.0,22800.0,22100.0,22200.0,4781330
2009-12-29,22300.0,22450.0,22050.0,22200.0,2131268
2009-12-30,22400.0,23400.0,22350.0,23150.0,7854786
2010-01-04,23350.0,24150.0,23350.0,24100.0,7327477
2010-01-05,24500.0,24900.0,23050.0,23350.0,12080229
2010-01-06,23700.0,24550.0,23600.0,24550.0,7698642
2010-01-07,25000.0,25200.0,24350.0,24400.0,11059707
2010-01-08,24650.0,24850.0,23450.0,24650.0,9686656
2010-01-11,24900.0,25000.0,23750.0,24000.0,6738505
2010-01-12,24150.0,24600.0,23800.0,24050.0,4597608
2010-01-13,23800.0,24500.0,23700.0,24050.0,4988789
2010-01-14,24400.0,25500.0,24300.0,25450.0,11477253
2010-01-15,25850.0,26700.0,25700.0,26100.0,11766636
2010-01-18,25450.0,26100.0,25450.0,25900.0,6935320
2010-01-19,26100.0,26200.0,25350.0,25600.0,6073067
2010-01-20,25850.0,26100.0,25250.0,25400.0,5983620
2010-01-21,25300.0,26200.0,24750.0,25950.0,8296854
2010-01-22,25500.0,26250.0,25250.0,26100.0,10533240
2010-01-25,25850.0,26350.0,25650.0,26050.0,7050079
2010-01-26,25900.0,25950.0,23550.0,23600.0,18857788
2010-01-27,23800.0,24200.0,22350.0,23250.0,20523674
2010-01-28,23700.0,24300.0,23250.0,23600.0,10043727
2010-01-29,23000.0,23350.0,22200.0,22750.0,10153333
2010-02-01,22200.0,23250.0,21750.0,23100.0,14864811
2010-02-02,23600.0,23800.0,22000.0,22000.0,11578369
2010-02-03,22350.0,22400.0,21050.0,21300.0,14533697
2010-02-04,21250.0,22200.0,21250.0,21750.0,9807914
2010-02-05,20900.0,21350.0,20750.0,21300.0,7278300
2010-02-08,21550.0,22100.0,21400.0,21700.0,5633093
2010-02-09,21850.0,22900.0,21700.0,22650.0,7244975
2010-02-10,23000.0,23000.0,22300.0,22700.0,6797723
2010-02-11,22600.0,22900.0,21600.0,21950.0,11478801
2010-02-12,21650.0,22150.0,21400.0,21600.0,7553540
2010-02-16,21550.0,21800.0,21150.0,21300.0,5903766
2010-02-17,21750.0,22400.0,21700.0,22350.0,7788222
2010-02-18,22550.0,22600.0,22000.0,22150.0,3727251
2010-02-19,21850.0,22200.0,21400.0,21400.0,5740603
2010-02-22,21850.0,22200.0,21600.0,22150.0,5316896
2010-02-23,22100.0,22800.0,22000.0,22650.0,6339118
2010-02-24,22500.0,22850.0,22100.0,22200.0,6201151
2010-02-25,22450.0,22500.0,21500.0,21700.0,4935120
2010-02-26,21700.0,21800.0,20600.0,21000.0,9586613
2010-03-02,21500.0,21800.0,21400.0,21450.0,5327978
2010-03-03,21400.0,22050.0,21200.0,21850.0,5813582
2010-03-04,21950.0,22600.0,21900.0,22200.0,5386394
2010-03-05,22300.0,22650.0,22100.0,22500.0,4366984
2010-03-08,22900.0,22950.0,22100.0,22350.0,6121322
2010-03-09,22350.0,22500.0,21800.0,21850.0,5861290
2010-03-10,21950.0,22600.0,21900.0,22550.0,6428487
2010-03-11,22850.0,23400.0,22700.0,23150.0,10649969
2010-03-12,23350.0,23400.0,22850.0,23250.0,3034687
2010-03-15,23450.0,23800.0,23350.0,23500.0,5572791
2010-03-16,24100.0,24300.0,23400.0,23600.0,51699484
2010-03-17,23900.0,24150.0,23750.0,24150.0,7571332
2010-03-18,24100.0,24350.0,23900.0,23950.0,5554381
2010-03-19,24100.0,24500.0,23800.0,24350.0,5718215
2010-03-22,24500.0,24800.0,24300.0,24700.0,5244890
2010-03-23,24950.0,25100.0,24600.0,24950.0,4982628
2010-03-24,25250.0,25700.0,25050.0,25200.0,6546903
2010-03-25,25300.0,25500.0,24800.0,25250.0,4654102
2010-03-26,25050.0,25350.0,24850.0,25200.0,3405560
2010-03-29,24950.0,26050.0,24900.0,25900.0,6906972
2010-03-30,26450.0,26800.0,26300.0,26400.0,8090046
2010-03-31,26450.0,27100.0,26050.0,26700.0,7714187
2010-04-01,27050.0,28300.0,26900.0,28300.0,11869054
2010-04-02,28500.0,29300.0,28050.0,28150.0,12361470
2010-04-05,28500.0,29100.0,28050.0,29100.0,8487699
2010-04-06,29350.0,29400.0,28100.0,28350.0,11457451
2010-04-07,28150.0,28200.0,27250.0,27350.0,16263077
2010-04-08,27500.0,28150.0,27450.0,28150.0,9986540
2010-04-09,28100.0,28450.0,27650.0,28000.0,7140880
2010-04-12,28400.0,28450.0,26900.0,26900.0,9747059
2010-04-13,27200.0,27800.0,26800.0,27700.0,7363955
2010-04-14,28100.0,28350.0,27650.0,27900.0,6724901
2010-04-15,28150.0,28200.0,27200.0,27700.0,6805297
2010-04-16,27550.0,27850.0,27150.0,27500.0,4524758
2010-04-19,27100.0,27250.0,26500.0,26650.0,6456014
2010-04-20,27000.0,27100.0,26800.0,27000.0,3651604
2010-04-21,27500.0,28600.0,27450.0,28550.0,10527041
2010-04-22,28250.0,28900.0,28000.0,28700.0,9794675
2010-04-23,29050.0,29150.0,28350.0,28500.0,6096066
2010-04-26,28500.0,28800.0,28300.0,28500.0,6100304
2010-04-27,28250.0,28400.0,27300.0,27500.0,11229497
2010-04-28,26750.0,27450.0,26700.0,27450.0,9063083
2010-04-29,27700.0,27900.0,27200.0,27700.0,6770605
2010-04-30,27900.0,28600.0,27850.0,28400.0,8884306
2010-05-03,28150.0,28300.0,27250.0,27600.0,9224148
2010-05-04,27850.0,27950.0,26550.0,27050.0,12612536
2010-05-06,26200.0,26550.0,25900.0,26350.0,8061937
2010-05-07,25500.0,26850.0,25350.0,26350.0,11442237
2010-05-10,26900.0,27150.0,26650.0,26900.0,7513208
2010-05-11,27300.0,27350.0,26150.0,26600.0,7628362
2010-05-12,26550.0,26550.0,25550.0,25700.0,13052889
2010-05-13,26400.0,26900.0,26300.0,26850.0,11300211
2010-05-14,26700.0,27150.0,26500.0,26600.0,7900843
2010-05-17,26050.0,26100.0,25000.0,25050.0,12575580
2010-05-18,24800.0,24950.0,23550.0,24150.0,19982074
2010-05-19,23600.0,24650.0,23100.0,24500.0,19604628
2010-05-20,24400.0,24850.0,23550.0,23750.0,10050032
2010-05-24,23750.0,24350.0,23650.0,24100.0,11501669
2010-05-25,23850.0,23950.0,22600.0,23800.0,12208206
2010-05-26,24150.0,24700.0,23650.0,24700.0,13113531
2010-05-27,24350.0,25650.0,24350.0,25650.0,13392654
2010-05-28,26100.0,26350.0,25600.0,25700.0,12790680
2010-05-31,25600.0,25750.0,24900.0,25150.0,12669875
2010-06-01,25050.0,25500.0,24400.0,24600.0,11574773
2010-06-03,25100.0,25300.0,24750.0,24900.0,7985917
2010-06-04,25200.0,26500.0,24950.0,26400.0,15943233
2010-06-07,25900.0,26750.0,25800.0,26650.0,13817612
2010-06-08,26450.0,26900.0,26000.0,26450.0,10807128
2010-06-09,26450.0,26450.0,25200.0,25250.0,14701354
2010-06-10,25450.0,25950.0,25300.0,25900.0,9209650
2010-06-11,26450.0,26650.0,25700.0,25800.0,8722629
2010-06-14,25900.0,26350.0,25750.0,26000.0,5657032
2010-06-15,26200.0,27200.0,26200.0,27100.0,13359897
2010-06-16,27450.0,27650.0,27200.0,27300.0,8385193
2010-06-17,27800.0,28250.0,27550.0,28200.0,10808923
2010-06-18,28200.0,28350.0,27800.0,28150.0,12915989
2010-06-21,28550.0,28750.0,27850.0,28250.0,8019712
2010-06-22,27950.0,28250.0,27200.0,27200.0,11495615
2010-06-23,27050.0,27650.0,26900.0,27050.0,6581307
2010-06-24,27050.0,27450.0,27050.0,27150.0,5146434
2010-06-25,26800.0,26900.0,26350.0,26450.0,9762301
2010-06-28,26500.0,26600.0,25850.0,26050.0,10100949
2010-06-29,26250.0,26750.0,25600.0,25600.0,10256839
2010-06-30,24950.0,25200.0,24750.0,25050.0,13899024
2010-07-01,25100.0,25600.0,24550.0,25500.0,12662668
2010-07-02,25450.0,25950.0,25150.0,25300.0,8199075
2010-07-05,25300.0,25450.0,24650.0,24750.0,7691116
2010-07-06,24650.0,25850.0,24250.0,25850.0,9663027
2010-07-07,26050.0,26100.0,25150.0,25150.0,8198038
2010-07-08,25700.0,26100.0,25300.0,25350.0,7196492
2010-07-09,25700.0,25900.0,24950.0,25700.0,8136887
2010-07-12,25900.0,26250.0,25700.0,25900.0,6377114
2010-07-13,25750.0,25900.0,24800.0,24900.0,16741899
2010-07-14,25300.0,25800.0,25050.0,25750.0,17838136
2010-07-15,25600.0,25750.0,25100.0,25150.0,7643120
2010-07-16,24550.0,24650.0,23500.0,23500.0,26319578
2010-07-19,23700.0,24100.0,23500.0,23700.0,10846248
2010-07-20,23850.0,24050.0,23550.0,23850.0,5968898
2010-07-21,24250.0,24350.0,23500.0,23600.0,7435573
2010-07-22,23850.0,24000.0,22250.0,22600.0,21308122
2010-07-23,23000.0,23400.0,22800.0,23250.0,12306028
2010-07-26,23300.0,24150.0,23300.0,23950.0,9582135
2010-07-27,24200.0,24200.0,23500.0,23500.0,37105024
2010-07-28,23700.0,23850.0,22700.0,23100.0,13263356
2010-07-29,22900.0,23250.0,22300.0,22350.0,12437763
2010-07-30,22250.0,22850.0,22150.0,22500.0,8909850
2010-08-02,22550.0,22650.0,21500.0,21600.0,18668420
2010-08-03,21950.0,22400.0,21800.0,21950.0,14319688
2010-08-04,22000.0,22250.0,21400.0,21600.0,11409039
2010-08-05,22000.0,22400.0,21700.0,21900.0,11608628
2010-08-06,22100.0,22900.0,22050.0,22850.0,14475456
2010-08-09,22900.0,23100.0,22600.0,22700.0,6459921
2010-08-10,22850.0,23250.0,22600.0,22600.0,7291456
2010-08-11,22000.0,22100.0,21200.0,21200.0,18817692
2010-08-12,20600.0,21500.0,20200.0,21200.0,12998314
2010-08-13,21500.0,21800.0,21300.0,21650.0,7424947
2010-08-16,21550.0,22150.0,21200.0,22100.0,7516046
2010-08-17,21900.0,22250.0,21700.0,22100.0,5811547
2010-08-18,22250.0,22300.0,21500.0,21700.0,6983126
2010-08-19,22150.0,22650.0,22000.0,22500.0,9819951
2010-08-20,22250.0,22450.0,21950.0,22000.0,6460303
2010-08-23,22000.0,22350.0,21300.0,21400.0,8157582
2010-08-24,21300.0,22050.0,21050.0,21950.0,7157131
2010-08-25,21700.0,22150.0,21550.0,22050.0,7245870
2010-08-26,22400.0,23000.0,22050.0,22600.0,15359116
2010-08-27,22500.0,22700.0,22250.0,22550.0,6285487
2010-08-30,22900.0,22950.0,22350.0,22500.0,7758729
2010-08-31,22100.0,22200.0,21000.0,21100.0,17865928
2010-09-01,21250.0,21350.0,20500.0,20850.0,17815184
2010-09-02,21300.0,21400.0,20900.0,21100.0,12904961
2010-09-03,21300.0,21950.0,21300.0,21800.0,13639345
2010-09-06,22200.0,22450.0,21750.0,21850.0,9711374
2010-09-07,21750.0,21950.0,21300.0,21500.0,7124298
2010-09-08,21100.0,21200.0,20500.0,20750.0,16548438
2010-09-09,20800.0,21050.0,20100.0,20300.0,15142216
2010-09-10,20500.0,20800.0,20350.0,20650.0,8082652
2010-09-13,20650.0,21000.0,20400.0,20500.0,8987013
2010-09-14,21100.0,21250.0,20300.0,20450.0,11691732
2010-09-15,20700.0,21000.0,20350.0,21000.0,9513200
2010-09-16,20900.0,21300.0,20800.0,21100.0,9011586
2010-09-17,21400.0,22500.0,21350.0,22500.0,24108564
2010-09-20,22600.0,22650.0,22000.0,22100.0,10413532
2010-09-24,21700.0,21750.0,21050.0,21100.0,15684755
2010-09-27,21550.0,21800.0,21100.0,21200.0,11280480
2010-09-28,21250.0,21650.0,21100.0,21350.0,6913988
2010-09-29,21500.0,22200.0,21500.0,21850.0,12697376
2010-09-30,22050.0,22300.0,21750.0,22150.0,7490418
2010-10-01,22100.0,22450.0,21900.0,22450.0,8886335
2010-10-04,22600.0,22950.0,22450.0,22500.0,10579141
2010-10-05,22350.0,22750.0,22000.0,22750.0,8426683
2010-10-06,23300.0,23600.0,23100.0,23400.0,15679885
2010-10-07,23250.0,23500.0,22950.0,23200.0,9496234
2010-10-08,23200.0,23700.0,23150.0,23500.0,7555777
2010-10-11,23750.0,23800.0,22250.0,22350.0,14753593
2010-10-12,22450.0,23000.0,22400.0,22600.0,8415166
2010-10-13,23000.0,23500.0,22950.0,23400.0,11235071
2010-10-14,23600.0,23800.0,23050.0,23350.0,9973644
2010-10-15,23200.0,23650.0,23050.0,23600.0,6270596
2010-10-18,23700.0,23700.0,22800.0,22900.0,10110886
2010-10-19,22900.0,23350.0,22600.0,22850.0,10518660
2010-10-20,22850.0,23950.0,22700.0,23900.0,14896424
2010-10-21,24000.0,24400.0,23750.0,23750.0,13076672
2010-10-22,24000.0,24400.0,23900.0,24200.0,7879221
2010-10-25,24400.0,24400.0,23750.0,24300.0,8220022
2010-10-26,24100.0,24250.0,23400.0,23700.0,10837708
2010-10-27,23500.0,23600.0,22900.0,22900.0,12597011
2010-10-28,23300.0,23450.0,22600.0,22850.0,13646223
2010-10-29,22700.0,23150.0,22300.0,23150.0,11648795
2010-11-01,23200.0,23300.0,22600.0,22700.0,8625128
2010-11-02,22600.0,22700.0,21900.0,21900.0,13096075
2010-11-03,21950.0,22400.0,21750.0,21800.0,7848475
2010-11-04,22200.0,23150.0,22200.0,22950.0,14158434
2010-11-05,24100.0,24200.0,23650.0,23750.0,18935984
2010-11-08,24050.0,24350.0,23700.0,23800.0,9799616
2010-11-09,23700.0,23800.0,23250.0,23450.0,6533402
2010-11-10,23200.0,23950.0,23200.0,23900.0,7195195
2010-11-11,23800.0,24400.0,23400.0,23400.0,11481636
2010-11-12,23600.0,23700.0,22700.0,22800.0,11694654
2010-11-15,22900.0,23800.0,22750.0,23650.0,9818328
2010-11-16,23650.0,24000.0,23300.0,23700.0,8472321
2010-11-17,23600.0,23650.0,23100.0,23350.0,7295029
2010-11-18,23550.0,23700.0,23050.0,23700.0,6399373
2010-11-19,23700.0,24200.0,23550.0,23900.0,8162405
2010-11-22,24300.0,25300.0,24200.0,25300.0,21457216
2010-11-23,25400.0,25650.0,25100.0,25350.0,11292097
2010-11-24,24800.0,25850.0,24650.0,25750.0,18758304
2010-11-25,26000.0,26000.0,25100.0,25200.0,11221899
2010-11-26,25200.0,25600.0,24500.0,24650.0,10460263
2010-11-29,24800.0,25000.0,24550.0,24800.0,7256952
2010-11-30,24050.0,24150.0,23400.0,23500.0,19498212
2010-12-01,23550.0,23750.0,23000.0,23400.0,10635628
2010-12-02,23650.0,24050.0,23550.0,23800.0,9207371
2010-12-03,24000.0,24150.0,23250.0,23450.0,7885623
2010-12-06,23600.0,24100.0,23500.0,23950.0,6710295
2010-12-07,23400.0,23650.0,23200.0,23600.0,9116530
2010-12-08,23650.0,23900.0,23250.0,23300.0,5590637
2010-12-09,23350.0,24200.0,23300.0,24150.0,10114609
2010-12-10,24100.0,24650.0,23800.0,24500.0,9808145
2010-12-13,24300.0,24500.0,24000.0,24350.0,5395700
2010-12-14,24500.0,25150.0,24450.0,24750.0,8097479
2010-12-15,24900.0,24900.0,24100.0,24250.0,6689304
2010-12-16,24250.0,24750.0,24100.0,24200.0,5112851
2010-12-17,24450.0,24600.0,23650.0,23800.0,9405902
2010-12-20,23400.0,23650.0,23100.0,23650.0,7767206
2010-12-21,23850.0,24200.0,23650.0,23750.0,8015026
2010-12-22,23500.0,23850.0,23300.0,23300.0,7763061
2010-12-23,23350.0,23500.0,23000.0,23300.0,5702470
2010-12-24,23400.0,23800.0,23050.0,23150.0,5626401
2010-12-27,22900.0,23350.0,22900.0,23100.0,3559457
2010-12-28,23250.0,24250.0,23250.0,23950.0,11916163
2010-12-29,24200.0,24400.0,24050.0,24250.0,5347215
2010-12-30,24300.0,24500.0,23900.0,24000.0,5674885
2011-01-03,25000.0,25300.0,24800.0,25300.0,15055822
2011-01-04,25400.0,25600.0,25050.0,25600.0,10914952
2011-01-05,25450.0,26300.0,25200.0,25900.0,14114824
2011-01-06,26250.0,26600.0,25800.0,26100.0,14247180
2011-01-07,26100.0,26450.0,25700.0,26100.0,6972142
2011-01-10,26000.0,26050.0,25300.0,25300.0,9564575
2011-01-11,25500.0,25650.0,25100.0,25400.0,6880074
2011-01-12,25600.0,26550.0,25550.0,26350.0,15950916
2011-01-13,27000.0,27600.0,26850.0,27250.0,19270228
2011-01-14,27300.0,27450.0,26750.0,27250.0,8844276
2011-01-17,27350.0,27450.0,26900.0,26900.0,6168252
2011-01-18,26850.0,28100.0,26800.0,27650.0,15595337
2011-01-19,28050.0,28400.0,27600.0,27850.0,8652723
2011-01-20,27650.0,28200.0,27600.0,28200.0,6893840
2011-01-21,28150.0,28450.0,27700.0,28100.0,7611938
2011-01-24,28250.0,28650.0,28000.0,28350.0,7985130
2011-01-25,28700.0,28800.0,27300.0,27400.0,10825880
2011-01-26,27650.0,28300.0,27400.0,28200.0,7835936
2011-01-27,28600.0,28700.0,27900.0,28000.0,6817805
2011-01-28,29250.0,29500.0,28900.0,29500.0,19237272
2011-01-31,29400.0,30200.0,29300.0,29650.0,12083090
2011-02-01,29800.0,30350.0,29200.0,29650.0,9583155
2011-02-07,30300.0,30700.0,29500.0,29700.0,9659429
2011-02-08,29700.0,30300.0,29100.0,30150.0,9790063
2011-02-09,30200.0,30300.0,29400.0,29550.0,6939125
2011-02-10,29450.0,29900.0,28800.0,28800.0,8412409
2011-02-11,28700.0,29700.0,28700.0,28800.0,8260510
2011-02-14,29200.0,29700.0,28950.0,29700.0,5943986
2011-02-15,29750.0,29800.0,29200.0,29750.0,4598919
2011-02-16,29650.0,29950.0,29150.0,29200.0,4783358
2011-02-17,29550.0,29700.0,28800.0,29100.0,5858381
2011-02-18,29350.0,29500.0,29000.0,29400.0,4469699
2011-02-21,29400.0,29500.0,28750.0,28800.0,5120146
2011-02-22,28400.0,28950.0,28150.0,28800.0,5899791
2011-02-23,28600.0,28700.0,27400.0,27600.0,11815503
2011-02-24,27200.0,27350.0,26600.0,26900.0,10729273
2011-02-25,27450.0,28050.0,27350.0,28000.0,7904334
2011-02-28,28000.0,28400.0,27900.0,28350.0,5291124
2011-03-02,27900.0,28200.0,27350.0,27550.0,4635990
2011-03-03,27950.0,28600.0,27850.0,28450.0,4313849
2011-03-04,29000.0,29550.0,28800.0,29200.0,6730406
2011-03-07,29200.0,29400.0,28750.0,28900.0,4189031
2011-03-08,28500.0,28800.0,27900.0,28650.0,8114881
2011-03-09,28650.0,28950.0,28300.0,28400.0,5620886
2011-03-10,28000.0,28100.0,27550.0,27700.0,9100974
2011-03-11,27200.0,28050.0,27150.0,27700.0,5579765
2011-03-14,29100.0,30150.0,28300.0,30100.0,22773788
2011-03-15,29700.0,29800.0,27450.0,28700.0,22879304
2011-03-16,29400.0,29600.0,28800.0,29200.0,10296834
2011-03-17,28400.0,28950.0,28200.0,28950.0,10758914
2011-03-18,29050.0,29200.0,28550.0,28550.0,8266350
2011-03-21,28550.0,28850.0,28000.0,28500.0,10970137
2011-03-22,28750.0,28950.0,27800.0,27850.0,11535307
2011-03-23,28200.0,29100.0,27850.0,29050.0,11065495
2011-03-24,29150.0,29600.0,29100.0,29100.0,9091994
2011-03-25,30100.0,30150.0,29600.0,29900.0,11996662
2011-03-28,29950.0,30950.0,29800.0,30900.0,14815630
2011-03-29,30800.0,31350.0,30700.0,31000.0,8501001
2011-03-30,31100.0,31950.0,31000.0,31550.0,11884490
2011-03-31,31700.0,31900.0,31000.0,31300.0,7641349
2011-04-01,31350.0,31700.0,30850.0,31600.0,6662501
2011-04-04,30850.0,31800.0,30550.0,31800.0,12013695
2011-04-05,32250.0,32700.0,32150.0,32450.0,8747233
2011-04-06,32700.0,33000.0,32350.0,32500.0,8494974
2011-04-07,32800.0,32900.0,31850.0,32000.0,7063914
2011-04-08,31800.0,31850.0,31150.0,31300.0,10047223
2011-04-11,31500.0,32150.0,31500.0,31800.0,6033825
2011-04-12,32000.0,32600.0,31600.0,31700.0,6406501
2011-04-13,31700.0,32400.0,31600.0,32350.0,6177028
2011-04-14,32650.0,33800.0,32500.0,33750.0,12891723
2011-04-15,33700.0,34200.0,33600.0,34150.0,7208935
2011-04-18,34000.0,34450.0,33500.0,33800.0,7200934
2011-04-19,33400.0,33750.0,32750.0,32800.0,8841536
2011-04-20,33600.0,34500.0,33250.0,34300.0,8414942
2011-04-21,35300.0,37200.0,35100.0,37000.0,19316404
2011-04-22,36700.0,37400.0,36200.0,36600.0,10238476
2011-04-25,36450.0,37000.0,36200.0,36450.0,5510854
2011-04-26,36750.0,37200.0,34700.0,34750.0,18906466
2011-04-27,35100.0,35500.0,33450.0,33900.0,17961612
2011-04-28,34600.0,35050.0,34050.0,34350.0,10359134
2011-04-29,34200.0,34300.0,32850.0,33800.0,11372550
2011-05-02,33600.0,34600.0,33600.0,34600.0,5502002
2011-05-03,34450.0,34700.0,33700.0,34450.0,7182410
2011-05-04,34150.0,34200.0,32450.0,32450.0,13691644
2011-05-06,31900.0,32850.0,31700.0,32500.0,7838644
2011-05-09,33000.0,33550.0,32750.0,33300.0,5940395
2011-05-11,33700.0,34200.0,33600.0,33700.0,6195292
2011-05-12,33450.0,34300.0,33300.0,33750.0,6581746
2011-05-13,34600.0,34850.0,34400.0,34500.0,6694314
2011-05-16,35000.0,35200.0,34100.0,34400.0,5256486
2011-05-17,34150.0,34250.0,33100.0,33100.0,7983453
2011-05-18,33100.0,33350.0,32500.0,32800.0,9081316
2011-05-19,32950.0,33350.0,31350.0,31550.0,8267204
2011-05-20,31750.0,32350.0,31700.0,32200.0,5031630
2011-05-23,31950.0,32450.0,30850.0,30850.0,6524906
2011-05-24,30800.0,31450.0,30550.0,31250.0,5621570
2011-05-25,31350.0,31600.0,29800.0,30000.0,7184295
2011-05-26,30500.0,31250.0,30350.0,31100.0,5045693
2011-05-27,31200.0,31600.0,30900.0,31300.0,4784228
2011-05-30,31400.0,31500.0,29200.0,29500.0,15129129
2011-05-31,29200.0,30100.0,29050.0,30100.0,11867632
2011-06-01,30100.0,30100.0,28150.0,28400.0,22048052
2011-06-02,27650.0,28250.0,27300.0,27550.0,17922494
2011-06-03,27850.0,28100.0,27150.0,27650.0,9802520
2011-06-07,27300.0,28800.0,27300.0,28600.0,9113610
2011-06-08,28900.0,29350.0,28600.0,28900.0,12467003
2011-06-09,29200.0,29250.0,28350.0,28700.0,9395932
2011-06-10,28600.0,28700.0,26350.0,26700.0,24099200
2011-06-13,26600.0,27150.0,25900.0,26350.0,8734486
2011-06-14,26250.0,26800.0,26200.0,26650.0,6435402
2011-06-15,26850.0,27650.0,26800.0,26950.0,6843084
2011-06-16,26650.0,26850.0,26200.0,26250.0,4567874
2011-06-17,26400.0,26450.0,24100.0,24650.0,20432752
2011-06-20,24800.0,25600.0,24400.0,25200.0,8188594
2011-06-21,25550.0,26200.0,24950.0,25900.0,8474622
2011-06-22,26600.0,27150.0,26100.0,26100.0,8880976
2011-06-23,26200.0,26750.0,26100.0,26350.0,4226028
2011-06-24,26400.0,27900.0,26350.0,27900.0,9865602
2011-06-27,27350.0,27400.0,26550.0,26700.0,9522427
2011-06-28,26700.0,26750.0,25400.0,25550.0,13421337
2011-06-29,25750.0,26100.0,24900.0,25550.0,12218306
2011-06-30,25250.0,25550.0,24900.0,25050.0,8388361
2011-07-01,25600.0,26750.0,25500.0,26700.0,13312697
2011-07-04,27300.0,27700.0,26650.0,26950.0,13171912
2011-07-05,27400.0,28150.0,27200.0,28000.0,12549926
2011-07-06,27700.0,27900.0,25800.0,26500.0,18756812
2011-07-07,27100.0,27200.0,26350.0,26400.0,8724672
2011-07-08,26900.0,27350.0,26550.0,26600.0,10385444
2011-07-11,26650.0,26850.0,26400.0,26450.0,4916202
2011-07-12,25850.0,26150.0,25300.0,25350.0,8705687
2011-07-13,25250.0,25250.0,24050.0,24300.0,17090434
2011-07-14,24500.0,24750.0,23400.0,23700.0,14639309
2011-07-15,23600.0,24400.0,23600.0,24000.0,9328928
2011-07-18,23650.0,23850.0,22900.0,22950.0,11629175
2011-07-19,22950.0,23750.0,22950.0,23350.0,10231464
2011-07-20,24200.0,24400.0,23900.0,24200.0,9960801
2011-07-21,24500.0,24700.0,23500.0,23650.0,9175175
2011-07-22,24000.0,24100.0,23550.0,23750.0,7341304
2011-07-25,23650.0,24300.0,23500.0,23900.0,6778585
2011-07-26,24150.0,24550.0,23750.0,24500.0,7475363
2011-07-27,24300.0,24350.0,23650.0,23800.0,7950712
2011-07-28,23150.0,23750.0,23100.0,23550.0,5715119
2011-07-29,23900.0,24700.0,23850.0,24250.0,15503196
2011-08-01,24700.0,25600.0,24400.0,25550.0,10200179
2011-08-02,25100.0,25950.0,24900.0,25450.0,11425717
2011-08-03,25000.0,25050.0,24200.0,24300.0,10524031
2011-08-04,24800.0,25300.0,23850.0,24100.0,11090906
2011-08-05,22850.0,23650.0,22500.0,23550.0,12402575
2011-08-08,23200.0,23650.0,20700.0,21850.0,17463616
2011-08-09,21000.0,21200.0,19250.0,20200.0,22604212
2011-08-10,21550.0,21600.0,20850.0,21000.0,15114238
2011-08-11,19900.0,21900.0,19900.0,21850.0,13213456
2011-08-12,21200.0,21650.0,19750.0,19750.0,26665840
2011-08-16,20400.0,20700.0,20250.0,20500.0,8574958
2011-08-17,20250.0,20650.0,19600.0,19600.0,13584957
2011-08-18,19450.0,19750.0,17200.0,17200.0,35263776
2011-08-19,16200.0,16600.0,15550.0,15600.0,23613404
2011-08-22,15800.0,16300.0,15500.0,15750.0,18099752
2011-08-23,16200.0,17050.0,16000.0,17050.0,21401812
2011-08-24,17200.0,17550.0,15900.0,16250.0,21315028
2011-08-25,16900.0,17700.0,16700.0,17300.0,20020630
2011-08-26,17050.0,17950.0,16950.0,17950.0,14458498
2011-08-29,18550.0,19600.0,18350.0,19450.0,17483470
2011-08-30,19900.0,20250.0,19000.0,19000.0,16465891
2011-08-31,18800.0,19150.0,18150.0,19100.0,13404057
2011-09-01,19300.0,20100.0,19150.0,19200.0,16729842
2011-09-02,19200.0,19650.0,18900.0,19100.0,7979512
2011-09-05,18550.0,18600.0,17550.0,17550.0,9436513
2011-09-06,16950.0,17500.0,16550.0,17000.0,11296895
2011-09-07,17600.0,19550.0,17500.0,19500.0,15657049
2011-09-08,19900.0,19900.0,18800.0,19300.0,17033052
2011-09-09,19800.0,21300.0,19600.0,19900.0,29131646
2011-09-14,20550.0,21150.0,19850.0,19850.0,18791190
2011-09-15,21150.0,21400.0,20500.0,21100.0,20224496
2011-09-16,21250.0,22000.0,20850.0,21900.0,20263908
2011-09-19,21500.0,22150.0,20850.0,21000.0,11826442
2011-09-20,20500.0,21850.0,20200.0,21650.0,14693899
2011-09-21,21850.0,22300.0,21550.0,21600.0,9872987
2011-09-22,21000.0,21750.0,20950.0,21550.0,9544010
2011-09-23,20750.0,21350.0,20200.0,20250.0,13074828
2011-09-26,20950.0,21050.0,19750.0,19950.0,14310937
2011-09-27,20900.0,21250.0,20650.0,21250.0,9525599
2011-09-28,21450.0,21500.0,20550.0,20550.0,8757837
2011-09-29,20450.0,21850.0,20350.0,21850.0,9462149
2011-09-30,21500.0,21900.0,21050.0,21350.0,9347418
2011-10-04,20000.0,20700.0,19850.0,20700.0,10890963
2011-10-05,21050.0,21400.0,20000.0,20000.0,11110395
2011-10-06,20850.0,22000.0,20750.0,21200.0,14031502
2011-10-07,22050.0,22100.0,21350.0,21500.0,9066023
2011-10-10,21550.0,22100.0,21550.0,21950.0,6945738
2011-10-11,22650.0,22700.0,22200.0,22250.0,8157566
2011-10-12,22150.0,22550.0,22050.0,22550.0,5814920
2011-10-13,22700.0,22850.0,21750.0,21850.0,9473952
2011-10-14,21800.0,22100.0,21650.0,21950.0,4551979
2011-10-17,22350.0,22400.0,21900.0,21950.0,5126451
2011-10-18,21500.0,21850.0,21300.0,21800.0,4318061
2011-10-19,22000.0,22100.0,21200.0,21750.0,7127377
2011-10-20,21550.0,22550.0,21050.0,21050.0,10184150
2011-10-21,21600.0,23200.0,21250.0,23200.0,17882576
2011-10-24,23250.0,24150.0,22850.0,23900.0,12375735
2011-10-25,24050.0,24200.0,23600.0,23650.0,5621841
2011-10-26,23400.0,24150.0,23300.0,24150.0,5742803
2011-10-27,23800.0,24300.0,23400.0,23800.0,9107108
2011-10-28,24200.0,24450.0,22850.0,22900.0,11160557
2011-10-31,22950.0,23550.0,22800.0,22850.0,5358801
2011-11-01,22500.0,24150.0,22500.0,23900.0,10473282
2011-11-02,23400.0,24200.0,23200.0,24000.0,7946077
2011-11-03,24100.0,24100.0,23250.0,23300.0,5622783
2011-11-04,24000.0,24850.0,23900.0,24850.0,9594541
2011-11-07,24900.0,24950.0,23900.0,24100.0,7994786
2011-11-08,24050.0,24100.0,23000.0,23000.0,11941238
2011-11-09,22400.0,23050.0,21800.0,22050.0,22695610
2011-11-10,21200.0,22550.0,20650.0,21500.0,23044998
2011-11-11,22350.0,22600.0,21550.0,21550.0,14263940
2011-11-14,22100.0,22900.0,22000.0,22300.0,10677458
2011-11-15,22200.0,22700.0,22000.0,22050.0,6989576
2011-11-16,22250.0,22950.0,22100.0,22350.0,9793901
2011-11-17,23400.0,23600.0,22700.0,23200.0,13486101
2011-11-18,22800.0,23400.0,22700.0,23300.0,7336704
2011-11-21,23050.0,23150.0,22600.0,22900.0,5324314
2011-11-22,22650.0,23350.0,22600.0,23250.0,5916500
2011-11-23,23150.0,23200.0,21800.0,21850.0,9938445
2011-11-24,21700.0,22400.0,21200.0,22150.0,6200504
2011-11-25,22000.0,22300.0,21550.0,21750.0,4397737
2011-11-28,22400.0,23300.0,22200.0,23300.0,9763579
2011-11-29,23300.0,23550.0,22950.0,23400.0,10219220
2011-11-30,23200.0,23400.0,22900.0,22950.0,5192205
2011-12-01,23950.0,24050.0,23350.0,23450.0,9076795
2011-12-02,23300.0,23600.0,22850.0,23100.0,6250652
2011-12-05,23200.0,23350.0,22750.0,23250.0,4731111
2011-12-06,23100.0,23150.0,22700.0,22750.0,3566839
2011-12-07,22850.0,22950.0,22200.0,22400.0,8825051
2011-12-08,22400.0,22400.0,21800.0,22050.0,6493173
2011-12-09,21700.0,21700.0,21300.0,21400.0,6906556
2011-12-12,21800.0,22400.0,21650.0,22250.0,6282545
2011-12-13,22000.0,23000.0,21650.0,22650.0,9266015
2011-12-14,22800.0,23100.0,22550.0,22850.0,6442842
2011-12-15,22600.0,23150.0,22400.0,22750.0,6801514
2011-12-16,23000.0,23000.0,21900.0,22150.0,6739474
2011-12-19,21800.0,21950.0,19750.0,20850.0,9317366
2011-12-20,21000.0,21250.0,20450.0,20750.0,5342473
2011-12-21,21400.0,21500.0,21200.0,21350.0,5558030
2011-12-22,21100.0,21350.0,20800.0,21150.0,5097498
2011-12-23,21850.0,22100.0,21650.0,21700.0,6126667
2011-12-26,21900.0,21900.0,21450.0,21600.0,2262187
2011-12-27,21650.0,21850.0,21100.0,21100.0,3956311
2011-12-28,21000.0,21300.0,20950.0,21150.0,2659502
2011-12-29,21000.0,22000.0,20950.0,21950.0,4985262
2012-01-02,22700.0,23500.0,22600.0,23450.0,12110276
2012-01-03,23700.0,23850.0,23350.0,23650.0,7179120
2012-01-04,23850.0,24350.0,23650.0,23850.0,9592895
2012-01-05,23900.0,24550.0,23700.0,24000.0,5926606
2012-01-06,24450.0,24550.0,24050.0,24400.0,7607761
2012-01-09,24550.0,24600.0,23800.0,23850.0,5168117
2012-01-10,24050.0,24350.0,23850.0,24350.0,4564072
2012-01-11,24400.0,24700.0,24100.0,24250.0,4729192
2012-01-12,24200.0,24350.0,23850.0,24150.0,3547966
2012-01-13,24350.0,25150.0,24300.0,25150.0,7947454
2012-01-16,25050.0,25600.0,24900.0,25400.0,6320941
2012-01-17,25650.0,25800.0,25200.0,25550.0,5963575
2012-01-18,25500.0,25800.0,25050.0,25250.0,4748205
2012-01-19,25800.0,26500.0,25600.0,26300.0,8948775
2012-01-20,26600.0,27150.0,26200.0,26950.0,8692702
2012-01-25,27000.0,28000.0,26900.0,27450.0,8677241
2012-01-26,27450.0,27450.0,26650.0,27050.0,9001239
2012-01-27,26850.0,27000.0,25900.0,26000.0,12010360
2012-01-30,25900.0,26750.0,25850.0,26250.0,7960888
2012-01-31,26350.0,27100.0,26200.0,26850.0,6023182
2012-02-01,26850.0,27200.0,26600.0,27200.0,5564064
2012-02-02,27750.0,27750.0,26100.0,27300.0,15248822
2012-02-03,26700.0,27200.0,26200.0,26300.0,11258149
2012-02-06,26550.0,26550.0,25900.0,26100.0,7045546
2012-02-07,26000.0,26250.0,25200.0,25400.0,9374299
2012-02-08,25700.0,26600.0,25250.0,26500.0,8712260
2012-02-09,26450.0,27150.0,26300.0,27050.0,7679076
2012-02-10,27000.0,27300.0,26750.0,27000.0,5709760
2012-02-13,27300.0,27400.0,26700.0,26850.0,4913893
2012-02-14,26850.0,27550.0,26650.0,27550.0,6572049
2012-02-15,29150.0,29450.0,28600.0,29000.0,20611094
2012-02-16,28800.0,29400.0,28600.0,28700.0,9911296
2012-02-17,29250.0,29550.0,28700.0,28850.0,8451170
2012-02-20,29050.0,29100.0,28200.0,28300.0,5727580
2012-02-21,28200.0,29000.0,28100.0,28300.0,5802984
2012-02-22,28300.0,29000.0,28150.0,29000.0,4681730
2012-02-23,28850.0,29200.0,28700.0,28850.0,5178915
2012-02-24,28400.0,28950.0,27750.0,28850.0,7956682
2012-02-27,28800.0,28850.0,27800.0,27950.0,4724612
2012-02-28,29800.0,30150.0,29500.0,29850.0,20680692
2012-02-29,30350.0,30750.0,30100.0,30200.0,9303388
2012-03-02,30350.0,30450.0,29700.0,30450.0,7944326
2012-03-05,30600.0,30600.0,29900.0,30050.0,3820492
2012-03-06,29900.0,30000.0,29250.0,29400.0,5949376
2012-03-07,28800.0,29200.0,28700.0,29100.0,5332506
2012-03-08,29400.0,29950.0,29200.0,29750.0,4728126
2012-03-09,30000.0,30150.0,29700.0,29800.0,3552316
2012-03-12,30000.0,30050.0,29400.0,29600.0,2561796
2012-03-13,29750.0,29900.0,29200.0,29300.0,5046218
2012-03-14,29900.0,30200.0,29600.0,29600.0,4886740
2012-03-15,29500.0,29600.0,28950.0,29250.0,4827531
2012-03-16,29350.0,29450.0,28750.0,28800.0,3651147
2012-03-19,28700.0,29300.0,28700.0,29300.0,4863294
2012-03-20,29350.0,29600.0,29050.0,29150.0,3847798
2012-03-21,28950.0,29300.0,28850.0,28900.0,2615045
2012-03-22,29050.0,29600.0,29050.0,29350.0,4086939
2012-03-23,29100.0,30250.0,29050.0,30150.0,6253838
2012-03-26,30250.0,30650.0,30050.0,30300.0,6640671
2012-03-27,30450.0,30700.0,30050.0,30450.0,5695439
2012-03-28,30200.0,30950.0,30150.0,30550.0,4899025
2012-03-29,30350.0,30900.0,30350.0,30500.0,5095995
2012-03-30,30400.0,30450.0,29100.0,29250.0,9742098
2012-04-02,29150.0,29550.0,29100.0,29350.0,4707285
2012-04-03,29550.0,30400.0,29350.0,30300.0,6677521
2012-04-04,30250.0,30350.0,29350.0,29400.0,4389836
2012-04-05,28750.0,30050.0,28300.0,29850.0,8870219
2012-04-06,29700.0,29900.0,29250.0,29250.0,3166867
2012-04-09,28800.0,29350.0,27900.0,28050.0,5542207
2012-04-10,28050.0,28350.0,27350.0,27750.0,5087049
2012-04-12,27800.0,27850.0,26850.0,27200.0,5528608
2012-04-13,27750.0,29050.0,27650.0,29000.0,6963443
2012-04-16,28700.0,29450.0,28550.0,29250.0,4138393
2012-04-17,29200.0,29250.0,28250.0,28300.0,4635174
2012-04-18,28850.0,28950.0,28050.0,28050.0,5454946
2012-04-19,27900.0,29000.0,27500.0,28800.0,6130925
2012-04-20,28200.0,28350.0,27600.0,27650.0,5588111
2012-04-23,27650.0,28450.0,27600.0,27800.0,4519689
2012-04-24,27500.0,27850.0,27050.0,27250.0,4724819
2012-04-25,27600.0,27700.0,27000.0,27050.0,4808914
2012-04-26,27500.0,27700.0,27000.0,27200.0,4830146
2012-04-27,27400.0,28250.0,27350.0,28050.0,4523249
2012-04-30,28050.0,28450.0,27800.0,28050.0,3750311
2012-05-02,28300.0,28350.0,27100.0,27350.0,7185814
2012-05-03,27300.0,27850.0,27150.0,27250.0,4005242
2012-05-04,27050.0,28900.0,26800.0,28150.0,10865044
2012-05-07,27750.0,27950.0,27150.0,27250.0,5450650
2012-05-08,27450.0,27500.0,26500.0,26650.0,6281343
2012-05-09,26450.0,26850.0,26050.0,26200.0,6821795
2012-05-10,26100.0,26850.0,26100.0,26600.0,4745544
2012-05-11,26450.0,26550.0,25300.0,25400.0,6753053
2012-05-14,25500.0,26200.0,25450.0,26100.0,4866033
2012-05-15,25800.0,25950.0,24750.0,25300.0,7085957
2012-05-16,24900.0,24950.0,22900.0,23050.0,16135701
2012-05-17,23300.0,24650.0,23050.0,24500.0,12036432
2012-05-18,23850.0,24450.0,23450.0,23600.0,6940195
2012-05-21,24200.0,24300.0,23200.0,23400.0,6174710
2012-05-22,24050.0,24100.0,23400.0,23550.0,8220786
2012-05-23,23400.0,23400.0,22300.0,22400.0,9174649
2012-05-24,22450.0,22950.0,22000.0,22400.0,6370054
2012-05-25,22650.0,22800.0,21800.0,22000.0,7717807
2012-05-29,22250.0,23500.0,22200.0,23450.0,8609672
2012-05-30,23550.0,23750.0,23150.0,23450.0,5101649
2012-05-31,23000.0,23200.0,22600.0,23100.0,4879794
2012-06-01,23050.0,23250.0,22750.0,22750.0,3475139
2012-06-04,21700.0,22150.0,21350.0,21550.0,9422372
2012-06-05,21800.0,21900.0,21500.0,21650.0,5288362
2012-06-07,22500.0,22900.0,22450.0,22550.0,7094628
2012-06-08,22450.0,22500.0,21700.0,21750.0,5430354
2012-06-11,22400.0,23150.0,22350.0,23050.0,6799510
2012-06-12,22550.0,23850.0,22350.0,23550.0,7910245
2012-06-13,23850.0,23950.0,23200.0,23650.0,4652081
2012-06-14,23350.0,23950.0,23350.0,23900.0,4977756
2012-06-15,23550.0,23650.0,23150.0,23400.0,16132495
2012-06-18,24100.0,24200.0,23550.0,23600.0,5019368
2012-06-19,23650.0,24000.0,23450.0,23850.0,3775650
2012-06-20,24350.0,25100.0,24200.0,24800.0,9153721
2012-06-21,24800.0,24950.0,24300.0,24550.0,3741030
2012-06-22,24050.0,24350.0,23950.0,24100.0,4486265
2012-06-25,24100.0,24350.0,22700.0,23050.0,9706225
2012-06-26,22950.0,23400.0,22900.0,23100.0,4614781
2012-06-27,23200.0,23250.0,22600.0,22800.0,4744088
2012-06-28,22800.0,23400.0,22800.0,23300.0,3462356
2012-06-29,23050.0,23900.0,22850.0,23850.0,4673697
2012-07-02,24300.0,24350.0,23700.0,23700.0,3864814
2012-07-03,23800.0,24300.0,23800.0,24300.0,3036419
2012-07-04,24400.0,24650.0,24000.0,24050.0,3177189
2012-07-05,23950.0,24200.0,23750.0,23800.0,2640567
2012-07-06,24000.0,24450.0,23850.0,24000.0,3995512
2012-07-09,23700.0,23950.0,23550.0,23700.0,3146727
2012-07-10,23850.0,23900.0,23500.0,23700.0,2629645
2012-07-11,23450.0,23700.0,22900.0,22950.0,5122892
2012-07-12,23000.0,23150.0,22250.0,22250.0,5399023
2012-07-13,22250.0,22450.0,21450.0,22400.0,6587479
2012-07-16,22450.0,22600.0,21750.0,21800.0,6306685
2012-07-17,21550.0,21700.0,21250.0,21300.0,9081892
2012-07-18,21250.0,21500.0,20150.0,20250.0,12898485
2012-07-19,20700.0,20800.0,20300.0,20400.0,7368160
2012-07-20,20800.0,21550.0,20750.0,21250.0,7839449
2012-07-23,20800.0,20850.0,20200.0,20350.0,6891113
2012-07-24,20550.0,21150.0,20550.0,20800.0,7304264
2012-07-25,20350.0,20850.0,20100.0,20400.0,6240110
2012-07-26,20700.0,20800.0,20250.0,20400.0,5935216
2012-07-27,20850.0,21250.0,20700.0,21150.0,7414985
2012-07-30,21500.0,21800.0,21250.0,21300.0,4896026
2012-07-31,21350.0,21900.0,21200.0,21700.0,7185644
2012-08-01,21900.0,22100.0,21450.0,21500.0,5590563
2012-08-02,21650.0,21800.0,21300.0,21550.0,4803724
2012-08-03,21150.0,21250.0,20850.0,20950.0,5483007
2012-08-06,21500.0,22000.0,21400.0,21750.0,6704529
2012-08-07,21800.0,22200.0,21650.0,22000.0,4724202
2012-08-08,22300.0,23000.0,22250.0,22750.0,10952839
2012-08-09,22800.0,22950.0,22450.0,22900.0,8170012
2012-08-10,22900.0,23050.0,22750.0,23000.0,3972278
2012-08-13,23150.0,23250.0,22600.0,22700.0,3398481
2012-08-14,22700.0,23000.0,22600.0,22900.0,3635773
2012-08-16,22800.0,22950.0,22100.0,22200.0,7750097
2012-08-17,22450.0,22650.0,22300.0,22500.0,4093725
2012-08-20,22300.0,22750.0,22250.0,22550.0,3257893
2012-08-21,22650.0,23350.0,22650.0,23100.0,9120257
2012-08-22,23150.0,23300.0,22650.0,22850.0,4548800
2012-08-23,22850.0,22900.0,22300.0,22400.0,6301594
2012-08-24,22000.0,22450.0,21750.0,21800.0,6140219
2012-08-27,21650.0,22200.0,21550.0,21700.0,5273131
2012-08-28,21700.0,21850.0,21100.0,21300.0,7403058
2012-08-29,21350.0,21600.0,21250.0,21450.0,4269229
2012-08-30,21400.0,21450.0,21050.0,21200.0,3247407
2012-08-31,20950.0,21400.0,20950.0,21200.0,2681289
2012-09-03,21200.0,21450.0,20900.0,21400.0,3497272
2012-09-04,21350.0,21800.0,21250.0,21500.0,3718029
2012-09-05,21500.0,21650.0,21200.0,21200.0,3811840
2012-09-06,21400.0,21400.0,20550.0,20900.0,8996227
2012-09-07,22000.0,22550.0,21750.0,22500.0,15187905
2012-09-10,22350.0,22500.0,22150.0,22250.0,4725887
2012-09-11,22150.0,22150.0,21800.0,21950.0,3644115
2012-09-12,22200.0,22400.0,22000.0,22200.0,3243477
2012-09-13,22100.0,22150.0,21800.0,21850.0,4213002
2012-09-14,22550.0,23000.0,22350.0,22950.0,10490825
2012-09-17,23150.0,23200.0,22850.0,22950.0,4232251
2012-09-18,22950.0,23300.0,22800.0,22850.0,3816630
2012-09-19,22950.0,23650.0,22900.0,23500.0,7645646
2012-09-20,23700.0,24650.0,23600.0,23900.0,12215100
2012-09-21,24200.0,24250.0,23650.0,23850.0,4777229
2012-09-24,23950.0,24000.0,23350.0,23500.0,3491580
2012-09-25,23250.0,23350.0,22750.0,22900.0,5360930
2012-09-26,22600.0,22950.0,22450.0,22750.0,3202961
2012-09-27,22550.0,22950.0,22450.0,22900.0,3505119
2012-09-28,22950.0,23250.0,22600.0,22750.0,3849358
2012-10-02,22950.0,23000.0,22350.0,22500.0,2837594
2012-10-04,22850.0,23500.0,22750.0,23150.0,6173279
2012-10-05,23400.0,23600.0,23150.0,23250.0,3107320
2012-10-08,23350.0,23850.0,23300.0,23700.0,5635236
2012-10-09,23800.0,23900.0,23550.0,23550.0,3462622
2012-10-10,23250.0,23300.0,23000.0,23000.0,2998028
2012-10-11,22800.0,23100.0,22600.0,22900.0,2935850
2012-10-12,22900.0,23000.0,22250.0,22550.0,4249553
2012-10-15,22550.0,22700.0,22100.0,22250.0,2997105
2012-10-16,22700.0,23050.0,22700.0,22850.0,3891112
2012-10-17,23400.0,23600.0,23200.0,23500.0,4588292
2012-10-18,23500.0,23650.0,23200.0,23550.0,2665569
2012-10-19,23550.0,23750.0,23250.0,23300.0,2635595
2012-10-22,22700.0,23450.0,22650.0,23400.0,2558547
2012-10-23,23400.0,23700.0,23050.0,23050.0,2830894
2012-10-24,23500.0,24150.0,23350.0,24000.0,8680577
2012-10-25,24150.0,24800.0,24050.0,24300.0,7755017
2012-10-26,24300.0,24650.0,24000.0,24100.0,3811636
2012-10-29,24550.0,24950.0,23900.0,24100.0,6179920
2012-10-30,24500.0,24750.0,24200.0,24300.0,3753581
2012-10-31,24800.0,25000.0,24650.0,24850.0,5720254
2012-11-01,24950.0,25900.0,24700.0,25500.0,8300704
2012-11-02,26000.0,26300.0,25900.0,25950.0,6582814
2012-11-05,25950.0,26350.0,25750.0,26150.0,3327731
2012-11-06,26250.0,26300.0,25550.0,25900.0,5012757
2012-11-07,26000.0,26100.0,25450.0,26000.0,4384909
2012-11-08,25600.0,26100.0,25350.0,26050.0,4512124
2012-11-09,25700.0,25950.0,25350.0,25400.0,5200310
2012-11-12,25200.0,25550.0,24800.0,25300.0,4363247
2012-11-13,25200.0,25550.0,25000.0,25350.0,3295510
2012-11-14,25550.0,26700.0,25500.0,26600.0,8662866
2012-11-15,26350.0,26550.0,25900.0,26150.0,4732537
2012-11-16,26100.0,26300.0,24550.0,24950.0,9258104
2012-11-19,25200.0,25500.0,24750.0,25200.0,3915383
2012-11-20,25650.0,25750.0,25300.0,25350.0,3275516
2012-11-21,25500.0,25750.0,24900.0,24900.0,3690781
2012-11-22,25250.0,25700.0,25000.0,25600.0,3172574
2012-11-23,25500.0,25850.0,25350.0,25700.0,2752916
2012-11-26,25800.0,26300.0,25750.0,25800.0,3740527
2012-11-27,25750.0,26000.0,25350.0,25550.0,4325846
2012-11-28,25400.0,25550.0,25000.0,25350.0,3100750
2012-11-29,25700.0,25800.0,25100.0,25400.0,4004471
2012-11-30,25250.0,25350.0,24400.0,24400.0,8393311
2012-12-03,24300.0,24650.0,24200.0,24400.0,4141297
2012-12-04,24300.0,24700.0,24200.0,24450.0,3535356
2012-12-05,24450.0,24900.0,24250.0,24850.0,3475543
2012-12-06,24850.0,25100.0,24700.0,24850.0,3761134
2012-12-07,25450.0,25950.0,25400.0,25900.0,7085027
2012-12-10,25850.0,26150.0,25800.0,26000.0,3265816
2012-12-11,26250.0,26500.0,25900.0,25950.0,4168287
2012-12-12,26350.0,26500.0,26050.0,26050.0,4893765
2012-12-13,26200.0,26500.0,25650.0,26250.0,7569924
2012-12-14,26000.0,26350.0,25850.0,26200.0,3660149
2012-12-17,26400.0,26800.0,26250.0,26650.0,5207324
2012-12-18,26900.0,27100.0,26400.0,26500.0,5717910
2012-12-20,26850.0,26950.0,26150.0,26300.0,4724805
2012-12-21,26300.0,26450.0,25250.0,25400.0,7082943
2012-12-24,25400.0,25700.0,25050.0,25150.0,3873355
2012-12-26,25300.0,25700.0,25300.0,25450.0,3151414
2012-12-27,25450.0,25800.0,25400.0,25750.0,1998334
2012-12-28,25750.0,25950.0,25500.0,25750.0,2617472
2013-01-02,26150.0,26650.0,26100.0,26600.0,5136546
2013-01-03,26900.0,27100.0,26400.0,26650.0,4581101
2013-01-04,26800.0,26900.0,26200.0,26350.0,4845576
2013-01-07,26400.0,26450.0,25650.0,25900.0,4272129
2013-01-08,26050.0,26550.0,25950.0,26250.0,3456671
2013-01-09,26500.0,26600.0,25950.0,26050.0,2511527
2013-01-10,26150.0,26800.0,25850.0,26800.0,4727145
2013-01-11,27100.0,27250.0,26500.0,27100.0,6252882
2013-01-14,27250.0,27300.0,26850.0,26950.0,3109698
2013-01-15,26800.0,27000.0,25800.0,25950.0,6718923
2013-01-16,26200.0,26700.0,26050.0,26200.0,5710728
2013-01-17,26350.0,26350.0,25450.0,25900.0,4740181
2013-01-18,26050.0,26150.0,25500.0,25600.0,5535797
2013-01-21,25750.0,25850.0,25300.0,25750.0,3290771
2013-01-22,25500.0,25700.0,24850.0,25050.0,7131671
2013-01-23,25050.0,25100.0,24600.0,24650.0,6601120
2013-01-24,24600.0,24650.0,24050.0,24250.0,5978396
2013-01-25,24300.0,24700.0,23800.0,24200.0,4979003
2013-01-28,24150.0,24500.0,24000.0,24400.0,2564977
2013-01-29,24500.0,24550.0,24100.0,24200.0,4366129
2013-01-30,24650.0,24950.0,24300.0,24350.0,5613343
2013-01-31,24400.0,24600.0,24200.0,24400.0,4329870
2013-02-01,24250.0,24450.0,24050.0,24200.0,4025938
2013-02-04,24500.0,24600.0,24300.0,24300.0,2604422
2013-02-05,24050.0,24200.0,23600.0,23700.0,4574149
2013-02-06,23850.0,24650.0,23800.0,24500.0,5764265
2013-02-07,24650.0,25000.0,24550.0,24850.0,4681401
2013-02-08,24850.0,25000.0,24550.0,24750.0,3258865
2013-02-12,24950.0,25300.0,24800.0,25000.0,3432175
2013-02-13,25250.0,25600.0,25200.0,25500.0,4490716
2013-02-14,25550.0,25750.0,25350.0,25700.0,2859954
2013-02-15,25700.0,25750.0,25550.0,25650.0,2277981
2013-02-18,25600.0,26000.0,25550.0,25900.0,2456890
2013-02-19,25800.0,26100.0,25750.0,25850.0,1779504
2013-02-20,26250.0,26700.0,26200.0,26500.0,6657608
2013-02-21,26350.0,26650.0,26300.0,26600.0,2826255
2013-02-22,26400.0,26600.0,26300.0,26400.0,2689623
2013-02-25,26500.0,26550.0,26050.0,26300.0,2604691
2013-02-26,26100.0,26650.0,25850.0,26550.0,3772301
2013-02-27,26850.0,26950.0,26250.0,26250.0,3098659
2013-02-28,26700.0,26750.0,26500.0,26500.0,4038185
2013-03-04,26600.0,26700.0,25900.0,26000.0,3753949
2013-03-05,26400.0,27200.0,26400.0,27000.0,8141593
2013-03-06,27650.0,28200.0,27600.0,28000.0,11109877
2013-03-07,28100.0,28450.0,27850.0,28150.0,6588200
2013-03-08,28350.0,28400.0,27800.0,28250.0,3607159
2013-03-11,28250.0,28800.0,28200.0,28600.0,6597705
2013-03-12,28850.0,28900.0,28050.0,28100.0,3957978
2013-03-13,28300.0,28550.0,28100.0,28300.0,2769799
2013-03-14,28450.0,29000.0,28400.0,28900.0,5071138
2013-03-15,29000.0,29200.0,28400.0,28800.0,4473661
2013-03-18,28550.0,28900.0,28400.0,28400.0,2926693
2013-03-19,28800.0,28900.0,28350.0,28650.0,3232956
2013-03-20,28500.0,28850.0,28350.0,28600.0,2632433
2013-03-21,28850.0,28900.0,28050.0,28050.0,3426566
2013-03-22,27900.0,28450.0,27650.0,28300.0,3555515
2013-03-25,29050.0,29200.0,28850.0,29050.0,3959211
2013-03-26,29050.0,29500.0,29000.0,29500.0,5570927
2013-03-27,29600.0,29700.0,29200.0,29450.0,3184531
2013-03-28,29450.0,29450.0,28950.0,29250.0,3223050
2013-03-29,29500.0,29650.0,28750.0,28750.0,3045853
2013-04-01,28900.0,29050.0,28600.0,28650.0,1972865
2013-04-02,28750.0,28900.0,28350.0,28400.0,3577498
2013-04-03,28600.0,29150.0,28550.0,28900.0,3584222
2013-04-04,28550.0,29200.0,28400.0,29200.0,4869239
2013-04-05,29300.0,29300.0,28350.0,28550.0,3681853
2013-04-08,28600.0,28700.0,27800.0,27900.0,4153747
2013-04-09,27900.0,28200.0,27300.0,27800.0,4473759
2013-04-10,28150.0,28200.0,27800.0,27950.0,2896417
2013-04-11,28450.0,29100.0,28300.0,29000.0,5236997
2013-04-12,29050.0,29350.0,28650.0,28800.0,3407336
2013-04-15,28950.0,29350.0,28700.0,29150.0,2715965
2013-04-16,28850.0,29250.0,28750.0,29100.0,3276359
2013-04-17,29350.0,29400.0,28650.0,28750.0,3075896
2013-04-18,28400.0,28500.0,27850.0,27900.0,5206918
2013-04-19,27900.0,28850.0,27850.0,28800.0,3895261
2013-04-22,28800.0,29100.0,28600.0,29000.0,2012549
2013-04-23,29050.0,29050.0,28450.0,28850.0,2009817
2013-04-24,29400.0,29600.0,29000.0,29100.0,4683116
2013-04-25,29650.0,29950.0,29450.0,29500.0,11394824
2013-04-26,29400.0,29750.0,29250.0,29450.0,2667806
2013-04-29,29550.0,29850.0,29500.0,29550.0,2368216
2013-04-30,29850.0,30000.0,29550.0,29900.0,4973679
2013-05-02,29750.0,29850.0,29300.0,29450.0,2792031
2013-05-03,29650.0,29700.0,29000.0,29550.0,3767197
2013-05-06,29700.0,29850.0,28850.0,28900.0,4225049
2013-05-07,28900.0,28950.0,28400.0,28600.0,3154316
2013-05-08,28900.0,28900.0,28400.0,28550.0,3400637
2013-05-09,28500.0,29250.0,28500.0,29050.0,4575248
2013-05-10,29200.0,29550.0,29050.0,29100.0,4776435
2013-05-13,29000.0,29200.0,28900.0,29100.0,2518819
2013-05-14,29150.0,29600.0,29150.0,29500.0,2701509
2013-05-15,29550.0,29850.0,29500.0,29750.0,4030862
2013-05-16,29900.0,30200.0,29850.0,30050.0,6423610
2013-05-20,30500.0,30850.0,30300.0,30700.0,6958530
2013-05-21,30800.0,31000.0,30600.0,30600.0,5033266
2013-05-22,30900.0,31600.0,30850.0,31300.0,7608286
2013-05-23,31400.0,32000.0,31250.0,31400.0,7512672
2013-05-24,31800.0,31850.0,31050.0,31400.0,3871042
2013-05-27,31550.0,31900.0,31400.0,31400.0,2849669
2013-05-28,31400.0,31650.0,30850.0,31400.0,4431590
2013-05-29,31700.0,32150.0,31550.0,32000.0,4381622
2013-05-30,31850.0,32200.0,31700.0,31850.0,10882238
2013-05-31,32200.0,32200.0,31750.0,32200.0,3870613
2013-06-03,31950.0,32150.0,31750.0,31900.0,3449693
2013-06-04,32150.0,32450.0,32000.0,32250.0,3233657
2013-06-05,32350.0,32400.0,31150.0,31150.0,4570226
2013-06-07,31650.0,31900.0,30900.0,31100.0,5758634
2013-06-10,31700.0,32900.0,31600.0,32650.0,6709195
2013-06-11,32900.0,32950.0,32300.0,32500.0,3941737
2013-06-12,32300.0,32700.0,32250.0,32350.0,2590486
2013-06-13,32250.0,32450.0,31600.0,32050.0,6075091
2013-06-14,32150.0,32250.0,31200.0,31500.0,3971095
2013-06-17,31400.0,31600.0,30100.0,30450.0,6582178
2013-06-18,30900.0,31750.0,30900.0,31750.0,5215736
2013-06-19,32000.0,32400.0,31550.0,31900.0,4438175
2013-06-20,31400.0,31700.0,30850.0,31050.0,4371986
2013-06-21,30200.0,31000.0,30000.0,30800.0,5163521
2013-06-24,30900.0,30950.0,29750.0,29750.0,4897019
2013-06-25,29500.0,30300.0,28900.0,29500.0,6659713
2013-06-26,30150.0,30400.0,29700.0,30250.0,5040418
2013-06-27,30900.0,31000.0,30600.0,30650.0,5209137
2013-06-28,30900.0,31200.0,30450.0,31200.0,4309458
2013-07-01,30950.0,31850.0,30850.0,31550.0,4062599
2013-07-02,31500.0,31550.0,28750.0,28800.0,21019436
2013-07-03,29350.0,29800.0,28550.0,28750.0,10969350
2013-07-04,28950.0,29050.0,28000.0,28750.0,9130872
2013-07-05,28950.0,29300.0,27950.0,28400.0,7983219
2013-07-08,28100.0,28600.0,27400.0,27800.0,7227558
2013-07-09,28050.0,28450.0,27750.0,28350.0,5276470
2013-07-10,28150.0,28300.0,27400.0,27500.0,6362139
2013-07-11,27900.0,28400.0,27650.0,28400.0,6330650
2013-07-12,28450.0,28650.0,28100.0,28500.0,4499172
2013-07-15,28500.0,28750.0,28050.0,28450.0,2613544
2013-07-16,28650.0,28700.0,28300.0,28450.0,2886705
2013-07-17,28750.0,28850.0,28200.0,28600.0,4374401
2013-07-18,28950.0,29450.0,28750.0,29200.0,6437820
2013-07-19,29300.0,29350.0,28400.0,28400.0,5306867
2013-07-22,28400.0,28500.0,27850.0,28000.0,5042732
2013-07-23,27900.0,28400.0,27750.0,28200.0,4952809
2013-07-24,28300.0,28750.0,28300.0,28550.0,3818831
2013-07-25,29150.0,29250.0,28400.0,28600.0,6778488
2013-07-26,28850.0,28850.0,27900.0,28150.0,7755181
2013-07-29,27950.0,27950.0,26900.0,27000.0,15227768
2013-07-30,27050.0,27300.0,26600.0,27100.0,6903868
2013-07-31,27200.0,27350.0,27150.0,27200.0,4386284
2013-08-01,27250.0,27450.0,27100.0,27400.0,6151190
2013-08-02,27500.0,27700.0,27250.0,27450.0,6877232
2013-08-05,27300.0,27400.0,27150.0,27400.0,4180804
2013-08-06,27600.0,27750.0,27350.0,27550.0,4125157
2013-08-07,27350.0,27400.0,26550.0,26550.0,7771130
2013-08-08,26350.0,26600.0,26000.0,26200.0,5396449
2013-08-09,26200.0,27100.0,26200.0,26650.0,4669522
2013-08-12,26650.0,27300.0,26600.0,27000.0,3849323
2013-08-13,27050.0,28300.0,27050.0,28300.0,8719662
2013-08-14,28750.0,29200.0,28600.0,29150.0,10262550
2013-08-16,28700.0,29000.0,28500.0,28700.0,5110848
2013-08-19,28550.0,28650.0,28300.0,28550.0,2594470
2013-08-20,28500.0,29150.0,28400.0,28500.0,5699909
2013-08-21,28700.0,28850.0,28050.0,28200.0,3079266
2013-08-22,27800.0,28350.0,27700.0,28050.0,3639542
2013-08-23,28400.0,28850.0,28300.0,28500.0,4137108
2013-08-26,28500.0,28700.0,28150.0,28350.0,2937697
2013-08-27,28100.0,28350.0,27800.0,27950.0,3547412
2013-08-28,27350.0,27850.0,27350.0,27700.0,3556086
2013-08-29,27700.0,28000.0,27400.0,27450.0,5326833
2013-08-30,27600.0,28250.0,27550.0,28250.0,5663772
2013-09-02,28500.0,28650.0,28200.0,28300.0,3035909
2013-09-03,28550.0,28650.0,28300.0,28450.0,3100871
2013-09-04,28400.0,28700.0,28200.0,28650.0,3042973
2013-09-05,27400.0,28150.0,27300.0,28150.0,20625404
2013-09-06,28100.0,28250.0,26850.0,27100.0,12199781
2013-09-09,27600.0,28450.0,27550.0,28450.0,9571714
2013-09-10,28550.0,28950.0,28400.0,28950.0,6680750
2013-09-11,29100.0,29300.0,28700.0,28900.0,4893860
2013-09-12,29000.0,29300.0,28750.0,28900.0,6018991
2013-09-13,28900.0,29250.0,28800.0,29000.0,4674307
2013-09-16,29300.0,29850.0,29300.0,29800.0,5218534
2013-09-17,30000.0,30450.0,29650.0,30300.0,6788948
2013-09-23,30650.0,30700.0,30200.0,30550.0,4872847
2013-09-24,30400.0,30850.0,30250.0,30500.0,3788474
2013-09-25,30300.0,30400.0,29600.0,29750.0,4839999
2013-09-26,29750.0,30600.0,29700.0,30350.0,4297077
2013-09-27,30550.0,30600.0,29850.0,30350.0,3597617
2013-09-30,30300.0,30750.0,30000.0,30250.0,3883347
2013-10-01,30200.0,30500.0,29800.0,29950.0,3094789
2013-10-02,30650.0,31250.0,30600.0,31150.0,7077277
2013-10-04,31700.0,32450.0,31550.0,32450.0,10794205
2013-10-07,32750.0,33100.0,32600.0,32900.0,10211692
2013-10-08,32800.0,32900.0,32450.0,32750.0,20161932
2013-10-10,32750.0,33900.0,32700.0,33600.0,6362115
2013-10-11,33900.0,34000.0,33100.0,33350.0,6953280
2013-10-14,33100.0,33400.0,32550.0,33100.0,4504637
2013-10-15,33450.0,33600.0,33250.0,33450.0,2875473
2013-10-16,33800.0,34300.0,33250.0,33400.0,3964240
2013-10-17,33800.0,33900.0,33400.0,33800.0,3432731
2013-10-18,34000.0,34650.0,33950.0,34600.0,4896108
2013-10-21,34650.0,35000.0,33900.0,34100.0,4601446
2013-10-22,34000.0,34000.0,32600.0,32600.0,9113649
2013-10-23,32900.0,33200.0,32500.0,32500.0,5848372
2013-10-24,32500.0,33150.0,32300.0,33100.0,3285591
2013-10-25,32950.0,33000.0,32500.0,32600.0,3464261
2013-10-28,32650.0,33250.0,32600.0,33100.0,3104202
2013-10-29,33350.0,33600.0,31900.0,31950.0,6681059
2013-10-30,32300.0,33000.0,32300.0,32850.0,4858305
2013-10-31,32800.0,32800.0,31950.0,31950.0,4023353
2013-11-01,32150.0,33300.0,32100.0,33250.0,4753636
2013-11-04,33350.0,33500.0,32950.0,33050.0,2893775
2013-11-05,33000.0,33050.0,32250.0,32550.0,1860583
2013-11-06,32350.0,32950.0,32350.0,32500.0,1872076
2013-11-07,32600.0,32750.0,32350.0,32350.0,1825749
2013-11-08,32050.0,32950.0,32050.0,32250.0,2964930
2013-11-11,32400.0,32700.0,31350.0,31500.0,3518342
2013-11-12,31900.0,32400.0,31700.0,31950.0,3027493
2013-11-13,31850.0,32000.0,31500.0,31550.0,2266975
2013-11-14,32350.0,32650.0,32000.0,32300.0,3084645
2013-11-15,32550.0,33800.0,32550.0,33700.0,5187831
2013-11-18,33900.0,34100.0,33500.0,33750.0,2917194
2013-11-19,33700.0,33850.0,33300.0,33450.0,2790771
2013-11-20,33150.0,33200.0,32350.0,32500.0,4652929
2013-11-21,32400.0,32450.0,31750.0,32050.0,3397106
2013-11-22,32800.0,32900.0,32250.0,32400.0,3511174
2013-11-25,32800.0,33400.0,32750.0,33250.0,2869284
2013-11-26,33300.0,33600.0,32750.0,33600.0,3288876
2013-11-27,33750.0,34700.0,33500.0,34600.0,6944989
2013-11-28,35100.0,35450.0,34850.0,35450.0,6520172
2013-11-29,35550.0,35900.0,35150.0,35400.0,4030182
2013-12-02,35650.0,35900.0,35250.0,35700.0,3268831
2013-12-03,35500.0,35700.0,34600.0,34700.0,4945227
2013-12-04,34850.0,35400.0,34750.0,34800.0,3284235
2013-12-05,34550.0,34900.0,34200.0,34250.0,4205701
2013-12-06,34400.0,35650.0,34400.0,35500.0,4156598
2013-12-09,36000.0,36700.0,35950.0,36350.0,5211103
2013-12-10,36800.0,37100.0,36400.0,36500.0,5070477
2013-12-11,36500.0,37150.0,36400.0,36800.0,3600547
2013-12-12,36300.0,36500.0,35850.0,36450.0,5008826
2013-12-13,36300.0,36600.0,35850.0,36500.0,2488730
2013-12-16,36600.0,37200.0,36550.0,37150.0,3285802
2013-12-17,37500.0,37550.0,36550.0,36600.0,3534783
2013-12-18,36600.0,36800.0,35450.0,35550.0,4929380
2013-12-19,35950.0,36150.0,34800.0,34900.0,6726027
2013-12-20,35200.0,35750.0,34900.0,35300.0,3905267
2013-12-23,35600.0,37000.0,35550.0,37000.0,5630251
2013-12-24,37000.0,37100.0,36550.0,36750.0,2771057
2013-12-26,36900.0,37000.0,35900.0,36000.0,3738849
2013-12-27,36450.0,36950.0,36350.0,36650.0,2088963
2013-12-30,36800.0,37000.0,36250.0,36800.0,2537422
2014-01-02,37100.0,37350.0,35550.0,35550.0,4503101
2014-01-03,35700.0,36450.0,35600.0,36300.0,3866819
2014-01-06,36400.0,37700.0,36350.0,37650.0,5489696
2014-01-07,37350.0,37950.0,37200.0,37800.0,3365854
2014-01-08,38550.0,39100.0,38150.0,39000.0,6541929
2014-01-09,39150.0,39250.0,38500.0,38850.0,4456686
2014-01-10,38450.0,38700.0,37700.0,38500.0,4661839
2014-01-13,38350.0,39000.0,38150.0,38150.0,2173830
2014-01-14,37750.0,38400.0,37350.0,38400.0,2373406
2014-01-15,38700.0,38750.0,36450.0,36650.0,11312073
2014-01-16,36900.0,37000.0,36050.0,36550.0,5058860
2014-01-17,36600.0,36850.0,36000.0,36000.0,3390054
2014-01-20,36050.0,36850.0,36050.0,36850.0,3038514
2014-01-21,36950.0,37100.0,36400.0,36400.0,2458095
2014-01-22,36100.0,36350.0,35000.0,36300.0,8866139
2014-01-23,36300.0,36650.0,35400.0,35400.0,5413166
2014-01-24,35350.0,36150.0,35350.0,35900.0,4696232
2014-01-27,35100.0,35550.0,35000.0,35250.0,3810292
2014-01-28,35550.0,36800.0,35250.0,36800.0,5134501
2014-01-29,37100.0,37900.0,37000.0,37850.0,5768140
2014-02-03,37500.0,38200.0,37450.0,37950.0,3258954
2014-02-04,37350.0,37400.0,36500.0,36500.0,5123321
2014-02-05,36900.0,37000.0,36000.0,36650.0,3722340
2014-02-06,37050.0,38600.0,37000.0,38600.0,6520048
2014-02-07,39300.0,39500.0,38900.0,39300.0,6263133
2014-02-10,39400.0,39950.0,39000.0,39000.0,2749618
2014-02-11,39200.0,39600.0,38950.0,39000.0,1922133
2014-02-12,39600.0,39850.0,39200.0,39850.0,3365602
2014-02-13,39850.0,40200.0,39700.0,39900.0,3408592
2014-02-14,39950.0,40100.0,39000.0,39050.0,3144548
2014-02-17,39450.0,39700.0,38400.0,38700.0,3462266
2014-02-18,38800.0,39000.0,38550.0,38800.0,1740161
2014-02-19,38650.0,39400.0,38500.0,39150.0,2779561
2014-02-20,39400.0,39650.0,38700.0,38800.0,2634888
2014-02-21,39250.0,39700.0,39050.0,39300.0,3222452
2014-02-24,39100.0,39350.0,38700.0,38850.0,1853563
2014-02-25,39000.0,39100.0,37850.0,38650.0,5377950
2014-02-26,38500.0,39700.0,38450.0,39250.0,3372770
2014-02-27,39650.0,39650.0,39100.0,39500.0,2537038
2014-02-28,39700.0,39700.0,38550.0,38750.0,3571285
2014-03-03,38300.0,38950.0,38200.0,38950.0,2334413
2014-03-04,38600.0,39050.0,38550.0,38950.0,1659174
2014-03-05,39600.0,39600.0,39200.0,39450.0,2287413
2014-03-06,39450.0,39450.0,38900.0,39100.0,1894702
2014-03-07,39300.0,39350.0,38300.0,38550.0,3360351
2014-03-10,38350.0,38650.0,37650.0,37700.0,3290391
2014-03-11,37700.0,38200.0,37650.0,37750.0,2570762
2014-03-12,37550.0,38050.0,37350.0,37400.0,3136809
2014-03-13,37800.0,38600.0,37700.0,38050.0,2831772
2014-03-14,37550.0,38300.0,37000.0,37950.0,4047773
2014-03-17,37400.0,37450.0,36600.0,36700.0,4053729
2014-03-18,37200.0,37400.0,36350.0,36350.0,4067115
2014-03-19,36850.0,37150.0,36550.0,37000.0,3174111
2014-03-20,36900.0,37400.0,36700.0,36950.0,1966739
2014-03-21,37400.0,38750.0,37400.0,38700.0,4027721
2014-03-24,38750.0,38800.0,38000.0,38150.0,2911594
2014-03-25,38250.0,38300.0,37500.0,37600.0,2484259
2014-03-26,38100.0,38400.0,37650.0,38400.0,2520441
2014-03-27,38050.0,38400.0,37550.0,37700.0,2539853
2014-03-28,37850.0,37900.0,37000.0,37050.0,3497637
2014-03-31,37000.0,37100.0,35550.0,36000.0,8110589
2014-04-01,36650.0,37100.0,36600.0,37000.0,4963237
2014-04-02,37450.0,37700.0,36800.0,37050.0,3128863
2014-04-03,37300.0,37350.0,36500.0,36550.0,2239712
2014-04-04,36750.0,37250.0,36600.0,37250.0,3042845
2014-04-07,36800.0,37000.0,36500.0,37000.0,2614349
2014-04-08,36650.0,37200.0,36650.0,36750.0,2287296
2014-04-09,36900.0,37700.0,36850.0,37650.0,2781992
2014-04-10,37600.0,37850.0,37400.0,37700.0,1940111
2014-04-11,37450.0,37600.0,36850.0,37050.0,2678811
2014-04-14,37100.0,37250.0,36900.0,36900.0,1769488
2014-04-15,37450.0,37950.0,37150.0,37400.0,2511655
2014-04-16,37750.0,37900.0,37550.0,37650.0,2279437
2014-04-17,38050.0,38300.0,37850.0,38050.0,2518569
2014-04-18,39400.0,39550.0,38900.0,39200.0,6226765
2014-04-21,39300.0,39500.0,39000.0,39400.0,2012021
2014-04-22,39900.0,40050.0,39750.0,39800.0,4429639
2014-04-23,40200.0,40850.0,40050.0,40750.0,6302966
2014-04-24,40850.0,40900.0,40150.0,40900.0,4202633
2014-04-25,41100.0,41350.0,40650.0,40750.0,6413507
2014-04-28,40450.0,40800.0,39900.0,40500.0,2962593
2014-04-29,40250.0,40500.0,39600.0,39700.0,2864162
2014-04-30,39700.0,40300.0,39650.0,40150.0,2280636
2014-05-02,41200.0,41350.0,40550.0,40650.0,3374051
2014-05-07,41000.0,41350.0,40900.0,41100.0,2617891
2014-05-08,41450.0,41450.0,40550.0,40650.0,2228813
2014-05-09,40950.0,41200.0,40250.0,41150.0,2286422
2014-05-12,40900.0,41600.0,40900.0,41400.0,2028310
2014-05-13,41850.0,42000.0,41700.0,41700.0,2671855
2014-05-14,42200.0,42200.0,41750.0,42100.0,2857522
2014-05-15,41850.0,42100.0,41600.0,42000.0,2002289
2014-05-16,42000.0,42300.0,41800.0,42250.0,1793135
2014-05-19,42000.0,42150.0,40750.0,40900.0,3868734
2014-05-20,41100.0,42000.0,41100.0,42000.0,3173904
2014-05-21,41950.0,42250.0,41650.0,41900.0,2044792
2014-05-22,42400.0,42750.0,42150.0,42400.0,2314558
2014-05-23,42300.0,42500.0,41950.0,42350.0,2091017
2014-05-26,42600.0,42750.0,42350.0,42400.0,1337761
2014-05-27,42600.0,42650.0,42050.0,42200.0,1206673
2014-05-28,42750.0,42750.0,42400.0,42600.0,2267797
2014-05-29,42700.0,42900.0,42450.0,42600.0,2788250
2014-05-30,42600.0,44150.0,42600.0,44150.0,5719933
2014-06-02,44200.0,45200.0,44150.0,44700.0,2594762
2014-06-03,44250.0,45050.0,44000.0,44650.0,2452555
2014-06-05,45300.0,46450.0,44850.0,46450.0,3867206
2014-06-09,47000.0,47450.0,46000.0,46100.0,4008341
2014-06-10,46600.0,47350.0,46500.0,47350.0,2173265
2014-06-11,47550.0,47950.0,46750.0,47000.0,2699834
2014-06-12,48000.0,48450.0,46850.0,47400.0,3533745
2014-06-13,47000.0,47200.0,46400.0,47050.0,2038552
2014-06-16,46600.0,48550.0,46400.0,48350.0,2328428
2014-06-17,49000.0,49850.0,48850.0,49350.0,3064765
2014-06-18,49400.0,49700.0,48850.0,49000.0,8540327
2014-06-19,49850.0,50700.0,49700.0,50700.0,3832975
2014-06-20,50900.0,50900.0,49100.0,49400.0,7739475
2014-06-23,49250.0,49700.0,48250.0,48900.0,3331587
2014-06-24,49000.0,50300.0,48950.0,50300.0,3486605
2014-06-25,50200.0,50900.0,49600.0,49800.0,2370023
2014-06-26,50300.0,50600.0,48050.0,48750.0,4329921
2014-06-27,48350.0,48500.0,47500.0,47500.0,4132822
2014-06-30,47900.0,48750.0,47850.0,48550.0,3033278
2014-07-01,49450.0,49450.0,48400.0,48450.0,2661236
2014-07-02,49150.0,50500.0,49000.0,50400.0,4295212
2014-07-03,50700.0,51000.0,50200.0,50900.0,2679502
2014-07-04,51000.0,51000.0,49550.0,50400.0,2256886
2014-07-07,50400.0,51700.0,49900.0,51600.0,2222399
2014-07-08,51300.0,52000.0,51100.0,51900.0,2207233
2014-07-09,51500.0,51500.0,49600.0,49750.0,4902932
2014-07-10,49750.0,50300.0,49300.0,49300.0,2652157
2014-07-11,48950.0,49250.0,48350.0,48950.0,2438265
2014-07-14,49250.0,50200.0,49100.0,49350.0,2127881
2014-07-15,50300.0,50400.0,49550.0,49750.0,1757915
2014-07-16,50000.0,51000.0,49900.0,51000.0,2314317
2014-07-17,51600.0,52400.0,51300.0,51500.0,3615315
2014-07-18,50200.0,51100.0,49900.0,50800.0,2334689
2014-07-21,51300.0,51700.0,50300.0,50500.0,1627408
2014-07-22,50100.0,51000.0,49650.0,51000.0,2319621
2014-07-23,50900.0,51000.0,49400.0,49450.0,2861486
2014-07-24,49650.0,49700.0,47450.0,47550.0,7777210
2014-07-25,47800.0,48300.0,47200.0,47500.0,4385822
2014-07-28,47450.0,47950.0,46400.0,46550.0,5195081
2014-07-29,45200.0,45700.0,44400.0,44400.0,8507170
2014-07-30,45000.0,46750.0,45000.0,46750.0,6237617
2014-07-31,46050.0,46500.0,45100.0,45450.0,5587330
2014-08-01,44100.0,46400.0,44000.0,46300.0,5318497
2014-08-04,46400.0,47900.0,46350.0,47850.0,3226358
2014-08-05,48250.0,48300.0,46500.0,47300.0,3424229
2014-08-06,46750.0,46800.0,45050.0,45400.0,14682581
2014-08-07,45700.0,46100.0,44650.0,45200.0,3846213
2014-08-08,44500.0,45000.0,43500.0,44200.0,6182189
2014-08-11,44900.0,45550.0,44500.0,45000.0,3098675
2014-08-12,45000.0,45150.0,43050.0,43250.0,5457423
2014-08-13,43600.0,44450.0,43500.0,43900.0,3848799
2014-08-14,44500.0,44800.0,43200.0,43550.0,3825576
2014-08-18,44400.0,44400.0,43650.0,43850.0,2842982
2014-08-19,44250.0,44550.0,43800.0,43800.0,3046890
2014-08-20,44150.0,45350.0,44100.0,45350.0,3912499
2014-08-21,45800.0,46350.0,45400.0,45850.0,4749347
2014-08-22,46700.0,46750.0,45350.0,45950.0,2874325
2014-08-25,45850.0,47300.0,45700.0,47150.0,3083363
2014-08-26,47150.0,47300.0,46550.0,46700.0,2110839
2014-08-27,46700.0,47000.0,45150.0,45350.0,3858033
2014-08-28,45600.0,45650.0,44400.0,45600.0,3705945
2014-08-29,45100.0,45700.0,45000.0,45400.0,2167684
2014-09-01,45700.0,45800.0,44500.0,44500.0,1892686
2014-09-02,44700.0,44950.0,43850.0,44050.0,2171185
2014-09-03,43450.0,43750.0,41700.0,41800.0,8149751
2014-09-04,42450.0,42850.0,41950.0,42050.0,3744556
2014-09-05,42600.0,43300.0,42500.0,43200.0,3074526
2014-09-11,45700.0,45700.0,43850.0,43850.0,5791277
2014-09-12,44200.0,44550.0,44050.0,44500.0,1445681
2014-09-15,44300.0,44400.0,42800.0,42800.0,2371058
2014-09-16,42300.0,43600.0,42300.0,43500.0,2247094
2014-09-17,43850.0,44450.0,43650.0,44100.0,2721126
2014-09-18,43800.0,44100.0,42800.0,42900.0,1766197
2014-09-19,43400.0,44200.0,43200.0,44000.0,2586406
2014-09-22,43550.0,43700.0,42850.0,43250.0,1476639
2014-09-23,42900.0,43550.0,42500.0,42500.0,2203104
2014-09-24,42550.0,44400.0,42500.0,44200.0,3922847
2014-09-25,44400.0,45450.0,44350.0,44600.0,3632706
2014-09-26,44500.0,45800.0,44300.0,45600.0,3154902
2014-09-29,46500.0,47450.0,46350.0,47150.0,4912552
2014-09-30,46900.0,47300.0,46250.0,46750.0,3038001
2014-10-01,46750.0,47200.0,46000.0,46400.0,2482308
2014-10-02,46000.0,47300.0,45700.0,47100.0,2952839
2014-10-06,47850.0,47850.0,43250.0,44700.0,7288648
2014-10-07,44500.0,45350.0,42950.0,44700.0,5680210
2014-10-08,44500.0,44850.0,43600.0,44150.0,2053318
2014-10-10,42050.0,42950.0,41850.0,42200.0,4630979
2014-10-13,40350.0,42150.0,40300.0,41700.0,4361715
2014-10-14,41750.0,43450.0,41550.0,43300.0,2953492
2014-10-15,43200.0,44000.0,43000.0,43400.0,2372222
2014-10-16,43500.0,45200.0,43450.0,45100.0,3553225
2014-10-17,45000.0,45750.0,43650.0,44100.0,2900418
2014-10-20,44100.0,45050.0,43550.0,44900.0,1788929
2014-10-21,45050.0,46000.0,44650.0,45250.0,2147556
2014-10-22,46250.0,46700.0,45900.0,46300.0,2420313
2014-10-23,46300.0,46800.0,45500.0,45500.0,1829919
2014-10-24,46450.0,46500.0,45050.0,45300.0,2214244
2014-10-27,45800.0,45900.0,44400.0,44600.0,1722449
2014-10-28,45150.0,46100.0,45000.0,46000.0,2907131
2014-10-29,46350.0,47000.0,45800.0,47000.0,2638547
2014-10-30,47300.0,47450.0,46400.0,47200.0,2924313
2014-10-31,47550.0,47550.0,46900.0,47450.0,2577692
2014-11-03,48000.0,48250.0,47600.0,48050.0,2388430
2014-11-04,48300.0,48300.0,47000.0,47450.0,1888587
2014-11-05,47850.0,47950.0,46900.0,47200.0,1617220
2014-11-06,47750.0,48200.0,47550.0,47950.0,1555748
2014-11-07,47950.0,47950.0,47000.0,47400.0,1624430
2014-11-10,47500.0,48100.0,47450.0,47550.0,1583801
2014-11-11,48000.0,48000.0,47200.0,47600.0,1558513
2014-11-12,47900.0,48300.0,47300.0,48100.0,1960104
2014-11-13,48350.0,48350.0,47600.0,48100.0,1421799
2014-11-14,48500.0,49200.0,47900.0,49200.0,2592089
2014-11-17,49200.0,49350.0,45700.0,45900.0,5493082
2014-11-18,46500.0,47150.0,46000.0,46400.0,2798997
2014-11-19,47400.0,47500.0,46900.0,47150.0,1813849
2014-11-20,47000.0,47350.0,46700.0,47250.0,1104697
2014-11-21,47450.0,47500.0,46000.0,46450.0,1839020
2014-11-24,47250.0,47300.0,46800.0,47100.0,1416719
2014-11-25,48400.0,48800.0,47800.0,48500.0,2680733
2014-11-26,48600.0,48700.0,48100.0,48600.0,914772
2014-11-27,48700.0,48700.0,47650.0,47850.0,1558962
2014-11-28,48050.0,48600.0,47700.0,48050.0,1131555
2014-12-01,48050.0,48500.0,47800.0,47950.0,1444205
2014-12-02,47850.0,48000.0,47300.0,47700.0,1417999
2014-12-03,48300.0,48500.0,47750.0,48050.0,1199173
2014-12-04,48600.0,48800.0,48150.0,48700.0,1438113
2014-12-05,48800.0,49150.0,48100.0,48350.0,1335134
2014-12-08,49000.0,49200.0,48500.0,48650.0,2243336
2014-12-09,48800.0,49950.0,48550.0,49450.0,2775375
2014-12-10,49100.0,49600.0,48550.0,48850.0,1590462
2014-12-11,48300.0,48400.0,47100.0,47200.0,2702767
2014-12-12,47300.0,47700.0,47000.0,47550.0,1602103
2014-12-15,47100.0,47850.0,46950.0,47650.0,1182288
2014-12-16,47150.0,47300.0,45900.0,46500.0,2486899
2014-12-17,46500.0,47150.0,46500.0,46700.0,1652948
2014-12-18,47600.0,47700.0,47000.0,47700.0,1542575
2014-12-19,48500.0,48900.0,48300.0,48500.0,1910410
2014-12-22,48000.0,48500.0,47100.0,48250.0,1159184
2014-12-23,48050.0,48500.0,47300.0,47450.0,1169038
2014-12-24,47100.0,47850.0,47100.0,47800.0,842562
2014-12-26,47600.0,47800.0,47000.0,47000.0,1474213
2014-12-29,47100.0,48500.0,47000.0,48050.0,1750952
2014-12-30,48300.0,48500.0,47500.0,47750.0,1159390
2015-01-02,47950.0,48400.0,47650.0,47750.0,1155944
2015-01-05,48050.0,48400.0,47500.0,47650.0,1409146
2015-01-06,47000.0,47600.0,46900.0,47500.0,1661196
2015-01-07,46700.0,47600.0,46700.0,47400.0,1821266
2015-01-08,48250.0,50000.0,47900.0,49950.0,5006675
2015-01-09,50700.0,51400.0,49700.0,49700.0,3313929
2015-01-12,50000.0,50500.0,49450.0,50300.0,1709997
2015-01-13,48500.0,49650.0,48500.0,49000.0,3047952
2015-01-14,48900.0,49850.0,48850.0,48900.0,2241954
2015-01-15,48900.0,49500.0,48850.0,49500.0,1468474
2015-01-16,48450.0,48900.0,47250.0,47450.0,4820176
2015-01-19,47500.0,47950.0,46800.0,47000.0,3180759
2015-01-20,47250.0,47650.0,46800.0,47050.0,2211331
2015-01-21,47500.0,48200.0,47400.0,48050.0,2156709
2015-01-22,48100.0,48450.0,47000.0,47000.0,2905955
2015-01-23,47600.0,47750.0,47200.0,47500.0,1572903
2015-01-26,47250.0,48300.0,47000.0,48250.0,1410144
2015-01-27,49350.0,49350.0,48800.0,49150.0,2292330
2015-01-28,49150.0,49300.0,48200.0,49200.0,2333159
2015-01-29,48500.0,49200.0,47300.0,47400.0,5020783
2015-01-30,48000.0,48000.0,47300.0,47650.0,2743159
2015-02-02,47300.0,47600.0,46350.0,46600.0,3258140
2015-02-03,46450.0,47450.0,46450.0,46700.0,2513399
2015-02-04,47400.0,47450.0,47000.0,47300.0,1823018
2015-02-05,47300.0,47400.0,46300.0,47150.0,1984849
2015-02-06,47100.0,47200.0,45200.0,45500.0,4547785
2015-02-09,45300.0,45950.0,45000.0,45200.0,2741040
2015-02-10,45250.0,45800.0,45050.0,45150.0,2254222
2015-02-11,45900.0,47050.0,45650.0,46850.0,3231887
2015-02-12,47450.0,47500.0,46600.0,46650.0,1903965
2015-02-13,47000.0,47450.0,46750.0,47050.0,1354556
2015-02-16,47550.0,47550.0,47200.0,47500.0,1534022
2015-02-17,47350.0,47450.0,46300.0,46450.0,1677139
2015-02-23,46500.0,47200.0,46400.0,47200.0,2273267
2015-02-24,47900.0,47900.0,47200.0,47600.0,1880503
2015-02-25,47200.0,47400.0,46400.0,46500.0,2633709
2015-02-26,46750.0,47200.0,46450.0,47100.0,1938544
2015-02-27,47000.0,47300.0,46250.0,46600.0,2344677
2015-03-02,46850.0,46900.0,46300.0,46850.0,2246166
2015-03-03,47150.0,47500.0,46650.0,47300.0,2100433
2015-03-04,47300.0,47300.0,45700.0,45900.0,4160256
2015-03-05,45650.0,46100.0,45250.0,45500.0,2214809
2015-03-06,46050.0,46400.0,45950.0,46200.0,1877771
2015-03-09,45450.0,45750.0,44850.0,45100.0,3175721
2015-03-10,45200.0,45500.0,43100.0,44150.0,5232109
2015-03-11,43500.0,44000.0,43150.0,43400.0,4527681
2015-03-12,43400.0,44100.0,43250.0,43250.0,3929253
2015-03-13,43350.0,44150.0,43350.0,44100.0,1962212
2015-03-16,44400.0,46000.0,44400.0,45800.0,4031380
2015-03-17,46100.0,46450.0,45850.0,46250.0,2790117
2015-03-18,46250.0,46400.0,45600.0,46250.0,2790286
2015-03-19,46950.0,47000.0,46300.0,46400.0,1983215
2015-03-20,46450.0,46850.0,45850.0,46850.0,1948819
2015-03-23,47100.0,48200.0,47050.0,48150.0,3781841
2015-03-24,47700.0,48200.0,47550.0,48000.0,2155547
2015-03-25,48000.0,48350.0,47850.0,48300.0,1830867
2015-03-26,47250.0,47500.0,46550.0,47000.0,4469503
2015-03-27,46150.0,46400.0,45400.0,45800.0,4492231
2015-03-30,46000.0,46350.0,45100.0,45500.0,2776997
2015-03-31,46300.0,46350.0,45450.0,45550.0,2399612
2015-04-01,45950.0,46200.0,44900.0,45000.0,2051147
2015-04-02,44550.0,45350.0,44100.0,44800.0,3148519
2015-04-03,44300.0,44800.0,44000.0,44200.0,2834100
2015-04-06,44450.0,45100.0,44250.0,44750.0,2068077
2015-04-07,45000.0,45050.0,43500.0,43950.0,3691912
2015-04-08,43900.0,44150.0,42450.0,42600.0,5694496
2015-04-09,42000.0,42550.0,41550.0,41900.0,5892744
2015-04-10,42850.0,43800.0,42700.0,43600.0,6518647
2015-04-13,44400.0,44500.0,43800.0,44200.0,3362917
2015-04-14,44250.0,44400.0,43700.0,44000.0,2134645
2015-04-15,44000.0,44500.0,44000.0,44300.0,2146331
2015-04-16,44750.0,44900.0,44150.0,44500.0,2096120
2015-04-17,44700.0,44750.0,44050.0,44550.0,2153757
2015-04-20,44100.0,44400.0,43600.0,44250.0,2355455
2015-04-21,44600.0,45500.0,44250.0,45150.0,3270598
2015-04-22,45700.0,46100.0,45250.0,45250.0,3816002
2015-04-23,46400.0,46800.0,45650.0,45800.0,4995010
2015-04-24,46700.0,47250.0,46500.0,47200.0,4400132
2015-04-27,47300.0,47500.0,45400.0,45800.0,3688453
2015-04-28,46150.0,46950.0,45700.0,46950.0,2311231
2015-04-29,47050.0,47400.0,46300.0,46900.0,2422884
2015-04-30,46900.0,46900.0,45650.0,46150.0,2419318
2015-05-04,46500.0,47100.0,46400.0,46800.0,2239896
2015-05-06,46300.0,46350.0,45000.0,45300.0,3291950
2015-05-07,44850.0,46000.0,44550.0,45900.0,2142745
2015-05-08,45300.0,46300.0,45050.0,45950.0,1695019
2015-05-11,46100.0,46700.0,46000.0,46300.0,1592730
2015-05-12,46300.0,47250.0,46000.0,46050.0,2364231
2015-05-13,46100.0,46150.0,45200.0,45250.0,1896100
2015-05-14,45650.0,46050.0,45200.0,45550.0,1889682
2015-05-15,45750.0,45950.0,45200.0,45300.0,1215027
2015-05-18,45100.0,45450.0,44400.0,45450.0,2195599
2015-05-19,45650.0,46150.0,45500.0,46100.0,1510095
2015-05-20,46500.0,46900.0,46400.0,46850.0,1784488
2015-05-21,47000.0,47500.0,46200.0,46350.0,1880002
2015-05-22,46750.0,47850.0,46350.0,47850.0,3953338
2015-05-26,48500.0,49150.0,47800.0,48000.0,3594626
2015-05-27,48000.0,48800.0,47500.0,48450.0,3441135
2015-05-28,49450.0,50000.0,49150.0,49650.0,5512264
2015-05-29,49350.0,51300.0,49200.0,51100.0,6512595
2015-06-01,50600.0,50900.0,49550.0,50600.0,4623131
2015-06-02,50700.0,51500.0,50300.0,51200.0,2173205
2015-06-03,51000.0,51700.0,49600.0,49800.0,2724813
2015-06-04,49500.0,49600.0,48100.0,48300.0,3262007
2015-06-05,48300.0,49550.0,48150.0,49050.0,2134371
2015-06-08,48600.0,48800.0,48000.0,48050.0,1954503
2015-06-09,47750.0,48300.0,47200.0,48000.0,2168902
2015-06-10,48000.0,48000.0,47500.0,47500.0,2649918
2015-06-11,47800.0,47900.0,47050.0,47100.0,2696182
2015-06-12,47750.0,47800.0,46450.0,46550.0,2307036
2015-06-15,46550.0,47100.0,46050.0,46150.0,1775422
2015-06-16,45250.0,45300.0,44200.0,44200.0,6161260
2015-06-17,44250.0,45250.0,44250.0,44950.0,3461566
2015-06-18,44900.0,44950.0,44300.0,44300.0,2225236
2015-06-19,44350.0,44550.0,43500.0,43550.0,3858378
2015-06-22,43800.0,44150.0,43550.0,43850.0,2843715
2015-06-23,44350.0,44600.0,44000.0,44150.0,2676531
2015-06-24,44250.0,44250.0,43150.0,43350.0,2694795
2015-06-25,43100.0,43400.0,42800.0,43100.0,3270655
2015-06-26,41550.0,42250.0,41550.0,42000.0,7935060
2015-06-29,41000.0,43050.0,40600.0,42600.0,4892150
2015-06-30,42650.0,42800.0,41950.0,42300.0,2598797
2015-07-01,42800.0,43200.0,42250.0,42800.0,2126825
2015-07-02,43000.0,43000.0,42000.0,42100.0,2592544
2015-07-03,42700.0,43100.0,42200.0,42650.0,2903385
2015-07-06,42000.0,42050.0,40350.0,40750.0,4533535
2015-07-07,41200.0,41850.0,41000.0,41350.0,3183795
2015-07-08,41100.0,41300.0,40750.0,40900.0,3335846
2015-07-09,40400.0,41050.0,39600.0,40950.0,3018029
2015-07-10,41250.0,41300.0,40350.0,40850.0,2738522
2015-07-13,41450.0,41850.0,40500.0,40550.0,3707444
2015-07-14,40600.0,40650.0,37800.0,37850.0,15180511
2015-07-15,38400.0,39400.0,38350.0,39300.0,8281669
2015-07-16,39000.0,39500.0,38650.0,39450.0,2373825
2015-07-17,39500.0,40500.0,38700.0,39950.0,3352178
2015-07-20,40150.0,40350.0,38650.0,38650.0,2535208
2015-07-21,38950.0,39350.0,38500.0,39050.0,2531422
2015-07-22,39000.0,39000.0,37750.0,38200.0,3986610
2015-07-23,40000.0,40300.0,38600.0,39000.0,8215778
2015-07-24,39250.0,39450.0,38500.0,38550.0,3411382
2015-07-27,38500.0,38850.0,36850.0,37250.0,4142170
2015-07-28,36500.0,37650.0,36500.0,37100.0,3657208
2015-07-29,37450.0,37600.0,36800.0,37000.0,3040352
2015-07-30,36550.0,36800.0,34050.0,34500.0,9328208
2015-07-31,34800.0,37100.0,34750.0,37100.0,7074785
2015-08-03,36500.0,37100.0,35500.0,35950.0,5481242
2015-08-04,35450.0,37950.0,35450.0,37250.0,4060733
2015-08-05,37850.0,38300.0,37000.0,37300.0,3330999
2015-08-06,37750.0,37750.0,36050.0,36100.0,3888988
2015-08-07,35650.0,36450.0,35050.0,36200.0,3381532
2015-08-10,36200.0,36400.0,35750.0,36300.0,1336480
2015-08-11,36300.0,37200.0,36100.0,36100.0,2890084
2015-08-12,35600.0,36400.0,35400.0,35800.0,2824462
2015-08-13,35900.0,36900.0,35850.0,36900.0,2748437
2015-08-14,36900.0,36900.0,36900.0,36900.0,0
2015-08-17,37300.0,37400.0,35650.0,35650.0,3808016
2015-08-18,35800.0,36400.0,34700.0,35050.0,4706366
2015-08-19,34500.0,34800.0,32650.0,33000.0,8813242
2015-08-20,33050.0,33550.0,32850.0,33050.0,4588759
2015-08-21,31400.0,32250.0,31400.0,32000.0,6084203
2015-08-24,31600.0,32350.0,30300.0,31050.0,8593829
2015-08-25,31300.0,33950.0,31300.0,33500.0,11821629
2015-08-26,33500.0,34200.0,32850.0,33450.0,6534943
2015-08-27,34200.0,35500.0,34150.0,35500.0,7063277
2015-08-28,36550.0,37700.0,36300.0,36900.0,7382006
2015-08-31,36850.0,36850.0,35650.0,35800.0,4408499
2015-09-01,35150.0,35450.0,34200.0,34400.0,6442285
2015-09-02,33500.0,34600.0,33350.0,34350.0,4161070
2015-09-03,34350.0,35700.0,34350.0,35400.0,4222565
2015-09-04,35400.0,35950.0,34650.0,34850.0,2437386
2015-09-07,34800.0,35100.0,34300.0,34750.0,1624613
2015-09-08,35000.0,35100.0,34600.0,34750.0,1494929
2015-09-09,35800.0,36500.0,35650.0,36000.0,3035809
2015-09-10,35400.0,35950.0,35400.0,35950.0,3079224
2015-09-11,35450.0,35750.0,35000.0,35000.0,3242067
2015-09-14,35300.0,35450.0,34350.0,34600.0,2163452
2015-09-15,34500.0,34600.0,33350.0,33600.0,3880824
2015-09-16,33800.0,35350.0,33800.0,35100.0,3876376
2015-09-17,35750.0,36450.0,35350.0,36150.0,4734065
2015-09-18,36400.0,36450.0,35450.0,35750.0,3267741
2015-09-21,35200.0,35250.0,34700.0,34800.0,2538367
2015-09-22,34900.0,35150.0,34700.0,34900.0,2004067
2015-09-23,34500.0,35250.0,34350.0,34700.0,1641929
2015-09-24,34900.0,34950.0,33600.0,33850.0,4172759
2015-09-25,33750.0,34400.0,33400.0,34350.0,2813254
2015-09-30,33700.0,33800.0,33350.0,33550.0,4158644
2015-10-01,33750.0,33950.0,33500.0,33700.0,3667742
2015-10-02,34200.0,34750.0,33800.0,34550.0,3052650
2015-10-05,35250.0,35950.0,35100.0,35350.0,4367169
2015-10-06,36300.0,37200.0,36250.0,37200.0,5944141
2015-10-07,37050.0,37700.0,36800.0,37300.0,3879936
2015-10-08,38000.0,38100.0,36600.0,37550.0,3824312
2015-10-12,37550.0,37550.0,36700.0,36850.0,2519174
2015-10-13,36800.0,37150.0,35800.0,36000.0,2961513
2015-10-14,36300.0,37050.0,35900.0,36400.0,3720738
2015-10-15,35950.0,36800.0,35850.0,36750.0,2943506
2015-10-16,36900.0,37050.0,36000.0,36100.0,1899386
2015-10-19,36150.0,36200.0,35600.0,35750.0,1967828
2015-10-20,36000.0,36150.0,35250.0,35700.0,2686193
2015-10-21,35000.0,35000.0,33600.0,33650.0,9957394
2015-10-22,33200.0,33450.0,31850.0,31950.0,10914420
2015-10-23,32400.0,32950.0,32050.0,32100.0,6341772
2015-10-26,32350.0,33100.0,32300.0,32900.0,3326112
2015-10-27,32100.0,32650.0,32050.0,32150.0,3535671
2015-10-28,32150.0,32450.0,31400.0,31450.0,4322506
2015-10-29,31700.0,32150.0,31300.0,31450.0,4273016
2015-10-30,31150.0,31200.0,30450.0,30700.0,4640184
2015-11-02,30700.0,32250.0,30400.0,32150.0,4493014
2015-11-03,32500.0,33000.0,31550.0,31900.0,4453120
2015-11-04,32500.0,32700.0,32100.0,32600.0,3276995
2015-11-05,32350.0,32700.0,32200.0,32650.0,1928001
2015-11-06,32350.0,32400.0,31050.0,31200.0,5219855
2015-11-09,30900.0,31300.0,30400.0,31250.0,3563095
2015-11-10,30850.0,31350.0,30600.0,31150.0,2724051
2015-11-11,30700.0,31200.0,30550.0,31000.0,2898877
2015-11-12,30950.0,31000.0,30700.0,30700.0,1537585
2015-11-13,30500.0,31600.0,30500.0,31150.0,1962129
2015-11-16,30600.0,30950.0,30500.0,30500.0,2351453
2015-11-17,31050.0,31150.0,30600.0,30600.0,1935683
2015-11-18,30600.0,30800.0,30050.0,30550.0,3137103
2015-11-19,30800.0,31600.0,30700.0,31200.0,2525784
2015-11-20,31500.0,31750.0,31000.0,31000.0,2097039
2015-11-23,31150.0,31250.0,30600.0,30650.0,2430154
2015-11-24,30600.0,30850.0,30100.0,30200.0,3308696
2015-11-25,30400.0,32000.0,30400.0,31900.0,6941459
2015-11-26,32400.0,34150.0,32250.0,32750.0,13223992
2015-11-27,33200.0,33600.0,32000.0,32000.0,3890920
2015-11-30,32050.0,32650.0,31600.0,31600.0,3917877
2015-12-01,31650.0,31650.0,30900.0,31350.0,3752942
2015-12-02,31550.0,31900.0,31200.0,31200.0,2731791
2015-12-03,31050.0,31350.0,30850.0,31150.0,1730137
2015-12-04,30700.0,31450.0,30600.0,31200.0,2125421
2015-12-07,31450.0,31700.0,30700.0,30700.0,2238378
2015-12-08,30500.0,30750.0,30050.0,30200.0,2483443
2015-12-09,30100.0,30550.0,30100.0,30250.0,1524501
2015-12-10,30200.0,30550.0,30050.0,30300.0,3145787
2015-12-11,30200.0,30550.0,29600.0,29850.0,2725258
2015-12-14,29000.0,29350.0,28550.0,29000.0,3669577
2015-12-15,29050.0,29600.0,28800.0,29400.0,2006190
2015-12-16,30050.0,30500.0,29900.0,30400.0,2601080
2015-12-17,30250.0,30550.0,29800.0,30250.0,2210682
2015-12-18,29800.0,30700.0,29800.0,30600.0,2854920
2015-12-21,30450.0,30800.0,30250.0,30500.0,1576561
2015-12-22,31000.0,32200.0,30800.0,32200.0,6861264
2015-12-23,32100.0,33000.0,31900.0,32700.0,5331047
2015-12-24,32950.0,33150.0,31700.0,31700.0,3624175
2015-12-28,31750.0,31850.0,30900.0,30900.0,2535636
2015-12-29,30900.0,31550.0,30800.0,31200.0,1965713
2015-12-30,31100.0,31450.0,30550.0,30750.0,1801261
2016-01-04,30550.0,30750.0,30150.0,30150.0,1878039
2016-01-05,30500.0,31200.0,30350.0,30600.0,2482905
2016-01-06,30600.0,30900.0,30300.0,30750.0,2461593
2016-01-07,30400.0,30750.0,30200.0,30200.0,2424880
2016-01-08,29800.0,30100.0,29550.0,29700.0,3967121
2016-01-11,29400.0,29500.0,28600.0,28650.0,5358223
2016-01-12,28600.0,28900.0,27700.0,27800.0,4418384
2016-01-13,28100.0,28450.0,28000.0,28100.0,3481523
2016-01-14,27300.0,27900.0,27200.0,27900.0,3957935
2016-01-15,27950.0,28300.0,26800.0,26800.0,5431851
2016-01-18,25900.0,27000.0,25800.0,26700.0,3658921
2016-01-19,26700.0,28300.0,26700.0,28300.0,4291742
2016-01-20,28050.0,28100.0,26750.0,26800.0,4186899
2016-01-21,26600.0,27250.0,26600.0,26600.0,2840628
2016-01-22,27200.0,27600.0,27000.0,27150.0,2361216
2016-01-25,27550.0,28200.0,27300.0,28000.0,2977310
2016-01-26,28000.0,29100.0,27750.0,27850.0,5351814
2016-01-27,28100.0,28350.0,27250.0,27650.0,3205822
2016-01-28,27450.0,27750.0,26850.0,27650.0,3035447
2016-01-29,27250.0,27350.0,26950.0,27300.0,2898720
2016-02-01,28100.0,28650.0,27700.0,28400.0,4767927
2016-02-02,28450.0,28800.0,28150.0,28450.0,2865209
2016-02-03,27600.0,27850.0,27200.0,27450.0,2705269
2016-02-04,27700.0,28150.0,27600.0,28100.0,2459305
2016-02-05,28100.0,28350.0,27900.0,28100.0,1484771
2016-02-11,27000.0,27400.0,26950.0,27150.0,2468082
2016-02-12,26850.0,27750.0,26850.0,27350.0,2350734
2016-02-15,27750.0,28200.0,27500.0,27700.0,2162111
2016-02-16,27850.0,29000.0,27800.0,28900.0,3851681
2016-02-17,29250.0,30300.0,29150.0,30050.0,6106318
2016-02-18,30550.0,30850.0,29800.0,30200.0,2972873
2016-02-19,29950.0,30050.0,29250.0,29600.0,2336536
2016-02-22,29400.0,30000.0,29400.0,29900.0,1366180
2016-02-23,30100.0,30600.0,30000.0,30400.0,2123648
2016-02-24,31050.0,31250.0,30600.0,30900.0,3480563
2016-02-25,31400.0,31500.0,30650.0,30800.0,2527297
2016-02-26,31000.0,31100.0,30450.0,30800.0,1282277
2016-02-29,30800.0,30900.0,29600.0,30000.0,2989861
2016-03-02,31050.0,31300.0,30650.0,30950.0,3567312
2016-03-03,31550.0,32000.0,31100.0,31950.0,3898363
2016-03-04,31800.0,32100.0,31550.0,31900.0,1913316
2016-03-07,32150.0,32250.0,31500.0,31900.0,3487206
2016-03-08,31200.0,31500.0,30300.0,30500.0,4616147
2016-03-09,29900.0,30550.0,29650.0,30550.0,3503375
2016-03-10,30550.0,30650.0,30150.0,30300.0,2734070
2016-03-11,29900.0,30850.0,29900.0,30700.0,2117430
2016-03-14,31100.0,31100.0,30250.0,30350.0,2062549
2016-03-15,30350.0,30550.0,29750.0,29900.0,2078857
2016-03-16,29900.0,29950.0,29050.0,29200.0,2902896
2016-03-17,29350.0,29750.0,29100.0,29250.0,2768278
2016-03-18,29500.0,29900.0,29250.0,29450.0,2864640
2016-03-21,29800.0,29850.0,29300.0,29550.0,1783055
2016-03-22,29700.0,30200.0,29550.0,30200.0,2546366
2016-03-23,30100.0,30450.0,29850.0,30250.0,1868041
2016-03-24,29850.0,29900.0,29350.0,29450.0,3587082
2016-03-25,29450.0,29500.0,28900.0,29150.0,1978956
2016-03-28,29000.0,29050.0,28150.0,28550.0,2795412
2016-03-29,28850.0,29150.0,28700.0,28900.0,2343876
2016-03-30,29150.0,29500.0,28650.0,28650.0,3512889
2016-03-31,28700.0,28850.0,28000.0,28150.0,4336581
2016-04-01,28450.0,28500.0,28050.0,28200.0,2991431
2016-04-04,28100.0,28150.0,27800.0,27900.0,2823088
2016-04-05,27900.0,28100.0,27600.0,27850.0,2032745
2016-04-06,27550.0,27850.0,27450.0,27500.0,2410844
2016-04-07,27450.0,27450.0,26750.0,26900.0,4588396
2016-04-08,26950.0,27800.0,26900.0,27800.0,3718690
2016-04-11,27600.0,27700.0,27150.0,27150.0,2425426
2016-04-12,27200.0,27550.0,27100.0,27150.0,1850577
2016-04-14,27600.0,27850.0,27250.0,27250.0,4761215
2016-04-15,27450.0,27800.0,27350.0,27650.0,2785108
2016-04-18,28000.0,28150.0,27200.0,27200.0,3861103
2016-04-19,27500.0,27550.0,27350.0,27450.0,1843729
2016-04-20,27500.0,28000.0,27500.0,27550.0,3231788
2016-04-21,27700.0,27950.0,27500.0,27550.0,2999400
2016-04-22,27450.0,27800.0,27350.0,27500.0,1556764
2016-04-25,27650.0,27800.0,27350.0,27500.0,1506644
2016-04-26,27550.0,29200.0,27550.0,29150.0,7750203
2016-04-27,29300.0,29750.0,29000.0,29150.0,6213757
2016-04-28,29100.0,29150.0,27850.0,27900.0,6766879
2016-04-29,27700.0,28250.0,27500.0,28150.0,2878692
2016-05-02,27950.0,28300.0,27750.0,27850.0,1306092
2016-05-03,27950.0,28100.0,27650.0,27650.0,1373116
2016-05-04,27450.0,27500.0,26500.0,26650.0,4388484
2016-05-09,26150.0,26550.0,25700.0,25750.0,5185089
2016-05-10,25750.0,26400.0,25750.0,26400.0,2564593
2016-05-11,26500.0,26550.0,26100.0,26200.0,1735332
2016-05-12,26050.0,26250.0,25850.0,26100.0,1759282
2016-05-13,26100.0,26250.0,25900.0,26100.0,1849910
2016-05-16,26100.0,26300.0,25900.0,26100.0,1337159
2016-05-17,26250.0,26300.0,25900.0,25900.0,1545947
2016-05-18,25800.0,26400.0,25650.0,26200.0,2474774
2016-05-19,26750.0,26900.0,26400.0,26600.0,4367007
2016-05-20,26600.0,26650.0,26250.0,26300.0,2245019
2016-05-23,26800.0,27450.0,26650.0,27200.0,4534043
2016-05-24,27350.0,27350.0,26700.0,26850.0,2428278
2016-05-25,27450.0,27450.0,26950.0,27050.0,2250906
2016-05-26,27150.0,27200.0,26850.0,27000.0,1938084
2016-05-27,27200.0,28750.0,27150.0,28650.0,7719656
2016-05-30,28850.0,29400.0,28650.0,29000.0,5492886
2016-05-31,28650.0,29000.0,28200.0,28700.0,5414611
2016-06-01,28850.0,29000.0,28400.0,28500.0,3630711
2016-06-02,28600.0,29050.0,28000.0,28050.0,3443745
2016-06-03,28150.0,28450.0,27400.0,27600.0,3680988
2016-06-07,27700.0,28750.0,27650.0,28650.0,4435065
2016-06-08,29050.0,29300.0,28450.0,28550.0,3940058
2016-06-09,28700.0,29400.0,28650.0,29000.0,5336122
2016-06-10,29150.0,29200.0,28700.0,29000.0,2413698
2016-06-13,28650.0,28700.0,28000.0,28350.0,2607031
2016-06-14,28150.0,29300.0,28150.0,29050.0,3490535
2016-06-15,29350.0,30150.0,29300.0,29950.0,5751526
2016-06-16,30250.0,30400.0,29350.0,29650.0,3687253
2016-06-17,30000.0,30000.0,28750.0,29000.0,2891783
2016-06-20,29800.0,30050.0,29050.0,30050.0,4501015
2016-06-21,30050.0,30150.0,29550.0,29800.0,2376833
2016-06-22,30200.0,30950.0,30000.0,30950.0,5122638
2016-06-23,30900.0,31800.0,30850.0,31750.0,7147499
2016-06-24,32800.0,33100.0,30450.0,31800.0,16852175
2016-06-27,31350.0,32050.0,31050.0,32050.0,6146337
2016-06-28,31150.0,31600.0,30650.0,31150.0,5072467
2016-06-29,31800.0,32200.0,31700.0,31800.0,3801424
2016-06-30,32000.0,32550.0,31700.0,32400.0,4571310
2016-07-01,31800.0,32700.0,31600.0,32150.0,5289586
2016-07-04,32250.0,32900.0,32050.0,32750.0,3192033
2016-07-05,32650.0,32650.0,31850.0,31850.0,2577231
2016-07-06,31100.0,31350.0,30300.0,30600.0,6314347
2016-07-07,30750.0,31350.0,30600.0,30650.0,2715183
2016-07-08,30700.0,31250.0,30550.0,31050.0,2424460
2016-07-11,31750.0,32300.0,31650.0,32000.0,3938161
2016-07-12,32250.0,32300.0,31550.0,32000.0,2523664
2016-07-13,32700.0,32950.0,32450.0,32650.0,3779418
2016-07-14,32500.0,33300.0,32450.0,33050.0,3145494
2016-07-15,33300.0,33500.0,32650.0,32700.0,2580255
2016-07-18,32900.0,33100.0,32500.0,32750.0,1515167
2016-07-19,32900.0,33000.0,31950.0,32450.0,2340759
2016-07-20,32300.0,32400.0,31850.0,32100.0,1775583
2016-07-21,32400.0,32800.0,32100.0,32150.0,1879147
2016-07-22,32150.0,32150.0,31200.0,32000.0,2442893
2016-07-25,32300.0,32650.0,32150.0,32500.0,2147590
2016-07-26,32400.0,32400.0,31100.0,32050.0,5028045
2016-07-27,32600.0,33450.0,32550.0,33450.0,4762165
2016-07-28,33150.0,33550.0,33000.0,33550.0,3586965
2016-07-29,33550.0,34400.0,33450.0,34400.0,4660512
2016-08-01,34700.0,35300.0,34600.0,34850.0,3274413
2016-08-02,34600.0,34700.0,33650.0,33750.0,2123735
2016-08-03,33300.0,34400.0,33000.0,33550.0,2698841
2016-08-04,33950.0,34200.0,33350.0,33650.0,1477680
2016-08-05,34300.0,34900.0,33950.0,34800.0,2830058
2016-08-08,35150.0,35250.0,34400.0,34950.0,2157854
2016-08-09,34850.0,35200.0,34450.0,35050.0,2112078
2016-08-10,34900.0,35000.0,33650.0,33800.0,3193311
2016-08-11,33700.0,34800.0,33450.0,34800.0,2980478
2016-08-12,34450.0,35100.0,34200.0,34350.0,2437735
2016-08-16,34950.0,34950.0,33700.0,33700.0,2883043
2016-08-17,33750.0,33900.0,32900.0,33550.0,2083372
2016-08-18,33550.0,34250.0,33550.0,34150.0,1855081
2016-08-19,34400.0,35400.0,34200.0,35400.0,4683750
2016-08-22,35500.0,36050.0,35250.0,36000.0,4149396
2016-08-23,36250.0,36300.0,35550.0,35600.0,3014421
2016-08-24,35900.0,35950.0,35300.0,35750.0,1689924
2016-08-25,35100.0,35750.0,34900.0,35700.0,1568516
2016-08-26,35850.0,36350.0,35750.0,36250.0,2635343
2016-08-29,35350.0,36400.0,35300.0,36250.0,2782441
2016-08-30,36800.0,36950.0,35550.0,36300.0,2766460
2016-08-31,36400.0,36450.0,35750.0,36450.0,2832970
2016-09-01,36400.0,36400.0,35700.0,36100.0,1713669
2016-09-02,36100.0,36700.0,35950.0,36650.0,1828390
2016-09-05,36900.0,37500.0,36850.0,37500.0,2337575
2016-09-06,37750.0,38000.0,37350.0,38000.0,2123160
2016-09-07,38200.0,38800.0,37900.0,37900.0,3786844
2016-09-08,37900.0,38700.0,37900.0,38700.0,3698781
2016-09-09,38550.0,39000.0,38350.0,38950.0,2748415
2016-09-12,37500.0,38300.0,37000.0,37000.0,4885896
2016-09-13,37600.0,38300.0,37500.0,37800.0,3928646
2016-09-19,38700.0,39450.0,38250.0,39200.0,5283684
2016-09-20,39200.0,39450.0,38750.0,39250.0,2594490
2016-09-21,39000.0,39150.0,38650.0,39150.0,1731450
2016-09-22,39800.0,39800.0,39150.0,39400.0,3214630
2016-09-23,39550.0,39650.0,39050.0,39350.0,2095120
2016-09-26,39350.0,39500.0,38800.0,39500.0,1669862
2016-09-27,39400.0,41150.0,39150.0,41150.0,4001505
2016-09-28,41300.0,42000.0,40950.0,41200.0,4189804
2016-09-29,40600.0,40750.0,40150.0,40200.0,3976705
2016-09-30,39750.0,40950.0,39600.0,40200.0,3764773
2016-10-04,41500.0,41800.0,41000.0,41800.0,3639803
2016-10-05,42150.0,42950.0,41200.0,42600.0,4387312
2016-10-06,43100.0,43150.0,42400.0,42550.0,2815496
2016-10-07,42700.0,42700.0,41900.0,42200.0,2637734
2016-10-10,42200.0,42500.0,41200.0,41300.0,2916252
2016-10-11,41300.0,42000.0,41100.0,41300.0,2810503
2016-10-12,41000.0,41900.0,41000.0,41250.0,3521492
2016-10-13,41450.0,41700.0,40950.0,40950.0,3638071
2016-10-14,41300.0,41900.0,41200.0,41550.0,2708972
2016-10-17,41750.0,42300.0,41400.0,42300.0,2314725
2016-10-18,42200.0,42300.0,41300.0,41650.0,2559222
2016-10-19,41150.0,41450.0,39850.0,40050.0,5033246
2016-10-20,40250.0,40300.0,38850.0,40050.0,5423960
2016-10-21,39500.0,41000.0,39500.0,40950.0,2436212
2016-10-24,41000.0,41150.0,39850.0,40150.0,2211109
2016-10-25,40350.0,41650.0,40200.0,41050.0,4469224
2016-10-26,41300.0,42900.0,41300.0,42900.0,6364037
2016-10-27,42900.0,43600.0,42600.0,43000.0,4814197
2016-10-28,42700.0,42950.0,42100.0,42450.0,2251179
2016-10-31,42500.0,42900.0,41000.0,41000.0,3297943
2016-11-01,41700.0,42350.0,41600.0,42000.0,3173446
2016-11-02,41250.0,41400.0,40450.0,41000.0,2822651
2016-11-03,40900.0,41700.0,40700.0,41150.0,2580396
2016-11-04,41150.0,41400.0,40850.0,41200.0,2600930
2016-11-07,41800.0,42050.0,41200.0,41500.0,2033220
2016-11-08,42100.0,42150.0,41250.0,41500.0,1882987
2016-11-09,41650.0,41750.0,38700.0,39650.0,5779291
2016-11-10,41000.0,41050.0,40500.0,41000.0,2520434
2016-11-11,40000.0,40450.0,39550.0,39850.0,2962651
2016-11-14,40000.0,40450.0,39700.0,39700.0,1589911
2016-11-15,39700.0,40400.0,39500.0,39700.0,2030086
2016-11-16,40450.0,41000.0,40250.0,40850.0,2101878
2016-11-17,41500.0,41900.0,41200.0,41900.0,2383464
2016-11-18,42300.0,42400.0,41700.0,42000.0,3331134
2016-11-21,41800.0,41900.0,40650.0,40750.0,1883627
2016-11-22,41250.0,42800.0,41200.0,42700.0,3306186
2016-11-23,43000.0,43900.0,42550.0,43050.0,4047443
2016-11-24,43350.0,43850.0,42500.0,42650.0,1789745
2016-11-25,43050.0,43300.0,42250.0,42600.0,1328958
2016-11-28,42400.0,43250.0,42100.0,42600.0,1513215
2016-11-29,42400.0,43100.0,41800.0,42400.0,1777480
2016-11-30,42900.0,43800.0,42650.0,42900.0,4325524
2016-12-01,43000.0,44400.0,43000.0,44200.0,3491185
2016-12-02,43350.0,44500.0,43300.0,44400.0,4244113
2016-12-05,44050.0,44600.0,43800.0,44400.0,1703219
2016-12-06,44700.0,45500.0,44600.0,45200.0,3099065
2016-12-07,45750.0,45800.0,45200.0,45250.0,1984369
2016-12-08,46200.0,46650.0,46100.0,46250.0,3313157
2016-12-09,46450.0,46750.0,45450.0,45500.0,3003326
2016-12-12,45750.0,45850.0,44850.0,45300.0,1440589
2016-12-13,44700.0,45700.0,44700.0,44950.0,1822952
2016-12-14,45350.0,46100.0,45350.0,45850.0,2010708
2016-12-15,45850.0,46050.0,45000.0,45600.0,1828843
2016-12-16,45800.0,46450.0,45700.0,46400.0,2100809
2016-12-19,46250.0,46300.0,45050.0,45150.0,1997194
2016-12-20,45400.0,45550.0,44950.0,45150.0,1110753
2016-12-21,45500.0,45750.0,45000.0,45000.0,1662010
2016-12-22,46000.0,46650.0,45150.0,45500.0,4045912
2016-12-23,46200.0,46400.0,45950.0,46300.0,2982024
2016-12-26,46200.0,46600.0,45250.0,45650.0,1603230
2016-12-27,45550.0,45950.0,45400.0,45650.0,1175619
2016-12-28,45350.0,45750.0,45100.0,45350.0,1296254
2016-12-29,45150.0,45200.0,44600.0,44700.0,1808856
2017-01-02,44750.0,46000.0,44600.0,45800.0,1547681
2017-01-03,46200.0,47300.0,46200.0,47250.0,2655477
2017-01-04,47000.0,47150.0,46200.0,46500.0,2722599
2017-01-05,47000.0,47500.0,46850.0,46950.0,2377163
2017-01-06,47700.0,48450.0,47600.0,48000.0,3166843
2017-01-09,48500.0,49750.0,48200.0,49550.0,3871999
2017-01-10,49850.0,50200.0,49200.0,49750.0,2561968
2017-01-11,50000.0,51900.0,50000.0,51600.0,4360058
2017-01-12,51600.0,51600.0,50400.0,50600.0,5060622
2017-01-13,49850.0,50700.0,49850.0,50300.0,4219771
2017-01-16,50100.0,50300.0,48800.0,49300.0,4974924
2017-01-17,49300.0,50200.0,49250.0,49300.0,2309955
2017-01-18,48950.0,49400.0,48300.0,48850.0,2974091
2017-01-19,49550.0,50100.0,49100.0,49600.0,2332268
2017-01-20,49700.0,50100.0,49150.0,49150.0,1943195
2017-01-23,49950.0,51000.0,49900.0,50800.0,4148659
2017-01-24,51300.0,52000.0,51100.0,51600.0,3449130
2017-01-25,52200.0,52500.0,51600.0,51700.0,2715809
2017-01-26,52500.0,53500.0,52400.0,53300.0,4517114
2017-01-31,53300.0,54500.0,52700.0,53700.0,4118790
2017-02-01,54300.0,54900.0,53700.0,54000.0,2813046
2017-02-02,53500.0,54000.0,52700.0,52800.0,3486140
2017-02-03,52500.0,53700.0,51800.0,53700.0,3718619
2017-02-06,54200.0,54400.0,53300.0,53700.0,1897002
2017-02-07,53800.0,54500.0,53100.0,53300.0,2405891
2017-02-08,53700.0,54600.0,52400.0,54600.0,3552260
2017-02-09,53100.0,53700.0,52500.0,52700.0,6547266
2017-02-10,52000.0,52200.0,50000.0,50000.0,9120878
2017-02-13,49550.0,51000.0,49500.0,50700.0,4124290
2017-02-14,51100.0,51600.0,48100.0,48450.0,8593878
2017-02-15,48300.0,48700.0,47550.0,47900.0,8725221
2017-02-16,48350.0,49600.0,48200.0,49600.0,4840918
2017-02-17,50400.0,51100.0,50200.0,50400.0,4927937
2017-02-20,50900.0,51000.0,49600.0,49900.0,2265276
2017-02-21,49950.0,51000.0,49350.0,50900.0,2227708
2017-02-22,51600.0,51700.0,50600.0,50600.0,2678429
2017-02-23,50000.0,50400.0,49050.0,50200.0,3374139
2017-02-24,49850.0,50000.0,47400.0,47500.0,7707747
2017-02-27,46850.0,47000.0,45650.0,46000.0,7604699
2017-02-28,46600.0,47600.0,46200.0,46700.0,5588155
2017-03-02,46850.0,47850.0,46800.0,47700.0,7093071
2017-03-03,47650.0,48250.0,46700.0,47100.0,3937032
2017-03-06,47600.0,49400.0,47550.0,49350.0,5045970
2017-03-07,49100.0,49300.0,48050.0,48800.0,3439908
2017-03-08,48800.0,49300.0,47900.0,48000.0,3728263
2017-03-09,48200.0,48850.0,48000.0,48000.0,2957372
2017-03-10,48100.0,49550.0,47500.0,49200.0,3849912
2017-03-13,49550.0,51100.0,49300.0,51000.0,4948062
2017-03-14,51800.0,51900.0,50300.0,50300.0,4024138
2017-03-15,49350.0,49500.0,48550.0,48800.0,4688787
2017-03-16,49350.0,49650.0,48500.0,49150.0,3458839
2017-03-17,48400.0,48400.0,46600.0,46750.0,8098258
2017-03-20,46950.0,47650.0,46550.0,47600.0,3929405
2017-03-21,47900.0,48250.0,47000.0,47550.0,3720816
2017-03-22,47000.0,48800.0,47000.0,48650.0,4157526
2017-03-23,48950.0,49300.0,48150.0,48450.0,2473925
2017-03-24,50000.0,50200.0,49300.0,49500.0,5174622
2017-03-27,50000.0,51100.0,49950.0,50700.0,5607032
2017-03-28,51200.0,51300.0,50000.0,50800.0,2862493
2017-03-29,51000.0,52200.0,50800.0,51300.0,4154277
2017-03-30,51100.0,51500.0,50200.0,50900.0,2204243
2017-03-31,50800.0,50800.0,49900.0,50500.0,2682196
2017-04-03,50800.0,51900.0,50700.0,51800.0,2361892
2017-04-04,52100.0,52200.0,50800.0,51000.0,2192884
2017-04-05,50600.0,51000.0,49950.0,50300.0,2758658
2017-04-06,50300.0,50500.0,49100.0,49400.0,2991825
2017-04-07,49450.0,49800.0,48700.0,49800.0,2645476
2017-04-10,49700.0,49750.0,48950.0,49000.0,1824895
2017-04-11,48550.0,49350.0,48400.0,48850.0,2384127
2017-04-12,48800.0,49200.0,48550.0,49000.0,1694663
2017-04-13,49100.0,50200.0,48650.0,49750.0,2367158
2017-04-14,49750.0,50700.0,49450.0,49800.0,2845128
2017-04-17,50200.0,50300.0,49100.0,49200.0,2002100
2017-04-18,49600.0,50400.0,49300.0,50200.0,1899560
2017-04-19,50300.0,50400.0,49850.0,49850.0,1587172
2017-04-20,49750.0,51700.0,49700.0,51400.0,3573280
2017-04-21,51800.0,52500.0,51300.0,52000.0,3834454
2017-04-24,52700.0,53200.0,52100.0,52400.0,3158545
2017-04-25,52800.0,52800.0,51300.0,52400.0,5312931
2017-04-26,53100.0,54200.0,53000.0,53700.0,5609007
2017-04-27,53800.0,53900.0,52700.0,53600.0,2743963
2017-04-28,53600.0,54700.0,53400.0,54000.0,3573387
2017-05-02,55300.0,55900.0,54800.0,55400.0,4347745
2017-05-04,55900.0,55900.0,55000.0,55900.0,2780438
2017-05-08,56000.0,57000.0,55700.0,56900.0,3818771
2017-05-10,57400.0,58100.0,55200.0,55600.0,4766870
2017-05-11,56000.0,56400.0,54800.0,56400.0,3509393
2017-05-12,56400.0,56400.0,55100.0,55300.0,2303244
2017-05-15,55300.0,56100.0,55300.0,55600.0,1542366
2017-05-16,56200.0,56800.0,55200.0,55300.0,2546047
2017-05-17,55400.0,55700.0,54400.0,54700.0,2485465
2017-05-18,53600.0,55700.0,53400.0,55700.0,3494997
2017-05-19,55100.0,55600.0,54200.0,54200.0,2860160
2017-05-22,54900.0,56000.0,54800.0,56000.0,2544180
2017-05-23,56400.0,56500.0,55000.0,55100.0,2410542
2017-05-24,55700.0,56500.0,55600.0,55800.0,2324952
2017-05-25,56400.0,56400.0,55400.0,55800.0,1996135
2017-05-26,56000.0,57100.0,56000.0,57100.0,3145737
2017-05-29,57700.0,58800.0,57100.0,57900.0,3294700
2017-05-30,58200.0,58400.0,56600.0,57400.0,2368225
2017-05-31,57400.0,57900.0,56500.0,57000.0,3314659
2017-06-01,56700.0,56900.0,56100.0,56400.0,2006611
2017-06-02,56900.0,57500.0,56400.0,57100.0,2481215
2017-06-05,57200.0,57200.0,55900.0,56100.0,2525078
2017-06-07,55900.0,56900.0,55400.0,56500.0,3040030
2017-06-08,56500.0,57000.0,56200.0,56700.0,3941766
2017-06-09,56700.0,58400.0,56500.0,58300.0,4799560
2017-06-12,57200.0,57900.0,56800.0,57500.0,2650404
2017-06-13,57700.0,58900.0,56900.0,58800.0,3431811
2017-06-14,59200.0,60000.0,58800.0,59300.0,4441904
2017-06-15,59300.0,61000.0,59300.0,60600.0,4549233
2017-06-16,61100.0,61600.0,59900.0,60500.0,3932203
2017-06-19,61300.0,63200.0,61300.0,62800.0,5315543
2017-06-20,64700.0,65400.0,63700.0,64000.0,6519471
2017-06-21,63300.0,66300.0,62900.0,64800.0,5650669
2017-06-22,66500.0,66500.0,64500.0,65000.0,4977159
2017-06-23,64500.0,65400.0,63500.0,65000.0,3189590
2017-06-26,65000.0,67500.0,65000.0,67500.0,3516630
2017-06-27,68200.0,69600.0,67000.0,69200.0,4951341
2017-06-28,68100.0,69200.0,66800.0,67200.0,5520578
2017-06-29,67900.0,68800.0,67100.0,68500.0,3702501
2017-06-30,67400.0,67800.0,67000.0,67400.0,3180822
2017-07-03,66500.0,66900.0,65500.0,66300.0,3763473
2017-07-04,65900.0,67100.0,65300.0,65800.0,2895782
2017-07-05,65600.0,68200.0,65300.0,68000.0,4557456
2017-07-06,69000.0,69400.0,67500.0,68100.0,4048922
2017-07-07,67600.0,68400.0,66100.0,66600.0,3242213
2017-07-10,67000.0,67500.0,65700.0,67300.0,2667048
2017-07-11,67400.0,69000.0,66900.0,69000.0,3187332
2017-07-12,68700.0,69500.0,68400.0,68900.0,3462150
2017-07-13,69500.0,71900.0,69200.0,70600.0,5432312
2017-07-14,71400.0,72200.0,70700.0,71100.0,2931832
2017-07-17,71800.0,71900.0,70200.0,71200.0,2804598
2017-07-18,70700.0,71800.0,70600.0,70800.0,2066194
2017-07-19,71200.0,71200.0,70000.0,71000.0,2009799
2017-07-20,71400.0,71700.0,70800.0,71300.0,1647153
2017-07-21,70800.0,71300.0,70300.0,71200.0,1599111
2017-07-24,71300.0,73000.0,71000.0,73000.0,3598173
2017-07-25,72900.0,73000.0,70100.0,70400.0,6028435
2017-07-26,69600.0,69900.0,66700.0,66800.0,9659618
2017-07-27,66800.0,69500.0,66800.0,68400.0,6177375
2017-07-28,67800.0,67900.0,64200.0,64600.0,8093780
2017-07-31,63700.0,66000.0,63700.0,66000.0,4769724
2017-08-01,65300.0,66500.0,64700.0,65500.0,3744523
2017-08-02,67900.0,68200.0,66600.0,68000.0,4161592
2017-08-03,67900.0,67900.0,65200.0,65500.0,4992104
2017-08-04,65100.0,66100.0,63200.0,64000.0,5938549
2017-08-07,64000.0,65000.0,63700.0,64100.0,3518575
2017-08-08,64900.0,66400.0,64800.0,66300.0,4372768
2017-08-09,65400.0,65400.0,64000.0,64200.0,4037319
2017-08-10,63700.0,64600.0,63200.0,64400.0,4474120
2017-08-11,62000.0,63000.0,61400.0,61400.0,6664578
2017-08-14,63000.0,65100.0,62300.0,65100.0,5239246
2017-08-16,67200.0,67300.0,65800.0,66100.0,4714899
2017-08-17,66800.0,67300.0,66100.0,66400.0,3709768
2017-08-18,64900.0,67300.0,64800.0,67000.0,3130891
2017-08-21,67300.0,67800.0,66600.0,67200.0,2570150
2017-08-22,67400.0,68200.0,67200.0,68200.0,2208365
2017-08-23,69000.0,69000.0,67600.0,68000.0,3072911
2017-08-24,68200.0,68700.0,67500.0,68100.0,2333347
2017-08-25,68300.0,68400.0,67600.0,68400.0,1862764
2017-08-28,68000.0,68100.0,67100.0,67900.0,1843458
2017-08-29,67300.0,67900.0,66400.0,67600.0,2967906
2017-08-30,68300.0,68900.0,68100.0,68500.0,2118742
2017-08-31,68900.0,69300.0,68200.0,68600.0,2054717
2017-09-01,69000.0,69200.0,67700.0,68700.0,2304425
2017-09-04,66600.0,68600.0,66600.0,68100.0,3234465
2017-09-05,68600.0,70100.0,67900.0,69900.0,4026248
2017-09-06,69900.0,71900.0,69700.0,71700.0,4476200
2017-09-07,71600.0,72800.0,71200.0,71400.0,3877849
2017-09-08,72000.0,72800.0,71500.0,72600.0,2868673
2017-09-11,73600.0,74200.0,73200.0,73800.0,3321612
2017-09-12,74800.0,74900.0,73500.0,74700.0,3676865
2017-09-13,75000.0,77400.0,74300.0,75700.0,5682708
2017-09-14,76300.0,76800.0,75700.0,76800.0,3366621
2017-09-15,76100.0,77500.0,76000.0,77200.0,2725277
2017-09-18,78200.0,80000.0,77700.0,79700.0,3638325
2017-09-19,80100.0,80500.0,78500.0,79200.0,3934389
2017-09-20,79300.0,81200.0,78400.0,80700.0,5268665
2017-09-21,81100.0,83400.0,80400.0,83100.0,6961713
2017-09-25,83600.0,86300.0,83600.0,86300.0,4656285
2017-09-26,86300.0,86300.0,86300.0,86300.0,0
2017-09-27,83100.0,83800.0,81400.0,82400.0,5029200
2017-09-28,84500.0,85500.0,82500.0,83200.0,4817018
2017-09-29,83300.0,84300.0,82200.0,82900.0,3579139
2017-10-10,86300.0,90000.0,85300.0,88700.0,7956055
2017-10-11,89900.0,90300.0,88100.0,89100.0,5500820
2017-10-12,89200.0,89900.0,88100.0,88500.0,4313702
2017-10-13,88500.0,88500.0,85600.0,86100.0,6101810
2017-10-16,86100.0,87100.0,82800.0,84200.0,6985619
2017-10-17,85700.0,86600.0,83500.0,83500.0,6802500
2017-10-18,83200.0,83300.0,80000.0,80900.0,9070685
2017-10-19,79900.0,81800.0,79000.0,79000.0,7675978
2017-10-20,79800.0,82400.0,79600.0,81200.0,6911051
2017-10-23,82600.0,84700.0,82100.0,84700.0,5388391
2017-10-24,84000.0,84200.0,81600.0,81800.0,5236092
2017-10-25,82100.0,82600.0,80300.0,81700.0,3914170
2017-10-26,80000.0,82000.0,78500.0,78700.0,7528077
2017-10-27,78100.0,78700.0,76500.0,78400.0,8929263
2017-10-30,79600.0,81300.0,79100.0,79800.0,5883529
2017-10-31,80000.0,82700.0,79200.0,82200.0,6620890
2017-11-01,86000.0,86000.0,84000.0,85300.0,7067296
2017-11-02,85000.0,85100.0,83200.0,83400.0,4464960
2017-11-03,83400.0,84500.0,81900.0,84400.0,4050123
2017-11-06,83600.0,84100.0,83000.0,83500.0,3131468
2017-11-07,82800.0,83300.0,82200.0,82400.0,2993945
2017-11-08,82100.0,84400.0,81800.0,83200.0,3396387
2017-11-09,83200.0,83500.0,81600.0,82400.0,3748489
2017-11-10,81300.0,82800.0,81000.0,82000.0,2357772
2017-11-13,82000.0,83100.0,81800.0,82300.0,2955651
2017-11-14,83000.0,84500.0,82900.0,83400.0,3399976
2017-11-15,83800.0,84200.0,81900.0,82000.0,3207872
2017-11-16,82300.0,82800.0,81200.0,82500.0,3053355
2017-11-17,83300.0,84800.0,83000.0,83000.0,4339090
2017-11-20,83300.0,83300.0,81800.0,82100.0,2988991
2017-11-21,83200.0,85000.0,82800.0,85000.0,5540888
2017-11-22,86500.0,87700.0,86100.0,86800.0,4592670
2017-11-23,86200.0,86300.0,84500.0,84700.0,2840382
2017-11-24,84500.0,85400.0,83900.0,85100.0,2073899
2017-11-27,86000.0,86700.0,82000.0,83100.0,7105679
2017-11-28,82900.0,83600.0,81200.0,82600.0,4083144
2017-11-29,82900.0,83000.0,82100.0,82400.0,2418748
2017-11-30,77000.0,79600.0,76800.0,76800.0,11213748
2017-12-01,77200.0,78800.0,77100.0,77400.0,4340592
2017-12-04,77600.0,79200.0,76800.0,79100.0,4115752
2017-12-05,77600.0,79300.0,77100.0,77900.0,3736568
2017-12-06,78700.0,79500.0,77200.0,77500.0,3934238
2017-12-07,78300.0,78300.0,75600.0,76000.0,5166136
2017-12-08,77500.0,78900.0,76900.0,78700.0,3660716
2017-12-11,79000.0,79500.0,78000.0,78700.0,2493176
2017-12-12,79000.0,79000.0,77100.0,77800.0,3746347
2017-12-13,77400.0,77500.0,76200.0,76800.0,3485920
2017-12-14,77200.0,77600.0,76000.0,76000.0,5552560
2017-12-15,77100.0,77400.0,75600.0,75700.0,3374982
2017-12-18,76200.0,77300.0,75900.0,77200.0,3237589
2017-12-19,78400.0,80800.0,78200.0,80200.0,6782210
2017-12-21,80200.0,80600.0,76900.0,77000.0,4831110
2017-12-22,76400.0,77400.0,76300.0,76700.0,3382954
2017-12-26,76600.0,76900.0,74000.0,74000.0,6253943
2017-12-27,75400.0,76400.0,74400.0,75100.0,4291492
2017-12-28,75400.0,76700.0,75200.0,76500.0,2825939
2018-01-02,77300.0,77300.0,76200.0,76600.0,2014838
2018-01-03,78100.0,78800.0,77300.0,77700.0,3097644
2018-01-04,78700.0,79700.0,77100.0,77100.0,3729328
2018-01-05,78400.0,79400.0,78300.0,79300.0,3395065
2018-01-08,79500.0,80000.0,77400.0,78200.0,2960495
2018-01-09,78300.0,78900.0,76300.0,76900.0,3343874
2018-01-10,76700.0,76700.0,72500.0,72900.0,9123901
2018-01-11,73200.0,73800.0,72000.0,72600.0,3777867
2018-01-12,73300.0,74500.0,72000.0,74400.0,5659087
2018-01-15,73700.0,74100.0,72500.0,72700.0,3541267
2018-01-16,72700.0,74700.0,72700.0,74400.0,4383229
2018-01-17,74400.0,75000.0,73700.0,74100.0,3256624
2018-01-18,75800.0,76800.0,74600.0,75200.0,6199800
2018-01-19,75300.0,75800.0,73000.0,73300.0,3898397
2018-01-22,72800.0,72800.0,70700.0,71100.0,5610463
2018-01-23,71800.0,72200.0,70900.0,71300.0,4671451
2018-01-24,71600.0,73200.0,71500.0,72400.0,3802939
2018-01-25,73400.0,76200.0,72300.0,75800.0,8758929
2018-01-26,76400.0,76400.0,74200.0,75500.0,4296170
2018-01-29,76500.0,77000.0,75000.0,75300.0,3618328
2018-01-30,74300.0,74600.0,73100.0,73100.0,5443314
2018-01-31,72200.0,74500.0,72200.0,73500.0,5800892
2018-02-01,74900.0,75200.0,74000.0,74400.0,2987816
2018-02-02,74500.0,74600.0,71800.0,72200.0,4343077
2018-02-05,70200.0,70900.0,69800.0,70200.0,4058439
2018-02-06,69100.0,71300.0,68200.0,70200.0,5679965
2018-02-07,73700.0,73800.0,70800.0,71100.0,6007913
2018-02-08,71900.0,74200.0,71600.0,73900.0,5586858
2018-02-09,72100.0,74200.0,72000.0,73400.0,5118112
2018-02-12,73700.0,74700.0,73400.0,74500.0,3317876
2018-02-13,75900.0,77800.0,75800.0,77700.0,7814367
2018-02-14,78400.0,79500.0,77000.0,77600.0,3943628
2018-02-19,78900.0,79000.0,76100.0,76500.0,3350577
2018-02-20,76400.0,76500.0,75200.0,75500.0,2507719
2018-02-21,75800.0,77200.0,75800.0,76900.0,2653870
2018-02-22,76100.0,77400.0,75700.0,75900.0,1879461
2018-02-23,76100.0,77600.0,76000.0,77300.0,2404473
2018-02-26,78300.0,78500.0,77200.0,77500.0,2327486
2018-02-27,78700.0,79200.0,78400.0,78700.0,3395415
2018-02-28,78600.0,79200.0,76600.0,76800.0,3102987
2018-03-02,76300.0,77800.0,75900.0,77400.0,2673152
2018-03-05,77500.0,78900.0,77100.0,78300.0,3415061
2018-03-06,80100.0,82500.0,80000.0,82400.0,7588369
2018-03-07,83600.0,83900.0,82400.0,82700.0,4992841
2018-03-08,83900.0,84300.0,81800.0,83500.0,4440076
2018-03-09,84400.0,85900.0,83100.0,83300.0,5159197
2018-03-12,84900.0,85600.0,84300.0,84900.0,2744795
2018-03-13,88000.0,90000.0,87600.0,90000.0,8775741
2018-03-14,89300.0,90900.0,89200.0,90700.0,5939290
2018-03-15,90300.0,90500.0,88600.0,89600.0,4106667
2018-03-16,88500.0,89900.0,87200.0,89800.0,5006430
2018-03-19,90200.0,91500.0,89500.0,89900.0,3743718
2018-03-20,88900.0,89700.0,88000.0,89600.0,3083666
2018-03-21,89600.0,90300.0,88000.0,88400.0,2942484
2018-03-22,88800.0,89300.0,88000.0,88600.0,2698169
2018-03-23,85100.0,86400.0,82800.0,83100.0,7310739
2018-03-26,82300.0,84000.0,81000.0,84000.0,6121334
2018-03-27,84700.0,84800.0,80100.0,81400.0,7184488
2018-03-28,79900.0,82200.0,79600.0,80300.0,4820673
2018-03-29,80800.0,81300.0,79600.0,80300.0,3618849
2018-03-30,81200.0,83300.0,81100.0,81300.0,3681673
2018-04-02,81700.0,82800.0,81100.0,81300.0,2342407
2018-04-03,80300.0,81800.0,78700.0,81800.0,3553815
2018-04-04,82500.0,83000.0,80000.0,80400.0,2964537
2018-04-05,82200.0,83200.0,81200.0,82900.0,3255356
2018-04-06,80000.0,80600.0,79300.0,80300.0,5693281
2018-04-09,80000.0,81200.0,79300.0,80600.0,3231256
2018-04-10,80000.0,80800.0,79200.0,80400.0,2924054
2018-04-11,82400.0,82400.0,81000.0,81200.0,3053453
2018-04-12,81900.0,85100.0,81500.0,84000.0,5725102
2018-04-13,85000.0,85900.0,83900.0,84200.0,3032369
2018-04-16,84200.0,84700.0,83400.0,84000.0,1489091
2018-04-17,83900.0,84000.0,82300.0,82800.0,2501282
2018-04-18,84100.0,85400.0,83700.0,84600.0,3375376
2018-04-19,85800.0,88200.0,85300.0,87900.0,5901782
2018-04-20,85900.0,86300.0,84000.0,84400.0,4590640
2018-04-23,83400.0,85300.0,83300.0,84400.0,3002461
2018-04-24,83300.0,83400.0,80400.0,82100.0,6804182
2018-04-25,81600.0,83000.0,80900.0,82400.0,3845661
2018-04-26,83800.0,87100.0,83300.0,86500.0,7551747
2018-04-27,88500.0,88800.0,86800.0,87100.0,4961867
2018-04-30,85400.0,85700.0,84000.0,84500.0,4653153
2018-05-02,85900.0,86000.0,82900.0,83100.0,5444240
2018-05-03,83200.0,83900.0,82800.0,82900.0,2362792
2018-05-04,83500.0,84100.0,82600.0,83000.0,2696141
2018-05-08,84500.0,85300.0,83200.0,83500.0,2979605
2018-05-09,84300.0,84700.0,83100.0,83400.0,2284106
2018-05-10,85400.0,85800.0,84500.0,85800.0,3274963
2018-05-11,86600.0,86800.0,85400.0,86100.0,2107047
2018-05-14,86100.0,86300.0,84500.0,85400.0,1959236
2018-05-15,86000.0,86000.0,83900.0,84600.0,2239370
2018-05-16,85000.0,87000.0,84800.0,87000.0,3040180
2018-05-17,88400.0,88700.0,86000.0,86700.0,2864278
2018-05-18,87200.0,88000.0,85400.0,87900.0,2187789
2018-05-21,88400.0,89400.0,87400.0,89100.0,3262983
2018-05-23,91900.0,95500.0,91500.0,95300.0,10378915
2018-05-24,95300.0,95900.0,94600.0,94600.0,3220029
2018-05-25,94300.0,97700.0,93900.0,95200.0,4145819
2018-05-28,94600.0,95600.0,93700.0,94500.0,2505786
2018-05-29,94600.0,96100.0,93500.0,94800.0,2733549
2018-05-30,94800.0,95700.0,92800.0,95000.0,3808299
2018-05-31,94500.0,94700.0,92800.0,93400.0,5996671
2018-06-01,90800.0,92200.0,89600.0,91400.0,4790644
2018-06-04,91000.0,92400.0,89700.0,89800.0,3141036
2018-06-05,89800.0,91300.0,89800.0,91000.0,2758383
2018-06-07,92700.0,92700.0,90600.0,90900.0,2754947
2018-06-08,91000.0,91000.0,87600.0,88400.0,4579508
2018-06-11,88800.0,90200.0,88100.0,89200.0,2535933
2018-06-12,89900.0,90100.0,88200.0,88400.0,1876012
2018-06-14,88300.0,88300.0,86300.0,86300.0,4646948
2018-06-15,87400.0,87800.0,86100.0,87000.0,2945006
2018-06-18,86800.0,86900.0,82300.0,84000.0,4723914
2018-06-19,84100.0,86100.0,83700.0,84100.0,3824878
2018-06-20,85800.0,88100.0,85000.0,87800.0,4183210
2018-06-21,88900.0,89300.0,87500.0,88500.0,3274612
2018-06-22,87300.0,89500.0,86700.0,89500.0,2569978
2018-06-25,88800.0,88800.0,84600.0,84800.0,4420542
2018-06-26,82500.0,84800.0,82400.0,84300.0,5518522
2018-06-27,85700.0,86400.0,85200.0,85200.0,3798356
2018-06-28,83000.0,84000.0,82500.0,83500.0,3838303
2018-06-29,83500.0,85700.0,83400.0,85700.0,3003603
2018-07-02,85000.0,86000.0,83400.0,83700.0,2033542
2018-07-03,85000.0,86500.0,84500.0,86100.0,2817592
2018-07-04,87800.0,87800.0,84400.0,85000.0,2744382
2018-07-05,85000.0,87300.0,85000.0,86200.0,2059342
2018-07-06,86200.0,86200.0,83600.0,85300.0,3482186
2018-07-09,85300.0,87600.0,85300.0,87600.0,2127205
2018-07-10,88400.0,88600.0,86700.0,87300.0,2002682
2018-07-11,86500.0,87600.0,85900.0,86800.0,2037358
2018-07-12,86800.0,87000.0,85400.0,85600.0,3032951
2018-07-13,86500.0,90100.0,86500.0,88800.0,4535954
2018-07-16,88700.0,89300.0,87800.0,89300.0,1896459
2018-07-17,90100.0,90200.0,88500.0,88600.0,1570129
2018-07-18,89700.0,91000.0,89100.0,89300.0,1937496
2018-07-19,90400.0,91200.0,90300.0,90300.0,2383489
2018-07-20,89700.0,90000.0,87200.0,87900.0,3726334
2018-07-23,86300.0,86400.0,81200.0,81700.0,7076375
2018-07-24,82500.0,83800.0,81700.0,83600.0,4023740
2018-07-25,83400.0,84000.0,80200.0,80500.0,4154596
2018-07-26,81300.0,83800.0,78600.0,83100.0,6218102
2018-07-27,83700.0,86400.0,83100.0,86100.0,4943923
2018-07-30,86200.0,86400.0,85100.0,85900.0,2301941
2018-07-31,85200.0,86300.0,84500.0,86300.0,2804543
2018-08-01,85900.0,86400.0,85100.0,85600.0,2265008
2018-08-02,85000.0,85600.0,82900.0,83200.0,3373964
2018-08-03,84000.0,84100.0,83100.0,83300.0,1928574
2018-08-06,82200.0,82300.0,79300.0,79400.0,5910100
2018-08-07,80100.0,80800.0,79700.0,80700.0,3288142
2018-08-08,81500.0,81600.0,79400.0,79800.0,2804784
2018-08-09,80100.0,80300.0,77500.0,78000.0,5587662
2018-08-10,77200.0,77600.0,74600.0,75100.0,6785694
2018-08-13,74300.0,75700.0,74100.0,75400.0,3734794
2018-08-14,75900.0,76600.0,75500.0,75900.0,3206407
2018-08-16,73500.0,75400.0,72500.0,74700.0,5550888
2018-08-17,74400.0,75500.0,74100.0,74500.0,2647963
2018-08-20,74700.0,75400.0,74400.0,74700.0,2048829
2018-08-21,74800.0,78700.0,74400.0,78400.0,5663191
2018-08-22,79300.0,80900.0,78200.0,79800.0,5295710
2018-08-23,80300.0,81300.0,79300.0,81100.0,3272130
2018-08-24,80400.0,82200.0,79600.0,81800.0,3612709
2018-08-27,82100.0,83800.0,81600.0,83500.0,3070598
2018-08-28,84100.0,84300.0,81900.0,82400.0,4466308
2018-08-29,82500.0,83300.0,81600.0,82800.0,2330703
2018-08-30,82200.0,83500.0,81500.0,82700.0,2337573
2018-08-31,81800.0,83000.0,81800.0,83000.0,2303812
2018-09-03,82200.0,82800.0,80500.0,80600.0,2618619
2018-09-04,80600.0,81600.0,80200.0,81200.0,1903734
2018-09-05,80600.0,81000.0,79900.0,80000.0,2627619
2018-09-06,78300.0,78900.0,77400.0,78800.0,4516654
2018-09-07,74500.0,76200.0,74100.0,75900.0,8388278
2018-09-10,75900.0,77100.0,75500.0,76500.0,4167711
2018-09-11,76400.0,77800.0,76300.0,76600.0,3197796
2018-09-12,76200.0,76200.0,74700.0,75100.0,4330147
2018-09-13,74300.0,75200.0,73900.0,74500.0,5257563
2018-09-14,76100.0,77800.0,76000.0,77700.0,4124842
2018-09-17,78000.0,78200.0,76700.0,77200.0,2252063
2018-09-18,76600.0,78300.0,76100.0,78000.0,2450163
2018-09-19,79400.0,79700.0,78400.0,78800.0,2912259
2018-09-20,78600.0,79900.0,78000.0,79100.0,3392490
2018-09-21,77100.0,77500.0,76300.0,76700.0,5678068
2018-09-27,75900.0,75900.0,74700.0,75000.0,5841083
2018-09-28,75300.0,75900.0,73100.0,73100.0,5824873
2018-10-01,74300.0,74600.0,73200.0,73700.0,2970456
2018-10-02,73600.0,74000.0,71600.0,71700.0,4089558
2018-10-04,71700.0,72200.0,69800.0,70000.0,5778810
2018-10-05,69700.0,71100.0,69400.0,70300.0,5508014
2018-10-08,69500.0,71800.0,69400.0,71200.0,2856291
2018-10-10,70300.0,71100.0,69800.0,70300.0,4161114
2018-10-11,67600.0,70200.0,67500.0,69000.0,4936490
2018-10-12,69200.0,73200.0,69200.0,72400.0,4882184
2018-10-15,71600.0,71700.0,69900.0,70300.0,3727297
2018-10-16,70300.0,71000.0,69600.0,69700.0,2211661
2018-10-17,71400.0,71700.0,70300.0,70400.0,2653053
2018-10-18,69600.0,69900.0,68700.0,68700.0,2849229
2018-10-19,68100.0,70900.0,67800.0,70800.0,2688930
2018-10-22,69600.0,70900.0,69600.0,70000.0,2377240
2018-10-23,69600.0,70000.0,68600.0,69100.0,3175869
2018-10-24,69400.0,69600.0,65800.0,66700.0,5703361
2018-10-25,64700.0,66000.0,63200.0,64700.0,5859332
2018-10-26,65100.0,67100.0,62900.0,67000.0,6211406
2018-10-29,66600.0,67800.0,64800.0,66800.0,4252977
2018-10-30,66000.0,70900.0,65900.0,68200.0,6101533
2018-10-31,69300.0,70400.0,67600.0,68200.0,5038931
2018-11-01,68900.0,69600.0,67800.0,68300.0,3218076
2018-11-02,70600.0,72800.0,69100.0,72600.0,5334082
2018-11-05,72000.0,72100.0,70100.0,70500.0,3389386
2018-11-06,70500.0,70600.0,69100.0,70100.0,2624868
2018-11-07,70400.0,72300.0,70100.0,70800.0,3770119
2018-11-08,72900.0,73300.0,72600.0,72900.0,3930969
2018-11-09,72400.0,73600.0,71900.0,72900.0,3414946
2018-11-12,72200.0,74500.0,71800.0,74500.0,3328433
2018-11-13,72300.0,72500.0,69900.0,71900.0,4730929
2018-11-14,71400.0,72100.0,70200.0,70400.0,2783377
2018-11-15,70800.0,71800.0,70400.0,71800.0,1564647
2018-11-16,72600.0,72900.0,70000.0,70100.0,2894513
2018-11-19,69600.0,70500.0,68900.0,69800.0,2303677
2018-11-20,67000.0,68200.0,67000.0,67500.0,3325563
2018-11-21,66900.0,68300.0,66100.0,68100.0,3100596
2018-11-22,68100.0,69700.0,68000.0,69300.0,1966126
2018-11-23,69500.0,69700.0,68400.0,69300.0,1499166
2018-11-26,69200.0,71300.0,69000.0,70900.0,2361766
2018-11-27,71100.0,71200.0,69700.0,70800.0,2293763
2018-11-28,71000.0,72000.0,70700.0,71900.0,2441991
2018-11-29,73700.0,73700.0,71200.0,71500.0,3270078
2018-11-30,71500.0,71600.0,68800.0,69600.0,4167055
2018-12-03,71000.0,71100.0,69800.0,70500.0,2760290
2018-12-04,69900.0,70400.0,68400.0,69000.0,3222060
2018-12-05,67200.0,68800.0,67200.0,68200.0,3008950
2018-12-06,67800.0,68200.0,65700.0,66000.0,3902275
2018-12-07,66700.0,67400.0,66600.0,66800.0,2590733
2018-12-10,65900.0,65900.0,64700.0,65500.0,2206084
2018-12-11,66000.0,66600.0,64800.0,64900.0,2457332
2018-12-12,65000.0,66200.0,64900.0,66200.0,2901875
2018-12-13,66300.0,66400.0,64800.0,65500.0,4062323
2018-12-14,65200.0,65300.0,61200.0,61800.0,5617675
2018-12-17,61600.0,62500.0,61000.0,62200.0,2506287
2018-12-18,61000.0,61900.0,60800.0,61100.0,3098206
2018-12-19,60800.0,61000.0,59700.0,60300.0,3561783
2018-12-20,59300.0,59400.0,58100.0,58600.0,4889709
2018-12-21,58200.0,60500.0,58200.0,60000.0,3946994
2018-12-24,59600.0,60700.0,59200.0,60400.0,2101703
2018-12-26,59400.0,60800.0,59300.0,60100.0,2455060
2018-12-27,61600.0,61900.0,60600.0,61600.0,3047798
2018-12-28,61700.0,62300.0,60500.0,60500.0,1647462
2019-01-02,61300.0,61400.0,60000.0,60600.0,1934295
2019-01-03,60200.0,60300.0,57500.0,57700.0,3337621
2019-01-04,57500.0,58500.0,56700.0,58300.0,3388087
2019-01-07,59000.0,59700.0,58400.0,58700.0,2273750
2019-01-08,57900.0,60500.0,57600.0,59200.0,3062192
2019-01-09,59600.0,63800.0,59400.0,63600.0,4928656
2019-01-10,64100.0,65600.0,64000.0,65300.0,6034432
2019-01-11,65400.0,65900.0,64200.0,65100.0,2890639
2019-01-14,64300.0,65100.0,62000.0,62100.0,3282892
2019-01-15,62200.0,64000.0,62200.0,64000.0,2413868
2019-01-16,63800.0,64900.0,62700.0,64800.0,2478497
2019-01-17,65500.0,66200.0,64600.0,64900.0,2830122
2019-01-18,65000.0,65700.0,63900.0,64600.0,2263599
2019-01-21,65900.0,67400.0,65000.0,67000.0,3977425
2019-01-22,67900.0,68000.0,65700.0,66600.0,4047917
2019-01-23,65500.0,67200.0,64800.0,66800.0,2825017
2019-01-24,66900.0,70500.0,66900.0,70500.0,6914092
2019-01-25,71600.0,74800.0,71100.0,74600.0,7163871
2019-01-28,74700.0,74900.0,71200.0,71800.0,4972189
2019-01-29,71400.0,73800.0,71000.0,73400.0,3368642
2019-01-30,73500.0,76300.0,73000.0,75900.0,5304841
2019-01-31,76900.0,77100.0,73700.0,73900.0,4447535
2019-02-01,75400.0,76400.0,74700.0,75900.0,3349965
2019-02-07,77500.0,78200.0,76600.0,76700.0,4249110
2019-02-08,75200.0,75500.0,73000.0,73500.0,4012485
2019-02-11,73000.0,74100.0,72200.0,74100.0,3374192
2019-02-12,74100.0,76400.0,73900.0,75900.0,3526701
2019-02-13,77300.0,77600.0,76100.0,76200.0,2378193
2019-02-14,75800.0,77400.0,75100.0,77400.0,2313376
2019-02-15,76800.0,76900.0,73800.0,73800.0,4154616
2019-02-18,74300.0,75300.0,74000.0,74700.0,1772434
2019-02-19,74500.0,74800.0,73000.0,73700.0,1462071
2019-02-20,73700.0,76000.0,73600.0,75700.0,3134257
2019-02-21,75300.0,77200.0,74600.0,76700.0,2874589
2019-02-22,75600.0,76700.0,75300.0,76700.0,1882653
2019-02-25,77300.0,77600.0,74800.0,75400.0,2865712
2019-02-26,75000.0,75900.0,74100.0,75200.0,2483512
2019-02-27,75300.0,75700.0,73700.0,73700.0,2864044
2019-02-28,72500.0,72600.0,69900.0,70000.0,7869451
2019-03-04,70300.0,71400.0,69900.0,70100.0,4931703
2019-03-05,68300.0,70000.0,68300.0,69700.0,3465521
2019-03-06,68500.0,69600.0,67400.0,68100.0,4958303
2019-03-07,67200.0,68900.0,67100.0,68100.0,3402570
2019-03-08,67900.0,68200.0,66200.0,66700.0,3571792
2019-03-11,67000.0,67800.0,66200.0,66600.0,2869008
2019-03-12,67700.0,68600.0,67500.0,67700.0,2753535
2019-03-13,67700.0,67800.0,65900.0,66800.0,2851596
2019-03-14,67400.0,67400.0,66400.0,67300.0,3107100
2019-03-15,67400.0,68700.0,66700.0,68100.0,3645592
2019-03-18,69200.0,69300.0,67300.0,67800.0,2158588
2019-03-19,67300.0,68000.0,66600.0,68000.0,2285169
2019-03-20,68400.0,70600.0,67600.0,70500.0,3642962
2019-03-21,73500.0,76000.0,72600.0,75900.0,10030131
2019-03-22,78900.0,78900.0,75900.0,76100.0,5286455
2019-03-25,73700.0,74200.0,72600.0,72900.0,3752230
2019-03-26,72900.0,73300.0,71500.0,72700.0,2987678
2019-03-27,71800.0,74100.0,71200.0,73400.0,2744175
2019-03-28,72300.0,73600.0,71700.0,72300.0,2774932
2019-03-29,72900.0,74900.0,72700.0,74200.0,3214170
2019-04-01,75600.0,77100.0,75500.0,76600.0,3579070
2019-04-02,77900.0,78000.0,76100.0,76400.0,2719440
2019-04-03,76800.0,79900.0,76500.0,79900.0,4674142
2019-04-04,80400.0,81400.0,77800.0,78400.0,5436236
2019-04-05,78200.0,79300.0,77900.0,79000.0,2191720
2019-04-08,78900.0,79200.0,77600.0,77900.0,2663493
2019-04-09,77700.0,78700.0,77400.0,77800.0,2322860
2019-04-10,76700.0,78800.0,76200.0,78600.0,2689591
2019-04-11,79200.0,79500.0,78000.0,78400.0,2614388
2019-04-12,77400.0,78800.0,77400.0,78100.0,2317264
2019-04-15,79000.0,79900.0,78600.0,79700.0,2019931
2019-04-16,79900.0,80800.0,79100.0,80400.0,2206997
2019-04-17,81000.0,82300.0,80000.0,80200.0,2886956
2019-04-18,80800.0,81200.0,78500.0,79200.0,3295697
2019-04-19,80500.0,82400.0,80100.0,81800.0,3040186
2019-04-22,81500.0,81800.0,79900.0,80500.0,1887109
2019-04-23,81000.0,81800.0,80400.0,81000.0,1779318
2019-04-24,81500.0,81500.0,77500.0,78500.0,5318487
2019-04-25,78400.0,81500.0,78100.0,80200.0,5586360
2019-04-26,78500.0,79900.0,77600.0,78600.0,5183181
2019-04-29,78700.0,80100.0,78200.0,80000.0,2987384
2019-04-30,79400.0,80700.0,78100.0,79000.0,2960242
2019-05-02,79700.0,81200.0,79100.0,80700.0,3092434
2019-05-03,81100.0,81300.0,80300.0,80400.0,2481811
2019-05-07,79200.0,80400.0,78700.0,79900.0,2700371
2019-05-08,78700.0,80500.0,78000.0,80300.0,2731620
2019-05-09,79600.0,79700.0,75200.0,76000.0,5939278
2019-05-10,76100.0,76700.0,73400.0,74400.0,5702537
2019-05-13,73900.0,75000.0,72800.0,73500.0,3062929
2019-05-14,72200.0,75100.0,71600.0,74600.0,3712697
2019-05-15,74800.0,75100.0,73900.0,74500.0,2056131
2019-05-16,74400.0,75100.0,71600.0,71900.0,3467027
2019-05-17,72500.0,73300.0,71400.0,71600.0,2412668
2019-05-20,71800.0,72800.0,70700.0,70900.0,1970694
2019-05-21,70500.0,72200.0,69700.0,70300.0,3893536
2019-05-22,71300.0,71300.0,68500.0,68900.0,3128787
2019-05-23,68400.0,69100.0,67300.0,68000.0,3108370
2019-05-24,67300.0,68600.0,67000.0,67600.0,3339145
2019-05-27,67900.0,68200.0,66400.0,66900.0,2214176
2019-05-28,67200.0,68300.0,65900.0,65900.0,12052399
2019-05-29,65600.0,66700.0,64900.0,66100.0,6056903
2019-05-30,66300.0,66900.0,65800.0,65900.0,3023108
2019-05-31,65900.0,66900.0,64700.0,65300.0,3191350
2019-06-03,65200.0,67200.0,64200.0,66600.0,4020572
2019-06-04,66500.0,66700.0,65100.0,65100.0,2892681
2019-06-05,66900.0,67600.0,64900.0,65100.0,4832796
2019-06-07,65200.0,66000.0,64600.0,65400.0,2355869
2019-06-10,66100.0,67000.0,65800.0,66800.0,3091757
2019-06-11,66900.0,67800.0,66700.0,67200.0,2429182
2019-06-12,66800.0,67100.0,65700.0,65700.0,2437640
2019-06-13,64900.0,65100.0,63300.0,63500.0,5947811
2019-06-14,63200.0,64000.0,62600.0,63100.0,3686472
2019-06-17,62800.0,63800.0,62400.0,63700.0,2435039
2019-06-18,63800.0,64200.0,63300.0,63400.0,1549497
2019-06-19,65800.0,67300.0,65200.0,67200.0,6230370
2019-06-20,67200.0,67400.0,66200.0,67300.0,2773637
2019-06-21,67100.0,67300.0,65900.0,65900.0,2403002
2019-06-24,65900.0,67400.0,65600.0,66900.0,2164462
2019-06-25,66700.0,67400.0,66300.0,66700.0,1873766
2019-06-26,68300.0,69600.0,67900.0,68900.0,5024201
2019-06-27,70100.0,71600.0,69700.0,70200.0,5361201
2019-06-28,70900.0,70900.0,68400.0,69500.0,3117569
2019-07-01,71000.0,71000.0,69700.0,70000.0,3538183
2019-07-02,69700.0,71700.0,69100.0,71400.0,2495399
2019-07-03,71100.0,71700.0,69000.0,69100.0,2790684
2019-07-04,69600.0,70700.0,69300.0,70200.0,1503707
2019-07-05,70300.0,71000.0,68400.0,68400.0,2043271
2019-07-08,66400.0,68000.0,66200.0,67400.0,2202260
2019-07-09,68400.0,70500.0,67900.0,69800.0,2912514
2019-07-10,71500.0,73400.0,71000.0,72900.0,4346179
2019-07-11,74000.0,75500.0,74000.0,75500.0,5111929
2019-07-12,75600.0,75800.0,74400.0,74700.0,2638271
2019-07-15,74500.0,76500.0,74400.0,76200.0,2122090
2019-07-16,74800.0,76500.0,74800.0,76100.0,2450278
2019-07-17,74600.0,75200.0,74000.0,74600.0,2805672
2019-07-18,74300.0,75200.0,73900.0,74700.0,1902110
2019-07-19,75900.0,77000.0,75600.0,76800.0,2635348
2019-07-22,77800.0,79200.0,77000.0,78400.0,3213786
2019-07-23,79700.0,80700.0,78200.0,78800.0,4814941
2019-07-24,78800.0,80200.0,77100.0,77600.0,3562342
2019-07-25,79700.0,80400.0,77700.0,79200.0,3963383
2019-07-26,78100.0,80300.0,78000.0,79800.0,3095260
2019-07-29,79000.0,79400.0,76500.0,77000.0,2616782
2019-07-30,78200.0,80000.0,77700.0,78900.0,2371300
2019-07-31,78000.0,79100.0,75300.0,76900.0,3712241
2019-08-01,75300.0,78700.0,75300.0,77700.0,3397831
2019-08-02,75400.0,76800.0,74900.0,76100.0,4845952
2019-08-05,75500.0,76000.0,74900.0,75400.0,2889902
2019-08-06,73100.0,73900.0,71900.0,72000.0,5008247
2019-08-07,72000.0,74300.0,72000.0,73300.0,2692841
2019-08-08,73600.0,74500.0,72000.0,72300.0,2943206
2019-08-09,73200.0,74100.0,72300.0,73300.0,2100380
2019-08-12,73700.0,75000.0,73500.0,74500.0,1254926
2019-08-13,74000.0,75100.0,73700.0,74500.0,1304708
2019-08-14,77200.0,77900.0,76200.0,76900.0,2561643
2019-08-16,75800.0,76400.0,75100.0,76400.0,2015785
2019-08-19,77300.0,77500.0,74800.0,75100.0,1591728
2019-08-20,75500.0,76600.0,75100.0,76400.0,1694275
2019-08-21,75900.0,76900.0,75500.0,75800.0,1898789
2019-08-22,75300.0,76000.0,73800.0,73800.0,2309550
2019-08-23,73500.0,75200.0,73400.0,74400.0,1695532
2019-08-26,72600.0,73000.0,71500.0,71800.0,2645491
2019-08-27,72500.0,73700.0,72500.0,73000.0,2512610
2019-08-28,73500.0,73700.0,72500.0,73300.0,1380522
2019-08-29,73500.0,74100.0,72000.0,73300.0,2050860
2019-08-30,74600.0,78000.0,74600.0,77400.0,3839246
2019-09-02,77000.0,78200.0,76500.0,77600.0,1431352
2019-09-03,77200.0,77600.0,76300.0,77000.0,1611563
2019-09-04,77400.0,80000.0,77300.0,80000.0,2723541
2019-09-05,81400.0,83000.0,81200.0,83000.0,4068631
2019-09-06,84000.0,84000.0,81500.0,81900.0,2418057
2019-09-09,83100.0,84600.0,82500.0,84300.0,2642174
2019-09-10,84200.0,84200.0,82700.0,83100.0,1761883
2019-09-11,83400.0,84300.0,81300.0,82600.0,3650902
2019-09-16,81000.0,81000.0,79000.0,79500.0,5174391
2019-09-17,80000.0,80400.0,79100.0,79400.0,2538780
2019-09-18,80100.0,80600.0,79500.0,80200.0,2706678
2019-09-19,80600.0,82700.0,80300.0,82700.0,3612220
2019-09-20,82800.0,83400.0,82100.0,82200.0,2447172
2019-09-23,81900.0,83300.0,81900.0,82800.0,1413663
2019-09-24,82500.0,83500.0,81400.0,83400.0,1662830
2019-09-25,82200.0,82800.0,81500.0,81900.0,1644881
2019-09-26,83000.0,83500.0,82500.0,83300.0,1734941
2019-09-27,80200.0,81500.0,80100.0,81400.0,2625620
2019-09-30,80600.0,82900.0,80400.0,82200.0,2442478
2019-10-01,81800.0,82500.0,81700.0,82000.0,2370210
2019-10-02,81600.0,81600.0,79500.0,79500.0,2188097
2019-10-04,78900.0,81300.0,78900.0,80300.0,2430603
2019-10-07,80700.0,81700.0,79800.0,80300.0,1229105
2019-10-08,80400.0,81100.0,79400.0,80900.0,1816880
2019-10-10,78900.0,79600.0,78100.0,79000.0,4389324
2019-10-11,79800.0,80500.0,79400.0,80000.0,2186536
2019-10-14,82000.0,82300.0,80400.0,80500.0,1972409
2019-10-15,80700.0,81700.0,80500.0,81200.0,1518810
2019-10-16,82400.0,82700.0,81900.0,82400.0,2436269
2019-10-17,82000.0,82200.0,80600.0,81000.0,1713942
2019-10-18,81500.0,81700.0,77300.0,77400.0,13625664
2019-10-21,77800.0,78400.0,77100.0,77500.0,2096581
2019-10-22,78900.0,79300.0,78200.0,79100.0,3453958
2019-10-23,78500.0,78600.0,77700.0,77700.0,5373911
2019-10-24,79900.0,80100.0,78700.0,80000.0,3076100
2019-10-25,82400.0,82900.0,81500.0,82900.0,4229200
2019-10-28,83400.0,84000.0,82600.0,82900.0,1977758
2019-10-29,84000.0,84000.0,82900.0,83000.0,1645070
2019-10-30,83400.0,83400.0,81000.0,81500.0,1927042
2019-10-31,81900.0,83400.0,81600.0,82000.0,1978755
2019-11-01,82300.0,83200.0,81600.0,83100.0,1848046
2019-11-04,84000.0,84900.0,83800.0,84700.0,2182879
2019-11-05,85100.0,85400.0,84600.0,85100.0,1953720
2019-11-06,84800.0,85200.0,83500.0,83500.0,2127745
2019-11-07,83700.0,84300.0,82800.0,83600.0,1594558
2019-11-08,84600.0,84600.0,82000.0,82300.0,2074339
2019-11-11,82500.0,82500.0,80700.0,81300.0,2174477
2019-11-12,81900.0,83200.0,81300.0,83200.0,1555211
2019-11-13,83300.0,83600.0,82300.0,83400.0,1370289
2019-11-14,83200.0,83800.0,82900.0,83400.0,1517137
2019-11-15,84200.0,85200.0,83400.0,85200.0,2394138
2019-11-18,86000.0,86500.0,84700.0,85500.0,1827506
2019-11-19,85400.0,86000.0,84600.0,85300.0,2260299
2019-11-20,84400.0,85200.0,82600.0,82700.0,3315169
2019-11-21,81700.0,82500.0,80500.0,80900.0,3346746
2019-11-22,80900.0,82100.0,80700.0,81700.0,2089767
2019-11-25,82300.0,83300.0,81500.0,81700.0,2602474
2019-11-26,82000.0,84100.0,82000.0,82300.0,4521090
2019-11-27,82400.0,83200.0,82000.0,82700.0,1326621
2019-11-28,83100.0,83800.0,82500.0,82800.0,1413983
2019-11-29,82500.0,82800.0,80700.0,80900.0,2139440
2019-12-02,80900.0,81800.0,80500.0,80500.0,1945991
2019-12-03,78100.0,79300.0,77300.0,78700.0,11657151
2019-12-04,78000.0,78100.0,76800.0,77700.0,6164549
2019-12-05,79800.0,79900.0,78000.0,78800.0,3667358
2019-12-06,79300.0,80800.0,79100.0,80600.0,3054204
2019-12-09,81300.0,81800.0,80700.0,80700.0,2290088
2019-12-10,79800.0,80900.0,79400.0,80700.0,1831960
2019-12-11,80700.0,81000.0,80100.0,80600.0,2009331
2019-12-12,82000.0,83500.0,82000.0,83400.0,5247299
2019-12-13,87200.0,88200.0,85800.0,87900.0,5831965
2019-12-16,87200.0,89400.0,87000.0,88600.0,2652685
2019-12-17,91000.0,93800.0,90200.0,92800.0,5070618
2019-12-18,93400.0,94500.0,91800.0,93000.0,3434310
2019-12-19,95400.0,96400.0,93400.0,93600.0,4938375
2019-12-20,94100.0,95100.0,93700.0,95000.0,2791176
2019-12-23,95800.0,96200.0,94100.0,94600.0,1720279
2019-12-24,95000.0,95600.0,93800.0,93800.0,1464093
2019-12-26,94000.0,95100.0,93500.0,94800.0,1559839
2019-12-27,94800.0,97000.0,94200.0,96000.0,2229470
2019-12-30,95600.0,96300.0,94100.0,94100.0,1862634
2020-01-02,96000.0,96200.0,94100.0,94700.0,2342070
2020-01-03,96500.0,97900.0,94300.0,94500.0,3021380
2020-01-06,93000.0,95300.0,92800.0,94300.0,2577573
2020-01-07,94500.0,95400.0,94000.0,94000.0,2489429
2020-01-08,96400.0,99500.0,95200.0,97400.0,7014748
2020-01-09,98900.0,99000.0,97400.0,99000.0,3586413
2020-01-10,99100.0,99700.0,97900.0,98900.0,2867925
2020-01-13,99000.0,101000.0,98000.0,100500.0,2242008
2020-01-14,101500.0,103500.0,99900.0,100500.0,2913343
2020-01-15,99900.0,99900.0,98000.0,98200.0,2745625
2020-01-16,97400.0,99400.0,97400.0,99200.0,2824804
2020-01-17,100500.0,101500.0,98800.0,99000.0,2246394
2020-01-20,100000.0,101000.0,99600.0,99900.0,1781639
2020-01-21,100500.0,100500.0,99000.0,99300.0,1483291
2020-01-22,99000.0,101000.0,99000.0,101000.0,2257478
2020-01-23,101000.0,101000.0,98200.0,98700.0,2780104
2020-01-28,95500.0,96900.0,95000.0,96300.0,3630362
2020-01-29,96900.0,99000.0,96700.0,97900.0,2741459
2020-01-30,97800.0,97800.0,93800.0,94000.0,3223436
2020-01-31,94500.0,97500.0,93500.0,93500.0,4597139
2020-02-03,91800.0,95600.0,91500.0,94700.0,3725535
2020-02-04,94800.0,97500.0,94500.0,97100.0,3169743
2020-02-05,99300.0,99300.0,96900.0,97700.0,2911995
2020-02-06,98900.0,101000.0,98300.0,100500.0,2861441
2020-02-07,100000.0,100500.0,98400.0,99300.0,1827393
2020-02-10,98000.0,99200.0,97400.0,98800.0,1825648
2020-02-11,99900.0,100500.0,99000.0,99800.0,1820578
2020-02-12,100500.0,101000.0,99100.0,100000.0,2616573
2020-02-13,101000.0,103500.0,100500.0,102000.0,3519491
2020-02-14,101500.0,105000.0,101000.0,104500.0,1893163
2020-02-17,104500.0,106000.0,103500.0,105000.0,1190162
2020-02-18,104000.0,104500.0,101500.0,102000.0,2789667
2020-02-19,102500.0,103500.0,101000.0,103500.0,2315634
2020-02-20,104500.0,106000.0,102500.0,104000.0,3093782
2020-02-21,101500.0,103500.0,101000.0,103000.0,4064719
2020-02-24,100500.0,100500.0,98900.0,99500.0,5550758
2020-02-25,97800.0,99100.0,96400.0,98000.0,6594059
2020-02-26,95500.0,96100.0,94400.0,94600.0,6405409
2020-02-27,94700.0,95300.0,92200.0,92800.0,4644449
2020-02-28,91000.0,92200.0,87700.0,87900.0,8171939
2020-03-02,90000.0,93100.0,88300.0,92100.0,6382279
2020-03-03,95000.0,95100.0,92400.0,92800.0,5573006
2020-03-04,91300.0,95000.0,91300.0,94300.0,4984561
2020-03-05,95200.0,95900.0,93800.0,94900.0,4028776
2020-03-06,93300.0,94300.0,92000.0,92600.0,3281612
2020-03-09,92600.0,92600.0,92600.0,92600.0,0
2020-03-10,86900.0,89400.0,86600.0,89100.0,6579153
2020-03-11,88200.0,88500.0,85100.0,85500.0,5226251
2020-03-12,83800.0,84600.0,79600.0,82800.0,8191818
2020-03-13,76900.0,84700.0,76000.0,82500.0,8160758
2020-03-16,83700.0,84800.0,80400.0,80600.0,5097762
2020-03-17,77500.0,83100.0,77000.0,80400.0,7107436
2020-03-18,81600.0,82500.0,73000.0,73100.0,7949482
2020-03-19,75500.0,75800.0,65800.0,69000.0,11140367
2020-03-20,71800.0,76200.0,70100.0,74800.0,8750101
2020-03-23,69700.0,71600.0,68000.0,69400.0,8192363
2020-03-24,73000.0,78800.0,72100.0,78700.0,7247345
2020-03-25,82000.0,84700.0,79800.0,84500.0,8787217
2020-03-26,85000.0,87900.0,80400.0,80700.0,7895289
2020-03-27,85700.0,85700.0,80500.0,83300.0,8085695
2020-03-30,81000.0,84900.0,80000.0,83700.0,5270037
2020-03-31,84000.0,85500.0,82000.0,83300.0,5333479
2020-04-01,82100.0,83200.0,78400.0,78400.0,6845675
2020-04-02,78800.0,80000.0,76500.0,80000.0,5394371
2020-04-03,80000.0,80800.0,78500.0,79600.0,3755301
2020-04-06,81000.0,83300.0,80200.0,83100.0,5784159
2020-04-07,86600.0,86700.0,83700.0,85800.0,6188649
2020-04-08,85800.0,86500.0,84500.0,84500.0,3749575
2020-04-09,86200.0,86500.0,84500.0,85000.0,3555538
2020-04-10,84000.0,84400.0,83000.0,84100.0,3675338
2020-04-13,83200.0,83400.0,81100.0,81400.0,3615318
2020-04-14,82200.0,83700.0,81200.0,82300.0,3344109
2020-04-16,80600.0,82300.0,80600.0,81300.0,4470072
2020-04-17,83600.0,85900.0,83200.0,84100.0,6205624
2020-04-20,83900.0,83900.0,82000.0,82000.0,5027876
2020-04-21,80600.0,82200.0,80200.0,81300.0,5090721
2020-04-22,80600.0,83900.0,80000.0,83900.0,5335787
2020-04-23,85200.0,85200.0,82000.0,82600.0,6519481
2020-04-24,82000.0,82500.0,80800.0,81400.0,3193144
2020-04-27,81700.0,83200.0,81200.0,82600.0,3235430
2020-04-28,82500.0,83900.0,82400.0,83400.0,3205535
2020-04-29,83500.0,84800.0,82900.0,83700.0,3750568
2020-05-04,82900.0,82900.0,80800.0,81000.0,5280026
2020-05-06,82000.0,82500.0,80900.0,82400.0,3351424
2020-05-07,82400.0,83400.0,81800.0,82400.0,2660512
2020-05-08,83000.0,85500.0,83000.0,85000.0,5039635
2020-05-11,84500.0,85200.0,84100.0,84500.0,2800047
2020-05-12,84500.0,86500.0,83200.0,85700.0,3574409
2020-05-13,83500.0,84100.0,83000.0,83600.0,5371416
2020-05-14,82200.0,82500.0,80600.0,80600.0,6409652
2020-05-15,81500.0,82300.0,80700.0,81900.0,4168866
2020-05-18,80400.0,81800.0,79200.0,81100.0,5294177
2020-05-19,82400.0,83200.0,81700.0,82700.0,4620614
2020-05-20,81900.0,84200.0,81800.0,84100.0,3924403
2020-05-21,84900.0,84900.0,83200.0,83400.0,2678953
2020-05-22,83100.0,83300.0,81000.0,81300.0,3471700
2020-05-25,81500.0,81800.0,80500.0,81400.0,2850294
2020-05-26,80600.0,82100.0,80600.0,81900.0,3040122
2020-05-27,81100.0,82700.0,81000.0,81400.0,2946278
2020-05-28,84100.0,85400.0,82400.0,83900.0,9227823
2020-05-29,82600.0,82700.0,81300.0,81500.0,6815185
2020-06-01,82100.0,83700.0,82100.0,83600.0,4205357
2020-06-02,82700.0,83600.0,82700.0,83300.0,3114162
2020-06-03,83400.0,89200.0,83400.0,88700.0,11642239
2020-06-04,90000.0,91600.0,87100.0,87700.0,6678244
2020-06-05,88500.0,90800.0,87700.0,90400.0,4000557
2020-06-08,93000.0,93000.0,90600.0,91000.0,3789382
2020-06-09,91000.0,92000.0,89100.0,89800.0,3410081
2020-06-10,89800.0,91100.0,89400.0,90800.0,3045250
2020-06-11,89300.0,90300.0,87500.0,88500.0,5467344
2020-06-12,84500.0,85800.0,84500.0,85200.0,4742329
2020-06-15,84100.0,86500.0,82000.0,82000.0,4710114
2020-06-16,83400.0,85700.0,83300.0,85400.0,3518785
2020-06-17,84800.0,87400.0,83500.0,86800.0,4160612
2020-06-18,86100.0,86800.0,85400.0,86200.0,2484147
2020-06-19,86500.0,87000.0,84500.0,85400.0,3216102
2020-06-22,84400.0,85900.0,84300.0,84900.0,2167216
2020-06-23,85600.0,86200.0,83900.0,84100.0,2955819
2020-06-24,84200.0,87400.0,84000.0,86000.0,4079834
2020-06-25,84300.0,85600.0,84000.0,84300.0,3397112
2020-06-26,86000.0,86100.0,84500.0,84600.0,2889494
2020-06-29,84000.0,85300.0,83500.0,83600.0,2932433
2020-06-30,86200.0,87300.0,85000.0,85100.0,4983607
2020-07-01,86800.0,87300.0,84900.0,85300.0,2382552
2020-07-02,84800.0,85200.0,84000.0,84400.0,3295340
2020-07-03,85000.0,85600.0,84500.0,85400.0,2195897
2020-07-06,86000.0,87000.0,85800.0,86000.0,2561766
2020-07-07,87300.0,87300.0,84600.0,84800.0,3196352
2020-07-08,83800.0,84900.0,83600.0,83700.0,3523620
2020-07-09,84200.0,84600.0,83000.0,83000.0,4002365
2020-07-10,83300.0,83500.0,82400.0,82800.0,2201557
2020-07-13,83100.0,83500.0,82500.0,83000.0,2080934
2020-07-14,82600.0,82900.0,82000.0,82900.0,2048671
2020-07-15,83100.0,83900.0,82900.0,83000.0,3024429
2020-07-16,83000.0,83100.0,82300.0,82700.0,2312310
2020-07-17,82700.0,83500.0,82600.0,82900.0,1579078
2020-07-20,82800.0,83000.0,82100.0,82200.0,2008624
2020-07-21,83400.0,84700.0,83000.0,84100.0,4181015
2020-07-22,84100.0,84200.0,82900.0,83200.0,2876295
2020-07-23,84000.0,84000.0,82300.0,82400.0,3591647
2020-07-24,82300.0,83700.0,82200.0,83700.0,3667416
2020-07-27,83100.0,84000.0,82800.0,82800.0,2784652
2020-07-28,83900.0,83900.0,82700.0,83100.0,4538720
2020-07-29,82900.0,83800.0,82600.0,83200.0,3719681
2020-07-30,83300.0,86400.0,83000.0,85300.0,6870841
2020-07-31,85700.0,86000.0,82800.0,82800.0,4848989
2020-08-03,82400.0,82600.0,81500.0,81800.0,3483106
2020-08-04,81800.0,82500.0,81400.0,81600.0,3005937
2020-08-05,81200.0,81300.0,80500.0,80700.0,4537005
2020-08-06,80700.0,81900.0,80700.0,81100.0,3391939
2020-08-07,81200.0,81300.0,80000.0,80600.0,4946631
2020-08-10,80100.0,81900.0,79800.0,81400.0,3277238
2020-08-11,81700.0,82000.0,81000.0,81300.0,3234013
2020-08-12,81100.0,81300.0,80200.0,81000.0,3595828
2020-08-13,81900.0,82000.0,80300.0,80700.0,4049387
2020-08-14,80200.0,81100.0,80100.0,80200.0,2589552
2020-08-18,80000.0,80200.0,78000.0,78100.0,4946279
2020-08-19,77300.0,78000.0,75000.0,75000.0,8028305
2020-08-20,74400.0,74400.0,71300.0,71800.0,7260223
2020-08-21,72800.0,77000.0,72500.0,74500.0,7700029
2020-08-24,74600.0,77200.0,73700.0,75500.0,4298619
2020-08-25,76300.0,77700.0,75400.0,77000.0,3473488
2020-08-26,78000.0,79100.0,77100.0,78800.0,4741965
2020-08-27,80200.0,80200.0,78800.0,79100.0,4223450
2020-08-28,79500.0,79600.0,77700.0,77800.0,2511956
2020-08-31,78200.0,78800.0,75100.0,75100.0,5113128
2020-09-01,75200.0,76500.0,75200.0,75200.0,2538676
2020-09-02,75900.0,76400.0,74900.0,75500.0,2369360
2020-09-03,77700.0,79700.0,77200.0,78700.0,7002529
2020-09-04,76400.0,79400.0,76100.0,78700.0,4582566
2020-09-07,78600.0,79500.0,77600.0,78400.0,2786930
2020-09-08,78700.0,80000.0,78200.0,79400.0,3380355
2020-09-09,77900.0,78400.0,77200.0,77300.0,3918435
2020-09-10,78000.0,78200.0,76600.0,76600.0,3541520
2020-09-11,76700.0,78500.0,76300.0,78400.0,2831262
2020-09-14,79100.0,80100.0,78900.0,80000.0,4099644
2020-09-15,81300.0,82100.0,80200.0,81900.0,5899410
2020-09-16,81700.0,82400.0,80500.0,81500.0,3119110
2020-09-17,81900.0,82900.0,81200.0,82200.0,4055050
2020-09-18,82900.0,83900.0,82200.0,83700.0,5199334
2020-09-21,83700.0,85000.0,83600.0,84500.0,4102947
2020-09-22,84400.0,84800.0,80200.0,81300.0,4139983
2020-09-23,82300.0,84800.0,80500.0,83600.0,4439085
2020-09-24,82800.0,85400.0,82300.0,84300.0,6401560
2020-09-25,85800.0,85900.0,82200.0,82900.0,3205596
2020-09-28,83400.0,83700.0,81300.0,82500.0,3154068
2020-09-29,83100.0,84900.0,82200.0,84000.0,4707898
2020-10-05,83000.0,84100.0,82300.0,83200.0,3396894
2020-10-06,84000.0,84200.0,82600.0,83000.0,2750145
2020-10-07,82900.0,83700.0,82500.0,83400.0,2254356
2020-10-08,84300.0,84500.0,82900.0,82900.0,3330824
2020-10-12,83900.0,85500.0,83500.0,85500.0,4464264
2020-10-13,85500.0,89000.0,84600.0,88200.0,6375448
2020-10-14,88000.0,88900.0,86100.0,86500.0,3223767
2020-10-15,86100.0,87300.0,85900.0,87100.0,2802900
2020-10-16,87000.0,87900.0,84900.0,85300.0,2435541
2020-10-19,86100.0,87900.0,85800.0,86700.0,3150011
2020-10-20,85300.0,90900.0,83700.0,85200.0,6622637
2020-10-21,85300.0,86200.0,82800.0,83800.0,4925877
2020-10-22,84200.0,84300.0,82500.0,83300.0,2593975
2020-10-23,82800.0,84700.0,82300.0,83900.0,2609595
2020-10-26,84300.0,84700.0,83000.0,83200.0,1662847
2020-10-27,82300.0,83400.0,81800.0,82600.0,2265817
2020-10-28,82100.0,83600.0,82000.0,82900.0,1773556
2020-10-29,81900.0,82400.0,81000.0,81700.0,2637314
2020-10-30,81600.0,82100.0,79900.0,79900.0,2710477
2020-11-02,80200.0,80600.0,79200.0,79600.0,2000394
2020-11-03,79600.0,81400.0,79600.0,81400.0,2057723
2020-11-04,82100.0,84400.0,81200.0,83200.0,3782296
2020-11-05,84100.0,86200.0,83300.0,86100.0,4082325
2020-11-06,86500.0,87700.0,86000.0,86300.0,2863808
2020-11-09,86500.0,87300.0,85600.0,86000.0,2444330
2020-11-10,86900.0,87200.0,85900.0,86500.0,2849783
2020-11-11,86100.0,87200.0,85900.0,87000.0,2638617
2020-11-12,87600.0,88400.0,87000.0,88100.0,4006433
2020-11-13,88100.0,90000.0,87500.0,89700.0,3774278
2020-11-16,92100.0,98100.0,91100.0,98000.0,9274278
2020-11-17,97400.0,99600.0,96500.0,98100.0,5218295
2020-11-18,99800.0,100500.0,96600.0,98000.0,3734037
2020-11-19,96200.0,98300.0,96000.0,98200.0,2766688
2020-11-20,99000.0,99000.0,96800.0,96800.0,2424003
2020-11-23,97300.0,101000.0,96600.0,100000.0,4149013
2020-11-24,101000.0,102000.0,98300.0,98600.0,3766043
2020-11-25,100500.0,100500.0,96300.0,97200.0,4081524
2020-11-26,96800.0,99500.0,96300.0,99400.0,2933290
2020-11-27,99600.0,99900.0,98200.0,98800.0,1976047
2020-11-30,99700.0,99800.0,97300.0,97500.0,3877841
2020-12-01,98600.0,101500.0,97800.0,100500.0,4455519
2020-12-02,103000.0,109500.0,103000.0,109000.0,7488361
2020-12-03,110500.0,114500.0,109000.0,111500.0,6617912
2020-12-04,116000.0,119500.0,112500.0,115000.0,8258814
2020-12-07,118500.0,120000.0,116000.0,118000.0,5191354
2020-12-08,118000.0,118000.0,114000.0,115000.0,4536460
2020-12-09,116000.0,121000.0,115000.0,120500.0,5490760
2020-12-10,117000.0,118500.0,115500.0,116500.0,8205744
2020-12-11,118000.0,118000.0,115000.0,115500.0,3944552
2020-12-14,116000.0,119000.0,115500.0,117000.0,3066761
2020-12-15,118500.0,118500.0,115000.0,117500.0,2755902
2020-12-16,119000.0,119500.0,117000.0,117500.0,2213552
2020-12-17,118500.0,119500.0,117000.0,119500.0,3649945
2020-12-18,118500.0,119000.0,117500.0,118500.0,3010798
2020-12-21,118000.0,118000.0,114500.0,116000.0,3585805
2020-12-22,115000.0,115500.0,112500.0,112500.0,4270842
2020-12-23,113000.0,116000.0,112500.0,116000.0,3173156
2020-12-24,116000.0,118500.0,115500.0,118000.0,3486636
2020-12-28,119000.0,119500.0,115000.0,115500.0,4825132
2020-12-29,118000.0,118500.0,114000.0,116000.0,4208916
2020-12-30,116000.0,118500.0,114500.0,118500.0,4195192
2021-01-04,124500.0,128000.0,120500.0,126000.0,7995016
2021-01-05,124500.0,132500.0,124000.0,130500.0,7180224
2021-01-06,132500.0,137000.0,130000.0,131000.0,8525749
2021-01-07,132500.0,137500.0,131500.0,134500.0,5981299
2021-01-08,136000.0,138000.0,132500.0,138000.0,8713010
2021-01-11,138000.0,140000.0,131000.0,133000.0,11154671
2021-01-12,132000.0,133500.0,125500.0,129000.0,8700877
2021-01-13,129000.0,133500.0,128500.0,133000.0,6791044
2021-01-14,132500.0,133000.0,129000.0,130500.0,5380278
2021-01-15,133000.0,135000.0,127000.0,127500.0,4838114
2021-01-18,126000.0,131000.0,125000.0,130000.0,5927419
2021-01-19,131000.0,132000.0,128500.0,130500.0,4513315
2021-01-20,134000.0,135000.0,130000.0,130500.0,4913282
2021-01-21,131500.0,133000.0,130000.0,131500.0,3067677
2021-01-22,131500.0,132000.0,128500.0,128500.0,3927767
2021-01-25,130000.0,135000.0,129500.0,135000.0,5061864
2021-01-26,134000.0,134000.0,128500.0,129000.0,6270106
2021-01-27,129500.0,132000.0,127500.0,128500.0,5068456
2021-01-28,124000.0,125500.0,121500.0,123000.0,6270829
2021-01-29,128500.0,128500.0,121500.0,122500.0,7391307
2021-02-01,121000.0,126000.0,118000.0,125000.0,5620305
2021-02-02,128500.0,132500.0,127000.0,130000.0,4880067
2021-02-03,131000.0,131500.0,128500.0,130000.0,3693688
2021-02-04,127500.0,128500.0,124000.0,125000.0,4600618
2021-02-05,126500.0,128000.0,124500.0,127500.0,3497303
2021-02-08,127500.0,128000.0,125000.0,125000.0,2876471
2021-02-09,127500.0,130000.0,125000.0,125500.0,5177095
2021-02-10,125500.0,127000.0,124500.0,126000.0,4262526
2021-02-15,130000.0,132500.0,130000.0,132000.0,5384526
2021-02-16,132500.0,134000.0,130500.0,132500.0,3218689
2021-02-17,131000.0,131000.0,128000.0,130000.0,3621178
2021-02-18,128500.0,130000.0,125500.0,126000.0,3792425
2021-02-19,129000.0,133000.0,128500.0,133000.0,6986526
2021-02-22,136000.0,139500.0,135000.0,136500.0,7961516
2021-02-23,133500.0,140000.0,131500.0,138500.0,6400037
2021-02-24,137500.0,143500.0,134000.0,136000.0,9074809
2021-02-25,141000.0,149500.0,140000.0,148500.0,9936495
2021-02-26,143500.0,145000.0,138000.0,141500.0,10843268
2021-03-02,149000.0,150500.0,141000.0,144500.0,9376523
2021-03-03,142500.0,147000.0,139500.0,147000.0,5827221
2021-03-04,143000.0,145500.0,139500.0,142000.0,6586562
2021-03-05,138000.0,141500.0,136500.0,140000.0,6091444
2021-03-08,143000.0,143000.0,135500.0,135500.0,5587787
2021-03-09,134000.0,137500.0,130500.0,136500.0,7822152
2021-03-10,140500.0,140500.0,132500.0,133000.0,5614476
2021-03-11,134500.0,139000.0,134000.0,137000.0,6707671
2021-03-12,140500.0,142500.0,139500.0,140000.0,4548695
2021-03-15,141500.0,142000.0,136000.0,136500.0,4289990
2021-03-16,138500.0,140500.0,138000.0,140500.0,3304561
2021-03-17,141000.0,141000.0,138500.0,140000.0,2588319
2021-03-18,142500.0,145000.0,141000.0,142000.0,4426840
2021-03-19,138000.0,139500.0,137000.0,138000.0,4015627
2021-03-22,138500.0,140000.0,137000.0,138000.0,2727719
2021-03-23,139000.0,139500.0,134000.0,135000.0,3839090
2021-03-24,133000.0,134500.0,131500.0,133500.0,3894080
2021-03-25,133000.0,134500.0,130500.0,133000.0,4157799
2021-03-26,134000.0,135000.0,132000.0,135000.0,3835443
2021-03-29,135500.0,135500.0,131500.0,132000.0,3575226
2021-03-30,133000.0,135500.0,132000.0,134500.0,3304184
2021-03-31,134500.0,135000.0,132000.0,132500.0,3309680
2021-04-01,138000.0,140500.0,136500.0,140500.0,5833436
2021-04-02,142000.0,143000.0,140000.0,141000.0,3432245
2021-04-05,142000.0,144500.0,141000.0,143000.0,2616440
2021-04-06,147000.0,147000.0,141500.0,143000.0,3753217
2021-04-07,146000.0,146000.0,142500.0,143500.0,2424687
2021-04-08,143500.0,146000.0,142500.0,144000.0,3774932
2021-04-09,144000.0,145000.0,139500.0,140000.0,3276077
2021-04-12,140500.0,140500.0,136000.0,137500.0,3878457
2021-04-13,136000.0,140000.0,135500.0,139500.0,2876178
2021-04-14,139000.0,139000.0,136500.0,137000.0,2777203
2021-04-15,136000.0,139000.0,136000.0,137500.0,2291160
2021-04-16,138500.0,139000.0,137500.0,137500.0,1982877
2021-04-19,138000.0,139000.0,137000.0,138000.0,1906782
2021-04-20,136500.0,138500.0,136500.0,138500.0,2167732
2021-04-21,138000.0,138000.0,132000.0,132500.0,5120577
2021-04-22,134500.0,135500.0,133000.0,133000.0,3007457
2021-04-23,130500.0,132500.0,128500.0,132500.0,4854412
2021-04-26,132500.0,132500.0,130500.0,131500.0,2904879
2021-04-27,133000.0,136000.0,132500.0,135000.0,3394650
2021-04-28,134500.0,135000.0,130000.0,130000.0,5596760
2021-04-29,132000.0,133000.0,129000.0,130000.0,3738266
2021-04-30,130000.0,130500.0,126500.0,128000.0,3955947
2021-05-03,127500.0,132500.0,127000.0,131500.0,4085398
2021-05-04,130500.0,132000.0,129000.0,132000.0,2547004
2021-05-06,130000.0,130500.0,128000.0,129000.0,4211535
2021-05-07,128000.0,131000.0,127000.0,129500.0,3450323
2021-05-10,131000.0,131000.0,128500.0,130000.0,3067077
2021-05-11,127000.0,127500.0,122000.0,123000.0,9882491
2021-05-12,123000.0,123500.0,119000.0,119500.0,8272196
2021-05-13,116000.0,118500.0,115500.0,117500.0,6042025
2021-05-14,118500.0,120000.0,118000.0,118500.0,3227201
2021-05-17,120000.0,120000.0,117000.0,117500.0,3110127
2021-05-18,117500.0,122000.0,117500.0,121000.0,3470048
2021-05-20,121000.0,124000.0,119500.0,122500.0,4600751
2021-05-21,124500.0,125500.0,121000.0,122500.0,4062695
2021-05-24,122000.0,122500.0,119000.0,119500.0,3188734
2021-05-25,121500.0,123000.0,120500.0,123000.0,3258364
2021-05-26,124000.0,124500.0,122000.0,123000.0,3015522
2021-05-27,124500.0,126000.0,123000.0,125500.0,4539067
2021-05-28,126500.0,126500.0,124000.0,125000.0,2332971
2021-05-31,126000.0,127000.0,124000.0,127000.0,2448074
2021-06-01,127000.0,129000.0,126000.0,128500.0,2819179
2021-06-02,128500.0,129000.0,125500.0,126000.0,2885654
2021-06-03,127000.0,130000.0,126500.0,129000.0,3353993
2021-06-04,127500.0,129000.0,126500.0,128500.0,2555891
2021-06-07,129500.0,130000.0,128000.0,128500.0,2562918
2021-06-08,127000.0,127500.0,125000.0,127500.0,4194955
2021-06-09,125500.0,126000.0,122500.0,122500.0,6087592
2021-06-10,122500.0,124000.0,120500.0,123000.0,4533076
2021-06-11,124500.0,128500.0,124000.0,128000.0,4868608
2021-06-14,127000.0,127500.0,125500.0,127000.0,2022730
2021-06-15,128500.0,129500.0,128000.0,128500.0,1975082
2021-06-16,128000.0,129500.0,127000.0,129500.0,1893752
2021-06-17,127000.0,128000.0,126000.0,126500.0,2123793
2021-06-18,127500.0,127500.0,124500.0,124500.0,2506112
2021-06-21,121000.0,123000.0,120500.0,122000.0,3275288
2021-06-22,122500.0,123500.0,122000.0,122000.0,2179712
2021-06-23,122500.0,124500.0,122000.0,124000.0,2703658
2021-06-24,124000.0,126500.0,123500.0,126000.0,2646407
2021-06-25,128000.0,129000.0,127500.0,128500.0,2531018
2021-06-28,129000.0,129500.0,126000.0,126000.0,2402730
2021-06-29,127500.0,128000.0,125000.0,125000.0,2211572
2021-06-30,126500.0,129500.0,126000.0,127500.0,4346027
2021-07-01,127500.0,128000.0,124000.0,124500.0,3336174
2021-07-02,122500.0,123500.0,121500.0,122500.0,3983921
2021-07-05,123500.0,124500.0,122500.0,123000.0,1632551
2021-07-06,124000.0,126000.0,123500.0,125000.0,2067135
2021-07-07,125000.0,125500.0,122500.0,123500.0,2229140
2021-07-08,123500.0,123500.0,121000.0,121500.0,3165552
2021-07-09,120500.0,120500.0,118000.0,119500.0,4823577
2021-07-12,121000.0,122000.0,119500.0,120000.0,2477201
2021-07-13,121000.0,123500.0,121000.0,123000.0,2879072
2021-07-14,122500.0,124000.0,121500.0,123500.0,2443087
2021-07-15,123500.0,124000.0,122500.0,123500.0,1500981
2021-07-16,122000.0,122500.0,120500.0,121500.0,2905546
2021-07-19,119000.0,120000.0,118500.0,119000.0,2066638
2021-07-20,117500.0,119500.0,117500.0,118500.0,2070074
2021-07-21,119500.0,120000.0,116500.0,117000.0,2864601
2021-07-22,118000.0,120000.0,118000.0,119500.0,1919233
2021-07-23,118500.0,119000.0,117500.0,118500.0,1747651
2021-07-26,119500.0,120000.0,117000.0,117000.0,1836657
2021-07-27,118000.0,119000.0,116000.0,116000.0,2916330
2021-07-28,115000.0,115500.0,112500.0,114000.0,6033084
2021-07-29,115000.0,115500.0,113000.0,114000.0,3054699
2021-07-30,114000.0,114000.0,112500.0,112500.0,2888566
2021-08-02,113500.0,117000.0,113000.0,116000.0,4276730
2021-08-03,118000.0,120500.0,117000.0,120000.0,4396423
2021-08-04,122000.0,123000.0,120500.0,121000.0,4162635
2021-08-05,121000.0,121500.0,118000.0,120000.0,3491584
2021-08-06,119000.0,119500.0,117500.0,118000.0,2209875
2021-08-09,117500.0,118000.0,116000.0,116000.0,2755724
2021-08-10,115000.0,115500.0,112000.0,112500.0,5420223
2021-08-11,109000.0,110000.0,105000.0,105500.0,13715267
2021-08-12,102000.0,104000.0,99800.0,100500.0,19150647
2021-08-13,99600.0,101500.0,98900.0,101500.0,11622957
2021-08-17,101000.0,103500.0,100500.0,101500.0,7851717
2021-08-18,103000.0,105500.0,101500.0,104000.0,8047599
2021-08-19,103000.0,105500.0,101500.0,102500.0,6161038
2021-08-20,104000.0,104500.0,102000.0,102500.0,4719139
2021-08-23,104500.0,105000.0,103000.0,103000.0,4515699
2021-08-24,104500.0,105500.0,104000.0,105000.0,4454743
2021-08-25,106000.0,106000.0,102500.0,103500.0,3194555
2021-08-26,106000.0,106500.0,103500.0,104000.0,3694741
2021-08-27,103500.0,104500.0,101000.0,103500.0,3507782
2021-08-30,105000.0,105500.0,103500.0,103500.0,1815758
2021-08-31,103500.0,106500.0,102000.0,106500.0,4979276
2021-09-01,106000.0,108000.0,104500.0,108000.0,4736183
2021-09-02,108000.0,108500.0,106000.0,106500.0,2724565
2021-09-03,106500.0,107500.0,106000.0,107000.0,2513486
2021-09-06,106500.0,107000.0,105000.0,106000.0,1888595
2021-09-07,105500.0,106000.0,104000.0,104500.0,2547667
2021-09-08,104000.0,107500.0,103500.0,106000.0,2891267
2021-09-09,105000.0,106000.0,103000.0,103000.0,3233011
2021-09-10,103500.0,105500.0,103000.0,105000.0,1999369
2021-09-13,105000.0,107000.0,104000.0,106500.0,1923344
2021-09-14,107500.0,108500.0,106500.0,107500.0,2463248
2021-09-15,107500.0,107500.0,105500.0,107500.0,2933797
2021-09-16,107000.0,107500.0,104000.0,104000.0,3602821
2021-09-17,104500.0,107500.0,104000.0,107000.0,3386517
2021-09-23,105500.0,107000.0,105000.0,105500.0,2493313
2021-09-24,106000.0,106500.0,104000.0,104000.0,2236954
2021-09-27,104000.0,105500.0,103500.0,104500.0,1839358
2021-09-28,105000.0,105500.0,103000.0,103500.0,2951945
2021-09-29,101000.0,102000.0,99700.0,100000.0,6353977
2021-09-30,99900.0,103500.0,99600.0,103000.0,3910557
2021-10-01,102000.0,102500.0,100000.0,100000.0,2681124
2021-10-05,98900.0,99500.0,97200.0,97900.0,3244145
2021-10-06,98400.0,98700.0,95800.0,96500.0,2816951
2021-10-07,96300.0,96800.0,95000.0,95700.0,3834957
2021-10-08,96200.0,96300.0,93500.0,94000.0,4098832
2021-10-12,92400.0,92900.0,90800.0,91500.0,4728215
2021-10-13,90900.0,93500.0,90500.0,92000.0,3045438
2021-10-14,92400.0,94500.0,92100.0,93800.0,2414639
2021-10-15,96000.0,98500.0,95700.0,98400.0,4229748
2021-10-18,98300.0,98300.0,96700.0,97100.0,2111399
2021-10-19,98600.0,98600.0,97100.0,97700.0,1400175
2021-10-20,98200.0,98600.0,97200.0,97900.0,2010529
2021-10-21,97300.0,98300.0,96100.0,96300.0,2152221
2021-10-22,95500.0,99200.0,95500.0,98500.0,1962833
2021-10-25,99500.0,101500.0,98300.0,100000.0,2950459
2021-10-26,101500.0,103500.0,101000.0,102000.0,3458645
2021-10-27,103000.0,104000.0,101500.0,101500.0,2859255
2021-10-28,102000.0,107500.0,101500.0,106500.0,6329703
2021-10-29,107000.0,108500.0,103000.0,103000.0,4007223
2021-11-01,103500.0,107000.0,102500.0,106500.0,3118661
2021-11-02,107000.0,108500.0,106500.0,107500.0,2892292
2021-11-03,108500.0,109000.0,104500.0,105500.0,3116506
2021-11-04,107000.0,108000.0,105500.0,106000.0,2059242
2021-11-05,108000.0,108500.0,105500.0,107000.0,2523345
2021-11-08,107000.0,108000.0,104000.0,107500.0,2212348
2021-11-09,108000.0,110000.0,107500.0,109000.0,3440686
2021-11-10,108500.0,109500.0,107500.0,108500.0,2361295
2021-11-11,107500.0,108000.0,105500.0,107500.0,2731498
2021-11-12,109000.0,109500.0,105500.0,106500.0,1786165
2021-11-15,108500.0,111500.0,108000.0,111000.0,4701568
2021-11-16,111000.0,113000.0,109000.0,112000.0,3767311
2021-11-17,113000.0,113000.0,110000.0,110500.0,3062491
2021-11-18,110000.0,111000.0,109000.0,110000.0,1928891
2021-11-19,110000.0,112500.0,110000.0,111500.0,2324668
2021-11-22,116500.0,121000.0,116000.0,119500.0,9786492
2021-11-23,119500.0,121000.0,117500.0,119000.0,4847270
2021-11-24,120500.0,122500.0,118000.0,119500.0,4001111
2021-11-25,120500.0,121000.0,117000.0,117500.0,3339835
2021-11-26,116500.0,118500.0,113000.0,115500.0,4337936
2021-11-29,113000.0,118500.0,113000.0,116000.0,4412863
2021-11-30,118000.0,119000.0,112500.0,114000.0,7449608
2021-12-01,114500.0,117500.0,112000.0,116500.0,4214135
2021-12-02,115500.0,120500.0,115000.0,120000.0,6980518
2021-12-03,119000.0,119500.0,115500.0,118000.0,4567843
2021-12-06,116000.0,119000.0,115500.0,118500.0,4318893
2021-12-07,119000.0,122500.0,118000.0,121500.0,5112025
2021-12-08,124000.0,125000.0,119500.0,120000.0,6168137
2021-12-09,120500.0,123500.0,119000.0,123500.0,5631833
2021-12-10,120500.0,121500.0,119500.0,120500.0,2512642
2021-12-13,121000.0,124000.0,121000.0,121500.0,3329176
2021-12-14,120500.0,123000.0,120000.0,121000.0,2201003
2021-12-15,120000.0,123500.0,120000.0,123500.0,2681332
2021-12-16,125000.0,125500.0,122500.0,124000.0,3869086
2021-12-17,120500.0,123000.0,120500.0,122000.0,3850444
2021-12-20,121500.0,123500.0,120500.0,120500.0,2846815
2021-12-21,124000.0,124500.0,122500.0,124500.0,3678590
2021-12-22,127500.0,128500.0,126000.0,127000.0,3817689
2021-12-23,129000.0,129000.0,126500.0,127500.0,2398358
2021-12-24,129000.0,130000.0,128000.0,128000.0,2462683
2021-12-27,128500.0,129000.0,126000.0,126000.0,2684135
2021-12-28,126500.0,128000.0,124500.0,127500.0,4086063
2021-12-29,127500.0,128500.0,125500.0,127000.0,3832154
2021-12-30,131000.0,133500.0,130000.0,131000.0,5172987
2022-01-04,129500.0,130000.0,127500.0,128500.0,3622369
2022-01-05,129000.0,129000.0,121500.0,125500.0,7414954
2022-01-06,123500.0,127000.0,123000.0,125000.0,3725569
2022-01-07,127000.0,129000.0,126500.0,127000.0,3270119
2022-01-10,126500.0,127000.0,123000.0,124500.0,3449197
2022-01-11,125500.0,128500.0,124500.0,128000.0,3958787
2022-01-12,129500.0,130000.0,126500.0,128500.0,3552174
2022-01-13,128500.0,130000.0,128000.0,129500.0,4155984
2022-01-14,128500.0,129000.0,126000.0,128500.0,3769648
2022-01-17,127500.0,128000.0,124500.0,127000.0,3730393
2022-01-18,126500.0,127500.0,125000.0,126500.0,3607850
2022-01-19,123500.0,128500.0,123500.0,127000.0,4094609
2022-01-20,126000.0,126500.0,123500.0,125000.0,5441986
2022-01-21,121500.0,122500.0,118000.0,119000.0,6465040
2022-01-24,116500.0,120500.0,116500.0,119000.0,4883822
2022-01-25,118000.0,120000.0,116500.0,118000.0,5702595
2022-01-26,118000.0,118000.0,118000.0,118000.0,0
2022-01-27,119500.0,119500.0,111000.0,113500.0,6679404
2022-01-28,115000.0,121500.0,114500.0,120500.0,4776510
2022-02-03,124500.0,127000.0,124000.0,124000.0,5171178
2022-02-04,125500.0,127000.0,124000.0,124500.0,3037097
2022-02-07,123000.0,123500.0,119500.0,123000.0,4804261
2022-02-08,123000.0,123000.0,123000.0,123000.0,0
2022-02-09,123000.0,123000.0,123000.0,123000.0,0
2022-02-10,129000.0,131000.0,127000.0,129500.0,7269729
2022-02-11,130500.0,132500.0,130000.0,132000.0,6057207
2022-02-14,130000.0,132500.0,129500.0,132500.0,4962205
2022-02-15,131500.0,132000.0,127000.0,127000.0,5097120
2022-02-16,131000.0,132500.0,130000.0,130500.0,3499809
2022-02-17,130500.0,134000.0,130000.0,133000.0,5433402
2022-02-18,131500.0,133000.0,129500.0,131500.0,3108887
2022-02-21,131500.0,131500.0,131500.0,131500.0,0
2022-02-22,131500.0,131500.0,131500.0,131500.0,0
2022-02-23,131500.0,131500.0,131500.0,131500.0,0
2022-02-24,125500.0,126000.0,122000.0,122500.0,5748069
2022-02-25,125500.0,126000.0,122500.0,123000.0,3309625
2022-02-28,123000.0,123000.0,123000.0,123000.0,0
2022-03-02,124500.0,126500.0,123000.0,125000.0,2903340
2022-03-03,128000.0,129500.0,127000.0,129000.0,3088097
2022-03-04,129000.0,129000.0,129000.0,129000.0,0
2022-03-07,119000.0,121000.0,119000.0,119500.0,5203286
2022-03-08,117000.0,119500.0,116500.0,118000.0,3619045
2022-03-10,118000.0,118000.0,118000.0,118000.0,0
2022-03-11,118000.0,118000.0,118000.0,118000.0,0
2022-03-14,115500.0,117000.0,114500.0,116000.0,3172353
2022-03-15,116000.0,116000.0,116000.0,116000.0,0
2022-03-16,116000.0,116000.0,116000.0,116000.0,0
2022-03-17,116000.0,116000.0,116000.0,116000.0,0
2022-03-18,124000.0,125000.0,121000.0,124000.0,4493159
2022-03-21,124000.0,124000.0,124000.0,124000.0,0
2022-03-22,121000.0,124000.0,121000.0,123500.0,2246439
2022-03-23,124000.0,124500.0,122000.0,123500.0,4085633
2022-03-24,121000.0,122000.0,119500.0,120500.0,4215272
2022-03-25,122000.0,123000.0,118000.0,118000.0,5514940
2022-03-28,117500.0,119500.0,116500.0,118000.0,3234792
2022-03-29,119500.0,120500.0,118500.0,120000.0,3375247
2022-03-30,123000.0,123000.0,120500.0,121000.0,3436282
2022-03-31,119500.0,120000.0,117500.0,118000.0,4558063
2022-04-01,117000.0,117500.0,116000.0,116000.0,3851558
2022-04-04,115000.0,117500.0,114500.0,117000.0,2470792
2022-04-05,117500.0,118000.0,116000.0,116500.0,2101474
2022-04-06,114500.0,115500.0,113000.0,113000.0,4541938
2022-04-07,111500.0,114500.0,110500.0,113500.0,5027865
2022-04-08,113000.0,114000.0,110500.0,112000.0,4268316
2022-04-11,111000.0,113000.0,110500.0,111500.0,2390786
2022-04-12,110500.0,113000.0,110500.0,111000.0,2738163
2022-04-13,112000.0,113000.0,111000.0,113000.0,2484490
2022-04-14,113000.0,113000.0,110000.0,110000.0,4715700
2022-04-15,108000.0,108500.0,107000.0,108000.0,3694012
2022-04-18,107000.0,109500.0,106500.0,109000.0,2670439
2022-04-19,110000.0,112500.0,109500.0,112500.0,3021192
2022-04-20,112500.0,113000.0,111000.0,112500.0,2905007
2022-04-21,112500.0,115000.0,112500.0,113000.0,3199858
2022-04-22,110500.0,112000.0,110500.0,110500.0,2360834
2022-04-25,109000.0,109500.0,108000.0,108000.0,2282343
2022-04-26,109500.0,111000.0,108000.0,111000.0,2969516
2022-04-27,108000.0,109500.0,107500.0,108500.0,3261290
2022-04-28,109500.0,110000.0,108000.0,109500.0,2804966
2022-04-29,110000.0,112500.0,109500.0,112500.0,3752415
2022-05-02,110000.0,111500.0,110000.0,110500.0,2175384
2022-05-03,111000.0,112000.0,109500.0,110000.0,2676115
2022-05-04,110500.0,111000.0,108500.0,109500.0,2491890
2022-05-06,108000.0,108500.0,106500.0,107500.0,2566813
2022-05-10,107000.0,111000.0,107000.0,110000.0,4141923
2022-05-11,110500.0,112500.0,108000.0,110500.0,3658168
2022-05-12,109500.0,111500.0,108500.0,109000.0,4132948
2022-05-13,109000.0,112500.0,109000.0,112500.0,4003349
2022-05-16,113500.0,114000.0,110000.0,110500.0,3930044
2022-05-17,111000.0,113000.0,110500.0,112500.0,2056143
2022-05-18,114000.0,115000.0,113000.0,113500.0,3570113
2022-05-19,110500.0,112500.0,110000.0,111000.0,3680049
2022-05-20,111500.0,113000.0,111000.0,112500.0,2398978
2022-05-23,113000.0,113500.0,111000.0,113000.0,3160028
2022-05-24,111500.0,112000.0,108500.0,108500.0,4491835
2022-05-25,109500.0,110000.0,107000.0,108000.0,4151560
2022-05-26,107500.0,108500.0,101500.0,103000.0,8523001
2022-05-27,105500.0,107000.0,105000.0,106000.0,3686487
2022-05-30,108000.0,108000.0,106000.0,107000.0,2054526
2022-05-31,106500.0,108000.0,105500.0,108000.0,4024509
2022-06-02,106000.0,107500.0,106000.0,107000.0,3097583
2022-06-03,108000.0,108500.0,107000.0,107000.0,1638006
2022-06-07,105500.0,106000.0,103500.0,104000.0,3174521
2022-06-08,104500.0,107500.0,104500.0,106000.0,3075530
2022-06-09,105500.0,107000.0,104500.0,105500.0,4640744
2022-06-10,104000.0,104500.0,102500.0,103500.0,3480289
2022-06-13,100000.0,101000.0,99000.0,99000.0,4133447
2022-06-14,96900.0,99600.0,96800.0,99100.0,3242550
2022-06-15,98500.0,98900.0,96700.0,97900.0,2578500
2022-06-16,99900.0,101500.0,97100.0,97400.0,3810703
2022-06-17,95100.0,96400.0,95000.0,96400.0,3965464
2022-06-20,96700.0,96800.0,93100.0,94500.0,2386222
2022-06-21,94700.0,95900.0,93900.0,95200.0,2707302
2022-06-22,95700.0,95700.0,91700.0,92200.0,3509830
2022-06-23,92100.0,93000.0,89700.0,90200.0,3983116
2022-06-24,90500.0,92000.0,90500.0,91600.0,3045970
2022-06-27,92700.0,96100.0,92600.0,95000.0,3408749
2022-06-28,94500.0,95300.0,93700.0,95300.0,2022966
2022-06-29,93300.0,94900.0,92900.0,94000.0,2529973
2022-06-30,91500.0,93100.0,91000.0,91000.0,3098854
2022-07-01,91000.0,92500.0,87100.0,87500.0,4959176
2022-07-04,87500.0,89600.0,86300.0,89100.0,4331728
2022-07-05,90400.0,93400.0,90400.0,92500.0,3560085
2022-07-06,92800.0,93600.0,90900.0,92100.0,3981326
2022-07-07,91300.0,95200.0,91300.0,93900.0,3330794
2022-07-08,95900.0,96500.0,94500.0,94800.0,2814478
2022-07-11,95000.0,95700.0,93500.0,93700.0,1885425
2022-07-12,94000.0,94000.0,91700.0,93300.0,2385688
2022-07-13,94600.0,96400.0,93800.0,94000.0,2721816
2022-07-14,92800.0,95500.0,92300.0,94000.0,2550307
2022-07-15,95900.0,99000.0,95500.0,98700.0,4457208
2022-07-18,101000.0,103500.0,100000.0,101000.0,4564780
2022-07-19,100000.0,100500.0,98700.0,100000.0,2709084
2022-07-20,103000.0,104500.0,101000.0,102000.0,3981053
2022-07-21,102000.0,103000.0,100500.0,102500.0,2143984
2022-07-22,102500.0,102500.0,100000.0,100000.0,3126556
2022-07-25,99100.0,101500.0,98900.0,100000.0,2185108
2022-07-26,100500.0,101000.0,99100.0,100500.0,1636970
2022-07-27,101000.0,101500.0,98600.0,100000.0,3159499
2022-07-28,101000.0,101500.0,98900.0,99400.0,3359717
2022-07-29,99900.0,100000.0,97400.0,97900.0,3899079
2022-08-01,97200.0,98100.0,96500.0,97100.0,2007646
2022-08-02,97200.0,97200.0,96200.0,96500.0,1916851
2022-08-03,96900.0,97500.0,96100.0,97500.0,1703330
2022-08-04,98000.0,98100.0,97100.0,97500.0,1960526
2022-08-05,98100.0,98700.0,97400.0,98500.0,2052852
2022-08-08,97700.0,97700.0,95800.0,96300.0,3206548
2022-08-09,96000.0,96100.0,94500.0,95100.0,3152955
2022-08-10,91800.0,93000.0,91800.0,91800.0,4356568
2022-08-11,93500.0,94400.0,92600.0,93300.0,5206962
2022-08-12,92800.0,94400.0,92600.0,93300.0,1910127
2022-08-16,94500.0,97600.0,94400.0,96700.0,4267280
2022-08-17,96800.0,97600.0,95900.0,97100.0,1764674
2022-08-18,95900.0,96400.0,95300.0,95700.0,1889587
2022-08-19,97000.0,97500.0,95900.0,96400.0,1890839
2022-08-22,95200.0,95600.0,94000.0,95200.0,2293601
2022-08-23,94100.0,95400.0,93600.0,93600.0,1932822
2022-08-24,93900.0,94200.0,93000.0,93200.0,1447036
2022-08-25,93600.0,94100.0,92100.0,94100.0,2189458
2022-08-26,95400.0,96800.0,94700.0,95100.0,2301949
2022-08-29,92700.0,93300.0,92000.0,92500.0,2619260
2022-08-30,92700.0,93400.0,92400.0,93200.0,1595242
2022-08-31,92600.0,95500.0,92100.0,95200.0,2421669
2022-09-01,93900.0,93900.0,92300.0,92400.0,2337521
2022-09-02,92700.0,93300.0,91600.0,91700.0,2036818
2022-09-05,91800.0,92400.0,90400.0,91100.0,1706148
2022-09-06,91900.0,92900.0,91100.0,91800.0,1389821
2022-09-07,91100.0,91100.0,89900.0,90400.0,2053413
2022-09-08,90500.0,91000.0,90000.0,90400.0,2012123
2022-09-13,91700.0,95200.0,91700.0,94800.0,3288428
2022-09-14,91700.0,93400.0,91300.0,93000.0,2444928
2022-09-15,92900.0,93000.0,91500.0,92000.0,1755820
2022-09-16,90900.0,91400.0,90000.0,91200.0,2243179
2022-09-19,90800.0,91500.0,90000.0,90000.0,2078633
2022-09-20,89000.0,90600.0,87500.0,88000.0,4259789
2022-09-21,87500.0,88500.0,86300.0,88000.0,2954420
2022-09-22,86300.0,86900.0,85900.0,86000.0,2204430
2022-09-23,85500.0,86600.0,83300.0,83500.0,3932242
2022-09-26,81500.0,83200.0,81500.0,82500.0,3281145
2022-09-27,82200.0,82700.0,80700.0,82000.0,2606333
2022-09-28,81900.0,83500.0,80500.0,81200.0,3068181
2022-09-29,82500.0,82900.0,80500.0,80800.0,2064798
2022-09-30,80900.0,83900.0,80400.0,83100.0,4711130
2022-10-04,85200.0,87200.0,85200.0,86200.0,4277404
2022-10-05,90000.0,90400.0,88100.0,89800.0,5927256
2022-10-06,90900.0,92000.0,89800.0,89900.0,3039698
2022-10-07,89600.0,91800.0,87800.0,91200.0,3100583
2022-10-11,89700.0,91200.0,88000.0,90200.0,3840842
2022-10-12,91000.0,94000.0,90900.0,94000.0,4648231
2022-10-13,93400.0,94900.0,92800.0,94900.0,4390570
2022-10-14,96000.0,96600.0,94300.0,95500.0,3516437
2022-10-17,94600.0,95300.0,94000.0,95200.0,2134558
2022-10-18,95900.0,96200.0,94600.0,95800.0,2618680
2022-10-19,94700.0,94900.0,92700.0,92900.0,3684934
2022-10-20,91000.0,91800.0,89000.0,90200.0,4547678
2022-10-21,89800.0,91400.0,89700.0,90500.0,2206754
2022-10-24,92200.0,93100.0,91200.0,91800.0,2165991
2022-10-25,91900.0,94800.0,91000.0,93500.0,2656194
2022-10-26,93300.0,95500.0,93200.0,93900.0,3310322
2022-10-27,95100.0,95100.0,89800.0,90000.0,4550273
2022-10-28,87100.0,87800.0,83000.0,83400.0,7748514
2022-10-31,84300.0,85400.0,82400.0,82700.0,6271574
2022-11-01,82700.0,83900.0,81400.0,83900.0,3820185
2022-11-02,84200.0,85500.0,83600.0,84500.0,2536363
2022-11-03,82600.0,83500.0,81900.0,82700.0,2901380
2022-11-04,82700.0,84600.0,81700.0,84500.0,3032985
2022-11-07,85400.0,86800.0,85000.0,86500.0,2765284
2022-11-08,87600.0,89000.0,87400.0,87700.0,2799575
2022-11-09,88100.0,89200.0,86600.0,89200.0,2619752
2022-11-10,89000.0,90800.0,88300.0,89100.0,3856811
2022-11-11,95200.0,95300.0,92500.0,93500.0,5002149
2022-11-14,93900.0,93900.0,90900.0,90900.0,2483441
2022-11-15,91300.0,92100.0,90400.0,91600.0,2460465
2022-11-16,92000.0,92400.0,90300.0,91500.0,2609199
2022-11-17,82400.0,88500.0,82000.0,87700.0,3703870
2022-11-18,88700.0,91500.0,88100.0,88400.0,2981192
2022-11-21,87600.0,87700.0,86100.0,86300.0,2111523
2022-11-22,85500.0,86600.0,84900.0,85200.0,1617131
2022-11-23,86100.0,86700.0,84900.0,85200.0,1480400
2022-11-24,86900.0,87200.0,85700.0,86900.0,2148255
2022-11-25,87200.0,87300.0,85100.0,85100.0,1439011
2022-11-28,84100.0,84200.0,82900.0,83100.0,2471506
2022-11-29,82700.0,83800.0,82100.0,83700.0,1501783
2022-11-30,83200.0,85400.0,83100.0,85000.0,3332708
2022-12-01,87300.0,87300.0,84600.0,84700.0,2878591
2022-12-02,83900.0,83900.0,81800.0,81900.0,4594058
2022-12-05,81900.0,82300.0,80700.0,81000.0,3516456
2022-12-06,79900.0,81100.0,79800.0,81000.0,2781352
2022-12-07,79900.0,80700.0,78700.0,78900.0,3589926
2022-12-08,78200.0,79800.0,78200.0,78800.0,3809847
2022-12-09,79400.0,81500.0,79300.0,81500.0,2985508
2022-12-12,80100.0,81300.0,79500.0,81100.0,1242007
2022-12-13,81300.0,82700.0,80500.0,82300.0,2761104
2022-12-14,82100.0,82600.0,81100.0,81800.0,2357491
2022-12-15,80600.0,81100.0,79900.0,80200.0,1713617
2022-12-16,77700.0,79400.0,77500.0,78400.0,3827227
2022-12-19,78300.0,80100.0,78300.0,79000.0,1813544
2022-12-20,78200.0,78900.0,77800.0,78300.0,1361926
2022-12-21,78500.0,79200.0,78000.0,78000.0,1513864
2022-12-22,78500.0,79300.0,77900.0,79200.0,2061883
2022-12-23,77800.0,78300.0,77300.0,77800.0,1554446
2022-12-26,77700.0,77700.0,76500.0,77000.0,1414717
2022-12-27,77500.0,77600.0,76500.0,77000.0,1694225
2022-12-28,76800.0,77000.0,75400.0,76000.0,1891221
2022-12-29,75200.0,75600.0,74700.0,75000.0,1736661
2023-01-02,75100.0,76700.0,75000.0,75700.0,1376985
2023-01-03,75600.0,76300.0,73100.0,75600.0,2719437
2023-01-04,75400.0,81900.0,75200.0,81000.0,5154609
2023-01-05,83300.0,83300.0,80800.0,81400.0,3510964
2023-01-06,81400.0,83600.0,81100.0,83100.0,3687430
2023-01-09,84900.0,86000.0,83500.0,86000.0,3948670
2023-01-10,85500.0,87200.0,85000.0,86500.0,3105311
2023-01-11,87800.0,88400.0,86500.0,87300.0,3083961
2023-01-12,88100.0,88100.0,85800.0,86800.0,3065582
2023-01-13,86800.0,87500.0,85400.0,85700.0,2058890
2023-01-16,86000.0,86500.0,84900.0,85800.0,1512876
2023-01-17,86400.0,87200.0,85700.0,86000.0,1586136
2023-01-18,86400.0,86500.0,84500.0,85100.0,1494262
2023-01-19,84000.0,85800.0,84000.0,85500.0,1674834
2023-01-20,86300.0,87800.0,86100.0,87600.0,2386074
2023-01-25,92000.0,92000.0,90600.0,91400.0,5019
2023-01-26,90800.0,92300.0,90100.0,91400.0,4542
2023-01-27,91300.0,92800.0,90300.0,91500.0,5083
2023-01-30,91300.0,91600.0,90000.0,90700.0,6289
2023-01-31,90800.0,90800.0,86800.0,88500.0,29971
2023-02-01,91200.0,91400.0,88500.0,91400.0,8975
2023-02-02,94900.0,94900.0,92700.0,91400.0,8254
2023-02-03,92400.0,93200.0,91300.0,92200.0,13644
2023-02-06,91400.0,92000.0,89100.0,89100.0,14291
2023-02-07,88800.0,91200.0,88800.0,90800.0,6885
2023-02-08,91700.0,95000.0,91600.0,94900.0,18320
2023-02-09,94800.0,94800.0,92600.0,94900.0,12117
2023-02-10,94300.0,94700.0,93100.0,93500.0,4669
2023-02-13,92000.0,92000.0,89900.0,90600.0,22453
2023-02-14,91800.0,93500.0,91600.0,93400.0,11361
2023-02-15,93800.0,94200.0,91200.0,91700.0,6599
2023-02-16,91900.0,93400.0,91600.0,92900.0,4182
2023-02-17,91400.0,92700.0,90900.0,92000.0,5053
2023-02-20,92700.0,93300.0,90700.0,92500.0,5083
2023-02-21,92500.0,92600.0,90900.0,91200.0,4942
2023-02-22,89900.0,90300.0,88500.0,89100.0,7566
2023-02-23,90000.0,93700.0,89600.0,92700.0,7805
2023-02-24,93500.0,94000.0,91000.0,91000.0,11917
2023-02-27,90100.0,90300.0,89100.0,90000.0,1893345
2023-02-28,91000.0,91000.0,88700.0,89400.0,2082486
2023-03-02,89400.0,90300.0,87500.0,88100.0,2744038
2023-03-03,88500.0,89200.0,87200.0,87300.0,2239958
2023-03-06,87900.0,89800.0,87500.0,89700.0,2374415
2023-03-07,89700.0,90000.0,88800.0,88900.0,1610948
2023-03-08,87700.0,87800.0,86400.0,86800.0,2790989
2023-03-09,87300.0,87800.0,85300.0,85600.0,3315016
2023-03-10,83800.0,84400.0,83100.0,83300.0,3559824
2023-03-13,83200.0,84700.0,82400.0,84300.0,2860341
2023-03-14,82600.0,83000.0,81100.0,81100.0,3359381
2023-03-15,81900.0,82300.0,78800.0,79100.0,5357314
2023-03-16,76700.0,80200.0,76700.0,79000.0,4804196
2023-03-17,81200.0,84800.0,81100.0,84000.0,6239588
2023-03-20,83800.0,85100.0,83000.0,83700.0,2223378
2023-03-21,84100.0,85100.0,82900.0,83600.0,1880231
2023-03-22,85200.0,87300.0,83800.0,86900.0,2667268
2023-03-23,85400.0,88500.0,85100.0,88500.0,3091673
2023-03-24,89100.0,90700.0,86700.0,87300.0,4670908
2023-03-27,87500.0,87800.0,84700.0,85500.0,3211190
2023-03-28,85300.0,88700.0,85200.0,88400.0,3180431
2023-03-29,87400.0,88700.0,86500.0,86900.0,3070422
2023-03-30,89900.0,90500.0,87700.0,88800.0,4264354
2023-03-31,89200.0,89500.0,87600.0,88600.0,2676327
2023-04-03,89700.0,89700.0,86600.0,87200.0,2502220
2023-04-04,85700.0,85900.0,83700.0,84500.0,16808036
2023-04-05,84300.0,85700.0,84100.0,84600.0,4380498
2023-04-06,83900.0,84700.0,82700.0,83800.0,5379170
2023-04-07,87900.0,89400.0,86000.0,89100.0,10867359
2023-04-10,88700.0,92500.0,88500.0,90700.0,5387514
2023-04-11,90700.0,92200.0,89900.0,91800.0,5001836
2023-04-12,91900.0,92000.0,89700.0,90300.0,4751001
2023-04-13,89500.0,90300.0,88200.0,88700.0,4907552
2023-04-14,90100.0,90300.0,88600.0,89300.0,2324722
2023-04-17,89000.0,89000.0,87700.0,88500.0,1877825
2023-04-18,89300.0,89300.0,87300.0,87600.0,1763334
2023-04-19,88000.0,88500.0,86600.0,88200.0,2024519
2023-04-20,86600.0,88400.0,86200.0,87700.0,1746001
2023-04-21,87700.0,89800.0,87200.0,89100.0,2624982
2023-04-24,88100.0,88800.0,87000.0,87200.0,2054455
2023-04-25,87500.0,87800.0,83700.0,85500.0,4096411
2023-04-26,86400.0,88700.0,86200.0,87400.0,3240654
2023-04-27,87900.0,89200.0,86000.0,88800.0,2980163
2023-04-28,90800.0,91400.0,88700.0,89500.0,3737493
2023-05-02,90900.0,90900.0,88900.0,90200.0,2427349
2023-05-03,89000.0,90300.0,88600.0,89800.0,1779615
2023-05-04,88900.0,89600.0,87500.0,88700.0,1794303
2023-05-08,89700.0,90000.0,87700.0,88700.0,2615242
2023-05-09,88400.0,88600.0,86700.0,87300.0,2297473
2023-05-10,87200.0,87700.0,86300.0,86900.0,2137658
2023-05-11,86900.0,87300.0,85000.0,86300.0,2806299
2023-05-12,86300.0,87600.0,86200.0,87200.0,2712372
2023-05-15,87000.0,87100.0,85500.0,86400.0,2357794
2023-05-16,89500.0,90700.0,88500.0,90400.0,5121364
2023-05-17,92000.0,92000.0,90300.0,91900.0,3340386
2023-05-18,92800.0,94000.0,92000.0,93600.0,3473641
2023-05-19,95000.0,97900.0,94900.0,97300.0,5062669
2023-05-22,97700.0,99400.0,97100.0,98200.0,4248401
2023-05-23,99000.0,99000.0,97000.0,97900.0,2472514
2023-05-24,97400.0,97800.0,96300.0,97700.0,2097933
2023-05-25,104300.0,104300.0,101100.0,103500.0,7431586
2023-05-26,107500.0,110500.0,106100.0,109200.0,10136706
2023-05-30,113200.0,113400.0,109500.0,110300.0,9058509
2023-05-31,110000.0,110900.0,108500.0,108600.0,8166685
2023-06-01,106000.0,110500.0,106000.0,110300.0,5553560
2023-06-02,111000.0,112700.0,109200.0,110300.0,3991904
2023-06-05,110100.0,110500.0,108500.0,108700.0,3316020
2023-06-07,108700.0,109300.0,108000.0,108000.0,3313460
2023-06-08,107000.0,109700.0,106700.0,109700.0,4355468
2023-06-09,110300.0,115600.0,108300.0,115400.0,7950947
2023-06-12,114400.0,115800.0,114000.0,114800.0,2637721
2023-06-13,117000.0,120100.0,117000.0,119500.0,6232477
2023-06-14,118800.0,119700.0,118100.0,118800.0,3240260
2023-06-15,120200.0,121100.0,118000.0,119000.0,3778592
2023-06-16,117300.0,119800.0,116300.0,118900.0,4303391
2023-06-19,118000.0,118500.0,113500.0,114800.0,4208396
2023-06-20,114000.0,117000.0,113200.0,116100.0,3319570
2023-06-21,116200.0,117500.0,114600.0,115100.0,2728146
2023-06-22,114200.0,115900.0,113400.0,114000.0,2612402
2023-06-23,114000.0,115200.0,112500.0,113600.0,2987472
2023-06-26,113100.0,113900.0,111200.0,113500.0,3350758
2023-06-27,114000.0,114000.0,110800.0,113000.0,3602087
2023-06-28,114200.0,115200.0,112800.0,114300.0,3178571
2023-06-29,115200.0,117400.0,114500.0,116200.0,4398301
2023-06-30,114600.0,115500.0,113200.0,115200.0,2674318
2023-07-03,115300.0,118900.0,115300.0,117600.0,3022009
2023-07-04,118200.0,118400.0,117200.0,117900.0,1988592
2023-07-05,118100.0,118200.0,116100.0,116700.0,2483034
2023-07-06,116000.0,116100.0,113100.0,113800.0,3465047
2023-07-07,112700.0,113000.0,111200.0,111800.0,2781723
2023-07-10,111800.0,112900.0,109700.0,110300.0,3163245
2023-07-11,111500.0,113400.0,111200.0,113400.0,2209391
2023-07-12,113200.0,115400.0,112800.0,115400.0,2228477
2023-07-13,115400.0,117000.0,113600.0,114100.0,3421492
2023-07-14,115500.0,120200.0,115300.0,118000.0,5817889
2023-07-17,116900.0,118700.0,116000.0,117200.0,2427281
2023-07-18,117500.0,119000.0,116700.0,117800.0,2299880
2023-07-19,118700.0,119100.0,116700.0,117500.0,2580301
2023-07-20,116500.0,117500.0,115200.0,116900.0,1949776
2023-07-21,114700.0,115100.0,113200.0,115100.0,2745384
2023-07-24,114100.0,114900.0,112900.0,114000.0,2761991
2023-07-25,114000.0,114200.0,112200.0,113400.0,2678385
2023-07-26,116000.0,116100.0,111300.0,113000.0,4995935
2023-07-27,115000.0,124000.0,114100.0,124000.0,9638980
2023-07-28,126200.0,129000.0,122000.0,128000.0,8718746
2023-07-31,128000.0,128500.0,122500.0,123400.0,4623350
2023-08-01,124000.0,126400.0,120700.0,125100.0,4656047
2023-08-02,123300.0,124800.0,118700.0,119500.0,3765478
2023-08-03,119000.0,121300.0,117200.0,120000.0,3498537
2023-08-04,118300.0,120900.0,118100.0,120100.0,2375384
2023-08-07,120600.0,124900.0,120500.0,121900.0,3724826
2023-08-08,121900.0,122400.0,118300.0,118600.0,2729243
2023-08-09,118500.0,119200.0,117200.0,118500.0,2551668
2023-08-10,117400.0,118500.0,115100.0,118500.0,2622604
2023-08-11,118000.0,119400.0,115200.0,115300.0,2412381
2023-08-14,114600.0,117300.0,114000.0,114900.0,2038360
2023-08-16,117200.0,118500.0,115000.0,115800.0,3870479
2023-08-17,114300.0,115500.0,112500.0,114800.0,3064253
2023-08-18,112600.0,118700.0,111800.0,117200.0,3329697
2023-08-21,117300.0,118500.0,115600.0,116400.0,2621973
2023-08-22,120000.0,120900.0,114900.0,116500.0,3349473
2023-08-23,116200.0,116800.0,114100.0,116000.0,2573292
2023-08-24,122300.0,123600.0,120300.0,120900.0,6368401
2023-08-25,117400.0,118300.0,115300.0,116500.0,3533647
2023-08-28,117000.0,117500.0,115500.0,115900.0,1746882
2023-08-29,118300.0,120300.0,117100.0,118600.0,2682352
2023-08-30,122400.0,122800.0,119400.0,119400.0,2629711
2023-08-31,121000.0,122800.0,120000.0,121800.0,4403695
2023-09-01,121400.0,122600.0,119600.0,120000.0,2886011
2023-09-04,118300.0,119700.0,116200.0,119200.0,3491280
2023-09-05,118100.0,121000.0,117700.0,119400.0,1749591
2023-09-06,118600.0,120000.0,117800.0,118200.0,1615519
2023-09-07,118200.0,120900.0,117100.0,118500.0,2995088
2023-09-08,117000.0,117100.0,112800.0,113700.0,4943255
2023-09-11,113700.0,116000.0,112900.0,115900.0,2542590
2023-09-12,115400.0,117500.0,113900.0,116700.0,2749688
2023-09-13,117900.0,120700.0,116900.0,118500.0,3860589
2023-09-14,118600.0,122200.0,118600.0,122200.0,3948784
2023-09-15,122900.0,124400.0,121600.0,122400.0,3579662
2023-09-18,120300.0,122900.0,118800.0,119000.0,2356621
2023-09-19,119400.0,121300.0,118600.0,119200.0,1921912
2023-09-20,118900.0,119700.0,116700.0,118000.0,2228681
2023-09-21,116000.0,116900.0,114100.0,116500.0,3151900
2023-09-22,114300.0,117300.0,114200.0,117300.0,2938386
2023-09-25,115900.0,117700.0,115700.0,117000.0,2181722
2023-09-26,117000.0,117200.0,113300.0,115000.0,3237819
2023-09-27,113000.0,115200.0,112300.0,114700.0,3060751
2023-10-04,113000.0,116600.0,113000.0,115400.0,4447702
2023-10-05,122900.0,122900.0,118100.0,120200.0,6112858
2023-10-06,120200.0,121600.0,119000.0,120400.0,4158083
2023-10-10,122800.0,124300.0,119500.0,119500.0,5580659
2023-10-11,123000.0,123900.0,119200.0,119200.0,4293299
2023-10-12,121100.0,124200.0,120500.0,124200.0,4016352
2023-10-13,123100.0,126300.0,122500.0,124700.0,3205273
2023-10-16,124700.0,125200.0,122400.0,124100.0,3008476
2023-10-17,125000.0,130800.0,123500.0,130000.0,6411880
2023-10-18,128600.0,130700.0,127200.0,130000.0,4760148
2023-10-19,127600.0,128900.0,125100.0,125700.0,5089745
2023-10-20,124300.0,127200.0,122800.0,126200.0,3868266
2023-10-23,126800.0,127200.0,123500.0,124000.0,2432303
2023-10-24,125400.0,127000.0,123900.0,126800.0,2802010
2023-10-25,127500.0,129000.0,126100.0,127500.0,3053002
2023-10-26,122100.0,124800.0,119500.0,120000.0,5961584
2023-10-27,119800.0,120900.0,117500.0,119100.0,5486088
2023-10-30,119100.0,121700.0,118700.0,119100.0,2798497
2023-10-31,119800.0,120900.0,116300.0,116300.0,3166739
2023-11-01,117900.0,120300.0,117000.0,120300.0,2707225
2023-11-02,123900.0,125400.0,123100.0,125300.0,3736208
2023-11-03,126500.0,127200.0,125000.0,125800.0,2796773
2023-11-06,125800.0,133000.0,125800.0,133000.0,6923192
2023-11-07,132000.0,133500.0,129300.0,130400.0,4940510
2023-11-08,131600.0,132700.0,126600.0,127600.0,3328279
2023-11-09,127700.0,129800.0,126700.0,128000.0,2228081
2023-11-10,127900.0,130800.0,127000.0,130500.0,2656526
2023-11-13,133000.0,134100.0,131000.0,131800.0,2644761
2023-11-14,133500.0,133500.0,130000.0,130000.0,2589591
2023-11-15,133900.0,134200.0,132100.0,134100.0,3616292
2023-11-16,133000.0,134400.0,131200.0,132300.0,2456351
2023-11-17,131500.0,132000.0,129100.0,129900.0,2438499
2023-11-20,129300.0,132000.0,129300.0,131400.0,2004403
2023-11-21,132000.0,133300.0,131600.0,132000.0,2439306
2023-11-22,129600.0,131600.0,129500.0,131300.0,2128566
2023-11-23,130600.0,131400.0,129500.0,130100.0,1839516
2023-11-24,130600.0,131000.0,128000.0,128000.0,1925668
2023-11-27,129200.0,130700.0,128400.0,130700.0,2264243
2023-11-28,132100.0,132100.0,129900.0,131400.0,2562226
2023-11-29,130200.0,131000.0,128900.0,130400.0,2227853
2023-11-30,129900.0,133900.0,129900.0,133900.0,3625365
2023-12-01,132200.0,133000.0,130800.0,132600.0,3641222
2023-12-04,133400.0,134600.0,131100.0,131100.0,2680820
2023-12-05,129700.0,130000.0,125400.0,125900.0,4375531
2023-12-06,126800.0,127500.0,125400.0,125600.0,2667583
2023-12-07,125600.0,127800.0,124500.0,125600.0,2478565
2023-12-08,128100.0,129100.0,127500.0,127500.0,2762531
2023-12-11,128700.0,129100.0,127300.0,128900.0,3696790
2023-12-12,130600.0,131900.0,130500.0,131000.0,3126577
2023-12-13,130000.0,132400.0,130000.0,131200.0,2852873
2023-12-14,133700.0,138300.0,133600.0,136700.0,8217135
2023-12-15,137000.0,140000.0,137000.0,140000.0,5011719
2023-12-18,139000.0,140800.0,138900.0,140000.0,2540812
2023-12-19,140000.0,140800.0,138100.0,138200.0,2309721
2023-12-20,139900.0,140800.0,139300.0,140500.0,3108011
2023-12-21,139200.0,140600.0,138100.0,140500.0,2737124
2023-12-22,142700.0,143700.0,140600.0,140600.0,3183709
2023-12-26,142000.0,142000.0,139400.0,140900.0,2239789
2023-12-27,140800.0,141600.0,139200.0,140400.0,2336777
2023-12-28,140900.0,141600.0,139500.0,141500.0,2459473
2024-01-02,139700.0,142800.0,139700.0,142400.0,2147458
2024-01-03,140000.0,140800.0,136800.0,136800.0,3257820
2024-01-04,136800.0,138800.0,135800.0,136400.0,2661970
2024-01-05,135800.0,137500.0,135800.0,137500.0,1846781
2024-01-08,137500.0,137900.0,135400.0,136000.0,2498302
2024-01-09,139000.0,139500.0,136600.0,137400.0,3473806
2024-01-10,137700.0,138100.0,132100.0,133500.0,3769252
2024-01-11,132400.0,137100.0,132400.0,136000.0,3594909
2024-01-12,136400.0,137300.0,133400.0,134100.0,1878915
2024-01-15,134800.0,135100.0,133500.0,134100.0,353911
2024-01-16,132600.0,133700.0,131100.0,132100.0,3670169
2024-01-17,133800.0,134500.0,129000.0,131000.0,3822702
2024-01-18,131500.0,136800.0,130600.0,136200.0,3050556
2024-01-19,138700.0,141300.0,137400.0,141300.0,4946040
2024-01-22,145200.0,145400.0,142300.0,142600.0,3784276
2024-01-23,142300.0,142800.0,138300.0,140800.0,2912611
2024-01-24,140000.0,141700.0,137600.0,141500.0,2580665
2024-01-25,142700.0,143700.0,136900.0,137400.0,4708651
2024-01-26,136200.0,138600.0,136000.0,136000.0,3247410
2024-01-29,135500.0,137000.0,135000.0,135000.0,2311854
2024-01-30,135300.0,137800.0,134400.0,136900.0,2297631
2024-01-31,134800.0,136600.0,133600.0,134700.0,2815362
2024-02-01,133100.0,135600.0,131700.0,132700.0,3778274
2024-02-02,132300.0,135300.0,132200.0,134900.0,3708253
2024-02-05,134900.0,135800.0,131700.0,132300.0,3300954
2024-02-06,133700.0,138400.0,132000.0,138000.0,4672324
2024-02-07,136600.0,138500.0,135500.0,138000.0,3348045
2024-02-08,139000.0,143000.0,137900.0,142800.0,5780714
2024-02-13,146800.0,150000.0,145000.0,150000.0,6902585
2024-02-14,146300.0,149200.0,144900.0,148700.0,4396924
2024-02-15,151300.0,152700.0,148000.0,148900.0,3560211
2024-02-16,150600.0,150600.0,145700.0,146800.0,3265836
2024-02-19,146200.0,153200.0,146000.0,151300.0,3997323
2024-02-20,150300.0,151100.0,147500.0,149600.0,3507601
2024-02-21,147100.0,152200.0,147100.0,149000.0,4278500
2024-02-22,154500.0,156500.0,152600.0,156500.0,5966352
2024-02-23,166900.0,166900.0,159800.0,161400.0,7012032
2024-02-26,158400.0,164800.0,158400.0,161800.0,4329477
2024-02-27,159000.0,160000.0,153300.0,153800.0,6107954
2024-02-28,154500.0,159200.0,153800.0,158000.0,3666960
2024-02-29,154900.0,158400.0,154500.0,156200.0,3386307
2024-03-04,161000.0,168100.0,160700.0,166500.0,5230909
2024-03-05,165100.0,169000.0,164100.0,165800.0,3612530
2024-03-06,164100.0,165500.0,162700.0,162900.0,2672526
2024-03-07,164500.0,165900.0,161000.0,164900.0,3052700
2024-03-08,169800.0,174900.0,169300.0,171900.0,5089650
2024-03-11,165000.0,168900.0,164700.0,166600.0,3450905
2024-03-12,166100.0,167200.0,164000.0,165700.0,3102706
2024-03-13,168600.0,169700.0,162000.0,163600.0,5072935
2024-03-14,163600.0,164200.0,161100.0,161900.0,3655060
2024-03-15,159600.0,162900.0,158600.0,161200.0,4099531
2024-03-18,161200.0,164500.0,161000.0,164300.0,2696598
2024-03-19,161700.0,161800.0,157600.0,160200.0,4159293
2024-03-20,160200.0,161400.0,154100.0,156500.0,5692523
2024-03-21,165200.0,171400.0,162600.0,170000.0,9205769
2024-03-22,169000.0,173900.0,167400.0,169800.0,5400916
2024-03-25,170500.0,174800.0,168500.0,169400.0,3434516
2024-03-26,172000.0,179500.0,171900.0,176600.0,6549669
2024-03-27,176700.0,183000.0,175600.0,181200.0,5774536
2024-03-28,178000.0,182100.0,178000.0,178200.0,3424716
2024-03-29,179200.0,183900.0,177600.0,183000.0,3035080
2024-04-01,186400.0,190500.0,185000.0,185500.0,2723474
2024-04-02,188000.0,190000.0,184400.0,186300.0,4207759
2024-04-03,182000.0,183700.0,178200.0,179200.0,5416518
2024-04-04,184400.0,188500.0,184000.0,188000.0,5344102
2024-04-05,184800.0,187600.0,181800.0,182800.0,4043133
2024-04-08,183900.0,183900.0,180000.0,181200.0,3278855
2024-04-09,182300.0,185300.0,181700.0,182900.0,2302751
2024-04-11,182900.0,188400.0,182400.0,188400.0,4098231
2024-04-12,188700.0,191400.0,187000.0,187400.0,3097301
2024-04-15,185400.0,188400.0,183000.0,188200.0,2672047
2024-04-16,184400.0,185500.0,178300.0,179100.0,4956035
2024-04-17,179600.0,182500.0,177700.0,178700.0,4340591
2024-04-18,176000.0,183300.0,175400.0,182300.0,4170243
2024-04-19,177200.0,178500.0,169500.0,173300.0,7545976
2024-04-22,170700.0,172400.0,167000.0,171600.0,5882906
2024-04-23,172600.0,173700.0,169700.0,171000.0,3975371
2024-04-24,178900.0,180200.0,176300.0,179800.0,4254632
2024-04-25,173800.0,176700.0,170600.0,170600.0,5332149
2024-04-26,176200.0,178300.0,174900.0,177800.0,5471765
2024-04-29,179100.0,180400.0,175600.0,175900.0,2892809
2024-04-30,175900.0,179000.0,173800.0,174200.0,3655060
2024-05-02,169000.0,174700.0,169000.0,173600.0,3168250
2024-05-03,177000.0,177500.0,173200.0,173200.0,2336256
2024-05-07,179400.0,180900.0,179300.0,179600.0,4349589
2024-05-08,177600.0,179400.0,176000.0,178000.0,2304744
2024-05-09,179000.0,179400.0,175400.0,175400.0,2861600
2024-05-10,176500.0,180100.0,176400.0,179900.0,2813668
2024-05-13,180000.0,184000.0,179000.0,183800.0,3230023
2024-05-14,184200.0,185800.0,181800.0,185300.0,2763069
2024-05-16,191100.0,194000.0,191100.0,193000.0,5083178
2024-05-17,192000.0,193500.0,189900.0,189900.0,2841394
2024-05-20,192300.0,193200.0,188600.0,190100.0,3592128
2024-05-21,193400.0,193500.0,191200.0,192000.0,2468109
2024-05-22,191900.0,197700.0,190900.0,197700.0,3949439
2024-05-23,203500.0,204000.0,198200.0,200000.0,4681849
2024-05-24,199800.0,202500.0,197500.0,198600.0,3793872
2024-05-27,203500.0,209000.0,199100.0,201500.0,4774882
2024-05-28,202500.0,205500.0,200500.0,202500.0,2084945
2024-05-29,210000.0,210000.0,200500.0,202500.0,3073139
2024-05-30,202500.0,202500.0,195700.0,195700.0,2402236
2024-05-31,194400.0,195200.0,188200.0,189200.0,5958829
2024-06-03,189500.0,194600.0,188200.0,194200.0,2982443
2024-06-04,196400.0,196500.0,192900.0,193300.0,1996780
2024-06-05,189400.0,195200.0,188800.0,193700.0,2709631
2024-06-07,199500.0,207500.0,197300.0,207500.0,4805326
2024-06-10,206000.0,209500.0,205000.0,208000.0,2448961
2024-06-11,210000.0,215000.0,206000.0,212500.0,3070163
2024-06-12,212000.0,216000.0,211000.0,215000.0,2151331
2024-06-13,226000.0,226500.0,219000.0,222000.0,5777279
2024-06-14,225000.0,225000.0,216000.0,221000.0,3311223
2024-06-17,219000.0,229500.0,219000.0,223000.0,2198340
2024-06-18,227000.0,234500.0,227000.0,234500.0,3136231
2024-06-19,235000.0,243000.0,231500.0,233500.0,3758652
2024-06-20,233500.0,238500.0,231000.0,237500.0,2927358
2024-06-21,230500.0,234500.0,230000.0,234000.0,3848394
2024-06-24,228000.0,230000.0,220000.0,223000.0,5080726
2024-06-25,215500.0,225000.0,215000.0,225000.0,5730999
2024-06-26,228000.0,238500.0,227500.0,237000.0,5166862
2024-06-27,229500.0,239000.0,227500.0,236500.0,3763005
2024-06-28,235500.0,237500.0,232500.0,236500.0,2368287
2024-07-01,233500.0,236500.0,232000.0,235500.0,1709955
2024-07-02,235500.0,237000.0,230500.0,232000.0,2343947
2024-07-03,231000.0,236000.0,225000.0,236000.0,3315677
2024-07-04,240500.0,240500.0,225000.0,230000.0,7599882
2024-07-05,228500.0,237500.0,227500.0,236000.0,4041293
2024-07-08,234000.0,237000.0,232500.0,233500.0,2309023
2024-07-09,235500.0,241000.0,233000.0,238500.0,4810781
2024-07-10,237500.0,239000.0,234000.0,239000.0,2579373
2024-07-11,242500.0,248500.0,241000.0,241000.0,5336097
2024-07-12,232000.0,236000.0,230000.0,233000.0,4972976
2024-07-15,235000.0,235500.0,226500.0,230000.0,3301380
2024-07-16,226500.0,235000.0,224000.0,233000.0,3982189
2024-07-17,229500.0,230000.0,220500.0,220500.0,6051510
2024-07-18,212500.0,215000.0,209000.0,212500.0,8847665
2024-07-19,208500.0,214000.0,207000.0,209500.0,4519170
2024-07-22,209000.0,209500.0,200500.0,205000.0,6662441
2024-07-23,208500.0,209500.0,200500.0,205000.0,5976519
2024-07-24,202000.0,212500.0,200000.0,208500.0,4838734
2024-07-25,196200.0,198800.0,189000.0,190000.0,12503762
2024-07-26,190800.0,194500.0,186100.0,191800.0,8769107
2024-07-29,195000.0,195700.0,192200.0,195600.0,4017366
2024-07-30,191300.0,192200.0,186500.0,188900.0,5165131
2024-07-31,188000.0,195000.0,185200.0,194600.0,6439929
2024-08-01,201500.0,201500.0,193300.0,193300.0,6457167
2024-08-02,183600.0,184000.0,172400.0,173200.0,13050139
2024-08-05,168000.0,171200.0,151600.0,156100.0,12358821
2024-08-06,165100.0,166400.0,161500.0,163700.0,10717321
2024-08-07,160900.0,171000.0,157400.0,169300.0,9732037
2024-08-08,162600.0,168200.0,161200.0,163400.0,5370361
2024-08-09,172800.0,172800.0,168800.0,171500.0,5141277
2024-08-12,174500.0,179800.0,172600.0,177000.0,4413736
2024-08-13,179900.0,182400.0,178800.0,181900.0,4234287
2024-08-14,188000.0,188100.0,184700.0,186700.0,4420516
2024-08-16,196000.0,200000.0,194700.0,199700.0,6959688
2024-08-19,199900.0,199900.0,192400.0,193900.0,3977026
2024-08-20,198700.0,202500.0,198100.0,199700.0,4258190
2024-08-21,193000.0,195400.0,191100.0,192600.0,4508983
2024-08-22,192000.0,194400.0,189000.0,191100.0,3166217
2024-08-23,186000.0,189300.0,185400.0,185500.0,4371332
2024-08-26,187800.0,188500.0,179600.0,179600.0,4913204
2024-08-27,176800.0,180200.0,173400.0,175000.0,5796566
2024-08-28,175000.0,180800.0,174000.0,179300.0,5590086
2024-08-29,167600.0,171700.0,167200.0,169700.0,8284585
2024-08-30,171000.0,175500.0,169400.0,173700.0,4498221
2024-09-02,173600.0,174900.0,168400.0,174000.0,3507670
2024-09-03,172900.0,173800.0,168300.0,168300.0,3286574
2024-09-04,152900.0,159000.0,152900.0,154800.0,10020391
2024-09-05,157000.0,163000.0,156600.0,159400.0,5349484
2024-09-06,157100.0,158200.0,154900.0,156400.0,3459914
2024-09-09,151800.0,157700.0,150500.0,157000.0,4484162
2024-09-10,157400.0,161700.0,154300.0,155500.0,4718523
2024-09-11,156800.0,158700.0,154300.0,157200.0,3203928
2024-09-12,165200.0,171300.0,163800.0,168800.0,8628996
2024-09-13,166500.0,166700.0,161100.0,162800.0,5246578
2024-09-19,154700.0,155700.0,144700.0,152800.0,15001257
2024-09-20,160500.0,160800.0,155900.0,157100.0,7155655
2024-09-23,155800.0,162900.0,155700.0,162000.0,4497592
2024-09-24,163700.0,163700.0,159200.0,163500.0,3442530
2024-09-25,166700.0,169300.0,165000.0,165300.0,4665075
2024-09-26,178400.0,180900.0,176200.0,180900.0,9519633
2024-09-27,187500.0,189300.0,183800.0,183800.0,6886272
2024-09-30,183700.0,183800.0,174600.0,174600.0,4859468
2024-10-02,172700.0,175500.0,169100.0,169100.0,4720638
2024-10-04,171700.0,175600.0,170700.0,174100.0,3633358
2024-10-07,178400.0,184900.0,176000.0,184900.0,3904925
2024-10-08,182200.0,185000.0,178000.0,178000.0,3988028
2024-10-10,184500.0,188100.0,183400.0,186700.0,6325045
2024-10-11,190000.0,191200.0,185100.0,186000.0,3475666
2024-10-14,186900.0,192300.0,186900.0,186000.0,3309274
2024-10-15,191900.0,193200.0,189700.0,192900.0,4060365
2024-10-16,184700.0,192500.0,183600.0,188700.0,4787317
2024-10-17,191200.0,196000.0,188700.0,196000.0,3996946
2024-10-18,198200.0,198200.0,186200.0,187300.0,5509895
2024-10-21,189400.0,192300.0,188000.0,190900.0,2428544
2024-10-22,195300.0,195300.0,187500.0,187800.0,3466963
2024-10-23,188500.0,196700.0,188000.0,196000.0,4366079
2024-10-24,193500.0,202000.0,190000.0,198200.0,6344515
2024-10-25,203000.0,206000.0,199400.0,201000.0,5530362
2024-10-28,203500.0,205000.0,194200.0,196000.0,4114186
2024-10-29,196000.0,197000.0,189100.0,190300.0,4067991
2024-10-30,190200.0,195400.0,189400.0,195000.0,3580400
2024-10-31,189900.0,192900.0,186100.0,186300.0,4573282
2024-11-01,182500.0,184900.0,180500.0,182200.0,3478519
2024-11-04,185200.0,194000.0,183700.0,194000.0,3569575
2024-11-05,193600.0,198800.0,192100.0,193200.0,3560310
2024-11-06,197700.0,199200.0,192700.0,195800.0,3460361
2024-11-07,197400.0,198300.0,193100.0,195800.0,2976546
2024-11-08,200500.0,203000.0,198800.0,200500.0,3031573
2024-11-11,199300.0,199300.0,192400.0,192600.0,2636191
2024-11-12,192500.0,192500.0,184900.0,185800.0,3920254
2024-11-13,185700.0,189500.0,182600.0,182900.0,3172827
2024-11-14,182900.0,184900.0,171700.0,173000.0,6309368
2024-11-15,174000.0,179000.0,173600.0,178200.0,4330750
2024-11-18,173800.0,177800.0,170300.0,171700.0,3885644
2024-11-19,170400.0,172900.0,168100.0,170600.0,4075013
2024-11-20,175000.0,175100.0,170200.0,170600.0,3689296
2024-11-21,168200.0,173000.0,168200.0,168800.0,3821502
2024-11-22,171700.0,178200.0,171200.0,176700.0,3919973
2024-11-25,174500.0,179500.0,173900.0,177000.0,4393882
2024-11-26,175200.0,177700.0,174700.0,177100.0,1996128
2024-11-27,175600.0,175700.0,167900.0,168300.0,4756820
2024-11-28,164600.0,166300.0,160800.0,161100.0,5691298
2024-11-29,160000.0,162400.0,157600.0,159900.0,4682788
2024-12-02,162200.0,162700.0,158600.0,158800.0,3558868
2024-12-03,159200.0,165100.0,159100.0,164900.0,4180365
2024-12-04,161300.0,168000.0,161100.0,168000.0,5701792
2024-12-05,170000.0,175600.0,169300.0,173000.0,4671438
2024-12-06,173500.0,173600.0,165000.0,167100.0,4434259
2024-12-09,167100.0,170600.0,165000.0,168900.0,5305672
2024-12-10,168000.0,170400.0,167600.0,170400.0,3159112
2024-12-11,167400.0,171800.0,167000.0,171800.0,2281189
2024-12-12,176500.0,177400.0,173500.0,176100.0,4550292
2024-12-13,174400.0,176400.0,173500.0,175500.0,3677980
2024-12-16,177400.0,180400.0,177300.0,179300.0,3278975
2024-12-17,183000.0,184500.0,182100.0,184000.0,3188910
2024-12-18,183400.0,183900.0,181600.0,183500.0,2363872
2024-12-19,173900.0,176800.0,173000.0,175000.0,4833862
2024-12-20,174100.0,174800.0,167100.0,168500.0,4487308
2024-12-23,170000.0,173300.0,169600.0,169600.0,3287596
2024-12-24,171700.0,171900.0,168300.0,168500.0,1844961
2024-12-26,170000.0,172000.0,169400.0,170100.0,2022727
2024-12-27,170100.0,176000.0,170000.0,174500.0,2643523
2024-12-30,174000.0,175800.0,172400.0,173900.0,1434202
2025-01-02,170500.0,172200.0,170000.0,171200.0,2102175
2025-01-03,174500.0,182700.0,173100.0,181900.0,4233446
2025-01-06,184400.0,199800.0,184400.0,199800.0,7320382
2025-01-07,205000.0,206500.0,194800.0,195000.0,6075445
2025-01-08,193100.0,198100.0,191000.0,194700.0,4275792
2025-01-09,201000.0,206000.0,199800.0,205000.0,6692254
2025-01-10,208000.0,212500.0,202500.0,203500.0,6149475
2025-01-13,203000.0,203000.0,193900.0,194300.0,4767294
2025-01-14,194300.0,197900.0,193600.0,195000.0,3019149
2025-01-15,198000.0,201000.0,197700.0,198200.0,3620460
2025-01-16,208500.0,210000.0,206500.0,210000.0,6029645
2025-01-17,209500.0,217500.0,209000.0,214500.0,5041329
2025-01-20,219000.0,219000.0,210500.0,212000.0,3036234
2025-01-21,216500.0,220000.0,214000.0,218000.0,3323212
2025-01-22,221500.0,227000.0,217000.0,225500.0,5901740
2025-01-23,221000.0,225500.0,215000.0,219500.0,5994781
2025-01-24,220500.0,227000.0,217500.0,221000.0,3771572
2025-01-31,197000.0,204500.0,194800.0,199200.0,11871995
2025-02-03,191500.0,193200.0,186900.0,190900.0,7926444
2025-02-04,192900.0,194300.0,190100.0,191100.0,5851146
2025-02-05,191900.0,199400.0,191900.0,198800.0,4245118
2025-02-06,202000.0,205000.0,200500.0,203500.0,4032622
2025-02-07,205000.0,206000.0,200500.0,203000.0,2206293
2025-02-10,197800.0,203000.0,197000.0,198100.0,2779740
2025-02-11,201000.0,201500.0,198000.0,199700.0,2488710
2025-02-12,196500.0,199900.0,196000.0,198900.0,2884072
2025-02-13,198800.0,208500.0,198100.0,208500.0,3574410
2025-02-14,209000.0,212000.0,206500.0,210000.0,2598656
2025-02-17,211500.0,216000.0,211000.0,212000.0,2497922
2025-02-18,212000.0,215000.0,207000.0,210000.0,1937894
2025-02-19,216000.0,219500.0,214000.0,218500.0,3537720
2025-02-20,217000.0,218500.0,211000.0,212000.0,3080242
2025-02-21,209500.0,211000.0,205500.0,209500.0,2601151
2025-02-24,202500.0,205000.0,201000.0,205000.0,3087127
2025-02-25,199800.0,202000.0,199200.0,200500.0,3651613
2025-02-26,199000.0,206000.0,198600.0,203000.0,3849749
2025-02-27,204500.0,205000.0,198100.0,199200.0,3993419
2025-02-28,191600.0,193000.0,188700.0,190200.0,5533027
2025-03-04,184800.0,187500.0,184000.0,186100.0,5424556
2025-03-05,188200.0,194400.0,186600.0,193100.0,4162368
2025-03-06,193500.0,194000.0,190300.0,192400.0,2540131
2025-03-07,191000.0,192800.0,187900.0,192400.0,2700590
2025-03-10,187500.0,191500.0,187300.0,187900.0,2441476
2025-03-11,182100.0,189000.0,181300.0,187800.0,3521800
2025-03-12,192400.0,199350.0,189700.0,198900.0,4064278
2025-03-13,202500.0,204500.0,195500.0,199700.0,3883033
2025-03-14,198500.0,206000.0,198500.0,204500.0,3397462
2025-03-17,207000.0,209500.0,203500.0,206000.0,2584679
2025-03-18,208500.0,209000.0,201000.0,203000.0,2696191
2025-03-19,202000.0,209500.0,201000.0,205500.0,3102000
2025-03-20,207000.0,211000.0,205500.0,210000.0,2779557
2025-03-21,213500.0,219500.0,212000.0,215500.0,5731880
2025-03-24,211500.0,214500.0,209500.0,211500.0,1611040
2025-03-25,214500.0,215500.0,208000.0,208000.0,2262656
2025-03-26,209000.0,215500.0,208500.0,214000.0,2058540
2025-03-27,208000.0,212000.0,206500.0,207000.0,2287220
2025-03-28,203000.0,204500.0,198900.0,199300.0,2673553
2025-03-31,193500.0,195500.0,190500.0,190700.0,4561715
2025-04-01,193600.0,198500.0,192000.0,197000.0,2317253
2025-04-02,198800.0,201500.0,197300.0,197900.0,2764223
2025-04-03,189600.0,194600.0,188200.0,194600.0,4177747
2025-04-04,187900.0,189600.0,178400.0,182200.0,9182017
2025-04-07,168000.0,172800.0,164800.0,164800.0,7879050
2025-04-08,172000.0,173100.0,168200.0,169500.0,4965171
2025-04-09,170000.0,170000.0,162700.0,165000.0,8035679
2025-04-10,189700.0,189900.0,180000.0,183200.0,7836984
2025-04-11,177800.0,181800.0,176100.0,180800.0,3223735
2025-04-14,182900.0,184400.0,178000.0,180200.0,3466194
2025-04-15,180200.0,182400.0,179700.0,180600.0,1915455
2025-04-16,176500.0,177500.0,173500.0,174000.0,2933428
2025-04-17,172100.0,175400.0,171800.0,175000.0,2989493
2025-04-18,174000.0,175500.0,172800.0,175000.0,1305152
2025-04-21,174800.0,180000.0,174500.0,176600.0,1877473
2025-04-22,175000.0,175500.0,173300.0,173800.0,2008388
2025-04-23,179100.0,181600.0,178100.0,181000.0,3857373
2025-04-24,182800.0,183400.0,177600.0,178300.0,3162156
2025-04-25,182500.0,184900.0,182100.0,184400.0,3507810
2025-04-28,183500.0,183900.0,179700.0,182000.0,2455710
2025-04-29,182000.0,182900.0,179100.0,180800.0,1866386
2025-04-30,179100.0,180000.0,176700.0,177500.0,2354473
2025-05-02,179400.0,186200.0,178400.0,186000.0,3886874
2025-05-07,187700.0,191500.0,185900.0,190800.0,3830097
2025-05-08,196000.0,196000.0,189400.0,190300.0,5125330
2025-05-09,192000.0,192800.0,186800.0,190100.0,2539822
2025-05-12,193600.0,195200.0,193500.0,195000.0,1624884
2025-05-13,200500.0,201500.0,197300.0,198500.0,3385009
2025-05-14,207000.0,207000.0,204000.0,206000.0,3333511
2025-05-15,207500.0,208000.0,199500.0,200500.0,3178957
2025-05-16,206000.0,206750.0,203500.0,204500.0,2419507
2025-05-19,203000.0,203000.0,197500.0,199400.0,2482673
2025-05-20,202500.0,208000.0,201500.0,202000.0,2820546
2025-05-21,204500.0,205000.0,199900.0,200500.0,1721760
2025-05-22,199900.0,201500.0,196500.0,196900.0,1988587
2025-05-23,199900.0,201500.0,198700.0,200000.0,1538701
2025-05-26,200000.0,203500.0,196900.0,203000.0,1459997
2025-05-27,200500.0,203500.0,200000.0,202500.0,1424916
2025-05-28,206500.0,209500.0,206000.0,208000.0,3161188
2025-05-29,214500.0,214500.0,207500.0,212000.0,3827689
2025-05-30,210000.0,210000.0,203000.0,204500.0,4826628
2025-06-02,205000.0,208500.0,203000.0,207500.0,1775752
2025-06-04,218000.0,223000.0,216500.0,217500.0,5108674
2025-06-05,225500.0,230000.0,222000.0,224500.0,5768506
2025-06-09,233000.0,233500.0,228000.0,229000.0,3666084
2025-06-10,231000.0,232500.0,227500.0,230500.0,3718655
2025-06-11,236000.0,241000.0,235000.0,240000.0,4230421
2025-06-12,242500.0,246500.0,235000.0,235500.0,4994238
2025-06-13,240500.0,243000.0,233750.0,235500.0,4100610
2025-06-16,238000.0,248500.0,238000.0,248000.0,3760740
2025-06-17,253000.0,260000.0,248000.0,249000.0,5044669
2025-06-18,245500.0,252000.0,245000.0,246500.0,4081001
2025-06-19,247000.0,250000.0,242000.0,246000.0,2317796
2025-06-20,249000.0,257000.0,247500.0,257000.0,3597877
2025-06-23,252500.0,263000.0,248500.0,259500.0,3398736
2025-06-24,270000.0,283000.0,269500.0,278500.0,5436312
2025-06-25,289000.0,291500.0,284000.0,286000.0,5466598
2025-06-26,294500.0,298500.0,287000.0,293000.0,5894020
2025-06-27,288000.0,294500.0,281000.0,284000.0,5134863
2025-06-30,288500.0,294500.0,286000.0,292000.0,4375298
2025-07-01,291000.0,294500.0,285500.0,285500.0,3687981
2025-07-02,283500.0,283500.0,274500.0,279000.0,4702056
2025-07-03,281000.0,284000.0,277000.0,278500.0,3642140
2025-07-04,279500.0,281500.0,269000.0,270500.0,3654933
2025-07-07,266000.0,272000.0,264500.0,271000.0,2523564
2025-07-08,271000.0,285000.0,268500.0,282000.0,3119395
2025-07-09,282500.0,284000.0,277500.0,281000.0,2626484
2025-07-10,284000.0,297000.0,283500.0,297000.0,4556065
2025-07-11,299500.0,306500.0,292000.0,294500.0,3732533
2025-07-14,292500.0,302500.0,292500.0,300000.0,2936976
2025-07-15,296000.0,298500.0,290000.0,298500.0,4196196
2025-07-16,298500.0,299500.0,292500.0,296000.0,3123297
2025-07-17,283500.0,289500.0,268000.0,269500.0,9328322
2025-07-18,270000.0,275000.0,267000.0,269000.0,5359504
2025-07-21,267500.0,274500.0,266500.0,272500.0,2424891
2025-07-22,273000.0,273500.0,267000.0,268500.0,3139858
2025-07-23,267500.0,271000.0,264500.0,269000.0,3116279
2025-07-24,277000.0,279000.0,269000.0,269500.0,3667144
2025-07-25,273000.0,275000.0,265500.0,266000.0,2171063
2025-07-28,261000.0,265500.0,258500.0,262000.0,2877357
2025-07-29,254500.0,265000.0,254500.0,262500.0,2944177
2025-07-30,263000.0,266000.0,260500.0,263500.0,2482807
2025-07-31,271000.0,274000.0,265500.0,273500.0,3472644
2025-08-01,266000.0,267000.0,257000.0,258000.0,3227394
2025-08-04,254500.0,260000.0,254000.0,258000.0,2281558
2025-08-05,264000.0,264500.0,260500.0,263500.0,2118171
2025-08-06,260500.0,260500.0,257500.0,258500.0,1374559
2025-08-07,258000.0,263000.0,250000.0,262000.0,2724438
2025-08-08,262000.0,266000.0,255500.0,256500.0,2676174
2025-08-11,260500.0,267500.0,260000.0,267000.0,2415473
2025-08-12,268000.0,276000.0,267500.0,269000.0,3008648
2025-08-13,278000.0,279000.0,274000.0,278000.0,3472694
2025-08-14,277500.0,277500.0,270500.0,276500.0,2101050
2025-08-18,272000.0,272000.0,267000.0,267500.0,1993220
2025-08-19,268500.0,270000.0,261500.0,263000.0,1709646
2025-08-20,254500.0,257000.0,251000.0,255500.0,3571545
2025-08-21,246500.0,251000.0,245000.0,245000.0,6301130
2025-08-22,245500.0,252500.0,245500.0,251000.0,3064062
2025-08-25,256000.0,261500.0,254000.0,259500.0,3183709
2025-08-26,259500.0,262500.0,257000.0,261500.0,2050625
2025-08-27,259000.0,261000.0,256000.0,260000.0,2801594
2025-08-28,254000.0,268500.0,253000.0,268500.0,3836024
2025-08-29,268000.0,270000.0,266000.0,269000.0,1892127
2025-09-01,259500.0,261000.0,255000.0,256000.0,1837054
2025-09-02,256000.0,261500.0,256000.0,260500.0,1584710
2025-09-03,259500.0,265500.0,257750.0,262500.0,2437896
2025-09-04,267000.0,271000.0,264500.0,265500.0,2189959
2025-09-05,273000.0,275000.0,272000.0,273500.0,3103427
2025-09-08,278500.0,279000.0,274000.0,277000.0,2018299
2025-09-09,278000.0,288500.0,277000.0,288000.0,4158342
2025-09-10,294500.0,305000.0,293000.0,304000.0,5265553
2025-09-11,310000.0,315000.0,305500.0,307000.0,5148088
2025-09-12,322000.0,329500.0,319000.0,328500.0,4242516
2025-09-15,339500.0,341500.0,325000.0,331000.0,4221256
2025-09-16,331500.0,354000.0,331500.0,348000.0,5841135
2025-09-17,341000.0,342500.0,333500.0,333500.0,4498866
2025-09-18,338500.0,357000.0,336500.0,355500.0,4526286
2025-09-22,349000.0,359000.0,345250.0,351000.0,4377563
2025-09-23,355500.0,363000.0,353000.0,361000.0,3315336
2025-09-24,359000.0,364000.0,348500.0,357500.0,4165199
2025-09-25,352000.0,359000.0,349500.0,356500.0,2148215
2025-09-26,347500.0,349000.0,333000.0,336500.0,3685324
2025-09-29,339500.0,351000.0,339000.0,349000.0,2275986
2025-09-30,353000.0,356500.0,347500.0,347500.0,2238614
2025-10-01,351000.0,362000.0,351000.0,360000.0,2802437
2025-10-02,388500.0,404500.0,384000.0,395500.0,7430763
2025-10-10,426000.0,439250.0,416500.0,428000.0,6835852
2025-10-13,405500.0,415500.0,403000.0,415000.0,4356534
2025-10-14,425000.0,436500.0,406500.0,411500.0,4101275
2025-10-15,410500.0,424000.0,407000.0,422500.0,2688019
2025-10-16,421000.0,455000.0,420500.0,452500.0,4247934
2025-10-17,451500.0,475000.0,449500.0,465500.0,4541583
2025-10-20,477500.0,485500.0,465500.0,485500.0,3333903
2025-10-21,497000.0,502000.0,478000.0,479000.0,4126858
2025-10-22,475000.0,482000.0,469000.0,481500.0,3870276
2025-10-23,470000.0,488500.0,468000.0,478500.0,3583993
2025-10-24,493000.0,513000.0,491500.0,510000.0,4254202
2025-10-27,533000.0,537000.0,523000.0,535000.0,3381231
2025-10-28,521000.0,527000.0,509000.0,521000.0,5659008
2025-10-29,538000.0,559000.0,523000.0,558000.0,4803031
2025-10-30,558000.0,579000.0,552000.0,568000.0,4888461
2025-10-31,557000.0,566000.0,552000.0,559000.0,3351809
2025-11-03,557000.0,624000.0,555000.0,620000.0,5787058
2025-11-04,611000.0,614000.0,583000.0,586000.0,5969769
2025-11-05,563000.0,587000.0,532000.0,579000.0,8976222
2025-11-06,602000.0,607000.0,583000.0,593000.0,5321244
2025-11-07,577000.0,599000.0,565000.0,580000.0,4789397
2025-11-10,584000.0,615000.0,581000.0,606000.0,4893645
2025-11-11,622000.0,646000.0,604000.0,619000.0,5508697
2025-11-12,605000.0,620000.0,601000.0,617000.0,2831484
2025-11-13,607000.0,622000.0,607000.0,612000.0,3875541
2025-11-14,579000.0,585000.0,560000.0,560000.0,5778374
2025-11-17,588000.0,606000.0,584000.0,606000.0,4470947
2025-11-18,583000.0,591000.0,570000.0,570000.0,3544391
2025-11-19,563000.0,570000.0,546000.0,562000.0,4529736
2025-11-20,595000.0,597000.0,570000.0,571000.0,4670237
2025-11-21,518000.0,531000.0,514000.0,521000.0,6646712
2025-11-24,531000.0,542000.0,517000.0,520000.0,6399162
2025-11-25,546000.0,550000.0,518000.0,519000.0,3716730
2025-11-26,513000.0,528000.0,501000.0,524000.0,5127393
2025-11-27,535000.0,556000.0,533000.0,544000.0,3654092
2025-11-28,551000.0,552000.0,530000.0,530000.0,2680138
2025-12-01,542000.0,545000.0,525000.0,538000.0,3134704
2025-12-02,548000.0,559000.0,542000.0,558000.0,2686580
2025-12-03,550000.0,559000.0,544000.0,552000.0,2586619
2025-12-04,542000.0,543000.0,532000.0,542000.0,2858305
2025-12-05,530000.0,546000.0,527000.0,544000.0,3204933
2025-12-08,543000.0,580000.0,533000.0,577000.0,4288433
2025-12-09,569000.0,575000.0,564000.0,566000.0,2391174
2025-12-10,571000.0,593000.0,570000.0,587000.0,3986083
2025-12-11,583000.0,589000.0,565000.0,565000.0,4021907
2025-12-12,565000.0,579000.0,560000.0,571000.0,2646148
2025-12-15,535000.0,563500.0,535000.0,554000.0,2482125
2025-12-16,545000.0,551000.0,530000.0,530000.0,3287998
2025-12-17,530000.0,554000.0,525000.0,551000.0,2692626
2025-12-18,538000.0,563000.0,537000.0,552000.0,2959059
2025-12-19,569000.0,570000.0,547000.0,547000.0,3440005
2025-12-22,574000.0,580000.0,567000.0,580000.0,2878464
2025-12-23,585000.0,593000.0,581000.0,584000.0,2011188
2025-12-24,587000.0,591000.0,584000.0,588000.0,2160697
2025-12-26,594000.0,605000.0,590000.0,599000.0,4243548
2025-12-29,630000.0,640000.0,625000.0,640000.0,4176151
2025-12-30,639000.0,659000.0,634000.0,651000.0,4094603
2026-01-02,651000.0,679000.0,647000.0,677000.0,4181895
2026-01-05,698000.0,700000.0,684000.0,696000.0,4337511
2026-01-06,690000.0,727000.0,671000.0,726000.0,4830275
2026-01-07,760000.0,762000.0,728000.0,742000.0,5693115
2026-01-08,731000.0,788000.0,731000.0,756000.0,6496379
2026-01-09,744000.0,756000.0,727000.0,744000.0,4343703
2026-01-12,755000.0,762000.0,735000.0,749000.0,3329793
2026-01-13,753000.0,754000.0,724000.0,738000.0,3771944
2026-01-14,733000.0,750000.0,728000.0,742000.0,4885051
2026-01-15,732000.0,750000.0,727000.0,749000.0,3003414
2026-01-16,751000.0,763000.0,747000.0,756000.0,3712326
2026-01-19,755000.0,774000.0,750000.0,764000.0,3392008
2026-01-20,764000.0,764000.0,737000.0,743000.0,2762369
2026-01-21,729000.0,756000.0,728000.0,740000.0,5108442
2026-01-22,766000.0,773000.0,751000.0,755000.0,3545309
2026-01-23,754000.0,776000.0,744000.0,767000.0,3508272
2026-01-26,753000.0,754000.0,736000.0,736000.0,3133330
2026-01-27,738000.0,800000.0,733000.0,800000.0,5660198
2026-01-28,810000.0,854000.0,803000.0,841000.0,6708497
2026-01-29,879000.0,884000.0,819000.0,861000.0,6837983
2026-01-30,854000.0,931000.0,853000.0,909000.0,7875195
2026-02-02,870000.0,888000.0,830000.0,830000.0,7634191
2026-02-03,874000.0,907000.0,871000.0,907000.0,5272538
2026-02-04,884000.0,906000.0,883000.0,900000.0,3800763
2026-02-05,851000.0,877000.0,838000.0,842000.0,5473720
2026-02-06,805000.0,850000.0,791000.0,839000.0,5581574
2026-02-09,898000.0,899000.0,873000.0,887000.0,4228584
2026-02-10,894000.0,905000.0,876000.0,876000.0,3441377
2026-02-11,860000.0,874000.0,848000.0,860000.0,3125590
2026-02-12,882000.0,894000.0,878000.0,888000.0,4619344
2026-02-13,889000.0,903000.0,878000.0,880000.0,3534047
2026-02-19,905000.0,913000.0,888000.0,894000.0,3285109
2026-02-20,892000.0,955000.0,881000.0,949000.0,5054333
2026-02-23,980000.0,980000.0,941000.0,951000.0,3523887
2026-02-24,952000.0,1005000.0,946000.0,1005000.0,4102382
2026-02-25,1012000.0,1038000.0,1004000.0,1018000.0,3462525
2026-02-26,1024000.0,1099000.0,1023000.0,1099000.0,4461976
2026-02-27,1050000.0,1096000.0,1048000.0,1061000.0,6453062
2026-03-03,1022000.0,1040000.0,939000.0,939000.0,6818327
2026-03-04,894000.0,954000.0,846000.0,849000.0,9253420
2026-03-05,976000.0,992000.0,927000.0,941000.0,6442459
2026-03-06,912000.0,938000.0,885000.0,924000.0,3744322
2026-03-09,851000.0,864000.0,808000.0,836000.0,7253621
2026-03-10,915000.0,950000.0,899000.0,938000.0,5304897
2026-03-11,954000.0,985000.0,941000.0,955000.0,3916098
2026-03-12,938000.0,963000.0,928000.0,930000.0,3711742
2026-03-13,891000.0,929000.0,884000.0,910000.0,3645102
2026-03-16,925000.0,975000.0,924000.0,974000.0,3829496
2026-03-17,1009000.0,1010000.0,969000.0,970000.0,3326240
2026-03-18,1000000.0,1060000.0,999000.0,1056000.0,4347884
2026-03-19,1008000.0,1043000.0,1003000.0,1013000.0,3347483
2026-03-20,1023000.0,1026000.0,1002000.0,1007000.0,3426646
2026-03-23,952000.0,963000.0,927000.0,933000.0,3911813
2026-03-24,993000.0,994000.0,938000.0,986000.0,4352152
2026-03-25,1016000.0,1042000.0,988000.0,995000.0,4463869
2026-03-26,965000.0,973000.0,931000.0,933000.0,4660620
2026-03-27,890000.0,934000.0,880000.0,933000.0,4520942
2026-03-30,867000.0,884000.0,862000.0,873000.0,4498502
2026-03-31,817000.0,852000.0,806000.0,807000.0,7194351
2026-04-01,884000.0,905000.0,858000.0,897000.0,6255058
2026-04-02,912000.0,914000.0,818000.0,830000.0,6127534
2026-04-03,867000.0,886000.0,860000.0,876000.0,2927164
2026-04-06,877000.0,901500.0,869000.0,886000.0,3100989
2026-04-07,917000.0,933000.0,888000.0,916000.0,3619929
2026-04-08,1007000.0,1056000.0,992000.0,1033000.0,6709356
2026-04-09,1015000.0,1025000.0,990000.0,998000.0,5026817
2026-04-10,1030000.0,1042000.0,1024000.0,1027000.0,3134921
2026-04-13,999000.0,1043000.0,996000.0,1040000.0,2769753
2026-04-14,1092000.0,1128000.0,1078000.0,1103000.0,4754545
2026-04-15,1165000.0,1173000.0,1130000.0,1136000.0,4093703
2026-04-16,1141000.0,1161000.0,1130000.0,1155000.0,2901319
2026-04-17,1149000.0,1155000.0,1121000.0,1128000.0,3578235
2026-04-20,1148000.0,1175000.0,1141000.0,1166000.0,3748014
2026-04-21,1196000.0,1228000.0,1193000.0,1224000.0,3516960
2026-04-22,1227000.0,1233000.0,1195000.0,1223000.0,2894919
2026-04-23,1220000.0,1267000.0,1183000.0,1225000.0,5343871
2026-04-24,1237000.0,1242000.0,1193000.0,1222000.0,3127857
2026-04-27,1253000.0,1317000.0,1249000.0,1292000.0,4563073
2026-04-28,1313000.0,1328000.0,1296000.0,1300000.0,3002713
2026-04-29,1284000.0,1317000.0,1281000.0,1293000.0,3001208
2026-04-30,1312000.0,1325000.0,1286000.0,1286000.0,3342342
2026-05-04,1339000.0,1450000.0,1333000.0,1447000.0,5776641
2026-05-06,1590000.0,1614000.0,1557000.0,1601000.0,6631934
2026-05-07,1622000.0,1665000.0,1567000.0,1654000.0,5860618
2026-05-08,1591000.0,1689000.0,1591000.0,1686000.0,4278087
2026-05-11,1833000.0,1949000.0,1826000.0,1880000.0,7433039
2026-05-12,1944000.0,1967000.0,1804000.0,1835000.0,9160593
2026-05-13,1781000.0,1990000.0,1781000.0,1976000.0,7126921
2026-05-14,1976000.0,1994000.0,1937000.0,1970000.0,6040068
2026-05-15,1950000.0,1995000.0,1789000.0,1819000.0,7485233
2026-05-18,1780000.0,1897000.0,1731000.0,1840000.0,6481608
2026-05-19,1791000.0,1823000.0,1740000.0,1745000.0,4575855
2026-05-20,1743000.0,1778000.0,1690000.0,1745000.0,5535123
2026-05-21,1801000.0,1954000.0,1796000.0,1940000.0,5096690
2026-05-22,1942000.0,1952000.0,1912000.0,1941000.0,3135190
2026-05-26,2008000.0,2087000.0,2006000.0,2052000.0,4903591
2026-05-27,2279000.0,2358000.0,2200000.0,2243000.0,7545783
2026-05-28,2189000.0,2305000.0,2151000.0,2289000.0,6229499
2026-05-29,2352000.0,2379000.0,2290500.0,2333000.0,8518013
2026-06-01,2299000.0,2398000.0,2296000.0,2363000.0,5602897
2026-06-02,2376000.0,2407000.0,2259000.0,2360000.0,5837216
2026-06-04,2284000.0,2327000.0,2262000.0,2298000.0,3941067
2026-06-05,2142000.0,2188000.0,2070000.0,2070000.0,5778751
2026-06-08,1856000.0,2072000.0,1855000.0,1911000.0,6610833
2026-06-09,2050000.0,2226000.0,1998000.0,2215000.0,5878039
2026-06-10,2137000.0,2180000.0,1992000.0,2048000.0,151
2026-06-11,1975000.0,2163000.0,1960000.0,2101000.0,6625775
2026-06-12,2281000.0,2304000.0,2150000.0,2150000.0,5286416
2026-06-15,2283000.0,2322000.0,2265000.0,2288000.0,3872910
2026-06-16,2381000.0,2400000.0,2286000.0,2382000.0,3644469
2026-06-17,2335000.0,2523000.0,2334000.0,2521000.0,3980010
2026-06-18,2556000.0,2738000.0,2556000.0,2685000.0,5808765
2026-06-19,2824000.0,2891000.0,2688000.0,2764000.0,7478195
2026-06-22,2728000.0,2945000.0,2728000.0,2919000.0,5179795
2026-06-23,2898000.0,2943000.0,2536000.0,2555000.0,8050335
2026-06-24,2598000.0,2703000.0,2453000.0,2621000.0,7487916
2026-06-25,2865000.0,2987000.0,2749000.0,2917000.0,6790853
2026-06-26,2850000.0,2880000.0,2600000.0,2673000.0,7467492
2026-06-29,2636000.0,2688000.0,2517000.0,2628000.0,5217788
2026-06-30,2608000.0,2742000.0,2541000.0,2650000.0,5109213
2026-07-01,2665000.0,2723000.0,2502000.0,2560000.0,4277276
2026-07-02,2351000.0,2448000.0,2187000.0,2187000.0,7685914
2026-07-03,2197000.0,2454000.0,2045000.0,2425000.0,7984914
2026-07-06,2450000.0,2497000.0,2292000.0,2343000.0,4235360
2026-07-07,2289000.0,2343000.0,2080000.0,2201000.0,6351195
2026-07-08,2118000.0,2329000.0,2076000.0,2076000.0,6975631
2026-07-09,2228000.0,2270000.0,2091000.0,2186000.0,6261504
2026-07-10,2296000.0,2305000.0,2166000.0,2180000.0,4827239
2026-07-13,2113000.0,2142000.0,1839000.0,1845000.0,8040043
2026-07-14,1825000.0,1936000.0,1678000.0,1913000.0,10447011
2026-07-15,2120000.0,2171000.0,2070000.0,2082000.0,6046951
2026-07-16,1902000.0,1919000.0,1821000.0,1842000.0,5608812
2026-07-20,1745000.0,1892000.0,1735000.0,1764000.0,5876444
2026-07-21,1775000.0,1889000.0,1732000.0,1836000.0,4639208
2026-07-22,1977000.0,2006000.0,1830000.0,1830000.0,4802637
2026-07-23,1910000.0,1948000.0,1845000.0,1919000.0,4119477
2026-07-24,1894000.0,1894000.0,1752000.0,1759000.0,4935624
2026-07-27,1814000.0,1821000.0,1707000.0,1816000.0,4030933
2026-07-28,1662000.0,1674000.0,1550000.0,1550000.0,8120587
2026-07-29,1567000.0,1619000.0,1246000.0,1401000.0,12428883
2026-07-30,1361000.0,1459000.0,1287000.0,1322000.0,9543189
2026-07-31,1697000.0,1718000.0,1586000.0,1718000.0,10499619
2026-08-03,1642000.0,1645000.0,1562000.0,1567000.0,5432833
2026-08-04,1620000.0,1630000.0,1483000.0,1577000.0,5391210
2026-08-05,1693000.0,1701000.0,1647000.0,1668000.0,3945674
2026-08-06,1600000.0,1606000.0,1481000.0,1495000.0,5498295
2026-08-07,1521000.0,1542000.0,1409000.0,1422000.0,5002539
2026-08-10,1443000.0,1487000.0,1397000.0,1420000.0,3295283
2026-08-11,1405000.0,1455000.0,1373000.0,1425000.0,3817655
2026-08-12,1456000.0,1549000.0,1440000.0,1504000.0,4566672
2026-08-13,1582000.0,1634000.0,1567000.0,1593000.0,4680347
2026-08-14,1695000.0,1697000.0,1626000.0,1645000.0,4520990
2026-08-18,1736000.0,1792000.0,1640000.0,1662000.0,5139000
2026-08-19,1545000.0,1559000.0,1486000.0,1500000.0,4223067
2026-08-20,1613000.0,1720000.0,1576000.0,1691000.0,5452970
2026-08-21,1675000.0,1773000.0,1669000.0,1730000.0,4274294
2026-08-24,1775000.0,1792000.0,1670000.0,1671000.0,3994599
2026-08-25,1598000.0,1687000.0,1557000.0,1678000.0,4029660
2026-08-26,1668000.0,1735000.0,1662000.0,1688000.0,2923810
2026-08-27,1776000.0,1788000.0,1708000.0,1730000.0,3264042
2026-08-28,1704000.0,1725000.0,1653000.0,1653000.0,3531892
