date,open,high,low,close,volume
2000-01-04,6000.0,6110.0,5660.0,6110.0,74195000
2000-01-05,5800.0,6060.0,5520.0,5580.0,74680000
2000-01-06,5750.0,5780.0,5580.0,5620.0,54390000
2000-01-07,5560.0,5670.0,5360.0,5540.0,40305000
2000-01-10,5600.0,5770.0,5580.0,5770.0,46880000
2000-01-11,5820.0,6100.0,5770.0,5770.0,59745000
2000-01-12,5610.0,5740.0,5600.0,5720.0,29220000
2000-01-13,5600.0,5740.0,5560.0,5710.0,41190000
2000-01-14,5720.0,5880.0,5680.0,5830.0,49375000
2000-01-17,6000.0,6180.0,5920.0,6100.0,63505000
2000-01-18,6160.0,6160.0,5980.0,6100.0,45260000
2000-01-19,6000.0,6040.0,5960.0,5960.0,40205000
2000-01-20,5860.0,6040.0,5820.0,6040.0,37315000
2000-01-21,5950.0,5980.0,5880.0,5880.0,32535000
2000-01-24,5800.0,5900.0,5700.0,5700.0,34355000
2000-01-25,5520.0,5640.0,5440.0,5440.0,44250000
2000-01-26,5500.0,5520.0,5410.0,5480.0,29285000
2000-01-27,5480.0,5620.0,5430.0,5520.0,27900000
2000-01-28,5640.0,5880.0,5540.0,5820.0,38315000
2000-01-31,5640.0,5730.0,5560.0,5580.0,39630000
2000-02-01,5600.0,5680.0,5260.0,5320.0,71470000
2000-02-02,5220.0,5370.0,5110.0,5250.0,64105000
2000-02-03,5250.0,5460.0,4970.0,5130.0,142765000
2000-02-04,5130.0,5130.0,5130.0,5130.0,0
2000-02-07,5140.0,5330.0,5040.0,5240.0,64140000
2000-02-08,5340.0,5480.0,5310.0,5430.0,58460000
2000-02-09,5560.0,5720.0,5480.0,5720.0,51050000
2000-02-10,5660.0,5880.0,5600.0,5760.0,61845000
2000-02-11,5960.0,5960.0,5680.0,5700.0,34660000
2000-02-14,5600.0,5660.0,5340.0,5380.0,44140000
2000-02-15,5380.0,5420.0,5140.0,5200.0,38315000
2000-02-16,5180.0,5200.0,4780.0,5000.0,73115000
2000-02-17,4940.0,5100.0,4910.0,5080.0,65185000
2000-02-18,5370.0,5630.0,5160.0,5300.0,108750000
2000-02-21,5200.0,5260.0,5030.0,5070.0,26485000
2000-02-22,5000.0,5240.0,5000.0,5120.0,24180000
2000-02-23,5220.0,5260.0,5100.0,5140.0,27720000
2000-02-24,5120.0,5240.0,5060.0,5070.0,26075000
2000-02-25,5080.0,5150.0,4980.0,5120.0,27875000
2000-02-28,5000.0,5050.0,4800.0,4800.0,30140000
2000-02-29,4900.0,5140.0,4840.0,5120.0,51820000
2000-03-01,5120.0,5120.0,5120.0,5120.0,0
2000-03-02,5880.0,5880.0,5520.0,5880.0,117750000
2000-03-03,6200.0,6250.0,5880.0,6000.0,140990000
2000-03-06,6000.0,6050.0,5600.0,5640.0,39150000
2000-03-07,5600.0,5640.0,5480.0,5620.0,30070000
2000-03-08,5520.0,6000.0,5500.0,5920.0,32460000
2000-03-09,5970.0,5980.0,5620.0,5620.0,55890000
2000-03-10,5790.0,5800.0,5520.0,5540.0,28605000
2000-03-13,5480.0,5490.0,5160.0,5180.0,32215000
2000-03-14,5170.0,5380.0,5160.0,5210.0,30060000
2000-03-15,5200.0,5400.0,5120.0,5400.0,46105000
2000-03-16,5480.0,5520.0,5360.0,5400.0,28795000
2000-03-17,5540.0,5560.0,5400.0,5480.0,24080000
2000-03-20,5600.0,5710.0,5530.0,5660.0,26365000
2000-03-21,5700.0,5940.0,5610.0,5880.0,44925000
2000-03-22,5960.0,6300.0,5880.0,6200.0,86975000
2000-03-23,6480.0,6580.0,6200.0,6200.0,64950000
2000-03-24,6320.0,7120.0,6180.0,6800.0,90260000
2000-03-27,6960.0,7040.0,6700.0,6800.0,67730000
2000-03-28,6900.0,7260.0,6820.0,7030.0,74425000
2000-03-29,7030.0,7680.0,6980.0,7660.0,78090000
2000-03-30,7520.0,7560.0,7050.0,7050.0,74645000
2000-03-31,6800.0,7070.0,6650.0,6700.0,63855000
2000-04-03,6920.0,7320.0,6860.0,7100.0,56805000
2000-04-04,7000.0,7290.0,6660.0,6800.0,58340000
2000-04-05,6800.0,6800.0,6800.0,6800.0,0
2000-04-06,6860.0,6960.0,6680.0,6680.0,47235000
2000-04-07,6860.0,7260.0,6780.0,7200.0,42355000
2000-04-10,7500.0,7500.0,7200.0,7300.0,35885000
2000-04-11,7200.0,7200.0,6950.0,7100.0,29075000
2000-04-12,6960.0,7030.0,6860.0,6910.0,35250000
2000-04-13,6910.0,6910.0,6910.0,6910.0,0
2000-04-14,6600.0,6680.0,6260.0,6260.0,62365000
2000-04-17,5420.0,5750.0,5340.0,5520.0,78050000
2000-04-18,6200.0,6240.0,5860.0,6040.0,73730000
2000-04-19,6300.0,6460.0,5860.0,6000.0,60615000
2000-04-20,5960.0,6160.0,5920.0,6020.0,37335000
2000-04-21,6060.0,6180.0,5970.0,6050.0,26425000
2000-04-24,5970.0,6030.0,5760.0,5800.0,27830000
2000-04-25,5620.0,5760.0,5520.0,5640.0,34900000
2000-04-26,5820.0,5860.0,5600.0,5600.0,39290000
2000-04-27,5520.0,5700.0,5400.0,5400.0,54110000
2000-04-28,5500.0,6100.0,5460.0,6000.0,75530000
2000-05-01,6000.0,6000.0,6000.0,6000.0,0
2000-05-02,6200.0,6530.0,6120.0,6280.0,72335000
2000-05-03,6240.0,6260.0,6090.0,6180.0,26585000
2000-05-04,6220.0,6360.0,6140.0,6180.0,26100000
2000-05-05,6180.0,6180.0,6180.0,6180.0,0
2000-05-08,6400.0,6700.0,6300.0,6560.0,52695000
2000-05-09,6560.0,6560.0,6560.0,6560.0,0
2000-05-10,6320.0,6390.0,6270.0,6350.0,27620000
2000-05-11,6350.0,6350.0,6350.0,6350.0,0
2000-05-12,6420.0,6440.0,6160.0,6160.0,47170000
2000-05-15,6290.0,6530.0,6220.0,6440.0,47120000
2000-05-16,6510.0,6800.0,6510.0,6800.0,39620000
2000-05-17,7000.0,7340.0,6920.0,6920.0,76235000
2000-05-18,6740.0,7000.0,6680.0,6800.0,36580000
2000-05-19,6740.0,6900.0,6600.0,6900.0,41450000
2000-05-22,6720.0,6830.0,6620.0,6670.0,36385000
2000-05-23,6500.0,6700.0,6350.0,6380.0,41290000
2000-05-24,6160.0,6370.0,5920.0,6200.0,72150000
2000-05-25,6330.0,6380.0,5930.0,6000.0,85965000
2000-05-26,5900.0,5990.0,5600.0,5600.0,67100000
2000-05-29,5260.0,5680.0,5240.0,5460.0,67130000
2000-05-30,5460.0,5460.0,5460.0,5460.0,0
2000-05-31,6000.0,6290.0,5960.0,6160.0,83935000
2000-06-01,6200.0,6410.0,6120.0,6300.0,50230000
2000-06-02,6690.0,6900.0,6510.0,6620.0,84385000
2000-06-05,6920.0,6980.0,6680.0,6740.0,48010000
2000-06-06,6740.0,6740.0,6740.0,6740.0,0
2000-06-07,6600.0,6980.0,6510.0,6800.0,53365000
2000-06-08,6660.0,6960.0,6530.0,6530.0,58550000
2000-06-09,6600.0,7040.0,6530.0,7020.0,63860000
2000-06-12,7200.0,7280.0,7030.0,7190.0,49515000
2000-06-13,7060.0,7100.0,6870.0,7060.0,42495000
2000-06-14,7230.0,7640.0,7090.0,7640.0,63020000
2000-06-15,7560.0,7560.0,7000.0,7000.0,61225000
2000-06-16,6900.0,6960.0,6710.0,6740.0,66455000
2000-06-19,6600.0,6950.0,6550.0,6700.0,53560000
2000-06-20,6940.0,7180.0,6830.0,7140.0,59790000
2000-06-21,7300.0,7380.0,7070.0,7080.0,37585000
2000-06-22,7240.0,7270.0,6960.0,7040.0,33635000
2000-06-23,6980.0,7010.0,6860.0,7000.0,29215000
2000-06-26,7100.0,7360.0,6990.0,7210.0,39980000
2000-06-27,7320.0,7440.0,7190.0,7310.0,45535000
2000-06-28,7220.0,7540.0,7220.0,7520.0,47295000
2000-06-29,7600.0,7740.0,7380.0,7490.0,61120000
2000-06-30,7440.0,7540.0,7290.0,7380.0,35250000
2000-07-03,7440.0,7550.0,7420.0,7500.0,25975000
2000-07-04,7600.0,7620.0,7350.0,7350.0,32810000
2000-07-05,7390.0,7520.0,7350.0,7430.0,24895000
2000-07-06,7240.0,7350.0,7180.0,7300.0,60340000
2000-07-07,7340.0,7460.0,7230.0,7360.0,40580000
2000-07-10,7440.0,7630.0,7410.0,7600.0,42505000
2000-07-11,7580.0,7740.0,7450.0,7450.0,34945000
2000-07-12,7520.0,7660.0,7460.0,7640.0,40140000
2000-07-13,7700.0,7880.0,7570.0,7760.0,48805000
2000-07-14,7780.0,7840.0,7540.0,7550.0,30425000
2000-07-17,7550.0,7550.0,7550.0,7550.0,0
2000-07-18,7550.0,7620.0,7440.0,7460.0,19605000
2000-07-19,7550.0,7620.0,7440.0,7460.0,19605000
2000-07-20,7060.0,7110.0,6840.0,6900.0,40315000
2000-07-21,6960.0,7050.0,6760.0,6920.0,48395000
2000-07-24,6640.0,6740.0,6360.0,6380.0,49015000
2000-07-25,6310.0,6400.0,6120.0,6280.0,56735000
2000-07-26,6400.0,6580.0,6360.0,6550.0,54745000
2000-07-27,6220.0,6360.0,6100.0,6230.0,43540000
2000-07-28,5800.0,5910.0,5710.0,5730.0,83035000
2000-07-31,5730.0,5910.0,5550.0,5900.0,46615000
2000-08-01,5960.0,6270.0,5870.0,6220.0,53120000
2000-08-02,6100.0,6170.0,5930.0,6070.0,37190000
2000-08-03,6180.0,6180.0,5970.0,6030.0,27815000
2000-08-04,5930.0,6010.0,5850.0,5920.0,23605000
2000-08-07,5740.0,5770.0,5580.0,5580.0,28765000
2000-08-08,5660.0,5750.0,5570.0,5580.0,33475000
2000-08-09,5680.0,6040.0,5680.0,6000.0,39570000
2000-08-10,6000.0,6160.0,5860.0,6160.0,40830000
2000-08-11,6000.0,6070.0,5880.0,5960.0,33840000
2000-08-14,6060.0,6160.0,6000.0,6020.0,23730000
2000-08-15,6020.0,6020.0,6020.0,6020.0,0
2000-08-16,6500.0,6530.0,6330.0,6420.0,51915000
2000-08-17,6480.0,6560.0,6340.0,6440.0,36345000
2000-08-18,6500.0,6520.0,6200.0,6200.0,21370000
2000-08-21,6200.0,6340.0,6190.0,6270.0,20950000
2000-08-22,6260.0,6470.0,6240.0,6460.0,27710000
2000-08-23,6450.0,6450.0,6160.0,6190.0,27905000
2000-08-24,6260.0,6300.0,6100.0,6220.0,31700000
2000-08-25,6180.0,6400.0,6110.0,6400.0,21960000
2000-08-28,6340.0,6380.0,6260.0,6330.0,17630000
2000-08-29,6320.0,6380.0,6160.0,6220.0,16765000
2000-08-30,6140.0,6190.0,6020.0,6030.0,23735000
2000-08-31,5900.0,5900.0,5380.0,5470.0,114120000
2000-09-01,5540.0,5600.0,5420.0,5540.0,49955000
2000-09-04,5440.0,5550.0,5310.0,5340.0,28625000
2000-09-05,5260.0,5340.0,5030.0,5150.0,79765000
2000-09-06,5200.0,5280.0,5090.0,5150.0,53120000
2000-09-07,4940.0,4980.0,4760.0,4790.0,83905000
2000-09-08,4900.0,4930.0,4790.0,4880.0,57170000
2000-09-11,4880.0,4880.0,4880.0,4880.0,0
2000-09-12,4880.0,4880.0,4880.0,4880.0,0
2000-09-13,4880.0,4880.0,4880.0,4880.0,0
2000-09-14,4600.0,4710.0,4440.0,4710.0,106130000
2000-09-15,4500.0,4620.0,4300.0,4350.0,82695000
2000-09-18,4010.0,4120.0,3700.0,3970.0,146305000
2000-09-19,3990.0,4370.0,3900.0,4160.0,100525000
2000-09-20,4600.0,4660.0,4460.0,4600.0,103410000
2000-09-21,4590.0,4660.0,4320.0,4400.0,65445000
2000-09-22,3840.0,4050.0,3780.0,3800.0,103265000
2000-09-25,3880.0,4110.0,3840.0,4090.0,65985000
2000-09-26,3900.0,4040.0,3900.0,4000.0,58430000
2000-09-27,4000.0,4100.0,3960.0,4030.0,69795000
2000-09-28,4100.0,4190.0,4030.0,4060.0,52470000
2000-09-29,4120.0,4120.0,3940.0,4040.0,57535000
2000-10-02,3840.0,3880.0,3760.0,3810.0,41120000
2000-10-03,3810.0,3810.0,3810.0,3810.0,0
2000-10-04,3700.0,3950.0,3590.0,3890.0,82635000
2000-10-05,4020.0,4080.0,3940.0,3940.0,62745000
2000-10-06,3800.0,3900.0,3760.0,3900.0,54935000
2000-10-09,3820.0,3840.0,3680.0,3690.0,63195000
2000-10-10,3700.0,3810.0,3590.0,3660.0,62145000
2000-10-11,3450.0,3460.0,3210.0,3220.0,103605000
2000-10-12,3140.0,3280.0,3140.0,3140.0,79535000
2000-10-13,3000.0,3090.0,2830.0,3030.0,115295000
2000-10-16,3030.0,3030.0,3030.0,3030.0,0
2000-10-17,2980.0,3080.0,2730.0,2740.0,65300000
2000-10-18,2540.0,2760.0,2420.0,2730.0,164215000
2000-10-19,2730.0,3050.0,2690.0,2900.0,137720000
2000-10-20,3240.0,3330.0,3190.0,3330.0,118825000
2000-10-23,3490.0,3520.0,3160.0,3200.0,139960000
2000-10-24,3180.0,3420.0,3100.0,3340.0,97115000
2000-10-25,3200.0,3260.0,3130.0,3210.0,68730000
2000-10-26,2930.0,3030.0,2740.0,2890.0,133290000
2000-10-27,2890.0,2890.0,2890.0,2890.0,0
2000-10-30,2800.0,2880.0,2720.0,2750.0,36830000
2000-10-31,2750.0,2850.0,2630.0,2850.0,63190000
2000-11-01,3000.0,3270.0,2960.0,3260.0,94165000
2000-11-02,3200.0,3430.0,3170.0,3320.0,123180000
2000-11-03,3420.0,3470.0,3370.0,3440.0,80420000
2000-11-06,3460.0,3670.0,3380.0,3510.0,71865000
2000-11-07,3460.0,3550.0,3380.0,3440.0,53740000
2000-11-08,3400.0,3460.0,3280.0,3410.0,58215000
2000-11-09,3300.0,3430.0,3260.0,3400.0,52305000
2000-11-10,3360.0,3440.0,3320.0,3380.0,35140000
2000-11-13,3220.0,3260.0,3100.0,3150.0,51070000
2000-11-14,3210.0,3320.0,3210.0,3290.0,31755000
2000-11-15,3450.0,3460.0,3320.0,3390.0,55720000
2000-11-16,3400.0,3420.0,3250.0,3280.0,37420000
2000-11-17,3180.0,3230.0,3150.0,3220.0,36225000
2000-11-20,3160.0,3210.0,3100.0,3100.0,26795000
2000-11-21,3080.0,3170.0,2970.0,3160.0,51620000
2000-11-22,3100.0,3220.0,3080.0,3140.0,37710000
2000-11-23,3140.0,3260.0,3140.0,3210.0,44645000
2000-11-24,3310.0,3400.0,3270.0,3400.0,45530000
2000-11-27,3600.0,3800.0,3570.0,3780.0,100220000
2000-11-28,3650.0,3650.0,3500.0,3520.0,59770000
2000-11-29,3300.0,3350.0,3200.0,3220.0,54300000
2000-11-30,3220.0,3290.0,3150.0,3240.0,63315000
2000-12-01,3080.0,3220.0,3040.0,3180.0,96425000
2000-12-04,3220.0,3250.0,3080.0,3100.0,51875000
2000-12-05,3160.0,3250.0,3120.0,3240.0,58400000
2000-12-06,3410.0,3430.0,3210.0,3210.0,95890000
2000-12-07,3210.0,3260.0,3160.0,3260.0,43020000
2000-12-08,3260.0,3390.0,3260.0,3370.0,47575000
2000-12-11,3480.0,3630.0,3480.0,3580.0,70575000
2000-12-12,3580.0,3650.0,3500.0,3500.0,73745000
2000-12-13,3500.0,3780.0,3500.0,3780.0,84140000
2000-12-14,3620.0,3680.0,3560.0,3620.0,66965000
2000-12-15,3620.0,3640.0,3480.0,3490.0,52960000
2000-12-18,3500.0,3590.0,3490.0,3560.0,34350000
2000-12-19,3560.0,3570.0,3510.0,3530.0,25445000
2000-12-20,3420.0,3450.0,3320.0,3340.0,53675000
2000-12-21,3120.0,3300.0,3070.0,3240.0,76625000
2000-12-22,3240.0,3300.0,3130.0,3140.0,63760000
2000-12-25,3140.0,3140.0,3140.0,3140.0,0
2000-12-26,3230.0,3240.0,3160.0,3160.0,60430000
2000-12-27,3160.0,3160.0,3160.0,3160.0,0
2000-12-28,3160.0,3160.0,3160.0,3160.0,0
2000-12-29,3160.0,3160.0,3160.0,3160.0,0
2001-01-01,3160.0,3160.0,3160.0,3160.0,0
2001-01-02,3160.0,3380.0,3140.0,3350.0,39455000
2001-01-03,3230.0,3420.0,3220.0,3370.0,37855000
2001-01-04,3790.0,3870.0,3660.0,3780.0,119910000
2001-01-05,3760.0,3920.0,3700.0,3900.0,78135000
2001-01-08,3820.0,3910.0,3780.0,3880.0,42295000
2001-01-09,3830.0,3860.0,3710.0,3840.0,46280000
2001-01-10,3780.0,3810.0,3700.0,3710.0,41235000
2001-01-11,3790.0,3790.0,3640.0,3640.0,31410000
2001-01-12,3800.0,3890.0,3770.0,3840.0,52900000
2001-01-15,3860.0,4020.0,3840.0,3920.0,51460000
2001-01-16,3960.0,4200.0,3850.0,4140.0,52065000
2001-01-17,4060.0,4240.0,4060.0,4220.0,52570000
2001-01-18,4240.0,4530.0,4240.0,4400.0,57685000
2001-01-19,4700.0,4700.0,4520.0,4600.0,54245000
2001-01-22,4600.0,4600.0,4470.0,4550.0,42250000
2001-01-23,4550.0,4550.0,4550.0,4550.0,0
2001-01-24,4550.0,4550.0,4550.0,4550.0,0
2001-01-25,4550.0,4550.0,4550.0,4550.0,0
2001-01-26,4450.0,4480.0,3970.0,3980.0,91025000
2001-01-29,4000.0,4100.0,3960.0,4020.0,47245000
2001-01-30,4100.0,4170.0,4070.0,4110.0,39350000
2001-01-31,4090.0,4400.0,4090.0,4400.0,53045000
2001-02-01,4270.0,4420.0,4190.0,4270.0,39730000
2001-02-02,4290.0,4390.0,4220.0,4290.0,27330000
2001-02-05,4170.0,4200.0,3990.0,4030.0,47135000
2001-02-06,3980.0,4020.0,3910.0,4010.0,31545000
2001-02-07,3960.0,3990.0,3900.0,3900.0,23130000
2001-02-08,3920.0,4060.0,3890.0,4060.0,34685000
2001-02-09,4040.0,4100.0,3980.0,4070.0,25230000
2001-02-12,3840.0,4050.0,3840.0,3970.0,36110000
2001-02-13,4040.0,4100.0,3970.0,3980.0,22295000
2001-02-14,3920.0,4040.0,3900.0,3980.0,19710000
2001-02-15,4200.0,4210.0,4100.0,4130.0,34930000
2001-02-16,4150.0,4310.0,4130.0,4250.0,46375000
2001-02-19,4180.0,4210.0,4100.0,4190.0,22880000
2001-02-20,4190.0,4280.0,4180.0,4240.0,18175000
2001-02-21,4160.0,4200.0,4140.0,4160.0,19500000
2001-02-22,4080.0,4100.0,3940.0,4010.0,43605000
2001-02-23,3920.0,3970.0,3830.0,3840.0,76855000
2001-02-26,3850.0,3860.0,3780.0,3840.0,35665000
2001-02-27,3840.0,3940.0,3790.0,3790.0,38695000
2001-02-28,3700.0,3780.0,3700.0,3740.0,28715000
2001-03-01,3740.0,3740.0,3740.0,3740.0,0
2001-03-02,3700.0,3700.0,3580.0,3610.0,44500000
2001-03-05,3530.0,3720.0,3530.0,3720.0,24620000
2001-03-06,3820.0,3850.0,3760.0,3800.0,25500000
2001-03-07,3960.0,4010.0,3900.0,4000.0,52640000
2001-03-08,3950.0,4010.0,3910.0,4010.0,31360000
2001-03-09,3940.0,3940.0,3820.0,3840.0,30800000
2001-03-12,3700.0,3760.0,3650.0,3670.0,38610000
2001-03-13,3570.0,3650.0,3540.0,3640.0,33815000
2001-03-14,3640.0,3640.0,3640.0,3640.0,0
2001-03-15,3790.0,3930.0,3760.0,3920.0,29370000
2001-03-16,3880.0,3920.0,3830.0,3890.0,23315000
2001-03-19,3810.0,3880.0,3770.0,3800.0,24865000
2001-03-20,3900.0,3920.0,3820.0,3820.0,21455000
2001-03-21,3720.0,3900.0,3700.0,3870.0,40550000
2001-03-22,3980.0,3990.0,3920.0,3980.0,37465000
2001-03-23,4090.0,4370.0,4080.0,4300.0,91755000
2001-03-26,4400.0,4430.0,4340.0,4340.0,42870000
2001-03-27,4300.0,4310.0,4120.0,4150.0,31345000
2001-03-28,4260.0,4260.0,4150.0,4150.0,26075000
2001-03-29,4090.0,4180.0,4040.0,4090.0,29920000
2001-03-30,4110.0,4170.0,4040.0,4160.0,30100000
2001-04-02,4040.0,4100.0,3960.0,3990.0,39140000
2001-04-03,3810.0,3870.0,3790.0,3800.0,46070000
2001-04-04,3700.0,3740.0,3630.0,3660.0,62280000
2001-04-05,3660.0,3660.0,3660.0,3660.0,0
2001-04-06,3960.0,3960.0,3780.0,3840.0,85290000
2001-04-09,3790.0,3810.0,3710.0,3710.0,25840000
2001-04-10,3710.0,3740.0,3610.0,3640.0,39175000
2001-04-11,3780.0,3800.0,3720.0,3720.0,44515000
2001-04-12,3940.0,4090.0,3900.0,4010.0,73660000
2001-04-13,4100.0,4150.0,4030.0,4060.0,38840000
2001-04-16,4060.0,4080.0,3940.0,3940.0,10200000
2001-04-17,3920.0,4020.0,3850.0,3970.0,16815000
2001-04-18,4110.0,4280.0,4070.0,4280.0,47790000
2001-04-19,4620.0,4920.0,4580.0,4700.0,131305000
2001-04-20,4720.0,4780.0,4490.0,4490.0,44905000
2001-04-23,4490.0,4610.0,4470.0,4540.0,31785000
2001-04-24,4410.0,4420.0,4330.0,4400.0,31185000
2001-04-25,4340.0,4520.0,4320.0,4520.0,26345000
2001-04-26,4340.0,4520.0,4320.0,4520.0,26345000
2001-04-27,4410.0,4450.0,4310.0,4340.0,21695000
2001-04-30,4460.0,4620.0,4410.0,4580.0,38225000
2001-05-01,4580.0,4580.0,4580.0,4580.0,0
2001-05-02,4700.0,4700.0,4540.0,4580.0,36510000
2001-05-03,4620.0,4620.0,4490.0,4600.0,25895000
2001-05-04,4410.0,4510.0,4410.0,4460.0,32805000
2001-05-07,4500.0,4630.0,4480.0,4600.0,17945000
2001-05-08,4590.0,4620.0,4520.0,4590.0,16825000
2001-05-09,4560.0,4580.0,4490.0,4500.0,20695000
2001-05-10,4500.0,4560.0,4440.0,4500.0,24620000
2001-05-11,4460.0,4470.0,4400.0,4410.0,27705000
2001-05-14,4420.0,4460.0,4400.0,4430.0,14310000
2001-05-15,4410.0,4450.0,4290.0,4340.0,26420000
2001-05-16,4300.0,4370.0,4200.0,4210.0,25895000
2001-05-17,4400.0,4430.0,4340.0,4430.0,24105000
2001-05-18,4380.0,4420.0,4340.0,4410.0,18915000
2001-05-21,4500.0,4620.0,4430.0,4580.0,28160000
2001-05-22,4720.0,4780.0,4620.0,4620.0,48830000
2001-05-23,4600.0,4760.0,4580.0,4700.0,21890000
2001-05-24,4560.0,4600.0,4510.0,4530.0,30275000
2001-05-25,4550.0,4650.0,4430.0,4440.0,33695000
2001-05-28,4420.0,4480.0,4380.0,4450.0,18480000
2001-05-29,4430.0,4640.0,4430.0,4640.0,24280000
2001-05-30,4500.0,4530.0,4450.0,4470.0,31815000
2001-05-31,4320.0,4340.0,4190.0,4240.0,63595000
2001-06-01,4300.0,4300.0,4210.0,4240.0,29315000
2001-06-04,4260.0,4310.0,4230.0,4240.0,19955000
2001-06-05,4140.0,4240.0,4040.0,4060.0,51520000
2001-06-06,4060.0,4060.0,4060.0,4060.0,0
2001-06-07,4080.0,4310.0,4080.0,4280.0,39865000
2001-06-08,4420.0,4510.0,4400.0,4470.0,42740000
2001-06-11,4330.0,4380.0,4280.0,4280.0,24680000
2001-06-12,4220.0,4300.0,4210.0,4220.0,24195000
2001-06-13,4300.0,4310.0,4200.0,4280.0,23645000
2001-06-14,4270.0,4310.0,4200.0,4230.0,27840000
2001-06-15,4190.0,4200.0,4120.0,4190.0,40870000
2001-06-18,4180.0,4180.0,4080.0,4100.0,34095000
2001-06-19,4100.0,4170.0,4080.0,4110.0,31275000
2001-06-20,4060.0,4070.0,3990.0,4000.0,38515000
2001-06-21,4000.0,4040.0,3920.0,3960.0,40805000
2001-06-22,3940.0,3940.0,3820.0,3870.0,44685000
2001-06-25,3840.0,3930.0,3800.0,3870.0,25925000
2001-06-26,3870.0,3900.0,3780.0,3780.0,33500000
2001-06-27,3790.0,3800.0,3700.0,3720.0,40985000
2001-06-28,3700.0,3790.0,3690.0,3750.0,27040000
2001-06-29,3840.0,3850.0,3800.0,3840.0,30675000
2001-07-02,3840.0,3880.0,3810.0,3860.0,23280000
2001-07-03,3900.0,3910.0,3870.0,3890.0,20305000
2001-07-04,3840.0,3940.0,3840.0,3940.0,13705000
2001-07-05,3940.0,3950.0,3860.0,3860.0,15550000
2001-07-06,3740.0,3770.0,3650.0,3670.0,38020000
2001-07-09,3500.0,3540.0,3390.0,3420.0,81635000
2001-07-10,3440.0,3490.0,3390.0,3400.0,32665000
2001-07-11,3280.0,3410.0,3280.0,3380.0,37970000
2001-07-12,3480.0,3560.0,3460.0,3520.0,66365000
2001-07-13,3640.0,3640.0,3360.0,3400.0,46560000
2001-07-16,3370.0,3390.0,3260.0,3340.0,27910000
2001-07-17,3340.0,3340.0,3340.0,3340.0,0
2001-07-18,3360.0,3420.0,3330.0,3350.0,33430000
2001-07-19,3330.0,3540.0,3310.0,3540.0,37325000
2001-07-20,3520.0,3600.0,3470.0,3520.0,29625000
2001-07-23,3500.0,3500.0,3430.0,3460.0,21275000
2001-07-24,3400.0,3510.0,3400.0,3470.0,21480000
2001-07-25,3460.0,3590.0,3440.0,3570.0,20905000
2001-07-26,3590.0,3650.0,3590.0,3630.0,21865000
2001-07-27,3730.0,3790.0,3690.0,3710.0,28800000
2001-07-30,3760.0,3780.0,3690.0,3710.0,20055000
2001-07-31,3740.0,3810.0,3720.0,3790.0,22230000
2001-08-01,3830.0,3990.0,3810.0,3960.0,57875000
2001-08-02,4020.0,4040.0,3880.0,3910.0,31790000
2001-08-03,4000.0,4020.0,3950.0,3990.0,32795000
2001-08-06,3930.0,4000.0,3900.0,3980.0,16130000
2001-08-07,3880.0,3900.0,3810.0,3860.0,22085000
2001-08-08,3820.0,3840.0,3740.0,3800.0,13405000
2001-08-09,3690.0,3730.0,3660.0,3660.0,29170000
2001-08-10,3710.0,3780.0,3710.0,3730.0,11580000
2001-08-13,3770.0,3830.0,3750.0,3830.0,18640000
2001-08-14,3900.0,3960.0,3870.0,3950.0,21220000
2001-08-15,3950.0,3950.0,3950.0,3950.0,0
2001-08-16,3840.0,3900.0,3820.0,3900.0,18330000
2001-08-17,3900.0,3960.0,3870.0,3920.0,17745000
2001-08-20,3800.0,3830.0,3780.0,3800.0,9435000
2001-08-21,3820.0,3850.0,3700.0,3720.0,21735000
2001-08-22,3630.0,3850.0,3630.0,3850.0,21770000
2001-08-23,3870.0,3910.0,3800.0,3850.0,14945000
2001-08-24,3840.0,3880.0,3780.0,3840.0,7515000
2001-08-27,3960.0,4020.0,3920.0,3980.0,37955000
2001-08-28,4000.0,4000.0,3930.0,3940.0,20535000
2001-08-29,3900.0,3970.0,3860.0,3930.0,19135000
2001-08-30,3840.0,3940.0,3840.0,3920.0,12585000
2001-08-31,3860.0,3880.0,3750.0,3800.0,25845000
2001-09-03,3810.0,3820.0,3750.0,3760.0,10450000
2001-09-04,3760.0,3940.0,3750.0,3930.0,18775000
2001-09-05,3840.0,3850.0,3750.0,3790.0,21020000
2001-09-06,3800.0,3850.0,3760.0,3770.0,17490000
2001-09-07,3760.0,3820.0,3690.0,3820.0,22835000
2001-09-10,3770.0,3830.0,3730.0,3830.0,14000000
2001-09-11,3800.0,3850.0,3720.0,3740.0,15810000
2001-09-12,3200.0,3460.0,3200.0,3230.0,84970000
2001-09-13,3360.0,3460.0,3320.0,3430.0,59745000
2001-09-14,3440.0,3450.0,3290.0,3390.0,33175000
2001-09-17,3300.0,3360.0,3240.0,3280.0,28450000
2001-09-18,3390.0,3400.0,3300.0,3350.0,24870000
2001-09-19,3300.0,3340.0,3260.0,3280.0,21555000
2001-09-20,3200.0,3200.0,3030.0,3080.0,61380000
2001-09-21,2900.0,2940.0,2790.0,2850.0,65415000
2001-09-24,2850.0,2850.0,2850.0,2850.0,0
2001-09-25,3060.0,3070.0,2860.0,2860.0,42065000
2001-09-26,2820.0,2870.0,2790.0,2830.0,33275000
2001-09-27,2760.0,2810.0,2680.0,2810.0,36500000
2001-09-28,2810.0,2810.0,2810.0,2810.0,0
2001-10-01,2810.0,2810.0,2810.0,2810.0,0
2001-10-02,2810.0,2810.0,2810.0,2810.0,0
2001-10-03,2810.0,2810.0,2810.0,2810.0,0
2001-10-04,3000.0,3000.0,2860.0,2910.0,64925000
2001-10-05,2920.0,2970.0,2870.0,2950.0,40035000
2001-10-08,2940.0,2960.0,2890.0,2920.0,19935000
2001-10-09,2960.0,3060.0,2960.0,3030.0,39630000
2001-10-10,2990.0,3010.0,2960.0,2980.0,16855000
2001-10-11,3080.0,3200.0,3070.0,3180.0,58170000
2001-10-12,3320.0,3340.0,3250.0,3260.0,47265000
2001-10-15,3200.0,3240.0,3180.0,3200.0,17425000
2001-10-16,3160.0,3230.0,3160.0,3180.0,15620000
2001-10-17,3260.0,3300.0,3230.0,3280.0,28595000
2001-10-18,3230.0,3260.0,3170.0,3260.0,21850000
2001-10-19,3300.0,3410.0,3260.0,3400.0,41555000
2001-10-22,3460.0,3470.0,3330.0,3390.0,18730000
2001-10-23,3500.0,3530.0,3450.0,3480.0,39580000
2001-10-24,3560.0,3710.0,3550.0,3710.0,56115000
2001-10-25,3700.0,3700.0,3620.0,3660.0,27610000
2001-10-26,3660.0,3690.0,3580.0,3620.0,47820000
2001-10-29,3660.0,3700.0,3610.0,3680.0,25480000
2001-10-30,3540.0,3580.0,3470.0,3480.0,33825000
2001-10-31,3410.0,3480.0,3410.0,3470.0,28980000
2001-11-01,3540.0,3630.0,3480.0,3580.0,34295000
2001-11-02,3630.0,3670.0,3630.0,3660.0,37920000
2001-11-05,3670.0,3700.0,3620.0,3700.0,30180000
2001-11-06,3780.0,3830.0,3760.0,3800.0,53010000
2001-11-07,3820.0,3830.0,3770.0,3810.0,44265000
2001-11-08,3810.0,3870.0,3800.0,3860.0,37600000
2001-11-09,3860.0,3860.0,3860.0,3860.0,0
2001-11-12,4010.0,4050.0,3930.0,4000.0,23500000
2001-11-13,3920.0,4000.0,3900.0,4000.0,30010000
2001-11-14,4100.0,4300.0,4060.0,4300.0,75030000
2001-11-15,4210.0,4290.0,4150.0,4190.0,36275000
2001-11-16,4160.0,4190.0,4070.0,4180.0,35795000
2001-11-19,4100.0,4400.0,4100.0,4370.0,39315000
2001-11-20,4400.0,4460.0,4270.0,4270.0,37695000
2001-11-21,4160.0,4300.0,4150.0,4220.0,33430000
2001-11-22,4230.0,4320.0,4160.0,4320.0,17595000
2001-11-23,4340.0,4450.0,4300.0,4440.0,27370000
2001-11-26,4470.0,4620.0,4470.0,4600.0,37990000
2001-11-27,4640.0,4660.0,4570.0,4620.0,41960000
2001-11-28,4540.0,4600.0,4350.0,4380.0,29700000
2001-11-29,4290.0,4490.0,4170.0,4200.0,53265000
2001-11-30,4460.0,4460.0,4330.0,4360.0,31230000
2001-12-03,4430.0,4500.0,4290.0,4490.0,32860000
2001-12-04,4530.0,4610.0,4440.0,4600.0,32740000
2001-12-05,4760.0,5290.0,4740.0,5290.0,115130000
2001-12-06,5560.0,5860.0,5350.0,5500.0,114630000
2001-12-07,5400.0,5730.0,5330.0,5670.0,58705000
2001-12-10,5580.0,5580.0,5170.0,5200.0,65280000
2001-12-11,5040.0,5190.0,4970.0,5170.0,52625000
2001-12-12,5160.0,5420.0,5030.0,5400.0,53895000
2001-12-13,5400.0,5430.0,5220.0,5300.0,63765000
2001-12-14,5110.0,5230.0,5090.0,5100.0,46510000
2001-12-17,5010.0,5150.0,4920.0,5010.0,41255000
2001-12-18,5080.0,5390.0,5080.0,5210.0,56725000
2001-12-19,5310.0,5350.0,5250.0,5280.0,30870000
2001-12-20,5200.0,5410.0,5110.0,5300.0,32435000
2001-12-21,5100.0,5190.0,5000.0,5030.0,41650000
2001-12-24,5050.0,5160.0,5010.0,5050.0,20430000
2001-12-25,5050.0,5050.0,5050.0,5050.0,0
2001-12-26,5130.0,5190.0,5080.0,5160.0,21745000
2001-12-27,5200.0,5420.0,5180.0,5400.0,40355000
2001-12-28,5600.0,5620.0,5510.0,5580.0,38480000
2001-12-31,5580.0,5580.0,5580.0,5580.0,0
2002-01-01,5580.0,5580.0,5580.0,5580.0,0
2002-01-02,5660.0,6160.0,5620.0,6160.0,57100000
2002-01-03,6160.0,6160.0,6160.0,6160.0,0
2002-01-04,6380.0,6410.0,6290.0,6380.0,50470000
2002-01-07,6260.0,6430.0,6170.0,6360.0,51455000
2002-01-08,6390.0,6390.0,6190.0,6230.0,38005000
2002-01-09,6210.0,6450.0,6190.0,6450.0,45120000
2002-01-10,6360.0,6420.0,6160.0,6160.0,54845000
2002-01-11,6240.0,6350.0,6040.0,6120.0,47680000
2002-01-14,6050.0,6600.0,6040.0,6600.0,48900000
2002-01-15,6430.0,6460.0,6160.0,6240.0,68875000
2002-01-16,6150.0,6250.0,6030.0,6030.0,60330000
2002-01-17,5900.0,6060.0,5860.0,6000.0,55605000
2002-01-18,6010.0,6040.0,5880.0,5920.0,44260000
2002-01-21,5800.0,5840.0,5720.0,5820.0,41265000
2002-01-22,5840.0,6050.0,5840.0,6000.0,32895000
2002-01-23,5800.0,6190.0,5780.0,6160.0,39900000
2002-01-24,6220.0,6370.0,6180.0,6200.0,38415000
2002-01-25,6330.0,6570.0,6260.0,6460.0,56875000
2002-01-28,6580.0,6580.0,6350.0,6370.0,33735000
2002-01-29,6370.0,6450.0,6290.0,6300.0,32140000
2002-01-30,6010.0,6180.0,6010.0,6060.0,39580000
2002-01-31,6060.0,6060.0,6060.0,6060.0,0
2002-02-01,6200.0,6320.0,6090.0,6180.0,35640000
2002-02-04,6200.0,6330.0,6180.0,6240.0,23805000
2002-02-05,6200.0,6490.0,6140.0,6460.0,48675000
2002-02-06,6400.0,6480.0,6360.0,6380.0,31845000
2002-02-07,6300.0,6460.0,6240.0,6300.0,36975000
2002-02-08,6320.0,6420.0,6220.0,6420.0,34105000
2002-02-11,6420.0,6420.0,6420.0,6420.0,0
2002-02-12,6420.0,6420.0,6420.0,6420.0,0
2002-02-13,6420.0,6420.0,6420.0,6420.0,0
2002-02-14,6740.0,7100.0,6630.0,7100.0,98365000
2002-02-15,6940.0,7000.0,6810.0,6830.0,42860000
2002-02-18,6820.0,6910.0,6780.0,6860.0,35695000
2002-02-19,6900.0,7040.0,6790.0,6850.0,36270000
2002-02-20,6700.0,6870.0,6700.0,6800.0,34980000
2002-02-21,6860.0,6890.0,6540.0,6760.0,51595000
2002-02-22,6550.0,6680.0,6530.0,6670.0,47120000
2002-02-25,6610.0,6730.0,6530.0,6640.0,33955000
2002-02-26,6820.0,6880.0,6660.0,6740.0,34055000
2002-02-27,6660.0,7000.0,6660.0,7000.0,45875000
2002-02-28,7000.0,7010.0,6860.0,6860.0,43075000
2002-03-01,6860.0,6860.0,6860.0,6860.0,0
2002-03-04,7010.0,7260.0,7000.0,7000.0,60950000
2002-03-05,7270.0,7280.0,7120.0,7220.0,48115000
2002-03-06,7220.0,7360.0,7150.0,7260.0,30955000
2002-03-07,7370.0,7370.0,7110.0,7120.0,24780000
2002-03-08,7100.0,7150.0,6910.0,6980.0,36710000
2002-03-11,7000.0,7040.0,6870.0,6970.0,36135000
2002-03-12,6880.0,7070.0,6860.0,7060.0,39365000
2002-03-13,6910.0,7050.0,6910.0,6960.0,33440000
2002-03-14,6890.0,6900.0,6580.0,6880.0,105785000
2002-03-15,6680.0,6730.0,6580.0,6600.0,71515000
2002-03-18,6700.0,6720.0,6580.0,6640.0,51835000
2002-03-19,6660.0,6980.0,6660.0,6980.0,63005000
2002-03-20,7020.0,7120.0,6930.0,6980.0,43105000
2002-03-21,6800.0,6910.0,6800.0,6830.0,33605000
2002-03-22,6900.0,7140.0,6790.0,7010.0,48595000
2002-03-25,7060.0,7060.0,6800.0,6800.0,54505000
2002-03-26,6770.0,6980.0,6730.0,6980.0,42195000
2002-03-27,7000.0,7310.0,7000.0,7270.0,61410000
2002-03-28,7250.0,7400.0,7150.0,7150.0,39260000
2002-03-29,7300.0,7420.0,7260.0,7360.0,36935000
2002-04-01,7500.0,7690.0,7410.0,7480.0,57465000
2002-04-02,7560.0,7970.0,7400.0,7970.0,78395000
2002-04-03,7950.0,8100.0,7860.0,8080.0,60430000
2002-04-04,7980.0,7980.0,7730.0,7780.0,70795000
2002-04-05,7780.0,7780.0,7780.0,7780.0,0
2002-04-08,7760.0,7760.0,7380.0,7380.0,77600000
2002-04-09,7400.0,7470.0,7320.0,7380.0,52740000
2002-04-10,7380.0,7390.0,7110.0,7120.0,65180000
2002-04-11,7150.0,7300.0,7120.0,7190.0,71690000
2002-04-12,7190.0,7430.0,7110.0,7380.0,55420000
2002-04-15,7440.0,7760.0,7440.0,7700.0,42665000
2002-04-16,7700.0,7820.0,7630.0,7780.0,42525000
2002-04-17,8010.0,8220.0,7980.0,8120.0,77025000
2002-04-18,8000.0,8170.0,7950.0,8130.0,48785000
2002-04-19,8130.0,8270.0,7920.0,7920.0,61985000
2002-04-22,8060.0,8340.0,8040.0,8200.0,61720000
2002-04-23,8200.0,8560.0,8110.0,8540.0,59890000
2002-04-24,8460.0,8640.0,8360.0,8640.0,39980000
2002-04-25,8430.0,8520.0,8250.0,8260.0,51010000
2002-04-26,8140.0,8230.0,7990.0,8000.0,56155000
2002-04-29,7800.0,7930.0,7610.0,7620.0,53330000
2002-04-30,7660.0,7770.0,7560.0,7640.0,44785000
2002-05-01,7640.0,7640.0,7640.0,7640.0,0
2002-05-02,7740.0,7740.0,7530.0,7590.0,51900000
2002-05-03,7440.0,7490.0,7260.0,7400.0,55535000
2002-05-06,7130.0,7220.0,6960.0,6960.0,55135000
2002-05-07,6810.0,7040.0,6700.0,7040.0,72025000
2002-05-08,7160.0,7380.0,7130.0,7250.0,53325000
2002-05-09,7540.0,7560.0,7240.0,7240.0,74720000
2002-05-10,7010.0,7100.0,6640.0,6680.0,100015000
2002-05-13,6560.0,6770.0,6410.0,6710.0,67570000
2002-05-14,6940.0,7170.0,6900.0,7160.0,59730000
2002-05-15,7360.0,7620.0,7340.0,7520.0,70610000
2002-05-16,7520.0,7530.0,7390.0,7400.0,30645000
2002-05-17,7500.0,7670.0,7470.0,7650.0,40355000
2002-05-20,7600.0,7610.0,7400.0,7400.0,30245000
2002-05-21,7290.0,7360.0,7100.0,7120.0,40335000
2002-05-22,7100.0,7400.0,7030.0,7400.0,37960000
2002-05-23,7340.0,7380.0,7190.0,7200.0,37015000
2002-05-24,7360.0,7420.0,7300.0,7320.0,34335000
2002-05-27,7200.0,7390.0,7190.0,7230.0,19350000
2002-05-28,7250.0,7400.0,7210.0,7390.0,23475000
2002-05-29,7300.0,7300.0,7080.0,7240.0,39030000
2002-05-30,7130.0,7210.0,7040.0,7100.0,31370000
2002-05-31,7080.0,7130.0,6840.0,6840.0,44735000
2002-06-03,6720.0,7080.0,6720.0,7020.0,34900000
2002-06-04,6820.0,7080.0,6810.0,7040.0,28405000
2002-06-05,7160.0,7250.0,7090.0,7110.0,25415000
2002-06-06,7110.0,7110.0,7110.0,7110.0,0
2002-06-07,6910.0,6990.0,6880.0,6900.0,39460000
2002-06-10,6980.0,7050.0,6960.0,7000.0,28000000
2002-06-11,7000.0,7020.0,6880.0,7000.0,22005000
2002-06-12,6930.0,7040.0,6920.0,7040.0,42905000
2002-06-13,7040.0,7040.0,7040.0,7040.0,0
2002-06-14,7070.0,7320.0,7060.0,7190.0,37845000
2002-06-17,7220.0,7290.0,7160.0,7180.0,28255000
2002-06-18,7400.0,7500.0,7230.0,7260.0,41960000
2002-06-19,7260.0,7320.0,6870.0,6970.0,63065000
2002-06-20,6800.0,6880.0,6670.0,6820.0,42950000
2002-06-21,6700.0,6910.0,6610.0,6800.0,48655000
2002-06-24,6630.0,6820.0,6630.0,6780.0,27915000
2002-06-25,6900.0,6940.0,6760.0,6770.0,30155000
2002-06-26,6600.0,6610.0,6180.0,6180.0,64210000
2002-06-27,6380.0,6430.0,6220.0,6260.0,44755000
2002-06-28,6500.0,6690.0,6440.0,6580.0,45560000
2002-07-01,6580.0,6580.0,6580.0,6580.0,0
2002-07-02,6440.0,6800.0,6360.0,6750.0,40600000
2002-07-03,6630.0,6830.0,6530.0,6760.0,40585000
2002-07-04,6850.0,7000.0,6850.0,7000.0,37020000
2002-07-05,7000.0,7210.0,6980.0,7160.0,45015000
2002-07-08,7400.0,7410.0,7100.0,7180.0,54385000
2002-07-09,7200.0,7300.0,7110.0,7240.0,33070000
2002-07-10,7100.0,7170.0,6890.0,6940.0,35655000
2002-07-11,6740.0,6780.0,6630.0,6630.0,37980000
2002-07-12,6880.0,7090.0,6820.0,7040.0,40000000
2002-07-15,6960.0,7220.0,6960.0,7060.0,36755000
2002-07-16,7200.0,7230.0,7020.0,7080.0,42635000
2002-07-17,7080.0,7080.0,7080.0,7080.0,0
2002-07-18,7070.0,7210.0,7050.0,7140.0,40105000
2002-07-19,7000.0,7010.0,6760.0,6830.0,43190000
2002-07-22,6570.0,6690.0,6540.0,6600.0,39480000
2002-07-23,6520.0,6900.0,6430.0,6900.0,41355000
2002-07-24,6660.0,6740.0,6590.0,6700.0,33850000
2002-07-25,7000.0,7020.0,6780.0,6780.0,47515000
2002-07-26,6590.0,6660.0,6340.0,6400.0,63865000
2002-07-29,6480.0,6550.0,6380.0,6500.0,28925000
2002-07-30,6660.0,6780.0,6660.0,6660.0,31170000
2002-07-31,6650.0,6740.0,6620.0,6650.0,27480000
2002-08-01,6670.0,6670.0,6420.0,6490.0,26135000
2002-08-02,6350.0,6440.0,6240.0,6390.0,51860000
2002-08-05,6310.0,6340.0,6160.0,6180.0,32540000
2002-08-06,6100.0,6100.0,5970.0,6000.0,61465000
2002-08-07,6170.0,6280.0,6130.0,6240.0,35240000
2002-08-08,6400.0,6400.0,6220.0,6270.0,47335000
2002-08-09,6390.0,6450.0,6350.0,6380.0,31175000
2002-08-12,6380.0,6420.0,6260.0,6340.0,38830000
2002-08-13,6340.0,6490.0,6340.0,6490.0,19635000
2002-08-14,6440.0,6460.0,6360.0,6440.0,35980000
2002-08-15,6440.0,6440.0,6440.0,6440.0,0
2002-08-16,6600.0,6660.0,6500.0,6510.0,31750000
2002-08-19,6640.0,6700.0,6570.0,6660.0,23175000
2002-08-20,6800.0,6940.0,6770.0,6920.0,42485000
2002-08-21,6920.0,7000.0,6850.0,7000.0,40045000
2002-08-22,7040.0,7060.0,6930.0,6950.0,39610000
2002-08-23,6950.0,6950.0,6950.0,6950.0,0
2002-08-26,6840.0,6840.0,6770.0,6810.0,31810000
2002-08-27,6810.0,6830.0,6660.0,6660.0,33835000
2002-08-28,6500.0,6660.0,6500.0,6560.0,29830000
2002-08-29,6720.0,6720.0,6480.0,6560.0,28695000
2002-08-30,6520.0,6640.0,6480.0,6620.0,31530000
2002-09-02,6590.0,6800.0,6570.0,6800.0,28810000
2002-09-03,6820.0,6840.0,6650.0,6670.0,22945000
2002-09-04,6520.0,6560.0,6430.0,6480.0,33640000
2002-09-05,6560.0,6570.0,6420.0,6420.0,17770000
2002-09-06,6370.0,6490.0,6360.0,6440.0,27970000
2002-09-09,6530.0,6570.0,6430.0,6470.0,22015000
2002-09-10,6490.0,6600.0,6480.0,6600.0,17320000
2002-09-11,6670.0,6790.0,6620.0,6730.0,26610000
2002-09-12,6770.0,6860.0,6710.0,6860.0,32885000
2002-09-13,6730.0,6740.0,6630.0,6630.0,23920000
2002-09-16,6680.0,6680.0,6540.0,6550.0,19385000
2002-09-17,6680.0,6840.0,6610.0,6840.0,33655000
2002-09-18,6640.0,6700.0,6600.0,6660.0,28480000
2002-09-19,6700.0,6790.0,6670.0,6700.0,21495000
2002-09-20,6700.0,6700.0,6700.0,6700.0,0
2002-09-23,6560.0,6600.0,6370.0,6430.0,44800000
2002-09-24,6260.0,6380.0,6220.0,6380.0,44650000
2002-09-25,6260.0,6340.0,6080.0,6140.0,42295000
2002-09-26,6320.0,6370.0,6180.0,6280.0,42535000
2002-09-27,6160.0,6320.0,6140.0,6190.0,30845000
2002-09-30,5990.0,6000.0,5880.0,5970.0,40780000
2002-10-01,5820.0,5990.0,5820.0,5950.0,34580000
2002-10-02,6140.0,6160.0,5960.0,5990.0,36470000
2002-10-03,5990.0,5990.0,5990.0,5990.0,0
2002-10-04,5840.0,6150.0,5840.0,6120.0,34510000
2002-10-07,6060.0,6080.0,5920.0,5920.0,22180000
2002-10-08,5890.0,6000.0,5890.0,6000.0,29610000
2002-10-09,6040.0,6040.0,5920.0,5950.0,27245000
2002-10-10,5810.0,5870.0,5450.0,5470.0,72530000
2002-10-11,5670.0,5670.0,5310.0,5470.0,67420000
2002-10-14,5700.0,5810.0,5660.0,5760.0,48320000
2002-10-15,5860.0,6050.0,5750.0,6000.0,45910000
2002-10-16,6100.0,6140.0,5950.0,6100.0,52820000
2002-10-17,6060.0,6220.0,5930.0,6150.0,58125000
2002-10-18,6400.0,6610.0,6320.0,6530.0,90720000
2002-10-21,6500.0,6630.0,6420.0,6480.0,32510000
2002-10-22,6630.0,6640.0,6260.0,6390.0,40335000
2002-10-23,6410.0,6560.0,6270.0,6560.0,46750000
2002-10-24,6650.0,6760.0,6640.0,6680.0,50295000
2002-10-25,6610.0,6840.0,6610.0,6800.0,45285000
2002-10-28,6960.0,7260.0,6950.0,7220.0,57720000
2002-10-29,7190.0,7260.0,7060.0,7060.0,45245000
2002-10-30,6940.0,6980.0,6640.0,6760.0,63295000
2002-10-31,6900.0,6960.0,6750.0,6900.0,41280000
2002-11-01,6860.0,6920.0,6770.0,6820.0,27225000
2002-11-04,7080.0,7370.0,7030.0,7350.0,68795000
2002-11-05,7390.0,7400.0,7140.0,7230.0,46110000
2002-11-06,7360.0,7370.0,7230.0,7310.0,32750000
2002-11-07,7310.0,7380.0,7180.0,7330.0,41545000
2002-11-08,7120.0,7190.0,7040.0,7190.0,36000000
2002-11-11,7120.0,7120.0,6900.0,6980.0,27855000
2002-11-12,6790.0,6950.0,6770.0,6930.0,33100000
2002-11-13,6990.0,7020.0,6890.0,6980.0,38210000
2002-11-14,6900.0,6980.0,6780.0,6800.0,31635000
2002-11-15,7020.0,7160.0,6990.0,7160.0,41990000
2002-11-18,7160.0,7170.0,6990.0,7020.0,28460000
2002-11-19,6920.0,7050.0,6920.0,7050.0,20825000
2002-11-20,7060.0,7210.0,6990.0,7200.0,40270000
2002-11-21,7420.0,7470.0,7360.0,7380.0,55060000
2002-11-22,7560.0,7600.0,7460.0,7460.0,48550000
2002-11-25,7500.0,7600.0,7460.0,7570.0,32420000
2002-11-26,7590.0,7640.0,7490.0,7570.0,39225000
2002-11-27,7440.0,7600.0,7440.0,7600.0,23900000
2002-11-28,7740.0,7850.0,7660.0,7700.0,38735000
2002-11-29,7710.0,7760.0,7650.0,7740.0,28085000
2002-12-02,7740.0,7740.0,7740.0,7740.0,0
2002-12-03,7760.0,7900.0,7700.0,7860.0,37660000
2002-12-04,7720.0,7750.0,7470.0,7470.0,42435000
2002-12-05,7380.0,7500.0,7270.0,7470.0,46550000
2002-12-06,7400.0,7480.0,7330.0,7440.0,27790000
2002-12-09,7460.0,7480.0,7300.0,7450.0,39300000
2002-12-10,7280.0,7320.0,7240.0,7290.0,31780000
2002-12-11,7340.0,7350.0,7210.0,7320.0,35140000
2002-12-12,7310.0,7360.0,7310.0,7360.0,57605000
2002-12-13,7300.0,7330.0,7180.0,7240.0,31630000
2002-12-16,7060.0,7120.0,6960.0,6970.0,50650000
2002-12-17,7100.0,7140.0,7040.0,7070.0,45230000
2002-12-18,6940.0,7200.0,6900.0,7150.0,31875000
2002-12-19,7150.0,7150.0,7150.0,7150.0,0
2002-12-20,7120.0,7200.0,7010.0,7160.0,30960000
2002-12-23,7160.0,7180.0,6940.0,6960.0,25675000
2002-12-24,6900.0,6980.0,6830.0,6850.0,24370000
2002-12-25,6850.0,6850.0,6850.0,6850.0,0
2002-12-26,6850.0,6880.0,6740.0,6790.0,26020000
2002-12-27,6700.0,6870.0,6680.0,6720.0,23135000
2002-12-30,6610.0,6700.0,6260.0,6280.0,49905000
2002-12-31,6280.0,6280.0,6280.0,6280.0,0
2003-01-01,6280.0,6280.0,6280.0,6280.0,0
2003-01-02,6380.0,6460.0,6300.0,6430.0,25580000
2003-01-03,6700.0,7000.0,6640.0,6880.0,55530000
2003-01-06,6940.0,7030.0,6880.0,6990.0,24970000
2003-01-07,7180.0,7180.0,6840.0,6850.0,28895000
2003-01-08,6920.0,6930.0,6770.0,6800.0,25210000
2003-01-09,6620.0,6660.0,6420.0,6460.0,75290000
2003-01-10,6600.0,6650.0,6340.0,6480.0,62640000
2003-01-13,6400.0,6690.0,6370.0,6690.0,31445000
2003-01-14,6600.0,6650.0,6500.0,6570.0,26320000
2003-01-15,6600.0,6670.0,6440.0,6480.0,32735000
2003-01-16,6400.0,6600.0,6320.0,6600.0,40380000
2003-01-17,6550.0,6570.0,6410.0,6410.0,24405000
2003-01-20,6240.0,6420.0,6240.0,6400.0,18610000
2003-01-21,6360.0,6400.0,6290.0,6380.0,26675000
2003-01-22,6290.0,6370.0,6180.0,6230.0,32670000
2003-01-23,6230.0,6370.0,6150.0,6320.0,36700000
2003-01-24,6320.0,6340.0,6130.0,6260.0,33445000
2003-01-27,6020.0,6100.0,5970.0,5980.0,46465000
2003-01-28,5980.0,6140.0,5980.0,6140.0,26430000
2003-01-29,6070.0,6130.0,5800.0,5830.0,46520000
2003-01-30,5860.0,5910.0,5790.0,5830.0,35065000
2003-01-31,5830.0,5830.0,5830.0,5830.0,0
2003-02-03,5780.0,5890.0,5720.0,5860.0,28670000
2003-02-04,5860.0,5960.0,5840.0,5880.0,40850000
2003-02-05,5780.0,5910.0,5780.0,5820.0,21430000
2003-02-06,5810.0,5840.0,5630.0,5660.0,38460000
2003-02-07,5600.0,5640.0,5400.0,5480.0,48695000
2003-02-10,5420.0,5460.0,5350.0,5390.0,39390000
2003-02-11,5400.0,5510.0,5190.0,5430.0,52050000
2003-02-12,5320.0,5600.0,5320.0,5600.0,38100000
2003-02-13,5580.0,5610.0,5430.0,5430.0,38935000
2003-02-14,5400.0,5460.0,5320.0,5460.0,31730000
2003-02-17,5640.0,5840.0,5600.0,5810.0,43155000
2003-02-18,5820.0,5870.0,5720.0,5860.0,25315000
2003-02-19,6000.0,6160.0,5940.0,5940.0,49545000
2003-02-20,5880.0,6060.0,5880.0,6050.0,33430000
2003-02-21,6100.0,6100.0,5990.0,6040.0,21490000
2003-02-24,6060.0,6280.0,6060.0,6190.0,33000000
2003-02-25,6000.0,6040.0,5790.0,5790.0,47465000
2003-02-26,5790.0,5840.0,5650.0,5680.0,32980000
2003-02-27,5600.0,5710.0,5520.0,5670.0,37950000
2003-02-28,5670.0,5740.0,5580.0,5590.0,20490000
2003-03-03,5590.0,5900.0,5590.0,5900.0,25520000
2003-03-04,5750.0,5780.0,5650.0,5700.0,25405000
2003-03-05,5560.0,5590.0,5460.0,5520.0,33420000
2003-03-06,5580.0,5580.0,5430.0,5520.0,19110000
2003-03-07,5460.0,5700.0,5400.0,5620.0,39685000
2003-03-10,5690.0,5780.0,5640.0,5730.0,29210000
2003-03-11,5690.0,5800.0,5600.0,5750.0,51570000
2003-03-12,5750.0,5830.0,5730.0,5800.0,50580000
2003-03-13,5810.0,5830.0,5650.0,5800.0,53845000
2003-03-14,5980.0,6060.0,5860.0,5930.0,38295000
2003-03-17,5930.0,5940.0,5640.0,5760.0,38500000
2003-03-18,5990.0,6030.0,5870.0,5980.0,42135000
2003-03-19,5920.0,6020.0,5880.0,5920.0,29355000
2003-03-20,6000.0,6230.0,5960.0,6230.0,59500000
2003-03-21,6230.0,6330.0,6170.0,6300.0,31155000
2003-03-24,6340.0,6340.0,6220.0,6250.0,41540000
2003-03-25,6140.0,6140.0,6060.0,6120.0,44210000
2003-03-26,6160.0,6210.0,6060.0,6080.0,45140000
2003-03-27,5980.0,6050.0,5930.0,5970.0,24130000
2003-03-28,5980.0,6140.0,5930.0,6140.0,33220000
2003-03-31,5960.0,6000.0,5680.0,5680.0,46440000
2003-04-01,5560.0,5680.0,5480.0,5680.0,49730000
2003-04-02,5700.0,5740.0,5550.0,5580.0,60345000
2003-04-03,5720.0,5750.0,5580.0,5580.0,59235000
2003-04-04,5520.0,5710.0,5440.0,5670.0,53760000
2003-04-07,5760.0,6010.0,5710.0,5980.0,49785000
2003-04-08,5840.0,6030.0,5820.0,5980.0,40425000
2003-04-09,5840.0,5880.0,5720.0,5730.0,42470000
2003-04-10,5730.0,5820.0,5670.0,5760.0,54070000
2003-04-11,5700.0,5880.0,5690.0,5700.0,39665000
2003-04-14,5670.0,5880.0,5670.0,5710.0,35175000
2003-04-15,5860.0,5930.0,5810.0,5920.0,35260000
2003-04-16,6100.0,6250.0,6070.0,6210.0,55085000
2003-04-17,6140.0,6210.0,6040.0,6040.0,34275000
2003-04-18,6210.0,6300.0,6060.0,6300.0,40785000
2003-04-21,6240.0,6340.0,6170.0,6180.0,20485000
2003-04-22,6100.0,6140.0,5950.0,5970.0,35690000
2003-04-23,6050.0,6110.0,5980.0,6000.0,23690000
2003-04-24,5980.0,6040.0,5840.0,5900.0,23805000
2003-04-25,5800.0,5840.0,5700.0,5750.0,35760000
2003-04-28,5690.0,5840.0,5660.0,5700.0,27240000
2003-04-29,5870.0,6030.0,5820.0,6010.0,31235000
2003-04-30,6040.0,6130.0,5990.0,6100.0,32040000
2003-05-01,6100.0,6100.0,6100.0,6100.0,0
2003-05-02,6100.0,6200.0,6010.0,6140.0,41120000
2003-05-05,6140.0,6140.0,6140.0,6140.0,0
2003-05-06,6210.0,6320.0,6210.0,6260.0,35920000
2003-05-07,6340.0,6400.0,6200.0,6390.0,49160000
2003-05-08,6390.0,6390.0,6390.0,6390.0,0
2003-05-09,6320.0,6370.0,6260.0,6340.0,22870000
2003-05-12,6500.0,6590.0,6460.0,6540.0,36610000
2003-05-13,6540.0,6540.0,6290.0,6320.0,29390000
2003-05-14,6260.0,6300.0,6170.0,6190.0,24465000
2003-05-15,6240.0,6340.0,6150.0,6300.0,28510000
2003-05-16,6260.0,6310.0,6140.0,6140.0,31405000
2003-05-19,6050.0,6090.0,5980.0,6020.0,31090000
2003-05-20,5920.0,6140.0,5910.0,6130.0,23500000
2003-05-21,6090.0,6170.0,6050.0,6080.0,20475000
2003-05-22,6030.0,6170.0,5970.0,6000.0,24650000
2003-05-23,6080.0,6250.0,6070.0,6240.0,21445000
2003-05-26,6240.0,6370.0,6170.0,6340.0,21220000
2003-05-27,6300.0,6360.0,6230.0,6280.0,12840000
2003-05-28,6480.0,6510.0,6370.0,6420.0,34535000
2003-05-29,6420.0,6540.0,6360.0,6490.0,34130000
2003-05-30,6490.0,6510.0,6400.0,6480.0,23195000
2003-06-02,6580.0,6700.0,6580.0,6680.0,33215000
2003-06-03,6550.0,6600.0,6470.0,6470.0,26775000
2003-06-04,6520.0,6580.0,6430.0,6580.0,20430000
2003-06-05,6660.0,6730.0,6620.0,6670.0,27350000
2003-06-06,6670.0,6670.0,6670.0,6670.0,0
2003-06-09,6730.0,6890.0,6690.0,6880.0,38905000
2003-06-10,6800.0,6940.0,6780.0,6880.0,20680000
2003-06-11,6960.0,7050.0,6880.0,6900.0,27520000
2003-06-12,7000.0,7040.0,6950.0,7000.0,45395000
2003-06-13,7080.0,7120.0,6970.0,7010.0,29815000
2003-06-16,6900.0,6960.0,6820.0,6820.0,19060000
2003-06-17,7060.0,7150.0,6990.0,7140.0,42120000
2003-06-18,7030.0,7180.0,7030.0,7080.0,19355000
2003-06-19,7200.0,7500.0,7140.0,7400.0,48170000
2003-06-20,7300.0,7400.0,7280.0,7280.0,23375000
2003-06-23,7280.0,7300.0,7120.0,7140.0,20565000
2003-06-24,7000.0,7050.0,6980.0,7030.0,22885000
2003-06-25,7050.0,7210.0,7020.0,7190.0,17285000
2003-06-26,7050.0,7350.0,7050.0,7290.0,17265000
2003-06-27,7340.0,7410.0,7220.0,7220.0,22770000
2003-06-30,7160.0,7210.0,7070.0,7100.0,15605000
2003-07-01,7100.0,7250.0,7040.0,7240.0,13000000
2003-07-02,7390.0,7420.0,7310.0,7420.0,25990000
2003-07-03,7640.0,7820.0,7580.0,7640.0,58735000
2003-07-04,7630.0,7710.0,7580.0,7680.0,12565000
2003-07-07,7740.0,7750.0,7670.0,7720.0,14800000
2003-07-08,7990.0,8000.0,7910.0,7970.0,62230000
2003-07-09,7980.0,7990.0,7890.0,7930.0,18865000
2003-07-10,7880.0,7960.0,7840.0,7840.0,25675000
2003-07-11,7760.0,7880.0,7700.0,7880.0,22460000
2003-07-14,7900.0,8210.0,7890.0,8190.0,46710000
2003-07-15,8220.0,8230.0,8080.0,8160.0,35205000
2003-07-16,8300.0,8410.0,8180.0,8360.0,41615000
2003-07-17,8360.0,8360.0,8360.0,8360.0,0
2003-07-18,7950.0,8160.0,7950.0,8080.0,45980000
2003-07-21,8040.0,8210.0,8040.0,8140.0,23485000
2003-07-22,8100.0,8240.0,8090.0,8240.0,21290000
2003-07-23,8300.0,8340.0,8040.0,8070.0,24025000
2003-07-24,8010.0,8180.0,7980.0,8130.0,25795000
2003-07-25,8080.0,8160.0,7980.0,8160.0,15045000
2003-07-28,8300.0,8390.0,8250.0,8360.0,20205000
2003-07-29,8400.0,8480.0,8360.0,8470.0,21905000
2003-07-30,8400.0,8470.0,8400.0,8430.0,16200000
2003-07-31,8400.0,8490.0,8270.0,8320.0,20615000
2003-08-01,8360.0,8540.0,8360.0,8520.0,25115000
2003-08-04,8400.0,8520.0,8400.0,8430.0,10235000
2003-08-05,8450.0,8590.0,8450.0,8560.0,15605000
2003-08-06,8400.0,8420.0,8220.0,8260.0,24635000
2003-08-07,8240.0,8250.0,8090.0,8200.0,15665000
2003-08-08,8200.0,8240.0,8090.0,8120.0,11095000
2003-08-11,7940.0,8160.0,7930.0,8160.0,17040000
2003-08-12,8200.0,8200.0,7950.0,8000.0,19490000
2003-08-13,8120.0,8260.0,8080.0,8250.0,13830000
2003-08-14,8370.0,8500.0,8270.0,8500.0,23680000
2003-08-15,8500.0,8500.0,8500.0,8500.0,0
2003-08-18,8550.0,8580.0,8350.0,8380.0,19925000
2003-08-19,8650.0,8700.0,8600.0,8600.0,23975000
2003-08-20,8620.0,8790.0,8560.0,8700.0,24660000
2003-08-21,8680.0,8840.0,8680.0,8830.0,23415000
2003-08-22,8860.0,8980.0,8830.0,8920.0,25245000
2003-08-25,8880.0,8950.0,8820.0,8860.0,16225000
2003-08-26,8780.0,8940.0,8730.0,8910.0,21695000
2003-08-27,8940.0,8950.0,8840.0,8860.0,20545000
2003-08-28,9000.0,9000.0,8730.0,8760.0,28335000
2003-08-29,8820.0,8840.0,8580.0,8700.0,26590000
2003-09-01,8740.0,8810.0,8650.0,8740.0,16540000
2003-09-02,8800.0,8820.0,8590.0,8610.0,16285000
2003-09-03,8640.0,8710.0,8580.0,8650.0,21495000
2003-09-04,8640.0,8770.0,8620.0,8720.0,14320000
2003-09-05,8840.0,8930.0,8800.0,8860.0,17780000
2003-09-08,8870.0,9030.0,8820.0,9030.0,18265000
2003-09-09,9160.0,9400.0,9140.0,9240.0,44905000
2003-09-10,9240.0,9240.0,9240.0,9240.0,0
2003-09-11,9240.0,9240.0,9240.0,9240.0,0
2003-09-12,9240.0,9240.0,9240.0,9240.0,0
2003-09-15,9100.0,9140.0,8740.0,8750.0,34760000
2003-09-16,8700.0,8900.0,8680.0,8890.0,22945000
2003-09-17,9000.0,9070.0,8930.0,8990.0,28225000
2003-09-18,9020.0,9030.0,8810.0,8880.0,23055000
2003-09-19,8990.0,9000.0,8530.0,8600.0,34340000
2003-09-22,8450.0,8480.0,7990.0,8060.0,42940000
2003-09-23,8000.0,8050.0,7780.0,7950.0,58805000
2003-09-24,8080.0,8150.0,7980.0,8100.0,48340000
2003-09-25,7820.0,8030.0,7780.0,8020.0,44665000
2003-09-26,7920.0,8010.0,7760.0,7760.0,37200000
2003-09-29,7750.0,7810.0,7560.0,7730.0,37810000
2003-09-30,7820.0,8000.0,7820.0,7840.0,42090000
2003-10-01,7760.0,8030.0,7740.0,8000.0,39630000
2003-10-02,8230.0,8230.0,8100.0,8170.0,41260000
2003-10-03,8170.0,8170.0,8170.0,8170.0,0
2003-10-06,8350.0,8510.0,8330.0,8420.0,44425000
2003-10-07,8540.0,8570.0,8430.0,8520.0,25115000
2003-10-08,8600.0,8600.0,8420.0,8480.0,32550000
2003-10-09,8480.0,8620.0,8450.0,8570.0,40505000
2003-10-10,8620.0,8960.0,8560.0,8900.0,41435000
2003-10-13,8780.0,8950.0,8720.0,8900.0,27460000
2003-10-14,8990.0,9120.0,8980.0,9060.0,34375000
2003-10-15,9120.0,9150.0,8940.0,9020.0,26060000
2003-10-16,9000.0,9190.0,8920.0,9190.0,37050000
2003-10-17,9180.0,9320.0,8990.0,9040.0,36790000
2003-10-20,8970.0,9200.0,8970.0,9160.0,28190000
2003-10-21,9240.0,9370.0,9140.0,9240.0,34390000
2003-10-22,9300.0,9420.0,9150.0,9400.0,29480000
2003-10-23,9180.0,9240.0,8900.0,8950.0,35460000
2003-10-24,8950.0,8990.0,8690.0,8740.0,30240000
2003-10-27,8750.0,8960.0,8710.0,8960.0,23240000
2003-10-28,8970.0,9290.0,8900.0,9240.0,32095000
2003-10-29,9420.0,9480.0,9330.0,9340.0,34570000
2003-10-30,9400.0,9440.0,9320.0,9420.0,20885000
2003-10-31,9500.0,9510.0,9270.0,9400.0,24580000
2003-11-03,9400.0,9500.0,9330.0,9490.0,18040000
2003-11-04,9600.0,9690.0,9480.0,9580.0,40790000
2003-11-05,9480.0,9610.0,9440.0,9600.0,29740000
2003-11-06,9600.0,9610.0,9280.0,9300.0,32325000
2003-11-07,9400.0,9540.0,9360.0,9540.0,18955000
2003-11-10,9420.0,9490.0,9190.0,9320.0,26360000
2003-11-11,9120.0,9230.0,9060.0,9220.0,25245000
2003-11-12,9200.0,9400.0,9150.0,9400.0,15265000
2003-11-13,9560.0,9570.0,9410.0,9540.0,26885000
2003-11-14,9480.0,9570.0,9380.0,9380.0,19070000
2003-11-17,9300.0,9310.0,9080.0,9220.0,25245000
2003-11-18,9160.0,9350.0,9160.0,9330.0,14070000
2003-11-19,9120.0,9210.0,9050.0,9130.0,37555000
2003-11-20,9060.0,9130.0,8950.0,8980.0,32565000
2003-11-21,8950.0,9170.0,8920.0,9120.0,32800000
2003-11-24,9090.0,9130.0,8840.0,8870.0,21840000
2003-11-25,9020.0,9070.0,8920.0,9030.0,23760000
2003-11-26,9050.0,9130.0,8980.0,9100.0,18815000
2003-11-27,9100.0,9140.0,9010.0,9110.0,13295000
2003-11-28,9130.0,9340.0,9130.0,9300.0,18225000
2003-12-01,9300.0,9400.0,9210.0,9320.0,17665000
2003-12-02,9390.0,9410.0,9330.0,9370.0,19415000
2003-12-03,9400.0,9510.0,9330.0,9420.0,17055000
2003-12-04,9360.0,9400.0,9220.0,9220.0,21545000
2003-12-05,9210.0,9210.0,8990.0,9030.0,28375000
2003-12-08,9030.0,9060.0,8820.0,9000.0,28845000
2003-12-09,8980.0,9080.0,8880.0,8900.0,19600000
2003-12-10,8750.0,9060.0,8720.0,9060.0,52095000
2003-12-11,9060.0,9230.0,9050.0,9050.0,50760000
2003-12-12,9200.0,9250.0,9060.0,9100.0,21495000
2003-12-15,9200.0,9290.0,9150.0,9220.0,22075000
2003-12-16,9020.0,9160.0,8980.0,9080.0,24525000
2003-12-17,9100.0,9130.0,8840.0,8850.0,38820000
2003-12-18,8850.0,8880.0,8750.0,8850.0,39130000
2003-12-19,8910.0,9040.0,8870.0,8970.0,23530000
2003-12-22,8820.0,8960.0,8820.0,8840.0,22260000
2003-12-23,8880.0,8930.0,8840.0,8840.0,22600000
2003-12-24,8900.0,8930.0,8710.0,8780.0,29335000
2003-12-25,8780.0,8780.0,8780.0,8780.0,0
2003-12-26,8780.0,8840.0,8780.0,8830.0,21955000
2003-12-29,8800.0,8850.0,8760.0,8800.0,18440000
2003-12-30,8960.0,9080.0,8900.0,9020.0,22430000
2003-12-31,9020.0,9020.0,9020.0,9020.0,0
2004-01-01,9020.0,9020.0,9020.0,9020.0,0
2004-01-02,9020.0,9060.0,8930.0,8980.0,18940000
2004-01-05,8980.0,9150.0,8950.0,9150.0,22385000
2004-01-06,9340.0,9340.0,9170.0,9200.0,22405000
2004-01-07,9270.0,9380.0,9240.0,9300.0,19970000
2004-01-08,9420.0,9550.0,9370.0,9380.0,37520000
2004-01-09,9600.0,10240.0,9560.0,10160.0,73480000
2004-01-12,10100.0,10200.0,9960.0,10100.0,33995000
2004-01-13,10160.0,10180.0,10000.0,10060.0,22040000
2004-01-14,9820.0,9990.0,9820.0,9890.0,28740000
2004-01-15,9900.0,10000.0,9810.0,9930.0,31625000
2004-01-16,10020.0,10140.0,10000.0,10120.0,27745000
2004-01-19,10180.0,10480.0,10140.0,10420.0,26945000
2004-01-20,10420.0,10600.0,10300.0,10520.0,20150000
2004-01-21,10520.0,10520.0,10520.0,10520.0,0
2004-01-22,10520.0,10520.0,10520.0,10520.0,0
2004-01-23,10520.0,10520.0,10520.0,10520.0,0
2004-01-26,10840.0,11100.0,10700.0,10900.0,73785000
2004-01-27,11080.0,11080.0,10600.0,10700.0,34810000
2004-01-28,10760.0,10960.0,10640.0,10760.0,29185000
2004-01-29,10820.0,10820.0,10560.0,10660.0,23660000
2004-01-30,10660.0,10680.0,10420.0,10480.0,21515000
2004-02-02,10480.0,10600.0,10400.0,10600.0,12645000
2004-02-03,10300.0,10480.0,10280.0,10340.0,22930000
2004-02-04,10280.0,10340.0,10180.0,10180.0,18560000
2004-02-05,10100.0,10300.0,10060.0,10240.0,18245000
2004-02-06,10320.0,10700.0,10280.0,10540.0,34875000
2004-02-09,10720.0,10920.0,10700.0,10860.0,22635000
2004-02-10,10940.0,11000.0,10760.0,10920.0,20570000
2004-02-11,11000.0,11180.0,10960.0,11080.0,30435000
2004-02-12,11200.0,11200.0,10920.0,10980.0,28550000
2004-02-13,10900.0,11100.0,10840.0,11100.0,16760000
2004-02-16,11100.0,11320.0,11020.0,11260.0,31250000
2004-02-17,11220.0,11420.0,11120.0,11200.0,18220000
2004-02-18,11260.0,11360.0,10980.0,10980.0,18650000
2004-02-19,11020.0,11100.0,10900.0,11100.0,18885000
2004-02-20,10940.0,11080.0,10880.0,10980.0,18165000
2004-02-23,10900.0,11040.0,10780.0,10940.0,19085000
2004-02-24,10800.0,10880.0,10580.0,10620.0,30425000
2004-02-25,10560.0,10580.0,10440.0,10500.0,24540000
2004-02-26,10540.0,10640.0,10460.0,10520.0,17225000
2004-02-27,10400.0,10900.0,10400.0,10900.0,20965000
2004-03-01,10900.0,10900.0,10900.0,10900.0,0
2004-03-02,11100.0,11160.0,10980.0,11080.0,24930000
2004-03-03,11100.0,11180.0,11040.0,11080.0,17960000
2004-03-04,11080.0,11380.0,11040.0,11380.0,21405000
2004-03-05,11420.0,11420.0,11280.0,11280.0,21440000
2004-03-08,11220.0,11260.0,10940.0,10980.0,20235000
2004-03-09,10800.0,10900.0,10700.0,10780.0,17675000
2004-03-10,10760.0,10840.0,10600.0,10620.0,22620000
2004-03-11,10580.0,10820.0,10560.0,10660.0,46135000
2004-03-12,10600.0,10660.0,10140.0,10480.0,46065000
2004-03-15,10640.0,10660.0,10500.0,10500.0,18220000
2004-03-16,10340.0,10560.0,10280.0,10560.0,19705000
2004-03-17,10680.0,10940.0,10640.0,10900.0,21170000
2004-03-18,10960.0,10960.0,10740.0,10880.0,22035000
2004-03-19,10820.0,11100.0,10800.0,11100.0,17055000
2004-03-22,11000.0,11080.0,10820.0,10880.0,20000000
2004-03-23,10700.0,10880.0,10640.0,10820.0,19105000
2004-03-24,10800.0,10900.0,10700.0,10840.0,21040000
2004-03-25,10900.0,10940.0,10620.0,10700.0,23440000
2004-03-26,10940.0,11080.0,10860.0,10900.0,42705000
2004-03-29,10980.0,11220.0,10960.0,11100.0,24570000
2004-03-30,11240.0,11300.0,11140.0,11200.0,20140000
2004-03-31,11360.0,11440.0,11260.0,11440.0,29890000
2004-04-01,11400.0,11500.0,11360.0,11500.0,19785000
2004-04-02,11560.0,11580.0,11300.0,11300.0,20525000
2004-04-05,11300.0,11300.0,11300.0,11300.0,0
2004-04-06,11680.0,11900.0,11640.0,11900.0,41690000
2004-04-07,11900.0,12140.0,11820.0,12000.0,27205000
2004-04-08,12100.0,12100.0,11940.0,12100.0,21400000
2004-04-09,11980.0,12000.0,11800.0,11900.0,16065000
2004-04-12,11900.0,12280.0,11880.0,12200.0,21795000
2004-04-13,12300.0,12440.0,12240.0,12320.0,30255000
2004-04-14,12320.0,12320.0,12160.0,12300.0,40205000
2004-04-15,12300.0,12300.0,12300.0,12300.0,0
2004-04-16,12200.0,12200.0,11840.0,11880.0,55345000
2004-04-19,11900.0,11980.0,11820.0,11980.0,38710000
2004-04-20,12140.0,12300.0,11980.0,12300.0,34160000
2004-04-21,12260.0,12540.0,12160.0,12500.0,43295000
2004-04-22,12500.0,12620.0,12340.0,12400.0,36920000
2004-04-23,12500.0,12740.0,12440.0,12740.0,36010000
2004-04-26,12740.0,12760.0,12520.0,12520.0,28090000
2004-04-27,12520.0,12580.0,12300.0,12360.0,35100000
2004-04-28,12360.0,12380.0,12020.0,12040.0,39765000
2004-04-29,11700.0,11800.0,11440.0,11520.0,60840000
2004-04-30,11200.0,11420.0,10980.0,11140.0,69125000
2004-05-03,11140.0,11220.0,10920.0,11120.0,38245000
2004-05-04,11120.0,11280.0,11000.0,11100.0,47555000
2004-05-05,11100.0,11100.0,11100.0,11100.0,0
2004-05-06,10960.0,11000.0,10520.0,10560.0,58090000
2004-05-07,10500.0,10800.0,10360.0,10800.0,45745000
2004-05-10,10600.0,10680.0,9840.0,10180.0,50775000
2004-05-11,10180.0,10320.0,9980.0,10020.0,52660000
2004-05-12,10300.0,10600.0,10220.0,10500.0,45270000
2004-05-13,10400.0,10500.0,10140.0,10140.0,38605000
2004-05-14,10220.0,10320.0,9710.0,9830.0,53855000
2004-05-17,9760.0,9840.0,9160.0,9160.0,54650000
2004-05-18,9010.0,9560.0,8960.0,9470.0,54350000
2004-05-19,9580.0,10120.0,9570.0,10000.0,41465000
2004-05-20,9920.0,10180.0,9740.0,9890.0,41540000
2004-05-21,9990.0,10040.0,9870.0,10040.0,22495000
2004-05-24,10280.0,10300.0,10120.0,10220.0,19995000
2004-05-25,10040.0,10060.0,9830.0,9840.0,27125000
2004-05-26,9840.0,9840.0,9840.0,9840.0,0
2004-05-27,10220.0,10260.0,10100.0,10120.0,28035000
2004-05-28,10320.0,10400.0,10200.0,10400.0,25515000
2004-05-31,10340.0,10360.0,9990.0,10120.0,23875000
2004-06-01,10160.0,10340.0,10120.0,10300.0,15500000
2004-06-02,10200.0,10220.0,9980.0,10040.0,25795000
2004-06-03,10060.0,10140.0,9470.0,9470.0,51000000
2004-06-04,9500.0,9630.0,9340.0,9620.0,33960000
2004-06-07,9840.0,9940.0,9770.0,9920.0,28310000
2004-06-08,10100.0,10140.0,9920.0,9960.0,20680000
2004-06-09,10080.0,10100.0,9610.0,9660.0,28850000
2004-06-10,9500.0,9580.0,9300.0,9360.0,55930000
2004-06-11,9360.0,9370.0,8660.0,8730.0,72110000
2004-06-14,8600.0,8880.0,8530.0,8570.0,46480000
2004-06-15,8600.0,8770.0,8420.0,8770.0,39720000
2004-06-16,8800.0,9030.0,8690.0,8720.0,37445000
2004-06-17,8790.0,8840.0,8580.0,8840.0,36855000
2004-06-18,8700.0,8880.0,8560.0,8710.0,26215000
2004-06-21,8800.0,8980.0,8740.0,8920.0,30140000
2004-06-22,8840.0,8890.0,8710.0,8880.0,21445000
2004-06-23,9000.0,9080.0,8870.0,8980.0,28555000
2004-06-24,9240.0,9450.0,9180.0,9390.0,36185000
2004-06-25,9490.0,9660.0,9430.0,9640.0,30360000
2004-06-28,9600.0,9600.0,9290.0,9360.0,26850000
2004-06-29,9200.0,9470.0,9160.0,9420.0,23050000
2004-06-30,9490.0,9590.0,9390.0,9540.0,25990000
2004-07-01,9520.0,9550.0,9290.0,9300.0,25615000
2004-07-02,9100.0,9100.0,8820.0,8880.0,35895000
2004-07-05,8880.0,8930.0,8670.0,8860.0,27500000
2004-07-06,8730.0,8930.0,8730.0,8820.0,22855000
2004-07-07,8500.0,8740.0,8400.0,8740.0,37500000
2004-07-08,8540.0,8640.0,8390.0,8400.0,55340000
2004-07-09,8360.0,8510.0,8350.0,8480.0,38780000
2004-07-12,8520.0,8590.0,8440.0,8460.0,33385000
2004-07-13,8530.0,8670.0,8440.0,8670.0,25770000
2004-07-14,8590.0,8650.0,8330.0,8360.0,30450000
2004-07-15,8320.0,8380.0,7990.0,8170.0,57275000
2004-07-16,8080.0,8460.0,7990.0,8460.0,48085000
2004-07-19,8300.0,8550.0,8280.0,8530.0,24125000
2004-07-20,8380.0,8460.0,8340.0,8340.0,20245000
2004-07-21,8530.0,8630.0,8500.0,8590.0,23740000
2004-07-22,8350.0,8370.0,8270.0,8350.0,31100000
2004-07-23,8340.0,8430.0,8310.0,8360.0,19550000
2004-07-26,8200.0,8410.0,8200.0,8360.0,16385000
2004-07-27,8280.0,8420.0,8200.0,8400.0,20840000
2004-07-28,8540.0,8590.0,8420.0,8460.0,23450000
2004-07-29,8310.0,8360.0,8200.0,8220.0,17945000
2004-07-30,8330.0,8390.0,8280.0,8340.0,19500000
2004-08-02,8350.0,8350.0,8160.0,8160.0,22380000
2004-08-03,8200.0,8300.0,8180.0,8260.0,14365000
2004-08-04,8110.0,8260.0,8060.0,8260.0,18795000
2004-08-05,8260.0,8470.0,8210.0,8460.0,21590000
2004-08-06,8300.0,8520.0,8280.0,8390.0,17920000
2004-08-09,8160.0,8380.0,8160.0,8380.0,25340000
2004-08-10,8340.0,8510.0,8330.0,8480.0,18820000
2004-08-11,8560.0,8610.0,8510.0,8510.0,18415000
2004-08-12,8460.0,8620.0,8430.0,8620.0,28485000
2004-08-13,8620.0,8800.0,8520.0,8760.0,24825000
2004-08-16,8720.0,8760.0,8530.0,8600.0,18070000
2004-08-17,8700.0,8720.0,8510.0,8510.0,14355000
2004-08-18,8590.0,8640.0,8450.0,8600.0,20750000
2004-08-19,8690.0,8840.0,8680.0,8830.0,27970000
2004-08-20,8790.0,8790.0,8670.0,8680.0,16310000
2004-08-23,8740.0,8790.0,8620.0,8760.0,21770000
2004-08-24,8780.0,8940.0,8690.0,8900.0,20250000
2004-08-25,8920.0,9060.0,8860.0,9020.0,22865000
2004-08-26,9100.0,9180.0,9070.0,9120.0,24855000
2004-08-27,9120.0,9200.0,9080.0,9170.0,20145000
2004-08-30,9170.0,9250.0,9110.0,9160.0,12080000
2004-08-31,9020.0,9080.0,8930.0,9020.0,23415000
2004-09-01,9020.0,9140.0,8950.0,9060.0,18865000
2004-09-02,9040.0,9120.0,8960.0,9040.0,17605000
2004-09-03,8920.0,8960.0,8730.0,8730.0,32385000
2004-09-06,8700.0,8730.0,8570.0,8670.0,23680000
2004-09-07,8680.0,8740.0,8640.0,8680.0,13220000
2004-09-08,8680.0,8800.0,8670.0,8670.0,17265000
2004-09-09,8670.0,8800.0,8620.0,8780.0,32100000
2004-09-10,8840.0,9190.0,8760.0,9150.0,43785000
2004-09-13,9270.0,9500.0,9240.0,9500.0,39665000
2004-09-14,9740.0,9760.0,9620.0,9670.0,40560000
2004-09-15,9550.0,9700.0,9540.0,9560.0,24865000
2004-09-16,9420.0,9720.0,9380.0,9600.0,29380000
2004-09-17,9600.0,9640.0,9370.0,9390.0,34445000
2004-09-20,9370.0,9530.0,9340.0,9380.0,23480000
2004-09-21,9460.0,9490.0,9380.0,9480.0,17715000
2004-09-22,9500.0,9580.0,9250.0,9250.0,19635000
2004-09-23,9160.0,9200.0,9090.0,9200.0,23755000
2004-09-24,9120.0,9230.0,9080.0,9180.0,17320000
2004-09-27,9180.0,9180.0,9180.0,9180.0,0
2004-09-28,9180.0,9180.0,9180.0,9180.0,0
2004-09-29,9180.0,9180.0,9180.0,9180.0,0
2004-09-30,9060.0,9180.0,9060.0,9160.0,26600000
2004-10-01,9160.0,9270.0,9120.0,9220.0,26530000
2004-10-04,9420.0,9800.0,9420.0,9800.0,31830000
2004-10-05,9860.0,9860.0,9680.0,9760.0,23165000
2004-10-06,9790.0,10020.0,9700.0,9890.0,36150000
2004-10-07,9820.0,9890.0,9640.0,9760.0,18145000
2004-10-08,9660.0,9750.0,9490.0,9530.0,41800000
2004-10-11,9410.0,9450.0,9310.0,9330.0,38415000
2004-10-12,9280.0,9280.0,8920.0,8920.0,53085000
2004-10-13,8940.0,9020.0,8930.0,8980.0,36390000
2004-10-14,8960.0,8960.0,8740.0,8880.0,50850000
2004-10-15,8820.0,8930.0,8730.0,8740.0,64695000
2004-10-18,8640.0,8720.0,8560.0,8650.0,37125000
2004-10-19,8800.0,8870.0,8720.0,8770.0,26410000
2004-10-20,8620.0,8780.0,8550.0,8570.0,24915000
2004-10-21,8570.0,8720.0,8550.0,8580.0,29165000
2004-10-22,8700.0,8830.0,8680.0,8750.0,23290000
2004-10-25,8660.0,8660.0,8490.0,8560.0,31530000
2004-10-26,8590.0,8670.0,8580.0,8600.0,13740000
2004-10-27,8670.0,8700.0,8490.0,8580.0,26595000
2004-10-28,8820.0,8850.0,8680.0,8790.0,22675000
2004-10-29,8760.0,8800.0,8650.0,8790.0,26760000
2004-11-01,8750.0,8820.0,8660.0,8790.0,11390000
2004-11-02,8720.0,8860.0,8720.0,8800.0,16450000
2004-11-03,8840.0,9100.0,8820.0,9100.0,25215000
2004-11-04,9120.0,9130.0,8960.0,8960.0,30080000
2004-11-05,9040.0,9080.0,8990.0,9050.0,32055000
2004-11-08,9170.0,9170.0,8800.0,8800.0,21140000
2004-11-09,8690.0,8750.0,8600.0,8620.0,26775000
2004-11-10,8640.0,8780.0,8640.0,8780.0,18300000
2004-11-11,8780.0,8860.0,8710.0,8740.0,30540000
2004-11-12,8980.0,9020.0,8870.0,8970.0,22700000
2004-11-15,9060.0,9200.0,9050.0,9130.0,19030000
2004-11-16,9180.0,9200.0,9100.0,9110.0,24750000
2004-11-17,9120.0,9250.0,9110.0,9230.0,21975000
2004-11-18,9300.0,9390.0,9200.0,9270.0,29425000
2004-11-19,9200.0,9320.0,8990.0,9080.0,22255000
2004-11-22,8840.0,8910.0,8730.0,8800.0,34575000
2004-11-23,8900.0,8910.0,8760.0,8820.0,23210000
2004-11-24,8760.0,8840.0,8680.0,8790.0,23150000
2004-11-25,8800.0,8890.0,8760.0,8820.0,22185000
2004-11-26,8770.0,8920.0,8630.0,8660.0,26750000
2004-11-29,8580.0,8620.0,8470.0,8520.0,31270000
2004-11-30,8540.0,8700.0,8510.0,8690.0,30700000
2004-12-01,8570.0,8610.0,8490.0,8580.0,21670000
2004-12-02,8720.0,8760.0,8540.0,8570.0,25995000
2004-12-03,8660.0,8680.0,8460.0,8520.0,34600000
2004-12-06,8500.0,8500.0,8360.0,8360.0,19665000
2004-12-07,8290.0,8370.0,8210.0,8220.0,26775000
2004-12-08,8110.0,8390.0,8060.0,8390.0,27215000
2004-12-09,8340.0,8410.0,8200.0,8260.0,40085000
2004-12-10,8220.0,8240.0,8090.0,8120.0,25880000
2004-12-13,8000.0,8070.0,7980.0,8040.0,24525000
2004-12-14,8040.0,8270.0,8040.0,8250.0,27680000
2004-12-15,8360.0,8570.0,8360.0,8570.0,33480000
2004-12-16,8670.0,8880.0,8640.0,8800.0,43090000
2004-12-17,8820.0,8890.0,8710.0,8880.0,22510000
2004-12-20,8740.0,8920.0,8740.0,8900.0,17350000
2004-12-21,8920.0,8940.0,8800.0,8920.0,14980000
2004-12-22,8970.0,8990.0,8840.0,8850.0,15735000
2004-12-23,8900.0,8920.0,8640.0,8690.0,15875000
2004-12-24,8690.0,8700.0,8600.0,8660.0,15915000
2004-12-27,8660.0,8750.0,8630.0,8750.0,11770000
2004-12-28,8720.0,8760.0,8630.0,8720.0,13635000
2004-12-29,8680.0,8890.0,8670.0,8890.0,17105000
2004-12-30,8860.0,9020.0,8860.0,9010.0,17265000
2004-12-31,9010.0,9010.0,9010.0,9010.0,0
2005-01-03,9050.0,9060.0,8920.0,9020.0,10925000
2005-01-04,9000.0,9020.0,8920.0,8940.0,14015000
2005-01-05,8800.0,8860.0,8730.0,8860.0,23365000
2005-01-06,8780.0,8910.0,8700.0,8700.0,17150000
2005-01-07,8820.0,8830.0,8710.0,8810.0,13615000
2005-01-10,8840.0,8840.0,8750.0,8760.0,12505000
2005-01-11,8760.0,8840.0,8670.0,8840.0,27855000
2005-01-12,8870.0,8880.0,8800.0,8840.0,14720000
2005-01-13,8840.0,8940.0,8820.0,8880.0,23695000
2005-01-14,8800.0,9480.0,8790.0,9430.0,71900000
2005-01-17,9800.0,9890.0,9650.0,9850.0,61795000
2005-01-18,9800.0,9810.0,9690.0,9720.0,30240000
2005-01-19,9720.0,9770.0,9580.0,9600.0,22850000
2005-01-20,9600.0,9700.0,9510.0,9600.0,19270000
2005-01-21,9500.0,9720.0,9500.0,9720.0,15030000
2005-01-24,9650.0,9760.0,9550.0,9760.0,19070000
2005-01-25,9600.0,9700.0,9580.0,9670.0,18165000
2005-01-26,9700.0,9870.0,9690.0,9810.0,24885000
2005-01-27,9900.0,9900.0,9810.0,9840.0,19990000
2005-01-28,9830.0,9830.0,9600.0,9780.0,14220000
2005-01-31,9760.0,9900.0,9680.0,9900.0,16465000
2005-02-01,9900.0,9970.0,9830.0,9830.0,21855000
2005-02-02,9830.0,9880.0,9730.0,9810.0,19750000
2005-02-03,9720.0,9940.0,9720.0,9920.0,17445000
2005-02-04,9880.0,9970.0,9860.0,9910.0,12855000
2005-02-07,10120.0,10240.0,10060.0,10200.0,33935000
2005-02-08,10200.0,10200.0,10200.0,10200.0,0
2005-02-09,10200.0,10200.0,10200.0,10200.0,0
2005-02-10,10200.0,10200.0,10200.0,10200.0,0
2005-02-11,10100.0,10180.0,10020.0,10120.0,25885000
2005-02-14,10260.0,10440.0,10200.0,10340.0,28265000
2005-02-15,10400.0,10420.0,10220.0,10380.0,26745000
2005-02-16,10440.0,10620.0,10360.0,10400.0,24010000
2005-02-17,10340.0,10440.0,10300.0,10340.0,17510000
2005-02-18,10360.0,10540.0,10280.0,10540.0,18355000
2005-02-21,10600.0,10640.0,10480.0,10560.0,23430000
2005-02-22,10560.0,10580.0,10360.0,10440.0,17855000
2005-02-23,10280.0,10320.0,10180.0,10220.0,19745000
2005-02-24,10200.0,10400.0,10140.0,10380.0,20985000
2005-02-25,10480.0,10580.0,10420.0,10440.0,20880000
2005-02-28,10600.0,10620.0,10420.0,10540.0,27705000
2005-03-01,10540.0,10540.0,10540.0,10540.0,0
2005-03-02,10500.0,10560.0,10340.0,10340.0,27425000
2005-03-03,10300.0,10520.0,10240.0,10380.0,30335000
2005-03-04,10340.0,10340.0,10160.0,10200.0,24410000
2005-03-07,10300.0,10300.0,10000.0,10140.0,29515000
2005-03-08,10140.0,10160.0,10000.0,10040.0,26380000
2005-03-09,9980.0,10000.0,9830.0,10000.0,24890000
2005-03-10,10060.0,10160.0,9990.0,9990.0,31630000
2005-03-11,10140.0,10380.0,10080.0,10380.0,32010000
2005-03-14,10260.0,10320.0,10160.0,10200.0,20845000
2005-03-15,10240.0,10280.0,9980.0,10040.0,25030000
2005-03-16,9980.0,10080.0,9910.0,10060.0,18545000
2005-03-17,9860.0,9970.0,9840.0,9920.0,20875000
2005-03-18,9860.0,9960.0,9860.0,9900.0,12750000
2005-03-21,9830.0,9980.0,9800.0,9840.0,16770000
2005-03-22,9860.0,10020.0,9790.0,9920.0,15795000
2005-03-23,9860.0,9990.0,9830.0,9970.0,15920000
2005-03-24,10020.0,10120.0,9950.0,10060.0,20100000
2005-03-25,10100.0,10120.0,10000.0,10100.0,10875000
2005-03-28,10200.0,10220.0,10140.0,10200.0,8980000
2005-03-29,10200.0,10220.0,10000.0,10040.0,16855000
2005-03-30,9880.0,9990.0,9880.0,9960.0,18145000
2005-03-31,10120.0,10140.0,10020.0,10040.0,17335000
2005-04-01,10040.0,10320.0,10000.0,10240.0,22655000
2005-04-04,10240.0,10340.0,10200.0,10340.0,17215000
2005-04-05,10340.0,10340.0,10340.0,10340.0,0
2005-04-06,10360.0,10400.0,10200.0,10360.0,20505000
2005-04-07,10360.0,10400.0,10300.0,10360.0,17855000
2005-04-08,10480.0,10500.0,10400.0,10440.0,13945000
2005-04-11,10440.0,10440.0,10320.0,10340.0,9565000
2005-04-12,10320.0,10400.0,10260.0,10400.0,10385000
2005-04-13,10360.0,10400.0,10320.0,10360.0,10675000
2005-04-14,10260.0,10280.0,10040.0,10040.0,33175000
2005-04-15,10000.0,10040.0,9780.0,9830.0,43345000
2005-04-18,9470.0,9630.0,9440.0,9520.0,43245000
2005-04-19,9540.0,9600.0,9480.0,9480.0,30145000
2005-04-20,9570.0,9660.0,9380.0,9400.0,32885000
2005-04-21,9240.0,9400.0,9150.0,9320.0,29320000
2005-04-22,9500.0,9520.0,9340.0,9340.0,16725000
2005-04-25,9240.0,9490.0,9240.0,9490.0,16435000
2005-04-26,9490.0,9490.0,9420.0,9420.0,9375000
2005-04-27,9260.0,9340.0,9220.0,9280.0,20590000
2005-04-28,9260.0,9270.0,9140.0,9200.0,19700000
2005-04-29,9040.0,9130.0,8990.0,9040.0,29275000
2005-05-02,9120.0,9160.0,9000.0,9110.0,11845000
2005-05-03,9100.0,9230.0,9050.0,9100.0,13870000
2005-05-04,9100.0,9340.0,9100.0,9290.0,17315000
2005-05-05,9290.0,9290.0,9290.0,9290.0,0
2005-05-06,9330.0,9510.0,9330.0,9480.0,24680000
2005-05-09,9500.0,9550.0,9410.0,9500.0,20035000
2005-05-10,9560.0,9590.0,9510.0,9540.0,10675000
2005-05-11,9500.0,9510.0,9430.0,9440.0,17300000
2005-05-12,9480.0,9600.0,9480.0,9500.0,20860000
2005-05-13,9500.0,9700.0,9440.0,9630.0,20545000
2005-05-16,9700.0,9800.0,9680.0,9760.0,17350000
2005-05-17,9800.0,9860.0,9670.0,9790.0,18175000
2005-05-18,9890.0,9900.0,9780.0,9790.0,17095000
2005-05-19,9860.0,10020.0,9850.0,9970.0,25435000
2005-05-20,9990.0,10040.0,9900.0,9970.0,11685000
2005-05-23,9920.0,9970.0,9890.0,9960.0,8045000
2005-05-24,9930.0,9970.0,9860.0,9900.0,12750000
2005-05-25,9870.0,9930.0,9670.0,9690.0,21315000
2005-05-26,9630.0,9700.0,9590.0,9640.0,13895000
2005-05-27,9800.0,9860.0,9730.0,9800.0,18775000
2005-05-30,9800.0,9880.0,9800.0,9870.0,11435000
2005-05-31,9850.0,9880.0,9730.0,9780.0,22275000
2005-06-01,9670.0,9790.0,9660.0,9780.0,16545000
2005-06-02,9900.0,9910.0,9750.0,9750.0,18320000
2005-06-03,9760.0,9830.0,9710.0,9760.0,17675000
2005-06-06,9760.0,9760.0,9760.0,9760.0,0
2005-06-07,9680.0,9700.0,9600.0,9610.0,24125000
2005-06-08,9560.0,9620.0,9500.0,9550.0,26785000
2005-06-09,9510.0,9600.0,9430.0,9600.0,37520000
2005-06-10,9600.0,9890.0,9540.0,9830.0,40645000
2005-06-13,9830.0,9990.0,9830.0,9960.0,22765000
2005-06-14,9960.0,10020.0,9880.0,9930.0,19495000
2005-06-15,9930.0,10000.0,9890.0,10000.0,22460000
2005-06-16,10000.0,10040.0,9940.0,9970.0,18395000
2005-06-17,9980.0,9990.0,9830.0,9870.0,23945000
2005-06-20,9870.0,9880.0,9790.0,9810.0,16605000
2005-06-21,9810.0,9830.0,9720.0,9760.0,20260000
2005-06-22,9760.0,9880.0,9740.0,9860.0,19650000
2005-06-23,9860.0,9980.0,9840.0,9960.0,25990000
2005-06-24,9920.0,9920.0,9780.0,9820.0,21780000
2005-06-27,9780.0,9780.0,9660.0,9770.0,28050000
2005-06-28,9770.0,9810.0,9710.0,9790.0,18530000
2005-06-29,9800.0,9850.0,9760.0,9800.0,19185000
2005-06-30,9800.0,9960.0,9800.0,9880.0,19835000
2005-07-01,9880.0,10020.0,9860.0,10020.0,26555000
2005-07-04,10100.0,10180.0,10020.0,10060.0,15655000
2005-07-05,10080.0,10140.0,10000.0,10040.0,9300000
2005-07-06,10060.0,10140.0,10060.0,10080.0,13455000
2005-07-07,10080.0,10380.0,10080.0,10320.0,31910000
2005-07-08,10340.0,10440.0,10320.0,10320.0,19665000
2005-07-11,10500.0,10700.0,10500.0,10660.0,34585000
2005-07-12,10800.0,10960.0,10740.0,10820.0,46835000
2005-07-13,10860.0,10940.0,10780.0,10940.0,25465000
2005-07-14,10980.0,11020.0,10940.0,10940.0,28885000
2005-07-15,10960.0,11000.0,10780.0,10840.0,26105000
2005-07-18,10860.0,11040.0,10820.0,10980.0,21220000
2005-07-19,11000.0,11240.0,10980.0,11220.0,33785000
2005-07-20,11240.0,11340.0,11100.0,11160.0,30025000
2005-07-21,11300.0,11360.0,11160.0,11260.0,26780000
2005-07-22,11180.0,11200.0,10920.0,11040.0,27575000
2005-07-25,11040.0,11140.0,11040.0,11100.0,18455000
2005-07-26,11120.0,11160.0,10940.0,11020.0,20630000
2005-07-27,11040.0,11180.0,10960.0,11020.0,18430000
2005-07-28,11040.0,11320.0,11040.0,11200.0,23655000
2005-07-29,11320.0,11320.0,11200.0,11300.0,17875000
2005-08-01,11320.0,11380.0,11220.0,11380.0,16470000
2005-08-02,11400.0,11420.0,11240.0,11360.0,14250000
2005-08-03,11500.0,11540.0,11360.0,11360.0,23635000
2005-08-04,11360.0,11380.0,11200.0,11320.0,18370000
2005-08-05,11220.0,11220.0,10960.0,11060.0,30100000
2005-08-08,11040.0,11040.0,10860.0,11020.0,18285000
2005-08-09,11020.0,11060.0,10900.0,11000.0,20325000
2005-08-10,11100.0,11240.0,11060.0,11100.0,16480000
2005-08-11,11100.0,11400.0,11100.0,11340.0,19885000
2005-08-12,11380.0,11580.0,11380.0,11560.0,24480000
2005-08-15,11560.0,11560.0,11560.0,11560.0,0
2005-08-16,11560.0,11640.0,11380.0,11440.0,26040000
2005-08-17,11320.0,11440.0,11200.0,11440.0,20420000
2005-08-18,11440.0,11460.0,11060.0,11100.0,33515000
2005-08-19,11100.0,11120.0,10980.0,11060.0,20935000
2005-08-22,11060.0,11400.0,11060.0,11260.0,19550000
2005-08-23,11280.0,11380.0,11200.0,11240.0,18770000
2005-08-24,11240.0,11260.0,10980.0,11120.0,23985000
2005-08-25,11060.0,11100.0,10880.0,11040.0,24360000
2005-08-26,11040.0,11120.0,10980.0,10980.0,18915000
2005-08-29,10840.0,10840.0,10720.0,10800.0,18275000
2005-08-30,10880.0,10960.0,10660.0,10820.0,14915000
2005-08-31,10680.0,10920.0,10680.0,10880.0,12205000
2005-09-01,10980.0,11040.0,10940.0,10980.0,11970000
2005-09-02,10980.0,11140.0,10960.0,11080.0,12190000
2005-09-05,11160.0,11260.0,11100.0,11220.0,10920000
2005-09-06,11260.0,11520.0,11260.0,11380.0,19050000
2005-09-07,11520.0,11640.0,11520.0,11580.0,17565000
2005-09-08,11700.0,11860.0,11600.0,11740.0,34625000
2005-09-09,11700.0,11820.0,11660.0,11780.0,13105000
2005-09-12,11880.0,12000.0,11780.0,11780.0,20070000
2005-09-13,11800.0,12200.0,11780.0,12120.0,34885000
2005-09-14,12100.0,12300.0,12040.0,12260.0,25585000
2005-09-15,12100.0,12380.0,12080.0,12140.0,29035000
2005-09-16,12080.0,12120.0,11760.0,11860.0,30625000
2005-09-19,11860.0,11860.0,11860.0,11860.0,0
2005-09-20,12000.0,12060.0,11840.0,11860.0,28045000
2005-09-21,11920.0,12120.0,11900.0,12020.0,19085000
2005-09-22,11860.0,12000.0,11840.0,12000.0,16000000
2005-09-23,11840.0,11980.0,11660.0,11700.0,18675000
2005-09-26,11720.0,12000.0,11720.0,11940.0,21895000
2005-09-27,11960.0,11980.0,11800.0,11860.0,15910000
2005-09-28,11800.0,12000.0,11740.0,11960.0,13505000
2005-09-29,11880.0,11980.0,11800.0,11860.0,18509700
2005-09-30,11880.0,12000.0,11760.0,11760.0,21192950
2005-10-03,11760.0,11760.0,11760.0,11760.0,0
2005-10-04,11800.0,12140.0,11800.0,12060.0,26986050
2005-10-05,12080.0,12280.0,11960.0,12020.0,21874300
2005-10-06,11900.0,11900.0,11700.0,11740.0,20716650
2005-10-07,11560.0,11760.0,11520.0,11660.0,25602800
2005-10-10,11680.0,11940.0,11660.0,11860.0,15080150
2005-10-11,11760.0,11980.0,11740.0,11960.0,10695550
2005-10-12,11860.0,11880.0,11540.0,11560.0,26597200
2005-10-13,11420.0,11480.0,11160.0,11300.0,36035800
2005-10-14,11300.0,11440.0,11200.0,11300.0,31305500
2005-10-17,11200.0,11380.0,11200.0,11260.0,17525000
2005-10-18,11280.0,11380.0,11260.0,11320.0,17588650
2005-10-19,11200.0,11220.0,11000.0,11040.0,18547750
2005-10-20,11200.0,11220.0,11040.0,11120.0,17849800
2005-10-21,11000.0,11320.0,10980.0,11280.0,20033250
2005-10-24,11320.0,11420.0,11220.0,11320.0,16487150
2005-10-25,11440.0,11560.0,11280.0,11300.0,18269150
2005-10-26,11240.0,11320.0,11180.0,11260.0,15002350
2005-10-27,11260.0,11360.0,11120.0,11160.0,19331000
2005-10-28,10980.0,11020.0,10900.0,10920.0,21614800
2005-10-31,10980.0,11100.0,10960.0,11060.0,19203500
2005-11-01,11200.0,11360.0,11180.0,11300.0,29155950
2005-11-02,11280.0,11600.0,11280.0,11500.0,15716000
2005-11-03,11760.0,11840.0,11700.0,11740.0,22394000
2005-11-04,11940.0,12000.0,11860.0,11980.0,24807150
2005-11-07,12040.0,12060.0,11820.0,11960.0,12834600
2005-11-08,12000.0,12060.0,11940.0,12040.0,12065550
2005-11-09,12020.0,12140.0,11920.0,12000.0,14940450
2005-11-10,12020.0,12140.0,11980.0,12100.0,17080450
2005-11-11,12340.0,12480.0,12280.0,12360.0,29524650
2005-11-14,12420.0,12580.0,12320.0,12520.0,20931600
2005-11-15,12520.0,12580.0,12220.0,12400.0,14063750
2005-11-16,12320.0,12600.0,12320.0,12600.0,14038850
2005-11-17,12540.0,12560.0,12380.0,12480.0,12542600
2005-11-18,12500.0,12600.0,12380.0,12520.0,14163300
2005-11-21,12640.0,12640.0,12240.0,12360.0,24063600
2005-11-22,12220.0,12240.0,11740.0,11840.0,45564250
2005-11-23,12000.0,12260.0,11980.0,12140.0,42389900
2005-11-24,12360.0,12360.0,12100.0,12160.0,15155400
2005-11-25,12160.0,12220.0,11920.0,12000.0,15658550
2005-11-28,12000.0,12060.0,11920.0,12020.0,9434350
2005-11-29,11960.0,12040.0,11760.0,11880.0,17159050
2005-11-30,11860.0,12080.0,11860.0,12000.0,17308450
2005-12-01,11920.0,12160.0,11900.0,12100.0,19357700
2005-12-02,12400.0,12460.0,12280.0,12340.0,19342900
2005-12-05,12440.0,12500.0,12360.0,12460.0,12418300
2005-12-06,12380.0,12620.0,12340.0,12600.0,21114200
2005-12-07,12600.0,12900.0,12480.0,12780.0,26531300
2005-12-08,12700.0,12800.0,12520.0,12640.0,26904650
2005-12-09,12560.0,12620.0,12260.0,12420.0,23027250
2005-12-12,12440.0,12560.0,12340.0,12360.0,18588950
2005-12-13,12420.0,12460.0,12260.0,12400.0,16596150
2005-12-14,12440.0,12540.0,12160.0,12220.0,26300350
2005-12-15,12180.0,12320.0,12020.0,12180.0,18607050
2005-12-16,12120.0,12120.0,11860.0,12000.0,29408600
2005-12-19,12140.0,12280.0,12040.0,12180.0,17987750
2005-12-20,12060.0,12280.0,12040.0,12240.0,17198500
2005-12-21,12280.0,12700.0,12280.0,12560.0,25337350
2005-12-22,12700.0,12940.0,12620.0,12680.0,28095000
2005-12-23,12840.0,13040.0,12720.0,12900.0,28658350
2005-12-26,13000.0,13260.0,12980.0,13080.0,17830000
2005-12-27,13180.0,13280.0,12960.0,13220.0,18003350
2005-12-28,13160.0,13260.0,13100.0,13220.0,21403250
2005-12-29,13200.0,13400.0,13140.0,13160.0,20916500
2006-01-02,13280.0,13360.0,13120.0,13200.0,16985900
2006-01-03,13200.0,13320.0,13120.0,13280.0,17385550
2006-01-04,13500.0,14000.0,13460.0,13940.0,38604500
2006-01-05,13900.0,13900.0,13420.0,13580.0,25783750
2006-01-06,13700.0,13760.0,13580.0,13680.0,17394550
2006-01-09,13900.0,13940.0,13660.0,13740.0,14995150
2006-01-10,13900.0,14020.0,13760.0,14020.0,23642650
2006-01-11,13860.0,13960.0,13580.0,13680.0,17463600
2006-01-12,13680.0,13840.0,13620.0,13720.0,20117150
2006-01-13,13540.0,13880.0,13360.0,13840.0,23698600
2006-01-16,14000.0,14140.0,13920.0,14120.0,19141550
2006-01-17,14140.0,14420.0,13940.0,13940.0,21328900
2006-01-18,13700.0,13780.0,13460.0,13600.0,30346800
2006-01-19,13640.0,13900.0,13600.0,13800.0,19527000
2006-01-20,14040.0,14160.0,13700.0,13740.0,23040500
2006-01-23,13540.0,13900.0,13420.0,13700.0,26815250
2006-01-24,13660.0,14000.0,13600.0,13940.0,29027200
2006-01-25,14180.0,14400.0,14100.0,14220.0,29240350
2006-01-26,14280.0,14360.0,14100.0,14340.0,18556250
2006-01-27,14400.0,14480.0,14260.0,14400.0,15678300
2006-01-31,14460.0,14820.0,14380.0,14800.0,22323350
2006-02-01,14700.0,14860.0,14460.0,14580.0,22008350
2006-02-02,14760.0,14780.0,14400.0,14500.0,19091550
2006-02-03,14360.0,14360.0,14040.0,14080.0,22207700
2006-02-06,14000.0,14120.0,13860.0,14120.0,21292250
2006-02-07,14180.0,14600.0,14120.0,14120.0,16585550
2006-02-08,14000.0,14180.0,13700.0,13820.0,19114600
2006-02-09,13920.0,13940.0,13740.0,13860.0,18383250
2006-02-10,13840.0,13920.0,13580.0,13740.0,21849750
2006-02-13,13720.0,13740.0,13360.0,13500.0,24189900
2006-02-14,13400.0,13540.0,13260.0,13460.0,25982850
2006-02-15,13560.0,13560.0,13080.0,13080.0,33419850
2006-02-16,13020.0,13140.0,12920.0,13140.0,24749200
2006-02-17,13220.0,13480.0,13200.0,13460.0,21790650
2006-02-20,13360.0,13680.0,13340.0,13660.0,16332050
2006-02-21,13640.0,13660.0,13400.0,13460.0,17356300
2006-02-22,13380.0,13580.0,13260.0,13400.0,24953700
2006-02-23,13420.0,13680.0,13420.0,13620.0,16389950
2006-02-24,13560.0,13640.0,13500.0,13540.0,14116450
2006-02-27,13560.0,13820.0,13540.0,13820.0,11793500
2006-02-28,13880.0,13960.0,13660.0,13740.0,12647050
2006-03-02,13920.0,14000.0,13680.0,13860.0,15105700
2006-03-03,13640.0,13680.0,13000.0,13080.0,37932400
2006-03-06,13120.0,13160.0,12980.0,13160.0,22717900
2006-03-07,13000.0,13040.0,12540.0,12600.0,39482000
2006-03-08,12300.0,12520.0,12160.0,12460.0,49381050
2006-03-09,12320.0,12580.0,12220.0,12360.0,38599000
2006-03-10,12280.0,12640.0,12280.0,12440.0,28422100
2006-03-13,12580.0,12640.0,12480.0,12640.0,19012200
2006-03-14,12560.0,12640.0,12380.0,12480.0,17767050
2006-03-15,12580.0,12740.0,12560.0,12600.0,19438500
2006-03-16,12740.0,12820.0,12620.0,12640.0,14018000
2006-03-17,12580.0,12800.0,12440.0,12740.0,13567500
2006-03-20,12780.0,12800.0,12560.0,12780.0,9950600
2006-03-21,12760.0,12800.0,12600.0,12680.0,11453100
2006-03-22,12500.0,12540.0,12180.0,12280.0,30051700
2006-03-23,12280.0,12380.0,12080.0,12160.0,25534150
2006-03-24,12160.0,12240.0,12100.0,12180.0,17171750
2006-03-27,12100.0,12580.0,12100.0,12500.0,19508950
2006-03-28,12320.0,12600.0,12320.0,12560.0,15167900
2006-03-29,12420.0,12520.0,12300.0,12520.0,15189400
2006-03-30,12640.0,12680.0,12360.0,12460.0,14663350
2006-03-31,12400.0,12600.0,12360.0,12600.0,20635450
2006-04-03,12720.0,12960.0,12640.0,12880.0,20549650
2006-04-04,12920.0,13120.0,12860.0,13060.0,19369350
2006-04-05,13100.0,13220.0,12900.0,12980.0,12634700
2006-04-06,13180.0,13320.0,13060.0,13160.0,22420200
2006-04-07,13160.0,13200.0,12960.0,13080.0,17596300
2006-04-10,12900.0,12980.0,12740.0,12840.0,20369150
2006-04-11,12740.0,12800.0,12520.0,12700.0,15767900
2006-04-12,12640.0,12660.0,12520.0,12600.0,12271800
2006-04-13,12520.0,12760.0,12500.0,12740.0,21813050
2006-04-14,12760.0,13280.0,12700.0,13120.0,32653200
2006-04-17,13200.0,13220.0,12900.0,12980.0,13798350
2006-04-18,12960.0,13200.0,12880.0,13160.0,20338250
2006-04-19,13460.0,13500.0,13260.0,13300.0,21183350
2006-04-20,13300.0,13440.0,13220.0,13260.0,17605300
2006-04-21,13400.0,13940.0,13340.0,13800.0,40474150
2006-04-24,13800.0,13800.0,13400.0,13460.0,31490750
2006-04-25,13160.0,13440.0,13060.0,13200.0,28671400
2006-04-26,13200.0,13360.0,13080.0,13360.0,22000500
2006-04-27,13360.0,13400.0,13160.0,13280.0,19383250
2006-04-28,13240.0,13240.0,12860.0,12880.0,27901900
2006-05-02,12880.0,13020.0,12640.0,12980.0,27714750
2006-05-03,12980.0,13120.0,12780.0,12780.0,21147150
2006-05-04,12780.0,12940.0,12700.0,12920.0,17803750
2006-05-08,13100.0,13240.0,13020.0,13100.0,17595050
2006-05-09,13160.0,13360.0,13140.0,13220.0,18637850
2006-05-10,13220.0,13300.0,13040.0,13100.0,17858600
2006-05-11,13140.0,13260.0,13060.0,13260.0,18471150
2006-05-12,13200.0,13200.0,12820.0,13080.0,24975900
2006-05-15,12920.0,13000.0,12780.0,13000.0,28216750
2006-05-16,12960.0,13000.0,12740.0,12820.0,22209700
2006-05-17,12840.0,13200.0,12840.0,13100.0,22440100
2006-05-18,12760.0,12880.0,12660.0,12820.0,22060000
2006-05-19,12840.0,12880.0,12620.0,12760.0,20910000
2006-05-22,12840.0,12880.0,12620.0,12760.0,22223550
2006-05-23,12300.0,12660.0,12220.0,12600.0,29837200
2006-05-24,12600.0,12680.0,12300.0,12600.0,27036100
2006-05-25,12580.0,12620.0,12300.0,12300.0,24470000
2006-05-26,12520.0,12640.0,12340.0,12420.0,23180950
2006-05-29,12440.0,12540.0,12400.0,12440.0,14920000
2006-05-30,12440.0,12480.0,12240.0,12260.0,20915300
2006-05-31,12440.0,12540.0,12400.0,12440.0,15162550
2006-06-01,12140.0,12320.0,12020.0,12120.0,29650600
2006-06-02,12220.0,12360.0,12120.0,12280.0,19403200
2006-06-05,12360.0,12380.0,12200.0,12260.0,15993450
2006-06-07,11920.0,12100.0,11920.0,12000.0,30545950
2006-06-08,11980.0,11980.0,11500.0,11540.0,41207100
2006-06-09,11560.0,11660.0,11460.0,11500.0,30558000
2006-06-12,11520.0,11520.0,11260.0,11480.0,21498400
2006-06-13,11200.0,11220.0,10960.0,10980.0,41305250
2006-06-14,10880.0,11220.0,10820.0,11060.0,32644700
2006-06-15,11280.0,11280.0,11060.0,11100.0,18344000
2006-06-16,11520.0,11540.0,11300.0,11420.0,28129000
2006-06-19,11420.0,11520.0,11220.0,11300.0,20069800
2006-06-20,11260.0,11320.0,11040.0,11120.0,19583950
2006-06-21,11120.0,11280.0,11100.0,11140.0,13499300
2006-06-22,11300.0,11440.0,11200.0,11320.0,22982200
2006-06-23,11300.0,11420.0,11220.0,11360.0,14896500
2006-06-26,11400.0,11700.0,11400.0,11640.0,22351250
2006-06-27,11700.0,11800.0,11660.0,11660.0,15767750
2006-06-28,11500.0,11600.0,11420.0,11600.0,18377100
2006-06-29,11700.0,11840.0,11680.0,11800.0,15998850
2006-06-30,12140.0,12180.0,12040.0,12060.0,29176450
2006-07-03,12140.0,12220.0,12080.0,12100.0,12593400
2006-07-04,12220.0,12240.0,12020.0,12020.0,9270000
2006-07-05,11700.0,12100.0,11700.0,12060.0,13375000
2006-07-06,11860.0,12000.0,11800.0,11960.0,17500000
2006-07-07,12020.0,12120.0,12000.0,12020.0,14365000
2006-07-10,11880.0,12140.0,11780.0,12120.0,17315000
2006-07-11,11880.0,12240.0,11880.0,12160.0,16385000
2006-07-12,12120.0,12240.0,11980.0,12160.0,23300000
2006-07-13,12000.0,12180.0,11900.0,12000.0,22835000
2006-07-14,11740.0,11820.0,11640.0,11680.0,24250000
2006-07-18,11520.0,11680.0,11520.0,11640.0,14245000
2006-07-19,11600.0,11760.0,11600.0,11600.0,11125000
2006-07-20,11880.0,11960.0,11800.0,11960.0,21960000
2006-07-21,11820.0,11940.0,11800.0,11880.0,8896300
2006-07-24,11740.0,11880.0,11660.0,11800.0,14934950
2006-07-25,11920.0,12040.0,11880.0,11960.0,15877650
2006-07-26,11960.0,12080.0,11920.0,11980.0,7650000
2006-07-27,11980.0,12100.0,11880.0,12080.0,14995000
2006-07-28,12000.0,12080.0,11940.0,12020.0,9564450
2006-07-31,12200.0,12280.0,12160.0,12160.0,23415250
2006-08-01,12180.0,12300.0,12100.0,12100.0,13372450
2006-08-02,12060.0,12280.0,12040.0,12160.0,10944800
2006-08-03,12360.0,12380.0,12200.0,12200.0,12565450
2006-08-04,12240.0,12340.0,12240.0,12300.0,8121450
2006-08-07,12380.0,12380.0,12080.0,12120.0,15051350
2006-08-08,12100.0,12340.0,12100.0,12300.0,13598300
2006-08-09,12300.0,12460.0,12180.0,12320.0,15112800
2006-08-10,12320.0,12400.0,12180.0,12240.0,15694950
2006-08-11,12340.0,12440.0,12140.0,12140.0,16574950
2006-08-14,12200.0,12220.0,12000.0,12100.0,17105950
2006-08-16,12360.0,12440.0,12280.0,12360.0,19587150
2006-08-17,12600.0,12940.0,12580.0,12880.0,38826150
2006-08-18,13000.0,13300.0,12940.0,13120.0,37509050
2006-08-21,13200.0,13360.0,13100.0,13140.0,17145000
2006-08-22,12960.0,13160.0,12960.0,13160.0,19445000
2006-08-23,13080.0,13160.0,12880.0,12920.0,14711500
2006-08-24,12780.0,12820.0,12620.0,12720.0,17782500
2006-08-25,12840.0,13020.0,12780.0,12920.0,15981600
2006-08-28,13000.0,13040.0,12860.0,12860.0,10722200
2006-08-29,13040.0,13220.0,13000.0,13180.0,15312250
2006-08-30,13200.0,13220.0,12980.0,13100.0,13979500
2006-08-31,13080.0,13240.0,13000.0,13000.0,20178950
2006-09-01,13040.0,13140.0,12980.0,13060.0,8951400
2006-09-04,13240.0,13240.0,13100.0,13160.0,8986350
2006-09-05,13120.0,13200.0,13040.0,13160.0,7216450
2006-09-06,13160.0,13160.0,13020.0,13080.0,7866200
2006-09-07,12920.0,13020.0,12860.0,12980.0,10126650
2006-09-08,12880.0,13000.0,12880.0,12940.0,7533050
2006-09-11,12940.0,12980.0,12660.0,12720.0,18312850
2006-09-12,12760.0,12840.0,12580.0,12640.0,17687250
2006-09-13,12800.0,12900.0,12740.0,12840.0,24360250
2006-09-14,12840.0,13100.0,12820.0,13100.0,31021950
2006-09-15,13060.0,13160.0,13020.0,13120.0,11988600
2006-09-18,13140.0,13580.0,13140.0,13460.0,26352850
2006-09-19,13460.0,13560.0,13420.0,13440.0,12795650
2006-09-20,13260.0,13380.0,13180.0,13340.0,14816350
2006-09-21,13480.0,13540.0,13280.0,13300.0,13060450
2006-09-22,13160.0,13220.0,13040.0,13080.0,11768200
2006-09-25,13000.0,13160.0,12960.0,13060.0,12493150
2006-09-26,13080.0,13160.0,12920.0,13020.0,12855500
2006-09-27,13100.0,13260.0,13100.0,13260.0,15073400
2006-09-28,13240.0,13440.0,13200.0,13360.0,17199900
2006-09-29,13380.0,13440.0,13220.0,13280.0,10884050
2006-10-02,13180.0,13380.0,13180.0,13300.0,13336800
2006-10-04,13180.0,13200.0,12940.0,12960.0,19646300
2006-10-09,13040.0,13140.0,12500.0,12700.0,28756900
2006-10-10,12840.0,13000.0,12800.0,12840.0,9863750
2006-10-11,12700.0,12880.0,12660.0,12820.0,10532750
2006-10-12,12720.0,12900.0,12680.0,12780.0,17850550
2006-10-13,12900.0,12960.0,12840.0,12880.0,13492650
2006-10-16,13040.0,13160.0,12920.0,13000.0,16781050
2006-10-17,13000.0,13020.0,12840.0,12940.0,9174650
2006-10-18,12820.0,12880.0,12720.0,12840.0,16155300
2006-10-19,12900.0,12960.0,12640.0,12720.0,16716600
2006-10-20,12700.0,12760.0,12580.0,12640.0,23209700
2006-10-23,12620.0,12620.0,12400.0,12500.0,21650650
2006-10-24,12600.0,12660.0,12460.0,12540.0,18173600
2006-10-25,12480.0,12620.0,12420.0,12500.0,17740950
2006-10-26,12540.0,12680.0,12500.0,12580.0,16658100
2006-10-27,12580.0,12580.0,12320.0,12400.0,22082550
2006-10-30,12340.0,12380.0,12140.0,12180.0,20122000
2006-10-31,12140.0,12320.0,12060.0,12220.0,24140400
2006-11-01,12360.0,12400.0,12260.0,12300.0,13952400
2006-11-02,12280.0,12380.0,12220.0,12280.0,13024450
2006-11-03,12340.0,12400.0,12180.0,12220.0,14012550
2006-11-06,12180.0,12200.0,11980.0,12100.0,17439800
2006-11-07,12300.0,12300.0,12100.0,12180.0,17791800
2006-11-08,12300.0,12420.0,12300.0,12300.0,13618400
2006-11-09,12400.0,12620.0,12360.0,12620.0,28261650
2006-11-10,12560.0,12640.0,12520.0,12580.0,13480750
2006-11-13,12720.0,12800.0,12660.0,12800.0,16464950
2006-11-14,12960.0,13000.0,12880.0,12940.0,18685300
2006-11-15,13100.0,13240.0,13060.0,13240.0,29861150
2006-11-16,13520.0,13520.0,13140.0,13140.0,19037300
2006-11-17,13160.0,13160.0,13060.0,13140.0,9296700
2006-11-20,13120.0,13120.0,12940.0,13040.0,14429300
2006-11-21,13060.0,13120.0,12960.0,13000.0,10533050
2006-11-22,12940.0,13200.0,12940.0,13200.0,12154500
2006-11-23,13260.0,13300.0,13020.0,13080.0,12492450
2006-11-24,13080.0,13120.0,12920.0,13040.0,9120950
2006-11-27,12940.0,13000.0,12780.0,12840.0,16110750
2006-11-28,12620.0,12740.0,12600.0,12660.0,15936500
2006-11-29,12560.0,12740.0,12560.0,12620.0,16956850
2006-11-30,12720.0,12880.0,12700.0,12800.0,15937700
2006-12-01,12800.0,12900.0,12780.0,12800.0,8220950
2006-12-04,12860.0,12920.0,12740.0,12820.0,9770000
2006-12-05,12960.0,13020.0,12760.0,12760.0,17541350
2006-12-06,12760.0,12800.0,12580.0,12700.0,13141050
2006-12-07,12580.0,12700.0,12500.0,12520.0,14568100
2006-12-08,12340.0,12360.0,12160.0,12240.0,25506450
2006-12-11,12200.0,12240.0,12040.0,12080.0,22559950
2006-12-12,12120.0,12200.0,11980.0,12000.0,16336200
2006-12-13,12000.0,12180.0,12000.0,12100.0,17044900
2006-12-14,12060.0,12280.0,12000.0,12260.0,43086900
2006-12-15,12280.0,12300.0,12140.0,12180.0,22955950
2006-12-18,12200.0,12300.0,12160.0,12200.0,20216550
2006-12-19,12200.0,12280.0,12160.0,12180.0,14096450
2006-12-20,12180.0,12400.0,12180.0,12340.0,20860850
2006-12-21,12380.0,12400.0,12260.0,12340.0,16119000
2006-12-22,12240.0,12280.0,12160.0,12220.0,17192100
2006-12-26,12180.0,12220.0,12040.0,12140.0,15325400
2006-12-27,12220.0,12280.0,12080.0,12280.0,9427500
2006-12-28,12320.0,12380.0,12200.0,12260.0,10913300
2007-01-02,12400.0,12540.0,12320.0,12520.0,17607300
2007-01-03,12540.0,12560.0,12220.0,12280.0,19676500
2007-01-04,12220.0,12240.0,12060.0,12120.0,18258900
2007-01-05,12160.0,12180.0,11900.0,11900.0,28400400
2007-01-08,11840.0,11880.0,11580.0,11680.0,33081550
2007-01-09,11740.0,11880.0,11640.0,11720.0,20109850
2007-01-10,11640.0,11680.0,11500.0,11560.0,25756300
2007-01-11,11580.0,11760.0,11560.0,11660.0,29839350
2007-01-12,11800.0,12120.0,11700.0,12120.0,40346050
2007-01-15,12240.0,12300.0,12140.0,12240.0,33675300
2007-01-16,12300.0,12300.0,12220.0,12260.0,15522550
2007-01-17,12200.0,12200.0,11940.0,12040.0,23396700
2007-01-18,11980.0,11980.0,11780.0,11880.0,21762950
2007-01-19,11760.0,11760.0,11580.0,11700.0,32068050
2007-01-22,11700.0,11860.0,11660.0,11820.0,21204000
2007-01-23,11820.0,12000.0,11760.0,11880.0,21732900
2007-01-24,12000.0,12080.0,11980.0,12040.0,14238300
2007-01-25,12120.0,12160.0,12040.0,12060.0,11798550
2007-01-26,12000.0,12000.0,11740.0,11760.0,37403750
2007-01-29,11800.0,11820.0,11540.0,11560.0,28106550
2007-01-30,11640.0,11720.0,11500.0,11700.0,18857050
2007-01-31,11700.0,11700.0,11500.0,11600.0,18468100
2007-02-01,11520.0,11680.0,11520.0,11580.0,20379600
2007-02-02,11660.0,11820.0,11600.0,11760.0,25061700
2007-02-05,11780.0,11800.0,11660.0,11720.0,24227700
2007-02-06,11700.0,11760.0,11660.0,11740.0,14804600
2007-02-07,11760.0,11780.0,11600.0,11720.0,19521900
2007-02-08,11760.0,11800.0,11600.0,11660.0,25787500
2007-02-09,11580.0,11720.0,11580.0,11660.0,15724250
2007-02-12,11600.0,11600.0,11380.0,11440.0,43866750
2007-02-13,11380.0,11420.0,11200.0,11240.0,38350000
2007-02-14,11340.0,11460.0,11340.0,11340.0,31505450
2007-02-15,11620.0,11640.0,11380.0,11500.0,31469800
2007-02-16,11560.0,11840.0,11480.0,11840.0,41500100
2007-02-20,11900.0,12040.0,11760.0,12000.0,23313850
2007-02-21,12040.0,12240.0,12000.0,12120.0,27616450
2007-02-22,12120.0,12240.0,12040.0,12040.0,18015000
2007-02-23,12060.0,12080.0,11800.0,11840.0,25999600
2007-02-26,11740.0,11780.0,11580.0,11660.0,29442950
2007-02-27,11720.0,11720.0,11500.0,11620.0,22474550
2007-02-28,11160.0,11400.0,11160.0,11400.0,45093800
2007-03-01,11340.0,11340.0,11340.0,11340.0,0
2007-03-05,11240.0,11440.0,11220.0,11300.0,27584250
2007-03-06,11300.0,11580.0,11300.0,11420.0,27781400
2007-03-07,11500.0,11520.0,11300.0,11400.0,26039150
2007-03-08,11400.0,11640.0,11340.0,11540.0,29056100
2007-03-09,11660.0,11780.0,11600.0,11740.0,30233000
2007-03-12,11800.0,12040.0,11800.0,12040.0,31691500
2007-03-13,12080.0,12080.0,11860.0,12000.0,16828000
2007-03-14,11720.0,11760.0,11600.0,11680.0,24902100
2007-03-15,11700.0,11840.0,11680.0,11720.0,21261300
2007-03-16,11720.0,11860.0,11620.0,11780.0,13671150
2007-03-19,11740.0,11800.0,11640.0,11740.0,11891200
2007-03-20,11700.0,11740.0,11500.0,11580.0,21245000
2007-03-21,11620.0,11700.0,11500.0,11580.0,12559600
2007-03-22,11700.0,11780.0,11640.0,11640.0,22119900
2007-03-23,11680.0,11720.0,11520.0,11600.0,17271600
2007-03-26,11640.0,11700.0,11560.0,11680.0,15899800
2007-03-27,11640.0,11660.0,11540.0,11600.0,18780200
2007-03-28,11600.0,11600.0,11400.0,11440.0,22607300
2007-03-29,11300.0,11480.0,11280.0,11380.0,30754300
2007-03-30,11380.0,11380.0,11240.0,11260.0,22767000
2007-04-02,11280.0,11420.0,11280.0,11320.0,20035050
2007-04-03,11340.0,11560.0,11320.0,11480.0,19676650
2007-04-04,11660.0,11940.0,11620.0,11900.0,44768400
2007-04-05,12020.0,12060.0,11820.0,11860.0,15772300
2007-04-06,11920.0,11960.0,11680.0,11740.0,15445750
2007-04-09,11800.0,11800.0,11660.0,11680.0,12778300
2007-04-10,11680.0,11780.0,11520.0,11560.0,22281600
2007-04-11,11680.0,12020.0,11660.0,11980.0,42482950
2007-04-12,11940.0,12080.0,11880.0,12080.0,34352850
2007-04-13,12080.0,12200.0,11900.0,12040.0,35876550
2007-04-16,11980.0,12060.0,11860.0,11860.0,20227200
2007-04-17,11920.0,11980.0,11760.0,11860.0,22060000
2007-04-18,11800.0,11820.0,11620.0,11660.0,25200000
2007-04-19,11620.0,11640.0,11360.0,11440.0,32114150
2007-04-20,11480.0,11560.0,11420.0,11460.0,16748300
2007-04-23,11560.0,11680.0,11400.0,11400.0,18575450
2007-04-24,11480.0,11540.0,11360.0,11420.0,25104600
2007-04-25,11520.0,11560.0,11240.0,11280.0,29520750
2007-04-26,11400.0,11620.0,11400.0,11600.0,27133550
2007-04-27,11620.0,11740.0,11460.0,11600.0,30426400
2007-04-30,11600.0,11660.0,11380.0,11480.0,18851000
2007-05-02,11400.0,11600.0,11400.0,11500.0,16500000
2007-05-03,11560.0,11620.0,11460.0,11480.0,14666550
2007-05-04,11480.0,11560.0,11480.0,11520.0,12117750
2007-05-07,11600.0,11740.0,11560.0,11740.0,29269050
2007-05-08,11760.0,11860.0,11580.0,11640.0,30470000
2007-05-09,11600.0,11720.0,11480.0,11600.0,19446550
2007-05-10,11700.0,11720.0,11500.0,11500.0,21284800
2007-05-11,11500.0,11540.0,11380.0,11460.0,18063550
2007-05-14,11500.0,11560.0,11400.0,11480.0,15178550
2007-05-15,11480.0,11500.0,11380.0,11460.0,16629900
2007-05-16,11380.0,11480.0,11380.0,11400.0,13728550
2007-05-17,11380.0,11460.0,11240.0,11320.0,32991650
2007-05-18,11200.0,11220.0,10960.0,11080.0,44367750
2007-05-21,10940.0,11160.0,10920.0,11040.0,27085250
2007-05-22,11120.0,11340.0,11120.0,11300.0,40901450
2007-05-23,11320.0,11360.0,11180.0,11240.0,18800050
2007-05-25,11000.0,11140.0,11000.0,11040.0,30527900
2007-05-28,11000.0,11020.0,10920.0,10960.0,19714700
2007-05-29,10920.0,10940.0,10700.0,10740.0,34405050
2007-05-30,10740.0,10740.0,10500.0,10640.0,39442700
2007-05-31,10720.0,10840.0,10640.0,10700.0,32327800
2007-06-01,10920.0,11180.0,10860.0,11120.0,48280700
2007-06-04,11320.0,11560.0,11260.0,11440.0,54176150
2007-06-05,11500.0,11640.0,11380.0,11420.0,30539250
2007-06-07,11180.0,11400.0,11180.0,11380.0,24129700
2007-06-08,11240.0,11520.0,11220.0,11440.0,33649350
2007-06-11,11560.0,11700.0,11440.0,11560.0,33486900
2007-06-12,11440.0,11660.0,11440.0,11560.0,17372350
2007-06-13,11500.0,11540.0,11340.0,11460.0,17896500
2007-06-14,11600.0,11620.0,11460.0,11620.0,31985700
2007-06-15,11560.0,11580.0,11420.0,11480.0,24082300
2007-06-18,11600.0,11800.0,11520.0,11780.0,34236550
2007-06-19,11880.0,11880.0,11660.0,11700.0,19075450
2007-06-20,11740.0,11760.0,11480.0,11540.0,28625550
2007-06-21,11720.0,11840.0,11720.0,11780.0,46066600
2007-06-22,11920.0,12020.0,11760.0,11820.0,41545600
2007-06-25,11760.0,11940.0,11700.0,11760.0,19727450
2007-06-26,11820.0,11860.0,11660.0,11760.0,19325000
2007-06-27,11680.0,11720.0,11580.0,11620.0,17356150
2007-06-28,11620.0,11700.0,11500.0,11560.0,20486950
2007-06-29,11560.0,11580.0,11320.0,11320.0,27230000
2007-07-02,11560.0,11580.0,11320.0,11320.0,28822950
2007-07-03,11440.0,11500.0,11360.0,11420.0,25979550
2007-07-04,11460.0,11680.0,11440.0,11560.0,21507800
2007-07-05,11740.0,11860.0,11640.0,11820.0,33418800
2007-07-06,12060.0,12640.0,11980.0,12540.0,82871050
2007-07-09,12760.0,12980.0,12660.0,12860.0,63496300
2007-07-10,12780.0,12940.0,12580.0,12580.0,33803150
2007-07-11,12420.0,12760.0,12400.0,12700.0,26573900
2007-07-12,12700.0,13040.0,12680.0,12920.0,28582500
2007-07-13,13300.0,13740.0,13180.0,13740.0,68696450
2007-07-16,13700.0,13720.0,12960.0,13000.0,48383750
2007-07-18,13160.0,13240.0,12800.0,12800.0,37695850
2007-07-19,12700.0,12980.0,12620.0,12720.0,29848650
2007-07-20,12820.0,13220.0,12720.0,13220.0,28872250
2007-07-23,13060.0,13200.0,12980.0,13160.0,20428050
2007-07-24,13180.0,13260.0,12920.0,13080.0,17940900
2007-07-25,12800.0,13060.0,12800.0,12960.0,19926200
2007-07-26,12980.0,13040.0,12520.0,12520.0,31223850
2007-07-27,12340.0,12360.0,11920.0,11920.0,57318200
2007-07-30,11920.0,12200.0,11860.0,12200.0,30529200
2007-07-31,12300.0,12320.0,12180.0,12280.0,23017750
2007-08-01,12000.0,12100.0,11520.0,11620.0,53035500
2007-08-02,11780.0,11920.0,11520.0,11800.0,29307050
2007-08-03,12000.0,12140.0,11780.0,11800.0,30259700
2007-08-06,11460.0,11720.0,11440.0,11680.0,26664700
2007-08-07,11900.0,11920.0,11640.0,11680.0,15727400
2007-08-08,11800.0,12040.0,11740.0,12040.0,20627250
2007-08-09,12400.0,12500.0,12320.0,12420.0,42449700
2007-08-10,12120.0,12160.0,11960.0,12060.0,30724000
2007-08-13,12120.0,12340.0,12020.0,12260.0,17635500
2007-08-14,12240.0,12420.0,12140.0,12240.0,16922600
2007-08-16,11680.0,11800.0,11580.0,11600.0,50978800
2007-08-17,11740.0,11800.0,11360.0,11440.0,37513450
2007-08-20,11800.0,11840.0,11700.0,11800.0,24012750
2007-08-21,11800.0,11980.0,11720.0,11840.0,18044500
2007-08-22,11920.0,12040.0,11840.0,11880.0,20210450
2007-08-23,12200.0,12260.0,11940.0,11980.0,19973500
2007-08-24,11900.0,11940.0,11660.0,11720.0,18926300
2007-08-27,11820.0,12000.0,11500.0,11540.0,21689350
2007-08-28,11480.0,11540.0,11360.0,11520.0,26209000
2007-08-29,11160.0,11360.0,11160.0,11240.0,32118350
2007-08-30,11500.0,11560.0,11380.0,11440.0,19231700
2007-08-31,11400.0,11820.0,11400.0,11820.0,30225900
2007-09-03,11820.0,11820.0,11500.0,11520.0,19882000
2007-09-04,11520.0,11660.0,11420.0,11500.0,14962300
2007-09-05,11600.0,11700.0,11380.0,11380.0,19629900
2007-09-06,11240.0,11500.0,11220.0,11500.0,17740550
2007-09-07,11500.0,11500.0,11320.0,11500.0,15746950
2007-09-10,11260.0,11280.0,11120.0,11260.0,17560000
2007-09-11,11300.0,11460.0,11220.0,11340.0,13712100
2007-09-12,11360.0,11400.0,11180.0,11200.0,14680300
2007-09-13,11200.0,11340.0,11020.0,11240.0,24396000
2007-09-14,11200.0,11220.0,11040.0,11120.0,24298800
2007-09-17,11020.0,11040.0,10880.0,10900.0,21488750
2007-09-18,10900.0,10960.0,10760.0,10840.0,23761000
2007-09-19,11060.0,11180.0,10960.0,11040.0,28984400
2007-09-20,10940.0,11040.0,10800.0,10920.0,29019850
2007-09-21,10800.0,10860.0,10640.0,10680.0,39467450
2007-09-27,11000.0,11160.0,10860.0,11160.0,49918900
2007-09-28,11520.0,11540.0,11400.0,11500.0,42891650
2007-10-01,11520.0,11540.0,11340.0,11460.0,16355000
2007-10-02,11580.0,11700.0,11520.0,11580.0,30136750
2007-10-04,11260.0,11400.0,11200.0,11300.0,40348550
2007-10-05,11320.0,11340.0,10960.0,11060.0,29788950
2007-10-08,11080.0,11160.0,10820.0,11020.0,28390800
2007-10-09,10820.0,10900.0,10660.0,10740.0,40724950
2007-10-10,10900.0,11060.0,10760.0,11040.0,32597150
2007-10-11,11060.0,11180.0,10860.0,11100.0,30210150
2007-10-12,11020.0,11440.0,10940.0,11140.0,56563250
2007-10-15,11160.0,11240.0,10760.0,10840.0,33940050
2007-10-16,10540.0,10640.0,10260.0,10300.0,66853950
2007-10-17,10320.0,10440.0,10160.0,10300.0,35884300
2007-10-18,10400.0,10520.0,10320.0,10440.0,30044750
2007-10-19,10580.0,10960.0,10380.0,10800.0,48519450
2007-10-22,10420.0,10660.0,10380.0,10440.0,32305000
2007-10-23,10500.0,10600.0,10440.0,10440.0,31971400
2007-10-24,10520.0,10520.0,10180.0,10260.0,40471500
2007-10-25,10220.0,10360.0,10000.0,10140.0,37307700
2007-10-26,10220.0,10640.0,10060.0,10640.0,51448600
2007-10-29,10800.0,11000.0,10700.0,10900.0,40179750
2007-10-30,10900.0,11000.0,10740.0,10880.0,19168350
2007-10-31,10940.0,11020.0,10860.0,11000.0,27734300
2007-11-01,11100.0,11140.0,10860.0,10980.0,26799350
2007-11-02,10800.0,10960.0,10760.0,10800.0,23918650
2007-11-05,10700.0,10740.0,10520.0,10560.0,26480000
2007-11-06,10460.0,10960.0,10460.0,10960.0,30758950
2007-11-07,10980.0,11460.0,10940.0,11400.0,58695000
2007-11-08,11160.0,11240.0,10720.0,10720.0,43765000
2007-11-09,10780.0,11000.0,10680.0,10800.0,31995250
2007-11-12,10600.0,10680.0,10480.0,10640.0,25916650
2007-11-13,10500.0,10780.0,10460.0,10640.0,25363050
2007-11-14,10900.0,10960.0,10760.0,10940.0,29997800
2007-11-15,10920.0,11420.0,10900.0,11400.0,51098250
2007-11-16,11160.0,11340.0,11080.0,11140.0,24037250
2007-11-19,11160.0,11220.0,10820.0,10820.0,22000000
2007-11-20,10600.0,10700.0,10520.0,10620.0,21515000
2007-11-21,10620.0,10620.0,10280.0,10300.0,33101550
2007-11-22,10200.0,10780.0,10180.0,10780.0,38170600
2007-11-23,10700.0,11200.0,10700.0,11140.0,42924150
2007-11-26,11220.0,11280.0,10940.0,11260.0,27535000
2007-11-27,11120.0,11120.0,10600.0,10780.0,33944200
2007-11-28,10860.0,11040.0,10720.0,10880.0,24418850
2007-11-29,11100.0,11380.0,11040.0,11340.0,44743400
2007-11-30,11340.0,11460.0,11240.0,11300.0,29659800
2007-12-03,11100.0,11360.0,10880.0,11320.0,23272050
2007-12-04,11420.0,11620.0,11360.0,11500.0,20623650
2007-12-05,11480.0,11880.0,11420.0,11640.0,23025000
2007-12-06,11960.0,12240.0,11940.0,12240.0,56259050
2007-12-07,12260.0,12340.0,12080.0,12160.0,30236750
2007-12-10,12260.0,12280.0,12120.0,12280.0,22600750
2007-12-11,12280.0,12280.0,12060.0,12060.0,22424900
2007-12-12,11820.0,12000.0,11720.0,11960.0,30155400
2007-12-13,11920.0,11980.0,11660.0,11800.0,34333850
2007-12-14,11660.0,11760.0,11480.0,11620.0,20064850
2007-12-17,11360.0,11540.0,11200.0,11200.0,26290000
2007-12-18,11000.0,11280.0,10980.0,11200.0,21710000
2007-12-20,11180.0,11360.0,11080.0,11180.0,21968250
2007-12-21,11240.0,11280.0,11020.0,11200.0,18360750
2007-12-24,11240.0,11600.0,11240.0,11560.0,18874300
2007-12-26,11580.0,11680.0,11440.0,11520.0,10745000
2007-12-27,11480.0,11560.0,11400.0,11400.0,11911800
2007-12-28,11300.0,11340.0,11120.0,11120.0,14681800
2008-01-02,11180.0,11200.0,10840.0,10880.0,18047200
2008-01-03,10760.0,11060.0,10640.0,10920.0,19346500
2008-01-04,10920.0,10960.0,10760.0,10780.0,17997350
2008-01-07,10360.0,10480.0,10340.0,10380.0,39787200
2008-01-08,10380.0,10480.0,10320.0,10320.0,24783700
2008-01-09,10340.0,10580.0,10260.0,10500.0,23865450
2008-01-10,10440.0,10580.0,10320.0,10320.0,31551350
2008-01-11,10360.0,10520.0,10220.0,10320.0,23425150
2008-01-14,10280.0,10520.0,10280.0,10500.0,22167000
2008-01-15,10660.0,10820.0,10420.0,10640.0,40283950
2008-01-16,10400.0,10800.0,10360.0,10600.0,49448100
2008-01-17,10740.0,11200.0,10720.0,11200.0,42213900
2008-01-18,11040.0,11440.0,10960.0,11340.0,35586400
2008-01-21,11220.0,11460.0,11160.0,11280.0,25085050
2008-01-22,11000.0,11160.0,10720.0,10720.0,43213650
2008-01-23,11040.0,11120.0,10760.0,10800.0,36303850
2008-01-24,11020.0,11240.0,10980.0,11120.0,27902000
2008-01-25,11120.0,11400.0,11080.0,11220.0,26107500
2008-01-28,11060.0,11300.0,10720.0,10780.0,27213200
2008-01-29,10920.0,11200.0,10880.0,11160.0,21471250
2008-01-30,11340.0,11620.0,11200.0,11420.0,35769400
2008-01-31,11580.0,11940.0,11420.0,11900.0,46767100
2008-02-01,12020.0,12100.0,11560.0,11720.0,28352100
2008-02-04,12040.0,12240.0,12000.0,12240.0,46921550
2008-02-05,12100.0,12360.0,12020.0,12260.0,23207550
2008-02-11,11820.0,12020.0,11680.0,11680.0,28841250
2008-02-12,11700.0,11760.0,11460.0,11460.0,18513050
2008-02-13,11760.0,11760.0,11400.0,11480.0,21558700
2008-02-14,11660.0,11860.0,11600.0,11860.0,28837050
2008-02-15,11720.0,11800.0,11500.0,11720.0,20001000
2008-02-18,11640.0,11740.0,11420.0,11540.0,18412450
2008-02-19,11600.0,11740.0,11540.0,11740.0,16641000
2008-02-20,11740.0,11800.0,11520.0,11560.0,18171450
2008-02-21,11580.0,11920.0,11580.0,11880.0,21269600
2008-02-22,11640.0,11740.0,11600.0,11640.0,15574600
2008-02-25,11560.0,11640.0,11500.0,11620.0,15236300
2008-02-26,11620.0,11720.0,11380.0,11420.0,12393550
2008-02-27,11460.0,11720.0,11380.0,11560.0,13882800
2008-02-28,11680.0,11700.0,11460.0,11600.0,14536100
2008-02-29,11540.0,11540.0,11200.0,11200.0,22988800
2008-03-03,10900.0,11040.0,10840.0,10980.0,22136800
2008-03-04,11000.0,11220.0,11000.0,11040.0,16975550
2008-03-05,11020.0,11320.0,11020.0,11240.0,21097000
2008-03-06,11260.0,11500.0,11160.0,11240.0,18850600
2008-03-07,11000.0,11100.0,10940.0,11000.0,20272750
2008-03-10,10960.0,11220.0,10900.0,11080.0,17898000
2008-03-11,10960.0,11180.0,10940.0,11100.0,31354900
2008-03-12,11320.0,11400.0,11160.0,11200.0,24374050
2008-03-13,11020.0,11180.0,10940.0,11000.0,30835150
2008-03-14,11100.0,11140.0,10860.0,10940.0,22180950
2008-03-17,11060.0,11180.0,10900.0,11000.0,40741250
2008-03-18,11040.0,11440.0,11040.0,11360.0,42480400
2008-03-19,11640.0,11860.0,11600.0,11820.0,35035300
2008-03-20,11700.0,12120.0,11580.0,12120.0,32334250
2008-03-21,12180.0,12200.0,12040.0,12140.0,21574750
2008-03-24,12080.0,12120.0,11900.0,11980.0,10591650
2008-03-25,12220.0,12300.0,12100.0,12200.0,21415850
2008-03-26,12380.0,12380.0,12180.0,12240.0,15949800
2008-03-27,12120.0,12160.0,11920.0,12100.0,20926650
2008-03-28,12100.0,12360.0,12060.0,12260.0,25343000
2008-03-31,12340.0,12580.0,12240.0,12460.0,29338650
2008-04-01,12560.0,12820.0,12360.0,12720.0,33978600
2008-04-02,13040.0,13240.0,13020.0,13220.0,38936050
2008-04-03,13220.0,13340.0,13120.0,13240.0,21675750
2008-04-04,13240.0,13240.0,12940.0,13000.0,17505650
2008-04-07,12920.0,13220.0,12920.0,13000.0,18348000
2008-04-08,12860.0,12960.0,12720.0,12920.0,17081100
2008-04-10,12860.0,13240.0,12780.0,13120.0,33709550
2008-04-11,13200.0,13600.0,13200.0,13600.0,39799750
2008-04-14,13400.0,13560.0,13240.0,13560.0,21013800
2008-04-15,13560.0,13580.0,13160.0,13160.0,19635700
2008-04-16,13200.0,13300.0,12940.0,13020.0,25146850
2008-04-17,13360.0,13420.0,13200.0,13220.0,20221950
2008-04-18,13240.0,13540.0,13240.0,13300.0,25224400
2008-04-21,13500.0,13520.0,13320.0,13480.0,21483300
2008-04-22,13400.0,13580.0,13360.0,13500.0,18359750
2008-04-23,13360.0,13500.0,13060.0,13060.0,25400650
2008-04-24,13180.0,13420.0,13100.0,13220.0,25118900
2008-04-25,13400.0,13800.0,13320.0,13800.0,50257700
2008-04-28,13920.0,14380.0,13840.0,14320.0,38231450
2008-04-29,14340.0,14360.0,14120.0,14200.0,21729700
2008-04-30,14180.0,14360.0,14100.0,14220.0,31382450
2008-05-01,14220.0,14220.0,14220.0,14220.0,0
2008-05-02,14660.0,14680.0,14480.0,14620.0,50417500
2008-05-05,14620.0,14620.0,14620.0,14620.0,0
2008-05-06,14700.0,14900.0,14640.0,14900.0,38358100
2008-05-07,14760.0,14900.0,14640.0,14820.0,22328750
2008-05-08,14500.0,14600.0,14380.0,14560.0,34440750
2008-05-09,14640.0,14660.0,14140.0,14180.0,29085550
2008-05-12,14180.0,14180.0,14180.0,14180.0,0
2008-05-13,14360.0,14700.0,14200.0,14700.0,30044650
2008-05-14,14640.0,14760.0,14580.0,14760.0,20052950
2008-05-15,14800.0,15280.0,14800.0,15280.0,27487700
2008-05-16,15200.0,15280.0,14980.0,15200.0,30207500
2008-05-19,15200.0,15260.0,14560.0,14560.0,31627250
2008-05-20,14560.0,14580.0,14060.0,14260.0,45623100
2008-05-21,14040.0,14520.0,14020.0,14360.0,23699200
2008-05-22,14240.0,14400.0,14080.0,14260.0,18129850
2008-05-23,14200.0,14460.0,14140.0,14140.0,14702850
2008-05-26,13980.0,14000.0,13440.0,13580.0,42225400
2008-05-27,13800.0,14100.0,13780.0,14040.0,18241350
2008-05-28,14360.0,14360.0,13800.0,13840.0,20754200
2008-05-29,14080.0,14600.0,13940.0,14600.0,24855000
2008-05-30,14580.0,14820.0,14500.0,14820.0,24669600
2008-06-02,14700.0,14820.0,14500.0,14520.0,19869800
2008-06-03,14440.0,14440.0,14060.0,14080.0,20968200
2008-06-04,14060.0,14400.0,14060.0,14260.0,14337000
2008-06-05,14360.0,14360.0,14140.0,14180.0,18126850
2008-06-06,14180.0,14180.0,14180.0,14180.0,0
2008-06-09,13680.0,13840.0,13640.0,13720.0,30999100
2008-06-10,13740.0,13820.0,13300.0,13320.0,28005300
2008-06-11,13380.0,13760.0,13340.0,13620.0,23986150
2008-06-12,13380.0,13560.0,13260.0,13260.0,45085450
2008-06-13,13440.0,13840.0,13320.0,13480.0,26490150
2008-06-16,13700.0,13820.0,13600.0,13820.0,16767250
2008-06-17,13820.0,13900.0,13620.0,13760.0,18272550
2008-06-18,13620.0,14080.0,13620.0,14080.0,15103800
2008-06-19,13920.0,13940.0,13500.0,13500.0,25826000
2008-06-20,13760.0,13760.0,13300.0,13360.0,21409450
2008-06-23,13040.0,13260.0,13040.0,13160.0,20438500
2008-06-24,13200.0,13280.0,13080.0,13180.0,15685550
2008-06-25,13160.0,13220.0,12880.0,13100.0,22329450
2008-06-26,13200.0,13400.0,13120.0,13300.0,19907250
2008-06-27,12920.0,13000.0,12740.0,12860.0,25576850
2008-06-30,12760.0,12800.0,12500.0,12500.0,28598600
2008-07-01,12520.0,12800.0,12180.0,12720.0,33602250
2008-07-02,12600.0,12740.0,12460.0,12600.0,24414150
2008-07-03,12340.0,12900.0,12340.0,12660.0,29315200
2008-07-04,12600.0,12660.0,12320.0,12320.0,22481600
2008-07-07,12200.0,12560.0,12020.0,12280.0,26142050
2008-07-08,12220.0,12360.0,11860.0,11860.0,27884250
2008-07-09,12100.0,12120.0,11500.0,11500.0,29763900
2008-07-10,11160.0,11400.0,11120.0,11200.0,53374150
2008-07-11,11220.0,11460.0,11140.0,11360.0,32717400
2008-07-14,11280.0,11640.0,11220.0,11340.0,20759300
2008-07-15,11220.0,11260.0,11060.0,11060.0,27201450
2008-07-16,11140.0,11340.0,11080.0,11220.0,25858800
2008-07-17,11420.0,11780.0,11400.0,11680.0,32596450
2008-07-18,11820.0,11880.0,11540.0,11640.0,15433200
2008-07-21,11640.0,12120.0,11640.0,11980.0,25987750
2008-07-22,11680.0,11800.0,11600.0,11800.0,19137950
2008-07-23,11800.0,11880.0,11620.0,11740.0,28378200
2008-07-24,11740.0,12280.0,11660.0,12280.0,34992900
2008-07-25,11980.0,12060.0,11480.0,11520.0,50458700
2008-07-28,11420.0,11460.0,11080.0,11200.0,43858300
2008-07-29,10960.0,11020.0,10840.0,10880.0,29814350
2008-07-30,11040.0,11140.0,10900.0,10960.0,26378350
2008-07-31,10940.0,11340.0,10940.0,11280.0,26311200
2008-08-01,11180.0,11340.0,11140.0,11300.0,13485850
2008-08-04,11380.0,11400.0,11140.0,11300.0,17095750
2008-08-05,11300.0,11480.0,11260.0,11340.0,24563900
2008-08-06,11620.0,11740.0,11520.0,11740.0,21367600
2008-08-07,11820.0,11860.0,11460.0,11560.0,23440450
2008-08-08,11400.0,11480.0,11240.0,11460.0,24528350
2008-08-11,11720.0,11840.0,11660.0,11700.0,21889000
2008-08-12,11900.0,12040.0,11780.0,11900.0,31373400
2008-08-13,11820.0,11920.0,11660.0,11740.0,19446100
2008-08-14,11600.0,11720.0,11560.0,11600.0,19704750
2008-08-15,11600.0,11600.0,11600.0,11600.0,0
2008-08-18,11620.0,11720.0,11460.0,11580.0,16509050
2008-08-19,11440.0,11500.0,11260.0,11280.0,17867300
2008-08-20,11120.0,11320.0,11100.0,11200.0,22011050
2008-08-21,11200.0,11220.0,11040.0,11060.0,17574550
2008-08-22,11020.0,11160.0,10900.0,11140.0,15836500
2008-08-25,11160.0,11240.0,11080.0,11200.0,14548350
2008-08-26,11100.0,11100.0,10780.0,10800.0,32670800
2008-08-27,10700.0,10740.0,10340.0,10600.0,34357750
2008-08-28,10520.0,10640.0,10400.0,10420.0,27281050
2008-08-29,10400.0,10520.0,10240.0,10320.0,36455950
2008-09-01,10060.0,10180.0,10020.0,10120.0,35791900
2008-09-02,10000.0,10340.0,10000.0,10340.0,34402450
2008-09-03,10240.0,10620.0,10240.0,10540.0,25714350
2008-09-04,10300.0,10440.0,10220.0,10280.0,27785550
2008-09-05,10060.0,10720.0,10040.0,10440.0,43649450
2008-09-08,10660.0,11020.0,10620.0,10860.0,38900200
2008-09-09,10800.0,10800.0,10600.0,10720.0,22013050
2008-09-10,10440.0,10960.0,10400.0,10840.0,36506850
2008-09-11,10900.0,11140.0,10720.0,10740.0,47173400
2008-09-12,10880.0,11000.0,10780.0,10860.0,30258700
2008-09-15,10860.0,10860.0,10860.0,10860.0,0
2008-09-16,10200.0,10520.0,10180.0,10500.0,41059050
2008-09-17,10700.0,10740.0,10440.0,10500.0,29978550
2008-09-18,10180.0,10420.0,10080.0,10340.0,27650
2008-09-19,10700.0,11160.0,10640.0,11160.0,53205000
2008-09-22,11140.0,11420.0,11040.0,11160.0,27502650
2008-09-23,10980.0,11300.0,10960.0,11200.0,23125950
2008-09-24,11140.0,11380.0,11140.0,11280.0,20463600
2008-09-25,11140.0,11380.0,11020.0,11340.0,17974550
2008-09-26,11200.0,11240.0,11020.0,11060.0,26314850
2008-09-29,11160.0,11260.0,10800.0,10880.0,27731950
2008-09-30,10360.0,10880.0,10280.0,10780.0,37898000
2008-10-01,10840.0,10860.0,10480.0,10660.0,25788700
2008-10-02,10620.0,10780.0,10360.0,10560.0,27381150
2008-10-03,10560.0,10560.0,10560.0,10560.0,0
2008-10-06,10400.0,10480.0,10200.0,10340.0,31577200
2008-10-07,10120.0,10760.0,10100.0,10620.0,29567750
2008-10-08,10380.0,10700.0,10340.0,10560.0,32639550
2008-10-09,10560.0,10960.0,10560.0,10820.0,35793950
2008-10-10,10560.0,10640.0,10120.0,10420.0,44160200
2008-10-13,10460.0,10780.0,10420.0,10480.0,30486050
2008-10-14,10820.0,11200.0,10820.0,11200.0,33052100
2008-10-15,10960.0,11040.0,10680.0,10940.0,31447000
2008-10-16,10400.0,10540.0,10000.0,10080.0,46931350
2008-10-17,10400.0,10400.0,9830.0,10020.0,44541850
2008-10-20,10240.0,10500.0,9990.0,10420.0,27564050
2008-10-21,10520.0,10600.0,10180.0,10380.0,24505550
2008-10-22,10340.0,10460.0,9800.0,10160.0,33829400
2008-10-23,9540.0,9690.0,9200.0,9450.0,50023000
2008-10-24,9460.0,9500.0,8040.0,8040.0,59626350
2008-10-27,8150.0,8760.0,8060.0,8760.0,48100000
2008-10-28,8600.0,9530.0,8530.0,9270.0,49703350
2008-10-29,9780.0,10060.0,8850.0,9500.0,64873450
2008-10-30,10140.0,10920.0,9820.0,10740.0,54704850
2008-10-31,10740.0,11000.0,10300.0,10540.0,61573650
2008-11-03,10620.0,10900.0,10280.0,10320.0,44058100
2008-11-04,10320.0,10440.0,10120.0,10280.0,39167400
2008-11-05,10400.0,10520.0,10100.0,10300.0,40923450
2008-11-06,10000.0,10180.0,9700.0,9830.0,38703200
2008-11-07,9400.0,9910.0,9260.0,9790.0,49487350
2008-11-10,9870.0,9990.0,9440.0,9490.0,45419600
2008-11-11,9260.0,9580.0,9130.0,9410.0,34532350
2008-11-12,9340.0,9780.0,9190.0,9610.0,30403150
2008-11-13,9300.0,9480.0,9120.0,9480.0,36855000
2008-11-14,9690.0,9720.0,9220.0,9260.0,29588450
2008-11-17,9290.0,9290.0,8840.0,9010.0,32580350
2008-11-18,8770.0,8890.0,8620.0,8700.0,33973750
2008-11-19,8700.0,8870.0,8480.0,8760.0,30987100
2008-11-20,8440.0,8630.0,8390.0,8460.0,28092450
2008-11-21,8380.0,8920.0,8220.0,8880.0,31568650
2008-11-24,8840.0,9080.0,8720.0,8800.0,29133500
2008-11-25,9160.0,9330.0,8810.0,9030.0,33102950
2008-11-26,9220.0,9500.0,9120.0,9460.0,31013050
2008-11-27,9680.0,9740.0,9550.0,9700.0,26557750
2008-11-28,9720.0,9770.0,9590.0,9720.0,22543000
2008-12-01,9710.0,9720.0,9490.0,9530.0,15856850
2008-12-02,9040.0,9240.0,9010.0,9080.0,24170850
2008-12-03,9080.0,9200.0,8710.0,8820.0,36099650
2008-12-04,8920.0,8930.0,8540.0,8610.0,34990250
2008-12-05,8510.0,8740.0,8510.0,8540.0,29513550
2008-12-08,8690.0,9300.0,8600.0,9280.0,40352200
2008-12-09,9320.0,9390.0,9060.0,9390.0,29640550
2008-12-10,9380.0,9620.0,9320.0,9620.0,37277700
2008-12-11,9640.0,9670.0,9210.0,9650.0,51925650
2008-12-12,9320.0,9610.0,9160.0,9210.0,27922300
2008-12-15,9400.0,9620.0,9360.0,9440.0,27906950
2008-12-16,9300.0,9340.0,9010.0,9140.0,35224700
2008-12-17,9310.0,9340.0,9020.0,9190.0,33886150
2008-12-18,9200.0,9370.0,9070.0,9360.0,33352450
2008-12-19,9500.0,9950.0,9480.0,9790.0,49042900
2008-12-22,9990.0,10040.0,9620.0,9720.0,22930050
2008-12-23,9620.0,9690.0,9130.0,9130.0,28528400
2008-12-24,9290.0,9320.0,9120.0,9200.0,18946050
2008-12-25,9200.0,9200.0,9200.0,9200.0,0
2008-12-26,9210.0,9260.0,9080.0,9120.0,11553200
2008-12-29,9120.0,9140.0,8770.0,9080.0,15942850
2008-12-30,9160.0,9270.0,9020.0,9020.0,17938200
2008-12-31,9020.0,9020.0,9020.0,9020.0,0
2009-01-02,9070.0,9400.0,8850.0,9400.0,22978400
2009-01-05,9600.0,9740.0,9470.0,9520.0,30460450
2009-01-06,9640.0,10040.0,9590.0,9960.0,45072450
2009-01-07,10100.0,10480.0,9980.0,10480.0,41286200
2009-01-08,10360.0,10380.0,10060.0,10160.0,30614600
2009-01-09,10060.0,10120.0,9720.0,9860.0,30113100
2009-01-12,9800.0,9960.0,9740.0,9790.0,17708600
2009-01-13,9810.0,9860.0,9600.0,9830.0,17577200
2009-01-14,9790.0,9840.0,9550.0,9790.0,19297550
2009-01-15,9490.0,9490.0,9150.0,9190.0,31394300
2009-01-16,9280.0,9380.0,9110.0,9360.0,22261700
2009-01-19,9520.0,9610.0,9420.0,9500.0,19136900
2009-01-20,9210.0,9320.0,9140.0,9280.0,18496050
2009-01-21,9000.0,9080.0,8940.0,8970.0,22203800
2009-01-22,9280.0,9280.0,8990.0,9220.0,26209300
2009-01-23,8950.0,9030.0,8770.0,8840.0,31581450
2009-01-28,9400.0,9840.0,9280.0,9770.0,45906950
2009-01-29,9770.0,9990.0,9620.0,9970.0,32818700
2009-01-30,9690.0,9850.0,9680.0,9780.0,19334900
2009-02-02,9760.0,9920.0,9440.0,9470.0,23574500
2009-02-03,9770.0,9980.0,9470.0,9800.0,27380500
2009-02-04,10100.0,10400.0,9990.0,10360.0,30703400
2009-02-05,10400.0,10720.0,10260.0,10420.0,34791950
2009-02-06,10720.0,10900.0,10580.0,10900.0,34801100
2009-02-09,10900.0,10960.0,10420.0,10540.0,32619950
2009-02-10,10640.0,10680.0,10280.0,10400.0,24848400
2009-02-11,10120.0,10380.0,10100.0,10260.0,16267500
2009-02-12,10140.0,10400.0,10020.0,10400.0,28021450
2009-02-13,10220.0,10380.0,10080.0,10280.0,24071800
2009-02-16,10160.0,10400.0,10040.0,10080.0,16386900
2009-02-17,9980.0,10000.0,9740.0,9810.0,23694950
2009-02-18,9760.0,9780.0,9550.0,9560.0,29060500
2009-02-19,9530.0,9760.0,9430.0,9610.0,26458500
2009-02-20,9500.0,9600.0,9350.0,9350.0,25958000
2009-02-23,9300.0,9730.0,9220.0,9700.0,21327950
2009-02-24,9400.0,9450.0,9280.0,9350.0,22671950
2009-02-25,9630.0,9660.0,9470.0,9560.0,20927400
2009-02-26,9580.0,9860.0,9300.0,9540.0,21950050
2009-02-27,9500.0,9860.0,9410.0,9540.0,29510500
2009-03-02,9510.0,9510.0,9160.0,9240.0,24741650
2009-03-03,9090.0,9580.0,9090.0,9510.0,24954950
2009-03-04,9560.0,9810.0,9380.0,9780.0,26067250
2009-03-05,9980.0,10120.0,9790.0,10060.0,32982600
2009-03-06,9920.0,10100.0,9880.0,10000.0,19412000
2009-03-09,10200.0,10320.0,9950.0,10300.0,18225250
2009-03-10,10100.0,10360.0,10040.0,10080.0,20458750
2009-03-11,10380.0,10500.0,10260.0,10500.0,26584150
2009-03-12,10400.0,10720.0,10400.0,10720.0,50741850
2009-03-13,10800.0,11000.0,10560.0,10560.0,24128850
2009-03-16,10520.0,10720.0,10340.0,10460.0,14711600
2009-03-17,10560.0,10740.0,10340.0,10680.0,20205900
2009-03-18,10760.0,10820.0,10540.0,10800.0,16913000
2009-03-19,10940.0,10980.0,10740.0,10820.0,19517500
2009-03-20,10700.0,10980.0,10700.0,10840.0,17561600
2009-03-23,10840.0,11020.0,10840.0,11000.0,2420900
2009-03-24,11200.0,11200.0,10960.0,11180.0,24804800
2009-03-25,11000.0,11180.0,11000.0,11120.0,12749800
2009-03-26,11020.0,11420.0,10960.0,11400.0,20870050
2009-03-27,11620.0,11780.0,11480.0,11680.0,28539350
2009-03-30,11620.0,11800.0,11300.0,11340.0,18359700
2009-03-31,11280.0,11680.0,11260.0,11360.0,20010000
2009-04-01,11400.0,11600.0,11180.0,11400.0,24952250
2009-04-02,11680.0,11820.0,11500.0,11820.0,28688300
2009-04-03,11980.0,12000.0,11680.0,11860.0,24722050
2009-04-06,11860.0,12260.0,11860.0,11880.0,33315050
2009-04-07,11820.0,11900.0,11660.0,11680.0,27388200
2009-04-08,11480.0,11560.0,11100.0,11140.0,31449400
2009-04-09,11220.0,11680.0,11200.0,11600.0,30887600
2009-04-10,11940.0,12060.0,11760.0,12060.0,32713800
2009-04-13,11880.0,12000.0,11640.0,11660.0,20707150
2009-04-14,11700.0,11760.0,11420.0,11500.0,25554750
2009-04-15,11320.0,11700.0,11300.0,11700.0,25775000
2009-04-16,11920.0,11980.0,11600.0,11620.0,29263500
2009-04-17,11880.0,12080.0,11780.0,11940.0,40656900
2009-04-20,12000.0,12020.0,11640.0,11840.0,17605900
2009-04-21,11620.0,11920.0,11560.0,11820.0,18312700
2009-04-22,11960.0,12300.0,11880.0,12180.0,41166700
2009-04-23,12280.0,12640.0,12220.0,12540.0,32402300
2009-04-24,12320.0,12540.0,11800.0,11840.0,45867800
2009-04-27,11840.0,11880.0,11580.0,11700.0,27196350
2009-04-28,11800.0,11800.0,11500.0,11500.0,24129050
2009-04-29,11540.0,11720.0,11500.0,11720.0,16499450
2009-04-30,11900.0,12040.0,11680.0,11840.0,30656900
2009-05-04,11900.0,11940.0,11560.0,11640.0,39634800
2009-05-06,11500.0,11620.0,11260.0,11300.0,58004900
2009-05-07,11440.0,11460.0,11180.0,11320.0,34475350
2009-05-08,11320.0,11480.0,11260.0,11380.0,22852100
2009-05-11,11320.0,11360.0,11160.0,11260.0,32233300
2009-05-12,11260.0,11380.0,11200.0,11220.0,23892300
2009-05-13,11260.0,11320.0,11140.0,11200.0,29321300
2009-05-14,11120.0,11140.0,11020.0,11040.0,30779700
2009-05-15,11160.0,11240.0,11060.0,11100.0,23443100
2009-05-18,11100.0,11200.0,11020.0,11120.0,22413200
2009-05-19,11340.0,11460.0,11240.0,11400.0,27926800
2009-05-20,11460.0,11540.0,11400.0,11520.0,21177800
2009-05-21,11400.0,11460.0,11200.0,11260.0,20055900
2009-05-22,11140.0,11200.0,11000.0,11000.0,25598900
2009-05-25,10920.0,11080.0,10400.0,10900.0,28436550
2009-05-26,10900.0,10940.0,10700.0,10760.0,28037250
2009-05-27,10900.0,11020.0,10680.0,10700.0,31046950
2009-05-28,10800.0,11180.0,10720.0,11180.0,33025950
2009-05-29,11140.0,11220.0,11000.0,11160.0,25342100
2009-06-01,11040.0,11160.0,10880.0,11160.0,20849600
2009-06-02,11320.0,11380.0,11100.0,11120.0,27876300
2009-06-03,11160.0,11300.0,11020.0,11040.0,19282250
2009-06-04,11140.0,11400.0,10940.0,11100.0,29484950
2009-06-05,11280.0,11400.0,11100.0,11380.0,31006050
2009-06-08,11460.0,11580.0,11420.0,11500.0,26815150
2009-06-09,11640.0,11660.0,11300.0,11300.0,25031300
2009-06-10,11340.0,11780.0,11280.0,11740.0,38127050
2009-06-11,11740.0,11960.0,11640.0,11700.0,45518350
2009-06-12,11780.0,11820.0,11660.0,11680.0,17554250
2009-06-15,11680.0,11720.0,11420.0,11580.0,20025650
2009-06-16,11400.0,11480.0,11300.0,11300.0,19584700
2009-06-17,11340.0,11580.0,11260.0,11500.0,17547950
2009-06-18,11500.0,11580.0,11260.0,11300.0,21151050
2009-06-19,11380.0,11420.0,11220.0,11240.0,19741650
2009-06-22,11240.0,11640.0,11200.0,11500.0,24495850
2009-06-23,11420.0,11600.0,11340.0,11500.0,28982750
2009-06-24,11540.0,11660.0,11480.0,11600.0,22931200
2009-06-25,11620.0,11940.0,11560.0,11760.0,31776550
2009-06-26,11920.0,12020.0,11800.0,11920.0,27645950
2009-06-29,11980.0,12160.0,11900.0,11960.0,13490700
2009-06-30,12000.0,12180.0,11840.0,11840.0,20185300
2009-07-01,11880.0,12120.0,11800.0,12060.0,14641400
2009-07-02,12200.0,12200.0,12000.0,12040.0,12677100
2009-07-03,11900.0,12040.0,11880.0,12020.0,11348350
2009-07-06,12200.0,12820.0,12180.0,12680.0,46675200
2009-07-07,12980.0,13120.0,12860.0,13000.0,30934250
2009-07-08,12940.0,13100.0,12760.0,13100.0,26589600
2009-07-09,13100.0,13240.0,13000.0,13000.0,28213000
2009-07-10,13020.0,13120.0,12780.0,12900.0,14290050
2009-07-13,12900.0,12900.0,12400.0,12400.0,20495950
2009-07-14,12640.0,12840.0,12480.0,12680.0,21014800
2009-07-15,13080.0,13400.0,13020.0,13320.0,38068700
2009-07-16,13560.0,13580.0,13360.0,13480.0,22349050
2009-07-17,13480.0,13660.0,13280.0,13400.0,17033150
2009-07-20,13600.0,13940.0,13480.0,13800.0,24285750
2009-07-21,13900.0,13900.0,13720.0,13840.0,19997150
2009-07-22,13800.0,13820.0,13560.0,13760.0,16247900
2009-07-23,13740.0,13820.0,13500.0,13560.0,23171400
2009-07-24,13560.0,13780.0,13500.0,13660.0,29495650
2009-07-27,13700.0,14000.0,13660.0,13980.0,31756300
2009-07-28,13900.0,14040.0,13780.0,14000.0,19430800
2009-07-29,14000.0,14100.0,13900.0,13940.0,16666750
2009-07-30,13980.0,14280.0,13880.0,14280.0,18120700
2009-07-31,14460.0,14580.0,14320.0,14480.0,30379200
2009-08-03,14640.0,14640.0,14260.0,14300.0,24572000
2009-08-04,14400.0,14720.0,14320.0,14500.0,26531750
2009-08-05,14520.0,14700.0,14380.0,14660.0,21336400
2009-08-06,14460.0,14600.0,14280.0,14300.0,20482100
2009-08-07,14160.0,14340.0,14100.0,14320.0,18601650
2009-08-10,14420.0,14420.0,14060.0,14200.0,17483500
2009-08-11,14220.0,14240.0,14060.0,14100.0,16843750
2009-08-12,14000.0,14040.0,13820.0,13860.0,23187150
2009-08-13,14000.0,14360.0,13900.0,14040.0,31342850
2009-08-14,14200.0,14620.0,14200.0,14620.0,31875550
2009-08-17,14480.0,14620.0,14220.0,14260.0,22640300
2009-08-18,14120.0,14720.0,14120.0,14600.0,25444550
2009-08-19,14600.0,15000.0,14480.0,14760.0,27582000
2009-08-20,14900.0,14940.0,14540.0,14800.0,21000450
2009-08-21,14860.0,15140.0,14840.0,15140.0,27583400
2009-08-24,15400.0,15700.0,15400.0,15660.0,30714750
2009-08-25,15500.0,15680.0,15480.0,15500.0,19044250
2009-08-26,15500.0,15620.0,15380.0,15540.0,14562850
2009-08-27,15300.0,15480.0,15140.0,15340.0,16354350
2009-08-28,15460.0,15680.0,15280.0,15280.0,19551050
2009-08-31,15300.0,15500.0,15200.0,15420.0,21531600
2009-09-01,15600.0,16000.0,15340.0,15980.0,25367300
2009-09-02,15700.0,15820.0,15600.0,15680.0,27898950
2009-09-03,15660.0,15700.0,15480.0,15500.0,16052050
2009-09-04,15620.0,15660.0,15220.0,15340.0,22808450
2009-09-07,15420.0,15600.0,15220.0,15460.0,16972400
2009-09-08,15460.0,15620.0,15400.0,15620.0,13640500
2009-09-09,15640.0,15760.0,15500.0,15620.0,15959400
2009-09-10,15520.0,15840.0,15520.0,15820.0,34739400
2009-09-11,15880.0,15880.0,15680.0,15860.0,15467150
2009-09-14,15920.0,15920.0,15200.0,15280.0,27969450
2009-09-15,15200.0,15460.0,15200.0,15380.0,26013000
2009-09-16,15400.0,16000.0,15320.0,15900.0,35553800
2009-09-17,16120.0,16200.0,15920.0,16200.0,24735000
2009-09-18,16200.0,16400.0,16080.0,16120.0,44801250
2009-09-21,16040.0,16200.0,15880.0,15960.0,16830750
2009-09-22,16000.0,16580.0,15960.0,16500.0,25779150
2009-09-23,16500.0,16520.0,16240.0,16400.0,16566700
2009-09-24,16380.0,16400.0,15960.0,16060.0,24304750
2009-09-25,15860.0,15920.0,15660.0,15900.0,20494450
2009-09-28,15820.0,15940.0,15600.0,15920.0,13905100
2009-09-29,15840.0,16300.0,15840.0,16240.0,20419700
2009-09-30,16140.0,16500.0,16120.0,16300.0,23985850
2009-10-01,16220.0,16300.0,15680.0,15840.0,26930050
2009-10-05,15560.0,15600.0,14920.0,14940.0,47146300
2009-10-06,15100.0,15220.0,14900.0,14900.0,38409800
2009-10-07,15040.0,15120.0,14420.0,14440.0,38221850
2009-10-08,14560.0,14560.0,14120.0,14400.0,52971900
2009-10-09,14580.0,15100.0,14520.0,15100.0,31334400
2009-10-12,15200.0,15260.0,14820.0,14980.0,21586100
2009-10-13,15000.0,15300.0,14840.0,15140.0,18348000
2009-10-14,15380.0,15460.0,15280.0,15380.0,20841250
2009-10-15,15660.0,15660.0,15260.0,15500.0,17809550
2009-10-16,15000.0,15560.0,14900.0,14920.0,23712800
2009-10-19,14760.0,15100.0,14460.0,15020.0,21675850
2009-10-20,15160.0,15220.0,14920.0,15040.0,14165400
2009-10-21,15000.0,15040.0,14640.0,14700.0,25319950
2009-10-22,14640.0,14760.0,14460.0,14520.0,21589750
2009-10-23,14600.0,14980.0,14580.0,14900.0,21616400
2009-10-26,14820.0,15180.0,14780.0,15060.0,15657300
2009-10-27,14980.0,15040.0,14800.0,14840.0,16264450
2009-10-28,14880.0,14900.0,14400.0,14400.0,25568050
2009-10-29,14200.0,14440.0,14020.0,14360.0,32193450
2009-10-30,14660.0,14800.0,14440.0,14460.0,27823550
2009-11-02,14220.0,14540.0,14160.0,14360.0,23125050
2009-11-03,14380.0,14640.0,14300.0,14580.0,19636750
2009-11-04,14540.0,14720.0,14400.0,14660.0,17170650
2009-11-05,14620.0,14620.0,14220.0,14240.0,18633900
2009-11-06,14520.0,14540.0,14280.0,14440.0,15201050
2009-11-09,14540.0,14640.0,14440.0,14480.0,13426450
2009-11-10,14680.0,14720.0,14480.0,14540.0,19617400
2009-11-11,14640.0,14700.0,14320.0,14700.0,15973550
2009-11-12,14740.0,14860.0,14400.0,14400.0,24682750
2009-11-13,14480.0,14540.0,14180.0,14280.0,21560950
2009-11-16,14400.0,14660.0,14280.0,14660.0,20057700
2009-11-17,14760.0,14820.0,14520.0,14560.0,18009450
2009-11-18,14700.0,15000.0,14640.0,15000.0,29638400
2009-11-19,15000.0,15300.0,15000.0,15180.0,22743700
2009-11-20,15020.0,15220.0,14920.0,15100.0,17162700
2009-11-23,15220.0,15280.0,15020.0,15180.0,14378850
2009-11-24,15220.0,15260.0,14820.0,14840.0,17703700
2009-11-25,14840.0,14980.0,14800.0,14980.0,10610150
2009-11-26,14980.0,15140.0,14860.0,14860.0,11798250
2009-11-27,14600.0,14780.0,14240.0,14240.0,23077300
2009-11-30,14460.0,14640.0,14380.0,14400.0,18751200
2009-12-01,14400.0,14740.0,14360.0,14740.0,17255950
2009-12-02,14860.0,15000.0,14800.0,14940.0,16733700
2009-12-03,15040.0,15200.0,14940.0,15180.0,15982500
2009-12-04,15160.0,15340.0,15100.0,15240.0,18336750
2009-12-07,15400.0,15540.0,15260.0,15420.0,16446850
2009-12-08,15420.0,15520.0,15340.0,15440.0,10088500
2009-12-09,15240.0,15640.0,15220.0,15560.0,17773300
2009-12-10,15420.0,15760.0,15320.0,15760.0,44528150
2009-12-11,15800.0,15940.0,15660.0,15700.0,16265250
2009-12-14,15700.0,15800.0,15440.0,15580.0,15496050
2009-12-15,15600.0,15620.0,15440.0,15540.0,12269300
2009-12-16,15600.0,15720.0,15500.0,15600.0,19952700
2009-12-17,15620.0,15620.0,15300.0,15300.0,15858250
2009-12-18,15200.0,15580.0,15160.0,15460.0,20295050
2009-12-21,15460.0,15540.0,15340.0,15420.0,14575300
2009-12-22,15500.0,15620.0,15460.0,15620.0,12264950
2009-12-23,15760.0,15760.0,15560.0,15680.0,12490000
2009-12-24,15700.0,15880.0,15640.0,15800.0,20309600
2009-12-28,15800.0,15860.0,15580.0,15740.0,11758250
2009-12-29,15720.0,15740.0,15600.0,15720.0,6840100
2009-12-30,15760.0,15980.0,15740.0,15980.0,14736900
2010-01-04,16060.0,16180.0,16000.0,16180.0,11950800
2010-01-05,16520.0,16580.0,16300.0,16440.0,27925850
2010-01-06,16580.0,16820.0,16520.0,16820.0,22948850
2010-01-07,16820.0,16820.0,16260.0,16260.0,22107950
2010-01-08,16400.0,16420.0,16120.0,16420.0,14777550
2010-01-11,16420.0,16460.0,15940.0,15940.0,19896100
2010-01-12,15940.0,16180.0,15900.0,16180.0,19218050
2010-01-13,16100.0,16120.0,15940.0,15940.0,13375300
2010-01-14,16120.0,16620.0,16000.0,16540.0,26551550
2010-01-15,16640.0,16860.0,16580.0,16840.0,19905600
2010-01-18,16800.0,16920.0,16560.0,16860.0,13060400
2010-01-19,17000.0,17000.0,16440.0,16460.0,12041250
2010-01-20,16460.0,16740.0,16460.0,16680.0,19200850
2010-01-21,16400.0,17000.0,16400.0,17000.0,16990100
2010-01-22,16800.0,16900.0,16360.0,16500.0,23460500
2010-01-25,16320.0,16960.0,16300.0,16840.0,20578400
2010-01-26,16920.0,16920.0,16240.0,16300.0,18722300
2010-01-27,16300.0,16340.0,16000.0,16000.0,18516150
2010-01-28,16160.0,16300.0,16060.0,16160.0,13795800
2010-01-29,16000.0,16020.0,15600.0,15680.0,22854100
2010-02-01,15680.0,15700.0,15300.0,15540.0,25037200
2010-02-02,15800.0,15800.0,15400.0,15440.0,19677150
2010-02-03,15640.0,15700.0,15360.0,15540.0,16467700
2010-02-04,15500.0,15660.0,15440.0,15520.0,11971700
2010-02-05,15160.0,15220.0,14940.0,15000.0,25705750
2010-02-08,14940.0,15080.0,14820.0,14960.0,21891500
2010-02-09,14960.0,15220.0,14840.0,15220.0,16834200
2010-02-10,15260.0,15280.0,15040.0,15100.0,13174200
2010-02-11,15140.0,15300.0,15120.0,15260.0,13208300
2010-02-12,15340.0,15340.0,14900.0,15000.0,22879300
2010-02-16,15000.0,15180.0,14960.0,15120.0,7723550
2010-02-17,15440.0,15580.0,15280.0,15580.0,13997150
2010-02-18,15580.0,15620.0,15440.0,15500.0,7251900
2010-02-19,15380.0,15540.0,15180.0,15200.0,11094000
2010-02-22,15440.0,15560.0,15400.0,15460.0,11580550
2010-02-23,15480.0,15480.0,15120.0,15340.0,12568850
2010-02-24,15180.0,15220.0,15000.0,15040.0,15052500
2010-02-25,15080.0,15160.0,14680.0,14720.0,19273900
2010-02-26,14800.0,14960.0,14660.0,14880.0,15576350
2010-03-02,15220.0,15480.0,15120.0,15400.0,23494700
2010-03-03,15420.0,15460.0,15260.0,15420.0,9713550
2010-03-04,15420.0,15440.0,15120.0,15220.0,10205050
2010-03-05,15260.0,15500.0,15260.0,15500.0,11754700
2010-03-08,15800.0,15840.0,15700.0,15720.0,19563300
2010-03-09,15740.0,15740.0,15540.0,15720.0,12211750
2010-03-10,15720.0,15740.0,15560.0,15680.0,11367600
2010-03-11,15800.0,15880.0,15560.0,15560.0,19631000
2010-03-12,15560.0,15680.0,15420.0,15560.0,9997950
2010-03-15,15640.0,15660.0,15280.0,15360.0,11156550
2010-03-16,15360.0,15400.0,15160.0,15300.0,16548150
2010-03-17,15440.0,15960.0,15420.0,15960.0,21840650
2010-03-18,15900.0,16140.0,15900.0,15940.0,15393500
2010-03-19,16020.0,16140.0,15960.0,16080.0,10711200
2010-03-22,16060.0,16080.0,15840.0,16020.0,9191800
2010-03-23,16140.0,16300.0,16100.0,16180.0,9923300
2010-03-24,16300.0,16500.0,16260.0,16380.0,15926950
2010-03-25,16300.0,16440.0,16180.0,16380.0,9481650
2010-03-26,16460.0,16500.0,16240.0,16400.0,10481650
2010-03-29,16200.0,16500.0,16200.0,16360.0,7756350
2010-03-30,16540.0,16580.0,16240.0,16280.0,12042400
2010-03-31,16280.0,16680.0,16260.0,16360.0,21699800
2010-04-01,16520.0,16900.0,16480.0,16900.0,28068050
2010-04-02,16920.0,17200.0,16820.0,17140.0,20907050
2010-04-05,17220.0,17400.0,17140.0,17400.0,15201700
2010-04-06,17480.0,17500.0,17220.0,17380.0,16494250
2010-04-07,17300.0,17380.0,17040.0,17180.0,19418550
2010-04-08,17140.0,17260.0,17060.0,17260.0,13447700
2010-04-09,17280.0,17320.0,16960.0,17120.0,13757650
2010-04-12,17180.0,17200.0,16540.0,16600.0,24897000
2010-04-13,16680.0,16680.0,16300.0,16560.0,20446350
2010-04-14,16700.0,16940.0,16660.0,16900.0,15369350
2010-04-15,17240.0,17240.0,16880.0,17100.0,18248400
2010-04-16,17100.0,17160.0,16820.0,16960.0,11003100
2010-04-19,16740.0,16800.0,16520.0,16540.0,12357100
2010-04-20,16540.0,16640.0,16420.0,16560.0,13571500
2010-04-21,16760.0,17060.0,16700.0,17040.0,13200200
2010-04-22,16980.0,16980.0,16660.0,16820.0,17161750
2010-04-23,16960.0,16960.0,16560.0,16600.0,15442000
2010-04-26,16700.0,16840.0,16600.0,16680.0,13009350
2010-04-27,16620.0,16760.0,16540.0,16700.0,13040500
2010-04-28,16400.0,16500.0,16360.0,16500.0,16007500
2010-04-29,16600.0,16620.0,16320.0,16500.0,11337150
2010-04-30,16560.0,17040.0,16540.0,16980.0,22710850
2010-05-03,16900.0,16900.0,16540.0,16580.0,14553900
2010-05-04,16800.0,16860.0,16600.0,16680.0,9138450
2010-05-06,16340.0,16380.0,16200.0,16280.0,22570150
2010-05-07,15960.0,15980.0,15760.0,15880.0,37887000
2010-05-10,16000.0,16100.0,15940.0,16060.0,16435550
2010-05-11,16240.0,16240.0,15820.0,15820.0,22498000
2010-05-12,15940.0,15960.0,15640.0,15780.0,15759500
2010-05-13,15960.0,16400.0,15940.0,16260.0,15900650
2010-05-14,16120.0,16240.0,15980.0,16200.0,14674300
2010-05-17,15960.0,15980.0,15560.0,15680.0,26460950
2010-05-18,15800.0,15900.0,15680.0,15840.0,18143800
2010-05-19,15700.0,15700.0,15380.0,15460.0,17987050
2010-05-20,15300.0,15440.0,15100.0,15120.0,19772500
2010-05-24,14940.0,15280.0,14880.0,15160.0,17704300
2010-05-25,15000.0,15120.0,14720.0,14820.0,25489550
2010-05-26,15200.0,15380.0,14900.0,15000.0,22943950
2010-05-27,14880.0,15500.0,14820.0,15440.0,22173500
2010-05-28,15740.0,15740.0,15340.0,15560.0,22448950
2010-05-31,15440.0,15620.0,15360.0,15520.0,12774650
2010-06-01,15520.0,15580.0,15300.0,15360.0,11382350
2010-06-03,15600.0,15680.0,15480.0,15540.0,14649400
2010-06-04,15500.0,15940.0,15480.0,15860.0,12598850
2010-06-07,15580.0,15740.0,15540.0,15740.0,15161550
2010-06-08,15700.0,15960.0,15520.0,15700.0,14499800
2010-06-09,15840.0,15840.0,15320.0,15400.0,17914950
2010-06-10,15540.0,15600.0,15420.0,15460.0,17769350
2010-06-11,15700.0,15940.0,15660.0,15940.0,18283050
2010-06-14,15820.0,16180.0,15820.0,16140.0,12094650
2010-06-15,16200.0,16200.0,15960.0,15960.0,9528550
2010-06-16,16300.0,16440.0,16180.0,16380.0,18823500
2010-06-17,16240.0,16340.0,16200.0,16340.0,11648800
2010-06-18,16500.0,16500.0,16240.0,16440.0,9579500
2010-06-21,16600.0,16780.0,16500.0,16600.0,14230700
2010-06-22,16540.0,16540.0,16260.0,16320.0,14794100
2010-06-23,16220.0,16220.0,16000.0,16100.0,17489950
2010-06-24,16160.0,16460.0,16100.0,16400.0,14152200
2010-06-25,16180.0,16200.0,16040.0,16100.0,16982600
2010-06-28,16100.0,16160.0,15920.0,15920.0,13026700
2010-06-29,16020.0,16080.0,15740.0,15840.0,12560000
2010-06-30,15400.0,15600.0,15400.0,15480.0,26708450
2010-07-01,15580.0,15600.0,15200.0,15320.0,22206400
2010-07-02,15400.0,15480.0,15260.0,15340.0,11641100
2010-07-05,15260.0,15400.0,15220.0,15340.0,9995600
2010-07-06,15240.0,15500.0,15100.0,15500.0,17879550
2010-07-07,15600.0,15620.0,15300.0,15380.0,16180150
2010-07-08,15660.0,15680.0,15400.0,15500.0,14752850
2010-07-09,15580.0,15920.0,15460.0,15920.0,18605950
2010-07-12,15980.0,16040.0,15840.0,16040.0,12597450
2010-07-13,15960.0,16160.0,15880.0,15920.0,15339650
2010-07-14,16260.0,16560.0,16260.0,16480.0,33184600
2010-07-15,16500.0,16500.0,16360.0,16400.0,16063950
2010-07-16,16320.0,16400.0,16040.0,16040.0,16933400
2010-07-19,15720.0,15980.0,15720.0,15900.0,14586800
2010-07-20,15900.0,16040.0,15720.0,15960.0,11578400
2010-07-21,16340.0,16360.0,16120.0,16340.0,16558800
2010-07-22,16240.0,16340.0,16020.0,16160.0,15439550
2010-07-23,16300.0,16340.0,16140.0,16220.0,14112800
2010-07-26,16260.0,16400.0,16180.0,16360.0,10617450
2010-07-27,16480.0,16600.0,16420.0,16580.0,19088350
2010-07-28,16640.0,16800.0,16620.0,16740.0,23248200
2010-07-29,16780.0,16800.0,16480.0,16540.0,14865300
2010-07-30,16440.0,16540.0,16200.0,16200.0,16399000
2010-08-02,16340.0,16360.0,16200.0,16200.0,12455050
2010-08-03,16400.0,16440.0,16300.0,16300.0,13105950
2010-08-04,16340.0,16360.0,16120.0,16120.0,10616650
2010-08-05,16220.0,16360.0,16060.0,16080.0,14028550
2010-08-06,16200.0,16200.0,15980.0,16020.0,12296750
2010-08-09,15980.0,16040.0,15960.0,16040.0,9138150
2010-08-10,16000.0,16080.0,15820.0,15860.0,14060850
2010-08-11,15680.0,15780.0,15540.0,15580.0,17957900
2010-08-12,15360.0,15540.0,15300.0,15320.0,21360650
2010-08-13,15400.0,15640.0,15340.0,15620.0,14274900
2010-08-16,15460.0,15660.0,15340.0,15640.0,10280000
2010-08-17,15540.0,15660.0,15420.0,15640.0,14476450
2010-08-18,15680.0,15700.0,15480.0,15560.0,11715900
2010-08-19,15580.0,15780.0,15540.0,15780.0,12179900
2010-08-20,15600.0,15720.0,15540.0,15680.0,12330600
2010-08-23,15720.0,15820.0,15640.0,15800.0,9081550
2010-08-24,15700.0,15720.0,15500.0,15660.0,11365400
2010-08-25,15520.0,15560.0,15440.0,15440.0,9263250
2010-08-26,15440.0,15660.0,15400.0,15460.0,10440100
2010-08-27,15300.0,15440.0,15300.0,15320.0,12748200
2010-08-30,15500.0,15560.0,15440.0,15520.0,6984450
2010-08-31,15320.0,15440.0,15120.0,15120.0,22051950
2010-09-01,15240.0,15260.0,15000.0,15040.0,19451700
2010-09-02,15200.0,15240.0,14980.0,15180.0,18271500
2010-09-03,15220.0,15280.0,15120.0,15220.0,22082500
2010-09-06,15440.0,15600.0,15360.0,15600.0,19708650
2010-09-07,15660.0,15800.0,15500.0,15760.0,16036000
2010-09-08,15520.0,15620.0,15420.0,15420.0,10954600
2010-09-09,15340.0,15480.0,15120.0,15120.0,30825400
2010-09-10,15200.0,15440.0,15140.0,15320.0,13989000
2010-09-13,15400.0,15520.0,15320.0,15400.0,11741050
2010-09-14,15500.0,15620.0,15200.0,15200.0,18559950
2010-09-15,15260.0,15340.0,15020.0,15140.0,19441850
2010-09-16,15080.0,15260.0,15080.0,15140.0,11734100
2010-09-17,15240.0,15560.0,15160.0,15460.0,22369300
2010-09-20,15480.0,15600.0,15400.0,15600.0,14807550
2010-09-24,15580.0,15600.0,15160.0,15240.0,32766800
2010-09-27,15300.0,15360.0,15040.0,15100.0,25107150
2010-09-28,15100.0,15120.0,14900.0,14900.0,23315700
2010-09-29,15060.0,15500.0,15000.0,15440.0,35348050
2010-09-30,15440.0,15580.0,15340.0,15540.0,16855500
2010-10-01,15440.0,15560.0,15380.0,15540.0,14805750
2010-10-04,15600.0,15620.0,15480.0,15600.0,12835350
2010-10-05,15440.0,15580.0,15420.0,15460.0,14300150
2010-10-06,15560.0,15880.0,15520.0,15860.0,23555150
2010-10-07,15580.0,15660.0,15380.0,15400.0,25542150
2010-10-08,15260.0,15320.0,15060.0,15160.0,27125750
2010-10-11,15240.0,15260.0,15060.0,15060.0,18784450
2010-10-12,15040.0,15120.0,14920.0,14920.0,18391350
2010-10-13,15040.0,15040.0,14860.0,14880.0,20414700
2010-10-14,15060.0,15060.0,14840.0,15000.0,26710000
2010-10-15,15000.0,15120.0,14900.0,15080.0,24686150
2010-10-18,15140.0,15240.0,14960.0,15020.0,13804400
2010-10-19,15000.0,15020.0,14820.0,14820.0,19450000
2010-10-20,14800.0,14980.0,14700.0,14900.0,18474100
2010-10-21,14900.0,15300.0,14820.0,15300.0,28370400
2010-10-22,15460.0,15540.0,15340.0,15540.0,20425550
2010-10-25,15460.0,15580.0,15340.0,15420.0,12353450
2010-10-26,15360.0,15420.0,15160.0,15260.0,15629050
2010-10-27,15160.0,15300.0,15020.0,15060.0,16732750
2010-10-28,15200.0,15300.0,15060.0,15280.0,14631600
2010-10-29,15280.0,15300.0,14900.0,14900.0,23060950
2010-11-01,15060.0,15060.0,14860.0,14940.0,14837800
2010-11-02,14940.0,14960.0,14740.0,14800.0,16536700
2010-11-03,14800.0,14980.0,14780.0,14800.0,17874950
2010-11-04,14940.0,15280.0,14900.0,15260.0,27312500
2010-11-05,15600.0,15800.0,15500.0,15520.0,35165050
2010-11-08,15700.0,15760.0,15520.0,15560.0,13961400
2010-11-09,15680.0,15680.0,15340.0,15480.0,12801650
2010-11-10,15600.0,15800.0,15500.0,15800.0,21088000
2010-11-11,15860.0,15980.0,15340.0,15340.0,44525300
2010-11-12,15680.0,15800.0,15460.0,15560.0,28325650
2010-11-15,15720.0,16300.0,15700.0,16160.0,35892450
2010-11-16,16280.0,16400.0,16000.0,16220.0,29475050
2010-11-17,16020.0,16080.0,15900.0,15900.0,17123100
2010-11-18,15940.0,16100.0,15860.0,15980.0,13296000
2010-11-19,16160.0,16380.0,16000.0,16360.0,19355150
2010-11-22,16400.0,16960.0,16360.0,16960.0,36057400
2010-11-23,17000.0,17020.0,16680.0,16800.0,18280200
2010-11-24,16520.0,17040.0,16500.0,17020.0,31792000
2010-11-25,17060.0,17060.0,16760.0,16900.0,18359500
2010-11-26,16960.0,16980.0,16640.0,16740.0,15679300
2010-11-29,16700.0,16920.0,16620.0,16720.0,15401050
2010-11-30,16640.0,16920.0,16520.0,16520.0,21205500
2010-12-01,16480.0,16560.0,16280.0,16400.0,18777150
2010-12-02,16560.0,17180.0,16500.0,17180.0,30608400
2010-12-03,17400.0,17940.0,17340.0,17880.0,39373850
2010-12-06,17800.0,17980.0,17700.0,17800.0,16837550
2010-12-07,17740.0,18420.0,17700.0,18020.0,24906050
2010-12-08,18060.0,18200.0,17740.0,17760.0,16803250
2010-12-09,17700.0,18360.0,17680.0,18340.0,29422050
2010-12-10,18300.0,18380.0,18140.0,18380.0,12757050
2010-12-13,18380.0,18640.0,18320.0,18600.0,15359300
2010-12-14,18740.0,18740.0,18420.0,18580.0,22126100
2010-12-15,18500.0,18500.0,18200.0,18320.0,16449400
2010-12-16,18160.0,18380.0,18160.0,18220.0,11684200
2010-12-17,18280.0,18580.0,18240.0,18520.0,17297200
2010-12-20,18340.0,18640.0,18280.0,18640.0,16911750
2010-12-21,18620.0,18800.0,18500.0,18720.0,12599300
2010-12-22,18780.0,19060.0,18720.0,18780.0,16626800
2010-12-23,18720.0,18760.0,18500.0,18720.0,10985500
2010-12-24,18780.0,18780.0,18500.0,18500.0,8471650
2010-12-27,18500.0,18600.0,18300.0,18440.0,10524200
2010-12-28,18560.0,19000.0,18520.0,18760.0,15650700
2010-12-29,18700.0,19020.0,18640.0,18900.0,11918900
2010-12-30,18840.0,19040.0,18840.0,18980.0,9181500
2011-01-03,19100.0,19320.0,19000.0,19160.0,13241050
2011-01-04,19120.0,19220.0,18980.0,19160.0,13713100
2011-01-05,19100.0,19100.0,18840.0,18840.0,16787500
2011-01-06,18840.0,18980.0,18460.0,18600.0,19360400
2011-01-07,18300.0,18580.0,18280.0,18420.0,23139800
2011-01-10,18360.0,18560.0,18180.0,18340.0,18326750
2011-01-11,18340.0,18440.0,18160.0,18260.0,19550800
2011-01-12,18280.0,18660.0,18280.0,18600.0,20555800
2011-01-13,18980.0,18980.0,18340.0,18440.0,28239850
2011-01-14,18560.0,18680.0,18300.0,18660.0,15382350
2011-01-17,18900.0,19020.0,18800.0,18980.0,20582100
2011-01-18,19000.0,19620.0,18980.0,19380.0,29631350
2011-01-19,19580.0,20000.0,19320.0,19940.0,33343200
2011-01-20,19740.0,19800.0,19580.0,19640.0,15244400
2011-01-21,19520.0,19680.0,19400.0,19420.0,16666400
2011-01-24,19360.0,19660.0,19320.0,19420.0,13609350
2011-01-25,19440.0,19800.0,19420.0,19500.0,13970550
2011-01-26,19700.0,19980.0,19600.0,19960.0,13352500
2011-01-27,19900.0,20040.0,19820.0,19880.0,15367000
2011-01-28,19960.0,20280.0,19800.0,20200.0,19118950
2011-01-31,20180.0,20200.0,19620.0,19620.0,21411900
2011-02-01,19640.0,19900.0,19580.0,19660.0,13468450
2011-02-07,20040.0,20080.0,19440.0,19440.0,24252200
2011-02-08,19400.0,19480.0,19180.0,19220.0,30483500
2011-02-09,19460.0,19460.0,19020.0,19200.0,20984650
2011-02-10,19200.0,19300.0,18700.0,18720.0,30669300
2011-02-11,18700.0,18860.0,18260.0,18300.0,26489900
2011-02-14,18560.0,19100.0,18500.0,19060.0,19565800
2011-02-15,19260.0,19400.0,18940.0,19160.0,18105800
2011-02-16,19040.0,19400.0,18900.0,18900.0,15182650
2011-02-17,19060.0,19260.0,18860.0,19080.0,14348550
2011-02-18,19300.0,19320.0,19140.0,19200.0,10253850
2011-02-21,19280.0,19300.0,18840.0,18960.0,13750850
2011-02-22,18780.0,18960.0,18680.0,18760.0,12181550
2011-02-23,18500.0,18820.0,18500.0,18600.0,17193000
2011-02-24,18520.0,18680.0,18400.0,18580.0,18110900
2011-02-25,18560.0,18660.0,18460.0,18520.0,15181200
2011-02-28,18400.0,18680.0,18400.0,18460.0,16274800
2011-03-02,18280.0,18460.0,18240.0,18360.0,16134300
2011-03-03,18380.0,18540.0,18320.0,18460.0,18074200
2011-03-04,18680.0,18900.0,18540.0,18900.0,18569150
2011-03-07,18860.0,18860.0,18120.0,18120.0,31883600
2011-03-08,18220.0,18240.0,17880.0,17980.0,24905400
2011-03-09,18120.0,18160.0,17640.0,17800.0,26296300
2011-03-10,17580.0,17680.0,17320.0,17320.0,41630200
2011-03-11,17220.0,17520.0,17200.0,17240.0,26884000
2011-03-14,17600.0,18020.0,17060.0,18000.0,33325000
2011-03-15,18020.0,18040.0,17120.0,17200.0,36313200
2011-03-16,17700.0,17900.0,17440.0,17720.0,39939050
2011-03-17,17560.0,17800.0,17360.0,17800.0,22505200
2011-03-18,17840.0,17900.0,17660.0,17820.0,19166050
2011-03-21,17820.0,17980.0,17680.0,17800.0,14473500
2011-03-22,17840.0,17940.0,17400.0,17500.0,21810300
2011-03-23,17600.0,17600.0,17180.0,17460.0,25229000
2011-03-24,17600.0,17760.0,17480.0,17600.0,15392550
2011-03-25,17840.0,18200.0,17800.0,18200.0,31078100
2011-03-28,18300.0,18440.0,18180.0,18320.0,15890200
2011-03-29,18140.0,18320.0,18000.0,18320.0,17204100
2011-03-30,18320.0,18580.0,18320.0,18520.0,20685150
2011-03-31,18720.0,18720.0,18420.0,18640.0,26376550
2011-04-01,18720.0,18800.0,18540.0,18800.0,22471700
2011-04-04,18800.0,18900.0,18780.0,18900.0,16716750
2011-04-05,18960.0,18960.0,18700.0,18900.0,11922000
2011-04-06,18800.0,18840.0,18300.0,18460.0,27471850
2011-04-07,18500.0,18700.0,18100.0,18180.0,21781250
2011-04-08,18220.0,18280.0,17900.0,17960.0,25983450
2011-04-11,17960.0,18140.0,17760.0,17880.0,20582800
2011-04-12,17720.0,17800.0,17640.0,17640.0,15766950
2011-04-13,17740.0,18020.0,17600.0,18020.0,16627750
2011-04-14,18000.0,18000.0,17680.0,18000.0,25265700
2011-04-15,17960.0,17980.0,17640.0,17760.0,22274750
2011-04-18,17820.0,17840.0,17320.0,17340.0,27418700
2011-04-19,17060.0,17500.0,17060.0,17500.0,23078650
2011-04-20,17780.0,18320.0,17720.0,18320.0,32044250
2011-04-21,18600.0,18740.0,18360.0,18560.0,27071850
2011-04-22,18480.0,18540.0,18040.0,18080.0,18825450
2011-04-25,18020.0,18220.0,17780.0,17780.0,14338950
2011-04-26,17980.0,17980.0,17600.0,17940.0,19174650
2011-04-27,18340.0,18540.0,18220.0,18480.0,26379400
2011-04-28,18480.0,18540.0,17980.0,18000.0,20803400
2011-04-29,18020.0,18160.0,17600.0,17860.0,21415000
2011-05-02,18200.0,18740.0,18080.0,18640.0,32544850
2011-05-03,18720.0,18800.0,18440.0,18760.0,25366500
2011-05-04,18600.0,18680.0,18000.0,18300.0,25769850
2011-05-06,17980.0,18280.0,17900.0,17980.0,23637450
2011-05-09,18160.0,18220.0,17820.0,17820.0,13543350
2011-05-11,17780.0,17900.0,17640.0,17840.0,22363750
2011-05-12,17720.0,18020.0,17660.0,17700.0,27616100
2011-05-13,17920.0,18480.0,17800.0,18320.0,33438000
2011-05-16,18340.0,18380.0,17960.0,18020.0,16123700
2011-05-17,17940.0,17960.0,17780.0,17800.0,11549950
2011-05-18,17860.0,17980.0,17720.0,17860.0,16579300
2011-05-19,17820.0,17960.0,17600.0,17600.0,19345200
2011-05-20,17700.0,17740.0,17600.0,17640.0,11069950
2011-05-23,17540.0,17700.0,17440.0,17460.0,14056000
2011-05-24,17440.0,17680.0,17300.0,17300.0,14488500
2011-05-25,17580.0,17580.0,17060.0,17120.0,16018050
2011-05-26,17360.0,17600.0,17300.0,17580.0,13968500
2011-05-27,17480.0,17980.0,17340.0,17820.0,21477600
2011-05-30,17900.0,17900.0,17520.0,17680.0,10293600
2011-05-31,17800.0,18280.0,17720.0,18040.0,23887550
2011-06-01,18040.0,18240.0,17900.0,18220.0,15678500
2011-06-02,17880.0,17940.0,17600.0,17660.0,16582950
2011-06-03,17800.0,17800.0,17540.0,17700.0,10067100
2011-06-07,17520.0,17780.0,17380.0,17740.0,15110100
2011-06-08,17700.0,17800.0,17500.0,17540.0,12938850
2011-06-09,17540.0,17580.0,17300.0,17300.0,21511200
2011-06-10,17400.0,17480.0,17020.0,17020.0,19586600
2011-06-13,16880.0,17060.0,16760.0,17060.0,15062450
2011-06-14,17020.0,17460.0,16960.0,17260.0,10642700
2011-06-15,17320.0,17380.0,17020.0,17300.0,13283100
2011-06-16,17060.0,17160.0,16880.0,16960.0,11940550
2011-06-17,17020.0,17040.0,16060.0,16380.0,36058100
2011-06-20,16260.0,16280.0,15900.0,16000.0,23580500
2011-06-21,16000.0,16400.0,15960.0,16280.0,18844400
2011-06-22,16480.0,16660.0,16440.0,16520.0,16530400
2011-06-23,16500.0,16780.0,16400.0,16620.0,13858400
2011-06-24,16420.0,17080.0,16420.0,17040.0,23453150
2011-06-27,16940.0,16940.0,16560.0,16700.0,15207250
2011-06-28,16800.0,17060.0,16620.0,16640.0,11950100
2011-06-29,16960.0,16980.0,16640.0,16660.0,10348200
2011-06-30,16660.0,16700.0,16420.0,16520.0,16408950
2011-07-01,16860.0,17200.0,16760.0,17100.0,22133050
2011-07-04,17400.0,17660.0,17380.0,17560.0,21439450
2011-07-05,17600.0,17980.0,17560.0,17980.0,21107200
2011-07-06,17860.0,17960.0,17740.0,17960.0,11215100
2011-07-07,17960.0,17960.0,17580.0,17600.0,17861200
2011-07-08,17600.0,17760.0,17460.0,17700.0,12070450
2011-07-11,17600.0,17600.0,17240.0,17300.0,15974500
2011-07-12,17200.0,17220.0,16920.0,17000.0,12397200
2011-07-13,16960.0,17100.0,16720.0,16860.0,16430600
2011-07-14,16700.0,16700.0,16460.0,16620.0,20363350
2011-07-15,16600.0,16800.0,16420.0,16640.0,13621800
2011-07-18,16560.0,16600.0,16220.0,16260.0,18189050
2011-07-19,16120.0,16540.0,16120.0,16440.0,14537100
2011-07-20,16800.0,17080.0,16780.0,17020.0,21079150
2011-07-21,16920.0,17020.0,16640.0,16840.0,10343550
2011-07-22,17000.0,17120.0,16840.0,17000.0,12179600
2011-07-25,17000.0,17000.0,16680.0,16940.0,9496800
2011-07-26,16860.0,17020.0,16800.0,17000.0,11259900
2011-07-27,16960.0,16960.0,16720.0,16900.0,10079450
2011-07-28,16560.0,16800.0,16520.0,16740.0,13623150
2011-07-29,16920.0,17040.0,16740.0,16880.0,15089150
2011-08-01,17100.0,17500.0,17100.0,17400.0,19432400
2011-08-02,17060.0,17180.0,17000.0,17040.0,13486550
2011-08-03,16800.0,16880.0,16480.0,16660.0,20417200
2011-08-04,16780.0,16780.0,16300.0,16420.0,17307750
2011-08-05,15840.0,16100.0,15780.0,15780.0,30392500
2011-08-08,15400.0,15780.0,15200.0,15200.0,30296350
2011-08-09,15000.0,15060.0,13920.0,14480.0,49299200
2011-08-10,15200.0,15200.0,14400.0,14400.0,49244500
2011-08-11,13760.0,14500.0,13760.0,14160.0,39580150
2011-08-12,14420.0,14440.0,14000.0,14140.0,33844600
2011-08-16,14700.0,15000.0,14520.0,15000.0,30042550
2011-08-17,15020.0,15200.0,14820.0,15040.0,14649850
2011-08-18,14960.0,14980.0,14060.0,14180.0,35336000
2011-08-19,13760.0,13940.0,13440.0,13600.0,28970600
2011-08-22,13680.0,14040.0,13660.0,13820.0,20900650
2011-08-23,14000.0,14700.0,13980.0,14460.0,24617300
2011-08-24,14480.0,14700.0,14000.0,14160.0,18508650
2011-08-25,14740.0,14760.0,14420.0,14500.0,19039800
2011-08-26,14340.0,14680.0,14340.0,14520.0,10612300
2011-08-29,14840.0,14840.0,14480.0,14660.0,13001850
2011-08-30,14820.0,14960.0,14720.0,14840.0,12629600
2011-08-31,14940.0,14940.0,14620.0,14880.0,14495500
2011-09-01,15180.0,15760.0,14880.0,15420.0,35833750
2011-09-02,15300.0,15620.0,15260.0,15380.0,12915400
2011-09-05,15100.0,15120.0,14600.0,14620.0,13853900
2011-09-06,14520.0,14720.0,14200.0,14540.0,13213350
2011-09-07,14660.0,15560.0,14660.0,15460.0,17512500
2011-09-08,15600.0,16040.0,15560.0,15960.0,28730500
2011-09-09,15700.0,16240.0,15540.0,15600.0,18082650
2011-09-14,15600.0,15620.0,14820.0,15060.0,27540950
2011-09-15,15680.0,15680.0,15300.0,15420.0,21318350
2011-09-16,15880.0,16220.0,15840.0,15960.0,23811100
2011-09-19,16000.0,16280.0,15760.0,16160.0,12327650
2011-09-20,16220.0,16360.0,15920.0,16220.0,13997500
2011-09-21,16380.0,16560.0,16020.0,16260.0,17063100
2011-09-22,15920.0,16000.0,15560.0,15800.0,15331100
2011-09-23,15280.0,15600.0,15020.0,15160.0,21822900
2011-09-26,15200.0,15740.0,15180.0,15500.0,24018800
2011-09-27,16100.0,16100.0,15820.0,16080.0,16526300
2011-09-28,16480.0,16500.0,15820.0,16140.0,24316950
2011-09-29,16080.0,16960.0,16080.0,16740.0,27675450
2011-09-30,16600.0,16800.0,16220.0,16800.0,25780600
2011-10-04,16100.0,16640.0,15920.0,16560.0,32895000
2011-10-05,16480.0,17000.0,16340.0,16840.0,32102800
2011-10-06,17480.0,17580.0,16840.0,17100.0,29969000
2011-10-07,17300.0,17620.0,17000.0,17200.0,26509200
2011-10-10,17560.0,17700.0,17440.0,17480.0,17246250
2011-10-11,17700.0,17700.0,17380.0,17620.0,22915500
2011-10-12,17440.0,17980.0,17400.0,17960.0,21528500
2011-10-13,17960.0,17980.0,17620.0,17800.0,16266150
2011-10-14,17420.0,17880.0,17420.0,17720.0,10850500
2011-10-17,17800.0,17900.0,17620.0,17800.0,10675550
2011-10-18,17500.0,17860.0,17420.0,17660.0,13844300
2011-10-19,17700.0,17720.0,17400.0,17720.0,10704100
2011-10-20,17720.0,18400.0,17660.0,18140.0,28436600
2011-10-21,18400.0,18500.0,18140.0,18340.0,23307000
2011-10-24,18260.0,18860.0,18220.0,18820.0,18769250
2011-10-25,18720.0,19020.0,18700.0,18900.0,18208000
2011-10-26,18660.0,18920.0,18540.0,18680.0,12504750
2011-10-27,18580.0,18780.0,18380.0,18480.0,17443050
2011-10-28,18560.0,18920.0,18540.0,18900.0,26884350
2011-10-31,18820.0,19400.0,18660.0,19360.0,23792400
2011-11-01,19360.0,19980.0,19240.0,19800.0,30983650
2011-11-02,19400.0,19560.0,19320.0,19420.0,28454600
2011-11-03,19240.0,19420.0,19160.0,19340.0,16408700
2011-11-04,19660.0,20100.0,19640.0,20100.0,26704800
2011-11-07,19920.0,20000.0,19720.0,19860.0,14018050
2011-11-08,19720.0,19800.0,19300.0,19400.0,17069900
2011-11-09,19400.0,19760.0,19320.0,19700.0,19304250
2011-11-10,19340.0,19460.0,18700.0,18700.0,31006050
2011-11-11,18900.0,19680.0,18600.0,19660.0,24246750
2011-11-14,19760.0,20040.0,19740.0,19920.0,14136050
2011-11-15,19720.0,20000.0,19600.0,19920.0,11737100
2011-11-16,19900.0,20060.0,19460.0,19500.0,16934350
2011-11-17,19640.0,19840.0,19220.0,19600.0,12943350
2011-11-18,19420.0,19540.0,19240.0,19260.0,16310300
2011-11-21,19020.0,19200.0,18840.0,19000.0,12791900
2011-11-22,19000.0,19420.0,18860.0,19260.0,12040600
2011-11-23,18960.0,19200.0,18700.0,18700.0,15335700
2011-11-24,18440.0,19060.0,18420.0,18860.0,13680750
2011-11-25,18580.0,19060.0,18580.0,18940.0,11689400
2011-11-28,19180.0,19640.0,19160.0,19560.0,15724000
2011-11-29,19800.0,20100.0,19720.0,20100.0,27588450
2011-11-30,20000.0,20200.0,19920.0,20080.0,19579400
2011-12-01,20700.0,21600.0,20580.0,21480.0,34717150
2011-12-02,21220.0,21420.0,20800.0,21000.0,21917950
2011-12-05,21380.0,21460.0,21160.0,21320.0,14848100
2011-12-06,21140.0,21400.0,20820.0,20880.0,14528550
2011-12-07,21000.0,21360.0,20820.0,21120.0,19746900
2011-12-08,21140.0,21660.0,20920.0,21280.0,25893000
2011-12-09,20980.0,21480.0,20740.0,21060.0,13804200
2011-12-12,21260.0,21680.0,21200.0,21680.0,12163550
2011-12-13,21480.0,21500.0,21000.0,21000.0,13210000
2011-12-14,20680.0,20900.0,20500.0,20800.0,21064350
2011-12-15,20580.0,20720.0,20300.0,20300.0,16963000
2011-12-16,20420.0,20900.0,20400.0,20900.0,12263200
2011-12-19,20900.0,20900.0,19680.0,20140.0,20485300
2011-12-20,20160.0,20580.0,20140.0,20240.0,13750300
2011-12-21,20700.0,21140.0,20620.0,21140.0,20402950
2011-12-22,20900.0,21060.0,20820.0,21040.0,10634550
2011-12-23,21120.0,21480.0,21120.0,21360.0,12299050
2011-12-26,21340.0,21500.0,21320.0,21320.0,6216250
2011-12-27,21360.0,21600.0,21060.0,21460.0,11133650
2011-12-28,21460.0,21460.0,21200.0,21220.0,11023850
2011-12-29,21240.0,21540.0,21140.0,21160.0,10923900
2012-01-02,21400.0,21600.0,21300.0,21600.0,13151350
2012-01-03,21860.0,22100.0,21840.0,22100.0,16927750
2012-01-04,22100.0,22200.0,21500.0,21600.0,17103700
2012-01-05,21460.0,21580.0,21100.0,21100.0,17298400
2012-01-06,21120.0,21320.0,20600.0,20800.0,18816250
2012-01-09,20800.0,20820.0,20300.0,20320.0,19283000
2012-01-10,20420.0,20720.0,20420.0,20520.0,20414800
2012-01-11,20340.0,20480.0,20280.0,20420.0,19110150
2012-01-12,20320.0,20580.0,20220.0,20560.0,18511000
2012-01-13,20560.0,21000.0,20520.0,20920.0,14630750
2012-01-16,20800.0,20800.0,20400.0,20600.0,11614950
2012-01-17,20820.0,20960.0,20480.0,20720.0,17084400
2012-01-18,21020.0,21040.0,20440.0,20600.0,15359650
2012-01-19,20760.0,21440.0,20740.0,21440.0,22385800
2012-01-20,21800.0,22100.0,21520.0,22100.0,25550800
2012-01-25,21840.0,22500.0,21840.0,22280.0,22751300
2012-01-26,22320.0,22420.0,21880.0,22260.0,17655150
2012-01-27,22400.0,22500.0,22220.0,22500.0,12741200
2012-01-30,22580.0,22600.0,22180.0,22300.0,16354450
2012-01-31,22100.0,22400.0,21780.0,22140.0,21731350
2012-02-01,22140.0,22140.0,21560.0,21580.0,22849650
2012-02-02,21720.0,22080.0,21360.0,21600.0,22402650
2012-02-03,21420.0,21680.0,21120.0,21320.0,17801400
2012-02-06,21680.0,21820.0,21320.0,21480.0,15837500
2012-02-07,21540.0,21920.0,21460.0,21860.0,11921950
2012-02-08,21980.0,22000.0,21680.0,21840.0,11809400
2012-02-09,21740.0,21800.0,21200.0,21680.0,24005850
2012-02-10,21680.0,21680.0,21220.0,21240.0,18579100
2012-02-13,21380.0,21780.0,21340.0,21660.0,16017250
2012-02-14,21680.0,21780.0,21480.0,21600.0,12317400
2012-02-15,21960.0,22760.0,21840.0,22700.0,28522350
2012-02-16,22600.0,22800.0,22420.0,22700.0,15411800
2012-02-17,23180.0,23600.0,23120.0,23520.0,17308450
2012-02-20,23560.0,23880.0,23320.0,23500.0,14814150
2012-02-21,23500.0,23960.0,23300.0,23600.0,10808250
2012-02-22,23640.0,24000.0,23440.0,23940.0,11779250
2012-02-23,23460.0,23580.0,23020.0,23200.0,23259200
2012-02-24,23060.0,23720.0,23060.0,23600.0,14240300
2012-02-27,23480.0,23600.0,23180.0,23420.0,8273300
2012-02-28,23920.0,24000.0,23620.0,23700.0,16648100
2012-02-29,23820.0,24180.0,23820.0,24120.0,17278300
2012-03-02,24300.0,24340.0,23580.0,23640.0,18023700
2012-03-05,23800.0,23820.0,23320.0,23480.0,11175250
2012-03-06,23580.0,23860.0,23340.0,23600.0,10572850
2012-03-07,23500.0,23660.0,23300.0,23440.0,11521550
2012-03-08,23600.0,23720.0,23300.0,23600.0,20270400
2012-03-09,23820.0,24620.0,23760.0,24600.0,18228800
2012-03-12,24480.0,24520.0,24200.0,24200.0,11826950
2012-03-13,24000.0,24580.0,24000.0,24420.0,11985550
2012-03-14,24600.0,25100.0,24600.0,25000.0,18279650
2012-03-15,25020.0,25200.0,24840.0,25000.0,14038800
2012-03-16,25200.0,25340.0,24760.0,24760.0,18070200
2012-03-19,24700.0,25360.0,24680.0,25200.0,11881850
2012-03-20,25340.0,25540.0,25200.0,25340.0,11935500
2012-03-21,25200.0,25200.0,24840.0,24840.0,12913550
2012-03-22,24700.0,25260.0,24700.0,25160.0,12675450
2012-03-23,24860.0,25480.0,24860.0,25220.0,10818600
2012-03-26,25360.0,25500.0,25220.0,25500.0,9237800
2012-03-27,25700.0,26220.0,25520.0,26220.0,14186350
2012-03-28,26000.0,26160.0,25900.0,26040.0,9914550
2012-03-29,25980.0,25980.0,25600.0,25600.0,11670000
2012-03-30,25400.0,25600.0,25140.0,25500.0,15281700
2012-04-02,25500.0,25980.0,25220.0,25980.0,12582950
2012-04-03,26400.0,26780.0,26040.0,26700.0,16507900
2012-04-04,26620.0,27020.0,26300.0,26400.0,14599350
2012-04-05,26040.0,26700.0,25940.0,26600.0,12921350
2012-04-06,26540.0,26680.0,26260.0,26640.0,10289650
2012-04-09,26400.0,26600.0,26120.0,26340.0,8572600
2012-04-10,26280.0,26400.0,26140.0,26220.0,11176100
2012-04-12,25660.0,25980.0,25360.0,25460.0,25240650
2012-04-13,25300.0,25540.0,25200.0,25360.0,35409200
2012-04-16,25460.0,25520.0,25000.0,25180.0,15222400
2012-04-17,25020.0,25280.0,24820.0,24980.0,14552300
2012-04-18,25540.0,26040.0,25380.0,25860.0,17253750
2012-04-19,25840.0,26140.0,25780.0,26140.0,13156400
2012-04-20,25880.0,25940.0,25560.0,25640.0,9900550
2012-04-23,25380.0,25600.0,25240.0,25580.0,8388400
2012-04-24,25300.0,25720.0,25240.0,25660.0,13238350
2012-04-25,26080.0,26300.0,25860.0,26100.0,13821600
2012-04-26,26400.0,26800.0,26340.0,26800.0,16479500
2012-04-27,27100.0,27660.0,27020.0,27480.0,15905350
2012-04-30,27900.0,28180.0,27540.0,27800.0,15757100
2012-05-02,28200.0,28360.0,27980.0,28200.0,18420750
2012-05-03,28040.0,28200.0,27960.0,28020.0,10327050
2012-05-04,27500.0,27960.0,26980.0,27200.0,20484300
2012-05-07,26840.0,27060.0,26500.0,26840.0,18908450
2012-05-08,26960.0,27040.0,26780.0,26820.0,12048600
2012-05-09,26700.0,26960.0,26480.0,26620.0,12661700
2012-05-10,26580.0,26720.0,26440.0,26540.0,13145000
2012-05-11,26300.0,26460.0,26060.0,26060.0,13626400
2012-05-14,26100.0,26540.0,26080.0,26280.0,15092100
2012-05-15,26080.0,26400.0,26000.0,26220.0,15558100
2012-05-16,25960.0,26000.0,24560.0,24600.0,38488900
2012-05-17,24600.0,24860.0,24020.0,24460.0,33041100
2012-05-18,24080.0,24100.0,23300.0,23320.0,30023750
2012-05-21,23880.0,24320.0,23800.0,24180.0,23702750
2012-05-22,25100.0,25100.0,24540.0,24800.0,23830550
2012-05-23,24800.0,24800.0,23900.0,24420.0,16157100
2012-05-24,24260.0,24500.0,23960.0,24500.0,15251250
2012-05-25,24660.0,24920.0,24460.0,24500.0,10164250
2012-05-29,24240.0,24760.0,24120.0,24760.0,10815350
2012-05-30,24760.0,24800.0,24300.0,24520.0,12653250
2012-05-31,24260.0,24260.0,23840.0,24220.0,22106900
2012-06-01,24260.0,24740.0,23980.0,24660.0,13554450
2012-06-04,23960.0,24100.0,23840.0,23920.0,18068750
2012-06-05,24020.0,24180.0,23860.0,24060.0,12848900
2012-06-07,24780.0,25300.0,24660.0,25300.0,20928350
2012-06-08,25500.0,25500.0,24900.0,24940.0,9956350
2012-06-11,25440.0,25500.0,25320.0,25360.0,9906200
2012-06-12,24920.0,25200.0,24900.0,25100.0,8805200
2012-06-13,25320.0,25480.0,25120.0,25420.0,9572600
2012-06-14,25380.0,25420.0,25120.0,25220.0,21995050
2012-06-15,25000.0,25200.0,24280.0,24340.0,30404200
2012-06-18,24800.0,25140.0,24680.0,24860.0,17608150
2012-06-19,24900.0,24940.0,24440.0,24880.0,14839400
2012-06-20,24980.0,25300.0,24900.0,25040.0,13237700
2012-06-21,24680.0,24840.0,24520.0,24540.0,12753750
2012-06-22,23780.0,24040.0,23600.0,23640.0,31294350
2012-06-25,23420.0,23560.0,22560.0,22640.0,41318100
2012-06-26,22660.0,22980.0,22580.0,22780.0,25283500
2012-06-27,22800.0,23540.0,22600.0,23340.0,23542000
2012-06-28,23340.0,23600.0,23060.0,23360.0,10398350
2012-06-29,23340.0,24020.0,23060.0,24020.0,18604450
2012-07-02,24160.0,24180.0,23420.0,23480.0,19106750
2012-07-03,23640.0,23860.0,23400.0,23500.0,15801550
2012-07-04,23640.0,23940.0,23560.0,23820.0,19158750
2012-07-05,23740.0,23880.0,23540.0,23700.0,9068550
2012-07-06,23880.0,23880.0,23060.0,23220.0,21158900
2012-07-09,22700.0,22760.0,22520.0,22520.0,21282300
2012-07-10,22700.0,22840.0,22420.0,22540.0,17720700
2012-07-11,22580.0,22660.0,22160.0,22360.0,18001300
2012-07-12,22420.0,22520.0,21820.0,21820.0,24858600
2012-07-13,21920.0,22880.0,21820.0,22780.0,27070750
2012-07-16,22900.0,23100.0,22660.0,23040.0,15261950
2012-07-17,22960.0,23560.0,22720.0,23360.0,15885300
2012-07-18,23580.0,23700.0,22760.0,23080.0,14618050
2012-07-19,23600.0,24040.0,23440.0,23900.0,24847100
2012-07-20,24040.0,24060.0,23820.0,23820.0,11992100
2012-07-23,23300.0,23400.0,23100.0,23240.0,12844350
2012-07-24,23300.0,23500.0,23180.0,23400.0,14598050
2012-07-25,23060.0,23440.0,22780.0,23160.0,13609850
2012-07-26,23380.0,23480.0,23200.0,23440.0,13654750
2012-07-27,23900.0,24660.0,23820.0,24660.0,26686200
2012-07-30,25200.0,25560.0,25020.0,25500.0,19113350
2012-07-31,25600.0,26680.0,25500.0,26180.0,33735650
2012-08-01,25840.0,26300.0,25660.0,26000.0,19039100
2012-08-02,26000.0,26080.0,25220.0,25260.0,15951250
2012-08-03,24800.0,25340.0,24760.0,24860.0,15582650
2012-08-06,25700.0,26100.0,25640.0,25960.0,12289150
2012-08-07,26060.0,26080.0,25680.0,25880.0,10258400
2012-08-08,26120.0,26560.0,26020.0,26400.0,19459150
2012-08-09,26420.0,26960.0,26360.0,26800.0,30612650
2012-08-10,26700.0,26960.0,26600.0,26960.0,14733250
2012-08-13,26840.0,26940.0,26460.0,26500.0,9891050
2012-08-14,26520.0,27000.0,26520.0,26900.0,14396850
2012-08-16,27080.0,27100.0,26760.0,26900.0,14824150
2012-08-17,26880.0,26900.0,25720.0,25900.0,27642800
2012-08-20,25400.0,25660.0,25100.0,25660.0,19944800
2012-08-21,25840.0,26040.0,25640.0,25640.0,15315200
2012-08-22,25380.0,25620.0,25140.0,25280.0,16031200
2012-08-23,25220.0,25740.0,24980.0,25740.0,13857750
2012-08-24,25400.0,25740.0,25280.0,25500.0,14077200
2012-08-27,23780.0,24060.0,23460.0,23600.0,63803450
2012-08-28,23720.0,24180.0,23600.0,23900.0,27767400
2012-08-29,24180.0,24700.0,24140.0,24600.0,23415550
2012-08-30,24560.0,24580.0,24040.0,24300.0,16211400
2012-08-31,24220.0,24680.0,24140.0,24660.0,20301300
2012-09-03,24400.0,24700.0,24020.0,24360.0,13903800
2012-09-04,24380.0,24560.0,24200.0,24360.0,9916550
2012-09-05,24100.0,24240.0,23780.0,23780.0,17381950
2012-09-06,24000.0,24060.0,23860.0,23920.0,12373750
2012-09-07,24600.0,25020.0,24400.0,25000.0,25512400
2012-09-10,25200.0,25280.0,25000.0,25000.0,15883700
2012-09-11,24800.0,25300.0,24640.0,25120.0,9890800
2012-09-12,25360.0,25900.0,25180.0,25880.0,18473250
2012-09-13,25980.0,26100.0,25620.0,26020.0,19489950
2012-09-14,26600.0,26780.0,26540.0,26720.0,24872500
2012-09-17,26720.0,26720.0,26240.0,26300.0,14896000
2012-09-18,26280.0,26720.0,26160.0,26300.0,11232300
2012-09-19,26120.0,26460.0,25960.0,26280.0,12114550
2012-09-20,25860.0,26100.0,25680.0,25740.0,14199800
2012-09-21,26000.0,26140.0,25900.0,26040.0,14913400
2012-09-24,26000.0,26560.0,25840.0,26540.0,13195450
2012-09-25,26200.0,26680.0,26200.0,26540.0,11348000
2012-09-26,26260.0,26500.0,26120.0,26500.0,12054550
2012-09-27,26540.0,26840.0,26460.0,26760.0,14541600
2012-09-28,27180.0,27200.0,26780.0,26920.0,17906350
2012-10-02,27080.0,27420.0,27040.0,27380.0,13376250
2012-10-04,27020.0,27460.0,26780.0,27340.0,19127200
2012-10-05,27740.0,27800.0,27040.0,27400.0,17828800
2012-10-08,27500.0,27580.0,27200.0,27460.0,12037600
2012-10-09,27260.0,27620.0,27260.0,27440.0,8788650
2012-10-10,27060.0,27200.0,26500.0,26500.0,12976700
2012-10-11,26200.0,26400.0,25740.0,26080.0,23779850
2012-10-12,26100.0,26240.0,25760.0,25920.0,14977250
2012-10-15,25920.0,26240.0,25740.0,26000.0,10334000
2012-10-16,26520.0,26620.0,26300.0,26600.0,10671300
2012-10-17,26840.0,26920.0,26320.0,26720.0,8984550
2012-10-18,26720.0,26820.0,26560.0,26740.0,10498450
2012-10-19,26460.0,26500.0,25980.0,26040.0,13969950
2012-10-22,25540.0,26340.0,25520.0,26300.0,11741150
2012-10-23,26380.0,26440.0,26040.0,26260.0,9253550
2012-10-24,25940.0,26180.0,25780.0,26000.0,13454500
2012-10-25,25920.0,26440.0,25820.0,26440.0,11881100
2012-10-26,26120.0,26240.0,25740.0,25740.0,13793850
2012-10-29,25960.0,25980.0,25580.0,25980.0,11448050
2012-10-30,25980.0,26080.0,25840.0,25960.0,6643850
2012-10-31,26120.0,26240.0,25980.0,26200.0,10604850
2012-11-01,25900.0,26040.0,25800.0,25940.0,10455600
2012-11-02,26380.0,26660.0,26260.0,26540.0,18521400
2012-11-05,26560.0,26980.0,26400.0,26820.0,13062050
2012-11-06,26980.0,26980.0,26640.0,26980.0,8981800
2012-11-07,26860.0,27240.0,26700.0,27240.0,9676400
2012-11-08,26960.0,27140.0,26820.0,27000.0,15326600
2012-11-09,26700.0,27020.0,26520.0,26820.0,14550300
2012-11-12,26620.0,26940.0,26620.0,26900.0,6959250
2012-11-13,26940.0,26980.0,26520.0,26980.0,7325850
2012-11-14,27140.0,27140.0,26920.0,27100.0,10436000
2012-11-15,26700.0,26760.0,26520.0,26620.0,9959100
2012-11-16,26440.0,26520.0,26020.0,26140.0,12172550
2012-11-19,26300.0,26840.0,26260.0,26640.0,10137500
2012-11-20,27060.0,27300.0,26920.0,27280.0,13420300
2012-11-21,27520.0,27940.0,27440.0,27680.0,17780400
2012-11-22,27880.0,28380.0,27820.0,28340.0,14930950
2012-11-23,28440.0,28840.0,28340.0,28740.0,12322050
2012-11-26,28840.0,28860.0,27980.0,28080.0,13749850
2012-11-27,28100.0,28560.0,28080.0,28320.0,11836200
2012-11-28,28000.0,28760.0,27920.0,28260.0,14055800
2012-11-29,28040.0,28440.0,28040.0,28280.0,13073300
2012-11-30,28460.0,28500.0,27980.0,28120.0,16427600
2012-12-03,28400.0,28720.0,28160.0,28600.0,10220850
2012-12-04,28640.0,28680.0,28400.0,28600.0,9504900
2012-12-05,28600.0,29100.0,28540.0,29100.0,12436400
2012-12-06,29360.0,29420.0,28680.0,29080.0,14248700
2012-12-07,29000.0,29960.0,29000.0,29600.0,15882450
2012-12-10,30120.0,30120.0,29700.0,29820.0,13056100
2012-12-11,29960.0,29960.0,29380.0,29520.0,12657350
2012-12-12,29460.0,29920.0,29460.0,29800.0,15244450
2012-12-13,30000.0,30660.0,29860.0,30660.0,30680500
2012-12-14,30320.0,30720.0,30160.0,30300.0,13905250
2012-12-17,30020.0,30480.0,29940.0,30060.0,15511100
2012-12-18,30000.0,30320.0,29900.0,30300.0,13538450
2012-12-20,30300.0,30580.0,29900.0,30060.0,20128500
2012-12-21,29860.0,29920.0,28800.0,28840.0,27576200
2012-12-24,28960.0,29520.0,28840.0,29480.0,14488550
2012-12-26,29600.0,30060.0,29400.0,29400.0,14038700
2012-12-27,29400.0,30000.0,29400.0,29920.0,9143900
2012-12-28,29760.0,30600.0,29740.0,30440.0,10562750
2013-01-02,30660.0,31520.0,30540.0,31520.0,11449650
2013-01-03,31640.0,31680.0,30860.0,30860.0,14227400
2013-01-04,30800.0,30840.0,30200.0,30500.0,12999800
2013-01-07,30300.0,30560.0,30000.0,30400.0,12610950
2013-01-08,30260.0,30340.0,29960.0,30000.0,13822250
2013-01-09,30000.0,30260.0,29820.0,30000.0,12659950
2013-01-10,30300.0,30680.0,30000.0,30600.0,14663600
2013-01-11,30960.0,30960.0,30140.0,30660.0,11913550
2013-01-14,30780.0,31040.0,30560.0,31040.0,7999950
2013-01-15,31200.0,31200.0,30240.0,30240.0,10727150
2013-01-16,30280.0,30520.0,29660.0,29840.0,16221000
2013-01-17,30040.0,30040.0,29000.0,29380.0,20236700
2013-01-18,29600.0,29740.0,29100.0,29600.0,12516600
2013-01-21,29280.0,29500.0,28960.0,29080.0,14519650
2013-01-22,28900.0,29740.0,28900.0,29600.0,11947400
2013-01-23,30000.0,30040.0,29460.0,29460.0,9293550
2013-01-24,29360.0,29380.0,28820.0,29060.0,15999050
2013-01-25,29200.0,29220.0,28100.0,28340.0,21795250
2013-01-28,27920.0,28020.0,27420.0,27440.0,30852150
2013-01-29,27800.0,28360.0,27600.0,28180.0,21616550
2013-01-30,28520.0,28800.0,28240.0,28800.0,16170100
2013-01-31,28600.0,28960.0,28440.0,28960.0,16052800
2013-02-01,29200.0,29200.0,28440.0,28820.0,11576200
2013-02-04,29000.0,29060.0,28340.0,28740.0,12861900
2013-02-05,28300.0,28860.0,28280.0,28700.0,11388100
2013-02-06,28800.0,28860.0,28540.0,28540.0,6897150
2013-02-07,28780.0,28780.0,28400.0,28400.0,9721100
2013-02-08,28360.0,29400.0,28300.0,29240.0,13423850
2013-02-12,29680.0,29680.0,29180.0,29360.0,8419750
2013-02-13,29480.0,29780.0,29120.0,29740.0,9209050
2013-02-14,29800.0,29880.0,29540.0,29800.0,7534100
2013-02-15,29800.0,29960.0,29540.0,29960.0,7599950
2013-02-18,29800.0,30020.0,29620.0,29800.0,7109950
2013-02-19,29600.0,29980.0,29580.0,29840.0,6132250
2013-02-20,30040.0,30900.0,29940.0,30900.0,18039350
2013-02-21,30800.0,31160.0,30700.0,31000.0,13123650
2013-02-22,30600.0,30960.0,30400.0,30600.0,13852650
2013-02-25,30980.0,30980.0,30600.0,30600.0,8897550
2013-02-26,30300.0,30760.0,30160.0,30540.0,9244750
2013-02-27,31180.0,31180.0,30380.0,30540.0,8938200
2013-02-28,30600.0,31080.0,30600.0,30880.0,12784200
2013-03-04,31260.0,31260.0,30600.0,30780.0,13276850
2013-03-05,31120.0,31280.0,30960.0,31000.0,9294600
2013-03-06,31440.0,31500.0,30940.0,31200.0,10148650
2013-03-07,30960.0,31000.0,30240.0,30400.0,13482700
2013-03-08,30300.0,30340.0,29780.0,29980.0,18941000
2013-03-11,29860.0,30240.0,29700.0,30160.0,13748250
2013-03-12,30080.0,30240.0,29800.0,29880.0,8746550
2013-03-13,30120.0,30580.0,30020.0,30540.0,11303550
2013-03-14,30560.0,30680.0,29980.0,30400.0,12557800
2013-03-15,30580.0,30580.0,29600.0,29600.0,36618350
2013-03-18,29200.0,29200.0,28680.0,28900.0,26439550
2013-03-19,29000.0,29840.0,28960.0,29500.0,13977100
2013-03-20,29200.0,29700.0,29120.0,29200.0,13515750
2013-03-21,29220.0,29480.0,29120.0,29140.0,11768550
2013-03-22,29160.0,29360.0,29040.0,29100.0,10687100
2013-03-25,29600.0,29900.0,29400.0,29900.0,10272050
2013-03-26,29900.0,30440.0,29820.0,30180.0,16830000
2013-03-27,30300.0,30320.0,29740.0,30080.0,12881400
2013-03-28,30060.0,30200.0,29940.0,30200.0,7989600
2013-03-29,30480.0,30640.0,30340.0,30540.0,9533700
2013-04-01,30700.0,30700.0,30240.0,30240.0,5295500
2013-04-02,30200.0,30640.0,30200.0,30500.0,8574850
2013-04-03,30520.0,30560.0,30180.0,30420.0,10882700
2013-04-04,30340.0,30380.0,29980.0,30120.0,10700450
2013-04-05,30100.0,30320.0,29860.0,30100.0,14977350
2013-04-08,30100.0,30620.0,29940.0,30400.0,12959500
2013-04-09,30540.0,30600.0,30200.0,30560.0,9244000
2013-04-10,30800.0,30800.0,30260.0,30420.0,11779700
2013-04-11,30420.0,30800.0,30360.0,30800.0,11291500
2013-04-12,30800.0,31000.0,30260.0,30340.0,10744050
2013-04-15,30060.0,30700.0,30060.0,30460.0,10767300
2013-04-16,30100.0,30640.0,30020.0,30560.0,18551850
2013-04-17,31320.0,31320.0,30280.0,30360.0,10491100
2013-04-18,30400.0,30440.0,29620.0,29660.0,13358400
2013-04-19,29300.0,29840.0,29100.0,29500.0,15704000
2013-04-22,29800.0,30060.0,29300.0,30060.0,9335850
2013-04-23,30000.0,30060.0,29480.0,29660.0,8864850
2013-04-24,29700.0,29880.0,29480.0,29720.0,10086550
2013-04-25,29400.0,29880.0,29400.0,29880.0,10463900
2013-04-26,29900.0,29940.0,29440.0,29720.0,11651600
2013-04-29,29820.0,29840.0,29500.0,29620.0,8500150
2013-04-30,29800.0,30600.0,29760.0,30400.0,18705000
2013-05-02,30520.0,30640.0,30340.0,30560.0,10048950
2013-05-03,30700.0,30740.0,30420.0,30700.0,6559050
2013-05-06,30800.0,30800.0,30240.0,30280.0,8654300
2013-05-07,30160.0,30160.0,29820.0,29860.0,11434500
2013-05-08,29860.0,29960.0,29580.0,29760.0,14921950
2013-05-09,29800.0,30400.0,29780.0,30300.0,10806150
2013-05-10,30280.0,30280.0,29520.0,29520.0,11794850
2013-05-13,29420.0,29600.0,29240.0,29540.0,8750100
2013-05-14,29740.0,30000.0,29660.0,30000.0,9002650
2013-05-15,29700.0,30000.0,29680.0,30000.0,10594800
2013-05-16,30020.0,30280.0,30000.0,30160.0,14657550
2013-05-20,30040.0,30240.0,29920.0,29940.0,12288850
2013-05-21,30200.0,30200.0,29700.0,29840.0,11600400
2013-05-22,30080.0,30200.0,29820.0,30180.0,9923100
2013-05-23,29840.0,30040.0,29680.0,29680.0,11994150
2013-05-24,29740.0,29880.0,29440.0,29720.0,10190600
2013-05-27,29800.0,29980.0,29740.0,29780.0,6146400
2013-05-28,29620.0,29920.0,29620.0,29680.0,11588050
2013-05-29,29680.0,30460.0,29660.0,30240.0,14760550
2013-05-30,30360.0,30980.0,30240.0,30880.0,22778000
2013-05-31,30920.0,31180.0,30740.0,30760.0,18025050
2013-06-03,30720.0,31180.0,30560.0,30640.0,10309450
2013-06-04,30660.0,30840.0,30420.0,30800.0,8496600
2013-06-05,30980.0,31060.0,30420.0,30420.0,13590650
2013-06-07,29500.0,29700.0,28480.0,28540.0,54290800
2013-06-10,28400.0,28860.0,28280.0,28500.0,26677700
2013-06-11,28220.0,28380.0,27560.0,27780.0,34613000
2013-06-12,27560.0,28060.0,27240.0,27700.0,22887650
2013-06-13,27600.0,27940.0,27140.0,27140.0,33509850
2013-06-14,27300.0,27540.0,27140.0,27380.0,17558350
2013-06-17,27400.0,27560.0,27300.0,27320.0,11758450
2013-06-18,27360.0,27740.0,27200.0,27740.0,11043050
2013-06-19,27640.0,27700.0,27280.0,27380.0,10270250
2013-06-20,26860.0,26960.0,26520.0,26580.0,17817950
2013-06-21,25880.0,26660.0,25800.0,26500.0,27677800
2013-06-24,27000.0,27000.0,26260.0,26260.0,15847900
2013-06-25,26020.0,26360.0,25760.0,25940.0,20774950
2013-06-26,26020.0,26100.0,24900.0,25220.0,31751200
2013-06-27,25900.0,26880.0,25720.0,26780.0,25756150
2013-06-28,27000.0,27000.0,26580.0,26840.0,20961250
2013-07-01,26680.0,26920.0,26440.0,26520.0,12825950
2013-07-02,26800.0,27040.0,26600.0,26700.0,10214450
2013-07-03,26680.0,26780.0,25900.0,26020.0,12822050
2013-07-04,26040.0,26340.0,25920.0,26340.0,9042650
2013-07-05,25720.0,26300.0,25200.0,25340.0,30382800
2013-07-08,25000.0,25160.0,24180.0,24520.0,26480150
2013-07-09,24600.0,25000.0,24580.0,24740.0,19694950
2013-07-10,24900.0,25040.0,24740.0,24960.0,17305650
2013-07-11,25020.0,26240.0,25020.0,26240.0,20788350
2013-07-12,26400.0,26480.0,26020.0,26240.0,11391300
2013-07-15,26300.0,26380.0,25700.0,26260.0,9629600
2013-07-16,26360.0,26420.0,25800.0,25960.0,9300950
2013-07-17,26020.0,26600.0,25720.0,26400.0,12302300
2013-07-18,26500.0,26500.0,25840.0,25840.0,15704200
2013-07-19,25760.0,25900.0,25280.0,25460.0,16271300
2013-07-22,25600.0,25780.0,25300.0,25460.0,10351150
2013-07-23,25460.0,26140.0,25440.0,26140.0,11948900
2013-07-24,26140.0,26340.0,25900.0,26300.0,8772650
2013-07-25,26340.0,26440.0,26160.0,26300.0,8495650
2013-07-26,26280.0,26380.0,25980.0,26060.0,13619550
2013-07-29,25820.0,26000.0,25580.0,25660.0,11821850
2013-07-30,25540.0,25900.0,25540.0,25800.0,9425350
2013-07-31,25600.0,25800.0,25580.0,25600.0,12735500
2013-08-01,25700.0,25760.0,25480.0,25600.0,9058900
2013-08-02,25860.0,26000.0,25640.0,25720.0,11241350
2013-08-05,25660.0,25660.0,25480.0,25480.0,8079850
2013-08-06,24900.0,25440.0,24900.0,25080.0,14493700
2013-08-07,24740.0,24800.0,24440.0,24440.0,15778100
2013-08-08,24260.0,24700.0,24260.0,24340.0,17910800
2013-08-09,24580.0,24820.0,24400.0,24600.0,12080200
2013-08-12,24600.0,24960.0,24500.0,24640.0,10140600
2013-08-13,24880.0,25800.0,24840.0,25800.0,20929450
2013-08-14,25780.0,26000.0,25700.0,26000.0,13005100
2013-08-16,25720.0,26020.0,25640.0,25900.0,11416600
2013-08-19,25720.0,25920.0,25600.0,25720.0,6499850
2013-08-20,25920.0,26100.0,25380.0,25380.0,14230950
2013-08-21,25300.0,25640.0,25120.0,25120.0,12346050
2013-08-22,25000.0,25340.0,24900.0,25100.0,11984850
2013-08-23,25600.0,26000.0,25420.0,25900.0,17203400
2013-08-26,26020.0,26100.0,25920.0,26000.0,11519650
2013-08-27,26140.0,26180.0,25900.0,26080.0,9130800
2013-08-28,25680.0,26200.0,25680.0,26180.0,9492550
2013-08-29,26340.0,26960.0,26280.0,26880.0,16315000
2013-08-30,27200.0,27360.0,27020.0,27360.0,17135800
2013-09-02,27360.0,27420.0,27000.0,27020.0,10081600
2013-09-03,27280.0,27280.0,26520.0,26740.0,11798500
2013-09-04,26600.0,27080.0,26420.0,26800.0,10920050
2013-09-05,27400.0,27420.0,27160.0,27300.0,15100100
2013-09-06,27400.0,27500.0,27160.0,27380.0,11937950
2013-09-09,27420.0,27500.0,27260.0,27460.0,9291550
2013-09-10,27380.0,27920.0,27360.0,27920.0,14717650
2013-09-11,27960.0,28040.0,27700.0,28040.0,13353000
2013-09-12,28100.0,28480.0,27900.0,28200.0,21805400
2013-09-13,28180.0,28200.0,27920.0,28120.0,12281500
2013-09-16,28460.0,28500.0,28220.0,28500.0,11710700
2013-09-17,28400.0,28400.0,27620.0,27720.0,17181350
2013-09-23,27300.0,27620.0,27060.0,27200.0,24362900
2013-09-24,26840.0,27580.0,26760.0,27460.0,15138900
2013-09-25,27340.0,27480.0,27020.0,27280.0,11176450
2013-09-26,27280.0,27440.0,27120.0,27440.0,10374700
2013-09-27,27500.0,27540.0,27260.0,27320.0,11613250
2013-09-30,27320.0,27640.0,27200.0,27340.0,11650900
2013-10-01,27600.0,27660.0,27200.0,27640.0,9773150
2013-10-02,27960.0,28500.0,27800.0,28360.0,17586350
2013-10-04,28760.0,28840.0,28280.0,28360.0,15753700
2013-10-07,28740.0,28740.0,28500.0,28720.0,10228250
2013-10-08,28340.0,28660.0,28340.0,28600.0,10546000
2013-10-10,28420.0,28640.0,28420.0,28600.0,13819000
2013-10-11,28800.0,28940.0,28720.0,28860.0,11254150
2013-10-14,28960.0,28980.0,28760.0,28760.0,7373700
2013-10-15,29000.0,29140.0,28900.0,29140.0,10023650
2013-10-16,29380.0,29380.0,28900.0,29000.0,8010600
2013-10-17,29200.0,29360.0,29080.0,29260.0,9099350
2013-10-18,29440.0,29500.0,29260.0,29440.0,7852150
2013-10-21,29500.0,29780.0,29080.0,29280.0,7126050
2013-10-22,29200.0,29200.0,28680.0,29100.0,12353250
2013-10-23,29280.0,29280.0,28720.0,28840.0,8598450
2013-10-24,28620.0,28980.0,28580.0,28980.0,8915650
2013-10-25,29000.0,29040.0,28660.0,28980.0,6735300
2013-10-28,29300.0,29700.0,29160.0,29640.0,11307700
2013-10-29,29800.0,29800.0,29560.0,29800.0,10334900
2013-10-30,29700.0,30000.0,29680.0,30000.0,10588400
2013-10-31,29960.0,30040.0,29300.0,29300.0,12647050
2013-11-01,29800.0,30000.0,29360.0,30000.0,11357700
2013-11-04,29840.0,30040.0,29780.0,29980.0,10887800
2013-11-05,30040.0,30040.0,29440.0,29700.0,8009300
2013-11-06,29960.0,29960.0,28980.0,29020.0,12218400
2013-11-07,29020.0,29080.0,28500.0,28740.0,13006800
2013-11-08,28220.0,28560.0,28140.0,28200.0,13681350
2013-11-11,28500.0,28680.0,28180.0,28560.0,8563850
2013-11-12,28800.0,29320.0,28720.0,29120.0,9784900
2013-11-13,28900.0,28980.0,28380.0,28380.0,9995200
2013-11-14,29100.0,29100.0,28480.0,28480.0,10132150
2013-11-15,28680.0,29240.0,28640.0,29240.0,8339250
2013-11-18,29400.0,29520.0,29300.0,29480.0,6386800
2013-11-19,29660.0,29780.0,29540.0,29780.0,8183550
2013-11-20,29460.0,29740.0,29280.0,29400.0,8178150
2013-11-21,29440.0,29440.0,28640.0,28800.0,9019800
2013-11-22,28820.0,29120.0,28620.0,29000.0,8574600
2013-11-25,29020.0,29440.0,29020.0,29300.0,6615300
2013-11-26,29160.0,29580.0,29100.0,29580.0,8586250
2013-11-27,29340.0,29520.0,29200.0,29400.0,9351700
2013-11-28,29600.0,29880.0,29580.0,29880.0,10644900
2013-11-29,29980.0,29980.0,29700.0,29880.0,6752200
2013-12-02,30000.0,30060.0,29340.0,29340.0,7487800
2013-12-03,29280.0,29560.0,29140.0,29220.0,7798600
2013-12-04,29000.0,29060.0,28620.0,28640.0,10844000
2013-12-05,28660.0,28920.0,28440.0,28800.0,10479650
2013-12-06,29080.0,29080.0,28560.0,28560.0,9147450
2013-12-09,28800.0,29080.0,28800.0,29080.0,6996900
2013-12-10,28820.0,29020.0,28620.0,28800.0,7755600
2013-12-11,28520.0,28880.0,28320.0,28400.0,10629150
2013-12-12,27920.0,28200.0,27920.0,28200.0,14962050
2013-12-13,28200.0,28220.0,27800.0,27800.0,10053250
2013-12-16,27820.0,28080.0,27660.0,28000.0,8954400
2013-12-17,28340.0,28340.0,27860.0,27900.0,7762400
2013-12-18,28100.0,28200.0,27880.0,28020.0,10899200
2013-12-19,28360.0,28680.0,28360.0,28540.0,10552400
2013-12-20,28260.0,28540.0,28260.0,28540.0,8407400
2013-12-23,28740.0,28760.0,28580.0,28660.0,10639200
2013-12-24,28600.0,28640.0,28300.0,28300.0,10980350
2013-12-26,28160.0,28300.0,28020.0,28160.0,12307800
2013-12-27,28200.0,28220.0,27900.0,27920.0,10510000
2013-12-30,27920.0,27940.0,27200.0,27440.0,16908100
2014-01-02,26960.0,27100.0,26040.0,26180.0,31025000
2014-01-03,26000.0,26220.0,25740.0,25920.0,26496600
2014-01-06,26060.0,26400.0,25920.0,26140.0,19735800
2014-01-07,26000.0,26360.0,25900.0,26080.0,19763200
2014-01-08,26000.0,26080.0,25740.0,25820.0,20474650
2014-01-09,26140.0,26140.0,25500.0,25500.0,21250950
2014-01-10,25500.0,25720.0,25440.0,25440.0,18189150
2014-01-13,25660.0,25940.0,25460.0,25900.0,16449350
2014-01-14,25940.0,26600.0,25800.0,26260.0,14716650
2014-01-15,26600.0,26620.0,25960.0,25980.0,11747450
2014-01-16,26000.0,26200.0,25860.0,26020.0,9752450
2014-01-17,26020.0,26300.0,25840.0,25840.0,12774250
2014-01-20,26100.0,26380.0,25920.0,26320.0,8682800
2014-01-21,26300.0,26540.0,26220.0,26480.0,7562300
2014-01-22,26280.0,26560.0,26240.0,26560.0,10826500
2014-01-23,26320.0,26440.0,25980.0,25980.0,10336950
2014-01-24,26000.0,26360.0,25820.0,26140.0,14001750
2014-01-27,25860.0,26080.0,25700.0,25840.0,13346300
2014-01-28,25460.0,25860.0,25460.0,25660.0,11701350
2014-01-29,25600.0,25760.0,25540.0,25600.0,19181850
2014-02-03,25720.0,25760.0,25420.0,25440.0,16259200
2014-02-04,25260.0,25260.0,24980.0,24980.0,16033000
2014-02-05,24900.0,25100.0,24680.0,24740.0,14926650
2014-02-06,24900.0,25340.0,24800.0,25180.0,15197450
2014-02-07,25500.0,25580.0,25260.0,25500.0,9943600
2014-02-10,25420.0,25620.0,25240.0,25540.0,7799650
2014-02-11,25620.0,26300.0,25440.0,26220.0,12684000
2014-02-12,26620.0,26620.0,26100.0,26140.0,10027400
2014-02-13,26000.0,26400.0,25800.0,25960.0,5838450
2014-02-14,25920.0,26160.0,25840.0,26020.0,6220750
2014-02-17,25840.0,26120.0,25600.0,25700.0,9386650
2014-02-18,25700.0,25980.0,25640.0,25900.0,5910650
2014-02-19,26000.0,26000.0,25600.0,25800.0,6179750
2014-02-20,25800.0,25920.0,25620.0,25720.0,9543300
2014-02-21,26660.0,26660.0,26000.0,26600.0,14346200
2014-02-24,26680.0,26900.0,26420.0,26560.0,7425050
2014-02-25,26640.0,26800.0,26520.0,26680.0,8785300
2014-02-26,26740.0,26860.0,26500.0,26840.0,12918050
2014-02-27,26700.0,26840.0,26600.0,26820.0,7891350
2014-02-28,26740.0,26980.0,26640.0,26980.0,14232350
2014-03-03,26720.0,26800.0,26420.0,26500.0,12104150
2014-03-04,26400.0,26580.0,26300.0,26300.0,7900150
2014-03-05,26700.0,26820.0,26600.0,26600.0,7491500
2014-03-06,26580.0,26580.0,26200.0,26520.0,8616750
2014-03-07,26780.0,26780.0,26580.0,26780.0,7548650
2014-03-10,26400.0,26600.0,26340.0,26400.0,8657600
2014-03-11,26400.0,26540.0,26180.0,26440.0,9079800
2014-03-12,26400.0,26400.0,25860.0,25880.0,12579250
2014-03-13,25880.0,26260.0,25800.0,25800.0,11750200
2014-03-14,25400.0,25700.0,25400.0,25500.0,10836800
2014-03-17,25500.0,25520.0,25160.0,25320.0,8820000
2014-03-18,25400.0,25660.0,25320.0,25560.0,11045600
2014-03-19,25600.0,25700.0,25360.0,25380.0,7638550
2014-03-20,25400.0,25440.0,25240.0,25240.0,5939400
2014-03-21,25380.0,25460.0,25240.0,25460.0,8321300
2014-03-24,25200.0,25480.0,25180.0,25460.0,7073900
2014-03-25,25380.0,25400.0,24820.0,24940.0,13625000
2014-03-26,25380.0,25800.0,24960.0,25700.0,17444700
2014-03-27,25800.0,26660.0,25700.0,26660.0,20877850
2014-03-28,26400.0,26760.0,26400.0,26700.0,10648700
2014-03-31,26900.0,26900.0,26440.0,26860.0,13259850
2014-04-01,26900.0,26900.0,26620.0,26780.0,11081000
2014-04-02,27000.0,27140.0,26860.0,27140.0,13100050
2014-04-03,27020.0,27900.0,27020.0,27800.0,19098800
2014-04-04,27540.0,27940.0,27540.0,27600.0,18400350
2014-04-07,27940.0,27940.0,27480.0,27940.0,10761750
2014-04-08,27740.0,27980.0,27500.0,27880.0,10608200
2014-04-09,27880.0,27900.0,27280.0,27420.0,16061600
2014-04-10,27380.0,27600.0,27200.0,27600.0,9999200
2014-04-11,27240.0,27360.0,27180.0,27300.0,10659350
2014-04-14,27300.0,27720.0,27300.0,27400.0,10586000
2014-04-15,27720.0,27740.0,27380.0,27400.0,10969800
2014-04-16,27400.0,27840.0,27260.0,27600.0,9308550
2014-04-17,27520.0,27600.0,27320.0,27400.0,7241650
2014-04-18,27400.0,27580.0,27400.0,27560.0,9518350
2014-04-21,27580.0,27720.0,27500.0,27600.0,3299250
2014-04-22,27480.0,27680.0,27420.0,27500.0,6084300
2014-04-23,27880.0,27900.0,27640.0,27780.0,9500750
2014-04-24,28180.0,28180.0,27980.0,28140.0,10546200
2014-04-25,28400.0,28560.0,27960.0,27980.0,15269800
2014-04-28,28080.0,28120.0,27640.0,27760.0,9431450
2014-04-29,27780.0,27900.0,27020.0,27200.0,10909200
2014-04-30,27600.0,27620.0,26520.0,26860.0,15047300
2014-05-02,27080.0,27180.0,26880.0,26920.0,14943350
2014-05-07,27000.0,27120.0,26800.0,26880.0,14189700
2014-05-08,27100.0,27100.0,26880.0,27000.0,16281900
2014-05-09,27120.0,27160.0,26520.0,26700.0,13157050
2014-05-12,26720.0,27900.0,26640.0,27760.0,15944800
2014-05-13,27760.0,28500.0,27760.0,28000.0,12107400
2014-05-14,28180.0,28300.0,28020.0,28300.0,11103750
2014-05-15,28280.0,28380.0,28060.0,28200.0,6806700
2014-05-16,28000.0,28740.0,27980.0,28560.0,15856500
2014-05-19,28560.0,29000.0,28160.0,28960.0,19281050
2014-05-20,28900.0,29080.0,28700.0,29020.0,16007300
2014-05-21,28700.0,29000.0,28700.0,28820.0,10842500
2014-05-22,28820.0,28960.0,28520.0,28520.0,9540000
2014-05-23,28100.0,28560.0,28100.0,28560.0,8511650
2014-05-26,28400.0,28640.0,28300.0,28440.0,3735600
2014-05-27,28340.0,28460.0,28060.0,28140.0,4748400
2014-05-28,28380.0,28700.0,28180.0,28660.0,9200950
2014-05-29,29000.0,29300.0,28800.0,29200.0,12521500
2014-05-30,29400.0,29640.0,28860.0,28860.0,15831050
2014-06-02,28860.0,29160.0,28780.0,29100.0,7439450
2014-06-03,29680.0,29900.0,29300.0,29400.0,17234250
2014-06-05,29320.0,29600.0,29000.0,29140.0,13507050
2014-06-09,29400.0,29460.0,28040.0,28180.0,22269600
2014-06-10,28420.0,28760.0,28100.0,28720.0,9214100
2014-06-11,28240.0,28600.0,28240.0,28440.0,8625750
2014-06-12,28600.0,28600.0,28020.0,28260.0,12943150
2014-06-13,28040.0,28080.0,27260.0,27340.0,18589050
2014-06-16,27600.0,27640.0,27240.0,27480.0,15319950
2014-06-17,27200.0,27560.0,27020.0,27480.0,13476750
2014-06-18,27460.0,27520.0,27120.0,27160.0,11044350
2014-06-19,26900.0,26980.0,26400.0,26460.0,22339700
2014-06-20,26600.0,26600.0,25920.0,26020.0,23902650
2014-06-23,26420.0,26640.0,26320.0,26440.0,12488250
2014-06-24,26800.0,27080.0,26640.0,26900.0,11890850
2014-06-25,26600.0,26660.0,26360.0,26400.0,10231900
2014-06-26,26180.0,26860.0,26140.0,26500.0,12765300
2014-06-27,26140.0,26380.0,26120.0,26220.0,8953050
2014-06-30,26200.0,26480.0,26180.0,26440.0,8881050
2014-07-01,26160.0,26280.0,26020.0,26200.0,8725400
2014-07-02,26340.0,26620.0,26120.0,26600.0,11139250
2014-07-03,26720.0,26720.0,26320.0,26360.0,8543050
2014-07-04,26440.0,26520.0,26060.0,26120.0,5978850
2014-07-07,25820.0,26020.0,25800.0,25840.0,9437050
2014-07-08,25880.0,26380.0,25740.0,25900.0,12073200
2014-07-09,25740.0,26160.0,25660.0,26160.0,11829900
2014-07-10,26160.0,26220.0,26040.0,26120.0,8960200
2014-07-11,26000.0,26040.0,25640.0,25680.0,10779600
2014-07-14,25960.0,26000.0,25720.0,25720.0,7082150
2014-07-15,26000.0,26460.0,25940.0,26400.0,11976050
2014-07-16,26260.0,26460.0,26220.0,26420.0,9114200
2014-07-17,26520.0,26700.0,26400.0,26600.0,10922700
2014-07-18,26300.0,26860.0,26280.0,26860.0,9742650
2014-07-21,26980.0,27200.0,26860.0,27060.0,8059950
2014-07-22,26960.0,27160.0,26900.0,26960.0,6300950
2014-07-23,27080.0,27140.0,26700.0,26760.0,6417300
2014-07-24,27000.0,27160.0,26620.0,27100.0,8051700
2014-07-25,26920.0,27100.0,26700.0,27100.0,8790150
2014-07-28,27100.0,27340.0,26880.0,27160.0,8992550
2014-07-29,27100.0,27760.0,27060.0,27720.0,12809300
2014-07-30,27760.0,28160.0,27480.0,27900.0,17359450
2014-07-31,27480.0,27700.0,26720.0,26860.0,24351350
2014-08-01,26100.0,26560.0,25840.0,25840.0,28231050
2014-08-04,26000.0,26340.0,25820.0,26340.0,12066750
2014-08-05,26020.0,26420.0,26000.0,26320.0,8626450
2014-08-06,26120.0,26320.0,25900.0,26000.0,10830100
2014-08-07,26000.0,26040.0,25700.0,25800.0,9527250
2014-08-08,25680.0,25700.0,24960.0,25000.0,20621450
2014-08-11,25500.0,25640.0,25140.0,25400.0,18619250
2014-08-12,25400.0,25880.0,25240.0,25320.0,8995700
2014-08-13,25500.0,25500.0,24960.0,25280.0,12845000
2014-08-14,25480.0,25640.0,25080.0,25220.0,10447350
2014-08-18,25580.0,25600.0,25000.0,25000.0,10518950
2014-08-19,25280.0,25460.0,25060.0,25080.0,10044400
2014-08-20,25280.0,25420.0,25020.0,25220.0,9430600
2014-08-21,25100.0,25220.0,24620.0,24700.0,17105400
2014-08-22,24900.0,24940.0,24700.0,24940.0,8407650
2014-08-25,24620.0,24620.0,24420.0,24560.0,11577200
2014-08-26,24700.0,24700.0,24420.0,24440.0,10719450
2014-08-27,24460.0,24740.0,24440.0,24600.0,12171000
2014-08-28,25160.0,25160.0,24720.0,24840.0,10311850
2014-08-29,24760.0,24760.0,24560.0,24680.0,14558250
2014-09-01,24720.0,24740.0,24480.0,24520.0,5664050
2014-09-02,24420.0,24500.0,23880.0,23880.0,15899600
2014-09-03,24000.0,24000.0,23600.0,23780.0,21238750
2014-09-04,24200.0,24320.0,24040.0,24200.0,12099950
2014-09-05,24300.0,24320.0,23900.0,24020.0,10770400
2014-09-11,24000.0,24140.0,23840.0,23840.0,23309200
2014-09-12,24000.0,24160.0,24000.0,24020.0,10872350
2014-09-15,24140.0,24160.0,23920.0,24000.0,7161500
2014-09-16,24160.0,24300.0,24020.0,24120.0,7092400
2014-09-17,24140.0,24520.0,24140.0,24520.0,7545750
2014-09-18,24600.0,24600.0,24080.0,24200.0,9476750
2014-09-19,24460.0,24460.0,24120.0,24200.0,13435050
2014-09-22,24080.0,24080.0,23600.0,23760.0,16022100
2014-09-23,23560.0,23700.0,23220.0,23220.0,19541400
2014-09-24,23040.0,23220.0,22820.0,23000.0,15789200
2014-09-25,23240.0,23320.0,22940.0,23120.0,19414500
2014-09-26,23040.0,23700.0,22960.0,23700.0,12413550
2014-09-29,23860.0,24000.0,23400.0,23900.0,9401000
2014-09-30,23700.0,23760.0,23300.0,23680.0,12379300
2014-10-01,23480.0,23660.0,23120.0,23120.0,11929800
2014-10-02,23300.0,23300.0,22820.0,22820.0,12732750
2014-10-06,22900.0,23120.0,22760.0,23020.0,21252900
2014-10-07,23240.0,23720.0,23240.0,23240.0,10149150
2014-10-08,22840.0,23020.0,22480.0,22600.0,14720550
2014-10-10,22000.0,22280.0,21980.0,22100.0,21837450
2014-10-13,21640.0,22540.0,21560.0,22160.0,11344750
2014-10-14,22540.0,22920.0,22400.0,22540.0,16572550
2014-10-15,22560.0,22900.0,22400.0,22500.0,14143600
2014-10-16,22320.0,22420.0,22080.0,22300.0,15148300
2014-10-17,22120.0,22300.0,21740.0,21780.0,16281750
2014-10-20,22300.0,22340.0,22020.0,22120.0,9476750
2014-10-21,21880.0,22000.0,21620.0,21660.0,11766050
2014-10-22,21940.0,22080.0,21800.0,22080.0,11127700
2014-10-23,22260.0,22260.0,21800.0,21880.0,8505900
2014-10-24,22060.0,22240.0,21840.0,22240.0,8378450
2014-10-27,22020.0,22220.0,21740.0,21900.0,8388600
2014-10-28,21800.0,22000.0,21720.0,21820.0,6243850
2014-10-29,22000.0,22600.0,21800.0,22600.0,13726100
2014-10-30,22580.0,23660.0,22300.0,23620.0,24566950
2014-10-31,23960.0,25000.0,23700.0,24880.0,38623150
2014-11-03,25000.0,25040.0,24320.0,24700.0,13475800
2014-11-04,24380.0,24840.0,24100.0,24340.0,13000300
2014-11-05,24300.0,24500.0,23880.0,24040.0,10162150
2014-11-06,23960.0,24200.0,23860.0,24080.0,8570150
2014-11-07,24360.0,24360.0,23900.0,24120.0,6030200
2014-11-10,24520.0,25380.0,24440.0,25360.0,19202900
2014-11-11,25100.0,25220.0,24540.0,24620.0,12141400
2014-11-12,24620.0,24680.0,24380.0,24600.0,9079600
2014-11-13,24560.0,24640.0,23980.0,24000.0,11547150
2014-11-14,24020.0,24020.0,23600.0,23880.0,10621750
2014-11-17,23800.0,24400.0,23640.0,24100.0,9693950
2014-11-18,24400.0,24540.0,24300.0,24400.0,10754700
2014-11-19,24760.0,24760.0,24240.0,24360.0,12502750
2014-11-20,24120.0,24400.0,24120.0,24200.0,10024150
2014-11-21,24380.0,24520.0,24340.0,24460.0,12336350
2014-11-24,24940.0,24960.0,24200.0,24400.0,10284300
2014-11-25,24480.0,24480.0,23800.0,23800.0,17811050
2014-11-26,23800.0,24220.0,23640.0,24020.0,12287900
2014-11-27,25460.0,26020.0,25280.0,25280.0,44377800
2014-11-28,25900.0,25920.0,25480.0,25740.0,9844550
2014-12-01,25880.0,25960.0,25740.0,25900.0,12866850
2014-12-02,25900.0,25900.0,25320.0,25900.0,9222700
2014-12-03,26000.0,26020.0,25900.0,25960.0,9735500
2014-12-04,26040.0,26060.0,25960.0,26000.0,8871350
2014-12-05,26280.0,26280.0,26000.0,26040.0,5637800
2014-12-08,26060.0,26420.0,26040.0,26380.0,7916550
2014-12-09,26380.0,27140.0,26380.0,26980.0,13553100
2014-12-10,26920.0,26920.0,26340.0,26340.0,15977800
2014-12-11,26340.0,26380.0,25880.0,26100.0,20490850
2014-12-12,26060.0,26080.0,25480.0,25720.0,14397250
2014-12-15,25600.0,25600.0,25200.0,25460.0,14337950
2014-12-16,25400.0,25780.0,25360.0,25580.0,12894750
2014-12-17,25580.0,25660.0,25060.0,25320.0,13088650
2014-12-18,25320.0,25580.0,25040.0,25320.0,11808250
2014-12-19,25880.0,26560.0,25740.0,26560.0,18356500
2014-12-22,26900.0,26940.0,26360.0,26900.0,17943850
2014-12-23,26920.0,26980.0,26740.0,26780.0,10976350
2014-12-24,26780.0,26860.0,26780.0,26860.0,6257000
2014-12-26,26860.0,27100.0,26860.0,27040.0,11488100
2014-12-29,26900.0,26940.0,26580.0,26580.0,9637450
2014-12-30,26600.0,26700.0,26420.0,26540.0,10649100
2015-01-02,26800.0,26800.0,26540.0,26600.0,8774950
2015-01-05,26720.0,26720.0,26260.0,26660.0,10139500
2015-01-06,26300.0,26340.0,25760.0,25900.0,15235500
2015-01-07,25880.0,26220.0,25640.0,26140.0,14322750
2015-01-08,26780.0,26780.0,26200.0,26280.0,14477600
2015-01-09,26280.0,26440.0,26280.0,26280.0,9312400
2015-01-12,26260.0,26380.0,26020.0,26320.0,8325400
2015-01-13,26280.0,26800.0,26000.0,26780.0,12293400
2015-01-14,26780.0,27100.0,26700.0,26900.0,14332250
2015-01-15,26900.0,26980.0,26580.0,26680.0,14103900
2015-01-16,26680.0,26680.0,26260.0,26320.0,13568500
2015-01-19,26580.0,26980.0,26400.0,26860.0,6672950
2015-01-20,27000.0,27440.0,26900.0,27440.0,13278050
2015-01-21,27340.0,27900.0,27200.0,27900.0,16612650
2015-01-22,27960.0,27980.0,27560.0,27560.0,17957700
2015-01-23,28000.0,28000.0,27540.0,27720.0,12858750
2015-01-26,27500.0,27900.0,27280.0,27780.0,10153500
2015-01-27,27500.0,28000.0,27480.0,28000.0,9957200
2015-01-28,27720.0,27800.0,27480.0,27560.0,10831500
2015-01-29,27360.0,27900.0,27140.0,27200.0,13702250
2015-01-30,27200.0,27540.0,27200.0,27300.0,16110000
2015-02-02,27300.0,27540.0,27120.0,27360.0,10521000
2015-02-03,27600.0,27600.0,27180.0,27320.0,5654400
2015-02-04,27500.0,27620.0,27180.0,27180.0,9328900
2015-02-05,27180.0,27380.0,26920.0,27160.0,6770400
2015-02-06,26920.0,27480.0,26720.0,27440.0,8005050
2015-02-09,27200.0,27980.0,27140.0,27900.0,8693500
2015-02-10,28000.0,28000.0,27540.0,27560.0,6519350
2015-02-11,27480.0,27480.0,27080.0,27100.0,9973800
2015-02-12,26800.0,27160.0,26620.0,26880.0,10748200
2015-02-13,27200.0,27220.0,26900.0,27220.0,6522900
2015-02-16,27360.0,27480.0,27220.0,27480.0,6226500
2015-02-17,27480.0,27540.0,27280.0,27540.0,5745000
2015-02-23,27560.0,27800.0,27320.0,27340.0,15301800
2015-02-24,27700.0,27780.0,27280.0,27340.0,10863250
2015-02-25,27600.0,27700.0,27460.0,27580.0,8374250
2015-02-26,27580.0,27600.0,27360.0,27500.0,8179150
2015-02-27,27500.0,27520.0,27140.0,27140.0,13009400
2015-03-02,27500.0,28460.0,27340.0,28460.0,21805600
2015-03-03,28700.0,28740.0,28120.0,28360.0,13748800
2015-03-04,28220.0,28800.0,28200.0,28740.0,11603100
2015-03-05,28780.0,28860.0,28340.0,28440.0,9615600
2015-03-06,28280.0,28980.0,28120.0,28840.0,11733500
2015-03-09,28800.0,28800.0,28400.0,28400.0,7814600
2015-03-10,28680.0,28860.0,28400.0,28420.0,10419850
2015-03-11,28380.0,29580.0,28360.0,29480.0,21108650
2015-03-12,29200.0,29460.0,28940.0,28940.0,19153200
2015-03-13,29220.0,29580.0,29100.0,29140.0,9413100
2015-03-16,29160.0,29740.0,29100.0,29400.0,8974550
2015-03-17,29400.0,30000.0,29200.0,29940.0,13661150
2015-03-18,29920.0,30120.0,29720.0,30060.0,12464350
2015-03-19,30200.0,30200.0,29400.0,29400.0,13225800
2015-03-20,29500.0,29600.0,29200.0,29280.0,12704950
2015-03-23,29240.0,29480.0,29160.0,29340.0,8122900
2015-03-24,29100.0,29560.0,29100.0,29520.0,9113150
2015-03-25,29740.0,29760.0,29440.0,29700.0,9369050
2015-03-26,29000.0,29120.0,28420.0,28420.0,21005950
2015-03-27,28300.0,28960.0,28300.0,28420.0,16065800
2015-03-30,28500.0,28680.0,28240.0,28560.0,8955500
2015-03-31,28980.0,29040.0,28600.0,28820.0,9842650
2015-04-01,28740.0,28740.0,28400.0,28460.0,7266050
2015-04-02,28680.0,28800.0,28460.0,28680.0,6903400
2015-04-03,28680.0,28800.0,28400.0,28680.0,6270150
2015-04-06,28860.0,29800.0,28700.0,29400.0,10582600
2015-04-07,29560.0,29700.0,29240.0,29240.0,9526050
2015-04-08,29400.0,29700.0,29200.0,29580.0,7773400
2015-04-09,29400.0,29780.0,29400.0,29660.0,9107550
2015-04-10,29600.0,29880.0,29560.0,29800.0,9960100
2015-04-13,29580.0,29820.0,29360.0,29580.0,10293300
2015-04-14,29700.0,29700.0,29300.0,29480.0,9429750
2015-04-15,29200.0,29400.0,28540.0,28920.0,13551050
2015-04-16,29240.0,29540.0,28940.0,29540.0,10762350
2015-04-17,29540.0,29560.0,28940.0,29000.0,10172300
2015-04-20,28920.0,28960.0,28460.0,28600.0,12394900
2015-04-21,28420.0,28900.0,28400.0,28880.0,11852650
2015-04-22,28880.0,29460.0,28720.0,29220.0,12655550
2015-04-23,29400.0,29400.0,28800.0,29020.0,9245150
2015-04-24,28980.0,29100.0,28000.0,28200.0,19089900
2015-04-27,28200.0,28220.0,27500.0,27900.0,16517150
2015-04-28,27800.0,28000.0,27180.0,27320.0,15697300
2015-04-29,27340.0,27880.0,27280.0,27700.0,10895650
2015-04-30,27700.0,28360.0,27580.0,28200.0,18352850
2015-05-04,28140.0,28460.0,27940.0,28000.0,8283700
2015-05-06,27800.0,27820.0,27120.0,27240.0,13270500
2015-05-07,27240.0,27500.0,27080.0,27400.0,10257400
2015-05-08,27320.0,27400.0,26760.0,26760.0,9488100
2015-05-11,27200.0,27200.0,26720.0,26720.0,9640450
2015-05-12,26900.0,27060.0,26480.0,26620.0,10633200
2015-05-13,26980.0,26980.0,26520.0,26660.0,9877250
2015-05-14,26820.0,26860.0,26560.0,26800.0,8488500
2015-05-15,27100.0,27120.0,26420.0,26520.0,8922350
2015-05-18,26700.0,26700.0,26180.0,26400.0,9626850
2015-05-19,26420.0,27100.0,26140.0,26760.0,8680900
2015-05-20,26980.0,27400.0,26820.0,27320.0,10291450
2015-05-21,27420.0,27440.0,26880.0,27040.0,7210600
2015-05-22,27060.0,27060.0,26700.0,27000.0,8195800
2015-05-26,27320.0,27380.0,26720.0,27240.0,10034150
2015-05-27,27200.0,27320.0,26260.0,26280.0,17265450
2015-05-28,26340.0,26420.0,26020.0,26180.0,15048150
2015-05-29,26400.0,26420.0,25940.0,26140.0,17380750
2015-06-01,26000.0,26020.0,25760.0,25820.0,10921950
2015-06-02,26000.0,26060.0,25760.0,26060.0,8757550
2015-06-03,26060.0,26320.0,25300.0,25460.0,11769400
2015-06-04,26300.0,26820.0,26100.0,26740.0,19411950
2015-06-05,26500.0,27100.0,26400.0,26820.0,9828150
2015-06-08,26900.0,26940.0,26260.0,26280.0,10118950
2015-06-09,26000.0,26200.0,25360.0,25640.0,13735250
2015-06-10,25640.0,25880.0,25240.0,25240.0,12501700
2015-06-11,25260.0,25480.0,25060.0,25140.0,15314050
2015-06-12,25560.0,25740.0,25280.0,25540.0,11741500
2015-06-15,25100.0,25480.0,25100.0,25400.0,8067800
2015-06-16,25400.0,25480.0,24900.0,25100.0,12767600
2015-06-17,25000.0,25320.0,24800.0,25080.0,9452300
2015-06-18,25180.0,25580.0,25020.0,25300.0,8247600
2015-06-19,25320.0,25560.0,25200.0,25320.0,7094750
2015-06-22,25820.0,25920.0,25520.0,25620.0,6370900
2015-06-23,26180.0,26560.0,25820.0,26420.0,10159000
2015-06-24,26000.0,26220.0,25820.0,26040.0,10198000
2015-06-25,25800.0,26060.0,25380.0,25380.0,10695800
2015-06-26,25040.0,25800.0,25040.0,25560.0,10347500
2015-06-29,25380.0,25700.0,25120.0,25620.0,11519950
2015-06-30,25520.0,25700.0,25320.0,25360.0,9870350
2015-07-01,25360.0,26040.0,25180.0,25900.0,8324900
2015-07-02,25720.0,26080.0,25700.0,25980.0,8223000
2015-07-03,25740.0,25880.0,25340.0,25360.0,7130200
2015-07-06,25060.0,25200.0,24460.0,24600.0,10099950
2015-07-07,24400.0,25180.0,24400.0,24800.0,12478250
2015-07-08,24800.0,25020.0,24640.0,24780.0,11780950
2015-07-09,24600.0,25300.0,24520.0,25300.0,14030500
2015-07-10,25140.0,25320.0,24960.0,25180.0,9573400
2015-07-13,25000.0,25440.0,24900.0,25320.0,7672050
2015-07-14,25300.0,25400.0,24420.0,24500.0,19989700
2015-07-15,24500.0,24760.0,24480.0,24700.0,8370650
2015-07-16,24460.0,25740.0,24460.0,25640.0,11173450
2015-07-17,26000.0,26220.0,25560.0,26100.0,14861650
2015-07-20,25820.0,26080.0,25460.0,25500.0,6446400
2015-07-21,25500.0,25540.0,24940.0,25260.0,9702750
2015-07-22,24880.0,25200.0,24700.0,25060.0,13416150
2015-07-23,24880.0,25060.0,24680.0,24680.0,10448250
2015-07-24,24540.0,24760.0,24480.0,24580.0,9829200
2015-07-27,24580.0,24940.0,24560.0,24600.0,12152000
2015-07-28,24480.0,25020.0,24380.0,24600.0,13381350
2015-07-29,25000.0,25500.0,24620.0,25260.0,13734450
2015-07-30,25160.0,25200.0,24300.0,24300.0,15419600
2015-07-31,24400.0,24440.0,23500.0,23700.0,19579450
2015-08-03,23680.0,23680.0,23320.0,23500.0,9844550
2015-08-04,23500.0,23740.0,23400.0,23640.0,12844350
2015-08-05,23640.0,23640.0,23160.0,23180.0,12802500
2015-08-06,23100.0,23120.0,22300.0,22300.0,20199050
2015-08-07,22400.0,22740.0,22300.0,22720.0,13787100
2015-08-10,22800.0,22840.0,22600.0,22820.0,5722500
2015-08-11,23020.0,23580.0,22960.0,23140.0,11664300
2015-08-12,23000.0,23280.0,22800.0,23080.0,11154000
2015-08-13,23060.0,23060.0,22760.0,22800.0,7520550
2015-08-14,22800.0,22800.0,22800.0,22800.0,0
2015-08-17,22800.0,22820.0,22080.0,22080.0,11360850
2015-08-18,22360.0,22820.0,22340.0,22620.0,11583600
2015-08-19,23380.0,23520.0,22820.0,23080.0,20070750
2015-08-20,23260.0,23420.0,22600.0,22780.0,10805950
2015-08-21,21980.0,22560.0,21920.0,22020.0,20442550
2015-08-24,21760.0,22300.0,20660.0,21580.0,22429600
2015-08-25,21580.0,22140.0,21340.0,21580.0,19625950
2015-08-26,21360.0,21480.0,21000.0,21340.0,27947600
2015-08-27,21640.0,21720.0,21260.0,21340.0,24769400
2015-08-28,21720.0,21720.0,21460.0,21620.0,23111150
2015-08-31,21420.0,21780.0,21040.0,21780.0,20415450
2015-09-01,21780.0,21960.0,21620.0,21700.0,12018600
2015-09-02,21380.0,21900.0,21300.0,21800.0,15634150
2015-09-03,22040.0,22500.0,21860.0,22440.0,15200350
2015-09-04,22440.0,22880.0,22360.0,22580.0,12570650
2015-09-07,22580.0,22580.0,22100.0,22240.0,9590250
2015-09-08,22260.0,22720.0,22120.0,22620.0,9116500
2015-09-09,22920.0,22940.0,22720.0,22940.0,12968800
2015-09-10,22600.0,22780.0,22360.0,22680.0,18128400
2015-09-11,22520.0,22660.0,22300.0,22300.0,10208350
2015-09-14,22400.0,22480.0,22200.0,22480.0,8353650
2015-09-15,22280.0,22560.0,22260.0,22460.0,11647800
2015-09-16,22420.0,23140.0,22420.0,23040.0,17188150
2015-09-17,23060.0,23140.0,22880.0,23140.0,13698000
2015-09-18,22900.0,23840.0,22700.0,23800.0,21813500
2015-09-21,23260.0,23460.0,23000.0,23000.0,10267950
2015-09-22,22860.0,23000.0,22600.0,22900.0,12533750
2015-09-23,22880.0,22880.0,22500.0,22620.0,9882450
2015-09-24,22520.0,22700.0,22500.0,22520.0,6636050
2015-09-25,22400.0,22500.0,22180.0,22240.0,10458000
2015-09-30,22000.0,22680.0,21800.0,22680.0,22946800
2015-10-01,22800.0,22900.0,22420.0,22680.0,12052050
2015-10-02,22240.0,22660.0,22240.0,22380.0,13715100
2015-10-05,22380.0,22620.0,22300.0,22300.0,12096750
2015-10-06,22600.0,23100.0,22540.0,23020.0,19149350
2015-10-07,23960.0,25040.0,23720.0,25020.0,39975100
2015-10-08,25000.0,25580.0,25000.0,25400.0,28533850
2015-10-12,25200.0,25260.0,24940.0,25200.0,18948700
2015-10-13,25200.0,25440.0,24960.0,25040.0,9900000
2015-10-14,24960.0,25200.0,24740.0,25080.0,8752550
2015-10-15,24880.0,25640.0,24860.0,25380.0,12425150
2015-10-16,25300.0,25380.0,25180.0,25300.0,7198400
2015-10-19,25140.0,25300.0,24980.0,25120.0,5853500
2015-10-20,25200.0,25460.0,25120.0,25320.0,7517350
2015-10-21,25300.0,25640.0,25180.0,25400.0,6978350
2015-10-22,25600.0,25900.0,25380.0,25600.0,11533650
2015-10-23,26000.0,26000.0,25560.0,25780.0,13153550
2015-10-26,25960.0,25960.0,25440.0,25840.0,7608250
2015-10-27,25640.0,25980.0,25620.0,25960.0,6612050
2015-10-28,25880.0,26160.0,25820.0,26160.0,13565150
2015-10-29,26600.0,27840.0,26480.0,26500.0,31523550
2015-10-30,26900.0,27800.0,26820.0,27440.0,25469250
2015-11-02,27700.0,27860.0,27480.0,27660.0,19327300
2015-11-03,27620.0,27620.0,27000.0,27040.0,15092000
2015-11-04,27040.0,27220.0,26520.0,26600.0,14053500
2015-11-05,26600.0,27080.0,26600.0,26840.0,8652100
2015-11-06,26860.0,26960.0,26600.0,26760.0,8216100
2015-11-09,26760.0,26880.0,26420.0,26880.0,9283050
2015-11-10,26720.0,26820.0,26280.0,26420.0,9877550
2015-11-11,26420.0,26900.0,26420.0,26660.0,7022450
2015-11-12,26660.0,26680.0,26340.0,26340.0,7870850
2015-11-13,26340.0,26340.0,26000.0,26000.0,8883850
2015-11-16,25820.0,25820.0,25260.0,25260.0,13785250
2015-11-17,25500.0,25800.0,25400.0,25400.0,9309200
2015-11-18,25440.0,25800.0,25440.0,25620.0,8386750
2015-11-19,25800.0,25800.0,25420.0,25780.0,9642500
2015-11-20,25780.0,25920.0,25560.0,25700.0,8436000
2015-11-23,25700.0,26040.0,25620.0,25640.0,9941000
2015-11-24,25640.0,26100.0,25640.0,25980.0,7978000
2015-11-25,26000.0,26200.0,25980.0,25980.0,7131350
2015-11-26,25980.0,26800.0,25980.0,26700.0,9290000
2015-11-27,26900.0,26980.0,26540.0,26540.0,8492700
2015-11-30,26500.0,26500.0,25680.0,25680.0,26700300
2015-12-01,25880.0,26440.0,25760.0,26420.0,12605650
2015-12-02,26420.0,26440.0,25880.0,26000.0,11481400
2015-12-03,25900.0,25940.0,25720.0,25800.0,8334750
2015-12-04,25500.0,25600.0,25340.0,25380.0,9635550
2015-12-07,25380.0,25500.0,25240.0,25240.0,9805350
2015-12-08,25240.0,25440.0,25240.0,25240.0,6916100
2015-12-09,25240.0,25500.0,25240.0,25260.0,9090600
2015-12-10,25260.0,25860.0,25260.0,25660.0,15193350
2015-12-11,25660.0,25900.0,25440.0,25680.0,10336450
2015-12-14,25460.0,25460.0,25100.0,25220.0,11140050
2015-12-15,25220.0,25600.0,25200.0,25540.0,8774700
2015-12-16,25560.0,26200.0,25560.0,25980.0,10398100
2015-12-17,26020.0,26160.0,25500.0,25800.0,8733850
2015-12-18,25300.0,25760.0,25280.0,25560.0,8418450
2015-12-21,25560.0,25700.0,25220.0,25600.0,8023300
2015-12-22,25600.0,25840.0,25340.0,25840.0,10309600
2015-12-23,25840.0,25980.0,25640.0,25900.0,10357400
2015-12-24,25900.0,26000.0,25700.0,25700.0,7807550
2015-12-28,25700.0,25780.0,25320.0,25320.0,11361500
2015-12-29,25300.0,25320.0,24820.0,25080.0,11647200
2015-12-30,25200.0,25440.0,25080.0,25200.0,10197900
2016-01-04,25200.0,25200.0,24100.0,24100.0,15346950
2016-01-05,24040.0,24360.0,23720.0,24160.0,10800100
2016-01-06,24160.0,24160.0,23360.0,23500.0,18337600
2016-01-07,23320.0,23660.0,23020.0,23260.0,14119400
2016-01-08,23260.0,23720.0,23260.0,23420.0,12888150
2016-01-11,23120.0,23320.0,22920.0,23040.0,12063850
2016-01-12,22960.0,23320.0,22880.0,22920.0,10314150
2016-01-13,23060.0,23180.0,22960.0,22960.0,7165800
2016-01-14,22620.0,22840.0,22620.0,22760.0,10451100
2016-01-15,22800.0,23040.0,22480.0,22640.0,10473200
2016-01-18,21760.0,22660.0,21760.0,22520.0,16010700
2016-01-19,22560.0,23420.0,22560.0,23420.0,10362100
2016-01-20,23200.0,23200.0,22640.0,22760.0,8352600
2016-01-21,22660.0,23100.0,22500.0,22620.0,9517600
2016-01-22,22900.0,23360.0,22900.0,23360.0,7376400
2016-01-25,23440.0,23520.0,23120.0,23240.0,7995650
2016-01-26,23100.0,23140.0,22720.0,22740.0,7619950
2016-01-27,22520.0,23500.0,22520.0,23500.0,13811850
2016-01-28,23280.0,23360.0,22780.0,22900.0,15795600
2016-01-29,22800.0,23000.0,22320.0,23000.0,21849150
2016-02-01,23040.0,23260.0,23020.0,23260.0,12998950
2016-02-02,23220.0,23320.0,22940.0,23120.0,8317400
2016-02-03,23000.0,23040.0,22740.0,22920.0,8725350
2016-02-04,23000.0,23220.0,22960.0,23120.0,12397950
2016-02-05,23120.0,23380.0,23120.0,23280.0,9404700
2016-02-11,22360.0,22740.0,22360.0,22600.0,15263100
2016-02-12,22600.0,23020.0,22440.0,22600.0,12811600
2016-02-15,23080.0,23200.0,22880.0,23080.0,9157300
2016-02-16,23160.0,23580.0,23140.0,23360.0,9020050
2016-02-17,23580.0,24020.0,23380.0,23700.0,12303100
2016-02-18,24060.0,24060.0,23560.0,23740.0,11124050
2016-02-19,23740.0,23900.0,23480.0,23800.0,8842600
2016-02-22,23800.0,23840.0,23320.0,23500.0,8744950
2016-02-23,23580.0,23780.0,23460.0,23620.0,7383700
2016-02-24,23560.0,23580.0,23220.0,23440.0,7024200
2016-02-25,23440.0,23740.0,23440.0,23580.0,6681750
2016-02-26,23600.0,23740.0,23440.0,23440.0,8867200
2016-02-29,23580.0,23880.0,23520.0,23560.0,14434000
2016-03-02,24000.0,24140.0,23920.0,23940.0,11818600
2016-03-03,24260.0,24400.0,24040.0,24400.0,10949550
2016-03-04,24400.0,24560.0,24040.0,24300.0,10074500
2016-03-07,24400.0,24620.0,24300.0,24460.0,6568800
2016-03-08,24460.0,24480.0,23720.0,23840.0,10810100
2016-03-09,23760.0,23980.0,23540.0,23880.0,9169000
2016-03-10,24160.0,24720.0,24020.0,24500.0,14177000
2016-03-11,24500.0,25060.0,24320.0,24980.0,13361250
2016-03-14,25340.0,25460.0,24980.0,25100.0,10857700
2016-03-15,25100.0,25280.0,24920.0,25060.0,8640400
2016-03-16,25120.0,25260.0,25060.0,25120.0,7342800
2016-03-17,25300.0,25920.0,25140.0,25260.0,12343450
2016-03-18,25560.0,25560.0,25260.0,25460.0,11265700
2016-03-21,25480.0,25580.0,25160.0,25340.0,9058500
2016-03-22,25340.0,25580.0,25240.0,25380.0,10143600
2016-03-23,25380.0,25580.0,25240.0,25580.0,9870900
2016-03-24,25580.0,25800.0,25320.0,25640.0,10939750
2016-03-25,25660.0,25800.0,25560.0,25760.0,7172300
2016-03-28,25760.0,26000.0,25760.0,25880.0,6060900
2016-03-29,25880.0,26000.0,25700.0,25800.0,8622700
2016-03-30,26200.0,26420.0,26040.0,26160.0,13380250
2016-03-31,26120.0,26280.0,25960.0,26240.0,19130750
2016-04-01,25980.0,26180.0,25420.0,25580.0,13557800
2016-04-04,25580.0,26100.0,25580.0,26100.0,9402300
2016-04-05,25980.0,25980.0,25200.0,25200.0,11815950
2016-04-06,25380.0,25820.0,25360.0,25700.0,9211700
2016-04-07,26000.0,26000.0,25160.0,25380.0,12939750
2016-04-08,25380.0,25380.0,24800.0,24920.0,12593400
2016-04-11,24920.0,25420.0,24920.0,25320.0,6034650
2016-04-12,25400.0,25620.0,25320.0,25500.0,6702700
2016-04-14,26000.0,26040.0,25780.0,26000.0,16766350
2016-04-15,26180.0,26200.0,25800.0,26000.0,6829950
2016-04-18,25900.0,26100.0,25840.0,25980.0,6423700
2016-04-19,25880.0,25920.0,25660.0,25760.0,7238300
2016-04-20,25640.0,26000.0,25640.0,25980.0,8598600
2016-04-21,26000.0,26020.0,25760.0,25880.0,7254450
2016-04-22,25880.0,25880.0,25540.0,25600.0,5741500
2016-04-25,25700.0,25700.0,25420.0,25620.0,4597850
2016-04-26,25700.0,26100.0,25660.0,25920.0,8345050
2016-04-27,25880.0,26000.0,25720.0,26000.0,8297300
2016-04-28,26000.0,26000.0,25220.0,25300.0,14653450
2016-04-29,25200.0,25340.0,24840.0,24900.0,16253900
2016-05-02,24940.0,25240.0,24900.0,25000.0,7027600
2016-05-03,25340.0,25400.0,25120.0,25220.0,7903300
2016-05-04,25440.0,25800.0,25240.0,25800.0,14702750
2016-05-09,25800.0,26000.0,25700.0,25980.0,13718100
2016-05-10,25980.0,26000.0,25760.0,25920.0,8559550
2016-05-11,25920.0,25980.0,25740.0,25840.0,8834400
2016-05-12,25840.0,25840.0,25500.0,25620.0,7615100
2016-05-13,25620.0,25620.0,25020.0,25060.0,12284900
2016-05-16,25060.0,25260.0,24940.0,24960.0,11720150
2016-05-17,24980.0,25300.0,24980.0,25280.0,9183550
2016-05-18,25280.0,25420.0,25100.0,25360.0,9169600
2016-05-19,25360.0,25540.0,25320.0,25400.0,10012450
2016-05-20,25400.0,25600.0,25380.0,25380.0,7960550
2016-05-23,25380.0,25720.0,25380.0,25720.0,8112550
2016-05-24,25720.0,25780.0,25360.0,25420.0,10434600
2016-05-25,25660.0,25960.0,25480.0,25900.0,11862750
2016-05-26,25980.0,26060.0,25900.0,25920.0,12653650
2016-05-27,26000.0,26020.0,25460.0,25640.0,13744550
2016-05-30,25940.0,25940.0,25480.0,25600.0,10315350
2016-05-31,25600.0,26000.0,25360.0,25840.0,62527700
2016-06-01,25960.0,26820.0,25900.0,26660.0,23504000
2016-06-02,27000.0,27440.0,26920.0,27300.0,23806950
2016-06-03,27400.0,27580.0,27280.0,27540.0,17066200
2016-06-07,27720.0,28040.0,27600.0,27960.0,23142150
2016-06-08,28380.0,28380.0,27780.0,28120.0,18808100
2016-06-09,28160.0,28600.0,28120.0,28600.0,25768750
2016-06-10,28480.0,28500.0,28080.0,28120.0,14484050
2016-06-13,27920.0,27920.0,27240.0,27420.0,15248300
2016-06-14,27420.0,27720.0,27380.0,27600.0,12273050
2016-06-15,27700.0,28320.0,27660.0,28260.0,15334450
2016-06-16,28260.0,28340.0,27900.0,28180.0,14621550
2016-06-17,28200.0,28700.0,28200.0,28520.0,16419700
2016-06-20,28540.0,28960.0,28520.0,28620.0,13515800
2016-06-21,28640.0,28980.0,28520.0,28960.0,10020550
2016-06-22,28920.0,29000.0,28620.0,28900.0,8948250
2016-06-23,28880.0,28900.0,28540.0,28600.0,11256300
2016-06-24,28900.0,28900.0,27200.0,28000.0,20552600
2016-06-27,28000.0,28100.0,27700.0,27960.0,11839000
2016-06-28,27800.0,28080.0,27580.0,27980.0,10718950
2016-06-29,28160.0,28240.0,27820.0,27920.0,10527050
2016-06-30,28160.0,28900.0,27940.0,28500.0,13671700
2016-07-01,28540.0,29580.0,28540.0,29320.0,14393600
2016-07-04,29280.0,29480.0,29020.0,29320.0,7995000
2016-07-05,29320.0,29500.0,29240.0,29380.0,7870350
2016-07-06,28940.0,29040.0,28240.0,28420.0,16749150
2016-07-07,28420.0,29000.0,28320.0,29000.0,11495200
2016-07-08,29000.0,29500.0,28980.0,29200.0,13498150
2016-07-11,29200.0,30000.0,29200.0,29780.0,14056800
2016-07-12,29980.0,30100.0,29200.0,29280.0,11024700
2016-07-13,29920.0,29920.0,29260.0,29620.0,10009900
2016-07-14,29620.0,30000.0,29520.0,30000.0,12430250
2016-07-15,30000.0,30440.0,29720.0,30360.0,11623150
2016-07-18,30360.0,30660.0,30000.0,30660.0,11567200
2016-07-19,30560.0,30800.0,30440.0,30660.0,10122250
2016-07-20,30660.0,30840.0,30480.0,30800.0,7773150
2016-07-21,30800.0,30940.0,30740.0,30860.0,8544700
2016-07-22,30120.0,30560.0,30120.0,30320.0,8585150
2016-07-25,30000.0,30460.0,29900.0,30040.0,7732500
2016-07-26,30000.0,30620.0,29960.0,30600.0,7228500
2016-07-27,30240.0,30580.0,30240.0,30540.0,6335050
2016-07-28,30660.0,30720.0,29960.0,30140.0,9503700
2016-07-29,30400.0,31140.0,30220.0,30780.0,14985600
2016-08-01,31380.0,31600.0,31200.0,31360.0,11515400
2016-08-02,31360.0,31360.0,30920.0,30960.0,8315800
2016-08-03,30960.0,30960.0,30340.0,30340.0,7504900
2016-08-04,30380.0,30660.0,30340.0,30340.0,7009950
2016-08-05,30580.0,31280.0,30500.0,31220.0,6958850
2016-08-08,31320.0,31500.0,31120.0,31380.0,11125150
2016-08-09,31480.0,31580.0,31140.0,31340.0,9023200
2016-08-10,31340.0,31400.0,30680.0,30820.0,12340350
2016-08-11,30820.0,31180.0,30520.0,31180.0,10533600
2016-08-12,31180.0,31400.0,30880.0,30900.0,10474850
2016-08-16,30900.0,31520.0,30900.0,31360.0,10843100
2016-08-17,31380.0,31400.0,31020.0,31320.0,7446450
2016-08-18,31340.0,32880.0,31320.0,32800.0,18327050
2016-08-19,32760.0,33500.0,32720.0,33500.0,16805150
2016-08-22,33480.0,33840.0,33180.0,33300.0,12612200
2016-08-23,33300.0,33880.0,33140.0,33740.0,11545700
2016-08-24,33600.0,33640.0,32720.0,33060.0,15938550
2016-08-25,32600.0,33180.0,32440.0,32780.0,14173800
2016-08-26,32120.0,32460.0,32060.0,32240.0,12058000
2016-08-29,32040.0,32800.0,31940.0,32800.0,8925750
2016-08-30,32940.0,33420.0,32660.0,32900.0,7849600
2016-08-31,32820.0,32820.0,32220.0,32400.0,20532200
2016-09-01,31660.0,31760.0,31260.0,31740.0,18790150
2016-09-02,31900.0,32260.0,31760.0,31940.0,8153000
2016-09-05,31800.0,32300.0,31700.0,32120.0,8383800
2016-09-06,32140.0,32900.0,31940.0,32860.0,7660150
2016-09-07,32960.0,33040.0,32420.0,32420.0,9591850
2016-09-08,32460.0,32780.0,32280.0,32780.0,12070850
2016-09-09,32220.0,32360.0,31280.0,31500.0,13258400
2016-09-12,29800.0,30120.0,29120.0,29300.0,26499350
2016-09-13,30160.0,30980.0,29900.0,30540.0,24717250
2016-09-19,30760.0,31380.0,30720.0,31160.0,22408150
2016-09-20,31180.0,31760.0,31180.0,31700.0,12921150
2016-09-21,31900.0,32020.0,31520.0,31840.0,10509050
2016-09-22,32000.0,32820.0,31980.0,32360.0,11429950
2016-09-23,31640.0,31960.0,31320.0,31420.0,18299650
2016-09-26,31420.0,31920.0,31280.0,31360.0,14524800
2016-09-27,31000.0,31500.0,30660.0,31380.0,9834400
2016-09-28,31080.0,31460.0,31080.0,31340.0,8706400
2016-09-29,31460.0,32380.0,31440.0,32000.0,11397550
2016-09-30,31800.0,32300.0,31700.0,31960.0,11762700
2016-10-04,32200.0,32480.0,32120.0,32280.0,13053100
2016-10-05,32020.0,32520.0,31940.0,32380.0,12470450
2016-10-06,33920.0,34000.0,33340.0,33820.0,29558150
2016-10-07,34000.0,34320.0,33800.0,34120.0,26050550
2016-10-10,33000.0,33780.0,32560.0,33600.0,25293300
2016-10-11,32000.0,32500.0,30900.0,30900.0,38427150
2016-10-12,29900.0,30900.0,29880.0,30700.0,39088550
2016-10-13,31000.0,31620.0,30900.0,31140.0,21864550
2016-10-14,30960.0,31760.0,30940.0,31540.0,14158950
2016-10-17,31300.0,32040.0,30760.0,31800.0,12785200
2016-10-18,31440.0,31900.0,31440.0,31780.0,10384500
2016-10-19,31580.0,32860.0,31500.0,32500.0,15444550
2016-10-20,32520.0,33020.0,32180.0,32400.0,10330450
2016-10-21,32120.0,32260.0,31760.0,31780.0,10477500
2016-10-24,31860.0,32160.0,31800.0,32160.0,9289950
2016-10-25,32000.0,32080.0,31840.0,31940.0,9866100
2016-10-26,31940.0,31980.0,31240.0,31340.0,10534000
2016-10-27,31420.0,32340.0,31120.0,31460.0,14117000
2016-10-28,31600.0,32280.0,31600.0,32280.0,10214200
2016-10-31,32320.0,32780.0,32220.0,32780.0,12067200
2016-11-01,32600.0,33040.0,32240.0,33040.0,10347400
2016-11-02,32800.0,33040.0,32620.0,32860.0,10099250
2016-11-03,32600.0,32800.0,32120.0,32320.0,10341850
2016-11-04,32100.0,32680.0,32100.0,32540.0,7103850
2016-11-07,32940.0,33000.0,32680.0,32800.0,7661900
2016-11-08,32980.0,32980.0,32700.0,32880.0,5417450
2016-11-09,32920.0,33140.0,31820.0,31920.0,15683600
2016-11-10,32600.0,33000.0,32360.0,32980.0,11795350
2016-11-11,31700.0,32360.0,31700.0,31960.0,12836800
2016-11-14,31900.0,31920.0,31040.0,31060.0,15133300
2016-11-15,31060.0,31620.0,30780.0,30780.0,13665700
2016-11-16,30800.0,31280.0,30800.0,31160.0,13308200
2016-11-17,31100.0,31520.0,30900.0,31360.0,7870550
2016-11-18,31640.0,31760.0,31400.0,31720.0,9460750
2016-11-21,31300.0,32120.0,31300.0,31860.0,8180200
2016-11-22,32140.0,32900.0,32000.0,32800.0,9751100
2016-11-23,33220.0,33220.0,32520.0,32980.0,12668600
2016-11-24,32980.0,33040.0,32660.0,33000.0,7757150
2016-11-25,32820.0,33040.0,32660.0,33000.0,6276900
2016-11-28,33000.0,33620.0,32800.0,33540.0,13294050
2016-11-29,33800.0,33960.0,33380.0,33540.0,18081300
2016-11-30,33540.0,34940.0,33540.0,34920.0,28535200
2016-12-01,34800.0,35060.0,34660.0,34980.0,15535350
2016-12-02,34480.0,34760.0,34140.0,34540.0,15352950
2016-12-05,34340.0,34680.0,34220.0,34360.0,8484600
2016-12-06,34440.0,35200.0,34400.0,34960.0,14001800
2016-12-07,35040.0,35480.0,35040.0,35440.0,9603650
2016-12-08,35980.0,36020.0,35520.0,35800.0,16462550
2016-12-09,35900.0,35900.0,35400.0,35600.0,10652450
2016-12-12,34660.0,35360.0,34660.0,35040.0,11414450
2016-12-13,34620.0,35440.0,34620.0,35320.0,11684450
2016-12-14,35560.0,35680.0,35280.0,35540.0,7455100
2016-12-15,34820.0,35500.0,34820.0,35180.0,5773550
2016-12-16,35300.0,36020.0,35200.0,35860.0,11747700
2016-12-19,35620.0,36380.0,35620.0,35900.0,5435800
2016-12-20,35920.0,36400.0,35840.0,36240.0,7615200
2016-12-21,36360.0,36600.0,36020.0,36100.0,6552100
2016-12-22,36260.0,36300.0,35980.0,36180.0,6354600
2016-12-23,36020.0,36080.0,35600.0,35640.0,8334850
2016-12-26,35600.0,36000.0,35560.0,35960.0,4823600
2016-12-27,35980.0,36200.0,35860.0,35980.0,4653450
2016-12-28,35840.0,35980.0,35600.0,35760.0,6662900
2016-12-29,35420.0,36040.0,35400.0,36040.0,7516450
2017-01-02,35980.0,36240.0,35880.0,36100.0,4650600
2017-01-03,36280.0,36620.0,36020.0,36480.0,7357650
2017-01-04,36500.0,36520.0,36100.0,36160.0,7971750
2017-01-05,36060.0,36060.0,35540.0,35560.0,10967450
2017-01-06,36180.0,36440.0,36040.0,36200.0,8880950
2017-01-09,36600.0,37500.0,36560.0,37220.0,13194900
2017-01-10,37280.0,37400.0,37080.0,37240.0,9099800
2017-01-11,37520.0,38560.0,37420.0,38280.0,12018150
2017-01-12,38000.0,38800.0,37980.0,38800.0,11669150
2017-01-13,38100.0,38320.0,37460.0,37460.0,15954450
2017-01-16,36860.0,37820.0,36320.0,36660.0,16611500
2017-01-17,36580.0,37460.0,36580.0,36960.0,8150700
2017-01-18,37040.0,37500.0,36620.0,36940.0,8875400
2017-01-19,37720.0,37920.0,37020.0,37480.0,9418900
2017-01-20,37120.0,37420.0,36880.0,37200.0,9185000
2017-01-23,37200.0,38060.0,37000.0,38060.0,8810400
2017-01-24,38120.0,38580.0,37880.0,38160.0,11048750
2017-01-25,38340.0,39400.0,38320.0,39400.0,13433850
2017-01-26,39420.0,40000.0,39420.0,39900.0,15214500
2017-01-31,39900.0,39900.0,39460.0,39460.0,17992200
2017-02-01,39540.0,39660.0,39040.0,39120.0,14150400
2017-02-02,39600.0,39660.0,39200.0,39360.0,15029300
2017-02-03,39400.0,39500.0,39180.0,39460.0,10386350
2017-02-06,39580.0,39660.0,39140.0,39560.0,8860700
2017-02-07,39560.0,39580.0,38760.0,38820.0,14041800
2017-02-08,38740.0,38780.0,38200.0,38400.0,17092950
2017-02-09,38780.0,38840.0,38220.0,38400.0,13694150
2017-02-10,38400.0,38760.0,38300.0,38360.0,11020750
2017-02-13,37740.0,38060.0,37720.0,37960.0,11102050
2017-02-14,37960.0,38260.0,37320.0,37580.0,13124150
2017-02-15,37080.0,37960.0,37080.0,37720.0,14191550
2017-02-16,37800.0,38360.0,37780.0,38020.0,10226350
2017-02-17,37560.0,38040.0,37280.0,37860.0,15377450
2017-02-20,38220.0,38780.0,38160.0,38660.0,7485800
2017-02-21,38540.0,39560.0,38420.0,38940.0,10562600
2017-02-22,39000.0,39340.0,38980.0,39300.0,8539450
2017-02-23,39020.0,39440.0,39020.0,39180.0,10217300
2017-02-24,38960.0,39100.0,38060.0,38220.0,9296850
2017-02-27,38020.0,38140.0,37700.0,38060.0,9033700
2017-02-28,38060.0,38760.0,37960.0,38440.0,15088700
2017-03-02,38420.0,39860.0,38420.0,39720.0,21249800
2017-03-03,39340.0,39720.0,39160.0,39620.0,12708700
2017-03-06,39220.0,40220.0,39220.0,40080.0,12234850
2017-03-07,39800.0,40320.0,39800.0,40200.0,10553250
2017-03-08,40200.0,40620.0,40140.0,40200.0,12140950
2017-03-09,40200.0,40300.0,40020.0,40200.0,14372250
2017-03-10,39960.0,40420.0,39860.0,40180.0,10227800
2017-03-13,40040.0,40980.0,40040.0,40600.0,7424100
2017-03-14,40620.0,41540.0,40500.0,41360.0,11325050
2017-03-15,40800.0,41440.0,40800.0,41400.0,9587850
2017-03-16,41800.0,42180.0,41540.0,41840.0,9933150
2017-03-17,41800.0,42500.0,41720.0,42400.0,12602300
2017-03-20,42000.0,42120.0,41740.0,41900.0,10250050
2017-03-21,41780.0,42680.0,41760.0,42560.0,14220150
2017-03-22,41600.0,42460.0,41580.0,42460.0,16427250
2017-03-23,42200.0,42360.0,41700.0,41800.0,15397100
2017-03-24,41600.0,41980.0,41080.0,41500.0,12808150
2017-03-27,41200.0,41880.0,41180.0,41200.0,12177650
2017-03-28,41560.0,41840.0,41380.0,41480.0,8216250
2017-03-29,41740.0,41960.0,41580.0,41780.0,10093250
2017-03-30,41880.0,42440.0,41880.0,41980.0,8204000
2017-03-31,41820.0,42020.0,41200.0,41200.0,10500300
2017-04-03,41400.0,41720.0,41300.0,41440.0,9579400
2017-04-04,41600.0,42180.0,41520.0,42080.0,12255500
2017-04-05,41900.0,42240.0,41700.0,42140.0,10699700
2017-04-06,42000.0,42080.0,41600.0,41840.0,9683400
2017-04-07,41800.0,41820.0,41160.0,41600.0,10021000
2017-04-10,41940.0,41940.0,41500.0,41940.0,7141350
2017-04-11,41940.0,41940.0,41580.0,41600.0,7172900
2017-04-12,41860.0,41940.0,41700.0,41900.0,8274900
2017-04-13,41660.0,42460.0,41660.0,42420.0,9040800
2017-04-14,42160.0,42260.0,41760.0,42020.0,5462850
2017-04-17,42000.0,42080.0,41520.0,41560.0,5224750
2017-04-18,41680.0,41820.0,41280.0,41500.0,6860650
2017-04-19,41300.0,41420.0,40900.0,40900.0,11762900
2017-04-20,40580.0,40800.0,40080.0,40280.0,21148850
2017-04-21,40480.0,41400.0,40480.0,40760.0,15130500
2017-04-24,41260.0,41260.0,40920.0,41240.0,8990150
2017-04-25,41460.0,42740.0,41320.0,42700.0,19299600
2017-04-26,42700.0,42800.0,42520.0,42800.0,14794800
2017-04-27,42700.0,44520.0,41960.0,43840.0,23032250
2017-04-28,45780.0,45800.0,44520.0,44620.0,22685700
2017-05-02,45500.0,45500.0,44760.0,44900.0,14068300
2017-05-04,45700.0,45700.0,44860.0,45520.0,13690100
2017-05-08,45520.0,47020.0,45340.0,47020.0,19582550
2017-05-10,46160.0,47220.0,45600.0,45600.0,23410950
2017-05-11,45420.0,46180.0,45220.0,45500.0,21277850
2017-05-12,45760.0,46160.0,45660.0,45820.0,9422900
2017-05-15,45620.0,46280.0,45620.0,46100.0,8001400
2017-05-16,46660.0,46800.0,46100.0,46380.0,8803750
2017-05-17,46120.0,46640.0,46100.0,46340.0,7424450
2017-05-18,45740.0,46000.0,45540.0,45940.0,11160350
2017-05-19,45640.0,45780.0,44720.0,44720.0,15762350
2017-05-22,45040.0,45380.0,44760.0,45100.0,17643550
2017-05-23,45400.0,45580.0,44900.0,44920.0,12607050
2017-05-24,44860.0,45300.0,44800.0,44880.0,8675400
2017-05-25,45160.0,45680.0,44800.0,45680.0,13044800
2017-05-26,45600.0,46460.0,45540.0,46080.0,13613650
2017-05-29,46220.0,46400.0,45380.0,45620.0,8739550
2017-05-30,45520.0,45660.0,44480.0,44640.0,12433600
2017-05-31,44580.0,45020.0,44400.0,44700.0,18669100
2017-06-01,44860.0,44900.0,44400.0,44680.0,9753500
2017-06-02,45060.0,45960.0,45000.0,45960.0,12488750
2017-06-05,46040.0,46360.0,45720.0,45940.0,7599400
2017-06-07,46500.0,46500.0,45240.0,45300.0,13729400
2017-06-08,45000.0,45580.0,45000.0,45160.0,13978750
2017-06-09,45680.0,46440.0,45600.0,46100.0,11732850
2017-06-12,45420.0,45600.0,45140.0,45380.0,10954300
2017-06-13,45140.0,45620.0,45140.0,45400.0,8624900
2017-06-14,45800.0,46060.0,45240.0,45360.0,10166700
2017-06-15,45680.0,45920.0,45180.0,45680.0,9657000
2017-06-16,45500.0,45940.0,45460.0,45580.0,17403450
2017-06-19,45580.0,46560.0,45560.0,46560.0,11303900
2017-06-20,47240.0,48140.0,47220.0,48140.0,15045000
2017-06-21,47740.0,48120.0,47480.0,47480.0,9973650
2017-06-22,47960.0,48080.0,47720.0,47960.0,11455800
2017-06-23,47600.0,47780.0,47420.0,47620.0,9515100
2017-06-26,47520.0,48360.0,47520.0,48280.0,8552800
2017-06-27,48220.0,48400.0,47900.0,48300.0,9616750
2017-06-28,47600.0,48000.0,47560.0,47700.0,9572500
2017-06-29,48040.0,48320.0,47940.0,47940.0,8306550
2017-06-30,47500.0,47620.0,47100.0,47540.0,11877550
2017-07-03,47500.0,47780.0,47120.0,47220.0,6805550
2017-07-04,47160.0,47400.0,46900.0,47000.0,7961000
2017-07-05,46820.0,47680.0,46780.0,47580.0,10640250
2017-07-06,48000.0,48100.0,47720.0,48060.0,10923050
2017-07-07,47740.0,48120.0,47620.0,47860.0,8131900
2017-07-10,48500.0,48900.0,48320.0,48660.0,10792750
2017-07-11,48640.0,49000.0,48280.0,49000.0,9717800
2017-07-12,49000.0,50000.0,48840.0,49880.0,9486150
2017-07-13,50080.0,50940.0,50040.0,50560.0,16034150
2017-07-14,51000.0,51080.0,50420.0,50480.0,8239000
2017-07-17,50900.0,51020.0,50520.0,50640.0,8976100
2017-07-18,50420.0,50880.0,50360.0,50840.0,7084450
2017-07-19,50620.0,50820.0,50000.0,50740.0,11157500
2017-07-20,50760.0,51320.0,50560.0,51200.0,8367600
2017-07-21,50860.0,51160.0,50520.0,51080.0,8449050
2017-07-24,50700.0,51000.0,50620.0,50860.0,7099750
2017-07-25,50500.0,50760.0,49940.0,50000.0,10810600
2017-07-26,49600.0,50020.0,49300.0,49840.0,11224800
2017-07-27,50000.0,50640.0,49560.0,49800.0,11449500
2017-07-28,49800.0,49800.0,47380.0,47760.0,26168300
2017-07-31,47420.0,48240.0,46920.0,48200.0,12701400
2017-08-01,48000.0,48840.0,47540.0,48600.0,11369500
2017-08-02,49200.0,49340.0,48600.0,49000.0,7777450
2017-08-03,49000.0,49000.0,47120.0,47780.0,15540800
2017-08-04,48160.0,48180.0,47500.0,47700.0,8359200
2017-08-07,47500.0,48080.0,47440.0,47580.0,7218250
2017-08-08,47980.0,48260.0,47480.0,47720.0,7979600
2017-08-09,47400.0,47400.0,46240.0,46280.0,14555400
2017-08-10,46200.0,46320.0,45460.0,45900.0,22986150
2017-08-11,45120.0,45300.0,44220.0,44620.0,25407300
2017-08-14,45120.0,45400.0,44720.0,45000.0,19185600
2017-08-16,46220.0,46380.0,46000.0,46200.0,21913650
2017-08-17,46960.0,47300.0,46740.0,47040.0,12415850
2017-08-18,46760.0,47240.0,46240.0,46900.0,10477950
2017-08-21,47240.0,47240.0,46580.0,46840.0,5103450
2017-08-22,46820.0,47160.0,46700.0,47000.0,7381750
2017-08-23,47780.0,47780.0,47180.0,47480.0,9384700
2017-08-24,47520.0,47660.0,47340.0,47520.0,8657450
2017-08-25,47880.0,47880.0,46720.0,47020.0,11243550
2017-08-28,47020.0,47240.0,45960.0,46100.0,9962100
2017-08-29,45640.0,46080.0,45160.0,46080.0,12623650
2017-08-30,46380.0,46400.0,45960.0,46200.0,7513000
2017-08-31,46220.0,46640.0,46000.0,46320.0,11011700
2017-09-01,46460.0,46640.0,46300.0,46480.0,10641700
2017-09-04,45780.0,46360.0,45500.0,46040.0,7943500
2017-09-05,46240.0,46900.0,45960.0,46760.0,11716100
2017-09-06,46760.0,47180.0,46700.0,47000.0,10811050
2017-09-07,47000.0,48220.0,47000.0,48120.0,9676500
2017-09-08,48700.0,49180.0,48580.0,49080.0,10893000
2017-09-11,49700.0,50180.0,49500.0,49800.0,10374750
2017-09-12,50200.0,50220.0,49140.0,49600.0,12029750
2017-09-13,49820.0,50400.0,49440.0,49620.0,9357000
2017-09-14,50060.0,50320.0,49760.0,50300.0,14204750
2017-09-15,50300.0,50560.0,49860.0,50400.0,10757300
2017-09-18,50540.0,52480.0,50520.0,52480.0,11524950
2017-09-19,52500.0,52640.0,51780.0,52120.0,9850400
2017-09-20,52120.0,52500.0,51840.0,52220.0,9292750
2017-09-21,52220.0,52960.0,52220.0,52800.0,8839800
2017-09-25,53000.0,53680.0,53000.0,53620.0,9303100
2017-09-26,53620.0,53620.0,53620.0,53620.0,0
2017-09-27,52000.0,52200.0,51500.0,51680.0,10797000
2017-09-28,52260.0,52460.0,51260.0,51260.0,12025450
2017-09-29,51180.0,51620.0,50840.0,51280.0,12909400
2017-10-10,53360.0,53640.0,52800.0,52800.0,20519800
2017-10-11,53600.0,54760.0,53340.0,54640.0,13652150
2017-10-12,54840.0,55160.0,54100.0,54800.0,13890700
2017-10-13,54540.0,54840.0,53780.0,54000.0,12601650
2017-10-16,53980.0,54860.0,53760.0,53920.0,9769950
2017-10-17,54020.0,55380.0,54000.0,54800.0,10607800
2017-10-18,54820.0,55240.0,54040.0,54760.0,10110750
2017-10-19,54700.0,54700.0,52980.0,52980.0,12108700
2017-10-20,52800.0,54100.0,52800.0,53840.0,8027050
2017-10-23,54600.0,54640.0,54000.0,54300.0,8311050
2017-10-24,54700.0,54780.0,54040.0,54040.0,5806050
2017-10-25,54040.0,54420.0,53700.0,53900.0,5882850
2017-10-26,53720.0,53900.0,52400.0,52400.0,9776550
2017-10-27,52400.0,53320.0,52140.0,53080.0,7392500
2017-10-30,53780.0,54320.0,53700.0,54040.0,8196150
2017-10-31,54060.0,55440.0,53500.0,55080.0,13381550
2017-11-01,57500.0,57500.0,56180.0,57220.0,14510250
2017-11-02,57500.0,57520.0,56760.0,57060.0,10721050
2017-11-03,57060.0,57140.0,55860.0,56380.0,9935800
2017-11-06,56380.0,56500.0,55340.0,56380.0,9000950
2017-11-07,56380.0,56920.0,55860.0,56100.0,7464550
2017-11-08,56100.0,57060.0,55860.0,56760.0,8520200
2017-11-09,56920.0,56920.0,55900.0,56340.0,11994050
2017-11-10,55800.0,56540.0,55780.0,56400.0,6748800
2017-11-13,56400.0,56800.0,56100.0,56380.0,8806650
2017-11-14,56380.0,56740.0,55920.0,55920.0,6725000
2017-11-15,55920.0,56320.0,55320.0,55340.0,8816950
2017-11-16,55440.0,56000.0,55400.0,55780.0,7640700
2017-11-17,56400.0,56880.0,55820.0,55820.0,10733150
2017-11-20,55900.0,55980.0,55200.0,55200.0,9472750
2017-11-21,55400.0,55840.0,55280.0,55280.0,10324700
2017-11-22,55980.0,56200.0,55620.0,55960.0,7952950
2017-11-23,55960.0,55980.0,55020.0,55300.0,6272900
2017-11-24,55300.0,55500.0,55180.0,55460.0,4536200
2017-11-27,55360.0,55360.0,52640.0,52640.0,18128900
2017-11-28,52700.0,53280.0,51720.0,53280.0,13499400
2017-11-29,53200.0,53240.0,52500.0,52600.0,9590250
2017-11-30,50800.0,51860.0,50200.0,50800.0,29634150
2017-12-01,50800.0,51780.0,50800.0,50840.0,12868600
2017-12-04,50840.0,51340.0,50020.0,51340.0,14865050
2017-12-05,50600.0,51300.0,50280.0,51260.0,9326550
2017-12-06,51260.0,51560.0,50020.0,50020.0,10889200
2017-12-07,50040.0,50980.0,50020.0,50740.0,11065600
2017-12-08,51360.0,52000.0,51040.0,52000.0,11290450
2017-12-11,52000.0,52040.0,51500.0,51780.0,8125850
2017-12-12,51820.0,52100.0,51660.0,52100.0,8765050
2017-12-13,52100.0,52100.0,51100.0,51320.0,11333700
2017-12-14,51320.0,52280.0,51060.0,51060.0,20310400
2017-12-15,51240.0,51480.0,50520.0,50620.0,14928550
2017-12-18,50620.0,51240.0,50620.0,51200.0,7350250
2017-12-19,51540.0,52080.0,51520.0,51560.0,11978600
2017-12-21,51000.0,51060.0,49100.0,49140.0,15624300
2017-12-22,49400.0,49960.0,49240.0,49700.0,11199650
2017-12-26,49760.0,50100.0,48200.0,48200.0,16039850
2017-12-27,48960.0,49560.0,48460.0,49360.0,10743600
2017-12-28,49560.0,50960.0,49500.0,50960.0,8985450
2018-01-02,51380.0,51400.0,50780.0,51020.0,8474250
2018-01-03,52540.0,52560.0,51420.0,51620.0,10013500
2018-01-04,52120.0,52180.0,50640.0,51080.0,11695450
2018-01-05,51300.0,52120.0,51200.0,52120.0,9481150
2018-01-08,52400.0,52520.0,51500.0,52020.0,8383650
2018-01-09,51460.0,51720.0,49980.0,50400.0,18013600
2018-01-10,50500.0,50520.0,48640.0,48840.0,18566800
2018-01-11,48200.0,49260.0,48020.0,48240.0,25123800
2018-01-12,48240.0,48480.0,46760.0,48200.0,27270450
2018-01-15,48800.0,48980.0,47920.0,48540.0,10096000
2018-01-16,48760.0,50140.0,48620.0,50000.0,20389650
2018-01-17,50020.0,50020.0,49060.0,49620.0,11053050
2018-01-18,50020.0,50640.0,49820.0,49900.0,14848850
2018-01-19,50380.0,50380.0,49040.0,49320.0,9219950
2018-01-22,48640.0,48680.0,47960.0,48240.0,12520900
2018-01-23,48660.0,49160.0,48300.0,49160.0,13532700
2018-01-24,48860.0,49700.0,48560.0,49340.0,9550500
2018-01-25,49220.0,50360.0,49160.0,50260.0,11160350
2018-01-26,50500.0,50780.0,49840.0,50780.0,10350100
2018-01-29,51200.0,51480.0,50900.0,51220.0,11838800
2018-01-30,50440.0,50640.0,49780.0,49800.0,12284550
2018-01-31,50020.0,54140.0,49600.0,49900.0,64681300
2018-02-01,50620.0,50960.0,49720.0,49820.0,27609450
2018-02-02,49380.0,49400.0,47700.0,47700.0,29260350
2018-02-05,46500.0,48320.0,46000.0,47920.0,28357900
2018-02-06,46600.0,47920.0,46580.0,47420.0,19406450
2018-02-07,48240.0,48260.0,45800.0,45800.0,23448050
2018-02-08,46120.0,46620.0,45980.0,46000.0,23251050
2018-02-09,44440.0,45180.0,44420.0,44700.0,17465000
2018-02-12,45100.0,46320.0,45040.0,45720.0,15754950
2018-02-13,46200.0,48060.0,46200.0,47540.0,18923250
2018-02-14,48080.0,49100.0,47940.0,49000.0,18905900
2018-02-19,49800.0,49800.0,47860.0,48380.0,15353450
2018-02-20,48040.0,48160.0,47220.0,47400.0,10122600
2018-02-21,47280.0,47580.0,46840.0,47280.0,12880200
2018-02-22,47260.0,47260.0,46760.0,46760.0,8869950
2018-02-23,46760.0,47800.0,46760.0,47220.0,12423300
2018-02-26,47280.0,47560.0,47080.0,47380.0,9560650
2018-02-27,48360.0,48380.0,47380.0,47380.0,9830550
2018-02-28,47380.0,48100.0,47000.0,47060.0,15162350
2018-03-02,46580.0,46800.0,46000.0,46020.0,13265500
2018-03-05,45820.0,46160.0,45080.0,45200.0,14100950
2018-03-06,45920.0,47100.0,45820.0,47020.0,15423350
2018-03-07,48200.0,48900.0,47220.0,48620.0,21427050
2018-03-08,49200.0,49480.0,48080.0,49200.0,19463650
2018-03-09,49440.0,50540.0,49240.0,49740.0,14304400
2018-03-12,50560.0,50780.0,49580.0,49740.0,8688950
2018-03-13,50760.0,51660.0,50360.0,51660.0,20098700
2018-03-14,51020.0,52000.0,51000.0,51760.0,12713250
2018-03-15,52000.0,52020.0,51020.0,51540.0,8882450
2018-03-16,51220.0,51420.0,50240.0,51140.0,12184900
2018-03-19,50620.0,51340.0,50440.0,50740.0,8218850
2018-03-20,50700.0,51200.0,50100.0,51200.0,8193250
2018-03-21,51780.0,51780.0,51060.0,51060.0,8905200
2018-03-22,51060.0,51780.0,51040.0,51780.0,8454100
2018-03-23,50340.0,50720.0,49600.0,49720.0,14854950
2018-03-26,49420.0,50280.0,49040.0,50280.0,10057750
2018-03-27,50320.0,50460.0,49080.0,49980.0,11874000
2018-03-28,49100.0,49100.0,48340.0,48700.0,15159450
2018-03-29,48700.0,49560.0,48320.0,49040.0,10067000
2018-03-30,49080.0,49900.0,49080.0,49220.0,7777100
2018-04-02,49000.0,49220.0,48500.0,48540.0,7115650
2018-04-03,47880.0,48140.0,47280.0,48120.0,12768250
2018-04-04,48160.0,48260.0,46920.0,46920.0,12384200
2018-04-05,47400.0,49380.0,47340.0,48740.0,13245600
2018-04-06,48000.0,48580.0,47400.0,48400.0,12532700
2018-04-09,48260.0,49440.0,48200.0,49200.0,9950400
2018-04-10,48540.0,49220.0,48040.0,48880.0,10984350
2018-04-11,49900.0,49900.0,48600.0,48860.0,10051100
2018-04-12,49440.0,49440.0,48880.0,49000.0,12466250
2018-04-13,49600.0,50180.0,49400.0,49800.0,10278300
2018-04-16,50320.0,50600.0,49860.0,50340.0,7877450
2018-04-17,50240.0,50540.0,49820.0,49980.0,7772000
2018-04-18,51000.0,51360.0,50580.0,51360.0,13462600
2018-04-19,52000.0,52980.0,51540.0,52780.0,17190550
2018-04-20,51800.0,52260.0,51420.0,51620.0,11761000
2018-04-23,51000.0,52080.0,51000.0,51900.0,11619000
2018-04-24,51840.0,51860.0,50080.0,50460.0,15770300
2018-04-25,49220.0,50500.0,49220.0,50400.0,16614600
2018-04-26,50420.0,52160.0,50400.0,52140.0,18046550
2018-04-27,53380.0,53640.0,52440.0,53000.0,30310800
2018-04-30,53000.0,53000.0,53000.0,53000.0,0
2018-05-02,53000.0,53000.0,53000.0,53000.0,0
2018-05-03,53000.0,53000.0,53000.0,53000.0,0
2018-05-04,53000.0,53900.0,51800.0,51900.0,39565391
2018-05-08,52600.0,53200.0,51900.0,52600.0,23104720
2018-05-09,52600.0,52800.0,50900.0,50900.0,16128305
2018-05-10,51700.0,51700.0,50600.0,51600.0,13905263
2018-05-11,52000.0,52200.0,51200.0,51300.0,10314997
2018-05-14,51000.0,51100.0,49900.0,50100.0,14909272
2018-05-15,50200.0,50400.0,49100.0,49200.0,18709146
2018-05-16,49200.0,50200.0,49150.0,49850.0,15918683
2018-05-17,50300.0,50500.0,49400.0,49400.0,10365440
2018-05-18,49900.0,49900.0,49350.0,49500.0,6706570
2018-05-21,49650.0,50200.0,49100.0,50000.0,9020998
2018-05-23,50600.0,52000.0,50400.0,51800.0,17095490
2018-05-24,52000.0,52000.0,51100.0,51400.0,8289275
2018-05-25,51000.0,52800.0,50800.0,52700.0,15207266
2018-05-28,52500.0,53000.0,52000.0,52300.0,9787820
2018-05-29,52200.0,52500.0,51300.0,51300.0,8480437
2018-05-30,51300.0,51500.0,49100.0,49500.0,20498098
2018-05-31,50400.0,50800.0,49850.0,50700.0,63491109
2018-06-01,50500.0,51700.0,49950.0,51300.0,13038499
2018-06-04,50800.0,51200.0,50700.0,51100.0,9767171
2018-06-05,51100.0,51400.0,50400.0,51300.0,9144100
2018-06-07,51800.0,51800.0,50500.0,50600.0,13590016
2018-06-08,50200.0,50400.0,49600.0,49650.0,16951706
2018-06-11,49750.0,50300.0,49350.0,49900.0,10571312
2018-06-12,49700.0,49800.0,49250.0,49400.0,12110569
2018-06-14,49000.0,49000.0,48200.0,48200.0,20971729
2018-06-15,48500.0,48700.0,47650.0,47650.0,17080892
2018-06-18,47600.0,47650.0,46200.0,46600.0,16661870
2018-06-19,47200.0,47350.0,46500.0,47000.0,15217971
2018-06-20,47450.0,47600.0,46850.0,47000.0,12959316
2018-06-21,47900.0,47900.0,47050.0,47050.0,10015541
2018-06-22,47000.0,47250.0,46200.0,47250.0,10298006
2018-06-25,47050.0,47050.0,46150.0,46650.0,10587711
2018-06-26,45900.0,47300.0,45900.0,47000.0,11223166
2018-06-27,47450.0,48500.0,47000.0,47950.0,15274752
2018-06-28,46850.0,47150.0,46600.0,46800.0,12784800
2018-06-29,46250.0,47150.0,46200.0,46650.0,14099635
2018-07-02,46500.0,47150.0,45500.0,45550.0,13112253
2018-07-03,45750.0,46450.0,45750.0,46150.0,10959655
2018-07-04,46700.0,47050.0,46050.0,46250.0,8776763
2018-07-05,46100.0,46550.0,45600.0,45950.0,7039773
2018-07-06,45500.0,45850.0,44650.0,44900.0,17843706
2018-07-09,45500.0,46100.0,45200.0,45600.0,11602464
2018-07-10,46200.0,46550.0,46100.0,46300.0,10528665
2018-07-11,46400.0,46450.0,45400.0,46000.0,11224077
2018-07-12,45900.0,46250.0,45450.0,45500.0,11828104
2018-07-13,45800.0,46500.0,45750.0,46500.0,11543389
2018-07-16,46800.0,46800.0,46000.0,46050.0,7678719
2018-07-17,46150.0,46200.0,45600.0,45850.0,8892953
2018-07-18,46700.0,47200.0,46450.0,46550.0,10952645
2018-07-19,47050.0,47200.0,46600.0,46900.0,9880128
2018-07-20,47000.0,47600.0,46700.0,47450.0,10474547
2018-07-23,47100.0,47200.0,46150.0,46500.0,10823782
2018-07-24,46350.0,46600.0,45950.0,46150.0,8261363
2018-07-25,46250.0,46550.0,45900.0,46150.0,7222471
2018-07-26,46100.0,47000.0,46000.0,46900.0,7374946
2018-07-27,46450.0,47000.0,46450.0,46900.0,4762460
2018-07-30,46550.0,46800.0,46350.0,46500.0,5723035
2018-07-31,46200.0,46450.0,46000.0,46250.0,8033607
2018-08-01,46050.0,46850.0,46050.0,46550.0,7484499
2018-08-02,46550.0,46800.0,45500.0,45550.0,8560924
2018-08-03,45850.0,45900.0,45450.0,45750.0,8274944
2018-08-06,46150.0,46150.0,45750.0,45800.0,6771979
2018-08-07,46300.0,46750.0,45900.0,46700.0,9058174
2018-08-08,47000.0,47000.0,46550.0,46800.0,6429338
2018-08-09,47000.0,47050.0,46450.0,46900.0,12010886
2018-08-10,46150.0,46400.0,44850.0,45400.0,16670643
2018-08-13,44950.0,45100.0,44650.0,45050.0,9803831
2018-08-14,44850.0,45400.0,44850.0,45150.0,6409259
2018-08-16,43800.0,44650.0,43700.0,44250.0,10088229
2018-08-17,44050.0,44400.0,44050.0,44100.0,6808747
2018-08-20,43500.0,44200.0,43500.0,43850.0,7289124
2018-08-21,43700.0,44900.0,43700.0,44800.0,9520270
2018-08-22,45150.0,46200.0,44900.0,46100.0,11641656
2018-08-23,46150.0,46200.0,45700.0,46200.0,6730918
2018-08-24,45900.0,46400.0,45550.0,46150.0,6582535
2018-08-27,46100.0,46550.0,46000.0,46300.0,5263782
2018-08-28,46800.0,46950.0,46300.0,46550.0,7365976
2018-08-29,46750.0,46800.0,46400.0,46800.0,5572374
2018-08-30,46950.0,47950.0,46700.0,47650.0,12193231
2018-08-31,47100.0,48450.0,47000.0,48450.0,13577454
2018-09-03,48200.0,48300.0,47300.0,47450.0,8595084
2018-09-04,47550.0,47800.0,47200.0,47650.0,6791255
2018-09-05,47300.0,47450.0,46400.0,46600.0,9139998
2018-09-06,46200.0,46400.0,45800.0,46100.0,9040553
2018-09-07,44500.0,45200.0,44400.0,44900.0,18285508
2018-09-10,45450.0,45550.0,45000.0,45500.0,9979838
2018-09-11,45550.0,45900.0,45050.0,45050.0,9865790
2018-09-12,44900.0,45100.0,44500.0,44550.0,12995269
2018-09-13,44550.0,44750.0,44000.0,44050.0,18277942
2018-09-14,45000.0,45850.0,44900.0,45850.0,12446344
2018-09-17,45550.0,45800.0,44900.0,45150.0,8123384
2018-09-18,44950.0,45900.0,44700.0,45500.0,9987090
2018-09-19,46000.0,46200.0,45700.0,46150.0,9367454
2018-09-20,46850.0,47600.0,46400.0,47250.0,13536966
2018-09-21,46550.0,47550.0,46550.0,47400.0,14476906
2018-09-27,46950.0,47500.0,46450.0,47500.0,15804586
2018-09-28,47250.0,47250.0,46300.0,46450.0,11270515
2018-10-01,46450.0,46800.0,45800.0,46350.0,6354983
2018-10-02,46450.0,46700.0,45700.0,45700.0,6607188
2018-10-04,45150.0,45600.0,44700.0,44700.0,11865327
2018-10-05,44800.0,45500.0,44550.0,44700.0,10544165
2018-10-08,44200.0,45200.0,44200.0,44950.0,6759464
2018-10-10,45250.0,45500.0,44500.0,45300.0,10341349
2018-10-11,44000.0,44650.0,43100.0,43100.0,19324537
2018-10-12,43200.0,44650.0,43200.0,44000.0,12640906
2018-10-15,44050.0,44050.0,43350.0,43800.0,7434522
2018-10-16,43700.0,44150.0,43350.0,43600.0,6825677
2018-10-17,44150.0,44500.0,44000.0,44150.0,8306193
2018-10-18,43950.0,44450.0,43700.0,44050.0,8347725
2018-10-19,43900.0,44150.0,43450.0,43900.0,7842520
2018-10-22,43450.0,43950.0,43200.0,43550.0,8357648
2018-10-23,43300.0,43450.0,42550.0,43050.0,9531231
2018-10-24,43050.0,43100.0,42250.0,42550.0,13522825
2018-10-25,40600.0,41550.0,40550.0,41000.0,19338170
2018-10-26,41100.0,41300.0,40400.0,41000.0,14413864
2018-10-29,40850.0,41950.0,40550.0,41400.0,14460521
2018-10-30,41400.0,43000.0,41000.0,42350.0,14205190
2018-10-31,42900.0,43350.0,41700.0,42400.0,17621480
2018-11-01,42450.0,42950.0,42150.0,42150.0,13423132
2018-11-02,43050.0,44250.0,42800.0,44150.0,16517112
2018-11-05,43750.0,43800.0,42900.0,43800.0,9426777
2018-11-06,43750.0,43800.0,42950.0,43750.0,7713625
2018-11-07,43600.0,44500.0,43400.0,44000.0,11553998
2018-11-08,44900.0,45050.0,44050.0,44050.0,12617397
2018-11-09,44450.0,44850.0,43900.0,44300.0,7318500
2018-11-12,43850.0,45250.0,43700.0,45200.0,8552566
2018-11-13,43900.0,44500.0,43400.0,44500.0,9311126
2018-11-14,44500.0,44500.0,43800.0,44100.0,6783344
2018-11-15,44050.0,44350.0,43500.0,44250.0,5864067
2018-11-16,44600.0,44750.0,43700.0,44000.0,7777124
2018-11-19,44050.0,44250.0,43450.0,43650.0,7538720
2018-11-20,42450.0,43000.0,42100.0,42800.0,9420664
2018-11-21,41800.0,42300.0,41800.0,42100.0,10769589
2018-11-22,42000.0,42650.0,42000.0,42450.0,5970796
2018-11-23,42450.0,42600.0,41900.0,42400.0,5192638
2018-11-26,42150.0,42800.0,42100.0,42600.0,6613009
2018-11-27,42900.0,43100.0,42500.0,43050.0,8367091
2018-11-28,42800.0,43200.0,42750.0,43150.0,6943099
2018-11-29,43850.0,43850.0,42900.0,43150.0,8473511
2018-11-30,43450.0,44000.0,41750.0,41850.0,19775519
2018-12-03,42750.0,43400.0,42400.0,43250.0,12110702
2018-12-04,42650.0,42900.0,41900.0,42150.0,14347746
2018-12-05,40900.0,41750.0,40850.0,41450.0,12631983
2018-12-06,40600.0,41100.0,40450.0,40500.0,14251826
2018-12-07,40900.0,41400.0,40850.0,40950.0,11433083
2018-12-10,40450.0,40650.0,40000.0,40200.0,14892263
2018-12-11,40600.0,40700.0,40200.0,40250.0,10638766
2018-12-12,40250.0,40700.0,40150.0,40450.0,12024279
2018-12-13,40650.0,40750.0,40000.0,40000.0,26254646
2018-12-14,40200.0,40200.0,38700.0,38950.0,19671783
2018-12-17,38650.0,39600.0,38650.0,39150.0,11532968
2018-12-18,38300.0,39200.0,38300.0,38900.0,11042101
2018-12-19,38900.0,39350.0,38850.0,39100.0,9942037
2018-12-20,38600.0,39100.0,38500.0,38650.0,11937617
2018-12-21,38200.0,38650.0,38100.0,38650.0,14947080
2018-12-24,38500.0,39050.0,38300.0,38800.0,9729530
2018-12-26,38400.0,38750.0,38300.0,38350.0,12707675
2018-12-27,38700.0,38800.0,38100.0,38250.0,10510643
2018-12-28,38250.0,38900.0,38200.0,38700.0,9900267
2019-01-02,39400.0,39400.0,38550.0,38750.0,7847664
2019-01-03,38300.0,38550.0,37450.0,37600.0,12471493
2019-01-04,37450.0,37600.0,36850.0,37450.0,14108958
2019-01-07,38000.0,38900.0,37800.0,38750.0,12748997
2019-01-08,38000.0,39200.0,37950.0,38100.0,12756554
2019-01-09,38650.0,39600.0,38300.0,39600.0,17452708
2019-01-10,40000.0,40150.0,39600.0,39800.0,14731699
2019-01-11,40350.0,40550.0,39950.0,40500.0,11661063
2019-01-14,40450.0,40700.0,39850.0,40050.0,11984996
2019-01-15,40050.0,41100.0,39850.0,41100.0,11492756
2019-01-16,41150.0,41450.0,40700.0,41450.0,8491595
2019-01-17,41700.0,42100.0,41450.0,41950.0,11736903
2019-01-18,42000.0,42400.0,41950.0,42300.0,11029256
2019-01-21,42700.0,42750.0,41900.0,42750.0,11355701
2019-01-22,42750.0,42850.0,41850.0,42150.0,9964356
2019-01-23,41350.0,42250.0,41350.0,42000.0,11071079
2019-01-24,43050.0,43100.0,42350.0,43050.0,14747623
2019-01-25,44300.0,44750.0,43750.0,44750.0,22789395
2019-01-28,45000.0,45500.0,44600.0,45050.0,17998914
2019-01-29,45050.0,45500.0,44350.0,45500.0,16215017
2019-01-30,44800.0,46400.0,44800.0,46400.0,17505980
2019-01-31,46650.0,47050.0,46150.0,46150.0,21621145
2019-02-01,46650.0,46950.0,46250.0,46350.0,13832454
2019-02-07,46800.0,47100.0,46200.0,46200.0,15872001
2019-02-08,45700.0,45700.0,44650.0,44800.0,12689196
2019-02-11,44500.0,45000.0,44250.0,45000.0,11125044
2019-02-12,44650.0,46250.0,44650.0,46050.0,13184367
2019-02-13,46400.0,46700.0,46000.0,46200.0,11299738
2019-02-14,46600.0,47500.0,46150.0,47500.0,17259341
2019-02-15,46750.0,46850.0,45650.0,46050.0,10554643
2019-02-18,46500.0,46850.0,45850.0,46200.0,8183728
2019-02-19,45850.0,46150.0,45450.0,45950.0,6741395
2019-02-20,46750.0,47100.0,46500.0,46900.0,11506720
2019-02-21,46500.0,47200.0,46200.0,46950.0,8694009
2019-02-22,46500.0,47150.0,46450.0,47150.0,6895772
2019-02-25,47400.0,47550.0,47050.0,47350.0,7484716
2019-02-26,47350.0,47450.0,46500.0,46750.0,7985547
2019-02-27,47000.0,47250.0,46750.0,46750.0,8045211
2019-02-28,46400.0,46500.0,45100.0,45100.0,23569321
2019-03-04,46000.0,46100.0,44800.0,44850.0,12926539
2019-03-05,44600.0,45100.0,44150.0,44250.0,10612405
2019-03-06,44000.0,44300.0,43700.0,44000.0,10202544
2019-03-07,43400.0,44950.0,43400.0,44450.0,11049749
2019-03-08,44450.0,44800.0,43800.0,43800.0,7729069
2019-03-11,44400.0,44450.0,43650.0,43650.0,10717408
2019-03-12,44300.0,44950.0,44150.0,44650.0,11431977
2019-03-13,44250.0,44450.0,43700.0,43850.0,8108343
2019-03-14,43700.0,44300.0,43550.0,43850.0,18039161
2019-03-15,43800.0,44250.0,43700.0,44200.0,16814163
2019-03-18,43950.0,44150.0,43450.0,43700.0,8188876
2019-03-19,43750.0,43900.0,43550.0,43900.0,7609563
2019-03-20,43800.0,44200.0,43100.0,44050.0,9846242
2019-03-21,44600.0,46250.0,44050.0,45850.0,21138016
2019-03-22,46850.0,47000.0,46250.0,46550.0,12535911
2019-03-25,45300.0,45650.0,44800.0,45500.0,8699728
2019-03-26,45500.0,45700.0,44900.0,45250.0,9729811
2019-03-27,44750.0,45600.0,44250.0,45350.0,9568081
2019-03-28,44950.0,45200.0,44300.0,44850.0,6821306
2019-03-29,44500.0,44900.0,44200.0,44650.0,11491713
2019-04-01,45200.0,45450.0,44850.0,45050.0,7362129
2019-04-02,45550.0,46100.0,45350.0,45750.0,9480688
2019-04-03,46750.0,46750.0,45800.0,46600.0,12436570
2019-04-04,46150.0,47100.0,46150.0,46950.0,12650168
2019-04-05,46950.0,47550.0,46600.0,46850.0,8546339
2019-04-08,47250.0,47250.0,46150.0,46650.0,8507909
2019-04-09,46700.0,46950.0,46200.0,46650.0,6878761
2019-04-10,46400.0,46700.0,46050.0,46700.0,11883995
2019-04-11,46700.0,46800.0,46150.0,46250.0,13697399
2019-04-12,46050.0,46900.0,46000.0,46850.0,7668936
2019-04-15,47150.0,47500.0,47000.0,47050.0,8733019
2019-04-16,47400.0,47400.0,46800.0,47250.0,7730881
2019-04-17,47300.0,47600.0,47000.0,47050.0,5513658
2019-04-18,47200.0,47250.0,45500.0,45600.0,12808747
2019-04-19,45750.0,46000.0,45250.0,45300.0,8479710
2019-04-22,45400.0,45900.0,45100.0,45350.0,6006957
2019-04-23,45050.0,45500.0,45000.0,45200.0,6920566
2019-04-24,45400.0,45650.0,44150.0,44750.0,13299267
2019-04-25,44250.0,45000.0,44100.0,44650.0,10868965
2019-04-26,44200.0,45000.0,43800.0,44850.0,9739982
2019-04-29,45150.0,46150.0,45100.0,46150.0,8777517
2019-04-30,46000.0,46300.0,45350.0,45850.0,11121273
2019-05-02,45500.0,46150.0,45400.0,45900.0,8625126
2019-05-03,45900.0,46050.0,45300.0,45300.0,6562916
2019-05-07,45250.0,45300.0,44400.0,44850.0,12014907
2019-05-08,44300.0,44850.0,44200.0,44250.0,10398754
2019-05-09,43900.0,44250.0,42450.0,42450.0,23029718
2019-05-10,42600.0,43450.0,42450.0,42900.0,14579512
2019-05-13,42500.0,43200.0,42350.0,42650.0,7635079
2019-05-14,41300.0,43100.0,41300.0,42650.0,11563730
2019-05-15,42700.0,43050.0,42550.0,42550.0,7670185
2019-05-16,42350.0,42400.0,41350.0,41550.0,13687828
2019-05-17,41950.0,42050.0,40850.0,41200.0,13357951
2019-05-20,41650.0,42100.0,41550.0,42000.0,15752397
2019-05-21,42600.0,43950.0,42350.0,43150.0,18812133
2019-05-22,43700.0,43800.0,42400.0,43500.0,11033339
2019-05-23,43900.0,44000.0,43250.0,43850.0,12259006
2019-05-24,43800.0,43800.0,42400.0,42700.0,13966305
2019-05-27,42500.0,43000.0,42350.0,42650.0,8066669
2019-05-28,42550.0,42950.0,42150.0,42550.0,24506881
2019-05-29,41850.0,42100.0,41300.0,41800.0,14930618
2019-05-30,42200.0,42700.0,42150.0,42550.0,11766018
2019-05-31,42600.0,42800.0,42150.0,42500.0,11365999
2019-06-03,42950.0,43900.0,42500.0,43800.0,15466580
2019-06-04,43400.0,43700.0,43000.0,43450.0,9913497
2019-06-05,44050.0,44200.0,43700.0,43900.0,12464135
2019-06-07,43600.0,44350.0,43450.0,44200.0,11683682
2019-06-10,44300.0,44850.0,44050.0,44800.0,8792182
2019-06-11,44800.0,45000.0,44550.0,44850.0,6664872
2019-06-12,44800.0,45050.0,44300.0,44600.0,8607439
2019-06-13,44200.0,44400.0,43400.0,43750.0,16906541
2019-06-14,43750.0,44150.0,43300.0,44000.0,9322873
2019-06-17,43750.0,44050.0,43400.0,43900.0,11890424
2019-06-18,43750.0,44500.0,43650.0,44350.0,7994928
2019-06-19,45450.0,45450.0,45000.0,45350.0,10417690
2019-06-20,44850.0,45500.0,44850.0,45500.0,7147785
2019-06-21,45750.0,45800.0,45200.0,45700.0,9454913
2019-06-24,45200.0,45800.0,45200.0,45500.0,6085066
2019-06-25,45200.0,45800.0,45200.0,45600.0,7076774
2019-06-26,45800.0,46000.0,45600.0,45700.0,9226097
2019-06-27,46000.0,46600.0,45750.0,46500.0,12603534
2019-06-28,47000.0,47000.0,46700.0,47000.0,12949231
2019-07-01,47350.0,47400.0,46250.0,46600.0,11383522
2019-07-02,46200.0,46900.0,45850.0,46250.0,8463073
2019-07-03,45750.0,46350.0,45200.0,45400.0,9669368
2019-07-04,45250.0,46200.0,45250.0,46000.0,6365573
2019-07-05,45950.0,45950.0,45250.0,45650.0,7235395
2019-07-08,44750.0,44800.0,44350.0,44400.0,7823843
2019-07-09,44850.0,45450.0,44700.0,45100.0,7646421
2019-07-10,45550.0,46150.0,45500.0,45550.0,9253930
2019-07-11,46350.0,46550.0,46150.0,46200.0,10989751
2019-07-12,46350.0,46400.0,45800.0,46300.0,5245804
2019-07-15,45950.0,46650.0,45750.0,46450.0,4717226
2019-07-16,46450.0,46850.0,46300.0,46850.0,7407824
2019-07-17,46150.0,46350.0,45950.0,46050.0,5216602
2019-07-18,46450.0,46450.0,45650.0,46100.0,5143554
2019-07-19,46650.0,46950.0,46600.0,46800.0,8819393
2019-07-22,46800.0,47300.0,46600.0,47200.0,9009109
2019-07-23,47350.0,47550.0,47050.0,47300.0,9061381
2019-07-24,47100.0,47150.0,46250.0,46400.0,8756522
2019-07-25,47150.0,47200.0,46600.0,47200.0,8408838
2019-07-26,46650.0,47150.0,46550.0,47150.0,7873886
2019-07-29,46800.0,47050.0,46000.0,46100.0,6856846
2019-07-30,46300.0,46850.0,46300.0,46550.0,5551014
2019-07-31,46200.0,46600.0,45000.0,45350.0,12872916
2019-08-01,44900.0,45500.0,44850.0,45200.0,7811181
2019-08-02,44550.0,45500.0,44300.0,44950.0,12151374
2019-08-05,44350.0,44600.0,43600.0,43950.0,14214086
2019-08-06,42500.0,43800.0,42500.0,43500.0,15083824
2019-08-07,43600.0,43900.0,43100.0,43200.0,10002533
2019-08-08,43250.0,43500.0,42650.0,42650.0,16926881
2019-08-09,43250.0,43350.0,43050.0,43150.0,9685147
2019-08-12,44000.0,44000.0,43550.0,43700.0,8466169
2019-08-13,43500.0,43500.0,42950.0,43000.0,7276979
2019-08-14,43900.0,44250.0,43500.0,43700.0,8750135
2019-08-16,43800.0,43900.0,43300.0,43900.0,9528115
2019-08-19,44350.0,44350.0,43500.0,43600.0,6014218
2019-08-20,43950.0,44600.0,43550.0,44450.0,8434205
2019-08-21,44350.0,44800.0,44150.0,44500.0,6571717
2019-08-22,44500.0,44700.0,43850.0,44050.0,8061177
2019-08-23,43800.0,44200.0,43650.0,43950.0,5017381
2019-08-26,43050.0,43800.0,42950.0,43600.0,7954949
2019-08-27,43650.0,44200.0,43600.0,44050.0,16883932
2019-08-28,44100.0,44400.0,43750.0,44150.0,5758333
2019-08-29,44200.0,44200.0,43050.0,43400.0,10768862
2019-08-30,43750.0,44300.0,43750.0,44000.0,9899073
2019-09-02,44850.0,44850.0,43650.0,43800.0,7185537
2019-09-03,43550.0,43650.0,43100.0,43250.0,9774941
2019-09-04,43250.0,44100.0,43150.0,44100.0,12441837
2019-09-05,44800.0,46100.0,44450.0,45700.0,18297430
2019-09-06,46500.0,46500.0,45850.0,46300.0,9896562
2019-09-09,46450.0,47000.0,46300.0,46900.0,9434157
2019-09-10,47100.0,47200.0,46550.0,47000.0,9231792
2019-09-11,47300.0,47400.0,46800.0,47150.0,16141619
2019-09-16,47000.0,47100.0,46400.0,47100.0,15550926
2019-09-17,47000.0,47100.0,46800.0,46900.0,7006280
2019-09-18,46900.0,47700.0,46800.0,47700.0,10413027
2019-09-19,48050.0,49200.0,47850.0,49150.0,16461413
2019-09-20,49400.0,49600.0,49100.0,49200.0,15460210
2019-09-23,49250.0,49300.0,49000.0,49300.0,7568553
2019-09-24,49050.0,49650.0,48850.0,49500.0,7871955
2019-09-25,49200.0,49350.0,48800.0,48900.0,9187141
2019-09-26,49000.0,49250.0,48900.0,49200.0,8494756
2019-09-27,48000.0,48700.0,48000.0,48400.0,8048041
2019-09-30,48050.0,49250.0,47900.0,49050.0,9497119
2019-10-01,48900.0,49100.0,48650.0,48850.0,6206035
2019-10-02,48350.0,48400.0,47600.0,47600.0,8382463
2019-10-04,47400.0,48650.0,47350.0,48000.0,9331695
2019-10-07,48350.0,48700.0,47650.0,47750.0,7047273
2019-10-08,47900.0,49000.0,47600.0,48900.0,14239367
2019-10-10,48200.0,49200.0,48000.0,48550.0,18639855
2019-10-11,49000.0,49450.0,48800.0,49150.0,7783275
2019-10-14,50000.0,50300.0,49850.0,50000.0,11130635
2019-10-15,49900.0,50200.0,49900.0,50100.0,6058105
2019-10-16,50700.0,50900.0,50400.0,50700.0,9136282
2019-10-17,50500.0,50600.0,50100.0,50500.0,6701380
2019-10-18,50300.0,50900.0,49650.0,49900.0,8483106
2019-10-21,49900.0,50400.0,49800.0,50300.0,4406531
2019-10-22,50800.0,51500.0,50700.0,51200.0,10898729
2019-10-23,51300.0,51500.0,50800.0,51200.0,8663880
2019-10-24,52500.0,52500.0,50500.0,50700.0,21185785
2019-10-25,50800.0,51200.0,50500.0,50900.0,7879897
2019-10-28,50700.0,51500.0,50700.0,51300.0,6431522
2019-10-29,51400.0,51700.0,50800.0,51100.0,7581629
2019-10-30,50700.0,50800.0,50200.0,50400.0,8959435
2019-10-31,51000.0,51400.0,50300.0,50400.0,10304777
2019-11-01,50600.0,51200.0,50400.0,51200.0,8467846
2019-11-04,51700.0,52300.0,51400.0,52300.0,13012411
2019-11-05,52400.0,52700.0,52100.0,52700.0,10581034
2019-11-06,52900.0,53500.0,52700.0,53300.0,14361133
2019-11-07,53400.0,53400.0,52400.0,52900.0,9257116
2019-11-08,53200.0,53300.0,52000.0,52100.0,11603290
2019-11-11,52200.0,52200.0,51400.0,51600.0,8185952
2019-11-12,51800.0,52600.0,51600.0,52600.0,6576148
2019-11-13,52500.0,52500.0,52000.0,52500.0,6225196
2019-11-14,51900.0,52800.0,51900.0,52800.0,12010018
2019-11-15,52900.0,53700.0,52600.0,53700.0,9703360
2019-11-18,53600.0,53800.0,53200.0,53500.0,7746554
2019-11-19,53200.0,53500.0,52700.0,53500.0,8907177
2019-11-20,53400.0,53400.0,52000.0,52000.0,12560070
2019-11-21,51600.0,52100.0,50600.0,51000.0,14298646
2019-11-22,51000.0,51600.0,50900.0,51600.0,8478310
2019-11-25,52200.0,52600.0,51700.0,51800.0,9050625
2019-11-26,51900.0,52900.0,51800.0,51800.0,27372226
2019-11-27,51800.0,52300.0,51600.0,52200.0,7546261
2019-11-28,51900.0,52100.0,51300.0,51300.0,6833885
2019-11-29,51200.0,51400.0,50200.0,50300.0,11179334
2019-12-02,50900.0,51300.0,50400.0,50400.0,18877252
2019-12-03,49800.0,50300.0,49500.0,49900.0,12059812
2019-12-04,49600.0,49850.0,49000.0,49450.0,13246549
2019-12-05,50200.0,50400.0,49500.0,49500.0,10449715
2019-12-06,50100.0,50900.0,49950.0,50400.0,11414563
2019-12-09,50900.0,51400.0,50700.0,51200.0,8470627
2019-12-10,51000.0,51600.0,50700.0,51500.0,6882771
2019-12-11,51500.0,52200.0,51400.0,51900.0,11379521
2019-12-12,53000.0,53300.0,52700.0,53300.0,29178697
2019-12-13,54500.0,54800.0,53900.0,54700.0,18120261
2019-12-16,54500.0,54900.0,54300.0,54700.0,11512405
2019-12-17,55800.0,56700.0,55400.0,56700.0,19358433
2019-12-18,56700.0,57200.0,56000.0,56300.0,15558208
2019-12-19,57000.0,57300.0,55500.0,56000.0,14180520
2019-12-20,56100.0,56500.0,55600.0,56000.0,12095519
2019-12-23,56100.0,56400.0,55100.0,55500.0,9839252
2019-12-24,55600.0,55700.0,54800.0,55000.0,11868463
2019-12-26,54700.0,55400.0,54400.0,55400.0,9645034
2019-12-27,55700.0,56900.0,55500.0,56500.0,12313056
2019-12-30,56200.0,56600.0,55700.0,55800.0,8356767
2020-01-02,55500.0,56000.0,55000.0,55200.0,12993228
2020-01-03,56000.0,56600.0,54900.0,55500.0,15422255
2020-01-06,54900.0,55600.0,54600.0,55500.0,10278951
2020-01-07,55700.0,56400.0,55600.0,55800.0,10009778
2020-01-08,56200.0,57400.0,55900.0,56800.0,23501171
2020-01-09,58400.0,58600.0,57400.0,58600.0,24102579
2020-01-10,58800.0,59700.0,58300.0,59500.0,16000170
2020-01-13,59600.0,60000.0,59100.0,60000.0,11359139
2020-01-14,60400.0,61000.0,59900.0,60000.0,16906295
2020-01-15,59500.0,59600.0,58900.0,59000.0,14300928
2020-01-16,59100.0,60700.0,59000.0,60700.0,14381774
2020-01-17,61900.0,62000.0,61000.0,61300.0,16025661
2020-01-20,62000.0,62800.0,61700.0,62400.0,12528855
2020-01-21,62000.0,62400.0,61200.0,61400.0,11142693
2020-01-22,60500.0,62600.0,60400.0,62300.0,15339565
2020-01-23,61800.0,61800.0,60700.0,60800.0,14916555
2020-01-28,59400.0,59400.0,58300.0,58800.0,23664541
2020-01-29,59100.0,59700.0,58800.0,59100.0,16446102
2020-01-30,58800.0,58800.0,56800.0,57200.0,20821939
2020-01-31,57800.0,58400.0,56400.0,56400.0,19749457
2020-02-03,55500.0,57400.0,55200.0,57200.0,23995260
2020-02-04,57100.0,59000.0,56800.0,58900.0,21800192
2020-02-05,60000.0,60200.0,58900.0,59500.0,19278165
2020-02-06,60100.0,61100.0,59700.0,61100.0,14727159
2020-02-07,61100.0,61200.0,59700.0,60400.0,16402493
2020-02-10,59200.0,59800.0,59100.0,59700.0,13107121
2020-02-11,59800.0,60700.0,59700.0,59900.0,11071231
2020-02-12,60300.0,60700.0,59700.0,60500.0,12904207
2020-02-13,61200.0,61600.0,60500.0,60700.0,18449775
2020-02-14,60900.0,61900.0,60200.0,61800.0,13276067
2020-02-17,61600.0,62000.0,61200.0,61500.0,8740596
2020-02-18,60800.0,60900.0,59700.0,59800.0,16674266
2020-02-19,59800.0,60400.0,59400.0,60200.0,12951496
2020-02-20,60700.0,61300.0,59600.0,60000.0,14591924
2020-02-21,58800.0,59800.0,58500.0,59200.0,13777393
2020-02-24,57400.0,58100.0,56800.0,56800.0,25627537
2020-02-25,56200.0,58000.0,56200.0,57900.0,23885408
2020-02-26,56000.0,57000.0,56000.0,56500.0,25483102
2020-02-27,56300.0,56900.0,55500.0,55900.0,23209541
2020-02-28,55000.0,55500.0,54200.0,54200.0,30054227
2020-03-02,54300.0,55500.0,53600.0,55000.0,30403412
2020-03-03,56700.0,56900.0,55100.0,55400.0,30330295
2020-03-04,54800.0,57600.0,54600.0,57400.0,24765728
2020-03-05,57600.0,58000.0,56700.0,57800.0,21698990
2020-03-06,56500.0,57200.0,56200.0,56500.0,18716656
2020-03-09,56500.0,56500.0,56500.0,56500.0,0
2020-03-10,53800.0,54900.0,53700.0,54600.0,32106554
2020-03-11,54300.0,54400.0,52000.0,52100.0,45707281
2020-03-12,52100.0,52100.0,52100.0,52100.0,0
2020-03-13,47450.0,51600.0,46850.0,49950.0,59462933
2020-03-16,50100.0,50900.0,48800.0,48900.0,33339821
2020-03-17,46900.0,49650.0,46700.0,47300.0,51218151
2020-03-18,47750.0,48350.0,45600.0,45600.0,40152623
2020-03-19,46400.0,46650.0,42300.0,42950.0,56925513
2020-03-20,44150.0,45500.0,43550.0,45400.0,49730008
2020-03-23,42600.0,43550.0,42400.0,42500.0,41701626
2020-03-24,43850.0,46950.0,43050.0,46950.0,49801908
2020-03-25,48950.0,49600.0,47150.0,48650.0,52735922
2020-03-26,49000.0,49300.0,47700.0,47800.0,42185129
2020-03-27,49600.0,49700.0,46850.0,48300.0,39896178
2020-03-30,47050.0,48350.0,46550.0,47850.0,26797395
2020-03-31,48000.0,48500.0,47150.0,47750.0,30654261
2020-04-01,47450.0,47900.0,45800.0,45800.0,27259532
2020-04-02,46200.0,46850.0,45350.0,46800.0,21621076
2020-04-03,47400.0,47600.0,46550.0,47000.0,22784682
2020-04-06,47500.0,48800.0,47250.0,48700.0,23395726
2020-04-07,49650.0,50200.0,49000.0,49600.0,31524034
2020-04-08,49600.0,49750.0,48600.0,48600.0,25010314
2020-04-09,49750.0,49800.0,48700.0,49100.0,22628058
2020-04-10,48950.0,49250.0,48650.0,49250.0,17839111
2020-04-13,48650.0,48900.0,48300.0,48300.0,14431800
2020-04-14,48800.0,49200.0,48300.0,49000.0,14206216
2020-04-16,49350.0,49350.0,48550.0,49000.0,23349760
2020-04-17,50800.0,52000.0,50300.0,51400.0,32041675
2020-04-20,51400.0,51400.0,50000.0,50100.0,21866354
2020-04-21,49400.0,49700.0,48700.0,49250.0,27407543
2020-04-22,48700.0,50000.0,48350.0,49850.0,18613864
2020-04-23,50200.0,50300.0,49500.0,49850.0,18754442
2020-04-24,49650.0,49750.0,49000.0,49350.0,15618347
2020-04-27,49350.0,50000.0,49100.0,49850.0,14049471
2020-04-28,49850.0,50100.0,49300.0,50100.0,16095399
2020-04-29,49900.0,50500.0,49600.0,50000.0,15604533
2020-05-04,48900.0,49100.0,48500.0,48500.0,26083749
2020-05-06,49000.0,49200.0,48500.0,49200.0,18070225
2020-05-07,49200.0,49300.0,48700.0,48800.0,13884411
2020-05-08,49100.0,49350.0,48800.0,48800.0,15319700
2020-05-11,48900.0,49250.0,48300.0,48400.0,16357743
2020-05-12,48400.0,48500.0,47550.0,47900.0,23433590
2020-05-13,47250.0,48550.0,47200.0,48550.0,20223277
2020-05-14,47750.0,48100.0,47650.0,48000.0,19305974
2020-05-15,48400.0,48450.0,47700.0,47850.0,18463118
2020-05-18,47950.0,49100.0,47600.0,48800.0,20481981
2020-05-19,50100.0,50500.0,49700.0,50300.0,25168295
2020-05-20,50000.0,50200.0,49800.0,50000.0,14896899
2020-05-21,50300.0,50400.0,49850.0,49950.0,14949266
2020-05-22,49600.0,49800.0,48600.0,48750.0,19706284
2020-05-25,48750.0,48900.0,48450.0,48850.0,14337913
2020-05-26,48700.0,49450.0,48600.0,49250.0,15127490
2020-05-27,48950.0,50000.0,48800.0,49900.0,19548479
2020-05-28,51100.0,51200.0,49900.0,50400.0,31309318
2020-05-29,50000.0,50700.0,49700.0,50700.0,27596961
2020-06-01,50800.0,51200.0,50600.0,51200.0,16949183
2020-06-02,51000.0,51500.0,50800.0,51400.0,14247933
2020-06-03,51800.0,55000.0,51700.0,54500.0,49257814
2020-06-04,55800.0,57000.0,54600.0,54600.0,40220334
2020-06-05,54400.0,55900.0,54000.0,55500.0,22743629
2020-06-08,56400.0,56500.0,54700.0,54900.0,25634965
2020-06-09,55800.0,56500.0,54400.0,55500.0,23998831
2020-06-10,55100.0,55900.0,54900.0,55400.0,16742493
2020-06-11,54500.0,55100.0,53200.0,54300.0,33815123
2020-06-12,52100.0,52800.0,51500.0,52300.0,26976019
2020-06-15,51400.0,52000.0,49900.0,49900.0,28772921
2020-06-16,51200.0,52100.0,50600.0,52100.0,21808375
2020-06-17,52100.0,52900.0,51300.0,52200.0,26672595
2020-06-18,52200.0,52300.0,51600.0,52300.0,15982926
2020-06-19,52600.0,52900.0,51600.0,52900.0,18157985
2020-06-22,52000.0,52600.0,51800.0,52000.0,13801350
2020-06-23,52500.0,52800.0,51100.0,51400.0,18086152
2020-06-24,51900.0,53900.0,51600.0,52900.0,24519552
2020-06-25,52100.0,53000.0,51900.0,51900.0,18541624
2020-06-26,52800.0,53900.0,52200.0,53300.0,21575360
2020-06-29,52500.0,53200.0,52000.0,52400.0,17776925
2020-06-30,53900.0,53900.0,52800.0,52800.0,21157172
2020-07-01,53400.0,53600.0,52400.0,52600.0,16706143
2020-07-02,52100.0,52900.0,52100.0,52900.0,14142583
2020-07-03,53000.0,53600.0,52700.0,53600.0,11887868
2020-07-06,54000.0,55000.0,53800.0,55000.0,19856623
2020-07-07,55800.0,55900.0,53400.0,53400.0,30760032
2020-07-08,53600.0,53900.0,52900.0,53000.0,19664652
2020-07-09,53200.0,53600.0,52800.0,52800.0,17054850
2020-07-10,53100.0,53200.0,52300.0,52700.0,13714746
2020-07-13,53300.0,53800.0,53100.0,53400.0,12240188
2020-07-14,53700.0,53800.0,53200.0,53800.0,14269484
2020-07-15,54400.0,55000.0,54300.0,54700.0,24051450
2020-07-16,54800.0,54800.0,53800.0,53800.0,16779127
2020-07-17,54200.0,54700.0,54100.0,54400.0,10096174
2020-07-20,54800.0,54800.0,54000.0,54200.0,10507530
2020-07-21,55200.0,55400.0,54800.0,55300.0,18297260
2020-07-22,55300.0,55500.0,54700.0,54700.0,12885057
2020-07-23,54700.0,54700.0,53800.0,54100.0,16214932
2020-07-24,54000.0,54400.0,53700.0,54200.0,10994535
2020-07-27,54300.0,55700.0,54300.0,55600.0,21054421
2020-07-28,57000.0,58800.0,56400.0,58600.0,48431566
2020-07-29,60300.0,60400.0,58600.0,59000.0,36476611
2020-07-30,59700.0,60100.0,59000.0,59000.0,19285354
2020-07-31,59500.0,59600.0,57700.0,57900.0,21943345
2020-08-03,57800.0,57900.0,56700.0,56800.0,21158940
2020-08-04,57200.0,58100.0,57000.0,57300.0,19419694
2020-08-05,57300.0,57500.0,56300.0,56900.0,17739706
2020-08-06,57100.0,58400.0,57100.0,58000.0,21625874
2020-08-07,57900.0,58400.0,57100.0,57500.0,18751717
2020-08-10,57600.0,58300.0,57500.0,57800.0,17774291
2020-08-11,58000.0,59500.0,57800.0,58200.0,24907912
2020-08-12,58200.0,59000.0,57700.0,59000.0,18573934
2020-08-13,59400.0,59600.0,58000.0,58700.0,22089460
2020-08-14,58000.0,58400.0,57700.0,58000.0,15672548
2020-08-18,58900.0,59900.0,58000.0,58400.0,25307825
2020-08-19,59000.0,59200.0,57800.0,57800.0,16930719
2020-08-20,57600.0,57600.0,55300.0,55400.0,30386029
2020-08-21,56200.0,56900.0,55800.0,55900.0,21142288
2020-08-24,55800.0,56600.0,55400.0,56100.0,15055896
2020-08-25,56400.0,56800.0,56100.0,56400.0,14021705
2020-08-26,56400.0,56500.0,55700.0,56400.0,17651593
2020-08-27,56300.0,56300.0,55600.0,55600.0,16196568
2020-08-28,56100.0,56300.0,55400.0,55400.0,14619888
2020-08-31,56000.0,56100.0,54000.0,54000.0,32671367
2020-09-01,54100.0,54800.0,54100.0,54200.0,19363117
2020-09-02,54600.0,55100.0,54100.0,54400.0,16905723
2020-09-03,55600.0,56700.0,55500.0,56400.0,28384920
2020-09-04,55200.0,55800.0,55100.0,55600.0,22139109
2020-09-07,56100.0,57300.0,55800.0,56500.0,18685880
2020-09-08,57400.0,58700.0,57200.0,58700.0,31517520
2020-09-09,58200.0,59300.0,57800.0,58400.0,30597399
2020-09-10,59900.0,60000.0,59100.0,59200.0,29923293
2020-09-11,59300.0,59400.0,58200.0,59000.0,16017098
2020-09-14,60200.0,60800.0,59900.0,60400.0,20648281
2020-09-15,60900.0,61000.0,60500.0,61000.0,17877075
2020-09-16,61100.0,61300.0,60600.0,61000.0,17041444
2020-09-17,60700.0,60800.0,59300.0,59500.0,25108356
2020-09-18,59800.0,59900.0,59100.0,59300.0,18884571
2020-09-21,59100.0,60000.0,59000.0,59200.0,15140387
2020-09-22,59100.0,59700.0,57800.0,58200.0,20830381
2020-09-23,58400.0,58800.0,57400.0,58600.0,20111398
2020-09-24,57700.0,58600.0,57600.0,57800.0,17564020
2020-09-25,57700.0,58200.0,57700.0,57900.0,11444683
2020-09-28,58300.0,58800.0,57900.0,58200.0,12614080
2020-09-29,58300.0,59000.0,58200.0,58200.0,15503563
2020-10-05,57500.0,59200.0,57500.0,58700.0,20228289
2020-10-06,59400.0,59900.0,58700.0,59000.0,14463826
2020-10-07,58700.0,59900.0,58500.0,59900.0,14861838
2020-10-08,60500.0,60700.0,59500.0,59700.0,24589924
2020-10-12,60000.0,60400.0,59900.0,60400.0,16145837
2020-10-13,61000.0,61400.0,60400.0,60900.0,19247631
2020-10-14,61000.0,61100.0,60500.0,60900.0,16086716
2020-10-15,60700.0,60800.0,59700.0,60000.0,17756232
2020-10-16,60000.0,60400.0,59000.0,59500.0,16554190
2020-10-19,59600.0,60200.0,59500.0,60000.0,14474985
2020-10-20,60300.0,60900.0,60100.0,60900.0,19326115
2020-10-21,61200.0,61500.0,60600.0,60900.0,15703443
2020-10-22,60300.0,60500.0,59800.0,60100.0,14294095
2020-10-23,60400.0,60400.0,59800.0,60200.0,9322232
2020-10-26,60400.0,61100.0,60100.0,60400.0,13268226
2020-10-27,60300.0,60300.0,59500.0,59800.0,17260416
2020-10-28,59400.0,59400.0,58800.0,59000.0,14428882
2020-10-29,58200.0,58500.0,57500.0,58100.0,22636966
2020-10-30,58000.0,58000.0,56600.0,56600.0,26907844
2020-11-02,56400.0,57500.0,56000.0,57400.0,20489076
2020-11-03,57900.0,58900.0,57600.0,58800.0,14950919
2020-11-04,58900.0,59000.0,57800.0,58500.0,21718561
2020-11-05,59000.0,60300.0,58800.0,60300.0,20639475
2020-11-06,60700.0,60800.0,59600.0,60100.0,16910230
2020-11-09,60700.0,60900.0,60100.0,60200.0,15892961
2020-11-10,60500.0,60500.0,59500.0,60200.0,19073552
2020-11-11,60700.0,61400.0,60400.0,61300.0,25628510
2020-11-12,61000.0,61400.0,60700.0,61000.0,19800573
2020-11-13,61300.0,63200.0,61000.0,63200.0,31508829
2020-11-16,64000.0,66700.0,63900.0,66300.0,36354334
2020-11-17,67000.0,67000.0,65600.0,65700.0,30204089
2020-11-18,65700.0,66200.0,64700.0,64800.0,22963790
2020-11-19,64100.0,64800.0,63900.0,64600.0,16590290
2020-11-20,63900.0,65200.0,63900.0,64700.0,15068682
2020-11-23,64800.0,67800.0,64700.0,67500.0,27134398
2020-11-24,67900.0,69500.0,67000.0,67700.0,32158235
2020-11-25,67900.0,68300.0,66500.0,66600.0,32447065
2020-11-26,66100.0,68000.0,66000.0,68000.0,19023323
2020-11-27,68000.0,68400.0,67600.0,68200.0,14063434
2020-11-30,68400.0,68600.0,66700.0,66700.0,43811016
2020-12-01,67100.0,68300.0,67100.0,67800.0,22327173
2020-12-02,68400.0,69900.0,68300.0,69500.0,29703942
2020-12-03,70100.0,70500.0,69300.0,69700.0,23677989
2020-12-04,70400.0,72100.0,70100.0,71500.0,28130533
2020-12-07,72400.0,73500.0,71900.0,72900.0,28490496
2020-12-08,72200.0,72900.0,71600.0,71700.0,25000338
2020-12-09,72100.0,73900.0,72000.0,73900.0,24077996
2020-12-10,72700.0,73800.0,72500.0,72900.0,39882928
2020-12-11,73500.0,73800.0,73100.0,73400.0,18486672
2020-12-14,73600.0,74500.0,73200.0,73800.0,21510415
2020-12-15,73800.0,74100.0,73300.0,73800.0,20863671
2020-12-16,74100.0,74500.0,73400.0,73800.0,17512081
2020-12-17,73400.0,73700.0,72600.0,73300.0,24293214
2020-12-18,73300.0,73700.0,73000.0,73000.0,17613029
2020-12-21,73100.0,73400.0,72000.0,73000.0,20367355
2020-12-22,72500.0,73200.0,72100.0,72300.0,16304910
2020-12-23,72400.0,74000.0,72300.0,73900.0,19411326
2020-12-24,74100.0,78800.0,74000.0,77800.0,32502870
2020-12-28,79000.0,80100.0,78200.0,78700.0,40085044
2020-12-29,78800.0,78900.0,77300.0,78300.0,30339449
2020-12-30,77400.0,81300.0,77300.0,81000.0,29417421
2021-01-04,81000.0,84400.0,80200.0,83000.0,38655276
2021-01-05,81600.0,83900.0,81600.0,83900.0,35335669
2021-01-06,83300.0,84500.0,82100.0,82200.0,42089013
2021-01-07,82800.0,84200.0,82700.0,82900.0,32644642
2021-01-08,83300.0,90000.0,83000.0,88800.0,59013307
2021-01-11,90000.0,96800.0,89500.0,91000.0,90306177
2021-01-12,90300.0,91400.0,87800.0,90600.0,48682416
2021-01-13,89800.0,91200.0,89100.0,89700.0,36068848
2021-01-14,88700.0,90000.0,88700.0,89700.0,26393970
2021-01-15,89800.0,91800.0,88000.0,88000.0,33431809
2021-01-18,86600.0,87300.0,84100.0,85000.0,43227951
2021-01-19,84500.0,88000.0,83600.0,87000.0,39895044
2021-01-20,89000.0,89000.0,86500.0,87200.0,25211127
2021-01-21,87500.0,88600.0,86500.0,88100.0,25318011
2021-01-22,89000.0,89700.0,86800.0,86800.0,30861661
2021-01-25,87000.0,89900.0,86300.0,89400.0,27258534
2021-01-26,88800.0,89200.0,86500.0,86700.0,33178936
2021-01-27,86600.0,87700.0,85600.0,85600.0,26423070
2021-01-28,83200.0,85600.0,83200.0,83700.0,31859808
2021-01-29,84500.0,85000.0,82000.0,82000.0,39615978
2021-02-01,81700.0,83400.0,81000.0,83000.0,28046832
2021-02-02,84100.0,86400.0,83700.0,84400.0,26302077
2021-02-03,84800.0,85400.0,83400.0,84600.0,22112205
2021-02-04,83500.0,83800.0,82100.0,82500.0,24171688
2021-02-05,83100.0,84000.0,82500.0,83500.0,18036835
2021-02-08,83800.0,84200.0,83000.0,83000.0,15338765
2021-02-09,84000.0,84800.0,82700.0,82700.0,20898332
2021-02-10,82600.0,82600.0,81600.0,81600.0,23025766
2021-02-15,83800.0,84500.0,83300.0,84200.0,23529706
2021-02-16,84500.0,86000.0,84200.0,84900.0,20483100
2021-02-17,83900.0,84200.0,83000.0,83200.0,18307735
2021-02-18,83200.0,83600.0,82100.0,82100.0,21327683
2021-02-19,82300.0,82800.0,81000.0,82600.0,25880879
2021-02-22,83800.0,84200.0,82200.0,82200.0,25419886
2021-02-23,81200.0,82900.0,81100.0,82000.0,20587314
2021-02-24,81800.0,83600.0,81300.0,82000.0,26807651
2021-02-25,84000.0,85400.0,83000.0,85300.0,34155986
2021-02-26,82800.0,83400.0,82000.0,82500.0,38520800
2021-03-02,85100.0,85300.0,83000.0,83600.0,33498180
2021-03-03,83500.0,84000.0,82800.0,84000.0,19882132
2021-03-04,82600.0,83200.0,82200.0,82400.0,24348331
2021-03-05,81100.0,82600.0,81100.0,82100.0,20508971
2021-03-08,82900.0,83000.0,81600.0,82000.0,17641256
2021-03-09,81400.0,81900.0,80600.0,81400.0,25420764
2021-03-10,82400.0,82500.0,80700.0,80900.0,20038422
2021-03-11,81000.0,82500.0,81000.0,82000.0,23818297
2021-03-12,83100.0,83500.0,82400.0,82800.0,13530573
2021-03-15,82800.0,82900.0,81800.0,81800.0,13735798
2021-03-16,82200.0,83000.0,82100.0,82800.0,12293537
2021-03-17,82800.0,82900.0,82000.0,82300.0,11625146
2021-03-18,82800.0,83800.0,82600.0,82900.0,18585244
2021-03-19,82100.0,82500.0,81800.0,81900.0,15869700
2021-03-22,82000.0,82300.0,81700.0,82000.0,12670506
2021-03-23,82600.0,82900.0,81800.0,81800.0,13299907
2021-03-24,81000.0,81600.0,80700.0,81000.0,17926638
2021-03-25,81000.0,82100.0,80800.0,81200.0,14758826
2021-03-26,81400.0,81600.0,81000.0,81500.0,12845778
2021-03-29,81700.0,81700.0,81000.0,81600.0,14952134
2021-03-30,81600.0,82300.0,81300.0,82200.0,13121698
2021-03-31,82400.0,82700.0,81400.0,81400.0,17240518
2021-04-01,82500.0,83000.0,82000.0,82900.0,18676461
2021-04-02,84000.0,85200.0,83900.0,84800.0,22997538
2021-04-05,85800.0,86000.0,84800.0,85400.0,16255990
2021-04-06,86200.0,86200.0,85100.0,86000.0,19042023
2021-04-07,86100.0,86200.0,85400.0,85600.0,17885538
2021-04-08,85700.0,85700.0,84100.0,84700.0,19244259
2021-04-09,84700.0,84900.0,83400.0,83600.0,18193707
2021-04-12,84100.0,84100.0,83100.0,83200.0,12915282
2021-04-13,83000.0,84500.0,82800.0,84000.0,15238206
2021-04-14,84000.0,84300.0,83400.0,84000.0,13794652
2021-04-15,83700.0,84500.0,83400.0,84100.0,16377412
2021-04-16,84700.0,84700.0,83600.0,83900.0,15429522
2021-04-19,83800.0,84000.0,83300.0,83300.0,15287311
2021-04-20,83300.0,84000.0,83100.0,83900.0,15521965
2021-04-21,83300.0,83500.0,82500.0,82600.0,21636079
2021-04-22,82900.0,83000.0,82400.0,82400.0,13934746
2021-04-23,81900.0,82900.0,81600.0,82800.0,17805080
2021-04-26,82900.0,83500.0,82600.0,83500.0,15489938
2021-04-27,83200.0,83300.0,82500.0,82900.0,12941533
2021-04-28,83200.0,83200.0,82100.0,82100.0,15596759
2021-04-29,82400.0,82500.0,81500.0,81700.0,20000973
2021-04-30,81900.0,82100.0,81500.0,81500.0,18673197
2021-05-03,81000.0,82400.0,81000.0,81700.0,15710336
2021-05-04,81900.0,82600.0,81800.0,82600.0,12532550
2021-05-06,81700.0,82300.0,81700.0,82300.0,17047511
2021-05-07,81800.0,82100.0,81500.0,81900.0,14154882
2021-05-10,82300.0,83500.0,81800.0,83200.0,19385027
2021-05-11,82500.0,82600.0,81100.0,81200.0,28996680
2021-05-12,80800.0,81200.0,79800.0,80000.0,35812268
2021-05-13,78900.0,79600.0,78400.0,78500.0,31490096
2021-05-14,79000.0,80300.0,78900.0,80100.0,16450920
2021-05-17,80800.0,80900.0,79200.0,79600.0,17740855
2021-05-18,79600.0,80000.0,79100.0,79600.0,17494407
2021-05-20,79400.0,79700.0,79100.0,79500.0,16541828
2021-05-21,80100.0,81500.0,79800.0,80100.0,20961714
2021-05-24,80100.0,80400.0,79500.0,79700.0,13398666
2021-05-25,80000.0,80400.0,79800.0,79900.0,13628942
2021-05-26,80400.0,80500.0,79700.0,79800.0,11984359
2021-05-27,80000.0,80000.0,79100.0,79600.0,23198510
2021-05-28,79800.0,80400.0,79400.0,80100.0,12360199
2021-05-31,80300.0,80600.0,79600.0,80500.0,13321324
2021-06-01,80500.0,81300.0,80100.0,80600.0,14058401
2021-06-02,80400.0,81400.0,80300.0,80800.0,16414644
2021-06-03,81300.0,83000.0,81100.0,82800.0,29546007
2021-06-04,82700.0,82700.0,81500.0,82200.0,18112259
2021-06-07,82700.0,82800.0,81600.0,81900.0,16496197
2021-06-08,82300.0,82600.0,81800.0,81900.0,12781226
2021-06-09,81500.0,82000.0,81100.0,81100.0,14908823
2021-06-10,81300.0,81400.0,80900.0,81000.0,17586995
2021-06-11,81200.0,81700.0,80700.0,81000.0,14087962
2021-06-14,80800.0,80900.0,80500.0,80500.0,10550078
2021-06-15,80900.0,81200.0,80600.0,80900.0,10075685
2021-06-16,81500.0,81900.0,81100.0,81800.0,14999855
2021-06-17,81100.0,81300.0,80700.0,80900.0,14007385
2021-06-18,81100.0,81100.0,80500.0,80500.0,14916721
2021-06-21,79700.0,80000.0,79600.0,79900.0,16063340
2021-06-22,80200.0,80300.0,79900.0,80000.0,11773365
2021-06-23,80500.0,80600.0,79900.0,80100.0,13856548
2021-06-24,80400.0,81400.0,80100.0,81200.0,18771080
2021-06-25,81500.0,81900.0,81200.0,81600.0,13481405
2021-06-28,81700.0,82000.0,81600.0,81900.0,11578529
2021-06-29,81900.0,82100.0,80800.0,81000.0,15744317
2021-06-30,81100.0,81400.0,80700.0,80700.0,13288643
2021-07-01,80500.0,80600.0,80000.0,80100.0,13382882
2021-07-02,80000.0,80400.0,79900.0,80000.0,8753097
2021-07-05,80100.0,80800.0,80000.0,80400.0,8330969
2021-07-06,80600.0,81200.0,80500.0,81200.0,12131651
2021-07-07,81200.0,81300.0,80300.0,80800.0,15992202
2021-07-08,81100.0,81200.0,79900.0,79900.0,16660998
2021-07-09,79600.0,79800.0,79000.0,79400.0,22720577
2021-07-12,79900.0,80000.0,79500.0,79700.0,9768108
2021-07-13,80000.0,80200.0,79800.0,79800.0,9863450
2021-07-14,79400.0,79600.0,79100.0,79500.0,11575636
2021-07-15,79800.0,80600.0,79500.0,80600.0,13766279
2021-07-16,80100.0,80100.0,79500.0,79800.0,10859399
2021-07-19,79100.0,79200.0,78800.0,79000.0,13155414
2021-07-20,78500.0,79000.0,78400.0,79000.0,12456646
2021-07-21,79000.0,79100.0,78500.0,78500.0,12355296
2021-07-22,79000.0,79800.0,78900.0,79700.0,12618790
2021-07-23,79700.0,79900.0,79200.0,79300.0,9098910
2021-07-26,79400.0,79500.0,78800.0,78800.0,10040975
2021-07-27,79200.0,79400.0,78500.0,78500.0,11427693
2021-07-28,78300.0,79200.0,78100.0,79200.0,12743417
2021-07-29,78800.0,79400.0,78800.0,79000.0,14360453
2021-07-30,78900.0,78900.0,78500.0,78500.0,13823411
2021-08-02,79200.0,79500.0,78700.0,79300.0,11739124
2021-08-03,79400.0,81400.0,79300.0,81400.0,24339360
2021-08-04,82200.0,83100.0,81800.0,82900.0,25642368
2021-08-05,83300.0,83300.0,82000.0,82100.0,18485469
2021-08-06,81900.0,82500.0,81300.0,81500.0,13342623
2021-08-09,81500.0,82300.0,80900.0,81500.0,15522581
2021-08-10,82300.0,82400.0,80100.0,80200.0,20362639
2021-08-11,79600.0,79800.0,78500.0,78500.0,30241137
2021-08-12,77100.0,78200.0,76900.0,77000.0,42365223
2021-08-13,75800.0,76000.0,74100.0,74400.0,61270643
2021-08-17,74000.0,75100.0,74000.0,74200.0,30944847
2021-08-18,73900.0,74600.0,73100.0,73900.0,29192631
2021-08-19,73500.0,74400.0,73100.0,73100.0,22166298
2021-08-20,73500.0,73900.0,72500.0,72700.0,22364803
2021-08-23,73300.0,74000.0,73000.0,73300.0,19384648
2021-08-24,73900.0,75700.0,73900.0,75600.0,21016913
2021-08-25,76200.0,76600.0,74900.0,75700.0,22319664
2021-08-26,76100.0,76200.0,74600.0,74600.0,16671494
2021-08-27,74300.0,75000.0,73800.0,74300.0,15172748
2021-08-30,75400.0,75500.0,74200.0,74600.0,12686999
2021-08-31,74900.0,76700.0,74300.0,76700.0,24630370
2021-09-01,76700.0,77100.0,75900.0,76800.0,16114775
2021-09-02,76800.0,76800.0,75700.0,76000.0,15347486
2021-09-03,76400.0,76700.0,76000.0,76600.0,12096419
2021-09-06,76800.0,77600.0,76600.0,77300.0,12861180
2021-09-07,77100.0,77100.0,75900.0,76100.0,13239401
2021-09-08,76000.0,76400.0,75600.0,76300.0,11798147
2021-09-09,76400.0,76600.0,75000.0,75300.0,17600770
2021-09-10,75300.0,75600.0,74800.0,75300.0,10103212
2021-09-13,75200.0,76300.0,75100.0,76300.0,11397775
2021-09-14,77100.0,77700.0,76600.0,76600.0,18167057
2021-09-15,77400.0,77400.0,76400.0,77000.0,12829128
2021-09-16,77300.0,77400.0,76100.0,76100.0,13067622
2021-09-17,76300.0,77200.0,75900.0,77200.0,16289502
2021-09-23,77500.0,77600.0,76800.0,77400.0,17055590
2021-09-24,77600.0,77700.0,77100.0,77300.0,12247274
2021-09-27,77300.0,77700.0,77000.0,77700.0,11699798
2021-09-28,77700.0,77800.0,76200.0,76300.0,15406382
2021-09-29,74800.0,75300.0,73800.0,74100.0,23992458
2021-09-30,74300.0,74800.0,73700.0,74100.0,19919361
2021-10-01,73900.0,74000.0,72900.0,73200.0,15803395
2021-10-05,73000.0,73000.0,71400.0,72200.0,24013921
2021-10-06,72600.0,72800.0,71200.0,71300.0,18956962
2021-10-07,71600.0,72100.0,71300.0,71600.0,13683532
2021-10-08,72300.0,72400.0,71500.0,71500.0,14043287
2021-10-12,70700.0,70900.0,68700.0,69000.0,31001484
2021-10-13,68700.0,69600.0,68300.0,68800.0,24172015
2021-10-14,69000.0,69800.0,68800.0,69400.0,19520641
2021-10-15,70200.0,71000.0,70000.0,70100.0,18051612
2021-10-18,70200.0,70300.0,69200.0,70200.0,13486391
2021-10-19,70800.0,71000.0,70400.0,70600.0,9507991
2021-10-20,70700.0,71000.0,70200.0,70300.0,10151638
2021-10-21,70300.0,70600.0,70000.0,70200.0,10891094
2021-10-22,70000.0,70700.0,70000.0,70400.0,8395448
2021-10-25,69900.0,70600.0,69500.0,70200.0,10029621
2021-10-26,70600.0,71500.0,70400.0,71100.0,10528252
2021-10-27,71000.0,71000.0,70000.0,70100.0,10295316
2021-10-28,69500.0,72200.0,69500.0,70700.0,20644902
2021-10-29,71200.0,71600.0,69700.0,69800.0,17016151
2021-11-01,70200.0,70600.0,69900.0,69900.0,11503729
2021-11-02,70800.0,72200.0,70700.0,71500.0,16812570
2021-11-03,71700.0,71700.0,70100.0,70400.0,12770428
2021-11-04,71200.0,71600.0,70500.0,70600.0,11818987
2021-11-05,71600.0,71600.0,70200.0,70200.0,12667743
2021-11-08,70400.0,70600.0,69800.0,70600.0,11121981
2021-11-09,70300.0,71000.0,70100.0,70500.0,11159589
2021-11-10,70300.0,70900.0,70200.0,70200.0,9422009
2021-11-11,69900.0,70000.0,69600.0,69900.0,11489122
2021-11-12,70200.0,70900.0,69900.0,70600.0,10087450
2021-11-15,71700.0,71900.0,70900.0,71400.0,12420710
2021-11-16,71500.0,72000.0,71300.0,71300.0,10919239
2021-11-17,71300.0,71600.0,70600.0,70700.0,11027606
2021-11-18,70700.0,71000.0,70200.0,70200.0,10144957
2021-11-19,70400.0,71400.0,70100.0,71200.0,11954728
2021-11-22,73300.0,75200.0,73000.0,74900.0,27506623
2021-11-23,76000.0,76000.0,74500.0,75300.0,22029195
2021-11-24,76000.0,76200.0,74100.0,74800.0,15652305
2021-11-25,75100.0,75100.0,73600.0,73700.0,12559258
2021-11-26,73500.0,74100.0,72000.0,72300.0,13002242
2021-11-29,71700.0,73000.0,71400.0,72300.0,16682559
2021-11-30,73200.0,73900.0,70500.0,71300.0,30364841
2021-12-01,72000.0,74800.0,71600.0,74400.0,21954856
2021-12-02,73900.0,75800.0,73800.0,75800.0,23652940
2021-12-03,75600.0,76000.0,74100.0,75600.0,18330240
2021-12-06,75100.0,76700.0,74900.0,76300.0,16391250
2021-12-07,76100.0,77700.0,75600.0,77400.0,19232453
2021-12-08,78300.0,78600.0,77100.0,77400.0,21558340
2021-12-09,77400.0,78200.0,77000.0,78200.0,21604528
2021-12-10,77400.0,77600.0,76800.0,76900.0,9155219
2021-12-13,77200.0,78300.0,76500.0,76800.0,15038750
2021-12-14,76500.0,77200.0,76200.0,77000.0,10976660
2021-12-15,76400.0,77600.0,76300.0,77600.0,9584939
2021-12-16,78500.0,78500.0,77400.0,77800.0,11996128
2021-12-17,76800.0,78000.0,76800.0,78000.0,13108479
2021-12-20,77600.0,77800.0,76800.0,77100.0,11264375
2021-12-21,77900.0,78300.0,77500.0,78100.0,14245298
2021-12-22,78900.0,79400.0,78800.0,79400.0,17105892
2021-12-23,79800.0,80000.0,79300.0,79900.0,13577498
2021-12-24,80200.0,80800.0,80200.0,80500.0,12086380
2021-12-27,80600.0,80600.0,79800.0,80200.0,10783368
2021-12-28,80200.0,80400.0,79700.0,80300.0,18226325
2021-12-29,80200.0,80200.0,78500.0,78800.0,19794795
2021-12-30,78900.0,79500.0,78100.0,78300.0,14236700
2022-01-04,78800.0,79200.0,78300.0,78700.0,12427416
2022-01-05,78800.0,79000.0,76400.0,77400.0,25470640
2022-01-06,76700.0,77600.0,76600.0,76900.0,12931954
2022-01-07,78100.0,78400.0,77400.0,78300.0,15163757
2022-01-10,78100.0,78100.0,77100.0,78000.0,9947422
2022-01-11,78400.0,79000.0,78000.0,78900.0,13221123
2022-01-12,79500.0,79600.0,78600.0,78900.0,11000502
2022-01-13,79300.0,79300.0,77900.0,77900.0,13889401
2022-01-14,77700.0,78100.0,77100.0,77300.0,10096725
2022-01-17,77600.0,77800.0,76900.0,77500.0,8785122
2022-01-18,77600.0,77800.0,76600.0,77000.0,9592788
2022-01-19,76500.0,76900.0,76100.0,76300.0,10598290
2022-01-20,76200.0,76700.0,75900.0,76500.0,9708168
2022-01-21,75800.0,75800.0,74700.0,75600.0,15774888
2022-01-24,75400.0,75800.0,74700.0,75100.0,13691134
2022-01-25,74800.0,75000.0,73200.0,74000.0,17766704
2022-01-26,74000.0,74000.0,74000.0,74000.0,0
2022-01-27,73800.0,74000.0,71300.0,71300.0,22274777
2022-01-28,71300.0,73700.0,71200.0,73300.0,21367447
2022-02-03,74900.0,74900.0,73300.0,73300.0,17744721
2022-02-04,74300.0,74600.0,73400.0,74000.0,12730034
2022-02-07,73500.0,73600.0,72400.0,73000.0,14240838
2022-02-08,73000.0,73000.0,73000.0,73000.0,0
2022-02-09,73000.0,73000.0,73000.0,73000.0,0
2022-02-10,75600.0,75800.0,74700.0,75400.0,17746033
2022-02-11,75000.0,75500.0,74600.0,74900.0,12205407
2022-02-14,74400.0,74500.0,73100.0,73700.0,13993255
2022-02-15,74100.0,74200.0,73100.0,73700.0,9320365
2022-02-16,74600.0,74900.0,74200.0,74800.0,10767386
2022-02-17,75000.0,75600.0,74500.0,75000.0,13605382
2022-02-18,74600.0,74800.0,73700.0,74300.0,10122226
2022-02-21,74300.0,74300.0,74300.0,74300.0,0
2022-02-22,74300.0,74300.0,74300.0,74300.0,0
2022-02-23,74300.0,74300.0,74300.0,74300.0,0
2022-02-24,72300.0,72300.0,71300.0,71500.0,15759283
2022-02-25,72100.0,72600.0,71900.0,71900.0,13168484
2022-02-28,71900.0,71900.0,71900.0,71900.0,0
2022-03-02,72300.0,72400.0,71500.0,71700.0,12481430
2022-03-03,72300.0,73100.0,72200.0,72900.0,13232638
2022-03-04,72900.0,72900.0,72900.0,72900.0,0
2022-03-07,70000.0,70600.0,69900.0,70100.0,18617138
2022-03-08,68800.0,70000.0,68700.0,69500.0,15828269
2022-03-10,69500.0,69500.0,69500.0,69500.0,0
2022-03-11,70500.0,70700.0,69700.0,70000.0,15787655
2022-03-14,70000.0,70200.0,69600.0,70200.0,9040993
2022-03-15,70200.0,70200.0,70200.0,70200.0,0
2022-03-16,70200.0,70500.0,69700.0,70400.0,10175750
2022-03-17,70400.0,70400.0,70400.0,70400.0,0
2022-03-18,70600.0,70900.0,70200.0,70700.0,14410038
2022-03-21,70900.0,71000.0,69900.0,69900.0,11169002
2022-03-22,69900.0,70500.0,69900.0,70300.0,9402666
2022-03-23,70600.0,71200.0,70300.0,70500.0,12398025
2022-03-24,69600.0,70300.0,69600.0,69800.0,37943357
2022-03-25,70100.0,70200.0,69600.0,69800.0,12986010
2022-03-28,69500.0,69900.0,69200.0,69700.0,12619289
2022-03-29,70000.0,70300.0,69800.0,70200.0,13686208
2022-03-30,70300.0,70500.0,69800.0,69900.0,12670187
2022-03-31,69900.0,70200.0,69600.0,69600.0,12510366
2022-04-01,69500.0,69500.0,69000.0,69100.0,15916846
2022-04-04,68900.0,69300.0,68600.0,69300.0,11107905
2022-04-05,69400.0,69600.0,69100.0,69200.0,8467248
2022-04-06,68600.0,68800.0,68500.0,68500.0,15517308
2022-04-07,68500.0,68500.0,68000.0,68000.0,20683327
2022-04-08,68100.0,68300.0,67700.0,67800.0,15453191
2022-04-11,67800.0,68100.0,67400.0,67900.0,12263735
2022-04-12,67600.0,67700.0,67000.0,67000.0,13924389
2022-04-13,67300.0,69000.0,67200.0,68700.0,17378619
2022-04-14,68700.0,68700.0,67500.0,67500.0,16409494
2022-04-15,67200.0,67300.0,66500.0,66600.0,13176415
2022-04-18,66500.0,67100.0,66100.0,66700.0,10119203
2022-04-19,67100.0,68000.0,67000.0,67300.0,12959434
2022-04-20,67000.0,67400.0,66500.0,67400.0,16693293
2022-04-21,67600.0,68300.0,67500.0,67700.0,12847448
2022-04-22,67200.0,67300.0,66700.0,67000.0,11791478
2022-04-25,66500.0,66700.0,66300.0,66300.0,11016474
2022-04-26,66400.0,66700.0,66100.0,66100.0,12946923
2022-04-27,65400.0,65500.0,64900.0,65000.0,18122084
2022-04-28,65400.0,65500.0,64500.0,64800.0,16895527
2022-04-29,65100.0,67600.0,65000.0,67400.0,26190390
2022-05-02,66600.0,67600.0,66500.0,67300.0,14106184
2022-05-03,67400.0,68400.0,67300.0,67500.0,14168875
2022-05-04,68000.0,68400.0,67500.0,67900.0,11505248
2022-05-06,67000.0,67100.0,66500.0,66500.0,14356156
2022-05-10,65900.0,66300.0,65300.0,65700.0,17235605
2022-05-11,65500.0,66300.0,65200.0,65700.0,12330920
2022-05-12,65200.0,65500.0,64900.0,64900.0,16414188
2022-05-13,65300.0,66700.0,65200.0,66500.0,14551536
2022-05-16,67100.0,67400.0,66100.0,66300.0,11937555
2022-05-17,66600.0,67900.0,66600.0,67600.0,15680447
2022-05-18,68300.0,68700.0,67600.0,68100.0,16486319
2022-05-19,66500.0,67600.0,66500.0,67500.0,17073727
2022-05-20,67800.0,68400.0,67700.0,68000.0,12109671
2022-05-23,68800.0,68800.0,67600.0,67900.0,13684088
2022-05-24,67500.0,67700.0,66500.0,66500.0,15482576
2022-05-25,66700.0,67100.0,65900.0,66400.0,15150490
2022-05-26,66300.0,67200.0,65500.0,65900.0,15970890
2022-05-27,66700.0,66900.0,66200.0,66500.0,11405555
2022-05-30,67500.0,67800.0,66900.0,67700.0,14255484
2022-05-31,67500.0,67500.0,66700.0,67400.0,24365002
2022-06-02,66600.0,67000.0,66400.0,66700.0,14959443
2022-06-03,67200.0,67300.0,66800.0,66800.0,8222883
2022-06-07,66200.0,66400.0,65400.0,65500.0,19355755
2022-06-08,65400.0,65700.0,65300.0,65300.0,12483180
2022-06-09,65100.0,65200.0,64500.0,65200.0,25790725
2022-06-10,64000.0,64400.0,63800.0,63800.0,22193552
2022-06-13,62400.0,62800.0,62100.0,62100.0,22157816
2022-06-14,61200.0,62200.0,61100.0,61900.0,24606419
2022-06-15,61300.0,61500.0,60200.0,60700.0,26811224
2022-06-16,61300.0,61800.0,60500.0,60900.0,23394895
2022-06-17,59400.0,59900.0,59400.0,59800.0,29053450
2022-06-20,59800.0,59900.0,58100.0,58700.0,34111306
2022-06-21,58700.0,59200.0,58200.0,58500.0,25148109
2022-06-22,59000.0,59100.0,57600.0,57600.0,23334687
2022-06-23,57700.0,58000.0,56800.0,57400.0,28338608
2022-06-24,57900.0,59100.0,57700.0,58400.0,23256103
2022-06-27,59000.0,59900.0,58300.0,58800.0,18122236
2022-06-28,59200.0,59500.0,58700.0,59400.0,13540538
2022-06-29,58500.0,58800.0,58000.0,58000.0,14677138
2022-06-30,57200.0,57600.0,57000.0,57000.0,18915142
2022-07-01,56900.0,57500.0,55900.0,56200.0,24982097
2022-07-04,56100.0,57400.0,55700.0,57100.0,17807126
2022-07-05,57600.0,58200.0,57200.0,57200.0,14216539
2022-07-06,57300.0,57300.0,56400.0,56400.0,16820461
2022-07-07,56400.0,58700.0,56300.0,58200.0,21322833
2022-07-08,58600.0,59300.0,58200.0,58700.0,15339271
2022-07-11,59300.0,59600.0,58700.0,58800.0,13042624
2022-07-12,58600.0,58700.0,58100.0,58100.0,9336061
2022-07-13,58300.0,58600.0,58000.0,58000.0,10841315
2022-07-14,57500.0,58200.0,57400.0,57500.0,15067012
2022-07-15,58400.0,60000.0,58100.0,60000.0,18685583
2022-07-18,60600.0,62000.0,60500.0,61900.0,20832517
2022-07-19,61400.0,61500.0,60200.0,60900.0,15248261
2022-07-20,61800.0,62100.0,60500.0,60500.0,16782238
2022-07-21,61100.0,61900.0,60700.0,61800.0,12291374
2022-07-22,61800.0,62200.0,61200.0,61300.0,10261310
2022-07-25,60900.0,61900.0,60800.0,61100.0,9193681
2022-07-26,60800.0,61900.0,60800.0,61700.0,6597211
2022-07-27,61300.0,61900.0,61200.0,61800.0,7320997
2022-07-28,62300.0,62600.0,61600.0,61900.0,10745302
2022-07-29,62400.0,62600.0,61300.0,61400.0,15093120
2022-08-01,61000.0,61700.0,60300.0,61300.0,13154816
2022-08-02,61200.0,61900.0,61000.0,61700.0,13614895
2022-08-03,61600.0,61600.0,61000.0,61300.0,10053861
2022-08-04,61700.0,61800.0,61200.0,61500.0,9125439
2022-08-05,61700.0,61900.0,61200.0,61500.0,9567620
2022-08-08,61400.0,61400.0,60600.0,60800.0,11313150
2022-08-09,60600.0,60700.0,59600.0,60000.0,18251170
2022-08-10,58900.0,59200.0,58600.0,59100.0,18084349
2022-08-11,59600.0,60000.0,59300.0,59900.0,15141941
2022-08-12,59500.0,60700.0,59400.0,60200.0,10786658
2022-08-16,60500.0,61600.0,60300.0,61000.0,15036727
2022-08-17,61100.0,61200.0,60300.0,60400.0,9061518
2022-08-18,60300.0,61900.0,60000.0,61500.0,16372754
2022-08-19,61400.0,61600.0,60600.0,60900.0,6923679
2022-08-22,60300.0,60400.0,59800.0,60000.0,8259865
2022-08-23,59000.0,59600.0,59000.0,59100.0,9041629
2022-08-24,59200.0,59500.0,59000.0,59000.0,8888486
2022-08-25,59200.0,59700.0,59000.0,59700.0,5767902
2022-08-26,60300.0,60900.0,59900.0,60000.0,9499995
2022-08-29,58700.0,58900.0,58600.0,58600.0,9841329
2022-08-30,58700.0,59000.0,58300.0,58800.0,9690044
2022-08-31,58200.0,59900.0,58200.0,59700.0,14203512
2022-09-01,58700.0,58900.0,58300.0,58400.0,14905777
2022-09-02,58300.0,58600.0,57500.0,57500.0,15040310
2022-09-05,57400.0,57800.0,56800.0,57100.0,11425977
2022-09-06,57200.0,57600.0,56900.0,57100.0,7503086
2022-09-07,56700.0,56700.0,55900.0,56000.0,17384854
2022-09-08,56200.0,56400.0,55600.0,55600.0,18000016
2022-09-13,57000.0,58500.0,56800.0,58100.0,17166581
2022-09-14,56200.0,57200.0,56100.0,56800.0,12524961
2022-09-15,57000.0,57100.0,56000.0,56000.0,11664819
2022-09-16,55600.0,56400.0,55500.0,56200.0,13456503
2022-09-19,56300.0,57000.0,56000.0,56400.0,12278653
2022-09-20,56400.0,57000.0,55800.0,55800.0,14041465
2022-09-21,55400.0,55500.0,55000.0,55300.0,11863700
2022-09-22,54600.0,54700.0,54300.0,54400.0,12786510
2022-09-23,54400.0,54900.0,54200.0,54500.0,10555964
2022-09-26,53700.0,54200.0,53600.0,53900.0,15008449
2022-09-27,53800.0,54200.0,53500.0,54200.0,16631289
2022-09-28,53900.0,54400.0,52500.0,52900.0,19991129
2022-09-29,53300.0,53700.0,52600.0,52600.0,13882080
2022-09-30,52300.0,53600.0,51800.0,53100.0,22503249
2022-10-04,55300.0,55400.0,54500.0,55200.0,19148435
2022-10-05,56900.0,57200.0,55400.0,56000.0,22458970
2022-10-06,56700.0,57300.0,56300.0,56300.0,14944446
2022-10-07,55900.0,56900.0,55200.0,56200.0,16886813
2022-10-11,54400.0,55700.0,54000.0,55400.0,21437877
2022-10-12,55700.0,57000.0,55200.0,55800.0,18408910
2022-10-13,55400.0,56100.0,55200.0,55200.0,13784602
2022-10-14,56200.0,56500.0,55800.0,56300.0,12924326
2022-10-17,55800.0,57000.0,55700.0,56600.0,13641878
2022-10-18,56700.0,57100.0,55800.0,56500.0,14820702
2022-10-19,56700.0,56900.0,55700.0,55800.0,12660652
2022-10-20,55200.0,56000.0,55100.0,55500.0,17107653
2022-10-21,55100.0,56300.0,55100.0,55900.0,11456060
2022-10-24,57000.0,57500.0,56700.0,57500.0,16944503
2022-10-25,57000.0,58600.0,57000.0,57700.0,17405678
2022-10-26,58000.0,59600.0,57700.0,59400.0,20824967
2022-10-27,59700.0,60100.0,58900.0,59500.0,21756712
2022-10-28,58900.0,59200.0,57200.0,57300.0,20924937
2022-10-31,58100.0,59900.0,58000.0,59400.0,18999514
2022-11-01,59900.0,60300.0,59500.0,60000.0,17201647
2022-11-02,59700.0,60000.0,59300.0,59600.0,13202919
2022-11-03,58600.0,59800.0,58100.0,59200.0,17492162
2022-11-04,59100.0,59500.0,58400.0,59400.0,12445841
2022-11-07,59700.0,60300.0,59400.0,60200.0,12437246
2022-11-08,60500.0,61900.0,60500.0,61800.0,18273898
2022-11-09,62000.0,62200.0,61300.0,62000.0,14045592
2022-11-10,61400.0,61500.0,60400.0,60400.0,21087633
2022-11-11,63100.0,63200.0,62300.0,62900.0,20037163
2022-11-14,62900.0,62900.0,61700.0,61900.0,15973416
2022-11-15,62200.0,62500.0,61600.0,62400.0,12310986
2022-11-16,62400.0,62700.0,61700.0,62700.0,12909260
2022-11-17,62000.0,62000.0,61300.0,61400.0,13298296
2022-11-18,61800.0,62400.0,61400.0,61800.0,12236503
2022-11-21,61400.0,61800.0,60800.0,61400.0,9378097
2022-11-22,60900.0,61200.0,60300.0,60600.0,9411289
2022-11-23,61200.0,61300.0,60700.0,61000.0,8765050
2022-11-24,61200.0,61700.0,60900.0,61400.0,8125010
2022-11-25,61400.0,61700.0,60800.0,61000.0,6677933
2022-11-28,60500.0,60500.0,59800.0,60100.0,8589032
2022-11-29,59900.0,60600.0,59800.0,60600.0,7014160
2022-11-30,60400.0,62200.0,60200.0,62200.0,19768903
2022-12-01,63100.0,63200.0,62300.0,62600.0,16631445
2022-12-02,62500.0,62500.0,60400.0,60400.0,15331184
2022-12-05,60900.0,61100.0,60000.0,60300.0,13767787
2022-12-06,59800.0,60100.0,59200.0,59200.0,13888300
2022-12-07,58800.0,59600.0,58500.0,58900.0,12100662
2022-12-08,58700.0,59200.0,58600.0,59200.0,12986815
2022-12-09,59300.0,60600.0,59300.0,60400.0,10529632
2022-12-12,59900.0,60000.0,59400.0,59500.0,9036472
2022-12-13,59600.0,60300.0,59400.0,59700.0,9040873
2022-12-14,59800.0,60600.0,59800.0,60500.0,8207485
2022-12-15,59800.0,60200.0,59300.0,59300.0,8716039
2022-12-16,58300.0,59500.0,58300.0,59500.0,13033596
2022-12-19,59500.0,59900.0,59100.0,59500.0,7696187
2022-12-20,59000.0,59100.0,58500.0,58600.0,9284761
2022-12-21,58700.0,59100.0,58000.0,58000.0,10356971
2022-12-22,58100.0,59100.0,58100.0,59100.0,10720630
2022-12-23,58200.0,58400.0,57700.0,58100.0,9829407
2022-12-26,58000.0,58100.0,57700.0,57900.0,6756411
2022-12-27,58000.0,58400.0,57900.0,58100.0,10667027
2022-12-28,57600.0,57600.0,56400.0,56600.0,14665410
2022-12-29,56000.0,56200.0,55300.0,55300.0,11295935
2023-01-02,55500.0,56100.0,55200.0,55500.0,10031448
2023-01-03,55400.0,56000.0,54500.0,55400.0,13547030
2023-01-04,55700.0,58000.0,55600.0,57800.0,20188071
2023-01-05,58200.0,58800.0,57600.0,58200.0,15682826
2023-01-06,58300.0,59400.0,57900.0,59000.0,17334989
2023-01-09,59700.0,60700.0,59600.0,60700.0,18640107
2023-01-10,60200.0,61100.0,59900.0,60400.0,14859797
2023-01-11,61000.0,61200.0,60300.0,60500.0,12310751
2023-01-12,61100.0,61200.0,59900.0,60500.0,16102561
2023-01-13,60500.0,61200.0,60400.0,60800.0,12510328
2023-01-16,61300.0,61600.0,60800.0,61100.0,10039972
2023-01-17,61200.0,61500.0,60600.0,61000.0,9831456
2023-01-18,60700.0,61000.0,59900.0,60400.0,11584041
2023-01-19,60500.0,61500.0,60400.0,61500.0,12808490
2023-01-20,62100.0,62300.0,61100.0,61800.0,9646327
2023-01-25,63500.0,63700.0,63000.0,63300.0,39217
2023-01-26,63800.0,63900.0,63300.0,63800.0,54188
2023-01-27,64400.0,65000.0,63900.0,64600.0,44282
2023-01-30,64900.0,64900.0,63100.0,63300.0,59628
2023-01-31,63500.0,63700.0,61000.0,61400.0,163847
2023-02-01,62600.0,62700.0,61000.0,61000.0,98585
2023-02-02,63200.0,63900.0,62600.0,63500.0,65992
2023-02-03,63900.0,64000.0,63000.0,63500.0,47567
2023-02-06,62800.0,63000.0,61600.0,61600.0,144104
2023-02-07,61900.0,62500.0,61600.0,62000.0,32873
2023-02-08,62800.0,63300.0,62400.0,63100.0,42558
2023-02-09,63000.0,63300.0,62300.0,63300.0,48035
2023-02-10,62600.0,63000.0,62400.0,62900.0,44786
2023-02-13,62900.0,63000.0,62300.0,62900.0,59395
2023-02-14,63600.0,63900.0,63200.0,63200.0,70606
2023-02-15,63900.0,63900.0,62000.0,62200.0,58370
2023-02-16,62500.0,63700.0,62400.0,63700.0,41448
2023-02-17,62900.0,63300.0,62400.0,62600.0,28613
2023-02-20,62900.0,63000.0,61800.0,62700.0,29846
2023-02-21,62700.0,62800.0,62000.0,62100.0,60971
2023-02-22,61500.0,61800.0,61000.0,61100.0,39178
2023-02-23,61700.0,62500.0,61500.0,62000.0,37145
2023-02-24,62300.0,62600.0,61300.0,61300.0,50792
2023-02-27,60800.0,60800.0,60200.0,60500.0,11155697
2023-02-28,60800.0,61400.0,60500.0,60600.0,13715861
2023-03-02,60900.0,61800.0,60500.0,60800.0,13095682
2023-03-03,61000.0,61200.0,60500.0,60500.0,10711405
2023-03-06,61100.0,61600.0,60800.0,61500.0,13630602
2023-03-07,61400.0,61400.0,60700.0,60700.0,11473280
2023-03-08,60100.0,60500.0,59900.0,60300.0,14161857
2023-03-09,60500.0,60800.0,59900.0,60100.0,14334499
2023-03-10,59500.0,59700.0,59100.0,59500.0,11902471
2023-03-13,59900.0,60200.0,59300.0,60000.0,12779724
2023-03-14,59400.0,59500.0,59000.0,59000.0,12147346
2023-03-15,60000.0,60300.0,59600.0,59800.0,10482149
2023-03-16,59200.0,60200.0,59100.0,59900.0,10611939
2023-03-17,60800.0,61300.0,60600.0,61300.0,14090110
2023-03-20,61100.0,61200.0,60200.0,60200.0,9618009
2023-03-21,60500.0,60700.0,60100.0,60300.0,8318514
2023-03-22,61000.0,61200.0,60500.0,61100.0,8978591
2023-03-23,60600.0,62300.0,60600.0,62300.0,15381057
2023-03-24,62700.0,63300.0,62300.0,63000.0,18278602
2023-03-27,62600.0,62800.0,62000.0,62100.0,11039331
2023-03-28,62400.0,62900.0,62100.0,62900.0,11614118
2023-03-29,62500.0,62700.0,62200.0,62700.0,11216008
2023-03-30,63700.0,63700.0,63100.0,63200.0,15684377
2023-03-31,64000.0,64000.0,63700.0,64000.0,14094479
2023-04-03,64000.0,64000.0,63000.0,63100.0,11973133
2023-04-04,63400.0,63800.0,62800.0,63600.0,11120514
2023-04-05,63700.0,64000.0,63400.0,63900.0,9176149
2023-04-06,63500.0,63600.0,62300.0,62300.0,14992747
2023-04-07,63800.0,65200.0,63800.0,65000.0,27476120
2023-04-10,64800.0,66300.0,64700.0,65700.0,18777166
2023-04-11,66200.0,66200.0,65400.0,65900.0,16323183
2023-04-12,65800.0,66200.0,65300.0,66000.0,15021313
2023-04-13,65600.0,66100.0,65400.0,66100.0,15091022
2023-04-14,66600.0,66600.0,65000.0,65100.0,16176490
2023-04-17,65000.0,65600.0,64700.0,65300.0,13486618
2023-04-18,65900.0,66000.0,64800.0,65600.0,14802060
2023-04-19,65500.0,65800.0,65300.0,65500.0,10255985
2023-04-20,65100.0,65300.0,64600.0,65300.0,9501169
2023-04-21,65800.0,65900.0,65400.0,65700.0,10538622
2023-04-24,65300.0,65700.0,64800.0,65200.0,12986581
2023-04-25,65300.0,65400.0,63400.0,63600.0,16193271
2023-04-26,63600.0,64300.0,63300.0,64100.0,12664541
2023-04-27,64100.0,65000.0,63300.0,64600.0,14779601
2023-04-28,65200.0,65900.0,65000.0,65500.0,19699481
2023-05-02,66000.0,66300.0,65100.0,65700.0,14396948
2023-05-03,65100.0,65600.0,64900.0,65400.0,8876749
2023-05-04,65600.0,65700.0,64700.0,65100.0,9791064
2023-05-08,66300.0,66300.0,65400.0,65900.0,9405365
2023-05-09,65800.0,65800.0,65100.0,65300.0,9366861
2023-05-10,65500.0,65500.0,64300.0,64600.0,13057727
2023-05-11,64700.0,65100.0,64200.0,64200.0,11648905
2023-05-12,63700.0,64600.0,63600.0,64100.0,8693913
2023-05-15,64100.0,64600.0,63900.0,64500.0,8172021
2023-05-16,65800.0,65900.0,65300.0,65400.0,12334657
2023-05-17,65900.0,65900.0,64800.0,65000.0,10745504
2023-05-18,66000.0,66200.0,65700.0,66200.0,14431704
2023-05-19,67800.0,68400.0,67500.0,68400.0,20349345
2023-05-22,68400.0,69000.0,68000.0,68500.0,14470308
2023-05-23,68500.0,68700.0,68100.0,68400.0,8561643
2023-05-24,68100.0,68700.0,68000.0,68500.0,8192896
2023-05-25,69900.0,70000.0,68700.0,68800.0,14231160
2023-05-26,69800.0,70400.0,69500.0,70300.0,19549511
2023-05-30,71300.0,72300.0,71200.0,72300.0,27476897
2023-05-31,72400.0,72500.0,71000.0,71400.0,25666087
2023-06-01,70900.0,71600.0,70600.0,70900.0,14669296
2023-06-02,71700.0,72200.0,71600.0,72200.0,12161798
2023-06-05,72700.0,72700.0,71400.0,71700.0,12686829
2023-06-07,71300.0,71600.0,70800.0,71000.0,14796613
2023-06-08,70400.0,70900.0,70000.0,70900.0,19165568
2023-06-09,71100.0,72300.0,70800.0,72000.0,15050209
2023-06-12,72100.0,72400.0,70800.0,71000.0,12064287
2023-06-13,71700.0,72200.0,71600.0,72000.0,13227285
2023-06-14,72100.0,72200.0,71100.0,71900.0,12541046
2023-06-15,72100.0,72300.0,71300.0,71500.0,13614994
2023-06-16,71800.0,71900.0,70900.0,71800.0,15373696
2023-06-19,71300.0,71700.0,70900.0,71200.0,11100887
2023-06-20,70700.0,71400.0,70400.0,71400.0,11557883
2023-06-21,70700.0,71200.0,70400.0,70500.0,10626603
2023-06-22,70200.0,71500.0,70100.0,71300.0,11411007
2023-06-23,72000.0,72200.0,71600.0,71600.0,12329484
2023-06-26,71700.0,72500.0,71500.0,72400.0,10541901
2023-06-27,72500.0,72600.0,72000.0,72600.0,9442997
2023-06-28,72600.0,72700.0,72000.0,72700.0,8783093
2023-06-29,73100.0,73400.0,72400.0,72400.0,12229967
2023-06-30,72500.0,72700.0,71700.0,72200.0,11694765
2023-07-03,72700.0,73200.0,72600.0,73000.0,10722181
2023-07-04,73400.0,73600.0,72900.0,73000.0,10214350
2023-07-05,73000.0,73300.0,71900.0,72000.0,12310610
2023-07-06,71900.0,72400.0,71500.0,71600.0,14777667
2023-07-07,71100.0,71400.0,69800.0,69900.0,17308877
2023-07-10,70000.0,70400.0,69200.0,69500.0,11713926
2023-07-11,70200.0,71500.0,70100.0,71500.0,12177392
2023-07-12,71200.0,72000.0,71100.0,71900.0,10375581
2023-07-13,72400.0,72600.0,71900.0,71900.0,14417279
2023-07-14,72500.0,73400.0,72400.0,73400.0,15882519
2023-07-17,73200.0,73500.0,72800.0,73300.0,10060049
2023-07-18,73200.0,73500.0,72000.0,72000.0,11697900
2023-07-19,72700.0,72800.0,71300.0,71700.0,10896412
2023-07-20,71100.0,71500.0,70800.0,71000.0,9732730
2023-07-21,70400.0,70400.0,69400.0,70300.0,16528926
2023-07-24,70100.0,70900.0,69900.0,70400.0,13418597
2023-07-25,70000.0,70500.0,69800.0,70000.0,14314945
2023-07-26,69800.0,70600.0,68100.0,69800.0,30016221
2023-07-27,69900.0,71700.0,69300.0,71700.0,24261179
2023-07-28,71800.0,72400.0,70100.0,70600.0,19420683
2023-07-31,70900.0,71000.0,69800.0,69800.0,13035420
2023-08-01,70100.0,71200.0,70000.0,71100.0,12299254
2023-08-02,70700.0,71000.0,69800.0,69900.0,13835020
2023-08-03,69900.0,70200.0,68500.0,68800.0,20087090
2023-08-04,68800.0,69100.0,68200.0,68300.0,12360193
2023-08-07,67700.0,69200.0,67600.0,68500.0,10968505
2023-08-08,69000.0,69100.0,67400.0,67600.0,14664709
2023-08-09,68000.0,69600.0,67900.0,68900.0,17259673
2023-08-10,68300.0,68500.0,67800.0,68000.0,10227311
2023-08-11,68400.0,68800.0,67500.0,67500.0,9781038
2023-08-14,67500.0,67900.0,66900.0,67300.0,9352343
2023-08-16,66700.0,67100.0,66300.0,67000.0,13174578
2023-08-17,66300.0,66800.0,66000.0,66700.0,10778652
2023-08-18,66000.0,66700.0,65800.0,66300.0,11745006
2023-08-21,66600.0,67100.0,66300.0,66600.0,9720067
2023-08-22,67200.0,67700.0,66300.0,66600.0,10500242
2023-08-23,66700.0,67100.0,66400.0,67100.0,9549352
2023-08-24,68300.0,68700.0,67900.0,68200.0,15044463
2023-08-25,67100.0,67400.0,66900.0,67100.0,7032462
2023-08-28,66800.0,67000.0,66500.0,66800.0,5824628
2023-08-29,66900.0,67200.0,66600.0,66800.0,9114352
2023-08-30,67300.0,67700.0,67100.0,67100.0,9181223
2023-08-31,67100.0,67200.0,66400.0,66900.0,15964630
2023-09-01,66800.0,71000.0,66700.0,71000.0,29738235
2023-09-04,72900.0,72900.0,70700.0,71200.0,26286495
2023-09-05,70900.0,71500.0,70200.0,70700.0,12330239
2023-09-06,70700.0,70800.0,69700.0,70000.0,11414620
2023-09-07,70000.0,70600.0,69600.0,70400.0,13741241
2023-09-08,70200.0,70300.0,69600.0,70300.0,10688118
2023-09-11,70400.0,70800.0,70000.0,70800.0,11785462
2023-09-12,70800.0,71000.0,70400.0,70500.0,11688599
2023-09-13,71100.0,71600.0,70300.0,70900.0,15955797
2023-09-14,71200.0,71800.0,70800.0,71700.0,21041407
2023-09-15,71700.0,72300.0,71400.0,72000.0,17823512
2023-09-18,71300.0,71700.0,70200.0,70200.0,16040727
2023-09-19,70400.0,70800.0,69600.0,69800.0,11820188
2023-09-20,70000.0,70300.0,69500.0,69600.0,10873015
2023-09-21,69200.0,69800.0,68800.0,68900.0,10796336
2023-09-22,68300.0,68900.0,68300.0,68800.0,9897840
2023-09-25,68500.0,69700.0,68500.0,69400.0,13582516
2023-09-26,70000.0,70000.0,68400.0,68600.0,13143470
2023-09-27,68600.0,69100.0,68200.0,68400.0,14886491
2023-10-04,67400.0,67700.0,66700.0,67500.0,23361149
2023-10-05,67300.0,67400.0,66700.0,66700.0,16108313
2023-10-06,67100.0,67300.0,66000.0,66000.0,14386527
2023-10-10,66200.0,67600.0,66200.0,66400.0,19889202
2023-10-11,68600.0,69400.0,67900.0,68200.0,25209349
2023-10-12,68600.0,69700.0,68200.0,68900.0,19311380
2023-10-13,68000.0,68500.0,67700.0,68000.0,9724086
2023-10-16,67900.0,68500.0,66800.0,67300.0,12599299
2023-10-17,67700.0,69900.0,67400.0,69400.0,17299253
2023-10-18,68900.0,70500.0,68800.0,70500.0,16493184
2023-10-19,69700.0,70000.0,69400.0,69500.0,13985012
2023-10-20,68900.0,69200.0,68100.0,68800.0,15204495
2023-10-23,68700.0,69100.0,68200.0,68400.0,11625959
2023-10-24,68700.0,68800.0,67700.0,68500.0,12791710
2023-10-25,68800.0,68800.0,67900.0,68000.0,10610703
2023-10-26,67000.0,67900.0,66700.0,66700.0,15517624
2023-10-27,67100.0,67300.0,66700.0,67300.0,11334726
2023-10-30,66800.0,67800.0,66700.0,67300.0,10139270
2023-10-31,67600.0,68300.0,66900.0,66900.0,14488892
2023-11-01,67500.0,68900.0,67300.0,68600.0,13775256
2023-11-02,70000.0,70000.0,69400.0,69700.0,16350031
2023-11-03,69700.0,70200.0,69500.0,69600.0,10322234
2023-11-06,69800.0,70900.0,69300.0,70900.0,22228489
2023-11-07,70600.0,70900.0,70000.0,70900.0,17228731
2023-11-08,71300.0,71400.0,69700.0,69900.0,12901310
2023-11-09,69900.0,70800.0,69600.0,70300.0,12301373
2023-11-10,70000.0,70500.0,69500.0,70500.0,9684347
2023-11-13,71300.0,71300.0,70300.0,70400.0,9246919
2023-11-14,71000.0,71100.0,70600.0,70800.0,9567984
2023-11-15,71600.0,72200.0,71500.0,72200.0,20148677
2023-11-16,72500.0,73000.0,72300.0,72800.0,15860451
2023-11-17,72300.0,73000.0,72300.0,72500.0,11494644
2023-11-20,72100.0,73000.0,72100.0,72700.0,10610157
2023-11-21,73100.0,73400.0,72700.0,72800.0,9712881
2023-11-22,72200.0,73000.0,71900.0,72800.0,11105143
2023-11-23,73000.0,73200.0,72200.0,72400.0,6775614
2023-11-24,72400.0,72600.0,71700.0,71700.0,6676685
2023-11-27,71500.0,72100.0,71100.0,71300.0,9113857
2023-11-28,71400.0,72700.0,71300.0,72700.0,13283081
2023-11-29,72400.0,72800.0,72200.0,72700.0,9283933
2023-11-30,72700.0,72800.0,72200.0,72800.0,15783714
2023-12-01,72400.0,72500.0,71700.0,72000.0,9871284
2023-12-04,72800.0,72900.0,72400.0,72600.0,10229267
2023-12-05,72300.0,72400.0,71200.0,71200.0,12129682
2023-12-06,71800.0,72100.0,71600.0,71700.0,8123087
2023-12-07,71800.0,71900.0,71100.0,71500.0,8862017
2023-12-08,72100.0,72800.0,71900.0,72600.0,10859463
2023-12-11,72800.0,73000.0,72200.0,73000.0,9861960
2023-12-12,73300.0,73500.0,73100.0,73500.0,13758646
2023-12-13,73300.0,73500.0,72800.0,72800.0,13116766
2023-12-14,74100.0,74300.0,72500.0,73100.0,27567593
2023-12-15,73800.0,74000.0,73200.0,73300.0,15419815
2023-12-18,73300.0,73400.0,72800.0,72900.0,9690551
2023-12-19,73000.0,73400.0,72800.0,73400.0,8907632
2023-12-20,74200.0,74900.0,73800.0,74800.0,16870156
2023-12-21,74600.0,75000.0,74300.0,75000.0,13478766
2023-12-22,75800.0,76300.0,75400.0,75900.0,14515608
2023-12-26,76100.0,76700.0,75700.0,76600.0,13164909
2023-12-27,76700.0,78000.0,76500.0,78000.0,20651042
2023-12-28,77700.0,78500.0,77500.0,78500.0,17797536
2024-01-02,78200.0,79800.0,78200.0,79600.0,17142847
2024-01-03,78500.0,78800.0,77000.0,77000.0,21753644
2024-01-04,76100.0,77300.0,76100.0,76600.0,15324439
2024-01-05,76700.0,77100.0,76400.0,76600.0,11304316
2024-01-08,77000.0,77500.0,76400.0,76500.0,11088724
2024-01-09,77400.0,77700.0,74300.0,74700.0,26019249
2024-01-10,75000.0,75200.0,73200.0,73600.0,20259529
2024-01-11,72900.0,73600.0,72700.0,73200.0,57691266
2024-01-12,73000.0,74100.0,72800.0,73100.0,13038939
2024-01-15,73200.0,74000.0,73200.0,73900.0,2957915
2024-01-16,73500.0,73700.0,72500.0,72600.0,14760415
2024-01-17,73100.0,73300.0,71000.0,71000.0,22683660
2024-01-18,71600.0,72000.0,70700.0,71700.0,17853397
2024-01-19,73500.0,74700.0,73000.0,74700.0,23363427
2024-01-22,75900.0,76000.0,75000.0,75100.0,19673375
2024-01-23,75700.0,75800.0,74300.0,75200.0,14786224
2024-01-24,75200.0,75200.0,73500.0,74000.0,12860661
2024-01-25,74200.0,74800.0,73700.0,74100.0,11737747
2024-01-26,73700.0,74500.0,73300.0,73400.0,11160062
2024-01-29,73800.0,75200.0,73500.0,74400.0,13976521
2024-01-30,75000.0,75300.0,73700.0,74300.0,12244418
2024-01-31,73400.0,74000.0,72500.0,72700.0,15703560
2024-02-01,73000.0,74200.0,72900.0,73600.0,19881033
2024-02-02,74000.0,75200.0,73700.0,75200.0,14955881
2024-02-05,74200.0,74800.0,73500.0,74300.0,19026021
2024-02-06,74300.0,74700.0,73300.0,74400.0,14559254
2024-02-07,74600.0,75500.0,74300.0,75000.0,16566445
2024-02-08,75000.0,75200.0,73600.0,74100.0,20810708
2024-02-13,74800.0,75200.0,74400.0,75200.0,21966745
2024-02-14,73700.0,74300.0,73700.0,74000.0,12434945
2024-02-15,74200.0,74400.0,73000.0,73200.0,14120600
2024-02-16,73300.0,73400.0,72500.0,72800.0,13444781
2024-02-19,72800.0,73900.0,72800.0,73800.0,12726404
2024-02-20,73700.0,73700.0,72800.0,73300.0,14681477
2024-02-21,73400.0,73700.0,72900.0,73000.0,11503495
2024-02-22,73800.0,73900.0,72700.0,73100.0,15208934
2024-02-23,73600.0,74200.0,72900.0,72900.0,16225166
2024-02-26,72300.0,73200.0,72200.0,72800.0,14669352
2024-02-27,73100.0,73400.0,72700.0,72900.0,13201981
2024-02-28,72900.0,73900.0,72800.0,73200.0,11795859
2024-02-29,72600.0,73400.0,72000.0,73400.0,21176403
2024-03-04,74300.0,75000.0,74000.0,74900.0,23210474
2024-03-05,74600.0,74800.0,73700.0,73700.0,19505125
2024-03-06,73200.0,73500.0,72700.0,72900.0,21547905
2024-03-07,73100.0,73300.0,72200.0,72200.0,14516963
2024-03-08,72800.0,73400.0,72600.0,73300.0,19271349
2024-03-11,72900.0,73100.0,72300.0,72400.0,9740504
2024-03-12,72600.0,73500.0,72100.0,73300.0,13011654
2024-03-13,73700.0,74100.0,73500.0,74100.0,15243134
2024-03-14,74400.0,74500.0,73600.0,74300.0,22545539
2024-03-15,73400.0,73700.0,72300.0,72300.0,22580555
2024-03-18,72600.0,73000.0,72500.0,72800.0,11520348
2024-03-19,72300.0,73000.0,71700.0,72800.0,15376066
2024-03-20,73700.0,77200.0,73400.0,76900.0,50106297
2024-03-21,79200.0,79300.0,77700.0,79300.0,44569799
2024-03-22,79600.0,79900.0,77800.0,78900.0,26724761
2024-03-25,79600.0,79800.0,77800.0,78200.0,18703996
2024-03-26,79700.0,80100.0,79200.0,79900.0,30551494
2024-03-27,79200.0,80000.0,79200.0,79800.0,17424595
2024-03-28,79400.0,81000.0,79200.0,80800.0,25084812
2024-03-29,81200.0,82500.0,80900.0,82400.0,27126366
2024-04-01,83200.0,83300.0,82000.0,82000.0,20116513
2024-04-02,82900.0,85000.0,82900.0,85000.0,37077944
2024-04-03,84300.0,85000.0,83500.0,84100.0,30493347
2024-04-04,85200.0,85500.0,84300.0,85300.0,25248934
2024-04-05,84500.0,85000.0,83800.0,84500.0,18883752
2024-04-08,85200.0,86000.0,84500.0,84500.0,18953232
2024-04-09,84500.0,84900.0,83100.0,83600.0,23725956
2024-04-11,83200.0,84700.0,82500.0,84100.0,25538009
2024-04-12,84700.0,84900.0,83200.0,83700.0,17061770
2024-04-15,82900.0,83200.0,81200.0,82200.0,26663772
2024-04-16,81200.0,81300.0,79400.0,80000.0,31949845
2024-04-17,80700.0,80800.0,78900.0,78900.0,22611631
2024-04-18,78800.0,80100.0,78300.0,79600.0,21370190
2024-04-19,78300.0,78700.0,76300.0,77600.0,31317563
2024-04-22,77400.0,77500.0,75100.0,76100.0,30469477
2024-04-23,76400.0,76800.0,75500.0,75500.0,18717699
2024-04-24,77500.0,78800.0,77200.0,78600.0,22166150
2024-04-25,77300.0,77500.0,76300.0,76300.0,15549134
2024-04-26,77800.0,77900.0,76500.0,76700.0,12755629
2024-04-29,77400.0,77600.0,76200.0,76700.0,14664474
2024-04-30,77000.0,78500.0,76600.0,77500.0,19007007
2024-05-02,77600.0,78600.0,77300.0,78000.0,18900640
2024-05-03,79000.0,79000.0,77500.0,77600.0,13151889
2024-05-07,79600.0,81300.0,79400.0,81300.0,26238868
2024-05-08,80800.0,81400.0,80500.0,81300.0,13089576
2024-05-09,81100.0,81500.0,79700.0,79700.0,18759935
2024-05-10,80400.0,81100.0,78900.0,79200.0,16976124
2024-05-13,79400.0,79900.0,77600.0,78400.0,18652344
2024-05-14,78600.0,78800.0,77900.0,78300.0,11763992
2024-05-16,80200.0,80300.0,78100.0,78200.0,20989778
2024-05-17,78600.0,78800.0,77200.0,77400.0,15918201
2024-05-20,78100.0,79100.0,77900.0,78900.0,19456783
2024-05-21,78500.0,79000.0,78200.0,78400.0,13690583
2024-05-22,78100.0,78700.0,77300.0,77700.0,19521506
2024-05-23,77700.0,79100.0,77100.0,78300.0,18728087
2024-05-24,76800.0,77000.0,75700.0,75900.0,27891278
2024-05-27,75300.0,78200.0,74000.0,77200.0,43825202
2024-05-28,76500.0,78000.0,76200.0,77600.0,18539072
2024-05-29,77700.0,78200.0,75200.0,75200.0,30244875
2024-05-30,74800.0,75200.0,73500.0,73500.0,28551273
2024-05-31,74500.0,74700.0,73500.0,73500.0,26198776
2024-06-03,74400.0,76400.0,74200.0,75700.0,15706268
2024-06-04,74900.0,76100.0,74900.0,75300.0,14098053
2024-06-05,78000.0,78000.0,76800.0,77400.0,23177968
2024-06-07,78400.0,78600.0,77100.0,77300.0,21189349
2024-06-10,76100.0,76600.0,75600.0,75700.0,14598755
2024-06-11,75900.0,76000.0,75100.0,75200.0,16971175
2024-06-12,75300.0,77100.0,75200.0,76500.0,19246725
2024-06-13,78400.0,79000.0,77800.0,78600.0,33763804
2024-06-14,79700.0,80500.0,79000.0,79600.0,22926612
2024-06-17,79200.0,79500.0,78000.0,78100.0,16123051
2024-06-18,78700.0,80200.0,78600.0,79800.0,18207598
2024-06-19,81100.0,82500.0,80500.0,81200.0,24168863
2024-06-20,81500.0,82200.0,81200.0,81600.0,20288913
2024-06-21,80700.0,80800.0,80000.0,80000.0,17907523
2024-06-24,79700.0,80900.0,79500.0,80600.0,15454227
2024-06-25,80600.0,81800.0,80100.0,80800.0,19088458
2024-06-26,80100.0,81400.0,79900.0,81300.0,17783242
2024-06-27,81300.0,81600.0,80500.0,81600.0,11739720
2024-06-28,81900.0,81900.0,80800.0,81500.0,9455929
2024-07-01,81500.0,82100.0,81300.0,81800.0,11317202
2024-07-02,82500.0,82600.0,81500.0,81800.0,14471904
2024-07-03,82300.0,82300.0,81000.0,81800.0,11440328
2024-07-04,82900.0,84700.0,82400.0,84600.0,43857229
2024-07-05,85600.0,87100.0,85200.0,87100.0,45791193
2024-07-08,87900.0,88600.0,86900.0,87400.0,24035809
2024-07-09,87800.0,88200.0,86900.0,87800.0,21336201
2024-07-10,87600.0,88000.0,87100.0,87800.0,17813847
2024-07-11,88500.0,88800.0,86700.0,87600.0,24677608
2024-07-12,85900.0,86100.0,84100.0,84400.0,26344386
2024-07-15,84700.0,87300.0,84100.0,86700.0,25193080
2024-07-16,86900.0,88000.0,86700.0,87700.0,16166688
2024-07-17,87100.0,88000.0,86400.0,86700.0,18186490
2024-07-18,83800.0,86900.0,83800.0,86900.0,24721790
2024-07-19,85600.0,86100.0,84100.0,84400.0,18569122
2024-07-22,84400.0,84900.0,82600.0,83000.0,18987560
2024-07-23,84200.0,84700.0,83400.0,83900.0,15766389
2024-07-24,82900.0,83300.0,81900.0,82000.0,16939083
2024-07-25,80400.0,81000.0,80100.0,80400.0,20323811
2024-07-26,80700.0,81300.0,80400.0,80900.0,14508334
2024-07-29,81600.0,82000.0,81100.0,81200.0,12797136
2024-07-30,80400.0,81000.0,80000.0,81000.0,13169636
2024-07-31,81200.0,83900.0,80900.0,83900.0,20744323
2024-08-01,86000.0,86100.0,83100.0,83100.0,20900338
2024-08-02,81000.0,81400.0,79500.0,79600.0,25800275
2024-08-05,76700.0,76900.0,70200.0,71400.0,54608790
2024-08-06,74900.0,75300.0,72300.0,72500.0,47295226
2024-08-07,73000.0,76000.0,72800.0,74700.0,32710428
2024-08-08,73200.0,73900.0,72500.0,73400.0,28414729
2024-08-09,75700.0,75800.0,74200.0,74700.0,16388222
2024-08-12,75200.0,75900.0,74800.0,75500.0,9839259
2024-08-13,76500.0,76600.0,75500.0,76100.0,10716261
2024-08-14,77400.0,77800.0,77000.0,77200.0,13246168
2024-08-16,79400.0,80200.0,78700.0,80200.0,22061478
2024-08-19,80100.0,80100.0,78000.0,78300.0,14146565
2024-08-20,79500.0,79800.0,78700.0,78900.0,10683836
2024-08-21,77900.0,78600.0,77800.0,78300.0,7805598
2024-08-22,78700.0,78900.0,77800.0,78300.0,8149101
2024-08-23,77700.0,78400.0,77500.0,77700.0,9420306
2024-08-26,78100.0,78200.0,76000.0,76100.0,15655938
2024-08-27,75700.0,76500.0,75600.0,75800.0,11130145
2024-08-28,75800.0,76400.0,75400.0,76400.0,9794514
2024-08-29,73600.0,74700.0,73500.0,74000.0,16884479
2024-08-30,74400.0,75000.0,74100.0,74300.0,16358520
2024-09-02,74500.0,74700.0,73500.0,74400.0,12641376
2024-09-03,74100.0,74300.0,72500.0,72500.0,16314599
2024-09-04,69800.0,71100.0,69800.0,70000.0,27366563
2024-09-05,70100.0,71200.0,69000.0,69000.0,25686769
2024-09-06,69100.0,69700.0,68000.0,68900.0,19022299
2024-09-09,66900.0,68200.0,66600.0,67500.0,23263298
2024-09-10,67000.0,67300.0,66000.0,66200.0,30651376
2024-09-11,65100.0,65500.0,64200.0,64900.0,35809707
2024-09-12,66000.0,66600.0,65200.0,66300.0,35884106
2024-09-13,65000.0,65500.0,64300.0,64400.0,25045135
2024-09-19,64000.0,64400.0,62200.0,63100.0,49402713
2024-09-20,63800.0,64700.0,63000.0,63000.0,32746056
2024-09-23,62300.0,63500.0,62200.0,62600.0,28542376
2024-09-24,62800.0,63400.0,62400.0,63200.0,26957500
2024-09-25,63800.0,64200.0,62200.0,62200.0,28652438
2024-09-26,63900.0,64900.0,63700.0,64700.0,37566015
2024-09-27,64700.0,65400.0,64200.0,64200.0,28433030
2024-09-30,64200.0,64300.0,61500.0,61500.0,32694163
2024-10-02,60500.0,61900.0,59900.0,61300.0,28473536
2024-10-04,61000.0,61700.0,60500.0,60600.0,24247578
2024-10-07,60200.0,61900.0,59500.0,61000.0,35066533
2024-10-08,60000.0,61000.0,59900.0,60300.0,27411786
2024-10-10,60100.0,60200.0,58900.0,58900.0,45262214
2024-10-11,59100.0,60100.0,59000.0,59300.0,29623969
2024-10-14,59500.0,61200.0,59400.0,59300.0,20886249
2024-10-15,61100.0,61400.0,60100.0,61000.0,22715239
2024-10-16,59400.0,60000.0,59200.0,59500.0,23303268
2024-10-17,59400.0,60100.0,59100.0,59700.0,23372873
2024-10-18,59900.0,60100.0,59100.0,59200.0,14420260
2024-10-21,59000.0,59600.0,58500.0,59000.0,18514905
2024-10-22,58800.0,58900.0,57700.0,57700.0,27582527
2024-10-23,57500.0,60000.0,57100.0,59100.0,27300780
2024-10-24,58200.0,58500.0,56600.0,56600.0,31499922
2024-10-25,56000.0,56900.0,55800.0,55900.0,25829315
2024-10-28,55700.0,58500.0,55700.0,58100.0,27775009
2024-10-29,58000.0,59600.0,57300.0,59600.0,28369314
2024-10-30,59100.0,59800.0,58600.0,59100.0,19838511
2024-10-31,58500.0,61200.0,58300.0,59200.0,35809196
2024-11-01,59000.0,59600.0,58100.0,58300.0,19083180
2024-11-04,58600.0,59400.0,58400.0,58700.0,15586947
2024-11-05,57800.0,58100.0,57200.0,57600.0,17484474
2024-11-06,57600.0,58000.0,56300.0,57300.0,22092218
2024-11-07,56900.0,58100.0,56800.0,57300.0,17043102
2024-11-08,58000.0,58300.0,57000.0,57000.0,13877396
2024-11-11,56700.0,56800.0,55000.0,55000.0,29811326
2024-11-12,54600.0,54600.0,53000.0,53000.0,37962881
2024-11-13,52000.0,53000.0,50500.0,50600.0,52527995
2024-11-14,50200.0,51800.0,49900.0,49900.0,48510715
2024-11-15,50300.0,54200.0,50300.0,53500.0,46774485
2024-11-18,57000.0,57500.0,55900.0,56700.0,48095234
2024-11-19,56500.0,57500.0,55900.0,56300.0,31539632
2024-11-20,56100.0,56500.0,54800.0,55300.0,20864667
2024-11-21,54900.0,56900.0,54700.0,56400.0,19096850
2024-11-22,56000.0,56700.0,55900.0,56000.0,15281543
2024-11-25,57400.0,57900.0,56700.0,57900.0,36237325
2024-11-26,57900.0,58900.0,57500.0,58300.0,23209405
2024-11-27,57700.0,57800.0,56000.0,56300.0,21808387
2024-11-28,56000.0,56400.0,55200.0,55500.0,20001134
2024-11-29,55100.0,55300.0,53800.0,54200.0,24513531
2024-12-02,54300.0,54400.0,53100.0,53600.0,22044867
2024-12-03,53100.0,54400.0,53100.0,53600.0,23374603
2024-12-04,52000.0,53400.0,52000.0,53100.0,29004766
2024-12-05,53200.0,54400.0,53200.0,53700.0,23588277
2024-12-06,53900.0,54400.0,52700.0,54100.0,22861874
2024-12-09,53500.0,54600.0,53200.0,53400.0,26227680
2024-12-10,54500.0,54500.0,53700.0,54000.0,20783970
2024-12-11,53600.0,54200.0,53400.0,54000.0,14565947
2024-12-12,54000.0,56500.0,53900.0,55900.0,33476698
2024-12-13,55800.0,56300.0,55500.0,56100.0,15908823
2024-12-16,56300.0,56600.0,55200.0,55600.0,15277277
2024-12-17,54700.0,55200.0,54000.0,54200.0,20215230
2024-12-18,54100.0,55400.0,54000.0,54900.0,13698937
2024-12-19,53500.0,53800.0,53100.0,53100.0,22481925
2024-12-20,52700.0,53100.0,51900.0,53000.0,24674774
2024-12-23,53400.0,54000.0,53300.0,53500.0,13672650
2024-12-24,53700.0,54500.0,53600.0,54400.0,11634677
2024-12-26,54500.0,54600.0,53500.0,53600.0,10517075
2024-12-27,53500.0,54100.0,53200.0,53700.0,10747196
2024-12-30,53300.0,54000.0,53100.0,53200.0,12624702
2025-01-02,52700.0,53600.0,52300.0,53400.0,16630538
2025-01-03,52800.0,55100.0,52800.0,54400.0,19318046
2025-01-06,54400.0,56200.0,54300.0,55900.0,19034284
2025-01-07,56800.0,57300.0,55400.0,55400.0,17030235
2025-01-08,54800.0,57500.0,54700.0,57300.0,26593553
2025-01-09,57600.0,57700.0,56100.0,56100.0,24490592
2025-01-10,56100.0,56500.0,55200.0,55300.0,16059223
2025-01-13,54600.0,55000.0,54100.0,54100.0,16868600
2025-01-14,54200.0,54600.0,53700.0,53900.0,17465926
2025-01-15,54100.0,54700.0,53500.0,53700.0,18625025
2025-01-16,54200.0,55000.0,54100.0,54300.0,18627298
2025-01-17,53800.0,54100.0,53200.0,53700.0,18805344
2025-01-20,53600.0,53900.0,53300.0,53400.0,11822531
2025-01-21,53700.0,54300.0,53300.0,53500.0,13535702
2025-01-22,53400.0,54400.0,53100.0,54300.0,18341991
2025-01-23,53700.0,54100.0,53500.0,53700.0,15588067
2025-01-24,53600.0,53800.0,53200.0,53700.0,11867631
2025-01-31,52200.0,53000.0,51700.0,52400.0,42186279
2025-02-03,51100.0,51400.0,50800.0,51000.0,32344897
2025-02-04,51600.0,53600.0,51500.0,52700.0,27214851
2025-02-05,53600.0,53800.0,52800.0,52900.0,15974885
2025-02-06,53400.0,54000.0,53200.0,54000.0,16466025
2025-02-07,53900.0,54200.0,53600.0,53700.0,14476866
2025-02-10,53000.0,55900.0,52900.0,55600.0,27577591
2025-02-11,55500.0,56300.0,55000.0,55700.0,24596196
2025-02-12,55100.0,55900.0,54500.0,55800.0,26428596
2025-02-13,56100.0,56400.0,55600.0,55800.0,22448377
2025-02-14,56000.0,57300.0,56000.0,56000.0,23979779
2025-02-17,56100.0,56500.0,55700.0,56000.0,11916027
2025-02-18,56200.0,57200.0,55900.0,56900.0,22131007
2025-02-19,57400.0,58900.0,57300.0,58700.0,25395151
2025-02-20,59100.0,59100.0,58100.0,58400.0,21589059
2025-02-21,58400.0,58500.0,57100.0,58200.0,22198428
2025-02-24,57300.0,57700.0,57200.0,57300.0,14138471
2025-02-25,56600.0,57800.0,56500.0,57200.0,14625181
2025-02-26,57000.0,57100.0,56100.0,56600.0,18117091
2025-02-27,56500.0,57100.0,56200.0,56300.0,14975356
2025-02-28,55400.0,55700.0,54500.0,54500.0,28036698
2025-03-04,53900.0,55000.0,53800.0,54500.0,18553933
2025-03-05,55100.0,55400.0,54000.0,54000.0,16578817
2025-03-06,54100.0,54500.0,54000.0,54300.0,12258101
2025-03-07,53500.0,54200.0,53400.0,53700.0,14274992
2025-03-10,53500.0,54800.0,53500.0,53700.0,12921670
2025-03-11,52500.0,54100.0,52500.0,53600.0,17740891
2025-03-12,53800.0,55300.0,53600.0,54900.0,17973221
2025-03-13,55800.0,55900.0,54200.0,54700.0,24132151
2025-03-14,54500.0,55100.0,54400.0,54700.0,10845154
2025-03-17,55500.0,57800.0,55400.0,57600.0,35559021
2025-03-18,58800.0,59000.0,57300.0,57600.0,28138594
2025-03-19,57400.0,59200.0,57400.0,58500.0,29421759
2025-03-20,59200.0,60300.0,58500.0,60200.0,34989004
2025-03-21,60900.0,61700.0,60400.0,61700.0,40155612
2025-03-24,61200.0,61600.0,60500.0,60500.0,14088094
2025-03-25,60900.0,61100.0,59500.0,59800.0,17259455
2025-03-26,59800.0,61400.0,59700.0,61400.0,16431645
2025-03-27,60900.0,62000.0,60800.0,61800.0,20389790
2025-03-28,60700.0,61100.0,60000.0,60200.0,16282514
2025-03-31,59500.0,59700.0,57800.0,57800.0,17633494
2025-04-01,58700.0,59600.0,57900.0,58800.0,13841706
2025-04-02,58800.0,59400.0,58300.0,58800.0,14402297
2025-04-03,56900.0,57800.0,56900.0,57600.0,19508076
2025-04-04,56200.0,58200.0,55700.0,56100.0,23527139
2025-04-07,53300.0,54100.0,53100.0,53200.0,31998883
2025-04-08,55000.0,55300.0,53300.0,53500.0,25532845
2025-04-09,53300.0,54300.0,52900.0,53000.0,20576960
2025-04-10,56600.0,56700.0,55000.0,56400.0,22948172
2025-04-11,55600.0,55700.0,54800.0,55200.0,13930480
2025-04-14,56300.0,56700.0,55800.0,56200.0,12852613
2025-04-15,56300.0,57100.0,56200.0,56600.0,8998640
2025-04-16,56000.0,56200.0,54500.0,54700.0,14437025
2025-04-17,54700.0,55300.0,54500.0,55100.0,10867069
2025-04-18,55300.0,55600.0,54900.0,55300.0,5848342
2025-04-21,55200.0,56000.0,55100.0,55400.0,5941847
2025-04-22,54900.0,55500.0,54700.0,55000.0,9532469
2025-04-23,56000.0,56100.0,55500.0,55700.0,11148692
2025-04-24,55600.0,55800.0,55200.0,55700.0,10580377
2025-04-25,56400.0,56400.0,55600.0,55700.0,12183303
2025-04-28,55800.0,55900.0,55500.0,55800.0,9341518
2025-04-29,55700.0,56500.0,55600.0,55800.0,10295518
2025-04-30,55900.0,56000.0,55300.0,55500.0,13014189
2025-05-02,55000.0,55500.0,54200.0,54300.0,22454204
2025-05-07,54500.0,55000.0,54300.0,54600.0,17136991
2025-05-08,55100.0,55500.0,54500.0,54600.0,16320532
2025-05-09,54700.0,55000.0,54400.0,54800.0,7814322
2025-05-12,55200.0,57600.0,55000.0,57600.0,15414702
2025-05-13,57700.0,58200.0,56800.0,56900.0,16842801
2025-05-14,57500.0,57900.0,57000.0,57400.0,12468089
2025-05-15,57400.0,58600.0,57100.0,57300.0,13139736
2025-05-16,57400.0,57500.0,56700.0,56800.0,10385352
2025-05-19,56400.0,56400.0,55500.0,55800.0,9802105
2025-05-20,56200.0,56700.0,55700.0,55900.0,9080577
2025-05-21,56200.0,56600.0,55700.0,55700.0,7794181
2025-05-22,55300.0,55500.0,54500.0,54700.0,15254278
2025-05-23,55000.0,55200.0,54100.0,54200.0,11247115
2025-05-26,53900.0,55000.0,53700.0,54700.0,10901337
2025-05-27,54200.0,54500.0,53800.0,53900.0,13439520
2025-05-28,54300.0,56100.0,54200.0,55900.0,17516283
2025-05-29,56200.0,56400.0,55600.0,56100.0,12936810
2025-05-30,56200.0,57200.0,55800.0,56200.0,26219683
2025-06-02,56300.0,57300.0,56200.0,56800.0,12870515
2025-06-04,57200.0,57900.0,56800.0,57800.0,19649983
2025-06-05,58100.0,59900.0,57900.0,59100.0,23266027
2025-06-09,60400.0,60400.0,59500.0,59800.0,19609659
2025-06-10,60000.0,60100.0,58800.0,59200.0,15305760
2025-06-11,59500.0,60100.0,59400.0,59900.0,13610734
2025-06-12,59700.0,60000.0,59300.0,59500.0,17755115
2025-06-13,60200.0,60200.0,57700.0,58300.0,20705979
2025-06-16,58000.0,58100.0,56900.0,57200.0,22200872
2025-06-17,57800.0,59800.0,57400.0,58100.0,28637003
2025-06-18,58000.0,59800.0,57900.0,59800.0,17620705
2025-06-19,60500.0,60600.0,59000.0,59200.0,16876278
2025-06-20,59400.0,59800.0,59100.0,59500.0,18072251
2025-06-23,58400.0,58500.0,57600.0,58000.0,16551694
2025-06-24,59400.0,60600.0,59300.0,60500.0,23737899
2025-06-25,61500.0,61600.0,60300.0,61300.0,23933612
2025-06-26,61300.0,61300.0,59900.0,60200.0,19402300
2025-06-27,60100.0,61600.0,60000.0,60800.0,17340470
2025-06-30,61200.0,61200.0,59800.0,59800.0,17110294
2025-07-01,60400.0,61100.0,60200.0,60200.0,13650991
2025-07-02,60200.0,60900.0,59800.0,60800.0,15047951
2025-07-03,61300.0,63800.0,61100.0,63800.0,32040639
2025-07-04,64700.0,64700.0,63000.0,63300.0,23748959
2025-07-07,62900.0,63300.0,61700.0,61700.0,17164708
2025-07-08,61600.0,62400.0,61000.0,61400.0,20213724
2025-07-09,61400.0,61400.0,60200.0,60400.0,17533415
2025-07-10,60600.0,61200.0,60400.0,61000.0,14768473
2025-07-11,61300.0,62800.0,61200.0,62600.0,19140650
2025-07-14,62300.0,62600.0,61800.0,62500.0,13563846
2025-07-15,62300.0,63800.0,62000.0,63700.0,18442202
2025-07-16,63700.0,64700.0,63100.0,64700.0,23042660
2025-07-17,65900.0,66800.0,64400.0,66700.0,39448683
2025-07-18,67000.0,67800.0,66300.0,67100.0,23951531
2025-07-21,67400.0,68800.0,67200.0,67800.0,17723148
2025-07-22,68100.0,68500.0,65600.0,66000.0,20829006
2025-07-23,66200.0,66500.0,64900.0,66400.0,15687058
2025-07-24,66500.0,66800.0,65900.0,66000.0,12660193
2025-07-25,65700.0,66300.0,65500.0,65900.0,8080910
2025-07-28,68200.0,70400.0,67200.0,70400.0,35332500
2025-07-29,70800.0,70800.0,68800.0,70600.0,28190940
2025-07-30,71000.0,73700.0,70600.0,72600.0,34761444
2025-07-31,73000.0,74000.0,71000.0,71400.0,26568072
2025-08-01,70200.0,72000.0,68800.0,68900.0,24038534
2025-08-04,69500.0,70200.0,68700.0,69700.0,14780072
2025-08-05,71000.0,71500.0,69700.0,69900.0,14392903
2025-08-06,69200.0,69400.0,68300.0,68800.0,12542415
2025-08-07,70800.0,71000.0,69700.0,70500.0,15008213
2025-08-08,71000.0,72400.0,70700.0,71800.0,22241128
2025-08-11,72000.0,72100.0,70800.0,71000.0,11354253
2025-08-12,71100.0,72400.0,71100.0,71100.0,15797656
2025-08-13,71900.0,72100.0,71400.0,71900.0,12305742
2025-08-14,71900.0,71900.0,71200.0,71600.0,11946122
2025-08-18,71100.0,71200.0,70000.0,70000.0,13595591
2025-08-19,70400.0,70700.0,69700.0,70000.0,10533082
2025-08-20,70100.0,70700.0,69400.0,70500.0,17445516
2025-08-21,71500.0,71900.0,70600.0,70600.0,18843833
2025-08-22,71700.0,71800.0,70800.0,71400.0,9277432
2025-08-25,71700.0,71800.0,71000.0,71500.0,10345178
2025-08-26,70800.0,71100.0,70300.0,70300.0,14712519
2025-08-27,70100.0,70900.0,69800.0,70600.0,10523405
2025-08-28,70100.0,70400.0,69600.0,69600.0,11578024
2025-08-29,70100.0,70500.0,69700.0,69700.0,11682267
2025-09-01,68400.0,68600.0,67500.0,67600.0,12002343
2025-09-02,67800.0,69500.0,67800.0,69100.0,10604028
2025-09-03,69200.0,69800.0,68800.0,69800.0,10283009
2025-09-04,69500.0,70100.0,69300.0,70100.0,12284414
2025-09-05,70300.0,70400.0,69500.0,69500.0,11526724
2025-09-08,69800.0,70500.0,69600.0,70100.0,9263135
2025-09-09,70100.0,71500.0,70000.0,71500.0,14870245
2025-09-10,71800.0,72800.0,71600.0,72600.0,21928565
2025-09-11,73200.0,73600.0,72100.0,73400.0,20793501
2025-09-12,74600.0,75600.0,74200.0,75400.0,28219678
2025-09-15,77200.0,77600.0,75900.0,76500.0,19908805
2025-09-16,76900.0,79500.0,76700.0,79400.0,28218265
2025-09-17,79100.0,79100.0,77100.0,78200.0,20856317
2025-09-18,79100.0,80500.0,78600.0,80300.0,25619035
2025-09-22,81500.0,84000.0,81100.0,83500.0,27529656
2025-09-23,85800.0,85900.0,83600.0,84700.0,23610263
2025-09-24,84200.0,85500.0,83700.0,85400.0,18300997
2025-09-25,84400.0,86200.0,84100.0,86100.0,19665151
2025-09-26,85000.0,85300.0,82400.0,83300.0,24071193
2025-09-29,83300.0,85000.0,83200.0,84200.0,13069094
2025-09-30,84600.0,84900.0,83400.0,83900.0,16319061
2025-10-01,84900.0,86200.0,84700.0,86000.0,22039361
2025-10-02,89300.0,90300.0,88700.0,89750.0,49883028
2025-10-10,94000.0,94500.0,92700.0,94400.0,35269748
2025-10-13,91300.0,93400.0,90700.0,93300.0,23883308
2025-10-14,95300.0,96000.0,90200.0,91600.0,35545235
2025-10-15,92300.0,95300.0,92100.0,95000.0,21050111
2025-10-16,95300.0,97700.0,95000.0,97700.0,28141060
2025-10-17,97200.0,99100.0,96700.0,97900.0,22730809
2025-10-20,97900.0,98300.0,96000.0,98100.0,17589756
2025-10-21,98500.0,99900.0,97300.0,97500.0,22803830
2025-10-22,97100.0,98600.0,95500.0,98600.0,15937611
2025-10-23,96800.0,98500.0,96300.0,96500.0,18488581
2025-10-24,97900.0,99000.0,97700.0,98800.0,18801925
2025-10-27,101300.0,102000.0,100600.0,102000.0,22169970
2025-10-28,100900.0,101000.0,99100.0,99500.0,20002282
2025-10-29,100200.0,101000.0,99100.0,100500.0,20899788
2025-10-30,102400.0,105800.0,102000.0,104100.0,34570017
2025-10-31,105000.0,108600.0,103300.0,107500.0,54824564
2025-11-03,106900.0,111500.0,106500.0,111100.0,30110066
2025-11-04,111800.0,112400.0,104900.0,104900.0,30450281
2025-11-05,101000.0,102000.0,96700.0,100600.0,44843020
2025-11-06,103700.0,103800.0,98800.0,99200.0,28655689
2025-11-07,96400.0,100300.0,96300.0,97900.0,22908083
2025-11-10,98600.0,101000.0,97900.0,100600.0,23842327
2025-11-11,103700.0,106000.0,102000.0,103500.0,27742542
2025-11-12,103000.0,103900.0,101600.0,103100.0,19413497
2025-11-13,102500.0,104200.0,102300.0,102800.0,20838741
2025-11-14,99000.0,99600.0,97200.0,97200.0,21806342
2025-11-17,99800.0,101000.0,99500.0,100600.0,17192584
2025-11-18,99800.0,100900.0,97500.0,97800.0,18684068
2025-11-19,97100.0,97500.0,94600.0,96500.0,18993346
2025-11-20,100900.0,102900.0,99500.0,100600.0,25360435
2025-11-21,95600.0,96800.0,94500.0,94800.0,23103574
2025-11-24,97800.0,99000.0,96200.0,96700.0,29831172
2025-11-25,101400.0,101400.0,97800.0,99300.0,16110054
2025-11-26,100500.0,102900.0,99300.0,102800.0,21314975
2025-11-27,104100.0,105500.0,102700.0,103500.0,16453004
2025-11-28,103800.0,103800.0,100500.0,100500.0,15292277
2025-12-01,102000.0,102800.0,99900.0,100800.0,10905526
2025-12-02,101200.0,103500.0,101000.0,103400.0,13649487
2025-12-03,104700.0,105500.0,104000.0,104500.0,14697927
2025-12-04,103900.0,105100.0,103200.0,105100.0,11931145
2025-12-05,105300.0,108400.0,104600.0,108400.0,19755571
2025-12-08,109700.0,110000.0,108000.0,109500.0,15527762
2025-12-09,108900.0,109400.0,107300.0,108400.0,13671800
2025-12-10,108300.0,109800.0,107400.0,108000.0,12365092
2025-12-11,109200.0,110500.0,107300.0,107300.0,22994507
2025-12-12,107100.0,108900.0,106800.0,108900.0,14210314
2025-12-15,105300.0,105800.0,104600.0,104800.0,20594654
2025-12-16,104900.0,105600.0,102700.0,102800.0,18852079
2025-12-17,103500.0,108100.0,103400.0,107900.0,22297611
2025-12-18,106400.0,108200.0,105700.0,107600.0,20445631
2025-12-19,109700.0,109700.0,106200.0,106300.0,25917098
2025-12-22,109700.0,110500.0,109300.0,110500.0,24859171
2025-12-23,110900.0,112500.0,110400.0,111500.0,20419187
2025-12-24,112400.0,112400.0,110900.0,111100.0,12492939
2025-12-26,112400.0,117000.0,112400.0,117000.0,34018174
2025-12-29,119400.0,119700.0,118200.0,119500.0,19676004
2025-12-30,119100.0,121200.0,118700.0,119900.0,19746349
2026-01-02,120200.0,128500.0,120200.0,128500.0,30463279
2026-01-05,134600.0,138600.0,133600.0,138100.0,42863376
2026-01-06,135300.0,139300.0,132700.0,138900.0,45321341
2026-01-07,143500.0,144400.0,137600.0,141000.0,46317413
2026-01-08,138300.0,144500.0,138300.0,138800.0,41449329
2026-01-09,136000.0,140700.0,135200.0,139000.0,29520566
2026-01-12,141000.0,142000.0,136900.0,138800.0,26271134
2026-01-13,139800.0,140200.0,136900.0,137600.0,22384699
2026-01-14,137000.0,140300.0,136800.0,140300.0,18444394
2026-01-15,139000.0,144000.0,138300.0,143900.0,24701126
2026-01-16,145300.0,149500.0,144300.0,148900.0,30000219
2026-01-19,147200.0,150600.0,146600.0,149300.0,22762497
2026-01-20,148500.0,149300.0,143900.0,145200.0,24059218
2026-01-21,141900.0,149800.0,141800.0,149500.0,31703610
2026-01-22,155000.0,157000.0,150800.0,152300.0,32073624
2026-01-23,154700.0,156000.0,150100.0,152100.0,25407497
2026-01-26,154900.0,156400.0,151500.0,152100.0,20561689
2026-01-27,150500.0,159500.0,149200.0,159500.0,29423670
2026-01-28,162600.0,163300.0,160200.0,162400.0,29456431
2026-01-29,166200.0,166600.0,157100.0,160700.0,36087223
2026-01-30,160100.0,166500.0,160100.0,160500.0,40557267
2026-02-02,155700.0,159600.0,150400.0,150400.0,39748369
2026-02-03,157900.0,167500.0,157200.0,167500.0,36529813
2026-02-04,163500.0,169400.0,163100.0,169100.0,29943042
2026-02-05,162000.0,164000.0,158500.0,159300.0,38435228
2026-02-06,154100.0,160300.0,151600.0,158600.0,36358081
2026-02-09,168600.0,168700.0,165000.0,166400.0,25098971
2026-02-10,167400.0,168100.0,165500.0,165800.0,19369566
2026-02-11,164000.0,168600.0,162000.0,167800.0,22760242
2026-02-12,171200.0,179600.0,170100.0,178600.0,41296011
2026-02-13,179500.0,184400.0,178900.0,181200.0,34454192
2026-02-19,188000.0,190900.0,187100.0,190000.0,27049388
2026-02-20,190000.0,190300.0,188600.0,190100.0,24213880
2026-02-23,194400.0,197600.0,190500.0,193000.0,26364684
2026-02-24,193000.0,200000.0,192000.0,200000.0,28060617
2026-02-25,202500.0,206000.0,201000.0,203500.0,26987996
2026-02-26,206500.0,219000.0,206000.0,218000.0,30095763
2026-02-27,210000.0,223000.0,210000.0,216500.0,51774768
2026-03-03,209500.0,212500.0,195100.0,195100.0,54879010
2026-03-04,184200.0,195900.0,171900.0,172200.0,89427954
2026-03-05,195000.0,199700.0,188100.0,191600.0,53959129
2026-03-06,186100.0,189700.0,181000.0,188200.0,29522650
2026-03-09,173500.0,175500.0,167300.0,173500.0,43066020
2026-03-10,187600.0,191500.0,184300.0,187900.0,33530170
2026-03-11,193000.0,194800.0,187700.0,190000.0,24311356
2026-03-12,186600.0,190000.0,185900.0,187900.0,20440753
2026-03-13,180000.0,186200.0,179900.0,183500.0,19566331
2026-03-16,184600.0,189000.0,183600.0,188700.0,19747901
2026-03-17,198000.0,198000.0,193100.0,193900.0,20300082
2026-03-18,200500.0,209000.0,199700.0,208500.0,25148481
2026-03-19,199900.0,205000.0,199600.0,200500.0,19884483
2026-03-20,202000.0,202500.0,199000.0,199400.0,35279762
2026-03-23,190500.0,191200.0,186300.0,186300.0,30268173
2026-03-24,195500.0,196000.0,185500.0,189700.0,25458914
2026-03-25,193700.0,196400.0,189000.0,189000.0,22995904
2026-03-26,185500.0,185900.0,178900.0,180100.0,32074131
2026-03-27,172100.0,181700.0,172000.0,180100.0,29138966
2026-03-30,171000.0,176650.0,170600.0,176300.0,22269147
2026-03-31,170000.0,174700.0,167000.0,167200.0,38659593
2026-04-01,179000.0,190800.0,178000.0,189650.0,32390251
2026-04-02,192600.0,193600.0,175000.0,178400.0,38615231
2026-04-03,184200.0,187200.0,182700.0,186200.0,20194447
2026-04-06,190900.0,194600.0,190100.0,193100.0,20635958
2026-04-07,202000.0,202500.0,192400.0,196500.0,30848053
2026-04-08,214000.0,214500.0,207500.0,210500.0,35890973
2026-04-09,207000.0,207500.0,202000.0,204000.0,42320839
2026-04-10,208500.0,211000.0,205500.0,206000.0,18244459
2026-04-13,198200.0,203000.0,198200.0,201000.0,19603415
2026-04-14,208000.0,210000.0,205500.0,206500.0,23672078
2026-04-15,215000.0,215500.0,210000.0,211000.0,24092884
2026-04-16,212000.0,218000.0,210500.0,217500.0,21499788
2026-04-17,217000.0,218000.0,215000.0,216000.0,18079322
2026-04-20,214500.0,219000.0,213000.0,214500.0,17107741
2026-04-21,218000.0,220000.0,216000.0,219000.0,16752132
2026-04-22,218500.0,222500.0,215500.0,217500.0,16823480
2026-04-23,223000.0,229500.0,216000.0,224500.0,34525485
2026-04-24,224000.0,225000.0,216500.0,219500.0,19626666
2026-04-27,220000.0,226000.0,218500.0,224500.0,22870374
2026-04-28,224000.0,226000.0,221500.0,222000.0,18444490
2026-04-29,219500.0,228000.0,218500.0,226000.0,20363756
2026-04-30,229000.0,230000.0,220500.0,220500.0,22161975
2026-05-04,228000.0,232500.0,224000.0,232500.0,32920816
2026-05-06,254000.0,270000.0,251000.0,266000.0,53097996
2026-05-07,272000.0,277000.0,260000.0,271500.0,41404687
2026-05-08,260000.0,270000.0,260000.0,268500.0,25875880
2026-05-11,284500.0,288500.0,280000.0,285500.0,36031094
2026-05-12,290000.0,291500.0,266000.0,279000.0,41211149
2026-05-13,264000.0,285500.0,262000.0,284000.0,35540134
2026-05-14,282000.0,299500.0,282000.0,296000.0,39314752
2026-05-15,291000.0,296500.0,266000.0,270500.0,38075487
2026-05-18,269500.0,288500.0,262000.0,281000.0,33555214
2026-05-19,274000.0,281500.0,266000.0,275500.0,30767569
2026-05-20,278000.0,282500.0,263500.0,276000.0,35662077
2026-05-21,291000.0,299500.0,287000.0,299500.0,36168689
2026-05-22,300000.0,300500.0,292000.0,292500.0,18395274
2026-05-26,298000.0,302000.0,297500.0,299000.0,23441371
2026-05-27,321500.0,323000.0,306000.0,307000.0,33916688
2026-05-28,305000.0,306500.0,287500.0,299500.0,30195334
2026-05-29,309500.0,319000.0,305500.0,317000.0,37241537
2026-06-01,319500.0,354500.0,319500.0,349000.0,45052488
2026-06-02,360500.0,370000.0,342000.0,360500.0,44720282
2026-06-04,349000.0,366000.0,348000.0,351500.0,34771037
2026-06-05,333500.0,343000.0,325000.0,329000.0,33725012
2026-06-08,293000.0,315500.0,292500.0,295500.0,38929682
2026-06-09,310000.0,324000.0,300000.0,322000.0,30124249
2026-06-10,311000.0,314500.0,295250.0,302500.0,1191
2026-06-11,290500.0,306500.0,287500.0,299000.0,31420307
2026-06-12,326000.0,339000.0,320000.0,322500.0,31006148
2026-06-15,342500.0,344500.0,334000.0,337000.0,21500067
2026-06-16,343000.0,345500.0,332500.0,343000.0,17548685
2026-06-17,332000.0,348000.0,331500.0,346500.0,18134051
2026-06-18,345000.0,363000.0,344500.0,362500.0,32764450
2026-06-19,372500.0,374500.0,346250.0,354000.0,43284898
2026-06-22,343000.0,363000.0,342000.0,353500.0,24330451
2026-06-23,347500.0,353000.0,310000.0,310000.0,41266630
2026-06-24,314000.0,341000.0,314000.0,340500.0,47809959
2026-06-25,359500.0,362500.0,352000.0,358500.0,36157158
2026-06-26,354000.0,356500.0,321500.0,339500.0,39735951
2026-06-29,331000.0,335500.0,316000.0,323000.0,35436521
2026-06-30,323500.0,343000.0,321000.0,334000.0,29237216
2026-07-01,334500.0,339000.0,311500.0,314500.0,24968382
2026-07-02,290000.0,304000.0,281500.0,286000.0,38905074
2026-07-03,288500.0,313000.0,283500.0,309500.0,31520538
2026-07-06,320000.0,325000.0,303000.0,318000.0,23872879
2026-07-07,307000.0,310000.0,286000.0,296000.0,32421032
2026-07-08,285500.0,300000.0,273500.0,277500.0,33525758
2026-07-09,288500.0,291500.0,267500.0,278000.0,29703616
2026-07-10,291000.0,298000.0,282000.0,285000.0,20088811
2026-07-13,285000.0,292500.0,253000.0,254500.0,31882652
2026-07-14,255000.0,270000.0,247000.0,263000.0,40086496
2026-07-15,283500.0,284500.0,273000.0,279500.0,24873414
2026-07-16,264500.0,265500.0,252500.0,255000.0,27001478
2026-07-20,241000.0,257500.0,240000.0,244000.0,26804038
2026-07-21,247000.0,263500.0,243000.0,259000.0,20386896
2026-07-22,276000.0,276000.0,260000.0,260500.0,22292003
2026-07-23,269000.0,273000.0,263000.0,270000.0,16011816
2026-07-24,266000.0,266500.0,247000.0,249500.0,26175580
2026-07-27,257000.0,258500.0,246000.0,254000.0,23296044
2026-07-28,238500.0,240000.0,218500.0,220000.0,41639623
2026-07-29,226500.0,234000.0,189200.0,208500.0,65555523
2026-07-30,214000.0,226000.0,202000.0,207000.0,46694193
2026-07-31,257000.0,267000.0,243000.0,262500.0,58478873
2026-08-03,248000.0,249500.0,238000.0,239500.0,27825493
2026-08-04,244500.0,244500.0,228000.0,240000.0,29433821
2026-08-05,254000.0,254500.0,244000.0,246000.0,22577128
2026-08-06,241500.0,246000.0,228000.0,230500.0,26101823
2026-08-07,235000.0,239500.0,229000.0,231000.0,20546010
2026-08-10,236000.0,238500.0,228500.0,230000.0,16327805
2026-08-11,229500.0,243000.0,227500.0,239500.0,23310969
2026-08-12,243500.0,260500.0,241000.0,255500.0,27102479
2026-08-13,267500.0,271000.0,262500.0,268000.0,35530867
2026-08-14,275000.0,275500.0,266000.0,274500.0,21669476
2026-08-18,283000.0,288000.0,265000.0,268500.0,24464621
2026-08-19,251500.0,254500.0,246500.0,247500.0,22788552
2026-08-20,257000.0,273000.0,252500.0,271000.0,26095919
2026-08-21,267000.0,285000.0,266000.0,281500.0,27746471
2026-08-24,271500.0,272000.0,255000.0,257000.0,32451940
2026-08-25,249000.0,258000.0,245000.0,257000.0,21617407
2026-08-26,256500.0,266500.0,255500.0,261500.0,19532523
2026-08-27,270000.0,271000.0,262500.0,266000.0,16829395
2026-08-28,262500.0,266000.0,256000.0,257000.0,15106746
