date,open,high,low,close,volume
2008-07-24,41865.8555,43813.1016,39529.1562,43034.2031,737992
2008-07-25,43228.9297,43228.9297,39772.5625,41379.043,284683
2008-07-28,41379.043,41671.1289,40162.0117,41184.3164,77134
2008-07-29,40015.9688,41817.1719,39188.3867,40697.5039,98510
2008-07-30,40843.5469,41281.6797,39967.2852,40746.1875,56572
2008-07-31,41184.3164,41233.0,39626.5195,40210.6914,110701
2008-08-01,40259.375,42839.4805,40113.3281,42450.0273,260717
2008-08-04,42255.3047,43277.6094,41768.4922,43131.5664,106201
2008-08-05,42352.668,43423.6523,41914.5352,43423.6523,57475
2008-08-06,43715.7422,45565.6289,43472.3359,45030.1328,211482
2008-08-07,44689.3633,45565.6289,44445.957,45516.9453,161320
2008-08-08,44981.4531,47123.4258,44981.4531,47026.0625,187048
2008-08-11,47561.5586,47561.5586,46052.4375,47318.1523,129890
2008-08-12,47318.1523,47415.5156,46733.9766,47220.7891,52375
2008-08-13,47415.5156,47999.6875,46587.9336,47902.3242,146382
2008-08-14,47902.3242,49168.0391,47853.6445,48778.5898,119933
2008-08-15,48778.5898,48778.5898,48778.5898,48778.5898,0
2008-08-18,48778.5898,53257.2617,48681.2266,49557.4883,149154
2008-08-19,49460.125,50239.0234,47658.918,49460.125,70245
2008-08-20,48973.3125,51115.2852,48632.543,49946.9375,91330
2008-08-21,50531.1133,50531.1133,47658.918,48681.2266,110831
2008-08-22,48194.4141,48389.1367,45662.9883,47220.7891,69600
2008-08-25,47610.2383,47999.6875,46101.1211,46344.5273,48300
2008-08-26,45565.6289,46831.3398,45565.6289,46441.8906,82167
2008-08-27,45955.0781,47123.4258,45370.9023,46539.25,51219
2008-08-28,46636.6133,49168.0391,46149.8008,46733.9766,71774
2008-08-29,47610.2383,50531.1133,47318.1523,49168.0391,86933
2008-09-01,49168.0391,49168.0391,43667.0586,43667.0586,106904
2008-09-02,43326.2891,45176.1758,42060.5781,43423.6523,55422
2008-09-03,42936.8398,46344.5273,42936.8398,46344.5273,50322
2008-09-04,45370.9023,47026.0625,45370.9023,46928.7031,46302
2008-09-05,46003.7578,47999.6875,45662.9883,47512.875,55205
2008-09-08,48097.0508,48389.1367,46733.9766,47902.3242,67968
2008-09-09,48048.3711,48437.8203,46344.5273,47269.4688,33654
2008-09-10,46733.9766,47902.3242,45906.3945,47512.875,26923
2008-09-11,47804.9648,48535.1836,46831.3398,48291.7773,60394
2008-09-12,48583.8633,48875.9492,47707.6016,48291.7773,44904
2008-09-15,48291.7773,48291.7773,48291.7773,48291.7773,0
2008-09-16,42936.8398,46247.1641,42936.8398,45711.6719,24209
2008-09-17,46685.2969,46685.2969,45662.9883,45662.9883,32250
2008-09-18,44105.1914,45030.1328,43131.5664,44786.7266,43096
2008-09-19,45614.3086,46733.9766,45614.3086,46733.9766,42959
2008-09-22,47220.7891,47610.2383,45711.6719,46636.6133,22380
2008-09-23,45906.3945,47999.6875,45906.3945,47707.6016,34493
2008-09-24,48194.4141,50141.6641,47074.7461,49654.8516,61214
2008-09-25,49946.9375,51602.0977,49070.6758,50628.4766,63884
2008-09-26,50531.1133,50531.1133,49265.3984,50531.1133,40606
2008-09-29,50531.1133,51407.375,49460.125,50433.75,26445
2008-09-30,46831.3398,53062.5352,46831.3398,52867.8125,76342
2008-10-01,52283.6367,54230.8867,51115.2852,51504.7383,41596
2008-10-02,51894.1875,52088.9102,50628.4766,52088.9102,39501
2008-10-03,52088.9102,52088.9102,52088.9102,52088.9102,0
2008-10-06,51796.8242,51796.8242,49362.7617,49752.2109,48273
2008-10-07,49460.125,50628.4766,48778.5898,50433.75,57619
2008-10-08,48973.3125,51894.1875,48486.5,50141.6641,79394
2008-10-09,49265.3984,51017.9258,48973.3125,50823.1992,30124
2008-10-10,50336.3867,54522.9727,47707.6016,53062.5352,46334
2008-10-13,52965.1719,55399.2344,49849.5742,51796.8242,53097
2008-10-14,53062.5352,53062.5352,49849.5742,50531.1133,120619
2008-10-15,49654.8516,51504.7383,49460.125,50628.4766,29909
2008-10-16,47707.6016,48778.5898,43813.1016,44981.4531,40816
2008-10-17,47172.1094,47415.5156,43813.1016,45078.8164,41901
2008-10-20,46636.6133,46733.9766,42936.8398,46733.9766,39879
2008-10-21,47220.7891,48145.7305,46393.207,47172.1094,41578
2008-10-22,47123.4258,47123.4258,42060.5781,43959.1484,15998
2008-10-23,41184.3164,43813.1016,37387.1797,43521.0156,78665
2008-10-24,41865.8555,43326.2891,36997.7305,41184.3164,75695
2008-10-27,38068.7188,42255.3047,38068.7188,41379.043,59548
2008-10-28,38555.5312,42839.4805,38214.7617,39723.8789,65293
2008-10-29,41476.4023,42839.4805,36997.7305,36997.7305,49624
2008-10-30,39821.2422,42547.3906,38166.082,42547.3906,45097
2008-10-31,43813.1016,46733.9766,42644.7539,44397.2773,44920
2008-11-03,45614.3086,47123.4258,43569.6953,43618.3789,45796
2008-11-04,44105.1914,44786.7266,42596.0742,44689.3633,30949
2008-11-05,45273.5391,46149.8008,44105.1914,44105.1914,43691
2008-11-06,42547.3906,42547.3906,39723.8789,40794.8672,21018
2008-11-07,39821.2422,41038.2734,37095.0938,39869.9219,62514
2008-11-10,39918.6055,40648.8242,38652.8945,38944.9805,52661
2008-11-11,38652.8945,38944.9805,37143.7734,37289.8203,48478
2008-11-12,37484.543,38166.082,36024.1055,36218.832,68683
2008-11-13,34271.582,35050.4844,32616.4219,34174.2188,38614
2008-11-14,35537.293,39285.75,35245.207,39285.75,117617
2008-11-17,40405.418,40405.418,37825.3125,39626.5195,63685
2008-11-18,39042.3438,39237.0664,37679.2695,37971.3555,20450
2008-11-19,38652.8945,38847.6172,37581.9062,38312.125,28153
2008-11-20,36997.7305,37484.543,34028.1758,34076.8594,28384
2008-11-21,33103.2344,38263.4414,32616.4219,37922.6758,25852
2008-11-24,37971.3555,39042.3438,37046.4141,37046.4141,16146
2008-11-25,38944.9805,39383.1133,35732.0195,36170.1523,22599
2008-11-26,36754.3242,37484.543,34953.1211,37484.543,32589
2008-11-27,38896.3008,38896.3008,36608.2812,37338.5,26109
2008-11-28,37727.9492,38312.125,36949.0508,38312.125,26199
2008-12-01,37679.2695,38701.5742,36608.2812,36851.6875,22595
2008-12-02,35391.25,35488.6133,34758.3945,34904.4375,29398
2008-12-03,35196.5273,35732.0195,33930.8125,33979.4961,23870
2008-12-04,34514.9883,35099.1641,33297.957,33346.6406,14534
2008-12-05,33103.2344,35391.25,31740.1582,34076.8594,111575
2008-12-08,35001.8008,35050.4844,33395.3203,33784.7695,230221
2008-12-09,34222.9023,35537.293,33687.4062,35050.4844,163765
2008-12-10,35391.25,35878.0625,34758.3945,34758.3945,116402
2008-12-11,35196.5273,36559.6016,34758.3945,36170.1523,149440
2008-12-12,35878.0625,36851.6875,34076.8594,34709.7148,64277
2008-12-15,35488.6133,38701.5742,35488.6133,38652.8945,110279
2008-12-16,38604.2109,40697.5039,37776.6328,39139.707,123970
2008-12-17,40405.418,40405.418,38166.082,39431.793,64368
2008-12-18,39139.707,39918.6055,37825.3125,37971.3555,51865
2008-12-19,37484.543,38555.5312,37192.457,37679.2695,56511
2008-12-22,38360.8047,38360.8047,37533.2266,38360.8047,33936
2008-12-23,37679.2695,38166.082,37046.4141,37922.6758,37294
2008-12-24,37922.6758,37922.6758,36072.7891,36072.7891,22784
2008-12-25,36072.7891,36072.7891,36072.7891,36072.7891,0
2008-12-26,35780.6992,36218.832,34807.0781,35683.3398,24356
2008-12-29,35293.8867,35878.0625,34466.3086,35732.0195,22411
2008-12-30,35780.6992,37679.2695,35780.6992,36510.918,79590
2008-12-31,36510.918,36510.918,36510.918,36510.918,0
2009-01-02,37289.8203,37971.3555,36656.9609,37971.3555,38563
2009-01-05,38458.168,38458.168,37581.9062,38117.3984,54926
2009-01-06,38263.4414,40892.2305,37776.6328,40892.2305,136326
2009-01-07,41622.4492,42839.4805,40454.0977,42790.7969,94133
2009-01-08,41573.7656,44592.0039,41135.6367,43813.1016,50978
2009-01-09,43910.4648,44299.9141,42011.8984,42839.4805,44092
2009-01-12,42352.668,42498.7109,40600.1406,41379.043,24763
2009-01-13,41184.3164,41379.043,40502.7812,40697.5039,22528
2009-01-14,40502.7812,44494.6406,40502.7812,42742.1172,79931
2009-01-15,41865.8555,43910.4648,41184.3164,42352.668,102450
2009-01-16,43326.2891,47804.9648,42352.668,45224.8594,149772
2009-01-19,47220.7891,50141.6641,45955.0781,48194.4141,133290
2009-01-20,49557.4883,50141.6641,47220.7891,49168.0391,129272
2009-01-21,47026.0625,49946.9375,47026.0625,49168.0391,87572
2009-01-22,49654.8516,50531.1133,47123.4258,48583.8633,117019
2009-01-23,47999.6875,50141.6641,47999.6875,49557.4883,80945
2009-01-28,49362.7617,51602.0977,49362.7617,50239.0234,66947
2009-01-29,51310.0117,51602.0977,47707.6016,49849.5742,58818
2009-01-30,48681.2266,50531.1133,48583.8633,49946.9375,45350
2009-02-02,48973.3125,50336.3867,48778.5898,49654.8516,70183
2009-02-03,50433.75,50920.5625,47951.0078,47999.6875,116856
2009-02-04,48389.1367,49460.125,47220.7891,47999.6875,100767
2009-02-05,47902.3242,48048.3711,46831.3398,47318.1523,57918
2009-02-06,48194.4141,48389.1367,45030.1328,46928.7031,151871
2009-02-09,46928.7031,47172.1094,45224.8594,45760.3516,50138
2009-02-10,45760.3516,47610.2383,45030.1328,47220.7891,45342
2009-02-11,45955.0781,51115.2852,45955.0781,51017.9258,139111
2009-02-12,51504.7383,55204.5117,49849.5742,53549.3477,307837
2009-02-13,53549.3477,61533.0703,53549.3477,61533.0703,227291
2009-02-16,64746.0312,69127.3438,61630.4297,62311.9688,243866
2009-02-17,62993.5078,63869.7695,59001.6445,60948.8945,246794
2009-02-18,60851.5312,68640.5312,59391.0938,66888.0078,189562
2009-02-19,67180.0938,70003.6016,61338.3438,63285.5938,148181
2009-02-20,61435.707,63772.4062,55983.4102,56957.0352,202964
2009-02-23,57833.2969,63090.8672,57054.3945,62214.6055,107983
2009-02-24,59683.1836,64356.582,59683.1836,59877.9062,131552
2009-02-25,62798.7812,64064.4922,59391.0938,59877.9062,65551
2009-02-26,60072.6328,61922.5195,57541.207,60754.168,58142
2009-02-27,58125.3828,60267.3555,57638.5703,59196.3711,179025
2009-03-02,58904.2812,58904.2812,56470.2227,56470.2227,83778
2009-03-03,54230.8867,59391.0938,54230.8867,57054.3945,58047
2009-03-04,57249.1211,64356.582,56957.0352,61825.1562,117426
2009-03-05,62506.6953,66693.2812,62311.9688,64940.7539,93029
2009-03-06,63967.1289,68835.25,63675.043,67472.1797,108075
2009-03-09,69127.3438,70977.2266,68445.8047,69906.2422,48791
2009-03-10,69906.2422,70100.9688,61727.793,66206.4688,211495
2009-03-11,66595.9141,68348.4375,64453.9414,66109.1016,118644
2009-03-12,66888.0078,67861.625,65524.9297,65719.6562,59394
2009-03-13,66303.8281,67569.5391,65817.0156,66888.0078,50775
2009-03-16,66011.7422,67277.4531,63090.8672,64356.582,98354
2009-03-17,63577.6797,65427.5664,63090.8672,63675.043,86700
2009-03-18,63480.3164,64551.3047,62409.332,63675.043,242204
2009-03-19,63967.1289,64161.8555,61727.793,61825.1562,97863
2009-03-20,61630.4297,65232.8438,61630.4297,64064.4922,91552
2009-03-23,64746.0312,65232.8438,64259.2188,64940.7539,10884
2009-03-24,65719.6562,66109.1016,62993.5078,64259.2188,74883
2009-03-25,64259.2188,65914.3828,63480.3164,65719.6562,72758
2009-03-26,66303.8281,67764.2656,65038.1172,66303.8281,158449
2009-03-27,67082.7266,67082.7266,64551.3047,64648.668,122150
2009-03-30,65135.4805,65135.4805,61922.5195,63772.4062,70437
2009-03-31,63480.3164,66303.8281,62409.332,65038.1172,101949
2009-04-01,65622.2891,66888.0078,64746.0312,65427.5664,98819
2009-04-02,66790.6406,71756.125,66693.2812,70587.7734,158409
2009-04-03,70587.7734,70587.7734,67082.7266,67082.7266,130080
2009-04-06,67082.7266,69516.7891,66985.3672,67472.1797,68567
2009-04-07,68153.7188,71366.6797,67569.5391,71366.6797,66604
2009-04-08,70587.7734,78182.0469,69711.5156,76916.3359,122578
2009-04-09,78766.2266,88405.1094,76234.7969,82952.8047,248359
2009-04-10,83050.1719,87918.2969,79447.7578,82563.3594,171117
2009-04-13,82758.0859,87626.2031,79934.5703,87626.2031,111269
2009-04-14,87626.2031,88113.0156,82466.0,84413.2422,117916
2009-04-15,83536.9844,85678.9609,78863.5859,84413.2422,93054
2009-04-16,85581.5938,87139.3906,82563.3594,83634.3438,63804
2009-04-17,83731.7109,85386.8672,81005.5625,83634.3438,51394
2009-04-20,84315.8828,84315.8828,80518.75,83731.7109,57452
2009-04-21,82466.0,83342.2578,81589.7344,82758.0859,51639
2009-04-22,83244.8984,89573.4531,82952.8047,88599.8281,92768
2009-04-23,89378.7266,92981.1406,86652.5781,91520.7031,59819
2009-04-24,91618.0703,92104.875,89184.0078,90644.4453,36377
2009-04-27,91325.9766,93175.8672,89670.8203,91033.8906,30863
2009-04-28,90157.6328,91423.3438,87723.5703,89573.4531,37637
2009-04-29,88794.5547,96194.1016,88794.5547,96194.1016,52770
2009-04-30,96778.2734,98822.8906,95415.2031,96680.9141,34977
2009-05-04,97362.4531,97362.4531,93565.3125,94733.6641,55678
2009-05-06,95804.6484,95804.6484,92007.5156,92007.5156,48931
2009-05-07,92104.875,93857.4062,87334.1172,90352.3516,176835
2009-05-08,90352.3516,92104.875,88794.5547,91715.4297,84810
2009-05-11,91715.4297,91715.4297,90060.2656,91423.3438,32468
2009-05-12,91033.8906,95415.2031,90644.4453,95415.2031,56464
2009-05-13,94928.3906,96486.1875,94538.9375,94538.9375,51224
2009-05-14,93760.0391,95609.9297,91618.0703,95609.9297,42626
2009-05-15,96875.6406,109532.7578,95609.9297,109532.7578,243454
2009-05-18,111480.0078,111966.8203,102230.5703,109045.9453,166866
2009-05-19,110993.1953,116834.9453,105151.4453,108559.1328,150782
2009-05-20,108072.3203,111966.8203,105151.4453,111966.8203,65890
2009-05-21,111966.8203,119269.0,110019.5703,112940.4453,128086
2009-05-22,111966.8203,117808.5625,109045.9453,110019.5703,110919
2009-05-25,107585.5078,116834.9453,104177.8203,114887.6953,91333
2009-05-26,115861.3203,131439.3125,111480.0078,124137.125,181649
2009-05-27,126571.1875,136307.4375,123163.5,128518.4375,158175
2009-05-28,128518.4375,138254.6875,124137.125,125110.75,151414
2009-05-29,129492.0625,133386.5625,124137.125,127058.0,75666
2009-06-01,127058.0,133873.375,127058.0,131926.125,66966
2009-06-02,135333.8125,135820.625,123650.3125,125110.75,166294
2009-06-03,125597.5625,127544.8125,117808.5625,119755.8125,104990
2009-06-04,119755.8125,126084.375,116834.9453,116834.9453,96831
2009-06-05,119269.0,121216.25,112940.4453,121216.25,94518
2009-06-08,120242.625,122189.875,118295.375,121216.25,39718
2009-06-09,122189.875,122189.875,114887.6953,118782.1875,67488
2009-06-10,118782.1875,119755.8125,115861.3203,119755.8125,58714
2009-06-11,119269.0,119269.0,113914.0703,116834.9453,104162
2009-06-12,115861.3203,117321.75,112940.4453,112940.4453,75841
2009-06-15,112940.4453,113427.2578,109045.9453,110993.1953,70496
2009-06-16,110019.5703,114400.8828,109045.9453,110019.5703,65056
2009-06-17,108559.1328,112453.6328,107585.5078,111480.0078,58255
2009-06-18,111480.0078,118782.1875,111480.0078,116348.1328,116892
2009-06-19,118295.375,119755.8125,115861.3203,119755.8125,82987
2009-06-22,118782.1875,119755.8125,115374.5078,117808.5625,54247
2009-06-23,114887.6953,116348.1328,112453.6328,114887.6953,41264
2009-06-24,114887.6953,116348.1328,106125.0703,114400.8828,101490
2009-06-25,112453.6328,116834.9453,110993.1953,113914.0703,80050
2009-06-26,114887.6953,123650.3125,112940.4453,120242.625,135876
2009-06-29,123163.5,128518.4375,121703.0625,122676.6875,94851
2009-06-30,125597.5625,125597.5625,119755.8125,123650.3125,49631
2009-07-01,124623.9375,130465.6875,121703.0625,126571.1875,136761
2009-07-02,126571.1875,130952.5,124137.125,128031.625,129082
2009-07-03,126084.375,129492.0625,124623.9375,129005.25,62509
2009-07-06,128031.625,132412.9375,128031.625,130952.5,73847
2009-07-07,132899.75,138254.6875,130952.5,136307.4375,114276
2009-07-08,135820.625,141662.3594,133873.375,134847.0,111795
2009-07-09,136307.4375,136307.4375,128518.4375,130465.6875,132388
2009-07-10,129492.0625,129978.875,123650.3125,129492.0625,101669
2009-07-13,127058.0,129005.25,118782.1875,122189.875,99843
2009-07-14,123650.3125,124137.125,113914.0703,120729.4375,176060
2009-07-15,120729.4375,125597.5625,117808.5625,120729.4375,112541
2009-07-16,123163.5,123650.3125,117808.5625,120242.625,161522
2009-07-17,120242.625,123650.3125,120242.625,120729.4375,89953
2009-07-20,122676.6875,123163.5,118782.1875,122676.6875,164208
2009-07-21,124623.9375,129492.0625,123650.3125,126084.375,261050
2009-07-22,126084.375,127058.0,118295.375,118782.1875,283416
2009-07-23,119269.0,119755.8125,109532.7578,113427.2578,419229
2009-07-24,114400.8828,118782.1875,108072.3203,108072.3203,295182
2009-07-27,108559.1328,117808.5625,107098.6953,117808.5625,414954
2009-07-28,118782.1875,121703.0625,115374.5078,118782.1875,257184
2009-07-29,117321.75,123650.3125,115861.3203,121703.0625,341742
2009-07-30,119755.8125,120242.625,115374.5078,116348.1328,372955
2009-07-31,118295.375,120242.625,115861.3203,119755.8125,317979
2009-08-03,119755.8125,120729.4375,115861.3203,117321.75,224999
2009-08-04,118782.1875,118782.1875,112453.6328,112940.4453,340003
2009-08-05,113427.2578,119269.0,112940.4453,115861.3203,379772
2009-08-06,116834.9453,119755.8125,116348.1328,117808.5625,182799
2009-08-07,117808.5625,118295.375,114887.6953,115861.3203,134092
2009-08-10,117808.5625,117808.5625,115374.5078,117321.75,112368
2009-08-11,116834.9453,123163.5,114887.6953,122676.6875,369832
2009-08-12,123163.5,127058.0,121703.0625,126571.1875,485556
2009-08-13,116834.9453,119269.0,114400.8828,114400.8828,2861981
2009-08-14,115861.3203,118782.1875,111966.8203,114400.8828,657365
2009-08-17,115374.5078,117808.5625,112940.4453,114400.8828,390773
2009-08-18,114887.6953,116834.9453,109045.9453,111966.8203,378134
2009-08-19,113427.2578,113427.2578,103691.0078,103691.0078,613906
2009-08-20,106125.0703,109045.9453,103204.1953,108072.3203,472010
2009-08-21,110019.5703,111966.8203,107098.6953,109532.7578,317185
2009-08-24,111966.8203,113427.2578,110019.5703,112940.4453,410462
2009-08-25,113427.2578,118782.1875,111966.8203,117321.75,632480
2009-08-26,118782.1875,124623.9375,118295.375,124137.125,736434
2009-08-27,124137.125,124137.125,116834.9453,117808.5625,365800
2009-08-28,120729.4375,121216.25,118295.375,119755.8125,400139
2009-08-31,121216.25,124137.125,117808.5625,117808.5625,536427
2009-09-01,120729.4375,135333.8125,119755.8125,134360.1875,1651845
2009-09-02,132412.9375,148964.5469,132412.9375,147990.9219,1979964
2009-09-03,149451.3594,152859.0469,141662.3594,143122.7969,1028314
2009-09-04,146043.6719,152372.2344,141175.5469,148477.7344,887287
2009-09-07,148477.7344,156753.5469,144583.2344,155779.9219,777135
2009-09-08,156266.7344,157727.1719,146043.6719,148477.7344,839527
2009-09-09,147990.9219,147990.9219,138741.5,138741.5,675905
2009-09-10,139715.125,144583.2344,136794.25,140688.7344,499659
2009-09-11,141662.3594,147504.1094,139228.3125,140688.7344,575839
2009-09-14,141175.5469,141662.3594,132412.9375,132412.9375,490802
2009-09-15,136307.4375,144096.4219,134360.1875,144096.4219,486612
2009-09-16,147990.9219,147990.9219,141175.5469,142635.9844,551642
2009-09-17,144096.4219,146043.6719,135820.625,138741.5,653402
2009-09-18,138254.6875,143122.7969,137281.0625,141175.5469,378431
2009-09-21,141175.5469,141662.3594,136307.4375,137281.0625,225150
2009-09-22,136307.4375,143122.7969,136307.4375,142635.9844,366693
2009-09-23,144096.4219,147017.2969,140688.7344,144583.2344,501891
2009-09-24,143122.7969,143122.7969,136307.4375,136794.25,459482
2009-09-25,136307.4375,141175.5469,132899.75,140688.7344,379208
2009-09-28,139228.3125,144096.4219,136307.4375,136307.4375,325706
2009-09-29,139715.125,140688.7344,134847.0,134847.0,339951
2009-09-30,133386.5625,135333.8125,122189.875,123650.3125,948139
2009-10-01,124137.125,125110.75,114400.8828,114400.8828,607198
2009-10-05,113427.2578,115374.5078,108559.1328,110019.5703,627988
2009-10-06,112453.6328,115861.3203,110506.3828,111480.0078,504095
2009-10-07,115861.3203,117321.75,110019.5703,110019.5703,518353
2009-10-08,112940.4453,119755.8125,110506.3828,119755.8125,457942
2009-10-09,120242.625,121216.25,117808.5625,119755.8125,315993
2009-10-12,121703.0625,123163.5,118782.1875,119755.8125,190467
2009-10-13,120242.625,120242.625,115374.5078,117808.5625,204769
2009-10-14,119269.0,124137.125,118782.1875,124137.125,315306
2009-10-15,124623.9375,125110.75,121216.25,122189.875,202424
2009-10-16,122676.6875,123650.3125,116834.9453,116834.9453,199840
2009-10-19,115374.5078,124137.125,115374.5078,124137.125,303614
2009-10-20,124137.125,128518.4375,122676.6875,126571.1875,462043
2009-10-21,125597.5625,128518.4375,123163.5,128518.4375,253940
2009-10-22,126571.1875,128031.625,125110.75,125110.75,135994
2009-10-23,125597.5625,126084.375,118782.1875,122189.875,381942
2009-10-26,120242.625,124623.9375,118782.1875,122189.875,229716
2009-10-27,112453.6328,115861.3203,110993.1953,111966.8203,797692
2009-10-28,110993.1953,111966.8203,104177.8203,105151.4453,532086
2009-10-29,102230.5703,107585.5078,99796.5156,107585.5078,358441
2009-10-30,109532.7578,110019.5703,105151.4453,105638.2578,198741
2009-11-02,101256.9531,104664.6328,100770.1406,101256.9531,147733
2009-11-03,103204.1953,104664.6328,100283.3281,100283.3281,143515
2009-11-04,100770.1406,105638.2578,100283.3281,105638.2578,156895
2009-11-05,103691.0078,104664.6328,100770.1406,101256.9531,141430
2009-11-06,104177.8203,104664.6328,100770.1406,101743.7578,105950
2009-11-09,101743.7578,101743.7578,93857.4062,93954.7656,746359
2009-11-10,95707.2891,96096.7422,93857.4062,93857.4062,302203
2009-11-11,94733.6641,96194.1016,93565.3125,94928.3906,241271
2009-11-12,95220.4766,95707.2891,92494.3281,92591.6875,314863
2009-11-13,92591.6875,93175.8672,86555.2188,87139.3906,691642
2009-11-16,87626.2031,89378.7266,85971.0469,87723.5703,375805
2009-11-17,88405.1094,89086.6406,85094.7812,85094.7812,434482
2009-11-18,85289.5078,87042.0312,82758.0859,84510.6094,621429
2009-11-19,84997.4219,89281.3672,84802.6953,89281.3672,607485
2009-11-20,88794.5547,91325.9766,88113.0156,90157.6328,455154
2009-11-23,90157.6328,91618.0703,89281.3672,90936.5312,266079
2009-11-24,92202.2422,92299.6016,89962.9062,90547.0781,273366
2009-11-25,91033.8906,92202.2422,90157.6328,92202.2422,199278
2009-11-26,92396.9688,93078.5,90352.3516,90352.3516,227627
2009-11-27,87626.2031,88794.5547,83244.8984,83731.7109,280117
2009-11-30,85678.9609,87042.0312,85386.8672,85873.6797,209313
2009-12-01,85678.9609,86457.8594,79058.3125,80324.0234,622097
2009-12-02,81200.2812,82855.4453,80129.2969,82173.9062,454429
2009-12-03,83342.2578,88794.5547,82952.8047,88599.8281,627188
2009-12-04,88697.1953,93078.5,88113.0156,92007.5156,642350
2009-12-07,93273.2266,94149.4922,92396.9688,92786.4141,263216
2009-12-08,92981.1406,94052.125,92981.1406,93565.3125,223997
2009-12-09,91910.1562,92007.5156,89378.7266,91228.6172,391002
2009-12-10,91033.8906,92591.6875,90157.6328,92299.6016,249870
2009-12-11,92494.3281,98336.0781,92494.3281,97362.4531,489500
2009-12-14,98336.0781,101743.7578,97362.4531,100283.3281,302882
2009-12-15,99309.7031,102230.5703,97362.4531,97362.4531,312631
2009-12-16,98336.0781,99309.7031,95123.1172,97362.4531,251192
2009-12-17,97362.4531,98336.0781,95415.2031,95415.2031,220029
2009-12-18,93954.7656,97362.4531,93954.7656,97265.0859,209220
2009-12-21,97362.4531,98822.8906,96680.9141,97167.7266,143355
2009-12-22,97849.2656,98336.0781,95707.2891,96778.2734,138609
2009-12-23,97362.4531,97362.4531,95123.1172,95415.2031,230314
2009-12-24,95707.2891,96583.5547,94733.6641,94831.0312,220850
2009-12-28,94052.125,94441.5781,93078.5,93078.5,191026
2009-12-29,92591.6875,95512.5625,92494.3281,93760.0391,175440
2009-12-30,94441.5781,97849.2656,94441.5781,96486.1875,310157
2010-01-04,97265.0859,97849.2656,95609.9297,97265.0859,174329
2010-01-05,99309.7031,109532.7578,98822.8906,106611.8828,1082883
2010-01-06,108072.3203,110019.5703,105151.4453,108072.3203,457756
2010-01-07,109045.9453,110506.3828,101256.9531,101743.7578,549962
2010-01-08,102717.3828,105151.4453,99796.5156,104664.6328,279317
2010-01-11,106125.0703,106125.0703,100770.1406,102230.5703,229292
2010-01-12,101256.9531,107098.6953,101256.9531,107098.6953,256435
2010-01-13,105638.2578,108072.3203,105151.4453,107098.6953,211215
2010-01-14,106125.0703,106125.0703,99309.7031,100770.1406,556252
2010-01-15,102230.5703,105151.4453,101256.9531,101743.7578,192530
2010-01-18,101256.9531,103691.0078,100283.3281,103204.1953,147266
2010-01-19,102230.5703,104177.8203,97167.7266,97362.4531,402390
2010-01-20,98336.0781,98822.8906,94441.5781,94538.9375,302968
2010-01-21,94441.5781,96583.5547,92883.7812,95804.6484,169407
2010-01-22,94052.125,95609.9297,93954.7656,95025.75,118164
2010-01-25,93954.7656,94052.125,92007.5156,92202.2422,180616
2010-01-26,92591.6875,92981.1406,87139.3906,87820.9297,215706
2010-01-27,87626.2031,87820.9297,85289.5078,85678.9609,208531
2010-01-28,85678.9609,92007.5156,84997.4219,90547.0781,201519
2010-01-29,89086.6406,89184.0078,86847.3047,87139.3906,111624
2010-02-01,87139.3906,89378.7266,86749.9453,88015.6562,107388
2010-02-02,88697.1953,90936.5312,87723.5703,87723.5703,95836
2010-02-03,89573.4531,89573.4531,87820.9297,88307.7422,61463
2010-02-04,88405.1094,88599.8281,86165.7656,86165.7656,119876
2010-02-05,82758.0859,84218.5234,82076.5469,82368.6328,149082
2010-02-08,82758.0859,82952.8047,79447.7578,79447.7578,174426
2010-02-09,79253.0391,81589.7344,79058.3125,81589.7344,141616
2010-02-10,82660.7188,84705.3359,81589.7344,83731.7109,127611
2010-02-11,84121.1562,84802.6953,82271.2734,84218.5234,73300
2010-02-12,84218.5234,84997.4219,82952.8047,83731.7109,74898
2010-02-16,83731.7109,85971.0469,83342.2578,85289.5078,70687
2010-02-17,86652.5781,86749.9453,85873.6797,85873.6797,93304
2010-02-18,86360.4922,86360.4922,84997.4219,85581.5938,43874
2010-02-19,84705.3359,85581.5938,83147.5312,83147.5312,93859
2010-02-22,84315.8828,85776.3203,84023.7969,84802.6953,72492
2010-02-23,85581.5938,90157.6328,85581.5938,89865.5391,304739
2010-02-24,89086.6406,92786.4141,88891.9141,92494.3281,227245
2010-02-25,92883.7812,93175.8672,88794.5547,88891.9141,158737
2010-02-26,90254.9922,96778.2734,90157.6328,95999.375,483618
2010-03-02,97167.7266,98336.0781,94538.9375,96291.4609,215469
2010-03-03,95512.5625,97849.2656,94928.3906,96291.4609,153898
2010-03-04,97070.3672,100283.3281,96680.9141,98822.8906,241584
2010-03-05,99309.7031,99309.7031,97070.3672,98336.0781,128756
2010-03-08,99309.7031,99309.7031,95707.2891,96194.1016,262162
2010-03-09,96291.4609,98822.8906,95220.4766,97849.2656,189706
2010-03-10,98336.0781,99309.7031,96486.1875,98822.8906,127585
2010-03-11,98822.8906,99796.5156,96778.2734,96778.2734,133516
2010-03-12,96875.6406,97362.4531,94831.0312,96778.2734,163350
2010-03-15,96875.6406,97849.2656,95999.375,96778.2734,83872
2010-03-16,96096.7422,96875.6406,94831.0312,95220.4766,146067
2010-03-17,95999.375,101256.9531,95707.2891,101256.9531,380904
2010-03-18,101743.7578,103691.0078,100770.1406,101256.9531,313880
2010-03-19,102717.3828,105638.2578,101743.7578,105638.2578,259870
2010-03-22,105151.4453,107585.5078,104664.6328,106611.8828,367315
2010-03-23,109045.9453,113914.0703,108072.3203,111966.8203,586183
2010-03-24,114887.6953,121703.0625,114400.8828,120242.625,816394
2010-03-25,119269.0,121703.0625,116348.1328,120729.4375,332288
2010-03-26,120729.4375,122676.6875,118782.1875,119755.8125,211768
2010-03-29,117808.5625,125597.5625,117808.5625,121703.0625,275434
2010-03-30,123650.3125,124137.125,118782.1875,121216.25,206193
2010-03-31,122189.875,126571.1875,121216.25,125110.75,337745
2010-04-01,124623.9375,128031.625,122676.6875,127058.0,404811
2010-04-02,127544.8125,129978.875,125597.5625,129978.875,306121
2010-04-05,130465.6875,133386.5625,127058.0,132412.9375,224300
2010-04-06,132899.75,133873.375,130465.6875,130952.5,170501
2010-04-07,131439.3125,133386.5625,128518.4375,133386.5625,241098
2010-04-08,133386.5625,138741.5,132412.9375,138254.6875,445438
2010-04-09,137281.0625,138254.6875,133386.5625,136794.25,372916
2010-04-12,136307.4375,136307.4375,128031.625,128031.625,492371
2010-04-13,129005.25,132412.9375,127058.0,128031.625,288932
2010-04-14,130465.6875,134360.1875,129492.0625,130952.5,291677
2010-04-15,131926.125,131926.125,125597.5625,129978.875,241276
2010-04-16,129005.25,130465.6875,127544.8125,129005.25,133828
2010-04-19,126571.1875,131926.125,125597.5625,131439.3125,207970
2010-04-20,132412.9375,139228.3125,131439.3125,139228.3125,560762
2010-04-21,140688.7344,149451.3594,140201.9375,147504.1094,573216
2010-04-22,146530.4844,149451.3594,146043.6719,147017.2969,221432
2010-04-23,145070.0469,147017.2969,138741.5,141662.3594,596453
2010-04-26,145070.0469,156753.5469,145070.0469,155293.1094,527630
2010-04-27,155779.9219,159674.4219,153832.6719,158700.7969,327654
2010-04-28,155293.1094,165516.1719,153832.6719,162595.2969,352297
2010-04-29,164542.5469,170384.2969,159187.6094,160648.0469,488431
2010-04-30,160648.0469,168437.0469,157727.1719,168437.0469,462437
2010-05-03,168437.0469,171357.9219,165516.1719,165516.1719,231631
2010-05-04,168437.0469,168437.0469,161621.6719,166489.7969,213054
2010-05-06,161134.8594,163568.9219,156753.5469,160648.0469,279837
2010-05-07,154806.2969,162595.2969,150424.9844,160161.2344,333414
2010-05-10,162595.2969,163082.1094,157727.1719,159674.4219,274943
2010-05-11,163082.1094,171357.9219,162595.2969,171357.9219,453950
2010-05-12,173791.9688,181580.9688,170384.2969,171357.9219,611902
2010-05-13,175000.0,183000.0,173000.0,183000.0,282537
2010-05-14,185500.0,188000.0,176000.0,179000.0,410468
2010-05-17,175000.0,180500.0,173000.0,177500.0,236585
2010-05-18,179500.0,182000.0,167000.0,170000.0,346897
2010-05-19,168000.0,174000.0,161500.0,172500.0,331046
2010-05-20,172500.0,173500.0,151500.0,156500.0,607740
2010-05-24,155500.0,158000.0,135500.0,147500.0,544877
2010-05-25,145000.0,152500.0,139500.0,144500.0,606465
2010-05-26,148500.0,159000.0,141000.0,156500.0,1463609
2010-05-27,156500.0,166500.0,154000.0,166000.0,497518
2010-05-28,169500.0,174000.0,160500.0,164000.0,352033
2010-05-31,163500.0,166500.0,160500.0,162000.0,234955
2010-06-01,162500.0,165000.0,156000.0,157000.0,236025
2010-06-03,159000.0,162000.0,157000.0,158000.0,224776
2010-06-04,158000.0,169000.0,157000.0,166500.0,362694
2010-06-07,161500.0,168000.0,160000.0,168000.0,385563
2010-06-08,169500.0,175000.0,168000.0,173000.0,388759
2010-06-09,173000.0,175000.0,170500.0,171000.0,265719
2010-06-10,171000.0,172500.0,165500.0,168000.0,398535
2010-06-11,170500.0,171000.0,158000.0,159000.0,670574
2010-06-14,162000.0,166000.0,160000.0,160000.0,370475
2010-06-15,160500.0,164500.0,159500.0,162500.0,195336
2010-06-16,164500.0,167000.0,161000.0,162000.0,248599
2010-06-17,162000.0,165000.0,159500.0,163000.0,343518
2010-06-18,165000.0,170000.0,163000.0,166000.0,369565
2010-06-21,167000.0,169000.0,163500.0,165000.0,200821
2010-06-22,166500.0,169500.0,164000.0,164000.0,245117
2010-06-23,160500.0,163000.0,158500.0,159000.0,218056
2010-06-24,158500.0,160000.0,156000.0,156500.0,201257
2010-06-25,155500.0,160000.0,155500.0,156500.0,231007
2010-06-28,158500.0,163000.0,157500.0,163000.0,154536
2010-06-29,165000.0,167000.0,158500.0,158500.0,202330
2010-06-30,155000.0,162500.0,155000.0,162500.0,230992
2010-07-01,161500.0,168000.0,160000.0,167500.0,295530
2010-07-02,167500.0,168000.0,157500.0,159000.0,268818
2010-07-05,158000.0,159500.0,152500.0,154000.0,320805
2010-07-06,155000.0,160000.0,153000.0,158500.0,234736
2010-07-07,160500.0,163000.0,157000.0,160000.0,217730
2010-07-08,163000.0,163500.0,159500.0,161500.0,166549
2010-07-09,164000.0,170500.0,163500.0,170000.0,582020
2010-07-12,174000.0,180500.0,172500.0,180500.0,602473
2010-07-13,182000.0,185500.0,178500.0,178500.0,364634
2010-07-14,183000.0,183500.0,179000.0,180500.0,254212
2010-07-15,181000.0,195500.0,181000.0,193000.0,575354
2010-07-16,194000.0,196000.0,188000.0,189500.0,371594
2010-07-19,187000.0,191500.0,186000.0,188000.0,262866
2010-07-20,186000.0,187500.0,178500.0,180000.0,529065
2010-07-21,181500.0,183500.0,176000.0,178500.0,346479
2010-07-22,177000.0,181000.0,169500.0,172500.0,568583
2010-07-23,171500.0,173500.0,159000.0,162500.0,1214363
2010-07-26,162000.0,168500.0,161000.0,168000.0,421211
2010-07-27,171000.0,171500.0,164000.0,164000.0,449273
2010-07-28,168500.0,171000.0,162500.0,164500.0,455708
2010-07-29,164500.0,166500.0,156500.0,157500.0,399081
2010-07-30,157500.0,160500.0,155000.0,160000.0,307522
2010-08-02,161500.0,162500.0,158500.0,161000.0,261428
2010-08-03,164500.0,167500.0,163000.0,164000.0,323222
2010-08-04,164500.0,164500.0,155000.0,156500.0,546872
2010-08-05,158000.0,158500.0,141000.0,142000.0,1148027
2010-08-06,139500.0,141000.0,134000.0,138500.0,1243645
2010-08-09,137500.0,142500.0,137000.0,139000.0,478797
2010-08-10,141500.0,145500.0,141000.0,144000.0,514160
2010-08-11,142500.0,142500.0,135000.0,135000.0,566892
2010-08-12,131500.0,138000.0,129500.0,135000.0,504131
2010-08-13,138000.0,145000.0,136500.0,144000.0,575506
2010-08-16,143000.0,146000.0,140000.0,146000.0,368749
2010-08-17,144000.0,145500.0,141500.0,144000.0,284941
2010-08-18,145500.0,146000.0,141500.0,141500.0,246882
2010-08-19,144500.0,148500.0,141500.0,143500.0,514679
2010-08-20,143000.0,148000.0,142000.0,146000.0,368131
2010-08-23,147500.0,150500.0,142000.0,142500.0,377080
2010-08-24,141500.0,143500.0,137500.0,143500.0,425877
2010-08-25,141500.0,143500.0,139000.0,139500.0,240035
2010-08-26,142000.0,143000.0,138000.0,140500.0,212836
2010-08-27,139500.0,141000.0,135500.0,137000.0,268682
2010-08-30,140000.0,140000.0,135500.0,137500.0,269724
2010-08-31,136000.0,137000.0,130000.0,132000.0,520513
2010-09-01,132000.0,136000.0,129500.0,133000.0,468276
2010-09-02,137000.0,142500.0,136000.0,142500.0,556679
2010-09-03,145000.0,147500.0,142500.0,145500.0,555246
2010-09-06,148500.0,150000.0,144500.0,145500.0,304160
2010-09-07,146000.0,148000.0,144500.0,147000.0,261263
2010-09-08,146000.0,146000.0,141000.0,145500.0,283268
2010-09-09,144500.0,145500.0,138500.0,141000.0,498002
2010-09-10,142000.0,143500.0,138500.0,139500.0,294362
2010-09-13,140500.0,143000.0,136500.0,139500.0,385896
2010-09-14,140500.0,141500.0,133000.0,134000.0,498340
2010-09-15,132500.0,133500.0,126500.0,133000.0,704799
2010-09-16,132000.0,136500.0,131000.0,132500.0,444846
2010-09-17,135000.0,143000.0,135000.0,143000.0,748651
2010-09-20,143500.0,144500.0,138000.0,140500.0,418613
2010-09-24,137500.0,137500.0,133500.0,134000.0,455448
2010-09-27,136000.0,138500.0,133500.0,134000.0,305783
2010-09-28,133500.0,137500.0,133000.0,135500.0,272592
2010-09-29,138000.0,144500.0,137500.0,144000.0,567371
2010-09-30,144000.0,144000.0,139500.0,140000.0,352524
2010-10-01,140500.0,143500.0,138000.0,141000.0,338849
2010-10-04,142500.0,142500.0,135500.0,136500.0,379161
2010-10-05,135000.0,136000.0,133500.0,134500.0,244802
2010-10-06,137000.0,137000.0,133500.0,135000.0,257909
2010-10-07,134000.0,138000.0,134000.0,136500.0,253990
2010-10-08,137500.0,137500.0,134500.0,136000.0,202801
2010-10-11,136500.0,137000.0,131500.0,133000.0,241478
2010-10-12,132500.0,133500.0,129500.0,131500.0,206616
2010-10-13,133500.0,135000.0,130500.0,131500.0,211309
2010-10-14,131500.0,135500.0,131000.0,133500.0,392102
2010-10-15,133500.0,133500.0,130000.0,132500.0,442486
2010-10-18,132500.0,134500.0,131500.0,133000.0,342624
2010-10-19,131500.0,132000.0,127500.0,127500.0,472707
2010-10-20,125500.0,128000.0,123500.0,127000.0,366813
2010-10-21,128000.0,132500.0,126000.0,131500.0,504138
2010-10-22,131000.0,132000.0,129000.0,131500.0,249449
2010-10-25,133000.0,134000.0,130500.0,132000.0,234853
2010-10-26,132500.0,137000.0,130500.0,133000.0,441413
2010-10-27,133000.0,135000.0,130000.0,131000.0,322544
2010-10-28,131500.0,133500.0,130000.0,133500.0,209500
2010-10-29,131500.0,132000.0,128000.0,130500.0,289200
2010-11-01,130000.0,130000.0,126000.0,127500.0,201932
2010-11-02,126000.0,128500.0,125000.0,125000.0,249900
2010-11-03,125000.0,127500.0,124000.0,124500.0,202567
2010-11-04,126000.0,130000.0,125500.0,128000.0,289582
2010-11-05,130500.0,133000.0,130000.0,133000.0,388788
2010-11-08,134000.0,134500.0,129000.0,132500.0,195147
2010-11-09,131500.0,132500.0,130000.0,130000.0,147932
2010-11-10,128500.0,130000.0,126000.0,128500.0,284406
2010-11-11,127500.0,130500.0,126000.0,126000.0,409955
2010-11-12,127000.0,127500.0,122000.0,125500.0,321773
2010-11-15,124000.0,128000.0,123000.0,125000.0,177024
2010-11-16,125000.0,126000.0,122500.0,123000.0,152817
2010-11-17,120000.0,122500.0,120000.0,121500.0,167584
2010-11-18,123000.0,126000.0,121000.0,125500.0,196102
2010-11-19,125000.0,126500.0,123000.0,124500.0,183842
2010-11-22,125500.0,131000.0,125500.0,131000.0,629839
2010-11-23,130500.0,136000.0,130000.0,134000.0,816217
2010-11-24,130500.0,136000.0,130000.0,135500.0,594904
2010-11-25,138000.0,139000.0,135500.0,136000.0,471128
2010-11-26,136000.0,136000.0,129000.0,130500.0,433540
2010-11-29,130500.0,132500.0,129000.0,131500.0,163470
2010-11-30,131000.0,131500.0,127500.0,130000.0,223232
2010-12-01,130000.0,130000.0,126000.0,127500.0,246039
2010-12-02,129000.0,130500.0,128000.0,129500.0,172836
2010-12-03,131500.0,132500.0,129000.0,131000.0,177313
2010-12-06,131500.0,133000.0,130000.0,132000.0,189620
2010-12-07,132000.0,132500.0,130000.0,131000.0,165336
2010-12-08,130500.0,136000.0,130500.0,132500.0,278955
2010-12-09,133500.0,135500.0,133000.0,135500.0,229063
2010-12-10,135500.0,136000.0,133500.0,135000.0,153589
2010-12-13,135000.0,135500.0,132000.0,134000.0,173556
2010-12-14,135000.0,136500.0,133500.0,134500.0,254885
2010-12-15,134500.0,134500.0,131500.0,133000.0,172870
2010-12-16,131000.0,133000.0,131000.0,132000.0,138310
2010-12-17,132500.0,133000.0,130500.0,132500.0,139382
2010-12-20,130500.0,131000.0,128500.0,129500.0,191461
2010-12-21,131000.0,132500.0,129500.0,130000.0,148906
2010-12-22,130000.0,135000.0,129000.0,132000.0,279708
2010-12-23,133000.0,133000.0,131000.0,132500.0,105387
2010-12-24,132500.0,134000.0,130500.0,131500.0,150201
2010-12-27,131000.0,135500.0,131000.0,132500.0,189312
2010-12-28,134000.0,134500.0,132000.0,132000.0,169265
2010-12-29,132500.0,136000.0,132500.0,135000.0,243056
2010-12-30,135500.0,136000.0,133000.0,134000.0,168449
2011-01-03,135000.0,137000.0,134500.0,136500.0,283544
2011-01-04,136500.0,137000.0,134000.0,135500.0,206723
2011-01-05,135500.0,135500.0,133000.0,133500.0,206756
2011-01-06,133500.0,135000.0,132000.0,133500.0,199001
2011-01-07,133500.0,137500.0,132000.0,135000.0,440384
2011-01-10,135500.0,136000.0,132500.0,133500.0,160361
2011-01-11,133000.0,133500.0,131500.0,133000.0,124444
2011-01-12,132500.0,134500.0,131500.0,132000.0,160204
2011-01-13,133000.0,133000.0,130000.0,131000.0,182055
2011-01-14,131000.0,131000.0,128000.0,130000.0,206361
2011-01-17,129500.0,130000.0,127500.0,128500.0,185927
2011-01-18,128000.0,131000.0,127500.0,127500.0,171255
2011-01-19,128000.0,130500.0,126000.0,130000.0,208571
2011-01-20,130500.0,131000.0,128000.0,128500.0,146803
2011-01-21,128000.0,131500.0,127500.0,128000.0,228927
2011-01-24,128500.0,136000.0,128000.0,135500.0,725001
2011-01-25,137000.0,141000.0,136500.0,139500.0,795986
2011-01-26,140500.0,142000.0,138000.0,139500.0,306548
2011-01-27,141000.0,141500.0,138500.0,139500.0,279721
2011-01-28,140500.0,143000.0,138000.0,138500.0,285766
2011-01-31,136000.0,141000.0,134500.0,140500.0,300105
2011-02-01,141500.0,146000.0,141500.0,144000.0,543814
2011-02-07,147500.0,147500.0,143000.0,143500.0,292308
2011-02-08,143000.0,143500.0,139500.0,141000.0,238699
2011-02-09,142000.0,142000.0,136500.0,138000.0,283257
2011-02-10,137000.0,141000.0,137000.0,137500.0,206386
2011-02-11,138000.0,139000.0,132500.0,134000.0,333876
2011-02-14,135000.0,136000.0,133000.0,135000.0,195781
2011-02-15,134500.0,135000.0,131500.0,132500.0,216623
2011-02-16,132000.0,133500.0,130000.0,131000.0,211666
2011-02-17,132500.0,135500.0,130000.0,132000.0,311976
2011-02-18,132500.0,135000.0,131000.0,133500.0,182476
2011-02-21,134500.0,137000.0,133000.0,134500.0,227023
2011-02-22,133500.0,133500.0,130500.0,132000.0,164902
2011-02-23,131000.0,133000.0,129000.0,131000.0,196465
2011-02-24,129500.0,130000.0,128000.0,130000.0,118423
2011-02-25,130000.0,130500.0,128000.0,129500.0,116345
2011-02-28,129000.0,130000.0,127000.0,127500.0,170345
2011-03-02,125000.0,127000.0,125000.0,125500.0,227815
2011-03-03,127000.0,127500.0,125000.0,126500.0,273225
2011-03-04,126000.0,126500.0,120500.0,123000.0,531318
2011-03-07,122500.0,123000.0,118500.0,120000.0,310277
2011-03-08,119000.0,120000.0,116500.0,118500.0,353718
2011-03-09,118500.0,119000.0,115500.0,117000.0,259565
2011-03-10,117000.0,117000.0,113000.0,115500.0,299989
2011-03-11,114000.0,117500.0,114000.0,116500.0,187627
2011-03-14,115500.0,117000.0,113500.0,115000.0,207251
2011-03-15,114000.0,116500.0,105500.0,112000.0,379446
2011-03-16,113000.0,114500.0,111500.0,113000.0,207501
2011-03-17,110500.0,114000.0,110500.0,113000.0,182170
2011-03-18,113500.0,115000.0,112500.0,113500.0,237246
2011-03-21,114000.0,116000.0,113500.0,115000.0,189877
2011-03-22,116500.0,117000.0,114000.0,115000.0,148888
2011-03-23,115500.0,116000.0,112500.0,115500.0,140937
2011-03-24,116000.0,116500.0,113500.0,114500.0,150013
2011-03-25,115500.0,116500.0,114000.0,115000.0,174316
2011-03-28,115000.0,117000.0,114500.0,114500.0,127764
2011-03-29,114000.0,115000.0,113500.0,114000.0,156749
2011-03-30,114000.0,115000.0,113500.0,115000.0,119543
2011-03-31,115500.0,118000.0,115000.0,116500.0,221359
2011-04-01,117000.0,119000.0,116000.0,119000.0,273626
2011-04-04,119500.0,119500.0,117000.0,118000.0,158881
2011-04-05,117500.0,119000.0,117000.0,118000.0,168755
2011-04-06,118000.0,118000.0,115000.0,115500.0,283241
2011-04-07,115000.0,115000.0,113500.0,115000.0,147187
2011-04-08,114500.0,117500.0,113500.0,115500.0,165925
2011-04-11,116000.0,116500.0,114000.0,114500.0,107994
2011-04-12,115000.0,116500.0,114000.0,114500.0,152884
2011-04-13,115000.0,116000.0,114500.0,115500.0,86011
2011-04-14,115500.0,115500.0,113000.0,114500.0,169367
2011-04-15,114000.0,115000.0,113000.0,115000.0,110529
2011-04-18,114500.0,115000.0,112000.0,113000.0,148747
2011-04-19,112000.0,118500.0,111500.0,117500.0,360040
2011-04-20,117500.0,119000.0,115500.0,118000.0,349272
2011-04-21,120000.0,120500.0,115500.0,116500.0,295163
2011-04-22,116500.0,117000.0,113000.0,116000.0,172359
2011-04-25,116000.0,117000.0,114500.0,115500.0,107860
2011-04-26,114500.0,115000.0,113000.0,113500.0,156793
2011-04-27,113500.0,113500.0,111500.0,111500.0,209754
2011-04-28,112500.0,114500.0,108500.0,110500.0,244558
2011-04-29,109500.0,110000.0,106000.0,108000.0,201014
2011-05-02,107000.0,108500.0,105500.0,107000.0,245021
2011-05-03,106000.0,108500.0,106000.0,106500.0,140149
2011-05-04,106500.0,107000.0,105000.0,105500.0,156678
2011-05-06,104000.0,104500.0,102000.0,103000.0,194827
2011-05-09,103000.0,103500.0,100000.0,101000.0,182274
2011-05-11,100000.0,107000.0,99900.0,104500.0,316071
2011-05-12,103500.0,106500.0,103500.0,104500.0,243040
2011-05-13,106000.0,111000.0,104500.0,108000.0,394549
2011-05-16,108000.0,109500.0,107000.0,108000.0,154566
2011-05-17,107000.0,108000.0,105500.0,106500.0,124341
2011-05-18,106000.0,107500.0,105000.0,106000.0,187830
2011-05-19,106500.0,106500.0,102500.0,104500.0,156498
2011-05-20,104000.0,104500.0,102500.0,103000.0,69608
2011-05-23,102500.0,102500.0,100000.0,101000.0,106814
2011-05-24,99700.0,102000.0,99700.0,101500.0,89004
2011-05-25,101500.0,102000.0,98000.0,99200.0,184131
2011-05-26,99200.0,100500.0,98600.0,99400.0,123354
2011-05-27,99200.0,100500.0,98800.0,99200.0,80264
2011-05-30,100000.0,100000.0,96800.0,98900.0,113001
2011-05-31,98900.0,99700.0,97500.0,98100.0,164582
2011-06-01,98100.0,101500.0,98100.0,99900.0,178937
2011-06-02,98500.0,98600.0,97700.0,98400.0,96363
2011-06-03,98400.0,99300.0,96200.0,97000.0,126993
2011-06-07,96200.0,96500.0,94600.0,96000.0,117377
2011-06-08,95000.0,95900.0,94000.0,94600.0,107649
2011-06-09,95500.0,99600.0,95200.0,97500.0,212792
2011-06-10,97600.0,97900.0,95200.0,95700.0,103364
2011-06-13,94500.0,94900.0,93200.0,94600.0,85580
2011-06-14,94100.0,95400.0,94100.0,95100.0,46245
2011-06-15,95100.0,96600.0,94600.0,95000.0,63120
2011-06-16,94100.0,94600.0,92800.0,93800.0,104157
2011-06-17,93800.0,94700.0,92100.0,94700.0,131387
2011-06-20,94000.0,94500.0,92600.0,93200.0,80084
2011-06-21,92500.0,93900.0,92200.0,93900.0,91513
2011-06-22,95000.0,96500.0,94600.0,95000.0,85415
2011-06-23,94500.0,95800.0,94200.0,94200.0,37623
2011-06-24,94500.0,98600.0,94400.0,96500.0,164341
2011-06-27,96100.0,97400.0,95600.0,97000.0,61452
2011-06-28,97400.0,98000.0,95500.0,96000.0,69556
2011-06-29,96700.0,97600.0,96200.0,96800.0,37051
2011-06-30,96700.0,96800.0,95000.0,96400.0,76311
2011-07-01,97200.0,98200.0,97000.0,97400.0,86260
2011-07-04,98000.0,100500.0,97900.0,98700.0,171937
2011-07-05,98100.0,99400.0,97600.0,98800.0,114128
2011-07-06,98300.0,98300.0,96800.0,97700.0,80496
2011-07-07,97200.0,97700.0,96100.0,96600.0,102674
2011-07-08,96900.0,97100.0,95600.0,96100.0,82630
2011-07-11,96100.0,97300.0,95900.0,96000.0,66564
2011-07-12,94600.0,95400.0,93600.0,94200.0,99932
2011-07-13,94000.0,94600.0,92500.0,94400.0,125875
2011-07-14,94200.0,94200.0,92800.0,94200.0,58261
2011-07-15,93500.0,95500.0,93100.0,94800.0,52526
2011-07-18,95500.0,95500.0,93700.0,94000.0,49022
2011-07-19,93400.0,95600.0,93400.0,94500.0,45547
2011-07-20,95900.0,97500.0,95000.0,96300.0,124893
2011-07-21,96400.0,97000.0,95300.0,95900.0,76034
2011-07-22,96400.0,97000.0,95000.0,95400.0,83174
2011-07-25,95400.0,95400.0,93100.0,94000.0,158855
2011-07-26,94000.0,94700.0,93400.0,94400.0,59286
2011-07-27,94900.0,98400.0,93700.0,96400.0,200904
2011-07-28,94300.0,94400.0,93300.0,94100.0,129741
2011-07-29,94100.0,94300.0,93000.0,93500.0,53932
2011-08-01,93900.0,94300.0,93500.0,94000.0,78430
2011-08-02,93100.0,93200.0,92300.0,93200.0,107219
2011-08-03,91900.0,92000.0,90100.0,91500.0,147503
2011-08-04,91400.0,91500.0,89500.0,89800.0,109023
2011-08-05,86300.0,87500.0,85400.0,87500.0,162047
2011-08-08,86300.0,87100.0,81200.0,84900.0,189421
2011-08-09,82700.0,82700.0,72200.0,76000.0,554572
2011-08-10,78500.0,79500.0,75500.0,76000.0,226658
2011-08-11,71200.0,77200.0,71200.0,76600.0,297692
2011-08-12,78000.0,78500.0,75000.0,75000.0,131159
2011-08-16,77700.0,79400.0,76600.0,79400.0,115756
2011-08-17,78400.0,79900.0,78100.0,78900.0,66770
2011-08-18,78500.0,78700.0,74000.0,75400.0,129926
2011-08-19,72600.0,72900.0,68600.0,68900.0,134020
2011-08-22,67900.0,69900.0,65300.0,65800.0,208327
2011-08-23,65600.0,69000.0,64100.0,67600.0,181706
2011-08-24,68200.0,68800.0,66400.0,66400.0,102379
2011-08-25,68300.0,71200.0,68000.0,68800.0,178581
2011-08-26,68300.0,69600.0,67600.0,68200.0,58963
2011-08-29,69700.0,73600.0,69100.0,72000.0,147775
2011-08-30,72800.0,74300.0,72100.0,73000.0,93852
2011-08-31,73200.0,73200.0,70000.0,71600.0,156288
2011-09-01,71700.0,73000.0,69500.0,70700.0,157594
2011-09-02,69700.0,70700.0,69200.0,69500.0,54615
2011-09-05,67400.0,68500.0,64400.0,64400.0,92887
2011-09-06,62200.0,62800.0,59800.0,60300.0,157794
2011-09-07,61800.0,64200.0,61500.0,63100.0,145792
2011-09-08,64600.0,65300.0,62500.0,62600.0,132265
2011-09-09,61300.0,62900.0,60800.0,60800.0,74803
2011-09-14,59500.0,60900.0,58800.0,58800.0,120152
2011-09-15,60000.0,60500.0,56300.0,56800.0,112590
2011-09-16,58400.0,61500.0,58000.0,61300.0,131765
2011-09-19,60900.0,61400.0,59800.0,60400.0,64210
2011-09-20,59000.0,68800.0,58700.0,67200.0,314000
2011-09-21,67200.0,71500.0,66000.0,68700.0,217837
2011-09-22,66700.0,67600.0,64800.0,64800.0,130584
2011-09-23,61500.0,61900.0,58800.0,58800.0,358646
2011-09-26,60000.0,60600.0,56200.0,56200.0,220994
2011-09-27,58300.0,60800.0,58200.0,60800.0,140394
2011-09-28,61600.0,62000.0,58400.0,58400.0,153010
2011-09-29,58400.0,65800.0,58100.0,64200.0,332020
2011-09-30,64200.0,65700.0,63300.0,64000.0,173959
2011-10-04,60000.0,61500.0,58900.0,60700.0,184245
2011-10-05,61900.0,64700.0,59500.0,59500.0,255180
2011-10-06,64200.0,68300.0,62900.0,65500.0,501220
2011-10-07,67800.0,68000.0,65200.0,66500.0,228167
2011-10-10,67100.0,70500.0,67100.0,70000.0,241208
2011-10-11,71400.0,72200.0,69200.0,70200.0,209064
2011-10-12,69000.0,71000.0,68300.0,71000.0,129696
2011-10-13,72200.0,72400.0,70600.0,70900.0,152003
2011-10-14,70000.0,70400.0,69000.0,70100.0,129424
2011-10-17,70200.0,70900.0,68800.0,70700.0,129620
2011-10-18,68800.0,69700.0,67500.0,69200.0,112583
2011-10-19,69600.0,70200.0,68200.0,69800.0,94172
2011-10-20,69700.0,73200.0,67200.0,67200.0,253428
2011-10-21,69000.0,71900.0,68100.0,70600.0,219556
2011-10-24,71500.0,74300.0,70300.0,74300.0,204989
2011-10-25,74400.0,75900.0,73400.0,74300.0,129988
2011-10-26,72900.0,75800.0,72700.0,75200.0,105755
2011-10-27,75600.0,76500.0,73900.0,75900.0,144519
2011-10-28,77000.0,77700.0,75600.0,76600.0,156616
2011-10-31,76500.0,76800.0,73700.0,74400.0,109359
2011-11-01,72500.0,74900.0,72100.0,73600.0,120740
2011-11-02,71500.0,71900.0,70200.0,71700.0,109329
2011-11-03,71800.0,71800.0,62800.0,68500.0,281253
2011-11-04,68800.0,70900.0,68200.0,70700.0,165703
2011-11-07,69600.0,74900.0,68800.0,73100.0,206081
2011-11-08,74500.0,74500.0,70800.0,71500.0,71325
2011-11-09,71600.0,72500.0,69100.0,70100.0,73377
2011-11-10,67200.0,67300.0,62200.0,62200.0,465975
2011-11-11,63200.0,63800.0,60600.0,62600.0,312048
2011-11-14,63000.0,64300.0,63000.0,64000.0,180820
2011-11-15,63100.0,64100.0,61900.0,62300.0,134623
2011-11-16,62600.0,64600.0,61600.0,61800.0,151860
2011-11-17,62400.0,63800.0,61500.0,63300.0,181416
2011-11-18,62000.0,63800.0,61200.0,63400.0,168028
2011-11-21,64700.0,69900.0,64300.0,67900.0,478984
2011-11-22,67900.0,69100.0,65600.0,66600.0,258205
2011-11-23,66200.0,66400.0,62700.0,63300.0,278781
2011-11-24,63300.0,63400.0,61500.0,62300.0,127196
2011-11-25,62700.0,64300.0,61900.0,62300.0,126402
2011-11-28,63600.0,65800.0,62600.0,64600.0,168490
2011-11-29,65500.0,68500.0,64800.0,68000.0,251683
2011-11-30,67600.0,68800.0,66600.0,67700.0,155591
2011-12-01,70100.0,71000.0,69400.0,71000.0,312649
2011-12-02,70700.0,71500.0,69700.0,71500.0,106726
2011-12-05,71700.0,71900.0,69500.0,70100.0,96224
2011-12-06,70000.0,73300.0,69600.0,70300.0,171935
2011-12-07,71100.0,74400.0,71000.0,72600.0,223234
2011-12-08,72500.0,72500.0,69800.0,70600.0,138493
2011-12-09,68800.0,69700.0,68100.0,68100.0,93004
2011-12-12,69900.0,71800.0,69300.0,71600.0,162759
2011-12-13,70500.0,73800.0,70300.0,73100.0,203411
2011-12-14,73600.0,74700.0,71900.0,73100.0,205784
2011-12-15,72100.0,72500.0,70700.0,71600.0,96323
2011-12-16,72000.0,73900.0,71400.0,73100.0,203974
2011-12-19,72700.0,72700.0,65000.0,67500.0,233409
2011-12-20,68100.0,68600.0,66800.0,68400.0,75059
2011-12-21,70300.0,71000.0,69800.0,71000.0,70214
2011-12-22,70300.0,71000.0,70000.0,70600.0,29017
2011-12-23,71100.0,71400.0,70200.0,71100.0,58896
2011-12-26,71700.0,71900.0,70000.0,70700.0,43704
2011-12-27,71100.0,71200.0,67800.0,68100.0,69578
2011-12-28,67700.0,69400.0,67500.0,68600.0,43869
2011-12-29,67900.0,69000.0,65600.0,67800.0,80605
2012-01-02,67800.0,69900.0,67500.0,69900.0,58172
2012-01-03,69800.0,71000.0,69700.0,71000.0,96219
2012-01-04,72100.0,72200.0,70300.0,71000.0,88172
2012-01-05,71200.0,71900.0,70100.0,70100.0,53211
2012-01-06,70100.0,70600.0,68200.0,68600.0,57261
2012-01-09,68600.0,69200.0,67200.0,68000.0,57293
2012-01-10,68400.0,69800.0,68100.0,69800.0,66314
2012-01-11,70000.0,70300.0,68200.0,69000.0,43057
2012-01-12,69600.0,70900.0,68400.0,70900.0,59711
2012-01-13,71100.0,71800.0,70700.0,71500.0,79500
2012-01-16,70700.0,71100.0,69200.0,71100.0,56047
2012-01-17,71800.0,72300.0,71000.0,72200.0,94963
2012-01-18,71700.0,72900.0,71400.0,72500.0,65192
2012-01-19,73200.0,78500.0,72600.0,77100.0,420987
2012-01-20,78000.0,84100.0,77200.0,83500.0,405233
2012-01-25,83800.0,84000.0,79500.0,80500.0,339683
2012-01-26,81400.0,84900.0,80900.0,83700.0,279953
2012-01-27,83300.0,85400.0,81000.0,84400.0,285405
2012-01-30,83600.0,86600.0,82900.0,84200.0,201158
2012-01-31,85100.0,91700.0,85100.0,90000.0,629320
2012-02-01,90000.0,93200.0,88400.0,92500.0,257599
2012-02-02,93500.0,95400.0,91000.0,92000.0,306753
2012-02-03,92000.0,92800.0,90200.0,92800.0,142875
2012-02-06,93600.0,94800.0,92600.0,94000.0,144104
2012-02-07,94000.0,94000.0,87300.0,87900.0,418229
2012-02-08,87300.0,91000.0,86100.0,91000.0,190085
2012-02-09,90900.0,93800.0,90100.0,92100.0,139690
2012-02-10,91500.0,92800.0,89100.0,90700.0,123112
2012-02-13,90200.0,95000.0,90200.0,92200.0,208605
2012-02-14,92500.0,94200.0,91100.0,93100.0,96482
2012-02-15,93200.0,94700.0,92300.0,93200.0,121503
2012-02-16,92500.0,93600.0,90000.0,90100.0,151797
2012-02-17,91800.0,97900.0,91000.0,97000.0,392308
2012-02-20,97000.0,97700.0,95300.0,96400.0,168564
2012-02-21,96400.0,96700.0,93900.0,95400.0,101573
2012-02-22,95300.0,98300.0,94300.0,95900.0,145431
2012-02-23,95100.0,95600.0,92100.0,92800.0,158405
2012-02-24,92400.0,94100.0,91100.0,93800.0,124676
2012-02-27,93600.0,93600.0,90000.0,90400.0,158410
2012-02-28,90400.0,91600.0,88000.0,88900.0,178769
2012-02-29,90500.0,95900.0,90100.0,95900.0,306530
2012-03-02,96900.0,96900.0,93400.0,95000.0,195223
2012-03-05,93700.0,94800.0,93000.0,94800.0,93486
2012-03-06,95600.0,97900.0,94800.0,95000.0,177938
2012-03-07,92300.0,96000.0,92300.0,94000.0,210084
2012-03-08,94600.0,102000.0,94600.0,100500.0,529483
2012-03-09,102000.0,106500.0,101500.0,103500.0,413098
2012-03-12,104500.0,107500.0,104000.0,104000.0,306873
2012-03-13,105000.0,107000.0,100500.0,105500.0,295174
2012-03-14,107000.0,107500.0,103500.0,106000.0,267020
2012-03-15,105500.0,107000.0,102500.0,106000.0,226526
2012-03-16,107500.0,109000.0,105000.0,106500.0,189432
2012-03-19,107500.0,107500.0,104500.0,106500.0,163959
2012-03-20,105000.0,108500.0,104000.0,107000.0,275105
2012-03-21,106000.0,107500.0,104500.0,106000.0,190862
2012-03-22,106000.0,106000.0,100500.0,102000.0,299208
2012-03-23,100500.0,104000.0,100000.0,103000.0,123816
2012-03-26,103000.0,103000.0,99800.0,101000.0,161689
2012-03-27,103500.0,104000.0,101000.0,103500.0,126524
2012-03-28,103000.0,103500.0,100000.0,100500.0,127042
2012-03-29,99800.0,99800.0,95600.0,98400.0,221179
2012-03-30,98400.0,99900.0,97200.0,98600.0,88286
2012-04-02,98700.0,99600.0,94200.0,95300.0,222903
2012-04-03,96100.0,96700.0,93000.0,93900.0,205036
2012-04-04,94800.0,95500.0,93400.0,93400.0,126571
2012-04-05,92200.0,93900.0,90400.0,93000.0,129404
2012-04-06,91800.0,94200.0,90200.0,90500.0,173232
2012-04-09,90200.0,90200.0,84600.0,85900.0,222714
2012-04-10,86500.0,87500.0,84500.0,85200.0,151444
2012-04-12,85400.0,88200.0,84000.0,86100.0,143958
2012-04-13,87400.0,93100.0,87300.0,92600.0,171876
2012-04-16,91400.0,91400.0,88900.0,89700.0,150270
2012-04-17,89400.0,92700.0,89000.0,89800.0,131446
2012-04-18,92100.0,93000.0,88900.0,89000.0,142223
2012-04-19,89100.0,89400.0,86200.0,86500.0,148202
2012-04-20,85300.0,86300.0,82600.0,83400.0,214145
2012-04-23,83400.0,85600.0,82000.0,82900.0,140823
2012-04-24,81300.0,85200.0,81000.0,83500.0,134446
2012-04-25,85000.0,85900.0,83100.0,83400.0,126811
2012-04-26,86000.0,86600.0,82500.0,82600.0,150075
2012-04-27,82600.0,83600.0,80300.0,80900.0,157260
2012-04-30,80900.0,82500.0,77700.0,81400.0,220649
2012-05-02,81500.0,84700.0,80500.0,83900.0,209829
2012-05-03,84500.0,84800.0,83300.0,84200.0,83550
2012-05-04,84200.0,86900.0,83100.0,86000.0,135126
2012-05-07,84100.0,84500.0,83400.0,83500.0,102248
2012-05-08,84200.0,86500.0,82800.0,83800.0,106526
2012-05-09,83800.0,84100.0,81300.0,82100.0,118103
2012-05-10,83000.0,84200.0,81100.0,81700.0,208896
2012-05-11,81800.0,81800.0,78600.0,78900.0,153774
2012-05-14,78600.0,80500.0,78500.0,78800.0,74463
2012-05-15,77300.0,79300.0,75700.0,78400.0,125888
2012-05-16,77200.0,78800.0,74300.0,74800.0,141994
2012-05-17,74800.0,76400.0,74200.0,75800.0,124652
2012-05-18,74300.0,74300.0,71800.0,72000.0,150223
2012-05-21,72800.0,73000.0,71300.0,71500.0,89081
2012-05-22,73900.0,75900.0,72500.0,75200.0,117246
2012-05-23,74900.0,74900.0,72700.0,73200.0,84426
2012-05-24,73900.0,77600.0,73800.0,76900.0,125151
2012-05-25,77200.0,78400.0,75000.0,77200.0,100021
2012-05-29,77000.0,78800.0,76100.0,78800.0,63549
2012-05-30,78000.0,81700.0,77800.0,79800.0,137168
2012-05-31,78600.0,81500.0,78600.0,79300.0,137169
2012-06-01,79500.0,80400.0,77300.0,77600.0,53388
2012-06-04,75000.0,75500.0,72700.0,73300.0,97776
2012-06-05,74500.0,76300.0,73800.0,75500.0,46260
2012-06-07,77600.0,80700.0,77600.0,79200.0,99577
2012-06-08,78400.0,79400.0,77500.0,79400.0,71456
2012-06-11,80500.0,82000.0,80200.0,82000.0,80269
2012-06-12,80500.0,87400.0,80300.0,86200.0,337364
2012-06-13,86800.0,87200.0,85000.0,86200.0,124593
2012-06-14,85600.0,88800.0,85600.0,87300.0,188564
2012-06-15,87900.0,88200.0,86400.0,87200.0,96068
2012-06-18,89000.0,89500.0,88300.0,88800.0,94034
2012-06-19,89100.0,89400.0,87800.0,88900.0,88833
2012-06-20,89700.0,90800.0,88600.0,90600.0,106331
2012-06-21,90200.0,91600.0,89600.0,91400.0,101024
2012-06-22,89800.0,91400.0,88500.0,89700.0,95375
2012-06-25,89400.0,89700.0,87100.0,87500.0,111778
2012-06-26,86700.0,88600.0,86700.0,87000.0,51788
2012-06-27,87000.0,89200.0,86700.0,87700.0,62945
2012-06-28,87600.0,88400.0,85400.0,87100.0,137629
2012-06-29,86200.0,90900.0,86200.0,89300.0,90420
2012-07-02,90100.0,90200.0,88900.0,89800.0,50662
2012-07-03,90300.0,91800.0,89900.0,91700.0,129639
2012-07-04,91700.0,92200.0,91000.0,91900.0,71384
2012-07-05,91800.0,91800.0,89800.0,90000.0,93562
2012-07-06,90000.0,91000.0,89800.0,90800.0,40019
2012-07-09,90000.0,90800.0,88800.0,89600.0,36917
2012-07-10,89600.0,91600.0,89200.0,90000.0,80130
2012-07-11,90000.0,90900.0,89000.0,89500.0,72398
2012-07-12,89000.0,90900.0,86300.0,87000.0,65376
2012-07-13,87300.0,87400.0,83300.0,85300.0,160369
2012-07-16,85500.0,87000.0,84300.0,87000.0,61108
2012-07-17,86800.0,87800.0,85000.0,86800.0,57504
2012-07-18,86800.0,87500.0,84000.0,84700.0,52526
2012-07-19,85200.0,86800.0,84600.0,85200.0,60678
2012-07-20,85000.0,86000.0,84700.0,84900.0,51819
2012-07-23,83500.0,84000.0,81200.0,81200.0,58738
2012-07-24,80200.0,82500.0,80200.0,81000.0,72163
2012-07-25,79800.0,80600.0,76100.0,77300.0,71056
2012-07-26,77200.0,78800.0,76100.0,77400.0,108331
2012-07-27,80200.0,84500.0,79700.0,84100.0,230520
2012-07-30,85000.0,85100.0,82800.0,84700.0,111636
2012-07-31,84100.0,89400.0,84100.0,88400.0,132766
2012-08-01,87200.0,88400.0,85800.0,86600.0,96738
2012-08-02,86300.0,89700.0,86100.0,88100.0,80626
2012-08-03,87000.0,89500.0,86000.0,86400.0,81216
2012-08-06,88800.0,90600.0,88200.0,89900.0,106908
2012-08-07,90000.0,90800.0,89300.0,90000.0,52993
2012-08-08,89600.0,90600.0,89000.0,89300.0,114777
2012-08-09,89400.0,91700.0,89400.0,91200.0,125114
2012-08-10,90500.0,91700.0,88700.0,90300.0,128903
2012-08-13,90300.0,90900.0,88300.0,89300.0,85441
2012-08-14,89000.0,90000.0,87200.0,88300.0,162842
2012-08-16,87900.0,90100.0,87900.0,89700.0,82660
2012-08-17,90700.0,90700.0,88400.0,89900.0,55366
2012-08-20,90500.0,95700.0,90300.0,95400.0,316399
2012-08-21,95900.0,96200.0,93500.0,94900.0,184568
2012-08-22,94900.0,96100.0,93200.0,94200.0,137317
2012-08-23,94200.0,96000.0,93200.0,93600.0,113004
2012-08-24,92800.0,93400.0,90900.0,91200.0,112495
2012-08-27,95000.0,95900.0,93100.0,93300.0,195485
2012-08-28,93500.0,94300.0,91700.0,92600.0,78057
2012-08-29,93000.0,94500.0,92500.0,93700.0,168542
2012-08-30,93000.0,93300.0,89900.0,89900.0,163155
2012-08-31,90000.0,90600.0,88600.0,89800.0,114735
2012-09-03,90200.0,90700.0,88100.0,90300.0,84365
2012-09-04,89100.0,90400.0,89100.0,90400.0,70937
2012-09-05,90400.0,90400.0,86900.0,86900.0,173578
2012-09-06,87400.0,89200.0,86100.0,87000.0,116009
2012-09-07,89500.0,89500.0,87100.0,88500.0,171285
2012-09-10,88900.0,89200.0,87400.0,88000.0,83836
2012-09-11,87200.0,89000.0,87200.0,88600.0,74398
2012-09-12,88800.0,88900.0,86400.0,87300.0,252553
2012-09-13,87700.0,88800.0,85700.0,86600.0,187278
2012-09-14,88100.0,90000.0,87400.0,90000.0,212671
2012-09-17,90000.0,91400.0,89100.0,89900.0,140493
2012-09-18,89200.0,89500.0,86300.0,88100.0,202729
2012-09-19,88400.0,89000.0,86700.0,88900.0,134748
2012-09-20,88300.0,88900.0,87500.0,88000.0,108437
2012-09-21,87500.0,88500.0,86600.0,87500.0,116080
2012-09-24,87400.0,87500.0,86000.0,86800.0,67956
2012-09-25,86800.0,86800.0,83000.0,83000.0,194149
2012-09-26,82700.0,83000.0,81600.0,82800.0,95907
2012-09-27,82000.0,82800.0,81000.0,81700.0,80324
2012-09-28,83000.0,83100.0,80800.0,81000.0,100831
2012-10-02,82200.0,82200.0,79600.0,79600.0,134730
2012-10-04,79400.0,80800.0,79400.0,80300.0,91801
2012-10-05,80400.0,80900.0,78800.0,78800.0,106425
2012-10-08,79300.0,80200.0,78800.0,78800.0,56369
2012-10-09,79400.0,80300.0,78800.0,78800.0,53668
2012-10-10,78800.0,79400.0,77900.0,77900.0,79624
2012-10-11,77400.0,78500.0,76200.0,76800.0,72337
2012-10-12,76900.0,77900.0,76200.0,77000.0,43339
2012-10-15,76900.0,76900.0,75000.0,75600.0,83035
2012-10-16,76200.0,79900.0,75100.0,79000.0,108694
2012-10-17,79100.0,83600.0,79000.0,80700.0,179408
2012-10-18,80700.0,81800.0,79800.0,81000.0,72653
2012-10-19,80500.0,80500.0,79200.0,79700.0,124492
2012-10-22,78000.0,79900.0,78000.0,79400.0,52254
2012-10-23,79400.0,80200.0,76200.0,76200.0,133682
2012-10-24,74900.0,77700.0,74700.0,76800.0,108837
2012-10-25,76800.0,79500.0,76400.0,78400.0,126254
2012-10-26,77300.0,78200.0,75900.0,76200.0,99780
2012-10-29,76300.0,78400.0,74600.0,75600.0,96696
2012-10-30,75600.0,77200.0,75200.0,75700.0,49565
2012-10-31,76600.0,77900.0,75100.0,75300.0,133734
2012-11-01,75200.0,75200.0,73100.0,73300.0,131300
2012-11-02,74500.0,77000.0,73500.0,76800.0,158576
2012-11-05,76400.0,78100.0,76000.0,77400.0,95843
2012-11-06,79100.0,80800.0,78000.0,80700.0,186232
2012-11-07,81400.0,83700.0,79700.0,82900.0,215488
2012-11-08,81700.0,83200.0,80900.0,81600.0,132076
2012-11-09,81600.0,81600.0,79900.0,80900.0,91861
2012-11-12,81300.0,81600.0,78100.0,78900.0,83710
2012-11-13,79100.0,80300.0,77500.0,77500.0,103456
2012-11-14,78500.0,82500.0,78300.0,82300.0,223289
2012-11-15,81600.0,83300.0,81200.0,81400.0,165778
2012-11-16,82000.0,83000.0,79000.0,79500.0,101198
2012-11-19,80200.0,82500.0,79500.0,82100.0,97720
2012-11-20,83700.0,85600.0,83500.0,85400.0,264778
2012-11-21,85400.0,86400.0,82700.0,82700.0,150678
2012-11-22,83800.0,86600.0,83100.0,86400.0,204885
2012-11-23,86100.0,87500.0,84400.0,86200.0,126848
2012-11-26,87200.0,88200.0,85500.0,86300.0,108242
2012-11-27,87200.0,87400.0,85700.0,86500.0,101785
2012-11-28,85900.0,86400.0,83500.0,84300.0,135048
2012-11-29,84800.0,85100.0,83600.0,85000.0,94039
2012-11-30,84600.0,85900.0,83800.0,85500.0,99164
2012-12-03,86200.0,86200.0,84400.0,85000.0,70714
2012-12-04,84100.0,84700.0,83400.0,84000.0,80495
2012-12-05,84100.0,84900.0,83400.0,84700.0,64445
2012-12-06,83900.0,85300.0,83500.0,84700.0,113233
2012-12-07,85300.0,87500.0,85300.0,86200.0,171701
2012-12-10,86000.0,86200.0,82800.0,82800.0,239259
2012-12-11,82400.0,83400.0,80200.0,81600.0,233633
2012-12-12,81400.0,82400.0,80300.0,81300.0,188208
2012-12-13,80600.0,82700.0,80600.0,82700.0,148499
2012-12-14,82000.0,82600.0,81200.0,82600.0,92131
2012-12-17,81700.0,82600.0,81500.0,82500.0,108089
2012-12-18,82100.0,83500.0,81800.0,83500.0,112214
2012-12-20,83100.0,83800.0,82600.0,83000.0,74655
2012-12-21,83400.0,83500.0,81200.0,81800.0,52446
2012-12-24,82800.0,82800.0,81300.0,82000.0,66925
2012-12-26,82200.0,83100.0,81300.0,82300.0,54453
2012-12-27,82200.0,82200.0,81500.0,82200.0,44608
2012-12-28,82500.0,82500.0,81700.0,82300.0,33853
2013-01-02,82400.0,87100.0,82400.0,86900.0,176477
2013-01-03,87400.0,88100.0,86100.0,87900.0,195960
2013-01-04,87900.0,88000.0,86600.0,87800.0,70765
2013-01-07,87800.0,87800.0,86600.0,86900.0,83720
2013-01-08,86900.0,86900.0,84400.0,84900.0,102526
2013-01-09,84300.0,84900.0,83200.0,83300.0,70855
2013-01-10,83500.0,84800.0,83400.0,84800.0,50344
2013-01-11,84900.0,84900.0,82200.0,82500.0,87420
2013-01-14,81900.0,82000.0,79900.0,80000.0,111971
2013-01-15,79700.0,80800.0,77000.0,77900.0,136594
2013-01-16,77100.0,77300.0,74300.0,74500.0,244455
2013-01-17,75500.0,76300.0,75000.0,76100.0,118419
2013-01-18,76300.0,76600.0,75000.0,76100.0,113108
2013-01-21,76300.0,78400.0,76200.0,78100.0,121905
2013-01-22,78000.0,78000.0,76200.0,77100.0,62734
2013-01-23,77200.0,77700.0,76000.0,76000.0,110005
2013-01-24,75800.0,79500.0,75400.0,79100.0,186041
2013-01-25,78800.0,79000.0,77200.0,77300.0,86910
2013-01-28,77700.0,78400.0,76200.0,78400.0,56105
2013-01-29,78500.0,78800.0,77300.0,77900.0,70510
2013-01-30,78200.0,79500.0,77700.0,78800.0,57881
2013-01-31,78800.0,78800.0,76500.0,76500.0,108624
2013-02-01,75800.0,76600.0,74700.0,74700.0,107427
2013-02-04,75300.0,75600.0,73100.0,73100.0,119381
2013-02-05,72400.0,73000.0,69600.0,70400.0,286046
2013-02-06,70500.0,71100.0,69800.0,70000.0,106169
2013-02-07,69400.0,71200.0,68800.0,70300.0,166487
2013-02-08,70200.0,71600.0,69700.0,71600.0,109152
2013-02-12,71500.0,72200.0,70600.0,71100.0,74544
2013-02-13,71400.0,72500.0,71200.0,72500.0,85046
2013-02-14,72500.0,72800.0,71700.0,72800.0,110966
2013-02-15,72600.0,72800.0,71800.0,71900.0,77966
2013-02-18,71900.0,72000.0,71000.0,71400.0,52583
2013-02-19,71200.0,73800.0,71200.0,73000.0,95073
2013-02-20,73400.0,77500.0,72800.0,77500.0,219823
2013-02-21,76400.0,76800.0,75100.0,75200.0,109863
2013-02-22,75300.0,76900.0,75200.0,76400.0,93988
2013-02-25,76200.0,76500.0,75300.0,76300.0,61291
2013-02-26,75100.0,75200.0,73100.0,73900.0,118637
2013-02-27,75400.0,75500.0,73300.0,73300.0,97832
2013-02-28,74100.0,76200.0,74100.0,75700.0,146668
2013-03-04,74900.0,74900.0,72500.0,72500.0,145438
2013-03-05,72800.0,74200.0,72800.0,73300.0,82064
2013-03-06,74200.0,74700.0,73600.0,74500.0,106361
2013-03-07,74400.0,75300.0,73800.0,73800.0,66139
2013-03-08,73900.0,75000.0,73600.0,74300.0,39775
2013-03-11,74500.0,74800.0,72900.0,73600.0,51734
2013-03-12,73600.0,74600.0,72100.0,72100.0,82847
2013-03-13,72300.0,73000.0,71200.0,71600.0,89231
2013-03-14,71700.0,72800.0,71300.0,71600.0,123393
2013-03-15,72000.0,72600.0,71700.0,72200.0,115819
2013-03-18,71800.0,74400.0,71500.0,73000.0,158958
2013-03-19,73400.0,77500.0,73300.0,77500.0,495574
2013-03-20,78300.0,79000.0,76500.0,78600.0,253333
2013-03-21,78900.0,79000.0,77500.0,77700.0,138827
2013-03-22,77700.0,78200.0,76300.0,78200.0,103319
2013-03-25,78900.0,80000.0,78400.0,79100.0,153697
2013-03-26,79000.0,79400.0,77100.0,79100.0,147984
2013-03-27,79400.0,79400.0,78100.0,78900.0,71207
2013-03-28,78700.0,79500.0,77900.0,77900.0,76294
2013-03-29,77800.0,79800.0,77800.0,79100.0,126504
2013-04-01,80300.0,80400.0,78900.0,79100.0,79674
2013-04-02,80000.0,80400.0,78800.0,78800.0,209851
2013-04-03,80200.0,86700.0,80100.0,85700.0,598136
2013-04-04,85700.0,88800.0,85100.0,87200.0,373245
2013-04-05,87300.0,87800.0,84000.0,84700.0,191558
2013-04-08,85600.0,88500.0,85100.0,86000.0,193209
2013-04-09,86300.0,88300.0,84200.0,88100.0,212947
2013-04-10,88100.0,91900.0,87300.0,91800.0,258731
2013-04-11,92300.0,92500.0,89800.0,91200.0,179253
2013-04-12,91000.0,92500.0,87400.0,88000.0,171136
2013-04-15,87500.0,89500.0,87000.0,87200.0,168871
2013-04-16,86300.0,90000.0,86200.0,90000.0,214064
2013-04-17,90500.0,90500.0,87800.0,87800.0,114678
2013-04-18,86900.0,88700.0,86600.0,86600.0,115392
2013-04-19,85800.0,88900.0,85800.0,88500.0,173984
2013-04-22,88500.0,92000.0,88300.0,91700.0,156098
2013-04-23,91200.0,92900.0,90400.0,92900.0,116200
2013-04-24,92900.0,93000.0,89300.0,89700.0,186431
2013-04-25,90200.0,91300.0,86300.0,87200.0,257946
2013-04-26,88100.0,91000.0,88100.0,89300.0,147319
2013-04-29,89600.0,90400.0,88400.0,88400.0,95607
2013-04-30,89300.0,90900.0,88200.0,89000.0,111971
2013-05-02,88500.0,89000.0,85400.0,85600.0,193294
2013-05-03,86800.0,87700.0,84400.0,87000.0,128439
2013-05-06,88200.0,88400.0,86000.0,86800.0,95691
2013-05-07,87700.0,90400.0,86700.0,88400.0,168629
2013-05-08,89100.0,91100.0,88900.0,90600.0,154350
2013-05-09,89800.0,91800.0,88700.0,91800.0,158284
2013-05-10,91800.0,91800.0,89200.0,89600.0,90550
2013-05-13,89600.0,92600.0,89100.0,91600.0,171030
2013-05-14,92000.0,96500.0,91700.0,95600.0,333663
2013-05-15,96200.0,99000.0,95200.0,96700.0,269103
2013-05-16,97000.0,101000.0,96900.0,98200.0,271434
2013-05-20,98900.0,99700.0,97300.0,97600.0,135568
2013-05-21,98400.0,98500.0,96200.0,98200.0,127720
2013-05-22,99200.0,104000.0,99200.0,99800.0,240869
2013-05-23,100500.0,103500.0,100000.0,100000.0,215993
2013-05-24,101000.0,101000.0,98600.0,99900.0,100412
2013-05-27,99900.0,101500.0,99000.0,101500.0,94279
2013-05-28,101500.0,105500.0,101500.0,104000.0,237203
2013-05-29,105500.0,108000.0,104500.0,105000.0,152704
2013-05-30,105500.0,109000.0,104000.0,105000.0,182675
2013-05-31,107000.0,107000.0,104000.0,105500.0,172302
2013-06-03,104500.0,105000.0,102000.0,104000.0,127305
2013-06-04,104500.0,108000.0,104000.0,105000.0,129136
2013-06-05,105000.0,105500.0,102500.0,103500.0,71847
2013-06-07,104500.0,106500.0,101000.0,103000.0,184816
2013-06-10,103000.0,106500.0,102500.0,104000.0,184584
2013-06-11,103000.0,103500.0,94600.0,96500.0,941323
2013-06-12,95200.0,96600.0,93100.0,95500.0,263296
2013-06-13,96000.0,97400.0,93600.0,94600.0,223120
2013-06-14,95500.0,97100.0,95400.0,96300.0,115622
2013-06-17,95600.0,97300.0,91800.0,92600.0,204911
2013-06-18,93900.0,94800.0,92700.0,94400.0,107294
2013-06-19,94400.0,95200.0,93100.0,93700.0,108150
2013-06-20,92500.0,92900.0,88600.0,90900.0,178306
2013-06-21,87100.0,89500.0,86200.0,87600.0,214037
2013-06-24,88500.0,88500.0,85700.0,86800.0,115455
2013-06-25,85800.0,87700.0,80600.0,82700.0,194763
2013-06-26,84500.0,86200.0,82800.0,85700.0,142282
2013-06-27,86900.0,91400.0,86700.0,90600.0,209213
2013-06-28,90700.0,91200.0,89400.0,91200.0,130403
2013-07-01,89800.0,90700.0,87900.0,88500.0,156524
2013-07-02,89100.0,89800.0,87000.0,89000.0,95793
2013-07-03,89200.0,90200.0,82900.0,83900.0,278409
2013-07-04,84000.0,84900.0,79600.0,82600.0,360811
2013-07-05,83300.0,84800.0,80900.0,82600.0,178521
2013-07-08,82300.0,83700.0,81600.0,82900.0,91642
2013-07-09,83500.0,83900.0,81900.0,82300.0,134492
2013-07-10,82800.0,84600.0,82300.0,83200.0,102507
2013-07-11,83900.0,87500.0,83700.0,87500.0,149481
2013-07-12,87300.0,87300.0,85300.0,85900.0,179482
2013-07-15,86400.0,89600.0,85100.0,88400.0,157938
2013-07-16,88400.0,89300.0,87100.0,88000.0,116713
2013-07-17,89200.0,90800.0,89200.0,89900.0,157533
2013-07-18,89900.0,89900.0,88300.0,88300.0,87896
2013-07-19,88700.0,89100.0,86600.0,86900.0,119432
2013-07-22,87700.0,89700.0,87000.0,88900.0,118192
2013-07-23,89000.0,90900.0,87700.0,90500.0,142746
2013-07-24,91500.0,94800.0,90400.0,93700.0,208277
2013-07-25,93000.0,94500.0,91600.0,93000.0,103669
2013-07-26,93000.0,93000.0,90600.0,92300.0,123681
2013-07-29,92300.0,92600.0,90400.0,91300.0,80278
2013-07-30,91100.0,93100.0,91100.0,91900.0,53562
2013-07-31,91700.0,92700.0,91000.0,91500.0,46334
2013-08-01,92100.0,92400.0,90800.0,90800.0,50799
2013-08-02,91200.0,92700.0,90500.0,92200.0,85745
2013-08-05,92300.0,93600.0,92200.0,93100.0,69759
2013-08-06,93300.0,94000.0,92100.0,93100.0,91725
2013-08-07,93000.0,93100.0,90400.0,91500.0,99783
2013-08-08,92000.0,92400.0,90600.0,91200.0,46500
2013-08-09,91400.0,91400.0,88300.0,89900.0,182070
2013-08-12,89100.0,90300.0,88000.0,89100.0,91967
2013-08-13,89200.0,92300.0,89200.0,91900.0,154541
2013-08-14,92800.0,95400.0,92000.0,94400.0,225815
2013-08-16,93000.0,94200.0,92900.0,93700.0,67305
2013-08-19,93700.0,96300.0,93700.0,94500.0,77102
2013-08-20,93500.0,96300.0,93300.0,93900.0,140301
2013-08-21,94000.0,94400.0,89700.0,90800.0,154615
2013-08-22,89000.0,91800.0,88800.0,90300.0,96992
2013-08-23,90900.0,92000.0,90600.0,90700.0,97202
2013-08-26,91100.0,92400.0,90700.0,92400.0,70831
2013-08-27,92000.0,94500.0,91500.0,93100.0,95765
2013-08-28,91800.0,92900.0,91000.0,92000.0,75736
2013-08-29,85500.0,89600.0,83700.0,89400.0,444613
2013-08-30,89400.0,89900.0,84000.0,84300.0,327366
2013-09-02,84600.0,86900.0,84400.0,86500.0,111880
2013-09-03,86200.0,87100.0,85800.0,86400.0,80211
2013-09-04,85400.0,87000.0,85400.0,87000.0,77878
2013-09-05,87900.0,87900.0,86500.0,86900.0,87506
2013-09-06,86900.0,87100.0,85200.0,85500.0,113461
2013-09-09,86200.0,87100.0,85000.0,85100.0,196699
2013-09-10,85800.0,88900.0,85500.0,88900.0,356722
2013-09-11,88900.0,88900.0,86500.0,87600.0,206249
2013-09-12,87300.0,88300.0,86400.0,86600.0,140103
2013-09-13,86600.0,87800.0,82600.0,82700.0,393313
2013-09-16,82700.0,83900.0,81100.0,82400.0,260202
2013-09-17,82100.0,83300.0,81800.0,82100.0,163628
2013-09-23,82000.0,84400.0,82000.0,83700.0,230354
2013-09-24,84700.0,86900.0,84400.0,85500.0,424855
2013-09-25,85700.0,86300.0,84400.0,84400.0,155892
2013-09-26,85000.0,87400.0,84800.0,87400.0,242468
2013-09-27,88000.0,88600.0,86500.0,88500.0,169403
2013-09-30,87900.0,88100.0,85900.0,85900.0,141049
2013-10-01,85200.0,87600.0,85100.0,85100.0,135805
2013-10-02,86200.0,87400.0,85000.0,85000.0,223923
2013-10-04,85300.0,85900.0,82600.0,83200.0,208336
2013-10-07,83300.0,84300.0,83000.0,83100.0,74714
2013-10-08,82000.0,83100.0,81600.0,82100.0,128696
2013-10-10,82600.0,83900.0,82400.0,82500.0,121625
2013-10-11,84100.0,85100.0,83100.0,85100.0,184262
2013-10-14,84600.0,85300.0,83100.0,83100.0,96726
2013-10-15,83700.0,86800.0,83700.0,86100.0,244485
2013-10-16,86000.0,86300.0,83600.0,84100.0,216738
2013-10-17,84900.0,85900.0,84200.0,85200.0,137260
2013-10-18,85200.0,85400.0,83700.0,84800.0,58984
2013-10-21,85200.0,85200.0,83200.0,83600.0,96224
2013-10-22,84000.0,87200.0,83900.0,86500.0,226298
2013-10-23,87300.0,89000.0,85300.0,85500.0,246539
2013-10-24,86500.0,89900.0,86100.0,89700.0,357819
2013-10-25,90300.0,90500.0,87100.0,87100.0,168462
2013-10-28,87800.0,88500.0,86400.0,86900.0,101015
2013-10-29,86500.0,88100.0,85600.0,86900.0,107036
2013-10-30,87500.0,88100.0,86300.0,86700.0,107160
2013-10-31,86800.0,87400.0,85700.0,85700.0,97955
2013-11-01,85600.0,86100.0,84300.0,84300.0,151199
2013-11-04,84600.0,85900.0,84500.0,84700.0,141248
2013-11-05,84800.0,85500.0,82500.0,82900.0,136566
2013-11-06,82900.0,84000.0,81700.0,82200.0,144540
2013-11-07,82200.0,82200.0,78800.0,79300.0,372566
2013-11-08,78400.0,79500.0,76400.0,77300.0,286218
2013-11-11,77000.0,77300.0,74700.0,75500.0,214015
2013-11-12,76300.0,77700.0,75900.0,76200.0,151561
2013-11-13,78500.0,78600.0,76100.0,76100.0,107150
2013-11-14,77100.0,77900.0,76000.0,76300.0,98883
2013-11-15,76900.0,77900.0,76900.0,77700.0,70395
2013-11-18,77800.0,77900.0,75900.0,76100.0,118529
2013-11-19,75900.0,76600.0,75800.0,76300.0,83863
2013-11-20,76000.0,76600.0,75400.0,75400.0,89328
2013-11-21,75200.0,75500.0,74200.0,75000.0,66253
2013-11-22,75300.0,76100.0,75200.0,75200.0,43985
2013-11-25,75800.0,76700.0,75600.0,75800.0,90307
2013-11-26,75600.0,78200.0,75100.0,78200.0,106678
2013-11-27,77900.0,78000.0,76800.0,77400.0,66918
2013-11-28,78000.0,81500.0,77600.0,80900.0,240938
2013-11-29,80900.0,81000.0,80000.0,80700.0,75450
2013-12-02,81000.0,81400.0,79500.0,80500.0,50243
2013-12-03,79600.0,80500.0,78800.0,78800.0,60082
2013-12-04,78300.0,79900.0,77600.0,77600.0,47463
2013-12-05,77900.0,78600.0,77000.0,77700.0,34248
2013-12-06,77800.0,81400.0,77500.0,80200.0,141052
2013-12-09,80300.0,81600.0,80200.0,81300.0,93120
2013-12-10,80800.0,82300.0,79900.0,81800.0,77521
2013-12-11,80800.0,82500.0,80700.0,81200.0,81722
2013-12-12,81100.0,82000.0,80000.0,81300.0,80298
2013-12-13,81200.0,81300.0,79700.0,80400.0,58285
2013-12-16,80200.0,81100.0,79900.0,79900.0,42504
2013-12-17,80000.0,80500.0,79000.0,80300.0,55114
2013-12-18,79500.0,81300.0,79300.0,79900.0,64694
2013-12-19,81600.0,82000.0,80400.0,81000.0,69071
2013-12-20,80400.0,81800.0,80200.0,81200.0,42294
2013-12-23,81300.0,81600.0,79900.0,80200.0,53642
2013-12-24,81000.0,83000.0,81000.0,82800.0,198754
2013-12-26,82900.0,83600.0,82100.0,82200.0,78078
2013-12-27,82300.0,82900.0,81800.0,82400.0,52422
2013-12-30,82200.0,83800.0,81400.0,83700.0,131922
2014-01-02,84800.0,84800.0,82200.0,83100.0,79409
2014-01-03,82700.0,84000.0,81800.0,83600.0,100972
2014-01-06,83400.0,83600.0,82300.0,82900.0,69660
2014-01-07,82600.0,84200.0,82200.0,83700.0,60670
2014-01-08,83900.0,85600.0,82900.0,85100.0,168929
2014-01-09,85000.0,87200.0,84300.0,86800.0,157058
2014-01-10,86700.0,87300.0,85400.0,86800.0,103990
2014-01-13,86500.0,87000.0,84200.0,85500.0,103522
2014-01-14,84700.0,86100.0,84400.0,85500.0,58546
2014-01-15,86200.0,86700.0,85100.0,86400.0,55096
2014-01-16,87000.0,87300.0,86200.0,86700.0,78245
2014-01-17,87300.0,87400.0,86000.0,86700.0,40071
2014-01-20,86700.0,86800.0,85200.0,85800.0,52376
2014-01-21,85800.0,89100.0,85800.0,88400.0,191750
2014-01-22,88500.0,88600.0,87400.0,88600.0,60357
2014-01-23,89000.0,90300.0,88600.0,89300.0,163536
2014-01-24,88900.0,89500.0,87500.0,88900.0,88939
2014-01-27,87100.0,88300.0,86000.0,86000.0,141108
2014-01-28,85500.0,85500.0,82100.0,83500.0,278666
2014-01-29,84000.0,85100.0,83500.0,85000.0,157477
2014-02-03,83800.0,85000.0,82500.0,84700.0,127978
2014-02-04,82800.0,84600.0,82800.0,84100.0,84763
2014-02-05,84300.0,84800.0,82600.0,83300.0,80500
2014-02-06,83200.0,84900.0,83200.0,83800.0,80447
2014-02-07,84100.0,86900.0,84100.0,86500.0,153498
2014-02-10,87500.0,87900.0,86900.0,87400.0,95036
2014-02-11,86800.0,87800.0,86200.0,87800.0,61612
2014-02-12,87200.0,88100.0,87100.0,88000.0,69363
2014-02-13,88000.0,88300.0,86400.0,86500.0,75783
2014-02-14,86900.0,89700.0,86500.0,89400.0,205189
2014-02-17,90100.0,90100.0,88900.0,89400.0,100749
2014-02-18,89400.0,91300.0,88700.0,91200.0,142112
2014-02-19,90900.0,92100.0,90700.0,91100.0,118808
2014-02-20,90500.0,91600.0,90000.0,91300.0,104229
2014-02-21,91400.0,92100.0,90900.0,92000.0,92670
2014-02-24,92000.0,93000.0,92000.0,92200.0,107925
2014-02-25,92900.0,93300.0,91700.0,93000.0,120528
2014-02-26,92200.0,93500.0,92200.0,93100.0,107559
2014-02-27,92300.0,93400.0,91700.0,93100.0,97982
2014-02-28,92600.0,93100.0,90600.0,91400.0,120344
2014-03-03,91000.0,91100.0,88000.0,89500.0,148800
2014-03-04,89000.0,94000.0,89000.0,93900.0,398650
2014-03-05,94300.0,96600.0,93100.0,96500.0,231844
2014-03-06,96600.0,97800.0,95800.0,96600.0,137166
2014-03-07,96000.0,97200.0,94300.0,94900.0,80442
2014-03-10,95100.0,96800.0,94600.0,96100.0,100338
2014-03-11,96700.0,98800.0,95500.0,98700.0,181973
2014-03-12,97700.0,98700.0,96700.0,97200.0,83170
2014-03-13,97200.0,98000.0,95700.0,96400.0,119608
2014-03-14,96000.0,99200.0,95800.0,97200.0,220678
2014-03-17,98200.0,99100.0,97100.0,98100.0,110429
2014-03-18,98500.0,99300.0,98200.0,98700.0,88173
2014-03-19,99400.0,103000.0,99100.0,101500.0,300690
2014-03-20,101500.0,103000.0,101000.0,102000.0,181111
2014-03-21,103000.0,103500.0,101000.0,102000.0,92084
2014-03-24,102500.0,103000.0,100500.0,101500.0,61888
2014-03-25,101500.0,103500.0,100500.0,103000.0,112642
2014-03-26,103500.0,103500.0,99800.0,101000.0,134589
2014-03-27,100000.0,101000.0,98100.0,99100.0,139284
2014-03-28,99100.0,101000.0,98700.0,100000.0,106184
2014-03-31,100500.0,103000.0,99900.0,103000.0,100821
2014-04-01,103000.0,104500.0,101500.0,104500.0,102048
2014-04-02,105000.0,105000.0,102000.0,102000.0,75659
2014-04-03,102000.0,104000.0,102000.0,103500.0,82575
2014-04-04,104500.0,110000.0,104500.0,109500.0,261298
2014-04-07,108500.0,110000.0,105500.0,106000.0,160952
2014-04-08,105500.0,108500.0,104500.0,108000.0,125005
2014-04-09,108000.0,108500.0,104000.0,105000.0,147434
2014-04-10,105500.0,107500.0,104500.0,106000.0,104208
2014-04-11,104000.0,104500.0,102500.0,104500.0,168329
2014-04-14,103000.0,108000.0,103000.0,108000.0,163081
2014-04-15,108000.0,110000.0,107000.0,109500.0,162348
2014-04-16,109500.0,117500.0,108500.0,115000.0,341774
2014-04-17,115500.0,117500.0,114000.0,114500.0,140910
2014-04-18,114500.0,116500.0,113000.0,116000.0,112235
2014-04-21,116000.0,116500.0,111000.0,112000.0,157197
2014-04-22,112000.0,115000.0,111000.0,114500.0,138306
2014-04-23,114000.0,115000.0,112500.0,113500.0,103418
2014-04-24,113500.0,114500.0,109500.0,111500.0,253947
2014-04-25,110500.0,113500.0,110500.0,111000.0,116409
2014-04-28,111000.0,113500.0,111000.0,113500.0,78980
2014-04-29,113500.0,116000.0,110500.0,112000.0,195500
2014-04-30,112000.0,114000.0,111000.0,114000.0,144532
2014-05-02,113500.0,115500.0,113000.0,115500.0,75049
2014-05-07,115000.0,115000.0,111500.0,113500.0,118244
2014-05-08,113000.0,114500.0,112500.0,114500.0,100235
2014-05-09,115000.0,117000.0,114000.0,116000.0,100618
2014-05-12,116000.0,116500.0,114000.0,115000.0,83024
2014-05-13,115000.0,116500.0,114500.0,115500.0,105542
2014-05-14,115500.0,118500.0,115500.0,117500.0,252292
2014-05-15,117500.0,118500.0,115500.0,116000.0,95127
2014-05-16,115500.0,115500.0,112500.0,114000.0,149231
2014-05-19,115000.0,115500.0,112500.0,114000.0,107910
2014-05-20,114000.0,114500.0,112000.0,112000.0,105910
2014-05-21,112500.0,114000.0,112500.0,113000.0,102002
2014-05-22,113500.0,119000.0,113500.0,119000.0,347489
2014-05-23,119000.0,122500.0,119000.0,121000.0,196632
2014-05-26,121000.0,125000.0,120000.0,124500.0,158151
2014-05-27,124500.0,127000.0,121500.0,122000.0,155275
2014-05-28,123500.0,128000.0,123500.0,128000.0,139094
2014-05-29,128000.0,132000.0,126500.0,131500.0,185859
2014-05-30,132000.0,132000.0,124500.0,127500.0,269581
2014-06-02,128000.0,129500.0,124000.0,128500.0,130018
2014-06-03,126500.0,129000.0,124500.0,126500.0,283881
2014-06-05,125500.0,129000.0,125000.0,128000.0,97494
2014-06-09,128500.0,130000.0,124500.0,124500.0,101228
2014-06-10,126500.0,135000.0,126500.0,134000.0,211556
2014-06-11,135000.0,139000.0,133000.0,134500.0,174040
2014-06-12,133500.0,134500.0,131500.0,134500.0,88004
2014-06-13,133000.0,139000.0,133000.0,138000.0,146390
2014-06-16,138500.0,139000.0,136000.0,138000.0,86176
2014-06-17,138000.0,145000.0,138000.0,143500.0,523233
2014-06-18,143000.0,145000.0,141500.0,143000.0,119377
2014-06-19,143000.0,144500.0,138500.0,141000.0,367783
2014-06-20,139500.0,141000.0,138500.0,138500.0,151493
2014-06-23,140000.0,144000.0,139500.0,142500.0,131186
2014-06-24,142500.0,144500.0,141500.0,143500.0,107487
2014-06-25,143500.0,147500.0,142500.0,146000.0,122610
2014-06-26,147000.0,150000.0,145000.0,146500.0,134537
2014-06-27,147500.0,149000.0,142500.0,143000.0,123659
2014-06-30,143000.0,146000.0,141500.0,145000.0,109215
2014-07-01,145000.0,146500.0,142500.0,144000.0,88432
2014-07-02,145500.0,146500.0,144000.0,145000.0,97656
2014-07-03,145000.0,149000.0,144000.0,148500.0,135595
2014-07-04,149000.0,150500.0,148000.0,148000.0,84974
2014-07-07,149000.0,149000.0,147000.0,147500.0,60072
2014-07-08,149000.0,151000.0,148000.0,150000.0,102794
2014-07-09,148500.0,149000.0,144000.0,146500.0,162266
2014-07-10,146500.0,147500.0,139500.0,142000.0,229377
2014-07-11,141000.0,141500.0,138000.0,139000.0,196875
2014-07-14,138500.0,146000.0,138000.0,146000.0,157273
2014-07-15,147000.0,147000.0,140500.0,140500.0,130115
2014-07-16,139000.0,141000.0,132500.0,139500.0,279967
2014-07-17,141000.0,144000.0,137000.0,139000.0,116716
2014-07-18,138000.0,141500.0,137500.0,140500.0,112838
2014-07-21,141500.0,142000.0,136000.0,138500.0,87236
2014-07-22,137500.0,139500.0,137000.0,139500.0,86980
2014-07-23,140000.0,140500.0,137000.0,138500.0,77249
2014-07-24,139000.0,141500.0,136000.0,139500.0,178022
2014-07-25,139500.0,139500.0,135000.0,136000.0,184335
2014-07-28,136000.0,137000.0,128500.0,129000.0,305042
2014-07-29,128500.0,129000.0,123000.0,123500.0,491079
2014-07-30,124500.0,130000.0,123500.0,127000.0,269771
2014-07-31,127500.0,130000.0,121000.0,126000.0,266845
2014-08-01,124000.0,130000.0,124000.0,127500.0,156659
2014-08-04,128000.0,132000.0,127000.0,132000.0,139042
2014-08-05,131500.0,131500.0,128000.0,130000.0,123896
2014-08-06,129000.0,132000.0,125500.0,128000.0,134264
2014-08-07,128000.0,132000.0,126000.0,132000.0,135210
2014-08-08,134000.0,138000.0,133500.0,136000.0,316157
2014-08-11,138500.0,144500.0,138000.0,142000.0,309235
2014-08-12,142000.0,142500.0,138000.0,142000.0,215962
2014-08-13,142500.0,143000.0,139000.0,143000.0,183916
2014-08-14,142500.0,144000.0,137000.0,140500.0,161616
2014-08-18,143000.0,143000.0,138500.0,139500.0,78773
2014-08-19,140000.0,140500.0,136000.0,136000.0,119294
2014-08-20,137500.0,139000.0,134000.0,136500.0,175695
2014-08-21,136500.0,136500.0,133500.0,136000.0,111694
2014-08-22,135000.0,136500.0,131500.0,133500.0,107093
2014-08-25,133000.0,134500.0,129500.0,131000.0,95566
2014-08-26,132000.0,134000.0,128000.0,133000.0,154033
2014-08-27,135000.0,139500.0,133000.0,138000.0,155789
2014-08-28,136000.0,137500.0,131000.0,132000.0,162432
2014-08-29,134000.0,135500.0,132000.0,134500.0,153844
2014-09-01,134000.0,138000.0,134000.0,137500.0,116436
2014-09-02,137000.0,139000.0,136000.0,137500.0,83092
2014-09-03,138000.0,138000.0,131000.0,131000.0,218202
2014-09-04,130000.0,132500.0,127500.0,129500.0,155431
2014-09-05,129500.0,131000.0,128500.0,128500.0,59006
2014-09-11,131500.0,135000.0,130500.0,134000.0,163793
2014-09-12,135500.0,135500.0,131000.0,133500.0,61252
2014-09-15,132500.0,133500.0,126500.0,128000.0,124631
2014-09-16,128500.0,130500.0,127000.0,129000.0,92848
2014-09-17,128500.0,130000.0,124000.0,124500.0,155141
2014-09-18,125500.0,126000.0,119000.0,119500.0,324155
2014-09-19,120500.0,123500.0,120000.0,123500.0,234762
2014-09-22,123000.0,123500.0,120000.0,121500.0,103394
2014-09-23,120500.0,124500.0,120500.0,123500.0,101703
2014-09-24,123500.0,126000.0,122500.0,125500.0,97613
2014-09-25,126000.0,126500.0,123500.0,126500.0,82838
2014-09-26,124500.0,124500.0,117500.0,122500.0,395130
2014-09-29,123000.0,124000.0,120000.0,124000.0,102219
2014-09-30,123000.0,123500.0,114500.0,115000.0,426609
2014-10-01,115000.0,118500.0,113000.0,117000.0,220700
2014-10-02,116500.0,121000.0,116000.0,119500.0,216324
2014-10-06,118500.0,120000.0,115000.0,117500.0,120373
2014-10-07,117500.0,120500.0,116500.0,119000.0,133926
2014-10-08,118500.0,123000.0,117000.0,121500.0,182578
2014-10-10,122500.0,122500.0,118000.0,119000.0,103690
2014-10-13,118000.0,119000.0,113500.0,119000.0,104572
2014-10-14,119000.0,119500.0,115500.0,116500.0,90565
2014-10-15,117500.0,117500.0,114000.0,114000.0,68486
2014-10-16,112000.0,113000.0,106500.0,112000.0,227549
2014-10-17,113500.0,117500.0,107000.0,111500.0,283615
2014-10-20,113500.0,119500.0,113000.0,119500.0,144023
2014-10-21,121000.0,121500.0,116000.0,118000.0,161037
2014-10-22,121500.0,122500.0,117500.0,120000.0,188680
2014-10-23,118000.0,119000.0,113000.0,115000.0,141103
2014-10-24,115500.0,116500.0,100500.0,104000.0,583446
2014-10-27,104000.0,108000.0,101000.0,106000.0,269107
2014-10-28,105000.0,107500.0,103000.0,106000.0,116577
2014-10-29,107000.0,112500.0,100500.0,101500.0,569896
2014-10-30,92000.0,94000.0,86500.0,86600.0,1385928
2014-10-31,87300.0,87600.0,83300.0,84500.0,709233
2014-11-03,85300.0,86600.0,82000.0,82800.0,432978
2014-11-04,82700.0,84400.0,80100.0,82200.0,434554
2014-11-05,81500.0,85900.0,81500.0,84300.0,441714
2014-11-06,85900.0,88800.0,84800.0,88600.0,480333
2014-11-07,89000.0,89000.0,86800.0,88200.0,202085
2014-11-10,88900.0,90600.0,88200.0,90400.0,249459
2014-11-11,91100.0,93400.0,91000.0,93400.0,306595
2014-11-12,94200.0,101000.0,91500.0,97000.0,438253
2014-11-13,98000.0,100500.0,95000.0,99400.0,199673
2014-11-14,97700.0,98200.0,94600.0,94700.0,187828
2014-11-17,93300.0,97800.0,93000.0,96800.0,132879
2014-11-18,96500.0,98600.0,95000.0,95500.0,144424
2014-11-19,96500.0,97400.0,95500.0,96400.0,126677
2014-11-20,96600.0,102500.0,96600.0,102000.0,261296
2014-11-21,104500.0,109000.0,104000.0,108500.0,429380
2014-11-24,111000.0,111000.0,105500.0,108000.0,182618
2014-11-25,108500.0,110000.0,104500.0,108500.0,201364
2014-11-26,109000.0,109000.0,103000.0,103500.0,223937
2014-11-27,102500.0,105000.0,97300.0,100500.0,392326
2014-11-28,99900.0,101000.0,97600.0,99900.0,207992
2014-12-01,99900.0,104000.0,97700.0,103500.0,247115
2014-12-02,102500.0,103500.0,99900.0,103500.0,138499
2014-12-03,102500.0,103000.0,99800.0,99900.0,147052
2014-12-04,100500.0,101500.0,99800.0,100500.0,170162
2014-12-05,101000.0,103500.0,100500.0,102500.0,145697
2014-12-08,103500.0,107000.0,103500.0,106500.0,187521
2014-12-09,106500.0,106500.0,102500.0,103500.0,167380
2014-12-10,103500.0,105000.0,100500.0,101500.0,95595
2014-12-11,100500.0,102500.0,99500.0,99800.0,134896
2014-12-12,101500.0,102000.0,99500.0,100000.0,110776
2014-12-15,99000.0,101000.0,98100.0,100500.0,98774
2014-12-16,99000.0,100000.0,98300.0,98400.0,83002
2014-12-17,98400.0,102000.0,98200.0,100000.0,111898
2014-12-18,101000.0,101500.0,95300.0,97800.0,167135
2014-12-19,98500.0,98600.0,96100.0,97200.0,88323
2014-12-22,97500.0,97800.0,95500.0,97100.0,101740
2014-12-23,97000.0,111500.0,97000.0,108500.0,407529
2014-12-24,107500.0,109000.0,103500.0,106000.0,267514
2014-12-26,107000.0,107500.0,104000.0,104000.0,83393
2014-12-29,106000.0,112500.0,105000.0,110000.0,247354
2014-12-30,111000.0,113000.0,108000.0,112500.0,190696
2015-01-02,111500.0,114000.0,110000.0,111500.0,151102
2015-01-05,112000.0,116500.0,109500.0,114000.0,171664
2015-01-06,112500.0,116000.0,108500.0,109000.0,223707
2015-01-07,108500.0,111500.0,106500.0,107000.0,138571
2015-01-08,108500.0,113500.0,108000.0,113000.0,151779
2015-01-09,114000.0,115500.0,111000.0,111000.0,124355
2015-01-12,110000.0,118500.0,110000.0,117000.0,214735
2015-01-13,117500.0,119000.0,115000.0,115000.0,213305
2015-01-14,117000.0,119500.0,112000.0,112500.0,150249
2015-01-15,112500.0,115000.0,112000.0,115000.0,88068
2015-01-16,114000.0,114500.0,107500.0,108500.0,225453
2015-01-19,109500.0,112500.0,105000.0,106500.0,205148
2015-01-20,107000.0,109500.0,106500.0,109500.0,116995
2015-01-21,110500.0,111500.0,108500.0,111500.0,113903
2015-01-22,113000.0,113000.0,107000.0,107000.0,134123
2015-01-23,110000.0,110000.0,105500.0,107000.0,124625
2015-01-26,107500.0,108500.0,104500.0,106000.0,86159
2015-01-27,105500.0,110000.0,102000.0,107000.0,303596
2015-01-28,111000.0,111500.0,107500.0,109500.0,175786
2015-01-29,109000.0,109500.0,103500.0,104000.0,324584
2015-01-30,104500.0,104500.0,97200.0,97900.0,667335
2015-02-02,97500.0,101000.0,95300.0,98600.0,240184
2015-02-03,99900.0,101000.0,98500.0,100500.0,157065
2015-02-04,101000.0,101500.0,99300.0,99400.0,162972
2015-02-05,99900.0,101000.0,98400.0,98600.0,152233
2015-02-06,98900.0,100500.0,97700.0,97700.0,145494
2015-02-09,97800.0,99100.0,95600.0,96400.0,169250
2015-02-10,96500.0,97200.0,93700.0,94300.0,172880
2015-02-11,95200.0,99300.0,94600.0,98300.0,178667
2015-02-12,98600.0,99000.0,95500.0,95500.0,141268
2015-02-13,96300.0,104000.0,96200.0,103000.0,444793
2015-02-16,102000.0,104000.0,100500.0,103000.0,162052
2015-02-17,104000.0,105000.0,102000.0,102500.0,146788
2015-02-23,104000.0,104500.0,101500.0,102500.0,115645
2015-02-24,103000.0,104500.0,102500.0,103500.0,125306
2015-02-25,105000.0,107500.0,104000.0,105500.0,220330
2015-02-26,106500.0,107000.0,102500.0,105500.0,141105
2015-02-27,105500.0,106500.0,103500.0,105000.0,138785
2015-03-02,105000.0,105000.0,102000.0,102500.0,159896
2015-03-03,103000.0,105000.0,101000.0,104500.0,160969
2015-03-04,104500.0,106500.0,103000.0,104000.0,126733
2015-03-05,104000.0,108000.0,104000.0,107000.0,195051
2015-03-06,108000.0,112000.0,107500.0,112000.0,322657
2015-03-09,111500.0,112500.0,109000.0,109500.0,161846
2015-03-10,111500.0,114500.0,109500.0,112500.0,308567
2015-03-11,111000.0,112500.0,109500.0,111500.0,172227
2015-03-12,112000.0,112000.0,107000.0,107000.0,242343
2015-03-13,108000.0,109000.0,102500.0,104000.0,339665
2015-03-16,104000.0,106000.0,102500.0,104000.0,174482
2015-03-17,106000.0,111500.0,105500.0,111000.0,279670
2015-03-18,112000.0,114000.0,110000.0,110500.0,186227
2015-03-19,112000.0,112000.0,109000.0,110000.0,120564
2015-03-20,111000.0,115500.0,110500.0,113500.0,183928
2015-03-23,115500.0,116500.0,112500.0,113500.0,125666
2015-03-24,114500.0,116000.0,113500.0,115000.0,149452
2015-03-25,115000.0,116000.0,110500.0,111000.0,173745
2015-03-26,109000.0,112000.0,108500.0,111000.0,145274
2015-03-27,111000.0,115000.0,110500.0,114500.0,174753
2015-03-30,116000.0,116000.0,114000.0,115500.0,122556
2015-03-31,115500.0,117500.0,113500.0,116000.0,247320
2015-04-01,116500.0,118500.0,111500.0,112500.0,209792
2015-04-02,113000.0,115500.0,112000.0,112500.0,163263
2015-04-03,112500.0,113000.0,109500.0,110500.0,134004
2015-04-06,110000.0,114000.0,110000.0,112000.0,129234
2015-04-07,113000.0,113000.0,110500.0,112000.0,86344
2015-04-08,111000.0,112500.0,108000.0,108000.0,234791
2015-04-09,109500.0,112000.0,109000.0,111000.0,176754
2015-04-10,111000.0,114000.0,109500.0,110000.0,188938
2015-04-13,111000.0,112500.0,109000.0,112500.0,157548
2015-04-14,113500.0,115000.0,112000.0,113500.0,251177
2015-04-15,115000.0,115500.0,113000.0,113000.0,135532
2015-04-16,114000.0,114500.0,110000.0,111000.0,158623
2015-04-17,111000.0,111500.0,108500.0,109000.0,200411
2015-04-20,108000.0,108500.0,105500.0,106000.0,285566
2015-04-21,107500.0,108000.0,106000.0,107000.0,177852
2015-04-22,108000.0,110000.0,104000.0,105000.0,279533
2015-04-23,107000.0,109000.0,105000.0,107000.0,197409
2015-04-24,107500.0,109500.0,105000.0,105500.0,202347
2015-04-27,106500.0,107000.0,103500.0,104000.0,122484
2015-04-28,105500.0,106500.0,104500.0,105000.0,126064
2015-04-29,104500.0,105000.0,96700.0,98200.0,808211
2015-04-30,98000.0,100500.0,96300.0,100000.0,254186
2015-05-04,100000.0,100000.0,97500.0,97700.0,144342
2015-05-06,95600.0,96900.0,94000.0,94200.0,229903
2015-05-07,93500.0,97800.0,92300.0,97200.0,191113
2015-05-08,97200.0,101000.0,96400.0,99600.0,161697
2015-05-11,101000.0,102000.0,98200.0,98800.0,120856
2015-05-12,98200.0,100500.0,97600.0,97900.0,88080
2015-05-13,97800.0,98300.0,96700.0,97600.0,89760
2015-05-14,97100.0,99500.0,97000.0,99500.0,77544
2015-05-15,99500.0,99600.0,97100.0,97200.0,85630
2015-05-18,98500.0,98500.0,94800.0,95000.0,138173
2015-05-19,95300.0,98300.0,95300.0,97800.0,131277
2015-05-20,97800.0,99400.0,97400.0,99000.0,125072
2015-05-21,99100.0,99400.0,97000.0,98600.0,92913
2015-05-22,98800.0,101500.0,98600.0,101500.0,160471
2015-05-26,100500.0,101000.0,98100.0,98600.0,124132
2015-05-27,97400.0,97500.0,95500.0,95600.0,154358
2015-05-28,95600.0,96400.0,93000.0,93100.0,260482
2015-05-29,92400.0,95400.0,92400.0,95100.0,217922
2015-06-01,94000.0,94700.0,93000.0,93700.0,118935
2015-06-02,93500.0,97700.0,93500.0,97400.0,174599
2015-06-03,97500.0,97600.0,93400.0,95300.0,167721
2015-06-04,95000.0,96100.0,93700.0,94600.0,88634
2015-06-05,94500.0,97000.0,93700.0,96200.0,172550
2015-06-08,96300.0,99500.0,94800.0,96300.0,158162
2015-06-09,97100.0,99900.0,97100.0,99800.0,225687
2015-06-10,100500.0,101000.0,97200.0,99800.0,199190
2015-06-11,100500.0,103000.0,98400.0,103000.0,268796
2015-06-12,103500.0,104500.0,100000.0,103500.0,285459
2015-06-15,102500.0,104000.0,101000.0,104000.0,149551
2015-06-16,102500.0,103500.0,99800.0,102000.0,181561
2015-06-17,101000.0,102500.0,98600.0,98600.0,186051
2015-06-18,99600.0,107500.0,99500.0,105500.0,350762
2015-06-19,107500.0,109500.0,105000.0,109000.0,322786
2015-06-22,109500.0,110500.0,108000.0,109000.0,158771
2015-06-23,109500.0,110500.0,107500.0,110500.0,140692
2015-06-24,110500.0,110500.0,106000.0,107500.0,161274
2015-06-25,106500.0,110000.0,106000.0,109500.0,103210
2015-06-26,109500.0,109500.0,106000.0,106000.0,110551
2015-06-29,103500.0,105000.0,101500.0,104000.0,114407
2015-06-30,103000.0,104500.0,99200.0,100500.0,242555
2015-07-01,100500.0,102500.0,99000.0,101500.0,119491
2015-07-02,101500.0,106000.0,100000.0,105000.0,146050
2015-07-03,104500.0,105000.0,98500.0,98900.0,231916
2015-07-06,97900.0,98400.0,95400.0,97100.0,222843
2015-07-07,97100.0,98000.0,95800.0,95800.0,126807
2015-07-08,95900.0,97400.0,94700.0,95200.0,122477
2015-07-09,94600.0,95300.0,92900.0,93500.0,154803
2015-07-10,93600.0,96000.0,93300.0,94400.0,144867
2015-07-13,95500.0,99700.0,95200.0,99100.0,186559
2015-07-14,100000.0,100000.0,95600.0,95600.0,230174
2015-07-15,96400.0,97900.0,95700.0,96700.0,119334
2015-07-16,97000.0,97200.0,95400.0,96000.0,118458
2015-07-17,95600.0,96000.0,93400.0,93800.0,180072
2015-07-20,94400.0,94500.0,92900.0,93300.0,115381
2015-07-21,93200.0,97300.0,93200.0,96900.0,196283
2015-07-22,96300.0,96800.0,91100.0,91500.0,488204
2015-07-23,91600.0,92300.0,87200.0,87300.0,417304
2015-07-24,87500.0,88800.0,83900.0,84100.0,284738
2015-07-27,81200.0,86400.0,78600.0,84800.0,402336
2015-07-28,82200.0,84500.0,80600.0,83100.0,224529
2015-07-29,83200.0,83600.0,80600.0,80600.0,259075
2015-07-30,80500.0,81900.0,79400.0,79400.0,201326
2015-07-31,79900.0,81600.0,79600.0,81600.0,144814
2015-08-03,82700.0,82700.0,78900.0,79000.0,165474
2015-08-04,79200.0,83900.0,78900.0,83000.0,275458
2015-08-05,83000.0,85100.0,83000.0,83600.0,120407
2015-08-06,84400.0,84400.0,82400.0,82700.0,133246
2015-08-07,82500.0,83500.0,80600.0,81200.0,127732
2015-08-10,81200.0,83400.0,80700.0,82900.0,96033
2015-08-11,83200.0,85000.0,82600.0,83100.0,113925
2015-08-12,83200.0,83900.0,80800.0,82200.0,111429
2015-08-13,81700.0,88900.0,81700.0,88800.0,271579
2015-08-14,88800.0,88800.0,88800.0,88800.0,0
2015-08-17,88800.0,88800.0,86900.0,87200.0,119333
2015-08-18,87300.0,88100.0,86900.0,87600.0,129153
2015-08-19,86700.0,86900.0,83500.0,84800.0,216958
2015-08-20,82800.0,84300.0,81800.0,83200.0,150530
2015-08-21,80100.0,83000.0,79900.0,82900.0,253214
2015-08-24,81100.0,83300.0,80600.0,81500.0,227310
2015-08-25,81500.0,84000.0,80200.0,82200.0,207344
2015-08-26,82200.0,85000.0,81800.0,84700.0,181362
2015-08-27,85500.0,86200.0,84300.0,84700.0,125164
2015-08-28,86600.0,90500.0,85300.0,89000.0,286034
2015-08-31,88900.0,91900.0,88300.0,91900.0,140455
2015-09-01,91600.0,91600.0,88000.0,88300.0,167625
2015-09-02,87100.0,91800.0,86800.0,89900.0,129169
2015-09-03,91100.0,92400.0,90300.0,91500.0,163127
2015-09-04,91500.0,92200.0,90300.0,90800.0,89544
2015-09-07,90200.0,91500.0,88600.0,90200.0,81865
2015-09-08,90000.0,92300.0,89900.0,90900.0,127335
2015-09-09,93000.0,94800.0,92600.0,94500.0,245821
2015-09-10,94000.0,94900.0,92400.0,94900.0,206889
2015-09-11,93500.0,94100.0,90600.0,90600.0,200879
2015-09-14,90800.0,91700.0,89700.0,90400.0,130843
2015-09-15,89900.0,93200.0,89900.0,92900.0,109698
2015-09-16,93000.0,93400.0,91400.0,93300.0,108605
2015-09-17,94000.0,94000.0,92200.0,93600.0,113425
2015-09-18,93200.0,93200.0,91200.0,92100.0,150065
2015-09-21,91000.0,91000.0,88000.0,88200.0,281628
2015-09-22,88800.0,90300.0,87700.0,89900.0,165291
2015-09-23,88200.0,89400.0,88200.0,88700.0,103243
2015-09-24,89400.0,89400.0,87000.0,87200.0,134782
2015-09-25,87300.0,88800.0,86000.0,88500.0,123424
2015-09-30,87200.0,88000.0,86500.0,88000.0,139177
2015-10-01,88100.0,88700.0,87100.0,88400.0,113904
2015-10-02,88400.0,89300.0,88100.0,88400.0,86629
2015-10-05,87300.0,88500.0,87200.0,87300.0,126514
2015-10-06,88100.0,89800.0,87400.0,87600.0,143244
2015-10-07,87700.0,88200.0,85700.0,86700.0,160191
2015-10-08,86700.0,87500.0,84200.0,84300.0,265270
2015-10-12,85000.0,85100.0,83800.0,84900.0,150950
2015-10-13,84900.0,85600.0,84300.0,85000.0,135334
2015-10-14,84800.0,85700.0,82600.0,83100.0,209651
2015-10-15,83000.0,85400.0,82900.0,85100.0,163987
2015-10-16,85300.0,86300.0,84600.0,85200.0,93212
2015-10-19,86000.0,86800.0,84900.0,85800.0,83196
2015-10-20,86000.0,86600.0,85800.0,86500.0,89873
2015-10-21,87200.0,96400.0,87100.0,94900.0,794795
2015-10-22,94700.0,97200.0,92100.0,92300.0,342631
2015-10-23,93900.0,95900.0,92900.0,93700.0,148268
2015-10-26,94700.0,97000.0,94700.0,97000.0,225755
2015-10-27,96200.0,96300.0,93100.0,93700.0,231785
2015-10-28,93500.0,96800.0,92600.0,94600.0,184764
2015-10-29,94600.0,96300.0,93600.0,95000.0,107320
2015-10-30,95000.0,95300.0,92500.0,92700.0,102675
2015-11-02,92700.0,94000.0,92300.0,93600.0,92771
2015-11-03,94700.0,96700.0,94200.0,95700.0,134125
2015-11-04,96300.0,96300.0,93200.0,93700.0,100712
2015-11-05,93700.0,94700.0,93100.0,93700.0,82432
2015-11-06,93200.0,93600.0,90500.0,91300.0,102614
2015-11-09,91400.0,92800.0,89400.0,91000.0,91809
2015-11-10,91000.0,93000.0,90300.0,93000.0,116291
2015-11-11,92100.0,92500.0,87000.0,90000.0,196675
2015-11-12,90500.0,90500.0,87400.0,89300.0,171532
2015-11-13,88100.0,92400.0,87400.0,91200.0,184646
2015-11-16,90800.0,90800.0,89000.0,89600.0,81606
2015-11-17,90500.0,92700.0,90300.0,91700.0,153271
2015-11-18,90900.0,93300.0,90900.0,91800.0,117543
2015-11-19,92800.0,99100.0,92300.0,98500.0,382077
2015-11-20,99900.0,102500.0,99500.0,102500.0,295586
2015-11-23,102000.0,102500.0,99800.0,101000.0,226019
2015-11-24,101000.0,105500.0,100000.0,103000.0,273381
2015-11-25,103000.0,103000.0,99800.0,100000.0,189887
2015-11-26,100000.0,101000.0,99800.0,100500.0,100353
2015-11-27,100000.0,101500.0,99500.0,99800.0,123652
2015-11-30,99400.0,100500.0,97800.0,99600.0,181277
2015-12-01,100500.0,103000.0,99200.0,100500.0,197614
2015-12-02,100500.0,103000.0,100000.0,101000.0,130555
2015-12-03,100500.0,101000.0,98500.0,99000.0,109582
2015-12-04,97700.0,101500.0,97600.0,99300.0,110494
2015-12-07,100500.0,101000.0,98900.0,99000.0,67414
2015-12-08,98800.0,99300.0,95800.0,96300.0,123389
2015-12-09,96400.0,98400.0,96100.0,97000.0,71398
2015-12-10,97000.0,98800.0,95000.0,95100.0,142272
2015-12-11,96100.0,100000.0,96000.0,97900.0,231984
2015-12-14,96800.0,97400.0,95300.0,96200.0,119498
2015-12-15,97300.0,97300.0,94600.0,95000.0,130880
2015-12-16,96200.0,100000.0,95700.0,98100.0,211125
2015-12-17,99600.0,101500.0,99100.0,101000.0,162483
2015-12-18,100500.0,103500.0,99600.0,103000.0,235405
2015-12-21,102500.0,103500.0,100000.0,101500.0,175816
2015-12-22,101500.0,101500.0,98800.0,100000.0,164122
2015-12-23,101000.0,102500.0,99400.0,101500.0,108274
2015-12-24,103000.0,103000.0,99600.0,99700.0,125033
2015-12-28,98800.0,99300.0,97200.0,97900.0,99449
2015-12-29,98700.0,99100.0,96800.0,98300.0,61463
2015-12-30,98500.0,100000.0,98100.0,98500.0,75549
2016-01-04,98500.0,98500.0,95000.0,95000.0,175230
2016-01-05,95500.0,97900.0,95300.0,97500.0,197901
2016-01-06,97300.0,97300.0,89800.0,92000.0,554241
2016-01-07,91400.0,92700.0,89000.0,89200.0,320017
2016-01-08,88500.0,90500.0,87700.0,90500.0,144996
2016-01-11,89700.0,89800.0,87800.0,88200.0,108460
2016-01-12,88300.0,89100.0,85400.0,85900.0,242656
2016-01-13,86200.0,88000.0,86200.0,87300.0,127171
2016-01-14,85800.0,86400.0,84900.0,85900.0,154383
2016-01-15,87100.0,89500.0,85900.0,86100.0,212155
2016-01-18,84600.0,86300.0,84100.0,86000.0,120709
2016-01-19,85100.0,86000.0,82300.0,85800.0,251281
2016-01-20,85700.0,85700.0,81700.0,82300.0,250351
2016-01-21,81500.0,85100.0,81400.0,83500.0,143912
2016-01-22,85200.0,86000.0,83700.0,85000.0,130559
2016-01-25,86500.0,86800.0,85000.0,85500.0,127425
2016-01-26,83200.0,84000.0,80300.0,81700.0,412797
2016-01-27,82200.0,83100.0,81000.0,83000.0,212192
2016-01-28,82500.0,83000.0,80900.0,82600.0,98546
2016-01-29,83000.0,83200.0,81200.0,82300.0,136805
2016-02-01,83000.0,87700.0,82800.0,86600.0,332861
2016-02-02,86600.0,86600.0,84800.0,84800.0,133220
2016-02-03,84100.0,85000.0,81800.0,81900.0,166500
2016-02-04,82500.0,84900.0,82000.0,83500.0,130164
2016-02-05,83500.0,85200.0,83400.0,84300.0,63854
2016-02-11,81700.0,83800.0,81700.0,82300.0,158234
2016-02-12,82100.0,83100.0,80100.0,80700.0,144284
2016-02-15,81500.0,82400.0,80800.0,82100.0,117525
2016-02-16,82600.0,85200.0,82400.0,85200.0,110038
2016-02-17,85700.0,85800.0,83900.0,83900.0,92119
2016-02-18,85500.0,85500.0,84000.0,84500.0,116492
2016-02-19,84400.0,85500.0,82000.0,85200.0,175381
2016-02-22,86200.0,87800.0,86200.0,87600.0,214660
2016-02-23,88600.0,89500.0,86400.0,86900.0,181518
2016-02-24,87100.0,89000.0,86400.0,88700.0,133705
2016-02-25,89000.0,89500.0,86500.0,87800.0,96302
2016-02-26,86800.0,86900.0,85500.0,85600.0,140899
2016-02-29,85200.0,87300.0,85200.0,87200.0,98628
2016-03-02,87600.0,87900.0,85600.0,86000.0,179291
2016-03-03,86000.0,86400.0,84700.0,85500.0,167569
2016-03-04,85200.0,85800.0,83900.0,85000.0,156131
2016-03-07,85000.0,86400.0,85000.0,86200.0,122677
2016-03-08,86400.0,86900.0,85100.0,86500.0,150121
2016-03-09,86300.0,86900.0,85400.0,86500.0,136002
2016-03-10,87000.0,87700.0,86500.0,86600.0,118186
2016-03-11,86800.0,87500.0,85200.0,86400.0,143623
2016-03-14,87000.0,87000.0,85400.0,86000.0,80567
2016-03-15,86100.0,86800.0,83400.0,83700.0,188927
2016-03-16,83700.0,84700.0,82000.0,82900.0,253591
2016-03-17,83200.0,84400.0,82700.0,83100.0,177878
2016-03-18,83500.0,83700.0,82500.0,82500.0,133318
2016-03-21,82700.0,83900.0,82700.0,83400.0,150082
2016-03-22,84000.0,84200.0,83100.0,84200.0,120050
2016-03-23,84000.0,84500.0,82800.0,83100.0,139167
2016-03-24,83000.0,83000.0,81000.0,81300.0,288906
2016-03-25,81300.0,81500.0,78600.0,79000.0,431175
2016-03-28,79300.0,79500.0,77600.0,77900.0,291543
2016-03-29,78100.0,79300.0,78100.0,78900.0,159285
2016-03-30,79100.0,79700.0,79100.0,79300.0,178224
2016-03-31,79900.0,80200.0,79100.0,79300.0,187392
2016-04-01,79600.0,80000.0,78100.0,78200.0,117614
2016-04-04,78900.0,80200.0,78600.0,79600.0,109290
2016-04-05,80000.0,80000.0,78600.0,79000.0,86088
2016-04-06,78200.0,79600.0,78200.0,79200.0,103440
2016-04-07,79200.0,79700.0,78500.0,78600.0,92196
2016-04-08,78100.0,79100.0,78100.0,78500.0,130282
2016-04-11,78500.0,82100.0,78500.0,81900.0,318166
2016-04-12,82500.0,82600.0,80400.0,81100.0,141415
2016-04-14,80700.0,81900.0,80600.0,81800.0,174134
2016-04-15,81700.0,82100.0,81500.0,81600.0,96435
2016-04-18,81600.0,82100.0,80100.0,81500.0,167685
2016-04-19,82100.0,82100.0,79600.0,79900.0,219637
2016-04-20,80300.0,81300.0,80100.0,80900.0,115693
2016-04-21,81300.0,81300.0,80300.0,81000.0,86823
2016-04-22,80500.0,81000.0,79700.0,80000.0,140047
2016-04-25,79700.0,80300.0,78700.0,79000.0,154718
2016-04-26,79000.0,79400.0,78500.0,79000.0,119688
2016-04-27,79000.0,79000.0,77200.0,77400.0,333778
2016-04-28,75700.0,75900.0,74000.0,74300.0,469987
2016-04-29,74000.0,74200.0,73100.0,73700.0,241975
2016-05-02,73800.0,74000.0,72300.0,72400.0,180875
2016-05-03,72500.0,73000.0,72000.0,72400.0,146090
2016-05-04,71900.0,73900.0,71900.0,73200.0,260984
2016-05-09,73500.0,73600.0,70500.0,71000.0,183176
2016-05-10,70500.0,73200.0,70500.0,73100.0,175823
2016-05-11,73500.0,73600.0,71900.0,72200.0,173173
2016-05-12,71700.0,72900.0,71700.0,72300.0,132302
2016-05-13,72800.0,73900.0,72600.0,73600.0,159354
2016-05-16,73400.0,75100.0,73300.0,74800.0,208101
2016-05-17,75200.0,75300.0,73800.0,74600.0,136748
2016-05-18,74000.0,76000.0,73900.0,75700.0,337073
2016-05-19,76100.0,77300.0,75800.0,77000.0,283798
2016-05-20,77500.0,82200.0,77400.0,82100.0,830974
2016-05-23,82300.0,83800.0,81400.0,83300.0,309070
2016-05-24,82900.0,83400.0,81900.0,82200.0,185894
2016-05-25,87000.0,88900.0,85200.0,87500.0,1020453
2016-05-26,87700.0,90000.0,86200.0,88700.0,468302
2016-05-27,89000.0,89800.0,87200.0,88500.0,231092
2016-05-30,87200.0,88200.0,84400.0,85900.0,375125
2016-05-31,86300.0,87600.0,85500.0,86900.0,164314
2016-06-01,86200.0,88200.0,85900.0,87000.0,169168
2016-06-02,86800.0,87800.0,84800.0,85100.0,171974
2016-06-03,84700.0,86200.0,83800.0,84700.0,182618
2016-06-07,84700.0,85600.0,83800.0,85600.0,176390
2016-06-08,85200.0,85600.0,84400.0,85300.0,115259
2016-06-09,85000.0,87300.0,84900.0,86200.0,246808
2016-06-10,86200.0,86200.0,84200.0,85000.0,97042
2016-06-13,84500.0,84800.0,83700.0,84200.0,71491
2016-06-14,83300.0,83900.0,81300.0,82000.0,134836
2016-06-15,82100.0,84800.0,81300.0,84300.0,136141
2016-06-16,83800.0,84300.0,81300.0,82900.0,191295
2016-06-17,83700.0,84300.0,81600.0,81600.0,113399
2016-06-20,82600.0,84100.0,81800.0,83300.0,108302
2016-06-21,82800.0,83300.0,80300.0,81000.0,156438
2016-06-22,81000.0,82000.0,80400.0,81600.0,102253
2016-06-23,81100.0,81300.0,79500.0,80800.0,126011
2016-06-24,81100.0,81300.0,76400.0,77300.0,288792
2016-06-27,75300.0,79500.0,74900.0,79000.0,135716
2016-06-28,77000.0,78800.0,76700.0,77800.0,153861
2016-06-29,78500.0,79300.0,78000.0,78100.0,124533
2016-06-30,79000.0,79100.0,78300.0,78800.0,59563
2016-07-01,78800.0,80700.0,78800.0,80700.0,123105
2016-07-04,80700.0,81000.0,80000.0,81000.0,110428
2016-07-05,80500.0,80900.0,79100.0,79500.0,120769
2016-07-06,79100.0,79600.0,76500.0,77800.0,145227
2016-07-07,78700.0,78900.0,77100.0,78500.0,115216
2016-07-08,78500.0,79900.0,78000.0,79900.0,92338
2016-07-11,80500.0,80800.0,78400.0,79300.0,98350
2016-07-12,79100.0,83200.0,78500.0,83200.0,266211
2016-07-13,83600.0,84800.0,81700.0,82000.0,187606
2016-07-14,82700.0,89500.0,82700.0,89200.0,687116
2016-07-15,89100.0,91700.0,88400.0,91000.0,340467
2016-07-18,90700.0,91700.0,89500.0,91200.0,146369
2016-07-19,91200.0,91500.0,89700.0,89700.0,142311
2016-07-20,89500.0,91200.0,88500.0,90000.0,117620
2016-07-21,89700.0,93000.0,89100.0,92200.0,175842
2016-07-22,92200.0,92700.0,90500.0,91200.0,95482
2016-07-25,91200.0,92100.0,89600.0,90100.0,107827
2016-07-26,90300.0,92800.0,89800.0,92300.0,160179
2016-07-27,92400.0,93700.0,91300.0,92900.0,137510
2016-07-28,92900.0,92900.0,89700.0,90200.0,189492
2016-07-29,90200.0,90800.0,88200.0,89400.0,180494
2016-08-01,90500.0,93400.0,90200.0,93400.0,170002
2016-08-02,93400.0,93500.0,90600.0,91600.0,161631
2016-08-03,90700.0,92100.0,89900.0,90500.0,117210
2016-08-04,90900.0,91600.0,89600.0,91600.0,93934
2016-08-05,91600.0,94300.0,91200.0,93700.0,144933
2016-08-08,94100.0,95200.0,92600.0,93300.0,100296
2016-08-09,93500.0,93500.0,91000.0,92400.0,148182
2016-08-10,92000.0,92100.0,89400.0,90100.0,272976
2016-08-11,90100.0,90100.0,87500.0,87500.0,210243
2016-08-12,87900.0,88600.0,86900.0,87400.0,151264
2016-08-16,87900.0,88400.0,87200.0,88200.0,159120
2016-08-17,88200.0,88200.0,86300.0,87100.0,94889
2016-08-18,86500.0,87100.0,83600.0,84200.0,400775
2016-08-19,84200.0,87500.0,84200.0,87400.0,244891
2016-08-22,87400.0,88300.0,86300.0,86800.0,110940
2016-08-23,86800.0,87300.0,83300.0,85800.0,215844
2016-08-24,85700.0,86200.0,84200.0,84800.0,84341
2016-08-25,85400.0,86800.0,84600.0,86100.0,124690
2016-08-26,85600.0,86600.0,84600.0,85000.0,67706
2016-08-29,84500.0,84600.0,82200.0,82900.0,111360
2016-08-30,83600.0,85900.0,83300.0,83800.0,109026
2016-08-31,83300.0,83800.0,81800.0,82500.0,129135
2016-09-01,82400.0,82400.0,80800.0,81700.0,124910
2016-09-02,82500.0,82800.0,81700.0,82400.0,80902
2016-09-05,82900.0,87900.0,82900.0,86100.0,320500
2016-09-06,86700.0,86700.0,84700.0,85000.0,104199
2016-09-07,85000.0,86000.0,81900.0,82200.0,222638
2016-09-08,83700.0,83900.0,80200.0,81300.0,256833
2016-09-09,81300.0,81300.0,79200.0,79300.0,214881
2016-09-12,80200.0,81000.0,78000.0,78500.0,266085
2016-09-13,79200.0,79700.0,77300.0,78000.0,155606
2016-09-19,81400.0,84000.0,81300.0,83500.0,389751
2016-09-20,82600.0,82700.0,80300.0,81400.0,184477
2016-09-21,80800.0,81000.0,79500.0,80000.0,155328
2016-09-22,80900.0,81500.0,79100.0,79100.0,134383
2016-09-23,79900.0,80300.0,79000.0,79200.0,131879
2016-09-26,78900.0,78900.0,77400.0,77900.0,196853
2016-09-27,76700.0,79800.0,76700.0,79000.0,157199
2016-09-28,79200.0,79500.0,78200.0,78200.0,133366
2016-09-29,78500.0,79300.0,78400.0,79100.0,112648
2016-09-30,78600.0,78700.0,77800.0,78300.0,136399
2016-10-04,78100.0,79000.0,77500.0,77600.0,121697
2016-10-05,77500.0,77500.0,76000.0,76200.0,147445
2016-10-06,76200.0,76700.0,74400.0,74500.0,241129
2016-10-07,74500.0,75800.0,74100.0,75200.0,162062
2016-10-10,75900.0,78700.0,75500.0,78200.0,239458
2016-10-11,79400.0,80200.0,77700.0,78200.0,217847
2016-10-12,78800.0,80800.0,78300.0,80600.0,286877
2016-10-13,81500.0,81500.0,79400.0,80000.0,120806
2016-10-14,79800.0,80800.0,78400.0,79000.0,107301
2016-10-17,79200.0,79300.0,77500.0,78200.0,86053
2016-10-18,77900.0,78300.0,77000.0,77500.0,100544
2016-10-19,77700.0,78300.0,77300.0,77300.0,78195
2016-10-20,77400.0,77800.0,76100.0,76500.0,122770
2016-10-21,76700.0,78000.0,76700.0,77300.0,75437
2016-10-24,77600.0,79500.0,76700.0,79500.0,137728
2016-10-25,79200.0,79300.0,77800.0,77900.0,82761
2016-10-26,77000.0,79200.0,76100.0,79000.0,162309
2016-10-27,79100.0,80800.0,77300.0,77600.0,179389
2016-10-28,77600.0,78100.0,76200.0,78000.0,144073
2016-10-31,77200.0,78100.0,76700.0,78000.0,150083
2016-11-01,77100.0,77700.0,76300.0,77200.0,113932
2016-11-02,76600.0,77000.0,74800.0,75100.0,145298
2016-11-03,74600.0,76700.0,74600.0,76100.0,91485
2016-11-04,75300.0,78600.0,75300.0,77300.0,112231
2016-11-07,78200.0,79600.0,78100.0,79600.0,154529
2016-11-08,79700.0,79700.0,78700.0,79100.0,74538
2016-11-09,79800.0,80700.0,75900.0,78600.0,254941
2016-11-10,79700.0,80300.0,78800.0,79000.0,156913
2016-11-11,78500.0,78900.0,76600.0,76800.0,156513
2016-11-14,76300.0,77900.0,76300.0,77500.0,96078
2016-11-15,77000.0,78700.0,76800.0,76800.0,89089
2016-11-16,77200.0,79500.0,77200.0,78100.0,153739
2016-11-17,78200.0,79000.0,78200.0,78600.0,41221
2016-11-18,78600.0,79000.0,77300.0,77600.0,69415
2016-11-21,78000.0,78000.0,76300.0,76800.0,53500
2016-11-22,76700.0,77400.0,76600.0,77100.0,57505
2016-11-23,76700.0,77200.0,75900.0,76000.0,116320
2016-11-24,75200.0,76200.0,74700.0,74900.0,82253
2016-11-25,75100.0,76600.0,74900.0,76400.0,70011
2016-11-28,77200.0,80300.0,77100.0,80200.0,335834
2016-11-29,80100.0,83500.0,79900.0,83000.0,521605
2016-11-30,82500.0,82800.0,81100.0,81100.0,160498
2016-12-01,81200.0,82100.0,80500.0,81100.0,118570
2016-12-02,80800.0,80800.0,78600.0,79600.0,140347
2016-12-05,79400.0,81200.0,78500.0,80900.0,114347
2016-12-06,81300.0,83100.0,81000.0,82900.0,156276
2016-12-07,82500.0,83300.0,82200.0,82900.0,97668
2016-12-08,83500.0,84300.0,82200.0,82800.0,119683
2016-12-09,82900.0,85400.0,82900.0,83700.0,194870
2016-12-12,83600.0,84200.0,83400.0,83800.0,51295
2016-12-13,84000.0,84300.0,82400.0,83200.0,114124
2016-12-14,83200.0,84500.0,83200.0,83200.0,85282
2016-12-15,82700.0,84500.0,82500.0,84000.0,92274
2016-12-16,83700.0,85300.0,83300.0,84900.0,129429
2016-12-19,85700.0,85700.0,82500.0,82500.0,114767
2016-12-20,82600.0,83900.0,82600.0,83100.0,72093
2016-12-21,82800.0,84800.0,82800.0,84400.0,79643
2016-12-22,86300.0,87500.0,85000.0,87000.0,275946
2016-12-23,87400.0,87600.0,86500.0,87000.0,92536
2016-12-26,87000.0,87500.0,85400.0,86000.0,73392
2016-12-27,86000.0,88300.0,86000.0,87600.0,145578
2016-12-28,87400.0,88600.0,87100.0,88000.0,74914
2016-12-29,88000.0,88600.0,87100.0,88400.0,65485
2017-01-02,87400.0,87900.0,84700.0,85600.0,171299
2017-01-03,85700.0,87700.0,85700.0,87500.0,131408
2017-01-04,87500.0,88300.0,87200.0,87600.0,74226
2017-01-05,87600.0,90500.0,87600.0,89500.0,149276
2017-01-06,89200.0,91200.0,89200.0,90800.0,178458
2017-01-09,90800.0,91300.0,88700.0,90700.0,139019
2017-01-10,90100.0,90500.0,89100.0,89400.0,65620
2017-01-11,88700.0,91300.0,88700.0,91200.0,107932
2017-01-12,91200.0,91200.0,88800.0,89100.0,158406
2017-01-13,88800.0,90600.0,88800.0,89800.0,99864
2017-01-16,90100.0,90100.0,88200.0,88500.0,86494
2017-01-17,88300.0,89700.0,88300.0,89000.0,66666
2017-01-18,89700.0,90600.0,89100.0,89500.0,124192
2017-01-19,89800.0,90300.0,87200.0,88000.0,117857
2017-01-20,88000.0,89400.0,87100.0,89300.0,66500
2017-01-23,90100.0,91500.0,89600.0,90000.0,242353
2017-01-24,91300.0,92400.0,90600.0,91700.0,156888
2017-01-25,92500.0,100000.0,92500.0,99100.0,972100
2017-01-26,99500.0,101000.0,97200.0,99300.0,385033
2017-01-31,98800.0,99800.0,98000.0,99100.0,340659
2017-02-01,99800.0,102000.0,99200.0,100000.0,226690
2017-02-02,101000.0,103500.0,99800.0,102500.0,302935
2017-02-03,103000.0,104000.0,101000.0,104000.0,207942
2017-02-06,104500.0,105000.0,103000.0,104000.0,128140
2017-02-07,105000.0,106000.0,103500.0,106000.0,124969
2017-02-08,105000.0,106500.0,103000.0,105500.0,199144
2017-02-09,106500.0,110000.0,105500.0,108500.0,246241
2017-02-10,109500.0,109500.0,105500.0,105500.0,143035
2017-02-13,105500.0,107500.0,104000.0,105000.0,179517
2017-02-14,106000.0,108500.0,105000.0,107000.0,172043
2017-02-15,107000.0,108500.0,106500.0,108000.0,145675
2017-02-16,108500.0,108500.0,106000.0,108000.0,96329
2017-02-17,109000.0,110500.0,107000.0,110500.0,182632
2017-02-20,111000.0,115500.0,108500.0,114500.0,321280
2017-02-21,115000.0,118000.0,114000.0,117500.0,256305
2017-02-22,119500.0,120500.0,116500.0,120000.0,419467
2017-02-23,120500.0,125000.0,119500.0,125000.0,437588
2017-02-24,124500.0,124500.0,118000.0,120500.0,465200
2017-02-27,121000.0,123000.0,117000.0,122000.0,310805
2017-02-28,122000.0,122500.0,118500.0,120000.0,211656
2017-03-02,121500.0,124000.0,120500.0,122000.0,191236
2017-03-03,121000.0,125000.0,119500.0,125000.0,186984
2017-03-06,125000.0,127500.0,123500.0,125500.0,146288
2017-03-07,125500.0,126000.0,123000.0,124000.0,123768
2017-03-08,123500.0,126000.0,123000.0,126000.0,137240
2017-03-09,126500.0,129000.0,125500.0,129000.0,216067
2017-03-10,128500.0,129000.0,123000.0,126500.0,216907
2017-03-13,127000.0,129500.0,123500.0,129500.0,172956
2017-03-14,129000.0,130500.0,126500.0,127000.0,129957
2017-03-15,125500.0,129500.0,125500.0,129500.0,217822
2017-03-16,130000.0,130500.0,128000.0,130000.0,177341
2017-03-17,130000.0,133000.0,129500.0,132000.0,166557
2017-03-20,132500.0,133500.0,129000.0,130500.0,157747
2017-03-21,132000.0,140000.0,130000.0,138500.0,281795
2017-03-22,137000.0,141000.0,135000.0,137000.0,250178
2017-03-23,139000.0,144500.0,138000.0,142000.0,283864
2017-03-24,141000.0,145000.0,138500.0,139000.0,178818
2017-03-27,139500.0,142000.0,136000.0,138000.0,114698
2017-03-28,140000.0,141000.0,136500.0,138500.0,108459
2017-03-29,139000.0,141000.0,136500.0,139000.0,125389
2017-03-30,138000.0,140000.0,132500.0,139000.0,301598
2017-03-31,139500.0,141500.0,136500.0,136500.0,110435
2017-04-03,140000.0,140000.0,134500.0,135500.0,191409
2017-04-04,135500.0,137000.0,134000.0,135500.0,160545
2017-04-05,137000.0,137500.0,134000.0,136500.0,96535
2017-04-06,135500.0,136500.0,132000.0,132500.0,207423
2017-04-07,133500.0,138000.0,132500.0,136500.0,175417
2017-04-10,135000.0,136500.0,131000.0,131000.0,100811
2017-04-11,132000.0,134500.0,128500.0,130000.0,177405
2017-04-12,132000.0,135500.0,130000.0,134500.0,160573
2017-04-13,135500.0,139000.0,134000.0,136000.0,217527
2017-04-14,136000.0,137000.0,131500.0,132500.0,109959
2017-04-17,133000.0,134000.0,129000.0,131000.0,140163
2017-04-18,132000.0,134000.0,130500.0,133500.0,138796
2017-04-19,133000.0,135000.0,132500.0,135000.0,90569
2017-04-20,135000.0,136000.0,133500.0,134000.0,90079
2017-04-21,135500.0,143000.0,134500.0,143000.0,344564
2017-04-24,143000.0,143000.0,138000.0,139000.0,133923
2017-04-25,138500.0,141000.0,138000.0,140000.0,155959
2017-04-26,140000.0,140000.0,136000.0,137500.0,156897
2017-04-27,132000.0,133000.0,129000.0,130500.0,358207
2017-04-28,129500.0,133000.0,128000.0,131500.0,399190
2017-05-02,131000.0,132500.0,128000.0,128500.0,206236
2017-05-04,126000.0,130500.0,126000.0,129500.0,256099
2017-05-08,130500.0,131500.0,129000.0,130500.0,186446
2017-05-10,133000.0,137000.0,132000.0,134500.0,330724
2017-05-11,136000.0,137500.0,133500.0,135500.0,326482
2017-05-12,135000.0,135500.0,132500.0,133000.0,122519
2017-05-15,133000.0,133500.0,131000.0,133000.0,114594
2017-05-16,133500.0,135500.0,131000.0,131000.0,82055
2017-05-17,130500.0,131500.0,128000.0,130000.0,199546
2017-05-18,128500.0,131000.0,128000.0,128500.0,114967
2017-05-19,128500.0,130500.0,128000.0,129000.0,103305
2017-05-22,130000.0,130500.0,127000.0,128000.0,105476
2017-05-23,128000.0,132500.0,127500.0,130000.0,145904
2017-05-24,131500.0,134500.0,131000.0,133500.0,249702
2017-05-25,133500.0,134000.0,129000.0,130000.0,196889
2017-05-26,130500.0,134500.0,130000.0,133000.0,190223
2017-05-29,134000.0,139000.0,133000.0,138500.0,215983
2017-05-30,139500.0,142000.0,137000.0,138000.0,196513
2017-05-31,136500.0,137500.0,133000.0,134000.0,259111
2017-06-01,134500.0,135000.0,130500.0,131500.0,126848
2017-06-02,132000.0,135500.0,131500.0,135500.0,127561
2017-06-05,135500.0,139000.0,134000.0,135000.0,163086
2017-06-07,135500.0,141000.0,134000.0,141000.0,224086
2017-06-08,140000.0,152000.0,140000.0,151500.0,559166
2017-06-09,152500.0,159000.0,152000.0,155500.0,295970
2017-06-12,151000.0,151000.0,145000.0,147000.0,400911
2017-06-13,146000.0,154000.0,144500.0,150500.0,288778
2017-06-14,155000.0,159000.0,152500.0,154000.0,330246
2017-06-15,154000.0,161500.0,154000.0,157500.0,356160
2017-06-16,157500.0,162500.0,156000.0,157000.0,327854
2017-06-19,158000.0,163500.0,155000.0,163500.0,208984
2017-06-20,165000.0,165500.0,160500.0,161500.0,243381
2017-06-21,160500.0,164500.0,156500.0,164500.0,134599
2017-06-22,164500.0,165000.0,160000.0,161500.0,143603
2017-06-23,159000.0,162500.0,155500.0,162500.0,142281
2017-06-26,163500.0,176500.0,163000.0,175000.0,356493
2017-06-27,176500.0,177500.0,170500.0,172500.0,240959
2017-06-28,170500.0,172000.0,160000.0,161500.0,459122
2017-06-29,164500.0,165500.0,160000.0,161500.0,183273
2017-06-30,157500.0,165500.0,154500.0,165000.0,253463
2017-07-03,164000.0,164500.0,155500.0,159500.0,226468
2017-07-04,158500.0,162500.0,157000.0,157500.0,136616
2017-07-05,158500.0,163500.0,157500.0,161000.0,161561
2017-07-06,163500.0,164500.0,158500.0,159500.0,143851
2017-07-07,156500.0,160500.0,155500.0,156000.0,126599
2017-07-10,158000.0,158500.0,151000.0,157000.0,155554
2017-07-11,158500.0,160000.0,154000.0,159500.0,112999
2017-07-12,160000.0,161000.0,152000.0,153000.0,189951
2017-07-13,156000.0,163500.0,154000.0,157500.0,249549
2017-07-14,157500.0,158500.0,152000.0,153000.0,187435
2017-07-17,153500.0,159000.0,153500.0,158000.0,137975
2017-07-18,159000.0,161500.0,156000.0,160500.0,126490
2017-07-19,161000.0,164500.0,157000.0,159000.0,165005
2017-07-20,159500.0,160500.0,155500.0,158000.0,83950
2017-07-21,157000.0,162000.0,157000.0,161000.0,85538
2017-07-24,161000.0,168500.0,160000.0,167000.0,199829
2017-07-25,168000.0,169000.0,162000.0,162000.0,142646
2017-07-26,164000.0,164000.0,153500.0,157500.0,220657
2017-07-27,156500.0,166500.0,156000.0,161500.0,269232
2017-07-28,157500.0,159000.0,149000.0,150500.0,362399
2017-07-31,148000.0,152000.0,147000.0,150000.0,148782
2017-08-01,150000.0,151500.0,145500.0,149500.0,260794
2017-08-02,163000.0,165500.0,157000.0,165000.0,520279
2017-08-03,163500.0,166500.0,161000.0,162500.0,191514
2017-08-04,163000.0,165000.0,160000.0,162000.0,139209
2017-08-07,161000.0,164500.0,160000.0,160500.0,111340
2017-08-08,161500.0,164000.0,160500.0,162500.0,173374
2017-08-09,160000.0,162500.0,157500.0,159000.0,157114
2017-08-10,157000.0,164000.0,156500.0,164000.0,225604
2017-08-11,158500.0,164000.0,157500.0,161500.0,177345
2017-08-14,165500.0,166000.0,162000.0,165000.0,121652
2017-08-16,167000.0,171000.0,166500.0,168000.0,164781
2017-08-17,166500.0,169000.0,164500.0,167500.0,81188
2017-08-18,163000.0,170000.0,163000.0,170000.0,105161
2017-08-21,170000.0,174000.0,167000.0,167500.0,109336
2017-08-22,169500.0,173000.0,167500.0,172500.0,100307
2017-08-23,175500.0,180000.0,175000.0,177000.0,240942
2017-08-24,178500.0,181000.0,176000.0,177500.0,115229
2017-08-25,177500.0,179000.0,175500.0,177000.0,69890
2017-08-28,176000.0,178500.0,172000.0,172000.0,132620
2017-08-29,172000.0,179000.0,170000.0,179000.0,191035
2017-08-30,180500.0,184000.0,179000.0,184000.0,164708
2017-08-31,187000.0,188000.0,182000.0,184500.0,179459
2017-09-01,185000.0,185000.0,175000.0,178000.0,390118
2017-09-04,172000.0,180500.0,171500.0,178500.0,228956
2017-09-05,178500.0,180000.0,174500.0,176500.0,128390
2017-09-06,175500.0,178500.0,173000.0,174500.0,141759
2017-09-07,177000.0,177500.0,172500.0,173500.0,196709
2017-09-08,172500.0,176500.0,167500.0,169500.0,353820
2017-09-11,170500.0,174500.0,168500.0,171500.0,280892
2017-09-12,174500.0,176000.0,170000.0,171500.0,271669
2017-09-13,170000.0,171000.0,165500.0,168500.0,532881
2017-09-14,168500.0,176500.0,168500.0,173000.0,410290
2017-09-15,172000.0,172000.0,167500.0,169000.0,374587
2017-09-18,171000.0,173500.0,168500.0,172000.0,306070
2017-09-19,172500.0,173000.0,168000.0,169500.0,207770
2017-09-20,169500.0,171500.0,162000.0,163500.0,415116
2017-09-21,162500.0,162500.0,154500.0,155500.0,525518
2017-09-25,148000.0,152500.0,145500.0,150500.0,517988
2017-09-26,150500.0,150500.0,150500.0,150500.0,0
2017-09-27,154000.0,159500.0,153000.0,155500.0,396540
2017-09-28,156500.0,157000.0,148000.0,148500.0,439301
2017-09-29,149000.0,154500.0,147500.0,154000.0,216046
2017-10-10,151000.0,157500.0,148000.0,155000.0,440152
2017-10-11,157500.0,166500.0,157000.0,166000.0,475518
2017-10-12,166000.0,168000.0,163000.0,164500.0,290460
2017-10-13,165500.0,171500.0,161500.0,163500.0,364068
2017-10-16,164500.0,165000.0,156000.0,157000.0,260771
2017-10-17,160000.0,163500.0,160000.0,162000.0,204213
2017-10-18,163500.0,163500.0,159000.0,162500.0,167134
2017-10-19,162500.0,162500.0,154500.0,155500.0,303579
2017-10-20,157000.0,161000.0,155500.0,157500.0,198625
2017-10-23,158500.0,170000.0,156000.0,168000.0,334260
2017-10-24,167500.0,169500.0,165000.0,167000.0,141397
2017-10-25,169000.0,172000.0,167000.0,168500.0,264325
2017-10-26,174500.0,182000.0,173000.0,175000.0,1069598
2017-10-27,175000.0,180500.0,172000.0,178000.0,295323
2017-10-30,184000.0,185000.0,175500.0,178000.0,259767
2017-10-31,180000.0,183000.0,170500.0,172000.0,405484
2017-11-01,174000.0,177500.0,170500.0,176500.0,293406
2017-11-02,176500.0,177500.0,172000.0,174000.0,173892
2017-11-03,180000.0,181000.0,170000.0,173000.0,450579
2017-11-06,174500.0,175000.0,169500.0,171000.0,178697
2017-11-07,170500.0,175500.0,170000.0,175000.0,173198
2017-11-08,173000.0,178000.0,173000.0,175000.0,137415
2017-11-09,176500.0,177000.0,169000.0,170000.0,363032
2017-11-10,168500.0,172000.0,164000.0,171000.0,265610
2017-11-13,170500.0,171000.0,160500.0,161000.0,530564
2017-11-14,161500.0,167000.0,159000.0,166500.0,275480
2017-11-15,166500.0,169000.0,163000.0,164500.0,194507
2017-11-16,164000.0,166500.0,162000.0,164000.0,216339
2017-11-17,167000.0,173000.0,166500.0,169500.0,346935
2017-11-20,172500.0,172500.0,166500.0,170000.0,196099
2017-11-21,170500.0,175500.0,168500.0,175500.0,264168
2017-11-22,178000.0,178000.0,174500.0,177000.0,207214
2017-11-23,176500.0,177000.0,171500.0,173000.0,139126
2017-11-24,173000.0,174000.0,170000.0,173000.0,128997
2017-11-27,173000.0,175500.0,167500.0,168000.0,211363
2017-11-28,170000.0,170500.0,165500.0,169000.0,168037
2017-11-29,168500.0,172000.0,165500.0,169500.0,269194
2017-11-30,166500.0,167000.0,160000.0,161000.0,499564
2017-12-01,162500.0,165500.0,161000.0,161500.0,300299
2017-12-04,162000.0,163000.0,151000.0,153000.0,855780
2017-12-05,153000.0,159500.0,152500.0,159000.0,376564
2017-12-06,159000.0,160000.0,146000.0,147000.0,772501
2017-12-07,151000.0,155000.0,148000.0,154500.0,598789
2017-12-08,156000.0,157000.0,152000.0,154000.0,175032
2017-12-11,154500.0,155500.0,148500.0,153000.0,366377
2017-12-12,153000.0,156500.0,147500.0,148500.0,360906
2017-12-13,147000.0,151000.0,147000.0,149500.0,286929
2017-12-14,148500.0,153500.0,147500.0,147500.0,420436
2017-12-15,149000.0,150000.0,147000.0,147000.0,163901
2017-12-18,149000.0,150500.0,146500.0,147000.0,282952
2017-12-19,150000.0,152000.0,147000.0,148500.0,326946
2017-12-21,147500.0,148000.0,139000.0,139000.0,575472
2017-12-22,140000.0,144500.0,136000.0,144000.0,286087
2017-12-26,142000.0,143500.0,136000.0,136500.0,504695
2017-12-27,135500.0,141000.0,135500.0,140500.0,239441
2017-12-28,140000.0,145000.0,138500.0,144000.0,190019
2018-01-02,147000.0,147000.0,142000.0,145000.0,270085
2018-01-03,146000.0,148000.0,143500.0,147000.0,254861
2018-01-04,148000.0,148500.0,144500.0,145000.0,186790
2018-01-05,146000.0,148000.0,143000.0,145500.0,236799
2018-01-08,148000.0,148500.0,139500.0,142000.0,471519
2018-01-09,153500.0,160500.0,149000.0,156500.0,1239506
2018-01-10,157000.0,157500.0,147500.0,149000.0,603263
2018-01-11,149500.0,150500.0,147000.0,150500.0,349462
2018-01-12,149500.0,150000.0,142000.0,146000.0,524718
2018-01-15,145000.0,146000.0,143000.0,144500.0,140423
2018-01-16,143000.0,147500.0,141000.0,146000.0,318389
2018-01-17,144500.0,147500.0,141500.0,143000.0,367226
2018-01-18,144500.0,145000.0,139500.0,140000.0,411860
2018-01-19,140000.0,140500.0,131000.0,132500.0,1096410
2018-01-22,128500.0,130000.0,126000.0,129000.0,600558
2018-01-23,129000.0,132500.0,126500.0,130500.0,601325
2018-01-24,127000.0,129500.0,126500.0,127000.0,699480
2018-01-25,125000.0,127000.0,123000.0,126500.0,642862
2018-01-26,126500.0,129000.0,126000.0,127000.0,412126
2018-01-29,128000.0,132000.0,127500.0,130500.0,484915
2018-01-30,130500.0,133500.0,129500.0,129500.0,469144
2018-01-31,128000.0,129500.0,125500.0,125500.0,442839
2018-02-01,126000.0,131000.0,125000.0,128500.0,487650
2018-02-02,131000.0,132500.0,126000.0,127500.0,463775
2018-02-05,124000.0,126000.0,123000.0,123500.0,247412
2018-02-06,118000.0,123000.0,117500.0,122500.0,397169
2018-02-07,125500.0,126500.0,121000.0,121000.0,302792
2018-02-08,121500.0,126500.0,121500.0,126500.0,249516
2018-02-09,122500.0,124000.0,120500.0,123000.0,184381
2018-02-12,125000.0,126000.0,122500.0,124500.0,162742
2018-02-13,126000.0,128000.0,122000.0,122000.0,260878
2018-02-14,123500.0,126000.0,122000.0,125500.0,197942
2018-02-19,128000.0,128500.0,124500.0,125000.0,223131
2018-02-20,125500.0,127000.0,124500.0,125500.0,130856
2018-02-21,126000.0,127500.0,123000.0,124500.0,196540
2018-02-22,125000.0,126500.0,123500.0,124500.0,152406
2018-02-23,125500.0,129000.0,124500.0,129000.0,288450
2018-02-26,131000.0,133000.0,130500.0,131000.0,331341
2018-02-27,133000.0,136000.0,132000.0,135500.0,455468
2018-02-28,135000.0,136500.0,130500.0,132000.0,314948
2018-03-02,129500.0,133000.0,129000.0,132000.0,159884
2018-03-05,132000.0,132000.0,127000.0,127000.0,204500
2018-03-06,128500.0,133500.0,127500.0,132500.0,205295
2018-03-07,132500.0,132500.0,127000.0,127000.0,211607
2018-03-08,129000.0,130000.0,128000.0,128500.0,158228
2018-03-09,130000.0,135000.0,129500.0,134000.0,299772
2018-03-12,137000.0,138500.0,136000.0,137500.0,386275
2018-03-13,136500.0,137000.0,133500.0,135500.0,452802
2018-03-14,135500.0,138000.0,133500.0,137500.0,198865
2018-03-15,137000.0,137500.0,133000.0,133500.0,283847
2018-03-16,132000.0,132500.0,128500.0,129500.0,347177
2018-03-19,129000.0,129500.0,127500.0,128000.0,155870
2018-03-20,127000.0,129500.0,126000.0,128500.0,158080
2018-03-21,128500.0,131000.0,128000.0,131000.0,101337
2018-03-22,131000.0,132000.0,125500.0,126500.0,352323
2018-03-23,122500.0,124000.0,119000.0,120000.0,503041
2018-03-26,119000.0,120500.0,117000.0,120000.0,260091
2018-03-27,122500.0,126500.0,121500.0,126000.0,223476
2018-03-28,124000.0,125000.0,122000.0,124000.0,221745
2018-03-29,124000.0,124000.0,122500.0,123500.0,133019
2018-03-30,125000.0,127500.0,123500.0,126000.0,166956
2018-04-02,126000.0,126500.0,122500.0,123500.0,130816
2018-04-03,120500.0,123000.0,120500.0,122500.0,169374
2018-04-04,122500.0,122500.0,116000.0,116500.0,345967
2018-04-05,117500.0,119500.0,115500.0,119500.0,200516
2018-04-06,118500.0,121000.0,118500.0,120000.0,128044
2018-04-09,119500.0,122000.0,119500.0,121000.0,69858
2018-04-10,120000.0,120500.0,117500.0,119000.0,92509
2018-04-11,119500.0,120500.0,118500.0,120000.0,98746
2018-04-12,120000.0,126500.0,119500.0,126500.0,451634
2018-04-13,127000.0,128000.0,123000.0,123000.0,252270
2018-04-16,122500.0,131000.0,122500.0,131000.0,494828
2018-04-17,131000.0,137500.0,129000.0,136500.0,702301
2018-04-18,137000.0,137000.0,133000.0,135000.0,239930
2018-04-19,133500.0,137000.0,131500.0,136500.0,234140
2018-04-20,134500.0,136000.0,130500.0,132500.0,318726
2018-04-23,133500.0,134000.0,130000.0,130500.0,191045
2018-04-24,131000.0,131000.0,124500.0,125000.0,385075
2018-04-25,120500.0,121500.0,117000.0,117500.0,626155
2018-04-26,118500.0,121000.0,116500.0,118000.0,457952
2018-04-27,119500.0,120500.0,116000.0,116500.0,273931
2018-04-30,116500.0,118500.0,116000.0,116500.0,235878
2018-05-02,119500.0,125000.0,119000.0,123500.0,498629
2018-05-03,123500.0,130500.0,122000.0,128500.0,448995
2018-05-04,127000.0,128000.0,124500.0,125000.0,202349
2018-05-08,131000.0,132500.0,129000.0,130500.0,352466
2018-05-09,130000.0,131500.0,128000.0,129500.0,148916
2018-05-10,129000.0,130000.0,127000.0,129500.0,263322
2018-05-11,130500.0,132000.0,128000.0,129000.0,145884
2018-05-14,129500.0,132500.0,129000.0,132500.0,153846
2018-05-15,132000.0,132000.0,128500.0,129000.0,104750
2018-05-16,129000.0,130500.0,127000.0,129000.0,84407
2018-05-17,129500.0,130500.0,127000.0,127000.0,106266
2018-05-18,127500.0,129500.0,126500.0,128500.0,134745
2018-05-21,128500.0,129500.0,126500.0,127000.0,164663
2018-05-23,126500.0,132000.0,126500.0,128000.0,218418
2018-05-24,130000.0,134000.0,129500.0,131000.0,204994
2018-05-25,130500.0,138500.0,130000.0,137000.0,624640
2018-05-28,136500.0,146000.0,136500.0,144500.0,736884
2018-05-29,145500.0,146000.0,142000.0,144000.0,275321
2018-05-30,143000.0,147000.0,142000.0,144500.0,304188
2018-05-31,147500.0,147500.0,142500.0,144000.0,263360
2018-06-01,144500.0,149500.0,141000.0,148000.0,333894
2018-06-04,150000.0,152500.0,148000.0,150500.0,238300
2018-06-05,149000.0,152000.0,147500.0,152000.0,218709
2018-06-07,152000.0,154500.0,149000.0,151000.0,203521
2018-06-08,150500.0,152000.0,147500.0,150500.0,188886
2018-06-11,145000.0,149000.0,144500.0,148000.0,418215
2018-06-12,149500.0,155000.0,149500.0,153000.0,328885
2018-06-14,155000.0,156000.0,152000.0,155500.0,262131
2018-06-15,155500.0,156500.0,152000.0,153500.0,189507
2018-06-18,154000.0,154500.0,145000.0,148500.0,364123
2018-06-19,147500.0,149000.0,141500.0,141500.0,273473
2018-06-20,142000.0,148000.0,141500.0,146500.0,177191
2018-06-21,146000.0,149000.0,145000.0,146000.0,157257
2018-06-22,144000.0,145500.0,137000.0,139000.0,439214
2018-06-25,138500.0,145000.0,135500.0,145000.0,220431
2018-06-26,141500.0,145000.0,139500.0,141000.0,160745
2018-06-27,140500.0,144000.0,139500.0,140000.0,112186
2018-06-28,140500.0,141000.0,138000.0,140500.0,121640
2018-06-29,140500.0,145000.0,140000.0,144500.0,160170
2018-07-02,145000.0,146500.0,141000.0,142000.0,113375
2018-07-03,143500.0,143500.0,136000.0,140500.0,109609
2018-07-04,138000.0,142000.0,137000.0,139500.0,81232
2018-07-05,142000.0,150000.0,142000.0,145500.0,363258
2018-07-06,147500.0,156000.0,147500.0,156000.0,564528
2018-07-09,156500.0,161000.0,156000.0,160500.0,325136
2018-07-10,159000.0,160500.0,155500.0,157500.0,107907
2018-07-11,156500.0,159500.0,153500.0,156000.0,132688
2018-07-12,158000.0,161000.0,156000.0,158500.0,218557
2018-07-13,158000.0,163500.0,157000.0,160000.0,168005
2018-07-16,160000.0,163500.0,160000.0,162000.0,96050
2018-07-17,163000.0,163500.0,157000.0,158000.0,121429
2018-07-18,160000.0,162500.0,159000.0,160000.0,125858
2018-07-19,161000.0,161500.0,156500.0,158000.0,94944
2018-07-20,159000.0,160500.0,156500.0,158500.0,124904
2018-07-23,157000.0,158500.0,150500.0,155000.0,234183
2018-07-24,155500.0,161500.0,155500.0,161000.0,142988
2018-07-25,163000.0,163000.0,160000.0,162500.0,170304
2018-07-26,163500.0,166500.0,157000.0,158500.0,288066
2018-07-27,159500.0,161500.0,157500.0,160500.0,115860
2018-07-30,161000.0,166500.0,161000.0,163000.0,261045
2018-07-31,162500.0,164000.0,160000.0,163000.0,136360
2018-08-01,166500.0,170000.0,159000.0,162500.0,322881
2018-08-02,164000.0,166000.0,160000.0,162500.0,198749
2018-08-03,165000.0,165500.0,160500.0,164000.0,153863
2018-08-06,163500.0,165000.0,156000.0,157500.0,201841
2018-08-07,157500.0,159500.0,154500.0,157000.0,140574
2018-08-08,157000.0,159000.0,152000.0,153000.0,156243
2018-08-09,153500.0,155500.0,151000.0,155500.0,126875
2018-08-10,155000.0,155500.0,147000.0,149000.0,205557
2018-08-13,146500.0,150000.0,143500.0,146500.0,162132
2018-08-14,147000.0,149000.0,139500.0,146000.0,238113
2018-08-16,145500.0,147000.0,141500.0,146500.0,212797
2018-08-17,148000.0,148500.0,142000.0,142500.0,149496
2018-08-20,142500.0,145500.0,138500.0,139000.0,189745
2018-08-21,139000.0,143500.0,136500.0,143000.0,241288
2018-08-22,144000.0,145500.0,139000.0,139500.0,193703
2018-08-23,140500.0,142500.0,138000.0,142000.0,150953
2018-08-24,143000.0,143000.0,133500.0,137000.0,782121
2018-08-27,139000.0,142500.0,137500.0,142000.0,262338
2018-08-28,145000.0,147000.0,142500.0,143000.0,349098
2018-08-29,143000.0,146000.0,142500.0,145000.0,145269
2018-08-30,146500.0,146500.0,143000.0,145000.0,142491
2018-08-31,145500.0,145500.0,142000.0,143500.0,123156
2018-09-03,144500.0,150000.0,144500.0,149000.0,268919
2018-09-04,149500.0,157000.0,148000.0,155500.0,377030
2018-09-05,155500.0,155500.0,149000.0,149000.0,229748
2018-09-06,148500.0,150000.0,145000.0,148000.0,219962
2018-09-07,148000.0,148500.0,145500.0,146500.0,210813
2018-09-10,145500.0,148000.0,140000.0,141000.0,370530
2018-09-11,141000.0,142500.0,136000.0,138000.0,375210
2018-09-12,138500.0,140000.0,136000.0,137000.0,333128
2018-09-13,137500.0,138000.0,130000.0,130500.0,852161
2018-09-14,133000.0,135000.0,132500.0,134500.0,317857
2018-09-17,134000.0,134000.0,130500.0,132000.0,279620
2018-09-18,129500.0,130500.0,128000.0,130000.0,352254
2018-09-19,131500.0,132500.0,130000.0,131500.0,230649
2018-09-20,133000.0,135000.0,131500.0,133000.0,273532
2018-09-21,133500.0,134000.0,128500.0,130500.0,397313
2018-09-27,131500.0,133000.0,130500.0,131500.0,227043
2018-09-28,132500.0,133000.0,130000.0,130500.0,253231
2018-10-01,131500.0,132000.0,129000.0,130000.0,95027
2018-10-02,131000.0,132500.0,130000.0,131500.0,129586
2018-10-04,133000.0,134500.0,130000.0,130000.0,140950
2018-10-05,130000.0,136500.0,126500.0,133000.0,457109
2018-10-08,132500.0,135000.0,130500.0,131000.0,122065
2018-10-10,131000.0,132000.0,123000.0,125000.0,275063
2018-10-11,118500.0,122000.0,117000.0,118000.0,342587
2018-10-12,116500.0,123500.0,116500.0,121500.0,247837
2018-10-15,122000.0,128500.0,122000.0,125000.0,238453
2018-10-16,125500.0,127500.0,123500.0,125000.0,101541
2018-10-17,128000.0,129500.0,126500.0,128000.0,135160
2018-10-18,128000.0,128500.0,122000.0,124000.0,173680
2018-10-19,121500.0,126500.0,120500.0,126500.0,150382
2018-10-22,125000.0,130000.0,125000.0,129000.0,123127
2018-10-23,130000.0,130500.0,122500.0,124500.0,175662
2018-10-24,127500.0,129000.0,120000.0,121500.0,287480
2018-10-25,119000.0,130500.0,117500.0,130000.0,449403
2018-10-26,130500.0,131000.0,123000.0,126000.0,173824
2018-10-29,126000.0,129500.0,123000.0,123000.0,133988
2018-10-30,122500.0,125000.0,119500.0,123500.0,147116
2018-10-31,125000.0,125500.0,119500.0,124000.0,129203
2018-11-01,125500.0,128500.0,125000.0,127000.0,209123
2018-11-02,123500.0,127500.0,117500.0,127000.0,718657
2018-11-05,125000.0,126000.0,123000.0,126000.0,154791
2018-11-06,125000.0,125000.0,117000.0,118000.0,552490
2018-11-07,118000.0,120000.0,111500.0,113000.0,477103
2018-11-08,116000.0,116000.0,108500.0,111500.0,512031
2018-11-09,112000.0,114500.0,110000.0,110500.0,281275
2018-11-12,111000.0,111500.0,108500.0,109500.0,174688
2018-11-13,100000.0,104000.0,99100.0,103500.0,786528
2018-11-14,102500.0,104500.0,100000.0,100000.0,440027
2018-11-15,99200.0,101500.0,99200.0,101000.0,408159
2018-11-16,103000.0,103500.0,100000.0,100000.0,390276
2018-11-19,101000.0,102000.0,100500.0,101000.0,288838
2018-11-20,98500.0,98900.0,96300.0,96500.0,545796
2018-11-21,93500.0,95800.0,92600.0,95300.0,484091
2018-11-22,95500.0,97500.0,94500.0,94700.0,198904
2018-11-23,95000.0,95600.0,93900.0,94000.0,154850
2018-11-26,94200.0,98700.0,94200.0,98700.0,327018
2018-11-27,99200.0,101000.0,96800.0,101000.0,338938
2018-11-28,101000.0,101500.0,99800.0,101000.0,142997
2018-11-29,104000.0,104000.0,100000.0,100500.0,236408
2018-11-30,101000.0,101500.0,99500.0,99800.0,167172
2018-12-03,102500.0,103500.0,101000.0,103000.0,287610
2018-12-04,103000.0,103000.0,99800.0,100500.0,268214
2018-12-05,97700.0,98200.0,96800.0,97200.0,257687
2018-12-06,96200.0,96800.0,92900.0,93600.0,425943
2018-12-07,94500.0,95800.0,94000.0,94300.0,163769
2018-12-10,92600.0,92800.0,91300.0,91700.0,187877
2018-12-11,91800.0,93200.0,90700.0,91600.0,128014
2018-12-12,92600.0,93400.0,91600.0,93400.0,124920
2018-12-13,93300.0,94200.0,92000.0,92200.0,224291
2018-12-14,93200.0,94100.0,91000.0,91700.0,133201
2018-12-17,90500.0,93000.0,90300.0,91600.0,132135
2018-12-18,90600.0,91200.0,89100.0,89400.0,176292
2018-12-19,89000.0,90300.0,89000.0,89500.0,140397
2018-12-20,88600.0,88700.0,85800.0,87200.0,228412
2018-12-21,86500.0,89000.0,86400.0,86700.0,172428
2018-12-24,86200.0,86800.0,85600.0,86800.0,121497
2018-12-26,85000.0,85400.0,83500.0,84000.0,175614
2018-12-27,85800.0,88300.0,84900.0,87700.0,291903
2018-12-28,87200.0,87900.0,86300.0,86400.0,99793
2019-01-02,87200.0,87700.0,83700.0,83700.0,155940
2019-01-03,82000.0,83800.0,80000.0,81700.0,375530
2019-01-04,80700.0,82000.0,80400.0,81300.0,133884
2019-01-07,82300.0,86200.0,82300.0,85600.0,226083
2019-01-08,85400.0,86200.0,83900.0,84000.0,74154
2019-01-09,84500.0,87000.0,84400.0,86600.0,105099
2019-01-10,86500.0,86800.0,84700.0,85700.0,165084
2019-01-11,86800.0,89800.0,86100.0,88800.0,224683
2019-01-14,88900.0,88900.0,86100.0,86500.0,196393
2019-01-15,87400.0,90900.0,86700.0,90100.0,232747
2019-01-16,90900.0,92800.0,90600.0,92500.0,249872
2019-01-17,92900.0,92900.0,91400.0,91700.0,168659
2019-01-18,92400.0,92400.0,91500.0,92400.0,123423
2019-01-21,92400.0,93000.0,90400.0,90900.0,201322
2019-01-22,90900.0,94100.0,90900.0,92200.0,160754
2019-01-23,91700.0,93300.0,91700.0,93000.0,109071
2019-01-24,93000.0,95400.0,92400.0,95400.0,161807
2019-01-25,95400.0,96900.0,95000.0,96100.0,220356
2019-01-28,95800.0,95800.0,91800.0,92800.0,398958
2019-01-29,92600.0,96000.0,92300.0,96000.0,316531
2019-01-30,98300.0,101000.0,98000.0,98200.0,582308
2019-01-31,101000.0,101000.0,96900.0,97500.0,265734
2019-02-01,98700.0,100500.0,98700.0,99500.0,238390
2019-02-07,100500.0,105000.0,100500.0,104500.0,363088
2019-02-08,103000.0,103500.0,101500.0,102000.0,159846
2019-02-11,102500.0,104500.0,101000.0,104500.0,202690
2019-02-12,104500.0,109000.0,104500.0,107000.0,373136
2019-02-13,109000.0,110500.0,106500.0,106500.0,242182
2019-02-14,108500.0,109000.0,103500.0,107500.0,233256
2019-02-15,106500.0,107000.0,103500.0,105000.0,138477
2019-02-18,106500.0,107500.0,105000.0,106500.0,155089
2019-02-19,106500.0,108500.0,106000.0,106500.0,82481
2019-02-20,107500.0,107500.0,106000.0,107000.0,88988
2019-02-21,106000.0,107000.0,101000.0,104000.0,240822
2019-02-22,103500.0,104000.0,100000.0,103500.0,228078
2019-02-25,104500.0,106500.0,103500.0,105500.0,131452
2019-02-26,104500.0,106000.0,103500.0,105500.0,63477
2019-02-27,106000.0,109500.0,105500.0,108500.0,199972
2019-02-28,109000.0,109000.0,107000.0,108000.0,207967
2019-03-04,108000.0,110000.0,106500.0,109000.0,195745
2019-03-05,109500.0,110000.0,108000.0,110000.0,126328
2019-03-06,110500.0,111000.0,107000.0,110000.0,118386
2019-03-07,110000.0,110000.0,107000.0,107500.0,104865
2019-03-08,107500.0,108500.0,107000.0,107000.0,102082
2019-03-11,107500.0,110500.0,107500.0,109000.0,95992
2019-03-12,110000.0,111500.0,105000.0,106000.0,159766
2019-03-13,105500.0,107500.0,105500.0,106500.0,69881
2019-03-14,107000.0,110000.0,106500.0,109000.0,235053
2019-03-15,109500.0,110000.0,104000.0,106000.0,216775
2019-03-18,105500.0,105500.0,99900.0,100000.0,319351
2019-03-19,99700.0,102000.0,99700.0,101000.0,139497
2019-03-20,100500.0,101000.0,97900.0,99500.0,208482
2019-03-21,99900.0,109000.0,99600.0,109000.0,485145
2019-03-22,110000.0,112500.0,107500.0,111000.0,241307
2019-03-25,108000.0,109500.0,106500.0,107500.0,77233
2019-03-26,108500.0,109500.0,107000.0,108000.0,61798
2019-03-27,109000.0,112000.0,107000.0,111500.0,171686
2019-03-28,111000.0,116500.0,109500.0,112500.0,358975
2019-03-29,114500.0,118000.0,113000.0,117500.0,367818
2019-04-01,117500.0,120500.0,117000.0,117500.0,158104
2019-04-02,117500.0,118000.0,115000.0,115000.0,129277
2019-04-03,115000.0,122000.0,115000.0,121500.0,352158
2019-04-04,121500.0,122500.0,119000.0,119500.0,155477
2019-04-05,120000.0,123000.0,120000.0,121500.0,211918
2019-04-08,121500.0,122000.0,116500.0,117000.0,147712
2019-04-09,116500.0,123000.0,116500.0,122500.0,215647
2019-04-10,122500.0,125500.0,120500.0,125500.0,197668
2019-04-11,125500.0,126500.0,124000.0,125000.0,129038
2019-04-12,124500.0,124500.0,120000.0,122000.0,193473
2019-04-15,122000.0,122000.0,119000.0,120500.0,121268
2019-04-16,121500.0,123500.0,119500.0,121500.0,70756
2019-04-17,121000.0,130500.0,120500.0,129500.0,472931
2019-04-18,129000.0,129000.0,125000.0,126500.0,129888
2019-04-19,126500.0,127000.0,124500.0,124500.0,71262
2019-04-22,125500.0,126000.0,117500.0,121000.0,252077
2019-04-23,121500.0,123500.0,117500.0,122000.0,141557
2019-04-24,125000.0,128000.0,119500.0,120500.0,365544
2019-04-25,120000.0,123000.0,119000.0,121000.0,122030
2019-04-26,119500.0,120500.0,118000.0,120000.0,147256
2019-04-29,120500.0,125000.0,119000.0,122000.0,174867
2019-04-30,122500.0,123500.0,120500.0,122500.0,103300
2019-05-02,126000.0,129000.0,125000.0,126000.0,314785
2019-05-03,126000.0,126000.0,121000.0,121000.0,185815
2019-05-07,118500.0,120000.0,117000.0,117500.0,107943
2019-05-08,115500.0,118000.0,114500.0,116000.0,125987
2019-05-09,115500.0,118000.0,111500.0,111500.0,203346
2019-05-10,112000.0,115500.0,110000.0,112500.0,119534
2019-05-13,111000.0,114500.0,109000.0,109500.0,93761
2019-05-14,107000.0,109500.0,105500.0,109000.0,214298
2019-05-15,109500.0,114000.0,109500.0,113000.0,101063
2019-05-16,111500.0,112500.0,106500.0,108000.0,139802
2019-05-17,108500.0,110500.0,106000.0,106000.0,100616
2019-05-20,106000.0,108000.0,103000.0,103000.0,162660
2019-05-21,101500.0,105000.0,101000.0,103000.0,173397
2019-05-22,104000.0,105500.0,102500.0,103500.0,84444
2019-05-23,104000.0,104500.0,96600.0,96600.0,364924
2019-05-24,95900.0,98400.0,95200.0,96300.0,131316
2019-05-27,95500.0,98000.0,95500.0,96900.0,84100
2019-05-28,96900.0,99300.0,96900.0,98700.0,168790
2019-05-29,98500.0,98500.0,96600.0,96800.0,81755
2019-05-30,96000.0,96200.0,91800.0,92800.0,353303
2019-05-31,92800.0,95500.0,92000.0,94700.0,172591
2019-06-03,93900.0,95300.0,92700.0,94800.0,117599
2019-06-04,95300.0,95300.0,92600.0,93800.0,124345
2019-06-05,96200.0,98400.0,94400.0,94800.0,200473
2019-06-07,95300.0,95400.0,93500.0,94200.0,79270
2019-06-10,94800.0,95700.0,94300.0,95700.0,89437
2019-06-11,95700.0,99100.0,95000.0,98500.0,179414
2019-06-12,98900.0,99400.0,97600.0,98500.0,108065
2019-06-13,98600.0,100500.0,96600.0,99700.0,124625
2019-06-14,101000.0,101000.0,97400.0,98100.0,162816
2019-06-17,98300.0,99400.0,97000.0,98100.0,72377
2019-06-18,99600.0,101500.0,99100.0,100500.0,213464
2019-06-19,104000.0,107000.0,103500.0,105500.0,443225
2019-06-20,106500.0,109500.0,105000.0,107500.0,200514
2019-06-21,108000.0,108500.0,103500.0,105000.0,133044
2019-06-24,104500.0,106000.0,102000.0,104500.0,98600
2019-06-25,105000.0,106500.0,103000.0,103500.0,120595
2019-06-26,102500.0,108000.0,102500.0,106500.0,148768
2019-06-27,106000.0,112500.0,106000.0,111000.0,253028
2019-06-28,111000.0,112000.0,107500.0,109000.0,136338
2019-07-01,113000.0,118500.0,112000.0,114000.0,262224
2019-07-02,113000.0,114500.0,111000.0,112500.0,89180
2019-07-03,113000.0,115000.0,110000.0,110000.0,122943
2019-07-04,112000.0,116000.0,112000.0,115500.0,164453
2019-07-05,115500.0,116000.0,111500.0,114000.0,155056
2019-07-08,113500.0,113500.0,108000.0,109500.0,189218
2019-07-09,107500.0,109500.0,104000.0,104500.0,252965
2019-07-10,105500.0,109000.0,105000.0,106500.0,132765
2019-07-11,107500.0,110000.0,107000.0,108000.0,201711
2019-07-12,108500.0,110500.0,106500.0,108500.0,67224
2019-07-15,109000.0,112000.0,109000.0,110000.0,104290
2019-07-16,111500.0,113500.0,111000.0,112000.0,124377
2019-07-17,111000.0,111000.0,107500.0,109000.0,89985
2019-07-18,109000.0,111000.0,108000.0,108000.0,59824
2019-07-19,110000.0,115000.0,110000.0,114500.0,185406
2019-07-22,114000.0,116000.0,113000.0,114500.0,82144
2019-07-23,116500.0,119000.0,114000.0,115000.0,171376
2019-07-24,117000.0,120000.0,115000.0,116000.0,296049
2019-07-25,116000.0,116500.0,112500.0,114000.0,95044
2019-07-26,114000.0,117500.0,112500.0,116500.0,124327
2019-07-29,116500.0,117000.0,111500.0,111500.0,90797
2019-07-30,111500.0,113000.0,108000.0,109000.0,140852
2019-07-31,109500.0,114000.0,109500.0,113000.0,177787
2019-08-01,111500.0,112000.0,108000.0,110500.0,113464
2019-08-02,106000.0,107000.0,100000.0,100000.0,445021
2019-08-05,100000.0,100500.0,96000.0,96000.0,201836
2019-08-06,91000.0,99800.0,90700.0,96500.0,214043
2019-08-07,95600.0,98400.0,94300.0,96400.0,124036
2019-08-08,98100.0,99700.0,95800.0,99700.0,165411
2019-08-09,100000.0,101000.0,98200.0,98200.0,118043
2019-08-12,98100.0,102500.0,97500.0,99300.0,108169
2019-08-13,98200.0,100000.0,98200.0,98900.0,71317
2019-08-14,108500.0,108500.0,104000.0,104500.0,366381
2019-08-16,104500.0,106500.0,103000.0,105500.0,140144
2019-08-19,106000.0,107000.0,104000.0,105500.0,72073
2019-08-20,106500.0,108000.0,102500.0,103500.0,159799
2019-08-21,103000.0,104500.0,102000.0,104000.0,62727
2019-08-22,104000.0,104500.0,99800.0,100000.0,158955
2019-08-23,99000.0,101500.0,98600.0,100500.0,139118
2019-08-26,96300.0,96500.0,92600.0,94400.0,418067
2019-08-27,96600.0,99400.0,96100.0,97800.0,236695
2019-08-28,98000.0,98700.0,96700.0,97300.0,109804
2019-08-29,97700.0,98400.0,94800.0,95300.0,162454
2019-08-30,97400.0,101000.0,96900.0,98500.0,294785
2019-09-02,98100.0,99900.0,97500.0,99100.0,84581
2019-09-03,99000.0,101000.0,97800.0,99900.0,131688
2019-09-04,99600.0,104500.0,99200.0,104500.0,188344
2019-09-05,105000.0,107000.0,103500.0,105000.0,196381
2019-09-06,107500.0,108000.0,102500.0,103000.0,161255
2019-09-09,104000.0,105000.0,98900.0,99000.0,329386
2019-09-10,99300.0,102500.0,99300.0,101000.0,226748
2019-09-11,101000.0,102000.0,100000.0,101000.0,220680
2019-09-16,101500.0,104000.0,101500.0,104000.0,139573
2019-09-17,104000.0,106000.0,103000.0,105500.0,158302
2019-09-18,106000.0,106000.0,102000.0,105000.0,152427
2019-09-19,105000.0,107500.0,104500.0,105000.0,169637
2019-09-20,105500.0,106500.0,104000.0,105500.0,84306
2019-09-23,105000.0,106000.0,104000.0,106000.0,97346
2019-09-24,106000.0,112500.0,105500.0,112000.0,259721
2019-09-25,112000.0,115000.0,110000.0,110000.0,247800
2019-09-26,112000.0,116000.0,111500.0,114000.0,233427
2019-09-27,115500.0,117000.0,113000.0,114500.0,158698
2019-09-30,114500.0,115000.0,111000.0,114000.0,132093
2019-10-01,115000.0,120000.0,114500.0,119500.0,284535
2019-10-02,118500.0,119000.0,116000.0,116000.0,129338
2019-10-04,115500.0,120000.0,113500.0,116500.0,213823
2019-10-07,118000.0,118500.0,113500.0,117000.0,124193
2019-10-08,117500.0,117500.0,113500.0,114000.0,205041
2019-10-10,114000.0,117500.0,113000.0,114000.0,191713
2019-10-11,116000.0,118000.0,115000.0,116000.0,151793
2019-10-14,118000.0,118500.0,115500.0,115500.0,104774
2019-10-15,116000.0,117500.0,115500.0,116500.0,78263
2019-10-16,118000.0,123000.0,117500.0,122000.0,283425
2019-10-17,123000.0,123500.0,119000.0,121500.0,140123
2019-10-18,122000.0,125000.0,122000.0,123000.0,174178
2019-10-21,123500.0,124500.0,121500.0,124500.0,96786
2019-10-22,124500.0,126500.0,122500.0,126000.0,134214
2019-10-23,127500.0,127500.0,124500.0,125500.0,167875
2019-10-24,125000.0,126000.0,123500.0,126000.0,96918
2019-10-25,126500.0,127500.0,125000.0,126500.0,86258
2019-10-28,127000.0,128000.0,126000.0,126000.0,104115
2019-10-29,127000.0,127500.0,126000.0,126500.0,84414
2019-10-30,127000.0,127500.0,119000.0,120000.0,464529
2019-10-31,121500.0,123000.0,120000.0,121000.0,143905
2019-11-01,121500.0,122000.0,120000.0,121500.0,105969
2019-11-04,122500.0,123500.0,121500.0,122500.0,69661
2019-11-05,122500.0,123500.0,121500.0,123000.0,102442
2019-11-06,123000.0,123000.0,121000.0,121000.0,96572
2019-11-07,120500.0,122500.0,120000.0,121000.0,84673
2019-11-08,122500.0,123000.0,121000.0,122500.0,75165
2019-11-11,122500.0,122500.0,118000.0,119000.0,115577
2019-11-12,119500.0,121000.0,118000.0,120500.0,60421
2019-11-13,120500.0,120500.0,118000.0,119000.0,65733
2019-11-14,119000.0,120500.0,118500.0,120000.0,98917
2019-11-15,119500.0,124000.0,119000.0,123500.0,113365
2019-11-18,123000.0,123500.0,120500.0,121000.0,78794
2019-11-19,120000.0,121500.0,118500.0,119500.0,86701
2019-11-20,119000.0,119000.0,116000.0,116500.0,123934
2019-11-21,117000.0,118500.0,115000.0,118000.0,142995
2019-11-22,118000.0,121000.0,117500.0,120500.0,121298
2019-11-25,120500.0,124500.0,120500.0,123500.0,180163
2019-11-26,124500.0,129500.0,124000.0,128000.0,331114
2019-11-27,128000.0,128500.0,125000.0,126000.0,91086
2019-11-28,125500.0,127000.0,124000.0,125000.0,82324
2019-11-29,125500.0,126500.0,121000.0,122000.0,131813
2019-12-02,122500.0,124000.0,122000.0,123000.0,74480
2019-12-03,121000.0,126500.0,120500.0,125000.0,148288
2019-12-04,123500.0,125500.0,121000.0,125500.0,153800
2019-12-05,126500.0,128000.0,123500.0,125000.0,118194
2019-12-06,125500.0,129500.0,125000.0,129000.0,182179
2019-12-09,130000.0,131000.0,129000.0,130500.0,113685
2019-12-10,130500.0,131500.0,128500.0,131000.0,117525
2019-12-11,130500.0,134000.0,130000.0,133500.0,183420
2019-12-12,134500.0,135500.0,133000.0,134500.0,240500
2019-12-13,135500.0,136500.0,132500.0,133000.0,151144
2019-12-16,133500.0,134500.0,131500.0,133000.0,116892
2019-12-17,132500.0,133500.0,129500.0,131500.0,169704
2019-12-18,131000.0,133000.0,129500.0,129500.0,131652
2019-12-19,131000.0,133500.0,130000.0,132000.0,161665
2019-12-20,132500.0,136500.0,132000.0,136000.0,172510
2019-12-23,137000.0,137000.0,133500.0,134500.0,93938
2019-12-24,134500.0,136000.0,133500.0,135500.0,69744
2019-12-26,135500.0,135500.0,132500.0,134500.0,76395
2019-12-27,134000.0,140000.0,132500.0,140000.0,164555
2019-12-30,140000.0,140000.0,138000.0,140000.0,68021
2020-01-02,140000.0,141500.0,138500.0,139000.0,102519
2020-01-03,141000.0,143000.0,138000.0,139500.0,111592
2020-01-06,138500.0,142500.0,136000.0,142000.0,110591
2020-01-07,142500.0,143000.0,139500.0,141000.0,144046
2020-01-08,139000.0,139500.0,135500.0,137500.0,239490
2020-01-09,139500.0,145500.0,139500.0,145500.0,293629
2020-01-10,146000.0,151000.0,145000.0,148500.0,195372
2020-01-13,148000.0,154000.0,147000.0,154000.0,201631
2020-01-14,154500.0,155000.0,150000.0,151000.0,171277
2020-01-15,150000.0,151500.0,146500.0,148000.0,220402
2020-01-16,147000.0,149000.0,146000.0,147500.0,123212
2020-01-17,149500.0,151000.0,147500.0,148500.0,115438
2020-01-20,149500.0,151500.0,147500.0,147500.0,124661
2020-01-21,148500.0,149500.0,147000.0,148000.0,89682
2020-01-22,148000.0,148500.0,145500.0,148000.0,110366
2020-01-23,147000.0,153500.0,146000.0,152500.0,173243
2020-01-28,147000.0,153000.0,146000.0,151500.0,234923
2020-01-29,154500.0,160000.0,154500.0,158000.0,388880
2020-01-30,160000.0,163500.0,154000.0,155500.0,360798
2020-01-31,156500.0,158500.0,151000.0,152000.0,245518
2020-02-03,149000.0,151000.0,142500.0,150500.0,353483
2020-02-04,148000.0,155000.0,147500.0,155000.0,350711
2020-02-05,156000.0,161000.0,151000.0,152000.0,311516
2020-02-06,154000.0,157500.0,151000.0,156000.0,218885
2020-02-07,153500.0,154500.0,150000.0,150500.0,218071
2020-02-10,148500.0,148500.0,144000.0,147000.0,259021
2020-02-11,149500.0,152500.0,148500.0,151000.0,216429
2020-02-12,151000.0,152000.0,149000.0,151000.0,142227
2020-02-13,153500.0,158000.0,152500.0,154000.0,331103
2020-02-14,156000.0,159000.0,153500.0,155000.0,187280
2020-02-17,155000.0,159000.0,153000.0,155500.0,151171
2020-02-18,154000.0,154000.0,148000.0,148500.0,365652
2020-02-19,149000.0,150500.0,145500.0,149500.0,220579
2020-02-20,151000.0,151500.0,146500.0,147000.0,212373
2020-02-21,144000.0,149500.0,143500.0,149000.0,143556
2020-02-24,145000.0,148000.0,143500.0,144000.0,164505
2020-02-25,143000.0,148000.0,142000.0,146500.0,220457
2020-02-26,142500.0,148500.0,140500.0,145000.0,168676
2020-02-27,143500.0,147500.0,142000.0,143500.0,157807
2020-02-28,139500.0,140500.0,128500.0,130000.0,551339
2020-03-02,130500.0,140500.0,129000.0,137500.0,358597
2020-03-03,143500.0,145000.0,136000.0,136000.0,321236
2020-03-04,132500.0,138500.0,132500.0,136000.0,204531
2020-03-05,140000.0,142500.0,138000.0,140000.0,313252
2020-03-06,138000.0,139000.0,135000.0,136000.0,154251
2020-03-09,136000.0,136000.0,136000.0,136000.0,0
2020-03-10,123500.0,128500.0,122500.0,127500.0,489480
2020-03-11,127000.0,127000.0,120000.0,120500.0,314863
2020-03-12,120500.0,120500.0,120500.0,120500.0,0
2020-03-13,105000.0,109500.0,100500.0,105500.0,783139
2020-03-16,106500.0,107000.0,96500.0,96500.0,546732
2020-03-17,92000.0,98500.0,90600.0,93700.0,469854
2020-03-18,94700.0,95300.0,83200.0,83200.0,579437
2020-03-19,86100.0,89400.0,75700.0,76300.0,485245
2020-03-20,80600.0,99100.0,78600.0,99100.0,847968
2020-03-23,92500.0,97000.0,86200.0,91300.0,656846
2020-03-24,95800.0,114500.0,94600.0,107500.0,1404434
2020-03-25,115000.0,126000.0,111000.0,113500.0,1082656
2020-03-26,113500.0,115000.0,107500.0,107500.0,614784
2020-03-27,114000.0,116000.0,103000.0,108500.0,656381
2020-03-30,104500.0,116000.0,104000.0,114000.0,433381
2020-03-31,117500.0,117500.0,111000.0,114000.0,403951
2020-04-01,114000.0,117500.0,108500.0,108500.0,421645
2020-04-02,111000.0,114500.0,107000.0,113000.0,371857
2020-04-03,115000.0,115000.0,109500.0,110000.0,270855
2020-04-06,112000.0,122500.0,111500.0,122000.0,575285
2020-04-07,126000.0,130000.0,123000.0,128500.0,573155
2020-04-08,129000.0,131500.0,126500.0,126500.0,330346
2020-04-09,129000.0,130000.0,123000.0,125000.0,343195
2020-04-10,124000.0,124000.0,119000.0,124000.0,335378
2020-04-13,123000.0,123000.0,117500.0,117500.0,276368
2020-04-14,120500.0,123500.0,120000.0,123000.0,253263
2020-04-16,121000.0,126000.0,120500.0,126000.0,248233
2020-04-17,129000.0,133500.0,128500.0,132500.0,526932
2020-04-20,129500.0,132000.0,128500.0,130000.0,275074
2020-04-21,130000.0,131000.0,125500.0,128000.0,255235
2020-04-22,126500.0,129500.0,123500.0,129500.0,252396
2020-04-23,130000.0,131500.0,128500.0,128500.0,192230
2020-04-24,128500.0,130500.0,126000.0,126000.0,151619
2020-04-27,127500.0,137500.0,127000.0,136000.0,462280
2020-04-28,136500.0,138500.0,134500.0,136500.0,309713
2020-04-29,136500.0,136500.0,131500.0,132000.0,382840
2020-05-04,128000.0,133000.0,127000.0,131500.0,211701
2020-05-06,133000.0,133000.0,129500.0,131500.0,226286
2020-05-07,130500.0,133500.0,130000.0,132500.0,174195
2020-05-08,134500.0,140500.0,133500.0,137500.0,463718
2020-05-11,139000.0,139500.0,136000.0,136000.0,201947
2020-05-12,136500.0,144000.0,136000.0,142000.0,379410
2020-05-13,139500.0,146000.0,139000.0,146000.0,246446
2020-05-14,145000.0,149000.0,143000.0,143000.0,369874
2020-05-15,145500.0,147500.0,142000.0,146000.0,175754
2020-05-18,145000.0,145000.0,136500.0,138500.0,444203
2020-05-19,142000.0,142500.0,138000.0,139500.0,227252
2020-05-20,139500.0,143500.0,139000.0,142000.0,215537
2020-05-21,143500.0,143500.0,139000.0,141000.0,191571
2020-05-22,141000.0,141000.0,136500.0,137500.0,187242
2020-05-25,138500.0,139000.0,134500.0,137500.0,122512
2020-05-26,138000.0,142000.0,138000.0,142000.0,232040
2020-05-27,141500.0,143000.0,139500.0,140500.0,199150
2020-05-28,141000.0,148500.0,140500.0,144000.0,465668
2020-05-29,145000.0,148000.0,143000.0,147500.0,342629
2020-06-01,147500.0,154000.0,146000.0,153000.0,319112
2020-06-02,152000.0,158000.0,150500.0,154000.0,279540
2020-06-03,157000.0,157000.0,152000.0,152000.0,208400
2020-06-04,153500.0,156000.0,151000.0,153000.0,186188
2020-06-05,153000.0,155500.0,151000.0,153500.0,173240
2020-06-08,156000.0,160000.0,154000.0,159500.0,233099
2020-06-09,160500.0,161500.0,155500.0,157500.0,145510
2020-06-10,159500.0,166000.0,159000.0,164500.0,339108
2020-06-11,165500.0,172000.0,164000.0,167000.0,460347
2020-06-12,159500.0,173000.0,158500.0,173000.0,335866
2020-06-15,171000.0,172500.0,159000.0,160000.0,272176
2020-06-16,166000.0,169500.0,163000.0,169500.0,217329
2020-06-17,172500.0,174500.0,164000.0,169500.0,245439
2020-06-18,167500.0,169500.0,165500.0,167000.0,102190
2020-06-19,169000.0,169000.0,162000.0,166500.0,172178
2020-06-22,163500.0,165500.0,161000.0,161000.0,192150
2020-06-23,164500.0,170000.0,162500.0,164000.0,281113
2020-06-24,166000.0,169500.0,163000.0,168000.0,214867
2020-06-25,165000.0,166500.0,162000.0,162500.0,152419
2020-06-26,165500.0,171500.0,162500.0,171500.0,296752
2020-06-29,168500.0,173000.0,166500.0,171500.0,195007
2020-06-30,174500.0,179000.0,173500.0,174500.0,333467
2020-07-01,176500.0,178500.0,173500.0,175000.0,143766
2020-07-02,176500.0,177000.0,172000.0,173000.0,100555
2020-07-03,172500.0,177500.0,172000.0,176000.0,109482
2020-07-06,177000.0,178500.0,172500.0,178500.0,137135
2020-07-07,180000.0,180000.0,175500.0,175500.0,131564
2020-07-08,175500.0,179000.0,173500.0,173500.0,185304
2020-07-09,174500.0,179500.0,173000.0,179500.0,171069
2020-07-10,180500.0,181000.0,174500.0,177000.0,126707
2020-07-13,179500.0,179500.0,172000.0,173500.0,214564
2020-07-14,173000.0,175000.0,171500.0,174000.0,131599
2020-07-15,174500.0,175000.0,168000.0,169000.0,219888
2020-07-16,168500.0,171000.0,161500.0,163500.0,246792
2020-07-17,164000.0,166000.0,163500.0,165000.0,126754
2020-07-20,167000.0,167000.0,159500.0,161000.0,234878
2020-07-21,162500.0,172000.0,161500.0,171000.0,440261
2020-07-22,171500.0,171500.0,163000.0,164500.0,326333
2020-07-23,167000.0,170000.0,159500.0,160500.0,510467
2020-07-24,158500.0,160500.0,155000.0,156000.0,287131
2020-07-27,156000.0,160000.0,156000.0,157000.0,182513
2020-07-28,159500.0,165000.0,159500.0,163000.0,292320
2020-07-29,162500.0,164500.0,160000.0,162000.0,149108
2020-07-30,164000.0,165000.0,162000.0,162000.0,114044
2020-07-31,165500.0,166500.0,161000.0,161000.0,165939
2020-08-03,161000.0,165500.0,161000.0,165000.0,210011
2020-08-04,167000.0,167000.0,163000.0,167000.0,192571
2020-08-05,167500.0,167500.0,162000.0,163000.0,253805
2020-08-06,163500.0,164500.0,161500.0,163000.0,182359
2020-08-07,164500.0,166500.0,163000.0,165000.0,264314
2020-08-10,165000.0,165000.0,158000.0,160500.0,321918
2020-08-11,161000.0,162500.0,157000.0,160000.0,195262
2020-08-12,159000.0,161500.0,158000.0,161500.0,192240
2020-08-13,163000.0,167500.0,162000.0,166000.0,438222
2020-08-14,166500.0,168000.0,161500.0,163500.0,169898
2020-08-18,162500.0,165000.0,151000.0,154500.0,418830
2020-08-19,154500.0,156000.0,152000.0,154500.0,153435
2020-08-20,153000.0,153500.0,143500.0,145000.0,325065
2020-08-21,148000.0,149000.0,143500.0,146500.0,171356
2020-08-24,148000.0,156000.0,145500.0,155000.0,228720
2020-08-25,156500.0,157000.0,149000.0,152000.0,267834
2020-08-26,151000.0,151000.0,147500.0,149500.0,177660
2020-08-27,149500.0,150000.0,146500.0,146500.0,114677
2020-08-28,147000.0,149000.0,146000.0,147000.0,101248
2020-08-31,147500.0,149000.0,144500.0,145000.0,128873
2020-09-01,145500.0,154500.0,141500.0,153500.0,322368
2020-09-02,158500.0,169000.0,158000.0,169000.0,818324
2020-09-03,168500.0,169000.0,162000.0,163000.0,269915
2020-09-04,155500.0,160500.0,155000.0,158000.0,270454
2020-09-07,160000.0,161000.0,156500.0,158500.0,116202
2020-09-08,160000.0,164500.0,160000.0,162000.0,194051
2020-09-09,161000.0,167500.0,160000.0,166000.0,333883
2020-09-10,169000.0,172500.0,165000.0,169500.0,481188
2020-09-11,168500.0,170000.0,166000.0,169500.0,173693
2020-09-14,171500.0,171500.0,168000.0,170000.0,111647
2020-09-15,171000.0,171000.0,166000.0,169500.0,174968
2020-09-16,171000.0,172000.0,167500.0,168500.0,127730
2020-09-17,167500.0,168000.0,161500.0,162000.0,210746
2020-09-18,161500.0,164500.0,160000.0,161500.0,287773
2020-09-21,160000.0,163000.0,156000.0,157500.0,166897
2020-09-22,159000.0,161000.0,154000.0,155000.0,157282
2020-09-23,156500.0,157500.0,152000.0,154500.0,155945
2020-09-24,152000.0,154000.0,146500.0,147500.0,175012
2020-09-25,149000.0,152000.0,146000.0,151500.0,121813
2020-09-28,154000.0,157500.0,153500.0,155500.0,106135
2020-09-29,158000.0,158500.0,153500.0,155000.0,118006
2020-10-05,155000.0,157000.0,153500.0,157000.0,90040
2020-10-06,158000.0,158500.0,156500.0,157000.0,107303
2020-10-07,157000.0,166500.0,155000.0,166000.0,261275
2020-10-08,167500.0,169000.0,164000.0,166000.0,230506
2020-10-12,167500.0,168000.0,161500.0,162000.0,117661
2020-10-13,166500.0,168500.0,162000.0,163000.0,195485
2020-10-14,166000.0,169000.0,162500.0,163000.0,224184
2020-10-15,163000.0,163500.0,156000.0,159500.0,127547
2020-10-16,158000.0,160000.0,155000.0,157000.0,90591
2020-10-19,158000.0,165000.0,157000.0,164000.0,195739
2020-10-20,162500.0,164500.0,160000.0,164500.0,107310
2020-10-21,165000.0,167000.0,162500.0,164000.0,127746
2020-10-22,163000.0,163000.0,157000.0,157500.0,144489
2020-10-23,160000.0,161000.0,156000.0,157500.0,88190
2020-10-26,157000.0,158500.0,152000.0,152500.0,119920
2020-10-27,152500.0,157500.0,150000.0,155000.0,113868
2020-10-28,155000.0,162500.0,154000.0,162000.0,159522
2020-10-29,158000.0,159500.0,155000.0,158000.0,120338
2020-10-30,157000.0,157000.0,152000.0,152000.0,144349
2020-11-02,152000.0,152000.0,148500.0,151000.0,97298
2020-11-03,152000.0,153000.0,150500.0,152000.0,98272
2020-11-04,154000.0,157500.0,152000.0,155500.0,170064
2020-11-05,156000.0,159000.0,155500.0,156000.0,134538
2020-11-06,157000.0,157000.0,151500.0,152500.0,121591
2020-11-09,154000.0,155500.0,153000.0,153500.0,96829
2020-11-10,154500.0,154500.0,150000.0,152000.0,159329
2020-11-11,151000.0,153000.0,150000.0,152500.0,124132
2020-11-12,153000.0,154000.0,151500.0,154000.0,134041
2020-11-13,153000.0,156000.0,151500.0,155500.0,137464
2020-11-16,157500.0,159500.0,156000.0,157500.0,186462
2020-11-17,156500.0,157000.0,153000.0,153000.0,180600
2020-11-18,153500.0,155500.0,152500.0,153500.0,113229
2020-11-19,155000.0,161500.0,154000.0,161000.0,360149
2020-11-20,161500.0,163500.0,159500.0,163000.0,186947
2020-11-23,164000.0,164000.0,161000.0,163000.0,164547
2020-11-24,162500.0,163000.0,160500.0,161500.0,193958
2020-11-25,162000.0,164000.0,158500.0,159000.0,213338
2020-11-26,160500.0,161000.0,157000.0,160000.0,94007
2020-11-27,158500.0,161000.0,158500.0,160500.0,140059
2020-11-30,161000.0,161500.0,155000.0,155000.0,313156
2020-12-01,156500.0,157500.0,154000.0,155000.0,193287
2020-12-02,157000.0,159500.0,155500.0,156500.0,215078
2020-12-03,158500.0,160500.0,156000.0,160500.0,195174
2020-12-04,164000.0,173000.0,162500.0,170500.0,829883
2020-12-07,172000.0,173000.0,163500.0,164000.0,385408
2020-12-08,164500.0,165500.0,162000.0,162500.0,209293
2020-12-09,164500.0,164500.0,161500.0,163500.0,157713
2020-12-10,163000.0,169000.0,161000.0,169000.0,273932
2020-12-11,167500.0,168500.0,163500.0,164500.0,264882
2020-12-14,165000.0,165000.0,161500.0,162500.0,133735
2020-12-15,163000.0,164000.0,161000.0,162500.0,133061
2020-12-16,169500.0,171500.0,166500.0,168000.0,423567
2020-12-17,166500.0,170500.0,166000.0,167000.0,233676
2020-12-18,168000.0,169000.0,165500.0,166000.0,138580
2020-12-21,167000.0,169500.0,164000.0,169500.0,173420
2020-12-22,170500.0,171000.0,164000.0,164000.0,167230
2020-12-23,166000.0,208500.0,161500.0,185000.0,3484070
2020-12-24,184500.0,185500.0,172000.0,174000.0,688721
2020-12-28,176500.0,186500.0,175500.0,180500.0,771237
2020-12-29,182000.0,190000.0,181000.0,183500.0,406603
2020-12-30,182500.0,183500.0,179500.0,182500.0,257042
2021-01-04,185500.0,196500.0,185000.0,192500.0,464216
2021-01-05,189500.0,191500.0,184000.0,188500.0,388129
2021-01-06,191500.0,192500.0,182000.0,182500.0,424225
2021-01-07,184000.0,191500.0,182500.0,188000.0,479823
2021-01-08,190000.0,198000.0,185000.0,193500.0,600020
2021-01-11,197000.0,201000.0,184000.0,188500.0,580791
2021-01-12,192000.0,192500.0,182000.0,187000.0,406147
2021-01-13,189500.0,193000.0,187000.0,189000.0,314286
2021-01-14,187500.0,191000.0,186000.0,189000.0,316009
2021-01-15,190000.0,191000.0,183500.0,185000.0,215907
2021-01-18,182000.0,185000.0,181000.0,182000.0,149560
2021-01-19,182000.0,189500.0,180000.0,188500.0,228725
2021-01-20,192000.0,205000.0,189000.0,205000.0,1109736
2021-01-21,205000.0,210000.0,199000.0,205500.0,711740
2021-01-22,207000.0,215000.0,200000.0,200000.0,496533
2021-01-25,203500.0,212000.0,202000.0,210500.0,461840
2021-01-26,221000.0,238000.0,219000.0,224500.0,1625867
2021-01-27,225500.0,227000.0,216000.0,220000.0,522506
2021-01-28,213500.0,214500.0,206000.0,209500.0,632490
2021-01-29,211500.0,213500.0,198500.0,200000.0,542741
2021-02-01,200000.0,207500.0,195500.0,207000.0,290111
2021-02-02,208000.0,211500.0,201500.0,202500.0,329292
2021-02-03,206000.0,215000.0,203500.0,214500.0,441969
2021-02-04,217500.0,218500.0,210000.0,212000.0,310813
2021-02-05,215000.0,216000.0,208000.0,211500.0,186972
2021-02-08,211000.0,212500.0,205000.0,207000.0,187887
2021-02-09,208000.0,211000.0,204000.0,204000.0,195818
2021-02-10,204500.0,214000.0,201000.0,212500.0,310647
2021-02-15,217500.0,218000.0,210000.0,211000.0,183852
2021-02-16,211000.0,213000.0,208000.0,211000.0,161047
2021-02-17,209500.0,217500.0,205000.0,217000.0,292302
2021-02-18,220000.0,222500.0,210500.0,212000.0,368998
2021-02-19,215000.0,230500.0,210000.0,230000.0,707031
2021-02-22,234500.0,235000.0,225000.0,225000.0,378942
2021-02-23,223500.0,229500.0,219000.0,220500.0,288361
2021-02-24,221000.0,223500.0,202000.0,204000.0,489849
2021-02-25,211500.0,214000.0,206000.0,208000.0,347498
2021-02-26,199500.0,203500.0,198000.0,199000.0,413677
2021-03-02,207000.0,207000.0,200500.0,203000.0,246761
2021-03-03,202500.0,210000.0,202000.0,209500.0,185300
2021-03-04,206000.0,212000.0,204500.0,211000.0,202665
2021-03-05,205000.0,209000.0,202000.0,207500.0,204028
2021-03-08,212000.0,217000.0,210000.0,210500.0,272992
2021-03-09,210500.0,211500.0,202000.0,206500.0,255952
2021-03-10,214000.0,220500.0,209500.0,210500.0,381872
2021-03-11,212000.0,215000.0,208500.0,211000.0,299731
2021-03-12,214500.0,222000.0,214000.0,218000.0,299513
2021-03-15,216500.0,221500.0,213500.0,217000.0,192660
2021-03-16,219500.0,225000.0,219000.0,221000.0,217323
2021-03-17,220000.0,220500.0,214000.0,217000.0,178665
2021-03-18,219000.0,220000.0,212500.0,213500.0,220459
2021-03-19,209000.0,213500.0,207000.0,211000.0,141441
2021-03-22,213000.0,214000.0,210000.0,211500.0,111425
2021-03-23,214000.0,216000.0,204500.0,205500.0,257086
2021-03-24,203000.0,207000.0,201500.0,203500.0,167205
2021-03-25,205500.0,208000.0,203000.0,204500.0,156215
2021-03-26,207500.0,208500.0,202500.0,205500.0,166262
2021-03-29,203500.0,204500.0,200000.0,200500.0,191280
2021-03-30,201000.0,210000.0,201000.0,205500.0,206592
2021-03-31,208000.0,212500.0,205500.0,205500.0,199471
2021-04-01,210500.0,210500.0,206500.0,209000.0,132923
2021-04-02,211500.0,211500.0,209000.0,210000.0,103217
2021-04-05,211000.0,211500.0,207500.0,209500.0,110654
2021-04-06,213500.0,216500.0,210500.0,212000.0,196372
2021-04-07,213000.0,216000.0,212000.0,213500.0,146766
2021-04-08,214000.0,214500.0,209000.0,209500.0,175623
2021-04-09,210000.0,213000.0,209000.0,210500.0,110037
2021-04-12,211000.0,211500.0,208000.0,208000.0,110220
2021-04-13,209000.0,216500.0,209000.0,212500.0,299509
2021-04-14,215500.0,218000.0,214500.0,217500.0,260996
2021-04-15,217000.0,219500.0,215000.0,218000.0,173767
2021-04-16,219500.0,219500.0,214500.0,217000.0,120072
2021-04-19,217000.0,219500.0,213500.0,216500.0,132684
2021-04-20,216000.0,218000.0,215500.0,217000.0,129606
2021-04-21,216500.0,220000.0,213500.0,215500.0,196322
2021-04-22,216500.0,216500.0,212000.0,212500.0,150293
2021-04-23,211000.0,214000.0,208500.0,212500.0,97586
2021-04-26,212000.0,217500.0,212000.0,217000.0,168870
2021-04-27,218000.0,218500.0,213000.0,214500.0,124041
2021-04-28,214000.0,214000.0,208500.0,211500.0,159534
2021-04-29,213000.0,214000.0,204000.0,206000.0,237301
2021-04-30,207000.0,207500.0,200000.0,201000.0,243581
2021-05-03,200500.0,202000.0,194500.0,194500.0,246810
2021-05-04,193500.0,196500.0,190000.0,195500.0,180690
2021-05-06,194000.0,197000.0,193000.0,195500.0,162571
2021-05-07,197000.0,204000.0,195500.0,201000.0,143824
2021-05-10,202500.0,204500.0,201000.0,201000.0,149281
2021-05-11,199000.0,199500.0,195500.0,197000.0,172171
2021-05-12,197500.0,198500.0,190000.0,191000.0,228707
2021-05-13,186500.0,192500.0,185500.0,189500.0,223880
2021-05-14,190000.0,197000.0,190000.0,195500.0,159213
2021-05-17,197500.0,198000.0,191000.0,192500.0,125233
2021-05-18,194000.0,195000.0,190500.0,193000.0,98797
2021-05-20,193500.0,193500.0,189000.0,190500.0,133217
2021-05-21,192500.0,197500.0,192500.0,193500.0,155141
2021-05-24,193500.0,194500.0,190000.0,190500.0,91169
2021-05-25,192000.0,196000.0,191000.0,196000.0,148116
2021-05-26,196000.0,198500.0,194000.0,198000.0,127152
2021-05-27,200500.0,204000.0,197000.0,202000.0,305506
2021-05-28,202500.0,204000.0,201500.0,201500.0,107501
2021-05-31,203500.0,204500.0,200000.0,204500.0,106813
2021-06-01,203500.0,204500.0,201500.0,203000.0,87600
2021-06-02,203000.0,206000.0,200000.0,202500.0,151717
2021-06-03,204000.0,211000.0,202500.0,210000.0,274241
2021-06-04,210000.0,215000.0,207500.0,213500.0,231251
2021-06-07,215500.0,217000.0,211000.0,213000.0,160184
2021-06-08,213500.0,214000.0,211000.0,213500.0,86000
2021-06-09,214000.0,216000.0,209000.0,209000.0,146244
2021-06-10,209000.0,211500.0,206500.0,210000.0,181524
2021-06-11,212000.0,215000.0,210500.0,211000.0,104583
2021-06-14,214500.0,220000.0,212000.0,219000.0,289796
2021-06-15,220000.0,228000.0,219500.0,224000.0,465740
2021-06-16,223000.0,224000.0,220000.0,220500.0,150799
2021-06-17,219000.0,227000.0,217000.0,225000.0,203262
2021-06-18,226500.0,233500.0,226500.0,227500.0,239868
2021-06-21,225500.0,230000.0,224000.0,226000.0,175111
2021-06-22,228500.0,229000.0,221500.0,225000.0,182776
2021-06-23,224000.0,224500.0,217000.0,220000.0,218947
2021-06-24,220500.0,232000.0,218000.0,231500.0,331091
2021-06-25,232000.0,232500.0,227000.0,227500.0,157581
2021-06-28,229000.0,229500.0,222500.0,225000.0,148828
2021-06-29,226000.0,226500.0,221500.0,222500.0,112233
2021-06-30,225000.0,229000.0,223000.0,223000.0,162586
2021-07-01,223500.0,229000.0,222500.0,226500.0,138502
2021-07-02,228000.0,228000.0,223000.0,223500.0,109638
2021-07-05,225000.0,229000.0,223000.0,229000.0,115707
2021-07-06,229500.0,231000.0,226500.0,227500.0,97446
2021-07-07,229000.0,235000.0,226500.0,232000.0,310213
2021-07-08,234000.0,239000.0,228500.0,228500.0,275938
2021-07-09,226500.0,229500.0,222500.0,227500.0,161949
2021-07-12,229000.0,229500.0,226000.0,228000.0,96166
2021-07-13,228500.0,229500.0,222000.0,223000.0,274210
2021-07-14,223000.0,227500.0,218500.0,223500.0,214307
2021-07-15,228000.0,242000.0,228000.0,240500.0,730449
2021-07-16,240500.0,244500.0,237000.0,241000.0,240091
2021-07-19,238000.0,245500.0,238000.0,240500.0,168245
2021-07-20,237000.0,242000.0,233500.0,235500.0,177715
2021-07-21,238000.0,241000.0,233000.0,234000.0,113058
2021-07-22,235500.0,236500.0,233000.0,234500.0,98349
2021-07-23,234500.0,236000.0,231000.0,233000.0,93681
2021-07-26,233000.0,235000.0,231000.0,231500.0,116659
2021-07-27,232000.0,236000.0,231000.0,231500.0,108355
2021-07-28,230500.0,232000.0,222500.0,225500.0,227191
2021-07-29,226000.0,231000.0,223500.0,229500.0,214980
2021-07-30,230000.0,230500.0,223500.0,227000.0,204387
2021-08-02,227500.0,229000.0,223000.0,224500.0,90042
2021-08-03,223500.0,227000.0,221000.0,223500.0,144390
2021-08-04,225500.0,229000.0,223000.0,226000.0,144247
2021-08-05,227000.0,228000.0,221500.0,223500.0,194866
2021-08-06,224000.0,224500.0,220500.0,222000.0,122533
2021-08-09,222500.0,222500.0,219500.0,220000.0,99794
2021-08-10,220500.0,221000.0,215500.0,217000.0,141514
2021-08-11,217000.0,217500.0,212500.0,213000.0,146517
2021-08-12,211500.0,214500.0,209000.0,209000.0,201746
2021-08-13,211000.0,217000.0,209000.0,213000.0,223834
2021-08-17,212500.0,213000.0,203000.0,204000.0,200336
2021-08-18,204000.0,212000.0,202500.0,210000.0,199086
2021-08-19,207000.0,211000.0,201000.0,201000.0,192847
2021-08-20,203000.0,204000.0,193500.0,195000.0,259678
2021-08-23,197000.0,200000.0,193000.0,195500.0,168458
2021-08-24,200000.0,210000.0,198500.0,208000.0,343713
2021-08-25,210000.0,210000.0,205000.0,207000.0,89070
2021-08-26,207500.0,211500.0,205500.0,206500.0,110853
2021-08-27,207500.0,208000.0,201500.0,204500.0,142321
2021-08-30,207000.0,210000.0,204500.0,208000.0,144073
2021-08-31,213000.0,216500.0,211000.0,215000.0,289730
2021-09-01,218500.0,221500.0,216000.0,217500.0,210023
2021-09-02,217500.0,217500.0,209500.0,212000.0,191905
2021-09-03,217500.0,241000.0,213000.0,225500.0,1236071
2021-09-06,228000.0,232000.0,223500.0,226500.0,371944
2021-09-07,228500.0,230500.0,225000.0,226500.0,211575
2021-09-08,227000.0,232500.0,226000.0,229500.0,250666
2021-09-09,228500.0,230500.0,218000.0,221500.0,365175
2021-09-10,223000.0,231000.0,222000.0,230000.0,369558
2021-09-13,229500.0,231000.0,224500.0,227000.0,202143
2021-09-14,231000.0,233000.0,226500.0,227500.0,195050
2021-09-15,225000.0,225500.0,215000.0,215500.0,455847
2021-09-16,217000.0,217500.0,208000.0,209000.0,328060
2021-09-17,212500.0,217000.0,209000.0,216000.0,318318
2021-09-23,214500.0,217000.0,211500.0,215500.0,184321
2021-09-24,219500.0,224000.0,216500.0,217000.0,309523
2021-09-27,218500.0,223000.0,215000.0,220500.0,232159
2021-09-28,220000.0,220500.0,210500.0,211500.0,327717
2021-09-29,205000.0,209000.0,203500.0,207500.0,241079
2021-09-30,206000.0,211500.0,202000.0,208500.0,221979
2021-10-01,207000.0,208500.0,202500.0,204000.0,122196
2021-10-05,199000.0,200000.0,193500.0,196000.0,224107
2021-10-06,198500.0,201000.0,190500.0,190500.0,214345
2021-10-07,196000.0,196000.0,189000.0,190500.0,390032
2021-10-08,195500.0,202500.0,194000.0,197000.0,382259
2021-10-12,196500.0,196500.0,192500.0,193000.0,178929
2021-10-13,187500.0,191000.0,181000.0,190500.0,476765
2021-10-14,191500.0,196000.0,190500.0,194000.0,256237
2021-10-15,202000.0,205500.0,200000.0,202000.0,286795
2021-10-18,204500.0,205000.0,199500.0,200500.0,141597
2021-10-19,202500.0,203500.0,195500.0,197000.0,244154
2021-10-20,199000.0,199500.0,194000.0,194000.0,176927
2021-10-21,195000.0,197000.0,193500.0,194500.0,168033
2021-10-22,193500.0,198000.0,193500.0,197000.0,170976
2021-10-25,197000.0,201000.0,195000.0,200500.0,160527
2021-10-26,201500.0,204500.0,200000.0,201500.0,130549
2021-10-27,202000.0,207000.0,200500.0,206000.0,202884
2021-10-28,207500.0,213000.0,206000.0,209500.0,298733
2021-10-29,213000.0,213000.0,204500.0,209500.0,348909
2021-11-01,210000.0,214000.0,207500.0,213500.0,211315
2021-11-02,215000.0,222000.0,214000.0,215000.0,297855
2021-11-03,217000.0,217000.0,211500.0,211500.0,159463
2021-11-04,213500.0,218500.0,213500.0,216500.0,144738
2021-11-05,217500.0,219500.0,211000.0,214500.0,143552
2021-11-08,215000.0,220000.0,211500.0,216500.0,151059
2021-11-09,216000.0,218500.0,212500.0,213500.0,126974
2021-11-10,212500.0,220500.0,211500.0,217000.0,213881
2021-11-11,216000.0,234000.0,215000.0,230500.0,560237
2021-11-12,234000.0,244000.0,231500.0,242000.0,460852
2021-11-15,245500.0,262500.0,244000.0,257000.0,655553
2021-11-16,257000.0,271000.0,255500.0,269000.0,620274
2021-11-17,273500.0,279500.0,267000.0,271000.0,496433
2021-11-18,267500.0,285000.0,266500.0,285000.0,509729
2021-11-19,290000.0,295000.0,280500.0,288000.0,416887
2021-11-22,293000.0,298500.0,282500.0,285500.0,490937
2021-11-23,281500.0,282000.0,270500.0,278000.0,484901
2021-11-24,280000.0,296000.0,279000.0,291000.0,547115
2021-11-25,296000.0,301500.0,288500.0,294000.0,307628
2021-11-26,296500.0,306000.0,290500.0,294500.0,407223
2021-11-29,286000.0,299500.0,286000.0,292500.0,360251
2021-11-30,297500.0,322500.0,297000.0,304500.0,880385
2021-12-01,318000.0,318500.0,295000.0,314000.0,674812
2021-12-02,307500.0,311500.0,274000.0,287500.0,1284149
2021-12-03,282500.0,302000.0,282000.0,294000.0,640103
2021-12-06,289500.0,298500.0,283500.0,294500.0,411357
2021-12-07,294500.0,294500.0,279500.0,283000.0,484398
2021-12-08,289000.0,296500.0,284500.0,288000.0,352129
2021-12-09,292000.0,306500.0,288500.0,300000.0,690032
2021-12-10,299500.0,313500.0,297500.0,305000.0,400308
2021-12-13,309000.0,319000.0,305000.0,313000.0,417699
2021-12-14,308000.0,309500.0,296000.0,302500.0,482455
2021-12-15,302000.0,332000.0,300000.0,331500.0,746368
2021-12-16,332000.0,336000.0,326500.0,332000.0,435245
2021-12-17,326500.0,330500.0,321000.0,326500.0,442173
2021-12-20,324000.0,333000.0,313500.0,317000.0,428041
2021-12-21,321000.0,342000.0,320500.0,335500.0,663620
2021-12-22,337500.0,340000.0,330000.0,335500.0,390432
2021-12-23,339500.0,363000.0,339500.0,361500.0,782791
2021-12-24,358000.0,364500.0,351000.0,361000.0,514428
2021-12-27,357500.0,360500.0,351000.0,356000.0,331645
2021-12-28,356000.0,368500.0,355500.0,359500.0,541714
2021-12-29,363000.0,375000.0,354000.0,368000.0,492025
2021-12-30,368000.0,371000.0,361000.0,364000.0,249963
2022-01-04,371000.0,374000.0,347000.0,349000.0,700324
2022-01-05,347000.0,350000.0,336500.0,347000.0,628438
2022-01-06,339500.0,353500.0,329500.0,329500.0,623536
2022-01-07,332000.0,349500.0,332000.0,337000.0,574851
2022-01-10,333500.0,334500.0,321500.0,331000.0,402745
2022-01-11,330000.0,335500.0,324500.0,326500.0,374126
2022-01-12,334500.0,350000.0,329000.0,344500.0,679621
2022-01-13,348000.0,365000.0,346500.0,352500.0,800469
2022-01-14,363500.0,398500.0,360000.0,384500.0,1731987
2022-01-17,375000.0,376500.0,355000.0,359000.0,1009998
2022-01-18,361500.0,371000.0,355500.0,358000.0,588591
2022-01-19,349000.0,374000.0,348500.0,371500.0,726924
2022-01-20,376000.0,384500.0,372500.0,375500.0,518997
2022-01-21,365500.0,376000.0,359000.0,363000.0,569231
2022-01-24,360000.0,369000.0,357500.0,360000.0,434619
2022-01-25,363500.0,365000.0,343000.0,349000.0,484678
2022-01-26,349000.0,349000.0,349000.0,349000.0,0
2022-01-27,341500.0,347000.0,327000.0,331000.0,789909
2022-01-28,339000.0,358000.0,335000.0,353500.0,820861
2022-02-03,366000.0,367500.0,351000.0,351500.0,503268
2022-02-04,350000.0,356000.0,333000.0,348500.0,722911
2022-02-07,345000.0,348000.0,331000.0,335000.0,502242
2022-02-08,335000.0,335000.0,335000.0,335000.0,0
2022-02-09,335000.0,335000.0,335000.0,335000.0,0
2022-02-10,342000.0,342000.0,324000.0,326500.0,473361
2022-02-11,319500.0,325500.0,312000.0,321000.0,485837
2022-02-14,313500.0,322500.0,313500.0,315000.0,284827
2022-02-15,318500.0,321000.0,311000.0,313500.0,305520
2022-02-16,321500.0,322000.0,313500.0,317000.0,304597
2022-02-17,320500.0,333000.0,319000.0,325000.0,593979
2022-02-18,320000.0,331000.0,320000.0,325000.0,273608
2022-02-21,320500.0,320500.0,311000.0,319500.0,403175
2022-02-22,319500.0,319500.0,319500.0,319500.0,0
2022-02-23,321500.0,335000.0,319000.0,335000.0,529272
2022-02-24,329000.0,335000.0,322000.0,323000.0,425622
2022-02-25,330000.0,337500.0,325000.0,327000.0,316697
2022-02-28,327000.0,327000.0,327000.0,327000.0,0
2022-03-02,324500.0,325500.0,320000.0,320500.0,218457
2022-03-03,325500.0,346000.0,324000.0,345000.0,638212
2022-03-04,345000.0,345000.0,345000.0,345000.0,0
2022-03-07,332000.0,341500.0,331500.0,338500.0,370066
2022-03-08,333500.0,356000.0,333000.0,346000.0,566024
2022-03-10,346000.0,346000.0,346000.0,346000.0,0
2022-03-11,352500.0,356500.0,345500.0,351000.0,276636
2022-03-14,350000.0,351000.0,333000.0,339500.0,501686
2022-03-15,337000.0,346000.0,336000.0,341000.0,304294
2022-03-16,348000.0,363500.0,346000.0,362500.0,571641
2022-03-17,371000.0,374500.0,366000.0,370000.0,414725
2022-03-18,372500.0,384000.0,371000.0,382000.0,482944
2022-03-21,382000.0,382000.0,382000.0,382000.0,0
2022-03-22,403000.0,413500.0,399000.0,411500.0,357711
2022-03-23,414500.0,414500.0,397000.0,398500.0,462203
2022-03-24,399500.0,406000.0,394000.0,406000.0,290581
2022-03-25,406000.0,406000.0,406000.0,406000.0,0
2022-03-28,400000.0,409500.0,386000.0,391000.0,402101
2022-03-29,393500.0,396000.0,381000.0,391500.0,428695
2022-03-30,394500.0,397000.0,382000.0,387000.0,298409
2022-03-31,386500.0,389000.0,382000.0,387000.0,213422
2022-04-01,385500.0,392500.0,382500.0,384500.0,212220
2022-04-04,387000.0,387000.0,382500.0,385000.0,137776
2022-04-05,389500.0,396500.0,378000.0,378000.0,386099
2022-04-06,373000.0,380500.0,372000.0,374500.0,194368
2022-04-07,374000.0,386000.0,372500.0,376500.0,369821
2022-04-08,378500.0,385500.0,375500.0,381500.0,242753
2022-04-11,382000.0,384000.0,366000.0,368500.0,319718
2022-04-12,364500.0,372500.0,364000.0,369500.0,200780
2022-04-13,373500.0,380500.0,367000.0,373500.0,267342
2022-04-14,381000.0,405000.0,376500.0,399000.0,898018
2022-04-15,395500.0,401500.0,393500.0,398500.0,216595
2022-04-18,397000.0,398000.0,389000.0,393000.0,153967
2022-04-19,395500.0,399000.0,386500.0,391500.0,225743
2022-04-20,392500.0,395000.0,388000.0,391000.0,192804
2022-04-21,393000.0,395500.0,387000.0,388000.0,185792
2022-04-22,385000.0,391000.0,380000.0,389500.0,234461
2022-04-25,384500.0,384500.0,372000.0,372500.0,299253
2022-04-26,377500.0,379000.0,369000.0,370500.0,213575
2022-04-27,360500.0,369500.0,353500.0,368000.0,299492
2022-04-28,371500.0,372000.0,345000.0,350000.0,615972
2022-04-29,351500.0,355000.0,343000.0,349000.0,376307
2022-05-02,341500.0,348000.0,339500.0,346000.0,263283
2022-05-03,346500.0,348000.0,341000.0,344000.0,174589
2022-05-04,347500.0,351000.0,342500.0,343500.0,202752
2022-05-06,338500.0,342000.0,335000.0,336000.0,212528
2022-05-10,329000.0,341000.0,326000.0,338500.0,344966
2022-05-11,338500.0,341500.0,334500.0,341000.0,190519
2022-05-12,333500.0,337000.0,327000.0,328500.0,283293
2022-05-13,330000.0,338500.0,330000.0,335500.0,195492
2022-05-16,340500.0,350500.0,337500.0,340000.0,248550
2022-05-17,342500.0,343500.0,335500.0,343000.0,123255
2022-05-18,348500.0,353500.0,347000.0,352000.0,282730
2022-05-19,341000.0,344500.0,339000.0,340000.0,220503
2022-05-20,341500.0,347000.0,337000.0,345000.0,167471
2022-05-23,356000.0,369500.0,356000.0,367000.0,475579
2022-05-24,368000.0,368500.0,356000.0,357000.0,230514
2022-05-25,364500.0,383000.0,363500.0,379500.0,545845
2022-05-26,376500.0,380500.0,372500.0,373500.0,265606
2022-05-27,380000.0,381000.0,369000.0,371000.0,205435
2022-05-30,378000.0,383500.0,376000.0,377500.0,191463
2022-05-31,381000.0,385000.0,376000.0,385000.0,222888
2022-06-02,380500.0,393000.0,378500.0,389000.0,230437
2022-06-03,393500.0,393500.0,385500.0,388000.0,135396
2022-06-07,387500.0,390500.0,382000.0,390000.0,204710
2022-06-08,386500.0,387000.0,372000.0,377500.0,252217
2022-06-09,374500.0,381000.0,373000.0,376500.0,202570
2022-06-10,380500.0,392000.0,378000.0,378000.0,285552
2022-06-13,368500.0,380000.0,365500.0,372500.0,185547
2022-06-14,370000.0,376000.0,365500.0,375500.0,180668
2022-06-15,375000.0,378500.0,361500.0,364500.0,225647
2022-06-16,371000.0,384500.0,370000.0,371000.0,213233
2022-06-17,367500.0,373500.0,358500.0,370500.0,245182
2022-06-20,372500.0,372500.0,359000.0,361500.0,144938
2022-06-21,364000.0,367500.0,353000.0,363500.0,154341
2022-06-22,367000.0,371000.0,342000.0,342000.0,286451
2022-06-23,339000.0,345000.0,329500.0,331000.0,293759
2022-06-24,336500.0,349500.0,335500.0,345000.0,190571
2022-06-27,349500.0,352000.0,343000.0,348500.0,146419
2022-06-28,349000.0,355500.0,347500.0,354000.0,126770
2022-06-29,349000.0,359000.0,348500.0,356500.0,135874
2022-06-30,359500.0,359500.0,342500.0,342500.0,162503
2022-07-01,346000.0,353000.0,336500.0,341000.0,206458
2022-07-04,340500.0,341000.0,323000.0,328000.0,220652
2022-07-05,335000.0,355500.0,334500.0,351500.0,308557
2022-07-06,350500.0,354000.0,343500.0,344500.0,173609
2022-07-07,349500.0,359500.0,337000.0,340500.0,276815
2022-07-08,346000.0,346000.0,335500.0,338000.0,199666
2022-07-11,339000.0,346000.0,337000.0,338500.0,149843
2022-07-12,336000.0,337000.0,327000.0,328500.0,185674
2022-07-13,330000.0,340500.0,327500.0,337500.0,170746
2022-07-14,334000.0,341000.0,333000.0,339500.0,134285
2022-07-15,342500.0,346500.0,331500.0,341000.0,301214
2022-07-18,346000.0,349500.0,340500.0,345000.0,219395
2022-07-19,336000.0,336500.0,324500.0,328500.0,548007
2022-07-20,337000.0,340500.0,333500.0,337000.0,322923
2022-07-21,338500.0,342000.0,336000.0,341500.0,175830
2022-07-22,340000.0,350500.0,339000.0,343500.0,214342
2022-07-25,342500.0,346500.0,341000.0,344000.0,81878
2022-07-26,345500.0,351000.0,340500.0,350000.0,120557
2022-07-27,350500.0,353500.0,346000.0,352500.0,155794
2022-07-28,362500.0,371000.0,355500.0,356500.0,421684
2022-07-29,368500.0,371500.0,360500.0,363000.0,250525
2022-08-01,364500.0,364500.0,357000.0,357500.0,134772
2022-08-02,359500.0,362000.0,355000.0,360500.0,113237
2022-08-03,359500.0,362000.0,348500.0,354500.0,200200
2022-08-04,358500.0,359500.0,350500.0,352000.0,141643
2022-08-05,353000.0,356000.0,349500.0,350500.0,126756
2022-08-08,350000.0,350500.0,342500.0,349000.0,153021
2022-08-09,348500.0,349500.0,338500.0,341000.0,222487
2022-08-10,340500.0,343000.0,333000.0,333000.0,210793
2022-08-11,339000.0,344000.0,337500.0,340500.0,265723
2022-08-12,343000.0,352500.0,342000.0,351000.0,305926
2022-08-16,353500.0,355500.0,349500.0,351000.0,164044
2022-08-17,351500.0,353000.0,347000.0,349500.0,99457
2022-08-18,350000.0,354000.0,345000.0,347000.0,135878
2022-08-19,347000.0,347500.0,337500.0,338500.0,185526
2022-08-22,332000.0,335000.0,331500.0,333000.0,160655
2022-08-23,330000.0,333500.0,323000.0,324000.0,206602
2022-08-24,328000.0,330500.0,324000.0,326000.0,146755
2022-08-25,340500.0,344000.0,331000.0,341500.0,585147
2022-08-26,339000.0,354500.0,339000.0,343000.0,309713
2022-08-29,328000.0,332500.0,325500.0,326500.0,285650
2022-08-30,329500.0,336000.0,325500.0,335500.0,176459
2022-08-31,331500.0,346000.0,329500.0,344000.0,279146
2022-09-01,340000.0,347000.0,335500.0,336000.0,206970
2022-09-02,339000.0,349000.0,337500.0,345500.0,271088
2022-09-05,345000.0,346000.0,335000.0,338000.0,231809
2022-09-06,339500.0,340000.0,333000.0,336000.0,173716
2022-09-07,333500.0,334000.0,328500.0,332000.0,197612
2022-09-08,337500.0,344000.0,335000.0,337500.0,230500
2022-09-13,349500.0,365500.0,348000.0,364000.0,602202
2022-09-14,349500.0,351000.0,343000.0,348000.0,465642
2022-09-15,351000.0,356500.0,343500.0,344000.0,305198
2022-09-16,339500.0,340500.0,328500.0,332500.0,411837
2022-09-19,332500.0,340000.0,330500.0,334000.0,206218
2022-09-20,342000.0,350000.0,341500.0,343500.0,328944
2022-09-21,344000.0,346500.0,339000.0,343500.0,142270
2022-09-22,339000.0,355500.0,339000.0,355000.0,297636
2022-09-23,353000.0,358000.0,343500.0,344500.0,226076
2022-09-26,338500.0,340000.0,323000.0,324500.0,361562
2022-09-27,320000.0,320500.0,294500.0,309500.0,902496
2022-09-28,308500.0,313000.0,276500.0,277000.0,1053071
2022-09-29,284500.0,288000.0,275000.0,275000.0,560303
2022-09-30,263000.0,277000.0,262500.0,273500.0,488377
2022-10-04,280500.0,285000.0,276500.0,284000.0,324515
2022-10-05,294500.0,295000.0,280000.0,282500.0,348789
2022-10-06,287000.0,301500.0,284500.0,299000.0,364435
2022-10-07,294500.0,301500.0,292000.0,295500.0,322166
2022-10-11,287000.0,290500.0,283500.0,288000.0,205338
2022-10-12,286000.0,293500.0,279000.0,284000.0,247599
2022-10-13,285000.0,287500.0,280000.0,280000.0,289230
2022-10-14,288000.0,292500.0,286000.0,287000.0,211784
2022-10-17,280500.0,291000.0,280000.0,291000.0,171896
2022-10-18,298000.0,298500.0,285500.0,290500.0,260173
2022-10-19,289000.0,289500.0,273500.0,279000.0,418309
2022-10-20,281500.0,284000.0,276000.0,277000.0,245350
2022-10-21,277000.0,282500.0,277000.0,277500.0,157500
2022-10-24,283500.0,289000.0,283000.0,286000.0,254887
2022-10-25,288000.0,294500.0,287000.0,293000.0,203127
2022-10-26,295000.0,295500.0,285000.0,285500.0,210363
2022-10-27,291000.0,291500.0,281500.0,287000.0,351177
2022-10-28,283500.0,294500.0,283500.0,287500.0,352766
2022-10-31,298500.0,305000.0,293500.0,296500.0,556958
2022-11-01,293000.0,295500.0,285500.0,288000.0,391750
2022-11-02,285500.0,290000.0,284000.0,288000.0,211368
2022-11-03,281000.0,284500.0,278000.0,283000.0,246178
2022-11-04,278000.0,292500.0,268500.0,284000.0,680849
2022-11-07,279500.0,285500.0,273000.0,285000.0,317337
2022-11-08,288500.0,295000.0,287000.0,293000.0,365056
2022-11-09,295000.0,298000.0,291000.0,292000.0,276674
2022-11-10,287000.0,292500.0,286000.0,287500.0,202632
2022-11-11,303000.0,320000.0,299000.0,319500.0,717419
2022-11-14,320000.0,321500.0,315500.0,316000.0,265793
2022-11-15,318000.0,327000.0,317500.0,324000.0,247322
2022-11-16,325500.0,327500.0,315500.0,318000.0,235581
2022-11-17,314000.0,315000.0,307500.0,310500.0,167231
2022-11-18,312500.0,319500.0,307500.0,307500.0,192415
2022-11-21,310500.0,311500.0,305500.0,308500.0,157025
2022-11-22,304500.0,307500.0,300500.0,303000.0,139025
2022-11-23,306000.0,308500.0,300500.0,301500.0,152171
2022-11-24,302500.0,304000.0,297000.0,302500.0,174549
2022-11-25,302500.0,303000.0,298500.0,299500.0,153477
2022-11-28,300500.0,310000.0,299000.0,304500.0,276414
2022-11-29,301500.0,301500.0,293500.0,299000.0,280781
2022-11-30,301000.0,312500.0,295500.0,310500.0,507156
2022-12-01,318500.0,324500.0,313000.0,313500.0,287790
2022-12-02,312500.0,313000.0,308000.0,309500.0,201429
2022-12-05,308500.0,309000.0,296000.0,298000.0,380806
2022-12-06,294000.0,294500.0,283500.0,284500.0,364513
2022-12-07,285000.0,286000.0,279500.0,286000.0,219770
2022-12-08,281000.0,284000.0,276500.0,282000.0,287191
2022-12-09,283500.0,287000.0,281000.0,286500.0,218845
2022-12-12,284000.0,284000.0,278500.0,282000.0,136866
2022-12-13,283500.0,284500.0,278500.0,282000.0,155066
2022-12-14,283000.0,291500.0,282500.0,291500.0,173580
2022-12-15,288000.0,290500.0,285500.0,286500.0,90036
2022-12-16,279500.0,282000.0,278000.0,280500.0,213739
2022-12-19,281500.0,283000.0,278500.0,281000.0,87398
2022-12-20,279000.0,280000.0,275500.0,277500.0,115226
2022-12-21,278500.0,279000.0,272500.0,276500.0,140226
2022-12-22,278500.0,285000.0,277000.0,279500.0,246433
2022-12-23,275000.0,276500.0,272500.0,274000.0,150134
2022-12-26,279500.0,281500.0,272500.0,273000.0,277716
2022-12-27,273500.0,275000.0,269000.0,271000.0,227336
2022-12-28,269000.0,270000.0,262500.0,263500.0,232073
2022-12-29,259000.0,259500.0,249000.0,252500.0,308631
2023-01-02,252500.0,257000.0,252500.0,253000.0,111447
2023-01-03,254500.0,266500.0,249500.0,265500.0,246222
2023-01-04,256500.0,268500.0,253000.0,265500.0,254054
2023-01-05,267000.0,269000.0,262000.0,264000.0,161298
2023-01-06,263500.0,274000.0,262500.0,272000.0,216731
2023-01-09,276000.0,276000.0,268000.0,272000.0,313223
2023-01-10,271500.0,280000.0,269500.0,275500.0,222830
2023-01-11,276500.0,279000.0,274500.0,278000.0,197903
2023-01-12,279500.0,280000.0,276000.0,277500.0,189705
2023-01-13,277500.0,280000.0,273500.0,274500.0,165844
2023-01-16,275500.0,279000.0,274000.0,278000.0,150952
2023-01-17,277500.0,285000.0,275500.0,280000.0,235952
2023-01-18,279500.0,284500.0,276000.0,283500.0,174301
2023-01-19,279500.0,281000.0,275000.0,277000.0,201798
2023-01-20,275000.0,276000.0,270000.0,276000.0,206972
2023-01-25,278500.0,281500.0,273500.0,276000.0,2531
2023-01-26,278000.0,281000.0,274000.0,277500.0,2152
2023-01-27,279000.0,285000.0,277500.0,277500.0,981
2023-01-30,284500.0,284500.0,275000.0,274500.0,1924
2023-01-31,274000.0,277500.0,270500.0,271500.0,932
2023-02-01,272500.0,275000.0,271000.0,272000.0,2265
2023-02-02,276000.0,279500.0,275000.0,277500.0,754
2023-02-03,276000.0,280500.0,274000.0,279500.0,1268
2023-02-06,281000.0,286000.0,278000.0,280000.0,2375
2023-02-07,278500.0,280000.0,274500.0,277500.0,867
2023-02-08,280000.0,295000.0,279500.0,292000.0,2580
2023-02-09,288000.0,291500.0,285000.0,291500.0,2696
2023-02-10,288000.0,289000.0,283500.0,291500.0,2801
2023-02-13,282000.0,282000.0,276500.0,277500.0,1078
2023-02-14,280000.0,285000.0,279500.0,281000.0,1538
2023-02-15,283500.0,284000.0,275500.0,275500.0,1366
2023-02-16,277500.0,291000.0,277000.0,290000.0,2282
2023-02-17,285000.0,292000.0,285000.0,288500.0,1067
2023-02-20,288000.0,296000.0,285000.0,294500.0,1371
2023-02-21,294500.0,296000.0,291000.0,293500.0,952
2023-02-22,287000.0,290000.0,283500.0,286000.0,866
2023-02-23,289000.0,291500.0,287000.0,290500.0,1028
2023-02-24,289000.0,290500.0,281500.0,283000.0,1658
2023-02-27,278000.0,283500.0,277000.0,283500.0,115780
2023-02-28,284000.0,284000.0,277000.0,277000.0,216724
2023-03-02,277000.0,278000.0,271000.0,271500.0,275812
2023-03-03,274000.0,276000.0,269000.0,270500.0,205224
2023-03-06,274000.0,282500.0,271000.0,281500.0,353560
2023-03-07,281500.0,281500.0,276000.0,279000.0,173710
2023-03-08,275000.0,277000.0,272000.0,273500.0,167696
2023-03-09,275000.0,276500.0,272000.0,272500.0,259033
2023-03-10,269000.0,271500.0,263000.0,265500.0,214275
2023-03-13,264500.0,269500.0,263500.0,268000.0,147413
2023-03-14,268000.0,268000.0,256000.0,256000.0,234044
2023-03-15,262000.0,262000.0,251000.0,252000.0,237908
2023-03-16,251000.0,256500.0,248000.0,253000.0,181290
2023-03-17,257000.0,261000.0,253500.0,253500.0,203507
2023-03-20,253500.0,257000.0,253000.0,253500.0,107671
2023-03-21,255000.0,255500.0,249000.0,250000.0,208332
2023-03-22,252500.0,253000.0,249000.0,252500.0,169904
2023-03-23,250000.0,254500.0,248500.0,250000.0,274986
2023-03-24,249000.0,260000.0,248500.0,258000.0,328774
2023-03-27,261500.0,266500.0,255500.0,266000.0,293772
2023-03-28,264500.0,270000.0,262500.0,267500.0,211814
2023-03-29,268000.0,272500.0,266500.0,269000.0,136100
2023-03-30,272500.0,275000.0,270000.0,271000.0,231281
2023-03-31,272000.0,274000.0,269000.0,270500.0,161597
2023-04-03,273000.0,273000.0,267000.0,271500.0,215759
2023-04-04,272000.0,272000.0,264000.0,265000.0,173038
2023-04-05,264500.0,269000.0,264500.0,267000.0,126828
2023-04-06,265000.0,267000.0,254000.0,255000.0,306612
2023-04-07,257000.0,258000.0,253500.0,255500.0,259746
2023-04-10,257000.0,261500.0,255500.0,261000.0,193878
2023-04-11,260000.0,260500.0,256000.0,257000.0,276952
2023-04-12,257500.0,265500.0,255000.0,264500.0,272375
2023-04-13,261500.0,264500.0,260000.0,261500.0,183994
2023-04-14,266000.0,266500.0,261000.0,261500.0,167550
2023-04-17,261000.0,261500.0,258000.0,259000.0,141325
2023-04-18,258000.0,258500.0,253500.0,257000.0,176153
2023-04-19,259500.0,260500.0,255500.0,258500.0,123512
2023-04-20,257500.0,258500.0,254000.0,254500.0,133748
2023-04-21,255000.0,266500.0,251000.0,264500.0,290104
2023-04-24,263500.0,265000.0,259000.0,262000.0,193503
2023-04-25,262000.0,264500.0,254000.0,257500.0,196704
2023-04-26,256500.0,262500.0,254500.0,257500.0,141728
2023-04-27,258500.0,268000.0,258500.0,265500.0,393736
2023-04-28,266000.0,267000.0,262500.0,264500.0,146324
2023-05-02,263000.0,266500.0,261000.0,264000.0,100515
2023-05-03,261500.0,265000.0,259000.0,264000.0,126780
2023-05-04,261500.0,263500.0,256000.0,259500.0,155941
2023-05-08,264000.0,278000.0,264000.0,273500.0,553683
2023-05-09,273500.0,274000.0,267500.0,270500.0,182433
2023-05-10,268500.0,273000.0,266000.0,271500.0,144980
2023-05-11,273000.0,273500.0,268500.0,270500.0,151384
2023-05-12,271500.0,286000.0,269000.0,281000.0,487580
2023-05-15,281500.0,281500.0,276000.0,278000.0,169217
2023-05-16,278000.0,280500.0,267500.0,279000.0,318537
2023-05-17,279000.0,288000.0,277500.0,286500.0,269303
2023-05-18,287000.0,289500.0,284500.0,288000.0,147549
2023-05-19,289000.0,294500.0,289000.0,293000.0,228890
2023-05-22,291500.0,293500.0,288000.0,289000.0,129237
2023-05-23,289000.0,290000.0,284000.0,287500.0,98955
2023-05-24,284500.0,288000.0,282000.0,287500.0,94458
2023-05-25,288500.0,289500.0,286500.0,287000.0,96089
2023-05-26,288000.0,294000.0,288000.0,289000.0,130463
2023-05-30,293500.0,309000.0,293000.0,308500.0,457255
2023-05-31,310500.0,313500.0,305000.0,307000.0,257381
2023-06-01,304000.0,307500.0,301000.0,304000.0,147689
2023-06-02,309500.0,314500.0,307500.0,310500.0,211075
2023-06-05,313000.0,313500.0,307000.0,308000.0,173869
2023-06-07,303000.0,305500.0,296000.0,302000.0,269034
2023-06-08,302500.0,304500.0,298500.0,303000.0,175728
2023-06-09,305000.0,313000.0,303000.0,311000.0,233734
2023-06-12,311500.0,313000.0,307000.0,308500.0,125791
2023-06-13,312000.0,313500.0,307500.0,308000.0,126059
2023-06-14,309500.0,309500.0,301000.0,305500.0,161971
2023-06-15,307000.0,318000.0,305000.0,317000.0,243535
2023-06-16,319500.0,321000.0,311000.0,313500.0,157009
2023-06-19,313000.0,316500.0,310000.0,314500.0,100662
2023-06-20,313500.0,315000.0,307000.0,313000.0,98612
2023-06-21,313000.0,313000.0,306500.0,307000.0,84964
2023-06-22,306500.0,309500.0,304500.0,307000.0,100427
2023-06-23,309000.0,309000.0,303000.0,306500.0,85355
2023-06-26,306500.0,309000.0,304000.0,308000.0,71114
2023-06-27,311000.0,316500.0,305000.0,312500.0,177393
2023-06-28,313000.0,313500.0,302000.0,303000.0,148437
2023-06-29,302500.0,310000.0,302000.0,307000.0,105375
2023-06-30,309000.0,313000.0,307000.0,309500.0,125869
2023-07-03,314000.0,315000.0,309000.0,312500.0,121895
2023-07-04,312500.0,319500.0,310500.0,313000.0,140744
2023-07-05,314500.0,318000.0,313000.0,314500.0,102749
2023-07-06,314500.0,314500.0,306500.0,308000.0,131336
2023-07-07,306000.0,306500.0,293500.0,299000.0,197928
2023-07-10,298500.0,298500.0,289000.0,290000.0,146913
2023-07-11,292000.0,294500.0,289500.0,291500.0,106001
2023-07-12,292000.0,294000.0,289500.0,292500.0,95780
2023-07-13,294500.0,296500.0,291000.0,293000.0,161058
2023-07-14,296000.0,298500.0,292500.0,294000.0,194970
2023-07-17,293500.0,297500.0,292000.0,293500.0,174995
2023-07-18,295000.0,295500.0,286500.0,293500.0,145177
2023-07-19,298000.0,298500.0,285000.0,288000.0,208367
2023-07-20,288000.0,291000.0,285500.0,289000.0,120744
2023-07-21,285500.0,287500.0,282000.0,282500.0,145796
2023-07-24,280500.0,282000.0,275500.0,279000.0,174068
2023-07-25,280500.0,287000.0,278000.0,279000.0,187917
2023-07-26,279500.0,280000.0,268000.0,271500.0,240389
2023-07-27,268000.0,275000.0,265000.0,269500.0,268977
2023-07-28,270500.0,275500.0,266500.0,266500.0,188055
2023-07-31,270000.0,270000.0,261500.0,264000.0,239318
2023-08-01,264000.0,269500.0,261500.0,268500.0,179213
2023-08-02,268000.0,274000.0,262000.0,264000.0,282905
2023-08-03,264000.0,274500.0,262500.0,265500.0,237385
2023-08-04,265000.0,265000.0,255000.0,255500.0,326041
2023-08-07,258000.0,267500.0,253500.0,264500.0,320608
2023-08-08,266000.0,266500.0,255500.0,261500.0,211103
2023-08-09,262500.0,262500.0,258500.0,261000.0,105254
2023-08-10,260000.0,261000.0,256000.0,260000.0,220641
2023-08-11,262000.0,270500.0,261500.0,267000.0,185193
2023-08-14,267000.0,267000.0,258500.0,259500.0,139029
2023-08-16,258000.0,265500.0,251000.0,252000.0,283897
2023-08-17,251000.0,261000.0,251000.0,260500.0,177240
2023-08-18,256500.0,259000.0,254500.0,256000.0,102634
2023-08-21,257500.0,257500.0,252500.0,255000.0,99440
2023-08-22,258000.0,262000.0,256000.0,259000.0,144142
2023-08-23,256500.0,257500.0,251500.0,255500.0,121865
2023-08-24,258000.0,265000.0,256500.0,258000.0,244256
2023-08-25,253000.0,257000.0,252000.0,254500.0,134704
2023-08-28,257000.0,257500.0,254000.0,257000.0,85681
2023-08-29,259000.0,268000.0,258500.0,264500.0,269114
2023-08-30,270000.0,272000.0,264500.0,268000.0,197362
2023-08-31,272000.0,272000.0,267000.0,270000.0,157082
2023-09-01,269500.0,273000.0,266500.0,268500.0,120029
2023-09-04,270500.0,271500.0,266500.0,269000.0,89539
2023-09-05,272500.0,277500.0,271000.0,272000.0,265596
2023-09-06,271500.0,273000.0,268000.0,269000.0,94512
2023-09-07,259500.0,261500.0,251500.0,252500.0,509955
2023-09-08,248000.0,248000.0,239000.0,244500.0,411117
2023-09-11,245000.0,250000.0,245000.0,248500.0,135200
2023-09-12,250000.0,250500.0,243500.0,245500.0,148760
2023-09-13,243500.0,247000.0,239500.0,240500.0,246664
2023-09-14,239000.0,245000.0,239000.0,244500.0,156353
2023-09-15,245500.0,251000.0,243500.0,249500.0,165365
2023-09-18,254000.0,258000.0,250500.0,250500.0,240043
2023-09-19,253000.0,255500.0,248500.0,250500.0,101101
2023-09-20,248500.0,251000.0,245000.0,246500.0,100034
2023-09-21,246000.0,249000.0,243000.0,243000.0,113106
2023-09-22,242500.0,244000.0,239500.0,243000.0,122777
2023-09-25,243500.0,250500.0,242500.0,248000.0,94701
2023-09-26,249500.0,249500.0,241000.0,242000.0,107994
2023-09-27,239000.0,245500.0,239000.0,244500.0,106976
2023-10-04,241500.0,242500.0,236500.0,237000.0,170488
2023-10-05,238000.0,241000.0,236000.0,237000.0,83783
2023-10-06,237000.0,238500.0,227500.0,230000.0,202221
2023-10-10,232000.0,242000.0,232000.0,234500.0,185412
2023-10-11,237500.0,240500.0,236000.0,237000.0,147515
2023-10-12,238500.0,241500.0,237500.0,239500.0,109928
2023-10-13,238500.0,244000.0,238500.0,238500.0,75818
2023-10-16,238500.0,240000.0,231500.0,236000.0,97687
2023-10-17,236000.0,241000.0,236000.0,237000.0,103039
2023-10-18,236000.0,238000.0,227000.0,229000.0,287477
2023-10-19,226000.0,227000.0,217000.0,218000.0,347546
2023-10-20,215500.0,221500.0,213000.0,219000.0,170747
2023-10-23,219000.0,222500.0,218500.0,218500.0,112061
2023-10-24,221000.0,226000.0,219000.0,226000.0,152065
2023-10-25,227500.0,229000.0,223500.0,227500.0,150692
2023-10-26,222500.0,227000.0,217500.0,220000.0,199743
2023-10-27,220000.0,227500.0,220000.0,225500.0,166002
2023-10-30,224000.0,229000.0,223500.0,226500.0,82649
2023-10-31,228000.0,229500.0,221000.0,223000.0,109329
2023-11-01,223000.0,226500.0,218000.0,218500.0,126427
2023-11-02,222500.0,231000.0,222500.0,228500.0,203780
2023-11-03,229000.0,232500.0,218500.0,226500.0,249070
2023-11-06,233500.0,242000.0,229000.0,242000.0,216108
2023-11-07,240500.0,240500.0,231500.0,234500.0,104901
2023-11-08,237000.0,237500.0,230000.0,231500.0,100246
2023-11-09,235500.0,246000.0,235500.0,239500.0,292501
2023-11-10,237000.0,243000.0,234000.0,241500.0,89782
2023-11-13,244000.0,244500.0,239000.0,239500.0,73324
2023-11-14,241500.0,244500.0,239500.0,244500.0,84066
2023-11-15,249000.0,250000.0,246500.0,248000.0,100762
2023-11-16,249500.0,253000.0,248000.0,253000.0,126017
2023-11-17,253500.0,254000.0,248000.0,249000.0,80404
2023-11-20,247500.0,252500.0,247000.0,250500.0,76849
2023-11-21,252500.0,258500.0,250500.0,255000.0,145691
2023-11-22,252500.0,257000.0,251500.0,255500.0,61518
2023-11-23,253500.0,254000.0,242000.0,243000.0,253399
2023-11-24,244000.0,246500.0,242000.0,243500.0,76264
2023-11-27,242500.0,243500.0,234500.0,234500.0,151992
2023-11-28,237000.0,238500.0,234000.0,237500.0,130790
2023-11-29,239000.0,239000.0,235500.0,236500.0,80259
2023-11-30,236500.0,239500.0,236000.0,238000.0,111681
2023-12-01,238000.0,238500.0,234000.0,234000.0,85972
2023-12-04,235500.0,240500.0,235000.0,236000.0,90766
2023-12-05,236000.0,239000.0,234000.0,237000.0,71082
2023-12-06,239000.0,242500.0,238000.0,238500.0,106244
2023-12-07,236500.0,237500.0,234000.0,236500.0,81127
2023-12-08,238500.0,239500.0,235500.0,236500.0,101742
2023-12-11,239000.0,247000.0,238500.0,246000.0,197156
2023-12-12,247500.0,251500.0,245500.0,246000.0,124432
2023-12-13,247500.0,249000.0,246000.0,246500.0,69730
2023-12-14,250500.0,251000.0,246000.0,250000.0,208235
2023-12-15,238000.0,247500.0,234500.0,247000.0,461862
2023-12-18,249500.0,249500.0,241500.0,243500.0,119103
2023-12-19,242000.0,243000.0,235500.0,237000.0,209460
2023-12-20,239500.0,240000.0,234500.0,238000.0,169931
2023-12-21,236000.0,239000.0,235500.0,238500.0,102532
2023-12-22,240000.0,240000.0,236500.0,238500.0,101426
2023-12-26,238000.0,239000.0,227500.0,228000.0,298921
2023-12-27,228000.0,233500.0,227000.0,233000.0,123900
2023-12-28,234000.0,241000.0,233000.0,239500.0,187874
2024-01-02,237500.0,241500.0,236000.0,240500.0,84957
2024-01-03,235000.0,235500.0,227000.0,227000.0,270780
2024-01-04,227000.0,230000.0,224000.0,229000.0,79430
2024-01-05,228000.0,229000.0,224000.0,224500.0,119119
2024-01-08,224500.0,227000.0,222500.0,223000.0,68430
2024-01-09,226500.0,228500.0,226000.0,226000.0,78539
2024-01-10,227500.0,227500.0,224500.0,225000.0,62874
2024-01-11,226000.0,227500.0,223000.0,225500.0,110003
2024-01-12,225500.0,225500.0,219500.0,220500.0,96361
2024-01-15,221000.0,223000.0,220500.0,220000.0,10127
2024-01-16,218500.0,221000.0,216500.0,216500.0,71674
2024-01-17,215000.0,217000.0,204000.0,204500.0,215764
2024-01-18,204500.0,207000.0,200000.0,201500.0,134617
2024-01-19,206000.0,217500.0,206000.0,217000.0,189669
2024-01-22,221000.0,221500.0,213000.0,213000.0,91825
2024-01-23,216000.0,218000.0,212000.0,214500.0,60393
2024-01-24,215500.0,216000.0,212000.0,213500.0,71115
2024-01-25,213000.0,213000.0,205500.0,207000.0,141277
2024-01-26,205500.0,205500.0,198100.0,200000.0,326771
2024-01-29,200000.0,201000.0,198100.0,198500.0,188988
2024-01-30,198800.0,201000.0,198100.0,198800.0,175217
2024-01-31,196800.0,199400.0,190400.0,191000.0,233747
2024-02-01,190500.0,193600.0,189000.0,192900.0,144538
2024-02-02,192600.0,200000.0,192200.0,199500.0,151375
2024-02-05,199700.0,201000.0,195800.0,197000.0,118260
2024-02-06,197600.0,199900.0,196800.0,197900.0,87726
2024-02-07,199500.0,203000.0,199300.0,200500.0,88894
2024-02-08,202500.0,203500.0,199900.0,199900.0,113649
2024-02-13,201500.0,202500.0,200000.0,201000.0,93703
2024-02-14,197800.0,197900.0,194800.0,197500.0,100736
2024-02-15,199300.0,199300.0,193700.0,194100.0,159118
2024-02-16,195000.0,196400.0,194000.0,195200.0,111705
2024-02-19,194900.0,196000.0,194100.0,195400.0,74414
2024-02-20,196100.0,199300.0,195400.0,197300.0,125004
2024-02-21,199000.0,206500.0,198800.0,202000.0,206416
2024-02-22,204500.0,209500.0,202000.0,208000.0,201347
2024-02-23,210000.0,210000.0,204500.0,207500.0,118207
2024-02-26,209500.0,209500.0,205000.0,206500.0,86619
2024-02-27,206500.0,207000.0,202000.0,203500.0,99567
2024-02-28,201500.0,205500.0,201000.0,205000.0,82189
2024-02-29,203500.0,204000.0,200000.0,202000.0,123160
2024-03-04,204500.0,205500.0,201500.0,205000.0,100807
2024-03-05,202500.0,209000.0,202500.0,204500.0,80937
2024-03-06,201500.0,202500.0,186500.0,186500.0,659730
2024-03-07,187600.0,189300.0,186700.0,189100.0,175005
2024-03-08,189200.0,190300.0,188100.0,188800.0,181259
2024-03-11,188200.0,196000.0,188200.0,194900.0,197549
2024-03-12,195100.0,196900.0,191000.0,196500.0,129448
2024-03-13,197500.0,198300.0,194900.0,194900.0,89346
2024-03-14,194500.0,194600.0,191500.0,191900.0,152179
2024-03-15,192400.0,193600.0,188300.0,188300.0,158352
2024-03-18,189800.0,190500.0,188300.0,190300.0,70661
2024-03-19,190900.0,191400.0,188400.0,189700.0,120051
2024-03-20,191200.0,193100.0,189800.0,192300.0,139146
2024-03-21,193800.0,194300.0,191400.0,193900.0,142744
2024-03-22,190800.0,193500.0,189900.0,192400.0,136236
2024-03-25,192700.0,195500.0,190800.0,191300.0,116268
2024-03-26,192200.0,195300.0,191500.0,191600.0,131638
2024-03-27,191000.0,194800.0,190700.0,194800.0,91831
2024-03-28,196000.0,198800.0,194900.0,197500.0,147529
2024-03-29,197900.0,198300.0,194200.0,196700.0,87558
2024-04-01,198800.0,207500.0,198700.0,206000.0,244842
2024-04-02,205000.0,207500.0,203000.0,204500.0,115148
2024-04-03,202500.0,202500.0,198200.0,198300.0,119435
2024-04-04,201000.0,202500.0,196200.0,198500.0,127761
2024-04-05,195700.0,199500.0,192700.0,197400.0,112745
2024-04-08,199700.0,206500.0,195900.0,205000.0,182774
2024-04-09,205000.0,207000.0,197600.0,198100.0,149097
2024-04-11,194200.0,197700.0,191000.0,195600.0,144876
2024-04-12,199400.0,204000.0,196100.0,202000.0,192191
2024-04-15,200000.0,201500.0,196300.0,196700.0,110441
2024-04-16,193000.0,194000.0,188300.0,188700.0,171290
2024-04-17,188700.0,190500.0,184100.0,184100.0,133239
2024-04-18,184000.0,187700.0,184000.0,186600.0,112356
2024-04-19,184700.0,186400.0,179500.0,181300.0,134717
2024-04-22,182500.0,185000.0,182300.0,184500.0,69115
2024-04-23,184700.0,189100.0,184500.0,187200.0,80194
2024-04-24,188900.0,210000.0,188900.0,209000.0,515047
2024-04-25,207000.0,215500.0,205000.0,212500.0,413615
2024-04-26,213000.0,215000.0,210500.0,213500.0,145052
2024-04-29,215000.0,216500.0,211500.0,215000.0,107652
2024-04-30,218000.0,225000.0,217000.0,222000.0,408070
2024-05-02,222500.0,226000.0,221500.0,223500.0,140927
2024-05-03,229500.0,237500.0,229500.0,234500.0,508130
2024-05-07,237500.0,240000.0,234500.0,239500.0,284279
2024-05-08,235500.0,237000.0,232000.0,233500.0,143518
2024-05-09,234000.0,236500.0,230500.0,232500.0,191259
2024-05-10,237500.0,238000.0,231500.0,234000.0,115582
2024-05-13,235000.0,236500.0,232000.0,233500.0,90232
2024-05-14,235000.0,245000.0,233000.0,242500.0,262737
2024-05-16,247000.0,249000.0,242500.0,243500.0,164013
2024-05-17,244000.0,245000.0,237000.0,238500.0,118417
2024-05-20,241000.0,241500.0,233000.0,235500.0,137778
2024-05-21,237000.0,238000.0,233500.0,236000.0,120278
2024-05-22,236000.0,237000.0,233000.0,234500.0,117162
2024-05-23,234000.0,243500.0,232500.0,237000.0,196854
2024-05-24,233000.0,238500.0,230000.0,236500.0,119220
2024-05-27,238000.0,238500.0,234000.0,238000.0,104874
2024-05-28,235500.0,240000.0,233000.0,239500.0,136128
2024-05-29,244500.0,256000.0,239500.0,247500.0,425967
2024-05-30,248500.0,252500.0,242000.0,246000.0,192486
2024-05-31,250500.0,258000.0,248000.0,248000.0,345454
2024-06-03,253000.0,253500.0,246000.0,249000.0,143571
2024-06-04,250500.0,254000.0,242500.0,243000.0,143638
2024-06-05,243500.0,249000.0,239500.0,244000.0,129367
2024-06-07,244500.0,246000.0,239000.0,241000.0,144701
2024-06-10,243000.0,248500.0,240000.0,243000.0,161372
2024-06-11,236500.0,237000.0,220000.0,229500.0,487174
2024-06-12,255500.0,272000.0,251000.0,251000.0,1644960
2024-06-13,257500.0,257500.0,243500.0,245000.0,442866
2024-06-14,245500.0,264500.0,239500.0,264000.0,487478
2024-06-17,261500.0,266000.0,257000.0,261500.0,207474
2024-06-18,265000.0,270000.0,259500.0,263500.0,271868
2024-06-19,264500.0,270000.0,263500.0,265000.0,183966
2024-06-20,265000.0,267000.0,261000.0,261500.0,107752
2024-06-21,254500.0,261000.0,254000.0,255500.0,131786
2024-06-24,254000.0,266000.0,254000.0,262000.0,192355
2024-06-25,265000.0,269500.0,262000.0,265500.0,169003
2024-06-26,264000.0,274000.0,262500.0,273000.0,185144
2024-06-27,273000.0,273500.0,267500.0,272000.0,126508
2024-06-28,273500.0,273500.0,265500.0,272000.0,133144
2024-07-01,269000.0,273500.0,268000.0,270500.0,79728
2024-07-02,272000.0,278000.0,266500.0,269000.0,168675
2024-07-03,272500.0,272500.0,263000.0,265000.0,122769
2024-07-04,266000.0,269500.0,258500.0,268000.0,201393
2024-07-05,268000.0,272500.0,267000.0,268500.0,138334
2024-07-08,270000.0,276500.0,268500.0,275500.0,158890
2024-07-09,277500.0,278000.0,272500.0,275000.0,158055
2024-07-10,277500.0,289000.0,275500.0,287500.0,313836
2024-07-11,294500.0,297000.0,286500.0,286500.0,204355
2024-07-12,280500.0,288000.0,278500.0,287500.0,154434
2024-07-15,292000.0,298500.0,290000.0,294500.0,174319
2024-07-16,299000.0,305000.0,298000.0,302000.0,281238
2024-07-17,305000.0,305500.0,295500.0,297000.0,150478
2024-07-18,294000.0,300000.0,291000.0,298500.0,179290
2024-07-19,297500.0,298000.0,286000.0,297500.0,227052
2024-07-22,295500.0,295500.0,280500.0,284500.0,161070
2024-07-23,287000.0,290000.0,278000.0,280500.0,129573
2024-07-24,283000.0,285000.0,265500.0,274500.0,340577
2024-07-25,276000.0,277000.0,254500.0,258500.0,409177
2024-07-26,256000.0,261500.0,250500.0,259000.0,151158
2024-07-29,262000.0,264000.0,245500.0,247500.0,299454
2024-07-30,246500.0,250000.0,244000.0,245000.0,147943
2024-07-31,246500.0,256000.0,242500.0,256000.0,197299
2024-08-01,258000.0,261000.0,250000.0,256500.0,151570
2024-08-02,247500.0,251500.0,241500.0,243000.0,154353
2024-08-05,235500.0,237000.0,211000.0,217500.0,334018
2024-08-06,228000.0,236500.0,225000.0,231000.0,202749
2024-08-07,227000.0,247000.0,226000.0,241500.0,211807
2024-08-08,238500.0,246500.0,237000.0,243000.0,149122
2024-08-09,248500.0,250500.0,234500.0,235500.0,170355
2024-08-12,239500.0,252000.0,239500.0,250500.0,187804
2024-08-13,252000.0,255000.0,247000.0,251000.0,116109
2024-08-14,255000.0,256000.0,248000.0,250000.0,89822
2024-08-16,255000.0,255500.0,250500.0,252000.0,104110
2024-08-19,254000.0,257500.0,249500.0,250000.0,101307
2024-08-20,252500.0,254000.0,246500.0,248500.0,86525
2024-08-21,249000.0,257000.0,247000.0,252500.0,104656
2024-08-22,253500.0,254000.0,248500.0,254000.0,91175
2024-08-23,251000.0,255000.0,249500.0,254000.0,62917
2024-08-26,255500.0,257500.0,247000.0,248500.0,86959
2024-08-27,247000.0,257000.0,246500.0,256500.0,101783
2024-08-28,258500.0,260500.0,255000.0,259000.0,90717
2024-08-29,256000.0,269500.0,252000.0,269000.0,162615
2024-08-30,273000.0,279500.0,268000.0,278000.0,224792
2024-09-02,278000.0,281500.0,271500.0,280000.0,167401
2024-09-03,278000.0,278000.0,257500.0,258000.0,392556
2024-09-04,244500.0,252500.0,240500.0,242000.0,279450
2024-09-05,243500.0,250000.0,237000.0,238500.0,214960
2024-09-06,240000.0,243000.0,229000.0,231500.0,184530
2024-09-09,228500.0,239000.0,227500.0,237500.0,117088
2024-09-10,233500.0,234500.0,220000.0,223500.0,292234
2024-09-11,225500.0,226000.0,221000.0,222500.0,115797
2024-09-12,226500.0,229000.0,223000.0,228500.0,165577
2024-09-13,229000.0,235500.0,228000.0,231500.0,90970
2024-09-19,233000.0,236000.0,219500.0,228500.0,368062
2024-09-20,230500.0,232000.0,227500.0,230500.0,238729
2024-09-23,230500.0,232000.0,227500.0,231000.0,53665
2024-09-24,228500.0,229000.0,222000.0,226500.0,238479
2024-09-25,228500.0,230500.0,223500.0,223500.0,127497
2024-09-26,225500.0,229500.0,224500.0,229500.0,162957
2024-09-27,229000.0,229000.0,222000.0,222500.0,213713
2024-09-30,222500.0,223000.0,217500.0,218000.0,158108
2024-10-02,213500.0,214000.0,206500.0,208000.0,197274
2024-10-04,210000.0,214500.0,208500.0,213000.0,106561
2024-10-07,213500.0,214000.0,209500.0,211500.0,106138
2024-10-08,209000.0,210000.0,204000.0,204000.0,248140
2024-10-10,206500.0,208500.0,203000.0,204000.0,200718
2024-10-11,204500.0,206000.0,200500.0,201500.0,119981
2024-10-14,200500.0,203500.0,200500.0,201500.0,51508
2024-10-15,202500.0,204000.0,196000.0,197400.0,249853
2024-10-16,198300.0,204500.0,197000.0,199900.0,196855
2024-10-17,200000.0,201000.0,197800.0,199000.0,103141
2024-10-18,199900.0,199900.0,191500.0,193700.0,170857
2024-10-21,197200.0,205500.0,197100.0,199200.0,298206
2024-10-22,195600.0,203500.0,192800.0,199200.0,187058
2024-10-23,200000.0,202500.0,196500.0,199700.0,126822
2024-10-24,188000.0,188600.0,175700.0,176000.0,916587
2024-10-25,176200.0,176900.0,171200.0,172300.0,314251
2024-10-28,172400.0,177400.0,172400.0,176600.0,195924
2024-10-29,176200.0,177900.0,173600.0,177000.0,101227
2024-10-30,177300.0,178400.0,175000.0,176000.0,122335
2024-10-31,175700.0,178300.0,174600.0,177600.0,152993
2024-11-01,175800.0,176200.0,173300.0,174000.0,95831
2024-11-04,173900.0,175900.0,172700.0,175200.0,105849
2024-11-05,172700.0,176600.0,171500.0,176000.0,116552
2024-11-06,178200.0,178300.0,172200.0,173000.0,116971
2024-11-07,171700.0,174800.0,169100.0,174100.0,146621
2024-11-08,174900.0,177200.0,171500.0,172100.0,115399
2024-11-11,171300.0,171900.0,166200.0,166700.0,176582
2024-11-12,165600.0,171300.0,163800.0,166700.0,159714
2024-11-13,164700.0,170000.0,164000.0,165900.0,169736
2024-11-14,166600.0,168300.0,162100.0,162200.0,181092
2024-11-15,162900.0,164600.0,159000.0,162100.0,123993
2024-11-18,162400.0,167300.0,162000.0,163600.0,96158
2024-11-19,164200.0,169000.0,164200.0,165700.0,90054
2024-11-20,165800.0,168300.0,165300.0,165700.0,85306
2024-11-21,166000.0,169100.0,165000.0,165000.0,99303
2024-11-22,165800.0,167800.0,164600.0,164700.0,86808
2024-11-25,166300.0,173600.0,165800.0,172600.0,224459
2024-11-26,172200.0,174700.0,171000.0,173600.0,138546
2024-11-27,174300.0,174500.0,168800.0,168900.0,119621
2024-11-28,169900.0,170200.0,167200.0,169100.0,69104
2024-11-29,168400.0,168900.0,161900.0,161900.0,147225
2024-12-02,163300.0,166100.0,161500.0,163100.0,137683
2024-12-03,163500.0,165800.0,163500.0,165000.0,119140
2024-12-04,161900.0,164100.0,159900.0,162200.0,143241
2024-12-05,162500.0,166600.0,161600.0,162400.0,123609
2024-12-06,162400.0,164500.0,157000.0,159600.0,158269
2024-12-09,157400.0,157400.0,152500.0,152700.0,162855
2024-12-10,153800.0,156400.0,153100.0,155400.0,177875
2024-12-11,155400.0,166500.0,154500.0,165900.0,184961
2024-12-12,166700.0,169200.0,164300.0,167200.0,262987
2024-12-13,167600.0,172000.0,167600.0,171200.0,171712
2024-12-16,173800.0,173800.0,169200.0,169700.0,73082
2024-12-17,169000.0,169700.0,166500.0,168200.0,132756
2024-12-18,169800.0,174100.0,168500.0,173200.0,154126
2024-12-19,169100.0,170600.0,167200.0,167700.0,135437
2024-12-20,166600.0,166600.0,160100.0,160900.0,220231
2024-12-23,162200.0,166200.0,160400.0,164900.0,143871
2024-12-24,165200.0,167900.0,164000.0,164600.0,68086
2024-12-26,166000.0,168100.0,162300.0,166700.0,127213
2024-12-27,165800.0,169000.0,161500.0,162600.0,100359
2024-12-30,162100.0,164600.0,161700.0,162000.0,62292
2025-01-02,161800.0,162800.0,155900.0,157500.0,112176
2025-01-03,156500.0,162300.0,156500.0,160300.0,94971
2025-01-06,161900.0,172300.0,161900.0,168800.0,230780
2025-01-07,170500.0,171000.0,165400.0,165400.0,98672
2025-01-08,165100.0,174000.0,164000.0,171500.0,165087
2025-01-09,171500.0,173000.0,168000.0,168000.0,166095
2025-01-10,168600.0,172600.0,165500.0,165800.0,152994
2025-01-13,168900.0,171000.0,162100.0,162200.0,219415
2025-01-14,163100.0,164200.0,162100.0,162700.0,104764
2025-01-15,163900.0,166400.0,161600.0,162200.0,137730
2025-01-16,164400.0,164600.0,160100.0,161000.0,233464
2025-01-17,159500.0,160400.0,157000.0,158300.0,224095
2025-01-20,159000.0,161700.0,158100.0,160100.0,132000
2025-01-21,160600.0,163300.0,158000.0,161200.0,157911
2025-01-22,160100.0,162400.0,159000.0,161200.0,146724
2025-01-23,160600.0,160800.0,150000.0,150200.0,655107
2025-01-24,150200.0,150300.0,147800.0,148600.0,230296
2025-01-31,150000.0,150500.0,147200.0,148700.0,190020
2025-02-03,145400.0,145800.0,139700.0,139900.0,275677
2025-02-04,142300.0,144000.0,141500.0,142800.0,122835
2025-02-05,143500.0,147700.0,143500.0,147100.0,136572
2025-02-06,148100.0,150300.0,146300.0,150100.0,148206
2025-02-07,150100.0,151700.0,149200.0,150500.0,108458
2025-02-10,149200.0,153500.0,148300.0,153000.0,157498
2025-02-11,153600.0,164600.0,151700.0,161800.0,478043
2025-02-12,162600.0,167400.0,162100.0,164800.0,298398
2025-02-13,163200.0,166000.0,161800.0,163500.0,248357
2025-02-14,163200.0,165200.0,162700.0,163600.0,142955
2025-02-17,165200.0,168400.0,163800.0,164100.0,125336
2025-02-18,165400.0,166600.0,162600.0,165000.0,154572
2025-02-19,165000.0,169400.0,164800.0,168000.0,216997
2025-02-20,168600.0,169300.0,165000.0,167000.0,136713
2025-02-21,167000.0,167600.0,163500.0,165600.0,123991
2025-02-24,163500.0,164000.0,160700.0,164000.0,104251
2025-02-25,162900.0,165700.0,160100.0,160300.0,177607
2025-02-26,160100.0,162100.0,158200.0,161600.0,123256
2025-02-27,162200.0,169500.0,161000.0,168000.0,314234
2025-02-28,165600.0,168300.0,161600.0,162400.0,229809
2025-03-04,160800.0,161600.0,156000.0,160000.0,110974
2025-03-05,160800.0,163000.0,159300.0,162000.0,107910
2025-03-06,166900.0,178900.0,166000.0,177500.0,787438
2025-03-07,177500.0,178200.0,174800.0,175700.0,318109
2025-03-10,175700.0,176300.0,172000.0,172900.0,124835
2025-03-11,166000.0,172600.0,164300.0,171200.0,191187
2025-03-12,173400.0,173800.0,170400.0,171400.0,129113
2025-03-13,172000.0,172000.0,159700.0,159700.0,639456
2025-03-14,158400.0,160200.0,157800.0,158000.0,208157
2025-03-17,158000.0,161200.0,158000.0,158900.0,166247
2025-03-18,158600.0,160000.0,157700.0,158000.0,124546
2025-03-19,157100.0,160600.0,157100.0,159600.0,135502
2025-03-20,161100.0,162800.0,160900.0,161600.0,149177
2025-03-21,161600.0,163200.0,160400.0,163200.0,152670
2025-03-24,163200.0,163900.0,162000.0,163700.0,62809
2025-03-25,165400.0,168200.0,164600.0,167300.0,144904
2025-03-26,168400.0,176600.0,168200.0,174800.0,360303
2025-03-27,172300.0,174700.0,171200.0,171600.0,98359
2025-03-28,170200.0,170200.0,163200.0,165400.0,92565
2025-03-31,161700.0,162000.0,157200.0,159900.0,116732
2025-04-01,161700.0,162100.0,157200.0,158800.0,127867
2025-04-02,159900.0,160000.0,151100.0,152100.0,224252
2025-04-03,146300.0,147300.0,142100.0,142300.0,315372
2025-04-04,139600.0,144800.0,138000.0,141900.0,237564
2025-04-07,136300.0,136600.0,128600.0,130600.0,168454
2025-04-08,133800.0,134800.0,127000.0,127500.0,175343
2025-04-09,124000.0,126000.0,121000.0,122000.0,151394
2025-04-10,137400.0,139700.0,133000.0,134800.0,306317
2025-04-11,131300.0,137900.0,130200.0,137800.0,133656
2025-04-14,144600.0,150000.0,144500.0,145800.0,292797
2025-04-15,144500.0,146200.0,142400.0,143000.0,100716
2025-04-16,142800.0,143000.0,136500.0,137200.0,134427
2025-04-17,135500.0,138900.0,135300.0,137800.0,85484
2025-04-18,139300.0,140500.0,138100.0,139000.0,55356
2025-04-21,139100.0,142200.0,138800.0,140500.0,60657
2025-04-22,138900.0,140400.0,138400.0,138700.0,82717
2025-04-23,142000.0,145900.0,140500.0,145500.0,138530
2025-04-24,144600.0,144600.0,136600.0,139400.0,293980
2025-04-25,140300.0,142200.0,140300.0,141900.0,121197
2025-04-28,141400.0,142500.0,140400.0,141600.0,66345
2025-04-29,141700.0,142050.0,138200.0,141200.0,106933
2025-04-30,140500.0,142400.0,138400.0,139600.0,108811
2025-05-02,138000.0,139500.0,138000.0,138600.0,68390
2025-05-07,139600.0,140500.0,136900.0,137600.0,90912
2025-05-08,138000.0,140100.0,137500.0,138400.0,130795
2025-05-09,138600.0,138900.0,137200.0,138500.0,61959
2025-05-12,140200.0,149500.0,140000.0,149500.0,261045
2025-05-13,153900.0,154500.0,150900.0,153200.0,225285
2025-05-14,155000.0,156900.0,150200.0,151500.0,252694
2025-05-15,150200.0,152100.0,148400.0,149100.0,95085
2025-05-16,149600.0,149700.0,145900.0,147500.0,56843
2025-05-19,145100.0,145900.0,143100.0,143600.0,64509
2025-05-20,144400.0,145900.0,142100.0,142600.0,57507
2025-05-21,142600.0,145200.0,142600.0,144600.0,49758
2025-05-22,142200.0,142800.0,140000.0,140700.0,52902
2025-05-23,140500.0,141800.0,138900.0,139300.0,55297
2025-05-26,139000.0,143000.0,137200.0,143000.0,96262
2025-05-27,141600.0,142300.0,137700.0,138300.0,102534
2025-05-28,140000.0,148500.0,139900.0,147900.0,188593
2025-05-29,149800.0,150600.0,146700.0,149400.0,104165
2025-05-30,147800.0,147900.0,144800.0,144900.0,152120
2025-06-02,144700.0,145900.0,142000.0,142300.0,82998
2025-06-04,144100.0,145300.0,143000.0,143900.0,84779
2025-06-05,144100.0,150500.0,143500.0,149400.0,211520
2025-06-09,149600.0,150600.0,147600.0,148100.0,129752
2025-06-10,148200.0,149300.0,145800.0,148100.0,179488
2025-06-11,148800.0,151800.0,148700.0,149900.0,124310
2025-06-12,149300.0,150400.0,148300.0,150000.0,216872
2025-06-13,150000.0,150000.0,142600.0,144300.0,189681
2025-06-16,145100.0,145100.0,140100.0,143400.0,159448
2025-06-17,144100.0,147900.0,141700.0,143800.0,158405
2025-06-18,142600.0,156800.0,142200.0,153400.0,453432
2025-06-19,153700.0,154000.0,147300.0,148000.0,250691
2025-06-20,148500.0,149800.0,147200.0,149700.0,130392
2025-06-23,147100.0,147400.0,143500.0,146000.0,151240
2025-06-24,150000.0,155000.0,150000.0,151700.0,238286
2025-06-25,155000.0,155500.0,151700.0,153700.0,154094
2025-06-26,154800.0,156000.0,150600.0,152000.0,152914
2025-06-27,151100.0,151100.0,147000.0,147800.0,151294
2025-06-30,149200.0,151400.0,147100.0,147400.0,102450
2025-07-01,148900.0,153800.0,148600.0,150300.0,182077
2025-07-02,151300.0,153100.0,148500.0,152900.0,153007
2025-07-03,154000.0,156600.0,152400.0,156200.0,145188
2025-07-04,158800.0,158800.0,151700.0,152400.0,124653
2025-07-07,152500.0,152600.0,150100.0,150200.0,99443
2025-07-08,149900.0,152200.0,147400.0,148000.0,150418
2025-07-09,148200.0,148800.0,146800.0,148600.0,142217
2025-07-10,154600.0,164400.0,153300.0,157900.0,752770
2025-07-11,157900.0,158000.0,155700.0,157300.0,148293
2025-07-14,156000.0,157700.0,154200.0,155500.0,132656
2025-07-15,154600.0,156700.0,153800.0,155700.0,117397
2025-07-16,155400.0,156300.0,153700.0,154000.0,108896
2025-07-17,155100.0,155200.0,151100.0,154300.0,128769
2025-07-18,154700.0,156900.0,152900.0,154600.0,105698
2025-07-21,154800.0,155400.0,152700.0,154200.0,98590
2025-07-22,156300.0,158500.0,151300.0,151900.0,230818
2025-07-23,153100.0,154400.0,150700.0,154000.0,140816
2025-07-24,152000.0,156200.0,148500.0,155500.0,232165
2025-07-25,154800.0,154800.0,151800.0,153300.0,102333
2025-07-28,153700.0,157500.0,152800.0,154700.0,130163
2025-07-29,154100.0,156300.0,151650.0,155500.0,112415
2025-07-30,155700.0,161000.0,155200.0,159200.0,269224
2025-07-31,160600.0,160700.0,155000.0,156500.0,157734
2025-08-01,156600.0,158800.0,152500.0,152600.0,194567
2025-08-04,152600.0,154100.0,150700.0,153000.0,109366
2025-08-05,154500.0,158300.0,154200.0,156700.0,143109
2025-08-06,156000.0,158800.0,155300.0,156800.0,93743
2025-08-07,161000.0,161200.0,156900.0,157700.0,170755
2025-08-08,157000.0,160200.0,155900.0,159400.0,214801
2025-08-11,161400.0,170100.0,161400.0,164900.0,490150
2025-08-12,164600.0,167000.0,162600.0,162900.0,152387
2025-08-13,165100.0,170900.0,161700.0,169400.0,276386
2025-08-14,170000.0,170000.0,166300.0,166900.0,138355
2025-08-18,166400.0,166500.0,162800.0,164400.0,134976
2025-08-19,164200.0,165000.0,161600.0,162400.0,92810
2025-08-20,159900.0,163500.0,157600.0,159400.0,161021
2025-08-21,159500.0,161600.0,158100.0,158400.0,140675
2025-08-22,158900.0,161100.0,158000.0,158700.0,88574
2025-08-25,160000.0,163800.0,158100.0,158700.0,179505
2025-08-26,159300.0,163700.0,159200.0,160300.0,1553166
2025-08-27,162800.0,169300.0,161200.0,166600.0,343770
2025-08-28,167600.0,167900.0,164700.0,167000.0,105434
2025-08-29,166500.0,171200.0,165800.0,169100.0,179774
2025-09-01,167100.0,167200.0,162000.0,162500.0,147711
2025-09-02,162700.0,169400.0,161800.0,168500.0,166380
2025-09-03,167600.0,171900.0,167400.0,171800.0,213230
2025-09-04,172900.0,173800.0,170300.0,172500.0,175625
2025-09-05,171600.0,172200.0,169100.0,170500.0,121219
2025-09-08,169800.0,169800.0,166700.0,168000.0,133500
2025-09-09,168500.0,169700.0,167300.0,169700.0,114697
2025-09-10,168500.0,168500.0,159800.0,160800.0,581149
2025-09-11,161100.0,164500.0,160800.0,164000.0,418308
2025-09-12,164600.0,168200.0,162800.0,167800.0,270132
2025-09-15,167500.0,168400.0,166100.0,167900.0,124607
2025-09-16,167900.0,179900.0,167800.0,179900.0,476521
2025-09-17,176800.0,176800.0,173500.0,173900.0,199918
2025-09-18,176500.0,177300.0,173200.0,176900.0,183651
2025-09-22,184100.0,195500.0,183900.0,193100.0,696452
2025-09-23,199000.0,199300.0,193600.0,197100.0,343773
2025-09-24,193900.0,196900.0,191300.0,196900.0,195651
2025-09-25,195900.0,198500.0,193700.0,197500.0,202590
2025-09-26,200000.0,200000.0,188100.0,189300.0,216676
2025-09-29,190700.0,192100.0,188700.0,190600.0,101124
2025-09-30,191200.0,191300.0,186000.0,187800.0,164438
2025-10-01,188000.0,189500.0,186200.0,188500.0,89799
2025-10-02,191300.0,194800.0,188500.0,189600.0,170529
2025-10-10,189900.0,193600.0,189300.0,191800.0,218720
2025-10-13,189000.0,189000.0,183700.0,187200.0,156670
2025-10-14,187500.0,190200.0,182600.0,183600.0,186808
2025-10-15,186900.0,196400.0,186100.0,196200.0,280176
2025-10-16,196000.0,199000.0,193000.0,198000.0,165734
2025-10-17,196600.0,213000.0,196500.0,209500.0,306582
2025-10-20,211500.0,216500.0,207000.0,215000.0,189140
2025-10-21,224500.0,230500.0,221000.0,222500.0,303814
2025-10-22,222500.0,222500.0,214500.0,219000.0,169135
2025-10-23,213500.0,219500.0,211000.0,216000.0,159219
2025-10-24,214000.0,220000.0,214000.0,217000.0,98586
2025-10-27,218000.0,222500.0,216500.0,220500.0,147483
2025-10-28,222000.0,224500.0,217000.0,224500.0,180451
2025-10-29,229000.0,231500.0,224000.0,231000.0,162710
2025-10-30,230000.0,233000.0,224500.0,228500.0,185207
2025-10-31,231500.0,248500.0,231000.0,241000.0,412408
2025-11-03,244000.0,248000.0,235000.0,237000.0,220004
2025-11-04,241000.0,242500.0,235500.0,237000.0,185508
2025-11-05,237000.0,239000.0,223000.0,234500.0,206248
2025-11-06,243500.0,257000.0,242000.0,256000.0,475675
2025-11-07,248500.0,256000.0,246500.0,253500.0,353117
2025-11-10,256500.0,257000.0,242000.0,248500.0,201047
2025-11-11,250500.0,259500.0,248500.0,252000.0,188585
2025-11-12,258500.0,258500.0,250500.0,252000.0,122327
2025-11-13,252000.0,252000.0,243500.0,244500.0,199426
2025-11-14,240500.0,251250.0,239000.0,242500.0,154164
2025-11-17,247000.0,247000.0,239000.0,245000.0,92632
2025-11-18,241000.0,242000.0,236000.0,237000.0,165831
2025-11-19,239000.0,248000.0,229000.0,240500.0,197150
2025-11-20,249000.0,249000.0,239500.0,240500.0,167270
2025-11-21,236000.0,236000.0,228500.0,231000.0,134410
2025-11-24,235000.0,237000.0,230500.0,232000.0,151438
2025-11-25,238000.0,240000.0,233000.0,236000.0,135188
2025-11-26,240500.0,242500.0,236000.0,242500.0,89905
2025-11-27,246000.0,248500.0,239000.0,240500.0,82861
2025-11-28,242000.0,242000.0,235000.0,237000.0,86156
2025-12-01,238000.0,241000.0,231000.0,237500.0,94906
2025-12-02,237500.0,249500.0,235500.0,248000.0,158621
2025-12-03,249500.0,273500.0,247500.0,271000.0,392072
2025-12-04,270000.0,283000.0,268500.0,283000.0,266686
2025-12-05,282000.0,287000.0,279500.0,284500.0,173001
2025-12-08,288000.0,294500.0,281000.0,286500.0,149610
2025-12-09,288000.0,296500.0,286000.0,287500.0,145093
2025-12-10,289500.0,295500.0,287000.0,289000.0,130142
2025-12-11,294000.0,299500.0,290500.0,294500.0,186519
2025-12-12,296500.0,297000.0,291000.0,294500.0,106599
2025-12-15,286500.0,291500.0,283500.0,287500.0,137137
2025-12-16,287500.0,290500.0,278000.0,280000.0,136586
2025-12-17,285000.0,286000.0,279500.0,285000.0,78585
2025-12-18,276500.0,286000.0,270000.0,281000.0,148512
2025-12-19,284500.0,285000.0,271000.0,281000.0,172943
2025-12-22,284500.0,285000.0,275000.0,280500.0,97108
2025-12-23,279500.0,280000.0,273000.0,274500.0,98091
2025-12-24,275500.0,277500.0,272000.0,272500.0,52717
2025-12-26,274500.0,275500.0,271000.0,272500.0,71891
2025-12-29,268500.0,272500.0,265500.0,271500.0,97241
2025-12-30,275500.0,275500.0,267000.0,271000.0,102604
2026-01-02,272000.0,272500.0,261000.0,267500.0,139361
2026-01-05,271000.0,273500.0,265500.0,273000.0,133660
2026-01-06,274500.0,275000.0,253000.0,269000.0,217537
2026-01-07,267000.0,278000.0,265500.0,275000.0,191268
2026-01-08,276500.0,289500.0,273000.0,283000.0,276347
2026-01-09,284000.0,285000.0,260000.0,261500.0,298860
2026-01-12,267000.0,271500.0,262500.0,269000.0,170878
2026-01-13,271000.0,284000.0,268000.0,283000.0,222871
2026-01-14,283500.0,297000.0,275500.0,282500.0,168163
2026-01-15,279500.0,285000.0,276000.0,279500.0,123674
2026-01-16,281500.0,288000.0,275000.0,286000.0,165825
2026-01-19,284000.0,290000.0,280000.0,285500.0,155654
2026-01-20,286000.0,286000.0,274000.0,280000.0,149724
2026-01-21,272000.0,279500.0,270000.0,279000.0,147588
2026-01-22,278500.0,290000.0,277000.0,283000.0,186853
2026-01-23,287000.0,288000.0,274500.0,277000.0,182602
2026-01-26,275000.0,278500.0,270000.0,276000.0,168716
2026-01-27,276500.0,276500.0,255500.0,257500.0,632098
2026-01-28,260000.0,260500.0,255500.0,257500.0,274435
2026-01-29,257000.0,257500.0,245000.0,248000.0,558520
2026-01-30,251000.0,251500.0,243000.0,245000.0,335483
2026-02-02,239500.0,245500.0,236000.0,238000.0,266011
2026-02-03,244000.0,246500.0,240500.0,244500.0,199697
2026-02-04,244500.0,249500.0,244000.0,247000.0,154242
2026-02-05,244000.0,245000.0,234000.0,236000.0,213104
2026-02-06,230000.0,234000.0,226000.0,232500.0,164426
2026-02-09,239000.0,239000.0,233500.0,235500.0,153306
2026-02-10,252000.0,256500.0,242500.0,243500.0,362416
2026-02-11,246000.0,254500.0,242500.0,251000.0,348025
2026-02-12,253500.0,254000.0,248000.0,253500.0,210626
2026-02-13,247500.0,247500.0,241000.0,242500.0,219957
2026-02-19,246000.0,255500.0,246000.0,253000.0,208334
2026-02-20,252000.0,259000.0,251000.0,256000.0,190352
2026-02-23,260000.0,276500.0,260000.0,271000.0,392957
2026-02-24,269000.0,276500.0,265000.0,276500.0,184726
2026-02-25,280500.0,294500.0,275000.0,287500.0,326274
2026-02-26,294000.0,353500.0,292500.0,345000.0,1150873
2026-02-27,333000.0,333000.0,312000.0,319000.0,427958
2026-03-03,310500.0,313500.0,285000.0,285000.0,282899
2026-03-04,267500.0,278500.0,240500.0,246000.0,380687
2026-03-05,267500.0,273500.0,259500.0,263500.0,260846
2026-03-06,259500.0,273500.0,258000.0,270000.0,190301
2026-03-09,249000.0,254500.0,240000.0,250500.0,166051
2026-03-10,264000.0,264500.0,252500.0,258000.0,135821
2026-03-11,265500.0,272500.0,257000.0,261000.0,178492
2026-03-12,256500.0,260500.0,251500.0,254000.0,168505
2026-03-13,245500.0,252500.0,242500.0,250000.0,130060
2026-03-16,250000.0,258500.0,249500.0,254000.0,85820
2026-03-17,260000.0,264000.0,254500.0,255500.0,121338
2026-03-18,261000.0,269000.0,259500.0,268500.0,141335
2026-03-19,261000.0,293000.0,260000.0,286000.0,340684
2026-03-20,289000.0,299000.0,286000.0,296000.0,227695
2026-03-23,282500.0,304500.0,278000.0,290000.0,269547
2026-03-24,304000.0,304500.0,277500.0,292000.0,174670
2026-03-25,300000.0,318000.0,297500.0,313000.0,413296
2026-03-26,310000.0,323000.0,301500.0,303000.0,204502
2026-03-27,298000.0,322500.0,296500.0,320500.0,466427
2026-03-30,304000.0,314000.0,300500.0,308000.0,212428
2026-03-31,301500.0,310000.0,291500.0,293500.0,218739
2026-04-01,316000.0,348000.0,313500.0,342000.0,526365
2026-04-02,337000.0,345000.0,320000.0,328500.0,324960
2026-04-03,339000.0,347500.0,318500.0,324500.0,276917
2026-04-06,325000.0,342000.0,322500.0,336500.0,247174
2026-04-07,342000.0,345500.0,320000.0,325500.0,199722
2026-04-08,348500.0,356000.0,335500.0,347000.0,268614
2026-04-09,343500.0,353000.0,340000.0,341000.0,196722
2026-04-10,349500.0,383500.0,349000.0,380000.0,532942
2026-04-13,366000.0,377000.0,358000.0,361500.0,207578
2026-04-14,371500.0,373500.0,360000.0,370500.0,148905
2026-04-15,373000.0,389000.0,373000.0,383000.0,252722
2026-04-16,379500.0,384000.0,372000.0,379000.0,150011
2026-04-17,383000.0,398500.0,376500.0,394000.0,207442
2026-04-20,404000.0,417000.0,394500.0,409500.0,212030
2026-04-21,414500.0,429500.0,409000.0,425000.0,201193
2026-04-22,453000.0,505000.0,446500.0,500000.0,598835
2026-04-23,534000.0,535000.0,484500.0,500000.0,495857
2026-04-24,537000.0,568000.0,522000.0,542000.0,486132
2026-04-27,542000.0,549000.0,517000.0,536000.0,420637
2026-04-28,568000.0,596000.0,555000.0,577000.0,410687
2026-04-29,587000.0,596000.0,571000.0,592000.0,246944
2026-04-30,589000.0,600000.0,568000.0,573000.0,286326
2026-05-04,589000.0,605000.0,572000.0,595000.0,251351
2026-05-06,618000.0,640000.0,595000.0,632000.0,349979
2026-05-07,643000.0,649000.0,610000.0,637000.0,222412
2026-05-08,622000.0,635000.0,592000.0,624000.0,205522
2026-05-11,630000.0,705000.0,606000.0,688000.0,329035
2026-05-12,712000.0,730000.0,639000.0,696000.0,337149
2026-05-13,697000.0,757000.0,677000.0,753000.0,435688
2026-05-14,760000.0,777000.0,744000.0,760000.0,251180
2026-05-15,798000.0,818000.0,712000.0,732000.0,403497
2026-05-18,720000.0,773000.0,673000.0,760000.0,299595
2026-05-19,799000.0,829000.0,771000.0,793000.0,427309
2026-05-20,776000.0,776000.0,710000.0,760000.0,462168
2026-05-21,775000.0,848000.0,769000.0,838000.0,286368
2026-05-22,857000.0,874000.0,817000.0,864000.0,265163
2026-05-26,935000.0,1115000.0,933000.0,1068000.0,682399
2026-05-27,1266000.0,1295000.0,1034000.0,1044000.0,997730
2026-05-28,1029000.0,1170000.0,1011000.0,1134000.0,890116
2026-05-29,1193000.0,1474000.0,1145000.0,1458000.0,1402802
2026-06-01,1601000.0,1788000.0,1490000.0,1530000.0,1530691
2026-06-02,1381000.0,1381000.0,1150000.0,1252000.0,1113092
2026-06-04,1192000.0,1208000.0,1141000.0,1173000.0,517511
2026-06-05,1091000.0,1242000.0,1074000.0,1160000.0,889526
2026-06-08,985000.0,1188000.0,976000.0,1095000.0,504487
2026-06-09,1147000.0,1169000.0,986000.0,1137000.0,753937
2026-06-10,1090000.0,1164000.0,1039000.0,1090000.0,44
2026-06-11,1023000.0,1098000.0,1009000.0,1072000.0,417320
2026-06-12,1163000.0,1192000.0,1013000.0,1036000.0,470779
2026-06-15,1091000.0,1226000.0,1090000.0,1209000.0,542578
2026-06-16,1290000.0,1301000.0,1210000.0,1236000.0,516339
2026-06-17,1207000.0,1305000.0,1202000.0,1248000.0,317100
2026-06-18,1230000.0,1320000.0,1200000.0,1283000.0,738271
2026-06-19,1293000.0,1295000.0,1122000.0,1145000.0,703406
2026-06-22,1144000.0,1182000.0,1115000.0,1130000.0,298767
2026-06-23,1121000.0,1132000.0,973000.0,991000.0,511102
2026-06-24,969000.0,1022000.0,936000.0,957000.0,404278
2026-06-25,1002000.0,1016000.0,943000.0,953000.0,282753
2026-06-26,923000.0,1005000.0,901000.0,931000.0,468089
2026-06-29,927000.0,928000.0,873000.0,915000.0,253374
2026-06-30,926000.0,984000.0,897000.0,981000.0,255297
2026-07-01,983000.0,985000.0,893000.0,907000.0,280239
2026-07-02,864000.0,915000.0,848000.0,874000.0,253266
2026-07-03,889000.0,905000.0,819000.0,872000.0,276013
2026-07-06,909000.0,923000.0,817000.0,855000.0,201927
2026-07-07,849000.0,864000.0,776000.0,814000.0,329090
2026-07-08,776000.0,833000.0,750000.0,763000.0,342501
2026-07-09,763000.0,792000.0,702000.0,741000.0,397540
2026-07-10,753000.0,768000.0,723000.0,742000.0,445165
2026-07-13,739000.0,752000.0,647000.0,661000.0,479902
2026-07-14,659000.0,672000.0,603000.0,641000.0,394682
2026-07-15,675000.0,695000.0,670000.0,688000.0,219016
2026-07-16,676000.0,693000.0,660000.0,668000.0,186849
2026-07-20,633000.0,650000.0,600000.0,602000.0,192674
2026-07-21,601000.0,630000.0,590000.0,629000.0,196338
2026-07-22,657000.0,685000.0,643000.0,647000.0,204666
2026-07-23,667000.0,698000.0,651000.0,679000.0,202054
2026-07-24,667000.0,667000.0,611000.0,625000.0,143854
2026-07-27,647000.0,649000.0,586000.0,614000.0,224497
2026-07-28,574000.0,575000.0,504000.0,514000.0,280740
2026-07-29,518000.0,519000.0,422500.0,458000.0,398467
2026-07-30,437000.0,470000.0,416000.0,424000.0,385246
2026-07-31,473500.0,524000.0,466000.0,514000.0,537129
2026-08-03,498000.0,543000.0,479500.0,513000.0,282339
2026-08-04,526000.0,526000.0,488500.0,525000.0,256495
2026-08-05,610000.0,622000.0,590000.0,601000.0,339241
2026-08-06,605000.0,610000.0,551000.0,554000.0,264961
2026-08-07,576000.0,578000.0,539000.0,552000.0,230609
2026-08-10,556000.0,573000.0,546000.0,555000.0,163865
2026-08-11,543000.0,560000.0,531000.0,549000.0,198952
2026-08-12,567000.0,614000.0,565000.0,604000.0,307839
2026-08-13,624000.0,643000.0,611000.0,615000.0,323823
2026-08-14,645000.0,665000.0,621000.0,654000.0,267685
2026-08-18,690000.0,710000.0,625000.0,633000.0,324829
2026-08-19,596000.0,627000.0,590000.0,603000.0,138740
2026-08-20,613000.0,619000.0,584000.0,587000.0,241915
2026-08-21,565000.0,570000.0,544000.0,550000.0,223664
2026-08-24,550000.0,577000.0,549000.0,570000.0,163644
2026-08-25,559000.0,604000.0,545000.0,602000.0,164743
2026-08-26,592000.0,593000.0,574000.0,583000.0,110354
2026-08-27,602000.0,608000.0,577000.0,597000.0,115100
2026-08-28,594000.0,622000.0,592000.0,611000.0,179868
