date,open,high,low,close,volume
2000-01-04,11996.2715,13773.4971,11996.2715,13551.3438,1481680
2000-01-05,12884.8848,13829.0352,12551.6543,13162.5762,1586382
2000-01-06,13384.7295,13606.8828,12884.8848,13162.5762,2015636
2000-01-07,13218.1143,14995.3398,13051.499,14995.3398,4122650
2000-01-10,15217.4932,15883.9521,14328.8799,14439.957,3521354
2000-01-11,14773.1865,15828.4141,14162.2656,15217.4932,4411730
2000-01-12,14773.1865,15550.7227,14439.957,14606.5713,2606579
2000-01-13,14606.5713,14773.1865,13773.4971,14106.7275,1587823
2000-01-14,14217.8037,14828.7246,13884.5742,14217.8037,2398615
2000-01-17,14384.4189,14662.1104,14051.1885,14051.1885,1734838
2000-01-18,14217.8037,14939.8018,14217.8037,14328.8799,2517632
2000-01-19,14051.1885,14106.7275,13107.0381,13162.5762,1545960
2000-01-20,13051.499,13329.1904,12218.4248,13329.1904,1490232
2000-01-21,12829.3467,13495.8057,12773.8076,12829.3467,960148
2000-01-24,12662.7314,13273.6523,12662.7314,13051.499,1016775
2000-01-25,12773.8076,12940.4229,12496.1162,12496.1162,678450
2000-01-26,12496.1162,12718.2695,11829.6572,12329.502,811422
2000-01-27,11996.2715,12995.9609,11996.2715,12884.8848,1083036
2000-01-28,12940.4229,13218.1143,12662.7314,13218.1143,933409
2000-01-31,12829.3467,14051.1885,12829.3467,13829.0352,1835040
2000-02-01,14106.7275,14106.7275,13273.6523,13884.5742,1652733
2000-02-02,13662.4209,14995.3398,13662.4209,14995.3398,3107315
2000-02-03,14884.2637,15772.876,14773.1865,14995.3398,2970742
2000-02-04,14995.3398,14995.3398,14995.3398,14995.3398,0
2000-02-07,15161.9551,16328.2588,14995.3398,15661.7998,3294033
2000-02-08,15661.7998,15772.876,14995.3398,15106.416,1110585
2000-02-09,15106.416,15439.6465,14439.957,14439.957,1520212
2000-02-10,14439.957,14828.7246,14217.8037,14439.957,1171173
2000-02-11,14606.5713,14773.1865,13551.3438,13773.4971,1497795
2000-02-14,13773.4971,14717.6484,13551.3438,13829.0352,1306936
2000-02-15,13995.6504,14106.7275,12829.3467,13329.1904,1043694
2000-02-16,13107.0381,13773.4971,12884.8848,13551.3438,838070
2000-02-17,12773.8076,15550.7227,12773.8076,15550.7227,1974313
2000-02-18,16106.1055,16383.7969,15328.5693,15550.7227,4227623
2000-02-21,15217.4932,15384.1074,14439.957,14439.957,1337455
2000-02-22,14439.957,14995.3398,13662.4209,13662.4209,1523453
2000-02-23,13662.4209,14884.2637,13551.3438,14051.1885,1921376
2000-02-24,13884.5742,14162.2656,13495.8057,13773.4971,1136603
2000-02-25,13773.4971,13940.1123,13384.7295,13662.4209,958617
2000-02-28,13440.2676,14273.3418,13273.6523,13662.4209,1165051
2000-02-29,13995.6504,14106.7275,12829.3467,12995.9609,1243106
2000-03-01,12995.9609,12995.9609,12995.9609,12995.9609,0
2000-03-02,13329.1904,14773.1865,13162.5762,14773.1865,3356872
2000-03-03,14328.8799,14551.0332,13551.3438,13884.5742,1500046
2000-03-06,14217.8037,14662.1104,13606.8828,13884.5742,3251360
2000-03-07,13884.5742,14051.1885,13551.3438,13995.6504,1273355
2000-03-08,13551.3438,13884.5742,13495.8057,13551.3438,1114726
2000-03-09,13717.959,13829.0352,13107.0381,13440.2676,1692525
2000-03-10,13717.959,13773.4971,12995.9609,13107.0381,1015425
2000-03-13,12995.9609,13107.0381,12273.9629,12440.5781,1345558
2000-03-14,12218.4248,12440.5781,12051.8105,12218.4248,1097530
2000-03-15,11996.2715,12162.8867,11551.9658,11774.1182,1084747
2000-03-16,11829.6572,12051.8105,11085.4434,11163.1973,1125619
2000-03-17,11496.4268,11774.1182,11218.7354,11385.3506,1140384
2000-03-20,11496.4268,12440.5781,11329.8125,12107.3486,1788945
2000-03-21,12162.8867,12162.8867,11496.4268,11496.4268,872010
2000-03-22,11663.042,11885.1953,11274.2744,11329.8125,2041744
2000-03-23,11774.1182,12051.8105,11385.3506,11551.9658,1737719
2000-03-24,11440.8887,12107.3486,11440.8887,11663.042,1618792
2000-03-27,12162.8867,12440.5781,11774.1182,12107.3486,1576929
2000-03-28,11885.1953,12107.3486,11774.1182,11940.7334,699427
2000-03-29,11829.6572,12329.502,11774.1182,12162.8867,1669658
2000-03-30,12107.3486,12162.8867,11663.042,11663.042,953306
2000-03-31,11663.042,11996.2715,11551.9658,11885.1953,682502
2000-04-03,11663.042,11940.7334,11063.2285,11107.6592,558533
2000-04-04,11107.6592,11329.8125,10674.46,10718.8906,688713
2000-04-05,10718.8906,10718.8906,10718.8906,10718.8906,0
2000-04-06,10707.7832,10718.8906,9830.2783,9996.8936,959428
2000-04-07,9841.3857,10207.9385,9841.3857,10074.6465,715632
2000-04-10,10107.9697,10707.7832,9908.0322,10330.123,1124539
2000-04-11,10330.123,10330.123,9774.7402,9774.7402,564565
2000-04-12,9663.6631,9663.6631,9297.1104,9441.5098,1477178
2000-04-13,9441.5098,9441.5098,9441.5098,9441.5098,0
2000-04-14,9063.8496,9274.8955,8830.5889,8997.2041,839420
2000-04-17,7775.3613,8208.5605,7653.1772,7653.1772,1664347
2000-04-18,8008.6221,8219.668,7653.1772,8164.1294,1927498
2000-04-19,8230.7754,8497.3594,8053.0527,8108.5913,2485582
2000-04-20,7941.9761,8197.4521,7719.8232,7775.3613,1219698
2000-04-21,7886.438,8819.4814,7830.8999,8630.6514,2400775
2000-04-24,8552.8975,8552.8975,8141.9141,8164.1294,852294
2000-04-25,8086.376,8275.2061,7997.5146,7997.5146,609129
2000-04-26,8119.6987,8308.5293,7608.7466,7664.2847,1035141
2000-04-27,7608.7466,7930.8687,7375.4858,7664.2847,758125
2000-04-28,7508.7773,7808.6846,7508.7773,7675.3926,1027489
2000-05-01,7675.3926,7675.3926,7675.3926,7675.3926,0
2000-05-02,7564.3159,7830.8999,7497.6699,7786.4692,911443
2000-05-03,7886.438,8286.3135,7830.8999,7997.5146,1611230
2000-05-04,8108.5913,8441.8213,7897.5454,8230.7754,2126010
2000-05-05,8230.7754,8230.7754,8230.7754,8230.7754,0
2000-05-08,8386.2822,8397.3906,8130.8066,8153.022,848243
2000-05-09,8153.022,8153.022,8153.022,8153.022,0
2000-05-10,7886.438,7975.2993,7842.0073,7842.0073,456351
2000-05-11,7842.0073,7842.0073,7842.0073,7842.0073,0
2000-05-12,7830.8999,7930.8687,7453.2393,7542.1006,601836
2000-05-15,7442.1318,7608.7466,7219.9785,7219.9785,469675
2000-05-16,7131.1172,7331.0552,6675.7031,6808.9951,1041983
2000-05-17,6820.1025,6975.6099,5975.9204,6109.2124,1743841
2000-05-18,6109.2124,6209.1816,5576.0449,5831.521,905231
2000-05-19,5787.0903,6275.8271,5676.0137,6220.2891,1158389
2000-05-22,6331.3657,6375.7964,5598.2603,5642.6909,866159
2000-05-23,5553.8296,5798.1982,5498.291,5564.937,792696
2000-05-24,5448.3066,5998.1357,5276.1382,5775.9829,1019386
2000-05-25,5998.1357,6642.3804,5898.167,6642.3804,1306755
2000-05-26,6664.5952,7053.3638,6109.2124,6164.751,1288480
2000-05-29,5887.0591,6831.2104,5787.0903,6497.9805,1068722
2000-05-30,6497.9805,6497.9805,6497.9805,6497.9805,0
2000-05-31,7042.2559,7519.8853,6886.7485,6997.8252,1691445
2000-06-01,6997.8252,7108.9019,6720.1338,6975.6099,805570
2000-06-02,7442.1318,7442.1318,6886.7485,6931.1792,1147226
2000-06-05,7331.0552,7664.2847,7053.3638,7497.6699,1596556
2000-06-06,7497.6699,7497.6699,7497.6699,7497.6699,0
2000-06-07,7342.1626,7986.4067,7342.1626,7797.5767,1782823
2000-06-08,7886.438,7986.4067,6797.8872,6975.6099,1433875
2000-06-09,7164.4399,7642.0693,7064.4712,7553.208,1187648
2000-06-12,7742.0386,7742.0386,7308.8398,7608.7466,1052877
2000-06-13,7553.208,7753.146,7186.6553,7219.9785,716442
2000-06-14,7442.1318,7486.562,7108.9019,7242.1938,633526
2000-06-15,7131.1172,7197.7632,6875.6411,6964.5024,594544
2000-06-16,6686.8105,7219.9785,6686.8105,7219.9785,582841
2000-06-19,7397.7012,7842.0073,7108.9019,7108.9019,1298203
2000-06-20,7353.2705,7442.1318,7120.0093,7442.1318,604627
2000-06-21,7553.208,7608.7466,7342.1626,7364.3779,670618
2000-06-22,7386.5933,7575.4233,7342.1626,7375.4858,611019
2000-06-23,7219.9785,7286.6245,7064.4712,7142.2246,765327
2000-06-26,7219.9785,7475.4546,7186.6553,7297.7319,994538
2000-06-27,7331.0552,7719.8232,7297.7319,7719.8232,1196111
2000-06-28,7775.3613,8319.6367,7719.8232,8164.1294,2547341
2000-06-29,8275.2061,8530.6826,8008.6221,8108.5913,1761307
2000-06-30,8164.1294,8252.9902,7953.084,8197.4521,574648
2000-07-03,8330.7441,9019.4189,8252.9902,8886.127,2206045
2000-07-04,8786.1582,8875.0195,8375.1748,8552.8975,1037932
2000-07-05,8775.0508,8852.8047,8330.7441,8775.0508,831138
2000-07-06,8552.8975,9208.249,8552.8975,9163.8184,1407137
2000-07-07,9174.9268,9552.5869,8997.2041,9552.5869,2019507
2000-07-10,9552.5869,9708.0938,9352.6494,9497.0488,1217808
2000-07-11,9452.6182,9497.0488,8919.4502,8941.666,1250308
2000-07-12,8808.374,8930.5576,8608.4355,8752.835,803229
2000-07-13,8752.835,8897.2354,8497.3594,8652.8662,820064
2000-07-14,8675.082,8830.5889,8386.2822,8530.6826,787834
2000-07-17,8530.6826,8530.6826,8530.6826,8530.6826,0
2000-07-18,8141.9141,8441.8213,8019.73,8286.3135,729676
2000-07-19,8141.9141,8441.8213,8019.73,8286.3135,729676
2000-07-20,7786.4692,7886.438,7630.9619,7830.8999,797377
2000-07-21,7953.084,8108.5913,7719.8232,7875.3301,668547
2000-07-24,7675.3926,7708.7153,7442.1318,7464.3467,719143
2000-07-25,7342.1626,7453.2393,7164.4399,7264.4092,1057018
2000-07-26,7331.0552,7442.1318,7120.0093,7231.0859,826366
2000-07-27,7175.5479,7208.8706,6897.8564,6997.8252,501005
2000-07-28,6808.9951,6986.7178,6742.3491,6808.9951,383159
2000-07-31,6720.1338,6986.7178,6720.1338,6986.7178,457612
2000-08-01,7031.1484,7530.9927,6897.8564,7431.0239,1235273
2000-08-02,7364.3779,7364.3779,7131.1172,7242.1938,663055
2000-08-03,7319.9473,7364.3779,7175.5479,7275.5166,467875
2000-08-04,7231.0859,7275.5166,7008.9331,7053.3638,263781
2000-08-07,6797.8872,6886.7485,6686.8105,6720.1338,230921
2000-08-08,6786.7798,6831.2104,6531.3037,6564.6265,253338
2000-08-09,6564.6265,6820.1025,6564.6265,6797.8872,435375
2000-08-10,6797.8872,7153.3325,6731.2412,7153.3325,500465
2000-08-11,6975.6099,7275.5166,6931.1792,7153.3325,394142
2000-08-14,7286.6245,7353.2705,7097.7939,7108.9019,458782
2000-08-15,7108.9019,7108.9019,7108.9019,7108.9019,0
2000-08-16,7219.9785,7419.9165,7164.4399,7386.5933,663416
2000-08-17,7442.1318,7575.4233,7353.2705,7464.3467,803049
2000-08-18,7419.9165,7497.6699,7064.4712,7186.6553,552861
2000-08-21,7008.9331,7186.6553,6864.5332,6875.6411,293851
2000-08-22,6831.2104,7075.5786,6831.2104,6886.7485,270444
2000-08-23,6942.2871,7042.2559,6864.5332,6942.2871,528104
2000-08-24,7008.9331,7042.2559,6709.0259,6942.2871,391171
2000-08-25,6986.7178,6986.7178,6808.9951,6908.9639,300513
2000-08-28,6997.8252,7231.0859,6997.8252,7142.2246,796387
2000-08-29,7331.0552,7708.7153,7219.9785,7664.2847,1398764
2000-08-30,7664.2847,7964.1914,7564.3159,7664.2847,1891037
2000-08-31,7664.2847,7708.7153,7008.9331,7219.9785,788194
2000-09-01,7164.4399,7364.3779,7108.9019,7208.8706,534586
2000-09-04,7231.0859,7331.0552,7008.9331,7008.9331,416829
2000-09-05,7086.6865,7197.7632,6942.2871,7186.6553,418630
2000-09-06,7108.9019,7208.8706,7020.0405,7108.9019,293851
2000-09-07,6986.7178,6986.7178,6842.3179,6842.3179,485880
2000-09-08,6853.4258,6942.2871,6675.7031,6875.6411,323920
2000-09-11,6875.6411,6875.6411,6875.6411,6875.6411,0
2000-09-12,6875.6411,6875.6411,6875.6411,6875.6411,0
2000-09-13,6875.6411,6875.6411,6875.6411,6875.6411,0
2000-09-14,6753.4565,6797.8872,6597.9497,6786.7798,505326
2000-09-15,6675.7031,6775.6719,6509.0884,6664.5952,460222
2000-09-18,6331.3657,6442.4424,5664.9062,5664.9062,830147
2000-09-19,5509.3989,5664.9062,5342.7842,5442.7529,603277
2000-09-20,5620.4756,5742.6597,5587.1523,5631.583,464814
2000-09-21,5442.7529,5498.291,5231.7075,5281.6919,566095
2000-09-22,5281.6919,5281.6919,4854.0469,5009.5542,653963
2000-09-25,5020.6621,5231.7075,4954.0161,5231.7075,368034
2000-09-26,5209.4922,5309.4609,5070.6465,5192.8306,332743
2000-09-27,5220.5996,5598.2603,5220.5996,5503.8452,598866
2000-09-28,5542.7217,5664.9062,5387.2148,5609.3677,454911
2000-09-29,5609.3677,5664.9062,5520.5063,5553.8296,434565
2000-10-02,5453.8608,5498.291,5287.2456,5331.6763,441137
2000-10-03,5331.6763,5331.6763,5331.6763,5331.6763,0
2000-10-04,5220.5996,5431.6455,5187.2769,5364.9995,434384
2000-10-05,5487.1836,5498.291,4565.248,5398.3223,1137143
2000-10-06,5398.3223,5398.3223,5253.9229,5331.6763,393332
2000-10-09,5398.3223,5398.3223,5131.7383,5131.7383,551961
2000-10-10,5198.3843,5198.3843,5015.1079,5059.5386,591753
2000-10-11,4954.0161,4954.0161,4798.5088,4887.3701,543228
2000-10-12,4565.248,4887.3701,4565.248,4576.3555,555292
2000-10-13,4132.0493,4654.1094,4004.311,4654.1094,703568
2000-10-16,4654.1094,4654.1094,4654.1094,4654.1094,0
2000-10-17,4531.9248,4598.5708,4093.1724,4093.1724,550431
2000-10-18,3987.6497,4093.1724,3787.7117,3998.7573,1098791
2000-10-19,3887.6807,4198.6953,3887.6807,3970.988,742100
2000-10-20,4198.6953,4548.5864,4087.6187,4331.9868,2557694
2000-10-23,4387.5254,4420.8481,4109.834,4109.834,801338
2000-10-24,4132.0493,4381.9717,4120.9414,4243.126,798998
2000-10-25,4276.4487,4287.5566,4143.1567,4176.48,730036
2000-10-26,4109.834,4109.834,3921.0037,3954.3267,670348
2000-10-27,3954.3267,3954.3267,3954.3267,3954.3267,0
2000-10-30,3921.0037,3954.3267,3804.3733,3804.3733,435555
2000-10-31,3776.604,3804.3733,3598.8816,3776.604,817814
2000-11-01,3854.3577,4331.9868,3832.1423,4254.2334,1345828
2000-11-02,4209.8027,4465.2788,4120.9414,4331.9868,1306665
2000-11-03,4493.0483,4681.8784,4331.9868,4409.7407,1657054
2000-11-06,4465.2788,4881.8164,4454.1714,4742.9702,2560395
2000-11-07,4804.0625,4942.9082,4554.1401,4554.1401,1495004
2000-11-08,4454.1714,4643.0015,4443.0635,4565.248,751193
2000-11-09,4609.6787,4776.2935,4554.1401,4776.2935,769919
2000-11-10,4776.2935,4876.2622,4631.894,4665.2168,790715
2000-11-13,4498.6021,4531.9248,4276.4487,4315.3257,723914
2000-11-14,4354.2021,4481.9404,4354.2021,4454.1714,532515
2000-11-15,4609.6787,4687.4321,4409.7407,4487.4941,873091
2000-11-16,4443.0635,4543.0327,4343.0947,4431.9561,323920
2000-11-17,4331.9868,4476.3867,4298.6641,4448.6177,357230
2000-11-20,4387.5254,4420.8481,4348.6484,4354.2021,241815
2000-11-21,4348.6484,4431.9561,4170.9258,4276.4487,613810
2000-11-22,4220.9106,4265.3413,4115.3877,4115.3877,652072
2000-11-23,4043.188,4104.2803,3909.896,3965.4343,708340
2000-11-24,3998.7573,4087.6187,3943.219,4087.6187,736338
2000-11-27,4143.1567,4554.1401,4143.1567,4509.7095,1475558
2000-11-28,4365.3101,4498.6021,4354.2021,4443.0635,865889
2000-11-29,4331.9868,4398.6328,4237.5718,4365.3101,550340
2000-11-30,4370.8638,4420.8481,4132.0493,4309.772,304654
2000-12-01,4093.1724,4304.2178,4093.1724,4298.6641,448789
2000-12-04,4298.6641,4309.772,4065.4033,4109.834,886235
2000-12-05,4154.2646,4215.3564,4087.6187,4198.6953,359031
2000-12-06,4437.5098,4493.0483,4232.0181,4259.7871,991207
2000-12-07,4209.8027,4509.7095,4204.249,4509.7095,755784
2000-12-08,4443.0635,4609.6787,4443.0635,4576.3555,655943
2000-12-11,4676.3247,4776.2935,4620.7861,4776.2935,1159020
2000-12-12,4831.8315,4942.9082,4620.7861,4681.8784,867059
2000-12-13,4609.6787,4776.2935,4604.1245,4776.2935,797107
2000-12-14,4665.2168,4776.2935,4643.0015,4681.8784,688083
2000-12-15,4648.5552,4704.0938,4587.4634,4687.4321,490472
2000-12-18,4620.7861,4720.7549,4620.7861,4704.0938,332743
2000-12-19,4704.0938,4704.0938,4548.5864,4593.0171,501005
2000-12-20,4459.7251,4476.3867,4343.0947,4420.8481,523782
2000-12-21,4320.8794,4415.2944,4220.9106,4409.7407,488851
2000-12-22,4498.6021,4498.6021,4220.9106,4220.9106,413048
2000-12-25,4220.9106,4220.9106,4220.9106,4220.9106,0
2000-12-26,4243.126,4370.8638,4243.126,4298.6641,501815
2000-12-27,4298.6641,4298.6641,4298.6641,4298.6641,0
2000-12-28,4298.6641,4298.6641,4298.6641,4298.6641,0
2000-12-29,4298.6641,4298.6641,4298.6641,4298.6641,0
2001-01-01,4298.6641,4298.6641,4298.6641,4298.6641,0
2001-01-02,4298.6641,4498.6021,4298.6641,4459.7251,538817
2001-01-03,4387.5254,4426.4023,4309.772,4398.6328,388740
2001-01-04,4720.7549,4976.2314,4609.6787,4776.2935,2125740
2001-01-05,4754.0781,5442.7529,4626.3398,5331.6763,2983346
2001-01-08,5187.2769,5437.1992,5092.8618,5276.1382,2066952
2001-01-09,5387.2148,5387.2148,5215.0459,5331.6763,1408847
2001-01-10,5331.6763,5387.2148,4687.4321,4709.6475,1778502
2001-01-11,4831.8315,4876.2622,4665.2168,4787.4009,1887796
2001-01-12,4942.9082,5165.0615,4876.2622,4970.6772,2159590
2001-01-15,5076.2002,5498.291,5053.9849,5220.5996,3561956
2001-01-16,5331.6763,5331.6763,5004.0005,5153.9536,1353930
2001-01-17,5148.3999,5276.1382,4898.4775,4998.4468,1008493
2001-01-18,5053.9849,5320.5688,4998.4468,5203.9385,1824866
2001-01-19,5353.8916,5975.9204,5253.9229,5975.9204,5261054
2001-01-22,6120.3203,6242.5044,5798.1982,6086.9971,4496717
2001-01-23,6086.9971,6086.9971,6086.9971,6086.9971,0
2001-01-24,6086.9971,6086.9971,6086.9971,6086.9971,0
2001-01-25,6086.9971,6086.9971,6086.9971,6086.9971,0
2001-01-26,6086.9971,6109.2124,5420.5376,5431.6455,1562165
2001-01-29,5542.7217,5731.5522,5453.8608,5587.1523,1266693
2001-01-30,5664.9062,5831.521,5553.8296,5709.3369,1410378
2001-01-31,5576.0449,5842.6289,5481.6299,5775.9829,1120488
2001-02-01,5631.583,5987.0283,5564.937,5887.0591,1179366
2001-02-02,5887.0591,5953.7051,5753.7676,5775.9829,567266
2001-02-05,5553.8296,5609.3677,5342.7842,5381.6606,742460
2001-02-06,5381.6606,5464.9683,5276.1382,5442.7529,779642
2001-02-07,5387.2148,5387.2148,5287.2456,5331.6763,604267
2001-02-08,5231.7075,5520.5063,5231.7075,5420.5376,704198
2001-02-09,5420.5376,5470.522,5281.6919,5442.7529,885425
2001-02-12,5442.7529,5520.5063,5309.4609,5487.1836,1213126
2001-02-13,5587.1523,5598.2603,5464.9683,5520.5063,746061
2001-02-14,5442.7529,5998.1357,5398.3223,5898.167,1458183
2001-02-15,6031.459,6109.2124,5864.8442,5898.167,1940732
2001-02-16,5920.3823,5998.1357,5853.7363,5875.9517,900189
2001-02-19,5809.3057,6175.8584,5687.1216,6164.751,1170273
2001-02-20,6164.751,6386.9038,6042.5664,6264.7197,1701618
2001-02-21,6153.6431,6420.2271,6142.5356,6398.0117,1317379
2001-02-22,6242.5044,6253.6123,5931.4897,6109.2124,957537
2001-02-23,6109.2124,6209.1816,6042.5664,6064.7817,626594
2001-02-26,6120.3203,6164.751,6009.2437,6120.3203,425562
2001-02-27,6220.2891,6264.7197,5831.521,5887.0591,657654
2001-02-28,5676.0137,5931.4897,5676.0137,5864.8442,472196
2001-03-01,5864.8442,5864.8442,5864.8442,5864.8442,0
2001-03-02,5864.8442,5864.8442,5453.8608,5453.8608,937011
2001-03-05,5298.3535,5542.7217,5298.3535,5531.6143,403235
2001-03-06,5609.3677,5698.229,5464.9683,5531.6143,630555
2001-03-07,5609.3677,5664.9062,5553.8296,5631.583,527833
2001-03-08,5720.4443,5720.4443,5587.1523,5664.9062,384869
2001-03-09,5542.7217,5687.1216,5542.7217,5564.937,340035
2001-03-12,5398.3223,5464.9683,5342.7842,5353.8916,414848
2001-03-13,5126.1846,5298.3535,5076.2002,5220.5996,700327
2001-03-14,5220.5996,5220.5996,5220.5996,5220.5996,0
2001-03-15,5120.6309,5320.5688,5020.6621,5309.4609,487861
2001-03-16,5220.5996,5353.8916,5198.3843,5209.4922,449149
2001-03-19,5203.9385,5253.9229,5087.3081,5131.7383,345887
2001-03-20,5276.1382,5276.1382,5092.8618,5109.5229,653423
2001-03-21,5009.5542,5142.8462,4998.4468,5131.7383,493623
2001-03-22,5153.9536,5209.4922,5109.5229,5115.0771,446358
2001-03-23,5209.4922,5376.1069,5187.2769,5364.9995,757675
2001-03-26,5542.7217,5720.4443,5453.8608,5609.3677,1126069
2001-03-27,5553.8296,5720.4443,5498.291,5542.7217,855085
2001-03-28,5664.9062,5698.229,5464.9683,5498.291,443387
2001-03-29,5442.7529,5537.168,5387.2148,5442.7529,306095
2001-03-30,5464.9683,5520.5063,5376.1069,5442.7529,336884
2001-04-02,5342.7842,5420.5376,5248.3691,5326.1226,205713
2001-04-03,5198.3843,5265.0303,5198.3843,5226.1538,192659
2001-04-04,5198.3843,5253.9229,5131.7383,5187.2769,182396
2001-04-05,5187.2769,5187.2769,5187.2769,5187.2769,0
2001-04-06,5520.5063,5520.5063,5176.1689,5198.3843,526303
2001-04-09,5076.2002,5153.9536,5076.2002,5076.2002,200042
2001-04-10,5053.9849,5198.3843,4754.0781,4809.6162,445638
2001-04-11,4920.6929,4931.8008,4820.7241,4831.8315,597155
2001-04-12,4931.8008,5042.8774,4898.4775,4926.2466,1293431
2001-04-13,5009.5542,5070.6465,4965.1235,5031.7695,638388
2001-04-16,5053.9849,5065.0928,4915.1392,4920.6929,434565
2001-04-17,4887.3701,4959.5698,4865.1548,4954.0161,293671
2001-04-18,5031.7695,5231.7075,4998.4468,5209.4922,914954
2001-04-19,5476.0762,5609.3677,5342.7842,5403.876,1776071
2001-04-20,5442.7529,5509.3989,5242.8149,5276.1382,523872
2001-04-23,5226.1538,5381.6606,5226.1538,5353.8916,377487
2001-04-24,5231.7075,5276.1382,5131.7383,5220.5996,521622
2001-04-25,5220.5996,5331.6763,5176.1689,5331.6763,478228
2001-04-26,5220.5996,5331.6763,5176.1689,5331.6763,478228
2001-04-27,5226.1538,5292.7993,5176.1689,5176.1689,153407
2001-04-30,5209.4922,5398.3223,5209.4922,5331.6763,661345
2001-05-01,5331.6763,5331.6763,5331.6763,5331.6763,0
2001-05-02,5342.7842,5481.6299,5331.6763,5353.8916,897758
2001-05-03,5403.876,5403.876,5281.6919,5342.7842,333283
2001-05-04,5287.2456,5426.0913,5287.2456,5409.4302,260270
2001-05-07,5409.4302,5620.4756,5409.4302,5598.2603,987696
2001-05-08,5598.2603,5809.3057,5553.8296,5687.1216,857426
2001-05-09,5664.9062,5664.9062,5526.0605,5531.6143,522612
2001-05-10,5531.6143,5631.583,5509.3989,5609.3677,432854
2001-05-11,5609.3677,5798.1982,5542.7217,5775.9829,681871
2001-05-14,5831.521,5853.7363,5698.229,5742.6597,330132
2001-05-15,5664.9062,5720.4443,5564.937,5609.3677,658734
2001-05-16,5587.1523,5609.3677,5498.291,5509.3989,668727
2001-05-17,5731.5522,6109.2124,5642.6909,6031.459,2897910
2001-05-18,5898.167,6020.3511,5831.521,5964.813,955286
2001-05-21,6053.6743,6253.6123,6009.2437,6009.2437,1428203
2001-05-22,6120.3203,6175.8584,5942.5977,5942.5977,965549
2001-05-23,5942.5977,6142.5356,5898.167,5953.7051,787744
2001-05-24,5864.8442,6064.7817,5831.521,6064.7817,496954
2001-05-25,6220.2891,6398.0117,6064.7817,6086.9971,1756265
2001-05-28,5987.0283,6064.7817,5875.9517,5875.9517,491012
2001-05-29,5820.4136,6031.459,5820.4136,5931.4897,707889
2001-05-30,5831.521,5920.3823,5775.9829,5775.9829,615611
2001-05-31,5664.9062,5664.9062,5531.6143,5564.937,1326292
2001-06-01,5653.7983,5653.7983,5514.9526,5598.2603,622543
2001-06-04,5631.583,5653.7983,5576.0449,5653.7983,346517
2001-06-05,5642.6909,5809.3057,5642.6909,5687.1216,651262
2001-06-06,5687.1216,5687.1216,5687.1216,5687.1216,0
2001-06-07,5687.1216,5764.875,5620.4756,5742.6597,416919
2001-06-08,5887.0591,6086.9971,5842.6289,6086.9971,1743301
2001-06-11,5920.3823,6098.105,5909.2744,6053.6743,907481
2001-06-12,6109.2124,6398.0117,6086.9971,6309.1504,1997360
2001-06-13,6331.3657,6342.4731,6164.751,6309.1504,783783
2001-06-14,6298.0425,6475.7651,6220.2891,6320.2578,1119767
2001-06-15,6231.397,6275.8271,6131.4277,6275.8271,708970
2001-06-18,6264.7197,6264.7197,6031.459,6109.2124,751913
2001-06-19,6209.1816,6220.2891,6053.6743,6086.9971,775140
2001-06-20,6142.5356,6142.5356,5775.9829,5787.0903,734268
2001-06-21,5798.1982,5842.6289,5709.3369,5753.7676,539717
2001-06-22,5753.7676,5842.6289,5720.4443,5764.875,333103
2001-06-25,5720.4443,5809.3057,5709.3369,5764.875,418900
2001-06-26,5731.5522,5809.3057,5576.0449,5576.0449,461573
2001-06-27,5664.9062,5742.6597,5642.6909,5698.229,357321
2001-06-28,5620.4756,5764.875,5620.4756,5687.1216,263241
2001-06-29,5809.3057,5853.7363,5731.5522,5775.9829,343096
2001-07-02,5775.9829,5809.3057,5709.3369,5798.1982,333913
2001-07-03,5831.521,5864.8442,5709.3369,5709.3369,242175
2001-07-04,5642.6909,5698.229,5609.3677,5687.1216,319329
2001-07-05,5687.1216,5787.0903,5664.9062,5775.9829,282057
2001-07-06,5620.4756,5731.5522,5553.8296,5553.8296,488761
2001-07-09,5387.2148,5431.6455,5220.5996,5387.2148,549980
2001-07-10,5387.2148,5476.0762,5376.1069,5398.3223,176094
2001-07-11,5176.1689,5492.7373,5176.1689,5281.6919,241545
2001-07-12,5331.6763,5520.5063,5331.6763,5442.7529,305734
2001-07-13,5553.8296,5564.937,5331.6763,5331.6763,241815
2001-07-16,5353.8916,5431.6455,5276.1382,5326.1226,143414
2001-07-17,5326.1226,5326.1226,5326.1226,5326.1226,0
2001-07-18,5376.1069,5376.1069,5198.3843,5253.9229,226330
2001-07-19,5131.7383,5253.9229,5053.9849,5148.3999,369834
2001-07-20,5142.8462,5253.9229,4937.3545,4998.4468,541878
2001-07-23,5331.6763,5331.6763,4842.9395,4909.5854,474267
2001-07-24,4865.1548,4942.9082,4676.3247,4876.2622,616151
2001-07-25,4737.4165,4854.0469,4720.7549,4754.0781,331302
2001-07-26,4820.7241,4865.1548,4748.5244,4776.2935,306455
2001-07-27,4887.3701,4954.0161,4865.1548,4920.6929,502536
2001-07-30,4920.6929,4920.6929,4776.2935,4776.2935,215887
2001-07-31,4887.3701,4887.3701,4804.0625,4870.7085,360562
2001-08-01,4887.3701,5131.7383,4848.4932,5109.5229,759385
2001-08-02,5065.0928,5181.7231,4948.4619,5109.5229,563485
2001-08-03,5109.5229,5142.8462,5015.1079,5065.0928,234252
2001-08-06,4976.2314,5053.9849,4954.0161,5009.5542,352009
2001-08-07,4976.2314,4976.2314,4898.4775,4965.1235,259370
2001-08-08,4970.6772,4981.7852,4926.2466,4926.2466,187078
2001-08-09,4898.4775,4909.5854,4842.9395,4848.4932,190769
2001-08-10,4920.6929,4942.9082,4881.8164,4937.3545,185637
2001-08-13,4981.7852,4981.7852,4842.9395,4887.3701,125138
2001-08-14,4909.5854,5153.9536,4909.5854,5115.0771,851394
2001-08-15,5115.0771,5115.0771,5115.0771,5115.0771,0
2001-08-16,5009.5542,5081.7539,4987.3389,5081.7539,353719
2001-08-17,5120.6309,5165.0615,5037.3232,5065.0928,370375
2001-08-20,4909.5854,4981.7852,4887.3701,4887.3701,214716
2001-08-21,4942.9082,4965.1235,4842.9395,4898.4775,174114
2001-08-22,4820.7241,4937.3545,4815.1704,4898.4775,229751
2001-08-23,4920.6929,4976.2314,4848.4932,4848.4932,187618
2001-08-24,4859.6011,4876.2622,4709.6475,4787.4009,211385
2001-08-27,4865.1548,4981.7852,4804.0625,4865.1548,313207
2001-08-28,4831.8315,4854.0469,4776.2935,4787.4009,146655
2001-08-29,4731.8628,4731.8628,4598.5708,4598.5708,234432
2001-08-30,4598.5708,4631.894,4365.3101,4420.8481,524863
2001-08-31,4276.4487,4331.9868,4204.249,4265.3413,540347
2001-09-03,4320.8794,4320.8794,4126.4951,4220.9106,235513
2001-09-04,4132.0493,4365.3101,4132.0493,4331.9868,402605
2001-09-05,4232.0181,4359.7563,4232.0181,4359.7563,207694
2001-09-06,4376.4175,4498.6021,4365.3101,4365.3101,281337
2001-09-07,4454.1714,4454.1714,4326.4331,4409.7407,225069
2001-09-10,4398.6328,4398.6328,4282.0024,4320.8794,157548
2001-09-11,4354.2021,4376.4175,4193.1411,4220.9106,193650
2001-09-12,3587.7739,3898.7883,3587.7739,3832.1423,1089518
2001-09-13,3826.5886,3898.7883,3743.281,3898.7883,678990
2001-09-14,3843.25,3843.25,3348.9592,3554.4509,526933
2001-09-17,3554.4509,3587.7739,3021.2832,3326.7439,1429914
2001-09-18,3387.8359,3487.8049,3282.3132,3371.1746,2151398
2001-09-19,3426.7129,3532.2356,3321.1902,3387.8359,2089999
2001-09-20,3310.0825,3348.9592,3137.9136,3204.5596,1771840
2001-09-21,3110.1445,3115.6985,2932.4221,3043.4985,2195602
2001-09-24,3043.4985,3043.4985,3043.4985,3043.4985,0
2001-09-25,3332.2976,3376.7283,3032.3909,3049.0525,1103742
2001-09-26,3110.1445,3149.0212,3060.1602,3110.1445,510008
2001-09-27,3110.1445,3187.8982,3065.7139,3149.0212,435285
2001-09-28,3149.0212,3149.0212,3149.0212,3149.0212,0
2001-10-01,3149.0212,3149.0212,3149.0212,3149.0212,0
2001-10-02,3149.0212,3149.0212,3149.0212,3149.0212,0
2001-10-03,3149.0212,3149.0212,3149.0212,3149.0212,0
2001-10-04,3465.5896,3498.9126,3387.8359,3398.9436,1608529
2001-10-05,3387.8359,3387.8359,3298.9749,3332.2976,806830
2001-10-08,3332.2976,3832.1423,3321.1902,3832.1423,4315040
2001-10-09,3832.1423,3854.3577,3637.7583,3721.0659,4499687
2001-10-10,3771.0503,3848.804,3560.0046,3571.1123,1987367
2001-10-11,3693.2966,3698.8506,3582.22,3626.6506,1586292
2001-10-12,3704.4043,3737.7273,3510.0203,3621.0969,1259221
2001-10-15,3554.4509,3621.0969,3532.2356,3560.0046,730486
2001-10-16,3554.4509,3643.3123,3554.4509,3598.8816,898389
2001-10-17,3698.8506,3726.6196,3643.3123,3698.8506,1493744
2001-10-18,3632.2046,3887.6807,3565.5586,3754.3887,2879094
2001-10-19,3832.1423,3865.4653,3754.3887,3798.8193,1220509
2001-10-22,3832.1423,3854.3577,3765.4963,3793.2656,756505
2001-10-23,3832.1423,3937.665,3809.927,3832.1423,1244096
2001-10-24,3798.8193,3948.7727,3798.8193,3948.7727,1166582
2001-10-25,4009.865,4020.9727,3815.481,3821.0347,609849
2001-10-26,3798.8193,3876.573,3726.6196,3771.0503,510818
2001-10-29,3776.604,3809.927,3693.2966,3721.0659,574918
2001-10-30,3643.3123,3665.5276,3587.7739,3665.5276,452570
2001-10-31,3621.0969,3698.8506,3604.4353,3698.8506,510458
2001-11-01,3665.5276,3787.7117,3643.3123,3687.7429,549980
2001-11-02,3754.3887,3809.927,3709.9583,3759.9426,839510
2001-11-05,3815.481,3837.6963,3754.3887,3787.7117,485790
2001-11-06,3809.927,3837.6963,3776.604,3776.604,556642
2001-11-07,3832.1423,3832.1423,3687.7429,3687.7429,595084
2001-11-08,3687.7429,3793.2656,3687.7429,3776.604,617411
2001-11-09,3776.604,3776.604,3776.604,3776.604,0
2001-11-12,4109.834,4209.8027,4032.0803,4209.8027,1811362
2001-11-13,4165.3721,4187.5874,4009.865,4120.9414,995529
2001-11-14,4198.6953,4320.8794,4143.1567,4254.2334,2598477
2001-11-15,4209.8027,4287.5566,4087.6187,4098.7261,1188639
2001-11-16,3998.7573,4054.2957,3998.7573,4020.9727,1081596
2001-11-19,4054.2957,4254.2334,3998.7573,4215.3564,1736369
2001-11-20,4254.2334,4331.9868,4076.511,4087.6187,1013894
2001-11-21,3998.7573,4143.1567,3998.7573,4076.511,498214
2001-11-22,4065.4033,4154.2646,4009.865,4154.2646,510368
2001-11-23,4176.48,4387.5254,4176.48,4359.7563,1929659
2001-11-26,4554.1401,4798.5088,4454.1714,4776.2935,3327973
2001-11-27,4765.1855,4831.8315,4520.8174,4609.6787,1834680
2001-11-28,4609.6787,4609.6787,4187.5874,4232.0181,1278127
2001-11-29,4193.1411,4331.9868,4126.4951,4331.9868,864178
2001-11-30,4331.9868,4498.6021,4331.9868,4365.3101,752183
2001-12-03,4276.4487,4376.4175,4187.5874,4343.0947,934400
2001-12-04,4320.8794,4404.187,4254.2334,4331.9868,718153
2001-12-05,4554.1401,4942.9082,4498.6021,4876.2622,4566938
2001-12-06,4998.4468,5220.5996,4681.8784,4742.9702,3669810
2001-12-07,4720.7549,5065.0928,4615.2324,5053.9849,1991418
2001-12-10,5059.5386,5165.0615,4787.4009,4842.9395,1800199
2001-12-11,4698.54,4776.2935,4637.4478,4726.3091,851754
2001-12-12,4726.3091,4787.4009,4609.6787,4754.0781,1547400
2001-12-13,4687.4321,4798.5088,4565.248,4676.3247,1243106
2001-12-14,4554.1401,4643.0015,4481.9404,4509.7095,796387
2001-12-17,4509.7095,4509.7095,4337.541,4337.541,643790
2001-12-18,4365.3101,4454.1714,4143.1567,4165.3721,710590
2001-12-19,4220.9106,4254.2334,4076.511,4182.0337,603727
2001-12-20,4182.0337,4354.2021,4137.603,4331.9868,403865
2001-12-21,4170.9258,4232.0181,4143.1567,4159.8184,459232
2001-12-24,4165.3721,4198.6953,4076.511,4132.0493,515500
2001-12-25,4132.0493,4132.0493,4132.0493,4132.0493,0
2001-12-26,4132.0493,4276.4487,4109.834,4198.6953,862738
2001-12-27,4232.0181,4326.4331,4143.1567,4298.6641,638028
2001-12-28,4387.5254,4609.6787,4387.5254,4609.6787,1137413
2001-12-31,4609.6787,4609.6787,4609.6787,4609.6787,0
2002-01-01,4609.6787,4609.6787,4609.6787,4609.6787,0
2002-01-02,4665.2168,4804.0625,4565.248,4720.7549,1319900
2002-01-03,4720.7549,4720.7549,4720.7549,4720.7549,0
2002-01-04,4720.7549,4776.2935,4637.4478,4709.6475,1265793
2002-01-07,4709.6475,4776.2935,4565.248,4742.9702,1116256
2002-01-08,4665.2168,5065.0928,4654.1094,4854.0469,2585963
2002-01-09,4876.2622,5331.6763,4865.1548,5237.2612,3922608
2002-01-10,5420.5376,5487.1836,5009.5542,5009.5542,2305886
2002-01-11,5109.5229,5209.4922,4887.3701,4998.4468,1730517
2002-01-14,5109.5229,5403.876,5059.5386,5387.2148,2510159
2002-01-15,5487.1836,5553.8296,5203.9385,5287.2456,2532756
2002-01-16,5392.7686,5709.3369,5353.8916,5553.8296,4326474
2002-01-17,5420.5376,5548.2759,5276.1382,5442.7529,2751164
2002-01-18,5464.9683,5481.6299,5148.3999,5148.3999,1667408
2002-01-21,5004.0005,5265.0303,4954.0161,5248.3691,1150377
2002-01-22,5287.2456,5476.0762,5209.4922,5231.7075,1485371
2002-01-23,5148.3999,5470.522,5120.6309,5470.522,1531825
2002-01-24,5664.9062,5687.1216,5520.5063,5587.1523,2162021
2002-01-25,5620.4756,6420.2271,5620.4756,6420.2271,6890200
2002-01-28,6797.8872,6831.2104,6453.5498,6642.3804,5636831
2002-01-29,6609.0571,6609.0571,6242.5044,6475.7651,3052308
2002-01-30,6198.0737,6375.7964,6120.3203,6242.5044,2227201
2002-01-31,6242.5044,6242.5044,6242.5044,6242.5044,0
2002-02-01,6231.397,6342.4731,5831.521,5887.0591,1944514
2002-02-04,5775.9829,6164.751,5775.9829,5898.167,1632657
2002-02-05,5887.0591,6309.1504,5775.9829,6275.8271,1886446
2002-02-06,6275.8271,6309.1504,6120.3203,6198.0737,1666867
2002-02-07,6331.3657,6597.9497,6175.8584,6220.2891,3920177
2002-02-08,6375.7964,6575.7344,6242.5044,6542.4111,2475499
2002-02-11,6542.4111,6542.4111,6542.4111,6542.4111,0
2002-02-12,6542.4111,6542.4111,6542.4111,6542.4111,0
2002-02-13,6542.4111,6542.4111,6542.4111,6542.4111,0
2002-02-14,6886.7485,7519.8853,6808.9951,7519.8853,3600488
2002-02-15,7764.2539,7941.9761,7564.3159,7664.2847,7859891
2002-02-18,7608.7466,8064.1606,7553.208,7997.5146,3342738
2002-02-19,8108.5913,8108.5913,7697.6079,7708.7153,3208236
2002-02-20,7519.8853,7941.9761,7508.7773,7941.9761,2947515
2002-02-21,8119.6987,8153.022,7742.0386,7819.792,2673650
2002-02-22,7597.6387,7708.7153,7386.5933,7553.208,2148067
2002-02-25,7497.6699,7608.7466,7242.1938,7264.4092,1770400
2002-02-26,7453.2393,8186.3447,7442.1318,7830.8999,5214510
2002-02-27,7808.6846,7953.084,7730.9307,7908.6533,2258711
2002-02-28,8053.0527,8286.3135,7908.6533,8164.1294,3029891
2002-03-01,8164.1294,8164.1294,8164.1294,8164.1294,0
2002-03-04,8452.9287,8597.3281,7953.084,7953.084,3336616
2002-03-05,8019.73,8164.1294,7730.9307,7808.6846,3065452
2002-03-06,7808.6846,7875.3301,7664.2847,7675.3926,1844763
2002-03-07,7775.3613,7842.0073,7630.9619,7664.2847,1802359
2002-03-08,7575.4233,7708.7153,7475.4546,7708.7153,1366984
2002-03-11,7708.7153,7786.4692,7553.208,7553.208,1403446
2002-03-12,7486.562,7853.1147,7442.1318,7842.0073,2088018
2002-03-13,7964.1914,8397.3906,7853.1147,8197.4521,4329625
2002-03-14,8041.9453,8064.1606,7642.0693,8053.0527,2591365
2002-03-15,7953.084,8663.9736,7897.5454,8386.2822,5405819
2002-03-18,8719.5127,8819.4814,8241.8828,8330.7441,4372928
2002-03-19,8386.2822,8464.0361,8141.9141,8430.7129,2371876
2002-03-20,8430.7129,8441.8213,8164.1294,8164.1294,3282779
2002-03-21,7941.9761,8241.8828,7941.9761,8075.2681,1758876
2002-03-22,8186.3447,8830.5889,8108.5913,8819.4814,5385113
2002-03-25,8930.5576,9219.3574,8419.6055,8441.8213,3809983
2002-03-26,8341.8516,8686.1895,8341.8516,8663.9736,2194881
2002-03-27,8786.1582,9119.3877,8741.7275,8863.9121,4082948
2002-03-28,9108.2803,9763.6328,9052.7422,9163.8184,7342501
2002-03-29,9330.4336,9474.833,8941.666,9086.0654,2404376
2002-04-01,9086.0654,9163.8184,8586.2207,8619.5439,2059929
2002-04-02,8364.0674,9052.7422,8364.0674,8908.3428,2042824
2002-04-03,8908.3428,9286.0029,8741.7275,8997.2041,2182908
2002-04-04,8697.2969,9163.8184,8697.2969,9041.6348,1854036
2002-04-05,9041.6348,9041.6348,9041.6348,9041.6348,0
2002-04-08,9041.6348,9052.7422,8697.2969,8719.5127,1367884
2002-04-09,8697.2969,8819.4814,8341.8516,8341.8516,1415059
2002-04-10,8286.3135,8341.8516,7853.1147,7941.9761,1575669
2002-04-11,7941.9761,8153.022,7808.6846,7986.4067,1308376
2002-04-12,7775.3613,8230.7754,7775.3613,8108.5913,1436216
2002-04-15,8219.668,8364.0674,8086.376,8330.7441,1470336
2002-04-16,8330.7441,8475.1436,8208.5605,8330.7441,986886
2002-04-17,8619.5439,8830.5889,8541.79,8830.5889,2659606
2002-04-18,8830.5889,9152.7109,8730.6201,8830.5889,1997450
2002-04-19,8886.127,9263.7881,8808.374,8941.666,3611742
2002-04-22,8886.127,9074.957,8408.498,8686.1895,2258981
2002-04-23,8552.8975,8641.7588,8341.8516,8430.7129,1058458
2002-04-24,8330.7441,8508.4668,8086.376,8219.668,1368605
2002-04-25,7941.9761,8064.1606,7575.4233,7642.0693,1332143
2002-04-26,7397.7012,7764.2539,7397.7012,7619.854,868769
2002-04-29,7319.9473,7442.1318,6886.7485,7020.0405,1103832
2002-04-30,6908.9639,7053.3638,6731.2412,6775.6719,1294962
2002-05-01,6775.6719,6775.6719,6775.6719,6775.6719,0
2002-05-02,6997.8252,7742.0386,6908.9639,7742.0386,2260242
2002-05-03,7553.208,7608.7466,7297.7319,7464.3467,1109234
2002-05-06,7231.0859,7397.7012,7064.4712,7064.4712,801428
2002-05-07,6831.2104,7253.3013,6808.9951,7097.7939,958797
2002-05-08,7219.9785,7408.8086,7208.8706,7264.4092,920626
2002-05-09,7664.2847,7708.7153,7286.6245,7331.0552,996789
2002-05-10,7219.9785,7375.4858,6986.7178,7008.9331,747412
2002-05-13,6864.5332,7053.3638,6831.2104,6997.8252,612550
2002-05-14,7186.6553,7375.4858,7164.4399,7375.4858,1372746
2002-05-15,7464.3467,7686.5,7453.2393,7464.3467,1486901
2002-05-16,7375.4858,7464.3467,7286.6245,7297.7319,662785
2002-05-17,7319.9473,7442.1318,7308.8398,7375.4858,719953
2002-05-20,7419.9165,7442.1318,7253.3013,7253.3013,560424
2002-05-21,7108.9019,7142.2246,6864.5332,6875.6411,951145
2002-05-22,6820.1025,7042.2559,6753.4565,7042.2559,648831
2002-05-23,7042.2559,7164.4399,6764.5645,6786.7798,951505
2002-05-24,6808.9951,6942.2871,6797.8872,6864.5332,630555
2002-05-27,6753.4565,6853.4258,6453.5498,6453.5498,685743
2002-05-28,6475.7651,6575.7344,6175.8584,6309.1504,1115536
2002-05-29,6120.3203,6231.397,6020.3511,6164.751,721484
2002-05-30,6053.6743,6120.3203,5664.9062,5676.0137,963929
2002-05-31,5775.9829,5920.3823,5664.9062,5731.5522,859857
2002-06-03,5775.9829,5953.7051,5731.5522,5920.3823,657384
2002-06-04,5664.9062,6075.8896,5631.583,6031.459,552861
2002-06-05,6120.3203,6175.8584,5953.7051,5987.0283,506317
2002-06-06,5987.0283,5987.0283,5987.0283,5987.0283,0
2002-06-07,5887.0591,5931.4897,5775.9829,5775.9829,459052
2002-06-10,5953.7051,6298.0425,5887.0591,6298.0425,606428
2002-06-11,6164.751,6309.1504,6075.8896,6298.0425,442847
2002-06-12,6175.8584,6442.4424,6153.6431,6442.4424,809891
2002-06-13,6442.4424,6442.4424,6442.4424,6442.4424,0
2002-06-14,6442.4424,6609.0571,6386.9038,6442.4424,742910
2002-06-17,6531.3037,6564.6265,6331.3657,6364.6885,393872
2002-06-18,6586.8418,6586.8418,6331.3657,6364.6885,660085
2002-06-19,6275.8271,6386.9038,5831.521,5887.0591,615521
2002-06-20,5864.8442,6198.0737,5742.6597,6031.459,655223
2002-06-21,6109.2124,6286.9351,6053.6743,6131.4277,1257960
2002-06-24,5998.1357,6053.6743,5820.4136,5909.2744,527924
2002-06-25,5998.1357,6053.6743,5453.8608,5498.291,658194
2002-06-26,5276.1382,5287.2456,4798.5088,4831.8315,1139303
2002-06-27,4998.4468,5137.2925,4876.2622,4954.0161,877052
2002-06-28,5220.5996,5609.3677,5165.0615,5476.0762,1764728
2002-07-01,5476.0762,5476.0762,5476.0762,5476.0762,0
2002-07-02,5298.3535,5631.583,5176.1689,5553.8296,990307
2002-07-03,5331.6763,5609.3677,5309.4609,5531.6143,901179
2002-07-04,5676.0137,6053.6743,5598.2603,5853.7363,2106294
2002-07-05,5942.5977,6298.0425,5909.2744,6031.459,2448130
2002-07-08,6342.4731,6386.9038,5853.7363,6020.3511,1711251
2002-07-09,6031.459,6298.0425,6031.459,6298.0425,1178646
2002-07-10,6186.9663,6309.1504,6120.3203,6209.1816,1006332
2002-07-11,5964.813,6153.6431,5964.813,5998.1357,913603
2002-07-12,6131.4277,6298.0425,6075.8896,6286.9351,891997
2002-07-15,6275.8271,6553.519,6175.8584,6298.0425,1482490
2002-07-16,6342.4731,6420.2271,6120.3203,6220.2891,974282
2002-07-17,6220.2891,6220.2891,6220.2891,6220.2891,0
2002-07-18,6220.2891,6431.3345,6109.2124,6198.0737,1069352
2002-07-19,6086.9971,6086.9971,5842.6289,5975.9204,845002
2002-07-22,5409.4302,5664.9062,5409.4302,5526.0605,795127
2002-07-23,5370.5532,5887.0591,5370.5532,5887.0591,962218
2002-07-24,5564.937,5698.229,5564.937,5676.0137,605438
2002-07-25,6009.2437,6098.105,5698.229,5698.229,793866
2002-07-26,5709.3369,5809.3057,5520.5063,5537.168,567086
2002-07-29,5576.0449,5698.229,5526.0605,5553.8296,357501
2002-07-30,5698.229,5887.0591,5698.229,5698.229,737329
2002-07-31,5709.3369,5809.3057,5631.583,5631.583,371635
2002-08-01,5720.4443,5742.6597,5498.291,5531.6143,419620
2002-08-02,5442.7529,5476.0762,5370.5532,5476.0762,337514
2002-08-05,5348.3379,5420.5376,5231.7075,5265.0303,384599
2002-08-06,5009.5542,5281.6919,5009.5542,5187.2769,397023
2002-08-07,5342.7842,5409.4302,5231.7075,5231.7075,449059
2002-08-08,5298.3535,5320.5688,5220.5996,5231.7075,405035
2002-08-09,5387.2148,5459.4146,5337.23,5348.3379,593374
2002-08-12,5431.6455,5431.6455,5353.8916,5376.1069,318608
2002-08-13,5442.7529,5531.6143,5331.6763,5531.6143,357321
2002-08-14,5376.1069,5531.6143,5376.1069,5492.7373,310866
2002-08-15,5492.7373,5492.7373,5492.7373,5492.7373,0
2002-08-16,5709.3369,5798.1982,5653.7983,5787.0903,983015
2002-08-19,5831.521,5975.9204,5831.521,5953.7051,895958
2002-08-20,6109.2124,6164.751,5898.167,5942.5977,785133
2002-08-21,5898.167,6053.6743,5842.6289,6053.6743,475527
2002-08-22,6109.2124,6153.6431,5998.1357,6086.9971,878943
2002-08-23,6086.9971,6086.9971,6086.9971,6086.9971,0
2002-08-26,5798.1982,5864.8442,5753.7676,5753.7676,347507
2002-08-27,5853.7363,5853.7363,5709.3369,5831.521,380008
2002-08-28,5720.4443,6220.2891,5720.4443,5920.3823,835909
2002-08-29,5998.1357,5998.1357,5831.521,5953.7051,305554
2002-08-30,5953.7051,6053.6743,5887.0591,6020.3511,449869
2002-09-02,6098.105,6386.9038,6053.6743,6386.9038,1436036
2002-09-03,6531.3037,6531.3037,6220.2891,6220.2891,1049996
2002-09-04,6031.459,6153.6431,5931.4897,6142.5356,749302
2002-09-05,6186.9663,6220.2891,6053.6743,6086.9971,519551
2002-09-06,5953.7051,6031.459,5842.6289,5842.6289,483000
2002-09-09,5887.0591,5931.4897,5576.0449,5620.4756,493893
2002-09-10,5631.583,5775.9829,5631.583,5720.4443,358221
2002-09-11,5787.0903,5931.4897,5742.6597,5898.167,507127
2002-09-12,5831.521,5998.1357,5820.4136,5998.1357,585992
2002-09-13,5842.6289,5864.8442,5753.7676,5753.7676,347507
2002-09-16,5775.9829,5809.3057,5609.3677,5631.583,298622
2002-09-17,5798.1982,5964.813,5720.4443,5964.813,597875
2002-09-18,5720.4443,5775.9829,5642.6909,5720.4443,519551
2002-09-19,5720.4443,5831.521,5676.0137,5742.6597,310056
2002-09-20,5742.6597,5742.6597,5742.6597,5742.6597,0
2002-09-23,5620.4756,5642.6909,5520.5063,5520.5063,399003
2002-09-24,5331.6763,5492.7373,5331.6763,5492.7373,382618
2002-09-25,5387.2148,5431.6455,5253.9229,5276.1382,339765
2002-09-26,5409.4302,5526.0605,5253.9229,5331.6763,415118
2002-09-27,5353.8916,5442.7529,5287.2456,5331.6763,297182
2002-09-30,5109.5229,5376.1069,5109.5229,5376.1069,672058
2002-10-01,5220.5996,5409.4302,5220.5996,5392.7686,326531
2002-10-02,5553.8296,5553.8296,5265.0303,5265.0303,361012
2002-10-03,5265.0303,5265.0303,5265.0303,5265.0303,0
2002-10-04,5142.8462,5303.9072,5120.6309,5220.5996,256669
2002-10-07,5198.3843,5198.3843,4987.3389,4987.3389,413858
2002-10-08,4865.1548,5009.5542,4865.1548,4998.4468,330852
2002-10-09,5009.5542,5037.3232,4848.4932,4859.6011,425742
2002-10-10,4765.1855,4831.8315,4637.4478,4643.0015,490922
2002-10-11,4776.2935,4798.5088,4409.7407,4587.4634,708610
2002-10-14,4709.6475,4776.2935,4654.1094,4770.7397,656573
2002-10-15,4865.1548,4992.8926,4731.8628,4892.9238,729406
2002-10-16,5026.2158,5031.7695,4831.8315,4854.0469,532515
2002-10-17,4809.6162,5020.6621,4776.2935,4965.1235,689434
2002-10-18,5131.7383,5259.4766,5115.0771,5231.7075,956907
2002-10-21,5131.7383,5231.7075,5065.0928,5065.0928,445008
2002-10-22,5165.0615,5176.1689,4842.9395,4898.4775,482820
2002-10-23,4842.9395,5170.6152,4842.9395,5170.6152,505957
2002-10-24,5187.2769,5248.3691,5059.5386,5076.2002,423671
2002-10-25,4954.0161,5148.3999,4954.0161,5087.3081,239924
2002-10-28,5259.4766,5809.3057,5176.1689,5664.9062,1859527
2002-10-29,5576.0449,5720.4443,5531.6143,5531.6143,647481
2002-10-30,5520.5063,5531.6143,5237.2612,5409.4302,502266
2002-10-31,5498.291,5631.583,5364.9995,5503.8452,544489
2002-11-01,5498.291,5526.0605,5387.2148,5498.291,300333
2002-11-04,5620.4756,5909.2744,5620.4756,5864.8442,1495454
2002-11-05,5887.0591,5909.2744,5631.583,5775.9829,571587
2002-11-06,5875.9517,5898.167,5731.5522,5898.167,691954
2002-11-07,5809.3057,5898.167,5764.875,5775.9829,550070
2002-11-08,5664.9062,5709.3369,5576.0449,5664.9062,389280
2002-11-11,5564.937,5664.9062,5542.7217,5542.7217,231912
2002-11-12,5348.3379,5464.9683,5342.7842,5464.9683,331032
2002-11-13,5464.9683,5598.2603,5270.5845,5298.3535,407286
2002-11-14,5276.1382,5381.6606,5276.1382,5298.3535,360201
2002-11-15,5476.0762,5620.4756,5442.7529,5542.7217,691234
2002-11-18,5503.8452,5598.2603,5414.9839,5442.7529,274135
2002-11-19,5387.2148,5553.8296,5387.2148,5553.8296,233712
2002-11-20,5498.291,5664.9062,5487.1836,5642.6909,354980
2002-11-21,5775.9829,5842.6289,5731.5522,5831.521,763617
2002-11-22,5931.4897,6120.3203,5809.3057,5820.4136,1054137
2002-11-25,5831.521,5964.813,5820.4136,5875.9517,480029
2002-11-26,5931.4897,5953.7051,5787.0903,5909.2744,433664
2002-11-27,5820.4136,6131.4277,5820.4136,6131.4277,707529
2002-11-28,6275.8271,6353.5811,6031.459,6086.9971,946824
2002-11-29,6075.8896,6153.6431,6009.2437,6153.6431,829427
2002-12-02,6153.6431,6153.6431,6153.6431,6153.6431,0
2002-12-03,6086.9971,6253.6123,6031.459,6086.9971,975543
2002-12-04,6053.6743,6053.6743,5809.3057,5820.4136,554932
2002-12-05,5775.9829,5931.4897,5775.9829,5820.4136,641539
2002-12-06,5775.9829,5898.167,5753.7676,5820.4136,651442
2002-12-09,5798.1982,6164.751,5798.1982,5942.5977,1266243
2002-12-10,5864.8442,6131.4277,5831.521,6098.105,977343
2002-12-11,6175.8584,6186.9663,5975.9204,6009.2437,610029
2002-12-12,6042.5664,6364.6885,6042.5664,6364.6885,1673169
2002-12-13,6309.1504,6664.5952,6220.2891,6509.0884,2243587
2002-12-16,6497.9805,6709.0259,6453.5498,6520.1958,1247787
2002-12-17,6709.0259,7075.5786,6642.3804,6964.5024,2674550
2002-12-18,6886.7485,7197.7632,6853.4258,6920.0718,1695496
2002-12-19,6920.0718,6920.0718,6920.0718,6920.0718,0
2002-12-20,6953.3945,6997.8252,6709.0259,6786.7798,839960
2002-12-23,6731.2412,6842.3179,6386.9038,6409.1191,1034061
2002-12-24,6320.2578,6742.3491,6242.5044,6664.5952,1407767
2002-12-25,6664.5952,6664.5952,6664.5952,6664.5952,0
2002-12-26,6664.5952,6831.2104,6586.8418,6686.8105,1172254
2002-12-27,6609.0571,6775.6719,6553.519,6642.3804,860667
2002-12-30,6586.8418,6586.8418,6086.9971,6331.3657,590043
2002-12-31,6331.3657,6331.3657,6331.3657,6331.3657,0
2003-01-01,6331.3657,6331.3657,6331.3657,6331.3657,0
2003-01-02,6442.4424,6753.4565,6375.7964,6720.1338,820244
2003-01-03,6953.3945,7042.2559,6842.3179,6975.6099,1739430
2003-01-06,7053.3638,7542.1006,6997.8252,7530.9927,3130992
2003-01-07,7630.9619,7697.6079,7231.0859,7242.1938,1923537
2003-01-08,7331.0552,7519.8853,7242.1938,7331.0552,1212856
2003-01-09,7242.1938,7297.7319,7064.4712,7186.6553,1133092
2003-01-10,7364.3779,7719.8232,7219.9785,7431.0239,3123970
2003-01-13,7542.1006,7642.0693,7408.8086,7608.7466,1485191
2003-01-14,7664.2847,7708.7153,7464.3467,7619.854,928998
2003-01-15,7564.3159,7675.3926,7386.5933,7486.562,921166
2003-01-16,7342.1626,7864.2227,7342.1626,7830.8999,2087118
2003-01-17,7686.5,7930.8687,7642.0693,7642.0693,1448189
2003-01-20,7497.6699,7575.4233,7308.8398,7453.2393,1076194
2003-01-21,7497.6699,7530.9927,7297.7319,7453.2393,683222
2003-01-22,7353.2705,7508.7773,7264.4092,7353.2705,576179
2003-01-23,7386.5933,7686.5,7353.2705,7686.5,1310177
2003-01-24,7753.146,7764.2539,7297.7319,7308.8398,858416
2003-01-27,7008.9331,7164.4399,6942.2871,6997.8252,778561
2003-01-28,6942.2871,7053.3638,6808.9951,6831.2104,1000210
2003-01-29,6897.8564,6920.0718,6564.6265,6642.3804,864268
2003-01-30,6675.7031,6897.8564,6675.7031,6842.3179,569696
2003-01-31,6842.3179,6842.3179,6842.3179,6842.3179,0
2003-02-03,6731.2412,6942.2871,6731.2412,6886.7485,768208
2003-02-04,6964.5024,7142.2246,6842.3179,7142.2246,1351859
2003-02-05,7086.6865,7131.1172,6908.9639,6975.6099,885335
2003-02-06,7020.0405,7131.1172,6731.2412,6742.3491,800168
2003-02-07,6697.9185,6753.4565,6531.3037,6631.2725,565105
2003-02-10,6609.0571,6664.5952,6520.1958,6586.8418,435015
2003-02-11,6631.2725,6720.1338,6298.0425,6409.1191,958977
2003-02-12,6386.9038,6497.9805,6331.3657,6464.6577,627584
2003-02-13,6409.1191,6497.9805,6275.8271,6309.1504,724905
2003-02-14,6253.6123,6431.3345,6142.5356,6375.7964,924767
2003-02-17,6586.8418,6797.8872,6520.1958,6797.8872,1347268
2003-02-18,6775.6719,6820.1025,6631.2725,6709.0259,651892
2003-02-19,6920.0718,6986.7178,6709.0259,6720.1338,982295
2003-02-20,6775.6719,6953.3945,6697.9185,6953.3945,825376
2003-02-21,6997.8252,7031.1484,6853.4258,6931.1792,674129
2003-02-24,7020.0405,7153.3325,6986.7178,7020.0405,1069262
2003-02-25,6931.1792,6931.1792,6709.0259,6709.0259,696996
2003-02-26,6775.6719,6842.3179,6586.8418,6620.165,713921
2003-02-27,6442.4424,6609.0571,6420.2271,6509.0884,589503
2003-02-28,6553.519,6653.4878,6342.4731,6342.4731,430693
2003-03-03,6286.9351,6586.8418,6286.9351,6553.519,868499
2003-03-04,6409.1191,6442.4424,6275.8271,6286.9351,599856
2003-03-05,6175.8584,6175.8584,5853.7363,6042.5664,731567
2003-03-06,6075.8896,6153.6431,5864.8442,5887.0591,517120
2003-03-07,5676.0137,5931.4897,5664.9062,5709.3369,543228
2003-03-10,5687.1216,5764.875,5564.937,5564.937,430963
2003-03-11,5498.291,5709.3369,5364.9995,5664.9062,1145335
2003-03-12,5731.5522,5931.4897,5631.583,5875.9517,565195
2003-03-13,5942.5977,5987.0283,5664.9062,5831.521,692135
2003-03-14,6220.2891,6275.8271,5909.2744,5942.5977,1150107
2003-03-17,5864.8442,5931.4897,5498.291,5498.291,844642
2003-03-18,5931.4897,6075.8896,5742.6597,5942.5977,1061969
2003-03-19,5898.167,6298.0425,5898.167,6298.0425,1168653
2003-03-20,6420.2271,6720.1338,6331.3657,6720.1338,1714402
2003-03-21,6764.5645,7020.0405,6609.0571,6775.6719,2083517
2003-03-24,6831.2104,6931.1792,6597.9497,6597.9497,1470516
2003-03-25,6231.397,6453.5498,6231.397,6375.7964,936110
2003-03-26,6520.1958,6553.519,6209.1816,6309.1504,1039733
2003-03-27,6220.2891,6386.9038,6220.2891,6275.8271,671158
2003-03-28,6364.6885,6442.4424,6198.0737,6442.4424,712031
2003-03-31,6320.2578,6364.6885,6198.0737,6198.0737,512979
2003-04-01,6120.3203,6542.4111,6109.2124,6542.4111,898659
2003-04-02,6553.519,6764.5645,6475.7651,6697.9185,1318009
2003-04-03,6920.0718,6942.2871,6653.4878,6731.2412,1349969
2003-04-04,6697.9185,7142.2246,6675.7031,7131.1172,2009514
2003-04-07,7331.0552,7353.2705,7153.3325,7231.0859,1815053
2003-04-08,7053.3638,7319.9473,7053.3638,7242.1938,1175765
2003-04-09,7164.4399,7208.8706,6875.6411,6875.6411,676560
2003-04-10,6853.4258,7286.6245,6753.4565,7064.4712,1310267
2003-04-11,7208.8706,7475.4546,7120.0093,7186.6553,1293972
2003-04-14,7331.0552,7375.4858,7108.9019,7142.2246,1093479
2003-04-15,7275.5166,7364.3779,7186.6553,7364.3779,1136783
2003-04-16,7497.6699,7519.8853,7342.1626,7364.3779,1446209
2003-04-17,7308.8398,7508.7773,7231.0859,7275.5166,1284158
2003-04-18,7419.9165,7719.8232,7342.1626,7608.7466,1864569
2003-04-21,7508.7773,7730.9307,7442.1318,7619.854,803859
2003-04-22,7542.1006,7553.208,7375.4858,7386.5933,804309
2003-04-23,7442.1318,7497.6699,7075.5786,7131.1172,1197462
2003-04-24,7120.0093,7253.3013,7042.2559,7042.2559,968070
2003-04-25,6942.2871,6953.3945,6609.0571,6720.1338,1050536
2003-04-28,6553.519,6875.6411,6553.519,6775.6719,692495
2003-04-29,6942.2871,7164.4399,6886.7485,7131.1172,881643
2003-04-30,7131.1172,7164.4399,6953.3945,6986.7178,565105
2003-05-01,6986.7178,6986.7178,6986.7178,6986.7178,0
2003-05-02,7008.9331,7075.5786,6742.3491,6964.5024,740119
2003-05-05,6964.5024,6964.5024,6964.5024,6964.5024,0
2003-05-06,6986.7178,7186.6553,6986.7178,7020.0405,703568
2003-05-07,7164.4399,7164.4399,6964.5024,7108.9019,810701
2003-05-08,7108.9019,7108.9019,7108.9019,7108.9019,0
2003-05-09,7053.3638,7431.0239,7020.0405,7431.0239,1460703
2003-05-12,7586.5312,7664.2847,7486.562,7508.7773,1401375
2003-05-13,7508.7773,7542.1006,7242.1938,7253.3013,953486
2003-05-14,7197.7632,7297.7319,7120.0093,7164.4399,653242
2003-05-15,7308.8398,7519.8853,7197.7632,7497.6699,1037482
2003-05-16,7497.6699,7519.8853,7242.1938,7386.5933,834289
2003-05-19,7208.8706,7253.3013,6997.8252,6997.8252,697266
2003-05-20,6886.7485,7164.4399,6853.4258,7131.1172,493533
2003-05-21,7064.4712,7108.9019,7008.9331,7008.9331,438796
2003-05-22,6942.2871,7075.5786,6897.8564,6975.6099,781172
2003-05-23,7053.3638,7164.4399,6997.8252,7142.2246,754614
2003-05-26,7164.4399,7419.9165,7031.1484,7342.1626,1107704
2003-05-27,7408.8086,7408.8086,7164.4399,7253.3013,774510
2003-05-28,7453.2393,7497.6699,7197.7632,7208.8706,1318999
2003-05-29,7208.8706,7231.0859,7075.5786,7086.6865,686733
2003-05-30,7108.9019,7286.6245,7053.3638,7219.9785,892447
2003-06-02,7331.0552,7597.6387,7297.7319,7519.8853,1348528
2003-06-03,7442.1318,7519.8853,7286.6245,7342.1626,505236
2003-06-04,7442.1318,7830.8999,7408.8086,7753.146,2523303
2003-06-05,7908.6533,8053.0527,7797.5767,7975.2993,2423642
2003-06-06,7975.2993,7975.2993,7975.2993,7975.2993,0
2003-06-09,8030.8374,8075.2681,7808.6846,7886.438,1170993
2003-06-10,7886.438,8197.4521,7842.0073,8130.8066,1115176
2003-06-11,8086.376,8175.2373,7953.084,8008.6221,1150107
2003-06-12,8064.1606,8308.5293,7941.9761,8097.4834,1667678
2003-06-13,8119.6987,8441.8213,8053.0527,8441.8213,1415959
2003-06-16,8352.96,8375.1748,8219.668,8297.4209,683762
2003-06-17,8464.0361,8486.252,8275.2061,8275.2061,1413619
2003-06-18,8275.2061,8719.5127,8219.668,8508.4668,1938392
2003-06-19,8608.4355,8930.5576,8564.0049,8675.082,2286980
2003-06-20,8575.1133,8852.8047,8564.0049,8719.5127,944033
2003-06-23,8752.835,8997.2041,8564.0049,8608.4355,1392102
2003-06-24,8441.8213,8519.5742,8308.5293,8519.5742,1030010
2003-06-25,8530.6826,8608.4355,8430.7129,8564.0049,781892
2003-06-26,8386.2822,8464.0361,8230.7754,8419.6055,926927
2003-06-27,8464.0361,8575.1133,8330.7441,8497.3594,960688
2003-06-30,8386.2822,8508.4668,8252.9902,8441.8213,621012
2003-07-01,8375.1748,9052.7422,8375.1748,9052.7422,1604478
2003-07-02,9163.8184,10052.4316,9063.8496,9608.125,4403268
2003-07-03,9863.6016,10163.5078,9630.3408,9741.417,2799779
2003-07-04,9874.709,9930.2471,9563.6943,9919.1396,1067551
2003-07-07,10174.6162,10252.3691,10063.5391,10085.7549,1346728
2003-07-08,10219.0459,10241.2617,9841.3857,9952.4629,1167212
2003-07-09,9985.7852,9996.8936,9619.2324,9630.3408,1205024
2003-07-10,9552.5869,9996.8936,9552.5869,9885.8164,1596105
2003-07-11,9785.8477,9885.8164,9630.3408,9785.8477,699427
2003-07-14,9830.2783,10185.7236,9752.5244,10174.6162,1479969
2003-07-15,10241.2617,10296.7998,9619.2324,9619.2324,1039823
2003-07-16,9819.1709,9830.2783,9441.5098,9630.3408,821865
2003-07-17,9630.3408,9630.3408,9630.3408,9630.3408,0
2003-07-18,9385.9717,9574.8018,9274.8955,9330.4336,846803
2003-07-21,9219.3574,9419.2949,8763.9434,8775.0508,930709
2003-07-22,8663.9736,9163.8184,8663.9736,9163.8184,745431
2003-07-23,9174.9268,9241.5723,9052.7422,9163.8184,488851
2003-07-24,8952.7734,9452.6182,8952.7734,9441.5098,1101492
2003-07-25,9363.7568,9719.2021,9263.7881,9530.3711,805030
2003-07-28,9685.8789,9985.7852,9685.8789,9796.9551,1023708
2003-07-29,9874.709,9941.3545,9752.5244,9841.3857,715182
2003-07-30,9885.8164,10085.7549,9819.1709,9919.1396,871650
2003-07-31,9841.3857,10185.7236,9841.3857,10030.2158,1029739
2003-08-01,10119.0771,10263.4766,10019.1084,10119.0771,973292
2003-08-04,10030.2158,10207.9385,9808.0625,9819.1709,829337
2003-08-05,9896.9238,9896.9238,9397.0801,9485.9404,1466645
2003-08-06,9330.4336,9585.9102,9274.8955,9574.8018,636857
2003-08-07,9497.0488,10030.2158,9497.0488,9996.8936,1486451
2003-08-08,10063.5391,10319.0156,9874.709,9996.8936,1393092
2003-08-11,9941.3545,10441.1992,9819.1709,10441.1992,1220779
2003-08-12,10552.2764,10941.0439,10330.123,10641.1377,2476219
2003-08-13,10774.4297,11218.7354,10685.5684,11085.4434,1848454
2003-08-14,11218.7354,11329.8125,10996.582,11096.5518,1338625
2003-08-15,11096.5518,11096.5518,11096.5518,11096.5518,0
2003-08-18,11440.8887,12162.8867,11274.2744,12107.3486,2450561
2003-08-19,12496.1162,12551.6543,11551.9658,11885.1953,1859797
2003-08-20,11940.7334,12329.502,11663.042,11885.1953,1372116
2003-08-21,11940.7334,12218.4248,11440.8887,11774.1182,2062720
2003-08-22,11774.1182,11940.7334,11163.1973,11329.8125,1763737
2003-08-25,11329.8125,11663.042,11218.7354,11496.4268,937641
2003-08-26,11385.3506,12107.3486,11385.3506,12051.8105,1420011
2003-08-27,12218.4248,12773.8076,11885.1953,12496.1162,2312458
2003-08-28,12718.2695,12718.2695,11385.3506,11607.5039,2307236
2003-08-29,11663.042,11774.1182,11163.1973,11774.1182,1099151
2003-09-01,11663.042,12051.8105,11385.3506,11496.4268,1266423
2003-09-02,11329.8125,11385.3506,10741.1064,10941.0439,5081268
2003-09-03,10996.582,11029.9053,10441.1992,10607.8145,3179697
2003-09-04,10685.5684,10918.8291,10474.5225,10496.7383,2161661
2003-09-05,10518.9531,10685.5684,10518.9531,10518.9531,1145785
2003-09-08,10507.8457,10696.6758,10507.8457,10518.9531,952766
2003-09-09,10607.8145,11274.2744,10607.8145,11163.1973,2966871
2003-09-10,11163.1973,11163.1973,11163.1973,11163.1973,0
2003-09-11,11163.1973,11163.1973,11163.1973,11163.1973,0
2003-09-12,11163.1973,11163.1973,11163.1973,11163.1973,0
2003-09-15,11329.8125,11496.4268,11052.1211,11163.1973,1585122
2003-09-16,11218.7354,11385.3506,11063.2285,11329.8125,1035051
2003-09-17,11496.4268,11551.9658,11096.5518,11163.1973,1135612
2003-09-18,11218.7354,11274.2744,10841.0752,10841.0752,913153
2003-09-19,10896.6133,10996.582,10385.6611,10441.1992,1238154
2003-09-22,10241.2617,10385.6611,9685.8789,9774.7402,1161900
2003-09-23,9663.6631,9952.4629,9419.2949,9941.3545,1479069
2003-09-24,9885.8164,10163.5078,9885.8164,9974.6777,1001020
2003-09-25,9563.6943,9763.6328,9463.7256,9730.3096,1032350
2003-09-26,9585.9102,9919.1396,9563.6943,9585.9102,750203
2003-09-29,9597.0176,9663.6631,9119.3877,9385.9717,747862
2003-09-30,9552.5869,9941.3545,9530.3711,9597.0176,1109774
2003-10-01,9441.5098,9919.1396,9363.7568,9896.9238,713741
2003-10-02,10085.7549,10085.7549,9808.0625,9908.0322,970411
2003-10-03,9908.0322,9908.0322,9908.0322,9908.0322,0
2003-10-06,10052.4316,10119.0771,9952.4629,10041.3242,774870
2003-10-07,10063.5391,10341.2305,10030.2158,10052.4316,764787
2003-10-08,10096.8623,10163.5078,9619.2324,9641.4482,863458
2003-10-09,9641.4482,10041.3242,9641.4482,9996.8936,1422621
2003-10-10,9996.8936,10219.0459,9819.1709,10185.7236,1747532
2003-10-13,10163.5078,10230.1543,9919.1396,9941.3545,1757075
2003-10-14,10041.3242,10330.123,10030.2158,10085.7549,1803980
2003-10-15,10263.4766,10663.3525,10152.4004,10663.3525,2668158
2003-10-16,10630.0293,10885.5059,10407.877,10729.999,2077305
2003-10-17,10829.9678,11007.6904,10618.9219,10774.4297,1815143
2003-10-20,10663.3525,10874.3984,10607.8145,10774.4297,1083216
2003-10-21,10885.5059,10896.6133,10674.46,10774.4297,875972
2003-10-22,10763.3213,10763.3213,10396.7686,10418.9844,1221139
2003-10-23,10130.1855,10263.4766,9752.5244,9996.8936,1298023
2003-10-24,9985.7852,10130.1855,9830.2783,9919.1396,506947
2003-10-27,9930.2471,10074.6465,9852.4932,9996.8936,873001
2003-10-28,10063.5391,10285.6924,10052.4316,10196.8311,1527324
2003-10-29,10363.4463,10485.6299,9941.3545,9996.8936,1690545
2003-10-30,10008.001,10107.9697,9863.6016,10107.9697,1069262
2003-10-31,10119.0771,10163.5078,9930.2471,9963.5703,551511
2003-11-03,9963.5703,10130.1855,9919.1396,9952.4629,1026949
2003-11-04,10096.8623,10441.1992,9963.5703,10407.877,2084147
2003-11-05,10485.6299,11774.1182,10407.877,11440.8887,4800201
2003-11-06,11385.3506,11607.5039,10952.1523,11107.6592,2406807
2003-11-07,11329.8125,12107.3486,11107.6592,11996.2715,3379649
2003-11-10,11885.1953,12385.04,11718.5801,12162.8867,2525194
2003-11-11,11996.2715,12051.8105,11274.2744,11607.5039,2689945
2003-11-12,11663.042,12051.8105,11329.8125,11774.1182,1584042
2003-11-13,12107.3486,12718.2695,11829.6572,12662.7314,3414040
2003-11-14,12662.7314,13273.6523,12496.1162,12773.8076,3516492
2003-11-17,12551.6543,13162.5762,12440.5781,12995.9609,1999341
2003-11-18,12995.9609,13051.499,12440.5781,12995.9609,1381389
2003-11-19,12551.6543,12884.8848,11996.2715,12107.3486,1848634
2003-11-20,12329.502,12607.1934,11829.6572,12551.6543,1379318
2003-11-21,12273.9629,12551.6543,12162.8867,12218.4248,1246437
2003-11-24,12051.8105,12162.8867,11551.9658,11663.042,1108334
2003-11-25,12051.8105,12440.5781,11829.6572,12440.5781,1554602
2003-11-26,12496.1162,14051.1885,12496.1162,13662.4209,4697479
2003-11-27,13606.8828,13884.5742,13218.1143,13717.959,1624554
2003-11-28,13884.5742,14495.4951,13662.4209,13773.4971,2527445
2003-12-01,13940.1123,14384.4189,13662.4209,14328.8799,1743301
2003-12-02,14662.1104,14939.8018,14439.957,14717.6484,2663207
2003-12-03,14662.1104,15106.416,14328.8799,14995.3398,2043905
2003-12-04,14995.3398,15217.4932,14606.5713,14717.6484,1634007
2003-12-05,14662.1104,14717.6484,13773.4971,13773.4971,2017346
2003-12-08,13606.8828,14439.957,13551.3438,14384.4189,1811542
2003-12-09,14773.1865,14995.3398,14495.4951,14884.2637,1456562
2003-12-10,14662.1104,15328.5693,14606.5713,15328.5693,1235994
2003-12-11,15495.1846,15772.876,15106.416,15217.4932,2055698
2003-12-12,15550.7227,15717.3379,15050.8779,15384.1074,1444948
2003-12-15,15550.7227,15661.7998,15050.8779,15384.1074,1369865
2003-12-16,15106.416,15772.876,14773.1865,15550.7227,1650212
2003-12-17,15661.7998,15772.876,15050.8779,15050.8779,1268944
2003-12-18,15050.8779,15161.9551,14662.1104,14939.8018,1302344
2003-12-19,15161.9551,15384.1074,14662.1104,14662.1104,908112
2003-12-22,14439.957,15106.416,14384.4189,14495.4951,1347718
2003-12-23,14717.6484,15050.8779,14662.1104,15050.8779,1866910
2003-12-24,15217.4932,15217.4932,14551.0332,14551.0332,1045044
2003-12-25,14551.0332,14551.0332,14551.0332,14551.0332,0
2003-12-26,14384.4189,14606.5713,14051.1885,14273.3418,904871
2003-12-29,14328.8799,15328.5693,14328.8799,15328.5693,994629
2003-12-30,15550.7227,15995.0293,15384.1074,15772.876,1570898
2003-12-31,15772.876,15772.876,15772.876,15772.876,0
2004-01-01,15772.876,15772.876,15772.876,15772.876,0
2004-01-02,15883.9521,15995.0293,15606.2607,15828.4141,727065
2004-01-05,15717.3379,16272.7207,15606.2607,15939.4912,1396513
2004-01-06,16161.6436,16217.1826,15606.2607,15606.2607,817904
2004-01-07,15550.7227,15772.876,15328.5693,15550.7227,802689
2004-01-08,15495.1846,15939.4912,15106.416,15439.6465,1931820
2004-01-09,15661.7998,16217.1826,15439.6465,16050.5674,2091619
2004-01-12,16106.1055,16494.873,15717.3379,16106.1055,1544519
2004-01-13,16217.1826,16328.2588,15772.876,15995.0293,676560
2004-01-14,15939.4912,16605.9512,15828.4141,16106.1055,2468386
2004-01-15,15883.9521,15883.9521,15106.416,15161.9551,3101553
2004-01-16,15273.0312,15384.1074,14884.2637,14995.3398,1529575
2004-01-19,15106.416,15717.3379,15106.416,15661.7998,1335925
2004-01-20,15661.7998,15717.3379,15384.1074,15606.2607,879663
2004-01-21,15606.2607,15606.2607,15606.2607,15606.2607,0
2004-01-22,15606.2607,15606.2607,15606.2607,15606.2607,0
2004-01-23,15606.2607,15606.2607,15606.2607,15606.2607,0
2004-01-26,15606.2607,15883.9521,15495.1846,15661.7998,1221499
2004-01-27,15828.4141,15883.9521,15495.1846,15550.7227,1091229
2004-01-28,15384.1074,15606.2607,15217.4932,15217.4932,1075744
2004-01-29,14884.2637,15106.416,14606.5713,14773.1865,1064220
2004-01-30,14773.1865,14884.2637,14439.957,14551.0332,820154
2004-02-02,14439.957,14717.6484,14273.3418,14328.8799,928188
2004-02-03,14384.4189,14773.1865,14217.8037,14606.5713,1535607
2004-02-04,14551.0332,14773.1865,14217.8037,14328.8799,860127
2004-02-05,14162.2656,14884.2637,14051.1885,14828.7246,1261832
2004-02-06,14884.2637,15328.5693,14773.1865,15161.9551,1380939
2004-02-09,15328.5693,15384.1074,15050.8779,15106.416,1076914
2004-02-10,15161.9551,15273.0312,14995.3398,15106.416,973022
2004-02-11,14939.8018,15495.1846,14551.0332,14995.3398,3916576
2004-02-12,14884.2637,14995.3398,14162.2656,14162.2656,5369628
2004-02-13,14162.2656,14217.8037,13440.2676,13940.1123,2230623
2004-02-16,13773.4971,13940.1123,13606.8828,13606.8828,1043334
2004-02-17,13551.3438,13884.5742,13495.8057,13773.4971,886505
2004-02-18,13884.5742,14162.2656,13717.959,13940.1123,1671909
2004-02-19,13884.5742,13995.6504,13662.4209,13773.4971,1049996
2004-02-20,13662.4209,13940.1123,13606.8828,13606.8828,787024
2004-02-23,13551.3438,13662.4209,12995.9609,13662.4209,1052877
2004-02-24,13329.1904,13495.8057,13051.499,13107.0381,881823
2004-02-25,13218.1143,13329.1904,12884.8848,13162.5762,800528
2004-02-26,13107.0381,13273.6523,12607.1934,12607.1934,946644
2004-02-27,12551.6543,12718.2695,12329.502,12607.1934,1211776
2004-03-01,12607.1934,12607.1934,12607.1934,12607.1934,0
2004-03-02,12773.8076,13329.1904,12718.2695,12995.9609,1357711
2004-03-03,12995.9609,13218.1143,12884.8848,13107.0381,729676
2004-03-04,13218.1143,13384.7295,12995.9609,13051.499,1259311
2004-03-05,13162.5762,13551.3438,13051.499,13218.1143,1548120
2004-03-08,13329.1904,13440.2676,12440.5781,12551.6543,1717643
2004-03-09,12385.04,12496.1162,11996.2715,11996.2715,1370855
2004-03-10,11885.1953,12162.8867,11774.1182,12051.8105,828527
2004-03-11,11885.1953,12385.04,11885.1953,12329.502,1127240
2004-03-12,12162.8867,12218.4248,11052.1211,11718.5801,2036072
2004-03-15,12051.8105,12218.4248,11829.6572,12051.8105,973652
2004-03-16,11885.1953,11996.2715,11718.5801,11885.1953,578879
2004-03-17,12162.8867,12440.5781,12107.3486,12329.502,826546
2004-03-18,12496.1162,12662.7314,12218.4248,12218.4248,594004
2004-03-19,12329.502,12607.1934,12051.8105,12551.6543,610119
2004-03-22,12329.502,12607.1934,12218.4248,12218.4248,768208
2004-03-23,11996.2715,12551.6543,11940.7334,12496.1162,732647
2004-03-24,12551.6543,12884.8848,12385.04,12551.6543,879303
2004-03-25,12607.1934,12773.8076,12107.3486,12107.3486,648561
2004-03-26,12385.04,12440.5781,12162.8867,12162.8867,467605
2004-03-29,12273.9629,12385.04,12162.8867,12273.9629,376046
2004-03-30,12385.04,12829.3467,12385.04,12829.3467,1180356
2004-03-31,12940.4229,13051.499,12662.7314,12829.3467,717793
2004-04-01,12773.8076,13051.499,12718.2695,13051.499,662335
2004-04-02,13107.0381,13162.5762,12884.8848,12940.4229,667107
2004-04-05,12940.4229,12940.4229,12940.4229,12940.4229,0
2004-04-06,13162.5762,13329.1904,12995.9609,13273.6523,1600967
2004-04-07,13329.1904,13440.2676,13051.499,13273.6523,899289
2004-04-08,13273.6523,13329.1904,12773.8076,12829.3467,1058458
2004-04-09,12773.8076,12940.4229,12496.1162,12884.8848,725175
2004-04-12,12995.9609,13606.8828,12940.4229,13551.3438,2648712
2004-04-13,13829.0352,14162.2656,13606.8828,13717.959,2579301
2004-04-14,13662.4209,14217.8037,13495.8057,14051.1885,1453861
2004-04-15,14051.1885,14051.1885,14051.1885,14051.1885,0
2004-04-16,13940.1123,14051.1885,13662.4209,13884.5742,1224470
2004-04-19,14051.1885,14162.2656,13440.2676,13773.4971,2084237
2004-04-20,13773.4971,13829.0352,13329.1904,13662.4209,1642200
2004-04-21,13440.2676,13940.1123,13384.7295,13551.3438,1393362
2004-04-22,13662.4209,13662.4209,13218.1143,13384.7295,1150557
2004-04-23,13606.8828,13829.0352,13273.6523,13329.1904,1373196
2004-04-26,13440.2676,13773.4971,13218.1143,13273.6523,1419290
2004-04-27,13273.6523,13329.1904,12496.1162,12662.7314,1331873
2004-04-28,12662.7314,12773.8076,12107.3486,12273.9629,1074663
2004-04-29,11996.2715,12218.4248,11551.9658,11551.9658,1160460
2004-04-30,11274.2744,11885.1953,11274.2744,11774.1182,876602
2004-05-03,11551.9658,11774.1182,11440.8887,11496.4268,698887
2004-05-04,11551.9658,11663.042,11385.3506,11551.9658,1291901
2004-05-05,11551.9658,11551.9658,11551.9658,11551.9658,0
2004-05-06,11440.8887,11496.4268,10641.1377,10641.1377,1263362
2004-05-07,10441.1992,10530.0605,10107.9697,10452.3076,1638148
2004-05-10,10230.1543,10363.4463,8930.5576,9163.8184,1592234
2004-05-11,9108.2803,9519.2637,8919.4502,9385.9717,1663176
2004-05-12,9597.0176,10263.4766,9574.8018,10119.0771,2574889
2004-05-13,10063.5391,10152.4004,9819.1709,9874.709,1070972
2004-05-14,10107.9697,10241.2617,9663.6631,9841.3857,1329713
2004-05-17,9896.9238,10174.6162,9397.0801,9519.2637,2139964
2004-05-18,9385.9717,9774.7402,9341.541,9774.7402,1357891
2004-05-19,9941.3545,10630.0293,9919.1396,10552.2764,1858627
2004-05-20,10385.6611,11007.6904,10274.585,10718.8906,2200823
2004-05-21,10885.5059,11107.6592,10607.8145,11074.3359,1399664
2004-05-24,11496.4268,11551.9658,11107.6592,11329.8125,1448730
2004-05-25,11107.6592,11163.1973,10985.4746,11107.6592,817543
2004-05-26,11107.6592,11107.6592,11107.6592,11107.6592,0
2004-05-27,11440.8887,11496.4268,10796.6445,10796.6445,1384090
2004-05-28,10941.0439,11074.3359,10696.6758,10863.291,712661
2004-05-31,10907.7217,11163.1973,10852.1826,11096.5518,678990
2004-06-01,11052.1211,11274.2744,10985.4746,11218.7354,775951
2004-06-02,11052.1211,11218.7354,10941.0439,11085.4434,700687
2004-06-03,11274.2744,11274.2744,10219.0459,10330.123,1172074
2004-06-04,10330.123,10596.707,10107.9697,10330.123,675299
2004-06-07,10363.4463,10707.7832,10341.2305,10652.2451,773340
2004-06-08,10796.6445,10996.582,10630.0293,10718.8906,681511
2004-06-09,10896.6133,10907.7217,10507.8457,10618.9219,651172
2004-06-10,10463.415,10618.9219,10330.123,10507.8457,611289
2004-06-11,10418.9844,10496.7383,9830.2783,9885.8164,815833
2004-06-14,9552.5869,9841.3857,9074.957,9241.5723,964289
2004-06-15,9241.5723,9397.0801,9008.3115,9341.541,842571
2004-06-16,9263.7881,9708.0938,9263.7881,9430.4023,924497
2004-06-17,9352.6494,9541.4795,9341.541,9497.0488,534586
2004-06-18,9385.9717,9641.4482,9252.6797,9330.4336,721754
2004-06-21,9341.541,9485.9404,9286.0029,9319.3262,456891
2004-06-22,9241.5723,9341.541,8952.7734,9141.6035,593734
2004-06-23,9141.6035,9219.3574,8852.8047,8852.8047,482820
2004-06-24,9086.0654,9419.2949,8908.3428,9374.8643,798998
2004-06-25,9297.1104,9552.5869,9252.6797,9497.0488,696546
2004-06-28,9485.9404,9552.5869,9308.2188,9319.3262,420250
2004-06-29,9263.7881,9574.8018,9263.7881,9541.4795,519641
2004-06-30,9696.9863,10030.2158,9574.8018,10008.001,1156679
2004-07-01,9996.8936,10141.293,9752.5244,9819.1709,674759
2004-07-02,9552.5869,9641.4482,9319.3262,9319.3262,540167
2004-07-05,9274.8955,9385.9717,9152.7109,9308.2188,417999
2004-07-06,9174.9268,9397.0801,9174.9268,9219.3574,338145
2004-07-07,8952.7734,9208.249,8897.2354,9208.249,383789
2004-07-08,9030.5264,9163.8184,9008.3115,9008.3115,543498
2004-07-09,8997.2041,9297.1104,8986.0967,9219.3574,482639
2004-07-12,9419.2949,9619.2324,9330.4336,9363.7568,710050
2004-07-13,9463.7256,9541.4795,9319.3262,9519.2637,409087
2004-07-14,9452.6182,9519.2637,9163.8184,9163.8184,364163
2004-07-15,9108.2803,9208.249,8963.8809,9097.1729,367584
2004-07-16,9008.3115,9263.7881,8919.4502,9219.3574,346607
2004-07-19,9030.5264,9286.0029,9019.4189,9286.0029,454011
2004-07-20,9186.0342,9197.1416,8997.2041,9019.4189,351829
2004-07-21,9208.249,9485.9404,9152.7109,9397.0801,854995
2004-07-22,9197.1416,9508.1562,9108.2803,9508.1562,535576
2004-07-23,9452.6182,9508.1562,9274.8955,9363.7568,552411
2004-07-26,9130.4961,9286.0029,9130.4961,9241.5723,267473
2004-07-27,9219.3574,9230.4648,9041.6348,9208.249,384239
2004-07-28,9319.3262,9652.5557,9308.2188,9630.3408,1140114
2004-07-29,9574.8018,9630.3408,9241.5723,9286.0029,536116
2004-07-30,9430.4023,9685.8789,9363.7568,9552.5869,644420
2004-08-02,9552.5869,9552.5869,9363.7568,9463.7256,496954
2004-08-03,9574.8018,9719.2021,9563.6943,9685.8789,654683
2004-08-04,9519.2637,9696.9863,9397.0801,9696.9863,465264
2004-08-05,9752.5244,10152.4004,9641.4482,10107.9697,1044234
2004-08-06,9941.3545,10307.9072,9885.8164,10185.7236,712481
2004-08-09,10085.7549,10385.6611,9974.6777,10330.123,574198
2004-08-10,10274.585,10341.2305,10085.7549,10230.1543,401074
2004-08-11,10319.0156,10319.0156,9985.7852,10019.1084,540257
2004-08-12,10030.2158,10163.5078,9952.4629,10163.5078,729496
2004-08-13,10107.9697,10274.585,9996.8936,10230.1543,655763
2004-08-16,10230.1543,10241.2617,10041.3242,10141.293,522612
2004-08-17,10241.2617,10518.9531,10207.9385,10285.6924,762806
2004-08-18,10330.123,10541.1689,10263.4766,10496.7383,745431
2004-08-19,10607.8145,10652.2451,10352.3379,10352.3379,908742
2004-08-20,10263.4766,10307.9072,10052.4316,10307.9072,854275
2004-08-23,10341.2305,10407.877,10196.8311,10219.0459,520991
2004-08-24,10230.1543,10341.2305,10119.0771,10252.3691,656664
2004-08-25,10307.9072,10363.4463,10196.8311,10296.7998,917024
2004-08-26,10385.6611,10407.877,10230.1543,10319.0156,1230322
2004-08-27,10385.6611,10707.7832,10341.2305,10707.7832,1813973
2004-08-30,10785.5371,10785.5371,10496.7383,10541.1689,850314
2004-08-31,10452.3076,10574.4912,10330.123,10441.1992,774960
2004-09-01,10518.9531,10841.0752,10441.1992,10829.9678,1036221
2004-09-02,10841.0752,10863.291,10596.707,10596.707,1095100
2004-09-03,10652.2451,10685.5684,10252.3691,10285.6924,1049366
2004-09-06,10285.6924,10385.6611,10163.5078,10219.0459,901990
2004-09-07,10185.7236,10274.585,10008.001,10041.3242,1640129
2004-09-08,10008.001,10163.5078,9896.9238,9896.9238,1193860
2004-09-09,9941.3545,9941.3545,9696.9863,9896.9238,1440267
2004-09-10,9930.2471,10219.0459,9930.2471,10207.9385,1579450
2004-09-13,10385.6611,10485.6299,10341.2305,10452.3076,1597456
2004-09-14,10596.707,10596.707,10207.9385,10230.1543,1112205
2004-09-15,10219.0459,10296.7998,10063.5391,10096.8623,1064760
2004-09-16,10030.2158,10263.4766,10030.2158,10096.8623,1200522
2004-09-17,10008.001,10130.1855,9974.6777,9996.8936,1184678
2004-09-20,9996.8936,10207.9385,9996.8936,10041.3242,1107524
2004-09-21,10041.3242,10207.9385,10030.2158,10085.7549,746151
2004-09-22,10141.293,10207.9385,9874.709,9874.709,941872
2004-09-23,9796.9551,9830.2783,9674.7715,9730.3096,684212
2004-09-24,9674.7715,9841.3857,9674.7715,9708.0938,604987
2004-09-27,9708.0938,9708.0938,9708.0938,9708.0938,0
2004-09-28,9708.0938,9708.0938,9708.0938,9708.0938,0
2004-09-29,9708.0938,9708.0938,9708.0938,9708.0938,0
2004-09-30,9708.0938,9896.9238,9708.0938,9830.2783,449869
2004-10-01,9841.3857,9963.5703,9830.2783,9885.8164,669267
2004-10-04,10074.6465,10441.1992,10074.6465,10441.1992,2007173
2004-10-05,10463.415,10474.5225,10319.0156,10385.6611,1168833
2004-10-06,10385.6611,10596.707,10252.3691,10418.9844,1713952
2004-10-07,10507.8457,10807.752,10485.6299,10663.3525,2487202
2004-10-08,10530.0605,11029.9053,10518.9531,10885.5059,2424723
2004-10-11,10818.8604,11041.0127,10718.8906,10941.0439,1187198
2004-10-12,11041.0127,11085.4434,10330.123,10330.123,1649942
2004-10-13,10441.1992,10474.5225,10008.001,10107.9697,1481950
2004-10-14,9996.8936,10063.5391,9874.709,9963.5703,817994
2004-10-15,9796.9551,9985.7852,9785.8477,9819.1709,1052516
2004-10-18,9819.1709,9985.7852,9674.7715,9730.3096,1053507
2004-10-19,9830.2783,9941.3545,9808.0625,9874.709,609219
2004-10-20,9796.9551,9852.4932,9497.0488,9497.0488,970591
2004-10-21,9419.2949,9441.5098,8408.498,8552.8975,2890708
2004-10-22,8641.7588,8919.4502,8641.7588,8786.1582,972662
2004-10-25,8575.1133,8586.2207,8241.8828,8252.9902,1015155
2004-10-26,8219.668,8419.6055,8219.668,8286.3135,643249
2004-10-27,8386.2822,8475.1436,7875.3301,7930.8687,1366624
2004-10-28,8086.376,8119.6987,7930.8687,7997.5146,1136333
2004-10-29,7953.084,8108.5913,7886.438,8008.6221,696006
2004-11-01,8053.0527,8341.8516,8053.0527,8219.668,880383
2004-11-02,8330.7441,8552.8975,8275.2061,8519.5742,907211
2004-11-03,8519.5742,8530.6826,8308.5293,8519.5742,902170
2004-11-04,8564.0049,8575.1133,8330.7441,8341.8516,638748
2004-11-05,8408.498,8475.1436,8275.2061,8386.2822,861657
2004-11-08,8397.3906,8441.8213,8086.376,8097.4834,719683
2004-11-09,8108.5913,8230.7754,8086.376,8130.8066,410347
2004-11-10,8141.9141,8241.8828,8141.9141,8208.5605,417189
2004-11-11,8186.3447,8352.96,8175.2373,8275.2061,847163
2004-11-12,8352.96,8597.3281,8286.3135,8475.1436,1208535
2004-11-15,8530.6826,8575.1133,8397.3906,8475.1436,901540
2004-11-16,8464.0361,8663.9736,8364.0674,8508.4668,1373466
2004-11-17,8641.7588,9086.0654,8608.4355,9041.6348,2076765
2004-11-18,9008.3115,9041.6348,8752.835,8808.374,1514000
2004-11-19,8875.0195,8908.3428,8708.4043,8886.127,817183
2004-11-22,8730.6201,8819.4814,8630.6514,8630.6514,753984
2004-11-23,8675.082,8852.8047,8652.8662,8841.6963,465714
2004-11-24,8830.5889,8886.127,8719.5127,8830.5889,414398
2004-11-25,8875.0195,8886.127,8719.5127,8830.5889,431053
2004-11-26,8752.835,8897.2354,8586.2207,8586.2207,655943
2004-11-29,8552.8975,8630.6514,8386.2822,8441.8213,483720
2004-11-30,8397.3906,8575.1133,8397.3906,8497.3594,533775
2004-12-01,8497.3594,8663.9736,8497.3594,8619.5439,483810
2004-12-02,8775.0508,8808.374,8586.2207,8586.2207,572307
2004-12-03,8719.5127,8786.1582,8597.3281,8786.1582,683402
2004-12-06,8808.374,8930.5576,8708.4043,8775.0508,702578
2004-12-07,8808.374,8897.2354,8586.2207,8597.3281,629385
2004-12-08,8552.8975,8608.4355,8464.0361,8508.4668,489662
2004-12-09,8497.3594,8575.1133,8464.0361,8508.4668,445008
2004-12-10,8497.3594,8541.79,8230.7754,8252.9902,584461
2004-12-13,8264.0986,8341.8516,8208.5605,8252.9902,341206
2004-12-14,8330.7441,8364.0674,8241.8828,8252.9902,379467
2004-12-15,8275.2061,8486.252,8275.2061,8352.96,585541
2004-12-16,8386.2822,8486.252,8330.7441,8397.3906,760466
2004-12-17,8408.498,8430.7129,8053.0527,8153.022,1741681
2004-12-20,8153.022,8230.7754,8108.5913,8164.1294,518561
2004-12-21,8186.3447,8230.7754,8108.5913,8119.6987,425382
2004-12-22,8175.2373,8330.7441,8141.9141,8297.4209,691504
2004-12-23,8386.2822,8741.7275,8364.0674,8530.6826,2033281
2004-12-24,8597.3281,8597.3281,8419.6055,8486.252,480119
2004-12-27,8575.1133,8619.5439,8452.9287,8497.3594,596345
2004-12-28,8464.0361,8541.79,8375.1748,8375.1748,506227
2004-12-29,8397.3906,8641.7588,8375.1748,8641.7588,544039
2004-12-30,8708.4043,8974.9883,8663.9736,8930.5576,1323141
2004-12-31,8930.5576,8930.5576,8930.5576,8930.5576,0
2005-01-03,9030.5264,9108.2803,8908.3428,9041.6348,829337
2005-01-04,8974.9883,9074.957,8908.3428,8919.4502,696276
2005-01-05,8819.4814,9052.7422,8797.2656,9052.7422,622633
2005-01-06,9052.7422,9208.249,9008.3115,9130.4961,972842
2005-01-07,9219.3574,9241.5723,9019.4189,9041.6348,713381
2005-01-10,9052.7422,9074.957,8919.4502,8952.7734,510098
2005-01-11,8974.9883,9052.7422,8941.666,8974.9883,587792
2005-01-12,8963.8809,9052.7422,8941.666,8952.7734,394772
2005-01-13,8974.9883,9063.8496,8919.4502,8986.0967,476428
2005-01-14,8941.666,9186.0342,8908.3428,8974.9883,1289560
2005-01-17,9052.7422,9408.1875,9052.7422,9252.6797,1872671
2005-01-18,9385.9717,9708.0938,9263.7881,9696.9863,2171924
2005-01-19,9785.8477,9852.4932,9585.9102,9630.3408,1327822
2005-01-20,9552.5869,9552.5869,9463.7256,9474.833,743811
2005-01-21,9441.5098,9541.4795,9385.9717,9474.833,671698
2005-01-24,9474.833,9752.5244,9363.7568,9641.4482,1214387
2005-01-25,9563.6943,9597.0176,9419.2949,9419.2949,783513
2005-01-26,9485.9404,9730.3096,9452.6182,9685.8789,1018396
2005-01-27,9730.3096,9752.5244,9552.5869,9608.125,702758
2005-01-28,9585.9102,9696.9863,9530.3711,9552.5869,427542
2005-01-31,9508.1562,9641.4482,9441.5098,9530.3711,568526
2005-02-01,9541.4795,9597.0176,9441.5098,9452.6182,509468
2005-02-02,9474.833,9530.3711,9352.6494,9374.8643,460943
2005-02-03,9363.7568,9430.4023,9330.4336,9352.6494,460763
2005-02-04,9352.6494,9563.6943,9319.3262,9519.2637,555562
2005-02-07,9619.2324,9641.4482,9563.6943,9597.0176,683402
2005-02-08,9597.0176,9597.0176,9597.0176,9597.0176,0
2005-02-09,9597.0176,9597.0176,9597.0176,9597.0176,0
2005-02-10,9597.0176,9597.0176,9597.0176,9597.0176,0
2005-02-11,9497.0488,9685.8789,9485.9404,9585.9102,717973
2005-02-14,9674.7715,9874.709,9597.0176,9752.5244,1294152
2005-02-15,9830.2783,9952.4629,9708.0938,9808.0625,986616
2005-02-16,9908.0322,9930.2471,9730.3096,9874.709,1002011
2005-02-17,9819.1709,10085.7549,9796.9551,10085.7549,1180716
2005-02-18,10107.9697,10352.3379,10008.001,10274.585,1205024
2005-02-21,10496.7383,10518.9531,10219.0459,10319.0156,1327912
2005-02-22,10330.123,10330.123,9874.709,9885.8164,1020016
2005-02-23,9730.3096,10119.0771,9696.9863,9919.1396,1115536
2005-02-24,10052.4316,10630.0293,10041.3242,10496.7383,2172645
2005-02-25,10685.5684,10763.3213,10463.415,10496.7383,1623924
2005-02-28,10752.2139,10941.0439,10674.46,10774.4297,1796778
2005-03-01,10774.4297,10774.4297,10774.4297,10774.4297,0
2005-03-02,10941.0439,11218.7354,10774.4297,10985.4746,1893288
2005-03-03,11107.6592,11607.5039,11107.6592,11607.5039,2110885
2005-03-04,11663.042,11774.1182,11385.3506,11774.1182,1552082
2005-03-07,11829.6572,11940.7334,11218.7354,11496.4268,1331333
2005-03-08,11440.8887,11551.9658,10941.0439,11107.6592,1204484
2005-03-09,10996.582,11329.8125,10885.5059,11329.8125,1015515
2005-03-10,11074.3359,11440.8887,11074.3359,11274.2744,772079
2005-03-11,11385.3506,11718.5801,11385.3506,11496.4268,952225
2005-03-14,11440.8887,11607.5039,11218.7354,11440.8887,986526
2005-03-15,11496.4268,11551.9658,10863.291,10863.291,1276506
2005-03-16,10718.8906,10885.5059,10441.1992,10630.0293,1131291
2005-03-17,10452.3076,10507.8457,10008.001,10063.5391,1290460
2005-03-18,10063.5391,10452.3076,10063.5391,10219.0459,1332143
2005-03-21,10330.123,10652.2451,10296.7998,10441.1992,1099691
2005-03-22,10441.1992,10496.7383,10330.123,10352.3379,436725
2005-03-23,10230.1543,10396.7686,10096.8623,10130.1855,597155
2005-03-24,10241.2617,10319.0156,9930.2471,10063.5391,632086
2005-03-25,10107.9697,10330.123,9930.2471,10330.123,871290
2005-03-28,10407.877,10518.9531,10330.123,10441.1992,521532
2005-03-29,10452.3076,10518.9531,10107.9697,10185.7236,491732
2005-03-30,10063.5391,10196.8311,10019.1084,10163.5078,379197
2005-03-31,10363.4463,10396.7686,10219.0459,10263.4766,388920
2005-04-01,10185.7236,10496.7383,10185.7236,10441.1992,569787
2005-04-04,10396.7686,10496.7383,10285.6924,10441.1992,512169
2005-04-05,10441.1992,10441.1992,10441.1992,10441.1992,0
2005-04-06,10485.6299,10518.9531,10330.123,10441.1992,531795
2005-04-07,10530.0605,10696.6758,10474.5225,10641.1377,876062
2005-04-08,10785.5371,10829.9678,10541.1689,10541.1689,677190
2005-04-11,10496.7383,10507.8457,10352.3379,10363.4463,430783
2005-04-12,10341.2305,10385.6611,10241.2617,10252.3691,513699
2005-04-13,10252.3691,10341.2305,10230.1543,10263.4766,370465
2005-04-14,10130.1855,10319.0156,10085.7549,10085.7549,619302
2005-04-15,10030.2158,10063.5391,9863.6016,9952.4629,595354
2005-04-18,9763.6328,9830.2783,9508.1562,9508.1562,653242
2005-04-19,9585.9102,9730.3096,9530.3711,9552.5869,530534
2005-04-20,9663.6631,9841.3857,9619.2324,9752.5244,588782
2005-04-21,9563.6943,9752.5244,9519.2637,9752.5244,319599
2005-04-22,9896.9238,10019.1084,9708.0938,9708.0938,453290
2005-04-25,9574.8018,9752.5244,9574.8018,9741.417,299252
2005-04-26,9752.5244,9808.0625,9574.8018,9574.8018,310506
2005-04-27,9485.9404,9530.3711,9263.7881,9352.6494,471746
2005-04-28,9341.541,9385.9717,9197.1416,9208.249,298712
2005-04-29,9030.5264,9119.3877,8886.127,8897.2354,621643
2005-05-02,8952.7734,9041.6348,8808.374,8952.7734,423581
2005-05-03,8952.7734,8997.2041,8830.5889,8830.5889,451760
2005-05-04,8830.5889,9097.1729,8830.5889,9097.1729,483090
2005-05-05,9097.1729,9097.1729,9097.1729,9097.1729,0
2005-05-06,9108.2803,9274.8955,9097.1729,9197.1416,377307
2005-05-09,9186.0342,9197.1416,9030.5264,9097.1729,293221
2005-05-10,9152.7109,9197.1416,9108.2803,9152.7109,241004
2005-05-11,9086.0654,9097.1729,8919.4502,8941.666,218948
2005-05-12,8941.666,8997.2041,8930.5576,8952.7734,207154
2005-05-13,8875.0195,9041.6348,8863.9121,8997.2041,243705
2005-05-16,9086.0654,9197.1416,9052.7422,9086.0654,241815
2005-05-17,9241.5723,9274.8955,9097.1729,9130.4961,315998
2005-05-18,9252.6797,9452.6182,9197.1416,9408.1875,455991
2005-05-19,9552.5869,9574.8018,9419.2949,9441.5098,473547
2005-05-20,9485.9404,9597.0176,9441.5098,9530.3711,337964
2005-05-23,9574.8018,9630.3408,9508.1562,9608.125,246946
2005-05-24,9608.125,9852.4932,9552.5869,9830.2783,608589
2005-05-25,9863.6016,9874.709,9608.125,9608.125,444468
2005-05-26,9619.2324,10185.7236,9619.2324,10107.9697,1087537
2005-05-27,10241.2617,10352.3379,10152.4004,10263.4766,808091
2005-05-30,10230.1543,10385.6611,10196.8311,10252.3691,428713
2005-05-31,10219.0459,10319.0156,10085.7549,10296.7998,363803
2005-06-01,10174.6162,10330.123,10174.6162,10230.1543,361102
2005-06-02,10296.7998,10396.7686,10274.585,10352.3379,482009
2005-06-03,10385.6611,10618.9219,10385.6611,10596.707,727966
2005-06-06,10596.707,10596.707,10596.707,10596.707,0
2005-06-07,10463.415,10607.8145,10418.9844,10574.4912,458332
2005-06-08,10563.3838,10729.999,10530.0605,10596.707,522162
2005-06-09,10518.9531,10863.291,10518.9531,10863.291,619212
2005-06-10,10829.9678,10996.582,10774.4297,10918.8291,546469
2005-06-13,10963.2598,11063.2285,10818.8604,10818.8604,506587
2005-06-14,10774.4297,10829.9678,10330.123,10352.3379,909462
2005-06-15,10418.9844,11052.1211,10418.9844,10996.582,1223750
2005-06-16,11096.5518,11107.6592,10885.5059,10963.2598,661345
2005-06-17,10963.2598,11041.0127,10685.5684,10963.2598,421781
2005-06-20,10963.2598,10985.4746,10685.5684,10718.8906,392521
2005-06-21,10630.0293,10763.3213,10496.7383,10552.2764,392161
2005-06-22,10452.3076,10674.46,10418.9844,10596.707,477868
2005-06-23,10530.0605,10874.3984,10507.8457,10863.291,631456
2005-06-24,10663.3525,10752.2139,10530.0605,10574.4912,432044
2005-06-27,10385.6611,10430.0918,10207.9385,10285.6924,534045
2005-06-28,10219.0459,10496.7383,10196.8311,10474.5225,457162
2005-06-29,10663.3525,11029.9053,10641.1377,10907.7217,1206824
2005-06-30,11063.2285,11274.2744,11018.7979,11107.6592,1082046
2005-07-01,11052.1211,11718.5801,11018.7979,11551.9658,1478169
2005-07-04,11774.1182,12107.3486,11718.5801,12051.8105,1508868
2005-07-05,12162.8867,12218.4248,11663.042,11829.6572,887945
2005-07-06,11996.2715,12329.502,11829.6572,12162.8867,1279657
2005-07-07,11885.1953,12662.7314,11829.6572,12496.1162,1250218
2005-07-08,12496.1162,12496.1162,12162.8867,12218.4248,728506
2005-07-11,12496.1162,12551.6543,12051.8105,12329.502,853195
2005-07-12,12440.5781,12607.1934,11718.5801,12051.8105,1594665
2005-07-13,11940.7334,12329.502,11774.1182,12107.3486,632266
2005-07-14,12273.9629,12440.5781,12107.3486,12162.8867,858686
2005-07-15,12218.4248,12385.04,11940.7334,11940.7334,619122
2005-07-18,11940.7334,11996.2715,11718.5801,11940.7334,663236
2005-07-19,11885.1953,12440.5781,11829.6572,12385.04,1291631
2005-07-20,12440.5781,12884.8848,12107.3486,12551.6543,1764728
2005-07-21,12884.8848,12884.8848,12218.4248,12385.04,968610
2005-07-22,12107.3486,12496.1162,11829.6572,12385.04,1182067
2005-07-25,12662.7314,13329.1904,12607.1934,13162.5762,1890587
2005-07-26,13273.6523,13384.7295,12884.8848,13107.0381,1053417
2005-07-27,13218.1143,13218.1143,12718.2695,13107.0381,1007773
2005-07-28,13218.1143,13440.2676,12995.9609,13162.5762,1302434
2005-07-29,13162.5762,13218.1143,12773.8076,12829.3467,928368
2005-08-01,12829.3467,13051.499,12718.2695,12884.8848,830237
2005-08-02,12829.3467,12940.4229,12385.04,12440.5781,1059719
2005-08-03,12662.7314,13440.2676,12551.6543,12995.9609,2653304
2005-08-04,13329.1904,13717.959,13051.499,13162.5762,3174656
2005-08-05,12995.9609,13051.499,12496.1162,12829.3467,1445489
2005-08-08,12607.1934,13051.499,12607.1934,12940.4229,1042253
2005-08-09,13051.499,14162.2656,12995.9609,14162.2656,2999461
2005-08-10,14273.3418,14606.5713,13940.1123,14606.5713,2162021
2005-08-11,14495.4951,14995.3398,14328.8799,14662.1104,1978364
2005-08-12,14773.1865,15050.8779,14439.957,14995.3398,1918225
2005-08-15,14995.3398,14995.3398,14995.3398,14995.3398,0
2005-08-16,15161.9551,15328.5693,14828.7246,14995.3398,1588093
2005-08-17,14662.1104,14939.8018,14439.957,14662.1104,1435586
2005-08-18,14773.1865,15050.8779,14051.1885,14051.1885,1771210
2005-08-19,14051.1885,14384.4189,13717.959,14273.3418,1372116
2005-08-22,14162.2656,14939.8018,14162.2656,14773.1865,1439007
2005-08-23,14828.7246,15439.6465,14773.1865,15050.8779,1620503
2005-08-24,15050.8779,15217.4932,14828.7246,15161.9551,1146686
2005-08-25,15106.416,15273.0312,14773.1865,15050.8779,1237884
2005-08-26,14939.8018,15550.7227,14939.8018,15328.5693,1602227
2005-08-29,14939.8018,14939.8018,14384.4189,14606.5713,1778502
2005-08-30,15050.8779,15106.416,14551.0332,14828.7246,992828
2005-08-31,14495.4951,14884.2637,14439.957,14606.5713,987876
2005-09-01,14995.3398,15772.876,14939.8018,15772.876,2593615
2005-09-02,15772.876,15883.9521,15495.1846,15828.4141,1054587
2005-09-05,15772.876,16161.6436,15606.2607,15661.7998,1052066
2005-09-06,15772.876,15939.4912,13495.8057,14106.7275,8335059
2005-09-07,14439.957,14606.5713,13773.4971,14106.7275,7194675
2005-09-08,14273.3418,14328.8799,13218.1143,13495.8057,6586086
2005-09-09,13495.8057,13940.1123,13329.1904,13940.1123,3718155
2005-09-12,13884.5742,14162.2656,13773.4971,13884.5742,3451132
2005-09-13,13884.5742,14439.957,13773.4971,13940.1123,4273357
2005-09-14,13995.6504,14273.3418,13995.6504,14162.2656,2197582
2005-09-15,14273.3418,14828.7246,14106.7275,14495.4951,3869492
2005-09-16,14717.6484,14884.2637,14495.4951,14606.5713,1754645
2005-09-19,14606.5713,14606.5713,14606.5713,14606.5713,0
2005-09-20,14773.1865,14828.7246,14439.957,14495.4951,1628335
2005-09-21,14439.957,14606.5713,14162.2656,14162.2656,1520842
2005-09-22,13995.6504,14217.8037,13940.1123,14162.2656,1239775
2005-09-23,14217.8037,14606.5713,13884.5742,13884.5742,1736819
2005-09-26,13884.5742,14384.4189,13884.5742,14384.4189,1582511
2005-09-27,14495.4951,14606.5713,14273.3418,14495.4951,1571528
2005-09-28,14773.1865,15050.8779,14606.5713,14884.2637,2378448
2005-09-29,14995.3398,15050.8779,14495.4951,14939.8018,1286117
2005-09-30,15050.8779,15384.1074,14884.2637,15050.8779,2018999
2005-10-03,15050.8779,15050.8779,15050.8779,15050.8779,0
2005-10-04,15439.6465,15606.2607,15328.5693,15328.5693,1466254
2005-10-05,15328.5693,15661.7998,15106.416,15439.6465,1629443
2005-10-06,15384.1074,15717.3379,15273.0312,15550.7227,1741577
2005-10-07,15550.7227,15883.9521,15439.6465,15495.1846,1570505
2005-10-10,15717.3379,15772.876,15384.1074,15717.3379,1452151
2005-10-11,15661.7998,16550.4121,15550.7227,16494.873,2472673
2005-10-12,16661.4883,17105.7949,16217.1826,16272.7207,3198334
2005-10-13,16439.3359,16883.6426,16161.6436,16772.5645,2508741
2005-10-14,16772.5645,16994.7188,15883.9521,16050.5674,2273365
2005-10-17,16217.1826,16383.7969,15828.4141,16050.5674,1306846
2005-10-18,16217.1826,16883.6426,15995.0293,16717.0273,1977871
2005-10-19,16494.873,16605.9512,15717.3379,15883.9521,1732111
2005-10-20,16106.1055,16272.7207,15772.876,15772.876,1156781
2005-10-21,15550.7227,16272.7207,15495.1846,16217.1826,1135202
2005-10-24,16439.3359,17439.0254,16217.1826,17439.0254,2835734
2005-10-25,17661.1777,17716.7168,16994.7188,17216.8711,2470180
2005-10-26,17383.4863,17605.6406,16994.7188,17327.9473,1361438
2005-10-27,17272.4102,17883.332,17105.7949,17550.1016,2128121
2005-10-28,17161.334,17272.4102,16494.873,16605.9512,1463609
2005-10-31,16939.1797,16994.7188,16494.873,16828.1035,929260
2005-11-01,16828.1035,17383.4863,16828.1035,17161.334,1146878
2005-11-02,17216.8711,17494.5625,17161.334,17327.9473,989659
2005-11-03,17550.1016,17550.1016,17105.7949,17327.9473,862097
2005-11-04,17439.0254,18161.0234,17439.0254,17938.8691,1804264
2005-11-07,18161.0234,18494.252,17938.8691,18272.0996,1266638
2005-11-08,18327.6367,18438.7148,17772.2539,18438.7148,937641
2005-11-09,18438.7148,18660.8672,18216.5605,18327.6367,758415
2005-11-10,18161.0234,18549.791,17938.8691,18549.791,1162350
2005-11-11,18827.4824,19105.1738,18716.4062,19049.6348,1509780
2005-11-14,19216.25,19271.7891,18883.0195,19105.1738,1337500
2005-11-15,19105.1738,19105.1738,18716.4062,18938.5586,915787
2005-11-16,18771.9434,19327.3262,18549.791,19216.25,1058670
2005-11-17,19160.7129,19660.5566,19049.6348,19549.4805,966996
2005-11-18,19771.6328,19882.709,19327.3262,19660.5566,857075
2005-11-21,19438.4043,19660.5566,19271.7891,19549.4805,591690
2005-11-22,19438.4043,19549.4805,18716.4062,18771.9434,879533
2005-11-23,19105.1738,19771.6328,19105.1738,19716.0957,1124507
2005-11-24,19882.709,20438.0918,19827.1719,20049.3242,1006673
2005-11-25,20104.8633,20438.0918,19827.1719,20160.4004,709103
2005-11-28,20049.3242,20271.4785,19605.0176,19660.5566,629471
2005-11-29,19327.3262,19660.5566,19160.7129,19327.3262,767215
2005-11-30,19105.1738,19882.709,19105.1738,19716.0957,687489
2005-12-01,19493.9414,19660.5566,19216.25,19438.4043,745313
2005-12-02,19827.1719,19827.1719,19271.7891,19438.4043,1204687
2005-12-05,19327.3262,20104.8633,19327.3262,19993.7871,1174179
2005-12-06,20049.3242,20882.3984,19882.709,20715.7852,1499467
2005-12-07,20771.3223,20937.9375,20271.4785,20271.4785,851623
2005-12-08,20271.4785,20604.707,20049.3242,20604.707,742624
2005-12-09,20549.1699,21326.7051,20438.0918,20993.4766,1066627
2005-12-12,21049.0137,21437.7812,20937.9375,20993.4766,549491
2005-12-13,20937.9375,21382.2441,20937.9375,21215.6289,648867
2005-12-14,21215.6289,21382.2441,20549.1699,20882.3984,1052404
2005-12-15,20882.3984,20993.4766,20382.5547,20604.707,723886
2005-12-16,20160.4004,20438.0918,19827.1719,20382.5547,784616
2005-12-19,19993.7871,20549.1699,19993.7871,20382.5547,746964
2005-12-20,20215.9395,20660.2461,19993.7871,20327.0156,765363
2005-12-21,20493.6309,21049.0137,20438.0918,21049.0137,917860
2005-12-22,21160.0898,21215.6289,20215.9395,20382.5547,1126249
2005-12-23,20382.5547,20493.6309,19605.0176,20104.8633,1036588
2005-12-26,19938.248,20271.4785,19493.9414,19493.9414,958167
2005-12-27,19382.8652,20049.3242,19271.7891,19493.9414,969512
2005-12-28,19049.6348,19938.248,19049.6348,19882.709,699547
2005-12-29,19993.7871,20215.9395,19827.1719,19993.7871,641637
2006-01-02,20438.0918,20937.9375,19993.7871,20937.9375,1123436
2006-01-03,20993.4766,22381.9336,20771.3223,22104.2422,2485588
2006-01-04,22604.0859,22770.7012,21604.3965,21604.3965,1090074
2006-01-05,21771.0117,21937.627,20715.7852,21104.5527,1108308
2006-01-06,20937.9375,22104.2422,20937.9375,22104.2422,1179276
2006-01-09,22881.7773,23270.5449,22270.8574,23103.9316,1485149
2006-01-10,23437.1602,24270.2344,22881.7773,22992.8535,1532493
2006-01-11,23103.9316,23992.543,22437.4707,23492.6992,1254380
2006-01-12,23881.4668,24603.4648,23770.3906,24214.6973,956075
2006-01-13,24214.6973,25769.7695,23603.7754,25547.6152,1339574
2006-01-16,25547.6152,27102.6875,25103.3086,26658.3809,1716615
2006-01-17,26991.6113,28046.8398,26325.1523,26491.7676,1759752
2006-01-18,26380.6895,27380.3789,25103.3086,25547.6152,2040022
2006-01-19,25880.8457,26047.4609,24825.6172,25269.9238,1171174
2006-01-20,25103.3086,25769.7695,23103.9316,23437.1602,1256270
2006-01-23,22437.4707,23770.3906,21771.0117,22326.3945,1734479
2006-01-24,22826.2402,24159.1582,22326.3945,24159.1582,1865079
2006-01-25,24603.4648,25603.1543,23937.0059,24825.6172,1620998
2006-01-26,24770.0801,25214.3867,24214.6973,25214.3867,847164
2006-01-27,25769.7695,25769.7695,25158.8477,25158.8477,688509
2006-01-31,25158.8477,26325.1523,25047.7715,25547.6152,911522
2006-02-01,25381.002,25436.5391,23603.7754,24436.8496,1099591
2006-02-02,24992.2324,25158.8477,23492.6992,24659.0039,1013731
2006-02-03,23992.543,25158.8477,23937.0059,24381.3125,1353128
2006-02-06,23881.4668,24436.8496,23381.623,23881.4668,790562
2006-02-07,23881.4668,24825.6172,23881.4668,23881.4668,728193
2006-02-08,23881.4668,24770.0801,23881.4668,24103.6211,1048483
2006-02-09,24603.4648,25658.6934,24381.3125,25658.6934,1354442
2006-02-10,25991.9219,26936.0742,25936.3848,26380.6895,1582947
2006-02-13,26769.459,26880.5352,25880.8457,25936.3848,622643
2006-02-14,25769.7695,26713.9199,25547.6152,26713.9199,906045
2006-02-15,27047.1504,27213.7656,25492.0781,25492.0781,1133762
2006-02-16,25547.6152,25936.3848,25492.0781,25547.6152,968293
2006-02-17,26102.998,26991.6113,25991.9219,26991.6113,1025315
2006-02-20,27102.6875,27991.3008,27047.1504,27991.3008,1171395
2006-02-21,28102.377,28324.5312,27602.5332,28324.5312,641824
2006-02-22,27935.7617,28102.377,27491.457,27713.6094,721674
2006-02-23,28213.4551,28879.9141,28102.377,28768.8379,768544
2006-02-24,28713.2988,30101.7559,28657.7598,29046.5293,1392061
2006-02-27,29268.6816,29546.373,28713.2988,29379.7578,793929
2006-02-28,29379.7578,29879.6035,29046.5293,29879.6035,510552
2006-03-02,29879.6035,30657.1387,29490.834,29490.834,781337
2006-03-03,29324.2207,29657.4492,28046.8398,28102.377,1182715
2006-03-06,28268.9922,28879.9141,27602.5332,28102.377,1244637
2006-03-07,27658.0703,28157.916,27047.1504,27546.9941,1328588
2006-03-08,27213.7656,27880.2246,26880.5352,27713.6094,1083018
2006-03-09,27769.1484,27991.3008,27769.1484,27824.6855,1038427
2006-03-10,28435.6074,28879.9141,27991.3008,28879.9141,904188
2006-03-13,29324.2207,29435.2969,28657.7598,28879.9141,482597
2006-03-14,29157.6055,29268.6816,28435.6074,28546.6836,567880
2006-03-15,29102.0664,29268.6816,28768.8379,28824.375,421964
2006-03-16,29102.0664,30323.9102,29102.0664,29990.6797,1496062
2006-03-17,30268.3711,30490.5234,29657.4492,30212.832,583736
2006-03-20,30323.9102,30712.6777,29768.5273,29768.5273,696267
2006-03-21,30046.2188,30879.293,29935.1406,30657.1387,675081
2006-03-22,30490.5234,30601.6016,29546.373,29657.4492,936667
2006-03-23,30046.2188,30157.2949,28435.6074,29102.0664,982935
2006-03-24,28768.8379,29379.7578,28102.377,29379.7578,762819
2006-03-27,29435.2969,30101.7559,29157.6055,29435.2969,656076
2006-03-28,29213.1426,29546.373,28990.9902,29046.5293,449589
2006-03-29,28435.6074,29657.4492,28380.0684,29601.9121,519582
2006-03-30,29657.4492,30101.7559,29268.6816,29546.373,501284
2006-03-31,29601.9121,29935.1406,29268.6816,29935.1406,766221
2006-04-03,30101.7559,30212.832,29768.5273,30212.832,794510
2006-04-04,30546.0625,31823.4434,30157.2949,31434.6758,1466123
2006-04-05,31767.9043,32267.75,31268.0605,32156.6738,1245260
2006-04-06,32267.75,32378.8262,31712.3672,31878.9824,627623
2006-04-07,32101.1348,33100.8242,31990.0586,32989.7461,982090
2006-04-10,32267.75,33378.5156,32267.75,33267.4375,723598
2006-04-11,33322.9766,33767.2852,32434.3652,33767.2852,933621
2006-04-12,33656.207,34933.5859,33267.4375,33878.3594,1103732
2006-04-13,34378.2031,34600.3594,33989.4375,34600.3594,575508
2006-04-14,34933.5859,35266.8164,33156.3633,33711.7461,1910220
2006-04-17,34322.668,34544.8203,33933.8984,34433.7422,883948
2006-04-18,34211.5898,35544.5078,34156.0508,35322.3555,1213324
2006-04-19,35544.5078,35544.5078,34822.5117,35266.8164,851440
2006-04-20,35211.2812,35822.1992,34878.0508,35433.4336,831940
2006-04-21,35433.4336,35711.125,35155.7422,35433.4336,895070
2006-04-24,35433.4336,35488.9727,34544.8203,34933.5859,749129
2006-04-25,34544.8203,35377.8945,33989.4375,34378.2031,782212
2006-04-26,34267.1289,34822.5117,33989.4375,34711.4336,599376
2006-04-27,34933.5859,35822.1992,34878.0508,35822.1992,780991
2006-04-28,35822.1992,35877.7383,34989.125,34989.125,572118
2006-05-02,35322.3555,37432.8125,35266.8164,37321.7344,998574
2006-05-03,37654.9648,37932.6562,36544.1992,37044.043,854619
2006-05-04,37210.6562,37321.7344,35377.8945,35822.1992,1716904
2006-05-08,36044.3555,36155.4297,33100.8242,33489.5938,3457691
2006-05-09,33156.3633,34211.5898,31823.4434,33822.8203,1948021
2006-05-10,33767.2852,34044.9766,32767.5938,32767.5938,1057358
2006-05-11,32434.3652,33711.7461,32434.3652,33545.1289,968682
2006-05-12,33045.2852,34711.4336,32989.7461,34433.7422,1218046
2006-05-15,34211.5898,34711.4336,33322.9766,33878.3594,900529
2006-05-16,34933.5859,34933.5859,32989.7461,33322.9766,931680
2006-05-17,33378.5156,33822.8203,32489.9023,33822.8203,781587
2006-05-18,32212.2109,33045.2852,32212.2109,32434.3652,811782
2006-05-19,32101.1348,32656.5176,31156.9844,32212.2109,1059629
2006-05-22,32101.1348,32656.5176,31156.9844,32212.2109,1067314
2006-05-23,31101.4453,31323.5996,29546.373,30601.6016,1174432
2006-05-24,30379.4473,31323.5996,30046.2188,30990.3691,721601
2006-05-25,31268.0605,31379.1367,29879.6035,29879.6035,608133
2006-05-26,30546.0625,31434.6758,30323.9102,31434.6758,773973
2006-05-29,31767.9043,32934.2109,31712.3672,32378.8262,758215
2006-05-30,32767.5938,33322.9766,32378.8262,33322.9766,1009763
2006-05-31,31767.9043,32934.2109,31712.3672,32378.8262,767497
2006-06-01,32878.6719,33878.3594,32823.1328,32823.1328,703803
2006-06-02,33322.9766,33767.2852,29490.834,30601.6016,2558599
2006-06-05,30934.8301,31156.9844,29601.9121,29601.9121,639303
2006-06-07,28546.6836,28768.8379,27158.2266,27935.7617,1399774
2006-06-08,27435.918,28380.0684,26547.3047,26658.3809,1316919
2006-06-09,27158.2266,28268.9922,27047.1504,28157.916,1011616
2006-06-12,27602.5332,28657.7598,27158.2266,28435.6074,854603
2006-06-13,27769.1484,27880.2246,26991.6113,26991.6113,490962
2006-06-14,26658.3809,27991.3008,26325.1523,27769.1484,548919
2006-06-15,28380.0684,28435.6074,26991.6113,27324.8418,556374
2006-06-16,28268.9922,28324.5312,27435.918,27769.1484,646688
2006-06-19,27435.918,27769.1484,26158.5371,26769.459,648127
2006-06-20,26325.1523,26436.2285,24714.541,24770.0801,1055301
2006-06-21,25381.002,25769.7695,24770.0801,25214.3867,882160
2006-06-22,26047.4609,26269.6133,24547.9258,25381.002,733696
2006-06-23,24936.6953,25492.0781,24547.9258,25436.5391,504338
2006-06-26,25325.4629,26658.3809,25214.3867,26602.8438,587184
2006-06-27,27102.6875,27824.6855,26880.5352,27769.1484,782157
2006-06-28,27213.7656,27713.6094,26880.5352,27158.2266,538089
2006-06-29,27546.9941,27935.7617,27435.918,27824.6855,368888
2006-06-30,28824.375,28935.4512,28546.6836,28935.4512,680146
2006-07-03,28824.375,29768.5273,28546.6836,29324.2207,389608
2006-07-04,29935.1406,29935.1406,29046.5293,29546.373,441497
2006-07-05,28879.9141,31823.4434,28879.9141,30212.832,1229602
2006-07-06,30768.2148,31212.5215,29990.6797,30546.0625,595264
2006-07-07,30768.2148,31101.4453,30323.9102,30434.9863,459322
2006-07-10,30046.2188,32156.6738,29990.6797,32156.6738,715542
2006-07-11,32323.2871,33322.9766,32323.2871,32878.6719,691414
2006-07-12,33045.2852,33322.9766,32489.9023,33100.8242,556372
2006-07-13,32767.5938,34267.1289,32767.5938,33656.207,1000210
2006-07-14,33100.8242,34655.8945,32823.1328,33656.207,1001921
2006-07-18,33100.8242,33267.4375,31656.8281,31656.8281,675659
2006-07-19,31712.3672,33211.9023,31712.3672,31990.0586,647391
2006-07-20,33656.207,33656.207,32323.2871,32656.5176,709240
2006-07-21,32101.1348,32767.5938,32101.1348,32378.8262,280640
2006-07-24,32045.5957,33100.8242,31823.4434,32878.6719,436992
2006-07-25,33545.1289,33545.1289,33211.9023,33322.9766,563792
2006-07-26,33434.0547,33989.4375,33267.4375,33322.9766,451400
2006-07-27,33656.207,34211.5898,33378.5156,33933.8984,506767
2006-07-28,33767.2852,34378.2031,33656.207,34211.5898,328376
2006-07-31,34878.0508,35488.9727,34600.3594,35266.8164,533861
2006-08-01,35266.8164,35988.8164,35100.2031,35211.2812,634182
2006-08-02,34989.125,35155.7422,34378.2031,35155.7422,658993
2006-08-03,35322.3555,35322.3555,34267.1289,34544.8203,547934
2006-08-04,34378.2031,34822.5117,34267.1289,34378.2031,546846
2006-08-07,34378.2031,34766.9727,33878.3594,33878.3594,409760
2006-08-08,33711.7461,34156.0508,33656.207,34044.9766,696706
2006-08-09,33878.3594,34211.5898,33378.5156,33656.207,650127
2006-08-10,33100.8242,33600.668,32767.5938,33378.5156,720274
2006-08-11,33545.1289,34378.2031,33545.1289,34044.9766,681930
2006-08-14,34211.5898,34378.2031,33711.7461,34100.5117,412561
2006-08-16,34655.8945,34711.4336,34100.5117,34600.3594,335061
2006-08-17,34544.8203,35433.4336,34433.7422,35433.4336,674444
2006-08-18,35766.6641,36377.582,35655.5859,35822.1992,772186
2006-08-21,35822.1992,35988.8164,35211.2812,35766.6641,389280
2006-08-22,35544.5078,36377.582,35544.5078,36099.8906,283768
2006-08-23,35766.6641,36099.8906,35322.3555,35322.3555,272069
2006-08-24,34878.0508,35211.2812,34489.2812,34600.3594,322532
2006-08-25,34655.8945,35322.3555,34655.8945,35211.2812,305680
2006-08-28,35544.5078,36210.9688,35488.9727,36099.8906,614640
2006-08-29,36599.7383,36710.8125,36210.9688,36544.1992,595191
2006-08-30,36710.8125,37210.6562,36488.6602,37210.6562,506127
2006-08-31,37599.4258,37932.6562,37377.2734,37432.8125,495506
2006-09-01,37321.7344,38099.2695,36821.8906,37821.5781,409997
2006-09-04,38210.3477,38265.8867,37210.6562,37377.2734,322092
2006-09-05,37766.0391,38488.0391,37654.9648,38488.0391,555249
2006-09-06,38876.8086,40431.8789,38376.9609,39098.9609,927487
2006-09-07,38876.8086,39765.418,38821.2695,39598.8047,538810
2006-09-08,39987.5742,40931.7227,39598.8047,40542.957,735962
2006-09-11,41209.4141,41542.6445,40209.7266,40709.5703,609980
2006-09-12,40709.5703,41209.4141,39432.1914,39654.3438,663470
2006-09-13,40654.0312,40765.1094,39321.1133,39820.957,467709
2006-09-14,39932.0352,41209.4141,39598.8047,41209.4141,657823
2006-09-15,41153.8789,43819.7148,41153.8789,43319.8711,1418252
2006-09-18,43764.1758,44152.9453,42764.4883,43319.8711,1072418
2006-09-19,43097.7188,43708.6367,42875.5625,42875.5625,711482
2006-09-20,42986.6406,42986.6406,41709.2617,42764.4883,719512
2006-09-21,42986.6406,43430.9453,41820.3359,41875.875,912169
2006-09-22,41209.4141,41542.6445,40265.2656,41098.3398,959460
2006-09-25,40876.1836,41542.6445,39487.7266,40376.3398,1122809
2006-09-26,40542.957,41653.7227,40542.957,41209.4141,628054
2006-09-27,41875.875,42820.0273,41764.7969,42542.3359,642253
2006-09-28,42320.1797,42486.7969,41598.1836,42209.1055,639218
2006-09-29,42931.1016,43097.7188,42153.5664,42875.5625,614530
2006-10-02,42875.5625,43542.0234,42597.8711,42875.5625,512950
2006-10-04,42764.4883,43153.2539,41709.2617,42098.0273,411391
2006-10-09,41875.875,42431.2578,38987.8828,40487.418,1324768
2006-10-10,40542.957,41542.6445,40542.957,41042.8008,645284
2006-10-11,39987.5742,41264.9531,39987.5742,40876.1836,566601
2006-10-12,40654.0312,41764.7969,40598.4922,41764.7969,410415
2006-10-13,42431.2578,43430.9453,42375.7188,43319.8711,971727
2006-10-16,43653.1016,43819.7148,43097.7188,43542.0234,396584
2006-10-17,43264.332,43375.4102,42153.5664,42820.0273,920120
2006-10-18,42820.0273,43319.8711,42486.7969,43319.8711,503622
2006-10-19,43542.0234,43764.1758,42764.4883,42764.4883,344530
2006-10-20,42764.4883,43097.7188,42431.2578,42653.4102,304666
2006-10-23,42597.8711,42875.5625,42264.6445,42264.6445,372216
2006-10-24,42375.7188,42875.5625,41653.7227,41653.7227,685667
2006-10-25,41320.4922,41653.7227,40487.418,41153.8789,751437
2006-10-26,41431.5703,41875.875,41042.8008,41542.6445,462746
2006-10-27,41986.9531,42042.4883,41042.8008,41042.8008,291697
2006-10-30,40320.8008,40987.2617,40320.8008,40765.1094,286720
2006-10-31,40654.0312,41542.6445,40654.0312,41320.4922,274714
2006-11-01,41986.9531,43264.332,41986.9531,43264.332,707476
2006-11-02,43208.793,43375.4102,42653.4102,43097.7188,345052
2006-11-03,43264.332,44041.8672,43264.332,43542.0234,682691
2006-11-06,43097.7188,43430.9453,42431.2578,42653.4102,341762
2006-11-07,42986.6406,42986.6406,41875.875,41875.875,508086
2006-11-08,41875.875,42431.2578,40987.2617,41376.0312,592529
2006-11-09,41153.8789,42486.7969,40876.1836,42486.7969,816368
2006-11-10,41986.9531,42320.1797,41653.7227,41653.7227,330662
2006-11-13,41709.2617,41931.4141,41098.3398,41209.4141,408322
2006-11-14,41376.0312,42042.4883,41376.0312,41820.3359,415726
2006-11-15,42209.1055,42264.6445,41320.4922,41320.4922,503905
2006-11-16,41487.1055,41598.1836,40987.2617,41542.6445,499831
2006-11-17,41542.6445,42098.0273,41153.8789,41986.9531,408221
2006-11-20,41820.3359,41986.9531,40987.2617,40987.2617,458391
2006-11-21,40931.7227,41320.4922,39709.8828,40098.6484,945445
2006-11-22,40376.3398,41264.9531,40320.8008,41098.3398,588210
2006-11-23,40765.1094,40987.2617,40209.7266,40542.957,449572
2006-11-24,40320.8008,41320.4922,40265.2656,40987.2617,417140
2006-11-27,40987.2617,41320.4922,40654.0312,41209.4141,258014
2006-11-28,40654.0312,40931.7227,40431.8789,40654.0312,272968
2006-11-29,40542.957,40820.6484,40098.6484,40265.2656,534835
2006-11-30,40542.957,40542.957,40098.6484,40209.7266,445975
2006-12-01,40209.7266,40376.3398,39487.7266,39709.8828,650138
2006-12-04,39098.9609,39598.8047,38543.5781,38710.1914,619131
2006-12-05,39154.5,39376.6523,38876.8086,38876.8086,548570
2006-12-06,38599.1172,39043.4219,37432.8125,38043.7305,833779
2006-12-07,37821.5781,38265.8867,37488.3477,37488.3477,378284
2006-12-08,37155.1211,37432.8125,36377.582,36988.5039,481485
2006-12-11,37099.582,37877.1172,36766.3516,37432.8125,410123
2006-12-12,37766.0391,37821.5781,37099.582,37099.582,241074
2006-12-13,36821.8906,38099.2695,36710.8125,38099.2695,507452
2006-12-14,37821.5781,39043.4219,37821.5781,38765.7305,770090
2006-12-15,38932.3438,39543.2656,38654.6523,39376.6523,575494
2006-12-18,39543.2656,39654.3438,38543.5781,38543.5781,646354
2006-12-19,38543.5781,39432.1914,38432.5,38432.5,746801
2006-12-20,38654.6523,39598.8047,38599.1172,39376.6523,508892
2006-12-21,39154.5,40265.2656,38876.8086,39987.5742,877860
2006-12-22,40265.2656,40320.8008,39043.4219,39098.9609,644440
2006-12-26,38876.8086,39043.4219,38154.8086,38265.8867,466957
2006-12-27,38154.8086,38543.5781,37543.8867,37877.1172,353405
2006-12-28,37932.6562,38210.3477,37599.4258,37710.5039,283911
2007-01-02,37877.1172,37932.6562,36710.8125,37044.043,476313
2007-01-03,36766.3516,37099.582,35655.5859,35711.125,1177721
2007-01-04,35766.6641,36544.1992,35044.6641,36044.3555,554345
2007-01-05,35766.6641,36155.4297,34544.8203,35377.8945,755164
2007-01-08,35544.5078,36099.8906,35211.2812,36044.3555,487031
2007-01-09,36099.8906,36821.8906,35655.5859,35655.5859,473865
2007-01-10,35544.5078,35544.5078,33600.668,34044.9766,1075509
2007-01-11,34044.9766,35100.2031,33989.4375,34433.7422,450663
2007-01-12,34711.4336,34989.125,33600.668,33822.8203,847514
2007-01-15,34100.5117,35655.5859,34044.9766,35600.0469,766805
2007-01-16,35988.8164,36433.1211,35377.8945,36099.8906,675501
2007-01-17,36155.4297,36155.4297,34655.8945,35322.3555,515376
2007-01-18,35266.8164,35711.125,34655.8945,35211.2812,449840
2007-01-19,34211.5898,34655.8945,33545.1289,33711.7461,563356
2007-01-22,33656.207,33822.8203,32489.9023,32489.9023,754686
2007-01-23,32101.1348,32767.5938,31601.291,32378.8262,646800
2007-01-24,32212.2109,33267.4375,31767.9043,33211.9023,722535
2007-01-25,33600.668,33933.8984,33267.4375,33267.4375,566841
2007-01-26,32545.4414,33878.3594,32545.4414,33434.0547,450781
2007-01-29,33489.5938,33933.8984,33156.3633,33156.3633,427577
2007-01-30,33156.3633,33434.0547,32378.8262,32545.4414,464823
2007-01-31,32600.9785,32989.7461,31323.5996,31434.6758,659243
2007-02-01,31545.752,32489.9023,30879.293,32378.8262,785822
2007-02-02,32545.4414,35100.2031,32545.4414,35100.2031,994453
2007-02-05,35544.5078,36655.2734,35211.2812,35822.1992,902133
2007-02-06,36210.9688,36599.7383,35377.8945,36155.4297,618511
2007-02-07,36099.8906,36932.9648,35488.9727,36932.9648,703306
2007-02-08,36877.4297,37044.043,36099.8906,36766.3516,440297
2007-02-09,36655.2734,36766.3516,35766.6641,36099.8906,311504
2007-02-12,35433.4336,35933.2773,35044.6641,35822.1992,354564
2007-02-13,36099.8906,38154.8086,36044.3555,37654.9648,801428
2007-02-14,38543.5781,38710.1914,37543.8867,37988.1953,515658
2007-02-15,38321.4258,38432.5,37210.6562,37988.1953,435032
2007-02-16,37988.1953,38765.7305,37599.4258,38321.4258,604635
2007-02-20,38154.8086,38265.8867,37432.8125,37599.4258,338002
2007-02-21,37766.0391,38210.3477,37432.8125,37710.5039,330379
2007-02-22,37710.5039,38654.6523,37654.9648,38210.3477,490476
2007-02-23,38987.8828,40098.6484,38987.8828,40098.6484,1174648
2007-02-26,39876.4961,40098.6484,39321.1133,39932.0352,330104
2007-02-27,39876.4961,39876.4961,38987.8828,39098.9609,362377
2007-02-28,36433.1211,38654.6523,36433.1211,38654.6523,694677
2007-03-01,38654.6523,38654.6523,38654.6523,38654.6523,0
2007-03-05,38876.8086,39765.418,37932.6562,37988.1953,504428
2007-03-06,37988.1953,38821.2695,37988.1953,38543.5781,323628
2007-03-07,39098.9609,39265.5742,38154.8086,39043.4219,421471
2007-03-08,38876.8086,39709.8828,38654.6523,39210.0352,402499
2007-03-09,39432.1914,40154.1875,39043.4219,39654.3438,366412
2007-03-12,39987.5742,40043.1094,39321.1133,39321.1133,336774
2007-03-13,39765.418,40209.7266,39432.1914,39876.4961,475100
2007-03-14,39154.5,39432.1914,38821.2695,38932.3438,343139
2007-03-15,39432.1914,39432.1914,38543.5781,39321.1133,328426
2007-03-16,39210.0352,39210.0352,38654.6523,38876.8086,251792
2007-03-19,38987.8828,39876.4961,38543.5781,39654.3438,577694
2007-03-20,40209.7266,41376.0312,40098.6484,41264.9531,959228
2007-03-21,41487.1055,41542.6445,40709.5703,40765.1094,382798
2007-03-22,41320.4922,41376.0312,40820.6484,40987.2617,365736
2007-03-23,41264.9531,41709.2617,40820.6484,41431.5703,341553
2007-03-26,41653.7227,41709.2617,40709.5703,40765.1094,298714
2007-03-27,40542.957,41153.8789,40209.7266,40654.0312,338472
2007-03-28,40820.6484,41431.5703,39820.957,39876.4961,425804
2007-03-29,40043.1094,40376.3398,39820.957,40320.8008,276420
2007-03-30,40598.4922,40654.0312,39543.2656,39820.957,375659
2007-04-02,39598.8047,40820.6484,39487.7266,40820.6484,346643
2007-04-03,40987.2617,40987.2617,40265.2656,40376.3398,399760
2007-04-04,40598.4922,40987.2617,40265.2656,40542.957,420887
2007-04-05,41153.8789,41320.4922,40709.5703,40765.1094,371484
2007-04-06,40931.7227,41209.4141,40320.8008,40431.8789,306484
2007-04-09,40876.1836,41764.7969,40820.6484,41653.7227,876818
2007-04-10,41986.9531,42209.1055,41098.3398,41431.5703,701931
2007-04-11,41653.7227,41931.4141,41264.9531,41376.0312,493890
2007-04-12,41598.1836,42431.2578,41487.1055,42209.1055,707631
2007-04-13,42820.0273,44152.9453,42320.1797,44097.4062,1473417
2007-04-16,44708.3281,44930.4805,43430.9453,43597.5625,868132
2007-04-17,43764.1758,44264.0234,42153.5664,42875.5625,1034511
2007-04-18,43819.7148,44097.4062,43153.2539,44097.4062,947773
2007-04-19,44097.4062,44264.0234,42764.4883,42764.4883,626746
2007-04-20,42542.3359,43542.0234,42542.3359,43430.9453,486005
2007-04-23,43542.0234,43819.7148,42931.1016,43430.9453,833873
2007-04-24,43430.9453,43486.4844,42153.5664,43097.7188,1076499
2007-04-25,43319.8711,44208.4844,42431.2578,43264.332,1120877
2007-04-26,43653.1016,43875.2539,41931.4141,41931.4141,1000179
2007-04-27,41986.9531,42098.0273,40154.1875,40265.2656,1028973
2007-04-30,40376.3398,41598.1836,40320.8008,41320.4922,668259
2007-05-02,41042.8008,41653.7227,40765.1094,41542.6445,525125
2007-05-03,42153.5664,42931.1016,41875.875,42764.4883,543377
2007-05-04,43042.1797,43097.7188,42320.1797,43097.7188,499724
2007-05-07,43153.2539,43819.7148,43097.7188,43597.5625,577298
2007-05-08,43764.1758,44208.4844,43542.0234,44041.8672,884871
2007-05-09,44208.4844,46096.7852,44097.4062,45596.9414,1511578
2007-05-10,46318.9375,47152.0117,45819.0938,45819.0938,1152549
2007-05-11,45374.7891,49040.3164,45263.7109,48762.625,1608934
2007-05-14,49651.2344,50151.082,48262.7773,49429.082,1282447
2007-05-15,49762.3125,49928.9258,46652.168,46652.168,1264449
2007-05-16,47207.5508,49040.3164,46985.3984,48484.9336,1404807
2007-05-17,49429.082,52205.9961,49151.3906,51539.5391,1523054
2007-05-18,52205.9961,53594.457,51095.2305,52761.3789,1579408
2007-05-21,51761.6914,53649.9922,51595.0781,53205.6875,946947
2007-05-22,54427.5312,54760.7578,53205.6875,54427.5312,804750
2007-05-23,54538.6055,54705.2227,52816.918,54483.0664,777517
2007-05-25,53483.3789,55538.2969,52983.5352,55205.0664,854570
2007-05-28,56315.832,56537.9844,54982.9141,54982.9141,631610
2007-05-29,55760.4492,58537.3633,55149.5273,57759.8281,960172
2007-05-30,57759.8281,59092.7461,56760.1367,57759.8281,877847
2007-05-31,58204.1328,58759.5156,56649.0625,58759.5156,775978
2007-06-01,59648.1289,59870.2812,58315.2109,59537.0547,1217071
2007-06-04,60425.6641,60425.6641,57315.5195,58537.3633,943078
2007-06-05,58870.5938,58981.668,57537.6758,58093.0586,889243
2007-06-07,57093.3672,59759.207,56982.293,58315.2109,957690
2007-06-08,57759.8281,58981.668,57648.75,58537.3633,767719
2007-06-11,59203.8242,61869.6602,58537.3633,60981.0469,1205387
2007-06-12,60981.0469,61092.125,59425.9766,60981.0469,510455
2007-06-13,60758.8945,60981.0469,60092.4375,60981.0469,708787
2007-06-14,61536.4297,61869.6602,59870.2812,60869.9727,1306368
2007-06-15,60869.9727,60869.9727,58537.3633,58648.4414,1281095
2007-06-18,58870.5938,60425.6641,57648.75,58648.4414,966270
2007-06-19,58981.668,59759.207,56093.6797,56093.6797,1523234
2007-06-20,56871.2148,57648.75,54094.3008,54094.3008,1237668
2007-06-21,53872.1484,57981.9805,53872.1484,56537.9844,1240193
2007-06-22,58315.2109,58648.4414,55149.5273,55538.2969,1185129
2007-06-25,54427.5312,56204.7539,54149.8398,54483.0664,628865
2007-06-26,54427.5312,54982.9141,51650.6133,52816.918,1171838
2007-06-27,53094.6094,53705.5312,52039.3828,52539.2266,679506
2007-06-28,52983.5352,53483.3789,52261.5352,53150.1484,531905
2007-06-29,53705.5312,54982.9141,53538.918,54094.3008,724545
2007-07-02,53705.5312,54982.9141,53538.918,54094.3008,734859
2007-07-03,58315.2109,59425.9766,57426.5977,58093.0586,1025653
2007-07-04,58870.5938,59203.8242,57648.75,57870.9023,815939
2007-07-05,58315.2109,60203.5117,57870.9023,57981.9805,997642
2007-07-06,58537.3633,59425.9766,57870.9023,59203.8242,575847
2007-07-09,59981.3594,60314.5898,57870.9023,57981.9805,606141
2007-07-10,58426.2852,58537.3633,55760.4492,56760.1367,1300206
2007-07-11,56093.6797,56760.1367,54927.375,55038.4492,1920984
2007-07-12,55316.1406,56982.293,54871.8359,55871.5234,1618054
2007-07-13,57093.3672,59203.8242,56760.1367,59092.7461,1818901
2007-07-16,59759.207,60425.6641,59203.8242,59425.9766,1128699
2007-07-18,59759.207,60981.0469,58093.0586,58093.0586,1603490
2007-07-19,58870.5938,60203.5117,57759.8281,60203.5117,982465
2007-07-20,61203.2031,62202.8906,60314.5898,61980.7383,1194155
2007-07-23,61758.5859,62758.2734,59314.8984,59981.3594,961318
2007-07-24,60536.7422,60869.9727,57981.9805,58981.668,767961
2007-07-25,58204.1328,60314.5898,57981.9805,59425.9766,782724
2007-07-26,59537.0547,63535.8086,59537.0547,60869.9727,1751821
2007-07-27,59759.207,62202.8906,57870.9023,58315.2109,1297077
2007-07-30,58315.2109,61314.2773,58315.2109,60536.7422,933505
2007-07-31,61314.2773,63869.0391,61092.125,63869.0391,1387568
2007-08-01,63980.1172,66868.1094,63091.5039,63091.5039,3007139
2007-08-02,66645.9531,67978.875,63980.1172,67978.875,2293559
2007-08-03,68867.4844,69645.0234,67090.2578,68423.1797,1005918
2007-08-06,66645.9531,70089.3281,66312.7266,69978.25,833661
2007-08-07,70866.8672,71422.25,68756.4062,70422.5625,706444
2007-08-08,70533.6328,70866.8672,68645.3359,70644.7109,806055
2007-08-09,71089.0156,71311.1719,69089.6406,69089.6406,857522
2007-08-10,67201.3359,68867.4844,65535.1875,67978.875,767533
2007-08-13,68867.4844,71977.6328,66868.1094,71977.6328,808770
2007-08-14,70866.8672,71866.5547,67201.3359,68867.4844,1008800
2007-08-16,64424.4219,65424.1133,58870.5938,62202.8906,1453456
2007-08-17,63313.6562,64757.6523,57426.5977,57759.8281,1350875
2007-08-20,61092.125,66423.8047,60314.5898,65535.1875,1069466
2007-08-21,66090.5703,67312.4141,64424.4219,65201.957,762199
2007-08-22,66201.6484,66979.1875,65201.957,66534.875,395653
2007-08-23,68423.1797,68756.4062,66868.1094,67978.875,447673
2007-08-24,67423.4922,68978.5625,66534.875,67867.7969,340268
2007-08-27,69089.6406,69533.9453,67201.3359,67201.3359,433935
2007-08-28,67201.3359,68867.4844,66868.1094,68534.2578,423839
2007-08-29,66423.8047,72199.7812,65979.4922,72199.7812,940967
2007-08-30,73865.9297,76198.5391,72977.3203,75421.0078,1077118
2007-08-31,75976.3906,76198.5391,73865.9297,75309.9297,592466
2007-09-03,75976.3906,75976.3906,73643.7812,75198.8516,524513
2007-09-04,74754.5469,76087.4609,73532.7031,73977.0078,576380
2007-09-05,74421.3125,75087.7734,72088.7109,72199.7812,871189
2007-09-06,72310.8594,74088.0859,71089.0156,74088.0859,646381
2007-09-07,74088.0859,76087.4609,73310.5469,75754.2344,1012539
2007-09-10,73977.0078,75309.9297,72755.1641,72755.1641,669898
2007-09-11,73310.5469,73754.8594,71644.3984,72421.9375,623585
2007-09-12,73088.3984,74310.2422,70533.6328,70533.6328,589222
2007-09-13,71422.25,73310.5469,70755.7891,73310.5469,929690
2007-09-14,73643.7812,74088.0859,72310.8594,73088.3984,605552
2007-09-17,72755.1641,74532.3906,72644.0938,73421.625,603180
2007-09-18,73421.625,73532.7031,71755.4766,71755.4766,533521
2007-09-19,73865.9297,74643.4688,73310.5469,74199.1641,765143
2007-09-20,74199.1641,76753.9219,73532.7031,74865.625,1175813
2007-09-21,74865.625,76087.4609,73754.8594,74976.6953,703971
2007-09-27,76531.7734,79308.6875,76198.5391,78975.4531,911646
2007-09-28,78864.3828,78975.4531,76753.9219,77420.3828,730206
2007-10-01,77864.6875,78309.0,75643.1562,76198.5391,694655
2007-10-02,77642.5391,78197.9219,75643.1562,77198.2344,983994
2007-10-04,76976.0781,77975.7656,75865.3125,76531.7734,608412
2007-10-05,76976.0781,79308.6875,75087.7734,75754.2344,1179347
2007-10-08,76976.0781,76976.0781,74976.6953,75198.8516,1372521
2007-10-09,76087.4609,78753.3047,75976.3906,78753.3047,986278
2007-10-10,79419.7656,80419.4531,77420.3828,77420.3828,807370
2007-10-11,77198.2344,79641.9141,77087.1562,78420.0703,782247
2007-10-12,76531.7734,76531.7734,71200.0938,71200.0938,3150757
2007-10-15,70200.4062,74199.1641,68756.4062,71644.3984,2052324
2007-10-16,70755.7891,75643.1562,69756.1016,70311.4844,1715550
2007-10-17,69978.25,70311.4844,64868.7305,65535.1875,2377512
2007-10-18,66201.6484,66979.1875,62980.4258,63313.6562,2016897
2007-10-19,63869.0391,66090.5703,63313.6562,63313.6562,1269576
2007-10-22,58870.5938,61536.4297,58870.5938,60203.5117,1135169
2007-10-23,62202.8906,63757.9648,61314.2773,62980.4258,902933
2007-10-24,63869.0391,64979.8047,59092.7461,59203.8242,1367938
2007-10-25,60314.5898,60981.0469,56315.832,57759.8281,1385800
2007-10-26,58315.2109,60314.5898,56426.9102,59092.7461,1681318
2007-10-29,60314.5898,60536.7422,57315.5195,57426.5977,1216764
2007-10-30,56871.2148,58981.668,56426.9102,58315.2109,1376388
2007-10-31,58870.5938,61758.5859,58537.3633,60647.8203,1417871
2007-11-01,61314.2773,61647.5078,57981.9805,58315.2109,1123729
2007-11-02,56649.0625,57537.6758,56426.9102,56760.1367,1038028
2007-11-05,57093.3672,57204.4453,54705.2227,55871.5234,1284747
2007-11-06,55871.5234,57648.75,55316.1406,55538.2969,908796
2007-11-07,56315.832,57759.8281,55371.6797,55649.3711,1071873
2007-11-08,54760.7578,56093.6797,53316.7617,53427.8398,1061240
2007-11-09,53872.1484,54205.375,50317.6953,52261.5352,1434571
2007-11-12,50762.0039,50984.1562,49873.3906,49984.4648,901626
2007-11-13,49984.4648,50650.9258,46430.0156,46763.2461,1949915
2007-11-14,48596.0078,53761.0703,48096.1641,53761.0703,2673639
2007-11-15,54205.375,60425.6641,53872.1484,55427.2188,3845103
2007-11-16,56426.9102,57648.75,54316.4531,54982.9141,1197595
2007-11-19,56204.7539,56204.7539,52761.3789,53316.7617,786402
2007-11-20,51372.9219,53094.6094,49262.4688,52761.3789,925667
2007-11-21,52205.9961,54316.4531,50206.6172,50428.7734,683568
2007-11-22,49984.4648,51428.4609,48984.7773,50206.6172,849767
2007-11-23,50873.0781,51206.3086,46763.2461,46985.3984,1055391
2007-11-26,47985.0859,49651.2344,47985.0859,49429.082,640909
2007-11-27,47374.168,47985.0859,44541.7148,47985.0859,1224458
2007-11-28,50873.0781,54094.3008,48540.4688,48818.1602,2131877
2007-11-29,52094.9219,53039.0703,49928.9258,50206.6172,1173318
2007-11-30,50873.0781,51928.3047,50095.543,51095.2305,748623
2007-12-03,51095.2305,51706.1523,49540.1602,50095.543,667125
2007-12-04,49984.4648,50650.9258,48596.0078,49151.3906,788596
2007-12-05,49040.3164,51706.1523,48429.3945,51539.5391,1127744
2007-12-06,52539.2266,55205.0664,52205.9961,54371.9922,1442259
2007-12-07,54649.6836,55316.1406,52872.457,52983.5352,590762
2007-12-10,52539.2266,52650.3047,51206.3086,51983.8438,389352
2007-12-11,52983.5352,54205.375,52483.6875,53316.7617,544054
2007-12-12,52205.9961,54705.2227,51983.8438,54705.2227,681996
2007-12-13,54982.9141,56537.9844,53649.9922,53872.1484,1125169
2007-12-14,53094.6094,53094.6094,48151.7031,48651.5469,2447953
2007-12-17,47762.9336,48207.2422,45874.6328,45874.6328,1142130
2007-12-18,44763.8672,46929.8594,44763.8672,46430.0156,540077
2007-12-20,45874.6328,47207.5508,45097.0977,45097.0977,474722
2007-12-21,45097.0977,46041.2461,44708.3281,45541.4023,429220
2007-12-24,46096.7852,47596.3203,45930.1719,47263.0898,397563
2007-12-26,47874.0117,48596.0078,47540.7812,47762.9336,410437
2007-12-27,47485.2422,48040.625,46874.3203,47207.5508,368454
2007-12-28,46541.0898,47318.6289,46096.7852,46818.7812,337252
2008-01-02,47096.4727,47207.5508,44708.3281,44763.8672,905326
2008-01-03,43597.5625,44208.4844,43153.2539,43597.5625,718657
2008-01-04,43819.7148,45152.6328,43375.4102,44319.5586,555380
2008-01-07,42820.0273,43819.7148,42820.0273,43319.8711,292352
2008-01-08,43097.7188,45541.4023,43097.7188,44986.0195,406156
2008-01-09,44430.6367,44763.8672,43319.8711,44319.5586,691576
2008-01-10,44874.9414,45097.0977,43930.793,43986.3281,513593
2008-01-11,44430.6367,44874.9414,41653.7227,42209.1055,780871
2008-01-14,41875.875,42542.3359,41653.7227,41875.875,406307
2008-01-15,41153.8789,43264.332,41098.3398,41542.6445,459275
2008-01-16,40931.7227,42431.2578,40765.1094,41320.4922,495086
2008-01-17,42209.1055,45485.8633,42042.4883,45263.7109,847342
2008-01-18,44708.3281,46263.3984,44152.9453,45930.1719,808310
2008-01-21,45930.1719,47374.168,45097.0977,46096.7852,621174
2008-01-22,44430.6367,46318.9375,43986.3281,46318.9375,719044
2008-01-23,47707.3945,49540.1602,47263.0898,47263.0898,1054614
2008-01-24,47762.9336,49318.0078,47096.4727,49095.8516,1039842
2008-01-25,49429.082,50373.2344,49206.9297,50317.6953,775017
2008-01-28,49651.2344,49984.4648,48873.6992,49762.3125,623449
2008-01-29,50539.8477,52317.0742,50539.8477,52094.9219,696028
2008-01-30,52094.9219,52927.9961,48762.625,51095.2305,848104
2008-01-31,51039.6953,51650.6133,49429.082,50706.4648,618488
2008-02-01,51206.3086,51650.6133,50151.082,51650.6133,449925
2008-02-04,51872.7695,53205.6875,50984.1562,52594.7656,843613
2008-02-05,52317.0742,53705.5312,52205.9961,53316.7617,578465
2008-02-11,51539.5391,53538.918,50873.0781,53205.6875,486931
2008-02-12,53316.7617,53483.3789,52094.9219,53261.2266,375067
2008-02-13,53316.7617,53649.9922,50817.5391,51761.6914,430348
2008-02-14,52428.1523,52983.5352,51928.3047,52205.9961,471837
2008-02-15,51317.3867,51761.6914,50762.0039,51484.0,405011
2008-02-18,51261.8477,51872.7695,50317.6953,51817.2305,358611
2008-02-19,52761.3789,53094.6094,51872.7695,52428.1523,426523
2008-02-20,51872.7695,54982.9141,51539.5391,53039.0703,917427
2008-02-21,53872.1484,54483.0664,52761.3789,53538.918,498650
2008-02-22,52816.918,54705.2227,52816.918,54649.6836,377190
2008-02-25,54871.8359,56093.6797,54538.6055,55982.6016,632754
2008-02-26,56426.9102,56537.9844,53872.1484,54427.5312,617659
2008-02-27,54427.5312,55316.1406,53427.8398,54982.9141,356402
2008-02-28,55482.7578,55760.4492,54760.7578,55260.6055,267825
2008-02-29,54871.8359,54871.8359,53316.7617,54371.9922,327663
2008-03-03,52539.2266,52872.457,51428.4609,52205.9961,362134
2008-03-04,52317.0742,52428.1523,50817.5391,51317.3867,426952
2008-03-05,51706.1523,53039.0703,51706.1523,52705.8438,472989
2008-03-06,53039.0703,55093.9883,51928.3047,54816.2969,522847
2008-03-07,53705.5312,56426.9102,53316.7617,55982.6016,995909
2008-03-10,55205.0664,57093.3672,55038.4492,56315.832,763276
2008-03-11,56760.1367,59759.207,56204.7539,58981.668,1099635
2008-03-12,60536.7422,61092.125,58648.4414,60425.6641,1116969
2008-03-13,59981.3594,60425.6641,57093.3672,58759.5156,846009
2008-03-14,59314.8984,60869.9727,57759.8281,58981.668,1092843
2008-03-17,58981.668,61314.2773,57315.5195,60647.8203,1202872
2008-03-18,60758.8945,61203.2031,58537.3633,60314.5898,817963
2008-03-19,61092.125,61203.2031,59092.7461,60647.8203,758562
2008-03-20,59425.9766,61092.125,58981.668,60314.5898,487501
2008-03-21,60536.7422,62202.8906,59870.2812,61758.5859,1014430
2008-03-24,62091.8125,62091.8125,60203.5117,60314.5898,578912
2008-03-25,60647.8203,60647.8203,57981.9805,58648.4414,1066176
2008-03-26,58315.2109,59537.0547,57870.9023,58093.0586,664342
2008-03-27,58426.2852,59870.2812,58093.0586,59537.0547,652792
2008-03-28,59425.9766,61758.5859,59203.8242,61203.2031,1085142
2008-03-31,61647.5078,61647.5078,59537.0547,59981.3594,619384
2008-04-01,60092.4375,60425.6641,58870.5938,59425.9766,706357
2008-04-02,60647.8203,60647.8203,58426.2852,59092.7461,835042
2008-04-03,59537.0547,61092.125,58981.668,59314.8984,996906
2008-04-04,59759.207,59759.207,57981.9805,58537.3633,712358
2008-04-07,57870.9023,58648.4414,57648.75,58315.2109,678503
2008-04-08,58093.0586,58426.2852,57204.4453,57204.4453,540323
2008-04-10,56649.0625,59537.0547,56649.0625,59537.0547,639920
2008-04-11,59981.3594,60092.4375,58981.668,59425.9766,521511
2008-04-14,58537.3633,58648.4414,57204.4453,57204.4453,557546
2008-04-15,57204.4453,57648.75,55371.6797,56093.6797,834893
2008-04-16,56426.9102,58315.2109,56426.9102,57981.9805,456420
2008-04-17,58870.5938,59092.7461,57537.6758,57537.6758,525067
2008-04-18,58315.2109,60203.5117,58315.2109,59981.3594,713034
2008-04-21,60647.8203,61092.125,59981.3594,60647.8203,706667
2008-04-22,60536.7422,61425.3555,59203.8242,59537.0547,629249
2008-04-23,59537.0547,61425.3555,59314.8984,60092.4375,530797
2008-04-24,60092.4375,62758.2734,60092.4375,62202.8906,883709
2008-04-25,62647.1992,65424.1133,62647.1992,65424.1133,1487121
2008-04-28,65535.1875,66201.6484,64202.2695,65535.1875,567184
2008-04-29,65757.3438,65979.4922,64202.2695,65868.4219,453262
2008-04-30,66090.5703,66534.875,65090.8828,65868.4219,369563
2008-05-01,65868.4219,65868.4219,65868.4219,65868.4219,0
2008-05-02,66423.8047,66868.1094,64979.8047,66645.9531,580143
2008-05-05,66645.9531,66645.9531,66645.9531,66645.9531,0
2008-05-06,66534.875,68534.2578,65868.4219,67978.875,555021
2008-05-07,67978.875,68534.2578,65757.3438,67312.4141,537801
2008-05-08,65535.1875,67756.7188,65535.1875,67201.3359,544657
2008-05-09,67201.3359,67312.4141,65201.957,65535.1875,419498
2008-05-12,65535.1875,65535.1875,65535.1875,65535.1875,0
2008-05-13,65535.1875,66423.8047,64535.5,66090.5703,407679
2008-05-14,65535.1875,66868.1094,65535.1875,65757.3438,273099
2008-05-15,66645.9531,71644.3984,66534.875,71089.0156,1354105
2008-05-16,71533.3281,71533.3281,69645.0234,71089.0156,502217
2008-05-19,70644.7109,71533.3281,68756.4062,71311.1719,530581
2008-05-20,70866.8672,70977.9453,66534.875,66979.1875,1363607
2008-05-21,65424.1133,69645.0234,65201.957,68312.1016,1148392
2008-05-22,68645.3359,69645.0234,62758.2734,67201.3359,2239822
2008-05-23,68201.0234,68201.0234,65868.4219,66201.6484,458246
2008-05-26,64424.4219,66090.5703,62425.043,66090.5703,755142
2008-05-27,66090.5703,68312.1016,65090.8828,67201.3359,625490
2008-05-28,67423.4922,67978.875,65979.4922,66423.8047,377814
2008-05-29,67201.3359,68423.1797,66645.9531,67867.7969,588179
2008-05-30,67534.5703,68312.1016,65090.8828,67645.6406,925379
2008-06-02,68534.2578,68534.2578,66757.0312,67423.4922,370116
2008-06-03,66645.9531,68089.9531,64757.6523,66534.875,522428
2008-06-04,66645.9531,66979.1875,65313.0352,66090.5703,372826
2008-06-05,66090.5703,66757.0312,65090.8828,66757.0312,297774
2008-06-06,66757.0312,66757.0312,66757.0312,66757.0312,0
2008-06-09,64757.6523,66534.875,64757.6523,66201.6484,436394
2008-06-10,66201.6484,66757.0312,63535.8086,63869.0391,509047
2008-06-11,64202.2695,65201.957,63980.1172,64535.5,516147
2008-06-12,63757.9648,64424.4219,62313.9688,62869.3516,516169
2008-06-13,63313.6562,64313.3477,62313.9688,64091.1914,442707
2008-06-16,64868.7305,66423.8047,64535.5,65868.4219,488251
2008-06-17,66534.875,67090.2578,65757.3438,65979.4922,429395
2008-06-18,64979.8047,65979.4922,61647.5078,63202.582,2140989
2008-06-19,61647.5078,62425.043,59092.7461,60092.4375,1566324
2008-06-20,61092.125,61758.5859,59314.8984,60092.4375,601233
2008-06-23,57981.9805,60536.7422,57870.9023,60314.5898,423159
2008-06-24,60314.5898,60869.9727,58981.668,58981.668,414038
2008-06-25,59092.7461,59870.2812,58537.3633,59425.9766,294253
2008-06-26,58315.2109,58537.3633,55205.0664,55205.0664,1577553
2008-06-27,53205.6875,54760.7578,52594.7656,53649.9922,1023611
2008-06-30,54038.7617,54760.7578,50484.3125,51484.0,978546
2008-07-01,51095.2305,51706.1523,49484.6211,51484.0,1120524
2008-07-02,51484.0,51817.2305,47485.2422,49484.6211,897039
2008-07-03,48207.2422,50817.5391,47429.7031,50650.9258,914087
2008-07-04,50595.3867,51095.2305,46652.168,46652.168,1118465
2008-07-07,45541.4023,47429.7031,44597.25,47263.0898,1153910
2008-07-08,46874.3203,47207.5508,44763.8672,45541.4023,666841
2008-07-09,46763.2461,46874.3203,42986.6406,43708.6367,895595
2008-07-10,42042.4883,43097.7188,41153.8789,42375.7188,1703853
2008-07-11,43653.1016,45485.8633,43153.2539,45485.8633,1761029
2008-07-14,45097.0977,46318.9375,44597.25,44652.7891,867970
2008-07-15,44430.6367,44430.6367,40876.1836,41431.5703,1707791
2008-07-16,42209.1055,44208.4844,40154.1875,43542.0234,1466588
2008-07-17,45430.3242,45985.707,44763.8672,45763.5547,1124840
2008-07-18,46652.168,46652.168,44763.8672,44986.0195,664963
2008-07-21,45763.5547,47707.3945,45708.0156,47707.3945,739720
2008-07-22,47207.5508,47540.7812,46485.5547,46874.3203,434265
2008-07-23,47874.0117,47929.5508,45430.3242,46929.8594,1341349
2008-07-24,46985.3984,47929.5508,45819.0938,47762.9336,997896
2008-07-25,46652.168,47096.4727,46152.3242,46707.707,645193
2008-07-28,46707.707,46818.7812,43153.2539,43153.2539,2266560
2008-07-29,42042.4883,42542.3359,40709.5703,42542.3359,1323449
2008-07-30,43319.8711,43597.5625,40376.3398,40487.418,1505589
2008-07-31,39987.5742,41487.1055,39432.1914,40431.8789,953461
2008-08-01,39876.4961,41709.2617,39765.418,40931.7227,794806
2008-08-04,40709.5703,42264.6445,40154.1875,41820.3359,759430
2008-08-05,41820.3359,42653.4102,41320.4922,42375.7188,717848
2008-08-06,43264.332,43430.9453,42542.3359,43208.793,677209
2008-08-07,43430.9453,43486.4844,41209.4141,41764.7969,869533
2008-08-08,40987.2617,41875.875,40931.7227,41320.4922,551764
2008-08-11,42098.0273,43097.7188,41875.875,42986.6406,658389
2008-08-12,43097.7188,45652.4805,43042.1797,44763.8672,1485970
2008-08-13,44708.3281,45208.1719,43375.4102,43542.0234,737625
2008-08-14,43930.793,44152.9453,42708.9492,43653.1016,638164
2008-08-15,43653.1016,43653.1016,43653.1016,43653.1016,0
2008-08-18,42431.2578,42708.9492,40043.1094,40043.1094,1684070
2008-08-19,39765.418,40431.8789,39543.2656,40098.6484,558576
2008-08-20,39987.5742,40098.6484,37821.5781,38432.5,1253383
2008-08-21,38265.8867,38654.6523,36099.8906,36099.8906,1119788
2008-08-22,35988.8164,36932.9648,35877.7383,36322.0469,667998
2008-08-25,36433.1211,37210.6562,36433.1211,36877.4297,473945
2008-08-26,35655.5859,36877.4297,35600.0469,36322.0469,418120
2008-08-27,36099.8906,36099.8906,33989.4375,34378.2031,762761
2008-08-28,34933.5859,35155.7422,33711.7461,33767.2852,433562
2008-08-29,34655.8945,34878.0508,33878.3594,34878.0508,495518
2008-09-01,34378.2031,34378.2031,31212.5215,31268.0605,651267
2008-09-02,31268.0605,32212.2109,29046.5293,29213.1426,814338
2008-09-03,28879.9141,30657.1387,28324.5312,30434.9863,984263
2008-09-04,29990.6797,30879.293,29268.6816,29435.2969,1324080
2008-09-05,28380.0684,29879.6035,28046.8398,28768.8379,833986
2008-09-08,29768.5273,31601.291,29601.9121,31545.752,1152132
2008-09-09,31601.291,32323.2871,30601.6016,31656.8281,959770
2008-09-10,30657.1387,32378.8262,30546.0625,32212.2109,811593
2008-09-11,32212.2109,32545.4414,31268.0605,31323.5996,795493
2008-09-12,32212.2109,32267.75,30879.293,31156.9844,1042518
2008-09-15,31268.0605,31268.0605,31268.0605,31268.0605,0
2008-09-16,28102.377,29157.6055,27991.3008,28213.4551,856564
2008-09-17,29268.6816,30157.2949,28935.4512,29490.834,1104000
2008-09-18,28935.4512,29102.0664,27380.3789,28213.4551,11172
2008-09-19,29657.4492,31434.6758,29546.373,31101.4453,1967214
2008-09-22,31656.8281,32545.4414,29879.6035,29990.6797,1908240
2008-09-23,30101.7559,33267.4375,30101.7559,33267.4375,2136049
2008-09-24,32989.7461,34100.5117,32545.4414,33989.4375,2214219
2008-09-25,32323.2871,32656.5176,31323.5996,31323.5996,3071232
2008-09-26,31212.5215,31268.0605,29768.5273,29879.6035,1821766
2008-09-29,30101.7559,30268.3711,27935.7617,27935.7617,2152160
2008-09-30,25714.2305,29046.5293,25436.5391,28768.8379,1541697
2008-10-01,29213.1426,30879.293,28935.4512,29213.1426,1729852
2008-10-02,29657.4492,30101.7559,28491.1465,28768.8379,975169
2008-10-03,28768.8379,28768.8379,28768.8379,28768.8379,0
2008-10-06,27935.7617,27935.7617,27047.1504,27213.7656,674552
2008-10-07,26658.3809,27824.6855,25825.3066,27769.1484,977325
2008-10-08,26880.5352,27491.457,25492.0781,25492.0781,1067695
2008-10-09,25492.0781,26325.1523,24492.3887,24603.4648,1161569
2008-10-10,22937.3164,23103.9316,21160.0898,22381.9336,1163682
2008-10-13,23437.1602,25547.6152,23381.623,24881.1562,1235804
2008-10-14,26547.3047,28602.2227,26214.0762,28602.2227,1730031
2008-10-15,27991.3008,28268.9922,27213.7656,27546.9941,778568
2008-10-16,25103.3086,26436.2285,24714.541,24992.2324,1142076
2008-10-17,26436.2285,27213.7656,24936.6953,25214.3867,936415
2008-10-20,26047.4609,27713.6094,25603.1543,27546.9941,1284141
2008-10-21,28435.6074,28546.6836,26547.3047,27213.7656,1123429
2008-10-22,26991.6113,28768.8379,25603.1543,27213.7656,1472616
2008-10-23,25769.7695,27435.918,25769.7695,26547.3047,1095998
2008-10-24,26824.9961,27380.3789,22604.0859,22604.0859,1089734
2008-10-27,22604.0859,24325.7734,21493.3203,22215.3184,1136207
2008-10-28,21326.7051,25547.6152,21215.6289,25325.4629,1520388
2008-10-29,26880.5352,28268.9922,22104.2422,23937.0059,1857657
2008-10-30,26214.0762,27491.457,24992.2324,27491.457,1261435
2008-10-31,27769.1484,30323.9102,27380.3789,28879.9141,1983231
2008-11-03,29990.6797,33711.7461,29657.4492,33322.9766,2718840
2008-11-04,33656.207,35322.3555,31878.9824,34655.8945,2236608
2008-11-05,36322.0469,36377.582,32878.6719,34766.9727,2026187
2008-11-06,32656.5176,34322.668,29601.9121,33767.2852,1975716
2008-11-07,32656.5176,35544.5078,31323.5996,35100.2031,1957119
2008-11-10,35544.5078,36488.6602,34322.668,34378.2031,1165588
2008-11-11,33322.9766,33767.2852,32489.9023,32656.5176,910155
2008-11-12,31767.9043,34878.0508,31212.5215,34878.0508,1172820
2008-11-13,33656.207,35600.0469,33322.9766,35433.4336,1709260
2008-11-14,37488.3477,37543.8867,35544.5078,35544.5078,1695676
2008-11-17,35322.3555,35544.5078,33600.668,33822.8203,1068636
2008-11-18,32989.7461,35211.2812,32656.5176,34211.5898,942242
2008-11-19,35044.6641,35711.125,34211.5898,34378.2031,1293102
2008-11-20,33100.8242,33545.1289,31878.9824,32212.2109,929117
2008-11-21,31656.8281,33767.2852,31490.2129,33767.2852,1552415
2008-11-24,33100.8242,33656.207,31656.8281,32101.1348,737953
2008-11-25,33489.5938,34378.2031,31767.9043,32101.1348,904863
2008-11-26,32545.4414,33767.2852,32101.1348,32989.7461,1145778
2008-11-27,34211.5898,34211.5898,32767.5938,32823.1328,857204
2008-11-28,33045.2852,33434.0547,31823.4434,32934.2109,784745
2008-12-01,32712.0566,33100.8242,31712.3672,31712.3672,618906
2008-12-02,29879.6035,32545.4414,29824.0645,32156.6738,621163
2008-12-03,32656.5176,32656.5176,30768.2148,31101.4453,571672
2008-12-04,31434.6758,32045.5957,29213.1426,29213.1426,683253
2008-12-05,29990.6797,30490.5234,28935.4512,29324.2207,494326
2008-12-08,29768.5273,31101.4453,29435.2969,31101.4453,913559
2008-12-09,31101.4453,31268.0605,29546.373,29601.9121,1361359
2008-12-10,30046.2188,30712.6777,29490.834,30379.4473,1078832
2008-12-11,30768.2148,33322.9766,30657.1387,32656.5176,2187797
2008-12-12,32378.8262,33322.9766,30379.4473,30379.4473,1435315
2008-12-15,31712.3672,33545.1289,31656.8281,33322.9766,1173450
2008-12-16,32989.7461,33878.3594,32323.2871,33267.4375,1220528
2008-12-17,34267.1289,34322.668,32045.5957,33267.4375,1171407
2008-12-18,33656.207,33822.8203,31268.0605,31767.9043,1101026
2008-12-19,31434.6758,32545.4414,31379.1367,31990.0586,830955
2008-12-22,32434.3652,32434.3652,31156.9844,31656.8281,661691
2008-12-23,31156.9844,31434.6758,29824.0645,30046.2188,972839
2008-12-24,29990.6797,30490.5234,29435.2969,30323.9102,683336
2008-12-25,30323.9102,30323.9102,30323.9102,30323.9102,0
2008-12-26,30657.1387,31268.0605,29657.4492,30879.293,555543
2008-12-29,30434.9863,31601.291,29768.5273,31434.6758,407228
2008-12-30,31545.752,31712.3672,30879.293,31656.8281,527080
2008-12-31,31656.8281,31656.8281,31656.8281,31656.8281,0
2009-01-02,31934.5195,34433.7422,31268.0605,34378.2031,1523909
2009-01-05,35322.3555,36099.8906,34433.7422,34433.7422,1375260
2009-01-06,34544.8203,35988.8164,34489.2812,35211.2812,1176778
2009-01-07,35655.5859,36877.4297,35266.8164,36877.4297,1017461
2009-01-08,36322.0469,36544.1992,35488.9727,35877.7383,706400
2009-01-09,36322.0469,37210.6562,34989.125,34989.125,1004902
2009-01-12,34600.3594,35655.5859,34044.9766,34322.668,557777
2009-01-13,34322.668,35988.8164,33656.207,35988.8164,562742
2009-01-14,35655.5859,36877.4297,35100.2031,36877.4297,586546
2009-01-15,35544.5078,36322.0469,33822.8203,34378.2031,682918
2009-01-16,34933.5859,37488.3477,34711.4336,37488.3477,881685
2009-01-19,37877.1172,39210.0352,35544.5078,35711.125,2648643
2009-01-20,35211.2812,35266.8164,32989.7461,33322.9766,2289238
2009-01-21,31323.5996,33322.9766,31212.5215,33211.9023,857034
2009-01-22,34100.5117,34211.5898,32878.6719,32934.2109,746499
2009-01-23,32045.5957,32712.0566,31490.2129,31990.0586,750200
2009-01-28,32600.9785,33156.3633,31156.9844,31434.6758,3877830
2009-01-29,31434.6758,31434.6758,31434.6758,31434.6758,0
2009-01-30,31434.6758,31434.6758,31434.6758,31434.6758,0
2009-02-02,31434.6758,31434.6758,31434.6758,31434.6758,0
2009-02-03,31434.6758,31434.6758,31434.6758,31434.6758,0
2009-02-04,31434.6758,31434.6758,31434.6758,31434.6758,0
2009-02-05,31434.6758,31434.6758,31434.6758,31434.6758,0
2009-02-06,31434.6758,31434.6758,31434.6758,31434.6758,0
2009-02-09,31434.6758,31434.6758,31434.6758,31434.6758,0
2009-02-10,31434.6758,31434.6758,31434.6758,31434.6758,0
2009-02-11,31434.6758,31434.6758,31434.6758,31434.6758,0
2009-02-12,31434.6758,31434.6758,31434.6758,31434.6758,0
2009-02-13,31434.6758,31434.6758,31434.6758,31434.6758,0
2009-02-16,31434.6758,31434.6758,31434.6758,31434.6758,0
2009-02-17,31434.6758,31434.6758,31434.6758,31434.6758,0
2009-02-18,31434.6758,31434.6758,31434.6758,31434.6758,0
2009-02-19,31434.6758,31434.6758,31434.6758,31434.6758,0
2009-02-20,33600.668,38543.5781,33322.9766,37766.0391,3501053
2009-02-23,37099.582,37210.6562,35322.3555,35877.7383,1337219
2009-02-24,34100.5117,35877.7383,33434.0547,33600.668,873614
2009-02-25,34766.9727,36599.7383,34655.8945,35488.9727,793423
2009-02-26,35211.2812,36377.582,33767.2852,33767.2852,501493
2009-02-27,33656.207,34878.0508,33489.5938,33822.8203,664420
2009-03-02,34044.9766,36655.2734,33322.9766,36210.9688,995445
2009-03-03,36099.8906,37321.7344,34933.5859,36322.0469,1117871
2009-03-04,36322.0469,39487.7266,35655.5859,38654.6523,1017984
2009-03-05,38876.8086,41487.1055,38654.6523,38876.8086,986959
2009-03-06,38765.7305,44708.3281,38488.0391,43375.4102,1714898
2009-03-09,44264.0234,45319.25,43542.0234,45152.6328,1231478
2009-03-10,44986.0195,47263.0898,42875.5625,44597.25,1197660
2009-03-11,45263.7109,46318.9375,43708.6367,44486.1758,732929
2009-03-12,44652.7891,45763.5547,43930.793,45263.7109,699691
2009-03-13,45263.7109,46096.7852,44708.3281,45319.25,400894
2009-03-16,45541.4023,48762.625,45041.5586,45430.3242,899506
2009-03-17,46763.2461,48151.7031,46207.8633,46707.707,623260
2009-03-18,47762.9336,47818.4727,45930.1719,47707.3945,423068
2009-03-19,47762.9336,48873.6992,47040.9375,48207.2422,336375
2009-03-20,48873.6992,49540.1602,47929.5508,48984.7773,400245
2009-03-23,49262.4688,49706.7734,48484.9336,49540.1602,46823
2009-03-24,49706.7734,49706.7734,47485.2422,47985.0859,444611
2009-03-25,48318.3164,48762.625,46985.3984,47374.168,347739
2009-03-26,47762.9336,48096.1641,46541.0898,48096.1641,435032
2009-03-27,48207.2422,49151.3906,46485.5547,46652.168,330301
2009-03-30,46985.3984,48596.0078,45763.5547,48318.3164,553091
2009-03-31,48429.3945,50928.6172,47874.0117,50206.6172,746347
2009-04-01,49984.4648,52428.1523,49817.8516,51928.3047,591538
2009-04-02,53094.6094,53316.7617,50928.6172,52761.3789,556664
2009-04-03,52761.3789,52761.3789,50595.3867,51484.0,586152
2009-04-06,51595.0781,51761.6914,50206.6172,50206.6172,497902
2009-04-07,50206.6172,51095.2305,49318.0078,50317.6953,488687
2009-04-08,49873.3906,50095.543,48818.1602,49206.9297,333989
2009-04-09,49540.1602,52983.5352,49206.9297,52983.5352,908871
2009-04-10,53538.918,57759.8281,52094.9219,56649.0625,989711
2009-04-13,56649.0625,59314.8984,55316.1406,59092.7461,645311
2009-04-14,58870.5938,61869.6602,56871.2148,61092.125,627165
2009-04-15,61092.125,63869.0391,60092.4375,60981.0469,616444
2009-04-16,61758.5859,62980.4258,58093.0586,59981.3594,352513
2009-04-17,59314.8984,61536.4297,58315.2109,60758.8945,468214
2009-04-20,62202.8906,62869.3516,58759.5156,59314.8984,456949
2009-04-21,58093.0586,63313.6562,57981.9805,62869.3516,542585
2009-04-22,62980.4258,66090.5703,62647.1992,65201.957,462324
2009-04-23,65979.4922,65979.4922,62980.4258,65868.4219,387900
2009-04-24,64757.6523,65313.0352,62980.4258,62980.4258,251976
2009-04-27,63646.8867,64979.8047,61647.5078,62758.2734,277684
2009-04-28,62869.3516,64646.5742,61536.4297,62758.2734,279845
2009-04-29,62425.043,65424.1133,61869.6602,65313.0352,368623
2009-04-30,65646.2656,66201.6484,63757.9648,66090.5703,445413
2009-05-04,66201.6484,67201.3359,64757.6523,67201.3359,279462
2009-05-06,67201.3359,67756.7188,65424.1133,65424.1133,259484
2009-05-07,65535.1875,66090.5703,62869.3516,63091.5039,251840
2009-05-08,63313.6562,66312.7266,63313.6562,65757.3438,448896
2009-05-11,65757.3438,66645.9531,64646.5742,65757.3438,206652
2009-05-12,65535.1875,68756.4062,64757.6523,68534.2578,337744
2009-05-13,68201.0234,69978.25,68089.9531,69311.7891,538880
2009-05-14,67756.7188,69533.9453,66645.9531,67534.5703,300291
2009-05-15,68312.1016,70311.4844,67201.3359,69311.7891,255896
2009-05-18,68867.4844,70089.3281,68312.1016,69978.25,183045
2009-05-19,71200.0938,73643.7812,69867.1719,73421.625,461498
2009-05-20,74976.6953,83307.4453,74421.3125,77309.3047,1135665
2009-05-21,78197.9219,80752.6797,76420.6953,80752.6797,705279
2009-05-22,80752.6797,90749.5781,80752.6797,85862.2031,1119018
2009-05-25,86972.9688,93859.7188,81641.2969,89638.8125,1490017
2009-05-26,90194.1953,91638.1875,82974.2109,86084.3594,879227
2009-05-27,86750.8203,88528.0469,81641.2969,81641.2969,770685
2009-05-28,80086.2188,84084.9766,75087.7734,84084.9766,716036
2009-05-29,84084.9766,86084.3594,82085.6016,84751.4375,583066
2009-06-01,84084.9766,86084.3594,83307.4453,83862.8281,289751
2009-06-02,84751.4375,88750.1953,83640.6719,83862.8281,746300
2009-06-03,85195.7422,87195.125,82196.6797,82307.7578,422233
2009-06-04,82529.9062,83085.2891,76976.0781,77753.6172,644736
2009-06-05,77864.6875,80530.5312,73310.5469,78531.1484,890584
2009-06-08,77753.6172,78642.2266,75754.2344,77531.4609,383909
2009-06-09,78420.0703,78420.0703,74310.2422,74976.6953,367838
2009-06-10,75532.0781,77198.2344,74199.1641,76309.6172,383057
2009-06-11,76198.5391,79197.6094,75309.9297,76642.8516,499541
2009-06-12,77198.2344,78197.9219,75754.2344,77198.2344,286296
2009-06-15,76753.9219,77531.4609,74088.0859,75754.2344,452519
2009-06-16,74310.2422,77309.3047,74310.2422,75643.1562,292606
2009-06-17,75754.2344,76865.0,74976.6953,75087.7734,204845
2009-06-18,75532.0781,77642.5391,74421.3125,75865.3125,309922
2009-06-19,76976.0781,82974.2109,76865.0,80641.6016,1311881
2009-06-22,81641.2969,82640.9844,79530.8359,80974.8359,561346
2009-06-23,79641.9141,79752.9922,76087.4609,76642.8516,488704
2009-06-24,76865.0,77309.3047,71644.3984,73532.7031,851206
2009-06-25,73532.7031,78086.8438,73088.3984,76753.9219,444962
2009-06-26,78309.0,80086.2188,77420.3828,79308.6875,388369
2009-06-29,80530.5312,80641.6016,78420.0703,78975.4531,248683
2009-06-30,80530.5312,80641.6016,77309.3047,79975.1484,373373
2009-07-01,79641.9141,79752.9922,74532.3906,75532.0781,780715
2009-07-02,75421.0078,77753.6172,73977.0078,74976.6953,410264
2009-07-03,74421.3125,76087.4609,73754.8594,75532.0781,311608
2009-07-06,75309.9297,76865.0,74976.6953,76420.6953,284191
2009-07-07,76420.6953,78864.3828,76420.6953,78642.2266,354721
2009-07-08,77975.7656,78642.2266,76087.4609,77753.6172,337976
2009-07-09,78309.0,79975.1484,77975.7656,78420.0703,253229
2009-07-10,79419.7656,79975.1484,77531.4609,79419.7656,332006
2009-07-13,79975.1484,80086.2188,75532.0781,75532.0781,287188
2009-07-14,76753.9219,77753.6172,73532.7031,73532.7031,339886
2009-07-15,75421.0078,77753.6172,73643.7812,76642.8516,353483
2009-07-16,78531.1484,81085.9141,77753.6172,80086.2188,710634
2009-07-17,80197.2969,82752.0625,78975.4531,82529.9062,575321
2009-07-20,82752.0625,83973.9062,81863.4453,83085.2891,409915
2009-07-21,83418.5234,83529.5938,78086.8438,79419.7656,884711
2009-07-22,79308.6875,79308.6875,76531.7734,77975.7656,843634
2009-07-23,77753.6172,80419.4531,76865.0,79419.7656,608725
2009-07-24,79864.0703,81085.9141,78642.2266,79975.1484,438082
2009-07-27,80419.4531,80530.5312,78642.2266,78642.2266,540585
2009-07-28,78975.4531,79752.9922,77087.1562,77753.6172,498460
2009-07-29,77642.5391,78642.2266,76753.9219,78420.0703,407867
2009-07-30,78420.0703,80530.5312,78086.8438,79308.6875,526813
2009-07-31,79419.7656,79975.1484,77975.7656,78197.9219,399991
2009-08-03,78420.0703,78864.3828,76531.7734,76753.9219,715310
2009-08-04,77087.1562,78086.8438,73977.0078,75754.2344,1056288
2009-08-05,75198.8516,76309.6172,74532.3906,74532.3906,414784
2009-08-06,74643.4688,77198.2344,74310.2422,76976.0781,509964
2009-08-07,76976.0781,77642.5391,76531.7734,76753.9219,229103
2009-08-10,77087.1562,77531.4609,75532.0781,75532.0781,320717
2009-08-11,75532.0781,77309.3047,75532.0781,76642.8516,323338
2009-08-12,77198.2344,82307.7578,76531.7734,81974.5234,1154037
2009-08-13,82752.0625,85862.2031,81974.5234,84529.2891,1215905
2009-08-14,85640.0547,86417.5859,83196.3672,84418.2109,600661
2009-08-17,83640.6719,84751.4375,79864.0703,79975.1484,592834
2009-08-18,79419.7656,81530.2188,77753.6172,80974.8359,535087
2009-08-19,82196.6797,82974.2109,79530.8359,79530.8359,502402
2009-08-20,79975.1484,81530.2188,78420.0703,80863.7578,347023
2009-08-21,81308.0625,85528.9766,81196.9844,85528.9766,1038956
2009-08-24,86639.7422,90749.5781,84862.5156,90749.5781,1145204
2009-08-25,90527.4219,92193.5703,88083.7344,89749.8828,795961
2009-08-26,91193.8828,92860.0312,88528.0469,89305.5781,498342
2009-08-27,88416.9688,88750.1953,85528.9766,85751.125,526743
2009-08-28,86639.7422,88416.9688,85084.6719,87972.6562,568033
2009-08-31,87750.5078,87750.5078,84640.3594,86417.5859,364576
2009-09-01,86084.3594,89638.8125,84307.1328,89194.5,571199
2009-09-02,86639.7422,90527.4219,86417.5859,86972.9688,876295
2009-09-03,87639.4297,89083.4297,85528.9766,87861.5859,593950
2009-09-04,88639.1172,90527.4219,86639.7422,87417.2734,674728
2009-09-07,87528.3516,88972.3516,86972.9688,88972.3516,352183
2009-09-08,90194.1953,96858.7891,90083.1172,94415.1016,1706454
2009-09-09,94859.4062,96858.7891,92082.4922,95525.8672,915467
2009-09-10,97080.9375,98413.8594,94637.2578,96081.25,812676
2009-09-11,96636.6328,102079.3906,96081.25,100302.1641,995952
2009-09-14,99635.7031,100968.625,97303.0938,97747.3984,468257
2009-09-15,99080.3203,101412.9297,96414.4844,97969.5547,533639
2009-09-16,98858.1641,103412.3047,98524.9375,99968.9297,552776
2009-09-17,101968.3125,104189.8438,100413.2344,100968.625,621496
2009-09-18,101635.0781,102190.4609,98636.0156,101301.8516,513689
2009-09-21,101968.3125,104411.9922,100524.3125,102968.0,331488
2009-09-22,102523.6953,106189.2188,102301.5391,105855.9922,484267
2009-09-23,106633.5234,118296.5703,106189.2188,112187.3594,1406390
2009-09-24,111631.9766,113298.125,107966.4453,112187.3594,711630
2009-09-25,109965.8281,117185.8047,108077.5234,116075.0391,793519
2009-09-28,115519.6562,119407.3359,112742.7422,113298.125,479652
2009-09-29,113298.125,113853.5078,106633.5234,108966.1328,1270642
2009-09-30,106966.7578,108743.9844,103745.5391,103745.5391,644069
2009-10-01,105300.6094,107188.9141,101412.9297,103523.3828,595222
2009-10-05,101190.7734,103523.3828,98302.7812,100857.5469,430962
2009-10-06,103967.6875,106522.4531,102412.6172,104078.7656,598708
2009-10-07,106411.375,107299.9844,96636.6328,97747.3984,775078
2009-10-08,98302.7812,100857.5469,95748.0234,100413.2344,979408
2009-10-09,99080.3203,101412.9297,98080.6328,100191.0859,479595
2009-10-12,101524.0078,106633.5234,101524.0078,106411.375,722574
2009-10-13,106300.2969,108855.0625,104411.9922,107299.9844,557915
2009-10-14,108188.6016,108743.9844,106189.2188,107522.1406,380201
2009-10-15,108188.6016,108855.0625,103412.3047,104856.3047,605691
2009-10-16,104189.8438,104856.3047,99302.4688,101746.1562,573466
2009-10-19,101079.6953,103079.0781,98858.1641,103079.0781,339989
2009-10-20,103634.4609,103856.6094,101079.6953,101635.0781,343861
2009-10-21,101079.6953,102190.4609,99080.3203,100635.3906,369794
2009-10-22,99746.7812,101635.0781,99524.625,100968.625,207116
2009-10-23,101635.0781,106300.2969,100968.625,106300.2969,689411
2009-10-26,105522.7578,107855.3672,104634.1484,106855.6797,447889
2009-10-27,105855.9922,109188.2891,104078.7656,109077.2109,684813
2009-10-28,108966.1328,108966.1328,104078.7656,104967.375,662405
2009-10-29,103523.3828,105522.7578,102745.8438,104634.1484,571033
2009-10-30,105855.9922,107299.9844,102079.3906,102079.3906,853991
2009-11-02,99746.7812,102523.6953,99413.5469,102079.3906,443739
2009-11-03,102856.9219,103856.6094,101301.8516,101301.8516,345800
2009-11-04,102412.6172,102856.9219,98636.0156,102190.4609,580662
2009-11-05,101079.6953,101412.9297,98858.1641,99635.7031,369578
2009-11-06,102190.4609,102301.5391,100635.3906,101079.6953,302196
2009-11-09,101190.7734,105300.6094,101190.7734,104300.9219,661086
2009-11-10,105855.9922,106522.4531,103412.3047,103745.5391,558997
2009-11-11,104411.9922,106522.4531,102968.0,106411.375,357290
2009-11-12,107188.9141,107411.0625,105522.7578,105522.7578,398856
2009-11-13,105744.9141,107188.9141,103967.6875,104411.9922,345138
2009-11-16,104745.2266,104967.375,101524.0078,103634.4609,377460
2009-11-17,104078.7656,104634.1484,101635.0781,103079.0781,319482
2009-11-18,102856.9219,105300.6094,101079.6953,104634.1484,586183
2009-11-19,105411.6875,109188.2891,105078.4531,108743.9844,884429
2009-11-20,108632.9062,109632.5938,107522.1406,109188.2891,537082
2009-11-23,109965.8281,110076.8984,107744.2969,109854.75,325379
2009-11-24,109632.5938,110187.9766,105300.6094,105411.6875,589743
2009-11-25,104967.375,105522.7578,103301.2266,104300.9219,510317
2009-11-26,104523.0703,106300.2969,103967.6875,104300.9219,274871
2009-11-27,102190.4609,104411.9922,101524.0078,101524.0078,412257
2009-11-30,103190.1562,104745.2266,102301.5391,104745.2266,314255
2009-12-01,103634.4609,105189.5312,102412.6172,105078.4531,361392
2009-12-02,105411.6875,107966.4453,105300.6094,107411.0625,536151
2009-12-03,108188.6016,108410.75,106633.5234,108299.6797,347976
2009-12-04,107633.2188,110410.1328,107522.1406,109743.6719,552814
2009-12-07,110632.2812,110743.3594,108299.6797,109188.2891,320279
2009-12-08,108855.0625,109632.5938,105189.5312,106300.2969,869845
2009-12-09,104967.375,105522.7578,103412.3047,105522.7578,1062491
2009-12-10,105855.9922,107188.9141,104745.2266,106855.6797,749043
2009-12-11,106411.375,107966.4453,105967.0703,106855.6797,509401
2009-12-14,107744.2969,107855.3672,103745.5391,104411.9922,1015961
2009-12-15,103967.6875,104189.8438,99635.7031,99746.7812,2838943
2009-12-16,99857.8516,100857.5469,97303.0938,100524.3125,1307574
2009-12-17,99302.4688,99857.8516,96747.7109,97636.3203,1107207
2009-12-18,96414.4844,98969.2422,95859.1016,97747.3984,724939
2009-12-21,98302.7812,98747.0859,97747.3984,98747.0859,322457
2009-12-22,99191.3984,99413.5469,96747.7109,98302.7812,439405
2009-12-23,98524.9375,98858.1641,97192.0156,98191.7031,400199
2009-12-24,99413.5469,101857.2344,98969.2422,101301.8516,914432
2009-12-28,101301.8516,101301.8516,98858.1641,100524.3125,447302
2009-12-29,99524.625,100746.4688,98413.8594,100746.4688,400258
2009-12-30,99968.9297,100857.5469,99413.5469,100857.5469,353996
2010-01-04,100746.4688,101301.8516,99413.5469,101079.6953,425737
2010-01-05,101301.8516,101412.9297,99080.3203,99080.3203,441883
2010-01-06,99413.5469,100413.2344,99080.3203,99302.4688,359024
2010-01-07,99302.4688,99302.4688,96858.7891,96858.7891,462158
2010-01-08,97636.3203,97636.3203,92748.9531,94415.1016,725229
2010-01-11,94415.1016,95303.7188,92304.6484,92304.6484,443686
2010-01-12,92193.5703,93859.7188,91749.2656,92415.7266,320410
2010-01-13,91527.1094,96636.6328,91527.1094,95970.1719,701068
2010-01-14,96081.25,96081.25,90194.1953,91638.1875,1129809
2010-01-15,91193.8828,91416.0312,86750.8203,86750.8203,1383443
2010-01-18,87195.125,89972.0391,86417.5859,88194.8125,761466
2010-01-19,88861.2734,91638.1875,88861.2734,90083.1172,582618
2010-01-20,92304.6484,92637.875,88305.8906,88305.8906,555782
2010-01-21,88861.2734,91527.1094,88083.7344,91527.1094,518516
2010-01-22,92193.5703,94637.2578,91304.9609,93304.3359,1097496
2010-01-25,91860.3438,93637.5625,90638.5,90749.5781,412349
2010-01-26,90860.6484,91416.0312,87639.4297,87750.5078,483141
2010-01-27,87306.2031,88194.8125,84418.2109,84418.2109,497446
2010-01-28,84418.2109,86084.3594,81863.4453,84640.3594,633958
2010-01-29,83196.3672,86528.6641,82529.9062,84418.2109,366584
2010-02-01,83307.4453,83862.8281,79419.7656,80752.6797,717135
2010-02-02,81308.0625,81530.2188,77420.3828,77753.6172,714012
2010-02-03,78975.4531,80197.2969,77864.6875,78753.3047,520398
2010-02-04,79308.6875,81641.2969,78864.3828,78975.4531,576296
2010-02-05,75532.0781,77975.7656,75532.0781,77198.2344,403165
2010-02-08,78309.0,79197.6094,76753.9219,77087.1562,383787
2010-02-09,76531.7734,77420.3828,75198.8516,77420.3828,392173
2010-02-10,78642.2266,78753.3047,73977.0078,74310.2422,645425
2010-02-11,74754.5469,77087.1562,74643.4688,76420.6953,537852
2010-02-12,76865.0,77864.6875,76531.7734,77753.6172,420075
2010-02-16,76976.0781,79419.7656,76865.0,78753.3047,437038
2010-02-17,79308.6875,81085.9141,78864.3828,80530.5312,478717
2010-02-18,81085.9141,83307.4453,79752.9922,82085.6016,605195
2010-02-19,81419.1406,82529.9062,80863.7578,81085.9141,344883
2010-02-22,81863.4453,83751.75,81752.3672,83307.4453,394303
2010-02-23,83307.4453,83751.75,82196.6797,83196.3672,230390
2010-02-24,82752.0625,83529.5938,82307.7578,83418.5234,164835
2010-02-25,83640.6719,84640.3594,82640.9844,84084.9766,381974
2010-02-26,83529.5938,84307.1328,81863.4453,82863.1406,383463
2010-03-02,83751.75,83751.75,82863.1406,83307.4453,147054
2010-03-03,82196.6797,87639.4297,82196.6797,86972.9688,552492
2010-03-04,87084.0469,89305.5781,87084.0469,87972.6562,363381
2010-03-05,87306.2031,88972.3516,86639.7422,88639.1172,337541
2010-03-08,89972.0391,92748.9531,89972.0391,92748.9531,767499
2010-03-09,92526.7969,92971.1094,90749.5781,91304.9609,410510
2010-03-10,90527.4219,92971.1094,88416.9688,92193.5703,596463
2010-03-11,91638.1875,92526.7969,90194.1953,90860.6484,379253
2010-03-12,90749.5781,91304.9609,90083.1172,90527.4219,132747
2010-03-15,90083.1172,90971.7266,87861.5859,88083.7344,338538
2010-03-16,89083.4297,90194.1953,88194.8125,89972.0391,214441
2010-03-17,90305.2656,91971.4141,90083.1172,91971.4141,273403
2010-03-18,91082.8047,92637.875,91082.8047,92082.4922,189325
2010-03-19,92304.6484,92526.7969,90638.5,91082.8047,181555
2010-03-22,91416.0312,92971.1094,89972.0391,92971.1094,366989
2010-03-23,93859.7188,94748.3359,93637.5625,94526.1797,398524
2010-03-24,95081.5625,95303.7188,93304.3359,93970.7969,204265
2010-03-25,93526.4922,94970.4844,93304.3359,94859.4062,239775
2010-03-26,95192.6406,95192.6406,92971.1094,94748.3359,326805
2010-03-29,93748.6406,94526.1797,93415.4141,93748.6406,215236
2010-03-30,93970.7969,94859.4062,93859.7188,94415.1016,208089
2010-03-31,94637.2578,94637.2578,92637.875,94304.0234,249513
2010-04-01,94081.875,97747.3984,93637.5625,97747.3984,661439
2010-04-02,97747.3984,101190.7734,96303.4062,100413.2344,1158642
2010-04-05,101079.6953,102190.4609,99302.4688,101412.9297,651935
2010-04-06,101635.0781,101857.2344,99635.7031,100413.2344,292146
2010-04-07,100191.0859,100413.2344,98524.9375,98636.0156,307432
2010-04-08,98080.6328,100968.625,98080.6328,100968.625,259645
2010-04-09,101079.6953,101079.6953,99080.3203,100524.3125,165331
2010-04-12,100635.3906,100746.4688,97192.0156,97747.3984,353178
2010-04-13,97525.25,99080.3203,96969.8672,99080.3203,187233
2010-04-14,99857.8516,100746.4688,98858.1641,98858.1641,261268
2010-04-15,98858.1641,99080.3203,95748.0234,96858.7891,469838
2010-04-16,96192.3281,96969.8672,94637.2578,94637.2578,280307
2010-04-19,92748.9531,94304.0234,92415.7266,92860.0312,193640
2010-04-20,93637.5625,95748.0234,93637.5625,95081.5625,277345
2010-04-21,95748.0234,96525.5547,95636.9453,95748.0234,252106
2010-04-22,95414.7891,95525.8672,93415.4141,93748.6406,275012
2010-04-23,94081.875,95525.8672,93637.5625,95525.8672,211701
2010-04-26,96414.4844,96969.8672,95414.7891,96636.6328,254659
2010-04-27,96636.6328,97636.3203,94748.3359,96636.6328,275877
2010-04-28,94304.0234,96192.3281,93637.5625,96192.3281,393624
2010-04-29,96636.6328,99080.3203,95081.5625,98969.2422,567771
2010-04-30,100413.2344,100524.3125,97858.4766,98747.0859,461170
2010-05-03,97969.5547,98636.0156,94415.1016,96858.7891,441638
2010-05-04,96747.7109,97303.0938,93637.5625,93970.7969,411990
2010-05-06,91638.1875,94192.9453,91082.8047,94081.875,312364
2010-05-07,91527.1094,94081.875,91193.8828,93970.7969,369341
2010-05-10,94415.1016,99968.9297,93748.6406,99635.7031,946445
2010-05-11,100413.2344,103412.3047,99857.8516,102523.6953,1297412
2010-05-12,103190.1562,104078.7656,101412.9297,103634.4609,739128
2010-05-13,104634.1484,105300.6094,102968.0,105300.6094,554253
2010-05-14,105744.9141,114408.8906,105633.8359,114408.8906,1594869
2010-05-17,113853.5078,118851.9531,112742.7422,118851.9531,1358622
2010-05-18,121073.4844,123295.0156,109632.5938,112742.7422,1508303
2010-05-19,110076.8984,112742.7422,105300.6094,110854.4375,945623
2010-05-20,110632.2812,112742.7422,104189.8438,108188.6016,846738
2010-05-24,106633.5234,109743.6719,105522.7578,106522.4531,544653
2010-05-25,105078.4531,105967.0703,99746.7812,104523.0703,694138
2010-05-26,105633.8359,107633.2188,103190.1562,106411.375,480095
2010-05-27,105855.9922,109521.5156,105522.7578,107855.3672,577477
2010-05-28,109077.2109,112187.3594,107188.9141,109965.8281,968930
2010-05-31,112187.3594,116630.4219,111631.9766,113298.125,762932
2010-06-01,113298.125,114408.8906,110854.4375,112187.3594,404706
2010-06-03,114408.8906,116630.4219,111631.9766,113853.5078,466264
2010-06-04,113298.125,115519.6562,111076.5938,114408.8906,542942
2010-06-07,110965.5156,114964.2734,110521.2109,113853.5078,446077
2010-06-08,114964.2734,117741.1875,113853.5078,114408.8906,442556
2010-06-09,115519.6562,116075.0391,111076.5938,112742.7422,302096
2010-06-10,113298.125,113298.125,111076.5938,111631.9766,271797
2010-06-11,113298.125,114408.8906,109521.5156,110854.4375,424822
2010-06-14,111076.5938,112742.7422,110632.2812,112742.7422,288768
2010-06-15,112742.7422,113853.5078,110743.3594,111076.5938,332340
2010-06-16,111631.9766,115519.6562,108966.1328,115519.6562,833495
2010-06-17,116630.4219,118851.9531,115519.6562,116630.4219,577183
2010-06-18,118851.9531,121073.4844,118296.5703,120518.1016,635697
2010-06-21,120518.1016,121073.4844,116630.4219,119962.7188,536087
2010-06-22,117741.1875,118851.9531,115519.6562,118851.9531,387911
2010-06-23,117185.8047,121073.4844,116630.4219,118851.9531,424435
2010-06-24,119407.3359,119962.7188,115519.6562,119962.7188,341356
2010-06-25,117741.1875,119962.7188,117185.8047,118851.9531,271993
2010-06-28,118851.9531,121073.4844,117741.1875,119962.7188,322828
2010-06-29,120518.1016,121073.4844,114964.2734,114964.2734,319324
2010-06-30,112187.3594,117741.1875,111631.9766,117741.1875,381477
2010-07-01,116630.4219,117741.1875,114408.8906,116075.0391,237937
2010-07-02,116075.0391,117185.8047,109854.75,111076.5938,606156
2010-07-05,109632.5938,110076.8984,106855.6797,108743.9844,548251
2010-07-06,108299.6797,111631.9766,107299.9844,110632.2812,266532
2010-07-07,110965.5156,113853.5078,110632.2812,110965.5156,275752
2010-07-08,113298.125,113853.5078,111076.5938,111076.5938,225002
2010-07-09,114408.8906,117741.1875,113853.5078,117185.8047,701317
2010-07-12,117741.1875,119962.7188,116075.0391,118296.5703,359692
2010-07-13,117741.1875,119962.7188,116630.4219,119407.3359,344194
2010-07-14,121073.4844,123850.3984,120518.1016,122739.6328,671924
2010-07-15,122184.25,125516.5469,121628.8672,124961.1641,349145
2010-07-16,124405.7812,124961.1641,122739.6328,123295.0156,329632
2010-07-19,121628.8672,127738.0781,121073.4844,126071.9297,462889
2010-07-20,126627.3125,127182.6953,121628.8672,126627.3125,477790
2010-07-21,126071.9297,128848.8438,124961.1641,127182.6953,352325
2010-07-22,126071.9297,128848.8438,119962.7188,121073.4844,552336
2010-07-23,123295.0156,123850.3984,117741.1875,118851.9531,502436
2010-07-26,118851.9531,124405.7812,118851.9531,123295.0156,279763
2010-07-27,123295.0156,124405.7812,121628.8672,123295.0156,197272
2010-07-28,123850.3984,124405.7812,119407.3359,121628.8672,341070
2010-07-29,121628.8672,122184.25,116630.4219,116630.4219,315077
2010-07-30,116630.4219,123295.0156,114964.2734,122184.25,547216
2010-08-02,124405.7812,128293.4609,123295.0156,128293.4609,385266
2010-08-03,128848.8438,129404.2266,126627.3125,128293.4609,282442
2010-08-04,128848.8438,129404.2266,124961.1641,128293.4609,364698
2010-08-05,129959.6094,132181.1406,124405.7812,128293.4609,440753
2010-08-06,128293.4609,128293.4609,121073.4844,123850.3984,489298
2010-08-09,123850.3984,124405.7812,121073.4844,122739.6328,260450
2010-08-10,123295.0156,126071.9297,122739.6328,126071.9297,242263
2010-08-11,124961.1641,126071.9297,120518.1016,120518.1016,347009
2010-08-12,118296.5703,122739.6328,117741.1875,119407.3359,300634
2010-08-13,119962.7188,126627.3125,119962.7188,125516.5469,319954
2010-08-16,125516.5469,127738.0781,124961.1641,126627.3125,303891
2010-08-17,126071.9297,126071.9297,123295.0156,124961.1641,213007
2010-08-18,125516.5469,126627.3125,123850.3984,125516.5469,231909
2010-08-19,125516.5469,128293.4609,125516.5469,127738.0781,329426
2010-08-20,126627.3125,127738.0781,124961.1641,127738.0781,195017
2010-08-23,128848.8438,131070.375,128293.4609,129959.6094,299209
2010-08-24,128848.8438,129404.2266,124961.1641,126627.3125,262039
2010-08-25,124405.7812,126071.9297,122739.6328,122739.6328,164918
2010-08-26,123850.3984,124961.1641,121628.8672,121628.8672,186860
2010-08-27,121073.4844,123850.3984,120518.1016,123295.0156,183138
2010-08-30,124961.1641,126071.9297,122739.6328,124961.1641,191106
2010-08-31,123850.3984,126071.9297,121628.8672,122739.6328,254582
2010-09-01,123850.3984,125516.5469,122184.25,123850.3984,299997
2010-09-02,124961.1641,130514.9922,124405.7812,130514.9922,564162
2010-09-03,131625.7656,133291.9062,128848.8438,129404.2266,434979
2010-09-06,131070.375,131070.375,126627.3125,127738.0781,317129
2010-09-07,127182.6953,130514.9922,126627.3125,127182.6953,335651
2010-09-08,127738.0781,128293.4609,125516.5469,127738.0781,183666
2010-09-09,129404.2266,131070.375,127738.0781,130514.9922,327434
2010-09-10,131070.375,131625.7656,124961.1641,127738.0781,864723
2010-09-13,127182.6953,127738.0781,123850.3984,124961.1641,559573
2010-09-14,125516.5469,126627.3125,122184.25,122184.25,358311
2010-09-15,123295.0156,124961.1641,116630.4219,122739.6328,554413
2010-09-16,122184.25,122739.6328,118851.9531,119962.7188,388222
2010-09-17,120518.1016,122739.6328,119962.7188,122184.25,279790
2010-09-20,122184.25,122184.25,118851.9531,119407.3359,308000
2010-09-24,119407.3359,124405.7812,117741.1875,123295.0156,408149
2010-09-27,125516.5469,126627.3125,123850.3984,125516.5469,376259
2010-09-28,125516.5469,126071.9297,123295.0156,123295.0156,170065
2010-09-29,124405.7812,125516.5469,123295.0156,125516.5469,307063
2010-09-30,125516.5469,126627.3125,124405.7812,125516.5469,273640
2010-10-01,124405.7812,124961.1641,119962.7188,119962.7188,541049
2010-10-04,120518.1016,121628.8672,116075.0391,116630.4219,1505843
2010-10-05,116630.4219,117741.1875,111076.5938,112742.7422,967576
2010-10-06,113853.5078,114964.2734,110632.2812,113853.5078,1510577
2010-10-07,113853.5078,117185.8047,112742.7422,115519.6562,1329962
2010-10-08,114964.2734,117741.1875,113853.5078,117185.8047,291811
2010-10-11,118296.5703,119407.3359,113298.125,114408.8906,352374
2010-10-12,114408.8906,116075.0391,112742.7422,115519.6562,270539
2010-10-13,116075.0391,119962.7188,116075.0391,119962.7188,596008
2010-10-14,120518.1016,122184.25,119407.3359,121628.8672,447065
2010-10-15,121073.4844,121073.4844,119407.3359,120518.1016,203332
2010-10-18,120518.1016,121628.8672,117741.1875,117741.1875,203315
2010-10-19,118296.5703,119407.3359,116630.4219,117185.8047,238925
2010-10-20,117741.1875,122184.25,117741.1875,119962.7188,362732
2010-10-21,121073.4844,122184.25,119962.7188,122184.25,267532
2010-10-22,122739.6328,123295.0156,121628.8672,122184.25,226758
2010-10-25,122184.25,125516.5469,120518.1016,122184.25,374277
2010-10-26,123295.0156,124961.1641,121073.4844,121073.4844,358670
2010-10-27,121073.4844,121628.8672,118851.9531,121628.8672,310684
2010-10-28,120518.1016,121628.8672,119407.3359,120518.1016,216899
2010-10-29,119407.3359,120518.1016,116630.4219,116630.4219,310906
2010-11-01,117185.8047,119407.3359,113853.5078,119407.3359,313210
2010-11-02,118851.9531,121628.8672,118296.5703,118851.9531,280139
2010-11-03,119407.3359,121073.4844,117185.8047,117741.1875,196130
2010-11-04,117185.8047,119962.7188,116630.4219,117185.8047,221710
2010-11-05,118851.9531,119962.7188,116630.4219,116630.4219,423960
2010-11-08,117185.8047,118851.9531,116630.4219,117185.8047,216857
2010-11-09,117185.8047,117741.1875,114408.8906,114964.2734,360500
2010-11-10,115519.6562,115519.6562,112742.7422,114408.8906,319432
2010-11-11,113853.5078,117741.1875,112742.7422,114964.2734,751697
2010-11-12,116630.4219,117185.8047,112187.3594,114964.2734,412745
2010-11-15,114964.2734,116075.0391,112187.3594,113298.125,231077
2010-11-16,113853.5078,113853.5078,110743.3594,111631.9766,278513
2010-11-17,111076.5938,112742.7422,110521.2109,112742.7422,251528
2010-11-18,111631.9766,114408.8906,111076.5938,114408.8906,283563
2010-11-19,114408.8906,117185.8047,113298.125,116630.4219,329667
2010-11-22,116630.4219,118851.9531,116630.4219,118296.5703,361738
2010-11-23,118296.5703,118851.9531,116075.0391,118851.9531,286914
2010-11-24,116630.4219,118851.9531,116075.0391,118296.5703,390143
2010-11-25,119962.7188,119962.7188,117185.8047,118851.9531,306856
2010-11-26,118851.9531,119407.3359,116075.0391,117185.8047,206760
2010-11-29,118851.9531,121073.4844,116630.4219,118296.5703,349777
2010-11-30,117741.1875,120518.1016,114408.8906,120518.1016,380921
2010-12-01,119962.7188,120518.1016,117741.1875,118296.5703,217774
2010-12-02,118851.9531,119407.3359,117185.8047,117741.1875,232470
2010-12-03,117741.1875,118296.5703,113298.125,113853.5078,723752
2010-12-06,116075.0391,116075.0391,112187.3594,113853.5078,457159
2010-12-07,113853.5078,117185.8047,113298.125,116630.4219,281984
2010-12-08,116075.0391,116630.4219,114408.8906,114408.8906,267338
2010-12-09,114408.8906,121073.4844,114408.8906,118851.9531,681853
2010-12-10,118851.9531,118851.9531,114964.2734,116075.0391,442149
2010-12-13,117185.8047,121073.4844,116630.4219,119962.7188,589357
2010-12-14,119962.7188,121073.4844,118296.5703,119407.3359,374823
2010-12-15,120518.1016,121073.4844,115519.6562,116630.4219,553825
2010-12-16,116630.4219,117741.1875,116075.0391,116075.0391,191287
2010-12-17,116630.4219,117185.8047,113853.5078,114964.2734,404697
2010-12-20,114408.8906,115519.6562,112742.7422,113853.5078,433248
2010-12-21,116075.0391,116075.0391,113853.5078,113853.5078,346842
2010-12-22,113853.5078,114964.2734,111631.9766,112742.7422,418252
2010-12-23,112742.7422,113853.5078,110965.5156,111631.9766,404877
2010-12-24,111631.9766,112742.7422,110632.2812,110632.2812,257765
2010-12-27,110632.2812,112742.7422,109965.8281,111631.9766,341347
2010-12-28,112187.3594,114408.8906,111631.9766,113853.5078,288118
2010-12-29,112742.7422,114408.8906,112742.7422,113853.5078,150918
2010-12-30,114408.8906,115519.6562,113853.5078,114964.2734,193673
2011-01-03,115519.6562,118296.5703,113853.5078,118296.5703,508005
2011-01-04,118296.5703,118851.9531,114964.2734,116075.0391,392884
2011-01-05,114408.8906,114408.8906,111076.5938,111631.9766,861912
2011-01-06,111076.5938,111631.9766,109521.5156,109743.6719,829596
2011-01-07,110299.0547,114408.8906,109410.4453,113298.125,952342
2011-01-10,112742.7422,113298.125,111076.5938,112742.7422,245269
2011-01-11,112187.3594,112187.3594,110187.9766,110410.1328,475149
2011-01-12,110632.2812,111076.5938,108077.5234,109188.2891,961975
2011-01-13,109299.3672,109743.6719,106744.6016,107966.4453,708328
2011-01-14,107299.9844,107855.3672,105189.5312,105300.6094,878129
2011-01-17,104745.2266,106966.7578,101746.1562,102079.3906,877187
2011-01-18,102968.0,104078.7656,100191.0859,100746.4688,1005092
2011-01-19,101635.0781,102745.8438,100746.4688,102301.5391,405612
2011-01-20,101301.8516,102745.8438,100524.3125,100635.3906,354620
2011-01-21,100968.625,104078.7656,100968.625,103634.4609,534597
2011-01-24,103634.4609,104967.375,102301.5391,104745.2266,411056
2011-01-25,105189.5312,105300.6094,103634.4609,103745.5391,311668
2011-01-26,103412.3047,104411.9922,102412.6172,102745.8438,260885
2011-01-27,102745.8438,104078.7656,102412.6172,103634.4609,214831
2011-01-28,103301.2266,103523.3828,101190.7734,102190.4609,256514
2011-01-31,100968.625,105300.6094,100635.3906,104078.7656,513781
2011-02-01,104078.7656,104745.2266,102190.4609,102190.4609,216185
2011-02-07,103190.1562,103856.6094,101412.9297,101635.0781,159477
2011-02-08,101635.0781,101968.3125,100635.3906,100746.4688,218845
2011-02-09,100302.1641,100746.4688,97192.0156,97636.3203,497647
2011-02-10,96636.6328,98191.7031,96192.3281,97080.9375,295009
2011-02-11,96636.6328,97747.3984,91638.1875,93415.4141,509514
2011-02-14,93637.5625,94415.1016,91749.2656,92860.0312,292174
2011-02-15,93859.7188,93859.7188,90638.5,91416.0312,428976
2011-02-16,90971.7266,91749.2656,87417.2734,87639.4297,728643
2011-02-17,87750.5078,90305.2656,87750.5078,88972.3516,691750
2011-02-18,89638.8125,92193.5703,89194.5,91304.9609,288032
2011-02-21,90749.5781,91749.2656,88305.8906,88861.2734,487850
2011-02-22,88972.3516,89083.4297,85195.7422,86306.5078,484909
2011-02-23,85640.0547,87084.0469,85195.7422,85640.0547,235910
2011-02-24,85084.6719,88750.1953,84084.9766,86861.8906,372278
2011-02-25,87195.125,89305.5781,87195.125,89194.5,403328
2011-02-28,88861.2734,89749.8828,86972.9688,87972.6562,258486
2011-03-02,87417.2734,88194.8125,82307.7578,83640.6719,582225
2011-03-03,84196.0547,85195.7422,83529.5938,84307.1328,344374
2011-03-04,85195.7422,85306.8203,82863.1406,84862.5156,562533
2011-03-07,84307.1328,86306.5078,83862.8281,84529.2891,334826
2011-03-08,84640.3594,85417.8984,83973.9062,85417.8984,361488
2011-03-09,85862.2031,86972.9688,84084.9766,84529.2891,478170
2011-03-10,84751.4375,85640.0547,83973.9062,85417.8984,395012
2011-03-11,84084.9766,84862.5156,82418.8281,83196.3672,443007
2011-03-14,81974.5234,82085.6016,77975.7656,79308.6875,671918
2011-03-15,78753.3047,80419.4531,77087.1562,78197.9219,710732
2011-03-16,78309.0,79752.9922,78086.8438,79641.9141,294163
2011-03-17,78309.0,79197.6094,77642.5391,78864.3828,223940
2011-03-18,79308.6875,82863.1406,79086.5312,82752.0625,485652
2011-03-21,83196.3672,84862.5156,82529.9062,82974.2109,418794
2011-03-22,83529.5938,83751.75,82085.6016,83196.3672,240213
2011-03-23,83196.3672,86528.6641,81752.3672,86417.5859,485773
2011-03-24,86528.6641,86750.8203,84640.3594,85751.125,447217
2011-03-25,86306.5078,87639.4297,85306.8203,86195.4375,415064
2011-03-28,86306.5078,87084.0469,84196.0547,84418.2109,329025
2011-03-29,84529.2891,85417.8984,82640.9844,83640.6719,341619
2011-03-30,85195.7422,86861.8906,84196.0547,84973.5938,631293
2011-03-31,85306.8203,88639.1172,84973.5938,88639.1172,617440
2011-04-01,89083.4297,93304.3359,88083.7344,93304.3359,1754068
2011-04-04,94748.3359,97414.1719,92748.9531,94415.1016,790676
2011-04-05,94304.0234,94304.0234,91082.8047,92193.5703,741701
2011-04-06,91527.1094,91527.1094,88972.3516,89416.6562,816727
2011-04-07,89083.4297,91082.8047,88083.7344,90416.3438,568297
2011-04-08,90416.3438,93304.3359,90416.3438,93304.3359,544729
2011-04-11,92971.1094,93970.7969,90749.5781,91082.8047,411709
2011-04-12,89860.9609,90416.3438,88194.8125,88305.8906,471215
2011-04-13,87861.5859,91527.1094,87861.5859,91527.1094,326520
2011-04-14,90860.6484,91860.3438,89749.8828,91638.1875,297879
2011-04-15,92082.4922,93082.1797,90416.3438,91082.8047,275504
2011-04-18,91416.0312,91638.1875,89416.6562,90305.2656,344221
2011-04-19,89527.7344,92860.0312,89527.7344,91749.2656,510539
2011-04-20,92748.9531,95859.1016,92193.5703,95636.9453,876150
2011-04-21,96636.6328,96858.7891,94081.875,94415.1016,578300
2011-04-22,95748.0234,96858.7891,95636.9453,96081.25,535953
2011-04-25,96636.6328,97414.1719,95192.6406,96081.25,349277
2011-04-26,95859.1016,95859.1016,92860.0312,93415.4141,446007
2011-04-27,93859.7188,97525.25,93859.7188,97414.1719,676052
2011-04-28,98191.7031,99413.5469,94748.3359,95081.5625,587172
2011-04-29,95192.6406,97969.5547,94859.4062,97858.4766,625553
2011-05-02,97969.5547,99413.5469,97080.9375,98191.7031,383270
2011-05-03,98302.7812,98747.0859,96969.8672,97747.3984,193443
2011-05-04,98191.7031,98858.1641,95303.7188,95414.7891,366643
2011-05-06,95192.6406,95192.6406,90860.6484,92193.5703,371295
2011-05-09,92193.5703,93193.2578,91638.1875,91638.1875,199272
2011-05-11,92082.4922,95414.7891,91971.4141,94637.2578,271501
2011-05-12,93415.4141,94970.4844,92415.7266,92415.7266,306990
2011-05-13,93193.2578,95748.0234,92526.7969,95303.7188,373854
2011-05-16,94970.4844,95748.0234,93859.7188,93970.7969,206899
2011-05-17,93526.4922,95748.0234,93526.4922,94304.0234,236182
2011-05-18,94637.2578,95414.7891,92526.7969,92637.875,327258
2011-05-19,92304.6484,92526.7969,88194.8125,88528.0469,644735
2011-05-20,88972.3516,89749.8828,88528.0469,89527.7344,289197
2011-05-23,89194.5,89194.5,85417.8984,85528.9766,416359
2011-05-24,84529.2891,87306.2031,84418.2109,86528.6641,256420
2011-05-25,86750.8203,87417.2734,83751.75,84862.5156,236226
2011-05-26,86861.8906,87528.3516,84640.3594,87528.3516,326520
2011-05-27,87084.0469,89749.8828,86417.5859,89194.5,220917
2011-05-30,89416.6562,89860.9609,87972.6562,88750.1953,182924
2011-05-31,88305.8906,90416.3438,87528.3516,88861.2734,258427
2011-06-01,88305.8906,89749.8828,87750.5078,89416.6562,208349
2011-06-02,87306.2031,88083.7344,86306.5078,87639.4297,277122
2011-06-03,87750.5078,87861.5859,86750.8203,87195.125,166068
2011-06-07,87306.2031,88861.2734,85528.9766,86306.5078,276756
2011-06-08,86306.5078,90860.6484,86306.5078,90860.6484,621596
2011-06-09,89972.0391,92748.9531,88750.1953,92304.6484,581061
2011-06-10,92748.9531,92860.0312,89972.0391,90638.5,385958
2011-06-13,89972.0391,91304.9609,88972.3516,90749.5781,330469
2011-06-14,91082.8047,93415.4141,89749.8828,92748.9531,467933
2011-06-15,93415.4141,94970.4844,92637.875,94415.1016,597493
2011-06-16,93193.2578,97747.3984,93082.1797,96081.25,715586
2011-06-17,96969.8672,97414.1719,94970.4844,96636.6328,364678
2011-06-20,96636.6328,101968.3125,96192.3281,101301.8516,1113970
2011-06-21,101524.0078,102190.4609,98969.2422,101190.7734,442277
2011-06-22,101857.2344,103634.4609,99746.7812,101190.7734,685447
2011-06-23,100968.625,103301.2266,100524.3125,102634.7734,322175
2011-06-24,102745.8438,103301.2266,98969.2422,102634.7734,682629
2011-06-27,101857.2344,102968.0,100413.2344,102745.8438,258941
2011-06-28,102968.0,103301.2266,101079.6953,101079.6953,251503
2011-06-29,101301.8516,102523.6953,98969.2422,99857.8516,351142
2011-06-30,100302.1641,103967.6875,99302.4688,103190.1562,529555
2011-07-01,104189.8438,104411.9922,102856.9219,103412.3047,365758
2011-07-04,104189.8438,104523.0703,102634.7734,103856.6094,307718
2011-07-05,104189.8438,106189.2188,103301.2266,105855.9922,543227
2011-07-06,106078.1406,106522.4531,104189.8438,105967.0703,272339
2011-07-07,105633.8359,105967.0703,103634.4609,104523.0703,425075
2011-07-08,105411.6875,105411.6875,101857.2344,103190.1562,426403
2011-07-11,102523.6953,105189.5312,101746.1562,104300.9219,252758
2011-07-12,103190.1562,104078.7656,99191.3984,102301.5391,449275
2011-07-13,101635.0781,101968.3125,97414.1719,98191.7031,834007
2011-07-14,98302.7812,99302.4688,95859.1016,99302.4688,468059
2011-07-15,98413.8594,99968.9297,98191.7031,99746.7812,288355
2011-07-18,99413.5469,99746.7812,97192.0156,97969.5547,347249
2011-07-19,97414.1719,101635.0781,97414.1719,100746.4688,384838
2011-07-20,102079.3906,102634.7734,98969.2422,99635.7031,445111
2011-07-21,98080.6328,99080.3203,96192.3281,98636.0156,321665
2011-07-22,99080.3203,100746.4688,96969.8672,97414.1719,855685
2011-07-25,96525.5547,96525.5547,89749.8828,89749.8828,1960499
2011-07-26,90305.2656,90860.6484,89194.5,90416.3438,640424
2011-07-27,90416.3438,90638.5,89083.4297,89638.8125,358640
2011-07-28,86972.9688,88972.3516,85751.125,86639.7422,1026907
2011-07-29,87084.0469,87639.4297,85640.0547,85862.2031,576319
2011-08-01,86750.8203,88083.7344,86750.8203,87750.5078,451168
2011-08-02,87195.125,87306.2031,84529.2891,85306.8203,554916
2011-08-03,83640.6719,83973.9062,80752.6797,81974.5234,689971
2011-08-04,83307.4453,83307.4453,80863.7578,80974.8359,307601
2011-08-05,74976.6953,77531.4609,74976.6953,75198.8516,573180
2011-08-08,73532.7031,75087.7734,66201.6484,70644.7109,702859
2011-08-09,67756.7188,68201.0234,61869.6602,66534.875,958344
2011-08-10,69645.0234,70089.3281,65090.8828,65090.8828,922874
2011-08-11,61092.125,67312.4141,60758.8945,67201.3359,548639
2011-08-12,69089.6406,70311.4844,65535.1875,65535.1875,706642
2011-08-16,67534.5703,68312.1016,66868.1094,68201.0234,323845
2011-08-17,67756.7188,69756.1016,66534.875,69200.7188,440052
2011-08-18,69200.7188,69311.7891,64535.5,65868.4219,591575
2011-08-19,62647.1992,62869.3516,58426.2852,60425.6641,597669
2011-08-22,58870.5938,60314.5898,57093.3672,58315.2109,377621
2011-08-23,58537.3633,60758.8945,58426.2852,60536.7422,294546
2011-08-24,61314.2773,61647.5078,58537.3633,58759.5156,309255
2011-08-25,59648.1289,60869.9727,58093.0586,58093.0586,301028
2011-08-26,57759.8281,58093.0586,56760.1367,58093.0586,480301
2011-08-29,59425.9766,62091.8125,58537.3633,61425.3555,825212
2011-08-30,62536.1211,64313.3477,61092.125,64313.3477,825643
2011-08-31,63757.9648,64868.7305,62425.043,64868.7305,416371
2011-09-01,64979.8047,66645.9531,63202.582,63757.9648,516453
2011-09-02,63313.6562,64868.7305,62536.1211,62758.2734,267684
2011-09-05,61092.125,61647.5078,58204.1328,58426.2852,376139
2011-09-06,56649.0625,57426.5977,55649.3711,56315.832,476986
2011-09-07,57870.9023,60981.0469,57204.4453,60536.7422,374180
2011-09-08,60314.5898,63313.6562,59314.8984,62758.2734,552289
2011-09-09,61647.5078,62758.2734,59981.3594,60314.5898,254287
2011-09-14,59870.2812,60869.9727,57759.8281,57981.9805,206612
2011-09-15,59759.207,60203.5117,57093.3672,58759.5156,200488
2011-09-16,59981.3594,60981.0469,59537.0547,60425.6641,178194
2011-09-19,59759.207,60536.7422,59092.7461,59981.3594,179624
2011-09-20,59981.3594,65646.2656,59759.207,64646.5742,501913
2011-09-21,64646.5742,65424.1133,63313.6562,64868.7305,329578
2011-09-22,62758.2734,63091.5039,61536.4297,62536.1211,267744
2011-09-23,59759.207,60425.6641,57870.9023,57870.9023,355813
2011-09-26,58315.2109,58981.668,54316.4531,55316.1406,378054
2011-09-27,56982.293,57759.8281,56760.1367,57315.5195,227086
2011-09-28,57537.6758,60203.5117,57426.5977,57426.5977,292896
2011-09-29,56871.2148,61647.5078,56204.7539,60536.7422,426793
2011-09-30,59425.9766,62425.043,59203.8242,61092.125,464625
2011-10-04,57204.4453,59092.7461,55760.4492,58981.668,364431
2011-10-05,59314.8984,59981.3594,56093.6797,56093.6797,312306
2011-10-06,58648.4414,63757.9648,57870.9023,59425.9766,626801
2011-10-07,61314.2773,62647.1992,60536.7422,62202.8906,391484
2011-10-10,62980.4258,66090.5703,62869.3516,65201.957,540184
2011-10-11,67423.4922,67423.4922,64091.1914,64091.1914,496989
2011-10-12,63313.6562,65201.957,63202.582,64868.7305,266089
2011-10-13,66090.5703,66423.8047,64868.7305,65090.8828,272326
2011-10-14,64979.8047,66312.7266,63535.8086,66090.5703,254467
2011-10-17,66868.1094,67090.2578,65313.0352,66312.7266,227510
2011-10-18,64646.5742,65424.1133,64202.2695,64757.6523,171610
2011-10-19,65535.1875,65757.3438,63869.0391,64646.5742,174507
2011-10-20,63869.0391,67312.4141,62202.8906,62202.8906,616045
2011-10-21,63757.9648,65535.1875,62202.8906,65090.8828,280321
2011-10-24,66645.9531,70089.3281,64202.2695,68867.4844,840521
2011-10-25,68867.4844,71311.1719,67756.7188,69533.9453,542311
2011-10-26,68201.0234,69533.9453,66423.8047,67534.5703,666015
2011-10-27,68089.9531,68534.2578,66757.0312,67867.7969,393300
2011-10-28,69089.6406,70533.6328,67867.7969,68978.5625,567006
2011-10-31,68645.3359,69867.1719,66868.1094,66979.1875,294602
2011-11-01,65868.4219,67978.875,65757.3438,67201.3359,199977
2011-11-02,65201.957,66090.5703,64535.5,65979.4922,236856
2011-11-03,66645.9531,66868.1094,64202.2695,64202.2695,204550
2011-11-04,65868.4219,67534.5703,65313.0352,67312.4141,198266
2011-11-07,67201.3359,67867.7969,66423.8047,66868.1094,155016
2011-11-08,67201.3359,67867.7969,66645.9531,66979.1875,159891
2011-11-09,67756.7188,68201.0234,66312.7266,66757.0312,122815
2011-11-10,64313.3477,64868.7305,61758.5859,61758.5859,326048
2011-11-11,63202.582,64313.3477,62313.9688,63424.7344,180297
2011-11-14,64424.4219,64868.7305,63869.0391,64757.6523,204850
2011-11-15,63646.8867,64313.3477,62425.043,63424.7344,172448
2011-11-16,63535.8086,64091.1914,61869.6602,61869.6602,185345
2011-11-17,61869.6602,61980.7383,60425.6641,61980.7383,225856
2011-11-18,60536.7422,61092.125,59981.3594,60869.9727,158070
2011-11-21,60758.8945,61425.3555,60092.4375,60647.8203,114900
2011-11-22,60092.4375,61980.7383,59981.3594,61536.4297,115831
2011-11-23,61092.125,61203.2031,58426.2852,58426.2852,205487
2011-11-24,58315.2109,59092.7461,57426.5977,58870.5938,114768
2011-11-25,57870.9023,58870.5938,57093.3672,57426.5977,163513
2011-11-28,58093.0586,59870.2812,57981.9805,59537.0547,122677
2011-11-29,60203.5117,60869.9727,59648.1289,60647.8203,181183
2011-11-30,60536.7422,61092.125,59537.0547,60425.6641,152961
2011-12-01,62536.1211,62647.1992,61869.6602,62091.8125,273809
2011-12-02,62313.9688,63091.5039,61314.2773,62091.8125,177477
2011-12-05,62647.1992,62647.1992,60647.8203,61869.6602,192288
2011-12-06,61092.125,61425.3555,59537.0547,60092.4375,356533
2011-12-07,60314.5898,60536.7422,59759.207,60314.5898,279089
2011-12-08,59870.2812,61314.2773,58981.668,60203.5117,309944
2011-12-09,59092.7461,60758.8945,59092.7461,59203.8242,217452
2011-12-12,60092.4375,61314.2773,59759.207,60203.5117,347725
2011-12-13,59537.0547,61203.2031,58537.3633,60647.8203,344186
2011-12-14,60203.5117,61314.2773,58981.668,59870.2812,294198
2011-12-15,59203.8242,59203.8242,57537.6758,57648.75,312018
2011-12-16,58204.1328,58426.2852,57204.4453,58204.1328,208174
2011-12-19,57759.8281,66201.6484,56426.9102,58093.0586,2811652
2011-12-20,58759.5156,58981.668,56537.9844,56982.293,735520
2011-12-21,57981.9805,59203.8242,57648.75,57981.9805,613248
2011-12-22,57759.8281,60203.5117,57759.8281,59759.207,493952
2011-12-23,60203.5117,60869.9727,59537.0547,60092.4375,364575
2011-12-26,60536.7422,61647.5078,59870.2812,60092.4375,368284
2011-12-27,60203.5117,60425.6641,57648.75,59092.7461,294935
2011-12-28,58870.5938,59981.3594,58426.2852,59092.7461,215952
2011-12-29,58426.2852,59425.9766,58093.0586,59092.7461,188704
2012-01-02,59314.8984,60647.8203,59092.7461,60647.8203,279169
2012-01-03,61092.125,61536.4297,60758.8945,61425.3555,311407
2012-01-04,61869.6602,63869.0391,61647.5078,62647.1992,593151
2012-01-05,62758.2734,62869.3516,61092.125,61647.5078,344746
2012-01-06,62091.8125,62091.8125,59759.207,60758.8945,220812
2012-01-09,60536.7422,60647.8203,58981.668,59648.1289,206830
2012-01-10,59648.1289,60092.4375,59092.7461,59203.8242,358638
2012-01-11,59759.207,60092.4375,59092.7461,59425.9766,216992
2012-01-12,59314.8984,59981.3594,59092.7461,59870.2812,215259
2012-01-13,59870.2812,61203.2031,59537.0547,60647.8203,243171
2012-01-16,59981.3594,59981.3594,58759.5156,59537.0547,293207
2012-01-17,59870.2812,60425.6641,59425.9766,59759.207,285708
2012-01-18,59981.3594,61092.125,59648.1289,59870.2812,288147
2012-01-19,60536.7422,62091.8125,59981.3594,60425.6641,745957
2012-01-20,59870.2812,60314.5898,58093.0586,59425.9766,876395
2012-01-25,59648.1289,60203.5117,59092.7461,59425.9766,420824
2012-01-26,59648.1289,59759.207,58426.2852,58870.5938,547549
2012-01-27,58870.5938,59648.1289,58648.4414,59537.0547,439500
2012-01-30,59425.9766,61536.4297,59092.7461,59981.3594,759599
2012-01-31,60314.5898,63757.9648,60314.5898,62869.3516,1240923
2012-02-01,62202.8906,64202.2695,61869.6602,63424.7344,1056178
2012-02-02,64313.3477,65313.0352,63535.8086,64535.5,865830
2012-02-03,64646.5742,65868.4219,63535.8086,64424.4219,662313
2012-02-06,65090.8828,65201.957,61647.5078,61758.5859,873084
2012-02-07,61425.3555,63091.5039,61425.3555,62536.1211,456694
2012-02-08,63202.582,65646.2656,62869.3516,65090.8828,813472
2012-02-09,65313.0352,67090.2578,64535.5,67090.2578,880411
2012-02-10,66979.1875,68312.1016,65535.1875,66201.6484,676478
2012-02-13,65535.1875,67090.2578,65313.0352,66979.1875,483929
2012-02-14,67090.2578,67090.2578,65646.2656,65757.3438,389206
2012-02-15,65757.3438,66312.7266,64424.4219,65646.2656,440956
2012-02-16,65201.957,65313.0352,63646.8867,63980.1172,326055
2012-02-17,65201.957,66868.1094,64757.6523,65646.2656,466488
2012-02-20,66423.8047,67534.5703,66090.5703,66757.0312,455461
2012-02-21,66868.1094,67312.4141,65868.4219,66645.9531,446646
2012-02-22,67090.2578,67201.3359,65646.2656,65868.4219,312229
2012-02-23,65646.2656,68756.4062,64868.7305,68645.3359,925421
2012-02-24,69089.6406,70533.6328,68089.9531,70533.6328,982477
2012-02-27,70533.6328,70755.7891,68867.4844,70089.3281,548689
2012-02-28,70089.3281,71533.3281,69533.9453,71533.3281,495311
2012-02-29,71755.4766,72088.7109,70533.6328,71200.0938,573118
2012-03-02,71644.3984,74754.5469,71422.25,73310.5469,1078445
2012-03-05,73310.5469,73754.8594,71755.4766,71755.4766,387770
2012-03-06,71311.1719,74643.4688,70755.7891,74643.4688,942058
2012-03-07,73865.9297,75532.0781,73532.7031,73977.0078,693343
2012-03-08,74532.3906,77753.6172,73310.5469,75532.0781,1193064
2012-03-09,76753.9219,77420.3828,75643.1562,76198.5391,383466
2012-03-12,76753.9219,78086.8438,75087.7734,75976.3906,321001
2012-03-13,76531.7734,77087.1562,75198.8516,76309.6172,441832
2012-03-14,77531.4609,77642.5391,74976.6953,76420.6953,576973
2012-03-15,76087.4609,78864.3828,75309.9297,78864.3828,682765
2012-03-16,79419.7656,79864.0703,78531.1484,79197.6094,426456
2012-03-19,79864.0703,79864.0703,77975.7656,78753.3047,291691
2012-03-20,78531.1484,78642.2266,75643.1562,75976.3906,716845
2012-03-21,75532.0781,78642.2266,75309.9297,77531.4609,657996
2012-03-22,78197.9219,79641.9141,78086.8438,79419.7656,357564
2012-03-23,79308.6875,79864.0703,77420.3828,78975.4531,372027
2012-03-26,79975.1484,81419.1406,77753.6172,79530.8359,608818
2012-03-27,80308.375,80419.4531,78420.0703,79086.5312,282408
2012-03-28,79197.6094,79197.6094,75421.0078,75421.0078,569914
2012-03-29,74865.625,76753.9219,74643.4688,75976.3906,338631
2012-03-30,75643.1562,76753.9219,75087.7734,75532.0781,195818
2012-04-02,75421.0078,75754.2344,72866.2422,73088.3984,634291
2012-04-03,73643.7812,74310.2422,71311.1719,72199.7812,606986
2012-04-04,72755.1641,74199.1641,71422.25,72199.7812,379548
2012-04-05,72533.0156,74421.3125,72533.0156,73532.7031,363012
2012-04-06,73421.625,75309.9297,72310.8594,73977.0078,284867
2012-04-09,74976.6953,75087.7734,72533.0156,73310.5469,314369
2012-04-10,72755.1641,73865.9297,70311.4844,71200.0938,333787
2012-04-12,70977.9453,71200.0938,68867.4844,70533.6328,370131
2012-04-13,71089.0156,71755.4766,70644.7109,71755.4766,239685
2012-04-16,71089.0156,71089.0156,69422.8672,69978.25,411192
2012-04-17,70422.5625,71200.0938,69978.25,70644.7109,196624
2012-04-18,71422.25,72533.0156,71311.1719,72088.7109,280414
2012-04-19,71755.4766,72866.2422,70644.7109,71533.3281,273107
2012-04-20,71200.0938,72199.7812,70977.9453,72088.7109,234349
2012-04-23,72533.0156,73310.5469,71200.0938,72644.0938,316111
2012-04-24,72310.8594,74643.4688,72310.8594,74199.1641,568810
2012-04-25,74754.5469,75309.9297,74199.1641,74421.3125,349405
2012-04-26,74865.625,75421.0078,73532.7031,74976.6953,347417
2012-04-27,75198.8516,77198.2344,74643.4688,76642.8516,361555
2012-04-30,76642.8516,77531.4609,76087.4609,76865.0,386802
2012-05-02,77309.3047,77531.4609,75865.3125,76753.9219,262779
2012-05-03,76420.6953,76865.0,74976.6953,76753.9219,370980
2012-05-04,76865.0,78086.8438,75976.3906,77531.4609,326707
2012-05-07,76642.8516,77087.1562,75976.3906,76420.6953,187600
2012-05-08,77309.3047,80197.2969,77087.1562,79641.9141,648466
2012-05-09,79308.6875,80863.7578,79197.6094,79975.1484,548105
2012-05-10,80197.2969,82752.0625,79530.8359,82196.6797,770944
2012-05-11,82418.8281,82640.9844,79975.1484,80974.8359,433636
2012-05-14,80419.4531,81641.2969,79308.6875,80641.6016,363226
2012-05-15,79641.9141,82085.6016,78642.2266,81863.4453,559330
2012-05-16,81863.4453,82529.9062,77087.1562,77420.3828,560082
2012-05-17,78086.8438,79308.6875,76309.6172,79197.6094,529972
2012-05-18,77420.3828,78531.1484,74865.625,75198.8516,392151
2012-05-21,76087.4609,78531.1484,75754.2344,77864.6875,370082
2012-05-22,79419.7656,80419.4531,78531.1484,79864.0703,367558
2012-05-23,79086.5312,81530.2188,78642.2266,80641.6016,386410
2012-05-24,80974.8359,81419.1406,79975.1484,80641.6016,218972
2012-05-25,81641.2969,83196.3672,81196.9844,82752.0625,520031
2012-05-29,82863.1406,83196.3672,81752.3672,82752.0625,311458
2012-05-30,82752.0625,82863.1406,80419.4531,82752.0625,356997
2012-05-31,81641.2969,82752.0625,80752.6797,82752.0625,229602
2012-06-01,82529.9062,84307.1328,81752.3672,83529.5938,332713
2012-06-04,80863.7578,82529.9062,80752.6797,81863.4453,545821
2012-06-05,82974.2109,85528.9766,82529.9062,85417.8984,610731
2012-06-07,86861.8906,86972.9688,84529.2891,84529.2891,494650
2012-06-08,84751.4375,86528.6641,84196.0547,85973.2812,268737
2012-06-11,86639.7422,86861.8906,85640.0547,86306.5078,258775
2012-06-12,85528.9766,87417.2734,85306.8203,86861.8906,289199
2012-06-13,87528.3516,87639.4297,86639.7422,87195.125,224721
2012-06-14,87195.125,88750.1953,87084.0469,88750.1953,430239
2012-06-15,88639.1172,88750.1953,87084.0469,88083.7344,313589
2012-06-18,88972.3516,89860.9609,86528.6641,87084.0469,476553
2012-06-19,86639.7422,87195.125,84973.5938,86306.5078,446083
2012-06-20,86639.7422,87084.0469,85084.6719,86195.4375,402186
2012-06-21,85862.2031,86972.9688,85195.7422,85751.125,244980
2012-06-22,85195.7422,86306.5078,84973.5938,85417.8984,274996
2012-06-25,85640.0547,85973.2812,82307.7578,83418.5234,395066
2012-06-26,82640.9844,83529.5938,81752.3672,82529.9062,365738
2012-06-27,83085.2891,85751.125,82640.9844,85640.0547,498015
2012-06-28,85973.2812,86528.6641,83307.4453,83529.5938,390592
2012-06-29,82752.0625,85640.0547,82529.9062,85640.0547,344486
2012-07-02,86306.5078,86528.6641,84751.4375,84862.5156,295801
2012-07-03,85084.6719,85640.0547,83085.2891,84529.2891,297122
2012-07-04,84084.9766,84529.2891,82863.1406,83640.6719,481637
2012-07-05,83751.75,84307.1328,83529.5938,83973.9062,244772
2012-07-06,84529.2891,84751.4375,82196.6797,82418.8281,254995
2012-07-09,81641.2969,83640.6719,81085.9141,81641.2969,297230
2012-07-10,82085.6016,83418.5234,81863.4453,82640.9844,272036
2012-07-11,82196.6797,83085.2891,81419.1406,82752.0625,182940
2012-07-12,82752.0625,82974.2109,80752.6797,80752.6797,258717
2012-07-13,81085.9141,81419.1406,77531.4609,80863.7578,420757
2012-07-16,81085.9141,81974.5234,80086.2188,81419.1406,238436
2012-07-17,80641.6016,80752.6797,78642.2266,79086.5312,497817
2012-07-18,79308.6875,79975.1484,77864.6875,77975.7656,298940
2012-07-19,79308.6875,81085.9141,78531.1484,80863.7578,303405
2012-07-20,80530.5312,81530.2188,80086.2188,80530.5312,165258
2012-07-23,79641.9141,79752.9922,77198.2344,77864.6875,279346
2012-07-24,77309.3047,79086.5312,77309.3047,78086.8438,256581
2012-07-25,77753.6172,80419.4531,76642.8516,79641.9141,417856
2012-07-26,80086.2188,80863.7578,78420.0703,79419.7656,277553
2012-07-27,80752.6797,81085.9141,79641.9141,80419.4531,220257
2012-07-30,80974.8359,81196.9844,79197.6094,79864.0703,292833
2012-07-31,80086.2188,81530.2188,78642.2266,81085.9141,483336
2012-08-01,80974.8359,81419.1406,80086.2188,81085.9141,232147
2012-08-02,80863.7578,82418.8281,79975.1484,80308.375,276822
2012-08-03,79308.6875,80863.7578,78642.2266,79308.6875,179452
2012-08-06,80752.6797,81974.5234,80419.4531,81419.1406,335339
2012-08-07,81308.0625,83307.4453,81085.9141,83196.3672,384847
2012-08-08,83085.2891,84084.9766,81863.4453,82529.9062,391480
2012-08-09,82196.6797,83640.6719,81974.5234,83085.2891,381767
2012-08-10,82752.0625,83085.2891,81419.1406,82307.7578,280841
2012-08-13,82307.7578,82974.2109,81419.1406,81863.4453,162362
2012-08-14,81863.4453,84973.5938,81863.4453,84973.5938,487667
2012-08-16,85306.8203,86306.5078,83640.6719,84640.3594,464643
2012-08-17,84751.4375,84751.4375,82196.6797,82196.6797,605061
2012-08-20,81752.3672,81974.5234,79864.0703,79864.0703,859551
2012-08-21,80419.4531,81752.3672,80308.375,80530.5312,357122
2012-08-22,80308.375,80974.8359,80086.2188,80863.7578,266507
2012-08-23,80752.6797,81641.2969,80419.4531,81196.9844,189195
2012-08-24,80197.2969,81308.0625,80086.2188,80530.5312,184815
2012-08-27,78864.3828,80086.2188,78309.0,78864.3828,452445
2012-08-28,79308.6875,80530.5312,78975.4531,79197.6094,175631
2012-08-29,79530.8359,80752.6797,79308.6875,80197.2969,291648
2012-08-30,79864.0703,80197.2969,78309.0,78420.0703,270341
2012-08-31,78309.0,79864.0703,77975.7656,79086.5312,194543
2012-09-03,79530.8359,79641.9141,78086.8438,78531.1484,205082
2012-09-04,78531.1484,80752.6797,78531.1484,80752.6797,238006
2012-09-05,80197.2969,80752.6797,78086.8438,78309.0,286763
2012-09-06,78531.1484,78753.3047,76753.9219,77864.6875,425061
2012-09-07,79086.5312,79641.9141,77420.3828,77642.5391,594984
2012-09-10,77753.6172,77864.6875,74976.6953,74976.6953,1003434
2012-09-11,75421.0078,76087.4609,74976.6953,75309.9297,442807
2012-09-12,75087.7734,75643.1562,74532.3906,74976.6953,526199
2012-09-13,74976.6953,75198.8516,73199.4766,73310.5469,735751
2012-09-14,75198.8516,75976.3906,74310.2422,75976.3906,713246
2012-09-17,75976.3906,75976.3906,74199.1641,74976.6953,499736
2012-09-18,74976.6953,76198.5391,74865.625,75532.0781,319881
2012-09-19,75532.0781,76198.5391,74643.4688,75754.2344,319665
2012-09-20,75865.3125,76309.6172,73977.0078,74088.0859,413865
2012-09-21,74088.0859,74754.5469,73643.7812,73865.9297,258008
2012-09-24,73865.9297,74199.1641,72866.2422,73310.5469,249764
2012-09-25,72866.2422,73199.4766,72199.7812,72421.9375,233774
2012-09-26,72310.8594,72421.9375,71200.0938,71311.1719,326120
2012-09-27,70755.7891,71977.6328,70422.5625,71755.4766,221228
2012-09-28,72199.7812,73310.5469,71089.0156,71422.25,318063
2012-10-02,71200.0938,72199.7812,71200.0938,71311.1719,121434
2012-10-04,71755.4766,72088.7109,70089.3281,70200.4062,285084
2012-10-05,70644.7109,71755.4766,70311.4844,70533.6328,266910
2012-10-08,70755.7891,71200.0938,68978.5625,69200.7188,345490
2012-10-09,68867.4844,69756.1016,68867.4844,69533.9453,194066
2012-10-10,69200.7188,69200.7188,67645.6406,67645.6406,288139
2012-10-11,67312.4141,68534.2578,66868.1094,67201.3359,263697
2012-10-12,67534.5703,68423.1797,67201.3359,67867.7969,140723
2012-10-15,67645.6406,68867.4844,66868.1094,67756.7188,186113
2012-10-16,68201.0234,68645.3359,67978.875,68201.0234,185596
2012-10-17,68423.1797,68756.4062,67645.6406,68089.9531,248051
2012-10-18,68201.0234,69867.1719,68201.0234,69089.6406,231133
2012-10-19,69645.0234,69645.0234,68089.9531,68312.1016,192932
2012-10-22,67201.3359,68423.1797,66979.1875,68423.1797,178915
2012-10-23,67534.5703,67645.6406,64868.7305,64868.7305,632046
2012-10-24,63869.0391,64091.1914,62425.043,63202.582,501013
2012-10-25,63091.5039,63424.7344,61758.5859,63202.582,431723
2012-10-26,63091.5039,63757.9648,62536.1211,62758.2734,232611
2012-10-29,62758.2734,64868.7305,62758.2734,63424.7344,230959
2012-10-30,63757.9648,64868.7305,62980.4258,63313.6562,285219
2012-10-31,63869.0391,64202.2695,63202.582,63424.7344,220907
2012-11-01,63424.7344,63424.7344,61425.3555,61980.7383,248478
2012-11-02,62647.1992,62980.4258,61758.5859,61869.6602,200590
2012-11-05,61314.2773,62869.3516,61092.125,62758.2734,180782
2012-11-06,62980.4258,64535.5,62869.3516,64535.5,224132
2012-11-07,65090.8828,66645.9531,64646.5742,66201.6484,299787
2012-11-08,65313.0352,66201.6484,65090.8828,65757.3438,236259
2012-11-09,65313.0352,66868.1094,64868.7305,65979.4922,266368
2012-11-12,66423.8047,66423.8047,64757.6523,64757.6523,160107
2012-11-13,65313.0352,65313.0352,63424.7344,64424.4219,170465
2012-11-14,64091.1914,64313.3477,62202.8906,62647.1992,314617
2012-11-15,61869.6602,62869.3516,61203.2031,62091.8125,234784
2012-11-16,61758.5859,62536.1211,61092.125,61203.2031,206875
2012-11-19,61647.5078,63757.9648,61536.4297,63757.9648,171785
2012-11-20,64424.4219,64757.6523,63869.0391,63869.0391,138553
2012-11-21,63646.8867,66312.7266,63646.8867,63869.0391,392277
2012-11-22,64868.7305,65757.3438,64091.1914,64313.3477,288965
2012-11-23,63646.8867,63757.9648,61758.5859,62536.1211,448616
2012-11-26,62647.1992,63424.7344,62202.8906,63091.5039,168115
2012-11-27,63091.5039,64757.6523,63091.5039,64424.4219,263284
2012-11-28,63869.0391,64313.3477,63313.6562,63646.8867,174784
2012-11-29,62536.1211,64646.5742,62425.043,64424.4219,278208
2012-11-30,64091.1914,64424.4219,63535.8086,64424.4219,238594
2012-12-03,64757.6523,65979.4922,64646.5742,65535.1875,315991
2012-12-04,65313.0352,65757.3438,65090.8828,65535.1875,145690
2012-12-05,65424.1133,65424.1133,63757.9648,64424.4219,336480
2012-12-06,64091.1914,64868.7305,63646.8867,64535.5,166075
2012-12-07,64757.6523,65424.1133,64091.1914,64313.3477,230211
2012-12-10,64313.3477,65868.4219,64313.3477,65313.0352,239160
2012-12-11,65424.1133,65868.4219,65090.8828,65757.3438,216952
2012-12-12,65979.4922,66090.5703,64424.4219,64868.7305,310110
2012-12-13,64646.5742,66201.6484,64646.5742,66201.6484,338994
2012-12-14,66201.6484,68089.9531,66090.5703,67201.3359,475315
2012-12-17,67090.2578,67645.6406,66423.8047,66757.0312,219929
2012-12-18,67201.3359,67867.7969,67090.2578,67645.6406,225183
2012-12-20,67978.875,68089.9531,66201.6484,67090.2578,297558
2012-12-21,66868.1094,67423.4922,66201.6484,67423.4922,229170
2012-12-24,67534.5703,67645.6406,66534.875,66757.0312,158210
2012-12-26,66312.7266,66979.1875,66090.5703,66423.8047,205102
2012-12-27,66312.7266,66979.1875,65979.4922,66645.9531,136224
2012-12-28,66645.9531,66645.9531,65868.4219,66312.7266,162550
2013-01-02,66757.0312,67645.6406,66201.6484,67645.6406,292480
2013-01-03,67978.875,68201.0234,64757.6523,65535.1875,546172
2013-01-04,64979.8047,65090.8828,63091.5039,64646.5742,400466
2013-01-07,64313.3477,64424.4219,63646.8867,63980.1172,232365
2013-01-08,63757.9648,65313.0352,63646.8867,63869.0391,183670
2013-01-09,63869.0391,64313.3477,62980.4258,63202.582,190810
2013-01-10,63202.582,63424.7344,62313.9688,62869.3516,303810
2013-01-11,63313.6562,63757.9648,62202.8906,62980.4258,248489
2013-01-14,62647.1992,62980.4258,62202.8906,62425.043,149362
2013-01-15,62313.9688,62980.4258,61536.4297,61647.5078,200150
2013-01-16,61536.4297,62202.8906,61092.125,61314.2773,221210
2013-01-17,61647.5078,62091.8125,61203.2031,62091.8125,216985
2013-01-18,62091.8125,62313.9688,61536.4297,61980.7383,145411
2013-01-21,61758.5859,63646.8867,61647.5078,63535.8086,264554
2013-01-22,63757.9648,63869.0391,62980.4258,63535.8086,157887
2013-01-23,63646.8867,64091.1914,63313.6562,63313.6562,135013
2013-01-24,63202.582,63869.0391,62202.8906,63091.5039,217108
2013-01-25,63091.5039,63535.8086,62647.1992,63091.5039,210391
2013-01-28,63424.7344,64646.5742,62869.3516,64424.4219,247186
2013-01-29,64202.2695,65090.8828,63869.0391,64646.5742,205116
2013-01-30,64646.5742,65979.4922,64202.2695,65757.3438,317867
2013-01-31,64979.8047,64979.8047,63535.8086,63980.1172,316019
2013-02-01,63646.8867,65757.3438,63202.582,65313.0352,368621
2013-02-04,65757.3438,66423.8047,65424.1133,65646.2656,346228
2013-02-05,65424.1133,66757.0312,65090.8828,66090.5703,433122
2013-02-06,66201.6484,66757.0312,65646.2656,66090.5703,231164
2013-02-07,65868.4219,66757.0312,65868.4219,66423.8047,230052
2013-02-08,66423.8047,67312.4141,66090.5703,66868.1094,239733
2013-02-12,66645.9531,66645.9531,65201.957,65868.4219,199974
2013-02-13,65646.2656,66645.9531,65313.0352,66645.9531,181602
2013-02-14,66757.0312,66757.0312,65757.3438,66423.8047,146135
2013-02-15,66423.8047,66423.8047,65757.3438,65868.4219,127154
2013-02-18,65979.4922,66312.7266,65313.0352,65868.4219,147049
2013-02-19,65646.2656,66423.8047,65646.2656,65757.3438,85621
2013-02-20,66201.6484,66201.6484,65757.3438,65979.4922,285141
2013-02-21,65757.3438,65979.4922,63869.0391,64091.1914,451975
2013-02-22,64091.1914,68312.1016,63980.1172,68089.9531,804483
2013-02-25,68978.5625,70533.6328,68534.2578,70533.6328,863505
2013-02-26,70089.3281,70311.4844,69422.8672,69756.1016,328218
2013-02-27,69978.25,71533.3281,69756.1016,70755.7891,557553
2013-02-28,71422.25,72977.3203,71089.0156,72421.9375,637974
2013-03-04,72088.7109,73643.7812,71644.3984,72421.9375,286114
2013-03-05,72310.8594,73199.4766,71755.4766,71866.5547,237656
2013-03-06,72755.1641,73088.3984,72310.8594,72866.2422,188088
2013-03-07,72755.1641,72866.2422,70866.8672,72644.0938,230260
2013-03-08,73088.3984,73088.3984,71866.5547,72644.0938,132166
2013-03-11,72421.9375,73199.4766,71089.0156,71089.0156,243928
2013-03-12,71311.1719,73310.5469,71311.1719,72199.7812,225049
2013-03-13,72088.7109,72644.0938,70533.6328,71200.0938,300375
2013-03-14,71200.0938,71755.4766,69978.25,70755.7891,314737
2013-03-15,71200.0938,71533.3281,70200.4062,70200.4062,253303
2013-03-18,70089.3281,70755.7891,69089.6406,69978.25,183802
2013-03-19,70422.5625,72421.9375,70422.5625,71977.6328,219403
2013-03-20,72533.0156,72644.0938,70977.9453,71644.3984,249317
2013-03-21,71866.5547,72421.9375,71200.0938,71755.4766,133824
2013-03-22,71311.1719,72088.7109,70644.7109,70755.7891,159977
2013-03-25,71422.25,71866.5547,70866.8672,71533.3281,120203
2013-03-26,71644.3984,72199.7812,70644.7109,70866.8672,184991
2013-03-27,71422.25,71755.4766,70755.7891,70755.7891,148456
2013-03-28,71422.25,72977.3203,71089.0156,72977.3203,338566
2013-03-29,73310.5469,73977.0078,72866.2422,73088.3984,156963
2013-04-01,73088.3984,73199.4766,72199.7812,72644.0938,105284
2013-04-02,72755.1641,73421.625,71311.1719,71755.4766,198284
2013-04-03,71755.4766,73199.4766,71200.0938,72644.0938,154171
2013-04-04,72310.8594,72644.0938,70977.9453,71977.6328,204973
2013-04-05,72644.0938,72644.0938,69756.1016,71200.0938,261848
2013-04-08,71200.0938,71644.3984,70200.4062,71422.25,129623
2013-04-09,71089.0156,71977.6328,70644.7109,71089.0156,158348
2013-04-10,70866.8672,71200.0938,70089.3281,70866.8672,174485
2013-04-11,71755.4766,73199.4766,70977.9453,73088.3984,295871
2013-04-12,73310.5469,74199.1641,72088.7109,72199.7812,204406
2013-04-15,72088.7109,72644.0938,71089.0156,72088.7109,145301
2013-04-16,71422.25,73532.7031,71089.0156,72866.2422,328286
2013-04-17,73310.5469,73977.0078,72199.7812,73088.3984,202475
2013-04-18,72421.9375,72866.2422,71422.25,71422.25,139607
2013-04-19,71422.25,73643.7812,70644.7109,73421.625,249341
2013-04-22,73865.9297,75532.0781,73088.3984,75421.0078,410194
2013-04-23,75754.2344,75865.3125,74643.4688,75532.0781,240850
2013-04-24,75643.1562,76976.0781,75532.0781,76420.6953,307116
2013-04-25,76753.9219,77087.1562,75865.3125,76309.6172,170702
2013-04-26,76531.7734,76865.0,75087.7734,75643.1562,186846
2013-04-29,75421.0078,75865.3125,74421.3125,75643.1562,161707
2013-04-30,76198.5391,76642.8516,75198.8516,76087.4609,193245
2013-05-02,76309.6172,76531.7734,74754.5469,75087.7734,154216
2013-05-03,75309.9297,75532.0781,74310.2422,74754.5469,160156
2013-05-06,74754.5469,76420.6953,74643.4688,75087.7734,121589
2013-05-07,75532.0781,75865.3125,75087.7734,75754.2344,93391
2013-05-08,75754.2344,75976.3906,74643.4688,74976.6953,117242
2013-05-09,75309.9297,75532.0781,74421.3125,75087.7734,142657
2013-05-10,75421.0078,75421.0078,73643.7812,73643.7812,127980
2013-05-13,73088.3984,74088.0859,72755.1641,73643.7812,68053
2013-05-14,73643.7812,74532.3906,73643.7812,73977.0078,137368
2013-05-15,74310.2422,74865.625,73088.3984,73865.9297,155302
2013-05-16,73977.0078,75309.9297,73643.7812,74865.625,141866
2013-05-20,74976.6953,75532.0781,73310.5469,73421.625,178219
2013-05-21,73421.625,75976.3906,73421.625,75643.1562,310486
2013-05-22,75976.3906,76198.5391,74976.6953,75087.7734,161014
2013-05-23,75198.8516,75976.3906,74532.3906,75532.0781,225270
2013-05-24,75643.1562,76087.4609,74421.3125,74976.6953,135808
2013-05-27,74976.6953,75532.0781,74532.3906,75198.8516,99417
2013-05-28,75421.0078,75643.1562,74199.1641,74532.3906,164867
2013-05-29,74754.5469,75532.0781,74532.3906,74865.625,158404
2013-05-30,75309.9297,75865.3125,74421.3125,74421.3125,153876
2013-05-31,74532.3906,75309.9297,73754.8594,75309.9297,178966
2013-06-03,74976.6953,76198.5391,74643.4688,75309.9297,208217
2013-06-04,76198.5391,76420.6953,75087.7734,75421.0078,154253
2013-06-05,75421.0078,75421.0078,74088.0859,74421.3125,139665
2013-06-07,74643.4688,75198.8516,72421.9375,72755.1641,203038
2013-06-10,72533.0156,73088.3984,71311.1719,72755.1641,113962
2013-06-11,71755.4766,72533.0156,70866.8672,71866.5547,168530
2013-06-12,71755.4766,71755.4766,70755.7891,71533.3281,82958
2013-06-13,71089.0156,72199.7812,70755.7891,70755.7891,185939
2013-06-14,70866.8672,72088.7109,70866.8672,71977.6328,89874
2013-06-17,71311.1719,72199.7812,70311.4844,70422.5625,93098
2013-06-18,70533.6328,70866.8672,68978.5625,70755.7891,142526
2013-06-19,70866.8672,71089.0156,70200.4062,70977.9453,92615
2013-06-20,69422.8672,70311.4844,68089.9531,68756.4062,255448
2013-06-21,66868.1094,70644.7109,65646.2656,70311.4844,351296
2013-06-24,69756.1016,69978.25,67756.7188,68312.1016,214430
2013-06-25,68312.1016,68756.4062,66645.9531,67534.5703,219875
2013-06-26,68312.1016,69200.7188,67423.4922,68534.2578,144071
2013-06-27,69422.8672,70755.7891,69200.7188,70422.5625,208836
2013-06-28,70200.4062,72421.9375,70200.4062,72421.9375,219613
2013-07-01,71422.25,72088.7109,70644.7109,71200.0938,117779
2013-07-02,71311.1719,72866.2422,71200.0938,72310.8594,212618
2013-07-03,72866.2422,73754.8594,71755.4766,72088.7109,226174
2013-07-04,72421.9375,72755.1641,71644.3984,72644.0938,128562
2013-07-05,73643.7812,73977.0078,70866.8672,70977.9453,152362
2013-07-08,71200.0938,72199.7812,70533.6328,71644.3984,206813
2013-07-09,72421.9375,72644.0938,71644.3984,71866.5547,137203
2013-07-10,72533.0156,73310.5469,71644.3984,73199.4766,206413
2013-07-11,73754.8594,74754.5469,73532.7031,74532.3906,262572
2013-07-12,74976.6953,75754.2344,74088.0859,75532.0781,243383
2013-07-15,75643.1562,76753.9219,74865.625,76753.9219,320330
2013-07-16,76642.8516,76642.8516,75421.0078,76531.7734,183314
2013-07-17,76531.7734,77309.3047,75865.3125,76976.0781,194666
2013-07-18,76198.5391,76420.6953,75421.0078,75643.1562,175116
2013-07-19,75643.1562,75643.1562,73865.9297,75087.7734,225677
2013-07-22,75421.0078,76309.6172,74865.625,76087.4609,278728
2013-07-23,75976.3906,76198.5391,74532.3906,74865.625,246929
2013-07-24,75309.9297,76642.8516,74865.625,76309.6172,229485
2013-07-25,76309.6172,77420.3828,76309.6172,76976.0781,185125
2013-07-26,76976.0781,77087.1562,75865.3125,75976.3906,133931
2013-07-29,76531.7734,76531.7734,74754.5469,75421.0078,120903
2013-07-30,75754.2344,77420.3828,75087.7734,76976.0781,305871
2013-07-31,77753.6172,78531.1484,76753.9219,78197.9219,521476
2013-08-01,78086.8438,78753.3047,77531.4609,78309.0,210858
2013-08-02,78642.2266,78864.3828,76531.7734,76642.8516,208069
2013-08-05,76976.0781,77753.6172,76198.5391,77753.6172,127853
2013-08-06,78197.9219,78309.0,76087.4609,76309.6172,202601
2013-08-07,76087.4609,76753.9219,75421.0078,75421.0078,189835
2013-08-08,75532.0781,75976.3906,74754.5469,75421.0078,107506
2013-08-09,75198.8516,75309.9297,74421.3125,74754.5469,115727
2013-08-12,74532.3906,75754.2344,74532.3906,74643.4688,102952
2013-08-13,74865.625,75421.0078,73977.0078,75421.0078,134210
2013-08-14,75198.8516,75643.1562,74643.4688,75309.9297,164183
2013-08-16,74532.3906,75309.9297,73865.9297,75309.9297,121885
2013-08-19,75087.7734,75309.9297,74421.3125,75198.8516,72549
2013-08-20,74643.4688,75087.7734,73310.5469,73532.7031,256095
2013-08-21,73865.9297,74088.0859,71422.25,72977.3203,284097
2013-08-22,72199.7812,72977.3203,71422.25,72421.9375,143830
2013-08-23,72533.0156,73977.0078,72199.7812,73310.5469,154894
2013-08-26,73643.7812,74754.5469,72977.3203,74199.1641,129075
2013-08-27,73865.9297,73977.0078,73199.4766,73310.5469,156282
2013-08-28,72421.9375,73865.9297,72310.8594,73865.9297,148875
2013-08-29,73865.9297,74421.3125,73199.4766,73977.0078,227030
2013-08-30,74643.4688,74643.4688,73310.5469,73754.8594,192227
2013-09-02,73643.7812,74199.1641,72644.0938,74199.1641,238098
2013-09-03,74421.3125,76087.4609,74421.3125,75643.1562,310691
2013-09-04,75643.1562,76753.9219,75198.8516,76420.6953,261312
2013-09-05,76642.8516,76642.8516,74310.2422,74643.4688,413681
2013-09-06,74532.3906,74865.625,73977.0078,74088.0859,199448
2013-09-09,74421.3125,74754.5469,73643.7812,73977.0078,188754
2013-09-10,74310.2422,75532.0781,74199.1641,75198.8516,255565
2013-09-11,75643.1562,75754.2344,73643.7812,74310.2422,366382
2013-09-12,74532.3906,74643.4688,72977.3203,73088.3984,313998
2013-09-13,73088.3984,73977.0078,72421.9375,72533.0156,177975
2013-09-16,72533.0156,73532.7031,71755.4766,72088.7109,192449
2013-09-17,71866.5547,72644.0938,71644.3984,71644.3984,187205
2013-09-23,72866.2422,72977.3203,71755.4766,72310.8594,213111
2013-09-24,72199.7812,72199.7812,70644.7109,71089.0156,257063
2013-09-25,70755.7891,70977.9453,68978.5625,69867.1719,413859
2013-09-26,69645.0234,70200.4062,69200.7188,69422.8672,206938
2013-09-27,69422.8672,70533.6328,69089.6406,69422.8672,327233
2013-09-30,69533.9453,69533.9453,67756.7188,67756.7188,309903
2013-10-01,67867.7969,69311.7891,67534.5703,68201.0234,266667
2013-10-02,68645.3359,68645.3359,66979.1875,67201.3359,403893
2013-10-04,67201.3359,67756.7188,66534.875,67645.6406,245182
2013-10-07,67201.3359,67978.875,66423.8047,66645.9531,181276
2013-10-08,66090.5703,66757.0312,65979.4922,66645.9531,152643
2013-10-10,66757.0312,68201.0234,66645.9531,67090.2578,282859
2013-10-11,67756.7188,67867.7969,66645.9531,66757.0312,291976
2013-10-14,66757.0312,67090.2578,65868.4219,66201.6484,219146
2013-10-15,66534.875,67423.4922,66201.6484,66645.9531,176925
2013-10-16,66757.0312,67534.5703,66534.875,66645.9531,222767
2013-10-17,67201.3359,67312.4141,65868.4219,65979.4922,202020
2013-10-18,65868.4219,66979.1875,65535.1875,66534.875,173032
2013-10-21,66534.875,67201.3359,66423.8047,66757.0312,100489
2013-10-22,66757.0312,67645.6406,66757.0312,67423.4922,162096
2013-10-23,67423.4922,68312.1016,66757.0312,67423.4922,229529
2013-10-24,67312.4141,67645.6406,66423.8047,66979.1875,187291
2013-10-25,66979.1875,67090.2578,66201.6484,66534.875,133144
2013-10-28,66534.875,67201.3359,65868.4219,66757.0312,128758
2013-10-29,66645.9531,67534.5703,66201.6484,66312.7266,207335
2013-10-30,66757.0312,66868.1094,64979.8047,65313.0352,430066
2013-10-31,65424.1133,65535.1875,64091.1914,64313.3477,315339
2013-11-01,64091.1914,64646.5742,63202.582,63535.8086,288130
2013-11-04,63313.6562,63980.1172,62980.4258,63424.7344,188821
2013-11-05,63535.8086,63980.1172,62758.2734,62980.4258,167400
2013-11-06,62647.1992,62980.4258,62091.8125,62536.1211,261180
2013-11-07,62313.9688,62869.3516,61980.7383,62091.8125,140250
2013-11-08,61647.5078,62091.8125,61092.125,61647.5078,222324
2013-11-11,61647.5078,61980.7383,61092.125,61425.3555,127941
2013-11-12,61425.3555,62313.9688,61203.2031,61203.2031,167318
2013-11-13,61092.125,61647.5078,60425.6641,60647.8203,211468
2013-11-14,60647.8203,61647.5078,60536.7422,61092.125,173147
2013-11-15,61314.2773,61536.4297,60869.9727,60869.9727,206156
2013-11-18,60981.0469,61758.5859,59759.207,60314.5898,244722
2013-11-19,60092.4375,60758.8945,59870.2812,60536.7422,243209
2013-11-20,60314.5898,60536.7422,59870.2812,60203.5117,167314
2013-11-21,60203.5117,60536.7422,59314.8984,59870.2812,155736
2013-11-22,59981.3594,60425.6641,59092.7461,59981.3594,141543
2013-11-25,60203.5117,61092.125,60203.5117,60758.8945,156120
2013-11-26,60536.7422,60869.9727,60092.4375,60647.8203,182040
2013-11-27,60981.0469,61092.125,60536.7422,60869.9727,149161
2013-11-28,61314.2773,63535.8086,61092.125,63202.582,592852
2013-11-29,63313.6562,63424.7344,62647.1992,62980.4258,180881
2013-12-02,62980.4258,63424.7344,61980.7383,62647.1992,152095
2013-12-03,62425.043,62425.043,61536.4297,61869.6602,206948
2013-12-04,61647.5078,62647.1992,61314.2773,61980.7383,236658
2013-12-05,61869.6602,62425.043,61203.2031,61647.5078,194030
2013-12-06,61536.4297,61980.7383,61314.2773,61314.2773,148506
2013-12-09,61869.6602,61869.6602,61203.2031,61869.6602,116292
2013-12-10,61425.3555,61869.6602,61314.2773,61536.4297,103313
2013-12-11,61536.4297,61869.6602,61092.125,61314.2773,154184
2013-12-12,61092.125,61203.2031,59981.3594,60647.8203,230641
2013-12-13,60869.9727,60869.9727,59981.3594,60314.5898,115468
2013-12-16,59870.2812,60536.7422,59870.2812,60092.4375,96550
2013-12-17,60092.4375,60647.8203,59537.0547,60203.5117,158449
2013-12-18,59759.207,60092.4375,59203.8242,59537.0547,214546
2013-12-19,59981.3594,60203.5117,58981.668,59203.8242,138743
2013-12-20,59425.9766,59537.0547,58537.3633,59203.8242,120386
2013-12-23,59203.8242,59759.207,58759.5156,59092.7461,136196
2013-12-24,59425.9766,59981.3594,59203.8242,59537.0547,138593
2013-12-26,60092.4375,60425.6641,59870.2812,59981.3594,143071
2013-12-27,59870.2812,59981.3594,59314.8984,59648.1289,134480
2013-12-30,59981.3594,60647.8203,59314.8984,60425.6641,175737
2014-01-02,60536.7422,60647.8203,59537.0547,59537.0547,150537
2014-01-03,59870.2812,59870.2812,59203.8242,59537.0547,129850
2014-01-06,59314.8984,59425.9766,58648.4414,58981.668,167569
2014-01-07,58648.4414,59314.8984,58537.3633,58981.668,103149
2014-01-08,58870.5938,59203.8242,58093.0586,58426.2852,274958
2014-01-09,58315.2109,58759.5156,57870.9023,58204.1328,216112
2014-01-10,58315.2109,58426.2852,57759.8281,57981.9805,190125
2014-01-13,58315.2109,58315.2109,57870.9023,58093.0586,65057
2014-01-14,58093.0586,58426.2852,57759.8281,58204.1328,102666
2014-01-15,58870.5938,58981.668,57759.8281,58315.2109,153779
2014-01-16,58537.3633,59648.1289,58204.1328,59092.7461,253185
2014-01-17,59092.7461,59092.7461,58648.4414,58759.5156,92573
2014-01-20,58648.4414,59648.1289,58648.4414,59314.8984,141803
2014-01-21,59537.0547,60314.5898,59537.0547,59870.2812,235055
2014-01-22,59648.1289,60869.9727,59648.1289,60536.7422,195805
2014-01-23,60647.8203,60981.0469,59870.2812,60203.5117,170950
2014-01-24,59981.3594,60092.4375,59537.0547,59870.2812,142209
2014-01-27,58870.5938,58981.668,58426.2852,58759.5156,190501
2014-01-28,58648.4414,58981.668,57981.9805,58981.668,137546
2014-01-29,59203.8242,59203.8242,58204.1328,58870.5938,201731
2014-02-03,58426.2852,58537.3633,57315.5195,57759.8281,249786
2014-02-04,56760.1367,57093.3672,56537.9844,56649.0625,274292
2014-02-05,56982.293,56982.293,56093.6797,56537.9844,195677
2014-02-06,56537.9844,56760.1367,56204.7539,56649.0625,123232
2014-02-07,56760.1367,56871.2148,56093.6797,56204.7539,158753
2014-02-10,56537.9844,57093.3672,56204.7539,57093.3672,140167
2014-02-11,57870.9023,58315.2109,57426.5977,57648.75,279850
2014-02-12,57759.8281,57759.8281,56537.9844,56982.293,202329
2014-02-13,56871.2148,57426.5977,56537.9844,56760.1367,109040
2014-02-14,56982.293,57426.5977,56871.2148,57315.5195,99091
2014-02-17,57759.8281,57759.8281,56982.293,57093.3672,100186
2014-02-18,57093.3672,57537.6758,56871.2148,57093.3672,86165
2014-02-19,57093.3672,57315.5195,56760.1367,57093.3672,68456
2014-02-20,57204.4453,57426.5977,56760.1367,56871.2148,110974
2014-02-21,56982.293,57315.5195,56760.1367,56982.293,115637
2014-02-24,56871.2148,57204.4453,56315.832,56537.9844,163726
2014-02-25,56760.1367,57537.6758,56649.0625,57204.4453,192061
2014-02-26,57759.8281,58315.2109,57426.5977,58093.0586,255545
2014-02-27,57981.9805,58648.4414,57759.8281,57981.9805,204959
2014-02-28,57981.9805,58981.668,57981.9805,58537.3633,295943
2014-03-03,58204.1328,58981.668,57981.9805,58648.4414,139197
2014-03-04,58315.2109,58981.668,58315.2109,58537.3633,151566
2014-03-05,58981.668,59759.207,58870.5938,59314.8984,265432
2014-03-06,59648.1289,60425.6641,59092.7461,60314.5898,279471
2014-03-07,60869.9727,61092.125,60203.5117,60425.6641,198869
2014-03-10,60203.5117,60425.6641,59537.0547,59759.207,144533
2014-03-11,59759.207,60536.7422,59203.8242,60536.7422,151214
2014-03-12,59981.3594,60314.5898,59314.8984,59314.8984,180448
2014-03-13,59648.1289,61092.125,59648.1289,60981.0469,304973
2014-03-14,60425.6641,62091.8125,60425.6641,61647.5078,482776
2014-03-17,61980.7383,62202.8906,60536.7422,61425.3555,231398
2014-03-18,61758.5859,63757.9648,61647.5078,63646.8867,431428
2014-03-19,63646.8867,63869.0391,62980.4258,63313.6562,189777
2014-03-20,63313.6562,63869.0391,62536.1211,63424.7344,176078
2014-03-21,63757.9648,63869.0391,63313.6562,63757.9648,175848
2014-03-24,64091.1914,64757.6523,63869.0391,64091.1914,183539
2014-03-25,64313.3477,64313.3477,62758.2734,64202.2695,173114
2014-03-26,64313.3477,64424.4219,63202.582,63202.582,174985
2014-03-27,63757.9648,63869.0391,62091.8125,62758.2734,168468
2014-03-28,62869.3516,63757.9648,62647.1992,62869.3516,132195
2014-03-31,63091.5039,64424.4219,63091.5039,64313.3477,245463
2014-04-01,63980.1172,64313.3477,63535.8086,63646.8867,130392
2014-04-02,63869.0391,64202.2695,63313.6562,63869.0391,161528
2014-04-03,63757.9648,65201.957,63757.9648,64313.3477,246918
2014-04-04,64202.2695,64646.5742,63757.9648,64091.1914,189951
2014-04-07,63646.8867,64424.4219,63646.8867,64313.3477,112891
2014-04-08,64091.1914,64535.5,63869.0391,63980.1172,125935
2014-04-09,64202.2695,64868.7305,63646.8867,64646.5742,190040
2014-04-10,65201.957,65757.3438,64646.5742,64868.7305,207171
2014-04-11,64202.2695,64646.5742,63869.0391,64424.4219,108542
2014-04-14,63980.1172,64424.4219,62202.8906,63202.582,231266
2014-04-15,63202.582,63535.8086,62536.1211,62869.3516,202861
2014-04-16,62869.3516,63757.9648,62536.1211,63313.6562,132996
2014-04-17,63757.9648,63757.9648,63091.5039,63757.9648,97550
2014-04-18,63757.9648,64091.1914,62202.8906,63424.7344,191432
2014-04-21,63091.5039,63535.8086,62869.3516,63535.8086,73800
2014-04-22,64424.4219,66201.6484,64313.3477,65979.4922,587987
2014-04-23,66312.7266,66645.9531,65313.0352,65868.4219,210568
2014-04-24,65757.3438,66645.9531,65535.1875,65979.4922,175069
2014-04-25,65646.2656,65979.4922,64091.1914,64091.1914,212971
2014-04-28,64091.1914,64424.4219,63424.7344,63424.7344,112372
2014-04-29,63646.8867,64313.3477,63424.7344,63980.1172,83271
2014-04-30,64646.5742,64868.7305,63980.1172,64313.3477,131673
2014-05-02,64424.4219,65757.3438,64424.4219,65313.0352,159797
2014-05-07,65201.957,65201.957,63313.6562,63313.6562,131135
2014-05-08,63313.6562,64979.8047,62202.8906,64979.8047,236312
2014-05-09,64424.4219,65535.1875,63869.0391,65424.1133,135435
2014-05-12,64979.8047,65090.8828,63202.582,64202.2695,191498
2014-05-13,64313.3477,64868.7305,63535.8086,63757.9648,155427
2014-05-14,63535.8086,64757.6523,63535.8086,64535.5,116864
2014-05-15,64646.5742,65090.8828,63869.0391,64535.5,89906
2014-05-16,64646.5742,64646.5742,63980.1172,64424.4219,87021
2014-05-19,64424.4219,65201.957,63757.9648,65090.8828,125277
2014-05-20,65424.1133,65757.3438,64757.6523,65090.8828,155407
2014-05-21,64535.5,65535.1875,64535.5,65201.957,96085
2014-05-22,65535.1875,65535.1875,64868.7305,64868.7305,123487
2014-05-23,64868.7305,65201.957,63980.1172,64535.5,124681
2014-05-26,64424.4219,64757.6523,64091.1914,64313.3477,67522
2014-05-27,64757.6523,64757.6523,63202.582,64202.2695,235586
2014-05-28,63646.8867,65090.8828,63646.8867,64868.7305,114128
2014-05-29,64868.7305,65201.957,64535.5,64757.6523,121417
2014-05-30,64757.6523,64868.7305,63535.8086,63535.8086,146705
2014-06-02,63535.8086,63869.0391,62091.8125,62425.043,168346
2014-06-03,62425.043,62980.4258,61425.3555,62647.1992,187058
2014-06-05,62536.1211,62758.2734,61536.4297,61980.7383,160030
2014-06-09,61536.4297,62313.9688,58870.5938,60203.5117,313248
2014-06-10,60425.6641,60869.9727,59537.0547,60869.9727,89278
2014-06-11,61536.4297,61536.4297,59203.8242,59981.3594,220110
2014-06-12,59870.2812,60203.5117,58426.2852,58981.668,238656
2014-06-13,58648.4414,59203.8242,58093.0586,59203.8242,132883
2014-06-16,59092.7461,59537.0547,58315.2109,58426.2852,126459
2014-06-17,58537.3633,58759.5156,57870.9023,58315.2109,153172
2014-06-18,58204.1328,58315.2109,57759.8281,57981.9805,113645
2014-06-19,58315.2109,59314.8984,57981.9805,58426.2852,154226
2014-06-20,58426.2852,58759.5156,57093.3672,57204.4453,148805
2014-06-23,57315.5195,57537.6758,56426.9102,56649.0625,116000
2014-06-24,56315.832,57426.5977,56315.832,57315.5195,103291
2014-06-25,57648.75,58426.2852,57537.6758,58093.0586,115919
2014-06-26,57981.9805,58870.5938,57537.6758,58870.5938,123553
2014-06-27,58981.668,59092.7461,57981.9805,58315.2109,115814
2014-06-30,58759.5156,59092.7461,58426.2852,58870.5938,110551
2014-07-01,59092.7461,59092.7461,57759.8281,57870.9023,130738
2014-07-02,58204.1328,58315.2109,57315.5195,57537.6758,234178
2014-07-03,57648.75,57759.8281,57204.4453,57204.4453,169330
2014-07-04,57426.5977,57648.75,56649.0625,57426.5977,189501
2014-07-07,57204.4453,57537.6758,56537.9844,56760.1367,166394
2014-07-08,56649.0625,57981.9805,56649.0625,57648.75,118897
2014-07-09,57093.3672,57537.6758,56649.0625,57204.4453,151358
2014-07-10,57315.5195,57537.6758,56426.9102,56426.9102,128287
2014-07-11,56204.7539,56537.9844,54538.6055,54705.2227,412594
2014-07-14,55205.0664,55871.5234,54927.375,55427.2188,111669
2014-07-15,55538.2969,55871.5234,55371.6797,55538.2969,127272
2014-07-16,55538.2969,55871.5234,55482.7578,55649.3711,76895
2014-07-17,55871.5234,55982.6016,55482.7578,55538.2969,143808
2014-07-18,55316.1406,55427.2188,54982.9141,55038.4492,188219
2014-07-21,55538.2969,55871.5234,54982.9141,55316.1406,128147
2014-07-22,55316.1406,55649.3711,55093.9883,55538.2969,96315
2014-07-23,55038.4492,55316.1406,54649.6836,54760.7578,313470
2014-07-24,54816.2969,54927.375,53538.918,53705.5312,390503
2014-07-25,53761.0703,54038.7617,53594.457,54038.7617,107498
2014-07-28,53927.6836,53983.2227,52927.9961,53261.2266,287106
2014-07-29,53094.6094,54483.0664,53094.6094,54483.0664,226868
2014-07-30,54649.6836,55260.6055,54038.7617,54705.2227,236502
2014-07-31,54927.375,55371.6797,53816.6094,53927.6836,221577
2014-08-01,53927.6836,54094.3008,53538.918,53872.1484,164240
2014-08-04,53649.9922,53872.1484,52983.5352,53316.7617,283946
2014-08-05,53316.7617,53316.7617,51928.3047,52372.6133,362779
2014-08-06,52205.9961,52261.5352,50595.3867,50762.0039,365252
2014-08-07,50762.0039,51317.3867,50484.3125,50928.6172,169312
2014-08-08,50706.4648,51206.3086,50484.3125,50595.3867,129213
2014-08-11,50650.9258,50873.0781,49484.6211,50151.082,235270
2014-08-12,50095.543,50595.3867,49373.543,49706.7734,138328
2014-08-13,49873.3906,50650.9258,49595.6992,50650.9258,153720
2014-08-14,50650.9258,51039.6953,49984.4648,50206.6172,103440
2014-08-18,50428.7734,50539.8477,49706.7734,49984.4648,102411
2014-08-19,50095.543,50428.7734,49595.6992,49651.2344,150222
2014-08-20,49817.8516,49928.9258,48484.9336,49262.4688,230442
2014-08-21,48984.7773,49151.3906,48040.625,48040.625,213229
2014-08-22,48151.7031,48540.4688,47651.8594,47818.4727,112931
2014-08-25,47596.3203,47985.0859,47263.0898,47596.3203,106064
2014-08-26,47707.3945,48318.3164,46929.8594,47318.6289,186358
2014-08-27,47596.3203,48096.1641,46985.3984,47374.168,166193
2014-08-28,47762.9336,48151.7031,47207.5508,47263.0898,172006
2014-08-29,47263.0898,47985.0859,47263.0898,47374.168,166767
2014-09-01,47596.3203,47929.5508,47485.2422,47651.8594,96035
2014-09-02,47707.3945,47874.0117,46985.3984,46985.3984,168214
2014-09-03,46652.168,46763.2461,44152.9453,44208.4844,792908
2014-09-04,44486.1758,44597.25,43208.793,44264.0234,399789
2014-09-05,44541.7148,45041.5586,44041.8672,44375.0977,220438
2014-09-11,43930.793,44652.7891,43764.1758,43764.1758,217131
2014-09-12,43764.1758,44430.6367,43653.1016,44430.6367,139038
2014-09-15,44763.8672,44819.4062,44208.4844,44430.6367,108832
2014-09-16,43375.4102,43653.1016,42542.3359,43597.5625,316644
2014-09-17,43653.1016,44041.8672,43097.7188,43430.9453,181834
2014-09-18,43486.4844,44264.0234,43097.7188,44152.9453,185273
2014-09-19,44208.4844,44375.0977,43875.2539,44097.4062,154130
2014-09-22,44208.4844,44597.25,43930.793,44041.8672,133084
2014-09-23,44041.8672,44375.0977,43764.1758,44097.4062,116652
2014-09-24,43875.2539,43930.793,42875.5625,42875.5625,276077
2014-09-25,43264.332,43319.8711,41431.5703,41542.6445,363999
2014-09-26,41153.8789,42486.7969,40876.1836,41764.7969,206646
2014-09-29,41542.6445,41764.7969,39265.5742,39654.3438,324791
2014-09-30,39432.1914,39598.8047,38043.7305,39210.0352,327003
2014-10-01,38821.2695,39098.9609,36877.4297,36932.9648,377253
2014-10-02,36766.3516,37932.6562,36544.1992,37044.043,263884
2014-10-06,37266.1953,37599.4258,36377.582,36655.2734,187351
2014-10-07,36710.8125,37654.9648,36710.8125,37099.582,184661
2014-10-08,36544.1992,37155.1211,36210.9688,36322.0469,189066
2014-10-10,36099.8906,36099.8906,35211.2812,35266.8164,210423
2014-10-13,34544.8203,35488.9727,34322.668,34544.8203,225043
2014-10-14,34544.8203,34989.125,34044.9766,34044.9766,190311
2014-10-15,34044.9766,34378.2031,32712.0566,33045.2852,316805
2014-10-16,32600.9785,32600.9785,31490.2129,31878.9824,378510
2014-10-17,31934.5195,32378.8262,31712.3672,32267.75,329308
2014-10-20,32656.5176,33156.3633,32378.8262,32434.3652,235666
2014-10-21,32434.3652,32489.9023,30879.293,31156.9844,338142
2014-10-22,31656.8281,33156.3633,31434.6758,31990.0586,472547
2014-10-23,31712.3672,32656.5176,30934.8301,31434.6758,381676
2014-10-24,31656.8281,31878.9824,30712.6777,31268.0605,372948
2014-10-27,31379.1367,32656.5176,31379.1367,31878.9824,357418
2014-10-28,32212.2109,32545.4414,31767.9043,31878.9824,318456
2014-10-29,32212.2109,36044.3555,31934.5195,35266.8164,1152714
2014-10-30,35655.5859,36544.1992,34766.9727,35322.3555,842460
2014-10-31,35822.1992,37099.582,34489.2812,36433.1211,663819
2014-11-03,35988.8164,36322.0469,34044.9766,34156.0508,504789
2014-11-04,34322.668,38543.5781,34044.9766,37654.9648,1199276
2014-11-05,37710.5039,39432.1914,37044.043,38432.5,906918
2014-11-06,38432.5,39043.4219,37821.5781,38710.1914,448289
2014-11-07,38321.4258,39376.6523,38154.8086,38765.7305,504737
2014-11-10,37710.5039,38765.7305,37488.3477,38321.4258,532206
2014-11-11,38599.1172,40209.7266,38099.2695,39709.8828,478762
2014-11-12,39876.4961,42653.4102,39376.6523,41042.8008,848853
2014-11-13,42320.1797,43097.7188,40709.5703,41098.3398,798234
2014-11-14,40765.1094,42653.4102,39654.3438,41431.5703,747305
2014-11-17,42209.1055,42209.1055,40987.2617,40987.2617,472925
2014-11-18,41376.0312,41820.3359,40209.7266,40487.418,354705
2014-11-19,40320.8008,40542.957,38654.6523,39432.1914,662255
2014-11-20,39432.1914,40098.6484,38765.7305,39265.5742,492612
2014-11-21,39487.7266,39598.8047,37599.4258,38154.8086,854381
2014-11-24,38154.8086,38154.8086,36488.6602,36932.9648,1123074
2014-11-25,37321.7344,39820.957,37321.7344,37654.9648,4251089
2014-11-26,32045.5957,33322.9766,32045.5957,32045.5957,2454621
2014-11-27,31379.1367,32156.6738,30768.2148,31323.5996,4613429
2014-11-28,31656.8281,32045.5957,30879.293,31268.0605,1698639
2014-12-01,31601.291,31656.8281,28935.4512,29046.5293,2082389
2014-12-02,28768.8379,30268.3711,28768.8379,29824.0645,1589396
2014-12-03,30157.2949,30379.4473,29157.6055,29546.373,1148951
2014-12-04,29601.9121,30268.3711,29601.9121,29657.4492,636056
2014-12-05,29824.0645,30879.293,29546.373,30546.0625,849823
2014-12-08,30601.6016,30823.7539,29879.6035,30101.7559,494292
2014-12-09,30323.9102,30657.1387,29879.6035,30046.2188,479298
2014-12-10,30101.7559,30101.7559,28435.6074,28657.7598,871327
2014-12-11,28046.8398,28879.9141,27991.3008,28102.377,438603
2014-12-12,28324.5312,28768.8379,27546.9941,28102.377,499489
2014-12-15,27713.6094,28657.7598,27491.457,28213.4551,355633
2014-12-16,28324.5312,28546.6836,27769.1484,27769.1484,360678
2014-12-17,28157.916,28546.6836,27769.1484,28046.8398,475460
2014-12-18,28435.6074,28435.6074,27546.9941,27713.6094,469723
2014-12-19,28102.377,28102.377,26991.6113,27047.1504,644498
2014-12-22,27158.2266,27769.1484,27047.1504,27380.3789,355429
2014-12-23,27491.457,27546.9941,26658.3809,27102.6875,326583
2014-12-24,27380.3789,28324.5312,27102.6875,27935.7617,478183
2014-12-26,28102.377,28102.377,27269.3027,27269.3027,322093
2014-12-29,27213.7656,27269.3027,26158.5371,26269.6133,440512
2014-12-30,26380.6895,26824.9961,25991.9219,26491.7676,411205
2015-01-02,26380.6895,26436.2285,25436.5391,25658.6934,457707
2015-01-05,25714.2305,25714.2305,24381.3125,24603.4648,828148
2015-01-06,24214.6973,24381.3125,23714.8516,23825.9297,788922
2015-01-07,23770.3906,24159.1582,23603.7754,23770.3906,529506
2015-01-08,23937.0059,24159.1582,23603.7754,23659.3145,451684
2015-01-09,23937.0059,26547.3047,23770.3906,25214.3867,1404055
2015-01-12,25436.5391,26269.6133,25158.8477,25325.4629,463431
2015-01-13,25714.2305,26269.6133,25381.002,25714.2305,601903
2015-01-14,25825.3066,25991.9219,24714.541,24825.6172,447293
2015-01-15,24714.541,25381.002,24547.9258,25047.7715,369807
2015-01-16,24770.0801,24992.2324,23770.3906,23937.0059,419770
2015-01-19,24270.2344,25547.6152,24159.1582,25381.002,627216
2015-01-20,25880.8457,26325.1523,24936.6953,24936.6953,576413
2015-01-21,25158.8477,25158.8477,24048.082,24159.1582,452203
2015-01-22,24436.8496,24992.2324,24325.7734,24714.541,377960
2015-01-23,25047.7715,25214.3867,24325.7734,24436.8496,352984
2015-01-26,24381.3125,24492.3887,23770.3906,23937.0059,350821
2015-01-27,24048.082,24603.4648,23825.9297,24436.8496,355930
2015-01-28,24381.3125,26547.3047,24270.2344,26491.7676,1258230
2015-01-29,25825.3066,26269.6133,25269.9238,25492.0781,948291
2015-01-30,25825.3066,25880.8457,24659.0039,25492.0781,599738
2015-02-02,25325.4629,26158.5371,25158.8477,26047.4609,619874
2015-02-03,26380.6895,27880.2246,25991.9219,26602.8438,1464611
2015-02-04,26824.9961,27102.6875,26491.7676,26491.7676,589629
2015-02-05,26658.3809,26769.459,25714.2305,25880.8457,430779
2015-02-06,25880.8457,26436.2285,25603.1543,26102.998,413551
2015-02-09,26102.998,26713.9199,26047.4609,26158.5371,366509
2015-02-10,26102.998,26325.1523,25047.7715,25269.9238,561205
2015-02-11,25381.002,26491.7676,25103.3086,26491.7676,456868
2015-02-12,26547.3047,27269.3027,26380.6895,26713.9199,513416
2015-02-13,27102.6875,27158.2266,26491.7676,26991.6113,399464
2015-02-16,27047.1504,27435.918,26769.459,27269.3027,311479
2015-02-17,27269.3027,28657.7598,27102.6875,28324.5312,877101
2015-02-23,28657.7598,28768.8379,27935.7617,28713.2988,500762
2015-02-24,28768.8379,28879.9141,28324.5312,28768.8379,337342
2015-02-25,28824.375,29435.2969,28657.7598,29102.0664,459257
2015-02-26,29157.6055,29157.6055,28157.916,28491.1465,562507
2015-02-27,28380.0684,28435.6074,27658.0703,27658.0703,463888
2015-03-02,27769.1484,28879.9141,27491.457,28657.7598,483063
2015-03-03,28491.1465,28990.9902,27935.7617,28657.7598,382823
2015-03-04,28768.8379,29435.2969,28602.2227,29046.5293,424240
2015-03-05,29324.2207,29324.2207,28713.2988,28768.8379,235211
2015-03-06,28879.9141,29601.9121,27991.3008,28213.4551,581728
2015-03-09,27769.1484,28213.4551,27491.457,27769.1484,333906
2015-03-10,28213.4551,28435.6074,27491.457,27546.9941,276417
2015-03-11,27213.7656,27991.3008,27158.2266,27324.8418,285313
2015-03-12,27435.918,27602.5332,26491.7676,26491.7676,525227
2015-03-13,26658.3809,26936.0742,26214.0762,26491.7676,422874
2015-03-16,26436.2285,26436.2285,25325.4629,25547.6152,539647
2015-03-17,25714.2305,26047.4609,25603.1543,25769.7695,599616
2015-03-18,26047.4609,26325.1523,25769.7695,25769.7695,295497
2015-03-19,26102.998,26158.5371,25269.9238,25381.002,605674
2015-03-20,25381.002,25714.2305,25047.7715,25547.6152,475182
2015-03-23,25825.3066,26936.0742,25492.0781,26824.9961,649143
2015-03-24,26769.459,26824.9961,26325.1523,26547.3047,296317
2015-03-25,26769.459,27491.457,26658.3809,27158.2266,544916
2015-03-26,26936.0742,27491.457,26658.3809,26880.5352,346947
2015-03-27,26936.0742,26991.6113,26325.1523,26491.7676,315594
2015-03-30,26269.6133,26602.8438,26047.4609,26158.5371,350816
2015-03-31,26102.998,26824.9961,26102.998,26325.1523,351616
2015-04-01,26325.1523,26436.2285,25381.002,25547.6152,447470
2015-04-02,25547.6152,25825.3066,25325.4629,25769.7695,270679
2015-04-03,25658.6934,27380.3789,25547.6152,27102.6875,638129
2015-04-06,27102.6875,27991.3008,26769.459,26991.6113,660647
2015-04-07,27380.3789,28213.4551,27213.7656,27658.0703,565705
2015-04-08,27769.1484,28046.8398,27213.7656,27935.7617,480137
2015-04-09,28102.377,28157.916,27546.9941,27658.0703,344804
2015-04-10,27713.6094,28102.377,27324.8418,27935.7617,490953
2015-04-13,28268.9922,30434.9863,27880.2246,30323.9102,1564028
2015-04-14,30379.4473,32378.8262,30323.9102,31268.0605,2026482
2015-04-15,31490.2129,31601.291,30657.1387,31434.6758,748066
2015-04-16,31712.3672,31712.3672,30768.2148,30879.293,487980
2015-04-17,30657.1387,30879.293,29601.9121,30490.5234,688820
2015-04-20,29935.1406,30712.6777,29601.9121,30379.4473,505042
2015-04-21,30768.2148,31934.5195,30546.0625,31156.9844,763451
2015-04-22,31323.5996,31490.2129,29435.2969,30101.7559,797569
2015-04-23,30212.832,30546.0625,29657.4492,30323.9102,479549
2015-04-24,30046.2188,30379.4473,29268.6816,29324.2207,495937
2015-04-27,29324.2207,29990.6797,28990.9902,29601.9121,347508
2015-04-28,29935.1406,30212.832,29102.0664,29268.6816,362061
2015-04-29,30879.293,32156.6738,30268.3711,31934.5195,1890087
2015-04-30,31545.752,31878.9824,30712.6777,30768.2148,645935
2015-05-04,31323.5996,32545.4414,30934.8301,32101.1348,908148
2015-05-06,32101.1348,33600.668,31434.6758,32545.4414,1254694
2015-05-07,32434.3652,32489.9023,30990.3691,31212.5215,769467
2015-05-08,31379.1367,32212.2109,30768.2148,30768.2148,589129
2015-05-11,31156.9844,31490.2129,29990.6797,29990.6797,684059
2015-05-12,30046.2188,30268.3711,29213.1426,29601.9121,639355
2015-05-13,29435.2969,30101.7559,29435.2969,29546.373,372745
2015-05-14,29546.373,30101.7559,29546.373,29657.4492,364252
2015-05-15,29824.0645,29935.1406,28657.7598,28879.9141,615100
2015-05-18,29046.5293,29324.2207,28657.7598,28879.9141,379944
2015-05-19,29324.2207,29824.0645,28879.9141,28990.9902,413973
2015-05-20,29046.5293,29601.9121,28824.375,28990.9902,364185
2015-05-21,29157.6055,29157.6055,27880.2246,27880.2246,697598
2015-05-22,28102.377,28990.9902,28046.8398,28657.7598,374277
2015-05-26,28990.9902,28990.9902,28380.0684,28491.1465,268150
2015-05-27,28380.0684,28935.4512,27769.1484,28824.375,402899
2015-05-28,28935.4512,29102.0664,28213.4551,28491.1465,480742
2015-05-29,28157.916,29879.6035,28102.377,29824.0645,693922
2015-06-01,29824.0645,32267.75,29546.373,31601.291,1586200
2015-06-02,31712.3672,34433.7422,31156.9844,32934.2109,2310349
2015-06-03,33322.9766,34822.5117,32989.7461,34044.9766,1535604
2015-06-04,34378.2031,35100.2031,33434.0547,33489.5938,778878
2015-06-05,33322.9766,34989.125,33100.8242,33989.4375,674158
2015-06-08,33989.4375,36544.1992,33711.7461,36433.1211,1037142
2015-06-09,36710.8125,37099.582,35100.2031,35544.5078,959703
2015-06-10,35822.1992,37210.6562,35100.2031,37210.6562,735688
2015-06-11,37321.7344,38765.7305,36932.9648,37543.8867,1267114
2015-06-12,37877.1172,38543.5781,36988.5039,37932.6562,596026
2015-06-15,37988.1953,38710.1914,37599.4258,38043.7305,497918
2015-06-16,37821.5781,38043.7305,32878.6719,32878.6719,2359029
2015-06-17,33878.3594,36322.0469,33545.1289,34655.8945,1721083
2015-06-18,35877.7383,37210.6562,35544.5078,36099.8906,874521
2015-06-19,36433.1211,36766.3516,34433.7422,35488.9727,476829
2015-06-22,35377.8945,35377.8945,34322.668,34766.9727,317281
2015-06-23,35100.2031,36322.0469,34322.668,36322.0469,474166
2015-06-24,36322.0469,37099.582,34433.7422,34600.3594,704257
2015-06-25,34378.2031,34378.2031,32934.2109,33378.5156,845554
2015-06-26,33322.9766,34100.5117,32545.4414,33933.8984,598036
2015-06-29,33322.9766,33711.7461,32323.2871,32489.9023,535911
2015-06-30,32378.8262,33489.5938,32212.2109,32545.4414,551631
2015-07-01,33045.2852,40654.0312,32934.2109,39210.0352,2494871
2015-07-02,39543.2656,41320.4922,37932.6562,39654.3438,1743030
2015-07-03,40598.4922,40876.1836,39487.7266,40098.6484,873680
2015-07-06,39487.7266,46485.5547,39321.1133,43319.8711,2370461
2015-07-07,44708.3281,45319.25,41931.4141,42875.5625,1121104
2015-07-08,43208.793,45374.7891,42042.4883,42209.1055,934268
2015-07-09,41653.7227,42042.4883,39876.4961,42042.4883,759466
2015-07-10,43097.7188,44152.9453,42264.6445,42708.9492,790443
2015-07-13,43319.8711,43708.6367,41875.875,42820.0273,420433
2015-07-14,42875.5625,45041.5586,42486.7969,44597.25,982913
2015-07-15,44819.4062,45208.1719,43430.9453,44041.8672,475267
2015-07-16,43764.1758,44763.8672,42986.6406,43653.1016,412709
2015-07-17,44041.8672,44708.3281,43375.4102,43430.9453,345563
2015-07-20,43097.7188,43375.4102,41487.1055,41653.7227,503960
2015-07-21,41986.9531,44763.8672,41764.7969,43875.2539,610384
2015-07-22,44152.9453,44708.3281,43764.1758,43764.1758,384234
2015-07-23,43875.2539,44097.4062,41598.1836,41653.7227,496603
2015-07-24,41320.4922,41431.5703,38265.8867,39043.4219,949922
2015-07-27,38154.8086,39043.4219,37543.8867,38376.9609,446803
2015-07-28,38321.4258,40209.7266,37932.6562,39321.1133,527788
2015-07-29,39654.3438,41042.8008,38987.8828,39654.3438,474420
2015-07-30,39654.3438,43208.793,39265.5742,42986.6406,944092
2015-07-31,43208.793,44319.5586,41986.9531,42320.1797,649422
2015-08-03,43042.1797,44930.4805,42764.4883,44097.4062,837253
2015-08-04,43930.793,44819.4062,43375.4102,43764.1758,490584
2015-08-05,41986.9531,44430.6367,41098.3398,43986.3281,744924
2015-08-06,44375.0977,44763.8672,42764.4883,43486.4844,365587
2015-08-07,42931.1016,43764.1758,42264.6445,42875.5625,308862
2015-08-10,42486.7969,42764.4883,39987.5742,40320.8008,562278
2015-08-11,40987.2617,42042.4883,40265.2656,40542.957,411957
2015-08-12,40542.957,40876.1836,36766.3516,37988.1953,862548
2015-08-13,37766.0391,39265.5742,37266.1953,38765.7305,440706
2015-08-14,38765.7305,38765.7305,38765.7305,38765.7305,0
2015-08-17,38710.1914,39598.8047,37543.8867,38099.2695,323087
2015-08-18,38043.7305,38321.4258,35211.2812,35322.3555,624626
2015-08-19,34544.8203,35933.2773,34044.9766,35544.5078,459993
2015-08-20,34878.0508,35433.4336,34100.5117,34211.5898,332987
2015-08-21,33545.1289,35544.5078,31878.9824,33211.9023,1067229
2015-08-24,32434.3652,33822.8203,32434.3652,33600.668,557423
2015-08-25,33933.8984,33989.4375,32600.9785,33322.9766,499345
2015-08-26,33322.9766,35100.2031,32823.1328,34544.8203,620657
2015-08-27,35100.2031,35322.3555,33933.8984,34156.0508,497562
2015-08-28,34433.7422,35711.125,34322.668,35544.5078,577090
2015-08-31,35211.2812,35433.4336,34433.7422,34766.9727,379784
2015-09-01,34655.8945,35433.4336,34544.8203,34544.8203,291062
2015-09-02,33656.207,34378.2031,33489.5938,34044.9766,294886
2015-09-03,34322.668,34822.5117,34044.9766,34100.5117,234882
2015-09-04,34100.5117,35988.8164,34100.5117,34989.125,625663
2015-09-07,34989.125,35711.125,34655.8945,34822.5117,279587
2015-09-08,35100.2031,35211.2812,34378.2031,34878.0508,197407
2015-09-09,35544.5078,36266.5078,35211.2812,36210.9688,316291
2015-09-10,35766.6641,37543.8867,35600.0469,37377.2734,403544
2015-09-11,37377.2734,37932.6562,37044.043,37599.4258,253097
2015-09-14,37766.0391,37932.6562,36155.4297,36322.0469,231955
2015-09-15,36599.7383,38210.3477,36488.6602,37654.9648,309264
2015-09-16,38099.2695,38488.0391,37432.8125,37710.5039,301192
2015-09-17,38154.8086,40765.1094,37988.1953,39876.4961,732547
2015-09-18,39932.0352,40876.1836,39487.7266,39820.957,368519
2015-09-21,39487.7266,39598.8047,38265.8867,39265.5742,298710
2015-09-22,39487.7266,40654.0312,39487.7266,40431.8789,383891
2015-09-23,39765.418,40154.1875,38543.5781,38543.5781,266371
2015-09-24,38876.8086,39043.4219,36766.3516,37321.7344,504098
2015-09-25,36988.5039,37821.5781,35044.6641,35600.0469,821280
2015-09-30,34766.9727,35211.2812,34267.1289,34322.668,466427
2015-10-01,34655.8945,35377.8945,34489.2812,34822.5117,500067
2015-10-02,34989.125,35877.7383,34933.5859,34933.5859,438090
2015-10-05,35211.2812,35488.9727,34322.668,34600.3594,357524
2015-10-06,34822.5117,35488.9727,34489.2812,35044.6641,255055
2015-10-07,34600.3594,35044.6641,33822.8203,34044.9766,375205
2015-10-08,34322.668,34989.125,33933.8984,34989.125,229949
2015-10-12,34766.9727,35766.6641,34766.9727,35433.4336,263573
2015-10-13,35322.3555,35655.5859,34544.8203,34711.4336,215346
2015-10-14,35211.2812,35544.5078,34600.3594,34711.4336,194220
2015-10-15,34711.4336,35711.125,34711.4336,35655.5859,196414
2015-10-16,35766.6641,35822.1992,34878.0508,34878.0508,250471
2015-10-19,34878.0508,35711.125,34822.5117,35266.8164,145605
2015-10-20,35322.3555,35600.0469,34600.3594,34822.5117,182951
2015-10-21,34655.8945,34655.8945,33489.5938,33822.8203,526269
2015-10-22,33711.7461,34044.9766,33211.9023,33434.0547,226984
2015-10-23,33822.8203,34655.8945,33656.207,34600.3594,227201
2015-10-26,35044.6641,35100.2031,34044.9766,34822.5117,191728
2015-10-27,34655.8945,38821.2695,34100.5117,38488.0391,1402378
2015-10-28,38488.0391,40209.7266,38432.5,39487.7266,899642
2015-10-29,39543.2656,40542.957,39432.1914,40265.2656,733890
2015-10-30,39932.0352,42209.1055,39932.0352,41431.5703,943663
2015-11-02,41431.5703,42764.4883,41264.9531,42597.8711,655868
2015-11-03,42708.9492,43319.8711,41653.7227,42098.0273,585419
2015-11-04,42486.7969,43319.8711,41764.7969,42320.1797,449582
2015-11-05,42542.3359,42653.4102,40709.5703,40820.6484,494718
2015-11-06,40598.4922,41431.5703,40487.418,41264.9531,250745
2015-11-09,40876.1836,41098.3398,39820.957,40154.1875,268136
2015-11-10,39654.3438,40820.6484,39265.5742,39432.1914,335840
2015-11-11,39543.2656,40431.8789,39154.5,39432.1914,212798
2015-11-12,39154.5,39543.2656,38321.4258,38654.6523,324756
2015-11-13,38265.8867,39210.0352,37877.1172,38876.8086,218491
2015-11-16,38654.6523,39654.3438,37988.1953,38043.7305,224150
2015-11-17,38488.0391,40654.0312,38488.0391,40320.8008,424898
2015-11-18,40431.8789,40654.0312,39376.6523,39987.5742,278611
2015-11-19,40431.8789,41264.9531,39709.8828,40209.7266,318874
2015-11-20,40376.3398,40876.1836,39932.0352,40431.8789,265513
2015-11-23,40654.0312,41042.8008,39932.0352,40265.2656,211037
2015-11-24,40265.2656,40376.3398,38710.1914,38876.8086,320643
2015-11-25,38432.5,39265.5742,37488.3477,39043.4219,512024
2015-11-26,38876.8086,40876.1836,38876.8086,40820.6484,276356
2015-11-27,40820.6484,41542.6445,39543.2656,40043.1094,273936
2015-11-30,39987.5742,40431.8789,39432.1914,40043.1094,228299
2015-12-01,40043.1094,41542.6445,40043.1094,40265.2656,364295
2015-12-02,40542.957,41098.3398,40098.6484,40098.6484,232675
2015-12-03,40209.7266,40709.5703,39376.6523,39654.3438,190825
2015-12-04,38987.8828,39543.2656,38876.8086,39098.9609,93935
2015-12-07,39598.8047,40098.6484,39210.0352,39376.6523,120012
2015-12-08,39154.5,39432.1914,38265.8867,38432.5,151949
2015-12-09,38099.2695,39987.5742,37044.043,39709.8828,342832
2015-12-10,39598.8047,40320.8008,38432.5,38654.6523,219369
2015-12-11,38432.5,38654.6523,37654.9648,37766.0391,194125
2015-12-14,36877.4297,37599.4258,36877.4297,37488.3477,150519
2015-12-15,37654.9648,37932.6562,36877.4297,37432.8125,127353
2015-12-16,37654.9648,38599.1172,37654.9648,38043.7305,140262
2015-12-17,38376.9609,38376.9609,37044.043,37155.1211,250814
2015-12-18,37210.6562,39043.4219,37210.6562,38876.8086,281058
2015-12-21,38210.3477,40876.1836,37988.1953,39654.3438,350955
2015-12-22,40376.3398,40598.4922,38932.3438,39987.5742,349865
2015-12-23,39987.5742,40320.8008,39210.0352,39765.418,236666
2015-12-24,40043.1094,40431.8789,39487.7266,39487.7266,208331
2015-12-28,39709.8828,39932.0352,38765.7305,39043.4219,144709
2015-12-29,39154.5,39876.4961,38376.9609,39321.1133,191029
2015-12-30,39820.957,40209.7266,39376.6523,39487.7266,169402
2016-01-04,39487.7266,39876.4961,39043.4219,39154.5,205086
2016-01-05,38710.1914,39432.1914,38543.5781,38932.3438,203658
2016-01-06,40431.8789,41320.4922,37155.1211,37543.8867,1073384
2016-01-07,37543.8867,38099.2695,35933.2773,36599.7383,474386
2016-01-08,36099.8906,37599.4258,35488.9727,36877.4297,341525
2016-01-11,36266.5078,37432.8125,35933.2773,36599.7383,173007
2016-01-12,36710.8125,37044.043,35766.6641,36044.3555,150116
2016-01-13,36322.0469,37599.4258,36155.4297,37377.2734,159269
2016-01-14,36599.7383,37543.8867,35766.6641,37210.6562,260632
2016-01-15,37710.5039,37766.0391,36210.9688,36377.582,201502
2016-01-18,35988.8164,36710.8125,35877.7383,36266.5078,129332
2016-01-19,36377.582,36488.6602,35266.8164,35322.3555,198643
2016-01-20,35544.5078,35711.125,33989.4375,34433.7422,205658
2016-01-21,34433.7422,35155.7422,33822.8203,34655.8945,178495
2016-01-22,34933.5859,35711.125,34655.8945,34989.125,154361
2016-01-25,35544.5078,36766.3516,35100.2031,36266.5078,154420
2016-01-26,35988.8164,36766.3516,35766.6641,35933.2773,139738
2016-01-27,36544.1992,36655.2734,36266.5078,36655.2734,123417
2016-01-28,36433.1211,36932.9648,35988.8164,36655.2734,121806
2016-01-29,37099.582,37099.582,35822.1992,35877.7383,141590
2016-02-01,36044.3555,37654.9648,36044.3555,37599.4258,222758
2016-02-02,37543.8867,37654.9648,36877.4297,37210.6562,115714
2016-02-03,37044.043,37099.582,35822.1992,36266.5078,160643
2016-02-04,36655.2734,36932.9648,35988.8164,36488.6602,126221
2016-02-05,36488.6602,37488.3477,36488.6602,37321.7344,158112
2016-02-11,36655.2734,37210.6562,35655.5859,35655.5859,201476
2016-02-12,35322.3555,36210.9688,34433.7422,35766.6641,259641
2016-02-15,35877.7383,37155.1211,35822.1992,36877.4297,225647
2016-02-16,36988.5039,37432.8125,36821.8906,36988.5039,143741
2016-02-17,37266.1953,38043.7305,36766.3516,37599.4258,265660
2016-02-18,37932.6562,38265.8867,37377.2734,37766.0391,176203
2016-02-19,37377.2734,37932.6562,37321.7344,37710.5039,193355
2016-02-22,38654.6523,41986.9531,38599.1172,40987.2617,971733
2016-02-23,41709.2617,41875.875,40876.1836,41431.5703,486549
2016-02-24,41209.4141,42597.8711,41209.4141,42264.6445,504464
2016-02-25,42375.7188,42542.3359,41598.1836,42209.1055,312586
2016-02-26,42431.2578,43597.5625,42209.1055,43486.4844,445498
2016-02-29,43486.4844,43764.1758,43208.793,43542.0234,326470
2016-03-02,43653.1016,44430.6367,43653.1016,44319.5586,345569
2016-03-03,44319.5586,44375.0977,42653.4102,43264.332,458498
2016-03-04,43264.332,44208.4844,43208.793,44097.4062,284732
2016-03-07,44041.8672,44264.0234,42986.6406,43597.5625,274878
2016-03-08,43319.8711,43486.4844,42209.1055,43375.4102,262714
2016-03-09,43097.7188,43542.0234,42431.2578,42542.3359,187850
2016-03-10,43042.1797,45541.4023,42820.0273,45152.6328,858273
2016-03-11,45152.6328,45374.7891,43930.793,44430.6367,327965
2016-03-14,44652.7891,44652.7891,43153.2539,43653.1016,225877
2016-03-15,43597.5625,43930.793,43097.7188,43653.1016,164673
2016-03-16,43653.1016,43708.6367,42320.1797,42431.2578,255619
2016-03-17,42542.3359,43653.1016,42375.7188,42708.9492,318938
2016-03-18,42875.5625,43264.332,41875.875,41931.4141,278363
2016-03-21,42209.1055,42209.1055,41098.3398,41098.3398,256712
2016-03-22,41487.1055,42098.0273,40987.2617,41042.8008,313748
2016-03-23,41431.5703,41487.1055,40376.3398,40820.6484,367275
2016-03-24,40542.957,41098.3398,40487.418,40598.4922,174727
2016-03-25,41042.8008,41376.0312,40431.8789,40598.4922,192993
2016-03-28,40765.1094,41209.4141,40098.6484,40987.2617,244554
2016-03-29,40820.6484,41820.3359,40709.5703,40987.2617,247549
2016-03-30,42320.1797,43042.1797,41098.3398,41542.6445,585643
2016-03-31,42098.0273,45097.0977,41542.6445,44819.4062,880334
2016-04-01,44819.4062,45430.3242,43430.9453,44375.0977,576902
2016-04-04,44430.6367,45319.25,43819.7148,44430.6367,367941
2016-04-05,44986.0195,46096.7852,44208.4844,44652.7891,457690
2016-04-06,44486.1758,44708.3281,43542.0234,43708.6367,230755
2016-04-07,43597.5625,44152.9453,42986.6406,43930.793,195708
2016-04-08,43597.5625,43930.793,42875.5625,43486.4844,202423
2016-04-11,43542.0234,43597.5625,42431.2578,42597.8711,169770
2016-04-12,42431.2578,44541.7148,42375.7188,44541.7148,303328
2016-04-14,44319.5586,45763.5547,44319.5586,45541.4023,438311
2016-04-15,45596.9414,47096.4727,45596.9414,46430.0156,536569
2016-04-18,46541.0898,46707.707,45541.4023,45930.1719,270966
2016-04-19,46096.7852,46318.9375,45430.3242,46041.2461,172812
2016-04-20,46152.3242,48207.2422,45985.707,46874.3203,467548
2016-04-21,48262.7773,49873.3906,46874.3203,47429.7031,936917
2016-04-22,47429.7031,47429.7031,46318.9375,46707.707,338176
2016-04-25,46652.168,47318.6289,46207.8633,46652.168,184885
2016-04-26,46541.0898,48262.7773,46485.5547,47985.0859,321208
2016-04-27,48040.625,48040.625,46985.3984,47207.5508,183330
2016-04-28,46929.8594,47152.0117,45652.4805,46374.4766,299261
2016-04-29,46096.7852,46541.0898,45541.4023,46318.9375,164556
2016-05-02,46652.168,48651.5469,45930.1719,48318.3164,449258
2016-05-03,48873.6992,49984.4648,47874.0117,49762.3125,554708
2016-05-04,49429.082,50151.082,49262.4688,49540.1602,342480
2016-05-09,49540.1602,51595.0781,49262.4688,51595.0781,529693
2016-05-10,51761.6914,51761.6914,49928.9258,50095.543,393130
2016-05-11,50206.6172,50762.0039,49206.9297,50706.4648,308367
2016-05-12,50428.7734,51206.3086,49984.4648,50650.9258,236309
2016-05-13,50539.8477,52594.7656,50539.8477,52428.1523,415150
2016-05-16,52428.1523,53039.0703,51150.7695,51539.5391,251043
2016-05-17,51539.5391,52094.9219,50373.2344,51761.6914,279772
2016-05-18,51650.6133,51706.1523,50762.0039,51428.4609,189175
2016-05-19,51539.5391,52317.0742,48818.1602,49540.1602,444275
2016-05-20,49095.8516,50539.8477,48873.6992,50539.8477,257943
2016-05-23,50539.8477,50873.0781,48429.3945,49429.082,348235
2016-05-24,48707.0859,49873.3906,48318.3164,49651.2344,260034
2016-05-25,49706.7734,50428.7734,49318.0078,49651.2344,226800
2016-05-26,49651.2344,52705.8438,49651.2344,52205.9961,545212
2016-05-27,52317.0742,52539.2266,50817.5391,50928.6172,235975
2016-05-30,50817.5391,50817.5391,48873.6992,49484.6211,323977
2016-05-31,49484.6211,49928.9258,48596.0078,49429.082,312106
2016-06-01,49484.6211,50984.1562,48707.0859,49484.6211,397496
2016-06-02,49484.6211,49651.2344,48818.1602,48984.7773,210236
2016-06-03,49206.9297,51872.7695,49206.9297,51595.0781,413667
2016-06-07,51372.9219,52150.4609,50484.3125,51150.7695,317414
2016-06-08,51150.7695,53872.1484,51150.7695,52983.5352,557181
2016-06-09,53150.1484,53705.5312,51928.3047,52594.7656,328039
2016-06-10,52205.9961,53205.6875,51928.3047,52816.918,205185
2016-06-13,52483.6875,54371.9922,52483.6875,54094.3008,431190
2016-06-14,53483.3789,54094.3008,52650.3047,52927.9961,333632
2016-06-15,52872.457,53538.918,52150.4609,52205.9961,243373
2016-06-16,52650.3047,53872.1484,52539.2266,52983.5352,345105
2016-06-17,53316.7617,53594.457,51595.0781,52650.3047,378450
2016-06-20,52872.457,53649.9922,52261.5352,53205.6875,131728
2016-06-21,54260.9141,54316.4531,52872.457,53039.0703,243390
2016-06-22,53316.7617,53983.2227,52983.5352,53261.2266,137916
2016-06-23,53094.6094,53705.5312,52317.0742,52816.918,190085
2016-06-24,53039.0703,53816.6094,50040.0039,50928.6172,521179
2016-06-27,48929.2383,52594.7656,48929.2383,52428.1523,426498
2016-06-28,52428.1523,53039.0703,51761.6914,52650.3047,246999
2016-06-29,52927.9961,54538.6055,52705.8438,53316.7617,386118
2016-06-30,53705.5312,54316.4531,53150.1484,53983.2227,232288
2016-07-01,54038.7617,54705.2227,52872.457,52927.9961,394300
2016-07-04,53483.3789,54427.5312,53316.7617,54371.9922,440875
2016-07-05,54649.6836,57093.3672,53816.6094,56982.293,960659
2016-07-06,56649.0625,58315.2109,56204.7539,57981.9805,687789
2016-07-07,58426.2852,59092.7461,57648.75,58315.2109,358683
2016-07-08,58204.1328,58870.5938,57759.8281,58537.3633,280351
2016-07-11,59648.1289,62202.8906,59537.0547,60869.9727,640668
2016-07-12,60981.0469,60981.0469,59537.0547,60981.0469,376867
2016-07-13,61092.125,61203.2031,59537.0547,59759.207,355448
2016-07-14,60092.4375,61203.2031,59981.3594,60981.0469,225026
2016-07-15,60869.9727,60869.9727,59537.0547,59759.207,236081
2016-07-18,59537.0547,59537.0547,58315.2109,58759.5156,297386
2016-07-19,58759.5156,59537.0547,58426.2852,58648.4414,132029
2016-07-20,58537.3633,60758.8945,57981.9805,60314.5898,258300
2016-07-21,60314.5898,60869.9727,59759.207,60425.6641,190270
2016-07-22,60092.4375,60314.5898,59203.8242,59759.207,200142
2016-07-25,59425.9766,60203.5117,59203.8242,59425.9766,105501
2016-07-26,59092.7461,60647.8203,58981.668,59981.3594,168651
2016-07-27,60092.4375,60314.5898,59203.8242,59648.1289,151368
2016-07-28,60536.7422,60647.8203,59314.8984,59759.207,246467
2016-07-29,59870.2812,60425.6641,58537.3633,60092.4375,231788
2016-08-01,62091.8125,65535.1875,61536.4297,64424.4219,965288
2016-08-02,64646.5742,64979.8047,63646.8867,64535.5,414885
2016-08-03,63980.1172,66312.7266,63646.8867,65979.4922,385479
2016-08-04,65424.1133,67090.2578,64646.5742,65757.3438,609400
2016-08-05,66090.5703,68645.3359,65757.3438,68312.1016,583648
2016-08-08,68867.4844,69978.25,67312.4141,69200.7188,452219
2016-08-09,69311.7891,69311.7891,68089.9531,68423.1797,341919
2016-08-10,68089.9531,68978.5625,66757.0312,67090.2578,426471
2016-08-11,67312.4141,68089.9531,66312.7266,68089.9531,284781
2016-08-12,67978.875,67978.875,66868.1094,67756.7188,253814
2016-08-16,67867.7969,67978.875,66201.6484,66423.8047,288374
2016-08-17,65979.4922,66868.1094,64868.7305,66868.1094,258519
2016-08-18,66757.0312,67090.2578,65424.1133,66757.0312,232946
2016-08-19,66534.875,66645.9531,64757.6523,64979.8047,398034
2016-08-22,65313.0352,66868.1094,65313.0352,66423.8047,278463
2016-08-23,66868.1094,66868.1094,64979.8047,65757.3438,226772
2016-08-24,65757.3438,66201.6484,63980.1172,65424.1133,233335
2016-08-25,65979.4922,66090.5703,64646.5742,64757.6523,139338
2016-08-26,64424.4219,64646.5742,62202.8906,62980.4258,444826
2016-08-29,62758.2734,65868.4219,62091.8125,65646.2656,372489
2016-08-30,65535.1875,68312.1016,65424.1133,67867.7969,476728
2016-08-31,67978.875,68534.2578,67312.4141,68423.1797,299074
2016-09-01,68423.1797,68978.5625,66979.1875,68534.2578,290141
2016-09-02,68978.5625,70533.6328,68089.9531,69756.1016,355568
2016-09-05,70200.4062,71422.25,70200.4062,70755.7891,312321
2016-09-06,70311.4844,71089.0156,69422.8672,69756.1016,275345
2016-09-07,69756.1016,69867.1719,67312.4141,67978.875,387601
2016-09-08,68312.1016,68867.4844,67201.3359,67645.6406,249015
2016-09-09,67423.4922,68534.2578,65868.4219,66868.1094,359421
2016-09-12,65646.2656,67201.3359,65424.1133,65868.4219,173984
2016-09-13,67423.4922,68201.0234,66201.6484,67090.2578,248982
2016-09-19,67645.6406,69422.8672,67312.4141,68645.3359,371478
2016-09-20,68756.4062,68867.4844,66645.9531,68423.1797,292094
2016-09-21,67978.875,68534.2578,67201.3359,68312.1016,163641
2016-09-22,68756.4062,69200.7188,67867.7969,68756.4062,263948
2016-09-23,70422.5625,72088.7109,70089.3281,70422.5625,479385
2016-09-26,70644.7109,71089.0156,69422.8672,69756.1016,185165
2016-09-27,69311.7891,70533.6328,68645.3359,70533.6328,263597
2016-09-28,70533.6328,70533.6328,69422.8672,69978.25,146944
2016-09-29,70200.4062,70533.6328,69422.8672,70089.3281,172138
2016-09-30,69978.25,71089.0156,69422.8672,70644.7109,220888
2016-10-04,70977.9453,72644.0938,68867.4844,72644.0938,411691
2016-10-05,72755.1641,73199.4766,71644.3984,72977.3203,239409
2016-10-06,72421.9375,73199.4766,72088.7109,72866.2422,161476
2016-10-07,72644.0938,72755.1641,71089.0156,71977.6328,261458
2016-10-10,71533.3281,73421.625,71533.3281,72644.0938,183288
2016-10-11,72977.3203,73199.4766,71755.4766,72644.0938,180992
2016-10-12,72644.0938,73199.4766,72088.7109,72977.3203,238663
2016-10-13,72755.1641,72866.2422,70866.8672,70977.9453,262282
2016-10-14,71533.3281,73199.4766,70533.6328,72866.2422,302918
2016-10-17,73310.5469,73310.5469,71422.25,72977.3203,314023
2016-10-18,72421.9375,74754.5469,72088.7109,74754.5469,414231
2016-10-19,75309.9297,76198.5391,74310.2422,74865.625,279804
2016-10-20,74976.6953,75754.2344,74421.3125,75198.8516,182972
2016-10-21,74754.5469,75421.0078,74310.2422,74643.4688,140205
2016-10-24,73977.0078,74532.3906,71089.0156,71644.3984,432751
2016-10-25,72088.7109,73310.5469,70866.8672,71755.4766,399752
2016-10-26,72199.7812,73199.4766,71089.0156,72199.7812,295088
2016-10-27,72199.7812,72644.0938,70866.8672,70977.9453,275290
2016-10-28,71089.0156,72533.0156,70200.4062,71200.0938,207473
2016-10-31,71089.0156,71977.6328,70422.5625,70866.8672,193285
2016-11-01,68312.1016,68423.1797,55260.6055,55871.5234,3659228
2016-11-02,55649.3711,55649.3711,50984.1562,53872.1484,3015837
2016-11-03,53761.0703,56093.6797,52927.9961,55316.1406,983708
2016-11-04,55093.9883,55982.6016,51872.7695,53538.918,878623
2016-11-07,53872.1484,54594.1445,52927.9961,53372.3008,499768
2016-11-08,53594.457,53816.6094,51206.3086,51706.1523,970703
2016-11-09,51872.7695,60981.0469,50762.0039,53872.1484,5180243
2016-11-10,55093.9883,57981.9805,54205.375,56537.9844,1567837
2016-11-11,57870.9023,58315.2109,55538.2969,57648.75,879181
2016-11-14,56537.9844,60425.6641,56315.832,59981.3594,854827
2016-11-15,60314.5898,62425.043,58759.5156,59537.0547,1058515
2016-11-16,60314.5898,61869.6602,59981.3594,61314.2773,683621
2016-11-17,61758.5859,62202.8906,60425.6641,61536.4297,449734
2016-11-18,61647.5078,61758.5859,59648.1289,61425.3555,627438
2016-11-21,60758.8945,61758.5859,59648.1289,59759.207,332439
2016-11-22,59981.3594,60647.8203,58315.2109,59759.207,450879
2016-11-23,59870.2812,60092.4375,57981.9805,58870.5938,412037
2016-11-24,58315.2109,58870.5938,54982.9141,56093.6797,864157
2016-11-25,55760.4492,58426.2852,55760.4492,57870.9023,467996
2016-11-28,58537.3633,58648.4414,56649.0625,57870.9023,404005
2016-11-29,57870.9023,57981.9805,55316.1406,56315.832,594236
2016-11-30,56315.832,56426.9102,52761.3789,53150.1484,3906933
2016-12-01,53538.918,53594.457,50595.3867,51150.7695,866990
2016-12-02,50984.1562,51039.6953,46818.7812,47374.168,1812727
2016-12-05,46763.2461,47874.0117,45152.6328,46263.3984,1056802
2016-12-06,46430.0156,47707.3945,46430.0156,47096.4727,752632
2016-12-07,46763.2461,47485.2422,46374.4766,47152.0117,361353
2016-12-08,47762.9336,47818.4727,46596.6289,47040.9375,587113
2016-12-09,47207.5508,47429.7031,46707.707,47318.6289,329107
2016-12-12,47818.4727,49706.7734,47263.0898,49651.2344,800252
2016-12-13,49651.2344,49984.4648,48207.2422,48596.0078,641505
2016-12-14,49040.3164,50262.1562,48818.1602,49651.2344,621684
2016-12-15,50317.6953,51261.8477,49706.7734,50762.0039,660573
2016-12-16,51095.2305,51428.4609,50095.543,50539.8477,564552
2016-12-19,50873.0781,50873.0781,49095.8516,49318.0078,391672
2016-12-20,49595.6992,50873.0781,49429.082,49484.6211,473631
2016-12-21,49651.2344,50095.543,49595.6992,49873.3906,224331
2016-12-22,49595.6992,49873.3906,48096.1641,48151.7031,442266
2016-12-23,48151.7031,49040.3164,47818.4727,48540.4688,218057
2016-12-26,49206.9297,49206.9297,47429.7031,47485.2422,318910
2016-12-27,47096.4727,48040.625,46929.8594,47707.3945,255507
2016-12-28,47651.8594,48540.4688,47485.2422,47762.9336,243641
2016-12-29,48151.7031,48429.3945,47485.2422,48262.7773,178383
2017-01-02,48707.0859,49817.8516,48596.0078,49706.7734,300541
2017-01-03,49595.6992,52816.918,49540.1602,52150.4609,879949
2017-01-04,52483.6875,53872.1484,51761.6914,51872.7695,718163
2017-01-05,52428.1523,52483.6875,51372.9219,52428.1523,309321
2017-01-06,52150.4609,53761.0703,51817.2305,53594.457,401118
2017-01-09,53594.457,53705.5312,51817.2305,52150.4609,354359
2017-01-10,51706.1523,51928.3047,50373.2344,51539.5391,333796
2017-01-11,51872.7695,53094.6094,51817.2305,52761.3789,285923
2017-01-12,52761.3789,53649.9922,52650.3047,52761.3789,302204
2017-01-13,52483.6875,53150.1484,51706.1523,52372.6133,290481
2017-01-16,52372.6133,52594.7656,51206.3086,51206.3086,236561
2017-01-17,50984.1562,51039.6953,49373.543,49429.082,695060
2017-01-18,49762.3125,50206.6172,49429.082,49762.3125,256353
2017-01-19,49429.082,50151.082,48929.2383,48984.7773,279909
2017-01-20,48540.4688,48818.1602,47762.9336,48207.2422,363826
2017-01-23,48429.3945,49373.543,48318.3164,48929.2383,173175
2017-01-24,48762.625,48929.2383,47762.9336,47874.0117,243346
2017-01-25,48207.2422,48207.2422,46263.3984,46318.9375,413142
2017-01-26,46485.5547,46985.3984,45763.5547,46541.0898,238048
2017-01-31,46374.4766,46985.3984,45874.6328,46318.9375,266217
2017-02-01,46318.9375,48540.4688,46318.9375,48540.4688,494175
2017-02-02,49151.3906,49151.3906,47485.2422,47651.8594,312090
2017-02-03,47707.3945,47707.3945,46096.7852,46263.3984,483238
2017-02-06,46430.0156,47040.9375,46430.0156,46929.8594,296921
2017-02-07,46707.707,47707.3945,45930.1719,47651.8594,291696
2017-02-08,47762.9336,47818.4727,46318.9375,46318.9375,285267
2017-02-09,46318.9375,46652.168,45874.6328,45930.1719,313890
2017-02-10,46096.7852,46318.9375,44319.5586,44430.6367,685019
2017-02-13,44430.6367,45652.4805,43542.0234,45263.7109,462199
2017-02-14,45319.25,46041.2461,44708.3281,45596.9414,426795
2017-02-15,46041.2461,46763.2461,45874.6328,46430.0156,339761
2017-02-16,46152.3242,46318.9375,45430.3242,45652.4805,259472
2017-02-17,45596.9414,46430.0156,45319.25,45708.0156,266906
2017-02-20,47207.5508,47374.168,45985.707,46041.2461,523296
2017-02-21,46207.8633,46929.8594,45708.0156,46263.3984,362323
2017-02-22,46207.8633,48873.6992,46207.8633,48873.6992,949249
2017-02-23,48984.7773,50428.7734,48096.1641,49817.8516,750492
2017-02-24,49817.8516,49873.3906,48651.5469,49873.3906,463761
2017-02-27,49873.3906,49984.4648,48707.0859,49262.4688,294386
2017-02-28,49318.0078,49429.082,48262.7773,48762.625,422404
2017-03-02,48873.6992,49928.9258,48429.3945,49928.9258,494267
2017-03-03,50484.3125,50484.3125,48651.5469,48873.6992,493843
2017-03-06,49206.9297,49429.082,48596.0078,49040.3164,280561
2017-03-07,48818.1602,50484.3125,48596.0078,50428.7734,445440
2017-03-08,50706.4648,51372.9219,49484.6211,49817.8516,396641
2017-03-09,49762.3125,49984.4648,49318.0078,49429.082,284024
2017-03-10,49540.1602,50373.2344,48429.3945,49151.3906,398812
2017-03-13,49318.0078,51095.2305,49206.9297,50984.1562,561364
2017-03-14,50873.0781,50984.1562,49928.9258,49984.4648,322094
2017-03-15,49817.8516,49928.9258,48984.7773,49540.1602,212449
2017-03-16,50095.543,50984.1562,49540.1602,50817.5391,523860
2017-03-17,51095.2305,51872.7695,50762.0039,51428.4609,414124
2017-03-20,51650.6133,51983.8438,50539.8477,50873.0781,329038
2017-03-21,51150.7695,51261.8477,50428.7734,50484.3125,331316
2017-03-22,50428.7734,51706.1523,50428.7734,51095.2305,575739
2017-03-23,51317.3867,53761.0703,50762.0039,53594.457,958121
2017-03-24,53983.2227,54927.375,53094.6094,53538.918,639725
2017-03-27,53316.7617,53372.3008,51872.7695,52372.6133,472979
2017-03-28,52705.8438,53261.2266,52372.6133,52983.5352,332043
2017-03-29,52983.5352,53039.0703,51428.4609,52039.3828,542442
2017-03-30,51872.7695,52205.9961,51150.7695,51928.3047,311712
2017-03-31,51983.8438,53427.8398,51983.8438,52317.0742,375833
2017-04-03,53983.2227,54760.7578,53150.1484,53372.3008,569584
2017-04-04,53039.0703,53816.6094,52372.6133,53205.6875,292309
2017-04-05,53427.8398,53427.8398,51983.8438,52205.9961,447746
2017-04-06,51872.7695,53649.9922,51817.2305,52761.3789,426499
2017-04-07,52317.0742,53039.0703,52317.0742,52816.918,249571
2017-04-10,53205.6875,54538.6055,52983.5352,54205.375,650157
2017-04-11,54316.4531,54316.4531,52816.918,53983.2227,446268
2017-04-12,54038.7617,54260.9141,52927.9961,52983.5352,311151
2017-04-13,52816.918,53039.0703,52483.6875,52927.9961,364342
2017-04-14,53094.6094,53816.6094,52705.8438,52761.3789,296554
2017-04-17,52539.2266,52705.8438,51817.2305,52205.9961,298257
2017-04-18,52205.9961,53150.1484,51872.7695,52983.5352,303392
2017-04-19,53039.0703,54927.375,52816.918,54649.6836,871608
2017-04-20,54927.375,56093.6797,54427.5312,54927.375,587453
2017-04-21,55427.2188,55427.2188,53983.2227,54371.9922,395169
2017-04-24,54427.5312,56871.2148,54427.5312,55649.3711,912753
2017-04-25,55649.3711,56426.9102,55316.1406,56315.832,393832
2017-04-26,56204.7539,57315.5195,55871.5234,56982.293,419545
2017-04-27,56982.293,59648.1289,56537.9844,58981.668,1058919
2017-04-28,59314.8984,59314.8984,56982.293,57759.8281,527897
2017-05-02,57648.75,57759.8281,55871.5234,56315.832,367329
2017-05-04,56093.6797,57315.5195,56093.6797,56537.9844,253914
2017-05-08,56649.0625,57315.5195,56204.7539,57315.5195,346680
2017-05-10,57537.6758,58648.4414,56315.832,56315.832,454306
2017-05-11,56760.1367,57426.5977,56315.832,56982.293,307176
2017-05-12,56537.9844,57426.5977,56315.832,57204.4453,168491
2017-05-15,57537.6758,57648.75,56537.9844,56982.293,126339
2017-05-16,56760.1367,56871.2148,55316.1406,56093.6797,311606
2017-05-17,55649.3711,55760.4492,52872.457,53872.1484,782719
2017-05-18,53205.6875,54538.6055,53094.6094,53872.1484,265019
2017-05-19,53983.2227,55205.0664,53761.0703,54871.8359,262450
2017-05-22,55260.6055,55371.6797,53872.1484,54038.7617,244192
2017-05-23,54260.9141,54316.4531,52983.5352,53150.1484,414736
2017-05-24,53372.3008,54094.3008,53150.1484,53261.2266,342147
2017-05-25,53705.5312,54760.7578,53427.8398,54705.2227,451367
2017-05-26,54927.375,56537.9844,54094.3008,56426.9102,483984
2017-05-29,56982.293,56982.293,54982.9141,55205.0664,304062
2017-05-30,55649.3711,56204.7539,55149.5273,55982.6016,206463
2017-05-31,55538.2969,55982.6016,55260.6055,55482.7578,239878
2017-06-01,55093.9883,55649.3711,54260.9141,54649.6836,270023
2017-06-02,54483.0664,54705.2227,53872.1484,54649.6836,363413
2017-06-05,54871.8359,55205.0664,53983.2227,55038.4492,262146
2017-06-07,54483.0664,54649.6836,54038.7617,54094.3008,285597
2017-06-08,54427.5312,54427.5312,53150.1484,53594.457,451867
2017-06-09,53649.9922,53761.0703,51817.2305,51928.3047,791725
2017-06-12,52261.5352,52261.5352,50428.7734,51261.8477,672101
2017-06-13,51261.8477,52594.7656,51206.3086,51761.6914,424671
2017-06-14,51761.6914,52205.9961,51150.7695,51261.8477,329259
2017-06-15,51317.3867,51317.3867,49484.6211,49984.4648,434547
2017-06-16,50206.6172,50706.4648,49873.3906,50151.082,212690
2017-06-19,50206.6172,50484.3125,49095.8516,49206.9297,295794
2017-06-20,49095.8516,49429.082,47762.9336,47874.0117,418827
2017-06-21,47651.8594,50206.6172,47651.8594,49651.2344,484541
2017-06-22,49817.8516,49817.8516,48429.3945,49429.082,254534
2017-06-23,49206.9297,50484.3125,49206.9297,50428.7734,222258
2017-06-26,50484.3125,50539.8477,49318.0078,49873.3906,176698
2017-06-27,49984.4648,51317.3867,49651.2344,50873.0781,277905
2017-06-28,50873.0781,50928.6172,50040.0039,50428.7734,136574
2017-06-29,50984.1562,50984.1562,50317.6953,50484.3125,142495
2017-06-30,50428.7734,50428.7734,49262.4688,49429.082,206321
2017-07-03,49928.9258,49928.9258,48873.6992,49540.1602,128550
2017-07-04,49540.1602,49928.9258,48318.3164,48373.8555,331909
2017-07-05,48373.8555,49484.6211,48373.8555,49206.9297,256083
2017-07-06,49540.1602,50206.6172,49262.4688,49762.3125,215793
2017-07-07,49484.6211,49595.6992,48651.5469,48873.6992,201653
2017-07-10,48984.7773,49651.2344,48151.7031,48262.7773,168593
2017-07-11,47985.0859,48373.8555,47318.6289,47874.0117,235621
2017-07-12,47818.4727,48596.0078,47207.5508,47429.7031,203540
2017-07-13,47429.7031,48040.625,47374.168,47707.3945,173350
2017-07-14,47540.7812,47929.5508,43875.2539,44652.7891,759897
2017-07-17,43653.1016,44430.6367,42431.2578,43653.1016,727597
2017-07-18,43430.9453,44152.9453,42931.1016,42986.6406,430256
2017-07-19,43542.0234,44541.7148,43486.4844,44041.8672,547260
2017-07-20,44319.5586,44874.9414,43597.5625,43764.1758,387263
2017-07-21,43819.7148,44208.4844,43375.4102,44041.8672,316950
2017-07-24,44208.4844,44264.0234,43653.1016,44097.4062,210523
2017-07-25,44319.5586,44708.3281,44264.0234,44430.6367,268958
2017-07-26,44874.9414,45374.7891,44097.4062,44375.0977,464835
2017-07-27,44708.3281,44930.4805,44208.4844,44874.9414,227050
2017-07-28,44486.1758,44874.9414,44208.4844,44208.4844,287593
2017-07-31,44763.8672,45152.6328,43986.3281,44319.5586,254471
2017-08-01,44319.5586,44541.7148,44041.8672,44375.0977,210835
2017-08-02,44486.1758,44597.25,42098.0273,42653.4102,585045
2017-08-03,42653.4102,42931.1016,39487.7266,39876.4961,1292879
2017-08-04,39932.0352,42098.0273,39765.418,41820.3359,759128
2017-08-07,42098.0273,43930.793,42098.0273,43375.4102,496019
2017-08-08,43430.9453,43764.1758,42375.7188,43319.8711,406364
2017-08-09,43542.0234,43875.2539,42764.4883,43653.1016,367020
2017-08-10,43930.793,44652.7891,43208.793,43986.3281,517930
2017-08-11,43986.3281,44652.7891,42875.5625,43208.793,369980
2017-08-14,42875.5625,43264.332,41209.4141,42209.1055,402845
2017-08-16,43153.2539,44597.25,43153.2539,43875.2539,571077
2017-08-17,43375.4102,43708.6367,42875.5625,43375.4102,309032
2017-08-18,43875.2539,46096.7852,43708.6367,45374.7891,956275
2017-08-21,43819.7148,44874.9414,42431.2578,42820.0273,1161960
2017-08-22,43208.793,43375.4102,42431.2578,43264.332,313772
2017-08-23,43486.4844,44097.4062,42931.1016,43653.1016,302421
2017-08-24,43319.8711,43542.0234,42764.4883,42875.5625,281358
2017-08-25,41764.7969,42708.9492,41320.4922,42320.1797,532598
2017-08-28,42764.4883,43597.5625,42542.3359,43542.0234,287826
2017-08-29,44041.8672,44264.0234,42986.6406,43208.793,345047
2017-08-30,43319.8711,43930.793,43208.793,43319.8711,229887
2017-08-31,43319.8711,43542.0234,43097.7188,43097.7188,254491
2017-09-01,43097.7188,43875.2539,42820.0273,42931.1016,224229
2017-09-04,42931.1016,42931.1016,42931.1016,42931.1016,0
2017-09-05,42653.4102,42653.4102,41653.7227,42098.0273,219345
2017-09-06,42042.4883,42264.6445,40654.0312,40931.7227,401224
2017-09-07,40876.1836,41986.9531,40820.6484,41875.875,263877
2017-09-08,41709.2617,42264.6445,41542.6445,42042.4883,203726
2017-09-11,42098.0273,42875.5625,42098.0273,42431.2578,228289
2017-09-12,42542.3359,42764.4883,41764.7969,42264.6445,167632
2017-09-13,41986.9531,42153.5664,41376.0312,41653.7227,219804
2017-09-14,41764.7969,42153.5664,41653.7227,42153.5664,174626
2017-09-15,42320.1797,42653.4102,41653.7227,41764.7969,203783
2017-09-18,41653.7227,41820.3359,41153.8789,41264.9531,215066
2017-09-19,41264.9531,41764.7969,41209.4141,41598.1836,197150
2017-09-20,41320.4922,41598.1836,40542.957,40709.5703,326183
2017-09-21,40265.2656,41431.5703,39765.418,39820.957,390793
2017-09-25,38099.2695,38154.8086,36322.0469,36377.582,524141
2017-09-26,36377.582,36377.582,36377.582,36377.582,0
2017-09-27,36655.2734,36988.5039,36099.8906,36655.2734,243516
2017-09-28,36377.582,36710.8125,35988.8164,36377.582,220187
2017-09-29,36377.582,37488.3477,36322.0469,36877.4297,267383
2017-10-10,37377.2734,38099.2695,36655.2734,37932.6562,378134
2017-10-11,38043.7305,38432.5,37321.7344,38154.8086,328786
2017-10-12,38210.3477,38376.9609,37266.1953,37710.5039,416535
2017-10-13,37321.7344,37432.8125,36488.6602,36821.8906,368444
2017-10-16,36544.1992,37155.1211,36544.1992,37044.043,210311
2017-10-17,36988.5039,37377.2734,36877.4297,37155.1211,222393
2017-10-18,37155.1211,38265.8867,37044.043,37821.5781,341296
2017-10-19,38821.2695,42320.1797,38710.1914,42264.6445,1315822
2017-10-20,42264.6445,42320.1797,41098.3398,41320.4922,609558
2017-10-23,41598.1836,41598.1836,39765.418,40043.1094,421324
2017-10-24,40265.2656,40598.4922,39543.2656,40265.2656,328839
2017-10-25,40376.3398,41042.8008,39543.2656,40709.5703,329770
2017-10-26,40542.957,41986.9531,40542.957,41320.4922,369217
2017-10-27,41376.0312,44152.9453,41376.0312,43597.5625,1052149
2017-10-30,42820.0273,43264.332,42431.2578,42931.1016,411453
2017-10-31,42653.4102,44097.4062,42486.7969,42653.4102,496031
2017-11-01,42986.6406,43819.7148,42708.9492,43542.0234,524995
2017-11-02,43542.0234,43542.0234,42820.0273,43264.332,235962
2017-11-03,43208.793,43764.1758,42875.5625,43430.9453,347268
2017-11-06,42653.4102,44708.3281,42486.7969,44597.25,856356
2017-11-07,44597.25,44874.9414,43819.7148,44597.25,466529
2017-11-08,45430.3242,46263.3984,44652.7891,44986.0195,688370
2017-11-09,45485.8633,46096.7852,44541.7148,44541.7148,402667
2017-11-10,44208.4844,44208.4844,42153.5664,42820.0273,665390
2017-11-13,42875.5625,42875.5625,41209.4141,41542.6445,466766
2017-11-14,41431.5703,41653.7227,40431.8789,41431.5703,538245
2017-11-15,41653.7227,41709.2617,40154.1875,40265.2656,402344
2017-11-16,40820.6484,41376.0312,40542.957,41098.3398,286853
2017-11-17,41431.5703,41431.5703,40431.8789,40876.1836,297004
2017-11-20,41653.7227,42153.5664,40987.2617,41042.8008,387357
2017-11-21,41098.3398,41376.0312,39765.418,39820.957,436690
2017-11-22,39932.0352,40376.3398,39154.5,39932.0352,318069
2017-11-23,39987.5742,40487.418,39932.0352,40154.1875,163512
2017-11-24,40431.8789,40487.418,39876.4961,40154.1875,182258
2017-11-27,39932.0352,40542.957,39543.2656,39654.3438,229180
2017-11-28,39765.418,39820.957,39098.9609,39210.0352,271708
2017-11-29,39709.8828,39709.8828,39043.4219,39043.4219,157031
2017-11-30,39210.0352,39210.0352,38710.1914,39154.5,276585
2017-12-01,39154.5,39154.5,37766.0391,37821.5781,579989
2017-12-04,37932.6562,37988.1953,37432.8125,37988.1953,222577
2017-12-05,37988.1953,38654.6523,37543.8867,38488.0391,317401
2017-12-06,38488.0391,38654.6523,37766.0391,37821.5781,377392
2017-12-07,38043.7305,38099.2695,37266.1953,37766.0391,270868
2017-12-08,37766.0391,37877.1172,37210.6562,37266.1953,206514
2017-12-11,37099.582,38488.0391,37099.582,38043.7305,204388
2017-12-12,37932.6562,40154.1875,37932.6562,39543.2656,673108
2017-12-13,39987.5742,40209.7266,39432.1914,39932.0352,269044
2017-12-14,39820.957,39987.5742,39210.0352,39210.0352,307720
2017-12-15,39376.6523,39876.4961,39154.5,39654.3438,271092
2017-12-18,39654.3438,39876.4961,39154.5,39654.3438,198421
2017-12-19,39654.3438,39987.5742,38321.4258,38599.1172,278262
2017-12-21,39376.6523,40154.1875,38876.8086,39154.5,342531
2017-12-22,39265.5742,39376.6523,37877.1172,37988.1953,284195
2017-12-26,38265.8867,38265.8867,37766.0391,38043.7305,194851
2017-12-27,37877.1172,38043.7305,37321.7344,38043.7305,165168
2017-12-28,38043.7305,39709.8828,38043.7305,39487.7266,332801
2018-01-02,39987.5742,40598.4922,39543.2656,40542.957,319888
2018-01-03,40654.0312,40765.1094,40098.6484,40542.957,260366
2018-01-04,40654.0312,40654.0312,40098.6484,40487.418,212303
2018-01-05,40765.1094,41320.4922,39543.2656,39820.957,307091
2018-01-08,39820.957,40043.1094,38765.7305,38932.3438,321914
2018-01-09,38987.8828,39709.8828,38654.6523,39265.5742,323975
2018-01-10,39376.6523,39765.418,38710.1914,38765.7305,457183
2018-01-11,38876.8086,38987.8828,38265.8867,38543.5781,346293
2018-01-12,38488.0391,38876.8086,37488.3477,37543.8867,662896
2018-01-15,37432.8125,37877.1172,36710.8125,36932.9648,499661
2018-01-16,36655.2734,37210.6562,36210.9688,37210.6562,616735
2018-01-17,37044.043,37266.1953,36599.7383,36821.8906,449119
2018-01-18,36766.3516,37543.8867,36766.3516,37432.8125,387031
2018-01-19,37432.8125,37543.8867,36877.4297,37099.582,252699
2018-01-22,37321.7344,37321.7344,36544.1992,36710.8125,454576
2018-01-23,36821.8906,37210.6562,36655.2734,37099.582,300660
2018-01-24,36710.8125,37210.6562,36655.2734,37099.582,346888
2018-01-25,37044.043,37044.043,36599.7383,36821.8906,410992
2018-01-26,36877.4297,38099.2695,36821.8906,37877.1172,716290
2018-01-29,38321.4258,38376.9609,37877.1172,37988.1953,434685
2018-01-30,38099.2695,38432.5,37543.8867,37710.5039,421884
2018-01-31,37766.0391,38043.7305,37099.582,37377.2734,413039
2018-02-01,37488.3477,37654.9648,36988.5039,37377.2734,248649
2018-02-02,37321.7344,38432.5,36488.6602,36599.7383,1098894
2018-02-05,36099.8906,36210.9688,34878.0508,34878.0508,925203
2018-02-06,33545.1289,34100.5117,33100.8242,33711.7461,699615
2018-02-07,34100.5117,34378.2031,33156.3633,33156.3633,458497
2018-02-08,33156.3633,33600.668,32378.8262,32545.4414,542917
2018-02-09,31656.8281,31934.5195,31268.0605,31379.1367,516773
2018-02-12,31268.0605,31434.6758,29768.5273,30434.9863,952901
2018-02-13,30546.0625,31379.1367,30157.2949,30268.3711,493327
2018-02-14,30268.3711,30768.2148,30157.2949,30712.6777,266889
2018-02-19,31045.9062,32101.1348,31045.9062,31990.0586,340436
2018-02-20,31990.0586,32156.6738,31379.1367,31490.2129,227067
2018-02-21,31823.4434,31823.4434,31156.9844,31601.291,169800
2018-02-22,31545.752,32101.1348,31045.9062,31268.0605,280475
2018-02-23,31545.752,31823.4434,31268.0605,31379.1367,213716
2018-02-26,31934.5195,33489.5938,31823.4434,32823.1328,732728
2018-02-27,33100.8242,33100.8242,31934.5195,32101.1348,463462
2018-02-28,31878.9824,32878.6719,31656.8281,32378.8262,340625
2018-03-02,32212.2109,32212.2109,30768.2148,30990.3691,570422
2018-03-05,30934.8301,31379.1367,30490.5234,30546.0625,206527
2018-03-06,30823.7539,30934.8301,30379.4473,30823.7539,212806
2018-03-07,30768.2148,31212.5215,30157.2949,31045.9062,445581
2018-03-08,31045.9062,31767.9043,31045.9062,31712.3672,402650
2018-03-09,31601.291,32101.1348,31156.9844,31434.6758,320971
2018-03-12,31712.3672,32767.5938,31268.0605,32545.4414,424000
2018-03-13,32545.4414,32989.7461,32101.1348,32878.6719,326790
2018-03-14,32656.5176,32712.0566,32156.6738,32378.8262,219057
2018-03-15,32212.2109,32934.2109,31712.3672,32712.0566,211324
2018-03-16,32767.5938,32989.7461,32323.2871,32489.9023,198716
2018-03-19,32489.9023,32712.0566,31990.0586,32434.3652,203162
2018-03-20,31934.5195,32434.3652,31934.5195,32267.75,249741
2018-03-21,31990.0586,33989.4375,31990.0586,33656.207,665270
2018-03-22,33711.7461,33767.2852,32934.2109,33378.5156,327585
2018-03-23,32656.5176,33156.3633,32212.2109,32267.75,349985
2018-03-26,32212.2109,32656.5176,31545.752,31712.3672,185970
2018-03-27,31934.5195,32934.2109,31823.4434,32323.2871,344623
2018-03-28,31767.9043,32212.2109,31767.9043,31878.9824,208546
2018-03-29,31767.9043,32212.2109,31545.752,32101.1348,216444
2018-03-30,32156.6738,32934.2109,32045.5957,32878.6719,185135
2018-04-02,32712.0566,33100.8242,31656.8281,31823.4434,332427
2018-04-03,31434.6758,32212.2109,31323.5996,31656.8281,250683
2018-04-04,31823.4434,31878.9824,30434.9863,30546.0625,464626
2018-04-05,30768.2148,31045.9062,30546.0625,30657.1387,179273
2018-04-06,30657.1387,30990.3691,30490.5234,30657.1387,166114
2018-04-09,30546.0625,31156.9844,30546.0625,30712.6777,162286
2018-04-10,30601.6016,30657.1387,29712.9883,29879.6035,343839
2018-04-11,29935.1406,30323.9102,29824.0645,29879.6035,262251
2018-04-12,29935.1406,30323.9102,29768.5273,30323.9102,346414
2018-04-13,30212.832,30490.5234,29879.6035,29935.1406,201828
2018-04-16,30157.2949,30323.9102,29268.6816,29435.2969,335966
2018-04-17,29435.2969,29712.9883,29268.6816,29379.7578,189374
2018-04-18,29379.7578,29879.6035,29379.7578,29601.9121,264862
2018-04-19,29490.834,29546.373,28491.1465,28990.9902,559965
2018-04-20,28713.2988,29268.6816,28324.5312,29102.0664,337662
2018-04-23,28879.9141,29046.5293,27935.7617,27991.3008,540344
2018-04-24,27935.7617,28268.9922,27324.8418,28213.4551,412013
2018-04-25,28046.8398,28380.0684,27713.6094,27824.6855,282443
2018-04-26,27880.2246,29268.6816,27658.0703,29046.5293,421248
2018-04-27,29102.0664,29379.7578,28657.7598,28990.9902,339494
2018-04-30,28602.2227,28657.7598,26602.8438,26769.459,1009541
2018-05-02,26491.7676,26491.7676,25492.0781,25936.3848,760970
2018-05-03,25825.3066,26880.5352,25769.7695,26547.3047,504863
2018-05-04,26436.2285,28879.9141,26047.4609,28824.375,1297109
2018-05-08,28879.9141,31601.291,28879.9141,30712.6777,1513434
2018-05-09,30268.3711,32600.9785,29324.2207,32267.75,1359322
2018-05-10,31934.5195,33822.8203,31601.291,32767.5938,1128340
2018-05-11,32767.5938,33267.4375,31990.0586,32323.2871,607651
2018-05-14,32323.2871,32712.0566,31767.9043,31878.9824,352621
2018-05-15,31767.9043,32323.2871,30879.293,31212.5215,829625
2018-05-16,31490.2129,32212.2109,30712.6777,31212.5215,509965
2018-05-17,31045.9062,31712.3672,30768.2148,31045.9062,313049
2018-05-18,31379.1367,32545.4414,31268.0605,32489.9023,478287
2018-05-21,32823.1328,32823.1328,31434.6758,31656.8281,349479
2018-05-23,31379.1367,31878.9824,30434.9863,31490.2129,301270
2018-05-24,31323.5996,32101.1348,30879.293,32101.1348,348962
2018-05-25,33600.668,34211.5898,30990.3691,31767.9043,1431659
2018-05-28,30934.8301,32934.2109,30601.6016,32600.9785,682384
2018-05-29,32600.9785,36988.5039,32323.2871,36544.1992,2634123
2018-05-30,36155.4297,36821.8906,35377.8945,35433.4336,880162
2018-05-31,35433.4336,37932.6562,35100.2031,36821.8906,4257560
2018-06-01,37266.1953,37321.7344,35933.2773,37155.1211,790442
2018-06-04,36932.9648,37877.1172,35877.7383,35877.7383,707825
2018-06-05,35933.2773,36433.1211,34766.9727,34989.125,454525
2018-06-07,35155.7422,36599.7383,34600.3594,35377.8945,557520
2018-06-08,35544.5078,36377.582,35100.2031,35600.0469,396430
2018-06-11,35433.4336,35655.5859,33767.2852,33767.2852,501041
2018-06-12,34100.5117,34878.0508,33878.3594,34211.5898,335347
2018-06-14,34933.5859,34933.5859,32712.0566,32712.0566,547220
2018-06-15,32434.3652,34489.2812,32434.3652,33989.4375,401596
2018-06-18,34100.5117,34267.1289,31767.9043,31990.0586,392186
2018-06-19,31990.0586,32545.4414,31490.2129,31490.2129,206346
2018-06-20,31212.5215,31767.9043,30157.2949,30323.9102,438247
2018-06-21,30323.9102,30546.0625,28602.2227,29157.6055,500144
2018-06-22,28713.2988,29324.2207,27935.7617,28435.6074,360279
2018-06-25,28768.8379,29102.0664,27935.7617,28435.6074,326056
2018-06-26,28046.8398,28657.7598,27713.6094,28102.377,219726
2018-06-27,27880.2246,28435.6074,26936.0742,26991.6113,469021
2018-06-28,26769.459,26936.0742,25825.3066,26047.4609,628225
2018-06-29,26158.5371,26325.1523,25603.1543,26047.4609,283623
2018-07-02,26380.6895,26380.6895,24492.3887,24992.2324,449037
2018-07-03,24992.2324,25658.6934,24547.9258,24936.6953,252533
2018-07-04,24881.1562,25547.6152,24659.0039,25103.3086,137587
2018-07-05,24881.1562,24992.2324,23603.7754,23992.543,569036
2018-07-06,24048.082,24603.4648,23881.4668,24603.4648,271087
2018-07-09,24825.6172,25714.2305,24547.9258,25603.1543,306872
2018-07-10,25769.7695,25825.3066,25325.4629,25658.6934,199929
2018-07-11,25769.7695,26436.2285,25214.3867,25325.4629,323776
2018-07-12,25547.6152,25714.2305,24659.0039,24714.541,389116
2018-07-13,24825.6172,25381.002,24436.8496,24881.1562,319474
2018-07-16,24881.1562,25880.8457,24881.1562,25603.1543,301101
2018-07-17,25658.6934,26325.1523,25325.4629,25825.3066,261854
2018-07-18,25436.5391,26380.6895,25381.002,25658.6934,329957
2018-07-19,25714.2305,25769.7695,24436.8496,24547.9258,305987
2018-07-20,24214.6973,26713.9199,24103.6211,25991.9219,551956
2018-07-23,26158.5371,27213.7656,25381.002,25547.6152,494020
2018-07-24,25658.6934,25991.9219,25269.9238,25714.2305,234844
2018-07-25,25769.7695,25880.8457,25103.3086,25325.4629,173334
2018-07-26,25547.6152,25547.6152,24881.1562,24936.6953,217930
2018-07-27,25158.8477,25158.8477,24325.7734,24881.1562,262374
2018-07-30,24770.0801,25603.1543,24714.541,25381.002,187290
2018-07-31,25381.002,25436.5391,24659.0039,25047.7715,281419
2018-08-01,25269.9238,25991.9219,24992.2324,25936.3848,318654
2018-08-02,25880.8457,25880.8457,24992.2324,25103.3086,210709
2018-08-03,25214.3867,25825.3066,25158.8477,25825.3066,212216
2018-08-06,25769.7695,26047.4609,25103.3086,25269.9238,247172
2018-08-07,25103.3086,25269.9238,24825.6172,25158.8477,116206
2018-08-08,25047.7715,25436.5391,24992.2324,25214.3867,144493
2018-08-09,24992.2324,25158.8477,24659.0039,24770.0801,227663
2018-08-10,24825.6172,25047.7715,24659.0039,24992.2324,112712
2018-08-13,25325.4629,26214.0762,24825.6172,24825.6172,395568
2018-08-14,24881.1562,26158.5371,24881.1562,26102.998,333794
2018-08-16,25825.3066,26158.5371,25269.9238,25603.1543,255369
2018-08-17,25658.6934,26047.4609,25547.6152,25603.1543,143176
2018-08-20,25936.3848,27047.1504,25880.8457,26269.6133,418214
2018-08-21,26380.6895,26769.459,26158.5371,26713.9199,204467
2018-08-22,26602.8438,27769.1484,26436.2285,27380.3789,388116
2018-08-23,27380.3789,27546.9941,26380.6895,26491.7676,254922
2018-08-24,26547.3047,27269.3027,26158.5371,27158.2266,245256
2018-08-27,27213.7656,27491.457,26713.9199,26769.459,168325
2018-08-28,26880.5352,28268.9922,26824.9961,28213.4551,473382
2018-08-29,28380.0684,29324.2207,28102.377,28713.2988,416120
2018-08-30,28824.375,29268.6816,28324.5312,28768.8379,283729
2018-08-31,28768.8379,28768.8379,27658.0703,27769.1484,333487
2018-09-03,27824.6855,28602.2227,27546.9941,28435.6074,286580
2018-09-04,28435.6074,28713.2988,27935.7617,28268.9922,197452
2018-09-05,28102.377,28602.2227,27769.1484,27935.7617,242324
2018-09-06,27991.3008,28602.2227,27824.6855,28324.5312,235869
2018-09-07,28657.7598,29935.1406,28324.5312,29879.6035,506811
2018-09-10,29990.6797,30546.0625,29490.834,29990.6797,327723
2018-09-11,29879.6035,30268.3711,29268.6816,30046.2188,231492
2018-09-12,29990.6797,30101.7559,29102.0664,29379.7578,265067
2018-09-13,29379.7578,29712.9883,29213.1426,29490.834,178637
2018-09-14,29824.0645,30046.2188,29435.2969,29546.373,156493
2018-09-17,29546.373,30157.2949,29102.0664,29935.1406,188923
2018-09-18,29768.5273,30157.2949,29490.834,29657.4492,145897
2018-09-19,29490.834,29879.6035,28268.9922,28657.7598,278349
2018-09-20,28602.2227,29657.4492,28268.9922,29435.2969,258184
2018-09-21,29712.9883,29935.1406,29157.6055,29157.6055,225525
2018-09-27,29601.9121,32045.5957,29546.373,31878.9824,841864
2018-09-28,29435.2969,29990.6797,27713.6094,28213.4551,1329080
2018-10-01,28268.9922,28491.1465,27713.6094,27824.6855,252393
2018-10-02,27824.6855,29435.2969,27824.6855,29213.1426,539622
2018-10-04,29435.2969,31101.4453,29213.1426,31101.4453,556804
2018-10-05,30601.6016,32267.75,30434.9863,32156.6738,597249
2018-10-08,32101.1348,32712.0566,31656.8281,32156.6738,393342
2018-10-10,32323.2871,32823.1328,31156.9844,31878.9824,316674
2018-10-11,30601.6016,31990.0586,30101.7559,30712.6777,409636
2018-10-12,30212.832,31545.752,30157.2949,30712.6777,377173
2018-10-15,30434.9863,32323.2871,30434.9863,31212.5215,470050
2018-10-16,31545.752,31990.0586,31156.9844,31490.2129,252843
2018-10-17,31823.4434,32156.6738,31379.1367,31990.0586,203298
2018-10-18,31823.4434,33600.668,31379.1367,31656.8281,646020
2018-10-19,31379.1367,32545.4414,31323.5996,32267.75,219765
2018-10-22,32212.2109,32767.5938,31379.1367,32767.5938,277275
2018-10-23,32767.5938,32989.7461,31878.9824,32267.75,293514
2018-10-24,32545.4414,33767.2852,32378.8262,33100.8242,539115
2018-10-25,32489.9023,33767.2852,31990.0586,33656.207,486539
2018-10-26,33878.3594,33933.8984,32489.9023,32712.0566,344790
2018-10-29,32934.2109,33822.8203,31767.9043,31878.9824,424915
2018-10-30,31212.5215,32212.2109,30101.7559,31490.2129,481659
2018-10-31,31545.752,32045.5957,30712.6777,31601.291,345954
2018-11-01,31712.3672,31767.9043,29657.4492,30212.832,558398
2018-11-02,30490.5234,32323.2871,30268.3711,32045.5957,319057
2018-11-05,31990.0586,33767.2852,31601.291,33656.207,401007
2018-11-06,33878.3594,35544.5078,33822.8203,35211.2812,617639
2018-11-07,35322.3555,35988.8164,33711.7461,34100.5117,475413
2018-11-08,34655.8945,35377.8945,34489.2812,34989.125,349629
2018-11-09,34711.4336,35822.1992,34711.4336,35044.6641,287432
2018-11-12,35266.8164,36044.3555,34933.5859,35655.5859,232890
2018-11-13,35322.3555,36488.6602,34878.0508,36433.1211,415277
2018-11-14,36099.8906,38654.6523,36099.8906,38543.5781,1013152
2018-11-15,38543.5781,38543.5781,35655.5859,35877.7383,893439
2018-11-16,36044.3555,37044.043,35933.2773,36322.0469,345367
2018-11-19,36322.0469,37377.2734,36044.3555,37321.7344,273376
2018-11-20,36821.8906,37654.9648,36544.1992,37654.9648,277477
2018-11-21,37099.582,37432.8125,36544.1992,37377.2734,194486
2018-11-22,37377.2734,37654.9648,35322.3555,36544.1992,368428
2018-11-23,36322.0469,36544.1992,35266.8164,35766.6641,253579
2018-11-26,35877.7383,37988.1953,35877.7383,37766.0391,310330
2018-11-27,37766.0391,37932.6562,36322.0469,36377.582,288491
2018-11-28,36766.3516,38210.3477,36766.3516,37432.8125,518528
2018-11-29,37821.5781,37877.1172,36210.9688,36266.5078,340790
2018-11-30,36377.582,36877.4297,35766.6641,36044.3555,222794
2018-12-03,36099.8906,36433.1211,35044.6641,35322.3555,373405
2018-12-04,35322.3555,36099.8906,35322.3555,35655.5859,184060
2018-12-05,35322.3555,36044.3555,34989.125,35711.125,127572
2018-12-06,35544.5078,36932.9648,35544.5078,36710.8125,404068
2018-12-07,36710.8125,36988.5039,35266.8164,35766.6641,232684
2018-12-10,35100.2031,36099.8906,35044.6641,35155.7422,151272
2018-12-11,35155.7422,35822.1992,34655.8945,35266.8164,124728
2018-12-12,35322.3555,35488.9727,34878.0508,35211.2812,168436
2018-12-13,35211.2812,35988.8164,34989.125,35488.9727,269821
2018-12-14,35544.5078,35822.1992,34878.0508,35322.3555,136987
2018-12-17,35377.8945,35766.6641,34933.5859,35266.8164,142307
2018-12-18,35433.4336,37766.0391,35433.4336,36655.2734,479244
2018-12-19,36932.9648,36932.9648,35766.6641,36155.4297,217660
2018-12-20,36210.9688,37377.2734,35600.0469,36766.3516,193920
2018-12-21,36877.4297,37099.582,35877.7383,37099.582,225103
2018-12-24,36766.3516,37155.1211,36322.0469,36377.582,146326
2018-12-26,35933.2773,36377.582,34267.1289,35100.2031,311386
2018-12-27,35544.5078,36266.5078,35155.7422,36099.8906,159907
2018-12-28,36155.4297,36766.3516,35877.7383,36099.8906,151795
2019-01-02,35988.8164,36766.3516,35988.8164,36599.7383,126688
2019-01-03,36322.0469,38376.9609,36266.5078,37710.5039,570080
2019-01-04,37988.1953,39098.9609,37155.1211,38932.3438,525606
2019-01-07,38821.2695,38821.2695,37099.582,38043.7305,414031
2019-01-08,38265.8867,38488.0391,37432.8125,37599.4258,178023
2019-01-09,37654.9648,38099.2695,37099.582,37377.2734,219386
2019-01-10,37099.582,37321.7344,36766.3516,36766.3516,247883
2019-01-11,36710.8125,36877.4297,35488.9727,36433.1211,312485
2019-01-14,36544.1992,36544.1992,35600.0469,35711.125,194686
2019-01-15,35433.4336,36766.3516,35433.4336,36377.582,196612
2019-01-16,36322.0469,37210.6562,36266.5078,36932.9648,155637
2019-01-17,36821.8906,36988.5039,35600.0469,35600.0469,219210
2019-01-18,35766.6641,35988.8164,33434.0547,33989.4375,663381
2019-01-21,34100.5117,35044.6641,33989.4375,34933.5859,241147
2019-01-22,34878.0508,35100.2031,34211.5898,34544.8203,125827
2019-01-23,34655.8945,35600.0469,34655.8945,35488.9727,207964
2019-01-24,36044.3555,36044.3555,34433.7422,34489.2812,222896
2019-01-25,34322.668,35266.8164,34322.668,34711.4336,171606
2019-01-28,34655.8945,34711.4336,34100.5117,34489.2812,177201
2019-01-29,34489.2812,34655.8945,33989.4375,34322.668,137517
2019-01-30,34766.9727,34766.9727,34044.9766,34711.4336,135213
2019-01-31,34933.5859,35211.2812,34489.2812,34878.0508,168010
2019-02-01,34711.4336,34878.0508,34100.5117,34156.0508,195935
2019-02-07,34211.5898,35155.7422,34044.9766,34989.125,178818
2019-02-08,35044.6641,35377.8945,34489.2812,35266.8164,151003
2019-02-11,35322.3555,36210.9688,35266.8164,35933.2773,171266
2019-02-12,35988.8164,35988.8164,34822.5117,35211.2812,191123
2019-02-13,35600.0469,36155.4297,35377.8945,36099.8906,156461
2019-02-14,36322.0469,36322.0469,35655.5859,35988.8164,154754
2019-02-15,35877.7383,36544.1992,35600.0469,35933.2773,149373
2019-02-18,36155.4297,36821.8906,36099.8906,36821.8906,176850
2019-02-19,36932.9648,37044.043,36488.6602,36544.1992,112048
2019-02-20,36544.1992,36821.8906,35655.5859,36266.5078,147521
2019-02-21,37044.043,38210.3477,36322.0469,36988.5039,474869
2019-02-22,36766.3516,37654.9648,36766.3516,37044.043,225856
2019-02-25,37044.043,37543.8867,36877.4297,36932.9648,145530
2019-02-26,36821.8906,37377.2734,36710.8125,36877.4297,123004
2019-02-27,37044.043,37766.0391,36599.7383,37377.2734,205656
2019-02-28,37599.4258,37599.4258,36322.0469,36599.7383,174917
2019-03-04,36932.9648,37988.1953,36932.9648,37044.043,196486
2019-03-05,36766.3516,38154.8086,36766.3516,37877.1172,283172
2019-03-06,37877.1172,37877.1172,36766.3516,37155.1211,189082
2019-03-07,37266.1953,37710.5039,36877.4297,37210.6562,125355
2019-03-08,37099.582,37099.582,35822.1992,36099.8906,171244
2019-03-11,35988.8164,36599.7383,35322.3555,36377.582,138310
2019-03-12,36599.7383,36655.2734,35988.8164,36155.4297,107162
2019-03-13,36099.8906,36488.6602,35933.2773,36099.8906,103184
2019-03-14,36155.4297,36322.0469,35711.125,36099.8906,209189
2019-03-15,36099.8906,37543.8867,36044.3555,37488.3477,327254
2019-03-18,37654.9648,39043.4219,37266.1953,38987.8828,518596
2019-03-19,39210.0352,39321.1133,38321.4258,38654.6523,181846
2019-03-20,38376.9609,38488.0391,37654.9648,38265.8867,174069
2019-03-21,38099.2695,38543.5781,36821.8906,36821.8906,273670
2019-03-22,36877.4297,38099.2695,36433.1211,37710.5039,220877
2019-03-25,37599.4258,38765.7305,37210.6562,38043.7305,254917
2019-03-26,38321.4258,39043.4219,37988.1953,38154.8086,179829
2019-03-27,38543.5781,38543.5781,37543.8867,37932.6562,126291
2019-03-28,37932.6562,38099.2695,37099.582,37710.5039,141387
2019-03-29,37710.5039,38932.3438,37710.5039,38210.3477,171964
2019-04-01,38654.6523,39210.0352,38265.8867,39098.9609,224101
2019-04-02,39098.9609,39098.9609,38321.4258,38488.0391,127743
2019-04-03,38210.3477,38432.5,37543.8867,37766.0391,232273
2019-04-04,37766.0391,38210.3477,37099.582,37821.5781,159704
2019-04-05,37932.6562,38210.3477,37210.6562,37432.8125,144984
2019-04-08,37766.0391,37766.0391,36932.9648,36988.5039,125842
2019-04-09,36821.8906,37266.1953,36544.1992,36710.8125,120207
2019-04-10,36877.4297,36932.9648,34989.125,35322.3555,521127
2019-04-11,35488.9727,35488.9727,34766.9727,34989.125,362365
2019-04-12,35155.7422,35155.7422,34489.2812,34600.3594,262993
2019-04-15,34544.8203,34933.5859,34267.1289,34655.8945,268755
2019-04-16,34766.9727,34878.0508,34211.5898,34766.9727,179847
2019-04-17,34822.5117,34822.5117,34267.1289,34433.7422,169731
2019-04-18,34489.2812,34766.9727,34211.5898,34433.7422,202408
2019-04-19,34489.2812,34544.8203,34211.5898,34267.1289,118691
2019-04-22,34822.5117,35266.8164,34322.668,34378.2031,177475
2019-04-23,34378.2031,34489.2812,33878.3594,34378.2031,173677
2019-04-24,34378.2031,34989.125,33989.4375,34378.2031,225123
2019-04-25,34267.1289,34544.8203,33989.4375,34156.0508,90464
2019-04-26,33822.8203,34322.668,33545.1289,33767.2852,135077
2019-04-29,33711.7461,34211.5898,33711.7461,34156.0508,101581
2019-04-30,34322.668,34655.8945,33933.8984,34322.668,127165
2019-05-02,34044.9766,34766.9727,33711.7461,34655.8945,141934
2019-05-03,34322.668,34600.3594,34211.5898,34267.1289,121282
2019-05-07,34378.2031,34655.8945,33600.668,33767.2852,177808
2019-05-08,33211.9023,34655.8945,33156.3633,34489.2812,174681
2019-05-09,34655.8945,34989.125,34100.5117,34100.5117,325211
2019-05-10,34211.5898,34600.3594,33656.207,34044.9766,202600
2019-05-13,34100.5117,34433.7422,33378.5156,33767.2852,111179
2019-05-14,33322.9766,34211.5898,33267.4375,33878.3594,162227
2019-05-15,33656.207,34267.1289,33156.3633,33711.7461,191496
2019-05-16,33434.0547,33767.2852,33267.4375,33545.1289,118312
2019-05-17,33545.1289,33989.4375,32989.7461,33100.8242,179708
2019-05-20,33211.9023,33434.0547,32823.1328,33156.3633,93858
2019-05-21,33100.8242,33378.5156,31712.3672,32934.2109,161760
2019-05-22,33045.2852,35433.4336,32267.75,35155.7422,392611
2019-05-23,35155.7422,35766.6641,34544.8203,35377.8945,269556
2019-05-24,35322.3555,35711.125,34600.3594,34822.5117,177555
2019-05-27,34822.5117,35155.7422,34267.1289,34489.2812,108888
2019-05-28,34322.668,34711.4336,34100.5117,34322.668,125337
2019-05-29,34433.7422,34489.2812,33322.9766,33656.207,137445
2019-05-30,33545.1289,34378.2031,32934.2109,33045.2852,215230
2019-05-31,33156.3633,33378.5156,32823.1328,33211.9023,95724
2019-06-03,33322.9766,34156.0508,32823.1328,33989.4375,132562
2019-06-04,34211.5898,34600.3594,33878.3594,34489.2812,105079
2019-06-05,34378.2031,35044.6641,34156.0508,34878.0508,102588
2019-06-07,35100.2031,35100.2031,34378.2031,34878.0508,102832
2019-06-10,35488.9727,36488.6602,35155.7422,36210.9688,294244
2019-06-11,36433.1211,36488.6602,35433.4336,36099.8906,141939
2019-06-12,35766.6641,36099.8906,35655.5859,35766.6641,94240
2019-06-13,35822.1992,36377.582,35766.6641,36377.582,194217
2019-06-14,36433.1211,36710.8125,35822.1992,35877.7383,142435
2019-06-17,36155.4297,36710.8125,35600.0469,35655.5859,203738
2019-06-18,35711.125,36544.1992,34989.125,36433.1211,152779
2019-06-19,36544.1992,36655.2734,35600.0469,35711.125,152944
2019-06-20,35822.1992,36099.8906,35155.7422,35211.2812,127952
2019-06-21,35211.2812,36099.8906,35155.7422,35988.8164,180241
2019-06-24,35711.125,36377.582,35488.9727,36210.9688,82245
2019-06-25,36266.5078,36433.1211,35655.5859,35766.6641,97806
2019-06-26,35766.6641,35933.2773,35211.2812,35377.8945,108386
2019-06-27,35266.8164,36155.4297,35266.8164,35822.1992,112485
2019-06-28,36099.8906,37543.8867,35933.2773,36932.9648,384398
2019-07-01,36932.9648,37099.582,35655.5859,35766.6641,149558
2019-07-02,35766.6641,36544.1992,35433.4336,36266.5078,107918
2019-07-03,36377.582,36488.6602,35877.7383,36266.5078,100824
2019-07-04,36266.5078,37155.1211,35877.7383,36655.2734,137848
2019-07-05,36932.9648,37044.043,36044.3555,36155.4297,96194
2019-07-08,35933.2773,36044.3555,34655.8945,34711.4336,127599
2019-07-09,34766.9727,34822.5117,33933.8984,34100.5117,78044
2019-07-10,34156.0508,34766.9727,33545.1289,33989.4375,112278
2019-07-11,33989.4375,34655.8945,33878.3594,34044.9766,174131
2019-07-12,34100.5117,34989.125,34100.5117,34989.125,64043
2019-07-15,34822.5117,35211.2812,34655.8945,35211.2812,84308
2019-07-16,35266.8164,36044.3555,34711.4336,35544.5078,125409
2019-07-17,35155.7422,35933.2773,35155.7422,35711.125,84157
2019-07-18,35600.0469,36821.8906,35377.8945,36544.1992,229725
2019-07-19,36821.8906,37210.6562,36433.1211,36766.3516,103244
2019-07-22,36710.8125,36988.5039,36488.6602,36655.2734,81153
2019-07-23,36655.2734,37266.1953,36655.2734,37099.582,129825
2019-07-24,37266.1953,37432.8125,36544.1992,37099.582,123827
2019-07-25,37044.043,37099.582,35877.7383,36044.3555,174020
2019-07-26,35711.125,36599.7383,35711.125,36322.0469,78018
2019-07-29,36877.4297,36877.4297,35100.2031,35488.9727,113509
2019-07-30,35322.3555,36210.9688,34211.5898,35211.2812,177922
2019-07-31,35544.5078,35766.6641,34822.5117,35766.6641,113853
2019-08-01,35488.9727,35877.7383,34489.2812,34878.0508,106461
2019-08-02,34267.1289,35322.3555,33822.8203,34100.5117,154780
2019-08-05,33933.8984,34489.2812,32545.4414,33267.4375,212619
2019-08-06,32823.1328,34433.7422,31767.9043,33100.8242,223994
2019-08-07,32767.5938,33545.1289,31767.9043,31934.5195,167227
2019-08-08,32212.2109,32934.2109,31990.0586,32656.5176,167030
2019-08-09,32878.6719,33989.4375,32489.9023,33767.2852,146119
2019-08-12,33656.207,34766.9727,33656.207,34100.5117,151060
2019-08-13,37099.582,40098.6484,36932.9648,39765.418,2583227
2019-08-14,39543.2656,41376.0312,39487.7266,40931.7227,1020747
2019-08-16,40765.1094,42098.0273,40431.8789,41320.4922,660502
2019-08-19,41653.7227,42708.9492,40598.4922,42653.4102,639346
2019-08-20,42708.9492,43208.793,42264.6445,42653.4102,411327
2019-08-21,42653.4102,43653.1016,42542.3359,43264.332,348498
2019-08-22,43264.332,43319.8711,41653.7227,41931.4141,424222
2019-08-23,42431.2578,43153.2539,41598.1836,42764.4883,291107
2019-08-26,41986.9531,43486.4844,41986.9531,42875.5625,281437
2019-08-27,43819.7148,43819.7148,42542.3359,42986.6406,251323
2019-08-28,43208.793,43597.5625,42764.4883,43486.4844,260905
2019-08-29,43486.4844,43708.6367,43153.2539,43319.8711,106109
2019-08-30,43486.4844,43930.793,42931.1016,43208.793,262801
2019-09-02,42820.0273,43597.5625,42597.8711,43264.332,146824
2019-09-03,43153.2539,45041.5586,43153.2539,44930.4805,436455
2019-09-04,45208.1719,47318.6289,44708.3281,47207.5508,669144
2019-09-05,47152.0117,47374.168,45652.4805,45930.1719,460420
2019-09-06,46152.3242,47929.5508,46041.2461,47429.7031,443710
2019-09-09,47929.5508,48373.8555,46874.3203,47096.4727,422664
2019-09-10,47485.2422,47651.8594,46874.3203,47263.0898,284958
2019-09-11,47651.8594,47707.3945,45819.0938,46874.3203,565840
2019-09-16,46430.0156,46818.7812,44652.7891,45763.5547,596663
2019-09-17,45763.5547,46874.3203,45541.4023,46207.8633,312448
2019-09-18,46152.3242,47096.4727,45763.5547,46207.8633,246188
2019-09-19,46541.0898,47096.4727,46096.7852,46929.8594,247682
2019-09-20,46929.8594,47207.5508,46096.7852,46541.0898,311693
2019-09-23,46541.0898,47540.7812,46374.4766,46874.3203,190585
2019-09-24,46652.168,47651.8594,46652.168,47540.7812,282628
2019-09-25,47651.8594,47762.9336,46874.3203,46985.3984,224442
2019-09-26,47540.7812,49762.3125,47096.4727,47596.3203,531462
2019-09-27,48040.625,48040.625,45374.7891,45485.8633,315071
2019-09-30,45430.3242,46985.3984,44986.0195,46818.7812,273170
2019-10-01,47207.5508,47818.4727,46707.707,47429.7031,198590
2019-10-02,46985.3984,47874.0117,46652.168,47096.4727,194297
2019-10-04,47651.8594,47707.3945,46763.2461,47540.7812,168163
2019-10-07,47874.0117,47929.5508,44652.7891,44986.0195,452517
2019-10-08,44708.3281,47318.6289,43986.3281,46985.3984,435334
2019-10-10,47985.0859,48429.3945,46430.0156,47040.9375,300848
2019-10-11,47540.7812,47596.3203,45652.4805,45874.6328,197858
2019-10-14,46152.3242,46874.3203,45819.0938,46207.8633,166675
2019-10-15,46596.6289,46596.6289,45374.7891,45874.6328,208480
2019-10-16,45985.707,46652.168,45319.25,45874.6328,205625
2019-10-17,46096.7852,47263.0898,45930.1719,46430.0156,282470
2019-10-18,46929.8594,46929.8594,46041.2461,46263.3984,171234
2019-10-21,46541.0898,46541.0898,44763.8672,45152.6328,288324
2019-10-22,45097.0977,45485.8633,44652.7891,44986.0195,183833
2019-10-23,44874.9414,45097.0977,43819.7148,44264.0234,297683
2019-10-24,43819.7148,44986.0195,43819.7148,44319.5586,130240
2019-10-25,44319.5586,44708.3281,43653.1016,44041.8672,119553
2019-10-28,43764.1758,45097.0977,43764.1758,44264.0234,185876
2019-10-29,43875.2539,44597.25,42875.5625,43264.332,246923
2019-10-30,43264.332,43597.5625,41542.6445,41820.3359,284958
2019-10-31,41931.4141,42542.3359,41653.7227,41986.9531,166652
2019-11-01,41986.9531,42153.5664,40709.5703,40876.1836,263135
2019-11-04,41264.9531,42764.4883,41153.8789,41875.875,240955
2019-11-05,41875.875,42375.7188,41264.9531,41487.1055,201623
2019-11-06,41598.1836,42597.8711,41209.4141,42209.1055,339005
2019-11-07,45541.4023,45596.9414,41042.8008,41209.4141,984149
2019-11-08,41264.9531,41598.1836,40709.5703,40765.1094,235864
2019-11-11,40709.5703,41209.4141,39709.8828,40265.2656,286210
2019-11-12,41764.7969,42209.1055,40209.7266,41875.875,667300
2019-11-13,41875.875,42431.2578,41209.4141,42042.4883,337506
2019-11-14,42209.1055,42375.7188,41764.7969,42209.1055,252462
2019-11-15,42542.3359,42764.4883,41986.9531,42486.7969,215003
2019-11-18,43319.8711,43319.8711,42320.1797,43208.793,217350
2019-11-19,43430.9453,44152.9453,42764.4883,43764.1758,303833
2019-11-20,43597.5625,43819.7148,42486.7969,42764.4883,208769
2019-11-21,42986.6406,43875.2539,42375.7188,42708.9492,300466
2019-11-22,42764.4883,43819.7148,42764.4883,43764.1758,264335
2019-11-25,43597.5625,43653.1016,42486.7969,43486.4844,173469
2019-11-26,43486.4844,44152.9453,43430.9453,44041.8672,171998
2019-11-27,44375.0977,44819.4062,43764.1758,44208.4844,183429
2019-11-28,43764.1758,43930.793,42764.4883,42820.0273,175414
2019-11-29,43153.2539,43486.4844,42320.1797,42708.9492,159296
2019-12-02,42542.3359,43042.1797,42042.4883,42264.6445,102223
2019-12-03,41598.1836,42597.8711,41209.4141,42153.5664,128813
2019-12-04,41875.875,43153.2539,41764.7969,42209.1055,208785
2019-12-05,42264.6445,42764.4883,41875.875,42653.4102,187080
2019-12-06,42486.7969,42875.5625,41875.875,42098.0273,131683
2019-12-09,42320.1797,42320.1797,41153.8789,41209.4141,187756
2019-12-10,41098.3398,41820.3359,40931.7227,41376.0312,121673
2019-12-11,41542.6445,41542.6445,40931.7227,41209.4141,123731
2019-12-12,41376.0312,41709.2617,41153.8789,41264.9531,271597
2019-12-13,41487.1055,41931.4141,40876.1836,41098.3398,284228
2019-12-16,41320.4922,41320.4922,39654.3438,40098.6484,360683
2019-12-17,40209.7266,40654.0312,39654.3438,40154.1875,185761
2019-12-18,40154.1875,40265.2656,38987.8828,39210.0352,304767
2019-12-19,39210.0352,39321.1133,38765.7305,38932.3438,139036
2019-12-20,38932.3438,39321.1133,38710.1914,39265.5742,165583
2019-12-23,39376.6523,39376.6523,38710.1914,38876.8086,148721
2019-12-24,38710.1914,39043.4219,38154.8086,38599.1172,188476
2019-12-26,38599.1172,38876.8086,38043.7305,38210.3477,141150
2019-12-27,38099.2695,39043.4219,37932.6562,38765.7305,158819
2019-12-30,38710.1914,39376.6523,38210.3477,38932.3438,206991
2020-01-02,39210.0352,39210.0352,38488.0391,38543.5781,147043
2020-01-03,38543.5781,38932.3438,38265.8867,38710.1914,186262
2020-01-06,38876.8086,39987.5742,38710.1914,39043.4219,338398
2020-01-07,39098.9609,39154.5,38265.8867,38488.0391,146898
2020-01-08,38765.7305,40487.418,37266.1953,37877.1172,983456
2020-01-09,37321.7344,38154.8086,37321.7344,38099.2695,268592
2020-01-10,37821.5781,38210.3477,37543.8867,37988.1953,218232
2020-01-13,37710.5039,38765.7305,37710.5039,38154.8086,169627
2020-01-14,38154.8086,39543.2656,38154.8086,39432.1914,338901
2020-01-15,39432.1914,39487.7266,38821.2695,39265.5742,235298
2020-01-16,39543.2656,39654.3438,38876.8086,38987.8828,129011
2020-01-17,39154.5,39598.8047,38654.6523,38654.6523,147525
2020-01-20,38654.6523,39709.8828,38654.6523,38821.2695,158669
2020-01-21,39154.5,39987.5742,38932.3438,39543.2656,298408
2020-01-22,39932.0352,40209.7266,38876.8086,39210.0352,181434
2020-01-23,38987.8828,39598.8047,38765.7305,39043.4219,143002
2020-01-28,37932.6562,38765.7305,36544.1992,36655.2734,266109
2020-01-29,36766.3516,37710.5039,36766.3516,37432.8125,144132
2020-01-30,37488.3477,37988.1953,36433.1211,36821.8906,147663
2020-01-31,36766.3516,37266.1953,35933.2773,36099.8906,137452
2020-02-03,35433.4336,36821.8906,35211.2812,35988.8164,216456
2020-02-04,35711.125,36932.9648,35711.125,36322.0469,144365
2020-02-05,36377.582,37377.2734,36322.0469,36710.8125,149707
2020-02-06,37044.043,38265.8867,37044.043,38043.7305,150659
2020-02-07,37710.5039,38265.8867,37321.7344,37654.9648,112617
2020-02-10,37599.4258,37821.5781,37155.1211,37710.5039,87647
2020-02-11,37877.1172,38376.9609,37321.7344,37432.8125,133408
2020-02-12,37044.043,37766.0391,37044.043,37599.4258,117366
2020-02-13,37599.4258,37766.0391,36988.5039,37266.1953,177595
2020-02-14,36988.5039,37488.3477,36544.1992,36988.5039,144327
2020-02-17,36821.8906,37099.582,36266.5078,36766.3516,105751
2020-02-18,36599.7383,36821.8906,36099.8906,36210.9688,137178
2020-02-19,36655.2734,36932.9648,35766.6641,36377.582,157438
2020-02-20,36099.8906,36599.7383,35711.125,35711.125,140459
2020-02-21,35377.8945,36322.0469,34766.9727,35877.7383,282679
2020-02-24,35211.2812,35322.3555,32045.5957,32434.3652,612669
2020-02-25,31878.9824,33545.1289,31823.4434,33322.9766,293396
2020-02-26,32712.0566,33100.8242,32267.75,32434.3652,237584
2020-02-27,32489.9023,33267.4375,32267.75,32323.2871,175179
2020-02-28,31656.8281,32267.75,30268.3711,30546.0625,449226
2020-03-02,30212.832,31156.9844,30212.832,30823.7539,231833
2020-03-03,31212.5215,31712.3672,30601.6016,30823.7539,217483
2020-03-04,30546.0625,31934.5195,30490.5234,31545.752,183751
2020-03-05,31712.3672,32600.9785,31601.291,32156.6738,199769
2020-03-06,31823.4434,32101.1348,31045.9062,31323.5996,194385
2020-03-09,31323.5996,31323.5996,31323.5996,31323.5996,0
2020-03-10,29157.6055,30212.832,28990.9902,29268.6816,287446
2020-03-11,29268.6816,29546.373,28213.4551,28324.5312,233715
2020-03-12,28324.5312,28324.5312,28324.5312,28324.5312,0
2020-03-13,23492.6992,25103.3086,22715.1621,24492.3887,718168
2020-03-16,24714.541,25436.5391,23326.084,23326.084,293835
2020-03-17,21493.3203,23492.6992,21493.3203,22437.4707,340578
2020-03-18,22381.9336,22770.7012,20493.6309,20493.6309,332823
2020-03-19,20549.1699,21049.0137,17161.334,17439.0254,635759
2020-03-20,17439.0254,18605.3281,16717.0273,18605.3281,645615
2020-03-23,16772.5645,17327.9473,16494.873,16661.4883,416766
2020-03-24,16994.7188,18494.252,16772.5645,18494.252,419461
2020-03-25,19827.1719,21215.6289,19493.9414,20215.9395,589034
2020-03-26,20826.8613,22104.2422,19993.7871,21382.2441,596048
2020-03-27,22770.7012,23103.9316,20882.3984,21993.1641,482810
2020-03-30,20882.3984,22381.9336,20715.7852,22381.9336,305994
2020-03-31,22770.7012,23381.623,22437.4707,22826.2402,331087
2020-04-01,22381.9336,23103.9316,21882.0879,22159.7793,320887
2020-04-02,21771.0117,22270.8574,21382.2441,22159.7793,267562
2020-04-03,22104.2422,22104.2422,21382.2441,21659.9355,260938
2020-04-06,21771.0117,22437.4707,21548.8594,22381.9336,234021
2020-04-07,23492.6992,26102.998,23103.9316,24770.0801,754109
2020-04-08,24714.541,26380.6895,23992.543,25492.0781,454532
2020-04-09,26102.998,26713.9199,25547.6152,25936.3848,333657
2020-04-10,25991.9219,26325.1523,25436.5391,25825.3066,236194
2020-04-13,25825.3066,25991.9219,24381.3125,24381.3125,269352
2020-04-14,24603.4648,25492.0781,24547.9258,25492.0781,285587
2020-04-16,24714.541,25103.3086,24270.2344,25047.7715,242060
2020-04-17,25492.0781,26047.4609,25269.9238,25714.2305,272750
2020-04-20,25936.3848,26769.459,25603.1543,25991.9219,281068
2020-04-21,25991.9219,32767.5938,24992.2324,27380.3789,5319447
2020-04-22,26880.5352,27491.457,25991.9219,26824.9961,1086442
2020-04-23,26824.9961,27213.7656,26658.3809,26936.0742,547038
2020-04-24,27380.3789,30101.7559,27324.8418,28546.6836,2575612
2020-04-27,28213.4551,29435.2969,27991.3008,28935.4512,872771
2020-04-28,29046.5293,31601.291,28491.1465,30434.9863,2461307
2020-04-29,30268.3711,30990.3691,29490.834,29879.6035,722982
2020-05-04,27824.6855,28380.0684,27047.1504,27047.1504,712384
2020-05-06,27213.7656,27602.5332,27158.2266,27324.8418,342013
2020-05-07,27102.6875,28046.8398,27047.1504,27935.7617,271271
2020-05-08,28046.8398,28213.4551,27658.0703,27769.1484,244018
2020-05-11,27769.1484,27991.3008,27158.2266,27158.2266,347883
2020-05-12,27435.918,27491.457,25991.9219,26269.6133,430019
2020-05-13,26269.6133,27213.7656,26269.6133,26991.6113,346122
2020-05-14,26880.5352,26880.5352,25658.6934,25825.3066,445686
2020-05-15,25880.8457,26214.0762,25547.6152,26047.4609,311419
2020-05-18,26325.1523,26325.1523,25436.5391,25658.6934,198844
2020-05-19,26158.5371,26602.8438,25991.9219,26380.6895,361642
2020-05-20,26269.6133,26547.3047,26047.4609,26436.2285,218207
2020-05-21,26547.3047,27047.1504,26269.6133,26547.3047,309486
2020-05-22,26658.3809,26658.3809,25492.0781,25769.7695,374203
2020-05-25,26102.998,26102.998,25381.002,25603.1543,247344
2020-05-26,25547.6152,26325.1523,25547.6152,26102.998,297165
2020-05-27,26102.998,27324.8418,26102.998,27213.7656,578610
2020-05-28,27491.457,28046.8398,26380.6895,26658.3809,711220
2020-05-29,26991.6113,27158.2266,26436.2285,26991.6113,402723
2020-06-01,27546.9941,27602.5332,26880.5352,27213.7656,318817
2020-06-02,26936.0742,27324.8418,26769.459,27213.7656,272100
2020-06-03,27380.3789,28435.6074,27213.7656,27935.7617,644864
2020-06-04,29157.6055,29157.6055,27713.6094,28102.377,700402
2020-06-05,27991.3008,28268.9922,27491.457,28268.9922,286007
2020-06-08,28602.2227,28657.7598,27991.3008,28102.377,427446
2020-06-09,28713.2988,29601.9121,27991.3008,28324.5312,988834
2020-06-10,28435.6074,28491.1465,27546.9941,27824.6855,354061
2020-06-11,27880.2246,27935.7617,27213.7656,27935.7617,444852
2020-06-12,26769.459,27435.918,26547.3047,27213.7656,428578
2020-06-15,27824.6855,31323.5996,27769.1484,29046.5293,3371956
2020-06-16,28546.6836,29546.373,27824.6855,29157.6055,1784421
2020-06-17,31878.9824,34544.8203,29712.9883,33156.3633,10552389
2020-06-18,32323.2871,34100.5117,31545.752,32434.3652,4357146
2020-06-19,32489.9023,32934.2109,29490.834,29601.9121,3382858
2020-06-22,29046.5293,30323.9102,28435.6074,29268.6816,1023285
2020-06-23,29268.6816,30101.7559,28824.375,28990.9902,735767
2020-06-24,27880.2246,28324.5312,27213.7656,27380.3789,952465
2020-06-25,27380.3789,27380.3789,26769.459,26769.459,360652
2020-06-26,26991.6113,28268.9922,26936.0742,27935.7617,507971
2020-06-29,28268.9922,28268.9922,27102.6875,27324.8418,282983
2020-06-30,28268.9922,28268.9922,27324.8418,27324.8418,372988
2020-07-01,27435.918,27935.7617,27213.7656,27435.918,287379
2020-07-02,27435.918,27769.1484,27269.3027,27380.3789,234977
2020-07-03,27380.3789,27435.918,26880.5352,27158.2266,256589
2020-07-06,27213.7656,27491.457,27047.1504,27380.3789,205522
2020-07-07,27546.9941,27658.0703,27047.1504,27047.1504,291778
2020-07-08,26991.6113,27213.7656,26658.3809,26991.6113,255084
2020-07-09,27213.7656,27213.7656,26713.9199,26713.9199,265118
2020-07-10,26769.459,26769.459,25936.3848,25991.9219,299443
2020-07-13,26214.0762,26713.9199,26102.998,26436.2285,179366
2020-07-14,26214.0762,26602.8438,26102.998,26602.8438,157202
2020-07-15,26713.9199,27158.2266,26658.3809,27047.1504,229646
2020-07-16,26880.5352,27324.8418,26658.3809,26769.459,193525
2020-07-17,26491.7676,26824.9961,26491.7676,26491.7676,164832
2020-07-20,26880.5352,26936.0742,26547.3047,26658.3809,164818
2020-07-21,26602.8438,27102.6875,26602.8438,26880.5352,232327
2020-07-22,26713.9199,27546.9941,26713.9199,27324.8418,311526
2020-07-23,27324.8418,27435.918,26769.459,26991.6113,188157
2020-07-24,26658.3809,26880.5352,26547.3047,26547.3047,217947
2020-07-27,28713.2988,29601.9121,27491.457,27769.1484,1216953
2020-07-28,27769.1484,28879.9141,27213.7656,28435.6074,798527
2020-07-29,30268.3711,31656.8281,28768.8379,28768.8379,1923248
2020-07-30,28768.8379,28824.375,27602.5332,27713.6094,661640
2020-07-31,27658.0703,27769.1484,26991.6113,26991.6113,436416
2020-08-03,26880.5352,27546.9941,26824.9961,27213.7656,271648
2020-08-04,27213.7656,28102.377,27213.7656,27991.3008,285739
2020-08-05,28046.8398,28768.8379,27658.0703,28657.7598,553898
2020-08-06,28657.7598,29046.5293,28213.4551,28213.4551,376813
2020-08-07,28157.916,28380.0684,27713.6094,28380.0684,362815
2020-08-10,28380.0684,30157.2949,27935.7617,29824.0645,1080260
2020-08-11,30268.3711,30657.1387,29546.373,30434.9863,668071
2020-08-12,30823.7539,30823.7539,29157.6055,29935.1406,965909
2020-08-13,30212.832,30379.4473,29324.2207,30101.7559,689343
2020-08-14,30101.7559,30879.293,29824.0645,30101.7559,622257
2020-08-18,30212.832,30490.5234,28546.6836,28602.2227,594003
2020-08-19,28824.375,29046.5293,28157.916,28546.6836,348110
2020-08-20,28713.2988,28990.9902,27380.3789,27546.9941,719391
2020-08-21,28491.1465,29157.6055,27935.7617,28546.6836,699245
2020-08-24,28324.5312,28824.375,27658.0703,28435.6074,273883
2020-08-25,28602.2227,29379.7578,28546.6836,29213.1426,345752
2020-08-26,29546.373,29768.5273,28935.4512,29213.1426,353730
2020-08-27,29268.6816,29324.2207,28324.5312,28324.5312,320409
2020-08-28,28102.377,28824.375,28102.377,28435.6074,238852
2020-08-31,28491.1465,28990.9902,28435.6074,28657.7598,268015
2020-09-01,28435.6074,29935.1406,28435.6074,29657.4492,551514
2020-09-02,29990.6797,30046.2188,29435.2969,29768.5273,314335
2020-09-03,30712.6777,32878.6719,30101.7559,32489.9023,2449806
2020-09-04,31656.8281,34433.7422,31490.2129,32378.8262,1906848
2020-09-07,32767.5938,33545.1289,31823.4434,31990.0586,894661
2020-09-08,32656.5176,33045.2852,32267.75,32434.3652,611751
2020-09-09,32212.2109,32712.0566,31268.0605,31268.0605,614009
2020-09-10,31434.6758,31712.3672,30823.7539,31490.2129,431237
2020-09-11,31323.5996,31323.5996,30379.4473,30657.1387,348753
2020-09-14,30434.9863,31268.0605,30268.3711,31268.0605,345138
2020-09-15,31323.5996,31323.5996,30379.4473,30657.1387,441790
2020-09-16,31545.752,31767.9043,29990.6797,30101.7559,886251
2020-09-17,30046.2188,30046.2188,29157.6055,29657.4492,427636
2020-09-18,29657.4492,29990.6797,29379.7578,29990.6797,253748
2020-09-21,29657.4492,29879.6035,29157.6055,29213.1426,323247
2020-09-22,28879.9141,28990.9902,28046.8398,28157.916,416738
2020-09-23,28324.5312,28602.2227,27602.5332,28435.6074,235993
2020-09-24,27769.1484,29213.1426,27713.6094,28380.0684,389998
2020-09-25,28824.375,28824.375,27491.457,27769.1484,291575
2020-09-28,27991.3008,28102.377,27713.6094,27824.6855,186555
2020-09-29,28102.377,28324.5312,27824.6855,28213.4551,177933
2020-10-05,28491.1465,29435.2969,28268.9922,29324.2207,222541
2020-10-06,29213.1426,29601.9121,28990.9902,29268.6816,159158
2020-10-07,29435.2969,29990.6797,28935.4512,29824.0645,222002
2020-10-08,29990.6797,29990.6797,29435.2969,29435.2969,196733
2020-10-12,29435.2969,29935.1406,29157.6055,29879.6035,209943
2020-10-13,29990.6797,29990.6797,29435.2969,29768.5273,210126
2020-10-14,29879.6035,29935.1406,29157.6055,29157.6055,166032
2020-10-15,29102.0664,29324.2207,28491.1465,28602.2227,166339
2020-10-16,28768.8379,28824.375,28324.5312,28713.2988,134263
2020-10-19,28990.9902,29546.373,28824.375,28879.9141,260964
2020-10-20,28824.375,29102.0664,28324.5312,28602.2227,194986
2020-10-21,28602.2227,29268.6816,28602.2227,29157.6055,170064
2020-10-22,29157.6055,29324.2207,28768.8379,28824.375,121654
2020-10-23,29102.0664,30157.2949,28990.9902,30101.7559,527356
2020-10-26,30101.7559,30546.0625,29324.2207,29546.373,335281
2020-10-27,29102.0664,29213.1426,28657.7598,28824.375,269854
2020-10-28,28546.6836,29046.5293,28435.6074,29046.5293,170743
2020-10-29,28435.6074,28602.2227,28102.377,28435.6074,263228
2020-10-30,28324.5312,28380.0684,27769.1484,27880.2246,212227
2020-11-02,27880.2246,28268.9922,27769.1484,28213.4551,97898
2020-11-03,28157.916,28657.7598,28157.916,28602.2227,109993
2020-11-04,28768.8379,29046.5293,28157.916,28380.0684,238446
2020-11-05,28602.2227,28990.9902,28380.0684,28990.9902,245426
2020-11-06,28935.4512,29046.5293,28602.2227,28657.7598,132072
2020-11-09,28990.9902,29435.2969,28879.9141,29268.6816,248339
2020-11-10,29935.1406,30768.2148,29490.834,30546.0625,710940
2020-11-11,30712.6777,31656.8281,30101.7559,31656.8281,793612
2020-11-12,31767.9043,31767.9043,30323.9102,30434.9863,749557
2020-11-13,30434.9863,30879.293,29824.0645,30046.2188,297611
2020-11-16,30434.9863,30990.3691,30157.2949,30657.1387,388550
2020-11-17,30823.7539,30990.3691,30046.2188,30490.5234,296932
2020-11-18,30490.5234,30712.6777,29879.6035,30046.2188,291469
2020-11-19,29990.6797,30157.2949,29490.834,29657.4492,222335
2020-11-20,29546.373,29935.1406,29435.2969,29824.0645,225816
2020-11-23,29824.0645,30712.6777,29657.4492,30434.9863,350838
2020-11-24,30546.0625,30712.6777,29935.1406,30323.9102,424226
2020-11-25,30657.1387,30823.7539,29824.0645,30101.7559,447105
2020-11-26,29935.1406,30268.3711,29657.4492,30268.3711,257624
2020-11-27,29990.6797,30212.832,29824.0645,29879.6035,167016
2020-11-30,29990.6797,30046.2188,29268.6816,29324.2207,338875
2020-12-01,29712.9883,29712.9883,29268.6816,29268.6816,212043
2020-12-02,29379.7578,29546.373,29157.6055,29490.834,237896
2020-12-03,29490.834,29990.6797,29157.6055,29824.0645,241117
2020-12-04,30046.2188,30101.7559,29657.4492,29879.6035,237327
2020-12-07,29935.1406,29990.6797,28990.9902,29102.0664,356030
2020-12-08,29046.5293,29213.1426,28713.2988,28824.375,362361
2020-12-09,28990.9902,29379.7578,28657.7598,29379.7578,316144
2020-12-10,29268.6816,30101.7559,28935.4512,30046.2188,465474
2020-12-11,30046.2188,30879.293,30046.2188,30157.2949,502546
2020-12-14,30157.2949,30212.832,29879.6035,30157.2949,238138
2020-12-15,30490.5234,31268.0605,30379.4473,31156.9844,796063
2020-12-16,31323.5996,32323.2871,31101.4453,32323.2871,862071
2020-12-17,32323.2871,32378.8262,31212.5215,31767.9043,529744
2020-12-18,31656.8281,32656.5176,31656.8281,32267.75,517007
2020-12-21,32378.8262,32434.3652,31379.1367,31878.9824,294368
2020-12-22,31434.6758,31601.291,30546.0625,30712.6777,406496
2020-12-23,30934.8301,31156.9844,29879.6035,30768.2148,361329
2020-12-24,30823.7539,31545.752,30657.1387,31101.4453,269684
2020-12-28,31156.9844,31934.5195,30990.3691,31545.752,392028
2020-12-29,31601.291,31934.5195,31101.4453,31323.5996,274459
2020-12-30,31323.5996,31878.9824,31045.9062,31656.8281,288414
2021-01-04,32101.1348,33211.9023,31656.8281,33100.8242,818138
2021-01-05,33100.8242,34211.5898,32378.8262,34100.5117,806044
2021-01-06,34600.3594,34822.5117,33489.5938,33711.7461,703271
2021-01-07,34100.5117,34267.1289,33711.7461,34211.5898,497749
2021-01-08,34489.2812,37432.8125,34044.9766,36377.582,1860238
2021-01-11,36599.7383,37488.3477,34100.5117,35322.3555,1459450
2021-01-12,34989.125,37654.9648,34044.9766,37266.1953,2027149
2021-01-13,38099.2695,38099.2695,36377.582,36710.8125,1102122
2021-01-14,36766.3516,37099.582,35488.9727,36099.8906,475173
2021-01-15,36488.6602,40265.2656,36266.5078,39932.0352,3076525
2021-01-18,40209.7266,44097.4062,39154.5,42986.6406,3920076
2021-01-19,44152.9453,44430.6367,41653.7227,43486.4844,1670202
2021-01-20,43819.7148,46652.168,42708.9492,45652.4805,2549952
2021-01-21,46430.0156,48262.7773,44763.8672,46763.2461,2197410
2021-01-22,47096.4727,47096.4727,44208.4844,44319.5586,1170443
2021-01-25,44319.5586,48596.0078,44041.8672,47818.4727,1618356
2021-01-26,48207.2422,51817.2305,46874.3203,49540.1602,1861500
2021-01-27,50428.7734,51817.2305,46929.8594,47318.6289,1225720
2021-01-28,45930.1719,47040.9375,44930.4805,45041.5586,1064775
2021-01-29,45541.4023,47429.7031,43264.332,45152.6328,1904934
2021-02-01,44708.3281,45819.0938,43319.8711,45430.3242,872392
2021-02-02,47207.5508,49095.8516,45541.4023,46318.9375,1413394
2021-02-03,46430.0156,47040.9375,45652.4805,46985.3984,600905
2021-02-04,47374.168,50762.0039,46096.7852,49151.3906,2377638
2021-02-05,49095.8516,49651.2344,47374.168,48373.8555,851509
2021-02-08,48318.3164,48873.6992,46985.3984,47096.4727,542861
2021-02-09,47429.7031,47929.5508,45208.1719,45374.7891,731106
2021-02-10,45874.6328,48762.625,45485.8633,48096.1641,1217104
2021-02-15,49318.0078,50151.082,48096.1641,49318.0078,820258
2021-02-16,49540.1602,49595.6992,47374.168,47651.8594,579375
2021-02-17,47429.7031,47429.7031,45985.707,46207.8633,568369
2021-02-18,46318.9375,48984.7773,46318.9375,47152.0117,835584
2021-02-19,47762.9336,48707.0859,45263.7109,46485.5547,719021
2021-02-22,46874.3203,48096.1641,45652.4805,46152.3242,451386
2021-02-23,45596.9414,46096.7852,44819.4062,44874.9414,393504
2021-02-24,44874.9414,45263.7109,42153.5664,42320.1797,910149
2021-02-25,43264.332,43597.5625,42542.3359,43208.793,433836
2021-02-26,41653.7227,41764.7969,40098.6484,40987.2617,912763
2021-03-02,43042.1797,43653.1016,41153.8789,41764.7969,667088
2021-03-03,41653.7227,43153.2539,41209.4141,42597.8711,499050
2021-03-04,42098.0273,42875.5625,41542.6445,41931.4141,329435
2021-03-05,41320.4922,41431.5703,40376.3398,41098.3398,422770
2021-03-08,41986.9531,43264.332,41431.5703,41542.6445,652659
2021-03-09,41764.7969,42209.1055,39987.5742,40987.2617,359855
2021-03-10,41986.9531,42375.7188,40765.1094,41153.8789,305822
2021-03-11,41487.1055,46818.7812,41376.0312,45819.0938,1746853
2021-03-12,45874.6328,46374.4766,44986.0195,45819.0938,687461
2021-03-15,45763.5547,46430.0156,45208.1719,45874.6328,423324
2021-03-16,46318.9375,46430.0156,45097.0977,45208.1719,414926
2021-03-17,45319.25,45930.1719,44097.4062,45819.0938,507204
2021-03-18,46318.9375,47040.9375,45652.4805,46485.5547,541853
2021-03-19,45541.4023,46763.2461,44930.4805,46263.3984,481555
2021-03-22,46485.5547,46652.168,45208.1719,45319.25,400030
2021-03-23,45763.5547,46096.7852,43208.793,43597.5625,603984
2021-03-24,43597.5625,43986.3281,42875.5625,43597.5625,304849
2021-03-25,43708.6367,44097.4062,43097.7188,43430.9453,327621
2021-03-26,43486.4844,45819.0938,43486.4844,44430.6367,782273
2021-03-29,44986.0195,46430.0156,44541.7148,45374.7891,834543
2021-03-30,46318.9375,46596.6289,43264.332,44097.4062,1022080
2021-03-31,44097.4062,46263.3984,43597.5625,45430.3242,840420
2021-04-01,45430.3242,45819.0938,44430.6367,44708.3281,328886
2021-04-02,44874.9414,45097.0977,44264.0234,44319.5586,264173
2021-04-05,44430.6367,45874.6328,44319.5586,45485.8633,425009
2021-04-06,45596.9414,45874.6328,44319.5586,44763.8672,265585
2021-04-07,44763.8672,45208.1719,44264.0234,44319.5586,273056
2021-04-08,44708.3281,44763.8672,44097.4062,44097.4062,323264
2021-04-09,44430.6367,44819.4062,44319.5586,44486.1758,262423
2021-04-12,44708.3281,44874.9414,44097.4062,44319.5586,341902
2021-04-13,44430.6367,44874.9414,44208.4844,44874.9414,319798
2021-04-14,45874.6328,47374.168,45263.7109,45874.6328,1268024
2021-04-15,45874.6328,45930.1719,45097.0977,45208.1719,274194
2021-04-16,45374.7891,45541.4023,44597.25,44930.4805,286878
2021-04-19,44763.8672,45041.5586,44375.0977,44819.4062,349118
2021-04-20,44930.4805,45263.7109,44763.8672,45208.1719,269631
2021-04-21,45208.1719,45319.25,43653.1016,43819.7148,630391
2021-04-22,44097.4062,44541.7148,43875.2539,44486.1758,316171
2021-04-23,44486.1758,44597.25,43875.2539,44319.5586,355291
2021-04-26,44375.0977,44597.25,44041.8672,44097.4062,225043
2021-04-27,44097.4062,44097.4062,42931.1016,43153.2539,431654
2021-04-28,43153.2539,44041.8672,42209.1055,42209.1055,380731
2021-04-29,42431.2578,42986.6406,41709.2617,42153.5664,187650
2021-04-30,42209.1055,43264.332,42098.0273,42875.5625,179145
2021-05-03,43042.1797,43097.7188,41320.4922,41598.1836,290671
2021-05-04,41542.6445,41542.6445,40209.7266,41376.0312,352530
2021-05-06,41153.8789,43875.2539,40876.1836,43486.4844,487023
2021-05-07,43986.3281,45097.0977,43430.9453,44708.3281,501060
2021-05-10,45263.7109,45541.4023,44597.25,44986.0195,382435
2021-05-11,44819.4062,45485.8633,44097.4062,44874.9414,760182
2021-05-12,45541.4023,46374.4766,44041.8672,45263.7109,1082132
2021-05-13,44375.0977,47762.9336,44097.4062,46929.8594,1727713
2021-05-14,47429.7031,48596.0078,46318.9375,48040.625,967156
2021-05-17,48540.4688,48929.2383,46874.3203,47096.4727,633865
2021-05-18,47540.7812,49651.2344,47207.5508,48929.2383,1012230
2021-05-20,48540.4688,48540.4688,46763.2461,47263.0898,481375
2021-05-21,47762.9336,48429.3945,46652.168,47429.7031,442092
2021-05-24,49984.4648,50317.6953,47651.8594,48318.3164,1460006
2021-05-25,48762.625,54760.7578,48318.3164,54371.9922,5325014
2021-05-26,54649.6836,55260.6055,52983.5352,54483.0664,1634208
2021-05-27,54483.0664,54871.8359,52428.1523,52483.6875,896629
2021-05-28,52816.918,53816.6094,52317.0742,52594.7656,650861
2021-05-31,52650.3047,53483.3789,51317.3867,51983.8438,639197
2021-06-01,51706.1523,54260.9141,51261.8477,54038.7617,972694
2021-06-02,54038.7617,54038.7617,52539.2266,52872.457,645790
2021-06-03,52927.9961,53039.0703,51484.0,52094.9219,433034
2021-06-04,51817.2305,52372.6133,50984.1562,51706.1523,428435
2021-06-07,52205.9961,53427.8398,51706.1523,52872.457,609271
2021-06-08,53316.7617,56982.293,53094.6094,54927.375,1893772
2021-06-09,55149.5273,56426.9102,53983.2227,55649.3711,670548
2021-06-10,56093.6797,56315.832,54149.8398,54205.375,659935
2021-06-11,53983.2227,54871.8359,53483.3789,54427.5312,377438
2021-06-14,54538.6055,55149.5273,53316.7617,53538.918,328913
2021-06-15,53594.457,54260.9141,53039.0703,53372.3008,284665
2021-06-16,53205.6875,54149.8398,52983.5352,53261.2266,301373
2021-06-17,53094.6094,53261.2266,51095.2305,51484.0,723064
2021-06-18,51706.1523,54316.4531,51428.4609,53983.2227,764079
2021-06-21,53427.8398,53872.1484,51761.6914,52150.4609,482431
2021-06-22,52761.3789,53594.457,52372.6133,52705.8438,259842
2021-06-23,52816.918,52983.5352,51261.8477,51650.6133,431994
2021-06-24,51928.3047,52594.7656,51706.1523,51983.8438,235271
2021-06-25,52094.9219,52205.9961,51428.4609,51595.0781,350568
2021-06-28,52261.5352,54094.3008,51650.6133,51706.1523,564638
2021-06-29,51761.6914,53094.6094,51484.0,52594.7656,371867
2021-06-30,52705.8438,52761.3789,51706.1523,52205.9961,297465
2021-07-01,52094.9219,53150.1484,51595.0781,52372.6133,354865
2021-07-02,53205.6875,55260.6055,53205.6875,53816.6094,721608
2021-07-05,54316.4531,60536.7422,53983.2227,59425.9766,2901295
2021-07-06,59425.9766,61425.3555,58759.5156,60314.5898,1153385
2021-07-07,59981.3594,61314.2773,59314.8984,60536.7422,694101
2021-07-08,60536.7422,61203.2031,56426.9102,56426.9102,1201031
2021-07-09,56649.0625,58204.1328,55982.6016,56982.293,798763
2021-07-12,57981.9805,58537.3633,56649.0625,56871.2148,502546
2021-07-13,56093.6797,57204.4453,55482.7578,57204.4453,432194
2021-07-14,56649.0625,56871.2148,55649.3711,55982.6016,304018
2021-07-15,56315.832,57537.6758,56093.6797,56315.832,396688
2021-07-16,56649.0625,58315.2109,56315.832,57204.4453,472672
2021-07-19,58315.2109,58981.668,56649.0625,57315.5195,552799
2021-07-20,56204.7539,57981.9805,56093.6797,57315.5195,353302
2021-07-21,58204.1328,58204.1328,56315.832,56537.9844,449741
2021-07-22,56760.1367,58648.4414,56315.832,57981.9805,426053
2021-07-23,58093.0586,58870.5938,57315.5195,57537.6758,322682
2021-07-26,57870.9023,57870.9023,56537.9844,56537.9844,271852
2021-07-27,56649.0625,57981.9805,56204.7539,56537.9844,261231
2021-07-28,56426.9102,56871.2148,54982.9141,55649.3711,322085
2021-07-29,56426.9102,58537.3633,56315.832,57315.5195,587572
2021-07-30,57426.5977,57537.6758,56537.9844,57537.6758,264287
2021-08-02,57759.8281,60981.0469,57315.5195,59981.3594,939667
2021-08-03,60092.4375,60647.8203,58537.3633,59981.3594,577340
2021-08-04,59759.207,62869.3516,59425.9766,61203.2031,807387
2021-08-05,61314.2773,61980.7383,58759.5156,59425.9766,627014
2021-08-06,59648.1289,59870.2812,57537.6758,58093.0586,826797
2021-08-09,57981.9805,58093.0586,57093.3672,57315.5195,384553
2021-08-10,57537.6758,57870.9023,56760.1367,57759.8281,269882
2021-08-11,57537.6758,58981.668,55760.4492,56093.6797,802376
2021-08-12,56204.7539,58537.3633,55649.3711,57426.5977,693572
2021-08-13,57870.9023,57870.9023,56093.6797,57093.3672,347697
2021-08-17,57426.5977,57648.75,55427.2188,55538.2969,402528
2021-08-18,55371.6797,56760.1367,55260.6055,55982.6016,327818
2021-08-19,55538.2969,55649.3711,53094.6094,53150.1484,660408
2021-08-20,53150.1484,54038.7617,52205.9961,52594.7656,406136
2021-08-23,52650.3047,54038.7617,52428.1523,53094.6094,319498
2021-08-24,53316.7617,54205.375,53205.6875,53649.9922,256932
2021-08-25,53761.0703,54427.5312,53427.8398,53816.6094,222027
2021-08-26,53816.6094,54149.8398,52816.918,53261.2266,293379
2021-08-27,53205.6875,53983.2227,52761.3789,53649.9922,207652
2021-08-30,54427.5312,56315.832,54038.7617,55760.4492,493746
2021-08-31,56204.7539,56871.2148,55316.1406,56537.9844,356054
2021-09-01,56315.832,56982.293,55760.4492,55982.6016,197130
2021-09-02,56204.7539,58315.2109,55871.5234,57426.5977,509320
2021-09-03,57426.5977,57648.75,56093.6797,56537.9844,316150
2021-09-06,56649.0625,56982.293,56093.6797,56871.2148,164376
2021-09-07,56649.0625,57426.5977,56093.6797,56426.9102,153539
2021-09-08,56204.7539,56871.2148,55871.5234,56426.9102,182577
2021-09-09,56093.6797,56982.293,55205.0664,55260.6055,320689
2021-09-10,55482.7578,56093.6797,54427.5312,55316.1406,211337
2021-09-13,55649.3711,56204.7539,54538.6055,54705.2227,191594
2021-09-14,54982.9141,56204.7539,54871.8359,56093.6797,195107
2021-09-15,55649.3711,56204.7539,55149.5273,56204.7539,170807
2021-09-16,56315.832,56649.0625,55482.7578,55760.4492,182331
2021-09-17,55760.4492,57204.4453,55260.6055,56760.1367,444755
2021-09-23,56204.7539,57759.8281,55760.4492,57648.75,489755
2021-09-24,57981.9805,58537.3633,56760.1367,57315.5195,384903
2021-09-27,57315.5195,57648.75,56315.832,57093.3672,285947
2021-09-28,57426.5977,58093.0586,55871.5234,56204.7539,401535
2021-09-29,55093.9883,55649.3711,53150.1484,53761.0703,746440
2021-09-30,53427.8398,55982.6016,53427.8398,55760.4492,451819
2021-10-01,55427.2188,59203.8242,55427.2188,57759.8281,973789
2021-10-05,57315.5195,58315.2109,56537.9844,57981.9805,568850
2021-10-06,58537.3633,58759.5156,53316.7617,53483.3789,1024070
2021-10-07,54649.6836,55649.3711,53538.918,55205.0664,421610
2021-10-08,55260.6055,55538.2969,53816.6094,54205.375,315878
2021-10-12,54205.375,56982.293,54205.375,56204.7539,451602
2021-10-13,56537.9844,57426.5977,55760.4492,56315.832,281664
2021-10-14,56649.0625,57093.3672,55371.6797,55871.5234,397414
2021-10-15,56315.832,56649.0625,54982.9141,55649.3711,475510
2021-10-18,56426.9102,57093.3672,55538.2969,57093.3672,515550
2021-10-19,57759.8281,57870.9023,56093.6797,56537.9844,526588
2021-10-20,56871.2148,56871.2148,53372.3008,53427.8398,1456758
2021-10-21,54038.7617,55649.3711,53761.0703,54760.7578,1805380
2021-10-22,54649.6836,54649.6836,51983.8438,52317.0742,1757858
2021-10-25,51983.8438,52594.7656,51539.5391,51817.2305,454155
2021-10-26,51817.2305,52150.4609,51206.3086,51539.5391,416614
2021-10-27,51595.0781,51872.7695,49651.2344,49873.3906,725273
2021-10-28,49873.3906,51706.1523,49595.6992,50373.2344,465291
2021-10-29,50428.7734,50706.4648,49206.9297,49984.4648,286418
2021-11-01,49762.3125,50206.6172,48707.0859,48707.0859,342985
2021-11-02,48762.625,49484.6211,48707.0859,48929.2383,177433
2021-11-03,48984.7773,49095.8516,47485.2422,47818.4727,388275
2021-11-04,48207.2422,48373.8555,46707.707,46985.3984,591049
2021-11-05,47096.4727,47374.168,46207.8633,46818.7812,315033
2021-11-08,46541.0898,47374.168,45985.707,47152.0117,259155
2021-11-09,47096.4727,47762.9336,47096.4727,47263.0898,212870
2021-11-10,46818.7812,47040.9375,45430.3242,45430.3242,400392
2021-11-11,44763.8672,45430.3242,44597.25,44930.4805,400476
2021-11-12,44819.4062,45985.707,44819.4062,45596.9414,291559
2021-11-15,45819.0938,46818.7812,45485.8633,46596.6289,361064
2021-11-16,46263.3984,47707.3945,46207.8633,46652.168,440570
2021-11-17,46818.7812,48040.625,46041.2461,47540.7812,433774
2021-11-18,48207.2422,50262.1562,48096.1641,48262.7773,736548
2021-11-19,48262.7773,49151.3906,48040.625,48651.5469,280578
2021-11-22,48651.5469,48707.0859,47318.6289,47651.8594,341227
2021-11-23,47540.7812,49318.0078,47096.4727,49095.8516,291728
2021-11-24,49595.6992,49595.6992,47985.0859,48762.625,288567
2021-11-25,48929.2383,49817.8516,48707.0859,49318.0078,249541
2021-11-26,49318.0078,49540.1602,47540.7812,47818.4727,265314
2021-11-29,46096.7852,47818.4727,45985.707,46985.3984,259231
2021-11-30,47040.9375,47985.0859,44652.7891,45152.6328,367303
2021-12-01,44986.0195,46763.2461,44763.8672,46485.5547,241261
2021-12-02,45819.0938,48262.7773,45485.8633,48040.625,266571
2021-12-03,48040.625,48596.0078,47596.3203,48040.625,182402
2021-12-06,47874.0117,49373.543,47152.0117,48984.7773,287924
2021-12-07,49262.4688,49873.3906,48762.625,49762.3125,277702
2021-12-08,50095.543,50817.5391,49095.8516,49262.4688,363703
2021-12-09,49540.1602,52761.3789,49484.6211,52483.6875,828982
2021-12-10,52539.2266,54705.2227,51650.6133,52094.9219,833784
2021-12-13,52594.7656,54316.4531,52150.4609,52650.3047,1008132
2021-12-14,53316.7617,53372.3008,51428.4609,51484.0,482621
2021-12-15,51428.4609,52039.3828,50539.8477,51150.7695,277515
2021-12-16,51484.0,52205.9961,50484.3125,50817.5391,314501
2021-12-17,50428.7734,52372.6133,50428.7734,52372.6133,363259
2021-12-20,52150.4609,52150.4609,51095.2305,51095.2305,213701
2021-12-21,51261.8477,51650.6133,50484.3125,50984.1562,174037
2021-12-22,51261.8477,51428.4609,50595.3867,50873.0781,152824
2021-12-23,50984.1562,51484.0,50539.8477,51206.3086,197277
2021-12-24,51261.8477,52205.9961,51261.8477,51928.3047,234638
2021-12-27,51761.6914,52872.457,51761.6914,52150.4609,255438
2021-12-28,52428.1523,52483.6875,51539.5391,52205.9961,254102
2021-12-29,52205.9961,54094.3008,51539.5391,53594.457,507016
2021-12-30,53705.5312,53927.6836,52594.7656,53316.7617,323529
2022-01-04,55482.7578,56537.9844,54982.9141,55982.6016,569015
2022-01-05,55871.5234,56871.2148,55427.2188,56537.9844,602286
2022-01-06,55482.7578,56871.2148,54871.8359,54871.8359,500376
2022-01-07,54982.9141,56426.9102,54649.6836,55649.3711,323684
2022-01-10,56093.6797,57426.5977,55649.3711,56760.1367,508152
2022-01-11,57204.4453,57426.5977,55371.6797,55760.4492,372512
2022-01-12,55871.5234,56871.2148,55871.5234,55982.6016,212012
2022-01-13,56426.9102,59092.7461,56204.7539,58315.2109,959248
2022-01-14,58204.1328,59092.7461,57537.6758,58759.5156,418847
2022-01-17,59981.3594,60092.4375,57870.9023,58315.2109,689544
2022-01-18,58537.3633,59537.0547,57093.3672,57759.8281,467941
2022-01-19,56649.0625,58759.5156,56426.9102,57204.4453,353267
2022-01-20,57981.9805,60536.7422,57759.8281,59759.207,788084
2022-01-21,58981.668,59981.3594,57759.8281,59425.9766,511412
2022-01-24,58093.0586,58648.4414,53483.3789,53705.5312,1357376
2022-01-25,53705.5312,54816.2969,53094.6094,53872.1484,596838
2022-01-26,53872.1484,53872.1484,53872.1484,53872.1484,0
2022-01-27,54483.0664,54649.6836,51539.5391,52039.3828,467677
2022-01-28,52039.3828,53816.6094,51372.9219,53094.6094,452738
2022-02-03,56537.9844,56760.1367,52761.3789,52816.918,983104
2022-02-04,52761.3789,53705.5312,52261.5352,53483.3789,342745
2022-02-07,54427.5312,57426.5977,54149.8398,55982.6016,969995
2022-02-08,55982.6016,55982.6016,55982.6016,55982.6016,0
2022-02-09,55982.6016,55982.6016,55982.6016,55982.6016,0
2022-02-10,54816.2969,54982.9141,53205.6875,54205.375,283271
2022-02-11,53872.1484,54205.375,52927.9961,52983.5352,270633
2022-02-14,52983.5352,53872.1484,50762.0039,51539.5391,397311
2022-02-15,51317.3867,52039.3828,50095.543,50428.7734,261876
2022-02-16,50984.1562,51539.5391,50595.3867,51039.6953,211038
2022-02-17,51317.3867,53039.0703,51039.6953,52539.2266,407981
2022-02-18,51983.8438,52761.3789,51595.0781,52483.6875,211003
2022-02-21,52483.6875,52483.6875,52483.6875,52483.6875,0
2022-02-22,52483.6875,52483.6875,52483.6875,52483.6875,0
2022-02-23,52483.6875,52483.6875,52483.6875,52483.6875,0
2022-02-24,51206.3086,51706.1523,50317.6953,50650.9258,297906
2022-02-25,51372.9219,54649.6836,51095.2305,54316.4531,572180
2022-02-28,54316.4531,54316.4531,54316.4531,54316.4531,0
2022-03-02,59203.8242,61536.4297,58870.5938,60536.7422,1445369
2022-03-03,59537.0547,60758.8945,58093.0586,59870.2812,701830
2022-03-04,59870.2812,59870.2812,59870.2812,59870.2812,0
2022-03-07,64091.1914,64979.8047,60869.9727,61203.2031,1101772
2022-03-08,61980.7383,62202.8906,58759.5156,59203.8242,743796
2022-03-10,59203.8242,59203.8242,59203.8242,59203.8242,0
2022-03-11,59203.8242,59203.8242,59203.8242,59203.8242,0
2022-03-14,61425.3555,62425.043,60425.6641,60758.8945,431132
2022-03-15,60758.8945,60758.8945,60758.8945,60758.8945,0
2022-03-16,60758.8945,60758.8945,60758.8945,60758.8945,0
2022-03-17,60758.8945,60758.8945,60758.8945,60758.8945,0
2022-03-18,56204.7539,57204.4453,55316.1406,57093.3672,635814
2022-03-21,57093.3672,57093.3672,57093.3672,57093.3672,0
2022-03-22,57648.75,61425.3555,57426.5977,59648.1289,1036168
2022-03-23,59759.207,60314.5898,58759.5156,59537.0547,376498
2022-03-24,59648.1289,60981.0469,58870.5938,60425.6641,330823
2022-03-25,61092.125,62425.043,60758.8945,61647.5078,708788
2022-03-28,62091.8125,62647.1992,61203.2031,61647.5078,326741
2022-03-29,61758.5859,61758.5859,57204.4453,57759.8281,819340
2022-03-30,57204.4453,59537.0547,56871.2148,59314.8984,403396
2022-03-31,60092.4375,60536.7422,57759.8281,57981.9805,433624
2022-04-01,58204.1328,58981.668,57315.5195,57981.9805,355208
2022-04-04,58093.0586,58870.5938,57315.5195,58537.3633,171818
2022-04-05,58648.4414,58648.4414,56537.9844,56982.293,447668
2022-04-06,56537.9844,57981.9805,56426.9102,57648.75,393469
2022-04-07,56982.293,57537.6758,55649.3711,55982.6016,354909
2022-04-08,56649.0625,57204.4453,55760.4492,56315.832,200725
2022-04-11,56426.9102,57315.5195,56315.832,56649.0625,148267
2022-04-12,56093.6797,57093.3672,55871.5234,56426.9102,154046
2022-04-13,56537.9844,58537.3633,56537.9844,58315.2109,406349
2022-04-14,58426.2852,58759.5156,57648.75,57759.8281,199809
2022-04-15,57537.6758,59759.207,56871.2148,59092.7461,394122
2022-04-18,59203.8242,60425.6641,59092.7461,60203.5117,307991
2022-04-19,60203.5117,60314.5898,59092.7461,59981.3594,221739
2022-04-20,59537.0547,59537.0547,58093.0586,58648.4414,257082
2022-04-21,58648.4414,59314.8984,58315.2109,58870.5938,159511
2022-04-22,58093.0586,58537.3633,57870.9023,58204.1328,176840
2022-04-25,56871.2148,58537.3633,56760.1367,57426.5977,219047
2022-04-26,57981.9805,58870.5938,57315.5195,58315.2109,241555
2022-04-27,57093.3672,58537.3633,56871.2148,58204.1328,271718
2022-04-28,58537.3633,58870.5938,57426.5977,58870.5938,241218
2022-04-29,58870.5938,59314.8984,58093.0586,59203.8242,333712
2022-05-02,58759.5156,62091.8125,58759.5156,60536.7422,758694
2022-05-03,60981.0469,62647.1992,60203.5117,62202.8906,578268
2022-05-04,62536.1211,63980.1172,61647.5078,63313.6562,568547
2022-05-06,62536.1211,63869.0391,62202.8906,63313.6562,313194
2022-05-10,61092.125,62091.8125,59759.207,61536.4297,387547
2022-05-11,61536.4297,61536.4297,58426.2852,58426.2852,450534
2022-05-12,58204.1328,59314.8984,57870.9023,57981.9805,307446
2022-05-13,58204.1328,58870.5938,57537.6758,58759.5156,168786
2022-05-16,59537.0547,59648.1289,57981.9805,58093.0586,216826
2022-05-17,58093.0586,58870.5938,57426.5977,58093.0586,188389
2022-05-18,58537.3633,58537.3633,57204.4453,57315.5195,237257
2022-05-19,55982.6016,56760.1367,55871.5234,56426.9102,248641
2022-05-20,56649.0625,57426.5977,56315.832,56871.2148,225894
2022-05-23,58093.0586,58759.5156,57204.4453,57870.9023,224861
2022-05-24,57759.8281,58315.2109,56426.9102,56649.0625,196657
2022-05-25,57093.3672,57981.9805,56649.0625,57315.5195,283604
2022-05-26,57981.9805,59537.0547,57537.6758,59092.7461,390448
2022-05-27,59537.0547,59648.1289,57981.9805,58093.0586,224345
2022-05-30,58648.4414,60314.5898,58537.3633,59759.207,279041
2022-05-31,59759.207,59870.2812,59203.8242,59870.2812,209731
2022-06-02,60203.5117,62425.043,59870.2812,62091.8125,615770
2022-06-03,62313.9688,62536.1211,60981.0469,62313.9688,288590
2022-06-07,62536.1211,64202.2695,62425.043,63313.6562,614003
2022-06-08,64091.1914,64091.1914,61758.5859,63535.8086,358938
2022-06-09,63313.6562,65979.4922,62758.2734,65757.3438,795811
2022-06-10,65313.0352,67534.5703,64979.8047,65646.2656,775112
2022-06-13,64757.6523,66090.5703,63980.1172,64091.1914,617046
2022-06-14,63202.582,63757.9648,61425.3555,63202.582,548533
2022-06-15,63757.9648,64091.1914,58981.668,59425.9766,767880
2022-06-16,58204.1328,59759.207,57093.3672,58204.1328,739559
2022-06-17,56649.0625,57759.8281,56204.7539,56871.2148,496985
2022-06-20,58981.668,59092.7461,55760.4492,56982.293,585026
2022-06-21,57315.5195,57870.9023,54816.2969,57426.5977,819750
2022-06-22,57981.9805,58093.0586,51983.8438,51983.8438,1098811
2022-06-23,51761.6914,52927.9961,49762.3125,49873.3906,705866
2022-06-24,49762.3125,52872.457,49762.3125,52150.4609,554974
2022-06-27,52816.918,53705.5312,52150.4609,53094.6094,303336
2022-06-28,53094.6094,55038.4492,53094.6094,54816.2969,353483
2022-06-29,54038.7617,56649.0625,53594.457,54982.9141,397900
2022-06-30,55038.4492,55871.5234,54094.3008,54094.3008,252978
2022-07-01,55038.4492,57315.5195,54927.375,55982.6016,500042
2022-07-04,56204.7539,56315.832,51261.8477,52150.4609,494951
2022-07-05,52150.4609,52150.4609,48651.5469,51095.2305,694509
2022-07-06,50484.3125,51650.6133,48873.6992,48929.2383,497876
2022-07-07,49262.4688,49706.7734,48040.625,49540.1602,292437
2022-07-08,50262.1562,50428.7734,49151.3906,49540.1602,287098
2022-07-11,49706.7734,49762.3125,48651.5469,48984.7773,233347
2022-07-12,48707.0859,48818.1602,46707.707,47040.9375,327279
2022-07-13,46652.168,47096.4727,45374.7891,46263.3984,389358
2022-07-14,45596.9414,48596.0078,45485.8633,48096.1641,448248
2022-07-15,48651.5469,48707.0859,46707.707,48040.625,351030
2022-07-18,48207.2422,49651.2344,48207.2422,49206.9297,289393
2022-07-19,50373.2344,51928.3047,49817.8516,50817.5391,631094
2022-07-20,52094.9219,52094.9219,49484.6211,50873.0781,461595
2022-07-21,50928.6172,51317.3867,50373.2344,50706.4648,211800
2022-07-22,51206.3086,55760.4492,51206.3086,55427.2188,1179461
2022-07-25,55649.3711,58315.2109,54982.9141,57426.5977,962686
2022-07-26,57426.5977,59314.8984,56871.2148,57204.4453,570494
2022-07-27,57870.9023,58648.4414,55649.3711,57981.9805,527976
2022-07-28,58093.0586,61092.125,57759.8281,59648.1289,876231
2022-07-29,60092.4375,73865.9297,59759.207,71533.3281,9562066
2022-08-01,70866.8672,72866.2422,70644.7109,71644.3984,2304130
2022-08-02,71755.4766,76198.5391,70644.7109,70644.7109,3736483
2022-08-03,70644.7109,73088.3984,69089.6406,69756.1016,1672085
2022-08-04,70755.7891,71200.0938,68089.9531,68645.3359,1319097
2022-08-05,68978.5625,71866.5547,67201.3359,70866.8672,1699079
2022-08-08,71977.6328,78420.0703,71089.0156,77309.3047,3620949
2022-08-09,76865.0,81974.5234,75754.2344,77753.6172,2743841
2022-08-10,76753.9219,80530.5312,76642.8516,78531.1484,1304776
2022-08-11,79308.6875,79530.8359,76865.0,78531.1484,1015023
2022-08-12,78086.8438,80308.375,77642.5391,78086.8438,823722
2022-08-16,78531.1484,82196.6797,77864.6875,78531.1484,1252061
2022-08-17,78531.1484,78975.4531,75643.1562,76865.0,1042114
2022-08-18,77420.3828,80530.5312,76309.6172,79308.6875,1291536
2022-08-19,79641.9141,80752.6797,78420.0703,78420.0703,644756
2022-08-22,77864.6875,80308.375,77642.5391,78086.8438,775355
2022-08-23,78864.3828,83529.5938,78420.0703,80419.4531,1896878
2022-08-24,81530.2188,86084.3594,80419.4531,84196.0547,2723398
2022-08-25,84196.0547,84196.0547,81085.9141,82529.9062,1287612
2022-08-26,84307.1328,87306.2031,82307.7578,87084.0469,2121724
2022-08-29,85973.2812,89083.4297,85862.2031,88416.9688,1939052
2022-08-30,89083.4297,89860.9609,84640.3594,85417.8984,1306027
2022-08-31,85528.9766,91082.8047,83529.5938,90416.3438,2446537
2022-09-01,91304.9609,93748.6406,88416.9688,88639.1172,1969342
2022-09-02,89416.6562,90971.7266,86417.5859,89527.7344,1258946
2022-09-05,90194.1953,94526.1797,88639.1172,93415.4141,1858640
2022-09-06,94081.875,95970.1719,92971.1094,94859.4062,1253407
2022-09-07,94192.9453,96414.4844,89638.8125,91527.1094,1903615
2022-09-08,91971.4141,92415.7266,87639.4297,90638.5,1768396
2022-09-13,90971.7266,91082.8047,81974.5234,86195.4375,3145686
2022-09-14,83862.8281,88194.8125,82752.0625,87195.125,1594981
2022-09-15,87639.4297,90971.7266,85751.125,87417.2734,1601162
2022-09-16,86306.5078,87750.5078,82418.8281,82640.9844,1781069
2022-09-19,83085.2891,84751.4375,80641.6016,81974.5234,1279351
2022-09-20,82307.7578,84196.0547,81641.2969,82863.1406,1005534
2022-09-21,82529.9062,82974.2109,79641.9141,81974.5234,1091892
2022-09-22,83640.6719,85751.125,80197.2969,84862.5156,1795814
2022-09-23,85306.8203,86195.4375,81752.3672,82307.7578,1001597
2022-09-26,81419.1406,82418.8281,72866.2422,73421.625,3498468
2022-09-27,73643.7812,74643.4688,70311.4844,72199.7812,2414881
2022-09-28,72310.8594,75198.8516,69089.6406,69533.9453,1959548
2022-09-29,70533.6328,72533.0156,68645.3359,68645.3359,1435095
2022-09-30,67756.7188,70533.6328,66090.5703,68312.1016,1451581
2022-10-04,69645.0234,72199.7812,67090.2578,69756.1016,2049895
2022-10-05,71311.1719,71422.25,67201.3359,68867.4844,1223782
2022-10-06,68867.4844,69311.7891,67534.5703,68534.2578,741560
2022-10-07,67756.7188,68201.0234,64091.1914,65979.4922,2053988
2022-10-11,66868.1094,67312.4141,63535.8086,64091.1914,1293770
2022-10-12,63646.8867,64868.7305,61536.4297,63869.0391,1191052
2022-10-13,62758.2734,63091.5039,58426.2852,58426.2852,1748568
2022-10-14,60092.4375,64313.3477,59759.207,62980.4258,1585975
2022-10-17,63424.7344,64979.8047,59759.207,63535.8086,1548378
2022-10-18,64979.8047,67201.3359,64313.3477,65979.4922,1390409
2022-10-19,67201.3359,68089.9531,65201.957,65979.4922,1487492
2022-10-20,67645.6406,68534.2578,66090.5703,66757.0312,1521563
2022-10-21,66757.0312,67090.2578,64979.8047,65535.1875,640279
2022-10-24,66757.0312,69867.1719,66757.0312,68312.1016,1318703
2022-10-25,69089.6406,69533.9453,67201.3359,67756.7188,804033
2022-10-26,68089.9531,69533.9453,67756.7188,68534.2578,789479
2022-10-27,68645.3359,69645.0234,68423.1797,69645.0234,806747
2022-10-28,69756.1016,72421.9375,69200.7188,70866.8672,1041381
2022-10-31,71977.6328,74421.3125,67090.2578,73643.7812,1635758
2022-11-01,73865.9297,76198.5391,72755.1641,75754.2344,941429
2022-11-02,75754.2344,80197.2969,75198.8516,78420.0703,1628151
2022-11-03,78197.9219,80641.6016,77309.3047,79864.0703,968619
2022-11-04,79864.0703,84084.9766,79864.0703,83307.4453,1289684
2022-11-07,86639.7422,87972.6562,78197.9219,78864.3828,2508335
2022-11-08,79308.6875,82307.7578,78309.0,81974.5234,1079100
2022-11-09,82752.0625,83085.2891,80419.4531,81196.9844,728572
2022-11-10,79975.1484,82307.7578,79975.1484,81196.9844,647324
2022-11-11,82196.6797,83307.4453,80086.2188,81196.9844,964284
2022-11-14,80863.7578,80863.7578,77753.6172,78753.3047,822026
2022-11-15,79308.6875,79308.6875,76865.0,78531.1484,645084
2022-11-16,80197.2969,80752.6797,76976.0781,77753.6172,941372
2022-11-17,77864.6875,78531.1484,75532.0781,75865.3125,729507
2022-11-18,75976.3906,80419.4531,74088.0859,79308.6875,1277527
2022-11-21,79641.9141,82196.6797,78642.2266,80086.2188,1072711
2022-11-22,80197.2969,81419.1406,79752.9922,80863.7578,623334
2022-11-23,80974.8359,81085.9141,77975.7656,78864.3828,733016
2022-11-24,79197.6094,80197.2969,78531.1484,80086.2188,477499
2022-11-25,80308.375,80419.4531,78864.3828,79419.7656,379318
2022-11-28,80641.6016,82418.8281,79197.6094,79419.7656,774345
2022-11-29,79197.6094,82863.1406,78642.2266,81530.2188,952338
2022-11-30,82196.6797,82196.6797,79752.9922,80641.6016,638262
2022-12-01,81308.0625,81530.2188,79419.7656,80197.2969,471285
2022-12-02,80530.5312,81530.2188,78642.2266,79975.1484,718239
2022-12-05,80086.2188,80641.6016,75421.0078,76198.5391,916164
2022-12-06,75087.7734,76753.9219,74976.6953,75643.1562,487042
2022-12-07,75087.7734,75754.2344,73643.7812,74532.3906,464615
2022-12-08,73977.0078,74421.3125,72199.7812,73865.9297,521775
2022-12-09,73865.9297,74421.3125,72533.0156,73643.7812,481577
2022-12-12,73643.7812,76198.5391,73088.3984,75643.1562,503605
2022-12-13,75976.3906,77753.6172,75976.3906,77309.3047,451219
2022-12-14,77420.3828,78086.8438,76531.7734,77753.6172,265471
2022-12-15,77864.6875,80641.6016,77753.6172,79197.6094,569122
2022-12-16,78420.0703,80530.5312,77864.6875,78309.0,447747
2022-12-19,78531.1484,80086.2188,77975.7656,79641.9141,392801
2022-12-20,79641.9141,81530.2188,79530.8359,80308.375,616443
2022-12-21,80863.7578,81085.9141,79530.8359,80308.375,349627
2022-12-22,80530.5312,80752.6797,78531.1484,79641.9141,435329
2022-12-23,78753.3047,80086.2188,77642.5391,77975.7656,485381
2022-12-26,77975.7656,79975.1484,76865.0,79864.0703,440604
2022-12-27,79864.0703,83196.3672,79419.7656,83085.2891,851180
2022-12-28,82418.8281,83307.4453,80197.2969,80974.8359,634894
2022-12-29,80641.6016,82752.0625,80197.2969,81752.3672,532909
2023-01-02,82196.6797,84418.2109,80530.5312,81752.3672,622130
2023-01-03,81752.3672,82640.9844,77753.6172,79308.6875,766336
2023-01-04,79530.8359,80086.2188,76865.0,79752.9922,499990
2023-01-05,79864.0703,80419.4531,72866.2422,74199.1641,1365230
2023-01-06,73310.5469,75754.2344,73088.3984,74421.3125,475792
2023-01-09,75198.8516,76309.6172,74532.3906,75532.0781,472656
2023-01-10,75865.3125,77198.2344,74643.4688,75532.0781,458244
2023-01-11,76420.6953,81974.5234,76309.6172,81752.3672,1481012
2023-01-12,82418.8281,87417.2734,81752.3672,87417.2734,1605430
2023-01-13,87417.2734,89305.5781,86306.5078,89083.4297,1135589
2023-01-16,88861.2734,91416.0312,87195.125,89749.8828,1117042
2023-01-17,89638.8125,92415.7266,88861.2734,89860.9609,994679
2023-01-18,89638.8125,90194.1953,85084.6719,85751.125,985435
2023-01-19,85084.6719,86639.7422,83418.5234,83862.8281,688903
2023-01-20,83862.8281,85084.6719,82640.9844,84529.2891,651519
2023-01-25,85195.7422,85751.125,82307.7578,84529.2891,9623
2023-01-26,82863.1406,86861.8906,82529.9062,82863.1406,8487
2023-01-27,86417.5859,86861.8906,84973.5938,86084.3594,4893
2023-01-30,86084.3594,90194.1953,84196.0547,85528.9766,4190
2023-01-31,85640.0547,89749.8828,84973.5938,89305.5781,8863
2023-02-01,90194.1953,90971.7266,88861.2734,89416.6562,5987
2023-02-02,90083.1172,90638.5,88305.8906,89416.6562,3484
2023-02-03,89083.4297,91416.0312,88416.9688,90305.2656,5916
2023-02-06,89194.5,93748.6406,87750.5078,90416.3438,7537
2023-02-07,93304.3359,94415.1016,91527.1094,92637.875,4875
2023-02-08,93415.4141,94192.9453,92304.6484,92860.0312,5107
2023-02-09,93082.1797,95081.5625,92748.9531,94081.875,2878
2023-02-10,92971.1094,98858.1641,92971.1094,93970.7969,5866
2023-02-13,97969.5547,99191.3984,96525.5547,97192.0156,7042
2023-02-14,97303.0938,100191.0859,96747.7109,98858.1641,3604
2023-02-15,98969.2422,99746.7812,95525.8672,96747.7109,3889
2023-02-16,96636.6328,98747.0859,95636.9453,97414.1719,5331
2023-02-17,96303.4062,98969.2422,94526.1797,97969.5547,2448
2023-02-20,98302.7812,99746.7812,95970.1719,97080.9375,3384
2023-02-21,96747.7109,98302.7812,96081.25,97525.25,3635
2023-02-22,96747.7109,101412.9297,95636.9453,96192.3281,3892
2023-02-23,96636.6328,99302.4688,95748.0234,98858.1641,3861
2023-02-24,98858.1641,102745.8438,98636.0156,102412.6172,12380
2023-02-27,103301.2266,103301.2266,96747.7109,98858.1641,1102024
2023-02-28,99302.4688,102079.3906,98302.7812,99968.9297,624351
2023-03-02,100413.2344,101635.0781,98080.6328,100968.625,523783
2023-03-03,101301.8516,104300.9219,100746.4688,104078.7656,663366
2023-03-06,104634.1484,108743.9844,104523.0703,107077.8359,655174
2023-03-07,107077.8359,108966.1328,106522.4531,108077.5234,436057
2023-03-08,106744.6016,109410.4453,106189.2188,106966.7578,428497
2023-03-09,107299.9844,108410.75,105744.9141,107966.4453,430636
2023-03-10,107077.8359,108632.9062,105189.5312,106189.2188,399212
2023-03-13,105078.4531,106522.4531,101857.2344,106189.2188,548372
2023-03-14,106633.5234,108410.75,104634.1484,105522.7578,542596
2023-03-15,107411.0625,111076.5938,106411.375,110299.0547,668003
2023-03-16,110299.0547,110743.3594,104411.9922,106411.375,715881
2023-03-17,107299.9844,110076.8984,104856.3047,105633.8359,746325
2023-03-20,105189.5312,109299.3672,105078.4531,106300.2969,486357
2023-03-21,107522.1406,108855.0625,107077.8359,108188.6016,444203
2023-03-22,108743.9844,108743.9844,98636.0156,100968.625,1937808
2023-03-23,100968.625,103634.4609,99968.9297,102301.5391,788496
2023-03-24,102745.8438,103412.3047,100524.3125,101857.2344,567345
2023-03-27,101968.3125,103856.6094,101190.7734,103190.1562,531959
2023-03-28,102745.8438,107411.0625,102745.8438,105855.9922,624816
2023-03-29,106189.2188,106300.2969,103634.4609,105300.6094,347237
2023-03-30,105744.9141,108410.75,105078.4531,107299.9844,560084
2023-03-31,106966.7578,111076.5938,106855.6797,110187.9766,669125
2023-04-03,110965.5156,115186.4219,110854.4375,113964.5859,583160
2023-04-04,115519.6562,122184.25,115408.5781,119407.3359,928720
2023-04-05,120740.2578,127627.0,119962.7188,124405.7812,1195109
2023-04-06,125516.5469,126627.3125,123183.9375,125738.7031,570730
2023-04-07,125183.3203,125183.3203,120962.4062,123183.9375,567679
2023-04-10,123517.1719,131958.9844,121851.0234,130292.8438,833320
2023-04-11,132847.6094,133402.9844,122295.3281,124961.1641,1122912
2023-04-12,124961.1641,129515.3047,123850.3984,125072.2422,702518
2023-04-13,125072.2422,125405.4688,121851.0234,124183.625,652673
2023-04-14,124183.625,124627.9375,118296.5703,119740.5625,949434
2023-04-17,120629.1797,123517.1719,120518.1016,122517.4766,590319
2023-04-18,122517.4766,123072.8594,119185.1797,120962.4062,513056
2023-04-19,121628.8672,122850.7109,118851.9531,120295.9453,492064
2023-04-20,121184.5625,124627.9375,118851.9531,119629.4922,950722
2023-04-21,120407.0234,120518.1016,115075.3516,118296.5703,563897
2023-04-24,119851.6406,126294.0859,117074.7266,118074.4141,1553284
2023-04-25,119518.4141,125516.5469,117407.9531,122739.6328,1603290
2023-04-26,123517.1719,123517.1719,112853.8203,119851.6406,1355220
2023-04-27,117074.7266,127182.6953,113964.5859,123295.0156,1796171
2023-04-28,124405.7812,126627.3125,112631.6641,114075.6562,1739338
2023-05-02,113298.125,121073.4844,112631.6641,119518.4141,1051541
2023-05-03,119185.1797,123628.2422,118185.4922,118740.875,661260
2023-05-04,117852.2656,119851.6406,114742.1172,116741.5,520814
2023-05-08,118851.9531,119296.2578,115741.8047,116630.4219,397177
2023-05-09,117519.0312,117519.0312,112853.8203,113298.125,526671
2023-05-10,115075.3516,116630.4219,113964.5859,114519.9688,388513
2023-05-11,115186.4219,118963.0312,113853.5078,118296.5703,743793
2023-05-12,118963.0312,120073.7969,112964.8906,114408.8906,805988
2023-05-15,114408.8906,115630.7344,112742.7422,115075.3516,347507
2023-05-16,115075.3516,115852.8828,113742.4297,114964.2734,311382
2023-05-17,112187.3594,115963.9609,112187.3594,115630.7344,463161
2023-05-18,116297.1875,118296.5703,114742.1172,115408.5781,479078
2023-05-19,115741.8047,118851.9531,115519.6562,118740.875,583499
2023-05-22,120851.3281,125294.3984,120629.1797,123295.0156,897662
2023-05-23,124627.9375,124739.0078,119962.7188,123183.9375,562388
2023-05-24,123517.1719,124405.7812,121073.4844,122961.7891,480972
2023-05-25,121628.8672,122628.5547,119296.2578,119962.7188,445336
2023-05-26,121962.0938,123183.9375,117296.8828,118296.5703,591373
2023-05-30,119851.6406,121073.4844,116630.4219,117296.8828,549284
2023-05-31,117296.8828,119740.5625,115630.7344,117852.2656,3414405
2023-06-01,117963.3359,123072.8594,117963.3359,119962.7188,664617
2023-06-02,120851.3281,123517.1719,119962.7188,123072.8594,583807
2023-06-05,123517.1719,124850.0859,120740.2578,121295.6406,336463
2023-06-07,121739.9453,123183.9375,119629.4922,119740.5625,464073
2023-06-08,120295.9453,121517.7891,119185.1797,120184.875,415589
2023-06-09,120184.875,120295.9453,118851.9531,118963.0312,379212
2023-06-12,119962.7188,122628.5547,119518.4141,120184.875,574002
2023-06-13,120740.2578,122628.5547,117407.9531,122184.25,778584
2023-06-14,122184.25,124183.625,121517.7891,122961.7891,502182
2023-06-15,122517.4766,126405.1641,121295.6406,123739.3203,651532
2023-06-16,124739.0078,131070.375,124627.9375,129737.4609,1037969
2023-06-19,131403.6094,154174.3125,131292.5312,152508.1562,3105847
2023-06-20,152508.1562,160172.4375,150842.0156,158284.1406,1947399
2023-06-21,159839.2188,163726.8906,153174.625,154174.3125,1422197
2023-06-22,154951.8438,157728.7656,150397.7031,152952.4688,857637
2023-06-23,152619.2344,152730.3125,148065.0938,149286.9375,591603
2023-06-26,147509.7188,148176.1719,142955.5781,146176.7969,622896
2023-06-27,146065.7188,148176.1719,143288.7969,144954.9531,408709
2023-06-28,146065.7188,146621.0938,140845.125,141844.8125,452770
2023-06-29,141178.3438,142844.5,137734.9688,139067.8906,625472
2023-06-30,139845.4219,143177.7188,138512.5156,141511.5781,556113
2023-07-03,142178.0312,145288.1875,138623.5781,144510.6406,493056
2023-07-04,145510.3281,146954.3281,142289.1094,146287.875,467693
2023-07-05,146621.0938,148620.4844,144843.875,147398.6406,391496
2023-07-06,147509.7188,148620.4844,144954.9531,146176.7969,359831
2023-07-07,145621.4062,146732.1719,143399.875,146065.7188,320803
2023-07-10,150508.7812,150619.8594,145066.0312,146398.9531,499910
2023-07-11,146621.0938,159839.2188,144621.7188,156840.1406,993126
2023-07-12,158395.2188,158506.2969,151508.4688,152397.0781,510289
2023-07-13,153730.0,157728.7656,151619.5469,156840.1406,523750
2023-07-14,157062.2969,157395.5312,150064.4688,150842.0156,556615
2023-07-17,149842.3281,149842.3281,145177.1094,145510.3281,520165
2023-07-18,145510.3281,145954.6406,141511.5781,142511.2656,439142
2023-07-19,142844.5,144732.7969,140845.125,142066.9531,346329
2023-07-20,140734.0469,143733.1094,139845.4219,142066.9531,285602
2023-07-21,142066.9531,143177.7188,139956.5,142511.2656,256393
2023-07-24,142178.0312,146398.9531,141067.2656,143399.875,512288
2023-07-25,143399.875,148953.7031,143288.7969,147731.8594,585978
2023-07-26,149509.0938,149620.1719,139401.125,140845.125,792328
2023-07-27,154951.8438,167725.6562,136735.2812,138068.2031,3293546
2023-07-28,139623.2812,139734.3438,128071.3125,128293.4609,1349180
2023-07-31,130403.9141,139734.3438,130292.8438,135735.5938,1108393
2023-08-01,135957.75,136846.3594,132403.2969,134958.0625,498732
2023-08-02,134624.8281,140511.8906,132514.375,134180.5156,670696
2023-08-03,134180.5156,136624.2031,131736.8438,132181.1406,430177
2023-08-04,132181.1406,134624.8281,131736.8438,132847.6094,284056
2023-08-07,134958.0625,137846.0469,132403.2969,134291.5938,421177
2023-08-08,133736.2188,134180.5156,130403.9141,131847.9062,424144
2023-08-09,131292.5312,131958.9844,128626.6953,131070.375,310208
2023-08-10,130514.9922,130959.2969,127182.6953,127404.8516,403246
2023-08-11,127404.8516,129626.3828,126738.3906,129404.2266,282034
2023-08-14,129737.4609,129959.6094,125294.3984,126294.0859,304670
2023-08-16,124961.1641,126405.1641,121295.6406,121295.6406,463929
2023-08-17,119851.6406,122073.1719,117852.2656,120073.7969,520928
2023-08-18,119185.1797,123739.3203,118963.0312,119518.4141,415055
2023-08-21,119851.6406,122739.6328,119518.4141,120962.4062,271019
2023-08-22,120407.0234,122628.5547,115297.5,120962.4062,401452
2023-08-23,121628.8672,125738.7031,121406.7109,124739.0078,392720
2023-08-24,124850.0859,126405.1641,120407.0234,122961.7891,447967
2023-08-25,122739.6328,123850.3984,121739.9453,122184.25,240121
2023-08-28,123295.0156,125960.8516,123072.8594,125627.625,238030
2023-08-29,126294.0859,126849.4688,123295.0156,125849.7812,256437
2023-08-30,127738.0781,128737.7656,125072.2422,127960.2344,312304
2023-08-31,128626.6953,128626.6953,125738.7031,126849.4688,413276
2023-09-01,127071.6172,130626.0703,126960.5469,127293.7734,339850
2023-09-04,128626.6953,129626.3828,127071.6172,127182.6953,209319
2023-09-05,127627.0,128626.6953,125405.4688,127404.8516,206336
2023-09-06,127293.7734,131403.6094,126405.1641,130626.0703,386721
2023-09-07,130070.6875,131514.6875,124961.1641,126627.3125,471533
2023-09-08,126405.1641,131403.6094,126183.0078,130292.8438,431133
2023-09-11,130959.2969,136068.8281,130848.2266,135291.2812,561365
2023-09-12,136290.9844,137179.5938,130181.7656,130292.8438,575357
2023-09-13,130292.8438,130292.8438,123961.4766,124627.9375,478004
2023-09-14,124850.0859,125960.8516,122961.7891,123406.0938,400736
2023-09-15,125960.8516,127738.0781,123850.3984,123850.3984,396316
2023-09-18,124183.625,125183.3203,123295.0156,123295.0156,194249
2023-09-19,123295.0156,123517.1719,119740.5625,121406.7109,306827
2023-09-20,120518.1016,121851.0234,119518.4141,121517.7891,167726
2023-09-21,121406.7109,123295.0156,120851.3281,121295.6406,279527
2023-09-22,119962.7188,120629.1797,115519.6562,117519.0312,470126
2023-09-25,117519.0312,119407.3359,115852.8828,115963.9609,291930
2023-09-26,116075.0391,118740.875,115297.5,115741.8047,299789
2023-09-27,115075.3516,116519.3438,114186.7344,116186.1172,210403
2023-10-04,115852.8828,115852.8828,112631.6641,113520.2734,315049
2023-10-05,112964.8906,114186.7344,109188.2891,109632.5938,379329
2023-10-06,109410.4453,110854.4375,108743.9844,109743.6719,228414
2023-10-10,118296.5703,119296.2578,111187.6641,112187.3594,1063930
2023-10-11,112520.5859,115852.8828,109299.3672,115075.3516,407267
2023-10-12,116075.0391,119074.1094,115519.6562,116630.4219,345551
2023-10-13,115519.6562,118074.4141,114408.8906,117741.1875,230390
2023-10-16,117741.1875,120518.1016,112409.5078,112631.6641,492904
2023-10-17,113187.0469,114853.1953,111076.5938,111409.8203,321442
2023-10-18,111854.125,114408.8906,109410.4453,110854.4375,420878
2023-10-19,109410.4453,110299.0547,107188.9141,108077.5234,302121
2023-10-20,107522.1406,109632.5938,103301.2266,104411.9922,372300
2023-10-23,100191.0859,112409.5078,100191.0859,111409.8203,614934
2023-10-24,112187.3594,113187.0469,107744.2969,110854.4375,360803
2023-10-25,111854.125,117741.1875,111187.6641,112187.3594,478532
2023-10-26,110743.3594,112964.8906,108966.1328,110632.2812,315674
2023-10-27,110632.2812,111409.8203,108299.6797,108410.75,255724
2023-10-30,108743.9844,116297.1875,108632.9062,112964.8906,486458
2023-10-31,113298.125,114631.0391,109521.5156,112187.3594,525765
2023-11-01,114853.1953,126738.3906,113964.5859,126071.9297,1298206
2023-11-02,128182.3828,129626.3828,124072.5547,128182.3828,677893
2023-11-03,128182.3828,134402.6719,128071.3125,133291.9062,719493
2023-11-06,135624.5156,135846.6719,131847.9062,135180.2188,557581
2023-11-07,134846.9844,138734.6562,134735.9062,137623.8906,490123
2023-11-08,138290.3594,138401.4375,133180.8281,135291.2812,283587
2023-11-09,134846.9844,139734.3438,134624.8281,138068.2031,332154
2023-11-10,137068.5156,139623.2812,135846.6719,138623.5781,258623
2023-11-13,138623.5781,141844.8125,137846.0469,138956.8125,271571
2023-11-14,139956.5,142733.4219,139401.125,141955.8906,281636
2023-11-15,142733.4219,144066.3438,140622.9688,142733.4219,330200
2023-11-16,141622.6562,141733.7344,132847.6094,133847.2969,695723
2023-11-17,133625.1406,135402.3594,129626.3828,134735.9062,392433
2023-11-20,134291.5938,135513.4375,132292.2188,134735.9062,214533
2023-11-21,134624.8281,135846.6719,133069.75,133291.9062,211624
2023-11-22,133069.75,135180.2188,132181.1406,134291.5938,209382
2023-11-23,135513.4375,136513.125,133514.0625,135402.3594,201820
2023-11-24,135513.4375,135846.6719,133291.9062,133402.9844,140897
2023-11-27,134402.6719,134624.8281,131403.6094,131514.6875,172747
2023-11-28,131958.9844,133180.8281,130959.2969,132736.5312,236379
2023-11-29,133180.8281,140734.0469,131292.5312,136735.2812,807093
2023-11-30,135291.2812,141400.5,135291.2812,139845.4219,845919
2023-12-01,139845.4219,153730.0,139734.3438,151064.1562,1676723
2023-12-04,151286.3125,156062.6094,149398.0156,153618.9219,1038091
2023-12-05,152508.1562,155618.2969,149175.8594,150064.4688,546287
2023-12-06,148842.625,152508.1562,146732.1719,150953.0938,624433
2023-12-07,151064.1562,154396.4688,146843.25,148176.1719,526759
2023-12-08,144843.875,149175.8594,141067.2656,145843.5625,773358
2023-12-11,149286.9375,152952.4688,140178.6562,142955.5781,997859
2023-12-12,138845.7344,144066.3438,137179.5938,142955.5781,612403
2023-12-13,141844.8125,143066.6562,137846.0469,138845.7344,378555
2023-12-14,136624.2031,141955.8906,136624.2031,138956.8125,426692
2023-12-15,139512.2031,140178.6562,137734.9688,139845.4219,328194
2023-12-18,140178.6562,142066.9531,138623.5781,139623.2812,218327
2023-12-19,139623.2812,139956.5,137846.0469,139845.4219,159455
2023-12-20,140511.8906,141289.4219,138845.7344,141178.3438,250967
2023-12-21,140956.1875,141067.2656,139178.9688,139290.0469,160011
2023-12-22,139512.2031,143399.875,138734.6562,141733.7344,280997
2023-12-26,141622.6562,141844.8125,136402.0469,136513.125,236222
2023-12-27,136513.125,138290.3594,136402.0469,138290.3594,153094
2023-12-28,139067.8906,139067.8906,137179.5938,138290.3594,166973
2024-01-02,138512.5156,144066.3438,138290.3594,144066.3438,311733
2024-01-03,143399.875,149064.7812,141511.5781,148065.0938,507738
2024-01-04,148953.7031,151286.3125,144510.6406,146954.3281,378900
2024-01-05,147731.8594,157950.9062,143844.1875,145621.4062,1011988
2024-01-08,145621.4062,148398.3281,142511.2656,143288.7969,246114
2024-01-09,145399.25,145399.25,143177.7188,143510.9531,224775
2024-01-10,144954.9531,154840.7656,144621.7188,151397.3906,987221
2024-01-11,152063.8594,160283.5156,151397.3906,157728.7656,1095763
2024-01-12,158395.2188,166059.5,155507.2344,156951.2188,901705
2024-01-15,159061.6719,161616.4375,154507.5312,156395.8438,181478
2024-01-16,155840.4531,156951.2188,153174.625,154063.2344,247189
2024-01-17,153730.0,154840.7656,148287.25,149953.3906,356733
2024-01-18,150175.5469,158061.9844,150064.4688,157062.2969,623552
2024-01-19,158284.1406,163171.5156,155618.2969,160616.75,586451
2024-01-22,162060.75,165504.125,158950.6094,164504.4375,487560
2024-01-23,165170.8906,165726.2812,159172.75,159505.9844,406199
2024-01-24,157617.6875,161505.3594,155507.2344,157395.5312,258939
2024-01-25,157617.6875,161727.5156,155618.2969,156062.6094,323353
2024-01-26,155062.9219,159172.75,154729.6875,156173.6875,247904
2024-01-29,157617.6875,160172.4375,150508.7812,150508.7812,433928
2024-01-30,150508.7812,152397.0781,145399.25,146510.0312,383099
2024-01-31,147842.9375,153841.0781,147176.4844,153396.7656,448930
2024-02-01,150619.8594,154729.6875,146065.7188,147287.5625,399945
2024-02-02,147287.5625,149286.9375,145510.3281,146843.25,298262
2024-02-05,146732.1719,147731.8594,144399.5625,144954.9531,224776
2024-02-06,144288.4844,147176.4844,141289.4219,146621.0938,312319
2024-02-07,148842.625,150397.7031,146287.875,147731.8594,251000
2024-02-08,149509.0938,153285.7031,149175.8594,149731.25,374383
2024-02-13,152508.1562,153507.8438,150397.7031,150953.0938,245644
2024-02-14,150953.0938,172168.7188,148953.7031,162505.0469,1208168
2024-02-15,162727.2031,163837.9688,160505.6719,161616.4375,362163
2024-02-16,161061.0625,162949.3594,156618.0,156951.2188,360796
2024-02-19,157839.8281,169391.7969,157617.6875,168725.3438,739424
2024-02-20,169280.7188,177722.5469,168058.875,170946.875,1156465
2024-02-21,172390.875,176611.7812,167281.3438,171502.25,529516
2024-02-22,174279.1719,176945.0156,170835.7969,175501.0156,634880
2024-02-23,176056.3906,176167.4688,167503.5,171169.0312,616763
2024-02-26,173279.4844,186719.75,173057.3281,184609.2969,1471689
2024-02-27,185608.9844,210267.9844,185497.9062,198938.1719,3708595
2024-02-28,200048.9375,217599.0469,200048.9375,216043.9688,2609418
2024-02-29,217710.125,225485.4844,206824.6094,208268.6094,1451711
2024-03-04,211045.5156,214377.8281,205713.8438,208379.6875,710512
2024-03-05,206713.5312,213155.9844,204380.9219,205824.9219,601541
2024-03-06,206047.0781,228262.3906,206047.0781,226596.25,2067459
2024-03-07,229928.5469,233260.8438,217487.9688,222153.1875,917041
2024-03-08,225485.4844,228262.3906,219043.0312,222153.1875,525852
2024-03-11,221042.4219,224374.7188,213600.2812,214377.8281,576180
2024-03-12,214044.5938,215377.5156,203270.1562,205824.9219,858401
2024-03-13,206380.3125,208823.9844,199049.25,203381.2344,761096
2024-03-14,205269.5469,209490.4531,201937.25,202825.8594,683519
2024-03-15,203936.625,207713.2188,199826.7812,200048.9375,449795
2024-03-18,202048.3125,205269.5469,200604.3281,203492.3125,460883
2024-03-19,210156.9062,214266.75,207491.0781,211600.9062,999008
2024-03-20,214599.9688,216599.3594,209601.5312,212600.5938,531340
2024-03-21,214155.6719,215932.8906,211156.5938,215155.3594,352598
2024-03-22,217599.0469,241036.2031,217376.8906,224374.7188,1753048
2024-03-25,230483.9219,238259.2812,223819.3281,226040.8594,801167
2024-03-26,230483.9219,243257.7344,229928.5469,239925.4375,1058098
2024-03-27,247700.7969,249922.3281,237703.9062,247700.7969,752076
2024-03-28,243813.125,244368.5,229373.1562,230483.9219,713041
2024-03-29,231594.6875,237148.5156,226040.8594,227151.625,410171
2024-04-01,229928.5469,235482.375,227151.625,232150.0781,288717
2024-04-02,234926.9844,272137.6562,222708.5625,267694.5938,2828472
2024-04-03,267694.5938,268249.9688,239925.4375,253254.625,1897735
2024-04-04,249922.3281,264917.6562,244923.8906,262140.75,985966
2024-04-05,250477.7188,260474.6094,233260.8438,236037.75,1232029
2024-04-08,235482.375,245479.2656,233260.8438,235482.375,609930
2024-04-09,232705.4531,238259.2812,228262.3906,232150.0781,511339
2024-04-11,229928.5469,240480.8125,229928.5469,237703.9062,473872
2024-04-12,239925.4375,246590.0312,237148.5156,241036.2031,424217
2024-04-15,245479.2656,247145.4219,233260.8438,233260.8438,448477
2024-04-16,234371.6094,244923.8906,229928.5469,234371.6094,768930
2024-04-17,236037.75,249366.9531,230483.9219,244368.5,736056
2024-04-18,246034.6562,251588.4844,242702.3438,251033.0938,447031
2024-04-19,254920.7812,267139.1875,251033.0938,259919.2188,1675747
2024-04-22,262696.125,263806.9062,243257.7344,244368.5,634628
2024-04-23,248811.5625,262696.125,247700.7969,262696.125,840185
2024-04-24,261029.9844,273248.4062,257142.3125,268249.9688,791889
2024-04-25,266028.4375,271582.25,261029.9844,267694.5938,539152
2024-04-26,269916.125,277136.0938,257697.6875,261029.9844,627720
2024-04-29,261029.9844,262140.75,253254.625,257697.6875,415218
2024-04-30,257142.3125,258253.0781,234926.9844,234926.9844,1094580
2024-05-02,235482.375,249922.3281,233260.8438,244923.8906,714085
2024-05-03,247145.4219,248811.5625,238814.6719,239370.0469,301761
2024-05-07,241036.2031,243257.7344,234926.9844,242702.3438,320496
2024-05-08,242702.3438,243257.7344,236593.1406,242702.3438,263466
2024-05-09,243257.7344,243257.7344,236593.1406,237703.9062,267583
2024-05-10,241591.5781,247145.4219,241591.5781,242146.9688,287733
2024-05-13,242146.9688,247700.7969,239925.4375,246034.6562,216095
2024-05-14,246034.6562,246034.6562,239925.4375,241036.2031,204391
2024-05-16,243257.7344,245479.2656,237703.9062,238814.6719,292650
2024-05-17,238814.6719,241036.2031,230483.9219,231039.3125,269970
2024-05-20,230483.9219,235482.375,222708.5625,233816.2188,343647
2024-05-21,233816.2188,235482.375,228817.7812,230483.9219,205995
2024-05-22,230483.9219,232705.4531,223263.9531,223263.9531,328346
2024-05-23,223263.9531,226040.8594,215488.5938,223819.3281,289988
2024-05-24,220264.875,228817.7812,217154.7344,226596.25,289793
2024-05-27,227151.625,235482.375,227151.625,234371.6094,299733
2024-05-28,239370.0469,249922.3281,234371.6094,247700.7969,572259
2024-05-29,248256.1875,250477.7188,239370.0469,242146.9688,433546
2024-05-30,241591.5781,244923.8906,226040.8594,226596.25,411139
2024-05-31,231594.6875,233816.2188,226596.25,227707.0156,372526
2024-06-03,236593.1406,270471.5,232705.4531,247700.7969,2856438
2024-06-04,244368.5,246034.6562,232705.4531,234371.6094,815098
2024-06-05,233816.2188,236037.75,228817.7812,229373.1562,384309
2024-06-07,233816.2188,238259.2812,232150.0781,232705.4531,351972
2024-06-10,230483.9219,238259.2812,229373.1562,237703.9062,263545
2024-06-11,239925.4375,241591.5781,232150.0781,233260.8438,252875
2024-06-12,233816.2188,236593.1406,232150.0781,235482.375,250862
2024-06-13,237148.5156,251033.0938,234926.9844,249922.3281,782776
2024-06-14,250477.7188,260474.6094,246590.0312,253810.0156,638139
2024-06-17,257697.6875,268249.9688,253254.625,264917.6562,619142
2024-06-18,265473.0625,265473.0625,255476.1562,258253.0781,410347
2024-06-19,260474.6094,284356.0625,258808.4531,278802.25,1529722
2024-06-20,281579.1562,283800.6875,268805.3438,275469.9375,673716
2024-06-21,276025.3438,282134.5312,259919.2188,262140.75,612346
2024-06-24,262696.125,268249.9688,261029.9844,262140.75,243478
2024-06-25,264362.2812,266583.8125,256586.9219,258253.0781,293414
2024-06-26,257697.6875,258808.4531,251588.4844,254920.7812,244996
2024-06-27,252699.25,262696.125,252143.8594,261029.9844,355876
2024-06-28,262696.125,277691.4688,256586.9219,277136.0938,714783
2024-07-01,274914.5625,279357.625,269360.7188,270471.5,351084
2024-07-02,271582.25,272693.0312,255476.1562,261029.9844,474966
2024-07-03,262140.75,264362.2812,255476.1562,258808.4531,263739
2024-07-04,258808.4531,270471.5,257142.3125,268805.3438,298815
2024-07-05,268805.3438,271026.875,263251.5312,268249.9688,216721
2024-07-08,268249.9688,281023.7812,267694.5938,279357.625,491191
2024-07-09,279357.625,282689.9375,272693.0312,279913.0,343746
2024-07-10,286022.2188,303794.4688,283800.6875,284911.4688,1105930
2024-07-11,287133.0,293242.1875,283245.3125,284911.4688,424615
2024-07-12,288799.125,289909.9062,278802.25,281579.1562,307116
2024-07-15,293797.5938,301572.9375,287133.0,294352.9688,816570
2024-07-16,297685.25,313236.0,296574.5,299351.4062,898921
2024-07-17,304349.8438,316568.2812,301572.9375,305460.625,713143
2024-07-18,303239.0938,320455.9688,299351.4062,301572.9375,1056834
2024-07-19,300462.1875,314902.125,292686.8125,312680.5938,580731
2024-07-22,314902.125,319900.5938,303794.4688,305460.625,521238
2024-07-23,304349.8438,319900.5938,299906.7812,318789.8125,562601
2024-07-24,317679.0625,341560.5312,316012.9062,331563.625,863689
2024-07-25,332674.375,347114.3438,322122.125,326009.7812,1118884
2024-07-26,331008.25,336006.6875,322122.125,331563.625,535785
2024-07-29,338228.2188,359888.1562,329897.4688,358222.0,750230
2024-07-30,358777.375,366552.75,344337.4375,353778.9375,951544
2024-07-31,346558.9688,359332.7812,317123.6562,319900.5938,1352650
2024-08-01,322122.125,339894.375,318789.8125,337117.4688,911257
2024-08-02,332119.0,339894.375,321011.3438,321011.3438,689983
2024-08-05,316568.2812,325454.4062,274359.1875,296574.5,1159157
2024-08-06,302683.7188,309903.6875,291020.6562,293242.1875,1208091
2024-08-07,294352.9688,316012.9062,292131.4375,309903.6875,838984
2024-08-08,310459.0625,327675.9375,301017.5625,326009.7812,792535
2024-08-09,333785.1562,342671.2812,332119.0,337117.4688,527479
2024-08-12,338783.5938,343782.0625,332674.375,339894.375,373859
2024-08-13,340449.75,352668.1875,336006.6875,342115.9062,476305
2024-08-14,346558.9688,347114.3438,338228.2188,342115.9062,290418
2024-08-16,345448.1875,346558.9688,338783.5938,338783.5938,294442
2024-08-19,339894.375,349335.875,332119.0,333229.7812,355154
2024-08-20,333229.7812,333785.1562,315457.5312,319345.1875,666447
2024-08-21,318234.4375,318789.8125,306571.4062,316012.9062,517786
2024-08-22,317679.0625,319345.1875,306016.0,308792.9375,314151
2024-08-23,305460.625,316568.2812,305460.625,306016.0,306703
2024-08-26,308237.5312,308792.9375,299906.7812,308237.5312,297276
2024-08-27,309348.3125,318234.4375,301572.9375,315457.5312,420913
2024-08-28,319900.5938,329342.0938,314346.75,322122.125,809418
2024-08-29,322122.125,322122.125,322122.125,322122.125,0
2024-08-30,322122.125,322122.125,322122.125,322122.125,0
2024-09-02,322122.125,322122.125,322122.125,322122.125,0
2024-09-03,322122.125,322122.125,322122.125,322122.125,0
2024-09-04,322122.125,322122.125,322122.125,322122.125,0
2024-09-05,322122.125,322122.125,322122.125,322122.125,0
2024-09-06,322122.125,322122.125,322122.125,322122.125,0
2024-09-09,322122.125,322122.125,322122.125,322122.125,0
2024-09-10,322122.125,322122.125,322122.125,322122.125,0
2024-09-11,322122.125,322122.125,322122.125,322122.125,0
2024-09-12,322122.125,322122.125,322122.125,322122.125,0
2024-09-13,322122.125,322122.125,322122.125,322122.125,0
2024-09-19,279541.5,279541.5,279541.5,279541.5,0
2024-09-20,279541.5,279541.5,279541.5,279541.5,0
2024-09-23,279541.5,279541.5,279541.5,279541.5,0
2024-09-24,279541.5,279541.5,279541.5,279541.5,0
2024-09-25,279541.5,279541.5,279541.5,279541.5,0
2024-09-26,279541.5,279541.5,279541.5,279541.5,0
2024-09-27,300000.0,321000.0,300000.0,317000.0,1553930
2024-09-30,317000.0,317500.0,297000.0,297000.0,582683
2024-10-02,304000.0,309500.0,298000.0,309500.0,652691
2024-10-04,317500.0,341500.0,315000.0,337500.0,1073947
2024-10-07,340500.0,361500.0,340000.0,351500.0,821448
2024-10-08,351500.0,364500.0,349000.0,364500.0,605738
2024-10-10,368500.0,368500.0,350000.0,350500.0,565368
2024-10-11,354000.0,359500.0,351000.0,356500.0,238732
2024-10-14,363000.0,364000.0,351000.0,356500.0,226770
2024-10-15,360000.0,375000.0,353000.0,374000.0,442618
2024-10-16,374500.0,392500.0,369000.0,382500.0,466193
2024-10-17,385500.0,395000.0,381500.0,393000.0,448701
2024-10-18,390500.0,392500.0,378500.0,387500.0,384279
2024-10-21,390000.0,392000.0,380500.0,381500.0,259612
2024-10-22,383500.0,386000.0,371000.0,385500.0,353200
2024-10-23,385000.0,388000.0,369500.0,373000.0,305860
2024-10-24,368000.0,379500.0,368000.0,374000.0,280462
2024-10-25,375000.0,385000.0,368500.0,378000.0,280034
2024-10-28,379500.0,386000.0,377000.0,377500.0,181781
2024-10-29,377500.0,388000.0,377500.0,381000.0,229141
2024-10-30,382500.0,384500.0,372500.0,375500.0,208604
2024-10-31,373500.0,380500.0,361500.0,368000.0,409138
2024-11-01,368000.0,385000.0,353500.0,378500.0,481531
2024-11-04,379000.0,382000.0,365000.0,367000.0,358448
2024-11-05,364500.0,369000.0,358500.0,362000.0,235817
2024-11-06,364000.0,395000.0,358500.0,387500.0,827905
2024-11-07,395000.0,405500.0,389500.0,387500.0,702700
2024-11-08,405000.0,407000.0,395000.0,403500.0,338133
2024-11-11,406000.0,418000.0,400000.0,416000.0,337001
2024-11-12,418000.0,425000.0,411000.0,413500.0,411171
2024-11-13,413500.0,419000.0,398500.0,402000.0,298962
2024-11-14,403500.0,414500.0,402500.0,403500.0,326121
2024-11-15,408000.0,421500.0,404000.0,407000.0,262700
2024-11-18,407000.0,407000.0,390500.0,392500.0,264313
2024-11-19,392500.0,395500.0,377500.0,381000.0,311192
2024-11-20,382000.0,386500.0,370000.0,380000.0,285460
2024-11-21,373500.0,379000.0,348500.0,356500.0,477846
2024-11-22,361000.0,380000.0,360000.0,379500.0,475673
2024-11-25,377000.0,378000.0,349500.0,359000.0,799494
2024-11-26,355500.0,355500.0,318500.0,319500.0,925407
2024-11-27,319000.0,329000.0,318500.0,322500.0,368911
2024-11-28,322500.0,331500.0,313000.0,325000.0,347514
2024-11-29,328000.0,339500.0,312500.0,312500.0,496191
2024-12-02,314500.0,323500.0,313000.0,321000.0,306671
2024-12-03,329500.0,341500.0,327000.0,338500.0,335117
2024-12-04,328500.0,342500.0,328500.0,335000.0,479672
2024-12-05,335000.0,336000.0,304000.0,308000.0,837652
2024-12-06,314500.0,317500.0,286000.0,298000.0,938645
2024-12-09,283500.0,288000.0,277000.0,279000.0,729078
2024-12-10,279000.0,292000.0,270000.0,291000.0,756944
2024-12-11,291000.0,304500.0,287000.0,298000.0,319668
2024-12-12,300000.0,314500.0,295500.0,311500.0,552672
2024-12-13,316000.0,324000.0,310000.0,323000.0,396002
2024-12-16,332500.0,333000.0,313000.0,320000.0,423292
2024-12-17,316500.0,320500.0,304000.0,305500.0,391304
2024-12-18,305000.0,311500.0,302500.0,305500.0,221485
2024-12-19,297500.0,315000.0,297500.0,309000.0,290631
2024-12-20,309000.0,309500.0,303000.0,305000.0,221140
2024-12-23,306500.0,328500.0,306500.0,326000.0,336668
2024-12-24,329000.0,330000.0,320500.0,324000.0,179574
2024-12-26,324000.0,327000.0,316500.0,323500.0,186277
2024-12-27,321500.0,327500.0,318000.0,319000.0,196212
2024-12-30,317000.0,330000.0,317000.0,326500.0,204610
2025-01-02,330500.0,364000.0,330500.0,363500.0,544064
2025-01-03,362000.0,368000.0,355500.0,362000.0,260600
2025-01-06,362500.0,376000.0,360500.0,366000.0,300540
2025-01-07,369500.0,384500.0,367000.0,381000.0,337262
2025-01-08,379000.0,386500.0,373000.0,383000.0,292046
2025-01-09,379000.0,392000.0,363000.0,392000.0,457502
2025-01-10,388500.0,390500.0,375000.0,378500.0,343171
2025-01-13,381000.0,398500.0,381000.0,395500.0,420373
2025-01-14,392000.0,402000.0,391500.0,395500.0,191711
2025-01-15,399500.0,400500.0,393500.0,395000.0,171811
2025-01-16,399000.0,399500.0,387000.0,394000.0,214039
2025-01-17,392000.0,392500.0,378000.0,382500.0,308909
2025-01-20,393000.0,393000.0,374500.0,377500.0,228676
2025-01-21,378000.0,392000.0,378000.0,389500.0,281748
2025-01-22,392000.0,399500.0,386500.0,389000.0,234670
2025-01-23,390500.0,394000.0,381500.0,383500.0,128950
2025-01-24,383500.0,414000.0,383500.0,411500.0,483792
2025-01-31,414500.0,415000.0,397000.0,400000.0,419665
2025-02-03,392000.0,399500.0,384500.0,392500.0,237337
2025-02-04,395000.0,414000.0,395000.0,406500.0,277489
2025-02-05,409000.0,410500.0,399500.0,402500.0,181769
2025-02-06,404500.0,424000.0,393000.0,420500.0,455172
2025-02-07,421500.0,439000.0,412000.0,418000.0,508231
2025-02-10,423500.0,425500.0,411000.0,413000.0,294509
2025-02-11,454000.0,498500.0,442500.0,498000.0,2598237
2025-02-12,503000.0,524000.0,500000.0,520000.0,1067534
2025-02-13,509000.0,526000.0,495000.0,516000.0,702706
2025-02-14,516000.0,539000.0,503000.0,533000.0,649548
2025-02-17,533000.0,590000.0,528000.0,577000.0,1021560
2025-02-18,600000.0,659000.0,599000.0,643000.0,1245770
2025-02-19,639000.0,642000.0,619000.0,639000.0,527197
2025-02-20,627000.0,664000.0,608000.0,645000.0,890044
2025-02-21,635000.0,668000.0,615000.0,660000.0,562770
2025-02-24,658000.0,674000.0,652000.0,666000.0,386667
2025-02-25,658000.0,695000.0,657000.0,680000.0,448687
2025-02-26,689000.0,701000.0,663000.0,672000.0,351498
2025-02-27,663000.0,676000.0,633000.0,649000.0,486498
2025-02-28,643000.0,651000.0,592000.0,594000.0,763278
2025-03-04,633000.0,701000.0,627000.0,701000.0,1257407
2025-03-05,688000.0,709000.0,670000.0,695000.0,778132
2025-03-06,714000.0,714000.0,671000.0,678000.0,582714
2025-03-07,680000.0,740000.0,664000.0,731000.0,952069
2025-03-10,732000.0,745000.0,694000.0,702000.0,577521
2025-03-11,675000.0,692000.0,675000.0,678000.0,408683
2025-03-12,683000.0,704000.0,645000.0,665000.0,725675
2025-03-13,671000.0,714000.0,671000.0,707000.0,631379
2025-03-14,700000.0,714000.0,696000.0,705000.0,294939
2025-03-17,714000.0,757000.0,709000.0,753000.0,666106
2025-03-18,764000.0,781000.0,746000.0,764000.0,468996
2025-03-19,771000.0,774000.0,746000.0,756000.0,390302
2025-03-20,750000.0,754000.0,720000.0,722000.0,424628
2025-03-21,627000.0,655000.0,608000.0,628000.0,1813669
2025-03-24,637000.0,684000.0,636000.0,675000.0,726087
2025-03-25,688000.0,692000.0,650000.0,654000.0,349469
2025-03-26,655000.0,675000.0,632000.0,667000.0,337299
2025-03-27,673000.0,679000.0,660000.0,663000.0,215109
2025-03-28,675000.0,677000.0,629000.0,630000.0,304634
2025-03-31,605000.0,638000.0,603000.0,627000.0,305291
2025-04-01,643000.0,682000.0,640000.0,673000.0,343029
2025-04-02,685000.0,694000.0,660000.0,663000.0,297917
2025-04-03,652000.0,710000.0,650000.0,697000.0,427177
2025-04-04,705000.0,720000.0,675000.0,702000.0,422746
2025-04-07,683000.0,684000.0,636000.0,642000.0,412797
2025-04-08,686000.0,705000.0,670000.0,698000.0,558169
2025-04-09,717000.0,717000.0,673000.0,691000.0,411172
2025-04-10,727000.0,740000.0,707000.0,740000.0,410554
2025-04-11,730000.0,781000.0,727000.0,779000.0,379557
2025-04-14,798000.0,804000.0,780000.0,792000.0,270675
2025-04-15,796000.0,797000.0,758000.0,771000.0,253411
2025-04-16,771000.0,798000.0,762000.0,788000.0,257199
2025-04-17,790000.0,816000.0,781000.0,816000.0,325239
2025-04-18,814000.0,862000.0,808000.0,828000.0,351310
2025-04-21,850000.0,850000.0,813000.0,830000.0,198259
2025-04-22,829000.0,843000.0,823000.0,830000.0,151172
2025-04-23,837000.0,840000.0,805000.0,814000.0,191206
2025-04-24,817000.0,833000.0,805000.0,824000.0,164949
2025-04-25,828000.0,832000.0,810000.0,824000.0,242091
2025-04-28,825000.0,845000.0,807000.0,827000.0,331266
2025-04-29,822000.0,822000.0,795000.0,809000.0,270124
2025-04-30,811000.0,832000.0,751000.0,797000.0,509064
2025-05-02,797000.0,822000.0,788000.0,818000.0,268277
2025-05-07,832000.0,890000.0,827000.0,890000.0,468435
2025-05-08,887000.0,899000.0,861000.0,883000.0,324345
2025-05-09,888000.0,898000.0,873000.0,878000.0,368386
2025-05-12,876000.0,877000.0,814000.0,820000.0,285226
2025-05-13,785511.25,814129.125,769722.0625,793405.8125,365779
2025-05-14,802287.25,823010.5,796366.3125,809195.0,279650
2025-05-15,813142.3125,817089.5625,800313.5625,811168.625,167131
2025-05-16,812155.4375,833865.5625,812155.4375,829918.25,162494
2025-05-19,821036.875,842747.0,814129.125,827944.625,110989
2025-05-20,835839.1875,837812.875,798339.9375,804260.875,183787
2025-05-21,809195.0,842747.0,808208.1875,838799.6875,244255
2025-05-22,837000.0,843000.0,822000.0,833000.0,152390
2025-05-23,833000.0,836000.0,813000.0,830000.0,136055
2025-05-26,799000.0,833000.0,798000.0,833000.0,169509
2025-05-27,842000.0,889000.0,834000.0,887000.0,369030
2025-05-28,884000.0,893000.0,827000.0,832000.0,320783
2025-05-29,848000.0,872000.0,833000.0,857000.0,234459
2025-05-30,851000.0,852000.0,811000.0,811000.0,436671
2025-06-02,822000.0,839000.0,821000.0,835000.0,156208
2025-06-04,838000.0,845000.0,811000.0,845000.0,213653
2025-06-05,848000.0,925000.0,844000.0,905000.0,512018
2025-06-09,891000.0,895000.0,862000.0,880000.0,284593
2025-06-10,904000.0,950000.0,883000.0,936000.0,337596
2025-06-11,936000.0,942000.0,901000.0,905000.0,414770
2025-06-12,919000.0,958000.0,906000.0,953000.0,442140
2025-06-13,944000.0,982000.0,928000.0,945000.0,493711
2025-06-16,963000.0,987000.0,938000.0,970000.0,326298
2025-06-17,954000.0,964000.0,940000.0,954000.0,270383
2025-06-18,964000.0,969000.0,927000.0,927000.0,257813
2025-06-19,926000.0,938000.0,911000.0,934000.0,198303
2025-06-20,924000.0,965000.0,917000.0,938000.0,419837
2025-06-23,947000.0,953000.0,918000.0,919000.0,243428
2025-06-24,905000.0,913000.0,872000.0,895000.0,281041
2025-06-25,897000.0,900000.0,856000.0,856000.0,313167
2025-06-26,871000.0,885000.0,841000.0,878000.0,322082
2025-06-27,898000.0,926000.0,878000.0,890000.0,334673
2025-06-30,877000.0,877000.0,848000.0,848000.0,260471
2025-07-01,853000.0,867000.0,836000.0,839000.0,185116
2025-07-02,833000.0,838000.0,785000.0,819000.0,326459
2025-07-03,846000.0,861000.0,813000.0,817000.0,274396
2025-07-04,810000.0,818000.0,775000.0,779000.0,297249
2025-07-07,762000.0,814000.0,760000.0,805000.0,273998
2025-07-08,820000.0,827000.0,796000.0,815000.0,265811
2025-07-09,842000.0,858000.0,838000.0,850000.0,273305
2025-07-10,851000.0,858000.0,836000.0,853000.0,298241
2025-07-11,847000.0,847000.0,802000.0,806000.0,255773
2025-07-14,808000.0,819000.0,791000.0,807000.0,183007
2025-07-15,802000.0,848000.0,802000.0,848000.0,235902
2025-07-16,840000.0,854000.0,830000.0,854000.0,165528
2025-07-17,855000.0,912000.0,847000.0,896000.0,463424
2025-07-18,905000.0,910000.0,885000.0,896000.0,176796
2025-07-21,891000.0,926000.0,881000.0,919000.0,224163
2025-07-22,916000.0,923000.0,905000.0,922000.0,207213
2025-07-23,924000.0,931000.0,898000.0,910000.0,213391
2025-07-24,911000.0,946000.0,909000.0,941000.0,263357
2025-07-25,933000.0,951000.0,933000.0,945000.0,126974
2025-07-28,947000.0,959000.0,935000.0,953000.0,122549
2025-07-29,951000.0,998000.0,947000.0,998000.0,324999
2025-07-30,998000.0,998000.0,963000.0,977000.0,292494
2025-07-31,972000.0,1035000.0,951000.0,996000.0,602496
2025-08-01,987000.0,989000.0,910000.0,939000.0,419450
2025-08-04,930000.0,945000.0,922000.0,938000.0,118975
2025-08-05,942000.0,973000.0,932000.0,961000.0,187035
2025-08-06,952000.0,953000.0,925000.0,936000.0,184646
2025-08-07,939000.0,942000.0,923000.0,932000.0,155826
2025-08-08,906000.0,910000.0,875000.0,881000.0,330808
2025-08-11,875000.0,896000.0,875000.0,880000.0,157243
2025-08-12,885000.0,890000.0,849000.0,851000.0,307287
2025-08-13,854000.0,883000.0,809000.0,878000.0,394063
2025-08-14,880000.0,895000.0,875000.0,883000.0,241011
2025-08-18,879000.0,906000.0,869000.0,888000.0,236731
2025-08-19,886000.0,888000.0,827000.0,827000.0,256827
2025-08-20,809000.0,829000.0,801000.0,816000.0,322736
2025-08-21,834000.0,848000.0,827000.0,834000.0,128018
2025-08-22,849000.0,895000.0,846000.0,891000.0,255134
2025-08-25,900000.0,908000.0,888000.0,903000.0,127028
2025-08-26,896000.0,904000.0,880000.0,900000.0,246639
2025-08-27,899000.0,912000.0,889000.0,907000.0,112708
2025-08-28,901000.0,932000.0,898000.0,908000.0,146074
2025-08-29,917000.0,920000.0,884000.0,884000.0,183497
2025-09-01,895000.0,927000.0,893000.0,916000.0,185557
2025-09-02,933000.0,943000.0,916000.0,933000.0,129384
2025-09-03,938000.0,950000.0,932000.0,941000.0,152150
2025-09-04,932000.0,946000.0,926000.0,931000.0,147466
2025-09-05,938000.0,946000.0,910000.0,920000.0,193204
2025-09-08,924000.0,952000.0,921000.0,951000.0,176069
2025-09-09,954000.0,955000.0,937000.0,945000.0,164915
2025-09-10,945000.0,978000.0,945000.0,967000.0,229210
2025-09-11,973000.0,1005000.0,973000.0,1005000.0,298028
2025-09-12,1000000.0,1011000.0,993000.0,1002000.0,169241
2025-09-15,998000.0,1008000.0,980000.0,986000.0,143445
2025-09-16,994000.0,1041000.0,994000.0,1041000.0,226446
2025-09-17,1027000.0,1038000.0,1015000.0,1030000.0,202933
2025-09-18,1043000.0,1052000.0,999000.0,1024000.0,209665
2025-09-22,1028000.0,1034000.0,1001000.0,1022000.0,137450
2025-09-23,1005000.0,1024000.0,999000.0,1004000.0,148757
2025-09-24,1020000.0,1063000.0,1005000.0,1058000.0,295040
2025-09-25,1062000.0,1094000.0,1043000.0,1048000.0,209497
2025-09-26,1052000.0,1070000.0,1025000.0,1044000.0,192038
2025-09-29,1058000.0,1065000.0,1044000.0,1059000.0,124076
2025-09-30,1059000.0,1127000.0,1057000.0,1107000.0,291287
2025-10-01,1100000.0,1113000.0,1081000.0,1099000.0,158652
2025-10-02,1103000.0,1118000.0,1079000.0,1097000.0,189175
2025-10-10,1069000.0,1079000.0,1027000.0,1042000.0,290169
2025-10-13,1040000.0,1045000.0,991000.0,993000.0,183941
2025-10-14,994000.0,1009000.0,924000.0,933000.0,318501
2025-10-15,947000.0,956000.0,923000.0,954000.0,329226
2025-10-16,955000.0,969000.0,931000.0,936000.0,184356
2025-10-17,931000.0,947000.0,912000.0,912000.0,184363
2025-10-20,929000.0,956000.0,926000.0,953000.0,196306
2025-10-21,984000.0,986000.0,960000.0,974000.0,247903
2025-10-22,994000.0,1014000.0,991000.0,1007000.0,256790
2025-10-23,1008000.0,1063000.0,1000000.0,1049000.0,284405
2025-10-24,1043000.0,1043000.0,1002000.0,1013000.0,189996
2025-10-27,1010000.0,1042000.0,1005000.0,1039000.0,222929
2025-10-28,1037000.0,1039000.0,992000.0,996000.0,183625
2025-10-29,1017000.0,1018000.0,980000.0,993000.0,126098
2025-10-30,1000000.0,1014000.0,994000.0,994000.0,150339
2025-10-31,976000.0,1007000.0,976000.0,979000.0,123048
2025-11-03,987000.0,1056000.0,987000.0,1042000.0,330523
2025-11-04,1038000.0,1038000.0,1005000.0,1010000.0,180841
2025-11-05,1008000.0,1009000.0,923000.0,950000.0,302267
2025-11-06,978000.0,998000.0,958000.0,970000.0,142073
2025-11-07,950000.0,962000.0,902000.0,923000.0,255527
2025-11-10,935000.0,984000.0,927000.0,965000.0,150467
2025-11-11,975000.0,980000.0,944000.0,948000.0,118730
2025-11-12,959000.0,979000.0,951000.0,960000.0,167363
2025-11-13,964000.0,971000.0,953000.0,956000.0,118138
2025-11-14,951000.0,989000.0,938000.0,955000.0,211727
2025-11-17,965000.0,980000.0,950000.0,979000.0,151162
2025-11-18,985000.0,1003000.0,921000.0,921000.0,209914
2025-11-19,939000.0,949000.0,887000.0,905000.0,309855
2025-11-20,910000.0,944000.0,907000.0,916000.0,183622
2025-11-21,889000.0,896000.0,861000.0,869000.0,256581
2025-11-24,882000.0,886000.0,813000.0,855000.0,301258
2025-11-25,868000.0,877000.0,850000.0,859000.0,121366
2025-11-26,874000.0,887000.0,863000.0,871000.0,125169
2025-11-27,901000.0,902000.0,862000.0,863000.0,198637
2025-11-28,866000.0,866000.0,836000.0,852000.0,195233
2025-12-01,842000.0,843000.0,805000.0,813000.0,318566
2025-12-02,796000.0,827000.0,791000.0,824000.0,300231
2025-12-03,836000.0,879000.0,834000.0,866000.0,315675
2025-12-04,874000.0,883000.0,845000.0,855000.0,110369
2025-12-05,855000.0,895000.0,852000.0,895000.0,192198
2025-12-08,907000.0,943000.0,899000.0,937000.0,231159
2025-12-09,941000.0,963000.0,938000.0,960000.0,231353
2025-12-10,945000.0,955000.0,919000.0,923000.0,155708
2025-12-11,932000.0,935000.0,900000.0,904000.0,242560
2025-12-12,925000.0,962000.0,917000.0,961000.0,268675
2025-12-15,943000.0,943000.0,852000.0,908000.0,144644
2025-12-16,899000.0,904000.0,864000.0,875000.0,207445
2025-12-17,875000.0,893000.0,860000.0,870000.0,94698
2025-12-18,870000.0,885000.0,838000.0,851000.0,115140
2025-12-19,865000.0,907000.0,865000.0,884000.0,208385
2025-12-22,900000.0,906000.0,883000.0,886000.0,107353
2025-12-23,891000.0,906000.0,887000.0,900000.0,88326
2025-12-24,900000.0,903000.0,870000.0,878000.0,103248
2025-12-26,879000.0,893000.0,864000.0,870000.0,102783
2025-12-29,901000.0,956000.0,891000.0,949000.0,339928
2025-12-30,963000.0,964000.0,918000.0,941000.0,187387
2026-01-02,953000.0,981000.0,938000.0,946000.0,144603
2026-01-05,969000.0,1015000.0,968000.0,1012000.0,327727
2026-01-06,997000.0,1030000.0,981000.0,1022000.0,279979
2026-01-07,1033000.0,1049000.0,988000.0,1010000.0,269662
2026-01-08,1051000.0,1114000.0,1025000.0,1090000.0,508382
2026-01-09,1101000.0,1219000.0,1099000.0,1214000.0,575132
2026-01-12,1256000.0,1257000.0,1186000.0,1212000.0,282589
2026-01-13,1229000.0,1296000.0,1212000.0,1282000.0,322326
2026-01-14,1279000.0,1281000.0,1249000.0,1269000.0,182382
2026-01-15,1312000.0,1329000.0,1269000.0,1294000.0,220568
2026-01-16,1308000.0,1319000.0,1279000.0,1299000.0,291401
2026-01-19,1316000.0,1339000.0,1292000.0,1330000.0,194888
2026-01-20,1345000.0,1398000.0,1294000.0,1309000.0,222510
2026-01-21,1312000.0,1328000.0,1281000.0,1315000.0,264111
2026-01-22,1292000.0,1313000.0,1270000.0,1289000.0,205157
2026-01-23,1281000.0,1289000.0,1234000.0,1255000.0,260134
2026-01-26,1268000.0,1292000.0,1258000.0,1262000.0,126918
2026-01-27,1295000.0,1295000.0,1230000.0,1230000.0,154527
2026-01-28,1280000.0,1299000.0,1251000.0,1288000.0,180905
2026-01-29,1301000.0,1329000.0,1268000.0,1300000.0,227097
2026-01-30,1340000.0,1348000.0,1271000.0,1300000.0,247057
2026-02-02,1320000.0,1348000.0,1207000.0,1239000.0,312729
2026-02-03,1280000.0,1315000.0,1268000.0,1299000.0,203785
2026-02-04,1315000.0,1333000.0,1287000.0,1324000.0,143922
2026-02-05,1290000.0,1300000.0,1208000.0,1227000.0,333625
2026-02-06,1159000.0,1192000.0,1110000.0,1181000.0,295504
2026-02-09,1246000.0,1260000.0,1173000.0,1193000.0,275049
2026-02-10,1220000.0,1249000.0,1112000.0,1146000.0,504416
2026-02-11,1153000.0,1163000.0,1125000.0,1130000.0,248096
2026-02-12,1139000.0,1140000.0,1120000.0,1131000.0,210941
2026-02-13,1119000.0,1128000.0,1097000.0,1105000.0,236946
2026-02-19,1199000.0,1199000.0,1131000.0,1149000.0,190403
2026-02-20,1224000.0,1258000.0,1192000.0,1242000.0,443593
2026-02-23,1241000.0,1251000.0,1215000.0,1236000.0,196612
2026-02-24,1243000.0,1246000.0,1201000.0,1241000.0,172787
2026-02-25,1240000.0,1241000.0,1205000.0,1212000.0,168169
2026-02-26,1207000.0,1207000.0,1182000.0,1194000.0,184947
2026-02-27,1227000.0,1241000.0,1195000.0,1195000.0,325910
2026-03-03,1330000.0,1492000.0,1304000.0,1432000.0,1295365
2026-03-04,1526000.0,1655000.0,1243000.0,1323000.0,1191514
2026-03-05,1361000.0,1486000.0,1322000.0,1381000.0,785586
2026-03-06,1414000.0,1540000.0,1368000.0,1481000.0,836707
2026-03-09,1516000.0,1550000.0,1361000.0,1434000.0,564231
2026-03-10,1365000.0,1484000.0,1353000.0,1455000.0,452836
2026-03-11,1459000.0,1496000.0,1390000.0,1410000.0,285240
2026-03-12,1430000.0,1474000.0,1424000.0,1465000.0,261688
2026-03-13,1462000.0,1489000.0,1409000.0,1488000.0,324291
2026-03-16,1478000.0,1522000.0,1457000.0,1476000.0,180940
2026-03-17,1470000.0,1470000.0,1388000.0,1396000.0,210274
2026-03-18,1415000.0,1415000.0,1362000.0,1390000.0,161859
2026-03-19,1416000.0,1417000.0,1361000.0,1375000.0,111115
2026-03-20,1347000.0,1360000.0,1306000.0,1320000.0,270214
2026-03-23,1300000.0,1314000.0,1232000.0,1278000.0,232870
2026-03-24,1310000.0,1348000.0,1291000.0,1335000.0,154321
2026-03-25,1362000.0,1400000.0,1332000.0,1400000.0,212913
2026-03-26,1425000.0,1425000.0,1351000.0,1369000.0,158124
2026-03-27,1349000.0,1349000.0,1287000.0,1369000.0,205178
2026-03-30,1276000.0,1327000.0,1256000.0,1308000.0,160318
2026-03-31,1263000.0,1289000.0,1217000.0,1249000.0,277570
2026-04-01,1323000.0,1364000.0,1283000.0,1331000.0,243803
2026-04-02,1415000.0,1478000.0,1383000.0,1417000.0,437390
2026-04-03,1418000.0,1480000.0,1399000.0,1449000.0,193653
2026-04-06,1449000.0,1474000.0,1410000.0,1450000.0,128832
2026-04-07,1426000.0,1545000.0,1426000.0,1537000.0,273390
2026-04-08,1507000.0,1512000.0,1450000.0,1484000.0,287112
2026-04-09,1485000.0,1495000.0,1423000.0,1451000.0,224072
2026-04-10,1465000.0,1517000.0,1456000.0,1507000.0,190431
2026-04-13,1526000.0,1559000.0,1495000.0,1530000.0,259390
2026-04-14,1515000.0,1531000.0,1484000.0,1523000.0,168602
2026-04-15,1514000.0,1542000.0,1501000.0,1509000.0,153464
2026-04-16,1570000.0,1570000.0,1511000.0,1519000.0,121112
2026-04-17,1515000.0,1516000.0,1421000.0,1423000.0,272895
2026-04-20,1447000.0,1450000.0,1419000.0,1425000.0,147969
2026-04-21,1427000.0,1434000.0,1390000.0,1391000.0,162137
2026-04-22,1410000.0,1444000.0,1405000.0,1416000.0,159301
2026-04-23,1421000.0,1429000.0,1399000.0,1425000.0,177030
2026-04-24,1469000.0,1525000.0,1440000.0,1463000.0,272846
2026-04-27,1466000.0,1472000.0,1442000.0,1454000.0,114894
2026-04-28,1449000.0,1450000.0,1395000.0,1395000.0,259276
2026-04-29,1406000.0,1446000.0,1397000.0,1420000.0,110434
2026-04-30,1416000.0,1458000.0,1379000.0,1417000.0,236243
2026-05-04,1440000.0,1482000.0,1436000.0,1465000.0,450389
2026-05-06,1473000.0,1473000.0,1405000.0,1433000.0,171436
2026-05-07,1412000.0,1413000.0,1316000.0,1317000.0,314456
2026-05-08,1335000.0,1338000.0,1275000.0,1307000.0,249051
2026-05-11,1349000.0,1370000.0,1314000.0,1315000.0,251134
2026-05-12,1360000.0,1360000.0,1259000.0,1284000.0,234338
2026-05-13,1308000.0,1317000.0,1254000.0,1286000.0,149714
2026-05-14,1302000.0,1323000.0,1273000.0,1306000.0,183172
2026-05-15,1300000.0,1304000.0,1210000.0,1216000.0,208586
2026-05-18,1243000.0,1257000.0,1200000.0,1227000.0,174679
2026-05-19,1254000.0,1344000.0,1252000.0,1286000.0,358529
2026-05-20,1295000.0,1306000.0,1212000.0,1249000.0,220620
2026-05-21,1261000.0,1296000.0,1242000.0,1248000.0,159803
2026-05-22,1252000.0,1276000.0,1226000.0,1261000.0,224282
2026-05-26,1268000.0,1275000.0,1241000.0,1251000.0,155040
2026-05-27,1262000.0,1304000.0,1242000.0,1244000.0,238820
2026-05-28,1246000.0,1251000.0,1181000.0,1200000.0,201634
2026-05-29,1210000.0,1233000.0,1161000.0,1173000.0,348297
2026-06-01,1173000.0,1243000.0,1116000.0,1138000.0,338833
2026-06-02,1111000.0,1115000.0,1044000.0,1070000.0,361504
2026-06-04,1060000.0,1106000.0,1032000.0,1068000.0,351981
2026-06-05,1060000.0,1069000.0,1021000.0,1049000.0,185271
2026-06-08,955000.0,1018000.0,955000.0,1006000.0,223231
2026-06-09,1058000.0,1060000.0,987000.0,1016000.0,201707
2026-06-10,1038000.0,1066000.0,1004000.0,1031000.0,35
2026-06-11,1012000.0,1020000.0,965000.0,1014000.0,216006
2026-06-12,1035000.0,1105000.0,1028000.0,1078000.0,233810
2026-06-15,1123000.0,1123000.0,1066000.0,1084000.0,164769
2026-06-16,1147000.0,1212000.0,1125000.0,1183000.0,369748
2026-06-17,1241000.0,1264000.0,1198000.0,1224000.0,290565
2026-06-18,1235000.0,1242000.0,1183000.0,1189000.0,255178
2026-06-19,1189000.0,1198500.0,1095000.0,1122000.0,456658
2026-06-22,1186000.0,1192000.0,1122000.0,1125000.0,145874
2026-06-23,1124000.0,1145000.0,1064000.0,1073000.0,198818
2026-06-24,1063000.0,1101000.0,1032000.0,1094000.0,177303
2026-06-25,1105000.0,1112000.0,1053000.0,1069000.0,270632
2026-06-26,1058000.0,1058000.0,984000.0,1011000.0,293385
2026-06-29,1013000.0,1033000.0,990000.0,1020000.0,253150
2026-06-30,1016000.0,1029000.0,968000.0,995000.0,177757
2026-07-01,1020000.0,1107000.0,1012000.0,1091000.0,191691
2026-07-02,1118000.0,1197000.0,1096000.0,1116000.0,355677
2026-07-03,1175000.0,1190000.0,1111000.0,1175000.0,259176
2026-07-06,1205000.0,1240000.0,1125000.0,1159000.0,140971
2026-07-07,1141000.0,1142000.0,1050000.0,1122000.0,184231
2026-07-08,1135000.0,1139000.0,1007000.0,1041000.0,175270
2026-07-09,1035000.0,1057000.0,927000.0,953000.0,275214
2026-07-10,949000.0,976000.0,920000.0,967000.0,292728
2026-07-13,991000.0,1008000.0,926000.0,936000.0,179138
2026-07-14,941000.0,943000.0,862000.0,872000.0,267263
2026-07-15,915000.0,956000.0,899000.0,929000.0,249391
2026-07-16,930000.0,970000.0,905000.0,943000.0,142859
2026-07-20,920000.0,929000.0,870000.0,875000.0,415673
2026-07-21,879000.0,917000.0,856000.0,899000.0,173928
2026-07-22,909000.0,929000.0,891000.0,891000.0,201320
2026-07-23,891000.0,961000.0,886000.0,958000.0,209791
2026-07-24,981000.0,1050000.0,965000.0,979000.0,243326
2026-07-27,985000.0,987000.0,875000.0,899000.0,173455
2026-07-28,876000.0,900000.0,857000.0,875000.0,172897
2026-07-29,862000.0,878000.0,783000.0,810000.0,292413
2026-07-30,809000.0,918000.0,809000.0,865000.0,253854
2026-07-31,890000.0,943000.0,866000.0,917000.0,259060
2026-08-03,925000.0,936000.0,906000.0,919000.0,177064
2026-08-04,919000.0,1014000.0,905000.0,1004000.0,292632
2026-08-05,1006000.0,1031000.0,998000.0,1007000.0,92287
2026-08-06,1007000.0,1073000.0,1007000.0,1054000.0,271003
2026-08-07,1044000.0,1100000.0,1042000.0,1097000.0,162033
2026-08-10,1118000.0,1169000.0,1112000.0,1152000.0,237101
2026-08-11,1173000.0,1174000.0,1069000.0,1098000.0,158144
2026-08-12,1116000.0,1191000.0,1083000.0,1156000.0,300729
2026-08-13,1167000.0,1213000.0,1164000.0,1185000.0,259007
2026-08-14,1163000.0,1178000.0,1130000.0,1160000.0,172790
2026-08-18,1124000.0,1167000.0,1121000.0,1146000.0,207676
2026-08-19,1255000.0,1255000.0,1150000.0,1177000.0,407773
2026-08-20,1190000.0,1213000.0,1136000.0,1167000.0,251401
2026-08-21,1145000.0,1145000.0,1077000.0,1085000.0,193892
2026-08-24,1100000.0,1132000.0,1087000.0,1105000.0,88498
2026-08-25,1100000.0,1139000.0,1090000.0,1102000.0,107478
2026-08-26,1102000.0,1102000.0,1055000.0,1087000.0,83239
2026-08-27,1111000.0,1159000.0,1096000.0,1150000.0,139565
2026-08-28,1139000.0,1158000.0,1113000.0,1157000.0,116700
