date,open,high,low,close,volume
2002-10-29,1797.7249,1797.7249,1797.7249,1797.7249,501745
2002-10-30,2012.2261,2012.2261,1989.7545,2012.2261,20892185
2002-10-31,2042.8691,2091.8979,1865.1395,1912.1255,32327083
2002-11-01,1961.1544,2022.4404,1724.1815,1793.639,18373668
2002-11-04,1777.2961,1789.5533,1660.8525,1703.7528,16939411
2002-11-05,1695.5814,1785.4677,1695.5814,1701.71,15353406
2002-11-06,1728.2673,1740.5245,1626.1238,1664.9384,12487339
2002-11-07,1654.724,1746.6531,1650.6383,1666.9812,11682099
2002-11-08,1628.1667,1650.6383,1603.6522,1634.2953,6740519
2002-11-11,1630.2096,1730.3102,1630.2096,1675.1527,10783852
2002-11-12,1646.5525,1654.724,1573.0093,1585.2665,7176181
2002-11-13,1585.2665,1624.0809,1499.4659,1503.5516,10570917
2002-11-14,1552.5806,1568.9235,1450.4371,1495.3802,8566383
2002-11-15,1532.1519,1570.9663,1483.1229,1570.9663,10548889
2002-11-18,1564.8378,1591.395,1546.4519,1548.4948,6510451
2002-11-19,1568.9235,1613.8666,1564.8378,1577.095,9129317
2002-11-20,1577.095,1640.424,1575.0521,1640.424,10766720
2002-11-21,1662.8955,1671.0669,1605.6952,1613.8666,6620590
2002-11-22,1650.6383,1728.2673,1626.1238,1648.5953,17414233
2002-11-25,1671.0669,1697.6243,1626.1238,1662.8955,7900652
2002-11-26,1683.3242,1695.5814,1630.2096,1634.2953,8262888
2002-11-27,1613.8666,1638.381,1503.5516,1540.3234,19749184
2002-11-28,1573.0093,1652.6812,1540.3234,1609.7809,19103034
2002-11-29,1630.2096,1801.8105,1605.6952,1801.8105,36213773
2002-12-02,1801.8105,1801.8105,1801.8105,1801.8105,0
2002-12-03,1879.4396,1908.0398,1854.9252,1883.5254,12541185
2002-12-04,1838.5822,1961.1544,1826.325,1908.0398,14066001
2002-12-05,1948.8971,2132.7554,1891.6968,2083.7266,27789347
2002-12-06,2067.3835,2230.813,2063.2979,2116.4124,25280620
2002-12-09,2157.2698,2169.5271,2055.1262,2071.4692,8779319
2002-12-10,2030.6119,2157.2698,2022.4404,2128.6697,11682099
2002-12-11,2153.1841,2308.4421,2136.8411,2189.9558,19670863
2002-12-12,2243.0703,2402.4141,2234.8989,2357.4709,24279577
2002-12-13,2373.814,2480.0432,2337.0422,2357.4709,16239415
2002-12-16,2328.8708,2394.2427,2255.3274,2308.4421,8485614
2002-12-17,2377.8997,2381.9854,2267.5847,2296.1848,9158687
2002-12-18,2271.6704,2353.3853,2263.499,2288.0134,8350999
2002-12-19,2288.0134,2288.0134,2288.0134,2288.0134,0
2002-12-20,2263.499,2308.4421,2189.9558,2202.2129,6975483
2002-12-23,2189.9558,2238.9846,2040.8263,2124.584,9993298
2002-12-24,2124.584,2222.6416,2120.498,2185.8699,13603416
2002-12-25,2185.8699,2185.8699,2185.8699,2185.8699,0
2002-12-26,2181.7842,2189.9558,2042.8691,2042.8691,8512537
2002-12-27,1993.8402,2083.7266,1940.7257,2010.1832,8047505
2002-12-30,2002.0117,2010.1832,1781.3818,1818.1536,11226857
2002-12-31,1818.1536,1818.1536,1818.1536,1818.1536,0
2003-01-01,1818.1536,1818.1536,1818.1536,1818.1536,0
2003-01-02,1879.4396,2034.6976,1867.1824,2034.6976,13011112
2003-01-03,2128.6697,2275.7561,2128.6697,2275.7561,21486936
2003-01-06,2296.1848,2357.4709,2185.8699,2304.3564,21885885
2003-01-07,2361.5566,2365.6423,2185.8699,2206.2986,16410742
2003-01-08,2247.156,2402.4141,2230.813,2324.7852,26465229
2003-01-09,2271.6704,2418.7571,2267.5847,2369.7283,15382776
2003-01-10,2435.1001,2439.1858,2087.8123,2259.4133,18393248
2003-01-13,2259.4133,2332.9565,2234.8989,2316.6135,8994702
2003-01-14,2316.6135,2332.9565,2271.6704,2271.6704,7795408
2003-01-15,2275.7561,2308.4421,2214.4702,2271.6704,9031415
2003-01-16,2238.9846,2243.0703,2185.8699,2210.3843,8390160
2003-01-17,2165.4412,2238.9846,2124.584,2149.0984,8243308
2003-01-20,2083.7266,2169.5271,2083.7266,2112.3267,4895076
2003-01-21,2095.9836,2149.0984,2095.9836,2140.9268,4733538
2003-01-22,2095.9836,2149.0984,2095.9836,2120.498,4572001
2003-01-23,2145.0127,2300.2708,2136.8411,2292.0991,11657623
2003-01-24,2263.499,2292.0991,2124.584,2194.0415,6858001
2003-01-27,2116.4124,2132.7554,2030.6119,2104.1553,5112907
2003-01-28,2091.8979,2124.584,2083.7266,2100.0696,3277253
2003-01-29,2112.3267,2136.8411,1993.8402,2002.0117,3869557
2003-01-30,2008.1404,2132.7554,2008.1404,2100.0696,4204870
2003-01-31,2100.0696,2100.0696,2100.0696,2100.0696,0
2003-02-03,2083.7266,2165.4412,2059.2122,2149.0984,4403121
2003-02-04,2181.7842,2185.8699,2140.9268,2145.0127,3392287
2003-02-05,2124.584,2153.1841,2108.241,2145.0127,1669220
2003-02-06,2153.1841,2161.3555,2083.7266,2087.8123,2024114
2003-02-07,2087.8123,2100.0696,2034.6976,2046.9548,2560124
2003-02-10,2034.6976,2091.8979,2018.3547,2063.2979,2525859
2003-02-11,2091.8979,2149.0984,2046.9548,2087.8123,5010110
2003-02-12,2104.1553,2169.5271,2095.9836,2153.1841,4540183
2003-02-13,2169.5271,2177.6985,2095.9836,2116.4124,2322713
2003-02-14,2104.1553,2136.8411,2075.5549,2124.584,1926212
2003-02-17,2226.7273,2234.8989,2189.9558,2234.8989,4080046
2003-02-18,2226.7273,2251.2417,2194.0415,2206.2986,2858724
2003-02-19,2255.3274,2267.5847,2202.2129,2202.2129,5320947
2003-02-20,2202.2129,2226.7273,2149.0984,2202.2129,2939493
2003-02-21,2218.5559,2226.7273,2194.0415,2194.0415,1847891
2003-02-24,2194.0415,2296.1848,2194.0415,2296.1848,3380050
2003-02-25,2267.5847,2267.5847,2194.0415,2194.0415,2210126
2003-02-26,2226.7273,2279.842,2202.2129,2271.6704,3641936
2003-02-27,2230.813,2353.3853,2218.5559,2308.4421,4048228
2003-02-28,2357.4709,2357.4709,2243.0703,2283.9277,2814668
2003-03-03,2275.7561,2300.2708,2247.156,2296.1848,1857681
2003-03-04,2255.3274,2271.6704,2214.4702,2214.4702,1916422
2003-03-05,2161.3555,2185.8699,2112.3267,2132.7554,2971311
2003-03-06,2120.498,2165.4412,2067.3835,2124.584,2038799
2003-03-07,2063.2979,2145.0127,2034.6976,2063.2979,2613970
2003-03-10,2014.2689,2071.4692,2006.0975,2034.6976,2415720
2003-03-11,1961.1544,2034.6976,1961.1544,1989.7545,1522368
2003-03-12,1997.926,2145.0127,1993.8402,2145.0127,4454519
2003-03-13,2145.0127,2149.0984,2067.3835,2104.1553,2714319
2003-03-14,2206.2986,2226.7273,2173.6128,2198.1272,4696825
2003-03-17,2181.7842,2181.7842,2063.2979,2104.1553,2048589
2003-03-18,2279.842,2353.3853,2247.156,2353.3853,7814989
2003-03-19,2292.0991,2492.3003,2292.0991,2369.7283,6481080
2003-03-20,2431.0142,2463.7002,2369.7283,2443.2715,5695421
2003-03-21,2455.5288,2504.5576,2431.0142,2431.0142,6106607
2003-03-24,2451.4429,2463.7002,2361.5566,2361.5566,3451028
2003-03-25,2259.4133,2373.814,2259.4133,2316.6135,2320266
2003-03-26,2357.4709,2512.729,2357.4709,2418.7571,5100669
2003-03-27,2426.9285,2651.644,2418.7571,2614.8726,11092242
2003-03-28,2692.5015,2745.6162,2639.387,2696.5872,13358662
2003-03-31,2688.4158,2688.4158,2520.9004,2614.8726,4048228
2003-04-01,2594.4438,2684.3301,2574.0151,2663.9014,3798579
2003-04-02,2696.5872,2798.7307,2623.0439,2798.7307,9579664
2003-04-03,2823.2451,2839.5881,2778.302,2778.302,7580025
2003-04-04,2745.6162,2913.1313,2721.1016,2892.7026,7053804
2003-04-07,2941.7314,2994.8462,2831.4165,2851.8452,6823736
2003-04-08,2864.1025,2978.5032,2851.8452,2896.7883,6488423
2003-04-09,2941.7314,3068.3894,2880.4456,3011.1892,9817075
2003-04-10,3043.875,3043.875,2823.2451,2921.3027,7636318
2003-04-11,2900.8743,2978.5032,2860.0168,2860.0168,5467800
2003-04-14,2892.7026,3199.1331,2892.7026,3092.9038,8434216
2003-04-15,3231.8188,3248.1619,3092.9038,3174.6187,7543312
2003-04-16,3374.8198,3554.5923,3374.8198,3554.5923,7207999
2003-04-17,3718.0217,3910.0515,3681.2502,3811.9939,14890821
2003-04-18,3901.8801,3910.0515,3697.593,3840.594,9283511
2003-04-21,3836.5083,3983.5947,3738.4504,3975.4233,7460096
2003-04-22,3901.8801,4085.7383,3901.8801,3938.6516,8042610
2003-04-23,4004.0234,4167.4531,3861.0227,3901.8801,10020220
2003-04-24,3869.1941,3918.2229,3485.1348,3599.5354,10348191
2003-04-25,3534.1636,3742.5361,3325.791,3603.6211,12000279
2003-04-28,3558.678,3910.0515,3558.678,3840.594,13875093
2003-04-29,3914.1372,4290.0254,3914.1372,4290.0254,12590135
2003-04-30,4371.7397,4698.5991,4249.168,4453.4546,17279618
2003-05-01,4453.4546,4453.4546,4453.4546,4453.4546,0
2003-05-02,4637.313,4984.6006,4514.7407,4821.1709,15194316
2003-05-05,4821.1709,4821.1709,4821.1709,4821.1709,0
2003-05-06,4841.5996,4862.0283,4249.168,4371.7397,15999556
2003-05-07,4310.4536,4514.7407,4208.3105,4330.8823,15204106
2003-05-08,4330.8823,4330.8823,4330.8823,4330.8823,0
2003-05-09,4330.8823,4433.0259,4208.3105,4433.0259,8715683
2003-05-12,4494.312,4964.1719,4371.7397,4923.3145,19891142
2003-05-13,4862.0283,5168.459,4616.8843,4616.8843,17448499
2003-05-14,4739.4565,4984.6006,4616.8843,4780.314,17284514
2003-05-15,4882.457,4882.457,4596.4556,4698.5991,9873368
2003-05-16,4576.0269,4984.6006,4514.7407,4535.1694,19360026
2003-05-19,4412.5972,4678.1704,4330.8823,4473.8833,9873368
2003-05-20,4330.8823,4964.1719,4330.8823,4882.457,32919387
2003-05-21,4923.3145,5005.0293,4616.8843,4698.5991,14626487
2003-05-22,4678.1704,5250.1738,4637.313,5229.7451,24937965
2003-05-23,5352.3169,5495.3179,5168.459,5311.46,15774383
2003-05-26,5434.0317,5720.0337,5331.8882,5495.3179,15931025
2003-05-27,5617.8901,5638.3188,5148.0303,5311.46,13263208
2003-05-28,5495.3179,5515.7466,4800.7427,4943.7432,11523009
2003-05-29,4882.457,5434.0317,4882.457,5291.0312,15152708
2003-05-30,5188.8877,5413.603,5127.6016,5311.46,6750310
2003-06-02,5291.0312,5352.3169,4984.6006,5066.3154,7129678
2003-06-03,4984.6006,5066.3154,4473.8833,4473.8833,12984189
2003-06-04,4616.8843,4882.457,4555.5981,4739.4565,11686994
2003-06-05,4841.5996,4943.7432,4494.312,4576.0269,10698189
2003-06-06,4576.0269,4576.0269,4576.0269,4576.0269,0
2003-06-09,4616.8843,5107.1729,4616.8843,5107.1729,15867389
2003-06-10,5127.6016,5352.3169,5005.0293,5168.459,15125785
2003-06-11,5311.46,5720.0337,5250.1738,5577.0327,16895355
2003-06-12,5760.8911,6006.0352,5699.605,5903.8916,16672629
2003-06-13,6046.8926,6067.3213,5658.7476,5760.8911,9993298
2003-06-16,5658.7476,6006.0352,5577.0327,6006.0352,7286320
2003-06-17,6230.751,6251.1797,5903.8916,5903.8916,9153792
2003-06-18,5903.8916,5985.6064,5760.8911,5883.4629,5093326
2003-06-19,5883.4629,5924.3203,5597.4614,5617.8901,7281425
2003-06-20,5536.1753,5781.3198,5454.4604,5658.7476,7004854
2003-06-23,5617.8901,5679.1763,5250.1738,5372.7456,5548568
2003-06-24,5168.459,5556.604,5168.459,5474.8892,8510089
2003-06-25,5515.7466,5781.3198,5515.7466,5679.1763,7528627
2003-06-26,5617.8901,5801.7485,5556.604,5556.604,3690887
2003-06-27,5740.4624,6189.8936,5699.605,6128.6074,12781043
2003-06-30,6128.6074,6210.3223,5883.4629,6026.4639,9330015
2003-07-01,6108.1787,6496.3237,5944.749,6312.4658,10994341
2003-07-02,6496.3237,6598.4673,6312.4658,6475.895,9927214
2003-07-03,6598.4673,6986.6123,6537.1812,6659.7534,12494681
2003-07-04,6680.1821,6925.3262,6680.1821,6823.1831,6662198
2003-07-07,7027.4697,7456.4722,6986.6123,7211.3281,12088390
2003-07-08,7333.9004,7354.3286,6884.4688,7088.7559,9305539
2003-07-09,7088.7559,7354.3286,6966.1836,7027.4697,5546121
2003-07-10,6864.04,6966.1836,6598.4673,6741.4683,9141554
2003-07-11,6578.0386,6986.6123,6557.6099,6884.4688,7499256
2003-07-14,6986.6123,7681.188,6945.7549,7476.9009,12683142
2003-07-15,7762.9028,8069.333,7579.0444,7640.3306,14002365
2003-07-16,7885.4746,8539.1934,7579.0444,8539.1934,20689039
2003-07-17,8539.1934,8539.1934,8539.1934,8539.1934,0
2003-07-18,8294.0488,8784.3369,8110.1904,8212.334,14460055
2003-07-21,8314.4775,8661.7646,8151.0479,8253.1914,10502385
2003-07-22,7987.6182,8110.1904,7264.4424,7436.0435,19435899
2003-07-23,7231.7568,7354.3286,6557.6099,6904.8975,27906829
2003-07-24,6904.8975,7137.7847,6888.5547,6925.3262,10382456
2003-07-25,6806.8398,7538.187,6806.8398,7440.1294,14435579
2003-07-28,7722.0454,8314.4775,7689.3594,8212.334,12377200
2003-07-29,8130.6191,8236.8486,7795.5884,7844.6177,9320225
2003-07-30,7942.6753,8212.334,7885.4746,8008.0469,11182801
2003-07-31,8003.9614,8130.6191,7603.5591,7848.7031,7577577
2003-08-01,7885.4746,8008.0469,7628.0732,7722.0454,7259397
2003-08-04,7476.9009,7497.3296,6970.2695,7109.1846,10017773
2003-08-05,7129.6133,7354.3286,7043.8125,7088.7559,9004492
2003-08-06,6945.7549,7252.1855,6810.9258,7231.7568,10475463
2003-08-07,7333.9004,7342.0718,7002.9556,7113.2705,5369898
2003-08-08,7047.8984,7150.042,6904.8975,6904.8975,6556954
2003-08-11,6827.2686,7002.9556,6692.4395,6790.4971,6312200
2003-08-12,6843.6113,7051.9844,6790.4971,6904.8975,7371984
2003-08-13,6864.04,6986.6123,6749.6396,6884.4688,7249607
2003-08-14,6966.1836,7305.2998,6904.8975,7109.1846,10039801
2003-08-15,7109.1846,7109.1846,7109.1846,7109.1846,0
2003-08-18,7190.8994,7391.1006,7121.4419,7121.4419,7188419
2003-08-19,7354.3286,7378.8433,6843.6113,6864.04,8054847
2003-08-20,6823.1831,6941.6694,6377.8374,6500.4097,9381413
2003-08-21,6537.1812,6700.6108,6394.1802,6406.4375,9494000
2003-08-22,6533.0952,6537.1812,6100.0073,6128.6074,9706936
2003-08-25,6128.6074,6708.7822,6006.0352,6688.3535,15030331
2003-08-26,6696.5249,6745.5537,6373.7515,6508.5811,7288768
2003-08-27,6655.6675,6655.6675,6373.7515,6537.1812,6987721
2003-08-28,6618.896,6859.9546,6537.1812,6586.21,7538417
2003-08-29,6815.0112,7256.271,6725.125,7190.8994,15918787
2003-09-01,7374.7573,7685.2734,7276.6997,7403.3579,13214258
2003-09-02,7517.7583,7517.7583,7219.4995,7436.0435,7242265
2003-09-03,7431.958,7460.5581,7174.5562,7194.9849,7017091
2003-09-04,7150.042,7231.7568,6888.5547,6917.1548,7053804
2003-09-05,6933.498,7056.0698,6847.6973,7002.9556,5019900
2003-09-08,6868.126,7002.9556,6614.8101,6614.8101,5619547
2003-09-09,6557.6099,6900.812,6557.6099,6868.126,6099264
2003-09-10,6868.126,6868.126,6868.126,6868.126,0
2003-09-11,6868.126,6868.126,6868.126,6868.126,0
2003-09-12,6868.126,6868.126,6868.126,6868.126,0
2003-09-15,6864.04,7407.4434,6815.0112,7252.1855,9880711
2003-09-16,7272.6143,7329.8145,7125.5273,7313.4717,4013962
2003-09-17,7476.9009,7476.9009,7190.8994,7190.8994,4557315
2003-09-18,7129.6133,7223.5854,6888.5547,6913.0693,5213256
2003-09-19,7068.3271,7117.356,6761.897,6896.7261,4875495
2003-09-22,6892.6406,6937.5835,6394.1802,6455.4663,7425830
2003-09-23,6435.0376,6672.0107,6230.751,6553.5239,9043653
2003-09-24,6582.1245,6659.7534,6463.6377,6496.3237,8030372
2003-09-25,6169.4648,6496.3237,6140.8647,6435.0376,6481080
2003-09-26,6336.98,6692.4395,6336.98,6373.7515,7330376
2003-09-29,6373.7515,6496.3237,6202.1509,6292.0371,4080046
2003-09-30,6414.6089,6435.0376,6206.2363,6292.0371,4662560
2003-10-01,6149.0361,6659.7534,6149.0361,6659.7534,6133530
2003-10-02,6823.1831,7170.4707,6749.6396,7060.1558,13767401
2003-10-03,7060.1558,7060.1558,7060.1558,7060.1558,0
2003-10-06,7190.8994,7235.8423,7047.8984,7047.8984,5974440
2003-10-07,7109.1846,7133.6992,6864.04,6892.6406,4430043
2003-10-08,6945.7549,7129.6133,6806.8398,6823.1831,6473738
2003-10-09,6868.126,6962.0981,6745.5537,6843.6113,3619908
2003-10-10,6966.1836,7084.6699,6810.9258,6884.4688,5443324
2003-10-13,6823.1831,7092.8418,6782.3257,7068.3271,4425148
2003-10-14,7158.2134,7342.0718,7084.6699,7190.8994,7318138
2003-10-15,7272.6143,7297.1284,7141.8706,7186.8135,4449624
2003-10-16,7190.8994,7403.3579,7158.2134,7293.043,6598562
2003-10-17,7329.8145,7333.9004,6929.4121,6941.6694,4665007
2003-10-20,6945.7549,6986.6123,6741.4683,6786.4111,3820606
2003-10-21,6786.4111,6884.4688,6537.1812,6606.6387,6649960
2003-10-22,6582.1245,6704.6963,6463.6377,6533.0952,4838782
2003-10-23,6406.4375,6455.4663,6234.8364,6251.1797,4647874
2003-10-24,6263.4365,6590.2959,6263.4365,6578.0386,6571639
2003-10-27,6639.3247,6647.4961,6475.895,6479.981,3622356
2003-10-28,6361.4946,6475.895,6177.6362,6475.895,6312200
2003-10-29,6537.1812,6578.0386,6283.8652,6296.1226,4828992
2003-10-30,6349.2373,6500.4097,6292.0371,6345.1514,6745414
2003-10-31,6381.9233,6394.1802,6136.7788,6189.8936,5311157
2003-11-03,6132.6929,6251.1797,6108.1787,6132.6929,3774103
2003-11-04,6189.8936,6251.1797,5842.6055,5961.0923,10487700
2003-11-05,5805.834,5883.4629,5246.0879,5421.7744,30153669
2003-11-06,5548.4326,5638.3188,5397.2603,5434.0317,13013560
2003-11-07,5148.0303,5405.4316,4956.0005,5311.46,17321227
2003-11-10,5192.9731,5495.3179,5192.9731,5331.8882,8436663
2003-11-11,5315.5454,5536.1753,5197.0591,5229.7451,11192591
2003-11-12,5295.1167,5724.1191,5270.6025,5630.1475,13459011
2003-11-13,5781.3198,5793.5767,5646.4902,5658.7476,7756248
2003-11-14,5658.7476,5789.4912,5556.604,5691.4336,5046823
2003-11-17,5760.8911,6079.5786,5703.6904,6079.5786,14952010
2003-11-18,6075.4927,6091.8359,5871.2061,6042.8066,4946474
2003-11-19,5928.4062,6014.2065,5740.4624,5740.4624,4870600
2003-11-20,5760.8911,5907.9775,5760.8911,5773.1479,4337037
2003-11-21,5658.7476,5756.8052,5581.1187,5581.1187,3747180
2003-11-24,5523.918,5658.7476,5250.1738,5274.688,4317457
2003-11-25,5434.0317,5536.1753,5413.603,5474.8892,3962564
2003-11-26,5442.2031,5654.6616,5385.0029,5581.1187,3727600
2003-11-27,5589.29,5683.2617,5474.8892,5474.8892,2782850
2003-11-28,5515.7466,5585.2041,5478.9751,5581.1187,2868514
2003-12-01,5707.7764,6247.0938,5707.7764,6189.8936,8806242
2003-12-02,6275.6938,6336.98,6071.4072,6157.2075,7112545
2003-12-03,6128.6074,6169.4648,5965.1777,6169.4648,4547525
2003-12-04,6210.3223,6308.3799,6128.6074,6189.8936,4459414
2003-12-05,6128.6074,6328.8086,6108.1787,6153.1216,4439834
2003-12-08,6136.7788,6193.979,6030.5498,6034.6353,2809773
2003-12-09,6087.75,6169.4648,6006.0352,6034.6353,2058379
2003-12-10,5924.3203,6034.6353,5924.3203,5965.1777,1759779
2003-12-11,5961.0923,6157.2075,5948.835,5957.0063,3810816
2003-12-12,6128.6074,6128.6074,5724.1191,5764.9766,8302049
2003-12-15,5867.1201,5899.8062,5781.3198,5838.52,3942983
2003-12-16,5720.0337,5769.0625,5495.3179,5515.7466,5930384
2003-12-17,5515.7466,5691.4336,5515.7466,5593.3755,3818159
2003-12-18,5597.4614,5658.7476,5519.8325,5528.0039,2951730
2003-12-19,5560.6899,5593.3755,5340.0601,5372.7456,4853468
2003-12-22,5340.0601,5434.0317,5148.0303,5176.6304,4662560
2003-12-23,5217.4878,5282.8594,5017.2866,5066.3154,3421658
2003-12-24,5086.7441,5274.688,4996.8579,5127.6016,4899971
2003-12-25,5127.6016,5127.6016,5127.6016,5127.6016,0
2003-12-26,5070.4014,5282.8594,5070.4014,5250.1738,4141234
2003-12-29,5291.0312,5617.8901,5291.0312,5577.0327,5783532
2003-12-30,5699.605,5703.6904,5528.0039,5646.4902,4966054
2003-12-31,5646.4902,5646.4902,5646.4902,5646.4902,0
2004-01-01,5646.4902,5646.4902,5646.4902,5646.4902,0
2004-01-02,5707.7764,5711.8623,5597.4614,5634.2329,3353127
2004-01-05,5658.7476,5666.9189,5556.604,5646.4902,2851381
2004-01-06,5736.3765,5863.0342,5654.6616,5658.7476,4750671
2004-01-07,5703.6904,5777.2339,5597.4614,5597.4614,3414315
2004-01-08,5642.4043,5691.4336,5380.9175,5478.9751,5435982
2004-01-09,5523.918,5981.521,5487.1465,5912.0635,11760420
2004-01-12,5944.749,6238.9224,5916.1489,6185.8076,7986316
2004-01-13,6259.3511,6292.0371,6083.6641,6149.0361,4368855
2004-01-14,6128.6074,6230.751,5944.749,6046.8926,4816754
2004-01-15,5969.2637,5993.7778,5626.0615,5658.7476,6598562
2004-01-16,5711.8623,5785.4053,5646.4902,5736.3765,2538097
2004-01-19,5797.6626,5879.3774,5630.1475,5630.1475,2545439
2004-01-20,5454.4604,5626.0615,5438.1177,5593.3755,2494041
2004-01-21,5593.3755,5593.3755,5593.3755,5593.3755,0
2004-01-22,5593.3755,5593.3755,5593.3755,5593.3755,0
2004-01-23,5593.3755,5593.3755,5593.3755,5593.3755,0
2004-01-26,5666.9189,5826.2627,5638.3188,5748.6338,4334589
2004-01-27,5515.7466,5515.7466,5270.6025,5348.2314,13353767
2004-01-28,5319.6313,5446.2891,5139.8589,5393.1743,8206595
2004-01-29,5274.688,5519.8325,5274.688,5434.0317,3583195
2004-01-30,5454.4604,5699.605,5454.4604,5617.8901,5852063
2004-02-02,5679.1763,5781.3198,5609.7188,5642.4043,4219555
2004-02-03,5658.7476,5658.7476,5474.8892,5507.5752,2829354
2004-02-04,5466.7178,5528.0039,5393.1743,5487.1465,1913974
2004-02-05,5487.1465,6144.9502,5487.1465,6144.9502,19149538
2004-02-06,6455.4663,6639.3247,5409.5176,6128.6074,33849451
2004-02-09,6169.4648,6210.3223,5850.7773,5944.749,8637361
2004-02-10,5948.835,6071.4072,5903.8916,5924.3203,5399269
2004-02-11,5932.4917,6034.6353,5830.3486,5850.7773,5024795
2004-02-12,5891.6348,6161.2935,5891.6348,6091.8359,8196805
2004-02-13,6210.3223,6345.1514,6165.3789,6320.6372,6694016
2004-02-16,6271.6084,6369.666,6251.1797,6271.6084,4361512
2004-02-17,6271.6084,6292.0371,6112.2646,6136.7788,3808369
2004-02-18,6128.6074,6349.2373,6128.6074,6259.3511,5697868
2004-02-19,6263.4365,6336.98,6173.5503,6259.3511,2655578
2004-02-20,6353.3228,6394.1802,6300.2085,6373.7515,3257673
2004-02-23,6455.4663,6520.8384,6271.6084,6279.7798,3485294
2004-02-24,6279.7798,6353.3228,6128.6074,6128.6074,6018496
2004-02-25,6071.4072,6210.3223,5965.1777,5969.2637,5597519
2004-02-26,6210.3223,6341.0659,5883.4629,5883.4629,2831801
2004-02-27,5891.6348,6046.8926,5883.4629,5989.6924,1516249
2004-03-01,5989.6924,5989.6924,5989.6924,5989.6924,0
2004-03-02,5989.6924,6079.5786,5850.7773,5850.7773,1535830
2004-03-03,5809.9199,6144.9502,5809.9199,5924.3203,2874633
2004-03-04,6046.8926,6112.2646,5965.1777,6087.75,1904184
2004-03-05,6169.4648,6243.0078,6161.2935,6226.665,1615375
2004-03-08,6226.665,6357.4087,6193.979,6210.3223,1335132
2004-03-09,6128.6074,6267.5225,6128.6074,6210.3223,1084259
2004-03-10,6210.3223,6251.1797,6202.1509,6210.3223,1081811
2004-03-11,6210.3223,6651.582,6210.3223,6618.896,4224450
2004-03-12,6561.6958,6913.0693,6332.894,6733.2969,7502928
2004-03-15,6929.4121,6945.7549,6659.7534,6741.4683,2910122
2004-03-16,6700.6108,6806.8398,6643.4102,6782.3257,2545439
2004-03-17,6798.6685,7141.8706,6782.3257,7076.4985,3786341
2004-03-18,7190.8994,7918.1606,7150.042,7836.4458,11496086
2004-03-19,7909.9893,7909.9893,7574.9585,7722.0454,3809593
2004-03-22,7599.4731,7656.6733,6962.0981,6962.0981,4337037
2004-03-23,6872.2119,6945.7549,6749.6396,6864.04,3052080
2004-03-24,6872.2119,7133.6992,6864.04,6945.7549,3711691
2004-03-25,6831.3545,6945.7549,6700.6108,6716.9536,2338622
2004-03-26,6823.1831,6937.5835,6716.9536,6749.6396,5012558
2004-03-29,6749.6396,7035.6411,6749.6396,7019.2983,4108192
2004-03-30,7109.1846,7117.356,6774.1538,6847.6973,2870962
2004-03-31,6904.8975,6929.4121,6774.1538,6888.5547,2901556
2004-04-01,6913.0693,7043.8125,6864.04,6962.0981,2779179
2004-04-02,7150.042,7387.0146,7133.6992,7223.5854,5115354
2004-04-05,7223.5854,7223.5854,7223.5854,7223.5854,0
2004-04-06,7378.8433,7452.3867,7215.4136,7403.3579,5621994
2004-04-07,7427.8721,7566.7871,7378.8433,7534.1016,4513260
2004-04-08,7754.731,7787.417,7436.0435,7444.2148,4203646
2004-04-09,7517.7583,7689.3594,7452.3867,7574.9585,4421477
2004-04-12,7681.188,7730.2168,7623.9878,7640.3306,2781627
2004-04-13,7681.188,7844.6177,7681.188,7722.0454,3940536
2004-04-14,7640.3306,7664.8447,7354.3286,7476.9009,3998053
2004-04-15,7476.9009,7476.9009,7476.9009,7476.9009,0
2004-04-16,7354.3286,7615.8159,7280.7856,7583.1304,2556453
2004-04-19,7591.3018,7754.731,7591.3018,7722.0454,2818340
2004-04-20,7771.0742,8171.4766,7738.3882,7942.6753,5287906
2004-04-21,8016.2183,8285.877,7967.1895,8285.877,5706435
2004-04-22,8498.3359,9250.1113,8457.4785,8955.9385,9752215
2004-04-23,9192.9111,9617.8281,8906.9092,8964.1094,7870058
2004-04-26,8980.4531,9160.2256,8612.7363,8702.6221,3650503
2004-04-27,8620.9072,9143.8818,8432.9639,9103.0244,4548749
2004-04-28,8988.624,9274.626,8751.6514,8906.9092,3271134
2004-04-29,8580.0508,8743.4795,8220.5049,8547.3643,3328651
2004-04-30,8089.7617,8612.7363,8089.7617,8547.3643,4158367
2004-05-03,8498.3359,8727.1367,8441.1348,8620.9072,2298238
2004-05-04,8751.6514,8972.2812,8702.6221,8743.4795,2595614
2004-05-05,8743.4795,8743.4795,8743.4795,8743.4795,0
2004-05-06,8743.4795,8882.3945,8302.2197,8302.2197,3239316
2004-05-07,8294.0488,8457.4785,7967.1895,8457.4785,3113268
2004-05-10,8171.4766,8416.6211,7771.0742,7926.332,3272358
2004-05-11,7811.9316,7975.3608,7395.186,7436.0435,3835292
2004-05-12,7599.4731,8326.7344,7591.3018,8326.7344,5876538
2004-05-13,8171.4766,8408.4492,7983.5327,8228.6768,3289491
2004-05-14,8253.1914,8294.0488,7403.3579,7591.3018,6155558
2004-05-17,7370.6719,7517.7583,6684.2676,6684.2676,6253459
2004-05-18,6455.4663,7239.9282,6349.2373,7035.6411,8036491
2004-05-19,7117.356,7738.3882,7117.356,7517.7583,5026019
2004-05-20,7280.7856,7983.5327,7231.7568,7542.2729,5717448
2004-05-21,7787.417,7909.9893,7542.2729,7844.6177,3375155
2004-05-24,8016.2183,8048.9043,7722.0454,7762.9028,3048408
2004-05-25,7762.9028,7885.4746,7591.3018,7681.188,2452433
2004-05-26,7681.188,7681.188,7681.188,7681.188,0
2004-05-27,7999.8755,8367.5918,7844.6177,8236.8486,5690526
2004-05-28,8465.6494,8825.1943,8367.5918,8825.1943,6320767
2004-05-31,8735.3086,9029.4814,8669.9365,9021.3096,2912570
2004-06-01,9053.9961,9086.6816,8808.8516,8947.7666,2260301
2004-06-02,8988.624,9021.3096,8784.3369,8988.624,2241944
2004-06-03,8996.7959,9062.167,7967.1895,8163.3052,4671126
2004-06-04,8171.4766,8326.7344,7869.1318,8122.4478,3896480
2004-06-07,8253.1914,8596.3936,8236.8486,8514.6787,2399811
2004-06-08,8661.7646,8759.8232,8367.5918,8424.792,2299462
2004-06-09,8514.6787,8923.252,8375.7637,8588.2217,3886690
2004-06-10,8457.4785,8890.5664,8432.9639,8620.9072,2430405
2004-06-11,8661.7646,8808.8516,8212.334,8416.6211,2957849
2004-06-14,8988.624,9380.8555,8432.9639,8661.7646,7207999
2004-06-15,8743.4795,8784.3369,8294.0488,8702.6221,3545258
2004-06-16,8580.0508,8857.8809,8473.8213,8490.1641,1854010
2004-06-17,8490.1641,8702.6221,8441.1348,8637.251,1926212
2004-06-18,8531.0215,9315.4834,8522.8496,9086.6816,5581610
2004-06-21,9315.4834,9348.1689,8817.0234,8988.624,4984411
2004-06-22,8915.0811,9053.9961,8661.7646,8882.3945,1485655
2004-06-23,8906.9092,9053.9961,8767.9941,8767.9941,1466075
2004-06-24,8882.3945,9021.3096,8661.7646,8923.252,2254182
2004-06-25,8923.252,9004.9668,8743.4795,8915.0811,1878485
2004-06-28,9078.5107,9192.9111,8898.7383,8988.624,1992296
2004-06-29,9029.4814,9290.9688,9029.4814,9225.5967,2517292
2004-06-30,9233.7686,9397.1982,9070.3389,9397.1982,2217469
2004-07-01,9478.9131,9650.5137,9323.6543,9372.6836,1839324
2004-07-02,9152.0537,9217.4258,9013.1387,9029.4814,2031456
2004-07-05,8988.624,9103.0244,8874.2236,8988.624,968001
2004-07-06,8866.0518,9004.9668,8825.1943,8849.709,1139328
2004-07-07,8596.3936,8825.1943,8351.249,8825.1943,1776912
2004-07-08,8539.1934,8669.9365,8351.249,8432.9639,2447538
2004-07-09,8416.6211,8612.7363,8334.9062,8432.9639,2328832
2004-07-12,8522.8496,8718.9658,8498.3359,8620.9072,1757332
2004-07-13,8620.9072,8751.6514,8465.6494,8571.8789,1276391
2004-07-14,8473.8213,8498.3359,8130.6191,8130.6191,2212574
2004-07-15,8138.7905,8326.7344,8130.6191,8204.1621,1464851
2004-07-16,8089.7617,8318.5635,7967.1895,8253.1914,1513802
2004-07-19,8032.5615,8727.1367,8032.5615,8694.4512,2785298
2004-07-20,8661.7646,8784.3369,8531.0215,8531.0215,1727961
2004-07-21,8784.3369,9004.9668,8702.6221,8947.7666,2817116
2004-07-22,8702.6221,8882.3945,8571.8789,8669.9365,1377963
2004-07-23,8710.7939,8874.2236,8522.8496,8531.0215,1309432
2004-07-26,8253.1914,8400.2783,8163.3052,8163.3052,2148938
2004-07-27,8089.7617,8269.5342,7877.3032,8163.3052,2217469
2004-07-28,8334.9062,8457.4785,8089.7617,8089.7617,1388977
2004-07-29,7926.332,8089.7617,7476.9009,7517.7583,3369036
2004-07-30,7689.3594,7918.1606,7640.3306,7918.1606,2540544
2004-08-02,7811.9316,8089.7617,7762.9028,7762.9028,1578662
2004-08-03,7803.7603,7918.1606,7648.502,7681.188,1819744
2004-08-04,7566.7871,7681.188,7362.5005,7574.9585,1839324
2004-08-05,7591.3018,7942.6753,7591.3018,7762.9028,2257853
2004-08-06,7599.4731,7828.2744,7558.6157,7681.188,3021485
2004-08-09,7599.4731,7656.6733,7452.3867,7607.6445,1816073
2004-08-10,7525.9297,7811.9316,7525.9297,7787.417,2569914
2004-08-11,7860.9604,7926.332,7615.8159,7640.3306,1954359
2004-08-12,7640.3306,7787.417,7583.1304,7689.3594,1679011
2004-08-13,7681.188,7983.5327,7632.1592,7893.6465,2256630
2004-08-16,8008.0469,8269.5342,7975.3608,8122.4478,2686173
2004-08-17,8326.7344,8334.9062,7754.731,7836.4458,2503831
2004-08-18,7844.6177,7885.4746,7722.0454,7844.6177,1437928
2004-08-19,7918.1606,8073.4189,7918.1606,7983.5327,1995967
2004-08-20,7901.8179,8057.0757,7877.3032,7967.1895,1023070
2004-08-23,8057.0757,8138.7905,8008.0469,8008.0469,919050
2004-08-24,8048.9043,8081.5903,7893.6465,8032.5615,963106
2004-08-25,8065.2471,8228.6768,8040.7329,8195.9912,2274986
2004-08-26,8228.6768,8367.5918,8171.4766,8253.1914,1768346
2004-08-27,8334.9062,8351.249,8195.9912,8253.1914,1087930
2004-08-30,8212.334,8277.7061,8048.9043,8048.9043,993700
2004-08-31,8089.7617,8089.7617,7926.332,8048.9043,1759779
2004-09-01,8130.6191,8972.2812,8130.6191,8849.709,5816574
2004-09-02,8866.0518,9086.6816,8710.7939,8898.7383,2430405
2004-09-03,8906.9092,9070.3389,8735.3086,8906.9092,1742647
2004-09-06,8947.7666,8964.1094,8735.3086,8898.7383,1419572
2004-09-07,8906.9092,8996.7959,8661.7646,8702.6221,1667997
2004-09-08,8800.6807,8800.6807,8343.0771,8343.0771,2774284
2004-09-09,8343.0771,8457.4785,8130.6191,8334.9062,1828310
2004-09-10,8343.0771,8392.1064,8130.6191,8171.4766,3453476
2004-09-13,8122.4478,8424.792,8122.4478,8310.3916,2491593
2004-09-14,8334.9062,8424.792,7983.5327,8008.0469,3961340
2004-09-15,8008.0469,8253.1914,8008.0469,8016.2183,3420434
2004-09-16,8016.2183,8163.3052,8016.2183,8016.2183,1915198
2004-09-17,8089.7617,8522.8496,8081.5903,8408.4492,5506960
2004-09-20,8498.3359,8580.0508,8416.6211,8473.8213,2294566
2004-09-21,8457.4785,8506.5068,8187.8193,8220.5049,2266420
2004-09-22,8179.6479,8285.877,7999.8755,7999.8755,2799983
2004-09-23,7877.3032,7893.6465,7722.0454,7722.0454,3228302
2004-09-24,7623.9878,7713.874,7558.6157,7689.3594,3315190
2004-09-27,7689.3594,7689.3594,7689.3594,7689.3594,0
2004-09-28,7689.3594,7689.3594,7689.3594,7689.3594,0
2004-09-29,7689.3594,7689.3594,7689.3594,7689.3594,0
2004-09-30,7607.6445,7926.332,7607.6445,7869.1318,2708200
2004-10-01,7869.1318,8024.3901,7820.103,7844.6177,1718171
2004-10-04,7983.5327,8008.0469,7893.6465,7934.5039,2223588
2004-10-05,7983.5327,7999.8755,7681.188,7730.2168,5249969
2004-10-06,7771.0742,7787.417,7632.1592,7648.502,3912389
2004-10-07,7681.188,7820.103,7640.3306,7762.9028,4928117
2004-10-08,7681.188,7901.8179,7681.188,7820.103,3575853
2004-10-11,7844.6177,8065.2471,7844.6177,8048.9043,3405749
2004-10-12,8008.0469,8024.3901,7722.0454,7762.9028,2437747
2004-10-13,7885.4746,8008.0469,7771.0742,7811.9316,3165890
2004-10-14,7787.417,7811.9316,7591.3018,7599.4731,2374111
2004-10-15,7509.5869,7722.0454,7509.5869,7697.5308,1527263
2004-10-18,7566.7871,7926.332,7566.7871,7844.6177,2141595
2004-10-19,7722.0454,7885.4746,7656.6733,7762.9028,2812221
2004-10-20,7762.9028,7803.7603,7337.9858,7362.5005,3854872
2004-10-21,7272.6143,7313.4717,6880.3833,6986.6123,4915880
2004-10-22,6986.6123,7190.8994,6986.6123,7068.3271,4810636
2004-10-25,7027.4697,7231.7568,6962.0981,7109.1846,2266420
2004-10-26,7125.5273,7199.0708,7109.1846,7150.042,900694
2004-10-27,7231.7568,7264.4424,6831.3545,6953.9263,2864843
2004-10-28,7109.1846,7272.6143,6994.7837,7272.6143,1626389
2004-10-29,7141.8706,7190.8994,7068.3271,7101.0132,785659
2004-11-01,7043.8125,7215.4136,7043.8125,7109.1846,960658
2004-11-02,7117.356,7362.5005,7117.356,7313.4717,1873590
2004-11-03,7280.7856,7444.2148,7239.9282,7329.8145,983910
2004-11-04,7362.5005,7378.8433,7125.5273,7133.6992,1227440
2004-11-05,7174.5562,7223.5854,6970.2695,7019.2983,2140372
2004-11-08,6986.6123,7051.9844,6921.2407,6945.7549,2385125
2004-11-09,6921.2407,6994.7837,6904.8975,6945.7549,2073064
2004-11-10,6945.7549,7150.042,6945.7549,7035.6411,3820606
2004-11-11,6953.9263,7068.3271,6945.7549,6994.7837,2155057
2004-11-12,7125.5273,7419.7007,7084.6699,7395.186,5602414
2004-11-15,7444.2148,7501.4155,7280.7856,7305.2998,2354531
2004-11-16,7378.8433,7427.8721,7174.5562,7174.5562,1652088
2004-11-17,7190.8994,7280.7856,7141.8706,7272.6143,1749989
2004-11-18,7248.0996,7305.2998,7043.8125,7060.1558,1294747
2004-11-19,7060.1558,7150.042,7027.4697,7076.4985,1567648
2004-11-22,6986.6123,7215.4136,6962.0981,7190.8994,1510131
2004-11-23,7207.2422,7370.6719,7101.0132,7150.042,1747542
2004-11-24,7166.3848,7248.0996,7133.6992,7190.8994,1162580
2004-11-25,7150.042,7190.8994,7019.2983,7019.2983,1803835
2004-11-26,7019.2983,7109.1846,6962.0981,7051.9844,1299642
2004-11-29,7109.1846,7150.042,6994.7837,6994.7837,1003490
2004-11-30,6994.7837,7190.8994,6962.0981,7190.8994,1638626
2004-12-01,7150.042,7190.8994,7027.4697,7150.042,1091601
2004-12-02,7231.7568,7264.4424,7141.8706,7231.7568,1472194
2004-12-03,7329.8145,7378.8433,7231.7568,7305.2998,2640893
2004-12-06,7280.7856,7297.1284,7011.127,7027.4697,1861352
2004-12-07,7027.4697,7084.6699,6913.0693,6970.2695,1729185
2004-12-08,6945.7549,6994.7837,6390.0947,6471.8096,4734762
2004-12-09,6520.8384,6741.4683,6520.8384,6578.0386,3416763
2004-12-10,6545.3525,6692.4395,6471.8096,6578.0386,2316594
2004-12-13,6578.0386,6716.9536,6553.5239,6676.0962,1583557
2004-12-14,6643.4102,6700.6108,6602.5532,6667.9248,1311880
2004-12-15,6733.2969,6864.04,6708.7822,6741.4683,961882
2004-12-16,6741.4683,6872.2119,6708.7822,6798.6685,702443
2004-12-17,6782.3257,6790.4971,6651.582,6667.9248,1288628
2004-12-20,6586.21,6659.7534,6545.3525,6586.21,1626389
2004-12-21,6586.21,6618.896,6537.1812,6561.6958,1291076
2004-12-22,6659.7534,6692.4395,6569.8672,6578.0386,1730409
2004-12-23,6578.0386,6627.0674,6414.6089,6463.6377,1429362
2004-12-24,6463.6377,6586.21,6463.6377,6504.4951,1149119
2004-12-27,6455.4663,6561.6958,6447.2949,6455.4663,1523592
2004-12-28,6463.6377,6520.8384,6414.6089,6422.7808,1193174
2004-12-29,6455.4663,6545.3525,6439.1235,6537.1812,1546844
2004-12-30,6545.3525,6823.1831,6545.3525,6823.1831,2218693
2004-12-31,6823.1831,6823.1831,6823.1831,6823.1831,0
2005-01-03,6953.9263,7150.042,6864.04,7125.5273,3183023
2005-01-04,7068.3271,7109.1846,6913.0693,7027.4697,2256630
2005-01-05,6913.0693,6978.4409,6815.0112,6945.7549,1773241
2005-01-06,6978.4409,7305.2998,6847.6973,6986.6123,7480900
2005-01-07,7043.8125,7231.7568,7019.2983,7223.5854,4612385
2005-01-10,7313.4717,7599.4731,7313.4717,7395.186,4720077
2005-01-11,7354.3286,7591.3018,7272.6143,7476.9009,3491413
2005-01-12,7517.7583,7746.5596,7485.0723,7566.7871,2796312
2005-01-13,7632.1592,7632.1592,7403.3579,7517.7583,1623941
2005-01-14,7444.2148,7534.1016,7403.3579,7517.7583,1182160
2005-01-17,7640.3306,8171.4766,7525.9297,8171.4766,4417806
2005-01-18,8081.5903,8334.9062,7934.5039,8130.6191,3950326
2005-01-19,8171.4766,8171.4766,7836.4458,7836.4458,3071660
2005-01-20,7771.0742,7803.7603,7427.8721,7517.7583,3222183
2005-01-21,7436.0435,7681.188,7411.5293,7509.5869,1904184
2005-01-24,7403.3579,7640.3306,7403.3579,7436.0435,1987400
2005-01-25,7436.0435,7436.0435,7207.2422,7272.6143,2152609
2005-01-26,7354.3286,7599.4731,7321.6431,7509.5869,3730048
2005-01-27,7558.6157,7599.4731,7272.6143,7272.6143,2740018
2005-01-28,7272.6143,7305.2998,7084.6699,7125.5273,2735123
2005-01-31,7027.4697,7133.6992,6970.2695,7051.9844,3000681
2005-02-01,7084.6699,7190.8994,7076.4985,7117.356,1944569
2005-02-02,7297.1284,7550.4443,7223.5854,7476.9009,5547345
2005-02-03,7591.3018,7746.5596,7395.186,7501.4155,5792098
2005-02-04,7509.5869,7591.3018,7370.6719,7387.0146,2003309
2005-02-07,7403.3579,7468.7295,7329.8145,7452.3867,1584780
2005-02-08,7452.3867,7452.3867,7452.3867,7452.3867,0
2005-02-09,7452.3867,7452.3867,7452.3867,7452.3867,0
2005-02-10,7452.3867,7452.3867,7452.3867,7452.3867,0
2005-02-11,7387.0146,7395.186,7239.9282,7248.0996,2520964
2005-02-14,7256.271,7403.3579,7256.271,7354.3286,2119567
2005-02-15,7403.3579,7664.8447,7387.0146,7387.0146,3557496
2005-02-16,7599.4731,7607.6445,7370.6719,7403.3579,2624984
2005-02-17,7419.7007,7476.9009,7239.9282,7264.4424,3094911
2005-02-18,7092.8418,7231.7568,7092.8418,7141.8706,2875857
2005-02-21,7190.8994,7239.9282,7060.1558,7068.3271,2967639
2005-02-22,7027.4697,7125.5273,6904.8975,6937.5835,2858724
2005-02-23,6798.6685,6937.5835,6798.6685,6798.6685,2184427
2005-02-24,6823.1831,7125.5273,6823.1831,7101.0132,2985996
2005-02-25,7101.0132,7207.2422,7002.9556,7068.3271,1988624
2005-02-28,7166.3848,7370.6719,7051.9844,7354.3286,3890361
2005-03-01,7354.3286,7354.3286,7354.3286,7354.3286,0
2005-03-02,7403.3579,7509.5869,7272.6143,7354.3286,3268687
2005-03-03,7387.0146,7395.186,7199.0708,7313.4717,1322894
2005-03-04,7215.4136,7403.3579,7182.728,7182.728,1959254
2005-03-07,7190.8994,7272.6143,7092.8418,7166.3848,1567648
2005-03-08,7199.0708,7468.7295,7158.2134,7182.728,2957849
2005-03-09,7182.728,7346.1572,7174.5562,7329.8145,2911346
2005-03-10,7329.8145,7476.9009,7288.957,7297.1284,2848934
2005-03-11,7305.2998,7476.9009,7297.1284,7476.9009,1986177
2005-03-14,7436.0435,7476.9009,7239.9282,7248.0996,1709605
2005-03-15,7272.6143,7362.5005,7092.8418,7117.356,1830758
2005-03-16,7117.356,7166.3848,6994.7837,7027.4697,1209083
2005-03-17,6945.7549,6986.6123,6855.8687,6872.2119,1778136
2005-03-18,6823.1831,6962.0981,6798.6685,6847.6973,1387754
2005-03-21,6847.6973,6962.0981,6847.6973,6913.0693,1250691
2005-03-22,6880.3833,6970.2695,6855.8687,6888.5547,856638
2005-03-23,6831.3545,6888.5547,6635.2388,6635.2388,2249287
2005-03-24,6692.4395,7019.2983,6676.0962,6725.125,2609075
2005-03-25,6888.5547,7239.9282,6880.3833,7215.4136,4456966
2005-03-28,7387.0146,7460.5581,7297.1284,7354.3286,2759599
2005-03-29,7346.1572,7395.186,7182.728,7321.6431,2109777
2005-03-30,7288.957,7370.6719,7231.7568,7256.271,1309432
2005-03-31,7395.186,7436.0435,7223.5854,7239.9282,1958030
2005-04-01,7166.3848,7313.4717,7166.3848,7272.6143,1740199
2005-04-04,7346.1572,7346.1572,7166.3848,7190.8994,1038979
2005-04-05,7190.8994,7190.8994,7190.8994,7190.8994,0
2005-04-06,7174.5562,7517.7583,7174.5562,7444.2148,3884242
2005-04-07,7517.7583,7648.502,7493.2441,7566.7871,2261525
2005-04-08,7623.9878,7656.6733,7460.5581,7501.4155,1139328
2005-04-11,7517.7583,7615.8159,7501.4155,7525.9297,938630
2005-04-12,7558.6157,7656.6733,7534.1016,7574.9585,1124643
2005-04-13,7583.1304,7746.5596,7583.1304,7681.188,1605584
2005-04-14,7583.1304,7656.6733,7444.2148,7476.9009,971672
2005-04-15,7395.186,7411.5293,7190.8994,7305.2998,1242125
2005-04-18,7068.3271,7150.042,6962.0981,6962.0981,1304537
2005-04-19,7027.4697,7313.4717,7027.4697,7256.271,1057336
2005-04-20,7362.5005,7681.188,7362.5005,7664.8447,3392287
2005-04-21,7583.1304,7787.417,7460.5581,7738.3882,3652950
2005-04-22,8008.0469,8048.9043,7738.3882,7844.6177,3339665
2005-04-25,7844.6177,7885.4746,7754.731,7844.6177,766079
2005-04-26,7803.7603,8040.7329,7803.7603,7844.6177,1634955
2005-04-27,7771.0742,7803.7603,7591.3018,7599.4731,1073245
2005-04-28,7681.188,7746.5596,7501.4155,7501.4155,933735
2005-04-29,7452.3867,7623.9878,7452.3867,7599.4731,837058
2005-05-02,7648.502,7926.332,7648.502,7909.9893,1587228
2005-05-03,8024.3901,8253.1914,7926.332,7999.8755,4760461
2005-05-04,8155.1333,8155.1333,7942.6753,7975.3608,2065722
2005-05-05,7975.3608,7975.3608,7975.3608,7975.3608,0
2005-05-06,8089.7617,8155.1333,8048.9043,8122.4478,2704529
2005-05-09,8089.7617,8106.1045,7779.2456,7877.3032,1436704
2005-05-10,7934.5039,8016.2183,7803.7603,7877.3032,863980
2005-05-11,7738.3882,7877.3032,7730.2168,7811.9316,899470
2005-05-12,7860.9604,8089.7617,7787.417,8057.0757,1176042
2005-05-13,7844.6177,8106.1045,7844.6177,8057.0757,1101392
2005-05-16,8138.7905,8138.7905,7934.5039,8048.9043,848071
2005-05-17,8122.4478,8130.6191,7885.4746,7926.332,819925
2005-05-18,7926.332,7983.5327,7869.1318,7901.8179,791778
2005-05-19,7991.7041,8351.249,7991.7041,8326.7344,3052080
2005-05-20,8294.0488,8334.9062,8155.1333,8302.2197,824820
2005-05-23,8302.2197,8580.0508,8146.9619,8539.1934,1726738
2005-05-24,8645.4219,8702.6221,8522.8496,8580.0508,1294747
2005-05-25,8645.4219,8857.8809,8596.3936,8767.9941,1811178
2005-05-26,8767.9941,8939.5957,8588.2217,8825.1943,2566243
2005-05-27,8906.9092,8906.9092,8645.4219,8906.9092,1727961
2005-05-30,8890.5664,8996.7959,8857.8809,8915.0811,1407334
2005-05-31,8841.5371,8964.1094,8808.8516,8825.1943,1048770
2005-06-01,8727.1367,8743.4795,8506.5068,8563.707,2519740
2005-06-02,8784.3369,9078.5107,8702.6221,8980.4531,2829354
2005-06-03,9070.3389,9266.4541,9029.4814,9143.8818,1763451
2005-06-06,9143.8818,9143.8818,9143.8818,9143.8818,0
2005-06-07,9094.8535,9258.2832,8964.1094,8988.624,1485655
2005-06-08,8955.9385,9111.1963,8915.0811,8988.624,1523592
2005-06-09,8825.1943,9127.5391,8825.1943,9127.5391,1020623
2005-06-10,9070.3389,9152.0537,9004.9668,9111.1963,1001043
2005-06-13,8988.624,9135.7109,8947.7666,8947.7666,478493
2005-06-14,8874.2236,8915.0811,8759.8232,8784.3369,699995
2005-06-15,8743.4795,8955.9385,8702.6221,8906.9092,2277434
2005-06-16,8784.3369,8964.1094,8784.3369,8882.3945,1052441
2005-06-17,8825.1943,8874.2236,8669.9365,8702.6221,1220097
2005-06-20,8767.9941,8857.8809,8718.9658,8825.1943,2021666
2005-06-21,8825.1943,8866.0518,8620.9072,8767.9941,1473417
2005-06-22,8686.2793,8980.4531,8580.0508,8890.5664,1146671
2005-06-23,8906.9092,8939.5957,8817.0234,8866.0518,1392649
2005-06-24,8702.6221,8906.9092,8702.6221,8857.8809,1067126
2005-06-27,8718.9658,8890.5664,8531.0215,8531.0215,763631
2005-06-28,8547.3643,8661.7646,8294.0488,8441.1348,1220097
2005-06-29,8506.5068,8784.3369,8506.5068,8735.3086,1209083
2005-06-30,8588.2217,8825.1943,8539.1934,8743.4795,900694
2005-07-01,8702.6221,8915.0811,8702.6221,8825.1943,1415900
2005-07-04,8947.7666,8947.7666,8718.9658,8784.3369,866428
2005-07-05,8743.4795,8808.8516,8539.1934,8612.7363,755065
2005-07-06,8743.4795,8800.6807,8686.2793,8710.7939,873771
2005-07-07,8596.3936,8866.0518,8596.3936,8866.0518,1411005
2005-07-08,8866.0518,9478.9131,8825.1943,9397.1982,4576896
2005-07-11,9560.6279,9617.8281,9364.5117,9560.6279,2755927
2005-07-12,9560.6279,9601.4854,9405.3691,9585.1416,1058560
2005-07-13,9593.3135,9593.3135,9201.083,9323.6543,1154014
2005-07-14,9290.9688,9405.3691,9192.9111,9397.1982,994924
2005-07-15,9356.3408,9397.1982,9160.2256,9176.5684,550696
2005-07-18,9111.1963,9348.1689,9086.6816,9192.9111,938630
2005-07-19,9152.0537,9241.9395,9070.3389,9192.9111,1173594
2005-07-20,9152.0537,9217.4258,8947.7666,9029.4814,1867471
2005-07-21,9078.5107,9176.5684,8817.0234,8849.709,1928660
2005-07-22,8825.1943,9315.4834,8825.1943,9315.4834,1634955
2005-07-25,9560.6279,9846.6289,9560.6279,9707.7139,3927074
2005-07-26,9805.7715,9830.2861,9487.084,9625.999,2967639
2005-07-27,9625.999,9756.7432,9625.999,9748.5713,1683906
2005-07-28,9805.7715,9887.4863,9740.4004,9805.7715,2233378
2005-07-29,10091.7734,10459.4902,9969.2012,10377.7754,2985996
2005-08-01,10459.4902,10541.2051,10010.0586,10042.7441,1734080
2005-08-02,10116.2881,10230.6885,9797.6006,9928.3438,1890723
2005-08-03,10255.2031,10418.6328,9805.7715,9805.7715,3392287
2005-08-04,10140.8027,10770.0059,10010.0586,10516.6904,5421296
2005-08-05,10459.4902,10614.748,10230.6885,10459.4902,1736528
2005-08-08,10459.4902,10892.5781,10385.9463,10876.2354,2071840
2005-08-09,10876.2354,10917.0928,10712.8057,10884.4062,1647193
2005-08-10,10802.6924,10868.0635,10492.1758,10565.7188,1792821
2005-08-11,10622.9199,10990.6357,10516.6904,10982.4648,2162399
2005-08-12,10900.75,11072.3506,10802.6924,10827.2061,1145447
2005-08-15,10827.2061,10827.2061,10827.2061,10827.2061,0
2005-08-16,10827.2061,10966.1211,10671.9482,10949.7783,927616
2005-08-17,10712.8057,11072.3506,10671.9482,11015.1504,1024294
2005-08-18,10933.4355,11023.3223,10614.748,10647.4336,1157685
2005-08-19,10418.6328,10802.6924,10418.6328,10794.5205,1189503
2005-08-22,10761.835,11252.123,10761.835,11243.9512,1948240
2005-08-23,11276.6377,11742.4121,11276.6377,11578.9824,2638446
2005-08-24,11644.3545,11701.5547,11358.3525,11399.21,1902960
2005-08-25,11276.6377,11448.2383,11178.5801,11301.1523,1015728
2005-08-26,11235.7803,11366.5234,10949.7783,10957.9502,1218873
2005-08-29,10745.4912,10949.7783,10720.9775,10737.3203,937407
2005-08-30,10949.7783,11072.3506,10770.0059,11047.8359,878666
2005-08-31,11031.4932,11570.8105,11006.9785,11570.8105,1568871
2005-09-01,11611.668,11807.7832,11464.5811,11538.125,1672892
2005-09-02,11489.0957,11758.7549,11137.7227,11235.7803,2200336
2005-09-05,11333.8379,11521.7822,11268.4658,11382.8672,1824639
2005-09-06,11382.8672,11513.6104,11382.8672,11382.8672,1512578
2005-09-07,11628.0107,11693.3828,11587.1533,11644.3545,1396320
2005-09-08,11946.6982,11946.6982,11726.0684,11840.4697,2565019
2005-09-09,11775.0977,11791.4404,11578.9824,11644.3545,1160133
2005-09-12,11644.3545,11930.3555,11644.3545,11742.4121,1408558
2005-09-13,11742.4121,11856.8125,11636.1826,11709.7256,1277614
2005-09-14,11538.125,11807.7832,11538.125,11758.7549,834610
2005-09-15,11570.8105,12052.9277,11570.8105,11995.7275,1073245
2005-09-16,12289.9004,13556.4795,12126.4707,13074.3623,2626208
2005-09-19,13074.3623,13074.3623,13074.3623,13074.3623,0
2005-09-20,13564.6514,13891.5098,13303.1641,13719.9092,4184066
2005-09-21,13728.0801,13809.7949,13425.7363,13564.6514,1784255
2005-09-22,13531.9648,15239.8037,13393.0498,14300.084,4589133
2005-09-23,14054.9395,14479.8564,13850.6523,13973.2246,3765537
2005-09-26,14136.6543,14267.3984,13826.1387,13891.5098,2228483
2005-09-27,13891.5098,14479.8564,13826.1387,13932.3672,2791417
2005-09-28,14103.9688,14463.5137,14103.9688,14218.3691,2021666
2005-09-29,14422.6562,14569.7422,14152.9971,14259.2266,1393872
2005-09-30,14275.5693,14545.2285,14185.6836,14504.3711,1639850
2005-10-03,14504.3711,14504.3711,14504.3711,14504.3711,0
2005-10-04,14708.6572,15329.6895,14635.1143,15117.2314,1902960
2005-10-05,15109.0596,15386.8906,14912.9443,15117.2314,2124463
2005-10-06,14872.0869,15019.1738,14667.8008,14790.3721,1940897
2005-10-07,14708.6572,14774.0293,14242.8838,14300.084,2249287
2005-10-10,14300.084,14888.4297,14283.7412,14790.3721,2287224
2005-10-11,14733.1719,15060.0312,14626.9434,14765.8584,1387754
2005-10-12,14700.4863,14937.459,14455.3418,14610.5996,1441599
2005-10-13,14308.2549,14438.999,13965.0537,14054.9395,3136520
2005-10-14,13768.9375,13891.5098,13237.792,13352.1924,4099626
2005-10-17,13237.792,13482.9365,12649.4453,12747.5029,3278477
2005-10-18,12747.5029,13736.252,12747.5029,13646.3662,4098402
2005-10-19,13646.3662,14054.9395,13401.2217,13932.3672,3550154
2005-10-20,14177.5117,14218.3691,13548.3076,13621.8516,1568871
2005-10-21,13646.3662,14675.9717,13646.3662,14545.2285,2501383
2005-10-24,14708.6572,15264.3184,14700.4863,15035.5166,1819744
2005-10-25,15084.5459,15297.0039,14463.5137,14757.6865,2092645
2005-10-26,14700.4863,14708.6572,14324.5986,14438.999,1570095
2005-10-27,14300.084,14545.2285,13630.0225,13948.71,2091421
2005-10-28,13932.3672,14667.8008,13924.1963,14300.084,2288448
2005-10-31,14512.542,14749.5146,14103.9688,14177.5117,1229887
2005-11-01,14414.4844,14725.001,14381.7988,14504.3711,1614151
2005-11-02,14504.3711,15313.3467,14504.3711,15280.6611,2866067
2005-11-03,15509.4619,16195.8662,15239.8037,15411.4043,2937045
2005-11-04,15770.9492,16342.9531,15533.9766,16334.7812,4311338
2005-11-07,16669.8125,16694.3262,16277.5811,16465.5254,2568691
2005-11-08,16359.2959,16547.2402,15893.5215,15942.5508,2370440
2005-11-09,16391.9824,17241.8145,16367.4678,17241.8145,4198751
2005-11-10,17078.3867,18965.9961,17037.5293,18696.3379,4848572
2005-11-11,18696.3379,18908.7969,17977.248,18426.6797,2867290
2005-11-14,18467.5371,19366.3984,18304.1074,18426.6797,3054527
2005-11-15,18679.9961,18941.4824,18344.9648,18598.2812,1902960
2005-11-16,18516.5664,19080.3984,18516.5664,18647.3086,1944569
2005-11-17,18516.5664,18957.8262,18344.9648,18508.3945,2004533
2005-11-18,19121.2559,19121.2559,18426.6797,18500.2227,1683906
2005-11-21,18393.9941,18737.1953,18091.6484,18230.5645,1407334
2005-11-22,18255.0781,18908.7969,18255.0781,18663.6523,2085302
2005-11-23,18957.8262,20265.2617,18957.8262,19709.6016,3151205
2005-11-24,20077.3184,20208.0605,19742.2871,19873.0312,1500340
2005-11-25,20060.9746,21204.9824,19897.5449,20918.9805,2578481
2005-11-28,21245.8398,22005.7871,20306.1191,20387.834,2847710
2005-11-29,20306.1191,20837.2656,19791.3164,20428.6914,1729185
2005-11-30,19856.6875,20183.5469,19578.8574,19938.4023,3796131
2005-12-01,19946.5742,20510.4062,19946.5742,20183.5469,2770613
2005-12-02,20910.8086,20910.8086,20387.834,20428.6914,2613970
2005-12-05,20428.6914,20657.4922,20159.0332,20265.2617,1382859
2005-12-06,20183.5469,20845.4375,20183.5469,20829.0938,1574990
2005-12-07,20690.1777,21294.8672,20690.1777,21066.0664,1494222
2005-12-08,21066.0664,21409.2676,21066.0664,21245.8398,1157685
2005-12-09,21368.4102,22161.0449,21360.2402,21989.4434,2339846
2005-12-12,22226.416,22855.6191,22193.7305,22716.7051,1273943
2005-12-13,22880.1348,23337.7363,22340.8164,22708.5332,2976206
2005-12-14,22880.1348,23100.7637,22030.3008,22185.5586,1904184
2005-12-15,22185.5586,22348.9883,21629.8984,21646.2422,1994743
2005-12-16,20673.8359,21490.9824,20526.748,21082.4102,1877261
2005-12-19,20510.4062,21482.8125,20510.4062,21245.8398,1623941
2005-12-20,20673.8359,21237.668,20673.8359,20812.75,1240901
2005-12-21,20992.5234,22038.4727,20918.9805,21670.7559,1652088
2005-12-22,21817.8418,22291.7871,21082.4102,21098.752,2042470
2005-12-23,21245.8398,21523.6699,20992.5234,21327.5527,1188279
2005-12-26,21327.5527,22136.5293,21327.5527,21817.8418,2004533
2005-12-27,21850.5273,21997.6152,21172.2949,21245.8398,1913974
2005-12-28,21172.2949,21409.2676,21033.3809,21090.5801,1409781
2005-12-29,21139.6094,22062.9863,20837.2656,22062.9863,2057155
2006-01-02,22210.0723,22602.3047,21981.2715,22422.5312,1255587
2006-01-03,22504.2461,22667.6758,21973.0996,22259.1016,991252
2006-01-04,22504.2461,23076.25,22504.2461,22716.7051,1797716
2006-01-05,22880.1348,22937.334,22733.0469,22855.6191,1291076
2006-01-06,22896.4766,23329.5645,22896.4766,23190.6504,1305761
2006-01-09,23860.7109,24514.4297,23778.9961,24432.7148,1828310
2006-01-10,24351.0,24424.543,23345.9082,23689.1113,1742647
2006-01-11,23329.5645,23689.1113,21932.2422,22880.1348,4647874
2006-01-12,22054.8145,22855.6191,21368.4102,22071.1582,5864301
2006-01-13,22169.2148,22855.6191,22169.2148,22651.332,3876900
2006-01-16,22880.1348,23125.2793,22536.9316,23117.1074,2180756
2006-01-17,23043.5645,23828.0254,23043.5645,23149.793,1518697
2006-01-18,22226.416,22471.5605,20673.8359,22267.2734,3581971
2006-01-19,21899.5566,22545.1035,20951.666,21311.2109,3134072
2006-01-20,20927.1504,21662.584,18630.9668,20101.832,4929341
2006-01-23,18802.5684,19815.8301,18802.5684,19366.3984,4043332
2006-01-24,19611.543,20093.6602,18965.9961,19962.918,4163262
2006-01-25,20020.1172,22512.418,20020.1172,22046.6445,3448581
2006-01-26,22095.6719,22381.6738,21245.8398,22381.6738,1789150
2006-01-27,22381.6738,22585.9609,21940.4141,22545.1035,1790374
2006-01-31,22569.6172,23452.1367,22569.6172,23174.3066,2249287
2006-02-01,22267.2734,22716.7051,21695.2695,22062.9863,3355574
2006-02-02,22545.1035,22953.6777,22103.8438,22185.5586,2506279
2006-02-03,21572.6973,21875.043,21041.5527,21164.125,1885828
2006-02-06,20428.6914,21572.6973,20273.4336,21572.6973,2134253
2006-02-07,21286.6953,22880.1348,20477.7207,22634.9902,3890361
2006-02-08,22961.8496,23582.8809,22095.6719,22095.6719,2729004
2006-02-09,22708.5332,22716.7051,21776.9844,22308.1309,1242125
2006-02-10,22062.9863,22308.1309,21817.8418,22062.9863,1535830
2006-02-13,21842.3574,22226.416,21245.8398,21254.0098,1669220
2006-02-14,20682.0078,21000.6953,20273.4336,20518.5781,2741242
2006-02-15,20878.123,21123.2676,18843.4238,19472.6289,5945070
2006-02-16,19407.2559,20159.0332,19407.2559,20011.9453,2267644
2006-02-17,20534.9199,20918.9805,20306.1191,20404.1777,2899108
2006-02-20,19881.2031,20657.4922,19881.2031,20485.8906,1236006
2006-02-21,20665.6641,20829.0938,20526.748,20673.8359,1001043
2006-02-22,20420.5195,20673.8359,20134.5176,20632.9785,1202964
2006-02-23,20837.2656,21115.0957,20796.4082,20992.5234,1020623
2006-02-24,21490.9824,21915.9004,21172.2949,21915.9004,1293523
2006-02-27,21981.2715,22520.5898,21973.0996,22504.2461,1185832
2006-02-28,22880.1348,22904.6484,22406.1895,22651.332,1149119
2006-03-02,22634.9902,22634.9902,21973.0996,22136.5293,1344922
2006-03-03,22185.5586,22512.418,21376.582,21736.127,1209083
2006-03-06,21409.2676,21776.9844,21327.5527,21736.127,1111182
2006-03-07,21417.4395,21727.9551,21164.125,21164.125,736708
2006-03-08,20526.748,21131.4375,20502.2344,20608.4629,1634955
2006-03-09,20526.748,21188.6387,20526.748,21123.2676,1009609
2006-03-10,20722.8652,21237.668,20657.4922,20861.7793,856638
2006-03-13,20976.1797,21237.668,20820.9219,20959.8379,682863
2006-03-14,20861.7793,21000.6953,20477.7207,20494.0625,811358
2006-03-15,20820.9219,21229.4961,20820.9219,20837.2656,1008385
2006-03-16,21164.125,21180.4668,20518.5781,20624.8066,691429
2006-03-17,20673.8359,20853.6074,20592.1211,20714.6934,483388
2006-03-20,20747.3789,21303.0391,20739.207,21049.7227,715904
2006-03-21,21204.9824,21531.8398,21204.9824,21392.9258,855414
2006-03-22,21082.4102,21245.8398,20739.207,21123.2676,551919
2006-03-23,21654.4121,22062.9863,21589.041,22046.6445,1282509
2006-03-24,22389.8457,23370.4219,22308.1309,23370.4219,1992296
2006-03-27,23215.1641,23378.5938,22716.7051,23247.8516,1302090
2006-03-28,23206.9941,23452.1367,22643.1621,22798.4199,589856
2006-03-29,22798.4199,22920.9922,22430.7031,22880.1348,531115
2006-03-30,23288.709,23533.8516,22961.8496,23435.7949,1266600
2006-03-31,23705.4531,24865.8027,23411.2793,24514.4297,2011876
2006-04-03,25127.291,25781.0078,24522.6016,25731.9785,1169923
2006-04-04,25781.0078,26132.3809,25127.291,25396.9492,1098944
2006-04-05,26050.668,28183.4219,25903.5801,26557.2988,2797536
2006-04-06,27047.5879,27766.6777,26925.0156,27456.1602,1587228
2006-04-07,27456.1602,27807.5352,26688.043,27031.2441,1306985
2006-04-10,26565.4707,28069.0215,26565.4707,27725.8203,1419572
2006-04-11,27725.8203,27774.8477,26835.1289,27031.2441,996148
2006-04-12,26402.041,26557.2988,25666.6074,25748.3223,1836877
2006-04-13,25674.7793,26369.3555,25642.0938,25985.2949,1523592
2006-04-14,25862.7227,26295.8105,25576.7207,26295.8105,1523592
2006-04-17,26148.7246,26312.1543,25723.8086,25723.8086,838281
2006-04-18,25576.7207,26189.582,25486.8359,26017.9805,959434
2006-04-19,26957.7012,27374.4453,26491.9277,26540.9551,1593347
2006-04-20,26965.873,26990.3867,26639.0137,26900.5,1018175
2006-04-21,27464.332,27758.5059,27309.0742,27505.1895,1270272
2006-04-24,27137.4727,27447.9902,26557.2988,26565.4707,675520
2006-04-25,26794.2715,26974.043,26328.498,26393.8691,662059
2006-04-26,26393.8691,27652.2773,26271.2969,27652.2773,823596
2006-04-27,28093.5371,28109.8789,27072.1016,27619.5898,741604
2006-04-28,27619.5898,27619.5898,26802.4434,27374.4453,706114
2006-05-02,27374.4453,27676.791,27292.7324,27374.4453,1461180
2006-05-03,27619.5898,28248.7949,27456.1602,28232.4512,1324118
2006-05-04,28158.9082,28191.5938,27366.2754,27783.0195,696324
2006-05-08,28028.1641,28044.5078,26941.3574,27513.3613,1765898
2006-05-09,27864.7344,27864.7344,26982.2148,27374.4453,954539
2006-05-10,27063.9297,27112.959,26589.9844,26589.9844,1139328
2006-05-11,26148.7246,26639.0137,25470.4922,26614.498,2060827
2006-05-12,25748.3223,26402.041,25748.3223,26067.0098,808911
2006-05-15,25339.748,25699.293,24645.1738,25331.5762,1653311
2006-05-16,25331.5762,25388.7773,24187.5703,24212.084,1910303
2006-05-17,24424.543,24587.9727,24269.2852,24587.9727,1598242
2006-05-18,23697.2812,24432.7148,23157.9648,23697.2812,1511354
2006-05-19,23460.3086,24269.2852,23460.3086,23836.1973,1517473
2006-05-22,23877.0547,23975.1113,22920.9922,22920.9922,830939
2006-05-23,22357.1602,22585.9609,21515.498,22152.873,2828130
2006-05-24,21343.8965,22880.1348,21343.8965,22871.9629,2589495
2006-05-25,23141.6211,23525.6816,23117.1074,23117.1074,2025337
2006-05-26,24122.1992,24122.1992,23460.3086,23460.3086,2004533
2006-05-29,23713.625,23983.2832,23574.709,23778.9961,660835
2006-05-30,23942.4258,23942.4258,23435.7949,23435.7949,915379
2006-05-31,23435.7949,23435.7949,23435.7949,23435.7949,0
2006-06-01,23435.7949,23615.5664,22798.4199,23206.9941,908036
2006-06-02,23860.7109,24514.4297,23550.1953,24489.916,1038979
2006-06-05,25004.7188,25274.377,24865.8027,25168.1484,1177265
2006-06-07,24187.5703,24498.0859,23509.3379,23509.3379,1521144
2006-06-08,22961.8496,23394.9375,21956.7578,22798.4199,2523411
2006-06-09,23329.5645,24555.2871,22798.4199,24432.7148,1335132
2006-06-12,24024.1406,25372.4336,23697.2812,25331.5762,1515026
2006-06-13,24514.4297,24677.8594,23697.2812,24228.4277,1308209
2006-06-14,23926.084,23950.5977,23419.4512,23746.3105,2134253
2006-06-15,24195.7422,24261.1133,22822.9336,23084.4219,2361874
2006-06-16,23942.4258,24432.7148,23713.625,24391.8574,1813625
2006-06-19,24514.4297,24751.4023,24228.4277,24596.1445,762408
2006-06-20,24596.1445,25168.1484,24269.2852,24677.8594,906812
2006-06-21,24538.9434,24677.8594,23860.7109,24269.2852,955763
2006-06-22,24677.8594,25249.8633,24677.8594,25061.918,871323
2006-06-23,24351.0,24914.832,23958.7695,24514.4297,518878
2006-06-26,24923.0039,25086.4336,24351.0,24351.0,611884
2006-06-27,24351.0,24759.5742,23517.5098,23746.3105,1136881
2006-06-28,23084.4219,23607.3965,22839.2773,23533.8516,1178489
2006-06-29,25903.5801,26312.1543,25021.0605,25323.4062,3169561
2006-06-30,25756.4941,27292.7324,25495.0059,26965.873,2645788
2006-07-03,27121.1309,27701.3047,26402.041,26557.2988,1402439
2006-07-04,26957.7012,26965.873,26165.0684,26181.4102,722023
2006-07-05,25372.4336,26230.4395,25364.2637,25911.752,766079
2006-07-06,25985.2949,26140.5527,25339.748,25535.8633,934959
2006-07-07,25781.0078,25977.123,25331.5762,25535.8633,1145447
2006-07-10,25094.6035,25650.2656,24751.4023,25625.75,1332684
2006-07-11,25331.5762,25495.0059,24955.6895,24963.8613,1267824
2006-07-12,25045.5762,26140.5527,25045.5762,26140.5527,1653311
2006-07-13,26067.0098,26418.3828,25781.0078,25985.2949,1387754
2006-07-14,26475.584,26622.6699,24686.0312,25666.6074,1041019
2006-07-18,24759.5742,25151.8047,24465.4004,24759.5742,708562
2006-07-19,24514.4297,24931.1738,24146.7129,24171.2266,642886
2006-07-20,25053.7461,25127.291,24391.8574,24857.6309,676744
2006-07-21,24269.2852,24538.9434,24171.2266,24342.8281,673480
2006-07-24,24146.7129,24808.6035,24146.7129,24710.5449,660835
2006-07-25,25249.8633,26230.4395,25200.834,25862.7227,719576
2006-07-26,26107.8672,27112.959,26107.8672,26696.2129,772198
2006-07-27,26671.6992,26671.6992,25789.1797,26230.4395,898654
2006-07-28,26230.4395,26818.7852,25691.123,25985.2949,598830
2006-07-31,26696.2129,26696.2129,25985.2949,26034.3242,680007
2006-08-01,26034.3242,26279.4688,24391.8574,24612.4863,2359018
2006-08-02,24514.4297,24514.4297,23975.1113,23999.627,2582560
2006-08-03,24195.7422,24612.4863,23141.6211,23386.7656,2461815
2006-08-04,23386.7656,24465.4004,23386.7656,24465.4004,1888683
2006-08-07,24269.2852,24367.3438,23680.9395,23778.9961,914971
2006-08-08,23313.2227,23926.084,23313.2227,23778.9961,942710
2006-08-09,23754.4824,23778.9961,23460.3086,23533.8516,883561
2006-08-10,23386.7656,23729.9668,23313.2227,23582.8809,697140
2006-08-11,23582.8809,23778.9961,23313.2227,23386.7656,712641
2006-08-14,23117.1074,23411.2793,22871.9629,23411.2793,994516
2006-08-16,23264.1934,23705.4531,22675.8477,22920.9922,2463855
2006-08-17,23117.1074,23362.252,22479.7324,22675.8477,3399630
2006-08-18,22675.8477,22675.8477,22259.1016,22259.1016,1942529
2006-08-21,22308.1309,22381.6738,21254.0098,21303.0391,4368039
2006-08-22,21450.125,22357.1602,21204.9824,22308.1309,4393738
2006-08-23,22308.1309,22773.9043,22062.9863,22675.8477,2484251
2006-08-24,22553.2754,22749.3906,22185.5586,22724.877,1430993
2006-08-25,22602.3047,23019.0488,22504.2461,22847.4492,1453837
2006-08-28,22847.4492,23043.5645,22602.3047,22602.3047,803200
2006-08-29,22847.4492,23043.5645,22479.7324,22528.7598,1537869
2006-08-30,22528.7598,22626.8184,22038.4727,22062.9863,2732676
2006-08-31,22185.5586,22406.1895,21964.9297,22259.1016,1925396
2006-09-01,22308.1309,22724.877,22136.5293,22455.2168,1534606
2006-09-04,22675.8477,23705.4531,22626.8184,23705.4531,2307212
2006-09-05,23901.5684,23926.084,23460.3086,23803.5117,1597018
2006-09-06,23926.084,23926.084,23533.8516,23778.9961,1455877
2006-09-07,23509.3379,23533.8516,23019.0488,23215.1641,1069574
2006-09-08,23043.5645,23975.1113,23043.5645,23975.1113,1536645
2006-09-11,23975.1113,24073.1699,23239.6797,23239.6797,681639
2006-09-12,23264.1934,23460.3086,22896.4766,23239.6797,659203
2006-09-13,23582.8809,24073.1699,23558.3672,23828.0254,1883380
2006-09-14,24122.1992,25127.291,24097.6836,24980.2031,2952546
2006-09-15,25102.7754,25666.6074,24538.9434,24759.5742,2176269
2006-09-18,25127.291,25200.834,24514.4297,24759.5742,2376967
2006-09-19,25200.834,25715.6367,25029.2324,25347.9199,2354531
2006-09-20,25004.7188,25495.0059,24882.1465,25347.9199,1775280
2006-09-21,25764.666,25813.6934,24342.8281,24587.9727,2339846
2006-09-22,24391.8574,24808.6035,24293.7988,24489.916,1514618
2006-09-25,24489.916,24661.5156,24220.2559,24416.3711,1405294
2006-09-26,24244.7715,24587.9727,24146.7129,24146.7129,1517881
2006-09-27,24048.6562,24538.9434,23901.5684,24146.7129,1411413
2006-09-28,24342.8281,24637.002,24220.2559,24514.4297,1200925
2006-09-29,24759.5742,24882.1465,24342.8281,24342.8281,859085
2006-10-02,24244.7715,24440.8867,24244.7715,24293.7988,767303
2006-10-04,24097.6836,24171.2266,22381.6738,22798.4199,3752075
2006-10-09,22651.332,23337.7363,21817.8418,22749.3906,4199159
2006-10-10,23019.0488,23190.6504,22724.877,22798.4199,1417124
2006-10-11,22430.7031,23092.5918,22259.1016,22504.2461,1487695
2006-10-12,22749.3906,23166.1367,22602.3047,22970.0195,1274351
2006-10-13,23215.1641,23631.9102,22920.9922,22920.9922,1131170
2006-10-16,23288.709,23460.3086,23092.5918,23313.2227,893759
2006-10-17,23582.8809,23607.3965,23141.6211,23362.252,1063455
2006-10-18,23362.252,23362.252,23019.0488,23166.1367,856230
2006-10-19,23068.0781,23264.1934,22970.0195,22970.0195,978607
2006-10-20,22675.8477,22970.0195,22185.5586,22332.6445,2724109
2006-10-23,22553.2754,22626.8184,22332.6445,22602.3047,1273943
2006-10-24,22896.4766,22920.9922,22455.2168,22504.2461,1501156
2006-10-25,22406.1895,22675.8477,22406.1895,22528.7598,1126275
2006-10-26,22528.7598,23288.709,22381.6738,23141.6211,2604996
2006-10-27,23264.1934,23484.8242,22871.9629,23239.6797,881521
2006-10-30,22871.9629,23068.0781,22332.6445,22332.6445,1380003
2006-10-31,22528.7598,23019.0488,22479.7324,22920.9922,859901
2006-11-01,23019.0488,23190.6504,22626.8184,23043.5645,849295
2006-11-02,22920.9922,23754.4824,22847.4492,23754.4824,1680234
2006-11-03,24146.7129,24808.6035,24122.1992,24735.0586,2693923
2006-11-06,25004.7188,25053.7461,24465.4004,24931.1738,1215610
2006-11-07,24955.6895,25004.7188,24318.3145,24465.4004,785251
2006-11-08,24318.3145,24759.5742,24073.1699,24220.2559,1792413
2006-11-09,24514.4297,24906.6602,24416.3711,24906.6602,1799348
2006-11-10,24857.6309,24882.1465,24489.916,24637.002,1078956
2006-11-13,24637.002,25298.8906,24416.3711,25298.8906,1477905
2006-11-14,25544.0352,25593.0645,24955.6895,25544.0352,1000635
2006-11-15,25740.1504,26156.8965,25249.8633,25249.8633,1044690
2006-11-16,25519.5215,25642.0938,25274.377,25421.4629,747314
2006-11-17,25347.9199,26058.8379,25347.9199,25936.2656,1125867
2006-11-20,26156.8965,26867.8145,26107.8672,26303.9824,1995151
2006-11-21,26034.3242,26279.4688,25568.5508,25740.1504,802792
2006-11-22,25936.2656,25985.2949,25421.4629,25887.2383,1337579
2006-11-23,25740.1504,25911.752,25445.9785,25887.2383,972080
2006-11-24,25764.666,25887.2383,25225.3477,25225.3477,647373
2006-11-27,25200.834,25495.0059,24735.0586,24955.6895,885600
2006-11-28,24514.4297,24637.002,24440.8867,24440.8867,1065494
2006-11-29,24906.6602,25740.1504,24759.5742,25740.1504,1213978
2006-11-30,25911.752,26254.9531,25789.1797,25862.7227,911707
2006-12-01,25911.752,26549.127,25862.7227,26353.0117,1942121
2006-12-04,26083.3535,26303.9824,25936.2656,25985.2949,431174
2006-12-05,26230.4395,26622.6699,26156.8965,26254.9531,485020
2006-12-06,26426.5547,26965.873,26377.5254,26965.873,1672076
2006-12-07,27039.416,27529.7051,26941.3574,26941.3574,1123419
2006-12-08,26720.7285,26965.873,26500.0977,26965.873,538050
2006-12-11,26990.3867,27309.0742,26696.2129,27211.0176,586185
2006-12-12,27186.502,27750.334,26353.0117,26965.873,1484431
2006-12-13,26573.6406,27211.0176,26328.498,27211.0176,732221
2006-12-14,26965.873,27750.334,26965.873,27382.6172,815846
2006-12-15,27872.9062,27872.9062,27431.6465,27676.791,721207
2006-12-18,27799.3633,28363.1953,27774.8477,28314.166,841545
2006-12-19,28191.5938,28314.166,27676.791,27995.4785,669401
2006-12-20,27750.334,28240.623,27505.1895,27823.877,671441
2006-12-21,27750.334,27774.8477,26990.3867,26990.3867,981054
2006-12-22,26843.3008,27014.9004,26647.1855,26794.2715,756697
2006-12-26,26794.2715,26990.3867,25960.7812,26107.8672,779132
2006-12-27,26083.3535,27039.416,26083.3535,27039.416,320627
2006-12-28,27358.1035,28069.0215,27284.5605,27970.9648,907628
2007-01-02,28363.1953,28412.2246,27946.4492,28069.0215,653900
2007-01-03,28167.0801,28167.0801,27407.1328,27505.1895,657979
2007-01-04,27872.9062,28681.8828,27701.3047,28681.8828,2165663
2007-01-05,29221.1992,30692.0664,28804.4551,30471.4355,2605812
2007-01-08,29907.6035,30152.748,29025.084,29785.0312,1120156
2007-01-09,29760.5176,29760.5176,28976.0547,29294.7441,832978
2007-01-10,29294.7441,29858.5742,28363.1953,28951.541,1203780
2007-01-11,29172.1719,30324.3496,29172.1719,29907.6035,1308209
2007-01-12,29662.459,30226.291,29196.6855,29417.3145,1138921
2007-01-15,29417.3145,29613.4316,28804.4551,29270.2285,1007977
2007-01-16,29098.627,29564.4023,28828.9688,29123.1426,822780
2007-01-17,29172.1719,29564.4023,28804.4551,29172.1719,965145
2007-01-18,29221.1992,30324.3496,29221.1992,30226.291,1239270
2007-01-19,30324.3496,31452.0137,29809.5469,30152.748,2711056
2007-01-22,30152.748,30152.748,29221.1992,29368.2871,843992
2007-01-23,29294.7441,29907.6035,29172.1719,29539.8867,683271
2007-01-24,29711.4883,30961.7246,29711.4883,30961.7246,1188687
2007-01-25,31868.7578,31868.7578,30888.1816,31133.3262,1317183
2007-01-26,30863.666,32113.9023,30716.5801,31795.2148,1578662
2007-01-29,32211.9609,32751.2773,31893.2734,32113.9023,1117709
2007-01-30,31844.2441,32089.3887,31133.3262,31329.4414,833386
2007-01-31,31329.4414,31697.1582,30324.3496,30324.3496,976567
2007-02-01,30814.6387,32015.8457,30765.6094,31452.0137,1642705
2007-02-02,31672.6426,31746.1855,30888.1816,31623.6133,2068985
2007-02-05,31868.7578,32628.7051,31206.8691,32113.9023,2157912
2007-02-06,32113.9023,32236.4746,31378.4707,31378.4707,1504012
2007-02-07,31378.4707,32089.3887,31059.7812,32064.873,1291484
2007-02-08,31868.7578,31893.2734,31231.3828,31476.5273,707338
2007-02-09,31476.5273,32015.8457,31476.5273,31672.6426,952908
2007-02-12,31255.8984,31648.1289,30839.1523,31084.2969,1511354
2007-02-13,31402.9844,31599.0996,30275.3203,30397.8926,1942121
2007-02-14,30888.1816,32334.5332,30888.1816,31991.3301,2491593
2007-02-15,32481.6191,33437.6836,32187.4453,33020.9375,1731225
2007-02-16,32898.3633,32922.8789,32187.4453,32506.1328,688981
2007-02-20,32873.8516,32873.8516,31942.3008,32849.3359,1030005
2007-02-21,32432.5898,32898.3633,31770.7012,31795.2148,1427322
2007-02-22,31991.3301,32138.418,31525.5566,31623.6133,1494629
2007-02-23,31819.7285,32236.4746,31746.1855,31868.7578,1047954
2007-02-26,31991.3301,33413.168,31991.3301,33339.625,1645153
2007-02-27,33707.3398,33707.3398,33118.9961,33217.0508,1165028
2007-02-28,31378.4707,31819.7285,30888.1816,31623.6133,2717991
2007-03-01,31623.6133,31623.6133,31623.6133,31623.6133,0
2007-03-05,31304.9258,31770.7012,30152.748,30201.7773,1504420
2007-03-06,30201.7773,31550.0703,30201.7773,31452.0137,1404886
2007-03-07,31917.7871,32530.6484,31697.1582,31966.8164,877034
2007-03-08,31623.6133,32849.3359,31623.6133,32383.5605,880705
2007-03-09,32604.1914,32824.8203,31819.7285,32408.0762,646150
2007-03-12,32800.3086,33118.9961,32530.6484,33118.9961,702443
2007-03-13,33217.0508,34222.1445,33217.0508,33829.9141,1286997
2007-03-14,32971.9062,33192.5391,32530.6484,32873.8516,893759
2007-03-15,33584.7695,33633.7969,33168.0234,33437.6836,1191543
2007-03-16,33437.6836,34001.5156,33168.0234,33682.8242,731813
2007-03-19,33437.6836,34197.6289,33437.6836,34075.0586,569868
2007-03-20,34320.2031,34540.832,34026.0273,34246.6562,930880
2007-03-21,34246.6562,34540.832,33658.3125,33829.9141,947605
2007-03-22,33952.4844,34418.2578,33952.4844,34075.0586,624530
2007-03-23,34442.7734,34491.8008,33217.0508,33241.5664,906404
2007-03-26,32971.9062,33462.1953,32824.8203,32922.8789,638807
2007-03-27,32481.6191,32996.4219,31991.3301,32604.1914,793002
2007-03-28,33045.4492,33707.3398,32849.3359,33658.3125,1132394
2007-03-29,33829.9141,33927.9688,33413.168,33878.9414,544985
2007-03-30,34197.6289,34222.1445,33560.2539,33829.9141,455242
2007-04-02,33143.5078,34124.0859,33143.5078,34075.0586,675112
2007-04-03,33780.8828,34197.6289,33584.7695,33682.8242,658387
2007-04-04,34173.1133,34810.4883,34001.5156,34712.4336,1015728
2007-04-05,34908.5469,34908.5469,34295.6875,34418.2578,472374
2007-04-06,34418.2578,34491.8008,33952.4844,34050.543,479309
2007-04-09,33977.0,34565.3438,33829.9141,33829.9141,462584
2007-04-10,34320.2031,34810.4883,33854.4258,34344.7148,1233151
2007-04-11,34320.2031,34369.2305,33977.0,34369.2305,569868
2007-04-12,34369.2305,34418.2578,34075.0586,34197.6289,427911
2007-04-13,34197.6289,34835.0039,34197.6289,34736.9453,716312
2007-04-16,34908.5469,35545.9219,34638.8906,35545.9219,950052
2007-04-17,35889.125,36967.7578,35472.3789,36918.7305,1605584
2007-04-18,36918.7305,38144.4531,36918.7305,37384.5039,1630876
2007-04-19,37016.7891,37261.9336,35913.6406,36281.3555,833386
2007-04-20,36281.3555,36820.6719,36256.8398,36771.6445,705298
2007-04-23,36820.6719,37727.707,36501.9844,36501.9844,1168291
2007-04-24,36036.2109,36820.6719,35889.125,36477.4727,1454245
2007-04-25,36060.7266,36477.4727,34859.5195,35398.8359,1855233
2007-04-26,35055.6328,36747.1289,35055.6328,36158.7852,1798940
2007-04-27,36379.4141,36698.1016,35325.293,35496.8945,1564384
2007-04-30,35496.8945,36207.8125,35496.8945,36036.2109,1390609
2007-05-02,36036.2109,36722.6172,35864.6094,36403.9297,1319223
2007-05-03,36428.4414,36673.5859,35791.0664,35791.0664,1144631
2007-05-04,35791.0664,37016.7891,35791.0664,36771.6445,1707973
2007-05-07,37507.0781,38708.2852,37016.7891,37776.7344,1552147
2007-05-08,37261.9336,37605.1367,36771.6445,37384.5039,1052441
2007-05-09,37261.9336,37899.3086,36943.2461,37752.2227,1017360
2007-05-10,38855.3711,39174.0586,37482.5625,37801.25,1874406
2007-05-11,38168.9648,38659.2539,37703.1914,38438.625,1185424
2007-05-14,38855.3711,39125.0312,38634.7422,39051.4844,744459
2007-05-15,38977.9414,40056.5781,38879.8867,39590.8047,1129130
2007-05-16,39934.0039,40277.207,39026.9727,39223.0859,744051
2007-05-17,39468.2305,39958.5195,39223.0859,39443.7188,468295
2007-05-18,39419.2031,39419.2031,38879.8867,39223.0859,673480
2007-05-21,39223.0859,39223.0859,38365.082,38855.3711,868876
2007-05-22,38855.3711,39492.7461,38781.8281,38855.3711,577211
2007-05-23,39468.2305,39517.2617,38977.9414,39174.0586,1056928
2007-05-25,38879.8867,38928.9141,38119.9375,38365.082,1028781
2007-05-28,39149.543,39149.543,38610.2266,38757.3125,489099
2007-05-29,39223.0859,39811.4336,39026.9727,39590.8047,1039795
2007-05-30,40179.1484,41478.4141,40032.0625,41184.2422,1414269
2007-05-31,41650.0156,43390.5391,41159.7266,43390.5391,952908
2007-06-01,44346.6016,45670.3828,43978.8867,44371.1172,2443050
2007-06-04,44371.1172,44763.3477,42900.25,43096.3672,1314735
2007-06-05,43341.5117,43611.1719,42777.6797,43562.1406,562933
2007-06-07,43145.3945,43267.9688,42679.6211,43022.8242,1062639
2007-06-08,42630.5938,42777.6797,42042.2461,42655.1055,780764
2007-06-11,42655.1055,43243.4531,41674.5312,41968.7031,597607
2007-06-12,42409.9648,43243.4531,41674.5312,41895.1602,846032
2007-06-13,41968.7031,42238.3633,40693.9531,41233.2695,1934370
2007-06-14,42164.8203,43366.0273,41306.8125,43243.4531,1399175
2007-06-15,44125.9727,44469.1758,43267.9688,43562.1406,867244
2007-06-18,44371.1172,44371.1172,43660.1992,43880.8281,677152
2007-06-19,44101.457,44101.457,43071.8516,43316.9961,737524
2007-06-20,43635.6836,44052.4297,42164.8203,42287.3906,1192766
2007-06-21,42287.3906,42630.5938,41600.9883,41797.1016,1048770
2007-06-22,42164.8203,42728.6523,41429.3867,41797.1016,857454
2007-06-25,41674.5312,41723.5586,40032.0625,40448.8086,1255994
2007-06-26,40620.4102,41208.7578,40399.7812,40424.293,949236
2007-06-27,40644.9258,40693.9531,39247.6016,39468.2305,936591
2007-06-28,40081.0938,41159.7266,39958.5195,41061.668,966777
2007-06-29,41061.668,41600.9883,40448.8086,41306.8125,788515
2007-07-02,40571.3789,41453.8984,40497.8359,41208.7578,496034
2007-07-03,41674.5312,42508.0195,41453.8984,41821.6172,777093
2007-07-04,42385.4492,43022.8242,42164.8203,43022.8242,839913
2007-07-05,43022.8242,43635.6836,42360.9336,42409.9648,422608
2007-07-06,42655.1055,42924.7656,41944.1875,42900.25,423424
2007-07-09,43488.5977,43488.5977,41404.8711,41895.1602,964330
2007-07-10,41551.957,42042.2461,40522.3516,40939.0977,1071205
2007-07-11,40939.0977,41919.6758,40742.9805,41674.5312,788515
2007-07-12,42679.6211,43047.3398,42238.3633,42483.5078,822372
2007-07-13,42900.25,43243.4531,41625.5,41674.5312,1187871
2007-07-16,41674.5312,42262.875,40963.6133,41380.3555,713865
2007-07-18,41380.3555,41919.6758,41282.3008,41650.0156,956987
2007-07-19,41919.6758,42532.5352,41429.3867,41723.5586,807279
2007-07-20,41846.1328,41944.1875,40963.6133,41012.6406,1082627
2007-07-23,40890.0703,41061.668,40154.6367,40154.6367,1120156
2007-07-24,40277.207,40571.3789,38806.3438,39223.0859,1866655
2007-07-25,38512.168,40546.8672,38414.1094,40424.293,1098536
2007-07-26,41012.6406,41625.5,40693.9531,41208.7578,1123827
2007-07-27,39713.375,40693.9531,39468.2305,39958.5195,1134025
2007-07-30,39223.0859,39468.2305,38536.6836,39076.0,1096904
2007-07-31,39934.0039,41650.0156,39468.2305,41650.0156,1019399
2007-08-01,41650.0156,42287.3906,40571.3789,41429.3867,840321
2007-08-02,41919.6758,42409.9648,39958.5195,40448.8086,663282
2007-08-03,40939.0977,41625.5,40767.4961,41159.7266,549472
2007-08-06,40203.6641,41944.1875,39958.5195,41797.1016,505416
2007-08-07,42360.9336,42360.9336,41429.3867,42115.7891,600054
2007-08-08,42458.9922,43954.3711,42189.332,43954.3711,1385306
2007-08-09,44983.9766,45057.5195,43022.8242,43978.8867,1060191
2007-08-10,42409.9648,43513.1133,41184.2422,41429.3867,879482
2007-08-13,41429.3867,41429.3867,41429.3867,41429.3867,0
2007-08-14,41551.957,41625.5,40399.7812,41061.668,556406
2007-08-16,37752.2227,39223.0859,37629.6484,37997.3672,1506459
2007-08-17,37261.9336,37997.3672,36085.2383,36232.3281,1450574
2007-08-20,38095.4219,38977.9414,37997.3672,38732.7969,650637
2007-08-21,39345.6602,40130.1211,38242.5117,40032.0625,740788
2007-08-22,40154.6367,42287.3906,40081.0938,41429.3867,883153
2007-08-23,42900.25,43537.625,42900.25,43145.3945,1351856
2007-08-24,42164.8203,43169.9102,41453.8984,41723.5586,635544
2007-08-27,42777.6797,43071.8516,42189.332,43071.8516,562933
2007-08-28,43218.9375,43415.0547,42483.5078,42998.3086,769342
2007-08-29,41674.5312,43880.8281,41674.5312,43880.8281,848479
2007-08-30,44371.1172,44469.1758,43145.3945,43684.7148,593120
2007-08-31,42409.9648,44371.1172,42409.9648,44371.1172,807687
2007-09-03,45106.5508,45106.5508,43758.2578,44836.8906,913747
2007-09-04,44812.3789,45057.5195,44101.457,44836.8906,597607
2007-09-05,45180.0938,45400.7227,44959.4648,45351.6953,1075692
2007-09-06,45106.5508,45474.2656,44052.4297,45106.5508,688981
2007-09-07,45106.5508,45498.7812,44493.6914,44934.9492,635136
2007-09-10,44125.9727,44616.2617,43978.8867,44125.9727,432398
2007-09-11,43243.4531,45351.6953,43243.4531,45057.5195,513575
2007-09-12,46087.1289,46724.5039,45449.7539,45498.7812,1393465
2007-09-13,46332.2734,47435.4219,45498.7812,47067.7031,1004306
2007-09-14,47803.1367,49935.8945,47778.625,49126.918,1827495
2007-09-17,49126.918,49224.9727,48170.8555,48636.6289,701627
2007-09-18,49274.0039,50009.4375,48636.6289,49102.4023,874179
2007-09-19,50622.2969,53122.7695,50622.2969,51480.3008,897838
2007-09-20,51480.3008,52828.5938,50181.0391,52534.4219,752210
2007-09-21,52485.3945,53196.3125,51970.5898,52460.8789,640847
2007-09-27,52460.8789,53465.9727,49984.9219,50990.0117,1342882
2007-09-28,50965.5,52779.5664,50622.2969,51921.5625,848887
2007-10-01,51921.5625,52779.5664,51137.1016,52706.0234,546616
2007-10-02,53686.6016,57976.625,53662.0859,56407.7031,1293115
2007-10-04,55892.8984,59643.6055,54446.5469,58834.6289,1671668
2007-10-05,58834.6289,61555.7344,57829.5391,59570.0625,1055296
2007-10-08,61531.2188,65943.8125,60648.6992,63247.2266,896206
2007-10-09,63369.8008,65085.8086,60305.4961,60795.7852,1120972
2007-10-10,61286.0742,62193.1094,58761.0859,59545.5508,1506459
2007-10-11,60060.3516,63002.082,59153.3164,61114.4727,1634139
2007-10-12,59324.918,61996.9922,59324.918,61531.2188,866836
2007-10-15,63222.7148,65821.2422,62511.7969,65012.2656,1739791
2007-10-16,63492.3711,66164.4453,63345.2852,64767.1211,1134841
2007-10-17,63884.6016,64693.5781,60771.2695,62560.8242,1012057
2007-10-18,63198.1992,65208.3828,62977.5703,64963.2383,844808
2007-10-19,65870.2734,66115.4141,63369.8008,63369.8008,348774
2007-10-22,56652.8477,62144.0781,56652.8477,60746.7578,861941
2007-10-23,63002.082,64963.2383,61286.0742,64963.2383,744867
2007-10-24,66262.5,68713.9453,65453.5273,66924.3906,1204188
2007-10-25,68150.1172,72317.5703,67659.8281,72317.5703,912931
2007-10-26,72317.5703,73543.2891,69130.6875,70503.5,1031229
2007-10-29,72317.5703,73494.2578,68885.5469,70209.3281,906812
2007-10-30,71091.8438,72856.8828,68640.4062,69498.4062,1143408
2007-10-31,70111.2656,70528.0156,68346.2266,70111.2656,739972
2007-11-01,72293.0547,72317.5703,68713.9453,68812.0,768934
2007-11-02,66213.4766,68101.0859,66213.4766,66973.4219,841137
2007-11-05,67561.7656,69694.5234,67463.7109,68101.0859,855822
2007-11-06,68885.5469,71582.1328,68885.5469,69866.125,993292
2007-11-07,71582.1328,71582.1328,67414.6797,68762.9766,705706
2007-11-08,68738.4609,70111.2656,65453.5273,65698.6719,1144224
2007-11-09,67659.8281,67880.4531,64472.9492,64472.9492,968817
2007-11-12,62021.5078,63713.0039,57829.5391,61335.1016,1330236
2007-11-13,60795.7852,62536.3086,59815.207,61751.8477,1030005
2007-11-14,63737.5156,64472.9492,63002.082,63811.0586,1074877
2007-11-15,63075.6289,63320.7695,58344.3438,59815.207,1203780
2007-11-16,58172.7422,62511.7969,56407.7031,62242.1367,1309024
2007-11-19,62242.1367,62560.8242,59570.0625,59570.0625,618003
2007-11-20,56407.7031,58834.6289,55304.5547,57461.8242,1092417
2007-11-21,58295.3125,60991.9023,56652.8477,58834.6289,1265377
2007-11-22,58834.6289,60991.9023,58466.9141,59079.7734,945565
2007-11-23,59202.3477,59937.7812,56138.043,58515.9414,808911
2007-11-26,60795.7852,63369.8008,60060.3516,61531.2188,675112
2007-11-27,59594.5781,65821.2422,59570.0625,65429.0117,739564
2007-11-28,66924.3906,66997.9375,64350.3789,65208.3828,588224
2007-11-29,66703.7656,67316.625,64546.4922,66188.9609,552735
2007-11-30,63737.5156,66188.9609,63737.5156,64031.6914,845624
2007-12-03,64693.5781,64693.5781,61040.9297,61040.9297,887232
2007-12-04,62119.5625,66311.5312,61163.5,65208.3828,1446087
2007-12-05,64472.9492,64472.9492,62511.7969,62707.9102,773014
2007-12-06,63737.5156,64448.4336,61286.0742,61310.5898,724879
2007-12-07,62511.7969,63149.1719,61310.5898,61408.6445,531115
2007-12-10,62021.5078,63443.3438,61653.7891,61653.7891,496850
2007-12-11,61286.0742,61653.7891,59668.1211,59741.6641,584145
2007-12-12,58123.7109,61114.4727,57854.0547,59226.8633,676744
2007-12-13,59888.75,60991.9023,58564.9727,60991.9023,662874
2007-12-14,59790.6953,60967.3867,57559.8789,57608.9102,1264153
2007-12-17,56138.043,57461.8242,52975.6836,53245.3398,1213978
2007-12-18,52191.2188,56603.8164,51112.5859,55647.7539,1150750
2007-12-20,55647.7539,57339.25,55476.1523,56064.5,886416
2007-12-21,56407.7031,56897.9922,54716.207,56309.6445,477269
2007-12-24,56309.6445,57412.793,55427.125,57094.1055,583737
2007-12-26,56628.332,57094.1055,53931.7461,53931.7461,818701
2007-12-27,54912.3203,57241.1914,54838.7773,56726.3906,573539
2007-12-28,55917.4141,57461.8242,55427.125,55427.125,503536
2008-01-02,55917.4141,57780.5117,55892.8984,57265.707,933621
2008-01-03,57510.8516,60011.3242,56554.7891,59766.1797,890667
2008-01-04,60060.3516,60182.9258,58466.9141,59790.6953,689067
2008-01-07,56873.4766,59790.6953,56873.4766,59128.8047,484502
2008-01-08,59570.0625,60673.2148,59226.8633,59226.8633,390076
2008-01-09,59447.4922,61482.1875,59447.4922,61482.1875,977432
2008-01-10,61776.3633,63688.4883,60624.1836,61653.7891,766948
2008-01-11,60673.2148,61653.7891,59079.7734,59079.7734,393645
2008-01-14,57854.0547,59570.0625,57854.0547,59324.918,536182
2008-01-15,59692.6367,60305.4961,55745.8125,56652.8477,814446
2008-01-16,53441.457,54912.3203,53269.8555,54029.8008,1366285
2008-01-17,54667.1797,54912.3203,50622.2969,50990.0117,1762484
2008-01-18,49788.8047,55843.8711,49372.0625,55843.8711,1207174
2008-01-21,54667.1797,56236.1016,53956.2578,55108.4375,801870
2008-01-22,52460.8789,56138.043,50132.0078,52706.0234,881256
2008-01-23,54912.3203,55181.9805,50867.4414,53686.6016,974658
2008-01-24,55157.4648,55794.8398,54544.6055,55231.0078,854994
2008-01-25,56383.1875,57706.9688,55892.8984,57437.3086,761094
2008-01-28,55647.7539,56236.1016,52951.168,54667.1797,566364
2008-01-29,53931.7461,54642.6641,52951.168,53931.7461,1096758
2008-01-30,55353.582,55353.582,47116.7344,47116.7344,1220656
2008-01-31,45596.8398,50058.4648,44542.7188,49028.8594,2966269
2008-02-01,49519.1484,50867.4414,47361.8789,49028.8594,1216630
2008-02-04,51137.1016,55892.8984,50744.8672,55892.8984,1419168
2008-02-05,55574.2109,56701.875,53711.1133,54789.75,838208
2008-02-11,52706.0234,52951.168,51259.6719,51455.7891,1031029
2008-02-12,51455.7891,52926.6523,51161.6133,51725.4453,957223
2008-02-13,52460.8789,52902.1406,50990.0117,51235.1562,568375
2008-02-14,52215.7344,54054.3164,52215.7344,53441.457,927115
2008-02-15,51848.0195,55672.2695,51848.0195,54667.1797,537120
2008-02-18,54912.3203,55451.6406,53711.1133,54348.4883,368848
2008-02-19,54422.0352,55034.8945,52681.5078,53931.7461,924798
2008-02-20,52706.0234,53318.8828,51382.2461,52583.4531,737084
2008-02-21,53318.8828,53392.4258,51186.1289,51259.6719,810090
2008-02-22,50744.8672,52534.4219,50744.8672,52215.7344,527134
2008-02-25,52706.0234,54471.0625,52583.4531,54054.3164,724601
2008-02-26,54667.1797,56383.1875,54544.6055,56260.6172,1108910
2008-02-27,56530.2734,56603.8164,54936.8359,55157.4648,575869
2008-02-28,55647.7539,55745.8125,54078.832,54544.6055,513048
2008-02-29,54446.5469,54446.5469,52338.3086,52338.3086,1070789
2008-03-03,50009.4375,50818.4141,49028.8594,49519.1484,1756496
2008-03-04,50450.6953,50450.6953,49053.375,49519.1484,1066539
2008-03-05,49519.1484,50132.0078,48808.2305,49298.5195,642862
2008-03-06,49028.8594,50891.957,49028.8594,50842.9258,734644
2008-03-07,49396.5742,49935.8945,48832.7422,49077.8867,636771
2008-03-10,48538.5703,50107.4922,47803.1367,47876.6797,883589
2008-03-11,47312.8477,48734.6875,46087.1289,48170.8555,736358
2008-03-12,50426.1797,50695.8398,48906.2852,48906.2852,931875
2008-03-13,49592.6914,49935.8945,48636.6289,49935.8945,431125
2008-03-14,50377.1523,50499.7266,48857.2578,50181.0391,565732
2008-03-17,50181.0391,50181.0391,47410.9062,48636.6289,771284
2008-03-18,48416.0,48636.6289,46699.9883,47141.2461,510903
2008-03-19,48489.543,49764.293,47582.5078,49764.293,1064148
2008-03-20,48538.5703,49077.8867,48219.8828,48538.5703,845322
2008-03-21,49764.293,49764.293,48857.2578,49298.5195,523218
2008-03-24,49641.7188,49690.75,48685.6562,48685.6562,357797
2008-03-25,50475.2109,52828.5938,50205.5508,52828.5938,1626552
2008-03-26,52264.7617,52853.1094,50720.3555,52706.0234,949905
2008-03-27,52460.8789,53931.7461,51602.875,53931.7461,995421
2008-03-28,53441.457,55378.0977,53392.4258,54422.0352,912311
2008-03-31,55868.3867,57608.9102,55402.6094,56652.8477,1128955
2008-04-01,57608.9102,58761.0859,56726.3906,57633.4219,1247432
2008-04-02,59815.207,60084.8672,57878.5664,59790.6953,1054591
2008-04-03,58614.0,59226.8633,57559.8789,57976.625,900689
2008-04-04,58221.7695,58344.3438,55745.8125,56138.043,879123
2008-04-07,56579.3047,58368.8555,56579.3047,57731.4805,640528
2008-04-08,57731.4805,58344.3438,56603.8164,57118.6211,321745
2008-04-10,57069.5938,57976.625,55231.0078,57608.9102,724324
2008-04-11,57633.4219,58123.7109,56481.2461,57535.3672,511959
2008-04-14,56407.7031,56873.4766,55966.4414,56285.1289,361219
2008-04-15,56138.043,56505.7617,55353.582,56113.5273,527774
2008-04-16,56260.6172,56824.4492,53637.5703,53760.1445,1014879
2008-04-17,55157.4648,55451.6406,51431.2734,53196.3125,1621493
2008-04-18,54569.1211,54985.8672,50573.2695,53931.7461,2469313
2008-04-21,55892.8984,56873.4766,55525.1836,56138.043,733939
2008-04-22,56138.043,57241.1914,54912.3203,56138.043,719751
2008-04-23,56138.043,56530.2734,54176.8906,54985.8672,634071
2008-04-24,55819.3555,55819.3555,54422.0352,55574.2109,556256
2008-04-25,56015.4727,57388.2812,55892.8984,56897.9922,561216
2008-04-28,57437.3086,57486.3359,56334.1602,56383.1875,344707
2008-04-29,57339.25,57339.25,56211.5859,56505.7617,433279
2008-04-30,57118.6211,57118.6211,55353.582,57118.6211,579230
2008-05-01,57118.6211,57118.6211,57118.6211,57118.6211,0
2008-05-02,58834.6289,59570.0625,56873.4766,58172.7422,827581
2008-05-05,58172.7422,58172.7422,58172.7422,58172.7422,0
2008-05-06,58712.0586,58810.1172,55157.4648,55157.4648,1130599
2008-05-07,53269.8555,54422.0352,50181.0391,50254.582,4193664
2008-05-08,50009.4375,52313.793,49028.8594,50744.8672,2320514
2008-05-09,51137.1016,52755.0508,50990.0117,52485.3945,1380199
2008-05-12,52485.3945,52485.3945,52485.3945,52485.3945,0
2008-05-13,50916.4688,52534.4219,50916.4688,51725.4453,1222537
2008-05-14,51039.043,52411.8516,50990.0117,50990.0117,934682
2008-05-15,50254.582,51431.2734,49641.7188,50622.2969,1073412
2008-05-16,50622.2969,51970.5898,50622.2969,50965.5,1381133
2008-05-19,51431.2734,52730.5391,51431.2734,52706.0234,807067
2008-05-20,52755.0508,53147.2812,51455.7891,51602.875,671167
2008-05-21,51602.875,51872.5312,50671.3242,51186.1289,533824
2008-05-22,50499.7266,50990.0117,49617.207,50744.8672,1030046
2008-05-23,50744.8672,52534.4219,50695.8398,51970.5898,581216
2008-05-26,51504.8164,52436.3633,51210.6445,52093.1641,418871
2008-05-27,52436.3633,52779.5664,52093.1641,52681.5078,729088
2008-05-28,52853.1094,52902.1406,50230.0664,51235.1562,1540170
2008-05-29,51480.3008,51676.418,50573.2695,51210.6445,1118777
2008-05-30,51480.3008,52240.25,50450.6953,52240.25,1067795
2008-06-02,52215.7344,52289.2773,51235.1562,51455.7891,679742
2008-06-03,50867.4414,51137.1016,49788.8047,50475.2109,967010
2008-06-04,49519.1484,49641.7188,49028.8594,49396.5742,1389965
2008-06-05,49470.1172,49984.9219,48489.543,48661.1406,934388
2008-06-06,48661.1406,48661.1406,48661.1406,48661.1406,0
2008-06-09,46822.5586,48219.8828,46822.5586,47607.0234,723989
2008-06-10,47312.8477,47901.1953,46062.6133,46062.6133,752650
2008-06-11,45841.9844,46087.1289,45131.0664,45474.2656,1678480
2008-06-12,44542.7188,48121.8242,43267.9688,46087.1289,2731884
2008-06-13,46332.2734,48440.5117,46332.2734,47999.2539,1173235
2008-06-16,47827.6523,48317.9414,47165.7617,47607.0234,620614
2008-06-17,47312.8477,47557.9922,44738.832,45131.0664,945190
2008-06-18,45106.5508,45989.0703,44959.4648,45596.8398,521035
2008-06-19,45106.5508,45474.2656,44469.1758,44983.9766,458334
2008-06-20,44983.9766,45425.2383,44395.6328,44518.2031,413629
2008-06-23,43390.5391,43978.8867,43096.3672,43758.2578,820300
2008-06-24,43096.3672,43856.3125,42532.5352,43390.5391,989282
2008-06-25,43292.4844,43954.3711,43267.9688,43733.7422,717259
2008-06-26,43267.9688,45964.5547,43267.9688,45229.1211,1313177
2008-06-27,44493.6914,45180.0938,43635.6836,44469.1758,820994
2008-06-30,44591.7461,45327.1797,44395.6328,44738.832,591100
2008-07-01,45106.5508,45155.5781,44273.0586,44616.2617,564059
2008-07-02,44861.4062,45376.207,43635.6836,44542.7188,719078
2008-07-03,42777.6797,43709.2266,42360.9336,43145.3945,767119
2008-07-04,42655.1055,43022.8242,39590.8047,40081.0938,1689462
2008-07-07,39198.5742,41625.5,38928.9141,40693.9531,1286564
2008-07-08,40718.4688,42017.7305,40473.3242,40890.0703,962351
2008-07-09,42017.7305,43856.3125,41919.6758,42777.6797,1320960
2008-07-10,42017.7305,42900.25,41282.3008,42777.6797,1405625
2008-07-11,42924.7656,43218.9375,41625.5,42262.875,546857
2008-07-14,41870.6445,42728.6523,41772.5859,41772.5859,600115
2008-07-15,41625.5,41674.5312,39223.0859,39223.0859,795870
2008-07-16,38732.7969,39223.0859,37016.7891,38585.7109,1895283
2008-07-17,40399.7812,40522.3516,39639.832,39860.4609,1188850
2008-07-18,39076.0,39835.9492,38046.3945,38242.5117,603256
2008-07-21,38781.8281,39615.3164,38267.0234,38610.2266,570786
2008-07-22,38585.7109,39174.0586,37899.3086,39174.0586,275091
2008-07-23,40032.0625,40081.0938,39174.0586,39468.2305,501769
2008-07-24,39884.9766,43267.9688,39443.7188,42777.6797,1330799
2008-07-25,41919.6758,43635.6836,41380.3555,43635.6836,652493
2008-07-28,43488.5977,43635.6836,41650.0156,41650.0156,716251
2008-07-29,40448.8086,40841.0391,39983.0352,40669.4375,420160
2008-07-30,41650.0156,42042.2461,40203.6641,41208.7578,728142
2008-07-31,41208.7578,41208.7578,39590.8047,41184.2422,795041
2008-08-01,41159.7266,41625.5,40497.8359,41331.3281,318587
2008-08-04,41674.5312,41797.1016,41110.6992,41110.6992,311653
2008-08-05,41061.668,42557.0508,40939.0977,41184.2422,488691
2008-08-06,42360.9336,42900.25,41110.6992,41699.043,809727
2008-08-07,42164.8203,43611.1719,41993.2188,42900.25,1512986
2008-08-08,41674.5312,41674.5312,39051.4844,39541.7734,1891946
2008-08-11,39811.4336,40350.75,39688.8633,39835.9492,410370
2008-08-12,40130.1211,41625.5,40081.0938,41135.2109,926801
2008-08-13,40718.4688,40816.5234,39468.2305,39468.2305,466256
2008-08-14,39345.6602,39688.8633,38267.0234,39566.2891,447491
2008-08-15,39566.2891,39566.2891,39566.2891,39566.2891,0
2008-08-18,39002.457,39468.2305,38193.4805,38365.082,607389
2008-08-19,37310.9609,38193.4805,36673.5859,36796.1602,572870
2008-08-20,36649.0703,37065.8164,35594.9531,35791.0664,2232011
2008-08-21,35668.4961,36673.5859,35178.207,35178.207,1176662
2008-08-22,34933.0625,35913.6406,33805.3984,35276.2656,996568
2008-08-25,35717.5234,37825.7656,35717.5234,37654.1641,1162144
2008-08-26,36771.6445,39051.4844,36771.6445,37384.5039,980006
2008-08-27,37359.9922,37972.8516,36036.2109,37678.6797,578047
2008-08-28,37874.793,38217.9961,36894.2148,37163.875,326264
2008-08-29,37261.9336,37752.2227,36428.4414,36771.6445,496882
2008-09-01,35619.4648,36158.7852,33903.457,34810.4883,753674
2008-09-02,34810.4883,35545.9219,31746.1855,33315.1094,1313051
2008-09-03,34295.6875,35496.8945,34075.0586,35496.8945,1649816
2008-09-04,35545.9219,37580.6211,34933.0625,36281.3555,957717
2008-09-05,35791.0664,37752.2227,35178.207,37605.1367,711617
2008-09-08,38610.2266,39100.5156,37972.8516,39026.9727,911846
2008-09-09,39100.5156,39639.832,37261.9336,38242.5117,640088
2008-09-10,36894.2148,37629.6484,34320.2031,34320.2031,2607456
2008-09-11,34589.8594,35153.6914,33977.0,34344.7148,1601640
2008-09-12,34810.4883,35913.6406,34589.8594,35570.4375,865045
2008-09-15,35570.4375,35570.4375,35570.4375,35570.4375,0
2008-09-16,32383.5605,35055.6328,32383.5605,34320.2031,997012
2008-09-17,34810.4883,35913.6406,34810.4883,35447.8633,686909
2008-09-18,34369.2305,34565.3438,33707.3398,34099.5703,773793
2008-09-19,36256.8398,37482.5625,35545.9219,36281.3555,2425265
2008-09-22,36771.6445,36771.6445,35055.6328,35055.6328,1085874
2008-09-23,35227.2344,35227.2344,34614.375,35006.6055,965084
2008-09-24,35202.7227,36403.9297,34884.0312,35766.5508,1476534
2008-09-25,35766.5508,37041.3047,34933.0625,36673.5859,2002269
2008-09-26,36673.5859,37507.0781,36551.0156,36722.6172,1888553
2008-09-29,37139.3594,37997.3672,37139.3594,37654.1641,1305170
2008-09-30,36158.7852,37065.8164,35545.9219,36771.6445,1569145
2008-10-01,37261.9336,37776.7344,36452.957,36722.6172,1673993
2008-10-02,36943.2461,37114.8477,34491.8008,35545.9219,1066788
2008-10-03,35545.9219,35545.9219,35545.9219,35545.9219,0
2008-10-06,35300.7773,35423.3516,32457.1055,32775.793,2958045
2008-10-07,31868.7578,32506.1328,30667.5508,32383.5605,1615783
2008-10-08,29834.0605,30839.1523,28804.4551,29417.3145,2327082
2008-10-09,29417.3145,30471.4355,28828.9688,29368.2871,2701600
2008-10-10,27946.4492,29392.8008,26916.8438,28877.998,1618340
2008-10-13,30397.8926,30397.8926,29417.3145,29662.459,1410895
2008-10-14,32579.6777,33903.457,32113.9023,33462.1953,2253007
2008-10-15,32604.1914,33658.3125,32432.5898,32971.9062,696642
2008-10-16,30667.5508,31206.8691,29368.2871,30152.748,1026407
2008-10-17,31868.7578,32604.1914,29956.6328,30397.8926,1288069
2008-10-20,30643.0371,32040.3594,29319.2578,32040.3594,981393
2008-10-21,32383.5605,33168.0234,30790.123,32236.4746,701444
2008-10-22,31868.7578,31868.7578,29956.6328,30888.1816,773405
2008-10-23,28681.8828,30544.9785,27676.791,29172.1719,917981
2008-10-24,30152.748,30471.4355,26916.8438,28069.0215,1486006
2008-10-27,27284.5605,29270.2285,26965.873,28927.0273,1252931
2008-10-28,27456.1602,29736.0039,27456.1602,28632.8535,1711347
2008-10-29,31623.6133,31770.7012,27333.5898,27701.3047,2358374
2008-10-30,30618.5215,31844.2441,29956.6328,31746.1855,2194568
2008-10-31,31844.2441,33315.1094,30643.0371,33069.9648,1453878
2008-11-03,33315.1094,34957.5781,32849.3359,34957.5781,1357021
2008-11-04,34957.5781,35423.3516,33118.9961,33977.0,1117949
2008-11-05,34810.4883,35178.207,31206.8691,31353.9551,2824581
2008-11-06,29711.4883,30765.6094,29368.2871,30079.2051,1156657
2008-11-07,29147.6562,30961.7246,27627.7617,30054.6914,1739371
2008-11-10,30422.4062,31476.5273,30324.3496,31427.498,1119862
2008-11-11,30814.6387,31133.3262,29662.459,29956.6328,717010
2008-11-12,29270.2285,30422.4062,29049.5996,30152.748,635083
2008-11-13,28681.8828,31525.5566,28461.252,30765.6094,775628
2008-11-14,31844.2441,31942.3008,30765.6094,31255.8984,909900
2008-11-17,31378.4707,31378.4707,29392.8008,29417.3145,1254542
2008-11-18,28191.5938,28681.8828,26671.6992,26745.2422,2256972
2008-11-19,27161.9883,27333.5898,24637.002,25347.9199,2156411
2008-11-20,24489.916,24514.4297,22430.7031,23068.0781,2506691
2008-11-21,22185.5586,26475.584,21768.8125,26353.0117,2595646
2008-11-24,25789.1797,26549.127,24391.8574,24391.8574,1086490
2008-11-25,25764.666,26353.0117,24833.1172,25985.2949,1068954
2008-11-26,26107.8672,28069.0215,26107.8672,26892.3301,1444451
2008-11-27,27946.4492,29417.3145,27382.6172,28583.8242,2423988
2008-11-28,29049.5996,30152.748,27823.877,30030.1758,1628343
2008-12-01,29907.6035,30030.1758,27946.4492,27946.4492,1048362
2008-12-02,24514.4297,27333.5898,24514.4297,26475.584,1162580
2008-12-03,27456.1602,27578.7324,25127.291,25372.4336,1386530
2008-12-04,26107.8672,26107.8672,24489.916,25617.5781,1205004
2008-12-05,25372.4336,26353.0117,25004.7188,26353.0117,763631
2008-12-08,26353.0117,28069.0215,25985.2949,27701.3047,1548634
2008-12-09,27946.4492,28069.0215,26598.1562,26965.873,1034256
2008-12-10,27088.4453,28927.0273,26230.4395,28927.0273,1409618
2008-12-11,29294.7441,29294.7441,28069.0215,28559.3105,1179048
2008-12-12,28191.5938,28191.5938,26230.4395,26720.7285,811477
2008-12-15,28069.0215,28559.3105,27823.877,28191.5938,1090680
2008-12-16,27946.4492,30888.1816,27333.5898,30643.0371,2338798
2008-12-17,31991.3301,32849.3359,30520.4648,31746.1855,2003619
2008-12-18,31991.3301,31991.3301,30765.6094,30765.6094,683079
2008-12-19,30765.6094,33217.0508,30520.4648,32849.3359,1551306
2008-12-22,33217.0508,33339.625,31133.3262,31378.4707,1304195
2008-12-23,31133.3262,31746.1855,30275.3203,31255.8984,628421
2008-12-24,31010.7539,31255.8984,29907.6035,30520.4648,699685
2008-12-25,30520.4648,30520.4648,30520.4648,30520.4648,0
2008-12-26,30520.4648,30888.1816,29539.8867,29539.8867,591051
2008-12-29,29662.459,31378.4707,29049.5996,31010.7539,706751
2008-12-30,31255.8984,32359.0469,31010.7539,31868.7578,959035
2008-12-31,31868.7578,31868.7578,31868.7578,31868.7578,0
2009-01-02,32359.0469,32359.0469,30765.6094,31255.8984,579911
2009-01-05,32236.4746,32359.0469,30888.1816,31010.7539,511429
2009-01-06,31255.8984,31746.1855,29662.459,29907.6035,1778075
2009-01-07,30397.8926,31991.3301,30275.3203,31991.3301,1573187
2009-01-08,31378.4707,33339.625,31133.3262,31868.7578,1863355
2009-01-09,32359.0469,32359.0469,30888.1816,31868.7578,974295
2009-01-12,31501.041,31868.7578,30520.4648,30765.6094,645370
2009-01-13,30643.0371,31623.6133,30397.8926,31501.041,1091573
2009-01-14,31746.1855,32359.0469,31378.4707,32236.4746,841145
2009-01-15,31133.3262,32604.1914,30765.6094,30888.1816,1130619
2009-01-16,31378.4707,32236.4746,31378.4707,31868.7578,702378
2009-01-19,32236.4746,32604.1914,31746.1855,31746.1855,514941
2009-01-20,31746.1855,31868.7578,31010.7539,31623.6133,287924
2009-01-21,30765.6094,31501.041,30520.4648,31010.7539,743978
2009-01-22,32113.9023,32113.9023,30765.6094,31010.7539,364593
2009-01-23,30765.6094,31010.7539,29785.0312,29785.0312,641887
2009-01-28,30397.8926,31010.7539,30030.1758,31010.7539,613707
2009-01-29,31623.6133,33707.3398,31133.3262,33584.7695,2049368
2009-01-30,33094.4805,34320.2031,32726.7637,34197.6289,1105275
2009-02-02,34320.2031,35423.3516,34197.6289,35423.3516,1182715
2009-02-03,35545.9219,35545.9219,33829.9141,34075.0586,1282689
2009-02-04,34320.2031,34565.3438,33094.4805,33829.9141,1306287
2009-02-05,34320.2031,34933.0625,31746.1855,31868.7578,1895756
2009-02-06,32359.0469,32604.1914,30152.748,30888.1816,4144913
2009-02-09,31378.4707,31501.041,30030.1758,30520.4648,2282076
2009-02-10,31010.7539,31501.041,30520.4648,31501.041,1773620
2009-02-11,30643.0371,32359.0469,30152.748,32113.9023,1433698
2009-02-12,32236.4746,32604.1914,31255.8984,32236.4746,2200259
2009-02-13,32359.0469,32604.1914,31623.6133,32481.6191,921816
2009-02-16,32236.4746,33462.1953,31868.7578,33339.625,1525444
2009-02-17,33462.1953,33462.1953,31623.6133,32113.9023,1248415
2009-02-18,31868.7578,32481.6191,31255.8984,31378.4707,1013974
2009-02-19,31623.6133,33339.625,30888.1816,32359.0469,939777
2009-02-20,32359.0469,33707.3398,31746.1855,32849.3359,2050914
2009-02-23,33584.7695,35055.6328,33339.625,34687.918,1773184
2009-02-24,34075.0586,35423.3516,33339.625,33462.1953,1531000
2009-02-25,34687.918,34687.918,33094.4805,33462.1953,1101608
2009-02-26,33707.3398,34810.4883,33339.625,33952.4844,800434
2009-02-27,34565.3438,34687.918,32604.1914,32604.1914,1849918
2009-03-02,33217.0508,33217.0508,31010.7539,31255.8984,1371200
2009-03-03,30030.1758,32849.3359,29785.0312,32481.6191,966944
2009-03-04,32481.6191,33339.625,32113.9023,32604.1914,890907
2009-03-05,33217.0508,35055.6328,32604.1914,34075.0586,1805748
2009-03-06,33339.625,33829.9141,32481.6191,32971.9062,1679361
2009-03-09,33462.1953,34933.0625,33339.625,34810.4883,1630219
2009-03-10,34810.4883,36158.7852,34442.7734,35178.207,2314710
2009-03-11,36158.7852,37261.9336,35545.9219,37261.9336,2963605
2009-03-12,37384.5039,38242.5117,35178.207,36649.0703,5657814
2009-03-13,36036.2109,36281.3555,34565.3438,35055.6328,2605596
2009-03-16,34442.7734,35178.207,33829.9141,34442.7734,1742724
2009-03-17,34810.4883,35300.7773,33829.9141,35300.7773,2035005
2009-03-18,35913.6406,37016.7891,35300.7773,36403.9297,1713815
2009-03-19,36771.6445,37507.0781,36036.2109,36403.9297,1222887
2009-03-20,37016.7891,38119.9375,36403.9297,37016.7891,1436215
2009-03-23,37261.9336,37874.793,37261.9336,37629.6484,120488
2009-03-24,39223.0859,40203.6641,37874.793,40081.0938,1116048
2009-03-25,39468.2305,40571.3789,38977.9414,39345.6602,1121718
2009-03-26,39223.0859,41184.2422,38977.9414,41061.668,1010050
2009-03-27,41184.2422,41919.6758,40448.8086,41429.3867,895856
2009-03-30,41429.3867,41551.957,38487.6523,38610.2266,878796
2009-03-31,38487.6523,39100.5156,37016.7891,37016.7891,1914921
2009-04-01,37261.9336,37997.3672,37016.7891,37507.0781,1769468
2009-04-02,38365.082,38732.7969,37752.2227,38732.7969,1949268
2009-04-03,38855.3711,39590.8047,37507.0781,38365.082,1706672
2009-04-06,38487.6523,39590.8047,38119.9375,38365.082,1662106
2009-04-07,38610.2266,39590.8047,38487.6523,39468.2305,1620135
2009-04-08,39345.6602,39958.5195,38977.9414,39345.6602,1424414
2009-04-09,39713.375,41061.668,39223.0859,40693.9531,1833430
2009-04-10,41184.2422,41551.957,40693.9531,41061.668,996804
2009-04-13,41306.8125,43513.1133,40816.5234,42042.2461,1416002
2009-04-14,42655.1055,43267.9688,41797.1016,42777.6797,1205057
2009-04-15,41797.1016,41919.6758,39835.9492,40448.8086,1394015
2009-04-16,40816.5234,41306.8125,39345.6602,39958.5195,1620111
2009-04-17,39468.2305,40081.0938,37629.6484,37752.2227,1806474
2009-04-20,38610.2266,40693.9531,37874.793,40571.3789,1293258
2009-04-21,40203.6641,40203.6641,38242.5117,38977.9414,1817961
2009-04-22,38977.9414,39468.2305,38119.9375,39100.5156,1169727
2009-04-23,39713.375,39713.375,38119.9375,38242.5117,1006325
2009-04-24,38732.7969,39835.9492,38365.082,39223.0859,1422537
2009-04-27,38365.082,38732.7969,37384.5039,37507.0781,1549654
2009-04-28,38365.082,38365.082,36894.2148,37384.5039,1171754
2009-04-29,37384.5039,38487.6523,37016.7891,38487.6523,807932
2009-04-30,38242.5117,38487.6523,37507.0781,38119.9375,2160250
2009-05-04,38119.9375,39223.0859,37874.793,39223.0859,1909565
2009-05-06,38610.2266,39468.2305,38487.6523,38855.3711,1856159
2009-05-07,39100.5156,39958.5195,38365.082,38487.6523,1626992
2009-05-08,39100.5156,39590.8047,38365.082,39100.5156,1514210
2009-05-11,39835.9492,41429.3867,39590.8047,41306.8125,2770980
2009-05-12,41184.2422,43635.6836,40939.0977,42532.5352,3066043
2009-05-13,43022.8242,45351.6953,43022.8242,45351.6953,2501710
2009-05-14,44371.1172,45106.5508,43390.5391,44125.9727,1455571
2009-05-15,45229.1211,45229.1211,43635.6836,44125.9727,748126
2009-05-18,43267.9688,44861.4062,42287.3906,44125.9727,947017
2009-05-19,44371.1172,45841.9844,43880.8281,45841.9844,838518
2009-05-20,46209.6992,48416.0,45964.5547,48293.4258,1712338
2009-05-21,47435.4219,48538.5703,46699.9883,48170.8555,795555
2009-05-22,47067.7031,49641.7188,46822.5586,47557.9922,929065
2009-05-25,46822.5586,47925.7109,42532.5352,47190.2773,952124
2009-05-26,47680.5664,47680.5664,45474.2656,45841.9844,738454
2009-05-27,46087.1289,46454.8438,42900.25,44003.4023,1728643
2009-05-28,44003.4023,46087.1289,43635.6836,46087.1289,798774
2009-05-29,45841.9844,48783.7148,44371.1172,48783.7148,1080812
2009-06-01,48538.5703,50132.0078,47435.4219,49028.8594,1294910
2009-06-02,48661.1406,49028.8594,46087.1289,47190.2773,1310081
2009-06-03,47190.2773,47190.2773,44983.9766,45229.1211,1038988
2009-06-04,45229.1211,45351.6953,43390.5391,44125.9727,862194
2009-06-05,44248.5469,44493.6914,42900.25,44493.6914,2009253
2009-06-08,44125.9727,44861.4062,43267.9688,44125.9727,706930
2009-06-09,44371.1172,45229.1211,42655.1055,43022.8242,1274539
2009-06-10,42900.25,44616.2617,42655.1055,44371.1172,845412
2009-06-11,44248.5469,46454.8438,43635.6836,46087.1289,1339272
2009-06-12,45596.8398,45841.9844,44493.6914,44983.9766,785292
2009-06-15,44616.2617,45229.1211,43390.5391,44493.6914,754478
2009-06-16,43880.8281,45964.5547,43390.5391,45596.8398,753082
2009-06-17,45229.1211,45474.2656,44371.1172,44861.4062,673484
2009-06-18,44983.9766,44983.9766,42409.9648,42532.5352,1303677
2009-06-19,43022.8242,43267.9688,42287.3906,42900.25,747735
2009-06-22,42900.25,44248.5469,42900.25,43390.5391,680382
2009-06-23,42164.8203,42409.9648,40816.5234,41919.6758,900718
2009-06-24,41919.6758,42287.3906,40939.0977,40939.0977,563141
2009-06-25,41674.5312,43390.5391,41306.8125,42532.5352,840916
2009-06-26,42655.1055,43022.8242,42164.8203,42777.6797,885967
2009-06-29,42900.25,43758.2578,42287.3906,42777.6797,862614
2009-06-30,43022.8242,44003.4023,42900.25,43267.9688,1535981
2009-07-01,42900.25,44738.832,42900.25,44248.5469,1058654
2009-07-02,45351.6953,46209.6992,44738.832,44738.832,1195324
2009-07-03,44616.2617,46822.5586,44371.1172,46822.5586,1287315
2009-07-06,46577.418,46945.1328,45841.9844,46454.8438,612675
2009-07-07,45841.9844,46945.1328,45474.2656,45719.4102,548093
2009-07-08,45351.6953,46087.1289,44616.2617,45474.2656,420128
2009-07-09,44983.9766,45719.4102,44125.9727,44248.5469,1179305
2009-07-10,44493.6914,44738.832,42777.6797,44248.5469,736982
2009-07-13,44616.2617,44738.832,42409.9648,43513.1133,545050
2009-07-14,43513.1133,44248.5469,42532.5352,42532.5352,641197
2009-07-15,43513.1133,44371.1172,43145.3945,44003.4023,646431
2009-07-16,44616.2617,44616.2617,42900.25,43267.9688,446186
2009-07-17,43513.1133,44616.2617,43513.1133,43880.8281,503842
2009-07-20,44371.1172,46699.9883,44248.5469,46454.8438,1009458
2009-07-21,46822.5586,47557.9922,46332.2734,46699.9883,872135
2009-07-22,46699.9883,47190.2773,45841.9844,46822.5586,689177
2009-07-23,47067.7031,47067.7031,45229.1211,46332.2734,980047
2009-07-24,46454.8438,46822.5586,45474.2656,45719.4102,623534
2009-07-27,46454.8438,47803.1367,45841.9844,47680.5664,1159219
2009-07-28,48293.4258,48293.4258,45841.9844,46209.6992,1097133
2009-07-29,45841.9844,46209.6992,44861.4062,45229.1211,749778
2009-07-30,45351.6953,45596.8398,43635.6836,43880.8281,1074077
2009-07-31,44248.5469,44371.1172,43145.3945,43758.2578,1676775
2009-08-03,44125.9727,44861.4062,43758.2578,44616.2617,1400040
2009-08-04,44616.2617,45229.1211,43758.2578,44983.9766,1227595
2009-08-05,44861.4062,45106.5508,43758.2578,44125.9727,1028108
2009-08-06,43635.6836,44003.4023,42532.5352,43022.8242,1912836
2009-08-07,42409.9648,43022.8242,41184.2422,41184.2422,3097453
2009-08-10,41306.8125,41551.957,40203.6641,40203.6641,2882579
2009-08-11,40326.2383,42409.9648,40326.2383,42042.2461,2092938
2009-08-12,42042.2461,42042.2461,41061.668,41306.8125,920078
2009-08-13,41674.5312,42164.8203,40693.9531,40693.9531,1582680
2009-08-14,41306.8125,42042.2461,40571.3789,41797.1016,1813352
2009-08-17,41674.5312,41797.1016,39713.375,39713.375,1382316
2009-08-18,39713.375,41551.957,39713.375,40693.9531,1816044
2009-08-19,41184.2422,42042.2461,40816.5234,41797.1016,1591393
2009-08-20,41674.5312,41674.5312,39835.9492,40326.2383,1940689
2009-08-21,40448.8086,40939.0977,38732.7969,40693.9531,2777572
2009-08-24,41429.3867,42164.8203,40693.9531,40939.0977,1395520
2009-08-25,40571.3789,42164.8203,40571.3789,41797.1016,1762447
2009-08-26,42164.8203,42409.9648,41551.957,42164.8203,1364624
2009-08-27,42900.25,43513.1133,42655.1055,42900.25,1941729
2009-08-28,43513.1133,43635.6836,42409.9648,42655.1055,1021410
2009-08-31,42409.9648,42900.25,41551.957,41674.5312,880346
2009-09-01,41429.3867,41919.6758,40693.9531,41551.957,1710580
2009-09-02,40939.0977,41184.2422,40203.6641,40448.8086,1469922
2009-09-03,40693.9531,41551.957,40203.6641,40693.9531,1051927
2009-09-04,41184.2422,41429.3867,40326.2383,40448.8086,1131757
2009-09-07,40448.8086,40816.5234,39713.375,39713.375,928343
2009-09-08,40081.0938,40571.3789,39223.0859,39590.8047,1165945
2009-09-09,40203.6641,40571.3789,39345.6602,40571.3789,1335874
2009-09-10,40816.5234,41306.8125,40326.2383,41306.8125,1493316
2009-09-11,41184.2422,41184.2422,40448.8086,40816.5234,886041
2009-09-14,41184.2422,41551.957,40571.3789,41184.2422,949155
2009-09-15,40939.0977,41306.8125,39713.375,39835.9492,1806462
2009-09-16,39835.9492,40571.3789,39835.9492,40448.8086,2017338
2009-09-17,40816.5234,40939.0977,39590.8047,40081.0938,2296981
2009-09-18,40326.2383,42287.3906,39958.5195,41674.5312,3858629
2009-09-21,42287.3906,43145.3945,41674.5312,42900.25,1638541
2009-09-22,43390.5391,44003.4023,43022.8242,43145.3945,2018394
2009-09-23,42655.1055,44125.9727,41919.6758,42287.3906,2518806
2009-09-24,42655.1055,43145.3945,41306.8125,41429.3867,1020456
2009-09-25,41919.6758,42164.8203,40693.9531,41674.5312,1390907
2009-09-28,41306.8125,42532.5352,41061.668,41674.5312,1373040
2009-09-29,42287.3906,42409.9648,41184.2422,41674.5312,909293
2009-09-30,41797.1016,42900.25,41429.3867,42532.5352,1851007
2009-10-01,42900.25,43145.3945,41919.6758,42532.5352,1154589
2009-10-05,42287.3906,42532.5352,41306.8125,41674.5312,1261448
2009-10-06,41674.5312,42042.2461,39100.5156,39223.0859,2763560
2009-10-07,39590.8047,41674.5312,39590.8047,41184.2422,2362592
2009-10-08,41429.3867,41429.3867,39590.8047,40203.6641,1555027
2009-10-09,40326.2383,40571.3789,39713.375,40326.2383,1071842
2009-10-12,40571.3789,41429.3867,40081.0938,41306.8125,757749
2009-10-13,40448.8086,41184.2422,39345.6602,39835.9492,1698122
2009-10-14,39958.5195,41429.3867,39835.9492,41306.8125,1463888
2009-10-15,41061.668,42042.2461,40816.5234,41797.1016,1296819
2009-10-16,42042.2461,43513.1133,41674.5312,43267.9688,2711146
2009-10-19,42532.5352,43880.8281,41919.6758,43880.8281,1549181
2009-10-20,43758.2578,44493.6914,42900.25,43880.8281,1110990
2009-10-21,43145.3945,44125.9727,42655.1055,44125.9727,756815
2009-10-22,43267.9688,44125.9727,42042.2461,42532.5352,1205131
2009-10-23,42655.1055,43022.8242,42042.2461,42287.3906,648414
2009-10-26,41919.6758,42655.1055,41674.5312,42409.9648,951068
2009-10-27,42409.9648,43267.9688,42042.2461,43267.9688,856548
2009-10-28,43513.1133,43758.2578,42164.8203,42164.8203,811583
2009-10-29,41797.1016,42900.25,41797.1016,41919.6758,1294584
2009-10-30,42777.6797,44003.4023,42164.8203,43513.1133,1604026
2009-11-02,43022.8242,44248.5469,42900.25,44125.9727,1146647
2009-11-03,43758.2578,44493.6914,43145.3945,43267.9688,798080
2009-11-04,43880.8281,45351.6953,43513.1133,45229.1211,1381211
2009-11-05,45229.1211,45719.4102,44738.832,45474.2656,1258903
2009-11-06,45719.4102,45841.9844,44983.9766,45596.8398,654226
2009-11-09,45474.2656,45719.4102,44738.832,44983.9766,732311
2009-11-10,45474.2656,46577.418,45229.1211,46454.8438,1161307
2009-11-11,46699.9883,46699.9883,45841.9844,46577.418,757096
2009-11-12,46209.6992,46577.418,44738.832,44861.4062,908689
2009-11-13,45229.1211,45596.8398,44125.9727,45229.1211,879180
2009-11-16,44738.832,46454.8438,44616.2617,46332.2734,776669
2009-11-17,46577.418,46577.418,45229.1211,45964.5547,664934
2009-11-18,45841.9844,46699.9883,45596.8398,45596.8398,567245
2009-11-19,45596.8398,46945.1328,45596.8398,45964.5547,611725
2009-11-20,46087.1289,47190.2773,45841.9844,46945.1328,552788
2009-11-23,47312.8477,48048.2812,47312.8477,47680.5664,898466
2009-11-24,47925.7109,48293.4258,47067.7031,47557.9922,791121
2009-11-25,46822.5586,47312.8477,45719.4102,46332.2734,1011077
2009-11-26,46087.1289,46945.1328,45719.4102,46454.8438,871968
2009-11-27,45719.4102,46087.1289,44493.6914,44493.6914,717614
2009-11-30,45106.5508,45964.5547,44738.832,45351.6953,712531
2009-12-01,45229.1211,46087.1289,44371.1172,45106.5508,1757915
2009-12-02,45229.1211,46699.9883,44861.4062,46577.418,868435
2009-12-03,46332.2734,47435.4219,46209.6992,47435.4219,738091
2009-12-04,47435.4219,48538.5703,46945.1328,47435.4219,1177849
2009-12-07,48293.4258,48538.5703,47680.5664,48293.4258,582603
2009-12-08,47803.1367,49151.4297,47803.1367,48906.2852,821528
2009-12-09,48783.7148,50744.8672,48783.7148,50744.8672,1400314
2009-12-10,50132.0078,51480.3008,49028.8594,51480.3008,1840609
2009-12-11,50744.8672,51480.3008,49519.1484,50009.4375,1053073
2009-12-14,50132.0078,50254.582,48538.5703,49274.0039,1228019
2009-12-15,49274.0039,50009.4375,48906.2852,49396.5742,836327
2009-12-16,49519.1484,51112.5859,47680.5664,48538.5703,2251196
2009-12-17,48538.5703,49028.8594,47435.4219,48048.2812,1250781
2009-12-18,48293.4258,48416.0,47067.7031,47557.9922,919560
2009-12-21,47557.9922,48048.2812,47312.8477,47680.5664,835703
2009-12-22,48170.8555,48170.8555,46822.5586,47312.8477,762595
2009-12-23,47312.8477,48906.2852,47067.7031,48783.7148,1101245
2009-12-24,49151.4297,49641.7188,48170.8555,49028.8594,1034688
2009-12-28,48293.4258,49028.8594,46822.5586,46822.5586,1170437
2009-12-29,46087.1289,47557.9922,46087.1289,47557.9922,605064
2009-12-30,47680.5664,47680.5664,46577.418,47067.7031,953258
2010-01-04,46577.418,47435.4219,46332.2734,47312.8477,974307
2010-01-05,46945.1328,48048.2812,46577.418,47312.8477,920400
2010-01-06,47312.8477,48293.4258,47067.7031,47067.7031,1283697
2010-01-07,47190.2773,48048.2812,46822.5586,47190.2773,733984
2010-01-08,47190.2773,47803.1367,45596.8398,45596.8398,885303
2010-01-11,45351.6953,46209.6992,44371.1172,44983.9766,1501719
2010-01-12,45596.8398,47067.7031,45351.6953,47067.7031,1407326
2010-01-13,46454.8438,47067.7031,45106.5508,45841.9844,861627
2010-01-14,45474.2656,46087.1289,44738.832,44738.832,1288673
2010-01-15,44738.832,45106.5508,43880.8281,44371.1172,1236549
2010-01-18,44371.1172,45964.5547,44371.1172,45719.4102,950623
2010-01-19,46209.6992,47067.7031,44983.9766,45474.2656,982560
2010-01-20,45841.9844,45964.5547,44371.1172,45596.8398,882904
2010-01-21,45106.5508,46577.418,44983.9766,46332.2734,944717
2010-01-22,45719.4102,45964.5547,44616.2617,45229.1211,1063557
2010-01-25,44616.2617,46087.1289,44493.6914,46087.1289,777203
2010-01-26,45964.5547,46209.6992,45106.5508,45841.9844,1009548
2010-01-27,45719.4102,46087.1289,44983.9766,45351.6953,713506
2010-01-28,45229.1211,46454.8438,44371.1172,44616.2617,986243
2010-01-29,44493.6914,44738.832,41674.5312,42409.9648,1487809
2010-02-01,42287.3906,42287.3906,40571.3789,41306.8125,1278997
2010-02-02,41674.5312,42287.3906,40939.0977,41306.8125,1026583
2010-02-03,41306.8125,41797.1016,40081.0938,40816.5234,2393247
2010-02-04,41306.8125,42655.1055,41184.2422,42164.8203,2460754
2010-02-05,40693.9531,41674.5312,40571.3789,40939.0977,900955
2010-02-08,41061.668,42409.9648,40939.0977,41551.957,786752
2010-02-09,40939.0977,41551.957,39713.375,40203.6641,1604230
2010-02-10,40816.5234,40816.5234,39468.2305,39468.2305,1074665
2010-02-11,39835.9492,40939.0977,39713.375,40939.0977,1206371
2010-02-12,42164.8203,43022.8242,41674.5312,42532.5352,1937112
2010-02-16,42777.6797,43880.8281,42409.9648,43267.9688,939104
2010-02-17,43758.2578,44003.4023,42532.5352,43390.5391,1031384
2010-02-18,43145.3945,43390.5391,42287.3906,42287.3906,782637
2010-02-19,42042.2461,42655.1055,41551.957,42164.8203,700269
2010-02-22,42777.6797,43635.6836,42655.1055,43145.3945,813675
2010-02-23,43145.3945,43758.2578,43145.3945,43145.3945,329842
2010-02-24,42409.9648,43880.8281,42409.9648,43635.6836,386886
2010-02-25,43635.6836,44248.5469,43267.9688,44248.5469,792329
2010-02-26,44125.9727,44983.9766,43513.1133,44371.1172,615335
2010-03-02,45474.2656,46332.2734,44861.4062,46209.6992,1082884
2010-03-03,46332.2734,46577.418,44738.832,44861.4062,923753
2010-03-04,45229.1211,46087.1289,44983.9766,45351.6953,439606
2010-03-05,45351.6953,46332.2734,45229.1211,45351.6953,700220
2010-03-08,46454.8438,46945.1328,45964.5547,46945.1328,1265344
2010-03-09,47067.7031,47067.7031,46087.1289,47067.7031,573454
2010-03-10,47067.7031,47312.8477,45719.4102,45841.9844,702108
2010-03-11,46209.6992,46577.418,45719.4102,46332.2734,717381
2010-03-12,46454.8438,46577.418,44861.4062,46332.2734,714517
2010-03-15,46454.8438,46577.418,44983.9766,45106.5508,421249
2010-03-16,44983.9766,46087.1289,44738.832,46087.1289,579577
2010-03-17,46454.8438,46577.418,46087.1289,46454.8438,423211
2010-03-18,45841.9844,46454.8438,44861.4062,44861.4062,927302
2010-03-19,45106.5508,45719.4102,44983.9766,45596.8398,349292
2010-03-22,45964.5547,46087.1289,44983.9766,45106.5508,1113115
2010-03-23,45596.8398,46577.418,45474.2656,46577.418,1190678
2010-03-24,46332.2734,47067.7031,46087.1289,46209.6992,358894
2010-03-25,46577.418,46822.5586,45841.9844,46577.418,652848
2010-03-26,47067.7031,47067.7031,45964.5547,46332.2734,635123
2010-03-29,46209.6992,46577.418,45841.9844,46209.6992,283208
2010-03-30,46209.6992,46454.8438,43880.8281,44371.1172,2531484
2010-03-31,44493.6914,44616.2617,43880.8281,44125.9727,1227395
2010-04-01,44371.1172,46209.6992,44125.9727,45964.5547,1394097
2010-04-02,45719.4102,45964.5547,44983.9766,45351.6953,519706
2010-04-05,45351.6953,46699.9883,45351.6953,46332.2734,812513
2010-04-06,46822.5586,47312.8477,46209.6992,46822.5586,802849
2010-04-07,46822.5586,48293.4258,46699.9883,46822.5586,1364747
2010-04-08,46945.1328,47680.5664,46822.5586,47557.9922,681676
2010-04-09,47067.7031,47312.8477,45964.5547,46577.418,1016470
2010-04-12,46209.6992,46945.1328,46087.1289,46577.418,491000
2010-04-13,47803.1367,47925.7109,47067.7031,47925.7109,1192852
2010-04-14,48048.2812,48661.1406,47557.9922,47925.7109,824583
2010-04-15,47680.5664,47925.7109,46822.5586,47803.1367,717406
2010-04-16,47312.8477,47435.4219,45474.2656,46087.1289,1880512
2010-04-19,46087.1289,46087.1289,44738.832,44983.9766,628609
2010-04-20,45229.1211,45229.1211,44371.1172,44493.6914,1477537
2010-04-21,44983.9766,46332.2734,44861.4062,45719.4102,2013299
2010-04-22,45841.9844,45841.9844,44861.4062,45351.6953,654353
2010-04-23,45841.9844,45841.9844,44983.9766,45351.6953,459496
2010-04-26,45474.2656,46454.8438,45474.2656,46332.2734,588632
2010-04-27,46209.6992,46945.1328,45841.9844,46822.5586,699636
2010-04-28,45841.9844,47190.2773,45596.8398,46822.5586,1254351
2010-04-29,46822.5586,46822.5586,45596.8398,46577.418,867485
2010-04-30,46699.9883,46699.9883,45474.2656,45474.2656,722068
2010-05-03,45351.6953,45964.5547,43880.8281,44125.9727,1552648
2010-05-04,44371.1172,44616.2617,42287.3906,42777.6797,1965919
2010-05-06,42042.2461,44371.1172,41919.6758,44248.5469,1665202
2010-05-07,42655.1055,43880.8281,42655.1055,43022.8242,1142237
2010-05-10,43145.3945,43880.8281,43145.3945,43513.1133,852816
2010-05-11,43880.8281,44248.5469,43145.3945,43758.2578,795470
2010-05-12,44248.5469,45229.1211,44248.5469,44616.2617,872090
2010-05-13,44616.2617,44983.9766,44616.2617,44616.2617,477012
2010-05-14,44616.2617,44861.4062,44493.6914,44616.2617,680011
2010-05-17,44248.5469,44861.4062,42900.25,44003.4023,750398
2010-05-18,43635.6836,44125.9727,42655.1055,43513.1133,495553
2010-05-19,43880.8281,44248.5469,42900.25,43022.8242,540126
2010-05-20,42655.1055,44125.9727,42655.1055,44125.9727,434030
2010-05-24,43635.6836,45229.1211,43022.8242,43267.9688,693485
2010-05-25,43022.8242,43513.1133,41797.1016,42777.6797,837979
2010-05-26,42655.1055,42900.25,42042.2461,42777.6797,1187382
2010-05-27,42164.8203,42409.9648,41551.957,41674.5312,1141017
2010-05-28,42409.9648,42655.1055,41797.1016,42409.9648,1051576
2010-05-31,42655.1055,43513.1133,42532.5352,42655.1055,895395
2010-06-01,43390.5391,44248.5469,43022.8242,43880.8281,919372
2010-06-03,44248.5469,44248.5469,43513.1133,44248.5469,744259
2010-06-04,44248.5469,44861.4062,44125.9727,44861.4062,616620
2010-06-07,44493.6914,44861.4062,43635.6836,43880.8281,737010
2010-06-08,44125.9727,44738.832,43880.8281,44616.2617,419124
2010-06-09,44738.832,45229.1211,44125.9727,45229.1211,570818
2010-06-10,45719.4102,45719.4102,44371.1172,44371.1172,732217
2010-06-11,44861.4062,45841.9844,44738.832,45841.9844,853252
2010-06-14,46332.2734,47803.1367,46087.1289,47312.8477,1162707
2010-06-15,46945.1328,47312.8477,46332.2734,46699.9883,611945
2010-06-16,47312.8477,47435.4219,46087.1289,46454.8438,544760
2010-06-17,46332.2734,46332.2734,45351.6953,45351.6953,1048896
2010-06-18,45841.9844,46454.8438,44983.9766,45229.1211,884846
2010-06-21,45596.8398,46577.418,45351.6953,46209.6992,873224
2010-06-22,45719.4102,46699.9883,45351.6953,46577.418,611260
2010-06-23,45964.5547,46699.9883,45351.6953,45841.9844,688782
2010-06-24,45841.9844,46332.2734,45596.8398,45719.4102,453422
2010-06-25,45596.8398,45596.8398,44371.1172,44616.2617,705343
2010-06-28,44616.2617,44983.9766,44125.9727,44738.832,481079
2010-06-29,45106.5508,45474.2656,44371.1172,44371.1172,392960
2010-06-30,44125.9727,45106.5508,44003.4023,44983.9766,528252
2010-07-01,45351.6953,46822.5586,44983.9766,46209.6992,1277790
2010-07-02,46209.6992,46699.9883,45719.4102,45964.5547,510095
2010-07-05,46454.8438,48170.8555,46332.2734,47680.5664,1670334
2010-07-06,47680.5664,49764.293,47312.8477,49764.293,1861124
2010-07-07,49764.293,49764.293,47312.8477,47680.5664,2188021
2010-07-08,48048.2812,48416.0,46699.9883,47680.5664,948013
2010-07-09,47925.7109,48661.1406,47190.2773,48538.5703,660154
2010-07-12,48538.5703,49274.0039,48048.2812,48293.4258,1122106
2010-07-13,48538.5703,48906.2852,47680.5664,47803.1367,1079201
2010-07-14,47557.9922,48293.4258,47435.4219,47680.5664,1045474
2010-07-15,47680.5664,47803.1367,46822.5586,47067.7031,1001769
2010-07-16,47067.7031,48661.1406,46945.1328,48538.5703,943640
2010-07-19,48416.0,48538.5703,47557.9922,47557.9922,692600
2010-07-20,47557.9922,47925.7109,46945.1328,47067.7031,782530
2010-07-21,47312.8477,47557.9922,46209.6992,46945.1328,876308
2010-07-22,46577.418,47190.2773,45841.9844,46087.1289,741881
2010-07-23,46699.9883,47680.5664,46699.9883,47680.5664,811868
2010-07-26,48048.2812,48293.4258,47435.4219,48048.2812,786128
2010-07-27,47803.1367,47925.7109,46454.8438,46577.418,806186
2010-07-28,47067.7031,47435.4219,46577.418,46577.418,581021
2010-07-29,47067.7031,47067.7031,45351.6953,45964.5547,1119263
2010-07-30,45964.5547,46577.418,44983.9766,45106.5508,844380
2010-08-02,45474.2656,46209.6992,45106.5508,45229.1211,941914
2010-08-03,45351.6953,45596.8398,44616.2617,44983.9766,949053
2010-08-04,45351.6953,46699.9883,45351.6953,46577.418,1480499
2010-08-05,46822.5586,46945.1328,46454.8438,46577.418,953989
2010-08-06,46577.418,46945.1328,46087.1289,46454.8438,671302
2010-08-09,46577.418,47557.9922,46577.418,47557.9922,714497
2010-08-10,47803.1367,47803.1367,46577.418,47067.7031,543296
2010-08-11,46699.9883,47312.8477,46577.418,46699.9883,306603
2010-08-12,46332.2734,46822.5586,46209.6992,46454.8438,668402
2010-08-13,46454.8438,46822.5586,46087.1289,46577.418,333419
2010-08-16,46577.418,46577.418,45106.5508,45719.4102,824118
2010-08-17,46087.1289,46577.418,45719.4102,46332.2734,478220
2010-08-18,46332.2734,46822.5586,45964.5547,46209.6992,696679
2010-08-19,46209.6992,46209.6992,45106.5508,45474.2656,1309326
2010-08-20,45474.2656,45964.5547,45106.5508,45596.8398,1898893
2010-08-23,45841.9844,46087.1289,45474.2656,45596.8398,793132
2010-08-24,45841.9844,47190.2773,44738.832,47190.2773,1668625
2010-08-25,46822.5586,46945.1328,46332.2734,46454.8438,452900
2010-08-26,46822.5586,47680.5664,46699.9883,47557.9922,773397
2010-08-27,47557.9922,47557.9922,46577.418,46577.418,362019
2010-08-30,46699.9883,47312.8477,46577.418,46822.5586,315161
2010-08-31,48048.2812,48783.7148,47312.8477,48170.8555,1367247
2010-09-01,48538.5703,48783.7148,46822.5586,47557.9922,1001096
2010-09-02,47803.1367,48048.2812,46209.6992,46577.418,1039559
2010-09-03,46945.1328,47803.1367,46822.5586,47557.9922,700089
2010-09-06,47312.8477,47925.7109,46822.5586,46945.1328,601694
2010-09-07,47312.8477,47435.4219,46454.8438,46577.418,352416
2010-09-08,46822.5586,48170.8555,46577.418,47925.7109,867668
2010-09-09,47925.7109,48783.7148,47190.2773,48783.7148,960238
2010-09-10,48538.5703,49641.7188,48170.8555,49028.8594,1308984
2010-09-13,49028.8594,49641.7188,48293.4258,48906.2852,575387
2010-09-14,48661.1406,48906.2852,47312.8477,47803.1367,702830
2010-09-15,47803.1367,48293.4258,47312.8477,47925.7109,578296
2010-09-16,47925.7109,48048.2812,46945.1328,47312.8477,701945
2010-09-17,47680.5664,49028.8594,47435.4219,48293.4258,893755
2010-09-20,48538.5703,49028.8594,48048.2812,48416.0,355121
2010-09-24,48783.7148,49641.7188,48538.5703,49396.5742,1162441
2010-09-27,49519.1484,51480.3008,49028.8594,51357.7305,1099976
2010-09-28,50990.0117,52460.8789,50990.0117,51848.0195,1106964
2010-09-29,51602.875,51848.0195,49886.8633,49886.8633,889284
2010-09-30,49641.7188,50132.0078,47557.9922,48048.2812,1546893
2010-10-01,48538.5703,49519.1484,48293.4258,49151.4297,1260269
2010-10-04,49519.1484,51112.5859,49151.4297,50744.8672,942726
2010-10-05,51235.1562,52460.8789,50622.2969,52460.8789,1156318
2010-10-06,52338.3086,52583.4531,51602.875,52583.4531,857494
2010-10-07,52093.1641,52583.4531,52093.1641,52583.4531,415983
2010-10-08,52583.4531,52706.0234,50990.0117,51970.5898,716145
2010-10-11,52706.0234,53686.6016,52093.1641,52460.8789,599614
2010-10-12,52706.0234,52951.168,50744.8672,52338.3086,607560
2010-10-13,52583.4531,52706.0234,50867.4414,51112.5859,337809
2010-10-14,51112.5859,51725.4453,49028.8594,50499.7266,1178481
2010-10-15,50990.0117,50990.0117,49886.8633,50132.0078,668687
2010-10-18,50377.1523,51725.4453,49641.7188,49641.7188,855932
2010-10-19,50254.582,52706.0234,49886.8633,50990.0117,968890
2010-10-20,51480.3008,51480.3008,50377.1523,51112.5859,938985
2010-10-21,51357.7305,51480.3008,49519.1484,49886.8633,1668086
2010-10-22,50499.7266,50622.2969,49764.293,50009.4375,508920
2010-10-25,49886.8633,50499.7266,49519.1484,50377.1523,730769
2010-10-26,50132.0078,51112.5859,50009.4375,50867.4414,761796
2010-10-27,51235.1562,51235.1562,50132.0078,50377.1523,635641
2010-10-28,50009.4375,50990.0117,49886.8633,50867.4414,341472
2010-10-29,51112.5859,51112.5859,48783.7148,48906.2852,981887
2010-11-01,48783.7148,48906.2852,46699.9883,47312.8477,1671513
2010-11-02,47557.9922,48783.7148,47435.4219,48416.0,1045820
2010-11-03,49028.8594,49396.5742,47803.1367,48293.4258,902709
2010-11-04,48293.4258,48538.5703,47435.4219,47557.9922,740841
2010-11-05,48170.8555,49764.293,47925.7109,49519.1484,932075
2010-11-08,49151.4297,49641.7188,47803.1367,48048.2812,628478
2010-11-09,48293.4258,48661.1406,47680.5664,47925.7109,451016
2010-11-10,48048.2812,48538.5703,47190.2773,47680.5664,789645
2010-11-11,47925.7109,48416.0,45596.8398,45596.8398,1399282
2010-11-12,46577.418,47435.4219,45841.9844,46209.6992,1096382
2010-11-15,46577.418,47803.1367,46332.2734,47312.8477,519510
2010-11-16,48048.2812,48293.4258,47067.7031,47680.5664,781266
2010-11-17,47067.7031,47557.9922,46822.5586,46945.1328,402750
2010-11-18,47067.7031,47803.1367,46577.418,46699.9883,641875
2010-11-19,46822.5586,47312.8477,46577.418,47312.8477,494308
2010-11-22,47557.9922,48048.2812,46822.5586,47190.2773,584043
2010-11-23,47435.4219,48906.2852,46945.1328,48783.7148,1050760
2010-11-24,47680.5664,48170.8555,47190.2773,47803.1367,734640
2010-11-25,47803.1367,48170.8555,47067.7031,47435.4219,544781
2010-11-26,47435.4219,47925.7109,46087.1289,46209.6992,509304
2010-11-29,46454.8438,47803.1367,46332.2734,46822.5586,694072
2010-11-30,47190.2773,48906.2852,46822.5586,48048.2812,1082974
2010-12-01,48538.5703,48538.5703,47067.7031,47435.4219,547575
2010-12-02,47557.9922,47925.7109,46699.9883,47312.8477,865681
2010-12-03,47435.4219,47435.4219,46087.1289,46454.8438,1213815
2010-12-06,46332.2734,46454.8438,45351.6953,45596.8398,656372
2010-12-07,45596.8398,46332.2734,45596.8398,46209.6992,599030
2010-12-08,46454.8438,47067.7031,46209.6992,46577.418,747600
2010-12-09,46822.5586,47190.2773,46454.8438,47190.2773,820386
2010-12-10,47190.2773,47312.8477,46577.418,46822.5586,369880
2010-12-13,47067.7031,47067.7031,46577.418,46699.9883,371846
2010-12-14,47557.9922,47925.7109,47067.7031,47312.8477,826855
2010-12-15,47557.9922,47557.9922,46699.9883,47435.4219,1050291
2010-12-16,47435.4219,48416.0,47190.2773,48416.0,712755
2010-12-17,48783.7148,50377.1523,48661.1406,49886.8633,1440592
2010-12-20,50009.4375,51725.4453,49764.293,51480.3008,1575219
2010-12-21,52215.7344,52215.7344,50009.4375,50254.582,866869
2010-12-22,50254.582,51357.7305,49886.8633,51235.1562,663319
2010-12-23,51480.3008,51848.0195,50867.4414,51480.3008,479191
2010-12-24,51725.4453,52215.7344,49886.8633,50254.582,405312
2010-12-27,50009.4375,50499.7266,49274.0039,50377.1523,289458
2010-12-28,50744.8672,53196.3125,50499.7266,51848.0195,634006
2010-12-29,51725.4453,53564.0273,51602.875,53441.457,565691
2010-12-30,53931.7461,56138.043,53809.1719,55647.7539,1181243
2011-01-03,56138.043,56260.6172,53931.7461,54299.4609,620732
2011-01-04,54789.75,55280.0391,53196.3125,54299.4609,622788
2011-01-05,53686.6016,55770.3281,53686.6016,54544.6055,764757
2011-01-06,55034.8945,55280.0391,53809.1719,54299.4609,779263
2011-01-07,54299.4609,55770.3281,54299.4609,55157.4648,826631
2011-01-10,55157.4648,55402.6094,52460.8789,52706.0234,1064483
2011-01-11,53196.3125,53196.3125,51480.3008,51848.0195,1308743
2011-01-12,52338.3086,52583.4531,50377.1523,51112.5859,1927974
2011-01-13,51235.1562,51357.7305,48906.2852,49641.7188,3258317
2011-01-14,49886.8633,50867.4414,49641.7188,50744.8672,1641302
2011-01-17,51357.7305,52583.4531,51235.1562,51725.4453,2107150
2011-01-18,51970.5898,52093.1641,49886.8633,50499.7266,1752682
2011-01-19,49886.8633,50254.582,48538.5703,48906.2852,1952466
2011-01-20,49274.0039,50377.1523,49274.0039,50009.4375,1273870
2011-01-21,50254.582,50622.2969,49641.7188,50254.582,918858
2011-01-24,51357.7305,52951.168,50867.4414,51480.3008,1891563
2011-01-25,50867.4414,51357.7305,50009.4375,50499.7266,1107262
2011-01-26,50990.0117,51480.3008,50132.0078,50254.582,596722
2011-01-27,49886.8633,50990.0117,49396.5742,50009.4375,1134670
2011-01-28,50377.1523,50499.7266,49641.7188,49764.293,594103
2011-01-31,49519.1484,49519.1484,47435.4219,49028.8594,924112
2011-02-01,49274.0039,50254.582,48170.8555,48293.4258,808825
2011-02-07,49764.293,50254.582,49274.0039,50009.4375,1009197
2011-02-08,50377.1523,50499.7266,49764.293,49886.8633,536720
2011-02-09,49519.1484,51235.1562,49274.0039,50622.2969,1395692
2011-02-10,50009.4375,50377.1523,48906.2852,49028.8594,945373
2011-02-11,49641.7188,49641.7188,45841.9844,45841.9844,1909259
2011-02-14,46209.6992,47067.7031,45964.5547,46454.8438,973214
2011-02-15,46822.5586,46822.5586,45596.8398,45841.9844,1214137
2011-02-16,45351.6953,46454.8438,45351.6953,45841.9844,754057
2011-02-17,46577.418,47435.4219,46209.6992,47067.7031,681892
2011-02-18,47435.4219,47803.1367,45596.8398,47435.4219,1405433
2011-02-21,47925.7109,47925.7109,44983.9766,45474.2656,1718775
2011-02-22,45229.1211,45964.5547,44371.1172,44493.6914,1060856
2011-02-23,44861.4062,46699.9883,44738.832,46454.8438,859453
2011-02-24,46454.8438,46454.8438,45351.6953,45596.8398,399034
2011-02-25,45474.2656,45841.9844,45351.6953,45596.8398,324592
2011-02-28,45964.5547,46577.418,45719.4102,46454.8438,769950
2011-03-02,46209.6992,46454.8438,45351.6953,46332.2734,503087
2011-03-03,46699.9883,46822.5586,46209.6992,46699.9883,385213
2011-03-04,46699.9883,47190.2773,46209.6992,47190.2773,539253
2011-03-07,47190.2773,47435.4219,45351.6953,45596.8398,727273
2011-03-08,45351.6953,46454.8438,45351.6953,45964.5547,352506
2011-03-09,45964.5547,46332.2734,45596.8398,46087.1289,450738
2011-03-10,45841.9844,46454.8438,45719.4102,46332.2734,751997
2011-03-11,46332.2734,46454.8438,45351.6953,45351.6953,670213
2011-03-14,45596.8398,45596.8398,43145.3945,45351.6953,857413
2011-03-15,45474.2656,45719.4102,44003.4023,44616.2617,824987
2011-03-16,45351.6953,46332.2734,45106.5508,46087.1289,641222
2011-03-17,45964.5547,45964.5547,44371.1172,45841.9844,843384
2011-03-18,45474.2656,46209.6992,44983.9766,45964.5547,713126
2011-03-21,45841.9844,46945.1328,45596.8398,46945.1328,497058
2011-03-22,46577.418,47067.7031,46332.2734,46699.9883,393303
2011-03-23,47067.7031,47803.1367,46699.9883,47680.5664,833525
2011-03-24,47680.5664,47803.1367,47190.2773,47435.4219,465170
2011-03-25,47435.4219,47680.5664,45841.9844,46087.1289,1360162
2011-03-28,46577.418,46577.418,45106.5508,45474.2656,814455
2011-03-29,45474.2656,45964.5547,45229.1211,45841.9844,723655
2011-03-30,45229.1211,46699.9883,45229.1211,46699.9883,989168
2011-03-31,46454.8438,47312.8477,46332.2734,46945.1328,893522
2011-04-01,47557.9922,50254.582,47435.4219,50132.0078,1838929
2011-04-04,50132.0078,51112.5859,49641.7188,50254.582,712209
2011-04-05,49396.5742,50499.7266,48906.2852,50377.1523,557687
2011-04-06,50254.582,50377.1523,49396.5742,50377.1523,576578
2011-04-07,49886.8633,50132.0078,49151.4297,49396.5742,425618
2011-04-08,49151.4297,49764.293,48416.0,48416.0,759511
2011-04-11,49028.8594,50132.0078,48906.2852,50009.4375,1242802
2011-04-12,50009.4375,50132.0078,47803.1367,47925.7109,714285
2011-04-13,47925.7109,48661.1406,47435.4219,48048.2812,711837
2011-04-14,47925.7109,48661.1406,47312.8477,48538.5703,669336
2011-04-15,48293.4258,49028.8594,48170.8555,49028.8594,746800
2011-04-18,49274.0039,49274.0039,46577.418,47312.8477,982976
2011-04-19,47435.4219,49028.8594,47435.4219,48661.1406,835642
2011-04-20,48906.2852,50009.4375,48661.1406,50009.4375,780022
2011-04-21,50254.582,51112.5859,50254.582,50867.4414,711862
2011-04-22,50377.1523,50867.4414,49641.7188,50744.8672,364332
2011-04-25,50377.1523,50622.2969,49641.7188,49764.293,351062
2011-04-26,50622.2969,51112.5859,50254.582,51112.5859,637653
2011-04-27,51235.1562,52460.8789,51235.1562,52460.8789,1058001
2011-04-28,52706.0234,52951.168,51480.3008,51480.3008,832644
2011-04-29,51480.3008,52093.1641,50744.8672,52093.1641,740910
2011-05-02,52093.1641,53564.0273,52093.1641,53564.0273,787499
2011-05-03,52828.5938,53686.6016,52706.0234,53196.3125,426312
2011-05-04,53564.0273,53564.0273,51357.7305,52093.1641,1027435
2011-05-06,51357.7305,52093.1641,51112.5859,51602.875,508243
2011-05-09,51480.3008,51970.5898,50867.4414,50990.0117,584431
2011-05-11,52215.7344,52215.7344,51112.5859,51357.7305,563060
2011-05-12,50744.8672,50744.8672,49028.8594,49028.8594,1153141
2011-05-13,49151.4297,49641.7188,49028.8594,49028.8594,293365
2011-05-16,49028.8594,49764.293,49028.8594,49151.4297,485016
2011-05-17,49519.1484,50254.582,49274.0039,49396.5742,637277
2011-05-18,49396.5742,49519.1484,46945.1328,47190.2773,1838337
2011-05-19,47803.1367,47925.7109,47067.7031,47803.1367,1117733
2011-05-20,47312.8477,47925.7109,47312.8477,47557.9922,503532
2011-05-23,47067.7031,47312.8477,46087.1289,46332.2734,410717
2011-05-24,46945.1328,47067.7031,46209.6992,46209.6992,375505
2011-05-25,46209.6992,47190.2773,45719.4102,47067.7031,702610
2011-05-26,47557.9922,47680.5664,46209.6992,46332.2734,473402
2011-05-27,46087.1289,46945.1328,46087.1289,46332.2734,286410
2011-05-30,46454.8438,46822.5586,45964.5547,46209.6992,452969
2011-05-31,46209.6992,47680.5664,46209.6992,47067.7031,842120
2011-06-01,47435.4219,47435.4219,46332.2734,47435.4219,490400
2011-06-02,47067.7031,47190.2773,46332.2734,46577.418,531013
2011-06-03,46699.9883,47312.8477,46332.2734,46945.1328,592422
2011-06-07,46577.418,47435.4219,45596.8398,47190.2773,1035410
2011-06-08,47680.5664,48048.2812,47190.2773,47803.1367,733682
2011-06-09,48293.4258,48293.4258,46332.2734,46454.8438,874880
2011-06-10,46699.9883,46945.1328,45841.9844,46087.1289,498975
2011-06-13,46332.2734,49028.8594,45964.5547,49028.8594,1485492
2011-06-14,49028.8594,49396.5742,48293.4258,49028.8594,797497
2011-06-15,49151.4297,49151.4297,47067.7031,48048.2812,763709
2011-06-16,47803.1367,47803.1367,46945.1328,47312.8477,373074
2011-06-17,47312.8477,47925.7109,47067.7031,47312.8477,425875
2011-06-20,47190.2773,48783.7148,46945.1328,48416.0,474410
2011-06-21,48538.5703,49028.8594,47925.7109,48416.0,307737
2011-06-22,48906.2852,48906.2852,48293.4258,48906.2852,435645
2011-06-23,48170.8555,48783.7148,46945.1328,46945.1328,789021
2011-06-24,46822.5586,47435.4219,46577.418,47312.8477,678938
2011-06-27,47190.2773,47190.2773,46209.6992,46577.418,453769
2011-06-28,46822.5586,47190.2773,46577.418,46945.1328,308255
2011-06-29,47190.2773,47312.8477,46209.6992,47067.7031,546135
2011-06-30,46822.5586,47190.2773,46332.2734,46332.2734,457656
2011-07-01,47067.7031,47190.2773,46332.2734,46332.2734,541419
2011-07-04,46699.9883,46822.5586,45474.2656,45964.5547,1279670
2011-07-05,46087.1289,46577.418,45841.9844,46454.8438,726412
2011-07-06,46577.418,46945.1328,46087.1289,46332.2734,664543
2011-07-07,46454.8438,46822.5586,46087.1289,46822.5586,909627
2011-07-08,47190.2773,47312.8477,46822.5586,47067.7031,592773
2011-07-11,47190.2773,47190.2773,46209.6992,46699.9883,419414
2011-07-12,46332.2734,46822.5586,45474.2656,45474.2656,483127
2011-07-13,45719.4102,46699.9883,45474.2656,46087.1289,722133
2011-07-14,46087.1289,46332.2734,44616.2617,45229.1211,1037894
2011-07-15,45229.1211,46332.2734,45229.1211,45964.5547,991342
2011-07-18,46454.8438,48048.2812,46209.6992,47925.7109,1705065
2011-07-19,48048.2812,50622.2969,47925.7109,49519.1484,2703844
2011-07-20,49519.1484,51112.5859,49028.8594,49274.0039,1611047
2011-07-21,50132.0078,51602.875,49764.293,51480.3008,1575614
2011-07-22,51357.7305,52215.7344,50499.7266,51357.7305,936542
2011-07-25,50744.8672,50990.0117,49764.293,50622.2969,469809
2011-07-26,50499.7266,52706.0234,49764.293,52093.1641,1181026
2011-07-27,52215.7344,53809.1719,50744.8672,53441.457,846171
2011-07-28,52583.4531,54054.3164,52338.3086,52460.8789,1604320
2011-07-29,52460.8789,52828.5938,51480.3008,51480.3008,807430
2011-08-01,51602.875,53441.457,51602.875,52215.7344,1226926
2011-08-02,52215.7344,53318.8828,51480.3008,52338.3086,640855
2011-08-03,51725.4453,53318.8828,50867.4414,51848.0195,1048806
2011-08-04,51602.875,53196.3125,50254.582,50867.4414,1186639
2011-08-05,50499.7266,50499.7266,46577.418,48906.2852,1388084
2011-08-08,47557.9922,49764.293,46332.2734,46577.418,1235378
2011-08-09,46087.1289,46332.2734,41306.8125,42900.25,2015771
2011-08-10,44616.2617,47435.4219,44125.9727,46945.1328,2023367
2011-08-11,43635.6836,49519.1484,43635.6836,46454.8438,2435063
2011-08-12,46577.418,46945.1328,43390.5391,43513.1133,2740479
2011-08-16,44616.2617,44738.832,43267.9688,43513.1133,1774122
2011-08-17,43513.1133,44861.4062,42409.9648,43635.6836,1776786
2011-08-18,44248.5469,47067.7031,44003.4023,46699.9883,2309859
2011-08-19,46209.6992,48906.2852,45474.2656,45719.4102,1887202
2011-08-22,46087.1289,48170.8555,43880.8281,46822.5586,953932
2011-08-23,47803.1367,48416.0,46332.2734,47557.9922,1085793
2011-08-24,47557.9922,50132.0078,46087.1289,49028.8594,1088089
2011-08-25,48538.5703,50254.582,48293.4258,48538.5703,803930
2011-08-26,47680.5664,48293.4258,46454.8438,47312.8477,818056
2011-08-29,47557.9922,47803.1367,46454.8438,46577.418,778007
2011-08-30,46822.5586,48783.7148,46577.418,47803.1367,760617
2011-08-31,48293.4258,51480.3008,47803.1367,50990.0117,1114735
2011-09-01,51112.5859,53318.8828,50499.7266,50867.4414,1283664
2011-09-02,50499.7266,53441.457,50254.582,51602.875,1091520
2011-09-05,51480.3008,53196.3125,50622.2969,52093.1641,982160
2011-09-06,51602.875,54544.6055,51480.3008,52951.168,2001576
2011-09-07,53686.6016,53931.7461,52338.3086,53809.1719,1148776
2011-09-08,53318.8828,53686.6016,50990.0117,51970.5898,1266760
2011-09-09,51235.1562,51848.0195,50132.0078,50867.4414,717879
2011-09-14,50990.0117,50990.0117,48783.7148,49886.8633,890920
2011-09-15,50867.4414,51725.4453,49641.7188,50254.582,619459
2011-09-16,50990.0117,52215.7344,50377.1523,50499.7266,793785
2011-09-19,51112.5859,52215.7344,50499.7266,51602.875,672089
2011-09-20,51602.875,53809.1719,51112.5859,53318.8828,712833
2011-09-21,52828.5938,55892.8984,52338.3086,55157.4648,1192159
2011-09-22,54544.6055,56260.6172,54054.3164,55157.4648,775686
2011-09-23,54176.8906,55525.1836,52338.3086,52828.5938,1112434
2011-09-26,53196.3125,54299.4609,49886.8633,52093.1641,1286944
2011-09-27,52583.4531,53809.1719,50622.2969,52951.168,1095889
2011-09-28,52706.0234,54176.8906,51848.0195,53318.8828,610648
2011-09-29,53318.8828,55525.1836,52583.4531,54176.8906,660802
2011-09-30,54176.8906,58957.2031,53441.457,55647.7539,1142625
2011-10-04,54789.75,57363.7656,54667.1797,55647.7539,1402467
2011-10-05,56750.9023,59324.918,55280.0391,56873.4766,1567538
2011-10-06,58589.4883,58589.4883,56750.9023,57976.625,1047248
2011-10-07,57363.7656,58834.6289,53931.7461,54299.4609,1957247
2011-10-10,53564.0273,55647.7539,53564.0273,55157.4648,612068
2011-10-11,55280.0391,56383.1875,53809.1719,55157.4648,1207031
2011-10-12,55034.8945,57241.1914,54912.3203,56750.9023,672538
2011-10-13,56628.332,59202.3477,56383.1875,56383.1875,1096570
2011-10-14,57241.1914,61286.0742,56873.4766,60060.3516,1601411
2011-10-17,60550.6406,63124.6562,59937.7812,61163.5,1269134
2011-10-18,60550.6406,62756.9414,59937.7812,60305.4961,971538
2011-10-19,60550.6406,63860.0898,59324.918,62511.7969,1151819
2011-10-20,62266.6523,62634.3672,57854.0547,58221.7695,1507300
2011-10-21,58221.7695,59324.918,56750.9023,57363.7656,1573497
2011-10-24,58099.1992,59079.7734,57118.6211,59079.7734,1025881
2011-10-25,58834.6289,60060.3516,57731.4805,58957.2031,737659
2011-10-26,58957.2031,59447.4922,57363.7656,57976.625,730961
2011-10-27,58466.9141,60060.3516,58221.7695,58221.7695,1029972
2011-10-28,58099.1992,58589.4883,54789.75,56750.9023,1767387
2011-10-31,56015.4727,57118.6211,55402.6094,57118.6211,577406
2011-11-01,57486.3359,57608.9102,56015.4727,56383.1875,502149
2011-11-02,56138.043,57731.4805,55892.8984,57118.6211,596775
2011-11-03,56996.0469,57241.1914,55647.7539,55892.8984,544985
2011-11-04,57363.7656,57363.7656,56260.6172,57241.1914,470098
2011-11-07,57854.0547,59079.7734,55525.1836,56138.043,658913
2011-11-08,56260.6172,57486.3359,55770.3281,56750.9023,331767
2011-11-09,56996.0469,59570.0625,56996.0469,59570.0625,756611
2011-11-10,57731.4805,59692.6367,56628.332,56628.332,1133630
2011-11-11,57241.1914,59079.7734,56260.6172,58099.1992,602118
2011-11-14,58834.6289,59815.207,58712.0586,59079.7734,491910
2011-11-15,59447.4922,61531.2188,59324.918,60673.2148,791639
2011-11-16,61653.7891,62021.5078,58834.6289,59324.918,603762
2011-11-17,60060.3516,60550.6406,58589.4883,60550.6406,359710
2011-11-18,59079.7734,59815.207,58221.7695,58221.7695,641634
2011-11-21,58712.0586,58712.0586,56383.1875,57118.6211,441368
2011-11-22,56138.043,60182.9258,56138.043,59447.4922,537165
2011-11-23,60182.9258,60182.9258,57118.6211,57486.3359,497923
2011-11-24,58099.1992,59815.207,57486.3359,58344.3438,380041
2011-11-25,58834.6289,60550.6406,57976.625,60182.9258,549125
2011-11-28,60918.3555,61776.3633,59324.918,60673.2148,457546
2011-11-29,60673.2148,62511.7969,60305.4961,61653.7891,926225
2011-11-30,60795.7852,61653.7891,60428.0703,60795.7852,683801
2011-12-01,62266.6523,62266.6523,53809.1719,55647.7539,3979301
2011-12-02,55647.7539,56383.1875,55157.4648,56138.043,1471757
2011-12-05,56505.7617,56873.4766,55647.7539,56750.9023,683340
2011-12-06,56383.1875,57363.7656,56260.6172,56750.9023,953968
2011-12-07,56750.9023,57118.6211,54054.3164,54422.0352,1425507
2011-12-08,54176.8906,55647.7539,54176.8906,55157.4648,856927
2011-12-09,54422.0352,54667.1797,52706.0234,52951.168,957611
2011-12-12,53686.6016,55892.8984,53318.8828,55647.7539,661312
2011-12-13,55157.4648,56138.043,54667.1797,55770.3281,441266
2011-12-14,55770.3281,55770.3281,53318.8828,53441.457,581739
2011-12-15,53441.457,54667.1797,52951.168,52951.168,498065
2011-12-16,53196.3125,54054.3164,51725.4453,53318.8828,675801
2011-12-19,53073.7383,53564.0273,48661.1406,51357.7305,1157061
2011-12-20,52460.8789,52460.8789,49396.5742,49519.1484,1152015
2011-12-21,50744.8672,54422.0352,50622.2969,54422.0352,1012942
2011-12-22,54422.0352,54912.3203,53073.7383,54176.8906,278174
2011-12-23,54176.8906,54789.75,53196.3125,53809.1719,595759
2011-12-26,54422.0352,54422.0352,52706.0234,52828.5938,249028
2011-12-27,52828.5938,54299.4609,51970.5898,53196.3125,408995
2011-12-28,53931.7461,53931.7461,51235.1562,51480.3008,599997
2011-12-29,51235.1562,52338.3086,50744.8672,51725.4453,501928
2012-01-02,51235.1562,52460.8789,50867.4414,51235.1562,324621
2012-01-03,51357.7305,53809.1719,51357.7305,53809.1719,526861
2012-01-04,54789.75,54789.75,53196.3125,53809.1719,468552
2012-01-05,53931.7461,54299.4609,53073.7383,53073.7383,499844
2012-01-06,54054.3164,54299.4609,52215.7344,53073.7383,481491
2012-01-09,52583.4531,53931.7461,51848.0195,52951.168,406262
2012-01-10,53564.0273,54176.8906,52951.168,52951.168,503723
2012-01-11,53073.7383,54176.8906,52951.168,53931.7461,487712
2012-01-12,54299.4609,54422.0352,53564.0273,54422.0352,533143
2012-01-13,54544.6055,54912.3203,53809.1719,54422.0352,472644
2012-01-16,54789.75,54912.3203,52460.8789,53931.7461,470347
2012-01-17,54422.0352,55034.8945,54054.3164,54912.3203,498979
2012-01-18,55280.0391,55770.3281,54912.3203,55770.3281,762563
2012-01-19,56260.6172,56505.7617,55525.1836,56260.6172,611395
2012-01-20,55892.8984,56015.4727,54176.8906,54789.75,1037776
2012-01-25,55034.8945,55157.4648,53196.3125,53196.3125,1024996
2012-01-26,53441.457,54299.4609,52706.0234,53931.7461,1020105
2012-01-27,54176.8906,54176.8906,52460.8789,53073.7383,743655
2012-01-30,53196.3125,53809.1719,51602.875,51725.4453,973544
2012-01-31,52828.5938,53073.7383,50990.0117,51970.5898,927209
2012-02-01,52093.1641,52951.168,50990.0117,51480.3008,1061370
2012-02-02,51725.4453,52583.4531,51235.1562,51602.875,945867
2012-02-03,52338.3086,53441.457,51970.5898,53318.8828,897708
2012-02-06,53564.0273,54176.8906,53196.3125,54054.3164,791949
2012-02-07,54054.3164,54054.3164,52460.8789,53564.0273,717059
2012-02-08,53196.3125,53686.6016,51970.5898,52215.7344,889631
2012-02-09,52706.0234,53196.3125,51235.1562,52093.1641,1024339
2012-02-10,51725.4453,53809.1719,50990.0117,53318.8828,1215630
2012-02-13,53318.8828,54176.8906,52706.0234,53318.8828,538548
2012-02-14,53196.3125,54054.3164,52583.4531,53686.6016,569489
2012-02-15,54422.0352,55157.4648,53686.6016,55157.4648,688015
2012-02-16,54789.75,55647.7539,54054.3164,54176.8906,537389
2012-02-17,54789.75,55157.4648,53809.1719,53809.1719,585969
2012-02-20,53809.1719,54299.4609,52951.168,53073.7383,516165
2012-02-21,53073.7383,54667.1797,53073.7383,54667.1797,515524
2012-02-22,54912.3203,57976.625,54544.6055,56628.332,1412225
2012-02-23,57241.1914,58834.6289,56750.9023,58834.6289,1575696
2012-02-24,57731.4805,58834.6289,56996.0469,58221.7695,950366
2012-02-27,58834.6289,58834.6289,56505.7617,58344.3438,922921
2012-02-28,57608.9102,58344.3438,56505.7617,56996.0469,723341
2012-02-29,56628.332,57486.3359,55892.8984,57241.1914,694574
2012-03-02,57486.3359,58344.3438,55525.1836,58221.7695,1095950
2012-03-05,57241.1914,57608.9102,56505.7617,56996.0469,420695
2012-03-06,57363.7656,57854.0547,55770.3281,57118.6211,608727
2012-03-07,57363.7656,57854.0547,56628.332,57731.4805,475630
2012-03-08,57731.4805,57854.0547,55647.7539,55647.7539,868929
2012-03-09,56138.043,57608.9102,55892.8984,57118.6211,673872
2012-03-12,56873.4766,59324.918,56750.9023,59202.3477,621866
2012-03-13,59447.4922,60305.4961,58466.9141,58466.9141,603509
2012-03-14,58466.9141,59447.4922,57731.4805,57854.0547,611970
2012-03-15,57854.0547,58712.0586,57608.9102,58099.1992,418125
2012-03-16,58099.1992,58589.4883,57608.9102,57608.9102,457061
2012-03-19,57608.9102,58957.2031,57608.9102,58466.9141,450122
2012-03-20,58344.3438,60182.9258,58099.1992,58589.4883,806406
2012-03-21,58957.2031,61163.5,58589.4883,61163.5,776624
2012-03-22,61408.6445,61531.2188,57608.9102,59937.7812,866452
2012-03-23,59324.918,61531.2188,59202.3477,60428.0703,623163
2012-03-26,61286.0742,63124.6562,51480.3008,61531.2188,1013974
2012-03-27,63124.6562,65453.5273,62511.7969,65085.8086,1031531
2012-03-28,64963.2383,64963.2383,62634.3672,64105.2344,915783
2012-03-29,64105.2344,64105.2344,61776.3633,62144.0781,607430
2012-03-30,63369.8008,64227.8047,62144.0781,63737.5156,509891
2012-04-02,64963.2383,65453.5273,62756.9414,63492.3711,599561
2012-04-03,63492.3711,65821.2422,63124.6562,63982.6602,682850
2012-04-04,64350.3789,64718.0938,61898.9336,62144.0781,562517
2012-04-05,63247.2266,67169.5391,62756.9414,67169.5391,983265
2012-04-06,67169.5391,67169.5391,65208.3828,66679.25,480153
2012-04-09,66679.25,66801.8203,65330.9531,65821.2422,377018
2012-04-10,65698.6719,67414.6797,63860.0898,64963.2383,507978
2012-04-12,63737.5156,64963.2383,62021.5078,64840.6641,973157
2012-04-13,64963.2383,65085.8086,63002.082,64227.8047,698037
2012-04-16,63492.3711,64105.2344,62389.2227,63492.3711,385430
2012-04-17,63369.8008,64718.0938,63247.2266,64350.3789,367579
2012-04-18,64718.0938,65085.8086,63614.9453,64595.5234,512910
2012-04-19,64840.6641,66434.1016,64595.5234,65943.8125,555436
2012-04-20,66066.3906,66188.9609,65208.3828,65453.5273,261184
2012-04-23,66066.3906,66556.6797,63002.082,64227.8047,503213
2012-04-24,64595.5234,64595.5234,61163.5,61163.5,706604
2012-04-25,61531.2188,63247.2266,61408.6445,62634.3672,393972
2012-04-26,63737.5156,63737.5156,61653.7891,63124.6562,495854
2012-04-27,62756.9414,62756.9414,60673.2148,61653.7891,836180
2012-04-30,61653.7891,63247.2266,60918.3555,62756.9414,707991
2012-05-02,62634.3672,62756.9414,61286.0742,61286.0742,581710
2012-05-03,61286.0742,62511.7969,60305.4961,62511.7969,698890
2012-05-04,62634.3672,62634.3672,60305.4961,60550.6406,833252
2012-05-07,60305.4961,61286.0742,59079.7734,59815.207,670099
2012-05-08,59570.0625,59937.7812,57363.7656,58466.9141,1210156
2012-05-09,58466.9141,62389.2227,58344.3438,62389.2227,990791
2012-05-10,61286.0742,62634.3672,59324.918,60060.3516,865522
2012-05-11,59447.4922,60060.3516,57608.9102,58712.0586,733984
2012-05-14,58834.6289,60182.9258,58466.9141,58466.9141,703304
2012-05-15,57976.625,59202.3477,56505.7617,56873.4766,579401
2012-05-16,56750.9023,56873.4766,55157.4648,55647.7539,800402
2012-05-17,55280.0391,56015.4727,54299.4609,54544.6055,733025
2012-05-18,54667.1797,56505.7617,52828.5938,54912.3203,933095
2012-05-21,55892.8984,57854.0547,55525.1836,56138.043,689646
2012-05-22,56383.1875,56873.4766,54299.4609,56138.043,743700
2012-05-23,57363.7656,57486.3359,55402.6094,56383.1875,585544
2012-05-24,56505.7617,57608.9102,55647.7539,57363.7656,515296
2012-05-25,57363.7656,57608.9102,55770.3281,56383.1875,505853
2012-05-29,56138.043,56260.6172,54789.75,55525.1836,722358
2012-05-30,56138.043,57731.4805,55157.4648,57731.4805,734289
2012-05-31,57976.625,59447.4922,56873.4766,59447.4922,917887
2012-06-01,58221.7695,59570.0625,57854.0547,58834.6289,747127
2012-06-04,57608.9102,57976.625,56138.043,57854.0547,898927
2012-06-05,57854.0547,59202.3477,57486.3359,57854.0547,588143
2012-06-07,59447.4922,61040.9297,58834.6289,59324.918,775624
2012-06-08,59447.4922,61653.7891,59324.918,61040.9297,1034305
2012-06-11,61286.0742,61776.3633,58589.4883,59079.7734,1178273
2012-06-12,59079.7734,60673.2148,59079.7734,59937.7812,568200
2012-06-13,60305.4961,60550.6406,59447.4922,60060.3516,627875
2012-06-14,60060.3516,61040.9297,58834.6289,60060.3516,1002772
2012-06-15,60305.4961,60428.0703,58957.2031,59570.0625,576843
2012-06-18,59937.7812,60428.0703,58957.2031,59447.4922,503487
2012-06-19,59692.6367,61040.9297,59692.6367,60428.0703,676491
2012-06-20,61286.0742,61408.6445,60673.2148,60673.2148,613695
2012-06-21,60182.9258,61653.7891,60182.9258,61040.9297,640565
2012-06-22,60918.3555,60918.3555,58344.3438,58957.2031,929207
2012-06-25,58834.6289,58957.2031,57486.3359,57854.0547,607091
2012-06-26,57608.9102,57976.625,56383.1875,57363.7656,765133
2012-06-27,57363.7656,59447.4922,56383.1875,59447.4922,913510
2012-06-28,59815.207,61040.9297,58957.2031,60060.3516,678942
2012-06-29,59202.3477,61286.0742,59202.3477,61286.0742,581453
2012-07-02,60060.3516,60428.0703,59447.4922,59815.207,637673
2012-07-03,59692.6367,61286.0742,59692.6367,60550.6406,700644
2012-07-04,61286.0742,63369.8008,61163.5,63124.6562,1176955
2012-07-05,62511.7969,63982.6602,62511.7969,63982.6602,454638
2012-07-06,63982.6602,63982.6602,62266.6523,63124.6562,650828
2012-07-09,63124.6562,64718.0938,61898.9336,64595.5234,889039
2012-07-10,63124.6562,63614.9453,61163.5,62266.6523,1168018
2012-07-11,61776.3633,62756.9414,61531.2188,62144.0781,453447
2012-07-12,62266.6523,63247.2266,60428.0703,60428.0703,652497
2012-07-13,61531.2188,62879.5117,60918.3555,62266.6523,812994
2012-07-16,63369.8008,63737.5156,61898.9336,62021.5078,580866
2012-07-17,62756.9414,63002.082,61286.0742,61408.6445,495708
2012-07-18,61408.6445,62879.5117,60795.7852,62266.6523,410146
2012-07-19,63369.8008,65943.8125,62634.3672,65943.8125,1204608
2012-07-20,65453.5273,66801.8203,65085.8086,65208.3828,682161
2012-07-23,64718.0938,66556.6797,63737.5156,66434.1016,565960
2012-07-24,66556.6797,66801.8203,64472.9492,65821.2422,748812
2012-07-25,64718.0938,66188.9609,64595.5234,65453.5273,467793
2012-07-26,64718.0938,65453.5273,63614.9453,63614.9453,768453
2012-07-27,64227.8047,67537.25,64105.2344,67414.6797,864556
2012-07-30,66924.3906,67414.6797,65208.3828,66066.3906,859461
2012-07-31,65576.1016,69988.6953,64718.0938,67414.6797,1198265
2012-08-01,66679.25,68885.5469,66679.25,67904.9688,407719
2012-08-02,68395.2578,69866.125,66801.8203,67046.9609,486778
2012-08-03,67537.25,69253.2656,66924.3906,67169.5391,700228
2012-08-06,67782.3984,68150.1172,65576.1016,66679.25,943118
2012-08-07,65821.2422,65943.8125,63369.8008,64350.3789,1390332
2012-08-08,64350.3789,65085.8086,63982.6602,64718.0938,1151701
2012-08-09,64472.9492,64963.2383,62879.5117,64595.5234,1765437
2012-08-10,63614.9453,63860.0898,61163.5,61408.6445,2506079
2012-08-13,61408.6445,61776.3633,59692.6367,60428.0703,1708512
2012-08-14,61040.9297,62266.6523,60795.7852,62266.6523,1687544
2012-08-16,63002.082,63492.3711,62266.6523,63002.082,915632
2012-08-17,63002.082,63369.8008,62511.7969,63002.082,715358
2012-08-20,63492.3711,64472.9492,63247.2266,64350.3789,644420
2012-08-21,64595.5234,64840.6641,63614.9453,64227.8047,663845
2012-08-22,64595.5234,64963.2383,63982.6602,64105.2344,603252
2012-08-23,64472.9492,65698.6719,64472.9492,65453.5273,1038082
2012-08-24,64105.2344,64963.2383,63002.082,63492.3711,1015920
2012-08-27,64472.9492,65208.3828,64350.3789,65085.8086,621409
2012-08-28,65698.6719,66311.5312,63982.6602,63982.6602,684315
2012-08-29,63982.6602,64472.9492,62756.9414,63492.3711,1065584
2012-08-30,63002.082,64595.5234,62634.3672,64472.9492,802241
2012-08-31,64472.9492,64595.5234,63614.9453,63614.9453,570182
2012-09-03,63492.3711,64105.2344,61776.3633,63737.5156,582399
2012-09-04,63002.082,65576.1016,62634.3672,64963.2383,911438
2012-09-05,64963.2383,65821.2422,63737.5156,63737.5156,510935
2012-09-06,63982.6602,65576.1016,63860.0898,65576.1016,605365
2012-09-07,65698.6719,66556.6797,64350.3789,64595.5234,634817
2012-09-10,64963.2383,65085.8086,63614.9453,63614.9453,317323
2012-09-11,63860.0898,65208.3828,63247.2266,64963.2383,359832
2012-09-12,65085.8086,68150.1172,64963.2383,68027.5391,1215533
2012-09-13,67904.9688,68272.6875,67169.5391,67904.9688,894587
2012-09-14,67782.3984,68885.5469,67537.25,68517.8281,1085120
2012-09-17,67414.6797,67659.8281,65085.8086,65453.5273,1120584
2012-09-18,65453.5273,66434.1016,65330.9531,65943.8125,412075
2012-09-19,66556.6797,68150.1172,66188.9609,66679.25,634593
2012-09-20,67169.5391,68640.4062,66679.25,67904.9688,458366
2012-09-21,68150.1172,69008.1172,67414.6797,67904.9688,548330
2012-09-24,68150.1172,70969.2734,67659.8281,69743.5547,655797
2012-09-25,69988.6953,71459.5625,67046.9609,67414.6797,906094
2012-09-26,66924.3906,67169.5391,65943.8125,66311.5312,590798
2012-09-27,66066.3906,68640.4062,66066.3906,67782.3984,407784
2012-09-28,67782.3984,71704.7031,67292.1094,71214.4141,1461074
2012-10-02,71214.4141,71336.9922,68517.8281,68517.8281,973789
2012-10-04,68150.1172,68885.5469,67169.5391,67414.6797,1293862
2012-10-05,68395.2578,69743.5547,67537.25,69375.8359,1156971
2012-10-08,69130.6875,69620.9766,67537.25,68150.1172,928139
2012-10-09,68150.1172,68640.4062,67414.6797,67414.6797,823784
2012-10-10,66924.3906,67904.9688,66434.1016,66556.6797,809674
2012-10-11,66066.3906,68762.9766,66066.3906,67904.9688,1316424
2012-10-12,67537.25,67904.9688,66066.3906,66066.3906,962045
2012-10-15,66434.1016,67782.3984,66188.9609,67659.8281,1018979
2012-10-16,67782.3984,68640.4062,66434.1016,68027.5391,661430
2012-10-17,67904.9688,68027.5391,66066.3906,66066.3906,1033489
2012-10-18,66066.3906,66434.1016,62511.7969,62756.9414,2184158
2012-10-19,62144.0781,63860.0898,61408.6445,62879.5117,1684762
2012-10-22,61531.2188,63737.5156,61408.6445,63737.5156,806484
2012-10-23,63002.082,63860.0898,61531.2188,62511.7969,1093294
2012-10-24,61898.9336,64963.2383,61653.7891,63614.9453,1827833
2012-10-25,63614.9453,64963.2383,63124.6562,64718.0938,752866
2012-10-26,62511.7969,62879.5117,59815.207,61040.9297,2574944
2012-10-29,61776.3633,61898.9336,60918.3555,61163.5,652362
2012-10-30,61776.3633,61898.9336,60060.3516,60673.2148,817983
2012-10-31,61040.9297,62756.9414,60795.7852,61898.9336,606340
2012-11-01,61776.3633,62266.6523,60918.3555,62021.5078,871792
2012-11-02,62511.7969,62511.7969,61040.9297,61040.9297,682434
2012-11-05,61163.5,62634.3672,61040.9297,62511.7969,815189
2012-11-06,62511.7969,63002.082,62021.5078,62389.2227,613838
2012-11-07,62511.7969,63737.5156,61776.3633,62144.0781,780299
2012-11-08,62756.9414,64227.8047,62511.7969,63737.5156,1602782
2012-11-09,63492.3711,63737.5156,62021.5078,62389.2227,1001777
2012-11-12,63124.6562,63247.2266,61776.3633,63002.082,704895
2012-11-13,63247.2266,63247.2266,61286.0742,61531.2188,680350
2012-11-14,62266.6523,62266.6523,56996.0469,57854.0547,2381503
2012-11-15,56750.9023,59202.3477,56505.7617,59079.7734,1348854
2012-11-16,59079.7734,59937.7812,58344.3438,59815.207,890512
2012-11-19,59324.918,60673.2148,59202.3477,60550.6406,374840
2012-11-20,62266.6523,64350.3789,62266.6523,64350.3789,1403406
2012-11-21,64963.2383,65330.9531,63492.3711,64105.2344,1440580
2012-11-22,64840.6641,64840.6641,63492.3711,64227.8047,774690
2012-11-23,63860.0898,65330.9531,63737.5156,65085.8086,1149779
2012-11-26,65208.3828,65453.5273,64105.2344,64963.2383,580062
2012-11-27,64963.2383,65453.5273,62511.7969,63124.6562,1290974
2012-11-28,62756.9414,63124.6562,61286.0742,62756.9414,1065144
2012-11-29,63369.8008,63369.8008,61531.2188,62266.6523,975641
2012-11-30,61898.9336,63247.2266,61776.3633,61776.3633,942967
2012-12-03,62634.3672,64227.8047,62021.5078,64227.8047,634601
2012-12-04,63737.5156,65085.8086,63247.2266,64595.5234,1112377
2012-12-05,64595.5234,65208.3828,61286.0742,62021.5078,1632495
2012-12-06,62021.5078,62021.5078,56996.0469,57118.6211,2767937
2012-12-07,57608.9102,58834.6289,57608.9102,58344.3438,1497008
2012-12-10,57976.625,59692.6367,57608.9102,59324.918,1087433
2012-12-11,58712.0586,59937.7812,58712.0586,59324.918,789657
2012-12-12,59324.918,59692.6367,56628.332,57608.9102,1918241
2012-12-13,57854.0547,58712.0586,57241.1914,58712.0586,1361026
2012-12-14,58099.1992,59079.7734,57363.7656,57854.0547,1079042
2012-12-17,58099.1992,58466.9141,55525.1836,55647.7539,1503290
2012-12-18,56015.4727,56628.332,54176.8906,56628.332,1400599
2012-12-20,57363.7656,57363.7656,52706.0234,53073.7383,2651295
2012-12-21,53318.8828,55647.7539,53318.8828,55647.7539,1374468
2012-12-24,55647.7539,57241.1914,55280.0391,56383.1875,1018636
2012-12-26,57118.6211,57118.6211,55157.4648,55402.6094,664518
2012-12-27,55402.6094,56138.043,54299.4609,55157.4648,619696
2012-12-28,55280.0391,56138.043,54789.75,55647.7539,722264
2013-01-02,56505.7617,56996.0469,55647.7539,55770.3281,630012
2013-01-03,56138.043,56873.4766,53686.6016,54176.8906,1452295
2013-01-04,54299.4609,55525.1836,54054.3164,55525.1836,951986
2013-01-07,56260.6172,58957.2031,56138.043,58834.6289,1650713
2013-01-08,58834.6289,59202.3477,57854.0547,58099.1992,809739
2013-01-09,58589.4883,58834.6289,56996.0469,57241.1914,603154
2013-01-10,56873.4766,57363.7656,55280.0391,56138.043,959247
2013-01-11,56873.4766,56996.0469,55280.0391,56015.4727,693342
2013-01-14,55770.3281,58466.9141,55157.4648,58099.1992,984195
2013-01-15,57241.1914,58099.1992,56260.6172,57486.3359,980512
2013-01-16,58099.1992,58834.6289,56628.332,56873.4766,752287
2013-01-17,56996.0469,57854.0547,56505.7617,57486.3359,537834
2013-01-18,57854.0547,58099.1992,56873.4766,58099.1992,811587
2013-01-21,58589.4883,59815.207,57854.0547,59570.0625,1479177
2013-01-22,59815.207,60795.7852,59079.7734,60428.0703,1451194
2013-01-23,60428.0703,61286.0742,59937.7812,60673.2148,808727
2013-01-24,60918.3555,61040.9297,60060.3516,60550.6406,547204
2013-01-25,60550.6406,60918.3555,58834.6289,60918.3555,705168
2013-01-28,61163.5,61531.2188,60305.4961,61040.9297,556525
2013-01-29,61163.5,61163.5,58834.6289,59447.4922,977558
2013-01-30,59570.0625,60428.0703,59079.7734,59937.7812,795592
2013-01-31,59570.0625,60428.0703,58589.4883,59079.7734,894000
2013-02-01,59324.918,60550.6406,59324.918,60305.4961,853256
2013-02-04,61163.5,61163.5,59202.3477,59570.0625,457102
2013-02-05,57731.4805,58589.4883,56260.6172,56750.9023,1624194
2013-02-06,56260.6172,56628.332,54054.3164,55525.1836,1828196
2013-02-07,56138.043,58834.6289,54667.1797,57241.1914,2698443
2013-02-08,57608.9102,59079.7734,57608.9102,57854.0547,1491231
2013-02-12,58344.3438,58957.2031,56873.4766,57608.9102,775518
2013-02-13,58221.7695,59815.207,57854.0547,59692.6367,718907
2013-02-14,60060.3516,60918.3555,59202.3477,59570.0625,748473
2013-02-15,60550.6406,60550.6406,59570.0625,60428.0703,474010
2013-02-18,60795.7852,61040.9297,59937.7812,60182.9258,395342
2013-02-19,60550.6406,61040.9297,59815.207,60795.7852,569884
2013-02-20,61286.0742,64350.3789,61286.0742,64105.2344,1736907
2013-02-21,64105.2344,64595.5234,63247.2266,64105.2344,796849
2013-02-22,64472.9492,65453.5273,63982.6602,64595.5234,1115628
2013-02-25,64595.5234,64840.6641,63737.5156,64350.3789,530565
2013-02-26,63860.0898,65208.3828,63860.0898,64840.6641,768147
2013-02-27,65453.5273,65576.1016,63982.6602,64718.0938,362986
2013-02-28,65085.8086,65453.5273,63492.3711,64472.9492,734840
2013-03-04,65821.2422,67659.8281,65821.2422,67414.6797,1388321
2013-03-05,68640.4062,69253.2656,67292.1094,67292.1094,807589
2013-03-06,67169.5391,67659.8281,66188.9609,66188.9609,598292
2013-03-07,65330.9531,66679.25,64595.5234,65698.6719,974817
2013-03-08,66801.8203,67904.9688,66066.3906,67169.5391,606124
2013-03-11,66924.3906,67537.25,63737.5156,64718.0938,1558074
2013-03-12,65453.5273,65943.8125,63492.3711,64105.2344,1284651
2013-03-13,64105.2344,64840.6641,63124.6562,64840.6641,875761
2013-03-14,64963.2383,65208.3828,63982.6602,64472.9492,609751
2013-03-15,65085.8086,65698.6719,64595.5234,64595.5234,610444
2013-03-18,64840.6641,66066.3906,63982.6602,64718.0938,515137
2013-03-19,65453.5273,67414.6797,65330.9531,66924.3906,739535
2013-03-20,67046.9609,67414.6797,65453.5273,65943.8125,624146
2013-03-21,67046.9609,67414.6797,65943.8125,66434.1016,532127
2013-03-22,67046.9609,67537.25,66188.9609,67414.6797,615078
2013-03-25,67414.6797,67414.6797,66066.3906,66311.5312,493081
2013-03-26,66556.6797,66679.25,65208.3828,65330.9531,628984
2013-03-27,65330.9531,66434.1016,64472.9492,66188.9609,660166
2013-03-28,66679.25,66679.25,65698.6719,65698.6719,483115
2013-03-29,66679.25,68640.4062,66188.9609,67904.9688,967544
2013-04-01,68640.4062,72440.1406,68272.6875,72072.4219,1286116
2013-04-02,72807.8594,72930.4297,70356.4141,70478.9844,812696
2013-04-03,70969.2734,71336.9922,68762.9766,70478.9844,1017780
2013-04-04,70478.9844,71214.4141,69253.2656,70233.8438,754779
2013-04-05,69988.6953,73053.0,69375.8359,70111.2656,1128041
2013-04-08,70846.7031,70846.7031,67169.5391,68027.5391,1012448
2013-04-09,67046.9609,68395.2578,64840.6641,67904.9688,1064405
2013-04-10,68027.5391,68640.4062,66311.5312,66679.25,672220
2013-04-11,67169.5391,69130.6875,66311.5312,68640.4062,598276
2013-04-12,69620.9766,72194.9922,69375.8359,71582.1328,1051103
2013-04-15,71214.4141,72440.1406,70478.9844,70478.9844,583635
2013-04-16,70846.7031,74891.5859,70233.8438,74646.4375,1283652
2013-04-17,74646.4375,75259.2969,72072.4219,72562.7109,878180
2013-04-18,72317.5703,73911.0078,70969.2734,71091.8438,932218
2013-04-19,70724.1328,72562.7109,70601.5547,71336.9922,886025
2013-04-22,70601.5547,71582.1328,70233.8438,70846.7031,1280564
2013-04-23,71582.1328,71949.8516,69620.9766,71336.9922,1237197
2013-04-24,72562.7109,72562.7109,70724.1328,70846.7031,1151122
2013-04-25,70846.7031,71582.1328,70233.8438,70969.2734,708154
2013-04-26,71091.8438,71827.2812,70233.8438,70233.8438,525372
2013-04-29,70969.2734,70969.2734,69988.6953,70356.4141,536239
2013-04-30,70969.2734,73175.5703,70846.7031,72562.7109,1327720
2013-05-02,73543.2891,74769.0078,73175.5703,73543.2891,1454098
2013-05-03,74401.2969,74769.0078,72685.2812,73298.1406,788743
2013-05-06,73665.8594,74401.2969,72807.8594,72807.8594,586678
2013-05-07,72440.1406,73911.0078,72194.9922,72562.7109,539490
2013-05-08,72317.5703,74033.5781,72317.5703,73665.8594,658395
2013-05-09,73175.5703,73788.4297,70111.2656,70724.1328,1780082
2013-05-10,70846.7031,72440.1406,70846.7031,71214.4141,1044792
2013-05-13,71214.4141,71827.2812,69008.1172,71582.1328,1235015
2013-05-14,70111.2656,71459.5625,69866.125,70846.7031,1003837
2013-05-15,70601.5547,72562.7109,70111.2656,71827.2812,1630313
2013-05-16,72807.8594,78446.1719,72685.2812,77220.4531,1817460
2013-05-20,77465.5938,79304.1797,76730.1641,76730.1641,1067636
2013-05-21,77465.5938,79181.6094,77220.4531,78201.0312,882492
2013-05-22,78446.1719,78813.8906,77465.5938,77710.7422,824673
2013-05-23,77097.8828,77343.0234,75504.4453,75749.5859,909982
2013-05-24,76852.7344,77343.0234,75627.0156,76730.1641,631012
2013-05-27,75872.1562,77097.8828,75749.5859,76485.0234,381595
2013-05-28,77097.8828,78691.3203,76730.1641,77220.4531,919368
2013-05-29,77220.4531,78078.4609,76852.7344,77955.8828,565238
2013-05-30,77343.0234,77465.5938,74891.5859,75259.2969,1149302
2013-05-31,75749.5859,76485.0234,73665.8594,74769.0078,712825
2013-06-03,74769.0078,74769.0078,73053.0,73053.0,837873
2013-06-04,73053.0,73665.8594,71704.7031,71704.7031,921730
2013-06-05,72194.9922,73420.7188,71704.7031,72562.7109,1166953
2013-06-07,73543.2891,73788.4297,70233.8438,71091.8438,993826
2013-06-10,71091.8438,72807.8594,70724.1328,72317.5703,477327
2013-06-11,71949.8516,73788.4297,71459.5625,73788.4297,729925
2013-06-12,73420.7188,73788.4297,71459.5625,71704.7031,510474
2013-06-13,71214.4141,71459.5625,68517.8281,68517.8281,1575831
2013-06-14,69375.8359,69988.6953,68517.8281,68885.5469,752479
2013-06-17,69375.8359,69620.9766,66556.6797,68762.9766,801046
2013-06-18,68640.4062,70724.1328,67046.9609,70356.4141,938834
2013-06-19,70969.2734,70969.2734,68150.1172,68517.8281,481777
2013-06-20,66434.1016,66924.3906,65453.5273,66311.5312,1070051
2013-06-21,64595.5234,67414.6797,64472.9492,67414.6797,674419
2013-06-24,66801.8203,67782.3984,65943.8125,66434.1016,416285
2013-06-25,66924.3906,67904.9688,64963.2383,66066.3906,728901
2013-06-26,67659.8281,68150.1172,66434.1016,67659.8281,707917
2013-06-27,68640.4062,69743.5547,67904.9688,67904.9688,906710
2013-06-28,68517.8281,71827.2812,68272.6875,71214.4141,1346855
2013-07-01,70601.5547,71827.2812,69620.9766,71091.8438,557834
2013-07-02,71214.4141,73420.7188,70478.9844,71827.2812,805199
2013-07-03,72807.8594,73911.0078,71091.8438,71459.5625,707052
2013-07-04,71459.5625,71704.7031,69988.6953,71214.4141,653737
2013-07-05,71336.9922,72317.5703,70356.4141,70601.5547,402591
2013-07-08,70601.5547,72072.4219,70356.4141,71214.4141,484514
2013-07-09,72072.4219,72440.1406,70356.4141,72440.1406,439173
2013-07-10,72685.2812,72807.8594,68395.2578,68640.4062,1471292
2013-07-11,69743.5547,71582.1328,69620.9766,71091.8438,749485
2013-07-12,70478.9844,71091.8438,69620.9766,71091.8438,628776
2013-07-15,70724.1328,70724.1328,69130.6875,70233.8438,505184
2013-07-16,70601.5547,72440.1406,69866.125,71704.7031,558756
2013-07-17,71704.7031,72440.1406,70601.5547,71827.2812,495789
2013-07-18,71582.1328,72685.2812,70478.9844,70601.5547,684074
2013-07-19,70356.4141,70724.1328,69130.6875,69375.8359,772871
2013-07-22,70111.2656,70233.8438,67904.9688,68027.5391,864715
2013-07-23,68395.2578,69988.6953,68027.5391,69498.4062,974744
2013-07-24,69866.125,70111.2656,66434.1016,67659.8281,1546154
2013-07-25,68150.1172,69866.125,67782.3984,68640.4062,1584625
2013-07-26,70724.1328,74278.7188,70233.8438,73788.4297,2772946
2013-07-29,73543.2891,74156.1484,70601.5547,71949.8516,5097773
2013-07-30,105051.9297,105051.9297,105051.9297,105051.9297,0
2013-07-31,105051.9297,105051.9297,105051.9297,105051.9297,0
2013-08-01,71950.0703,71950.0703,71950.0703,71950.0703,0
2013-08-02,71950.0703,71950.0703,71950.0703,71950.0703,0
2013-08-05,71950.0703,71950.0703,71950.0703,71950.0703,0
2013-08-06,71950.0703,71950.0703,71950.0703,71950.0703,0
2013-08-07,71950.0703,71950.0703,71950.0703,71950.0703,0
2013-08-08,71950.0703,71950.0703,71950.0703,71950.0703,0
2013-08-09,71950.0703,71950.0703,71950.0703,71950.0703,0
2013-08-12,71950.0703,71950.0703,71950.0703,71950.0703,0
2013-08-13,71950.0703,71950.0703,71950.0703,71950.0703,0
2013-08-14,71950.0703,71950.0703,71950.0703,71950.0703,0
2013-08-16,71950.0703,71950.0703,71950.0703,71950.0703,0
2013-08-19,71950.0703,71950.0703,71950.0703,71950.0703,0
2013-08-20,71950.0703,71950.0703,71950.0703,71950.0703,0
2013-08-21,71950.0703,71950.0703,71950.0703,71950.0703,0
2013-08-22,71950.0703,71950.0703,71950.0703,71950.0703,0
2013-08-23,71950.0703,71950.0703,71950.0703,71950.0703,0
2013-08-26,71950.0703,71950.0703,71950.0703,71950.0703,0
2013-08-27,71950.0703,71950.0703,71950.0703,71950.0703,0
2013-08-28,71950.0703,71950.0703,71950.0703,71950.0703,0
2013-08-29,92000.0,98300.0,86200.0,96000.0,10106860
2013-08-30,94800.0,94800.0,89300.0,89300.0,3763490
2013-09-02,89300.0,91700.0,89300.0,89900.0,1646165
2013-09-03,89500.0,90400.0,88600.0,88600.0,1285425
2013-09-04,88400.0,89700.0,86500.0,87400.0,1393110
2013-09-05,88200.0,91900.0,88100.0,91300.0,1460380
2013-09-06,92000.0,92600.0,89600.0,91300.0,781380
2013-09-09,92000.0,98800.0,92000.0,97200.0,2003580
2013-09-10,100000.0,104000.0,98300.0,104000.0,1843790
2013-09-11,102600.0,104000.0,100400.0,102400.0,1854060
2013-09-12,104600.0,107000.0,104400.0,105000.0,2870735
2013-09-13,104200.0,106200.0,102600.0,104200.0,993205
2013-09-16,107600.0,108400.0,103600.0,105800.0,991060
2013-09-17,104200.0,106000.0,104000.0,104800.0,879515
2013-09-23,106200.0,108000.0,106200.0,108000.0,1702740
2013-09-24,108000.0,108800.0,107000.0,108600.0,1202030
2013-09-25,111000.0,112200.0,109800.0,111000.0,1381760
2013-09-26,110000.0,111400.0,107200.0,110600.0,1105900
2013-09-27,110400.0,111600.0,110000.0,111000.0,633385
2013-09-30,110000.0,112000.0,109600.0,111400.0,798040
2013-10-01,111000.0,112800.0,110400.0,111400.0,757765
2013-10-02,111400.0,111800.0,109400.0,110800.0,920120
2013-10-04,109400.0,110600.0,106800.0,109400.0,1182570
2013-10-07,110000.0,112200.0,108800.0,109600.0,919250
2013-10-08,110600.0,114400.0,108600.0,114400.0,898255
2013-10-10,113800.0,114400.0,112200.0,113600.0,2155290
2013-10-11,115400.0,117000.0,114400.0,116400.0,1629895
2013-10-14,116000.0,118000.0,115400.0,116000.0,957650
2013-10-15,119000.0,127800.0,119000.0,126400.0,1586735
2013-10-16,125400.0,126000.0,118800.0,119000.0,2397515
2013-10-17,121000.0,123200.0,118400.0,122000.0,1532610
2013-10-18,124000.0,131600.0,123800.0,128000.0,2029140
2013-10-21,131000.0,137400.0,130200.0,133000.0,2020695
2013-10-22,133400.0,133600.0,129200.0,131000.0,1113505
2013-10-23,130000.0,130600.0,122200.0,123600.0,1755870
2013-10-24,123600.0,126200.0,121600.0,123600.0,1161920
2013-10-25,125000.0,126800.0,120200.0,121400.0,1394375
2013-10-28,122200.0,127600.0,121200.0,127600.0,1079305
2013-10-29,127000.0,127000.0,123600.0,126000.0,985215
2013-10-30,125800.0,126000.0,121600.0,126000.0,977295
2013-10-31,124000.0,124600.0,118000.0,119400.0,2261070
2013-11-01,118000.0,122600.0,117400.0,121000.0,862840
2013-11-04,121200.0,122000.0,117200.0,117200.0,763935
2013-11-05,117400.0,120800.0,117400.0,119400.0,816165
2013-11-06,120000.0,120800.0,115600.0,116000.0,929920
2013-11-07,116000.0,118400.0,113200.0,116600.0,1529780
2013-11-08,118600.0,119200.0,112000.0,112000.0,1304440
2013-11-11,114400.0,116600.0,112400.0,116000.0,932345
2013-11-12,117400.0,123400.0,115800.0,122800.0,992050
2013-11-13,122400.0,123800.0,118000.0,120000.0,738515
2013-11-14,122600.0,125400.0,121400.0,124000.0,894005
2013-11-15,125400.0,125400.0,122400.0,125400.0,706495
2013-11-18,126000.0,126200.0,123400.0,125000.0,442850
2013-11-19,121800.0,123600.0,121400.0,123600.0,930855
2013-11-20,129400.0,129400.0,124400.0,126000.0,1102905
2013-11-21,126000.0,127200.0,123800.0,125000.0,591345
2013-11-22,126200.0,127800.0,124200.0,127200.0,577365
2013-11-25,127800.0,129600.0,127200.0,127200.0,637395
2013-11-26,127600.0,130200.0,126200.0,127000.0,885585
2013-11-27,127600.0,132600.0,125400.0,132600.0,865460
2013-11-28,135400.0,141600.0,135000.0,139200.0,1574955
2013-11-29,140000.0,140400.0,136400.0,138400.0,594685
2013-12-02,138400.0,139800.0,136600.0,137400.0,457035
2013-12-03,137200.0,141200.0,136600.0,137200.0,775615
2013-12-04,136800.0,138800.0,133400.0,134600.0,662480
2013-12-05,136200.0,137800.0,134400.0,135200.0,840460
2013-12-06,136200.0,143800.0,136000.0,142000.0,928180
2013-12-09,142400.0,143800.0,141000.0,141800.0,776065
2013-12-10,142600.0,145600.0,140600.0,141800.0,828580
2013-12-11,144000.0,144400.0,141800.0,143400.0,486365
2013-12-12,143600.0,144800.0,141000.0,142800.0,533055
2013-12-13,144400.0,145600.0,140000.0,140600.0,995370
2013-12-16,141600.0,143000.0,140200.0,141600.0,646205
2013-12-17,142800.0,148000.0,142400.0,146400.0,869850
2013-12-18,146400.0,147000.0,141200.0,142000.0,1181685
2013-12-19,144400.0,147200.0,142200.0,146000.0,839785
2013-12-20,147800.0,148400.0,144200.0,147200.0,699120
2013-12-23,148400.0,149000.0,146800.0,148000.0,639300
2013-12-24,150000.0,150200.0,146800.0,146800.0,682890
2013-12-26,146800.0,147000.0,142600.0,142800.0,842485
2013-12-27,144600.0,148000.0,144200.0,146800.0,528295
2013-12-30,143400.0,145400.0,143200.0,144800.0,589375
2014-01-02,147800.0,148400.0,144800.0,145000.0,550045
2014-01-03,145000.0,145000.0,138800.0,139800.0,1102345
2014-01-06,141000.0,142600.0,138200.0,139800.0,929130
2014-01-07,140200.0,141600.0,139800.0,140000.0,721165
2014-01-08,142800.0,145400.0,137200.0,140000.0,1141940
2014-01-09,139000.0,139600.0,134200.0,134200.0,1069900
2014-01-10,132400.0,138400.0,132400.0,138000.0,990805
2014-01-13,139000.0,140200.0,132800.0,134000.0,948620
2014-01-14,133600.0,137200.0,132400.0,133400.0,981955
2014-01-15,134800.0,139000.0,133400.0,138600.0,787795
2014-01-16,140800.0,144200.0,140200.0,144000.0,809200
2014-01-17,144000.0,144200.0,141600.0,143000.0,469025
2014-01-20,143000.0,145600.0,142800.0,143400.0,367725
2014-01-21,143200.0,143200.0,139600.0,140000.0,555645
2014-01-22,140000.0,141000.0,138600.0,140800.0,592930
2014-01-23,140800.0,141800.0,139000.0,140000.0,313850
2014-01-24,140800.0,140800.0,135000.0,135800.0,1689515
2014-01-27,130200.0,133800.0,128600.0,131800.0,1422640
2014-01-28,132000.0,135600.0,131600.0,135400.0,557485
2014-01-29,136000.0,137200.0,134400.0,135000.0,686520
2014-02-03,136400.0,138400.0,135000.0,135200.0,838625
2014-02-04,132000.0,134600.0,131600.0,133200.0,678670
2014-02-05,134800.0,138200.0,134000.0,137800.0,761545
2014-02-06,144000.0,151800.0,143400.0,147800.0,2140360
2014-02-07,150200.0,151000.0,146200.0,150200.0,934755
2014-02-10,149800.0,150600.0,146800.0,146800.0,662740
2014-02-11,147600.0,149400.0,146400.0,147400.0,493230
2014-02-12,148600.0,149000.0,146200.0,148200.0,343325
2014-02-13,148200.0,149600.0,146200.0,149600.0,486735
2014-02-14,149600.0,151200.0,148400.0,150000.0,521545
2014-02-17,151600.0,153400.0,149400.0,149800.0,489580
2014-02-18,150600.0,151000.0,148400.0,150400.0,260170
2014-02-19,150400.0,151400.0,148200.0,150000.0,374990
2014-02-20,143600.0,146400.0,137400.0,137800.0,3448010
2014-02-21,137600.0,143800.0,137400.0,141000.0,2414515
2014-02-24,142600.0,142800.0,135000.0,136800.0,1308045
2014-02-25,138400.0,148800.0,137000.0,147000.0,2407530
2014-02-26,150400.0,152000.0,148600.0,152000.0,1767605
2014-02-27,152000.0,159800.0,149600.0,158400.0,1395030
2014-02-28,160800.0,164000.0,159600.0,163400.0,1432420
2014-03-03,162000.0,165400.0,158800.0,162600.0,1331990
2014-03-04,161600.0,165200.0,161400.0,164400.0,470745
2014-03-05,166600.0,171400.0,166000.0,170400.0,749525
2014-03-06,176000.0,176000.0,166400.0,167200.0,1028675
2014-03-07,168000.0,169800.0,164800.0,165200.0,612180
2014-03-10,166600.0,171400.0,166000.0,170600.0,661590
2014-03-11,172800.0,175400.0,168000.0,170000.0,554250
2014-03-12,169200.0,170800.0,162400.0,162400.0,938460
2014-03-13,162800.0,167800.0,162400.0,167400.0,787445
2014-03-14,163600.0,166400.0,159800.0,162000.0,915630
2014-03-17,160600.0,164400.0,158400.0,160200.0,655680
2014-03-18,162600.0,165400.0,159200.0,163800.0,663245
2014-03-19,166600.0,170000.0,165000.0,166600.0,654555
2014-03-20,167600.0,168800.0,162400.0,163000.0,572225
2014-03-21,163000.0,163800.0,158800.0,160800.0,618835
2014-03-24,161000.0,167000.0,160800.0,166800.0,475420
2014-03-25,162200.0,163800.0,157400.0,158400.0,1275615
2014-03-26,159400.0,160200.0,154000.0,159400.0,818290
2014-03-27,153400.0,155800.0,151800.0,154600.0,1545280
2014-03-28,153600.0,157000.0,153000.0,156000.0,966525
2014-03-31,156200.0,156800.0,153200.0,154800.0,791615
2014-04-01,154000.0,156800.0,153600.0,156000.0,794020
2014-04-02,158600.0,162200.0,157800.0,161000.0,1046645
2014-04-03,161400.0,163000.0,159600.0,160600.0,617495
2014-04-04,155800.0,159200.0,155800.0,158000.0,807795
2014-04-07,152800.0,153800.0,147200.0,147800.0,2216160
2014-04-08,144600.0,149800.0,144000.0,148400.0,1378530
2014-04-09,151800.0,152200.0,149600.0,149600.0,791085
2014-04-10,155000.0,155400.0,151200.0,153000.0,965750
2014-04-11,147000.0,148800.0,146800.0,148200.0,864155
2014-04-14,147600.0,150400.0,147000.0,148600.0,498540
2014-04-15,149600.0,150200.0,146200.0,146800.0,574750
2014-04-16,148000.0,150600.0,147600.0,150000.0,620550
2014-04-17,150000.0,150000.0,146000.0,147400.0,722455
2014-04-18,147800.0,151000.0,147600.0,150000.0,603895
2014-04-21,150400.0,151800.0,149800.0,151400.0,242835
2014-04-22,154800.0,158600.0,153400.0,158600.0,980430
2014-04-23,159600.0,159600.0,156000.0,156000.0,463815
2014-04-24,158000.0,159400.0,155000.0,155400.0,590015
2014-04-25,154000.0,155200.0,148800.0,149600.0,789190
2014-04-28,147400.0,148000.0,145400.0,146800.0,673275
2014-04-29,145400.0,147800.0,145200.0,146000.0,497225
2014-04-30,146800.0,148600.0,146000.0,147600.0,605870
2014-05-02,149400.0,150200.0,147800.0,147800.0,571285
2014-05-07,145200.0,147000.0,142000.0,146200.0,774105
2014-05-08,146400.0,148000.0,141000.0,141000.0,1460100
2014-05-09,139800.0,141600.0,135000.0,138200.0,2050740
2014-05-12,138600.0,144600.0,138600.0,143800.0,975105
2014-05-13,148000.0,150000.0,146400.0,149800.0,1029060
2014-05-14,148600.0,151600.0,147800.0,151600.0,790995
2014-05-15,152200.0,155200.0,151400.0,152400.0,1059100
2014-05-16,151400.0,153000.0,148800.0,150400.0,794875
2014-05-19,149600.0,151000.0,145400.0,147000.0,710300
2014-05-20,147200.0,151400.0,147200.0,151200.0,570380
2014-05-21,150000.0,155800.0,149800.0,154600.0,858625
2014-05-22,156000.0,157600.0,154400.0,155600.0,657120
2014-05-23,155600.0,156000.0,154400.0,155200.0,269580
2014-05-26,149800.0,153200.0,148400.0,149000.0,1047200
2014-05-27,148800.0,152200.0,148400.0,151000.0,674840
2014-05-28,151600.0,155600.0,151000.0,155600.0,608870
2014-05-29,155600.0,156800.0,153600.0,154400.0,531045
2014-05-30,154800.0,156600.0,151600.0,151600.0,566880
2014-06-02,151800.0,153200.0,151200.0,152400.0,252195
2014-06-03,151600.0,152200.0,148400.0,151000.0,564550
2014-06-05,154800.0,155000.0,148200.0,148600.0,530860
2014-06-09,151400.0,154800.0,150400.0,153600.0,673570
2014-06-10,153200.0,157600.0,151400.0,156600.0,725810
2014-06-11,157600.0,160000.0,156000.0,157200.0,748240
2014-06-12,158600.0,160600.0,157600.0,159000.0,592980
2014-06-13,158600.0,158600.0,156000.0,157000.0,287890
2014-06-16,155600.0,158800.0,154400.0,158800.0,271730
2014-06-17,158800.0,158800.0,155400.0,156000.0,374760
2014-06-18,155000.0,155800.0,152600.0,155000.0,373025
2014-06-19,155800.0,157400.0,153800.0,155400.0,373890
2014-06-20,155000.0,157400.0,155000.0,157400.0,499550
2014-06-23,158400.0,165200.0,157400.0,165200.0,1055270
2014-06-24,164400.0,166600.0,164000.0,165000.0,563600
2014-06-25,165600.0,168000.0,163400.0,164400.0,304000
2014-06-26,165000.0,170000.0,165000.0,169800.0,614250
2014-06-27,168000.0,168800.0,165600.0,166400.0,370995
2014-06-30,168400.0,168400.0,164800.0,167000.0,370645
2014-07-01,165600.0,169800.0,164800.0,168800.0,301305
2014-07-02,170600.0,173000.0,168600.0,169400.0,431020
2014-07-03,168000.0,168000.0,165400.0,166000.0,480000
2014-07-04,167000.0,167400.0,162000.0,163800.0,577380
2014-07-07,164000.0,166200.0,163200.0,166200.0,196635
2014-07-08,166200.0,166400.0,163000.0,166200.0,275140
2014-07-09,163000.0,164000.0,160600.0,161000.0,503765
2014-07-10,162400.0,163600.0,161000.0,161400.0,281975
2014-07-11,159800.0,161400.0,157600.0,158600.0,405115
2014-07-14,159200.0,162200.0,158600.0,161600.0,260800
2014-07-15,162800.0,165600.0,162400.0,165400.0,388640
2014-07-16,168600.0,168600.0,159000.0,159800.0,997025
2014-07-17,160200.0,161000.0,156000.0,156400.0,909720
2014-07-18,156000.0,157000.0,152200.0,156600.0,732710
2014-07-21,158400.0,158600.0,152600.0,153200.0,727845
2014-07-22,154000.0,156600.0,153400.0,156600.0,411600
2014-07-23,156600.0,157400.0,150600.0,151800.0,948005
2014-07-24,151000.0,153600.0,150000.0,150800.0,811115
2014-07-25,151600.0,153800.0,150800.0,151400.0,702430
2014-07-28,151800.0,153400.0,151400.0,152800.0,485085
2014-07-29,151600.0,152000.0,145800.0,146800.0,1011265
2014-07-30,149000.0,155800.0,146600.0,153800.0,1305925
2014-07-31,155800.0,157000.0,147400.0,149800.0,1555355
2014-08-01,147600.0,155000.0,147200.0,152800.0,733185
2014-08-04,154600.0,156800.0,154000.0,156600.0,593540
2014-08-05,157600.0,157800.0,150600.0,152400.0,743365
2014-08-06,152000.0,152000.0,149200.0,151400.0,488645
2014-08-07,150600.0,151400.0,147200.0,149000.0,429485
2014-08-08,151000.0,154000.0,150200.0,153800.0,713720
2014-08-11,156000.0,156000.0,151000.0,152000.0,377565
2014-08-12,153400.0,156400.0,152400.0,154200.0,578805
2014-08-13,154200.0,160200.0,154000.0,160000.0,1026920
2014-08-14,160000.0,161000.0,157000.0,158800.0,455890
2014-08-18,160000.0,160600.0,157800.0,158800.0,375020
2014-08-19,160800.0,162200.0,158800.0,160000.0,476525
2014-08-20,160800.0,161400.0,156800.0,157800.0,388350
2014-08-21,156000.0,156600.0,151600.0,151800.0,649135
2014-08-22,151800.0,155400.0,151800.0,154800.0,244795
2014-08-25,156000.0,156600.0,153800.0,155400.0,232945
2014-08-26,156800.0,157200.0,154400.0,155800.0,264250
2014-08-27,155400.0,159200.0,154400.0,156000.0,352130
2014-08-28,156000.0,156600.0,153000.0,153000.0,324345
2014-08-29,153800.0,155600.0,152800.0,153600.0,345920
2014-09-01,153600.0,155200.0,152600.0,153000.0,133480
2014-09-02,152600.0,154200.0,152200.0,152600.0,257735
2014-09-03,152600.0,153000.0,150000.0,150000.0,432145
2014-09-04,150000.0,151000.0,149200.0,150000.0,430775
2014-09-05,150000.0,150800.0,143800.0,145000.0,777645
2014-09-11,144000.0,144600.0,139600.0,139800.0,1330575
2014-09-12,141000.0,145600.0,140400.0,141600.0,895130
2014-09-15,141200.0,144000.0,141000.0,142000.0,318670
2014-09-16,142000.0,146800.0,141600.0,145400.0,593705
2014-09-17,149800.0,150000.0,147200.0,148600.0,522825
2014-09-18,160200.0,161000.0,153200.0,158000.0,2086440
2014-09-19,157200.0,160000.0,156600.0,158400.0,720890
2014-09-22,157000.0,159200.0,153000.0,158000.0,750890
2014-09-23,153800.0,166800.0,153400.0,166800.0,1736755
2014-09-24,164800.0,168400.0,163400.0,166600.0,1100135
2014-09-25,165600.0,166800.0,161600.0,161600.0,658485
2014-09-26,160000.0,165600.0,159600.0,164200.0,501630
2014-09-29,164200.0,170000.0,163000.0,166000.0,781335
2014-09-30,162600.0,163800.0,161000.0,161400.0,2575375
2014-10-01,160600.0,164000.0,156600.0,160800.0,721370
2014-10-02,158400.0,162800.0,158200.0,158400.0,521090
2014-10-06,158600.0,159800.0,155000.0,155800.0,510130
2014-10-07,155800.0,157600.0,152600.0,154000.0,371400
2014-10-08,153800.0,157800.0,153600.0,156800.0,497105
2014-10-10,154600.0,155200.0,147000.0,148000.0,1026520
2014-10-13,147800.0,154000.0,144600.0,151200.0,717780
2014-10-14,151200.0,151800.0,147000.0,151600.0,667855
2014-10-15,151400.0,156400.0,149600.0,156400.0,567815
2014-10-16,153000.0,159000.0,153000.0,157000.0,579475
2014-10-17,157000.0,159600.0,153200.0,153200.0,365495
2014-10-20,154200.0,158800.0,153200.0,156800.0,240780
2014-10-21,156000.0,160000.0,155200.0,159200.0,360270
2014-10-22,159800.0,162400.0,158600.0,159600.0,471610
2014-10-23,160000.0,161600.0,157200.0,158800.0,289955
2014-10-24,158800.0,159600.0,153400.0,156000.0,254975
2014-10-27,156200.0,157000.0,154600.0,155400.0,233680
2014-10-28,156400.0,161200.0,155000.0,160800.0,318980
2014-10-29,162200.0,162200.0,154600.0,155600.0,600500
2014-10-30,156000.0,157800.0,147200.0,150000.0,1272975
2014-10-31,151000.0,152000.0,149400.0,150800.0,701895
2014-11-03,149000.0,151800.0,148800.0,149800.0,578200
2014-11-04,149800.0,151800.0,148200.0,150200.0,624950
2014-11-05,151600.0,153400.0,149200.0,153000.0,461215
2014-11-06,153200.0,153200.0,148400.0,149200.0,457815
2014-11-07,148000.0,150000.0,146200.0,148600.0,518065
2014-11-10,147400.0,150000.0,147400.0,148600.0,437395
2014-11-11,148000.0,150200.0,147800.0,148400.0,589085
2014-11-12,150000.0,151600.0,147600.0,149800.0,644875
2014-11-13,149000.0,153000.0,149000.0,152600.0,487205
2014-11-14,152400.0,154800.0,150800.0,152200.0,358985
2014-11-17,150800.0,152400.0,150000.0,152200.0,343895
2014-11-18,152200.0,157600.0,151800.0,156200.0,493490
2014-11-19,157800.0,158000.0,156000.0,157400.0,523815
2014-11-20,156400.0,158200.0,156400.0,157800.0,267210
2014-11-21,157200.0,157600.0,152600.0,152600.0,397910
2014-11-24,153200.0,154000.0,148400.0,150000.0,782405
2014-11-25,150200.0,152400.0,150000.0,150600.0,367790
2014-11-26,149800.0,151600.0,149800.0,150600.0,222705
2014-11-27,150000.0,151200.0,148200.0,149000.0,459920
2014-11-28,148400.0,151600.0,148400.0,151200.0,185015
2014-12-01,149200.0,151600.0,146000.0,147600.0,536420
2014-12-02,148200.0,148400.0,145800.0,146600.0,291130
2014-12-03,145800.0,147400.0,145600.0,146800.0,239725
2014-12-04,146400.0,147600.0,146000.0,147200.0,476030
2014-12-05,147200.0,147400.0,146200.0,147200.0,363495
2014-12-08,146400.0,147200.0,146000.0,146000.0,278675
2014-12-09,146200.0,147200.0,145200.0,145200.0,376115
2014-12-10,146000.0,146400.0,140200.0,142200.0,497765
2014-12-11,140400.0,142600.0,140400.0,140800.0,376160
2014-12-12,142600.0,144000.0,140600.0,142600.0,443360
2014-12-15,141000.0,145600.0,140400.0,144400.0,247610
2014-12-16,144600.0,147000.0,143800.0,145800.0,342825
2014-12-17,147800.0,147800.0,144200.0,145800.0,347430
2014-12-18,147600.0,147600.0,142600.0,143800.0,318390
2014-12-19,144400.0,148000.0,144000.0,148000.0,435355
2014-12-22,148600.0,149000.0,146200.0,149000.0,226725
2014-12-23,149800.0,150200.0,148000.0,149000.0,188230
2014-12-24,148600.0,149200.0,146000.0,148200.0,247520
2014-12-26,146600.0,149200.0,146200.0,147200.0,204175
2014-12-29,145600.0,146800.0,144200.0,144600.0,187840
2014-12-30,143400.0,144400.0,141600.0,142400.0,426950
2015-01-02,142600.0,146600.0,142400.0,146200.0,321125
2015-01-05,145200.0,150000.0,144200.0,149800.0,562860
2015-01-06,148200.0,150800.0,147000.0,148600.0,461575
2015-01-07,149800.0,149800.0,146000.0,146400.0,259935
2015-01-08,145800.0,149000.0,145800.0,148800.0,281960
2015-01-09,151800.0,151800.0,148400.0,150400.0,369935
2015-01-12,149200.0,152000.0,149200.0,150000.0,183665
2015-01-13,150400.0,151000.0,147600.0,148000.0,244640
2015-01-14,147000.0,149000.0,146400.0,147800.0,319250
2015-01-15,149600.0,155600.0,148200.0,155400.0,936180
2015-01-16,155800.0,156000.0,151400.0,155400.0,583295
2015-01-19,156000.0,156800.0,154600.0,155200.0,456525
2015-01-20,156000.0,159400.0,156000.0,158000.0,506715
2015-01-21,156400.0,157800.0,153600.0,156000.0,357820
2015-01-22,156600.0,157800.0,152400.0,153000.0,417195
2015-01-23,155000.0,156000.0,152000.0,156000.0,496485
2015-01-26,155000.0,155800.0,153600.0,154200.0,345015
2015-01-27,154800.0,155000.0,152200.0,152800.0,422445
2015-01-28,152000.0,156000.0,152000.0,155400.0,616100
2015-01-29,152000.0,152400.0,146200.0,147200.0,1392375
2015-01-30,145000.0,146000.0,142200.0,143200.0,1500305
2015-02-02,143200.0,144600.0,141400.0,142200.0,564970
2015-02-03,142200.0,143400.0,141000.0,142400.0,608205
2015-02-04,143200.0,145400.0,143000.0,145000.0,656765
2015-02-05,144400.0,145000.0,142000.0,142400.0,389445
2015-02-06,142200.0,144200.0,141600.0,143000.0,380000
2015-02-09,143000.0,143000.0,136000.0,136200.0,1071155
2015-02-10,134000.0,135600.0,127800.0,129600.0,1851345
2015-02-11,132000.0,135400.0,130600.0,134600.0,964140
2015-02-12,136000.0,136000.0,131200.0,136000.0,574635
2015-02-13,135000.0,138400.0,133200.0,133600.0,499090
2015-02-16,133200.0,135200.0,133000.0,133800.0,277665
2015-02-17,133200.0,135000.0,133200.0,134200.0,176120
2015-02-23,133600.0,134400.0,126400.0,127800.0,1458905
2015-02-24,127400.0,129400.0,127000.0,127400.0,714755
2015-02-25,127800.0,128800.0,126600.0,128200.0,733120
2015-02-26,127200.0,128200.0,125200.0,125200.0,873715
2015-02-27,124600.0,133600.0,124600.0,132200.0,1331750
2015-03-02,132400.0,133400.0,128200.0,129200.0,752240
2015-03-03,130600.0,131800.0,129200.0,130000.0,520120
2015-03-04,129800.0,136400.0,127800.0,136000.0,1342450
2015-03-05,135800.0,140200.0,135000.0,137800.0,840965
2015-03-06,138400.0,138800.0,134400.0,136000.0,461960
2015-03-09,133800.0,134800.0,130400.0,130600.0,640980
2015-03-10,130400.0,131800.0,128200.0,128200.0,557990
2015-03-11,127800.0,129200.0,125800.0,125800.0,870575
2015-03-12,126600.0,129000.0,125400.0,125400.0,922700
2015-03-13,129000.0,130600.0,128000.0,130000.0,786380
2015-03-16,130600.0,130600.0,127400.0,128600.0,628615
2015-03-17,129800.0,132600.0,128800.0,132000.0,608620
2015-03-18,131600.0,133200.0,130000.0,130800.0,554585
2015-03-19,132200.0,132400.0,128200.0,128200.0,601960
2015-03-20,128600.0,130800.0,128600.0,130800.0,452620
2015-03-23,132000.0,136200.0,131400.0,136000.0,830885
2015-03-24,137000.0,137000.0,133400.0,135000.0,440255
2015-03-25,136800.0,137000.0,133800.0,134000.0,373600
2015-03-26,134000.0,135000.0,132000.0,132200.0,475305
2015-03-27,134200.0,134600.0,132400.0,134400.0,507190
2015-03-30,137000.0,138400.0,134600.0,136200.0,444640
2015-03-31,138000.0,138200.0,133800.0,134200.0,453590
2015-04-01,134400.0,135000.0,132200.0,133400.0,375975
2015-04-02,132800.0,133800.0,124800.0,128400.0,2405490
2015-04-03,127600.0,129800.0,126400.0,129400.0,692920
2015-04-06,129600.0,130600.0,126800.0,127000.0,456250
2015-04-07,128200.0,129000.0,127400.0,127800.0,342595
2015-04-08,128600.0,129400.0,128000.0,129000.0,606450
2015-04-09,129000.0,133800.0,128600.0,130600.0,881670
2015-04-10,131000.0,132400.0,129400.0,130000.0,599965
2015-04-13,129200.0,131000.0,128600.0,130400.0,473740
2015-04-14,130400.0,133600.0,130200.0,133400.0,631380
2015-04-15,133800.0,134400.0,133000.0,134200.0,426385
2015-04-16,134800.0,135000.0,132400.0,134600.0,483985
2015-04-17,135000.0,135400.0,133400.0,133800.0,503265
2015-04-20,132200.0,134400.0,132200.0,133200.0,437785
2015-04-21,133800.0,134000.0,130600.0,133800.0,591985
2015-04-22,135800.0,135800.0,133800.0,134800.0,712755
2015-04-23,136000.0,137000.0,133400.0,136400.0,630370
2015-04-24,135600.0,137000.0,131800.0,133400.0,545635
2015-04-27,134600.0,137600.0,133400.0,136800.0,1020695
2015-04-28,138000.0,138000.0,136400.0,137200.0,668850
2015-04-29,136600.0,137800.0,134800.0,135800.0,817835
2015-04-30,134000.0,136400.0,129400.0,130000.0,1598090
2015-05-04,128600.0,129800.0,120600.0,120600.0,1957505
2015-05-06,120200.0,123200.0,119200.0,122600.0,1484705
2015-05-07,122600.0,123400.0,120800.0,122200.0,688875
2015-05-08,121600.0,124000.0,121600.0,121800.0,443185
2015-05-11,122000.0,122800.0,120600.0,121200.0,424635
2015-05-12,120000.0,122200.0,119600.0,121000.0,447655
2015-05-13,120800.0,121200.0,120000.0,120800.0,404655
2015-05-14,120200.0,122000.0,120200.0,121400.0,307855
2015-05-15,122000.0,122400.0,121200.0,122000.0,311575
2015-05-18,122800.0,124200.0,122400.0,123600.0,519145
2015-05-19,124600.0,125600.0,123400.0,125200.0,517260
2015-05-20,126800.0,126800.0,123000.0,123200.0,335115
2015-05-21,121600.0,123000.0,119000.0,121400.0,808320
2015-05-22,121400.0,125400.0,121400.0,125400.0,404110
2015-05-26,127000.0,127200.0,123400.0,124200.0,363340
2015-05-27,123600.0,123600.0,120200.0,121600.0,598050
2015-05-28,122600.0,123400.0,121000.0,121000.0,378195
2015-05-29,120800.0,125800.0,120800.0,121800.0,783030
2015-06-01,122200.0,124200.0,121800.0,123400.0,402590
2015-06-02,124400.0,124600.0,121600.0,122200.0,355535
2015-06-03,124000.0,124000.0,120200.0,120200.0,329900
2015-06-04,120400.0,121000.0,116000.0,116000.0,878690
2015-06-05,113800.0,116600.0,113000.0,113000.0,843890
2015-06-08,114200.0,118800.0,113600.0,117400.0,582700
2015-06-09,118000.0,119000.0,115400.0,118000.0,630925
2015-06-10,119800.0,119800.0,113600.0,113600.0,447735
2015-06-11,115000.0,117800.0,113200.0,113200.0,1153350
2015-06-12,114800.0,120600.0,114600.0,120200.0,1236155
2015-06-15,121400.0,125600.0,121400.0,125400.0,1653685
2015-06-16,125600.0,126800.0,123200.0,125400.0,785550
2015-06-17,124200.0,127400.0,124000.0,126000.0,557845
2015-06-18,127600.0,127800.0,124400.0,124800.0,366810
2015-06-19,125000.0,127000.0,123000.0,126800.0,348910
2015-06-22,127600.0,128400.0,125000.0,126200.0,212155
2015-06-23,127000.0,128000.0,125800.0,128000.0,231035
2015-06-24,131400.0,131600.0,128800.0,129800.0,471700
2015-06-25,130400.0,131200.0,128200.0,130600.0,509600
2015-06-26,131200.0,134200.0,130000.0,131600.0,673600
2015-06-29,130000.0,131200.0,128200.0,130200.0,332635
2015-06-30,128800.0,129800.0,125400.0,126800.0,589955
2015-07-01,125600.0,126200.0,120600.0,125600.0,1159735
2015-07-02,125800.0,125800.0,122600.0,123000.0,683695
2015-07-03,124200.0,124800.0,121600.0,122600.0,417175
2015-07-06,121000.0,124200.0,121000.0,123200.0,361965
2015-07-07,125400.0,125400.0,122000.0,122600.0,408320
2015-07-08,123000.0,127600.0,121800.0,123800.0,675400
2015-07-09,122400.0,123000.0,118800.0,122000.0,473890
2015-07-10,123600.0,123600.0,120600.0,122400.0,282605
2015-07-13,122400.0,124200.0,121800.0,122800.0,202265
2015-07-14,123200.0,123800.0,122000.0,122800.0,217055
2015-07-15,122800.0,123000.0,121000.0,121000.0,287730
2015-07-16,121000.0,124800.0,121000.0,121400.0,505030
2015-07-17,123600.0,127600.0,122400.0,126400.0,1037680
2015-07-20,129400.0,131400.0,126800.0,127600.0,613040
2015-07-21,129800.0,130400.0,128200.0,129800.0,322160
2015-07-22,128600.0,128800.0,125800.0,127000.0,445375
2015-07-23,126800.0,127000.0,123400.0,124400.0,370860
2015-07-24,124000.0,125400.0,122600.0,125000.0,386325
2015-07-27,125000.0,125000.0,121200.0,122200.0,365450
2015-07-28,121800.0,122600.0,120200.0,122000.0,420610
2015-07-29,121000.0,122000.0,120000.0,120400.0,542940
2015-07-30,114400.0,114400.0,102000.0,103600.0,3718640
2015-07-31,101600.0,104800.0,101000.0,104600.0,1377630
2015-08-03,104000.0,105000.0,103400.0,104000.0,625390
2015-08-04,104000.0,105400.0,103600.0,105200.0,538645
2015-08-05,106200.0,106200.0,103600.0,105000.0,575545
2015-08-06,105200.0,105400.0,103000.0,103200.0,840720
2015-08-07,103000.0,103800.0,100000.0,100200.0,1272735
2015-08-10,101400.0,103000.0,100600.0,102200.0,610825
2015-08-11,104200.0,106000.0,103200.0,104600.0,593535
2015-08-12,104400.0,106800.0,103400.0,105600.0,766330
2015-08-13,103200.0,105000.0,102400.0,103800.0,585205
2015-08-14,103800.0,103800.0,103800.0,103800.0,0
2015-08-17,102600.0,104000.0,102000.0,102000.0,381550
2015-08-18,102400.0,105000.0,102200.0,104400.0,470980
2015-08-19,103200.0,105400.0,103200.0,104800.0,640610
2015-08-20,107000.0,107600.0,103800.0,104200.0,501140
2015-08-21,105000.0,105200.0,101400.0,103200.0,487880
2015-08-24,101200.0,103000.0,99100.0,100000.0,620215
2015-08-25,99400.0,100400.0,96400.0,98300.0,958830
2015-08-26,98000.0,100600.0,96800.0,97800.0,1049370
2015-08-27,99100.0,100400.0,97300.0,97500.0,734575
2015-08-28,98300.0,99300.0,96100.0,97600.0,957350
2015-08-31,97500.0,99100.0,94200.0,99100.0,896950
2015-09-01,99100.0,100200.0,95000.0,95200.0,688555
2015-09-02,94100.0,94700.0,92400.0,93200.0,803095
2015-09-03,93200.0,96000.0,93200.0,94100.0,794535
2015-09-04,94100.0,96300.0,93300.0,93900.0,495045
2015-09-07,94600.0,95200.0,93200.0,94900.0,432215
2015-09-08,95100.0,95600.0,91600.0,92300.0,486730
2015-09-09,93400.0,100400.0,93400.0,100200.0,836235
2015-09-10,98000.0,100400.0,98000.0,100000.0,758425
2015-09-11,98600.0,99100.0,97100.0,97700.0,488830
2015-09-14,98000.0,98100.0,93600.0,95200.0,741250
2015-09-15,95000.0,95900.0,93600.0,94100.0,616850
2015-09-16,94400.0,96300.0,93700.0,96300.0,653565
2015-09-17,96800.0,103000.0,96700.0,102000.0,1131080
2015-09-18,103000.0,103600.0,99700.0,101800.0,497360
2015-09-21,101800.0,101800.0,99900.0,100000.0,248630
2015-09-22,101000.0,101600.0,98900.0,99200.0,394635
2015-09-23,98300.0,103600.0,97700.0,101000.0,991005
2015-09-24,102400.0,103200.0,100600.0,101200.0,565765
2015-09-25,101400.0,102400.0,99900.0,101600.0,221535
2015-09-30,103000.0,103000.0,100000.0,102600.0,652740
2015-10-01,103600.0,109200.0,102600.0,109200.0,1004490
2015-10-02,110000.0,110200.0,107000.0,110000.0,702940
2015-10-05,109800.0,112600.0,107400.0,108600.0,535860
2015-10-06,109000.0,111600.0,108400.0,111200.0,592725
2015-10-07,112200.0,112200.0,110000.0,111600.0,553755
2015-10-08,113400.0,113800.0,109400.0,112200.0,480720
2015-10-12,115200.0,116600.0,110000.0,114800.0,830990
2015-10-13,115600.0,115800.0,113600.0,115800.0,393985
2015-10-14,115400.0,115400.0,112200.0,112400.0,398715
2015-10-15,112400.0,114600.0,112000.0,113800.0,329630
2015-10-16,114800.0,117400.0,114200.0,117400.0,482525
2015-10-19,117600.0,117600.0,114400.0,116800.0,436065
2015-10-20,115600.0,117000.0,114600.0,115600.0,382375
2015-10-21,116000.0,116000.0,114400.0,115000.0,408060
2015-10-22,113800.0,114400.0,109400.0,109400.0,621860
2015-10-23,110400.0,114800.0,110200.0,114200.0,604125
2015-10-26,114800.0,116800.0,109600.0,112400.0,744500
2015-10-27,109400.0,112800.0,109400.0,112800.0,337275
2015-10-28,112200.0,115400.0,108400.0,115400.0,588410
2015-10-29,120000.0,123400.0,117600.0,118400.0,1183235
2015-10-30,118400.0,121400.0,115200.0,120000.0,955270
2015-11-02,120000.0,121400.0,119400.0,120600.0,518225
2015-11-03,121400.0,123800.0,120000.0,123800.0,584405
2015-11-04,125000.0,125600.0,123200.0,125200.0,653585
2015-11-05,124600.0,127000.0,123800.0,125800.0,371710
2015-11-06,124200.0,126200.0,124000.0,126000.0,238665
2015-11-09,126600.0,127200.0,124800.0,126800.0,346330
2015-11-10,126800.0,126800.0,121400.0,123600.0,559765
2015-11-11,124000.0,126000.0,122600.0,125000.0,362225
2015-11-12,124400.0,125600.0,123400.0,124000.0,256115
2015-11-13,122200.0,123200.0,119800.0,121200.0,397265
2015-11-16,118000.0,120400.0,117800.0,118400.0,551680
2015-11-17,119200.0,121600.0,119200.0,119800.0,362285
2015-11-18,119800.0,120800.0,118800.0,120000.0,200715
2015-11-19,120200.0,121800.0,118800.0,121800.0,293440
2015-11-20,123200.0,125800.0,122000.0,125400.0,362535
2015-11-23,125400.0,125800.0,123200.0,124800.0,288280
2015-11-24,125000.0,126600.0,123800.0,124200.0,310395
2015-11-25,124000.0,126600.0,123200.0,126000.0,301640
2015-11-26,126000.0,127000.0,124600.0,126600.0,275100
2015-11-27,125400.0,129400.0,125400.0,126400.0,319010
2015-11-30,126600.0,127200.0,124000.0,126200.0,685610
2015-12-01,127000.0,129800.0,126400.0,129400.0,303350
2015-12-02,128800.0,130200.0,127200.0,127800.0,372870
2015-12-03,129600.0,129800.0,125400.0,126600.0,231955
2015-12-04,125600.0,126000.0,122600.0,125000.0,391040
2015-12-07,125400.0,126800.0,121600.0,121600.0,541765
2015-12-08,121800.0,124200.0,121800.0,122600.0,370255
2015-12-09,122000.0,124000.0,122000.0,122400.0,393300
2015-12-10,121200.0,124600.0,120800.0,123600.0,415635
2015-12-11,122600.0,128000.0,122600.0,128000.0,387800
2015-12-14,126800.0,128000.0,125600.0,126600.0,362325
2015-12-15,129200.0,129600.0,127000.0,128600.0,337025
2015-12-16,129800.0,130400.0,129000.0,129200.0,385485
2015-12-17,130800.0,131800.0,129200.0,130600.0,352730
2015-12-18,129800.0,130600.0,127200.0,128000.0,247935
2015-12-21,129000.0,130400.0,128400.0,129600.0,263945
2015-12-22,129200.0,130800.0,127400.0,130600.0,230755
2015-12-23,130600.0,130800.0,129000.0,130600.0,205850
2015-12-24,129800.0,130800.0,129200.0,129400.0,164080
2015-12-28,129400.0,130000.0,127600.0,128200.0,237555
2015-12-29,129800.0,129800.0,126200.0,128400.0,253240
2015-12-30,128400.0,133600.0,127800.0,131600.0,321075
2016-01-04,130000.0,131600.0,126400.0,126400.0,466360
2016-01-05,126600.0,128400.0,126200.0,127400.0,347280
2016-01-06,129000.0,129000.0,124400.0,124600.0,478410
2016-01-07,125200.0,132000.0,125200.0,130400.0,626265
2016-01-08,130400.0,131800.0,128400.0,130400.0,319610
2016-01-11,129000.0,130200.0,125200.0,125600.0,443100
2016-01-12,127200.0,130800.0,126400.0,130000.0,390050
2016-01-13,131200.0,131400.0,128600.0,129800.0,461100
2016-01-14,128400.0,131800.0,128000.0,130200.0,429120
2016-01-15,132400.0,134600.0,131600.0,134000.0,642075
2016-01-18,132600.0,137400.0,132600.0,137400.0,703005
2016-01-19,136600.0,136800.0,132800.0,134000.0,722930
2016-01-20,134000.0,134600.0,130200.0,132800.0,476755
2016-01-21,131200.0,131400.0,126200.0,127800.0,675930
2016-01-22,130000.0,133600.0,128000.0,133600.0,456000
2016-01-25,133600.0,135400.0,131400.0,134600.0,306275
2016-01-26,135000.0,136200.0,134200.0,136000.0,280390
2016-01-27,137400.0,137400.0,133200.0,134800.0,332355
2016-01-28,128400.0,130000.0,124200.0,126200.0,1387830
2016-01-29,125400.0,126200.0,121000.0,125600.0,1347000
2016-02-01,124400.0,125800.0,121600.0,122600.0,722640
2016-02-02,122200.0,123600.0,118400.0,120000.0,1117265
2016-02-03,118600.0,121200.0,118600.0,120200.0,473700
2016-02-04,121200.0,121400.0,118800.0,120400.0,435350
2016-02-05,120000.0,121000.0,119200.0,119800.0,276565
2016-02-11,117800.0,117800.0,112600.0,112600.0,921705
2016-02-12,111000.0,113200.0,108800.0,111200.0,990410
2016-02-15,112200.0,113400.0,109600.0,111200.0,732590
2016-02-16,110600.0,116000.0,110600.0,115000.0,619715
2016-02-17,115600.0,117400.0,114800.0,115000.0,792315
2016-02-18,115600.0,117600.0,115200.0,116400.0,416140
2016-02-19,115800.0,116400.0,113600.0,114600.0,383640
2016-02-22,115000.0,116200.0,113000.0,113000.0,431360
2016-02-23,113800.0,117400.0,113600.0,116800.0,559285
2016-02-24,116600.0,116800.0,114400.0,116000.0,356105
2016-02-25,116200.0,117800.0,115600.0,116400.0,285475
2016-02-26,116200.0,117200.0,115000.0,116000.0,229860
2016-02-29,116000.0,117000.0,114000.0,114400.0,393545
2016-03-02,116800.0,122400.0,116200.0,121800.0,595495
2016-03-03,123000.0,123000.0,120400.0,122000.0,374365
2016-03-04,123000.0,124200.0,120800.0,122600.0,330580
2016-03-07,123000.0,123800.0,119800.0,119800.0,379425
2016-03-08,117600.0,122400.0,117600.0,120800.0,249625
2016-03-09,120200.0,122000.0,120000.0,121600.0,188300
2016-03-10,121600.0,128800.0,120400.0,127000.0,684255
2016-03-11,127600.0,129800.0,126200.0,127200.0,540570
2016-03-14,128200.0,128400.0,125000.0,127000.0,264125
2016-03-15,127000.0,129600.0,126400.0,128200.0,258320
2016-03-16,128800.0,129400.0,127000.0,128000.0,209965
2016-03-17,129800.0,129800.0,126000.0,127200.0,397580
2016-03-18,126600.0,128400.0,126000.0,127800.0,297590
2016-03-21,126800.0,129600.0,126600.0,128400.0,318805
2016-03-22,128200.0,130800.0,127800.0,129800.0,496300
2016-03-23,130000.0,130400.0,125400.0,126800.0,470045
2016-03-24,127600.0,128400.0,124200.0,124800.0,365355
2016-03-25,124800.0,125800.0,122200.0,122600.0,521765
2016-03-28,123200.0,125600.0,123000.0,123400.0,273830
2016-03-29,123400.0,128000.0,123200.0,128000.0,355250
2016-03-30,129800.0,129800.0,126400.0,127400.0,445900
2016-03-31,129000.0,129200.0,126600.0,127400.0,538915
2016-04-01,129000.0,129000.0,124800.0,125600.0,312780
2016-04-04,126400.0,130200.0,126400.0,130200.0,541695
2016-04-05,130000.0,130600.0,129600.0,130400.0,461325
2016-04-06,129000.0,130200.0,128400.0,129800.0,423140
2016-04-07,130200.0,135400.0,129800.0,135000.0,706960
2016-04-08,133400.0,134000.0,132000.0,132600.0,363465
2016-04-11,132600.0,134000.0,131200.0,132800.0,296800
2016-04-12,133200.0,134400.0,132000.0,134000.0,278290
2016-04-14,138000.0,138200.0,133600.0,134600.0,445245
2016-04-15,134400.0,135400.0,133600.0,134600.0,401140
2016-04-18,133600.0,134400.0,131400.0,132200.0,374705
2016-04-19,132200.0,134400.0,132200.0,133800.0,451405
2016-04-20,133200.0,133600.0,130200.0,130800.0,463915
2016-04-21,132000.0,133400.0,131200.0,133400.0,412070
2016-04-22,132000.0,133000.0,131400.0,132600.0,194870
2016-04-25,132400.0,133000.0,131000.0,132400.0,355620
2016-04-26,132600.0,134400.0,129800.0,130800.0,789600
2016-04-27,129600.0,133000.0,128000.0,133000.0,403340
2016-04-28,138200.0,138200.0,129200.0,131800.0,1141055
2016-04-29,133600.0,136200.0,133200.0,135400.0,908665
2016-05-02,135800.0,136000.0,133400.0,135600.0,288895
2016-05-03,136400.0,136400.0,135000.0,135200.0,343900
2016-05-04,135800.0,136600.0,134000.0,136000.0,697250
2016-05-09,139800.0,141000.0,137400.0,140000.0,925425
2016-05-10,141600.0,142800.0,139000.0,141400.0,532275
2016-05-11,140000.0,140400.0,138000.0,138600.0,441680
2016-05-12,139000.0,139400.0,135200.0,135200.0,338430
2016-05-13,135000.0,137400.0,133600.0,135400.0,462865
2016-05-16,134200.0,139000.0,134200.0,138400.0,322650
2016-05-17,138200.0,138800.0,137200.0,138800.0,341630
2016-05-18,138800.0,139600.0,136400.0,139600.0,875390
2016-05-19,137400.0,140200.0,137400.0,140200.0,251090
2016-05-20,141600.0,142000.0,136400.0,137600.0,382600
2016-05-23,138000.0,138000.0,134600.0,138000.0,288895
2016-05-24,138000.0,140600.0,137200.0,138800.0,276200
2016-05-25,140200.0,141800.0,139000.0,140800.0,463225
2016-05-26,140800.0,141800.0,139800.0,140600.0,226115
2016-05-27,141000.0,141200.0,139000.0,140000.0,225070
2016-05-30,141000.0,142400.0,140400.0,142000.0,414260
2016-05-31,142000.0,144000.0,141200.0,144000.0,579335
2016-06-01,140000.0,140200.0,133200.0,137400.0,1681135
2016-06-02,138800.0,142600.0,138200.0,139400.0,509065
2016-06-03,140400.0,141600.0,139000.0,141400.0,438765
2016-06-07,145600.0,145800.0,141000.0,141400.0,498305
2016-06-08,141800.0,145000.0,141600.0,144400.0,556190
2016-06-09,146200.0,146600.0,142400.0,144000.0,672840
2016-06-10,146200.0,146600.0,143400.0,144000.0,475005
2016-06-13,142800.0,142800.0,137200.0,139400.0,800590
2016-06-14,137800.0,140400.0,135800.0,139400.0,654895
2016-06-15,140800.0,141800.0,138400.0,139400.0,352325
2016-06-16,138200.0,140200.0,138200.0,140200.0,299220
2016-06-17,140200.0,140400.0,137600.0,137800.0,367800
2016-06-20,139400.0,139400.0,136800.0,138400.0,307550
2016-06-21,138800.0,139600.0,137600.0,139400.0,307700
2016-06-22,139800.0,146000.0,139800.0,146000.0,1005435
2016-06-23,146600.0,152000.0,146400.0,149400.0,1130610
2016-06-24,149000.0,151800.0,144200.0,147800.0,867905
2016-06-27,145600.0,146000.0,141200.0,142000.0,1174480
2016-06-28,140200.0,143800.0,140000.0,143800.0,770085
2016-06-29,143000.0,144800.0,142600.0,142600.0,741970
2016-06-30,142000.0,143400.0,141400.0,142000.0,767665
2016-07-01,142600.0,144600.0,142600.0,142600.0,382845
2016-07-04,143200.0,145800.0,142400.0,145400.0,589185
2016-07-05,146000.0,151200.0,146000.0,150000.0,635330
2016-07-06,150000.0,150000.0,146000.0,149000.0,612230
2016-07-07,150400.0,154000.0,149600.0,150600.0,342580
2016-07-08,150200.0,151200.0,149600.0,150000.0,368765
2016-07-11,149000.0,151600.0,148600.0,150800.0,541025
2016-07-12,151800.0,153600.0,149600.0,151000.0,635055
2016-07-13,152000.0,153600.0,149600.0,151600.0,775750
2016-07-14,150200.0,150800.0,146800.0,146800.0,827050
2016-07-15,150000.0,150600.0,141200.0,143200.0,1530420
2016-07-18,143400.0,143600.0,141200.0,142400.0,754640
2016-07-19,143600.0,144200.0,141400.0,143600.0,553990
2016-07-20,143000.0,143400.0,138200.0,139000.0,1009250
2016-07-21,139600.0,141200.0,139400.0,140800.0,541555
2016-07-22,141200.0,142400.0,140800.0,141000.0,451650
2016-07-25,141600.0,142800.0,141600.0,142000.0,257085
2016-07-26,142200.0,142800.0,140400.0,142000.0,289335
2016-07-27,142000.0,143600.0,142000.0,142400.0,293035
2016-07-28,143400.0,143800.0,141400.0,142000.0,491070
2016-07-29,142000.0,143400.0,141600.0,142000.0,531755
2016-08-01,142200.0,142600.0,135600.0,140200.0,729430
2016-08-02,140200.0,143000.0,139800.0,142600.0,244690
2016-08-03,142000.0,142600.0,140400.0,141000.0,248405
2016-08-04,142600.0,142800.0,140200.0,141400.0,256240
2016-08-05,142200.0,145000.0,141000.0,144600.0,275795
2016-08-08,145600.0,149800.0,145400.0,149800.0,584725
2016-08-09,150800.0,151400.0,150000.0,151000.0,844050
2016-08-10,153000.0,155200.0,151800.0,155000.0,802060
2016-08-11,155800.0,155800.0,153800.0,155600.0,381135
2016-08-12,155400.0,156800.0,155400.0,156400.0,255920
2016-08-16,156800.0,159600.0,156600.0,158000.0,564675
2016-08-17,155000.0,158400.0,155000.0,158000.0,349255
2016-08-18,158400.0,160200.0,158000.0,160200.0,462475
2016-08-19,161400.0,162200.0,159600.0,161000.0,686920
2016-08-22,160000.0,160600.0,158600.0,159000.0,400025
2016-08-23,160200.0,161600.0,159000.0,161200.0,347175
2016-08-24,161400.0,162800.0,160000.0,162400.0,359520
2016-08-25,162400.0,162400.0,160400.0,160800.0,484760
2016-08-26,159200.0,161800.0,159200.0,161000.0,375040
2016-08-29,161200.0,163800.0,160000.0,162000.0,420195
2016-08-30,162200.0,164200.0,161000.0,164200.0,353120
2016-08-31,168600.0,170000.0,165400.0,169000.0,791335
2016-09-01,169000.0,169400.0,163800.0,165800.0,451520
2016-09-02,166600.0,167000.0,164400.0,166200.0,327965
2016-09-05,168400.0,171000.0,168400.0,170000.0,259000
2016-09-06,171600.0,175000.0,166600.0,168600.0,604535
2016-09-07,168600.0,174800.0,167600.0,174400.0,436095
2016-09-08,173800.0,174400.0,170200.0,173800.0,391965
2016-09-09,170400.0,172000.0,168200.0,169400.0,416675
2016-09-12,167000.0,168600.0,166200.0,168000.0,347560
2016-09-13,170000.0,170200.0,166600.0,168200.0,348345
2016-09-19,170600.0,174000.0,169000.0,171200.0,586770
2016-09-20,171600.0,173400.0,167000.0,167200.0,547270
2016-09-21,167200.0,172800.0,167200.0,171000.0,543780
2016-09-22,173400.0,174800.0,171000.0,174600.0,561990
2016-09-23,176400.0,176400.0,172200.0,175600.0,370470
2016-09-26,175800.0,176800.0,173800.0,175200.0,210255
2016-09-27,175200.0,178000.0,173200.0,176800.0,403515
2016-09-28,177200.0,179000.0,176800.0,177400.0,273915
2016-09-29,178000.0,180600.0,177400.0,180000.0,385935
2016-09-30,177200.0,177600.0,171800.0,176600.0,862565
2016-10-04,176600.0,176800.0,170000.0,171600.0,546000
2016-10-05,170600.0,175000.0,170200.0,173400.0,332615
2016-10-06,173800.0,174800.0,170400.0,172200.0,274215
2016-10-07,172000.0,172200.0,166800.0,168600.0,379640
2016-10-10,170600.0,176000.0,169600.0,174400.0,346245
2016-10-11,177600.0,178800.0,170600.0,172400.0,350610
2016-10-12,174000.0,176000.0,172400.0,172800.0,320420
2016-10-13,171800.0,172600.0,165400.0,165400.0,480495
2016-10-14,166200.0,169800.0,166200.0,168800.0,281195
2016-10-17,168400.0,171400.0,166600.0,170200.0,388605
2016-10-18,170800.0,171600.0,167600.0,169200.0,405305
2016-10-19,168200.0,169000.0,164600.0,165800.0,428005
2016-10-20,166000.0,169000.0,165200.0,168800.0,580895
2016-10-21,167600.0,168000.0,165800.0,166200.0,302760
2016-10-24,165200.0,167200.0,165200.0,166600.0,676375
2016-10-25,165000.0,168600.0,165000.0,167400.0,433705
2016-10-26,165400.0,170400.0,165400.0,169600.0,355425
2016-10-27,172600.0,176600.0,170600.0,171800.0,891990
2016-10-28,174200.0,175200.0,171000.0,172000.0,402110
2016-10-31,171600.0,173200.0,169400.0,171400.0,331060
2016-11-01,172000.0,172000.0,166400.0,169400.0,1123265
2016-11-02,169800.0,170000.0,164600.0,165200.0,426830
2016-11-03,165200.0,165200.0,162400.0,162400.0,341725
2016-11-04,161600.0,162000.0,157000.0,157800.0,512375
2016-11-07,159600.0,165800.0,159000.0,164000.0,499495
2016-11-08,165800.0,167600.0,162200.0,163000.0,314520
2016-11-09,165200.0,165400.0,156800.0,161000.0,621875
2016-11-10,163200.0,163800.0,160200.0,161200.0,412645
2016-11-11,156200.0,158000.0,151400.0,152000.0,1071655
2016-11-14,152000.0,155800.0,149200.0,149200.0,697325
2016-11-15,149200.0,152400.0,147800.0,148800.0,665320
2016-11-16,150200.0,151800.0,148200.0,150200.0,774980
2016-11-17,149600.0,151000.0,148600.0,149000.0,496945
2016-11-18,152000.0,154600.0,150000.0,154200.0,722370
2016-11-21,154200.0,159800.0,151800.0,157200.0,736210
2016-11-22,157600.0,162600.0,157400.0,162000.0,526770
2016-11-23,159000.0,161800.0,158400.0,159000.0,377550
2016-11-24,157800.0,161000.0,156600.0,160400.0,351705
2016-11-25,162000.0,163400.0,160400.0,161000.0,623920
2016-11-28,160400.0,163000.0,158400.0,161600.0,380760
2016-11-29,160400.0,163000.0,160200.0,160200.0,283105
2016-11-30,160400.0,162000.0,157200.0,159600.0,842935
2016-12-01,158000.0,159600.0,152800.0,152800.0,519310
2016-12-02,155400.0,155400.0,150800.0,151000.0,399800
2016-12-05,149800.0,153800.0,148800.0,152800.0,410670
2016-12-06,154800.0,155600.0,150000.0,151200.0,492710
2016-12-07,151400.0,152400.0,149800.0,150000.0,264505
2016-12-08,151200.0,160800.0,151200.0,160800.0,674935
2016-12-09,160800.0,162800.0,159200.0,160000.0,411510
2016-12-12,160800.0,161600.0,157600.0,158400.0,302605
2016-12-13,158800.0,159000.0,156400.0,157200.0,303985
2016-12-14,158600.0,159200.0,156200.0,157000.0,263835
2016-12-15,157000.0,158800.0,156800.0,157200.0,419820
2016-12-16,159400.0,161200.0,157800.0,161200.0,501105
2016-12-19,160200.0,161200.0,159200.0,160000.0,238945
2016-12-20,160000.0,160400.0,157000.0,157400.0,328070
2016-12-21,159000.0,159400.0,155800.0,155800.0,220970
2016-12-22,155800.0,157200.0,153400.0,154600.0,393385
2016-12-23,154200.0,155400.0,152400.0,153600.0,266875
2016-12-26,153200.0,154600.0,153000.0,153000.0,103325
2016-12-27,153200.0,154600.0,152600.0,154400.0,159810
2016-12-28,157000.0,157000.0,152600.0,152600.0,288685
2016-12-29,151600.0,155400.0,150800.0,155000.0,281620
2017-01-02,155600.0,157400.0,155000.0,155400.0,153885
2017-01-03,155400.0,155400.0,153400.0,153400.0,258830
2017-01-04,155000.0,162000.0,154200.0,162000.0,601795
2017-01-05,162000.0,162000.0,158200.0,158200.0,343620
2017-01-06,158200.0,160200.0,157200.0,159800.0,251345
2017-01-09,158200.0,159800.0,155400.0,155800.0,383440
2017-01-10,157400.0,158600.0,155800.0,158400.0,236860
2017-01-11,157200.0,160400.0,157200.0,159200.0,243710
2017-01-12,159800.0,163000.0,159200.0,160400.0,281945
2017-01-13,160400.0,161000.0,157400.0,158000.0,341155
2017-01-16,158400.0,160200.0,154800.0,158800.0,275210
2017-01-17,157400.0,159400.0,156400.0,159000.0,254710
2017-01-18,160000.0,160000.0,157400.0,157600.0,275880
2017-01-19,157400.0,161200.0,157400.0,160200.0,339055
2017-01-20,159400.0,159600.0,157000.0,157000.0,367175
2017-01-23,155600.0,155800.0,152600.0,154200.0,453340
2017-01-24,154200.0,154200.0,152000.0,152200.0,534400
2017-01-25,152600.0,153600.0,152000.0,152600.0,595025
2017-01-26,150200.0,152600.0,147200.0,150600.0,1372095
2017-01-31,150000.0,153400.0,148600.0,151600.0,638050
2017-02-01,152200.0,154800.0,152000.0,154200.0,462705
2017-02-02,155200.0,156000.0,154000.0,154400.0,605250
2017-02-03,154000.0,155200.0,153400.0,154800.0,712070
2017-02-06,156200.0,156200.0,154400.0,155800.0,635145
2017-02-07,155600.0,160400.0,155000.0,160000.0,675555
2017-02-08,159800.0,159800.0,158200.0,159000.0,388215
2017-02-09,157600.0,159200.0,156600.0,157400.0,510115
2017-02-10,159000.0,159000.0,157400.0,159000.0,337445
2017-02-13,160000.0,160600.0,157600.0,159000.0,296900
2017-02-14,157000.0,158000.0,153200.0,154000.0,599535
2017-02-15,153800.0,155400.0,153600.0,154600.0,332175
2017-02-16,154000.0,155400.0,153800.0,155400.0,369105
2017-02-17,154600.0,157000.0,154400.0,156000.0,521705
2017-02-20,154600.0,156800.0,154400.0,156200.0,375210
2017-02-21,155600.0,158600.0,155200.0,158000.0,577870
2017-02-22,157600.0,160000.0,157200.0,159400.0,536860
2017-02-23,161000.0,163000.0,160800.0,161600.0,484775
2017-02-24,160600.0,161400.0,158600.0,160600.0,385865
2017-02-27,160000.0,161400.0,158400.0,159200.0,169475
2017-02-28,158800.0,160000.0,155200.0,155200.0,486990
2017-03-02,159800.0,163800.0,158000.0,163000.0,754810
2017-03-03,163200.0,167800.0,158800.0,161800.0,491510
2017-03-06,162000.0,163400.0,159000.0,160000.0,289975
2017-03-07,160000.0,161200.0,158800.0,159800.0,241580
2017-03-08,159600.0,161400.0,158200.0,160000.0,281890
2017-03-09,160200.0,161200.0,157800.0,157800.0,378925
2017-03-10,157800.0,160400.0,156600.0,160000.0,244535
2017-03-13,160000.0,166600.0,159800.0,165200.0,417320
2017-03-14,165400.0,166600.0,162200.0,163000.0,472435
2017-03-15,163400.0,165200.0,162000.0,164000.0,203935
2017-03-16,166800.0,167000.0,163400.0,163800.0,266575
2017-03-17,165000.0,166600.0,163800.0,165400.0,295345
2017-03-20,166000.0,166000.0,162000.0,163600.0,296465
2017-03-21,165600.0,174400.0,165000.0,174200.0,750975
2017-03-22,174000.0,174200.0,169200.0,169800.0,396060
2017-03-23,172000.0,174400.0,170200.0,172800.0,400310
2017-03-24,172800.0,176000.0,172800.0,174400.0,278930
2017-03-27,173000.0,178400.0,173000.0,177000.0,302295
2017-03-28,177000.0,177200.0,170200.0,170600.0,412375
2017-03-29,171800.0,173000.0,170800.0,172800.0,293580
2017-03-30,173000.0,174800.0,171200.0,172200.0,285375
2017-03-31,172200.0,174000.0,170800.0,171000.0,250130
2017-04-03,171000.0,175600.0,168600.0,174600.0,274420
2017-04-04,173600.0,173800.0,169200.0,170000.0,297970
2017-04-05,171400.0,171800.0,167000.0,168600.0,498370
2017-04-06,167600.0,168000.0,165200.0,168000.0,360515
2017-04-07,167400.0,168400.0,165000.0,165600.0,288355
2017-04-10,164600.0,165600.0,162200.0,163600.0,357030
2017-04-11,162000.0,162200.0,153400.0,154000.0,1315330
2017-04-12,154600.0,155400.0,151400.0,153600.0,1027245
2017-04-13,154600.0,160600.0,154000.0,160400.0,865200
2017-04-14,159600.0,162200.0,157200.0,157400.0,298945
2017-04-17,156000.0,158600.0,154600.0,157000.0,277915
2017-04-18,158200.0,158200.0,155400.0,155600.0,271110
2017-04-19,155600.0,157000.0,155400.0,155400.0,414170
2017-04-20,157000.0,160000.0,156200.0,159200.0,491485
2017-04-21,160200.0,162600.0,159200.0,162600.0,429565
2017-04-24,162200.0,162600.0,161000.0,162000.0,434330
2017-04-25,163000.0,163000.0,160600.0,163000.0,756755
2017-04-26,163000.0,163200.0,160800.0,161400.0,805525
2017-04-27,159200.0,160000.0,157000.0,158200.0,845670
2017-04-28,158200.0,160600.0,158200.0,160000.0,562865
2017-05-02,160000.0,161400.0,158000.0,160200.0,543710
2017-05-04,161200.0,164600.0,160600.0,164600.0,440910
2017-05-08,164600.0,169000.0,163000.0,169000.0,669455
2017-05-10,171800.0,175600.0,164600.0,164800.0,705380
2017-05-11,168200.0,173200.0,167400.0,173200.0,874490
2017-05-12,172800.0,173000.0,168400.0,169600.0,382985
2017-05-15,170600.0,170800.0,166800.0,167800.0,237630
2017-05-16,167800.0,170000.0,166000.0,167800.0,274785
2017-05-17,167000.0,167600.0,165800.0,166400.0,366720
2017-05-18,165800.0,166400.0,163400.0,164800.0,294995
2017-05-19,164400.0,166600.0,164400.0,166400.0,625785
2017-05-22,169600.0,169600.0,166800.0,169400.0,350695
2017-05-23,169200.0,170000.0,167600.0,168400.0,372980
2017-05-24,170000.0,171000.0,168400.0,170400.0,458045
2017-05-25,171000.0,171600.0,169600.0,170400.0,334035
2017-05-26,172000.0,172600.0,170800.0,171000.0,308290
2017-05-29,172000.0,172800.0,170400.0,171200.0,227025
2017-05-30,171200.0,171800.0,169000.0,170400.0,335805
2017-05-31,169800.0,172800.0,168600.0,169000.0,477640
2017-06-01,170000.0,172000.0,168400.0,168400.0,275535
2017-06-02,168600.0,172800.0,168600.0,172800.0,343200
2017-06-05,170800.0,177400.0,170800.0,175200.0,521740
2017-06-07,175200.0,177600.0,174200.0,175200.0,420540
2017-06-08,177000.0,178600.0,175400.0,178000.0,525280
2017-06-09,179000.0,195000.0,178800.0,192000.0,917310
2017-06-12,185200.0,186600.0,179000.0,179000.0,991915
2017-06-13,179000.0,183800.0,178200.0,179000.0,563110
2017-06-14,179600.0,182800.0,175000.0,176600.0,665990
2017-06-15,176000.0,179200.0,175800.0,177000.0,384370
2017-06-16,177800.0,178400.0,174600.0,178400.0,483825
2017-06-19,177400.0,179600.0,175200.0,175600.0,317660
2017-06-20,178400.0,178600.0,172800.0,173200.0,419665
2017-06-21,171400.0,176200.0,166400.0,176000.0,488765
2017-06-22,175600.0,177600.0,174200.0,176000.0,296625
2017-06-23,176800.0,179200.0,175000.0,177400.0,308105
2017-06-26,178200.0,180600.0,176200.0,177600.0,294740
2017-06-27,178000.0,180400.0,173200.0,173800.0,3431730
2017-06-28,171600.0,173000.0,170200.0,172200.0,506555
2017-06-29,172800.0,173600.0,170200.0,170600.0,360930
2017-06-30,169000.0,170000.0,167000.0,167600.0,559895
2017-07-03,168800.0,170000.0,166600.0,168800.0,320725
2017-07-04,168000.0,169400.0,167400.0,168000.0,224630
2017-07-05,167400.0,168000.0,166200.0,167000.0,325600
2017-07-06,166800.0,167000.0,163600.0,165000.0,541180
2017-07-07,165000.0,168200.0,164400.0,167600.0,465745
2017-07-10,165800.0,166800.0,162600.0,162600.0,471615
2017-07-11,162600.0,167000.0,162600.0,166000.0,413570
2017-07-12,166200.0,167800.0,163000.0,164200.0,354560
2017-07-13,163400.0,167400.0,163400.0,166000.0,459420
2017-07-14,165800.0,167800.0,165200.0,167800.0,493310
2017-07-17,168000.0,168800.0,167000.0,167800.0,424760
2017-07-18,168200.0,168800.0,165200.0,166000.0,316460
2017-07-19,166200.0,168400.0,166000.0,167000.0,347190
2017-07-20,166600.0,168400.0,165400.0,167000.0,318190
2017-07-21,166400.0,168000.0,166400.0,167800.0,303995
2017-07-24,167400.0,167600.0,164200.0,166600.0,342805
2017-07-25,166800.0,167600.0,164800.0,167400.0,329950
2017-07-26,168000.0,168200.0,163800.0,165000.0,411715
2017-07-27,164000.0,165800.0,163800.0,165000.0,352395
2017-07-28,164200.0,164800.0,159800.0,159800.0,629375
2017-07-31,159800.0,161600.0,157200.0,160600.0,438425
2017-08-01,158800.0,160400.0,158000.0,159200.0,414640
2017-08-02,158400.0,160000.0,158200.0,159000.0,418455
2017-08-03,158800.0,159600.0,155000.0,155600.0,674650
2017-08-04,155800.0,157000.0,155200.0,155200.0,336765
2017-08-07,155400.0,160600.0,153600.0,159200.0,744615
2017-08-08,160200.0,163200.0,160000.0,162000.0,520245
2017-08-09,159600.0,161400.0,159400.0,159600.0,259865
2017-08-10,158800.0,160400.0,158200.0,158800.0,367510
2017-08-11,156200.0,159600.0,156000.0,159000.0,269710
2017-08-14,161400.0,161400.0,155200.0,155800.0,396985
2017-08-16,156000.0,158000.0,155800.0,157400.0,349085
2017-08-17,156200.0,157200.0,155200.0,155400.0,367040
2017-08-18,154600.0,157000.0,154600.0,156800.0,263105
2017-08-21,156800.0,157000.0,155000.0,156200.0,202420
2017-08-22,156200.0,156200.0,152600.0,153400.0,1149490
2017-08-23,154400.0,156200.0,154000.0,154600.0,485075
2017-08-24,154000.0,154800.0,153200.0,154200.0,584980
2017-08-25,154200.0,157400.0,154200.0,156000.0,413035
2017-08-28,156200.0,158600.0,155800.0,156600.0,545185
2017-08-29,155800.0,156000.0,153400.0,155600.0,528455
2017-08-30,155600.0,156600.0,154200.0,154800.0,564995
2017-08-31,153800.0,154000.0,150200.0,151000.0,991250
2017-09-01,151400.0,152200.0,149000.0,149200.0,732700
2017-09-04,144800.0,146800.0,144800.0,145200.0,702385
2017-09-05,145600.0,148400.0,145400.0,147200.0,487885
2017-09-06,145800.0,147800.0,145000.0,147400.0,401195
2017-09-07,147200.0,147400.0,146000.0,146000.0,340875
2017-09-08,145000.0,146600.0,144800.0,145400.0,354400
2017-09-11,145400.0,145400.0,143400.0,144000.0,377585
2017-09-12,144600.0,148400.0,143600.0,147000.0,415155
2017-09-13,146600.0,147000.0,145000.0,145800.0,371380
2017-09-14,146000.0,153800.0,145800.0,153000.0,1132945
2017-09-15,152800.0,152800.0,150400.0,152000.0,496310
2017-09-18,152400.0,157200.0,152200.0,156200.0,614480
2017-09-19,155000.0,155400.0,152800.0,154000.0,369870
2017-09-20,154800.0,157400.0,153400.0,156600.0,431835
2017-09-21,155400.0,156200.0,152000.0,152600.0,338785
2017-09-25,152000.0,152600.0,149800.0,150800.0,369320
2017-09-26,150800.0,150800.0,150800.0,150800.0,0
2017-09-27,150000.0,150400.0,146800.0,146800.0,460270
2017-09-28,146000.0,149000.0,146000.0,146600.0,543805
2017-09-29,146600.0,149800.0,146600.0,149000.0,263995
2017-10-10,149400.0,154000.0,148800.0,151200.0,822795
2017-10-11,150200.0,151000.0,149200.0,150200.0,296145
2017-10-12,150200.0,154400.0,150200.0,153600.0,572635
2017-10-13,153600.0,153600.0,151600.0,152400.0,365215
2017-10-16,152800.0,153400.0,151800.0,152400.0,326530
2017-10-17,153400.0,154400.0,152800.0,153600.0,464470
2017-10-18,153600.0,163400.0,153600.0,163000.0,1098155
2017-10-19,163600.0,165200.0,161000.0,162200.0,896165
2017-10-20,163600.0,164600.0,158400.0,160200.0,515455
2017-10-23,161200.0,162400.0,158600.0,159800.0,324350
2017-10-24,159400.0,162000.0,159000.0,160200.0,277285
2017-10-25,160000.0,162200.0,159000.0,160800.0,466290
2017-10-26,168800.0,170800.0,166000.0,168000.0,1711705
2017-10-27,172000.0,175800.0,172000.0,175800.0,1183225
2017-10-30,177400.0,179800.0,174000.0,175200.0,528590
2017-10-31,175000.0,179200.0,173600.0,178800.0,655095
2017-11-01,174000.0,175800.0,170600.0,172000.0,1160390
2017-11-02,172000.0,174600.0,171000.0,171200.0,352770
2017-11-03,170400.0,173600.0,170000.0,172600.0,314870
2017-11-06,172000.0,174800.0,171000.0,172200.0,322075
2017-11-07,174400.0,174400.0,170000.0,172000.0,422140
2017-11-08,170800.0,171200.0,168400.0,169800.0,513455
2017-11-09,168600.0,168800.0,164800.0,165000.0,883010
2017-11-10,164400.0,166000.0,161400.0,162800.0,786245
2017-11-13,162200.0,164800.0,161400.0,163800.0,470865
2017-11-14,164400.0,164400.0,160400.0,161000.0,592160
2017-11-15,161000.0,161600.0,158400.0,161000.0,455915
2017-11-16,161000.0,161600.0,159600.0,160400.0,432550
2017-11-17,161400.0,164400.0,160400.0,161000.0,726375
2017-11-20,161600.0,161800.0,159200.0,160200.0,429465
2017-11-21,160400.0,162000.0,159600.0,161600.0,398410
2017-11-22,162800.0,163000.0,159600.0,160200.0,477160
2017-11-23,161000.0,161400.0,158800.0,160200.0,338095
2017-11-24,160000.0,162400.0,159400.0,162000.0,341275
2017-11-27,161600.0,161800.0,157600.0,159000.0,586930
2017-11-28,159800.0,162200.0,159200.0,161400.0,476860
2017-11-29,161000.0,162800.0,160400.0,162400.0,459090
2017-11-30,162200.0,162200.0,160000.0,160000.0,786660
2017-12-01,161800.0,166600.0,160200.0,166200.0,766425
2017-12-04,167400.0,169600.0,165600.0,167800.0,680135
2017-12-05,168000.0,168600.0,166200.0,166600.0,320020
2017-12-06,166600.0,166800.0,164800.0,165200.0,345995
2017-12-07,166800.0,169600.0,165800.0,167400.0,775000
2017-12-08,167000.0,167600.0,164200.0,166000.0,294465
2017-12-11,166000.0,167000.0,164000.0,165200.0,288000
2017-12-12,164400.0,169000.0,164400.0,165600.0,365095
2017-12-13,165800.0,168400.0,164800.0,168200.0,358000
2017-12-14,168400.0,169800.0,167000.0,167000.0,715485
2017-12-15,168200.0,168800.0,167400.0,168800.0,455680
2017-12-18,168800.0,173000.0,168000.0,172000.0,590485
2017-12-19,172600.0,174000.0,170000.0,171000.0,398335
2017-12-21,169800.0,170600.0,166800.0,168400.0,413485
2017-12-22,170000.0,172800.0,168600.0,172400.0,437290
2017-12-26,173000.0,176000.0,171800.0,174800.0,519025
2017-12-27,174400.0,175600.0,173200.0,175400.0,286780
2017-12-28,176000.0,176200.0,172000.0,174000.0,326850
2018-01-02,174200.0,177000.0,174000.0,177000.0,467935
2018-01-03,175200.0,176800.0,172800.0,174200.0,423950
2018-01-04,175800.0,179400.0,174600.0,178600.0,650560
2018-01-05,178600.0,183600.0,176000.0,181600.0,684055
2018-01-08,183000.0,190600.0,181600.0,190000.0,981690
2018-01-09,188800.0,190400.0,186600.0,188800.0,390135
2018-01-10,188600.0,195000.0,185400.0,185600.0,600485
2018-01-11,185600.0,186800.0,181800.0,183400.0,469270
2018-01-12,184000.0,186000.0,180200.0,181800.0,447070
2018-01-15,183400.0,185000.0,182200.0,184200.0,296000
2018-01-16,183800.0,184800.0,178600.0,180600.0,476510
2018-01-17,180600.0,181200.0,177600.0,177600.0,535130
2018-01-18,178600.0,181200.0,178600.0,180600.0,451540
2018-01-19,181000.0,181400.0,176000.0,176200.0,502825
2018-01-22,176800.0,178600.0,176400.0,178600.0,377715
2018-01-23,179800.0,179800.0,176800.0,177800.0,402375
2018-01-24,177800.0,177800.0,174000.0,175600.0,590605
2018-01-25,175600.0,184400.0,173400.0,182600.0,845950
2018-01-26,182600.0,185800.0,182000.0,185400.0,556845
2018-01-29,184600.0,189600.0,184400.0,186400.0,514580
2018-01-30,185600.0,190000.0,184600.0,186200.0,510590
2018-01-31,186600.0,189000.0,182000.0,182000.0,625920
2018-02-01,182000.0,186400.0,181800.0,184600.0,403035
2018-02-02,186000.0,186400.0,180400.0,181000.0,410755
2018-02-05,181000.0,181000.0,175400.0,175800.0,484835
2018-02-06,172800.0,175600.0,167600.0,170200.0,772695
2018-02-07,174000.0,174400.0,168000.0,168600.0,478815
2018-02-08,172000.0,172000.0,168400.0,168600.0,514750
2018-02-09,163400.0,166000.0,161200.0,161600.0,790350
2018-02-12,163400.0,163400.0,159600.0,160000.0,953715
2018-02-13,162600.0,164400.0,160600.0,161000.0,685125
2018-02-14,162400.0,163800.0,161600.0,162200.0,370820
2018-02-19,166000.0,166000.0,163000.0,164000.0,416685
2018-02-20,163600.0,163600.0,160800.0,161400.0,336005
2018-02-21,162000.0,167200.0,161800.0,166600.0,707840
2018-02-22,166200.0,167400.0,163800.0,165400.0,361210
2018-02-23,166200.0,168400.0,164000.0,165800.0,354320
2018-02-26,166800.0,166800.0,161600.0,162000.0,635640
2018-02-27,162000.0,162600.0,160200.0,160800.0,714890
2018-02-28,161600.0,163600.0,160400.0,160600.0,1951325
2018-03-02,158800.0,160000.0,154400.0,157200.0,1086525
2018-03-05,157200.0,158000.0,155800.0,155800.0,395610
2018-03-06,157200.0,160000.0,156400.0,159200.0,390060
2018-03-07,160800.0,161000.0,158200.0,159000.0,360550
2018-03-08,159600.0,159800.0,158200.0,159800.0,396090
2018-03-09,160600.0,162800.0,159400.0,160400.0,429025
2018-03-12,161600.0,163000.0,160800.0,161200.0,345055
2018-03-13,161200.0,165200.0,160600.0,164000.0,606115
2018-03-14,162600.0,162800.0,160200.0,161800.0,376640
2018-03-15,162600.0,164800.0,161400.0,164000.0,341525
2018-03-16,163200.0,163400.0,159400.0,160200.0,717990
2018-03-19,160200.0,160400.0,156400.0,157000.0,600070
2018-03-20,155400.0,159200.0,154800.0,159000.0,441955
2018-03-21,159000.0,159600.0,158400.0,158800.0,424565
2018-03-22,159800.0,161000.0,159600.0,160600.0,336730
2018-03-23,157600.0,158400.0,156000.0,156600.0,489340
2018-03-26,155600.0,158000.0,155400.0,157800.0,276195
2018-03-27,160000.0,160000.0,157200.0,157800.0,283160
2018-03-28,157400.0,158600.0,155400.0,156800.0,262300
2018-03-29,156800.0,158000.0,155600.0,157200.0,337800
2018-03-30,158800.0,159800.0,157200.0,158400.0,288805
2018-04-02,156600.0,158400.0,156400.0,157000.0,398100
2018-04-03,159600.0,159800.0,156000.0,157000.0,341015
2018-04-04,156400.0,157200.0,149400.0,150800.0,829645
2018-04-05,152800.0,155800.0,152400.0,155800.0,472310
2018-04-06,155200.0,156400.0,153200.0,154000.0,384070
2018-04-09,153800.0,154800.0,152800.0,154800.0,290395
2018-04-10,154200.0,156600.0,153800.0,155000.0,395640
2018-04-11,154400.0,156200.0,153800.0,154200.0,308250
2018-04-12,153800.0,154200.0,151000.0,151400.0,559025
2018-04-13,151600.0,153200.0,150600.0,152800.0,341355
2018-04-16,153000.0,153000.0,150000.0,150200.0,392100
2018-04-17,150800.0,151600.0,149000.0,149600.0,442125
2018-04-18,150200.0,151600.0,150000.0,150400.0,416345
2018-04-19,148400.0,149600.0,146800.0,147600.0,622595
2018-04-20,147600.0,149000.0,145200.0,145600.0,479485
2018-04-23,145400.0,147600.0,145400.0,147000.0,312160
2018-04-24,147000.0,147000.0,144400.0,145000.0,497990
2018-04-25,145200.0,150200.0,144800.0,148600.0,618915
2018-04-26,146400.0,149200.0,145000.0,145000.0,1071125
2018-04-27,145000.0,145400.0,142400.0,143200.0,1049185
2018-04-30,144200.0,144200.0,142400.0,143200.0,398655
2018-05-02,145200.0,147800.0,144800.0,147600.0,509325
2018-05-03,147800.0,149000.0,145200.0,145400.0,316640
2018-05-04,145000.0,147000.0,143400.0,143400.0,511785
2018-05-08,145400.0,147600.0,144200.0,146200.0,487275
2018-05-09,146000.0,148000.0,144600.0,145400.0,475655
2018-05-10,146000.0,147000.0,143600.0,144000.0,416805
2018-05-11,144200.0,145800.0,142800.0,143400.0,547725
2018-05-14,144000.0,144400.0,142800.0,143400.0,288745
2018-05-15,142800.0,143600.0,142200.0,142200.0,399725
2018-05-16,142400.0,143000.0,139600.0,140000.0,620065
2018-05-17,140000.0,140600.0,139400.0,139400.0,461815
2018-05-18,139400.0,140000.0,136800.0,137600.0,565205
2018-05-21,137200.0,138000.0,135200.0,136400.0,505590
2018-05-23,136000.0,137600.0,135400.0,136800.0,430280
2018-05-24,136400.0,137000.0,135600.0,136000.0,222435
2018-05-25,137000.0,138800.0,136400.0,137000.0,378775
2018-05-28,137000.0,137400.0,135800.0,136000.0,270430
2018-05-29,135800.0,136000.0,133400.0,133600.0,467685
2018-05-30,133400.0,134000.0,129600.0,130400.0,669825
2018-05-31,132000.0,134200.0,130800.0,133800.0,1050965
2018-06-01,134800.0,137200.0,134400.0,136000.0,457305
2018-06-04,136200.0,137400.0,134200.0,134600.0,409355
2018-06-05,135600.0,136000.0,132800.0,134800.0,335760
2018-06-07,135000.0,136400.0,134800.0,136000.0,390905
2018-06-08,136000.0,141600.0,136000.0,140200.0,941455
2018-06-11,140200.0,142400.0,139000.0,142200.0,689250
2018-06-12,142400.0,143800.0,140800.0,143400.0,621335
2018-06-14,143800.0,145000.0,141000.0,141400.0,794555
2018-06-15,141000.0,141200.0,137400.0,138000.0,701510
2018-06-18,138000.0,139000.0,137200.0,138800.0,529295
2018-06-19,138000.0,138800.0,137600.0,137600.0,551610
2018-06-20,137800.0,138400.0,137400.0,137800.0,532395
2018-06-21,137000.0,140600.0,136800.0,139800.0,589410
2018-06-22,138000.0,144800.0,138000.0,144600.0,801570
2018-06-25,145600.0,150000.0,145400.0,149600.0,1276330
2018-06-26,148400.0,149200.0,146000.0,147000.0,537640
2018-06-27,149400.0,149600.0,147800.0,147800.0,436380
2018-06-28,147600.0,150200.0,145200.0,149400.0,682685
2018-06-29,150000.0,152800.0,149600.0,152600.0,779575
2018-07-02,153000.0,153000.0,149000.0,150200.0,539590
2018-07-03,151800.0,152600.0,148600.0,149400.0,431525
2018-07-04,153800.0,155800.0,152000.0,153600.0,899695
2018-07-05,151200.0,153800.0,151200.0,153000.0,286595
2018-07-06,151000.0,151600.0,149200.0,149800.0,409335
2018-07-09,149800.0,155800.0,149600.0,151000.0,471880
2018-07-10,151400.0,153600.0,151200.0,152000.0,375645
2018-07-11,152600.0,154200.0,151400.0,153800.0,434425
2018-07-12,155000.0,156400.0,152800.0,156400.0,479835
2018-07-13,156000.0,156400.0,153000.0,154200.0,379850
2018-07-16,154200.0,154600.0,153400.0,154200.0,288625
2018-07-17,153800.0,153800.0,151000.0,151800.0,264885
2018-07-18,152400.0,154200.0,151800.0,152800.0,158810
2018-07-19,154400.0,156000.0,152600.0,153000.0,252110
2018-07-20,153000.0,154400.0,151000.0,154000.0,252245
2018-07-23,154200.0,155400.0,153000.0,154800.0,407150
2018-07-24,155000.0,155200.0,148400.0,149000.0,422515
2018-07-25,151800.0,151800.0,148400.0,149200.0,472905
2018-07-26,150400.0,152200.0,143200.0,150200.0,1121260
2018-07-27,147000.0,150200.0,146600.0,150200.0,569095
2018-07-30,149400.0,149600.0,145200.0,146000.0,543330
2018-07-31,145200.0,145600.0,142400.0,143200.0,618420
2018-08-01,143600.0,145600.0,143000.0,145600.0,514795
2018-08-02,145600.0,147600.0,144200.0,145600.0,404885
2018-08-03,144600.0,146200.0,144200.0,146200.0,534385
2018-08-06,146600.0,149600.0,146200.0,147000.0,303035
2018-08-07,148400.0,150800.0,147200.0,148800.0,324185
2018-08-08,148400.0,151200.0,148400.0,150000.0,312410
2018-08-09,150600.0,155800.0,149000.0,155800.0,665170
2018-08-10,155400.0,156400.0,154000.0,154200.0,345420
2018-08-13,153400.0,153400.0,150000.0,151000.0,418340
2018-08-14,152000.0,153400.0,150800.0,151400.0,308015
2018-08-16,150000.0,152600.0,149000.0,150000.0,570495
2018-08-17,150800.0,153600.0,149600.0,151000.0,193900
2018-08-20,152800.0,153200.0,150600.0,151000.0,194680
2018-08-21,150800.0,152200.0,149400.0,149400.0,241605
2018-08-22,149400.0,149600.0,148200.0,149400.0,239675
2018-08-23,151000.0,154600.0,150400.0,154400.0,495420
2018-08-24,154200.0,155800.0,151000.0,151600.0,271300
2018-08-27,152600.0,155000.0,152000.0,153800.0,223740
2018-08-28,154400.0,154400.0,150600.0,151200.0,233335
2018-08-29,151200.0,152000.0,149600.0,149600.0,274750
2018-08-30,149600.0,151400.0,149000.0,149200.0,238975
2018-08-31,149400.0,151200.0,149200.0,150400.0,289765
2018-09-03,150600.0,151000.0,149400.0,150800.0,156035
2018-09-04,151400.0,151400.0,149800.0,151000.0,187280
2018-09-05,150600.0,150600.0,145400.0,147200.0,591425
2018-09-06,147200.0,148000.0,145400.0,146000.0,352455
2018-09-07,146400.0,147000.0,144400.0,146400.0,322865
2018-09-10,144000.0,146400.0,144000.0,145000.0,359830
2018-09-11,144600.0,146200.0,144400.0,145200.0,292970
2018-09-12,146000.0,146800.0,145200.0,146000.0,291080
2018-09-13,147000.0,147000.0,144600.0,144600.0,514055
2018-09-14,145200.0,146600.0,144800.0,146000.0,365840
2018-09-17,145000.0,146200.0,144600.0,145600.0,269755
2018-09-18,144000.0,145800.0,144000.0,145000.0,277260
2018-09-19,145200.0,146800.0,145000.0,146200.0,276430
2018-09-20,144400.0,146800.0,144400.0,146200.0,287195
2018-09-21,148200.0,148600.0,144600.0,145000.0,375655
2018-09-27,143000.0,146000.0,142400.0,142600.0,390075
2018-09-28,143400.0,143800.0,142600.0,143200.0,487325
2018-10-01,143600.0,144400.0,142200.0,142600.0,211085
2018-10-02,143000.0,143000.0,137200.0,137800.0,744920
2018-10-04,140000.0,140400.0,137000.0,139000.0,353485
2018-10-05,136400.0,143200.0,136400.0,140800.0,427980
2018-10-08,140800.0,140800.0,140800.0,140800.0,0
2018-10-10,140800.0,140800.0,140800.0,140800.0,0
2018-10-11,140800.0,140800.0,140800.0,140800.0,0
2018-10-12,138000.0,142000.0,132500.0,142000.0,654013
2018-10-15,138500.0,139000.0,135000.0,136000.0,642772
2018-10-16,137500.0,138500.0,130000.0,133500.0,575704
2018-10-17,132500.0,134500.0,129500.0,130000.0,5304519
2018-10-18,128000.0,128000.0,123500.0,125000.0,880738
2018-10-19,124500.0,127500.0,124000.0,127500.0,1114452
2018-10-22,127500.0,130000.0,125500.0,129000.0,324730
2018-10-23,129000.0,130000.0,123500.0,125500.0,822259
2018-10-24,127500.0,129000.0,124500.0,127000.0,679196
2018-10-25,120500.0,121000.0,114000.0,119000.0,1529110
2018-10-26,119000.0,119000.0,110000.0,113000.0,1544405
2018-10-29,112500.0,113500.0,109000.0,109500.0,649910
2018-10-30,108000.0,112000.0,104000.0,110500.0,939865
2018-10-31,110500.0,115000.0,108500.0,114500.0,1016429
2018-11-01,113500.0,116500.0,110500.0,111500.0,805655
2018-11-02,111500.0,118500.0,111500.0,116500.0,1320415
2018-11-05,115000.0,115500.0,111500.0,113500.0,442640
2018-11-06,114000.0,117500.0,113500.0,117000.0,453810
2018-11-07,117500.0,119000.0,113500.0,115500.0,385827
2018-11-08,118000.0,120000.0,115500.0,116500.0,404191
2018-11-09,115000.0,118000.0,115000.0,115000.0,295733
2018-11-12,114500.0,116500.0,114500.0,115000.0,260849
2018-11-13,115500.0,117500.0,114000.0,116000.0,435937
2018-11-14,115500.0,116500.0,114000.0,115500.0,335405
2018-11-15,116000.0,116500.0,111500.0,112500.0,576671
2018-11-16,113500.0,114500.0,111500.0,112500.0,872059
2018-11-19,113000.0,114000.0,110500.0,111500.0,697289
2018-11-20,110000.0,112000.0,107000.0,108000.0,693868
2018-11-21,105500.0,107000.0,104500.0,106500.0,525328
2018-11-22,107000.0,111500.0,107000.0,109500.0,504744
2018-11-23,110000.0,115500.0,109500.0,114000.0,691736
2018-11-26,115000.0,124500.0,114500.0,124000.0,805023
2018-11-27,124000.0,129500.0,122500.0,125000.0,637199
2018-11-28,128500.0,130500.0,126500.0,129000.0,645902
2018-11-29,133000.0,134000.0,129000.0,130500.0,559552
2018-11-30,131000.0,131000.0,126000.0,126500.0,801837
2018-12-03,130500.0,130500.0,125000.0,126000.0,486166
2018-12-04,127500.0,127500.0,122500.0,123500.0,512742
2018-12-05,124500.0,127000.0,123000.0,125000.0,308805
2018-12-06,123000.0,124000.0,119500.0,120000.0,445309
2018-12-07,121500.0,123500.0,119500.0,121000.0,565663
2018-12-10,119000.0,121500.0,117500.0,119000.0,376421
2018-12-11,120000.0,123500.0,117500.0,123000.0,506349
2018-12-12,124000.0,126000.0,122500.0,124500.0,490812
2018-12-13,125500.0,125500.0,123000.0,124000.0,972556
2018-12-14,123500.0,124000.0,121500.0,123500.0,259268
2018-12-17,124000.0,124000.0,120500.0,122000.0,294847
2018-12-18,120500.0,124000.0,120000.0,122000.0,342972
2018-12-19,123000.0,128500.0,122500.0,127500.0,385472
2018-12-20,125500.0,128000.0,123500.0,127000.0,364624
2018-12-21,127000.0,127000.0,121000.0,121500.0,507653
2018-12-24,122000.0,124500.0,121000.0,123000.0,278884
2018-12-26,121000.0,122000.0,117500.0,119000.0,275517
2018-12-27,120500.0,123000.0,118500.0,122500.0,371637
2018-12-28,122500.0,123000.0,120500.0,122000.0,322665
2019-01-02,121000.0,122000.0,117000.0,118000.0,356120
2019-01-03,120000.0,125000.0,119000.0,122000.0,525020
2019-01-04,123500.0,126000.0,122500.0,125500.0,520785
2019-01-07,128000.0,132500.0,127000.0,131500.0,502619
2019-01-08,132000.0,134000.0,129000.0,130000.0,376127
2019-01-09,131000.0,134500.0,129500.0,133000.0,381372
2019-01-10,132000.0,134500.0,130000.0,131000.0,293112
2019-01-11,133000.0,134500.0,130500.0,131000.0,322925
2019-01-14,130000.0,130500.0,125000.0,127000.0,525411
2019-01-15,127500.0,132500.0,127500.0,132500.0,335999
2019-01-16,132500.0,135000.0,131000.0,132500.0,272719
2019-01-17,131500.0,138000.0,131500.0,136000.0,407099
2019-01-18,137000.0,138500.0,136500.0,137500.0,328761
2019-01-21,138000.0,138000.0,131000.0,131000.0,457161
2019-01-22,128500.0,130500.0,126500.0,130000.0,502285
2019-01-23,130000.0,134500.0,130000.0,132500.0,259375
2019-01-24,131000.0,132500.0,127500.0,129500.0,562335
2019-01-25,127500.0,131000.0,127000.0,130000.0,281650
2019-01-28,129500.0,132500.0,129500.0,132000.0,283360
2019-01-29,130000.0,136500.0,130000.0,136000.0,411369
2019-01-30,139000.0,139500.0,133000.0,136000.0,462280
2019-01-31,138000.0,143500.0,136000.0,136000.0,1054276
2019-02-01,138000.0,140000.0,133000.0,133500.0,530284
2019-02-07,132000.0,134000.0,128500.0,129000.0,737938
2019-02-08,126500.0,129000.0,124500.0,126000.0,704393
2019-02-11,127000.0,128500.0,125000.0,125500.0,801465
2019-02-12,123500.0,124000.0,121500.0,123500.0,1160217
2019-02-13,123500.0,126500.0,123500.0,125000.0,373571
2019-02-14,125000.0,130500.0,125000.0,127500.0,700427
2019-02-15,128500.0,131000.0,127500.0,127500.0,420100
2019-02-18,129500.0,131000.0,125500.0,127000.0,533191
2019-02-19,127000.0,128000.0,125500.0,126500.0,218351
2019-02-20,126500.0,128000.0,125500.0,127000.0,231753
2019-02-21,126500.0,130000.0,126500.0,129000.0,347083
2019-02-22,129500.0,129500.0,125000.0,127000.0,301395
2019-02-25,127000.0,128500.0,125500.0,126000.0,338113
2019-02-26,126500.0,134000.0,126000.0,131500.0,591643
2019-02-27,132000.0,134000.0,129000.0,129500.0,322664
2019-02-28,130500.0,136000.0,130000.0,133000.0,584183
2019-03-04,135000.0,139500.0,134000.0,138000.0,743644
2019-03-05,140000.0,140000.0,135000.0,135500.0,387063
2019-03-06,136500.0,139000.0,134500.0,137500.0,403724
2019-03-07,139500.0,139500.0,136500.0,138500.0,254573
2019-03-08,135500.0,136000.0,131500.0,133000.0,304114
2019-03-11,131500.0,133500.0,131000.0,133500.0,151479
2019-03-12,135000.0,135500.0,129500.0,130500.0,367651
2019-03-13,129500.0,132000.0,128000.0,130500.0,268047
2019-03-14,132500.0,133500.0,129000.0,131000.0,554454
2019-03-15,131000.0,132000.0,129500.0,130500.0,907507
2019-03-18,131500.0,133500.0,131000.0,132000.0,248810
2019-03-19,132000.0,132500.0,130000.0,130500.0,200830
2019-03-20,130000.0,131000.0,126500.0,128500.0,371499
2019-03-21,128500.0,131000.0,127000.0,128000.0,399492
2019-03-22,127000.0,129500.0,126000.0,127000.0,379311
2019-03-25,126000.0,128000.0,125000.0,126000.0,279179
2019-03-26,125500.0,127000.0,125000.0,126500.0,452377
2019-03-27,126000.0,126000.0,122000.0,123000.0,429156
2019-03-28,122500.0,123000.0,120500.0,122000.0,449545
2019-03-29,121500.0,124500.0,121500.0,124000.0,421477
2019-04-01,124000.0,125500.0,123500.0,124000.0,367014
2019-04-02,124500.0,125500.0,123500.0,124500.0,471744
2019-04-03,123000.0,123500.0,121000.0,122000.0,958364
2019-04-04,122500.0,123500.0,121500.0,122500.0,361821
2019-04-05,122500.0,123500.0,122000.0,123000.0,365838
2019-04-08,122500.0,123000.0,121000.0,121500.0,393376
2019-04-09,121500.0,122500.0,121000.0,121500.0,423498
2019-04-10,121500.0,122500.0,121000.0,122000.0,459206
2019-04-11,121500.0,123000.0,121000.0,121500.0,615217
2019-04-12,121500.0,122000.0,119500.0,119500.0,953216
2019-04-15,119000.0,120000.0,118000.0,119500.0,596131
2019-04-16,119500.0,120500.0,119000.0,119500.0,973625
2019-04-17,120000.0,120000.0,119000.0,119500.0,639441
2019-04-18,119000.0,120000.0,117000.0,118000.0,776721
2019-04-19,119000.0,119000.0,117500.0,118000.0,247009
2019-04-22,118000.0,119500.0,117500.0,118000.0,531346
2019-04-23,119000.0,121000.0,119000.0,120500.0,815629
2019-04-24,122000.0,122500.0,119500.0,121000.0,906235
2019-04-25,122000.0,122000.0,120000.0,120500.0,720472
2019-04-26,120000.0,120500.0,117500.0,118000.0,544042
2019-04-29,118500.0,120000.0,117000.0,120000.0,429353
2019-04-30,119000.0,120000.0,117500.0,119500.0,569162
2019-05-02,119000.0,124000.0,118500.0,122000.0,691901
2019-05-03,122000.0,124500.0,121500.0,124000.0,705503
2019-05-07,122000.0,125500.0,121500.0,124000.0,696627
2019-05-08,122000.0,124000.0,122000.0,123500.0,317483
2019-05-09,122500.0,124000.0,119000.0,119000.0,799208
2019-05-10,120500.0,123000.0,120000.0,122500.0,474352
2019-05-13,121500.0,124000.0,121500.0,122500.0,343827
2019-05-14,121000.0,123500.0,119500.0,122000.0,532037
2019-05-15,121500.0,123000.0,120000.0,120000.0,460936
2019-05-16,120500.0,121000.0,118000.0,119000.0,484468
2019-05-17,120000.0,123500.0,118500.0,121000.0,439545
2019-05-20,121500.0,121500.0,118000.0,118500.0,449916
2019-05-21,117500.0,119500.0,113500.0,114500.0,603105
2019-05-22,115000.0,115000.0,111000.0,113000.0,567069
2019-05-23,112500.0,114000.0,110000.0,113000.0,545497
2019-05-24,113000.0,115000.0,112500.0,113500.0,408081
2019-05-27,112500.0,113000.0,109500.0,110500.0,369902
2019-05-28,109500.0,112500.0,108500.0,108500.0,1490526
2019-05-29,109000.0,111000.0,108500.0,109500.0,515196
2019-05-30,110000.0,114000.0,109500.0,112000.0,378379
2019-05-31,111500.0,112500.0,110000.0,111500.0,310649
2019-06-03,113000.0,115000.0,112000.0,115000.0,391824
2019-06-04,114000.0,114500.0,110500.0,111000.0,531826
2019-06-05,112000.0,112500.0,109500.0,110500.0,471689
2019-06-07,110000.0,112000.0,110000.0,111000.0,386800
2019-06-10,111500.0,114500.0,111000.0,114000.0,464590
2019-06-11,114000.0,114500.0,112500.0,113000.0,423258
2019-06-12,112000.0,114500.0,112000.0,114000.0,354664
2019-06-13,114500.0,115500.0,112000.0,113000.0,551067
2019-06-14,112000.0,113000.0,110500.0,111500.0,553083
2019-06-17,111500.0,111500.0,110000.0,110500.0,475346
2019-06-18,109500.0,110000.0,106500.0,109000.0,791946
2019-06-19,110000.0,110000.0,107000.0,110000.0,483689
2019-06-20,110000.0,112000.0,109000.0,111500.0,282163
2019-06-21,112500.0,115000.0,111500.0,113000.0,555965
2019-06-24,113000.0,113500.0,112000.0,113500.0,254210
2019-06-25,114000.0,116000.0,113000.0,114500.0,473961
2019-06-26,114500.0,116500.0,114000.0,115500.0,300077
2019-06-27,115500.0,116000.0,113000.0,115000.0,375582
2019-06-28,114500.0,115500.0,112500.0,114000.0,267404
2019-07-01,114500.0,115500.0,114000.0,114500.0,306736
2019-07-02,114000.0,115500.0,112000.0,115000.0,273980
2019-07-03,116000.0,118500.0,115000.0,117500.0,408701
2019-07-04,116000.0,119500.0,116000.0,118000.0,355658
2019-07-05,118500.0,121500.0,118500.0,121000.0,409700
2019-07-08,120500.0,121000.0,118000.0,118500.0,306897
2019-07-09,118000.0,120000.0,115000.0,115500.0,460058
2019-07-10,116500.0,119000.0,115500.0,115500.0,267438
2019-07-11,115500.0,118000.0,115500.0,117000.0,293389
2019-07-12,117000.0,118500.0,116500.0,117000.0,160685
2019-07-15,118000.0,120000.0,116500.0,118000.0,263893
2019-07-16,119000.0,120500.0,117500.0,120000.0,391260
2019-07-17,120000.0,120000.0,118000.0,119000.0,205316
2019-07-18,118500.0,122000.0,118500.0,120500.0,267715
2019-07-19,121000.0,123000.0,121000.0,122500.0,445122
2019-07-22,122000.0,122500.0,120500.0,121000.0,346897
2019-07-23,122500.0,123000.0,122000.0,122500.0,358255
2019-07-24,122500.0,124500.0,122500.0,123500.0,606769
2019-07-25,125500.0,134500.0,125000.0,134000.0,1635774
2019-07-26,137500.0,142000.0,136500.0,141000.0,1440686
2019-07-29,139500.0,141000.0,137000.0,138500.0,583629
2019-07-30,140000.0,140500.0,136500.0,138500.0,364674
2019-07-31,139000.0,139500.0,136000.0,138000.0,361525
2019-08-01,139500.0,141500.0,138500.0,140500.0,460049
2019-08-02,139000.0,142500.0,138500.0,142000.0,484009
2019-08-05,141000.0,142000.0,135500.0,138000.0,733982
2019-08-06,134000.0,140000.0,132000.0,138500.0,610095
2019-08-07,139000.0,139500.0,136000.0,137500.0,336416
2019-08-08,139500.0,142000.0,136500.0,140000.0,496443
2019-08-09,142000.0,145000.0,140500.0,142500.0,368133
2019-08-12,142500.0,144500.0,140500.0,140500.0,217292
2019-08-13,139000.0,144500.0,138500.0,142500.0,352863
2019-08-14,142500.0,143000.0,138500.0,139000.0,433070
2019-08-16,138500.0,140500.0,137500.0,139500.0,351686
2019-08-19,139000.0,141000.0,138000.0,139000.0,487500
2019-08-20,139000.0,145500.0,139000.0,145500.0,556246
2019-08-21,144500.0,148500.0,142500.0,147500.0,514109
2019-08-22,148000.0,150500.0,147500.0,148000.0,499537
2019-08-23,149000.0,149000.0,145500.0,148500.0,491690
2019-08-26,145500.0,147000.0,143000.0,143500.0,423695
2019-08-27,144000.0,147500.0,141500.0,146500.0,904199
2019-08-28,146500.0,147500.0,144500.0,146500.0,309159
2019-08-29,146500.0,146500.0,143500.0,145000.0,408164
2019-08-30,146000.0,149000.0,144500.0,146500.0,424498
2019-09-02,156000.0,156000.0,147500.0,150000.0,371788
2019-09-03,151500.0,151500.0,149000.0,150500.0,308863
2019-09-04,149500.0,151000.0,149000.0,151000.0,351494
2019-09-05,150000.0,151000.0,145000.0,147000.0,548033
2019-09-06,146000.0,150000.0,145500.0,149500.0,223250
2019-09-09,149500.0,154000.0,148500.0,153000.0,464232
2019-09-10,153000.0,153000.0,150000.0,150500.0,297053
2019-09-11,150500.0,154000.0,150000.0,153500.0,738431
2019-09-16,154500.0,156500.0,153500.0,154500.0,449618
2019-09-17,153000.0,155500.0,153000.0,155000.0,304106
2019-09-18,156000.0,159500.0,155500.0,159000.0,465208
2019-09-19,157000.0,158000.0,156000.0,157500.0,377446
2019-09-20,156000.0,158000.0,156000.0,157000.0,390181
2019-09-23,157500.0,158000.0,155500.0,157000.0,204570
2019-09-24,157000.0,158500.0,155500.0,158000.0,195994
2019-09-25,155500.0,159000.0,155500.0,158000.0,274586
2019-09-26,157500.0,159000.0,156500.0,158000.0,313084
2019-09-27,158500.0,158500.0,154500.0,156000.0,241249
2019-09-30,155000.0,157500.0,154500.0,157000.0,313910
2019-10-01,157500.0,160000.0,157000.0,160000.0,260668
2019-10-02,159000.0,160000.0,156500.0,157000.0,203708
2019-10-04,155500.0,159000.0,148500.0,150500.0,602642
2019-10-07,150500.0,153500.0,150000.0,153000.0,387749
2019-10-08,154500.0,154500.0,151500.0,153500.0,250805
2019-10-10,151500.0,155500.0,150500.0,153500.0,404228
2019-10-11,156500.0,157000.0,153500.0,156000.0,216730
2019-10-14,156000.0,156500.0,153500.0,156000.0,246407
2019-10-15,156500.0,156500.0,150500.0,151500.0,297569
2019-10-16,151500.0,155000.0,151000.0,154500.0,280882
2019-10-17,155000.0,156500.0,152000.0,153000.0,280276
2019-10-18,151500.0,153500.0,150000.0,150500.0,245740
2019-10-21,151500.0,153500.0,149000.0,152000.0,245735
2019-10-22,150500.0,154500.0,150500.0,154000.0,360102
2019-10-23,152000.0,153500.0,151500.0,152500.0,226744
2019-10-24,151500.0,153000.0,150500.0,153000.0,224666
2019-10-25,151000.0,153500.0,151000.0,152500.0,162510
2019-10-28,152500.0,158000.0,152500.0,157000.0,335238
2019-10-29,157500.0,158000.0,152000.0,153000.0,321007
2019-10-30,152000.0,154500.0,151500.0,154500.0,290658
2019-10-31,159000.0,167000.0,157500.0,164000.0,1409619
2019-11-01,166000.0,168500.0,164000.0,167000.0,720358
2019-11-04,165500.0,167000.0,162000.0,164500.0,455199
2019-11-05,164000.0,164500.0,159500.0,161500.0,662116
2019-11-06,161500.0,164000.0,160500.0,161500.0,332755
2019-11-07,162000.0,166500.0,161000.0,165500.0,390866
2019-11-08,165000.0,165000.0,162000.0,163500.0,306968
2019-11-11,163500.0,165000.0,162500.0,163000.0,231149
2019-11-12,164000.0,164000.0,160000.0,162000.0,236652
2019-11-13,158500.0,159000.0,156000.0,158000.0,500221
2019-11-14,170000.0,180000.0,169500.0,180000.0,2042648
2019-11-15,177000.0,179000.0,173000.0,173500.0,886846
2019-11-18,177500.0,181500.0,172500.0,178500.0,876975
2019-11-19,174500.0,176000.0,169500.0,170500.0,1055749
2019-11-20,170500.0,174000.0,168000.0,169500.0,602206
2019-11-21,169000.0,172500.0,168000.0,170000.0,543754
2019-11-22,169500.0,171000.0,165500.0,167500.0,481529
2019-11-25,168000.0,174500.0,167000.0,174000.0,490795
2019-11-26,173500.0,175500.0,171500.0,173000.0,774461
2019-11-27,175000.0,175500.0,172000.0,172500.0,299949
2019-11-28,172500.0,174500.0,170000.0,173000.0,252885
2019-11-29,173000.0,173500.0,168500.0,172000.0,349615
2019-12-02,172500.0,175000.0,170000.0,171500.0,275601
2019-12-03,170500.0,173500.0,168500.0,172000.0,245675
2019-12-04,172000.0,175500.0,171000.0,174500.0,228851
2019-12-05,173000.0,174000.0,170000.0,170500.0,271499
2019-12-06,172000.0,174500.0,170500.0,174000.0,208849
2019-12-09,174000.0,175500.0,173000.0,175000.0,271990
2019-12-10,174500.0,175500.0,173000.0,174500.0,215711
2019-12-11,175000.0,175500.0,173500.0,174000.0,200711
2019-12-12,174500.0,176500.0,173000.0,175500.0,609714
2019-12-13,177500.0,177500.0,173000.0,175500.0,317833
2019-12-16,175000.0,180000.0,174000.0,179500.0,335819
2019-12-17,180000.0,181000.0,178000.0,180500.0,370752
2019-12-18,180000.0,180000.0,175000.0,178500.0,310567
2019-12-19,175000.0,179500.0,175000.0,179000.0,296857
2019-12-20,180000.0,187000.0,179500.0,183500.0,560761
2019-12-23,185000.0,185500.0,182000.0,184000.0,250256
2019-12-24,184000.0,184000.0,179000.0,182000.0,193440
2019-12-26,181500.0,183000.0,179000.0,180500.0,173426
2019-12-27,182000.0,185000.0,179000.0,183500.0,323473
2019-12-30,183500.0,190000.0,183500.0,186500.0,376541
2020-01-02,187500.0,188000.0,182000.0,182500.0,300640
2020-01-03,185000.0,186000.0,180500.0,181500.0,454492
2020-01-06,180000.0,182000.0,178000.0,180500.0,287970
2020-01-07,182500.0,187000.0,181500.0,187000.0,328624
2020-01-08,182000.0,183500.0,179000.0,183000.0,820867
2020-01-09,183500.0,186500.0,183500.0,186000.0,531355
2020-01-10,185000.0,188000.0,184000.0,188000.0,398739
2020-01-13,187500.0,188500.0,186000.0,188000.0,337749
2020-01-14,188000.0,194500.0,188000.0,190500.0,501286
2020-01-15,189500.0,192000.0,188500.0,191500.0,323778
2020-01-16,190000.0,192500.0,189000.0,191500.0,245107
2020-01-17,190500.0,192500.0,189500.0,191000.0,286019
2020-01-20,190000.0,190500.0,187000.0,187500.0,454733
2020-01-21,187500.0,189500.0,181000.0,182000.0,547678
2020-01-22,185000.0,190000.0,184500.0,186000.0,429852
2020-01-23,185000.0,185500.0,181500.0,183000.0,375929
2020-01-28,182000.0,184500.0,178000.0,178500.0,476253
2020-01-29,183000.0,183500.0,180000.0,180000.0,434897
2020-01-30,179500.0,183000.0,175000.0,180000.0,772160
2020-01-31,180000.0,180500.0,177500.0,179500.0,537062
2020-02-03,178000.0,180500.0,176000.0,177500.0,485913
2020-02-04,177500.0,181500.0,175000.0,180500.0,563463
2020-02-05,181000.0,183500.0,178500.0,181500.0,653809
2020-02-06,182500.0,183500.0,180500.0,181500.0,659850
2020-02-07,181500.0,188500.0,181000.0,185000.0,728633
2020-02-10,182500.0,184000.0,180500.0,183500.0,433051
2020-02-11,183500.0,185000.0,183000.0,184500.0,400386
2020-02-12,183000.0,185000.0,181500.0,185000.0,351892
2020-02-13,184000.0,185000.0,183000.0,184500.0,555923
2020-02-14,184000.0,187500.0,184000.0,186500.0,659429
2020-02-17,184500.0,189000.0,184500.0,188500.0,312407
2020-02-18,186500.0,188500.0,185500.0,186500.0,345642
2020-02-19,188000.0,191000.0,185000.0,189500.0,560743
2020-02-20,189500.0,191500.0,187500.0,190000.0,427402
2020-02-21,187500.0,191000.0,187000.0,189500.0,434019
2020-02-24,185500.0,187500.0,183500.0,184000.0,567036
2020-02-25,184000.0,191000.0,183500.0,190500.0,704859
2020-02-26,189500.0,190000.0,186500.0,187000.0,494066
2020-02-27,185000.0,187000.0,179000.0,182000.0,535696
2020-02-28,179000.0,180000.0,172000.0,174000.0,830654
2020-03-02,175000.0,177000.0,172500.0,175000.0,659376
2020-03-03,179000.0,180000.0,174000.0,175000.0,544379
2020-03-04,174500.0,179500.0,173000.0,178500.0,450252
2020-03-05,180500.0,181000.0,178500.0,181000.0,483840
2020-03-06,179500.0,181000.0,177500.0,179500.0,293897
2020-03-09,179500.0,179500.0,179500.0,179500.0,0
2020-03-10,168000.0,176000.0,165000.0,172000.0,666532
2020-03-11,172000.0,174000.0,167500.0,170000.0,483822
2020-03-12,170000.0,170000.0,170000.0,170000.0,0
2020-03-13,151000.0,168000.0,149500.0,166000.0,1242510
2020-03-16,166000.0,166500.0,155000.0,155000.0,812823
2020-03-17,147500.0,155500.0,147000.0,151000.0,979243
2020-03-18,152500.0,156000.0,146000.0,146000.0,666723
2020-03-19,150000.0,151500.0,135000.0,144000.0,1154230
2020-03-20,147500.0,156500.0,146000.0,154000.0,997895
2020-03-23,141500.0,149500.0,140000.0,143000.0,1033851
2020-03-24,151500.0,157000.0,148000.0,156000.0,960786
2020-03-25,160500.0,163000.0,152000.0,156000.0,1039579
2020-03-26,156000.0,158000.0,149500.0,152500.0,988725
2020-03-27,161500.0,164500.0,158500.0,164000.0,1217815
2020-03-30,160000.0,165000.0,159000.0,162500.0,630830
2020-03-31,163500.0,171000.0,163500.0,170000.0,858165
2020-04-01,166500.0,171000.0,163000.0,163000.0,720283
2020-04-02,166500.0,175000.0,164500.0,173500.0,1086863
2020-04-03,170000.0,172500.0,168000.0,172000.0,663454
2020-04-06,173500.0,176000.0,170500.0,173000.0,655547
2020-04-07,174000.0,174500.0,167500.0,169500.0,873091
2020-04-08,169000.0,169500.0,166500.0,166500.0,588577
2020-04-09,168500.0,169000.0,165000.0,167500.0,682921
2020-04-10,166000.0,167000.0,164000.0,166500.0,483720
2020-04-13,164500.0,168000.0,162500.0,166000.0,413768
2020-04-14,168000.0,170000.0,166500.0,168500.0,520725
2020-04-16,168000.0,172500.0,167500.0,170500.0,841066
2020-04-17,175500.0,180000.0,173500.0,179000.0,900031
2020-04-20,181000.0,182000.0,179000.0,180000.0,663723
2020-04-21,180500.0,181500.0,173500.0,178500.0,759150
2020-04-22,175000.0,182500.0,173000.0,182000.0,611589
2020-04-23,190000.0,196000.0,186500.0,190000.0,1521478
2020-04-24,189000.0,197500.0,189000.0,192500.0,928695
2020-04-27,193000.0,200000.0,192500.0,197500.0,927347
2020-04-28,197500.0,198000.0,194500.0,198000.0,433549
2020-04-29,199500.0,200000.0,196500.0,197500.0,676743
2020-05-04,198500.0,203000.0,193500.0,199000.0,1104027
2020-05-06,201500.0,212500.0,200500.0,212000.0,992225
2020-05-07,211500.0,220000.0,210500.0,215500.0,984024
2020-05-08,216000.0,218500.0,212000.0,214000.0,732394
2020-05-11,214500.0,221000.0,214000.0,214500.0,599328
2020-05-12,218000.0,226500.0,215000.0,219500.0,1056584
2020-05-13,217500.0,222500.0,213500.0,218500.0,1014692
2020-05-14,214500.0,222000.0,214500.0,219000.0,866427
2020-05-15,219000.0,219500.0,209500.0,213000.0,1050469
2020-05-18,215000.0,218000.0,211500.0,215000.0,638906
2020-05-19,215000.0,216500.0,210500.0,213500.0,917603
2020-05-20,215500.0,225500.0,215000.0,222000.0,977544
2020-05-21,227500.0,233500.0,222500.0,225000.0,1004395
2020-05-22,227000.0,232500.0,222500.0,230500.0,1108281
2020-05-25,234500.0,241000.0,234000.0,241000.0,1015069
2020-05-26,244000.0,246000.0,230000.0,239000.0,1568016
2020-05-27,231000.0,234500.0,226500.0,228500.0,1351505
2020-05-28,226000.0,241000.0,222000.0,240500.0,1625154
2020-05-29,240000.0,243000.0,226000.0,226000.0,3114298
2020-06-01,233500.0,237000.0,230000.0,237000.0,1140644
2020-06-02,235000.0,236000.0,232000.0,234000.0,689584
2020-06-03,235000.0,235500.0,225000.0,225500.0,1476614
2020-06-04,228000.0,235000.0,227000.0,232500.0,1052789
2020-06-05,229000.0,231000.0,225000.0,231000.0,1061922
2020-06-08,234500.0,242000.0,231000.0,240500.0,1624752
2020-06-09,240000.0,243000.0,235500.0,237500.0,934440
2020-06-10,241000.0,247500.0,240000.0,244000.0,1431071
2020-06-11,244000.0,249000.0,239000.0,240500.0,1423978
2020-06-12,229000.0,242500.0,228500.0,242000.0,1318334
2020-06-15,240000.0,244500.0,230500.0,231500.0,1311773
2020-06-16,239000.0,243500.0,236000.0,243500.0,1155474
2020-06-17,244000.0,252000.0,243500.0,251000.0,1357900
2020-06-18,251500.0,254000.0,247000.0,247500.0,744330
2020-06-19,250000.0,250000.0,244000.0,249500.0,919945
2020-06-22,249500.0,271500.0,247500.0,270000.0,1841479
2020-06-23,272000.0,289000.0,270500.0,276000.0,2104075
2020-06-24,273500.0,279500.0,270500.0,279000.0,995065
2020-06-25,273500.0,276500.0,269500.0,269500.0,1196267
2020-06-26,274500.0,275000.0,263000.0,269000.0,937593
2020-06-29,265000.0,270500.0,261000.0,264000.0,814814
2020-06-30,268000.0,270500.0,263000.0,267000.0,862860
2020-07-01,270000.0,275000.0,266000.0,269000.0,655711
2020-07-02,274000.0,277000.0,271000.0,277000.0,1015829
2020-07-03,276500.0,280500.0,274500.0,277500.0,971940
2020-07-06,278000.0,287500.0,278000.0,281500.0,1211636
2020-07-07,285000.0,289500.0,279000.0,279500.0,1365047
2020-07-08,280000.0,284500.0,274000.0,282500.0,1353345
2020-07-09,286500.0,296500.0,284500.0,287500.0,2006662
2020-07-10,291500.0,308500.0,290000.0,299000.0,2120904
2020-07-13,303500.0,303500.0,288000.0,297000.0,1254800
2020-07-14,290000.0,291000.0,285000.0,287000.0,1360849
2020-07-15,290500.0,293000.0,280500.0,286500.0,1276196
2020-07-16,283000.0,285000.0,272000.0,273000.0,1338814
2020-07-17,270000.0,279500.0,266000.0,276000.0,926932
2020-07-20,276500.0,278000.0,260500.0,263000.0,1556415
2020-07-21,273000.0,273500.0,269000.0,270000.0,1179638
2020-07-22,264000.0,272500.0,261500.0,270000.0,905784
2020-07-23,272000.0,284000.0,271000.0,284000.0,1396607
2020-07-24,281000.0,290500.0,278500.0,281000.0,1233584
2020-07-27,281000.0,287500.0,276500.0,284500.0,691075
2020-07-28,289500.0,292000.0,284000.0,288000.0,978238
2020-07-29,286000.0,292000.0,283000.0,292000.0,964066
2020-07-30,296000.0,297500.0,291000.0,294000.0,1150474
2020-07-31,299000.0,303000.0,296500.0,301000.0,1567503
2020-08-03,301500.0,314500.0,299000.0,314500.0,1341104
2020-08-04,317500.0,322000.0,307500.0,311000.0,1330818
2020-08-05,312000.0,314500.0,306500.0,313500.0,809939
2020-08-06,313000.0,322000.0,310500.0,322000.0,1032045
2020-08-07,324500.0,325500.0,312000.0,314000.0,1063254
2020-08-10,308500.0,314500.0,303500.0,313500.0,968592
2020-08-11,311000.0,314500.0,307500.0,311500.0,665863
2020-08-12,308000.0,311000.0,303500.0,305000.0,856711
2020-08-13,310000.0,311500.0,304000.0,307000.0,1406370
2020-08-14,305000.0,308500.0,303000.0,305000.0,608156
2020-08-18,307500.0,317500.0,305000.0,307500.0,1494966
2020-08-19,311500.0,316000.0,305500.0,315000.0,941038
2020-08-20,315000.0,319000.0,302500.0,305500.0,1186809
2020-08-21,311500.0,314500.0,308000.0,312500.0,781961
2020-08-24,313000.0,320000.0,310000.0,320000.0,783392
2020-08-25,323000.0,325000.0,317000.0,325000.0,897649
2020-08-26,321500.0,338500.0,321000.0,334000.0,1155853
2020-08-27,337000.0,347000.0,336500.0,337000.0,1232239
2020-08-28,337000.0,338500.0,329500.0,333000.0,969408
2020-08-31,336500.0,340000.0,322000.0,322500.0,1528978
2020-09-01,322500.0,329500.0,322000.0,324500.0,691864
2020-09-02,332500.0,335500.0,327000.0,332500.0,808064
2020-09-03,333500.0,339500.0,329500.0,339000.0,776547
2020-09-04,322500.0,335000.0,322000.0,328500.0,1174337
2020-09-07,325500.0,325500.0,313500.0,314500.0,1308247
2020-09-08,316000.0,318000.0,305500.0,311000.0,989171
2020-09-09,303000.0,307000.0,300000.0,304500.0,925825
2020-09-10,309000.0,311000.0,305000.0,307500.0,834946
2020-09-11,302500.0,307000.0,301000.0,306000.0,517023
2020-09-14,307500.0,308000.0,300000.0,303000.0,608816
2020-09-15,304000.0,314000.0,303000.0,312000.0,797985
2020-09-16,311500.0,312000.0,306000.0,307000.0,696219
2020-09-17,302500.0,304000.0,299000.0,300500.0,823516
2020-09-18,299500.0,302000.0,296000.0,298000.0,750488
2020-09-21,297000.0,301500.0,292000.0,292000.0,656024
2020-09-22,290500.0,295000.0,282000.0,284500.0,864846
2020-09-23,290000.0,298000.0,285500.0,296500.0,984136
2020-09-24,291500.0,295500.0,287000.0,294000.0,848971
2020-09-25,296000.0,297500.0,289500.0,295000.0,648182
2020-09-28,297000.0,302000.0,296000.0,298500.0,724465
2020-09-29,303000.0,303000.0,294000.0,296500.0,765489
2020-10-05,297500.0,299000.0,289500.0,298500.0,906516
2020-10-06,299500.0,307500.0,296500.0,305000.0,868540
2020-10-07,302000.0,305000.0,299500.0,305000.0,534644
2020-10-08,307500.0,307500.0,300000.0,301000.0,756735
2020-10-12,303000.0,303000.0,291500.0,292000.0,914860
2020-10-13,292000.0,298000.0,292000.0,295000.0,636487
2020-10-14,295000.0,301000.0,293000.0,298500.0,759464
2020-10-15,300500.0,300500.0,291000.0,292500.0,624097
2020-10-16,292500.0,297500.0,291500.0,293500.0,446832
2020-10-19,293500.0,296500.0,286000.0,286000.0,434420
2020-10-20,286500.0,291000.0,281000.0,290000.0,535870
2020-10-21,292500.0,301000.0,291000.0,297500.0,640501
2020-10-22,295000.0,296000.0,292000.0,293000.0,416425
2020-10-23,295500.0,295500.0,286000.0,286500.0,451654
2020-10-26,286500.0,289000.0,281500.0,281500.0,349163
2020-10-27,281500.0,288500.0,280500.0,283500.0,2071432
2020-10-28,282000.0,298500.0,281500.0,298500.0,698195
2020-10-29,297000.0,301000.0,294500.0,298500.0,785050
2020-10-30,299000.0,300000.0,290000.0,290000.0,939833
2020-11-02,292000.0,293000.0,285500.0,285500.0,503831
2020-11-03,284000.0,287000.0,280000.0,283000.0,1066923
2020-11-04,282500.0,300500.0,282000.0,298500.0,1623712
2020-11-05,295000.0,302000.0,291500.0,299000.0,1082388
2020-11-06,303000.0,307000.0,299000.0,301000.0,968971
2020-11-09,304000.0,304500.0,298000.0,298000.0,678531
2020-11-10,287000.0,288000.0,282000.0,283000.0,1728995
2020-11-11,281000.0,283000.0,277500.0,280000.0,1183499
2020-11-12,283000.0,285500.0,279000.0,279000.0,1016673
2020-11-13,277500.0,282000.0,277500.0,281000.0,710865
2020-11-16,282500.0,283000.0,277500.0,278000.0,887878
2020-11-17,277500.0,278000.0,273500.0,275000.0,816320
2020-11-18,274500.0,283500.0,274000.0,281000.0,912899
2020-11-19,282500.0,284000.0,279500.0,280500.0,520114
2020-11-20,281500.0,283500.0,278500.0,281000.0,439077
2020-11-23,282000.0,282500.0,278500.0,281500.0,565213
2020-11-24,281500.0,287000.0,280000.0,282500.0,809745
2020-11-25,287000.0,287000.0,278500.0,278500.0,909937
2020-11-26,280000.0,285500.0,280000.0,285500.0,797094
2020-11-27,287000.0,287500.0,283000.0,284500.0,417510
2020-11-30,286000.0,286500.0,277500.0,277500.0,1176272
2020-12-01,282000.0,286000.0,280000.0,285500.0,709278
2020-12-02,287000.0,287000.0,282000.0,283500.0,601596
2020-12-03,285000.0,287000.0,283500.0,287000.0,740985
2020-12-04,287500.0,295500.0,284500.0,294000.0,1174932
2020-12-07,300000.0,300500.0,288000.0,289500.0,821860
2020-12-08,291500.0,291500.0,285000.0,285000.0,566981
2020-12-09,285500.0,289000.0,285000.0,288000.0,533304
2020-12-10,288000.0,290000.0,284500.0,286000.0,959427
2020-12-11,288000.0,291500.0,287500.0,290000.0,503588
2020-12-14,292500.0,294000.0,286000.0,286000.0,555272
2020-12-15,286500.0,287500.0,282500.0,283000.0,491995
2020-12-16,286500.0,287000.0,283000.0,285500.0,381896
2020-12-17,286000.0,287000.0,282000.0,285000.0,522344
2020-12-18,284000.0,285500.0,282000.0,282500.0,487305
2020-12-21,284000.0,285500.0,280000.0,284000.0,473545
2020-12-22,285000.0,293500.0,284000.0,284000.0,750095
2020-12-23,288500.0,289000.0,283000.0,284000.0,508019
2020-12-24,284500.0,284500.0,280000.0,282000.0,453095
2020-12-28,282000.0,282500.0,280000.0,281000.0,537848
2020-12-29,281500.0,285000.0,280500.0,283000.0,506090
2020-12-30,285000.0,293000.0,284000.0,292500.0,1190327
2021-01-04,291500.0,294000.0,285500.0,293000.0,947178
2021-01-05,291500.0,292500.0,286500.0,292500.0,912657
2021-01-06,292500.0,300500.0,289500.0,290000.0,1375856
2021-01-07,288500.0,292000.0,286500.0,289500.0,1155734
2021-01-08,293500.0,312000.0,290000.0,312000.0,3175396
2021-01-11,320000.0,323500.0,301000.0,309000.0,2765169
2021-01-12,305000.0,308500.0,292500.0,304000.0,1573299
2021-01-13,306000.0,317500.0,304000.0,314000.0,1894304
2021-01-14,318500.0,326000.0,314000.0,318000.0,1548585
2021-01-15,320500.0,323000.0,305500.0,306000.0,1106810
2021-01-18,304500.0,308500.0,300000.0,300500.0,864969
2021-01-19,303500.0,310500.0,299500.0,308000.0,880238
2021-01-20,313500.0,313500.0,302000.0,308000.0,885472
2021-01-21,316500.0,326000.0,316000.0,322500.0,1941446
2021-01-22,332000.0,350000.0,326000.0,343500.0,3303950
2021-01-25,349000.0,353000.0,340000.0,349000.0,1593848
2021-01-26,350500.0,351000.0,338000.0,342000.0,1247284
2021-01-27,347000.0,352000.0,339500.0,341500.0,1149246
2021-01-28,336000.0,366000.0,335000.0,355000.0,2285696
2021-01-29,362000.0,362000.0,340500.0,343000.0,1607894
2021-02-01,346500.0,352500.0,341500.0,348000.0,988630
2021-02-02,358000.0,373000.0,353000.0,362500.0,1951062
2021-02-03,366500.0,371000.0,361000.0,370500.0,1197680
2021-02-04,368000.0,368500.0,356000.0,358000.0,1160116
2021-02-05,363500.0,371500.0,356500.0,362500.0,982325
2021-02-08,361500.0,364500.0,357000.0,357500.0,712484
2021-02-09,359500.0,362000.0,355000.0,358500.0,667655
2021-02-10,365000.0,368500.0,359000.0,366500.0,1147417
2021-02-15,383500.0,388000.0,378000.0,385500.0,1172475
2021-02-16,391500.0,405000.0,390000.0,394000.0,1567108
2021-02-17,396500.0,396500.0,386000.0,392000.0,1161595
2021-02-18,391500.0,400000.0,386500.0,388000.0,1020222
2021-02-19,387000.0,398500.0,385500.0,398000.0,1047043
2021-02-22,400000.0,405500.0,384500.0,386500.0,1289395
2021-02-23,379000.0,394500.0,378500.0,390500.0,1017577
2021-02-24,389500.0,391500.0,374000.0,374000.0,1078485
2021-02-25,380500.0,384500.0,374500.0,383000.0,757476
2021-02-26,372000.0,378500.0,368500.0,375000.0,1170208
2021-03-02,389000.0,390000.0,375500.0,377500.0,1240322
2021-03-03,379000.0,399500.0,377500.0,399500.0,1287551
2021-03-04,392000.0,401000.0,389000.0,391500.0,1585134
2021-03-05,386000.0,386500.0,371000.0,377500.0,1594386
2021-03-08,382000.0,386000.0,366500.0,368500.0,1031748
2021-03-09,366500.0,371500.0,350000.0,361500.0,1313900
2021-03-10,373000.0,378000.0,368000.0,372000.0,946917
2021-03-11,372500.0,377500.0,366000.0,373500.0,1024741
2021-03-12,396000.0,396000.0,378500.0,380500.0,969276
2021-03-15,382000.0,385500.0,377500.0,383000.0,609496
2021-03-16,384500.0,389500.0,384000.0,385500.0,574082
2021-03-17,388000.0,391500.0,380500.0,383500.0,1200355
2021-03-18,388500.0,410000.0,386500.0,403500.0,1818409
2021-03-19,397000.0,407500.0,395000.0,402000.0,1258199
2021-03-22,402500.0,405500.0,393000.0,396500.0,911358
2021-03-23,397000.0,399000.0,384000.0,386000.0,1167110
2021-03-24,380000.0,387000.0,376000.0,387000.0,763754
2021-03-25,381500.0,384000.0,378000.0,380000.0,672585
2021-03-26,380000.0,383000.0,377000.0,383000.0,691786
2021-03-29,383500.0,384000.0,372000.0,372000.0,878014
2021-03-30,373500.0,381000.0,373500.0,376500.0,623997
2021-03-31,379500.0,383000.0,377000.0,377000.0,568103
2021-04-01,375500.0,379000.0,372000.0,378500.0,547402
2021-04-02,381500.0,382500.0,378000.0,379500.0,476668
2021-04-05,379500.0,380000.0,374500.0,377000.0,421508
2021-04-06,378500.0,391000.0,378000.0,388500.0,997518
2021-04-07,390500.0,391000.0,381500.0,384500.0,578490
2021-04-08,384500.0,387000.0,380000.0,381500.0,626575
2021-04-09,382000.0,385000.0,381500.0,383500.0,469100
2021-04-12,384500.0,393000.0,383000.0,385500.0,680329
2021-04-13,384000.0,389000.0,382000.0,388500.0,586643
2021-04-14,391500.0,398000.0,390000.0,391500.0,757969
2021-04-15,391500.0,398500.0,386500.0,391000.0,889538
2021-04-16,394500.0,395000.0,391000.0,391500.0,423962
2021-04-19,391500.0,393500.0,388500.0,390000.0,449064
2021-04-20,389000.0,391500.0,387500.0,391000.0,417892
2021-04-21,389000.0,389000.0,380500.0,380500.0,835828
2021-04-22,382000.0,384500.0,380000.0,380500.0,394350
2021-04-23,377500.0,379500.0,374000.0,378000.0,505140
2021-04-26,376500.0,379000.0,374500.0,377500.0,484369
2021-04-27,378000.0,381500.0,376000.0,380000.0,392509
2021-04-28,381500.0,382000.0,373000.0,373500.0,485971
2021-04-29,373500.0,377500.0,366000.0,366500.0,743106
2021-04-30,366000.0,366000.0,353500.0,359500.0,1028215
2021-05-03,366000.0,370500.0,360500.0,363000.0,507361
2021-05-04,366000.0,367000.0,360500.0,364500.0,398383
2021-05-06,360500.0,364500.0,359500.0,361500.0,632873
2021-05-07,360500.0,364000.0,360000.0,361000.0,446152
2021-05-10,362500.0,364000.0,360000.0,362000.0,572111
2021-05-11,356500.0,358000.0,347500.0,349000.0,2373361
2021-05-12,349500.0,350500.0,340500.0,343000.0,1120816
2021-05-13,337500.0,341500.0,334500.0,337500.0,992326
2021-05-14,338000.0,344500.0,337500.0,342500.0,460390
2021-05-17,345500.0,349000.0,341000.0,344000.0,453316
2021-05-18,347000.0,349500.0,345000.0,349500.0,445015
2021-05-20,351500.0,355000.0,348500.0,351000.0,561151
2021-05-21,355000.0,360000.0,353500.0,360000.0,618431
2021-05-24,356500.0,358500.0,353000.0,355500.0,361765
2021-05-25,355500.0,358000.0,352500.0,358000.0,433413
2021-05-26,359500.0,366500.0,359500.0,363000.0,543316
2021-05-27,363000.0,363500.0,353500.0,358000.0,963669
2021-05-28,361500.0,361500.0,355500.0,358000.0,439112
2021-05-31,359500.0,364000.0,357000.0,362500.0,397118
2021-06-01,362500.0,368500.0,362500.0,367000.0,404110
2021-06-02,367000.0,369000.0,362000.0,363000.0,397044
2021-06-03,362500.0,365000.0,361000.0,362000.0,292257
2021-06-04,360500.0,360500.0,355000.0,357000.0,433146
2021-06-07,358500.0,364000.0,357000.0,362500.0,393697
2021-06-08,361500.0,365500.0,361500.0,362500.0,370929
2021-06-09,360500.0,363500.0,358500.0,358500.0,361808
2021-06-10,365000.0,377000.0,361500.0,373500.0,1502316
2021-06-11,378000.0,378500.0,367500.0,372500.0,658403
2021-06-14,377500.0,388000.0,375500.0,387000.0,1208589
2021-06-15,387000.0,389000.0,381500.0,387000.0,625594
2021-06-16,384500.0,395000.0,383000.0,391000.0,836281
2021-06-17,389500.0,394500.0,385000.0,389500.0,670522
2021-06-18,391500.0,400500.0,391000.0,398000.0,1268656
2021-06-21,398000.0,402000.0,392000.0,397000.0,809114
2021-06-22,400000.0,400500.0,391000.0,391000.0,702840
2021-06-23,393000.0,427000.0,392500.0,423500.0,2721355
2021-06-24,430000.0,436000.0,413000.0,419500.0,2143286
2021-06-25,420000.0,420000.0,405000.0,410000.0,1382051
2021-06-28,406000.0,413000.0,403000.0,408000.0,623480
2021-06-29,409500.0,411500.0,406000.0,411500.0,572319
2021-06-30,415000.0,425000.0,409000.0,417500.0,955297
2021-07-01,418000.0,423500.0,410500.0,413000.0,592869
2021-07-02,412500.0,418500.0,407000.0,414000.0,517934
2021-07-05,415500.0,418000.0,408500.0,410000.0,492899
2021-07-06,411500.0,412500.0,408000.0,409500.0,342771
2021-07-07,411000.0,419000.0,410500.0,417500.0,663260
2021-07-08,419000.0,431500.0,418500.0,422000.0,1142267
2021-07-09,420000.0,424000.0,408000.0,415500.0,1090218
2021-07-12,418500.0,421500.0,413000.0,418500.0,475697
2021-07-13,421000.0,442000.0,419000.0,441000.0,1498546
2021-07-14,436000.0,444500.0,436000.0,444000.0,931990
2021-07-15,446500.0,452500.0,439500.0,449000.0,950460
2021-07-16,448000.0,461000.0,443000.0,447000.0,1246425
2021-07-19,443000.0,449500.0,438500.0,443000.0,704307
2021-07-20,438500.0,441500.0,431000.0,439000.0,789090
2021-07-21,443000.0,446000.0,428000.0,428000.0,885519
2021-07-22,433000.0,445000.0,429000.0,440000.0,1035882
2021-07-23,443500.0,454500.0,441000.0,452000.0,1094026
2021-07-26,460000.0,465000.0,447500.0,452000.0,855277
2021-07-27,457500.0,463000.0,452000.0,452000.0,757638
2021-07-28,446000.0,447000.0,440000.0,442000.0,913055
2021-07-29,444000.0,445000.0,438500.0,439500.0,556532
2021-07-30,438000.0,440500.0,433000.0,433500.0,628812
2021-08-02,429000.0,437000.0,428500.0,433500.0,551937
2021-08-03,439000.0,439000.0,422000.0,428000.0,830841
2021-08-04,425000.0,434500.0,423000.0,433000.0,545873
2021-08-05,442000.0,451500.0,438500.0,442500.0,744924
2021-08-06,443000.0,447500.0,440500.0,444500.0,416829
2021-08-09,438000.0,449000.0,435000.0,447500.0,528032
2021-08-10,446000.0,453500.0,442500.0,446500.0,461940
2021-08-11,445000.0,449000.0,442000.0,445000.0,446275
2021-08-12,448000.0,448500.0,438000.0,440500.0,671083
2021-08-13,445000.0,446000.0,433000.0,436500.0,515855
2021-08-17,435500.0,437500.0,420000.0,428500.0,763564
2021-08-18,429500.0,433500.0,421500.0,429000.0,496576
2021-08-19,431000.0,434000.0,424500.0,424500.0,504352
2021-08-20,425000.0,432000.0,421000.0,422500.0,587940
2021-08-23,428000.0,436000.0,423500.0,429500.0,515679
2021-08-24,435000.0,439000.0,431500.0,437500.0,546884
2021-08-25,434000.0,439000.0,427000.0,430500.0,677224
2021-08-26,427500.0,430500.0,420000.0,423500.0,645901
2021-08-27,422000.0,423500.0,416500.0,420000.0,567004
2021-08-30,425500.0,429000.0,423000.0,428000.0,399336
2021-08-31,430000.0,439500.0,427000.0,439000.0,768823
2021-09-01,442000.0,448500.0,436500.0,445000.0,655075
2021-09-02,445500.0,448500.0,439500.0,442500.0,431529
2021-09-03,442500.0,452500.0,441000.0,452500.0,646199
2021-09-06,452500.0,454500.0,445500.0,454000.0,368743
2021-09-07,450500.0,453000.0,444000.0,444500.0,356293
2021-09-08,437500.0,439000.0,408000.0,409500.0,2470864
2021-09-09,400500.0,406000.0,396000.0,399000.0,1972500
2021-09-10,398000.0,416500.0,398000.0,410000.0,1326870
2021-09-13,405000.0,414000.0,402500.0,408000.0,771749
2021-09-14,403500.0,406500.0,393500.0,402500.0,1636660
2021-09-15,403000.0,409500.0,400000.0,400500.0,730616
2021-09-16,405000.0,410000.0,401000.0,402000.0,614987
2021-09-17,404500.0,405000.0,397500.0,403000.0,558566
2021-09-23,400500.0,401500.0,397500.0,400000.0,615295
2021-09-24,398500.0,406000.0,398000.0,405500.0,574341
2021-09-27,406000.0,407500.0,401000.0,403000.0,455667
2021-09-28,399500.0,400000.0,391000.0,392500.0,857556
2021-09-29,380500.0,390000.0,380000.0,387000.0,664216
2021-09-30,383000.0,390000.0,381000.0,388000.0,611128
2021-10-01,388500.0,389500.0,381500.0,382000.0,402239
2021-10-05,378500.0,380000.0,370000.0,370500.0,828794
2021-10-06,373000.0,383500.0,371500.0,373000.0,826716
2021-10-07,380500.0,394000.0,378000.0,393500.0,832068
2021-10-08,397500.0,397500.0,388000.0,388500.0,542514
2021-10-12,384500.0,387000.0,372000.0,372000.0,817135
2021-10-13,372500.0,383000.0,372000.0,382000.0,612239
2021-10-14,387500.0,396000.0,385500.0,395000.0,689827
2021-10-15,400000.0,400000.0,392000.0,393500.0,444506
2021-10-18,395000.0,399500.0,389000.0,396500.0,448726
2021-10-19,400000.0,408000.0,398500.0,407500.0,560257
2021-10-20,411500.0,417000.0,407000.0,407500.0,591636
2021-10-21,407500.0,412000.0,404000.0,410500.0,482389
2021-10-22,411500.0,411500.0,402500.0,407500.0,395564
2021-10-25,408500.0,413000.0,401500.0,402500.0,461889
2021-10-26,402500.0,413500.0,402500.0,412500.0,471083
2021-10-27,415000.0,419000.0,411500.0,414500.0,497113
2021-10-28,419000.0,419500.0,411500.0,413000.0,494766
2021-10-29,413000.0,414500.0,405500.0,407000.0,472080
2021-11-01,407000.0,411500.0,404000.0,408500.0,337049
2021-11-02,409500.0,414500.0,409000.0,410000.0,352579
2021-11-03,410000.0,411000.0,400000.0,402500.0,366530
2021-11-04,409500.0,415500.0,406500.0,411500.0,537599
2021-11-05,411500.0,415000.0,405000.0,410500.0,309468
2021-11-08,414500.0,415500.0,405500.0,408000.0,365376
2021-11-09,409500.0,419000.0,408500.0,417500.0,542759
2021-11-10,415500.0,419000.0,411000.0,414500.0,414599
2021-11-11,411000.0,413000.0,405000.0,407000.0,566739
2021-11-12,407500.0,412500.0,403500.0,409000.0,412100
2021-11-15,409000.0,412500.0,408000.0,411000.0,331770
2021-11-16,410000.0,412500.0,405000.0,405500.0,490783
2021-11-17,406000.0,406500.0,399000.0,401000.0,540444
2021-11-18,403500.0,413000.0,402000.0,407000.0,729079
2021-11-19,407000.0,410000.0,404000.0,404000.0,415847
2021-11-22,403000.0,411500.0,400500.0,410000.0,555854
2021-11-23,401000.0,405000.0,399500.0,400000.0,682033
2021-11-24,399000.0,401000.0,392000.0,395000.0,554151
2021-11-25,400000.0,401000.0,395500.0,397000.0,323058
2021-11-26,394000.0,395500.0,388000.0,389500.0,473540
2021-11-29,386500.0,391500.0,382500.0,386500.0,457264
2021-11-30,391000.0,392500.0,381000.0,381000.0,1103481
2021-12-01,385000.0,392500.0,382000.0,390000.0,548840
2021-12-02,382500.0,399000.0,382000.0,398500.0,613006
2021-12-03,397500.0,402000.0,394500.0,402000.0,501099
2021-12-06,400500.0,400500.0,389500.0,392000.0,456773
2021-12-07,390500.0,392500.0,388500.0,391000.0,384366
2021-12-08,395000.0,399500.0,394000.0,395000.0,534080
2021-12-09,397000.0,399500.0,394000.0,399500.0,748143
2021-12-10,394000.0,396500.0,393500.0,395000.0,224452
2021-12-13,398000.0,398000.0,390000.0,390500.0,346330
2021-12-14,388500.0,392500.0,387000.0,392000.0,322068
2021-12-15,387000.0,390000.0,387000.0,387500.0,290339
2021-12-16,389500.0,395500.0,384500.0,387500.0,543865
2021-12-17,387000.0,387500.0,383500.0,384500.0,505284
2021-12-20,381500.0,383000.0,373000.0,373000.0,630690
2021-12-21,370000.0,379000.0,370000.0,375000.0,480367
2021-12-22,376000.0,380000.0,375500.0,378500.0,263513
2021-12-23,379500.0,380500.0,374500.0,378000.0,354342
2021-12-24,378000.0,388000.0,378000.0,384000.0,412695
2021-12-27,384500.0,384500.0,380000.0,380500.0,226757
2021-12-28,380000.0,385500.0,378000.0,384500.0,551228
2021-12-29,389000.0,389000.0,382000.0,382000.0,352409
2021-12-30,381000.0,382000.0,376000.0,378500.0,369314
2022-01-04,376000.0,376000.0,365000.0,365500.0,803676
2022-01-05,362000.0,362000.0,352000.0,355000.0,1151703
2022-01-06,348500.0,349500.0,337500.0,338500.0,1280916
2022-01-07,338000.0,343500.0,337000.0,338000.0,787839
2022-01-10,339000.0,339500.0,329000.0,335000.0,828611
2022-01-11,336000.0,344500.0,334500.0,335000.0,805084
2022-01-12,339500.0,352500.0,339500.0,345500.0,1047713
2022-01-13,348000.0,352000.0,344000.0,348000.0,677226
2022-01-14,341000.0,342500.0,335500.0,342000.0,504907
2022-01-17,340500.0,346500.0,339500.0,343500.0,418789
2022-01-18,346500.0,348000.0,335500.0,338000.0,441573
2022-01-19,330000.0,334000.0,328000.0,332500.0,749338
2022-01-20,331000.0,336500.0,326500.0,335000.0,695553
2022-01-21,330500.0,340500.0,330000.0,333000.0,580928
2022-01-24,333000.0,334000.0,327500.0,328500.0,494977
2022-01-25,329500.0,331500.0,318000.0,322000.0,799996
2022-01-26,322000.0,322000.0,322000.0,322000.0,0
2022-01-27,307000.0,315500.0,303000.0,303000.0,949565
2022-01-28,297000.0,311000.0,297000.0,310000.0,974351
2022-02-03,325500.0,326000.0,320000.0,320500.0,884438
2022-02-04,321500.0,329500.0,321000.0,327500.0,548945
2022-02-07,328500.0,329000.0,320500.0,327000.0,492656
2022-02-08,327000.0,327000.0,327000.0,327000.0,0
2022-02-09,327000.0,327000.0,327000.0,327000.0,0
2022-02-10,326500.0,337500.0,326500.0,331500.0,701866
2022-02-11,326500.0,330500.0,323500.0,327500.0,450896
2022-02-14,326000.0,327000.0,318000.0,322000.0,424845
2022-02-15,325000.0,325500.0,316000.0,318500.0,335584
2022-02-16,322500.0,325500.0,320000.0,324500.0,447832
2022-02-17,325000.0,328000.0,319000.0,324500.0,481773
2022-02-18,319500.0,320000.0,315500.0,318000.0,549382
2022-02-21,318000.0,318000.0,318000.0,318000.0,0
2022-02-22,318000.0,318000.0,318000.0,318000.0,0
2022-02-23,318000.0,318000.0,318000.0,318000.0,0
2022-02-24,305000.0,306000.0,300000.0,302500.0,666538
2022-02-25,308000.0,317500.0,305000.0,314500.0,857872
2022-02-28,314500.0,314500.0,314500.0,314500.0,0
2022-03-02,319000.0,319500.0,312000.0,317000.0,546099
2022-03-03,319000.0,327000.0,318500.0,325500.0,580888
2022-03-04,325500.0,325500.0,325500.0,325500.0,0
2022-03-07,309000.0,309500.0,305000.0,307000.0,535033
2022-03-08,302000.0,309500.0,301500.0,304500.0,559921
2022-03-10,304500.0,304500.0,304500.0,304500.0,0
2022-03-11,304500.0,304500.0,304500.0,304500.0,0
2022-03-14,328500.0,338000.0,325000.0,329000.0,679812
2022-03-15,329000.0,329000.0,329000.0,329000.0,0
2022-03-16,329000.0,329000.0,329000.0,329000.0,0
2022-03-17,329000.0,329000.0,329000.0,329000.0,0
2022-03-18,345000.0,346500.0,341500.0,344500.0,722326
2022-03-21,344500.0,344500.0,344500.0,344500.0,0
2022-03-22,340000.0,341000.0,336000.0,339500.0,301259
2022-03-23,343000.0,347500.0,341500.0,345500.0,504911
2022-03-24,339500.0,342000.0,335000.0,340000.0,528012
2022-03-25,339500.0,340000.0,332500.0,333000.0,559026
2022-03-28,329500.0,332500.0,324000.0,331500.0,356589
2022-03-29,334500.0,338000.0,332000.0,334000.0,323767
2022-03-30,342000.0,342000.0,337000.0,339000.0,454373
2022-03-31,341500.0,342000.0,338500.0,340500.0,427064
2022-04-01,340000.0,340500.0,335500.0,335500.0,446987
2022-04-04,335500.0,339000.0,332000.0,338000.0,283687
2022-04-05,340500.0,343000.0,338000.0,342500.0,389951
2022-04-06,336500.0,338000.0,329000.0,330000.0,647201
2022-04-07,323000.0,328500.0,321000.0,321000.0,493204
2022-04-08,322000.0,324500.0,311500.0,316500.0,626173
2022-04-11,311000.0,313000.0,308000.0,313000.0,507362
2022-04-12,306000.0,311000.0,305000.0,308500.0,467984
2022-04-13,306000.0,311500.0,304000.0,310500.0,519629
2022-04-14,311500.0,315500.0,308500.0,313000.0,459979
2022-04-15,309000.0,314000.0,305500.0,308500.0,369642
2022-04-18,306000.0,308000.0,305000.0,306500.0,209787
2022-04-19,308000.0,314000.0,307500.0,312000.0,371024
2022-04-20,315500.0,317000.0,312000.0,315500.0,496286
2022-04-21,310500.0,311000.0,306000.0,309500.0,803990
2022-04-22,302000.0,304000.0,299500.0,300000.0,1166406
2022-04-25,292500.0,295000.0,288000.0,288500.0,823308
2022-04-26,288500.0,291500.0,285000.0,287000.0,804555
2022-04-27,279500.0,282000.0,277000.0,280500.0,875090
2022-04-28,286000.0,286000.0,278500.0,280500.0,547958
2022-04-29,282500.0,287500.0,281500.0,286500.0,540274
2022-05-02,281000.0,282500.0,279000.0,281000.0,509250
2022-05-03,280500.0,284000.0,280000.0,282000.0,419535
2022-05-04,282000.0,287000.0,279500.0,282000.0,394212
2022-05-06,272500.0,275000.0,268000.0,272000.0,787063
2022-05-10,269000.0,277500.0,269000.0,276000.0,732705
2022-05-11,273500.0,279000.0,273000.0,279000.0,473201
2022-05-12,273500.0,276000.0,270000.0,270000.0,611860
2022-05-13,272000.0,275000.0,269500.0,274500.0,474153
2022-05-16,278000.0,279000.0,273000.0,273500.0,385763
2022-05-17,273500.0,276000.0,272000.0,275500.0,430794
2022-05-18,279500.0,280500.0,275000.0,276500.0,536493
2022-05-19,268500.0,273000.0,266500.0,271500.0,625683
2022-05-20,270000.0,277000.0,269000.0,275000.0,468832
2022-05-23,275000.0,278000.0,273500.0,277500.0,317519
2022-05-24,275000.0,275500.0,266000.0,266000.0,574617
2022-05-25,266500.0,268500.0,262500.0,266000.0,533307
2022-05-26,269500.0,272500.0,266000.0,266000.0,541194
2022-05-27,271000.0,272000.0,268500.0,270000.0,481191
2022-05-30,274000.0,282500.0,273500.0,281000.0,751170
2022-05-31,281500.0,289500.0,277500.0,288000.0,1515701
2022-06-02,290500.0,291000.0,284000.0,290000.0,608586
2022-06-03,293500.0,294500.0,286000.0,287500.0,470483
2022-06-07,282500.0,284000.0,276000.0,278000.0,660801
2022-06-08,279500.0,280000.0,274500.0,278000.0,400681
2022-06-09,275500.0,277500.0,269000.0,273000.0,753205
2022-06-10,269000.0,274500.0,268500.0,270000.0,497525
2022-06-13,262000.0,263000.0,254000.0,254000.0,928643
2022-06-14,246000.0,255500.0,245000.0,253000.0,731127
2022-06-15,250000.0,252000.0,241500.0,244500.0,751618
2022-06-16,249000.0,251000.0,239500.0,240000.0,737844
2022-06-17,232500.0,241500.0,232500.0,237500.0,990192
2022-06-20,239500.0,241000.0,230000.0,234000.0,719666
2022-06-21,236000.0,241500.0,234500.0,239500.0,526317
2022-06-22,239500.0,239500.0,227000.0,229000.0,894578
2022-06-23,229000.0,239500.0,229000.0,234000.0,894526
2022-06-24,238500.0,250000.0,236000.0,247500.0,990710
2022-06-27,247500.0,253500.0,244500.0,249000.0,634239
2022-06-28,248500.0,253000.0,246000.0,252500.0,460119
2022-06-29,246500.0,249000.0,244500.0,246500.0,464699
2022-06-30,241500.0,245000.0,236500.0,240000.0,764891
2022-07-01,240000.0,242500.0,233500.0,237000.0,527033
2022-07-04,237500.0,240000.0,230500.0,235000.0,512776
2022-07-05,238500.0,248500.0,237000.0,243000.0,654854
2022-07-06,240000.0,249500.0,236500.0,243500.0,875386
2022-07-07,246000.0,249000.0,243000.0,245000.0,547620
2022-07-08,247000.0,252500.0,246000.0,249000.0,652395
2022-07-11,246000.0,248000.0,238500.0,240500.0,554603
2022-07-12,236500.0,237500.0,230500.0,233500.0,601679
2022-07-13,232000.0,239000.0,232000.0,237500.0,451619
2022-07-14,232000.0,236000.0,231000.0,233500.0,611226
2022-07-15,234500.0,234500.0,228000.0,231000.0,826920
2022-07-18,234000.0,247000.0,233000.0,246500.0,986963
2022-07-19,242500.0,244000.0,240000.0,243500.0,350932
2022-07-20,251000.0,253500.0,244500.0,246000.0,635582
2022-07-21,248500.0,256500.0,246500.0,250500.0,567875
2022-07-22,250000.0,253500.0,247000.0,250000.0,465586
2022-07-25,248000.0,249000.0,244000.0,248000.0,380368
2022-07-26,244500.0,245000.0,240500.0,245000.0,432397
2022-07-27,247500.0,247500.0,241000.0,246000.0,576997
2022-07-28,251000.0,255000.0,245500.0,247000.0,564324
2022-07-29,252000.0,262000.0,251500.0,259000.0,1105156
2022-08-01,260500.0,261500.0,256500.0,259000.0,532517
2022-08-02,260500.0,260500.0,254000.0,259000.0,551218
2022-08-03,256000.0,271000.0,255000.0,269000.0,831121
2022-08-04,272500.0,278000.0,271000.0,273500.0,960547
2022-08-05,277500.0,281000.0,265500.0,267000.0,949836
2022-08-08,261000.0,261500.0,257000.0,258500.0,940226
2022-08-09,261000.0,267000.0,259500.0,265000.0,529474
2022-08-10,262500.0,266000.0,261000.0,262000.0,317975
2022-08-11,269500.0,271000.0,266000.0,267500.0,517715
2022-08-12,267500.0,269500.0,265000.0,265500.0,402713
2022-08-16,268500.0,269000.0,258000.0,259500.0,864710
2022-08-17,259000.0,260000.0,254500.0,258000.0,433453
2022-08-18,254000.0,256000.0,249000.0,250000.0,788467
2022-08-19,250500.0,251000.0,246000.0,248000.0,382703
2022-08-22,245000.0,247000.0,241500.0,245500.0,340467
2022-08-23,243500.0,244500.0,240000.0,241000.0,400035
2022-08-24,242000.0,243500.0,240500.0,241500.0,344838
2022-08-25,243000.0,248500.0,242000.0,244500.0,347778
2022-08-26,246000.0,246500.0,241500.0,242000.0,306637
2022-08-29,232500.0,235500.0,231500.0,234000.0,610295
2022-08-30,234500.0,239500.0,234500.0,238000.0,306143
2022-08-31,234500.0,240500.0,232500.0,240000.0,424718
2022-09-01,236000.0,238000.0,233000.0,236000.0,410984
2022-09-02,237500.0,239000.0,232500.0,234000.0,374672
2022-09-05,233500.0,238000.0,233500.0,236000.0,327916
2022-09-06,237500.0,237500.0,233500.0,235000.0,240015
2022-09-07,233500.0,233500.0,228000.0,231500.0,480805
2022-09-08,233000.0,234500.0,228500.0,231500.0,542651
2022-09-13,236000.0,239500.0,235500.0,238500.0,510894
2022-09-14,228500.0,231000.0,226000.0,230000.0,552863
2022-09-15,231000.0,231000.0,225500.0,225500.0,525459
2022-09-16,221500.0,223000.0,219500.0,220000.0,777712
2022-09-19,219500.0,221000.0,217000.0,218000.0,502182
2022-09-20,220500.0,222000.0,218000.0,218000.0,240498
2022-09-21,216500.0,217000.0,212000.0,213000.0,493972
2022-09-22,207500.0,209500.0,204000.0,206500.0,693460
2022-09-23,207500.0,212500.0,207500.0,210500.0,655441
2022-09-26,205500.0,208000.0,204000.0,204500.0,513342
2022-09-27,202500.0,206000.0,199000.0,204500.0,641394
2022-09-28,202500.0,203500.0,198000.0,200500.0,579635
2022-09-29,203000.0,205000.0,196000.0,196500.0,612278
2022-09-30,191500.0,198000.0,190500.0,193500.0,924294
2022-10-04,192000.0,192000.0,175500.0,176500.0,3753785
2022-10-05,170500.0,176000.0,164000.0,164000.0,6634375
2022-10-06,163500.0,169000.0,163000.0,167000.0,3477299
2022-10-07,164000.0,167500.0,159500.0,160000.0,2596863
2022-10-11,156500.0,159500.0,156000.0,158500.0,1835014
2022-10-12,158500.0,164500.0,158000.0,162000.0,1515631
2022-10-13,160500.0,161000.0,155000.0,158500.0,1487183
2022-10-14,163500.0,168500.0,163000.0,165500.0,1568930
2022-10-17,162500.0,168000.0,160500.0,167000.0,1436527
2022-10-18,170500.0,173000.0,169000.0,172500.0,1414552
2022-10-19,172500.0,173500.0,168500.0,168500.0,1172766
2022-10-20,168000.0,168500.0,163000.0,168500.0,1098598
2022-10-21,165000.0,168000.0,164000.0,166000.0,749769
2022-10-24,169000.0,170000.0,163000.0,164000.0,888373
2022-10-25,164500.0,167000.0,164000.0,165500.0,547041
2022-10-26,165000.0,165000.0,159000.0,159500.0,1352211
2022-10-27,159000.0,162000.0,156000.0,161000.0,1058992
2022-10-28,158000.0,161000.0,157000.0,160000.0,777329
2022-10-31,163500.0,170500.0,161500.0,169500.0,1585289
2022-11-01,168000.0,171000.0,166500.0,170500.0,768757
2022-11-02,170000.0,177000.0,169000.0,174000.0,1585072
2022-11-03,168500.0,170500.0,166000.0,169000.0,1017930
2022-11-04,167500.0,174500.0,167500.0,174000.0,1248339
2022-11-07,177000.0,178000.0,168000.0,169000.0,2128304
2022-11-08,172000.0,179000.0,171000.0,177500.0,2549625
2022-11-09,178500.0,183000.0,177500.0,180000.0,1596245
2022-11-10,177500.0,180000.0,176000.0,176000.0,975484
2022-11-11,189000.0,196500.0,186000.0,193500.0,3312709
2022-11-14,194000.0,194500.0,188000.0,188500.0,1776156
2022-11-15,190000.0,192500.0,188000.0,192000.0,889734
2022-11-16,194000.0,194500.0,187000.0,189500.0,1156594
2022-11-17,188000.0,189500.0,186500.0,188000.0,825254
2022-11-18,187500.0,190000.0,184500.0,185500.0,784241
2022-11-21,186000.0,187500.0,181000.0,182500.0,614738
2022-11-22,181500.0,184500.0,179500.0,180500.0,631550
2022-11-23,184000.0,186000.0,181000.0,181500.0,780342
2022-11-24,183000.0,188000.0,182500.0,188000.0,969322
2022-11-25,187000.0,189000.0,185000.0,185000.0,440351
2022-11-28,184000.0,184500.0,180500.0,180500.0,550985
2022-11-29,178500.0,183500.0,178500.0,182500.0,481120
2022-11-30,181500.0,187000.0,180500.0,187000.0,880333
2022-12-01,194500.0,195000.0,187500.0,187500.0,1218297
2022-12-02,188000.0,190500.0,185500.0,185500.0,796841
2022-12-05,187000.0,195000.0,186500.0,191500.0,1224361
2022-12-06,189500.0,190000.0,185000.0,185500.0,877534
2022-12-07,183000.0,187500.0,182500.0,183500.0,646753
2022-12-08,184000.0,186500.0,181500.0,185500.0,709428
2022-12-09,187500.0,195000.0,187000.0,195000.0,1081470
2022-12-12,192500.0,196500.0,190500.0,193000.0,652814
2022-12-13,195500.0,197000.0,191000.0,193000.0,692706
2022-12-14,194000.0,195000.0,191500.0,193500.0,708760
2022-12-15,191000.0,191000.0,182500.0,182500.0,1270685
2022-12-16,178000.0,182500.0,177500.0,180500.0,913806
2022-12-19,179500.0,184000.0,179500.0,183500.0,574398
2022-12-20,182000.0,184000.0,179000.0,180500.0,625022
2022-12-21,182500.0,183000.0,180000.0,180000.0,302976
2022-12-22,182000.0,185500.0,180500.0,184500.0,466951
2022-12-23,180500.0,182000.0,178000.0,178000.0,613209
2022-12-26,178500.0,180500.0,177000.0,178500.0,350843
2022-12-27,179500.0,182500.0,179000.0,181000.0,492232
2022-12-28,179000.0,183500.0,178000.0,180000.0,580495
2022-12-29,180000.0,185000.0,177500.0,177500.0,656658
2023-01-02,179500.0,180000.0,176000.0,179500.0,438162
2023-01-03,177000.0,179500.0,173500.0,178500.0,573137
2023-01-04,177000.0,183500.0,177000.0,182500.0,792920
2023-01-05,184500.0,190000.0,184000.0,186000.0,1107483
2023-01-06,185500.0,187000.0,182500.0,185000.0,741129
2023-01-09,189500.0,196500.0,189000.0,196500.0,1115201
2023-01-10,193000.0,196000.0,190500.0,193000.0,839225
2023-01-11,197500.0,200500.0,194500.0,195000.0,1030650
2023-01-12,198000.0,199000.0,194000.0,194000.0,797343
2023-01-13,196000.0,200500.0,195000.0,195000.0,869459
2023-01-16,197000.0,201000.0,195000.0,200500.0,846276
2023-01-17,201000.0,201000.0,193500.0,193500.0,976576
2023-01-18,194000.0,196000.0,193000.0,195500.0,518929
2023-01-19,194000.0,196500.0,192500.0,196000.0,475600
2023-01-20,195500.0,201000.0,195000.0,196000.0,787881
2023-01-25,200500.0,203500.0,199600.0,202000.0,4625
2023-01-26,202500.0,204000.0,199900.0,202000.0,5156
2023-01-27,204500.0,211500.0,202000.0,211500.0,6621
2023-01-30,212000.0,214000.0,206500.0,207000.0,4949
2023-01-31,206000.0,208500.0,202000.0,207000.0,3824
2023-02-01,204500.0,208500.0,202500.0,205500.0,2827
2023-02-02,213000.0,213500.0,210500.0,205500.0,20981
2023-02-03,214000.0,225500.0,210500.0,211500.0,11490
2023-02-06,221000.0,224500.0,215500.0,215500.0,12489
2023-02-07,216000.0,220500.0,215000.0,219500.0,6245
2023-02-08,224500.0,232000.0,224000.0,230500.0,9889
2023-02-09,224500.0,230500.0,224000.0,230000.0,8793
2023-02-10,226000.0,230500.0,222000.0,230000.0,6957
2023-02-13,231000.0,231000.0,220500.0,223000.0,7040
2023-02-14,226500.0,228500.0,223000.0,224000.0,4249
2023-02-15,224500.0,224500.0,215000.0,215500.0,10250
2023-02-16,218000.0,222500.0,218000.0,220500.0,2933
2023-02-17,216000.0,219000.0,212000.0,215500.0,4039
2023-02-20,215500.0,220000.0,213500.0,219000.0,2145
2023-02-21,220500.0,220500.0,215000.0,215500.0,6766
2023-02-22,211500.0,213500.0,210500.0,211500.0,4098
2023-02-23,212000.0,214500.0,211000.0,213500.0,4285
2023-02-24,213500.0,214000.0,207000.0,208000.0,6114
2023-02-27,204000.0,209000.0,204000.0,208000.0,930467
2023-02-28,209500.0,212000.0,207500.0,208500.0,848323
2023-03-02,207500.0,209500.0,205000.0,206000.0,817689
2023-03-03,207500.0,210500.0,205500.0,205500.0,729689
2023-03-06,208500.0,214500.0,208500.0,214500.0,1052243
2023-03-07,214000.0,214500.0,210500.0,211000.0,640146
2023-03-08,208500.0,209000.0,202000.0,202500.0,1027023
2023-03-09,204500.0,206000.0,202000.0,202000.0,760330
2023-03-10,198000.0,201000.0,197800.0,199800.0,854741
2023-03-13,199800.0,203000.0,194600.0,202500.0,1035513
2023-03-14,200000.0,202000.0,196000.0,196000.0,776395
2023-03-15,200000.0,201000.0,194500.0,196400.0,838555
2023-03-16,193600.0,198400.0,192100.0,197100.0,708127
2023-03-17,201000.0,202000.0,197200.0,198000.0,778496
2023-03-20,198000.0,204000.0,198000.0,201500.0,602589
2023-03-21,202500.0,203500.0,200000.0,200500.0,403322
2023-03-22,203500.0,207500.0,203000.0,207000.0,655503
2023-03-23,204000.0,205000.0,202000.0,204000.0,607503
2023-03-24,204500.0,204500.0,200500.0,202500.0,599102
2023-03-27,201500.0,202000.0,198200.0,199300.0,611569
2023-03-28,199600.0,201000.0,197800.0,199500.0,586388
2023-03-29,198000.0,201000.0,198000.0,199100.0,442034
2023-03-30,200500.0,201000.0,198100.0,201000.0,788108
2023-03-31,203500.0,203500.0,199100.0,202000.0,937726
2023-04-03,203500.0,204500.0,198100.0,198200.0,794745
2023-04-04,198200.0,201000.0,198100.0,201000.0,575220
2023-04-05,201000.0,202500.0,199100.0,199200.0,485125
2023-04-06,198200.0,198300.0,191900.0,191900.0,1409355
2023-04-07,193000.0,195400.0,192900.0,193400.0,531141
2023-04-10,193300.0,193700.0,190500.0,193000.0,783772
2023-04-11,193300.0,200000.0,193300.0,199900.0,1137837
2023-04-12,199300.0,200500.0,196900.0,198000.0,700638
2023-04-13,196200.0,198800.0,195600.0,196400.0,727674
2023-04-14,198700.0,200500.0,197000.0,199000.0,964852
2023-04-17,199000.0,199300.0,196300.0,197000.0,556371
2023-04-18,196100.0,196900.0,191500.0,192800.0,1022386
2023-04-19,192400.0,192500.0,191400.0,191400.0,612192
2023-04-20,191600.0,192700.0,189900.0,191600.0,581315
2023-04-21,191500.0,192100.0,190100.0,190300.0,479007
2023-04-24,189000.0,191800.0,188500.0,190000.0,469050
2023-04-25,190000.0,191200.0,186000.0,186100.0,778485
2023-04-26,185800.0,190900.0,185700.0,188100.0,671910
2023-04-27,188000.0,189400.0,186500.0,188200.0,470891
2023-04-28,190000.0,193400.0,190000.0,192300.0,902999
2023-05-02,192200.0,193200.0,191400.0,193200.0,491178
2023-05-03,191800.0,193400.0,191300.0,192600.0,448203
2023-05-04,191100.0,197300.0,189000.0,196100.0,900385
2023-05-08,200500.0,207500.0,198200.0,207000.0,2034862
2023-05-09,209000.0,214500.0,208500.0,211000.0,1855368
2023-05-10,211000.0,212500.0,206500.0,210000.0,763447
2023-05-11,213000.0,216000.0,210500.0,211000.0,825757
2023-05-12,212000.0,214000.0,210000.0,213500.0,666880
2023-05-15,212000.0,213500.0,207500.0,212000.0,584184
2023-05-16,212500.0,213500.0,207000.0,207500.0,528940
2023-05-17,207500.0,214000.0,207500.0,213000.0,538104
2023-05-18,213500.0,214000.0,210000.0,212500.0,378470
2023-05-19,214000.0,217000.0,212500.0,216500.0,870698
2023-05-22,215500.0,218000.0,214000.0,215000.0,534887
2023-05-23,215500.0,216000.0,211500.0,212000.0,550247
2023-05-24,208000.0,209500.0,202500.0,203000.0,1210194
2023-05-25,202500.0,207500.0,202500.0,206000.0,791642
2023-05-26,204500.0,207000.0,202500.0,202500.0,505880
2023-05-30,205000.0,205000.0,200500.0,201500.0,609318
2023-05-31,201500.0,203000.0,199100.0,199500.0,993582
2023-06-01,199900.0,204000.0,199900.0,204000.0,547388
2023-06-02,204500.0,205000.0,202500.0,204500.0,405330
2023-06-05,205500.0,206500.0,204000.0,204500.0,428762
2023-06-07,206500.0,208000.0,204000.0,205000.0,553505
2023-06-08,203000.0,203500.0,200000.0,200500.0,717690
2023-06-09,202000.0,205000.0,200500.0,200500.0,546093
2023-06-12,202500.0,203500.0,199700.0,200500.0,417698
2023-06-13,202000.0,203000.0,199600.0,201000.0,565013
2023-06-14,201000.0,202000.0,198300.0,199200.0,666340
2023-06-15,200000.0,202500.0,199900.0,200500.0,557684
2023-06-16,202500.0,204500.0,202000.0,202500.0,751013
2023-06-19,202500.0,202500.0,198500.0,198600.0,669785
2023-06-20,199500.0,201000.0,197900.0,198500.0,437974
2023-06-21,199100.0,199200.0,189900.0,189900.0,1358963
2023-06-22,189400.0,193200.0,189300.0,191300.0,580244
2023-06-23,191500.0,192000.0,188900.0,188900.0,689964
2023-06-26,187700.0,191200.0,187600.0,188900.0,489487
2023-06-27,188000.0,188000.0,184100.0,185900.0,877288
2023-06-28,187500.0,188100.0,182800.0,184800.0,717140
2023-06-29,183800.0,186200.0,183400.0,183400.0,578195
2023-06-30,183300.0,184500.0,180600.0,182800.0,683584
2023-07-03,182800.0,190600.0,182800.0,189300.0,869777
2023-07-04,188200.0,190200.0,186700.0,188700.0,491576
2023-07-05,188000.0,190200.0,186500.0,186500.0,686759
2023-07-06,185500.0,196200.0,185500.0,195500.0,1503767
2023-07-07,195600.0,197300.0,193800.0,195000.0,832803
2023-07-10,195000.0,196300.0,192700.0,193200.0,509523
2023-07-11,196700.0,197600.0,194600.0,197400.0,524208
2023-07-12,197400.0,202500.0,195700.0,202000.0,865666
2023-07-13,204500.0,206500.0,199500.0,199700.0,941626
2023-07-14,202000.0,204500.0,200500.0,204500.0,739825
2023-07-17,206000.0,207000.0,202500.0,206500.0,705819
2023-07-18,205500.0,209500.0,204500.0,209000.0,803341
2023-07-19,209500.0,209500.0,204500.0,204500.0,687227
2023-07-20,202500.0,208500.0,202500.0,204500.0,578731
2023-07-21,202500.0,206500.0,200500.0,206000.0,629745
2023-07-24,205500.0,206500.0,201500.0,203000.0,662414
2023-07-25,202000.0,203500.0,199300.0,201000.0,661241
2023-07-26,201500.0,202500.0,194900.0,197700.0,1068784
2023-07-27,197500.0,212000.0,197000.0,211500.0,1442727
2023-07-28,211500.0,212500.0,206000.0,211000.0,952122
2023-07-31,214500.0,228000.0,212500.0,227000.0,2725703
2023-08-01,232500.0,239500.0,230500.0,233000.0,3102468
2023-08-02,235000.0,235000.0,226000.0,227500.0,1388773
2023-08-03,226500.0,227500.0,219000.0,223000.0,1430439
2023-08-04,230500.0,235500.0,220000.0,223500.0,2561625
2023-08-07,226500.0,241500.0,225000.0,234500.0,3055268
2023-08-08,241000.0,241500.0,223000.0,223000.0,1933999
2023-08-09,225000.0,232500.0,224000.0,227500.0,1277473
2023-08-10,223500.0,225000.0,220000.0,225000.0,928409
2023-08-11,227000.0,231500.0,222000.0,222000.0,939248
2023-08-14,222500.0,224500.0,220500.0,221000.0,572079
2023-08-16,219500.0,225500.0,218000.0,222500.0,943493
2023-08-17,221000.0,222000.0,216000.0,218000.0,880587
2023-08-18,213500.0,217500.0,211000.0,212500.0,886686
2023-08-21,213000.0,218000.0,213000.0,214500.0,691652
2023-08-22,218000.0,224500.0,217000.0,221000.0,1005692
2023-08-23,222000.0,222000.0,215500.0,215500.0,868139
2023-08-24,221000.0,235000.0,218500.0,229000.0,3013711
2023-08-25,221500.0,222000.0,210500.0,211000.0,2072800
2023-08-28,213000.0,213500.0,210000.0,213500.0,695518
2023-08-29,213500.0,218500.0,213500.0,218000.0,805948
2023-08-30,221000.0,222000.0,216500.0,217500.0,600149
2023-08-31,217500.0,219000.0,213000.0,214500.0,808546
2023-09-01,215000.0,215500.0,212000.0,214500.0,569772
2023-09-04,213500.0,214000.0,207500.0,211500.0,660388
2023-09-05,211500.0,213000.0,209500.0,212000.0,390882
2023-09-06,210500.0,214500.0,207500.0,214000.0,808331
2023-09-07,216000.0,222000.0,214500.0,216500.0,1234068
2023-09-08,218000.0,218000.0,212500.0,215000.0,595117
2023-09-11,214000.0,214500.0,210000.0,211500.0,724040
2023-09-12,213500.0,222500.0,213000.0,219500.0,1284472
2023-09-13,220000.0,222000.0,215500.0,222000.0,923349
2023-09-14,223000.0,226000.0,220500.0,225500.0,990793
2023-09-15,225000.0,230000.0,224500.0,229500.0,1162871
2023-09-18,227000.0,229000.0,221500.0,221500.0,720909
2023-09-19,222000.0,222000.0,219000.0,219500.0,448589
2023-09-20,219000.0,221500.0,216500.0,217500.0,374274
2023-09-21,215000.0,216500.0,210000.0,210000.0,685787
2023-09-22,206500.0,210000.0,206000.0,208000.0,485769
2023-09-25,209000.0,211500.0,206000.0,206500.0,490044
2023-09-26,207000.0,207500.0,200000.0,201000.0,660374
2023-09-27,198000.0,202500.0,197600.0,201500.0,419270
2023-10-04,196000.0,198100.0,191200.0,191200.0,1163452
2023-10-05,192500.0,193800.0,189000.0,189400.0,622759
2023-10-06,189300.0,192300.0,189200.0,190900.0,403501
2023-10-10,192800.0,196300.0,189800.0,191200.0,627779
2023-10-11,194000.0,195800.0,192800.0,193000.0,603727
2023-10-12,193700.0,194900.0,191500.0,193600.0,570782
2023-10-13,191700.0,193700.0,190900.0,191800.0,368249
2023-10-16,190500.0,192000.0,188400.0,189700.0,568781
2023-10-17,191500.0,192800.0,188500.0,188500.0,512662
2023-10-18,188400.0,190000.0,185500.0,186300.0,531306
2023-10-19,183100.0,183600.0,180700.0,181400.0,789241
2023-10-20,178400.0,181600.0,178000.0,180200.0,579075
2023-10-23,179300.0,182200.0,178200.0,178300.0,446010
2023-10-24,181500.0,187100.0,180100.0,187000.0,802790
2023-10-25,189900.0,191200.0,184800.0,189100.0,802846
2023-10-26,184000.0,186800.0,181300.0,181900.0,757629
2023-10-27,183400.0,186300.0,182500.0,185400.0,520566
2023-10-30,184100.0,187200.0,183000.0,186100.0,392043
2023-10-31,191000.0,192700.0,186700.0,187400.0,823369
2023-11-01,190000.0,191600.0,187000.0,187700.0,511161
2023-11-02,191100.0,192700.0,190300.0,190800.0,633508
2023-11-03,195800.0,200500.0,193100.0,200500.0,1272388
2023-11-06,204500.0,207500.0,200000.0,205500.0,1000560
2023-11-07,202500.0,204000.0,197600.0,200500.0,782666
2023-11-08,200000.0,202000.0,197400.0,197400.0,586525
2023-11-09,197100.0,200500.0,196000.0,198200.0,592942
2023-11-10,196300.0,198500.0,193500.0,194700.0,674585
2023-11-13,197400.0,199000.0,192500.0,192600.0,499910
2023-11-14,194100.0,198900.0,194000.0,198600.0,478385
2023-11-15,203500.0,206000.0,202000.0,205500.0,846436
2023-11-16,204000.0,204500.0,200500.0,203000.0,425403
2023-11-17,203000.0,204000.0,200000.0,202000.0,406874
2023-11-20,200500.0,203500.0,200000.0,202500.0,272327
2023-11-21,205000.0,207500.0,204000.0,204500.0,463033
2023-11-22,202500.0,207500.0,200500.0,207500.0,357391
2023-11-23,206500.0,208000.0,204500.0,205500.0,345224
2023-11-24,205500.0,207500.0,204000.0,205500.0,335280
2023-11-27,205500.0,211000.0,205000.0,206000.0,538210
2023-11-28,208000.0,210000.0,204500.0,207500.0,550801
2023-11-29,208500.0,209000.0,205500.0,207500.0,496563
2023-11-30,206500.0,209500.0,206500.0,208000.0,642304
2023-12-01,208000.0,210000.0,204000.0,206000.0,542598
2023-12-04,208000.0,214000.0,207500.0,210500.0,706500
2023-12-05,210000.0,216500.0,209500.0,213000.0,890514
2023-12-06,214000.0,215500.0,212500.0,213500.0,494143
2023-12-07,214000.0,215000.0,210000.0,212500.0,521170
2023-12-08,215500.0,219000.0,215000.0,217500.0,685720
2023-12-11,218500.0,220500.0,215000.0,217500.0,513760
2023-12-12,216500.0,219500.0,212500.0,213500.0,710270
2023-12-13,212000.0,215500.0,212000.0,213500.0,435945
2023-12-14,218500.0,225000.0,217000.0,223000.0,1761941
2023-12-15,223000.0,226500.0,222000.0,226000.0,899325
2023-12-18,226000.0,226500.0,222000.0,223000.0,555176
2023-12-19,222500.0,224500.0,221000.0,222500.0,497403
2023-12-20,224000.0,225500.0,219500.0,220500.0,874344
2023-12-21,218500.0,220000.0,215500.0,216500.0,844340
2023-12-22,218500.0,219000.0,215000.0,215000.0,571741
2023-12-26,216500.0,217500.0,215000.0,215500.0,458545
2023-12-27,216000.0,223000.0,215500.0,223000.0,609910
2023-12-28,224000.0,224000.0,221000.0,224000.0,525435
2024-01-02,222500.0,229000.0,221000.0,227500.0,716469
2024-01-03,223500.0,224000.0,220000.0,222000.0,690960
2024-01-04,221000.0,225500.0,220500.0,223000.0,538911
2024-01-05,222500.0,224000.0,219500.0,220500.0,387884
2024-01-08,222000.0,231500.0,222000.0,226500.0,1054917
2024-01-09,229500.0,233000.0,228500.0,229500.0,835945
2024-01-10,229500.0,233500.0,227000.0,231000.0,702562
2024-01-11,232500.0,234500.0,229500.0,231500.0,879647
2024-01-12,232000.0,232500.0,228000.0,230500.0,516678
2024-01-15,230000.0,230500.0,223500.0,229500.0,205882
2024-01-16,227500.0,235500.0,227000.0,230000.0,695734
2024-01-17,228500.0,230500.0,218500.0,219000.0,961856
2024-01-18,217000.0,219500.0,215000.0,216500.0,730722
2024-01-19,219000.0,221500.0,213500.0,215500.0,916193
2024-01-22,219000.0,222500.0,217000.0,217000.0,533513
2024-01-23,218000.0,219500.0,215500.0,218000.0,388908
2024-01-24,219000.0,219500.0,215500.0,218000.0,380731
2024-01-25,216000.0,217000.0,212500.0,213500.0,582265
2024-01-26,211500.0,218500.0,211500.0,216500.0,406869
2024-01-29,216500.0,218000.0,211500.0,212000.0,616505
2024-01-30,214000.0,214500.0,208000.0,209500.0,614246
2024-01-31,208500.0,209500.0,200000.0,200500.0,1318605
2024-02-01,199500.0,202500.0,198600.0,202500.0,818613
2024-02-02,209500.0,221500.0,208000.0,221500.0,1841501
2024-02-05,220500.0,221500.0,208000.0,208000.0,1721981
2024-02-06,208000.0,209000.0,203500.0,205500.0,896400
2024-02-07,208000.0,209500.0,204000.0,204500.0,706209
2024-02-08,206500.0,208000.0,205000.0,206000.0,628984
2024-02-13,206500.0,208000.0,204500.0,205000.0,860778
2024-02-14,200500.0,203500.0,199300.0,202500.0,627951
2024-02-15,205000.0,209500.0,203500.0,204000.0,945641
2024-02-16,205500.0,209000.0,204000.0,205000.0,999143
2024-02-19,206500.0,206500.0,203000.0,203500.0,618150
2024-02-20,203500.0,205500.0,202000.0,202500.0,708867
2024-02-21,202000.0,203500.0,201000.0,202500.0,592041
2024-02-22,204000.0,204500.0,200500.0,202000.0,881700
2024-02-23,202500.0,203000.0,200000.0,200500.0,731357
2024-02-26,200000.0,201500.0,199500.0,199900.0,630834
2024-02-27,199900.0,200500.0,198700.0,200000.0,650795
2024-02-28,200500.0,204000.0,199700.0,204000.0,597421
2024-02-29,200000.0,200500.0,195000.0,195000.0,2016957
2024-03-04,194400.0,197400.0,192000.0,192000.0,1186323
2024-03-05,191800.0,192800.0,188700.0,188700.0,1096733
2024-03-06,189000.0,192800.0,189000.0,189800.0,876283
2024-03-07,191200.0,191500.0,188200.0,189000.0,775759
2024-03-08,190000.0,190700.0,188000.0,188000.0,750757
2024-03-11,188200.0,190900.0,188200.0,189900.0,653165
2024-03-12,190700.0,191200.0,188400.0,190500.0,708580
2024-03-13,191100.0,191200.0,188300.0,188400.0,812716
2024-03-14,188800.0,189400.0,186800.0,186800.0,1148654
2024-03-15,186100.0,188500.0,186000.0,186100.0,1015837
2024-03-18,186200.0,186500.0,183200.0,184100.0,1054143
2024-03-19,183200.0,183800.0,182100.0,182600.0,726483
2024-03-20,183000.0,184400.0,182600.0,183100.0,569076
2024-03-21,184700.0,187800.0,184400.0,184400.0,1047858
2024-03-22,184600.0,190800.0,184600.0,188900.0,1280053
2024-03-25,187300.0,189400.0,185400.0,188000.0,654494
2024-03-26,188000.0,191000.0,187300.0,188900.0,746583
2024-03-27,188900.0,191200.0,188400.0,189300.0,590542
2024-03-28,190000.0,190200.0,187100.0,187100.0,661837
2024-03-29,187300.0,188900.0,185100.0,187400.0,633233
2024-04-01,188000.0,194500.0,188000.0,194300.0,1393825
2024-04-02,192500.0,193100.0,190500.0,192000.0,918137
2024-04-03,191000.0,197300.0,190600.0,193400.0,1132978
2024-04-04,195900.0,196000.0,194100.0,194300.0,682404
2024-04-05,192100.0,193800.0,190000.0,193100.0,484403
2024-04-08,193100.0,193200.0,188500.0,189900.0,614052
2024-04-09,189100.0,190500.0,186600.0,189000.0,457312
2024-04-11,186100.0,188300.0,183100.0,183600.0,1192681
2024-04-12,184700.0,189300.0,184600.0,185900.0,835729
2024-04-15,183800.0,184600.0,182600.0,182800.0,636607
2024-04-16,181600.0,181700.0,179500.0,179500.0,796179
2024-04-17,180800.0,181600.0,179600.0,179600.0,405813
2024-04-18,180000.0,181500.0,179800.0,180700.0,599743
2024-04-19,179900.0,183800.0,179100.0,182400.0,759807
2024-04-22,185200.0,185300.0,180300.0,180900.0,492109
2024-04-23,181400.0,182400.0,180000.0,180100.0,468831
2024-04-24,181400.0,184400.0,181300.0,183700.0,597721
2024-04-25,181500.0,184600.0,180200.0,182700.0,437455
2024-04-26,184100.0,184500.0,181500.0,181500.0,438747
2024-04-29,182200.0,184800.0,181600.0,184700.0,510519
2024-04-30,184600.0,187500.0,183800.0,184400.0,620050
2024-05-02,185200.0,190000.0,184600.0,188800.0,1046087
2024-05-03,195000.0,196400.0,191500.0,194600.0,2291415
2024-05-07,197400.0,198500.0,193800.0,194800.0,1272598
2024-05-08,194100.0,194100.0,189700.0,190900.0,1000782
2024-05-09,185900.0,188700.0,185500.0,188300.0,1129421
2024-05-10,188300.0,189300.0,187100.0,188600.0,691790
2024-05-13,186900.0,186900.0,182400.0,184300.0,723861
2024-05-14,185100.0,187200.0,184300.0,184400.0,542815
2024-05-16,186300.0,190600.0,186200.0,188500.0,805720
2024-05-17,188600.0,189800.0,187000.0,187300.0,394214
2024-05-20,187900.0,188000.0,183600.0,184000.0,569690
2024-05-21,182100.0,184500.0,182100.0,183200.0,469119
2024-05-22,182800.0,183300.0,182300.0,182600.0,316154
2024-05-23,181900.0,183000.0,180100.0,182100.0,406392
2024-05-24,180300.0,181100.0,179000.0,179000.0,730052
2024-05-27,180000.0,180100.0,177400.0,179000.0,558709
2024-05-28,178500.0,178700.0,177400.0,177400.0,563865
2024-05-29,178100.0,179800.0,175100.0,175300.0,898094
2024-05-30,173500.0,174900.0,170400.0,170400.0,947416
2024-05-31,170500.0,172000.0,170000.0,170200.0,1117529
2024-06-03,172000.0,175500.0,171800.0,172700.0,661878
2024-06-04,172600.0,177400.0,172600.0,176800.0,758259
2024-06-05,177400.0,178200.0,175600.0,177100.0,467925
2024-06-07,177500.0,178500.0,174900.0,175400.0,638712
2024-06-10,173100.0,175000.0,170700.0,170700.0,744709
2024-06-11,171000.0,171500.0,170000.0,170200.0,606686
2024-06-12,170000.0,170900.0,167700.0,168400.0,977784
2024-06-13,170000.0,173000.0,169900.0,169900.0,982883
2024-06-14,169300.0,171100.0,168700.0,169900.0,677657
2024-06-17,168800.0,169400.0,166000.0,166100.0,876593
2024-06-18,166700.0,169400.0,166300.0,166800.0,663328
2024-06-19,167700.0,168400.0,165100.0,167900.0,773616
2024-06-20,167500.0,169700.0,166500.0,167200.0,581688
2024-06-21,166200.0,168000.0,165600.0,167600.0,872036
2024-06-24,167700.0,170700.0,167200.0,168900.0,591088
2024-06-25,168200.0,168400.0,165700.0,166400.0,675119
2024-06-26,165800.0,169400.0,165000.0,168400.0,635128
2024-06-27,166800.0,167700.0,165400.0,165400.0,582846
2024-06-28,167300.0,169000.0,165900.0,166900.0,709968
2024-07-01,165400.0,166000.0,161500.0,162900.0,1140154
2024-07-02,161600.0,162500.0,159600.0,159900.0,932343
2024-07-03,160000.0,162400.0,159700.0,159800.0,608424
2024-07-04,160100.0,161000.0,159600.0,159800.0,505466
2024-07-05,160600.0,168600.0,160200.0,168100.0,1306514
2024-07-08,168100.0,171900.0,166100.0,170500.0,1148160
2024-07-09,171100.0,172900.0,169800.0,170700.0,661077
2024-07-10,170600.0,178300.0,169700.0,177500.0,1659106
2024-07-11,178400.0,178700.0,175300.0,176100.0,791229
2024-07-12,176100.0,181600.0,174000.0,174800.0,1393405
2024-07-15,178200.0,180500.0,176000.0,176300.0,925722
2024-07-16,175600.0,176200.0,171100.0,171600.0,812128
2024-07-17,172000.0,174500.0,171600.0,173400.0,560011
2024-07-18,173300.0,175500.0,171300.0,174900.0,523719
2024-07-19,173700.0,174700.0,169800.0,172200.0,616972
2024-07-22,172000.0,173900.0,170700.0,172700.0,464293
2024-07-23,174000.0,177000.0,170600.0,170600.0,599169
2024-07-24,169000.0,172500.0,167000.0,171700.0,411210
2024-07-25,170000.0,179200.0,169500.0,178000.0,1473198
2024-07-26,178400.0,179000.0,174500.0,174800.0,880999
2024-07-29,175300.0,176200.0,173600.0,175000.0,429619
2024-07-30,174500.0,176600.0,172600.0,173300.0,402895
2024-07-31,173900.0,175100.0,171500.0,174000.0,425047
2024-08-01,176500.0,177000.0,174500.0,175000.0,481980
2024-08-02,172000.0,172500.0,170500.0,171400.0,674484
2024-08-05,169000.0,169600.0,151100.0,156100.0,1447269
2024-08-06,160000.0,163300.0,156600.0,158400.0,1115733
2024-08-07,156100.0,163500.0,156000.0,162700.0,778054
2024-08-08,160100.0,163500.0,158900.0,162700.0,724039
2024-08-09,170000.0,170000.0,163100.0,163700.0,1236721
2024-08-12,164600.0,164700.0,159400.0,160300.0,811411
2024-08-13,159800.0,160300.0,156100.0,156400.0,1035007
2024-08-14,157300.0,158000.0,155700.0,157300.0,858853
2024-08-16,159200.0,159200.0,157000.0,157500.0,825934
2024-08-19,157900.0,159300.0,156600.0,156600.0,548046
2024-08-20,157900.0,158900.0,156500.0,156600.0,541953
2024-08-21,156700.0,157500.0,155600.0,156400.0,464862
2024-08-22,157200.0,164700.0,157100.0,164700.0,1616355
2024-08-23,164300.0,165400.0,163300.0,164900.0,589333
2024-08-26,165600.0,172200.0,164500.0,170700.0,1277462
2024-08-27,170900.0,171900.0,167900.0,167900.0,628385
2024-08-28,168000.0,168500.0,163600.0,163800.0,781672
2024-08-29,162800.0,165900.0,162100.0,164900.0,448071
2024-08-30,165500.0,170300.0,165200.0,169100.0,950399
2024-09-02,169100.0,169100.0,164900.0,166600.0,505605
2024-09-03,167200.0,169700.0,165300.0,165300.0,536586
2024-09-04,160300.0,162600.0,156700.0,157500.0,1217431
2024-09-05,158300.0,161800.0,158000.0,159800.0,830603
2024-09-06,160200.0,160600.0,157100.0,157200.0,649137
2024-09-09,153800.0,155500.0,152500.0,155000.0,612322
2024-09-10,156500.0,159100.0,156400.0,159000.0,956903
2024-09-11,157200.0,160300.0,155900.0,156400.0,425569
2024-09-12,157600.0,160000.0,156600.0,160000.0,586471
2024-09-13,159900.0,160400.0,158900.0,160100.0,352083
2024-09-19,161900.0,162600.0,159500.0,160600.0,606948
2024-09-20,162000.0,165400.0,159700.0,159900.0,780267
2024-09-23,160700.0,166700.0,159900.0,166700.0,951074
2024-09-24,166600.0,168000.0,164100.0,168000.0,661159
2024-09-25,169200.0,169800.0,166100.0,166200.0,676074
2024-09-26,167100.0,170900.0,167100.0,170900.0,700659
2024-09-27,170900.0,171400.0,168600.0,170400.0,844604
2024-09-30,174000.0,177300.0,169400.0,169400.0,1947054
2024-10-02,168200.0,171100.0,168100.0,168200.0,940787
2024-10-04,169300.0,171900.0,168200.0,170700.0,1171102
2024-10-07,171800.0,171900.0,165800.0,166100.0,1084682
2024-10-08,166500.0,167400.0,165100.0,166200.0,893907
2024-10-10,167900.0,174700.0,167800.0,172400.0,1408359
2024-10-11,172900.0,173500.0,171200.0,173300.0,576782
2024-10-14,173300.0,174300.0,169900.0,173300.0,677634
2024-10-15,172400.0,175700.0,172400.0,175200.0,1056877
2024-10-16,173900.0,177700.0,173300.0,177000.0,864891
2024-10-17,177000.0,177700.0,175000.0,175000.0,571148
2024-10-18,176500.0,177600.0,175400.0,176800.0,570513
2024-10-21,176800.0,179200.0,176200.0,176800.0,537952
2024-10-22,176900.0,177100.0,170800.0,171200.0,765563
2024-10-23,172000.0,174600.0,170800.0,172500.0,589358
2024-10-24,172100.0,173400.0,170800.0,172100.0,384523
2024-10-25,172100.0,172900.0,167100.0,167800.0,627017
2024-10-28,167800.0,170700.0,167800.0,170400.0,319943
2024-10-29,170400.0,171800.0,166700.0,169200.0,352478
2024-10-30,170600.0,175300.0,170500.0,174400.0,716996
2024-10-31,172100.0,174800.0,169700.0,170000.0,485411
2024-11-01,169000.0,170800.0,168500.0,169700.0,244187
2024-11-04,170200.0,175900.0,170100.0,175700.0,697688
2024-11-05,174000.0,177100.0,173700.0,176500.0,346402
2024-11-06,176700.0,177400.0,174100.0,176300.0,432475
2024-11-07,175900.0,179700.0,174600.0,179700.0,675120
2024-11-08,182600.0,182800.0,173700.0,174600.0,1233287
2024-11-11,174600.0,177000.0,171500.0,176000.0,654961
2024-11-12,175700.0,182800.0,175700.0,181400.0,1708052
2024-11-13,181400.0,184100.0,179700.0,182200.0,1224589
2024-11-14,183800.0,190500.0,183000.0,188500.0,2172828
2024-11-15,190500.0,191900.0,188100.0,190000.0,1153043
2024-11-18,191000.0,191800.0,189300.0,190800.0,760104
2024-11-19,190300.0,194200.0,190200.0,193000.0,964416
2024-11-20,193500.0,194000.0,191300.0,193100.0,693589
2024-11-21,192600.0,192700.0,188900.0,189700.0,887174
2024-11-22,189600.0,190800.0,187400.0,190000.0,759493
2024-11-25,190100.0,193200.0,187400.0,193200.0,2335917
2024-11-26,192200.0,196000.0,192200.0,195600.0,995917
2024-11-27,196800.0,205000.0,196200.0,203000.0,2305266
2024-11-28,204000.0,208000.0,202000.0,204500.0,1341153
2024-11-29,204500.0,209000.0,201500.0,206500.0,1243799
2024-12-02,208500.0,210500.0,203000.0,203500.0,1220401
2024-12-03,207500.0,210000.0,204500.0,209000.0,1101247
2024-12-04,205000.0,209000.0,200500.0,202500.0,1758995
2024-12-05,204500.0,208000.0,203000.0,204000.0,1438398
2024-12-06,204000.0,206000.0,197300.0,204500.0,1336764
2024-12-09,200500.0,204000.0,200500.0,201500.0,1206493
2024-12-10,204500.0,209000.0,203000.0,209000.0,905766
2024-12-11,209000.0,218000.0,208500.0,218000.0,1547595
2024-12-12,219000.0,220000.0,206000.0,208000.0,2167932
2024-12-13,209000.0,212000.0,205000.0,210000.0,1102386
2024-12-16,213500.0,218000.0,211500.0,214000.0,945545
2024-12-17,214500.0,215000.0,209000.0,209500.0,895923
2024-12-18,209500.0,215000.0,209500.0,212500.0,663879
2024-12-19,208500.0,211500.0,207500.0,209500.0,640399
2024-12-20,211000.0,213000.0,208500.0,210000.0,775746
2024-12-23,212500.0,213000.0,200000.0,201000.0,1169871
2024-12-24,200500.0,204000.0,200500.0,202500.0,557658
2024-12-26,202500.0,203000.0,197000.0,199900.0,645976
2024-12-27,198700.0,200500.0,195500.0,197700.0,689235
2024-12-30,196800.0,201500.0,196400.0,198900.0,577293
2025-01-02,199500.0,202000.0,191700.0,193800.0,698458
2025-01-03,193200.0,202000.0,193200.0,200500.0,798480
2025-01-06,200500.0,208500.0,200500.0,208500.0,770359
2025-01-07,210000.0,213000.0,207000.0,208000.0,603701
2025-01-08,206500.0,210000.0,206000.0,207000.0,523637
2025-01-09,208500.0,210000.0,201000.0,202500.0,777551
2025-01-10,203000.0,204500.0,201000.0,202000.0,441863
2025-01-13,201000.0,205000.0,200000.0,204000.0,543782
2025-01-14,204000.0,205500.0,202000.0,202000.0,499095
2025-01-15,203000.0,207000.0,202000.0,206500.0,678808
2025-01-16,210000.0,211000.0,205000.0,206500.0,642605
2025-01-17,206000.0,210000.0,203500.0,209000.0,701799
2025-01-20,209000.0,209500.0,204500.0,205000.0,398841
2025-01-21,205000.0,208000.0,203000.0,204500.0,357682
2025-01-22,207000.0,211500.0,204000.0,204000.0,555170
2025-01-23,206000.0,207500.0,204000.0,204500.0,487301
2025-01-24,205500.0,209000.0,203500.0,204000.0,419464
2025-01-31,208500.0,218500.0,208500.0,216500.0,1964710
2025-02-03,217500.0,219500.0,213500.0,217000.0,1410072
2025-02-04,220000.0,224000.0,217000.0,218500.0,1432688
2025-02-05,222500.0,232000.0,219000.0,229000.0,2336982
2025-02-06,229500.0,232000.0,223500.0,232000.0,1718369
2025-02-07,235500.0,235500.0,223000.0,225500.0,1908836
2025-02-10,229500.0,232000.0,227000.0,227500.0,1234703
2025-02-11,227500.0,231500.0,225500.0,228500.0,808905
2025-02-12,230000.0,230500.0,222500.0,225000.0,945298
2025-02-13,225000.0,226000.0,218000.0,220000.0,1028493
2025-02-14,222000.0,224500.0,220000.0,221000.0,574538
2025-02-17,221500.0,224000.0,219500.0,221000.0,615576
2025-02-18,221500.0,223000.0,218000.0,222500.0,630070
2025-02-19,222500.0,224000.0,220000.0,222000.0,569222
2025-02-20,221000.0,225500.0,218500.0,221500.0,614258
2025-02-21,222500.0,228000.0,222000.0,226500.0,821558
2025-02-24,224000.0,228000.0,224000.0,228000.0,526842
2025-02-25,226000.0,230000.0,224500.0,228500.0,622624
2025-02-26,228500.0,232000.0,227500.0,231500.0,708250
2025-02-27,230500.0,230500.0,218000.0,219000.0,1125911
2025-02-28,214500.0,217000.0,206500.0,207000.0,1660981
2025-03-04,205000.0,210000.0,204500.0,205500.0,673266
2025-03-05,210500.0,212000.0,205500.0,207500.0,761832
2025-03-06,208500.0,220000.0,207500.0,219000.0,998317
2025-03-07,216000.0,216500.0,213000.0,213000.0,630434
2025-03-10,211500.0,217000.0,210500.0,215000.0,542653
2025-03-11,205500.0,214500.0,205000.0,212500.0,586599
2025-03-12,212500.0,215500.0,211000.0,214000.0,409913
2025-03-13,217500.0,219500.0,213000.0,216000.0,622944
2025-03-14,215500.0,216500.0,208000.0,208000.0,519114
2025-03-17,210000.0,211000.0,207500.0,211000.0,481843
2025-03-18,211000.0,214000.0,208000.0,209000.0,669726
2025-03-19,208000.0,211500.0,207500.0,208000.0,710932
2025-03-20,210000.0,210000.0,207500.0,208000.0,593445
2025-03-21,209500.0,210500.0,206000.0,209500.0,685909
2025-03-24,209500.0,210500.0,206000.0,207000.0,354434
2025-03-25,208500.0,209000.0,206500.0,207500.0,365297
2025-03-26,207500.0,208500.0,203000.0,204000.0,790441
2025-03-27,201000.0,203000.0,196500.0,197800.0,1501086
2025-03-28,197600.0,197700.0,193900.0,194700.0,700564
2025-03-31,191400.0,192100.0,189200.0,191000.0,668750
2025-04-01,191600.0,198000.0,191600.0,196700.0,485068
2025-04-02,197600.0,197800.0,194200.0,195600.0,461848
2025-04-03,190900.0,199600.0,190800.0,198600.0,577896
2025-04-04,196700.0,202500.0,194100.0,197800.0,672143
2025-04-07,192400.0,195200.0,189300.0,191800.0,597627
2025-04-08,192100.0,193000.0,179200.0,179600.0,1366603
2025-04-09,179000.0,181300.0,176200.0,176900.0,621304
2025-04-10,184200.0,184600.0,179800.0,183900.0,656557
2025-04-11,180200.0,184100.0,180100.0,183000.0,569473
2025-04-14,183000.0,185100.0,182500.0,182700.0,391419
2025-04-15,184800.0,186400.0,183700.0,183900.0,345595
2025-04-16,183900.0,186300.0,183000.0,184400.0,427131
2025-04-17,184800.0,185400.0,182100.0,183600.0,237641
2025-04-18,184700.0,187900.0,184000.0,187500.0,287707
2025-04-21,189100.0,190800.0,187200.0,187500.0,246628
2025-04-22,187200.0,195700.0,186000.0,193700.0,645159
2025-04-23,196000.0,196300.0,192600.0,192900.0,391879
2025-04-24,192600.0,193800.0,190400.0,191500.0,417055
2025-04-25,193400.0,195100.0,192200.0,193500.0,391764
2025-04-28,194300.0,196500.0,192700.0,195500.0,313415
2025-04-29,195500.0,197400.0,193700.0,196500.0,325432
2025-04-30,196200.0,200500.0,195800.0,200500.0,523186
2025-05-02,199800.0,200500.0,197300.0,197400.0,280801
2025-05-07,200000.0,202000.0,198200.0,199100.0,622014
2025-05-08,195100.0,196600.0,188500.0,188700.0,1199556
2025-05-09,190000.0,192100.0,189500.0,191000.0,558440
2025-05-12,192800.0,194300.0,189700.0,190200.0,437578
2025-05-13,190000.0,191000.0,187600.0,188200.0,680047
2025-05-14,189900.0,191400.0,188900.0,191200.0,363846
2025-05-15,189800.0,190300.0,188200.0,189200.0,355097
2025-05-16,189100.0,189700.0,187500.0,187800.0,285272
2025-05-19,187600.0,188200.0,184500.0,185400.0,262018
2025-05-20,185800.0,186500.0,184000.0,185000.0,293512
2025-05-21,185900.0,186500.0,184600.0,184800.0,382117
2025-05-22,183200.0,184500.0,181100.0,183200.0,469433
2025-05-23,184100.0,185300.0,182800.0,183100.0,257074
2025-05-26,183100.0,188000.0,181800.0,188000.0,472314
2025-05-27,186200.0,186900.0,183000.0,183800.0,668670
2025-05-28,184600.0,189000.0,184100.0,187700.0,727369
2025-05-29,189300.0,190600.0,187700.0,189300.0,649059
2025-05-30,188700.0,188800.0,186100.0,187500.0,989028
2025-06-02,185800.0,188300.0,185700.0,186500.0,408085
2025-06-04,189000.0,189100.0,185500.0,185500.0,817069
2025-06-05,186300.0,192000.0,186300.0,191200.0,911249
2025-06-09,195400.0,202500.0,192300.0,198500.0,1407038
2025-06-10,204000.0,204000.0,196800.0,200000.0,911907
2025-06-11,200500.0,202000.0,198900.0,201000.0,512085
2025-06-12,199500.0,201500.0,198900.0,198900.0,624703
2025-06-13,203500.0,206000.0,197400.0,200500.0,1050533
2025-06-16,211000.0,211500.0,202000.0,209500.0,1159906
2025-06-17,212000.0,213000.0,204000.0,206500.0,837169
2025-06-18,204500.0,244500.0,204000.0,243500.0,5706879
2025-06-19,254500.0,259000.0,248500.0,252000.0,3810468
2025-06-20,249000.0,269500.0,245000.0,269500.0,4889308
2025-06-23,276500.0,295000.0,270000.0,290000.0,5050411
2025-06-24,288500.0,292500.0,277500.0,290500.0,4326501
2025-06-25,282500.0,286500.0,276000.0,283500.0,2862461
2025-06-26,270000.0,275000.0,254000.0,261000.0,4314779
2025-06-27,263500.0,265000.0,252000.0,257500.0,2316733
2025-06-30,257000.0,268000.0,255500.0,262500.0,2219752
2025-07-01,264000.0,269000.0,260000.0,262000.0,1791173
2025-07-02,263000.0,263500.0,250000.0,252000.0,1870730
2025-07-03,250500.0,260000.0,249500.0,253000.0,1207730
2025-07-04,252500.0,254500.0,247500.0,249000.0,874760
2025-07-07,248500.0,260500.0,248500.0,256000.0,1175356
2025-07-08,261500.0,263000.0,255000.0,258000.0,903743
2025-07-09,258500.0,258500.0,251000.0,254000.0,952460
2025-07-10,255500.0,265000.0,251000.0,259500.0,1754234
2025-07-11,261000.0,261500.0,253000.0,253000.0,1249355
2025-07-14,252000.0,252500.0,244000.0,249000.0,1205192
2025-07-15,247500.0,253000.0,247000.0,249500.0,791762
2025-07-16,251000.0,255500.0,249000.0,250000.0,785410
2025-07-17,254000.0,255000.0,242500.0,243500.0,1262077
2025-07-18,243500.0,245000.0,240000.0,242000.0,703602
2025-07-21,241500.0,245500.0,240000.0,240000.0,674282
2025-07-22,241500.0,242000.0,234500.0,235000.0,930384
2025-07-23,236000.0,237500.0,229500.0,231500.0,719824
2025-07-24,233000.0,234500.0,225000.0,227000.0,1177878
2025-07-25,226500.0,236000.0,225000.0,234500.0,1202489
2025-07-28,236000.0,237000.0,232000.0,235500.0,600063
2025-07-29,235500.0,240000.0,232000.0,233000.0,928345
2025-07-30,233500.0,240000.0,233500.0,234000.0,768748
2025-07-31,235000.0,236500.0,232500.0,235000.0,521064
2025-08-01,232500.0,233000.0,224000.0,225000.0,827729
2025-08-04,225500.0,239500.0,225000.0,232500.0,1276649
2025-08-05,236000.0,236500.0,229000.0,232000.0,683813
2025-08-06,236500.0,236500.0,226000.0,228500.0,1076418
2025-08-07,230000.0,235500.0,228000.0,235500.0,1019496
2025-08-08,241000.0,241500.0,228500.0,229500.0,1638049
2025-08-11,229500.0,230000.0,222500.0,223000.0,1264837
2025-08-12,223500.0,228000.0,223000.0,223000.0,743541
2025-08-13,225500.0,226000.0,221500.0,225000.0,1017399
2025-08-14,228500.0,233500.0,224000.0,224500.0,1165222
2025-08-18,224500.0,228500.0,223500.0,226000.0,479724
2025-08-19,228000.0,228500.0,223000.0,225500.0,419214
2025-08-20,221500.0,224000.0,219500.0,221500.0,507825
2025-08-21,222000.0,226500.0,222000.0,223000.0,463923
2025-08-22,224000.0,227000.0,221000.0,222000.0,543978
2025-08-25,224500.0,225500.0,221500.0,225500.0,564999
2025-08-26,224000.0,224500.0,221000.0,221000.0,685341
2025-08-27,222000.0,222000.0,216500.0,218000.0,691579
2025-08-28,217500.0,218500.0,215000.0,217500.0,663919
2025-08-29,217500.0,218000.0,214000.0,214500.0,750586
2025-09-01,211500.0,216500.0,210500.0,215500.0,634984
2025-09-02,216000.0,229000.0,216000.0,225000.0,1790972
2025-09-03,224500.0,225000.0,220000.0,221000.0,711207
2025-09-04,221500.0,229500.0,221500.0,227000.0,971838
2025-09-05,227500.0,230500.0,225500.0,229000.0,941824
2025-09-08,228500.0,229500.0,226000.0,228000.0,716688
2025-09-09,228500.0,233000.0,226000.0,231000.0,929473
2025-09-10,232000.0,234500.0,230500.0,233500.0,915806
2025-09-11,234500.0,236000.0,231500.0,233000.0,808213
2025-09-12,234500.0,239000.0,232500.0,236000.0,1191699
2025-09-15,236000.0,236000.0,231500.0,234000.0,710904
2025-09-16,239500.0,241000.0,234500.0,235000.0,923864
2025-09-17,233500.0,235000.0,229500.0,233500.0,2083776
2025-09-18,235000.0,238500.0,233500.0,236750.0,1004507
2025-09-22,234000.0,235000.0,229000.0,232000.0,1004689
2025-09-23,232000.0,235500.0,230000.0,231000.0,735957
2025-09-24,231000.0,233500.0,224500.0,228000.0,982181
2025-09-25,226500.0,257000.0,225500.0,254000.0,8314576
2025-09-26,251500.0,262000.0,250000.0,256500.0,4597910
2025-09-29,268500.0,278500.0,266000.0,274500.0,3486022
2025-09-30,279000.0,279500.0,265500.0,268500.0,2764865
2025-10-01,267000.0,268500.0,253000.0,254500.0,3385774
2025-10-02,255500.0,258000.0,250500.0,253000.0,2205648
2025-10-10,256500.0,275000.0,255500.0,267500.0,3490894
2025-10-13,258000.0,266500.0,258000.0,262500.0,1454859
2025-10-14,262000.0,270500.0,257000.0,258000.0,2072061
2025-10-15,260500.0,261000.0,255000.0,258500.0,1438737
2025-10-16,257500.0,270000.0,255500.0,260500.0,2154638
2025-10-17,260000.0,260500.0,254000.0,255500.0,1478832
2025-10-20,255000.0,262500.0,250000.0,258000.0,1527621
2025-10-21,260000.0,260500.0,254000.0,254500.0,1321294
2025-10-22,254000.0,256500.0,247000.0,255500.0,1076507
2025-10-23,251500.0,251500.0,242000.0,242500.0,2033710
2025-10-24,245000.0,248500.0,242500.0,247000.0,1005395
2025-10-27,245000.0,251500.0,242000.0,251000.0,1317125
2025-10-28,250500.0,255000.0,248000.0,253000.0,908952
2025-10-29,255000.0,268500.0,253500.0,265000.0,2466385
2025-10-30,267000.0,267000.0,254500.0,255500.0,1393179
2025-10-31,263000.0,273500.0,261000.0,267500.0,2861914
2025-11-03,283500.0,287500.0,271500.0,274500.0,2760215
2025-11-04,272500.0,274000.0,267000.0,267000.0,1325780
2025-11-05,269000.0,280000.0,256500.0,278500.0,3470467
2025-11-06,281500.0,282000.0,264000.0,264000.0,2287056
2025-11-07,256000.0,267000.0,256000.0,260000.0,1648859
2025-11-10,263500.0,264000.0,258000.0,260000.0,974635
2025-11-11,261500.0,270500.0,261000.0,263000.0,1341337
2025-11-12,265500.0,265500.0,262000.0,263500.0,600486
2025-11-13,262500.0,266000.0,258500.0,265500.0,724253
2025-11-14,258000.0,260000.0,253000.0,253500.0,923411
2025-11-17,256500.0,257000.0,254000.0,255000.0,507818
2025-11-18,251500.0,260500.0,248500.0,249000.0,959645
2025-11-19,250500.0,251000.0,243000.0,248500.0,570754
2025-11-20,260000.0,263000.0,254500.0,257000.0,970537
2025-11-21,251000.0,265000.0,249500.0,262500.0,1278706
2025-11-24,267500.0,269500.0,259000.0,261000.0,1673646
2025-11-25,262500.0,262500.0,250500.0,253000.0,1218659
2025-11-26,255000.0,264500.0,252000.0,263500.0,944519
2025-11-27,259500.0,261500.0,250500.0,251500.0,2028550
2025-11-28,253500.0,254000.0,243500.0,244000.0,1580887
2025-12-01,246500.0,247500.0,242500.0,243000.0,666662
2025-12-02,243000.0,245000.0,241500.0,243000.0,618439
2025-12-03,246500.0,248500.0,245500.0,246500.0,630018
2025-12-04,245500.0,248500.0,244500.0,247000.0,487370
2025-12-05,247500.0,250000.0,246000.0,249500.0,575298
2025-12-08,250500.0,250500.0,247000.0,249000.0,466382
2025-12-09,248000.0,248500.0,246000.0,248000.0,497708
2025-12-10,248000.0,248000.0,244000.0,244500.0,654772
2025-12-11,245500.0,246000.0,241000.0,243500.0,1056918
2025-12-12,243000.0,245000.0,241500.0,244500.0,485052
2025-12-15,241500.0,244000.0,240000.0,240500.0,522965
2025-12-16,240500.0,240500.0,231000.0,231500.0,1520556
2025-12-17,233000.0,233000.0,229500.0,231000.0,769339
2025-12-18,227500.0,233250.0,226500.0,230500.0,744015
2025-12-19,232500.0,235500.0,231500.0,235500.0,1487738
2025-12-22,238500.0,239000.0,236500.0,238000.0,610805
2025-12-23,238000.0,238500.0,235500.0,237000.0,689469
2025-12-24,237000.0,238000.0,234500.0,236500.0,640875
2025-12-26,236500.0,237500.0,231000.0,231500.0,738058
2025-12-29,231500.0,242500.0,231500.0,242000.0,1067392
2025-12-30,241000.0,244500.0,239000.0,242500.0,652269
2026-01-02,243500.0,249000.0,238000.0,247000.0,1362199
2026-01-05,248500.0,251000.0,247000.0,249500.0,1011640
2026-01-06,249500.0,262500.0,248000.0,260000.0,2462129
2026-01-07,258000.0,258000.0,246500.0,252500.0,1886634
2026-01-08,249500.0,258000.0,245000.0,251000.0,1311262
2026-01-09,253000.0,256500.0,250500.0,254000.0,918991
2026-01-12,256000.0,258500.0,249000.0,255500.0,1328415
2026-01-13,259000.0,264500.0,256500.0,264500.0,1671879
2026-01-14,268000.0,270000.0,255500.0,259500.0,1574617
2026-01-15,257000.0,263500.0,244000.0,247500.0,2397110
2026-01-16,248500.0,248500.0,243500.0,245500.0,1898586
2026-01-19,242000.0,243500.0,237500.0,238000.0,1689244
2026-01-20,241500.0,244500.0,240500.0,244000.0,1205903
2026-01-21,239500.0,242500.0,238000.0,238500.0,1022540
2026-01-22,242000.0,247500.0,239500.0,245500.0,1341056
2026-01-23,248000.0,269500.0,246500.0,266000.0,5042292
2026-01-26,274000.0,276500.0,265000.0,272500.0,2706664
2026-01-27,270500.0,292000.0,270000.0,281500.0,4948006
2026-01-28,285000.0,285500.0,271000.0,277500.0,2822531
2026-01-29,276000.0,290500.0,275000.0,287000.0,2812259
2026-01-30,285500.0,285500.0,274500.0,275000.0,1819960
2026-02-02,270000.0,278500.0,265000.0,268000.0,1862631
2026-02-03,274500.0,274500.0,265000.0,269000.0,1894227
2026-02-04,266000.0,267000.0,260000.0,264500.0,1700411
2026-02-05,262500.0,264500.0,255500.0,257000.0,1551427
2026-02-06,251000.0,254000.0,244000.0,249000.0,1919017
2026-02-09,253500.0,254500.0,248000.0,250000.0,1426634
2026-02-10,254000.0,259000.0,252000.0,254000.0,1475536
2026-02-11,258500.0,261000.0,255000.0,257500.0,1133876
2026-02-12,261500.0,262000.0,255500.0,255500.0,1404228
2026-02-13,254000.0,257500.0,250000.0,252500.0,820046
2026-02-19,254500.0,255000.0,252000.0,253000.0,806208
2026-02-20,254500.0,260000.0,254000.0,254500.0,948594
2026-02-23,257500.0,262000.0,255000.0,255500.0,747019
2026-02-24,256500.0,256500.0,254000.0,255000.0,652490
2026-02-25,255500.0,256000.0,251000.0,253000.0,937503
2026-02-26,258500.0,267000.0,258000.0,260500.0,1890166
2026-02-27,261000.0,261500.0,254500.0,254500.0,1259511
2026-03-03,250500.0,252000.0,236000.0,236000.0,1507045
2026-03-04,225500.0,231000.0,207500.0,208000.0,2051989
2026-03-05,224000.0,227500.0,218000.0,220000.0,1671549
2026-03-06,216000.0,225500.0,216000.0,222500.0,1042652
2026-03-09,209500.0,218500.0,207000.0,218500.0,940462
2026-03-10,226500.0,227000.0,218000.0,220500.0,935756
2026-03-11,227000.0,230000.0,221000.0,222000.0,757145
2026-03-12,223500.0,225500.0,220500.0,222000.0,700973
2026-03-13,216500.0,224000.0,216000.0,223000.0,706127
2026-03-16,222000.0,222500.0,216000.0,218000.0,531797
2026-03-17,221500.0,227500.0,220500.0,224000.0,614390
2026-03-18,228500.0,228500.0,225000.0,226500.0,687521
2026-03-19,221500.0,222500.0,220000.0,220500.0,474188
2026-03-20,222000.0,224500.0,220000.0,221500.0,673277
2026-03-23,215500.0,215500.0,208500.0,209000.0,692498
2026-03-24,215500.0,217000.0,209000.0,213500.0,468548
2026-03-25,216500.0,218000.0,214000.0,215500.0,465850
2026-03-26,216500.0,218500.0,211000.0,211500.0,414907
2026-03-27,208000.0,213000.0,206000.0,211500.0,439328
2026-03-30,205500.0,208500.0,204000.0,207000.0,379513
2026-03-31,202500.0,205500.0,200000.0,201500.0,890860
2026-04-01,208500.0,212000.0,205500.0,210500.0,575814
2026-04-02,211500.0,212000.0,194600.0,195800.0,1464904
2026-04-03,198900.0,200000.0,196600.0,197500.0,659137
2026-04-06,197100.0,199400.0,194200.0,196800.0,717180
2026-04-07,197200.0,202000.0,195100.0,195900.0,668729
2026-04-08,202500.0,204000.0,200000.0,201500.0,699966
2026-04-09,200000.0,206500.0,198600.0,201500.0,1258361
2026-04-10,202500.0,205000.0,201000.0,202000.0,525142
2026-04-13,197700.0,199500.0,196800.0,199000.0,514728
2026-04-14,203500.0,206500.0,201000.0,201500.0,623470
2026-04-15,206000.0,214500.0,205000.0,211000.0,992297
2026-04-16,219500.0,220000.0,216500.0,218500.0,752603
2026-04-17,218500.0,219000.0,214500.0,216500.0,1121630
2026-04-20,216000.0,217500.0,212500.0,213500.0,457862
2026-04-21,215000.0,215500.0,211500.0,214000.0,545889
2026-04-22,215000.0,216000.0,212500.0,214000.0,364648
2026-04-23,220500.0,221000.0,213000.0,217500.0,800536
2026-04-24,216000.0,216500.0,213000.0,214000.0,476096
2026-04-27,216000.0,218500.0,215000.0,215000.0,458738
2026-04-28,215500.0,223500.0,215000.0,219500.0,758420
2026-04-29,223000.0,227500.0,219000.0,220000.0,673160
2026-04-30,223000.0,223000.0,210500.0,211000.0,1387029
2026-05-04,213500.0,213500.0,208000.0,209000.0,875803
2026-05-06,210500.0,213000.0,207500.0,208000.0,839509
2026-05-07,209000.0,214000.0,206000.0,207500.0,1014658
2026-05-08,210000.0,219000.0,209000.0,215000.0,1542717
2026-05-11,215500.0,216000.0,210000.0,211500.0,780013
2026-05-12,213000.0,213000.0,200500.0,204000.0,991427
2026-05-13,206000.0,206500.0,198600.0,201500.0,904464
2026-05-14,204000.0,216000.0,203500.0,213000.0,1601442
2026-05-15,215000.0,216500.0,201000.0,203500.0,997805
2026-05-18,203000.0,203500.0,196700.0,200000.0,890762
2026-05-19,200500.0,206250.0,195100.0,198100.0,950434
2026-05-20,198100.0,200000.0,190800.0,191500.0,992090
2026-05-21,194600.0,202000.0,194600.0,199500.0,869601
2026-05-22,201500.0,207000.0,199300.0,203000.0,751620
2026-05-26,205500.0,207000.0,199900.0,200000.0,580181
2026-05-27,199800.0,202000.0,197300.0,198800.0,912403
2026-05-28,202000.0,213000.0,195800.0,205000.0,1978430
2026-05-29,211500.0,247500.0,211000.0,234000.0,7569228
2026-06-01,251000.0,304000.0,244500.0,271500.0,14505895
2026-06-02,285000.0,289500.0,244000.0,280500.0,9275907
2026-06-04,267500.0,275000.0,255000.0,267500.0,3324373
2026-06-05,254500.0,266500.0,245000.0,255500.0,3143220
2026-06-08,239500.0,294000.0,238500.0,279000.0,10148390
2026-06-09,286000.0,288500.0,243000.0,257000.0,6918079
2026-06-10,245000.0,253500.0,222000.0,227000.0,165
2026-06-11,218500.0,228500.0,218500.0,224000.0,2218764
2026-06-12,232000.0,263000.0,231000.0,247000.0,5215884
2026-06-15,256000.0,257500.0,245500.0,248000.0,2001006
2026-06-16,255000.0,265500.0,239500.0,242000.0,2480043
2026-06-17,239500.0,247500.0,234500.0,243500.0,1156913
2026-06-18,241000.0,241000.0,234000.0,235000.0,1322859
2026-06-19,236500.0,245500.0,224000.0,229500.0,2109401
2026-06-22,230000.0,231000.0,222000.0,222000.0,866623
2026-06-23,219000.0,220000.0,201500.0,202500.0,1683494
2026-06-24,203000.0,204000.0,195900.0,199400.0,1455973
2026-06-25,202500.0,208000.0,199500.0,199700.0,1024898
2026-06-26,200500.0,201000.0,190300.0,196400.0,1473699
2026-06-29,198300.0,206000.0,191700.0,204000.0,1093200
2026-06-30,205000.0,205500.0,198700.0,199000.0,822445
2026-07-01,201000.0,203500.0,192700.0,197400.0,1015743
2026-07-02,195700.0,204500.0,191000.0,199900.0,1162498
2026-07-03,199900.0,199900.0,191700.0,195800.0,1111357
2026-07-06,196600.0,201000.0,194000.0,196600.0,686793
2026-07-07,194600.0,199400.0,193100.0,197200.0,1077802
2026-07-08,196300.0,197800.0,189800.0,192700.0,1090495
2026-07-09,191500.0,193200.0,184000.0,184400.0,1207585
2026-07-10,186300.0,194600.0,186300.0,191300.0,725383
2026-07-13,191100.0,195400.0,186400.0,188000.0,757031
2026-07-14,187300.0,189400.0,181100.0,183200.0,946614
2026-07-15,188000.0,191900.0,187500.0,189600.0,674208
2026-07-16,188200.0,191300.0,185400.0,190000.0,737459
2026-07-20,186700.0,188400.0,183300.0,185900.0,630080
2026-07-21,189000.0,196500.0,185700.0,193000.0,876385
2026-07-22,197800.0,207000.0,196200.0,196900.0,896565
2026-07-23,204500.0,220000.0,203000.0,220000.0,1907827
2026-07-24,215000.0,216500.0,202000.0,207500.0,1048497
2026-07-27,228500.0,234500.0,219000.0,225000.0,2705093
2026-07-28,218500.0,232000.0,208500.0,210000.0,2281917
2026-07-29,213500.0,213500.0,194600.0,201500.0,1978355
2026-07-30,198500.0,205500.0,194100.0,194700.0,1680475
2026-07-31,205000.0,212500.0,199600.0,208000.0,1766586
2026-08-03,206500.0,208500.0,201500.0,207500.0,662318
2026-08-04,219000.0,231500.0,215000.0,226500.0,2278507
2026-08-05,227000.0,234000.0,223500.0,229000.0,1090483
2026-08-06,225000.0,230500.0,221500.0,226000.0,961609
2026-08-07,219500.0,222000.0,208000.0,210000.0,1755934
2026-08-10,210500.0,211500.0,206500.0,211500.0,733171
2026-08-11,214000.0,215500.0,209500.0,214000.0,649296
2026-08-12,215000.0,220500.0,214500.0,215500.0,833014
2026-08-13,218500.0,230000.0,215500.0,226500.0,1834477
2026-08-14,227000.0,232500.0,225000.0,228000.0,750112
2026-08-18,225500.0,226000.0,214500.0,217000.0,824610
2026-08-19,208500.0,209500.0,203000.0,208000.0,733375
2026-08-20,210500.0,223500.0,209500.0,219500.0,961900
2026-08-21,219000.0,225000.0,214000.0,222000.0,987136
2026-08-24,231000.0,235000.0,221000.0,223500.0,1557982
2026-08-25,220500.0,221500.0,210000.0,220500.0,939087
2026-08-26,218500.0,223500.0,214000.0,220000.0,634210
2026-08-27,224500.0,227000.0,215500.0,216500.0,765068
2026-08-28,220000.0,229000.0,218500.0,220500.0,947514
