date,open,high,low,close,volume
1996-12-11,705.99,709.48,704.43,704.68,28000
1996-12-12,705.11,706.01,688.74,689.38,25900
1996-12-13,690.44,695.72,677.64,689.07,26500
1996-12-16,686.97,686.97,667.71,673.92,22800
1996-12-17,675.35,680.09,660.39,663.35,31600
1996-12-18,662.07,671.43,655.47,661.39,31500
1996-12-19,668.13,690.97,668.13,690.97,30400
1996-12-20,695.33,703.51,692.47,700.87,30000
1996-12-23,691.98,697.12,684.81,684.81,21500
1996-12-24,683.11,687.06,677.56,677.76,23800
1996-12-26,676.21,676.21,655.24,659.01,25500
1996-12-27,654.82,657.04,643.57,651.22,35100
1997-01-03,647.67,655.7,635.41,653.79,13900
1997-01-06,637.98,637.98,625.01,626.87,17600
1997-01-07,622.45,627.61,609.12,611.05,24100
1997-01-08,608.53,623.39,600.56,621.41,34200
1997-01-09,619.1,640.81,612.41,639.87,36100
1997-01-10,637.99,653.59,636.81,648.69,36500
1997-01-13,659.81,664.95,655.74,659.54,28700
1997-01-14,656.67,687.66,656.67,686.59,36600
1997-01-15,690.18,699.76,686.02,699.76,42000
1997-01-16,701.64,711.96,694.39,711.86,47300
1997-01-17,713.07,720.41,695.77,701.18,48200
1997-01-20,697.56,720.69,697.56,718.46,43000
1997-01-21,721.04,721.79,690.54,690.54,44300
1997-01-22,686.71,686.89,671.91,678.94,36700
1997-01-23,679.34,685.14,672.73,676.91,31000
1997-01-24,669.03,679.56,658.18,679.56,35500
1997-01-27,684.31,685.46,664.68,664.7,28300
1997-01-28,661.66,677.63,653.42,662.85,30400
1997-01-29,663.33,672.9,654.95,663.56,30200
1997-01-30,663.65,679.04,662.27,676.52,28800
1997-01-31,678.19,687.99,678.17,685.84,32000
1997-02-03,682.26,696.21,681.01,687.25,27300
1997-02-04,687.84,696.24,687.84,695.95,33100
1997-02-05,698.18,708.2,697.95,698.6,38600
1997-02-06,698.54,704.44,693.82,700.22,34100
1997-02-10,701.43,709.8,701.43,709.79,29300
1997-02-11,711.11,713.88,707.86,713.43,41400
1997-02-12,714.82,715.87,708.72,712.5,35300
1997-02-13,713.64,726.13,713.64,716.71,49800
1997-02-14,717.29,723.02,715.0,721.0,39100
1997-02-17,720.42,721.5,712.93,712.93,31500
1997-02-18,712.62,715.18,703.99,706.94,30400
1997-02-19,708.64,713.67,706.58,713.67,31100
1997-02-20,713.5,716.18,707.83,711.13,35000
1997-02-21,710.87,711.75,686.71,686.72,30800
1997-02-24,681.48,686.94,676.11,676.59,24100
1997-02-25,676.73,682.81,670.41,682.81,25300
1997-02-26,683.59,691.27,679.66,679.71,29900
1997-02-27,678.11,679.8,668.71,669.41,30300
1997-02-28,669.01,679.07,664.75,676.53,37800
1997-03-03,677.18,684.44,677.18,679.64,27000
1997-03-04,679.51,683.32,675.82,679.97,28100
1997-03-05,680.48,684.55,673.63,674.9,38800
1997-03-06,675.25,685.95,675.25,678.11,41300
1997-03-07,679.83,685.26,679.83,681.22,37400
1997-03-10,673.91,674.29,667.29,667.35,29400
1997-03-11,665.83,665.83,654.92,655.95,29800
1997-03-12,655.76,663.9,655.07,663.9,30000
1997-03-13,663.91,666.26,656.86,657.9,32100
1997-03-14,657.73,657.98,641.83,642.08,27600
1997-03-17,642.17,658.94,641.04,658.9,28400
1997-03-18,659.73,663.7,653.25,657.97,30500
1997-03-19,656.9,656.9,643.04,646.29,33000
1997-03-20,642.73,646.73,630.37,642.86,34100
1997-03-21,640.52,640.52,626.39,627.63,34200
1997-03-24,622.14,622.39,607.87,617.26,36200
1997-03-25,616.11,638.9,614.99,638.9,43000
1997-03-26,640.45,656.78,637.36,656.62,44000
1997-03-27,657.1,665.57,651.59,651.65,45600
1997-03-28,652.88,661.55,650.72,652.87,40700
1997-03-31,670.75,678.76,670.75,677.34,44000
1997-04-01,678.97,688.12,672.07,672.99,38600
1997-04-02,672.82,683.32,668.72,678.86,36300
1997-04-03,680.14,689.12,676.44,678.74,41700
1997-04-04,679.88,688.06,679.14,687.42,40600
1997-04-07,688.88,699.02,688.88,694.9,40700
1997-04-08,695.35,699.07,687.87,694.97,40100
1997-04-09,695.86,699.7,694.55,698.66,43800
1997-04-10,698.88,700.06,688.04,688.04,46100
1997-04-11,688.39,693.94,682.47,693.94,44200
1997-04-14,698.44,705.82,698.44,704.2,43300
1997-04-15,706.05,710.67,701.39,701.39,46700
1997-04-16,701.43,703.04,697.75,702.42,39100
1997-04-17,702.98,703.44,690.66,694.76,42900
1997-04-18,695.21,698.52,692.57,695.67,38700
1997-04-21,702.16,706.95,697.3,697.34,40300
1997-04-22,696.28,696.37,685.96,687.96,31400
1997-04-23,688.17,695.24,688.0,693.05,35100
1997-04-24,694.04,697.43,689.29,690.8,44000
1997-04-25,691.57,693.97,687.41,692.48,41600
1997-04-28,703.13,707.42,703.13,704.16,41700
1997-04-29,705.13,705.68,701.09,704.05,38100
1997-04-30,705.0,706.54,701.89,703.23,43700
1997-05-02,704.77,709.6,699.18,706.1,65400
1997-05-06,706.53,706.92,700.32,701.57,44500
1997-05-07,700.87,700.87,689.09,689.1,42000
1997-05-08,688.89,690.44,682.73,684.69,39800
1997-05-09,685.91,693.2,685.91,687.62,44700
1997-05-12,678.5,683.32,667.66,672.1,36800
1997-05-13,673.08,684.61,669.01,683.86,36000
1997-05-15,684.74,705.1,684.74,699.95,51200
1997-05-16,702.51,709.57,695.93,699.53,50100
1997-05-19,710.41,721.23,710.41,721.2,56900
1997-05-20,723.16,734.76,722.35,734.67,62800
1997-05-21,735.3,739.73,729.32,737.71,64200
1997-05-22,737.18,738.18,723.54,724.38,60000
1997-05-23,723.67,730.54,715.53,730.53,53900
1997-05-26,724.71,725.51,717.35,718.99,39300
1997-05-27,719.82,724.39,716.51,723.35,39800
1997-05-28,724.97,738.12,724.97,738.12,56100
1997-05-29,745.26,749.37,741.85,742.5,65100
1997-05-30,742.38,752.29,741.0,746.36,55200
1997-06-02,758.92,770.97,756.88,758.39,84900
1997-06-03,758.89,766.49,753.36,766.06,60600
1997-06-04,766.54,774.48,755.01,763.25,87900
1997-06-05,762.92,766.77,761.67,765.67,51300
1997-06-09,764.91,775.02,762.42,775.01,57000
1997-06-10,777.88,781.51,769.11,769.83,67100
1997-06-11,769.7,770.58,764.94,765.79,46200
1997-06-12,767.94,777.88,767.94,774.66,59700
1997-06-13,775.67,789.4,775.67,789.15,83700
1997-06-16,793.57,796.81,786.16,789.05,58700
1997-06-17,790.99,798.76,783.32,792.29,60000
1997-06-18,793.02,799.54,768.04,773.21,54300
1997-06-19,769.69,779.17,763.18,770.95,48700
1997-06-20,772.6,775.61,766.25,770.22,42200
1997-06-23,759.33,762.44,751.85,753.05,31700
1997-06-24,751.63,753.97,747.29,753.7,34500
1997-06-25,753.72,753.85,742.52,744.99,37300
1997-06-26,746.07,751.99,741.72,744.34,44400
1997-06-27,743.39,751.38,737.98,738.43,42400
1997-06-30,746.3,753.56,744.21,745.4,29300
1997-07-01,744.98,760.52,744.67,758.03,37000
1997-07-02,763.39,777.29,763.39,777.29,52200
1997-07-03,778.82,782.17,773.27,775.26,51200
1997-07-04,776.02,783.24,773.9,781.7,47900
1997-07-07,777.7,777.75,772.14,773.51,38400
1997-07-08,773.0,774.0,761.57,767.74,39600
1997-07-09,768.26,772.24,763.97,771.99,39400
1997-07-10,771.99,773.17,765.5,767.77,38300
1997-07-11,766.91,771.08,762.71,768.3,39400
1997-07-14,767.17,770.73,763.61,764.45,40000
1997-07-15,762.93,764.2,748.47,755.05,42000
1997-07-16,750.35,750.35,737.59,739.72,44000
1997-07-18,737.23,748.06,736.71,747.37,41000
1997-07-21,741.02,747.52,736.92,740.93,27900
1997-07-22,740.89,741.15,723.46,725.98,34700
1997-07-23,723.56,730.78,721.67,730.58,31800
1997-07-24,729.42,739.04,724.92,739.04,40300
1997-07-25,739.82,746.87,733.59,733.64,43300
1997-07-28,732.56,738.13,730.91,733.92,28300
1997-07-29,733.68,734.63,731.41,732.68,29200
1997-07-30,733.63,736.28,726.06,726.89,25500
1997-07-31,724.78,726.12,721.4,726.12,25800
1997-08-01,726.84,735.17,726.79,731.45,29000
1997-08-04,729.66,734.69,729.24,734.19,25800
1997-08-05,734.37,740.91,733.66,740.86,33700
1997-08-06,740.04,745.65,739.68,745.65,34100
1997-08-07,746.38,748.97,743.4,745.35,34200
1997-08-08,745.97,752.01,745.91,752.01,34000
1997-08-11,762.77,766.48,762.36,765.07,35600
1997-08-12,766.26,766.7,761.8,762.02,35300
1997-08-13,762.99,766.52,760.94,762.73,33400
1997-08-14,762.78,762.78,753.66,755.78,35900
1997-08-18,747.84,749.44,745.37,747.29,29000
1997-08-19,746.46,747.45,737.54,741.29,31600
1997-08-20,741.16,749.31,735.37,746.23,34900
1997-08-21,745.75,746.69,739.42,739.47,33900
1997-08-22,738.92,742.28,729.72,736.62,36200
1997-08-25,744.04,746.99,739.99,741.76,34900
1997-08-26,740.77,740.77,731.55,734.03,31400
1997-08-27,732.55,735.73,730.24,730.28,32700
1997-08-28,729.86,731.36,716.6,716.86,38300
1997-08-29,714.97,718.61,704.27,704.27,38800
1997-09-01,691.8,697.38,682.1,682.2,32300
1997-09-02,679.09,688.78,671.09,688.78,33200
1997-09-03,690.73,697.44,687.33,688.63,36200
1997-09-04,687.37,690.19,682.22,687.99,28800
1997-09-05,688.04,701.36,686.99,700.92,32900
1997-09-08,703.46,703.65,696.05,697.98,33600
1997-09-09,694.83,694.83,687.75,688.97,31100
1997-09-10,687.52,691.62,685.65,691.62,27500
1997-09-11,690.5,695.37,687.69,695.37,27100
1997-09-12,694.47,699.75,693.61,699.33,30500
1997-09-18,700.81,705.2,700.81,701.39,26400
1997-09-19,700.57,700.57,689.16,689.16,29200
1997-09-22,678.77,682.23,666.95,668.45,29300
1997-09-23,666.56,666.56,654.37,654.37,26600
1997-09-24,653.3,658.58,645.47,655.75,32200
1997-09-25,655.22,658.78,643.31,647.0,32900
1997-09-26,644.38,645.96,637.29,638.26,28800
1997-09-29,625.44,633.02,622.03,625.07,26700
1997-09-30,623.93,647.11,623.31,647.11,32700
1997-10-01,646.86,654.05,644.92,644.92,33700
1997-10-02,644.44,647.7,633.7,636.65,27900
1997-10-06,644.68,655.04,644.13,644.21,31200
1997-10-07,642.25,642.25,629.46,630.03,26900
1997-10-08,627.68,627.8,610.19,610.44,29000
1997-10-09,607.49,616.54,601.13,609.36,28600
1997-10-10,612.82,616.98,607.39,609.84,24000
1997-10-13,618.22,619.34,611.83,613.0,20800
1997-10-14,619.67,627.33,617.23,620.68,23900
1997-10-15,621.5,621.51,602.82,604.74,26000
1997-10-16,598.13,598.13,573.43,579.25,32400
1997-10-17,577.87,592.84,564.47,585.49,41300
1997-10-20,584.59,585.4,561.0,565.64,33000
1997-10-21,559.77,582.85,554.58,566.85,46300
1997-10-22,569.47,601.93,569.47,601.32,45600
1997-10-23,602.99,614.62,593.96,604.06,62300
1997-10-24,596.33,596.33,569.8,570.91,50000
1997-10-27,549.31,557.57,529.12,530.47,36800
1997-10-28,522.39,522.39,492.3,495.28,45600
1997-10-29,500.05,519.07,486.64,506.64,59500
1997-10-30,499.65,502.19,480.54,485.08,63600
1997-10-31,476.08,476.94,462.83,470.79,50700
1997-11-03,497.11,517.68,487.67,511.66,64800
1997-11-04,514.08,542.86,514.08,542.13,62900
1997-11-05,547.33,565.16,546.3,555.74,86400
1997-11-06,555.21,558.25,544.53,553.87,64500
1997-11-07,554.38,554.74,514.94,515.63,77000
1997-11-10,501.45,526.6,501.45,525.32,62400
1997-11-11,521.62,537.95,509.43,522.11,57500
1997-11-12,521.33,521.33,507.22,517.49,41700
1997-11-13,521.46,529.78,515.57,519.47,60400
1997-11-14,519.14,522.76,509.53,520.01,47000
1997-11-17,517.65,526.12,495.41,496.98,44700
1997-11-18,489.69,500.49,476.3,494.66,48800
1997-11-19,494.74,502.59,482.95,502.59,44200
1997-11-20,504.94,505.71,475.86,488.41,56900
1997-11-21,493.43,506.07,483.24,506.07,69900
1997-11-24,477.09,477.09,450.01,450.64,33200
1997-11-25,441.66,448.11,423.69,439.59,56800
1997-11-26,436.45,444.32,429.51,438.7,63400
1997-11-27,439.05,445.56,432.83,433.1,57800
1997-11-28,430.25,430.25,407.22,411.91,48600
1997-12-01,405.52,412.15,393.16,393.16,46900
1997-12-02,389.12,389.12,367.34,376.87,40900
1997-12-03,369.01,379.45,356.82,379.31,88200
1997-12-04,383.06,406.01,383.06,405.81,111200
1997-12-05,417.43,436.5,417.43,434.12,92200
1997-12-08,432.78,438.55,414.63,414.83,98100
1997-12-09,410.13,410.13,387.93,388.0,81300
1997-12-10,396.33,405.46,380.46,399.85,87200
1997-12-11,398.06,398.06,376.19,377.37,78000
1997-12-12,362.65,362.65,350.68,350.68,43900
1997-12-15,367.04,385.95,367.04,385.8,79500
1997-12-16,393.92,413.12,393.92,404.26,100700
1997-12-17,404.48,422.52,398.97,418.49,111300
1997-12-19,416.11,420.14,396.59,397.02,99300
1997-12-22,402.12,409.04,395.44,396.06,75200
1997-12-23,391.27,391.27,366.32,366.36,85900
1997-12-24,361.32,361.32,343.32,351.45,85800
1997-12-26,359.65,376.84,359.65,375.15,68600
1998-01-05,389.08,403.93,389.08,396.49,98400
1998-01-06,396.84,406.39,395.89,406.34,74800
1998-01-07,407.69,424.01,407.22,409.42,97700
1998-01-08,409.88,424.81,403.08,423.96,90000
1998-01-09,420.77,420.92,408.31,414.0,85300
1998-01-12,447.07,461.56,444.07,456.2,113100
1998-01-13,456.0,466.59,450.01,463.74,111800
1998-01-14,466.0,482.84,463.81,475.13,128200
1998-01-15,479.55,506.52,479.55,505.98,129200
1998-01-16,512.27,532.43,485.83,488.1,200100
1998-01-19,502.31,528.8,502.31,528.77,151200
1998-01-20,529.25,543.46,520.49,533.55,127800
1998-01-21,529.82,529.82,504.07,506.66,131200
1998-01-22,503.99,510.87,483.99,483.99,110800
1998-01-23,483.47,492.67,474.47,486.86,87500
1998-01-26,512.61,522.5,512.13,518.64,80800
1998-01-30,528.48,558.34,528.48,558.33,61300
1998-02-02,556.58,556.58,534.39,543.68,98000
1998-02-03,547.7,564.13,539.68,550.21,104600
1998-02-04,552.97,560.86,545.79,547.28,100300
1998-02-05,546.74,549.17,524.38,528.05,95200
1998-02-06,539.31,553.11,534.76,540.45,104100
1998-02-09,543.08,557.96,542.92,554.24,90800
1998-02-10,554.83,558.65,538.37,541.77,86200
1998-02-11,539.22,539.22,511.81,520.14,83000
1998-02-12,516.5,516.5,497.27,512.49,78100
1998-02-13,519.47,529.14,506.2,506.2,91700
1998-02-16,482.93,486.99,469.86,476.98,69400
1998-02-17,475.88,475.88,462.26,471.73,58900
1998-02-18,475.16,492.71,472.62,487.73,68800
1998-02-19,488.56,516.69,488.56,513.45,78000
1998-02-20,518.71,536.63,518.71,522.13,83900
1998-02-23,537.55,553.53,537.55,543.06,83500
1998-02-24,541.58,546.33,534.07,540.89,77000
1998-02-25,539.38,547.79,516.1,516.38,81900
1998-02-26,516.72,531.41,507.59,524.98,71700
1998-02-27,527.4,551.19,527.4,548.42,85900
1998-03-02,562.66,581.12,562.64,574.35,99900
1998-03-03,577.24,591.7,567.55,570.89,108900
1998-03-04,570.33,572.76,553.25,572.76,86400
1998-03-05,570.13,570.13,535.68,535.68,94300
1998-03-06,530.76,535.63,517.06,522.55,78400
1998-03-09,526.4,531.53,507.71,507.71,57500
1998-03-10,507.82,525.56,501.84,525.56,58400
1998-03-11,522.06,540.94,518.31,531.05,70200
1998-03-12,534.95,544.59,534.54,535.84,70500
1998-03-13,537.84,540.09,521.8,536.16,86400
1998-03-16,535.6,539.54,528.87,528.88,73100
1998-03-17,528.54,528.54,513.44,515.51,74500
1998-03-18,516.0,526.77,510.87,518.08,67800
1998-03-19,518.0,525.12,518.0,521.73,65300
1998-03-20,522.38,530.4,522.38,525.95,68500
1998-03-23,521.91,522.84,511.89,511.9,76200
1998-03-24,512.8,513.37,506.1,508.43,73500
1998-03-25,509.25,512.85,503.74,510.14,73900
1998-03-26,508.89,508.89,498.43,501.13,71800
1998-03-27,501.2,503.08,493.95,503.08,62900
1998-03-30,493.05,493.05,479.52,482.33,59000
1998-03-31,482.91,490.31,481.04,481.04,59400
1998-04-01,482.88,482.88,468.22,468.22,56200
1998-04-02,464.87,466.34,450.25,453.66,61000
1998-04-03,449.64,450.74,421.92,434.45,63200
1998-04-06,441.08,441.88,431.87,435.92,50100
1998-04-07,437.71,459.58,437.71,459.58,59000
1998-04-08,458.96,465.82,455.11,455.53,61900
1998-04-09,467.99,475.03,465.49,468.11,60700
1998-04-10,467.23,470.05,463.73,468.29,54000
1998-04-13,488.84,498.71,486.13,494.89,69800
1998-04-14,491.19,491.19,467.07,467.63,52900
1998-04-15,466.94,470.61,462.02,467.87,45700
1998-04-16,465.9,465.9,447.35,454.15,44600
1998-04-17,450.53,454.38,446.46,450.23,37000
1998-04-20,441.22,441.22,434.44,435.73,35700
1998-04-21,434.08,441.17,429.33,439.21,40300
1998-04-22,437.97,444.01,431.81,431.81,41600
1998-04-23,428.76,428.76,414.29,416.54,44600
1998-04-24,416.21,429.48,412.34,414.56,55100
1998-04-27,411.59,413.85,406.06,406.25,44800
1998-04-28,406.16,407.51,399.48,402.39,40200
1998-04-29,403.34,418.47,401.19,417.05,47100
1998-04-30,418.31,423.47,414.61,421.22,48900
1998-05-04,401.53,401.53,389.82,391.8,41600
1998-05-06,388.8,388.8,374.53,376.23,44200
1998-05-07,376.11,380.45,369.95,379.47,50100
1998-05-08,376.46,379.63,368.57,373.04,47600
1998-05-11,372.29,372.29,361.58,361.58,39300
1998-05-12,356.55,356.8,348.61,351.86,43800
1998-05-13,349.38,360.14,344.57,356.58,55300
1998-05-14,354.69,372.83,349.07,362.94,89200
1998-05-15,361.69,367.45,350.95,352.83,63600
1998-05-18,353.38,361.85,353.38,359.0,56800
1998-05-19,360.16,362.53,355.02,362.53,63500
1998-05-20,364.06,374.97,364.06,369.17,79100
1998-05-21,370.55,375.46,362.3,362.3,93000
1998-05-22,361.09,361.09,352.23,353.67,62100
1998-05-25,353.4,353.4,331.75,331.9,52000
1998-05-26,324.96,324.96,308.46,311.99,48000
1998-05-27,313.84,313.84,301.22,313.48,59800
1998-05-28,313.81,331.93,309.57,323.09,72200
1998-05-29,323.77,337.89,323.77,336.63,70300
1998-06-01,334.1,342.11,333.01,336.7,83700
1998-06-02,335.48,335.48,323.67,324.1,67700
1998-06-03,324.82,332.61,324.82,332.46,85600
1998-06-05,334.01,341.53,333.37,341.53,78300
1998-06-08,345.38,353.29,345.38,345.88,78800
1998-06-09,344.2,344.2,334.19,339.22,76600
1998-06-10,341.79,344.37,324.54,324.54,79700
1998-06-11,323.14,328.7,317.54,328.7,69600
1998-06-12,318.31,318.31,301.1,302.09,73700
1998-06-15,300.69,303.61,288.21,288.21,53400
1998-06-16,283.41,291.01,277.37,280.0,69400
1998-06-17,287.98,303.81,287.98,303.81,78100
1998-06-18,310.12,330.14,310.12,325.49,115400
1998-06-19,323.05,324.26,308.99,313.26,79500
1998-06-22,316.16,319.55,311.27,311.27,60800
1998-06-23,308.39,308.39,299.28,303.31,56500
1998-06-24,300.32,304.09,296.27,301.72,74100
1998-06-25,299.56,301.42,294.93,300.57,62100
1998-06-26,299.87,305.13,297.94,298.54,60800
1998-06-29,302.8,305.45,296.28,298.6,65500
1998-06-30,296.38,299.29,293.45,297.88,52700
1998-07-01,298.01,318.74,298.01,315.56,100100
1998-07-02,315.24,320.99,309.84,311.77,88600
1998-07-03,312.12,316.09,306.37,308.53,64500
1998-07-06,306.12,310.57,305.06,309.61,61500
1998-07-07,310.48,319.97,310.48,317.5,76100
1998-07-08,321.49,323.4,318.01,318.79,85600
1998-07-09,319.9,323.66,316.62,319.02,85600
1998-07-10,319.3,320.76,306.41,309.28,81900
1998-07-13,303.74,304.91,299.68,301.37,55500
1998-07-14,301.91,306.79,301.91,306.73,59400
1998-07-15,307.99,316.1,307.99,313.42,81700
1998-07-16,314.68,330.35,314.68,330.35,82200
1998-07-20,348.64,365.18,345.8,365.18,121300
1998-07-21,366.76,374.08,364.24,364.76,134900
1998-07-22,363.19,366.04,357.63,362.07,159600
1998-07-23,366.33,366.33,341.46,341.46,120800
1998-07-24,341.89,347.96,334.26,343.79,113700
1998-07-27,328.83,332.72,323.9,329.8,76300
1998-07-28,329.98,335.33,329.98,335.33,67800
1998-07-29,337.13,354.34,337.13,344.41,112500
1998-07-30,343.97,346.92,339.35,344.91,94200
1998-07-31,346.05,349.05,340.03,343.33,133100
1998-08-03,336.12,338.71,329.44,329.47,83800
1998-08-04,328.1,335.1,326.34,333.2,75600
1998-08-05,333.82,335.36,317.22,322.83,91400
1998-08-06,320.31,324.37,318.1,320.57,85500
1998-08-07,320.66,324.22,319.52,321.71,75800
1998-08-10,314.46,315.79,308.37,311.95,75900
1998-08-11,312.52,318.92,311.25,311.25,72000
1998-08-12,309.37,309.37,301.74,305.35,67400
1998-08-13,305.38,308.04,302.59,303.01,72500
1998-08-14,302.73,305.79,297.33,304.61,69200
1998-08-17,304.4,305.77,301.62,301.62,63600
1998-08-18,296.64,296.64,288.06,291.15,79600
1998-08-19,294.13,303.07,294.13,301.9,77500
1998-08-20,303.19,317.64,301.76,316.59,91700
1998-08-21,317.6,319.41,313.91,316.62,94000
1998-08-24,305.39,308.23,302.3,305.15,61800
1998-08-25,305.29,313.3,305.29,310.23,72700
1998-08-26,311.07,319.73,311.07,317.56,93200
1998-08-27,317.13,317.13,311.57,313.92,81300
1998-08-28,308.98,309.32,302.63,309.32,79400
1998-08-31,307.52,311.7,307.37,310.16,75200
1998-09-01,309.74,312.66,306.12,309.71,81800
1998-09-02,314.24,317.19,311.42,314.4,84400
1998-09-03,314.95,315.97,311.58,314.78,83700
1998-09-04,314.47,318.73,314.06,314.22,72700
1998-09-07,316.41,328.22,316.41,328.22,89800
1998-09-08,329.76,334.42,324.77,326.34,86300
1998-09-09,327.43,329.97,324.11,329.22,91600
1998-09-10,329.27,338.95,326.86,338.95,105900
1998-09-11,329.24,329.24,320.61,320.61,79400
1998-09-14,319.24,319.24,313.84,314.24,77600
1998-09-15,313.91,315.45,307.27,307.27,86400
1998-09-16,310.42,314.82,310.42,313.17,63600
1998-09-17,313.39,315.0,310.88,310.88,67300
1998-09-18,308.31,309.31,299.17,302.21,68700
1998-09-21,301.25,301.25,295.63,297.45,61100
1998-09-22,297.1,299.65,292.58,292.61,56500
1998-09-23,291.81,292.83,287.46,291.93,52500
1998-09-24,293.48,310.75,293.48,310.75,80500
1998-09-25,309.97,309.97,302.58,303.79,58300
1998-09-28,307.82,312.92,305.38,305.73,54000
1998-09-29,305.78,312.36,305.14,312.33,61600
1998-09-30,311.97,313.51,308.96,310.32,74700
1998-10-01,309.52,309.52,304.3,305.64,61400
1998-10-02,304.78,308.44,302.71,308.25,68500
1998-10-07,309.84,315.98,309.84,313.49,70400
1998-10-08,315.41,320.97,305.22,305.22,93100
1998-10-09,310.37,328.61,310.37,327.96,113300
1998-10-12,339.71,353.54,336.12,352.17,135200
1998-10-13,352.77,358.31,344.91,346.08,136400
1998-10-14,347.25,347.96,340.03,346.13,98000
1998-10-15,347.99,369.04,347.99,368.74,135800
1998-10-16,375.34,385.03,370.28,374.01,143600
1998-10-19,385.12,387.33,371.25,373.97,129100
1998-10-20,372.87,388.35,370.19,388.35,122500
1998-10-21,390.41,394.59,379.52,380.8,167900
1998-10-22,380.33,388.16,378.82,382.52,139200
1998-10-23,383.13,384.84,374.14,378.83,125800
1998-10-26,380.6,380.6,372.1,373.32,92900
1998-10-27,371.57,371.57,353.69,360.43,93800
1998-10-28,360.58,367.7,359.12,363.91,93500
1998-10-29,365.11,374.31,363.68,370.3,96900
1998-10-30,373.23,389.06,373.23,384.75,119600
1998-11-02,406.97,410.84,403.02,404.61,145800
1998-11-03,405.12,416.1,402.7,407.64,163400
1998-11-04,407.5,413.49,401.79,413.47,152800
1998-11-05,415.45,420.46,410.54,418.2,204100
1998-11-06,419.34,436.12,416.07,416.3,233500
1998-11-09,416.74,424.45,413.06,424.45,205800
1998-11-10,423.2,423.2,403.24,403.24,207000
1998-11-11,401.6,406.72,393.98,400.7,143300
1998-11-12,402.7,407.63,400.72,403.52,132700
1998-11-13,402.61,405.37,396.51,404.3,122700
1998-11-16,418.61,426.07,412.56,422.21,166900
1998-11-17,423.59,432.3,423.59,424.43,167000
1998-11-18,425.78,428.33,420.64,423.74,162200
1998-11-19,422.0,441.06,422.0,441.06,185400
1998-11-20,443.34,464.12,440.87,452.93,243200
1998-11-23,452.91,458.17,446.4,453.95,186100
1998-11-24,454.5,466.34,454.5,460.78,187200
1998-11-25,461.27,467.13,457.87,461.01,220900
1998-11-26,462.95,465.23,446.59,446.59,213500
1998-11-27,445.97,450.29,439.19,447.0,167600
1998-11-30,455.44,461.16,450.13,451.88,238400
1998-12-01,451.85,451.85,438.42,445.96,191700
1998-12-02,446.17,449.6,442.14,446.35,206700
1998-12-03,447.87,455.66,447.87,448.11,206900
1998-12-04,449.15,466.34,446.82,466.34,244800
1998-12-07,491.98,518.22,491.98,514.52,328300
1998-12-08,514.68,541.23,505.35,509.85,329500
1998-12-09,511.9,526.52,511.9,526.52,304700
1998-12-10,534.47,568.8,534.47,567.61,357500
1998-12-11,561.3,576.14,551.67,555.17,335500
1998-12-14,558.43,570.54,541.26,559.3,330000
1998-12-15,558.01,586.11,554.2,579.86,331100
1998-12-16,582.16,599.32,539.55,545.97,394100
1998-12-17,537.09,544.04,518.57,528.89,244000
1998-12-18,528.4,537.56,515.74,524.85,234500
1998-12-21,533.22,565.27,533.22,565.27,258900
1998-12-22,565.18,572.86,546.03,547.75,304100
1998-12-23,554.48,564.21,545.3,553.53,231000
1998-12-24,554.56,561.47,547.8,555.36,231800
1998-12-28,557.88,571.02,556.96,562.46,248500
1999-01-04,575.41,600.45,575.41,587.57,198400
1999-01-05,590.03,599.9,574.69,576.78,252600
1999-01-06,602.66,612.38,596.55,612.36,260300
1999-01-07,620.99,638.41,617.46,637.59,299000
1999-01-08,635.16,642.54,625.56,626.33,292200
1999-01-11,632.45,642.02,629.69,640.95,337000
1999-01-12,648.13,651.95,621.67,631.19,313900
1999-01-13,634.92,640.05,622.37,633.03,326800
1999-01-14,628.31,628.31,597.55,604.42,316400
1999-01-15,604.5,619.3,600.38,614.57,295500
1999-01-18,617.38,630.21,617.38,622.52,288900
1999-01-19,622.16,631.58,606.52,618.12,289500
1999-01-20,622.64,627.75,611.74,613.43,215300
1999-01-21,609.84,609.84,581.88,582.04,206800
1999-01-22,576.97,576.97,550.58,550.58,216900
1999-01-25,554.45,557.06,538.35,539.76,162800
1999-01-26,550.85,562.46,531.2,531.23,169700
1999-01-27,534.78,565.2,534.78,565.2,192000
1999-01-28,567.88,578.1,565.18,571.47,206600
1999-01-29,570.53,576.14,563.73,571.43,177900
1999-02-01,572.95,582.17,570.34,581.67,185100
1999-02-02,582.82,583.26,562.37,567.28,202000
1999-02-03,566.67,566.67,549.95,553.33,177500
1999-02-04,552.49,558.26,542.94,550.15,133200
1999-02-05,550.4,557.94,543.39,551.39,143500
1999-02-08,552.48,558.88,545.38,545.38,135800
1999-02-09,539.42,539.42,518.22,523.38,130000
1999-02-10,519.91,525.54,507.87,524.49,148300
1999-02-11,524.59,534.88,523.08,523.99,120300
1999-02-12,529.56,551.87,529.56,551.77,154800
1999-02-18,556.43,556.96,536.16,536.41,122900
1999-02-19,532.17,532.17,509.14,522.18,132800
1999-02-22,514.51,514.51,502.89,508.49,117500
1999-02-23,508.28,515.77,495.69,502.88,111700
1999-02-24,501.74,509.79,498.42,498.42,114800
1999-02-25,494.84,506.9,489.75,499.14,129400
1999-02-26,503.97,520.06,503.97,520.06,127000
1999-03-02,524.98,543.58,524.94,533.97,156800
1999-03-03,535.66,541.1,528.47,534.49,130700
1999-03-04,535.09,537.03,527.55,532.29,119400
1999-03-05,530.22,540.82,525.44,539.19,145300
1999-03-08,544.5,573.25,544.5,571.84,223100
1999-03-09,575.53,580.58,565.34,572.85,217900
1999-03-10,571.22,571.22,560.68,569.27,157400
1999-03-11,568.34,587.65,568.34,582.07,242600
1999-03-12,585.95,593.24,583.45,590.8,247700
1999-03-15,595.62,604.82,589.63,592.02,234700
1999-03-16,591.49,602.17,587.03,601.83,203400
1999-03-17,606.73,613.35,598.49,600.52,277000
1999-03-18,597.72,605.96,578.74,578.98,188100
1999-03-19,580.75,606.0,580.75,604.22,183800
1999-03-22,605.22,620.53,598.96,607.74,196400
1999-03-23,610.07,614.34,603.44,614.34,163800
1999-03-24,610.26,613.42,603.25,611.48,193800
1999-03-25,607.45,621.18,604.62,611.07,205000
1999-03-26,611.43,619.8,609.13,609.79,154000
1999-03-29,603.71,606.81,596.73,601.07,151200
1999-03-30,609.06,619.28,609.06,618.05,160000
1999-03-31,618.2,622.91,614.83,618.98,165600
1999-04-01,618.34,638.29,616.84,636.89,206100
1999-04-02,640.15,651.94,640.15,646.78,262700
1999-04-06,650.71,669.28,650.71,666.73,269100
1999-04-07,668.6,690.52,668.6,673.36,318900
1999-04-08,672.36,683.34,667.15,681.19,270600
1999-04-09,685.81,692.02,677.47,687.42,342000
1999-04-12,692.6,700.44,681.87,689.64,343300
1999-04-13,689.01,701.03,683.09,689.8,318200
1999-04-14,692.63,695.6,684.75,687.41,272600
1999-04-15,688.64,722.03,688.64,722.01,370700
1999-04-16,721.11,740.28,718.22,725.14,387900
1999-04-19,742.51,766.59,739.38,766.59,315400
1999-04-20,768.13,780.73,759.81,770.43,340100
1999-04-21,769.05,772.67,743.26,743.26,336300
1999-04-22,742.84,750.35,721.64,740.4,268300
1999-04-23,742.81,762.56,742.46,750.99,303200
1999-04-26,752.37,778.06,749.89,776.3,340100
1999-04-27,779.86,795.94,774.25,793.98,372400
1999-04-28,791.44,806.41,779.61,790.03,392400
1999-04-29,787.56,789.93,752.61,752.61,332700
1999-04-30,756.38,761.78,739.3,752.59,314800
1999-05-03,757.6,765.17,747.17,756.59,319700
1999-05-04,757.6,776.26,757.6,771.17,327400
1999-05-06,775.68,810.59,775.68,810.54,383600
1999-05-07,813.71,826.04,806.08,810.62,376200
1999-05-10,810.22,818.68,799.78,814.24,356600
1999-05-11,813.68,820.36,781.39,781.41,367400
1999-05-12,782.28,787.04,760.89,773.13,298300
1999-05-13,773.55,774.01,742.37,742.37,293500
1999-05-14,744.02,758.16,729.7,737.83,255100
1999-05-17,736.25,736.25,716.42,717.83,173400
1999-05-18,717.08,729.29,713.15,729.29,169100
1999-05-19,732.17,740.26,726.22,734.98,229000
1999-05-20,735.0,735.14,704.6,708.6,198000
1999-05-21,710.64,715.81,699.64,710.49,170500
1999-05-24,706.76,708.17,692.03,695.6,134700
1999-05-25,690.88,704.01,690.04,698.69,153900
1999-05-26,701.35,720.05,693.53,720.05,203900
1999-05-27,726.23,742.37,723.07,726.66,235500
1999-05-28,730.93,734.98,721.93,732.24,206100
1999-05-31,734.76,747.97,733.26,736.02,185900
1999-06-01,733.28,761.03,728.34,753.72,160900
1999-06-02,760.57,784.73,760.57,775.0,235500
1999-06-03,782.34,789.12,759.62,778.21,233400
1999-06-04,779.54,801.94,779.54,797.5,205900
1999-06-07,816.35,842.32,812.82,842.32,260400
1999-06-08,850.01,854.56,830.67,853.6,307700
1999-06-09,847.08,847.28,803.46,803.46,251000
1999-06-10,807.35,856.06,793.15,856.06,232300
1999-06-11,848.66,867.74,832.8,848.61,285100
1999-06-14,834.62,840.89,811.02,821.91,208800
1999-06-15,810.32,823.41,789.82,803.72,208100
1999-06-16,811.38,833.52,808.13,829.53,175600
1999-06-17,838.8,861.72,832.26,832.26,224400
1999-06-18,836.6,850.95,827.21,837.73,196000
1999-06-21,846.54,869.7,846.54,869.0,242800
1999-06-22,870.46,881.12,861.17,875.97,310900
1999-06-23,880.16,897.22,871.67,888.63,291200
1999-06-24,893.28,902.45,877.3,877.3,278600
1999-06-25,873.0,882.08,862.05,882.08,240600
1999-06-28,888.22,907.41,888.22,903.05,229300
1999-06-29,900.46,907.26,891.64,897.45,233300
1999-06-30,900.31,909.33,872.32,883.0,259900
1999-07-01,894.4,923.99,894.4,919.98,279200
1999-07-02,925.24,934.88,919.62,933.42,300100
1999-07-05,949.01,963.06,945.38,962.84,349800
1999-07-06,962.16,989.43,953.64,989.43,341900
1999-07-07,995.66,1006.4,982.5,1005.98,399700
1999-07-08,1010.77,1022.88,997.99,999.11,442000
1999-07-09,1004.68,1027.9301,989.48,1027.9301,448700
1999-07-12,1037.74,1052.6,1001.41,1004.25,489200
1999-07-13,999.64,1018.35,976.68,987.5,364200
1999-07-14,986.46,997.07,953.67,953.67,349200
1999-07-15,952.89,982.14,952.89,982.14,307700
1999-07-16,986.79,1022.13,986.79,1020.82,360300
1999-07-19,1034.41,1044.28,1001.79,1024.58,379300
1999-07-20,1019.59,1027.13,998.42,998.45,406300
1999-07-21,989.73,990.36,949.55,965.11,379600
1999-07-22,957.99,977.49,935.22,976.66,397400
1999-07-23,972.78,972.78,902.22,904.96,413100
1999-07-26,891.38,902.68,860.13,872.94,349100
1999-07-27,881.73,931.01,880.18,928.85,390100
1999-07-28,923.94,972.96,919.65,944.46,394200
1999-07-29,958.61,998.71,956.51,998.71,390700
1999-07-30,997.49,1010.89,957.28,969.72,405400
1999-08-02,967.7,982.32,939.6,959.81,352400
1999-08-03,961.0,977.91,953.14,973.33,344300
1999-08-04,977.12,995.08,974.41,975.45,381700
1999-08-05,967.96,974.78,933.87,939.07,285800
1999-08-06,944.35,959.78,924.12,938.26,236900
1999-08-09,938.74,963.3,931.1,948.97,294600
1999-08-10,949.77,968.85,944.7,968.66,291200
1999-08-11,965.73,973.91,941.56,944.08,291800
1999-08-12,946.48,955.54,939.58,949.35,255800
1999-08-13,940.62,942.53,908.49,917.47,270200
1999-08-16,904.22,924.8,895.11,907.28,219600
1999-08-17,911.45,925.63,872.57,873.7,270900
1999-08-18,861.86,878.68,841.27,868.94,326400
1999-08-19,874.98,885.08,867.62,871.18,280300
1999-08-20,873.1,879.18,859.77,878.39,255200
1999-08-23,889.89,919.07,883.55,917.58,306400
1999-08-24,927.81,939.43,917.41,932.41,343800
1999-08-25,933.43,972.08,933.43,963.0,380400
1999-08-26,971.14,978.4,955.87,959.88,366400
1999-08-27,953.99,970.51,945.77,960.28,325200
1999-08-30,962.14,970.26,942.41,942.57,300500
1999-08-31,932.24,940.22,922.34,937.88,265500
1999-09-01,944.5,947.47,905.52,905.52,316100
1999-09-02,886.62,912.43,877.91,898.97,305800
1999-09-03,902.29,920.82,887.76,910.62,318000
1999-09-06,919.01,944.47,918.94,943.22,290500
1999-09-07,947.34,959.01,943.92,943.92,280900
1999-09-08,942.98,952.37,932.45,936.93,278600
1999-09-09,940.02,950.53,938.52,950.53,234200
1999-09-10,951.95,974.15,951.95,961.98,297600
1999-09-13,973.71,984.57,971.28,980.91,297900
1999-09-14,981.66,982.32,964.49,968.54,290000
1999-09-15,967.72,970.89,947.85,952.69,261200
1999-09-16,948.49,949.62,916.1,916.16,246100
1999-09-17,902.53,931.18,893.08,925.2,222800
1999-09-20,933.86,939.56,923.56,933.88,234900
1999-09-21,944.01,963.68,941.34,957.42,305200
1999-09-22,956.7,960.36,940.13,941.57,301900
1999-09-27,941.7,941.7,903.79,903.79,219400
1999-09-28,909.2,919.56,894.38,900.73,225000
1999-09-29,895.7,895.7,868.88,868.88,251800
1999-09-30,859.67,879.0,836.18,836.18,231400
1999-10-01,838.65,847.29,800.97,839.35,262900
1999-10-04,840.14,853.02,818.28,818.37,233700
1999-10-05,825.17,838.96,788.22,791.55,284900
1999-10-06,799.34,837.44,792.05,835.31,278000
1999-10-07,838.04,852.37,828.69,851.15,341800
1999-10-08,846.62,853.16,833.64,839.41,311800
1999-10-11,845.8,850.96,830.32,834.39,245300
1999-10-12,830.1,856.25,829.88,856.25,298500
1999-10-13,848.4,856.36,840.14,855.52,287200
1999-10-14,851.17,873.69,841.8,866.02,334600
1999-10-15,870.61,877.06,854.44,862.63,335700
1999-10-18,839.91,844.93,823.82,826.25,268300
1999-10-19,835.01,839.55,805.78,811.44,252600
1999-10-20,821.72,834.14,815.94,830.69,314400
1999-10-21,838.07,848.44,813.77,818.51,339700
1999-10-22,814.83,826.14,811.47,819.52,238500
1999-10-25,819.32,822.09,790.19,798.84,278900
1999-10-26,784.93,803.8,778.9,797.01,227700
1999-10-27,795.31,804.13,788.85,793.42,226600
1999-10-28,790.91,823.66,790.91,820.95,242600
1999-10-29,834.38,848.75,832.17,833.51,313100
1999-11-01,863.5,876.55,857.09,876.55,348200
1999-11-02,876.56,890.18,870.73,890.18,401200
1999-11-03,893.95,901.59,884.56,887.15,413100
1999-11-04,895.36,911.82,895.36,911.82,418900
1999-11-05,917.68,928.23,908.46,913.09,413300
1999-11-08,916.37,920.42,906.1,907.6,385400
1999-11-09,908.71,943.46,906.18,943.46,355500
1999-11-10,944.5,958.31,936.36,938.76,422300
1999-11-11,943.46,968.57,938.75,947.42,465900
1999-11-12,961.43,983.47,957.07,969.26,538900
1999-11-15,990.0,1003.61,965.99,974.73,471500
1999-11-16,973.01,1007.72,965.32,1007.72,464300
1999-11-17,1014.44,1024.09,967.63,967.64,492000
1999-11-18,963.16,981.85,945.27,970.19,384200
1999-11-19,973.83,1001.38,968.52,993.11,390500
1999-11-22,995.92,1000.11,970.58,977.88,308400
1999-11-23,974.63,986.85,965.22,974.05,277300
1999-11-24,969.23,973.15,957.57,969.29,303200
1999-11-25,975.19,992.65,965.34,972.71,351900
1999-11-26,977.77,978.85,945.78,949.16,310900
1999-11-29,955.38,964.26,936.25,964.26,276900
1999-11-30,965.45,1009.19,964.44,996.66,339000
1999-12-01,992.62,1007.29,984.38,999.16,294800
1999-12-02,1008.55,1013.84,959.84,967.9,305600
1999-12-03,973.85,982.19,955.38,966.59,259400
1999-12-06,978.36,999.77,971.6,998.11,258400
1999-12-07,1001.36,1009.74,984.63,999.92,285500
1999-12-08,992.29,998.16,974.79,988.32,277900
1999-12-09,982.89,995.71,976.68,980.54,329800
1999-12-10,989.97,1019.49,982.78,1018.17,394000
1999-12-13,1030.66,1036.5601,1013.65,1013.65,354400
1999-12-14,1018.18,1026.16,1002.23,1002.64,396500
1999-12-15,998.76,999.24,950.02,963.58,356400
1999-12-16,956.94,974.65,944.36,948.57,305300
1999-12-17,958.55,965.28,934.22,949.26,295700
1999-12-20,966.32,978.92,960.26,967.05,254400
1999-12-21,981.91,987.78,957.84,958.8,286100
1999-12-22,963.4,967.87,941.84,967.83,300200
1999-12-23,964.69,1003.01,959.26,974.16,294800
1999-12-24,992.51,1003.95,983.31,991.63,257300
1999-12-27,1016.14,1022.58,997.48,1005.73,233600
1999-12-28,1010.41,1038.04,1004.21,1028.0699,259800
2000-01-04,1028.33,1066.1801,1016.59,1059.04,195900
2000-01-05,1006.87,1026.52,984.05,986.31,257700
2000-01-06,1013.95,1014.9,953.5,960.79,203500
2000-01-07,949.17,970.16,930.84,948.65,215700
2000-01-10,979.67,994.94,974.82,987.24,240200
2000-01-11,992.17,1005.87,981.23,981.33,257100
2000-01-12,957.98,968.68,949.2,955.01,227100
2000-01-13,955.06,960.73,939.25,951.05,223000
2000-01-14,958.82,970.59,937.75,948.03,225000
2000-01-17,962.67,986.09,959.36,983.27,212100
2000-01-18,992.31,992.85,967.96,981.53,212100
2000-01-19,969.31,969.31,938.74,938.78,235700
2000-01-20,927.12,945.9,906.26,945.9,226700
2000-01-21,928.55,940.7,911.83,925.16,255100
2000-01-24,917.93,944.31,915.7,926.77,210400
2000-01-25,909.12,913.19,891.22,891.22,242600
2000-01-26,896.34,902.43,875.82,885.54,231100
2000-01-27,888.27,912.49,879.0,909.23,344900
2000-01-28,922.74,943.95,916.86,941.67,293100
2000-01-31,924.83,948.84,922.92,943.88,289400
2000-02-01,955.44,959.31,923.52,928.75,306100
2000-02-02,929.69,950.13,923.4,943.59,310400
2000-02-03,950.26,959.0,934.11,950.22,277100
2000-02-07,953.23,982.03,951.31,973.13,271800
2000-02-08,977.07,981.42,960.47,961.22,229500
2000-02-09,967.53,979.92,966.15,976.05,240400
2000-02-10,966.36,991.71,957.73,966.18,251600
2000-02-11,990.11,990.75,941.24,953.22,274800
2000-02-14,932.94,941.23,907.91,910.87,234200
2000-02-15,916.89,919.43,875.05,879.7,218600
2000-02-16,881.03,886.63,843.58,879.5,214000
2000-02-17,869.35,901.83,869.35,897.52,212400
2000-02-18,900.71,918.04,879.14,897.52,258300
2000-02-21,864.61,866.32,843.65,845.32,213800
2000-02-22,844.11,867.68,835.97,850.02,244400
2000-02-23,866.14,882.79,852.89,880.67,346400
2000-02-24,874.53,887.82,857.68,867.37,256700
2000-02-25,856.06,873.08,847.14,864.76,255200
2000-02-28,850.36,850.48,819.01,819.01,253100
2000-02-29,843.31,846.37,810.53,828.38,275700
2000-03-02,864.78,900.3,857.05,894.66,317800
2000-03-03,909.81,910.02,882.48,894.83,311300
2000-03-06,907.56,913.51,899.58,909.33,352600
2000-03-07,907.01,907.85,893.09,907.34,339300
2000-03-08,895.93,919.03,883.53,915.24,313700
2000-03-09,922.71,928.55,884.59,884.59,370000
2000-03-10,902.31,913.6,886.26,891.36,330600
2000-03-13,890.87,890.87,849.52,854.66,364400
2000-03-14,843.14,858.68,838.31,846.74,330800
2000-03-15,837.35,841.73,820.3,837.53,312900
2000-03-16,847.9,860.4,832.17,841.22,298900
2000-03-17,864.36,869.82,850.04,855.57,300800
2000-03-20,862.68,867.54,843.46,850.51,227900
2000-03-21,850.91,863.41,838.98,863.41,227900
2000-03-22,869.88,886.53,865.97,882.43,296000
2000-03-23,888.89,892.78,862.84,867.62,254900
2000-03-24,876.93,900.06,861.64,889.24,281900
2000-03-27,893.13,893.13,876.52,886.71,282400
2000-03-28,886.51,902.76,882.22,891.29,262700
2000-03-29,886.69,913.35,881.52,908.51,280800
2000-03-30,905.59,909.51,889.23,889.95,264100
2000-03-31,872.02,885.74,860.52,860.94,214700
2000-04-03,866.75,876.81,837.36,846.44,209600
2000-04-04,835.24,850.1,814.54,830.16,203000
2000-04-06,827.23,827.89,804.15,804.35,173000
2000-04-07,811.38,838.82,811.38,837.38,205100
2000-04-10,861.72,880.41,851.3,870.17,325300
2000-04-11,864.65,864.65,839.82,855.05,255100
2000-04-12,841.16,853.61,834.75,837.01,213500
2000-04-14,808.46,816.07,793.74,800.89,229800
2000-04-17,762.96,762.96,699.22,707.72,287700
2000-04-18,738.1,769.38,724.05,747.3,273000
2000-04-19,767.27,781.55,745.77,755.08,292400
2000-04-20,752.04,765.01,749.61,761.25,204100
2000-04-21,764.81,772.86,759.34,767.16,202100
2000-04-24,767.05,770.72,746.16,747.58,176700
2000-04-25,738.56,742.15,730.43,737.2,168500
2000-04-26,751.89,760.21,712.42,713.23,241900
2000-04-27,699.29,710.7,688.36,692.07,224400
2000-04-28,698.06,727.26,698.06,725.39,228200
2000-05-02,731.76,753.46,729.84,752.59,196000
2000-05-03,751.07,755.62,742.94,752.76,179800
2000-05-04,753.18,760.99,745.39,751.29,190200
2000-05-08,759.15,778.46,759.15,770.24,195500
2000-05-09,768.01,771.51,758.89,760.85,181000
2000-05-10,757.36,764.64,753.73,759.51,193600
2000-05-12,762.8,763.01,737.07,740.3,189100
2000-05-15,737.21,740.16,719.6,728.67,193300
2000-05-16,729.1,746.77,723.71,746.77,172300
2000-05-17,752.52,769.01,726.89,727.18,219000
2000-05-18,705.62,718.72,699.0,712.95,201400
2000-05-19,712.13,730.71,695.73,730.68,196300
2000-05-22,715.55,718.3,688.58,691.61,176600
2000-05-23,674.03,694.44,674.03,679.76,211400
2000-05-24,669.21,689.55,643.97,674.95,289400
2000-05-25,696.69,708.59,685.18,699.53,402000
2000-05-26,690.54,693.1,656.66,656.66,350500
2000-05-29,627.4,664.27,625.14,655.93,309600
2000-05-30,668.65,692.31,668.65,691.26,389700
2000-05-31,708.04,744.6,708.04,731.88,503800
2000-06-01,730.55,746.7,722.24,738.49,314300
2000-06-02,759.22,776.49,750.38,760.69,430600
2000-06-05,778.48,799.34,778.48,794.21,464400
2000-06-07,798.23,822.98,792.71,822.54,493500
2000-06-08,825.56,842.13,795.99,800.11,669000
2000-06-09,800.28,836.82,790.43,836.4,506800
2000-06-12,851.06,858.34,828.66,845.81,516700
2000-06-13,833.18,835.29,800.32,804.45,426600
2000-06-14,814.05,821.13,792.3,819.27,438200
2000-06-15,814.62,814.62,770.7,770.95,380600
2000-06-16,759.58,775.26,753.96,759.04,317100
2000-06-19,748.47,777.13,744.9,755.38,270300
2000-06-20,772.98,785.32,764.98,785.32,340800
2000-06-21,793.67,799.44,780.68,781.87,529200
2000-06-22,795.08,804.2,771.06,782.24,369600
2000-06-23,772.18,778.94,768.29,778.94,261800
2000-06-26,782.28,794.89,779.39,791.55,286700
2000-06-27,799.58,810.7,795.55,809.87,465800
2000-06-28,810.44,822.04,806.87,818.73,500100
2000-06-29,828.59,830.8,807.93,818.9,339000
2000-06-30,815.03,823.36,812.26,821.22,462900
2000-07-03,824.83,836.53,824.83,835.21,440800
2000-07-04,840.2,841.52,818.47,818.53,439100
2000-07-05,818.4,830.4,810.1,830.4,531900
2000-07-06,822.76,840.91,818.24,837.63,696000
2000-07-07,841.5,851.62,837.84,841.74,569800
2000-07-10,847.6,856.83,847.14,851.47,532600
2000-07-11,856.17,863.53,836.86,836.86,850000
2000-07-12,841.15,846.8,830.06,839.76,467000
2000-07-13,840.45,849.03,833.05,845.75,477900
2000-07-14,847.6,850.26,826.82,827.95,366300
2000-07-18,822.3,829.19,806.88,812.33,317100
2000-07-19,806.75,806.75,787.58,797.3,442800
2000-07-20,786.22,791.41,774.47,778.9,426300
2000-07-21,785.98,789.85,771.5,783.06,408100
2000-07-24,766.44,769.81,736.38,737.89,393300
2000-07-25,730.49,743.52,720.72,737.64,352600
2000-07-26,742.45,748.61,723.32,743.84,333100
2000-07-27,730.76,734.51,718.66,727.68,255900
2000-07-28,706.56,712.57,691.01,692.65,239000
2000-07-31,686.35,706.73,678.35,705.97,219000
2000-08-01,710.05,727.53,700.83,727.1,297900
2000-08-02,723.32,733.99,715.18,728.33,328700
2000-08-03,734.49,736.23,719.27,722.08,259400
2000-08-04,717.14,719.07,702.47,710.0,221100
2000-08-07,693.5,694.48,675.59,675.59,218400
2000-08-08,676.22,686.96,665.63,666.08,209200
2000-08-09,677.22,710.23,677.22,710.23,295400
2000-08-10,710.31,729.28,695.87,729.28,259900
2000-08-11,711.42,732.78,708.25,722.21,300600
2000-08-14,741.55,745.79,731.44,733.25,323600
2000-08-16,748.73,754.46,745.68,751.14,314500
2000-08-17,751.39,754.09,739.67,743.49,317300
2000-08-18,747.65,750.42,726.9,728.32,277100
2000-08-21,721.02,731.45,720.24,722.58,227400
2000-08-22,722.94,739.02,722.94,738.61,302500
2000-08-23,739.04,740.7,719.37,719.71,298500
2000-08-24,722.62,729.0,706.21,718.86,293400
2000-08-25,718.88,729.9,710.58,729.8,275500
2000-08-28,728.88,735.32,726.36,731.81,271800
2000-08-29,733.72,739.53,722.85,731.56,253300
2000-08-30,726.63,727.39,718.93,718.93,217600
2000-08-31,713.41,713.41,682.68,688.62,263400
2000-09-01,690.93,698.28,685.32,692.19,202400
2000-09-04,690.95,693.66,677.55,681.3,224100
2000-09-05,677.74,685.05,668.08,679.24,216300
2000-09-06,677.55,690.99,673.91,676.69,211900
2000-09-07,663.09,664.1,654.36,656.37,251200
2000-09-08,658.46,664.07,647.99,653.68,302700
2000-09-14,636.7,650.14,621.26,650.14,319800
2000-09-15,642.1,652.5,621.4,628.2,338700
2000-09-18,591.98,595.1,552.78,577.56,314500
2000-09-19,564.93,587.21,556.74,571.17,327600
2000-09-20,594.32,607.78,594.24,606.08,340200
2000-09-21,603.51,613.01,577.78,595.99,350400
2000-09-22,574.26,578.22,551.0,553.25,305100
2000-09-25,562.79,584.84,562.48,584.63,328300
2000-09-26,576.95,593.72,574.32,587.6,403800
2000-09-27,586.57,601.02,585.17,599.31,367100
2000-09-28,606.6,610.53,595.97,605.85,330200
2000-09-29,612.11,620.08,599.88,613.22,328200
2000-10-02,595.68,599.03,585.53,589.22,243100
2000-10-04,578.38,598.42,571.58,598.42,311600
2000-10-05,605.81,616.22,604.25,606.79,457000
2000-10-06,601.57,610.52,601.05,608.85,369600
2000-10-09,606.81,606.9,589.18,589.18,343100
2000-10-10,588.72,595.79,578.2,588.34,283500
2000-10-11,576.44,576.44,548.29,557.18,311500
2000-10-12,548.44,564.09,534.71,534.71,259700
2000-10-13,514.82,525.71,498.56,524.6,330300
2000-10-16,557.11,565.88,543.2,550.1,341200
2000-10-17,536.2,545.08,512.85,512.85,313700
2000-10-18,501.09,519.54,485.0,514.17,398600
2000-10-19,510.19,531.2,506.49,515.04,312600
2000-10-20,540.68,554.65,540.49,545.97,371700
2000-10-23,555.11,556.0,527.18,528.37,271100
2000-10-24,527.36,549.79,523.02,545.05,311600
2000-10-25,539.93,545.86,532.99,542.33,308100
2000-10-26,528.27,530.81,517.82,523.67,212800
2000-10-27,528.59,534.84,515.34,515.34,284300
2000-10-30,514.82,520.01,504.73,504.73,285700
2000-10-31,497.59,514.48,483.58,514.48,350600
2000-11-01,524.69,550.06,522.78,548.76,366400
2000-11-02,543.94,563.98,540.93,558.1,461100
2000-11-03,563.5,567.07,556.38,560.41,406500
2000-11-06,557.64,581.47,555.41,556.66,423800
2000-11-07,560.55,564.38,550.39,553.35,346600
2000-11-08,549.21,562.89,545.77,558.09,354200
2000-11-09,549.44,562.66,548.14,560.66,323900
2000-11-10,557.94,567.34,555.11,565.18,322200
2000-11-13,552.44,552.44,536.45,538.94,272800
2000-11-14,543.53,552.99,543.53,552.99,253000
2000-11-15,566.41,570.36,552.89,557.48,325300
2000-11-16,557.85,561.17,550.46,555.04,310700
2000-11-17,548.43,551.26,543.6,551.26,331700
2000-11-20,543.78,547.56,537.24,537.4,289800
2000-11-21,529.51,531.45,515.41,531.45,293100
2000-11-22,525.5,532.95,520.61,522.33,314600
2000-11-23,515.48,522.54,512.41,514.31,312300
2000-11-24,518.15,530.84,515.32,530.84,315500
2000-11-27,542.27,554.04,542.27,554.04,392900
2000-11-28,544.44,547.31,535.96,536.94,341200
2000-11-29,522.98,522.98,511.93,516.44,281000
2000-11-30,518.82,518.82,499.52,509.23,310400
2000-12-01,490.88,514.46,489.53,514.46,329900
2000-12-04,520.14,520.52,499.72,501.73,267600
2000-12-05,505.1,516.97,502.94,516.96,257200
2000-12-06,535.19,540.63,517.87,517.89,391900
2000-12-07,517.48,523.78,510.86,523.78,301000
2000-12-08,523.4,535.47,523.4,534.81,321400
2000-12-11,543.46,557.79,543.46,554.8,388700
2000-12-12,556.22,558.5,541.99,543.08,320900
2000-12-13,540.35,560.16,539.51,557.84,302800
2000-12-14,548.14,554.89,540.73,547.38,298400
2000-12-15,544.53,551.29,533.65,534.0,297800
2000-12-18,529.37,541.78,529.37,539.27,251300
2000-12-19,541.23,541.25,530.18,530.8,290200
2000-12-20,517.37,525.79,513.24,514.21,304300
2000-12-21,498.6,515.76,497.31,511.9,290300
2000-12-22,514.54,518.9,500.41,500.6,332700
2000-12-26,509.09,509.95,501.64,504.62,252900
2001-01-02,503.31,521.34,500.97,520.95,231000
2001-01-03,512.74,524.58,510.7,521.43,324600
2001-01-04,551.53,567.16,550.91,558.02,444500
2001-01-05,559.54,581.41,555.4,580.85,578300
2001-01-08,573.72,587.91,572.48,586.65,558600
2001-01-09,583.85,589.92,572.55,589.92,559000
2001-01-10,586.63,593.86,560.81,560.81,642400
2001-01-11,568.26,570.57,557.86,561.79,518800
2001-01-12,578.95,601.09,578.95,587.87,713800
2001-01-15,595.06,608.22,588.87,599.0,612000
2001-01-16,600.68,608.51,588.42,603.42,606300
2001-01-17,600.75,610.47,587.26,595.83,501700
2001-01-18,597.15,612.9,596.66,604.05,453800
2001-01-19,622.25,622.25,613.66,619.78,432500
2001-01-22,622.52,627.45,614.08,627.45,485000
2001-01-26,623.68,624.0,591.73,591.73,443700
2001-01-29,592.75,598.11,587.42,596.54,461200
2001-01-30,601.29,608.05,591.34,591.34,498700
2001-01-31,594.76,617.91,593.54,617.91,442100
2001-02-01,606.49,620.78,605.42,612.3,396000
2001-02-02,614.51,616.67,602.13,608.48,345300
2001-02-05,594.91,595.47,575.58,579.16,354100
2001-02-06,577.25,587.23,573.52,586.58,326300
2001-02-07,584.93,584.93,574.44,576.19,322700
2001-02-08,577.12,591.66,577.12,591.57,282200
2001-02-09,588.36,598.97,581.49,595.47,374600
2001-02-12,587.62,602.9,584.37,599.2,318900
2001-02-13,603.15,605.35,594.41,598.78,336700
2001-02-14,594.93,607.59,592.32,603.83,413200
2001-02-15,611.26,612.26,602.41,603.63,359800
2001-02-16,605.47,611.54,604.27,604.92,319500
2001-02-19,595.66,597.76,588.91,596.67,316700
2001-02-20,595.77,609.36,593.17,608.74,498600
2001-02-21,605.49,605.49,594.45,594.53,439100
2001-02-22,589.3,589.3,571.72,583.41,435000
2001-02-23,579.97,590.49,579.45,583.52,400800
2001-02-26,585.16,588.92,580.59,585.32,449000
2001-02-27,590.14,597.12,576.66,577.57,475800
2001-02-28,571.64,581.44,571.04,578.1,351300
2001-03-02,574.61,574.61,557.2,559.44,329700
2001-03-05,549.27,565.38,549.27,565.38,309900
2001-03-06,569.14,574.9,564.12,568.15,485000
2001-03-07,574.52,576.94,566.08,568.64,364100
2001-03-08,569.79,579.28,568.09,579.28,349400
2001-03-09,572.11,573.67,562.53,565.76,316000
2001-03-12,554.36,556.84,545.05,545.05,360900
2001-03-13,527.94,533.25,522.65,527.97,358100
2001-03-14,541.42,545.0,539.12,543.28,415200
2001-03-15,523.28,542.3,522.74,541.83,385200
2001-03-16,541.31,543.81,536.7,538.67,332600
2001-03-19,531.84,541.2,528.88,534.33,253800
2001-03-20,542.13,542.79,531.39,531.59,279500
2001-03-21,520.71,532.59,520.41,532.59,364700
2001-03-22,530.88,532.25,524.25,527.05,402500
2001-03-23,532.01,539.19,531.63,537.97,364400
2001-03-26,544.75,550.26,542.09,545.98,433300
2001-03-27,546.27,546.27,532.9,532.9,433300
2001-03-28,541.43,541.71,528.79,528.79,402600
2001-03-29,522.99,531.85,521.04,523.8,484200
2001-03-30,524.63,528.6,516.97,523.22,417200
2001-04-02,520.56,522.09,512.4,515.2,231800
2001-04-03,505.38,507.67,498.27,503.26,277600
2001-04-04,496.03,501.32,493.57,493.69,313600
2001-04-06,518.06,518.2,504.54,506.22,373600
2001-04-09,503.07,506.46,497.46,497.46,283900
2001-04-10,500.97,501.65,491.21,491.21,261900
2001-04-11,505.24,508.75,501.63,507.53,354300
2001-04-12,516.73,519.48,511.73,514.21,408900
2001-04-13,518.64,518.65,512.35,516.1,346900
2001-04-16,514.55,518.26,508.35,508.35,328700
2001-04-17,506.92,516.12,505.92,513.97,319500
2001-04-18,523.26,540.0,520.31,540.0,494900
2001-04-19,567.49,581.63,558.97,563.31,561600
2001-04-20,567.66,572.08,556.22,556.29,475600
2001-04-23,559.09,566.47,556.52,560.94,420400
2001-04-24,552.32,556.48,547.39,555.64,346700
2001-04-25,552.69,566.34,551.15,566.34,376500
2001-04-26,569.58,570.99,560.84,561.62,305800
2001-04-27,561.06,563.76,553.67,556.63,231100
2001-04-30,565.44,577.52,564.72,577.36,371500
2001-05-02,586.27,587.18,580.39,583.7,594600
2001-05-03,583.22,584.68,576.53,584.4,390100
2001-05-04,575.69,585.6,575.69,585.6,392500
2001-05-07,588.88,599.05,584.79,596.5,471700
2001-05-08,594.32,597.95,590.65,590.91,484400
2001-05-09,589.06,589.42,578.34,578.84,527700
2001-05-10,579.16,584.33,575.43,581.38,557100
2001-05-11,581.74,584.28,577.91,583.06,546700
2001-05-14,585.13,588.13,580.82,584.08,527000
2001-05-15,583.73,585.74,579.08,581.3,557600
2001-05-16,578.68,585.67,572.36,572.4,529300
2001-05-17,588.15,596.39,585.59,596.39,565100
2001-05-18,594.56,600.54,591.63,600.54,595400
2001-05-21,606.87,620.89,606.46,618.96,750100
2001-05-22,628.82,630.08,617.99,617.99,794300
2001-05-23,620.03,625.8,616.56,622.6,526300
2001-05-24,614.22,624.46,612.62,622.28,561500
2001-05-25,626.97,633.16,623.05,624.11,634200
2001-05-28,620.2,622.67,618.14,618.47,434800
2001-05-29,616.94,632.09,615.87,632.05,530400
2001-05-30,629.45,629.9,620.95,628.42,449700
2001-05-31,612.45,617.66,608.8,612.16,385000
2001-06-01,615.67,617.09,603.84,607.07,358800
2001-06-04,609.06,613.21,606.72,610.91,341300
2001-06-05,612.63,615.0,597.66,597.66,360300
2001-06-07,594.28,601.35,594.28,601.14,328000
2001-06-08,608.48,621.9,608.33,621.78,442500
2001-06-11,612.46,615.41,607.2,608.23,340100
2001-06-12,605.36,611.88,603.91,607.15,319900
2001-06-13,611.79,614.05,607.48,614.05,392400
2001-06-14,612.96,623.37,610.36,613.75,420500
2001-06-15,609.54,618.96,604.37,618.96,375800
2001-06-18,617.66,619.82,607.93,608.78,474200
2001-06-19,606.04,615.85,605.8,608.91,436600
2001-06-20,603.29,604.78,593.75,595.72,440500
2001-06-21,597.72,599.76,589.46,595.53,404200
2001-06-22,597.34,602.7,593.33,599.08,395200
2001-06-25,597.37,602.77,594.04,598.02,309900
2001-06-26,597.81,598.96,586.12,588.71,312700
2001-06-27,587.31,590.74,580.75,584.76,330400
2001-06-28,585.66,591.03,582.91,583.27,268800
2001-06-29,594.02,595.13,589.18,595.13,225200
2001-07-02,593.03,598.24,592.9,596.74,201700
2001-07-03,598.67,598.67,593.56,594.31,209100
2001-07-04,591.01,597.25,586.31,597.25,226700
2001-07-05,598.95,600.51,592.8,593.61,195600
2001-07-06,581.85,585.08,578.13,578.54,216000
2001-07-09,565.34,568.21,555.66,560.0,250500
2001-07-10,563.21,565.51,557.51,558.6,229000
2001-07-11,547.15,558.53,545.76,553.65,208200
2001-07-12,561.5,566.26,559.95,559.95,302700
2001-07-13,571.16,571.16,546.97,548.49,259000
2001-07-16,551.43,554.93,545.17,548.93,228100
2001-07-18,550.94,551.97,539.04,540.53,275300
2001-07-19,534.13,545.74,534.13,545.74,263200
2001-07-20,540.26,541.95,534.39,537.71,275200
2001-07-23,535.0,538.35,522.38,524.21,265300
2001-07-24,518.94,527.37,512.78,526.62,485600
2001-07-25,519.74,528.33,516.64,526.08,371400
2001-07-26,529.65,531.96,527.22,529.22,313200
2001-07-27,536.86,542.58,534.94,541.13,396000
2001-07-30,542.08,542.08,532.85,533.53,274100
2001-07-31,534.84,541.55,532.55,541.55,202400
2001-08-01,546.3,563.67,542.0,562.79,441200
2001-08-02,565.39,572.03,557.29,567.46,445700
2001-08-03,572.0,572.0,563.55,568.69,267800
2001-08-06,564.72,573.56,563.53,569.37,375400
2001-08-07,562.17,568.57,561.29,567.5,366600
2001-08-08,568.07,568.85,561.35,565.94,362100
2001-08-09,554.46,559.17,549.67,549.67,318600
2001-08-10,556.04,558.27,552.0,555.34,286500
2001-08-13,558.48,562.0,552.17,562.0,298600
2001-08-14,565.2,577.24,564.86,577.15,539400
2001-08-16,571.19,582.8,569.53,580.95,525600
2001-08-17,581.52,585.36,577.1,580.99,437400
2001-08-20,568.58,574.16,566.42,567.09,381800
2001-08-21,571.77,572.86,561.44,568.68,356400
2001-08-22,560.53,575.3,560.53,574.87,525800
2001-08-23,578.62,580.51,568.82,570.07,482300
2001-08-24,571.97,573.19,563.9,569.31,415300
2001-08-27,577.46,585.34,574.71,578.74,478600
2001-08-28,577.75,578.62,573.1,576.51,445200
2001-08-29,569.77,570.03,563.28,565.63,469000
2001-08-30,555.98,564.36,554.47,564.36,711800
2001-08-31,552.78,554.48,542.21,545.11,720400
2001-09-03,545.02,547.63,539.17,541.83,415200
2001-09-04,543.1,558.79,540.33,558.79,500000
2001-09-05,550.43,553.61,547.88,551.91,788700
2001-09-06,552.41,559.17,551.35,552.59,588200
2001-09-07,546.79,555.51,544.73,555.08,491300
2001-09-10,547.99,551.26,545.16,550.73,595800
2001-09-11,550.9,553.61,539.72,540.57,612400
2001-09-12,490.14,499.9,474.58,475.6,242800
2001-09-13,491.61,499.25,484.49,499.25,1022900
2001-09-14,497.15,497.15,472.98,482.29,1021300
2001-09-17,475.31,476.42,464.39,468.76,732200
2001-09-18,481.45,485.12,478.24,484.93,693000
2001-09-19,484.16,491.99,480.4,486.75,783900
2001-09-20,482.79,482.79,473.5,480.27,627800
2001-09-21,466.57,472.31,463.54,472.31,564300
2001-09-24,473.75,482.19,471.91,482.19,538800
2001-09-25,491.59,491.68,470.38,472.13,640100
2001-09-26,473.41,475.8,468.48,472.85,423400
2001-09-27,467.45,472.38,464.42,472.38,453300
2001-09-28,475.56,483.21,472.71,479.68,426700
2001-10-04,498.87,501.22,494.76,500.64,547900
2001-10-05,499.8,502.11,496.66,501.92,781800
2001-10-08,497.44,501.56,493.12,496.13,687400
2001-10-09,501.02,509.21,501.02,507.61,655200
2001-10-10,503.08,505.41,500.44,503.46,474800
2001-10-11,514.84,519.56,513.87,517.05,598500
2001-10-12,526.06,526.2,510.93,516.4,628100
2001-10-15,513.55,517.47,511.29,513.99,373200
2001-10-16,514.43,522.16,514.04,521.91,419500
2001-10-17,527.81,529.54,522.37,528.29,448500
2001-10-18,522.31,526.49,519.41,524.21,387700
2001-10-19,522.93,530.08,521.42,528.04,661500
2001-10-22,532.0,532.12,524.32,528.7,429000
2001-10-23,533.68,538.29,530.45,530.5,466400
2001-10-24,532.63,541.96,531.46,541.49,382300
2001-10-25,542.83,545.12,539.62,542.19,641000
2001-10-26,545.15,547.25,539.91,543.41,359700
2001-10-29,548.22,550.93,544.07,547.87,412800
2001-10-30,538.99,539.93,533.2,533.87,359400
2001-10-31,530.53,537.81,529.75,537.81,592300
2001-11-01,540.63,546.12,536.2,544.09,461600
2001-11-02,547.99,554.05,547.51,550.57,855800
2001-11-05,555.62,561.62,552.89,561.62,417300
2001-11-06,567.35,569.82,565.47,565.47,494000
2001-11-07,567.03,567.94,560.88,562.03,449400
2001-11-08,564.82,574.75,564.82,573.04,531400
2001-11-09,575.1,579.19,569.71,576.75,823700
2001-11-12,581.71,584.48,575.58,584.48,743100
2001-11-13,580.87,589.64,577.19,588.83,861900
2001-11-14,595.0,606.68,592.89,606.68,943700
2001-11-15,602.09,612.32,600.72,606.44,803700
2001-11-16,605.71,612.53,602.83,610.88,705200
2001-11-19,610.77,630.02,610.77,626.43,973100
2001-11-20,630.97,636.06,614.19,616.33,918000
2001-11-21,609.88,621.17,609.18,615.45,709100
2001-11-22,617.82,624.56,609.81,624.56,771300
2001-11-23,627.45,647.2,627.45,645.18,802100
2001-11-26,655.08,674.56,654.87,674.56,783700
2001-11-27,674.61,680.91,661.44,670.1,807300
2001-11-28,661.98,665.07,630.76,632.02,717900
2001-11-29,624.18,641.11,616.51,628.86,650900
2001-11-30,645.63,649.4,640.23,643.89,792600
2001-12-03,643.61,654.0,631.87,650.66,888600
2001-12-04,648.51,656.33,642.74,649.9,897600
2001-12-05,663.48,696.06,663.48,688.31,789600
2001-12-06,707.06,715.93,678.81,686.61,869700
2001-12-07,691.37,708.15,683.62,704.5,670400
2001-12-10,701.36,702.01,665.74,668.77,669100
2001-12-11,659.76,671.68,655.65,670.08,565300
2001-12-12,667.01,683.26,658.17,681.43,539200
2001-12-13,682.47,684.31,667.95,676.59,577100
2001-12-14,666.99,676.66,660.76,665.2,498300
2001-12-17,661.29,662.08,645.87,648.28,531800
2001-12-18,655.97,662.59,639.62,643.76,600200
2001-12-19,652.91,654.63,642.65,647.05,627600
2001-12-20,649.3,666.48,642.86,664.51,504000
2001-12-21,651.9,653.93,641.7,644.71,355200
2001-12-24,647.73,655.3,642.26,646.49,390800
2001-12-26,650.23,655.2,648.84,653.87,568400
2001-12-27,650.31,672.55,646.3,668.55,541600
2001-12-28,680.22,695.96,680.22,693.7,514800
2002-01-02,698.0,725.06,690.36,724.95,618700
2002-01-03,726.76,735.77,722.35,727.66,752600
2002-01-04,744.46,750.83,739.14,747.72,630700
2002-01-07,748.54,757.81,735.55,751.48,753600
2002-01-08,747.21,750.89,734.76,734.76,799300
2002-01-09,732.38,751.61,729.34,751.61,942600
2002-01-10,747.44,751.83,728.22,728.23,1057100
2002-01-11,737.31,742.34,718.74,727.36,798900
2002-01-14,721.43,744.03,720.78,744.03,751500
2002-01-15,732.58,732.58,716.34,718.64,730800
2002-01-16,718.08,723.89,710.95,710.95,548400
2002-01-17,703.43,715.9,698.3,713.5,714700
2002-01-18,713.35,718.39,705.21,708.47,537700
2002-01-21,704.73,717.35,701.01,717.35,522500
2002-01-22,721.65,731.09,717.77,724.36,700500
2002-01-23,715.79,742.84,714.61,742.62,588800
2002-01-24,749.6,763.42,748.18,757.71,717400
2002-01-25,769.51,784.12,766.59,774.68,760400
2002-01-28,787.65,787.65,773.49,780.24,705800
2002-01-29,780.47,784.46,769.53,774.03,679200
2002-01-30,748.78,759.24,745.77,749.45,778500
2002-01-31,761.12,762.22,742.89,748.07,670600
2002-02-01,757.07,761.85,739.15,742.42,758400
2002-02-04,740.98,747.36,728.58,730.21,554900
2002-02-05,720.7,739.91,718.86,739.91,553700
2002-02-06,736.45,745.63,736.45,741.55,585600
2002-02-07,736.62,746.96,724.69,727.71,504400
2002-02-08,730.82,739.66,722.53,739.66,522900
2002-02-14,764.15,796.18,762.41,796.18,759500
2002-02-15,781.99,793.67,781.66,783.59,747900
2002-02-18,783.75,795.37,782.93,790.37,869400
2002-02-19,794.33,797.73,779.95,782.27,677900
2002-02-20,774.01,780.54,769.71,776.89,589400
2002-02-21,788.63,789.48,772.5,787.62,639400
2002-02-22,774.78,792.64,773.4,792.0,683500
2002-02-25,796.8,801.97,786.73,791.48,479000
2002-02-26,806.22,810.43,795.42,801.14,591100
2002-02-27,800.7,822.11,800.7,822.11,695100
2002-02-28,825.12,826.6,815.52,819.99,676100
2002-03-04,842.21,847.39,834.21,834.21,621800
2002-03-05,847.86,847.86,834.95,841.95,763000
2002-03-06,840.45,850.61,837.05,843.06,904900
2002-03-07,847.86,850.08,826.2,829.44,734600
2002-03-08,828.9,833.72,815.54,825.27,626600
2002-03-11,828.22,830.38,818.43,827.02,541700
2002-03-12,824.48,846.03,824.48,846.03,651600
2002-03-13,841.93,854.48,839.48,849.13,593100
2002-03-14,846.64,856.86,829.05,856.86,686300
2002-03-15,847.57,868.02,845.4,860.36,717100
2002-03-18,877.19,878.32,863.65,869.71,753900
2002-03-19,872.65,890.44,869.86,889.98,701800
2002-03-20,895.33,903.79,882.1,887.48,760300
2002-03-21,875.61,891.56,875.61,885.64,648200
2002-03-22,890.32,908.4,883.26,895.98,664100
2002-03-25,901.43,903.77,879.41,879.41,576100
2002-03-26,872.57,884.18,872.57,881.03,465600
2002-03-27,888.32,903.98,884.84,902.46,608000
2002-03-28,905.19,914.93,892.67,892.67,654100
2002-03-29,902.05,906.25,893.18,895.58,454900
2002-04-01,900.47,900.47,874.9,875.83,489800
2002-04-02,878.9,905.34,871.45,905.34,506200
2002-04-03,899.98,919.89,898.28,918.59,547800
2002-04-04,912.94,920.87,908.82,918.01,500400
2002-04-08,920.83,926.23,900.24,900.69,556200
2002-04-09,903.79,905.26,884.43,888.67,657000
2002-04-10,882.08,882.08,855.47,856.03,562300
2002-04-11,858.22,873.25,853.18,862.86,726300
2002-04-12,855.04,875.72,854.12,875.69,802900
2002-04-15,879.04,897.1,877.99,894.28,942700
2002-04-16,896.41,904.61,891.0,901.29,741700
2002-04-17,919.47,932.67,918.67,930.51,775600
2002-04-18,926.69,941.74,925.06,937.61,884800
2002-04-19,936.89,941.46,922.18,923.94,851700
2002-04-22,930.1,943.54,912.54,920.89,804800
2002-04-23,918.06,927.1,909.07,925.7,803300
2002-04-24,921.75,927.15,906.01,915.69,745400
2002-04-25,898.44,903.4,872.58,872.58,615700
2002-04-26,871.54,878.32,864.06,869.65,648900
2002-04-29,848.52,863.1,833.42,838.51,584400
2002-04-30,840.31,847.19,829.16,842.34,992300
2002-05-02,855.41,860.72,844.2,859.86,695000
2002-05-03,852.04,859.32,836.71,856.72,630200
2002-05-06,840.93,843.57,826.87,826.87,493900
2002-05-07,814.06,826.34,811.66,826.34,564500
2002-05-08,839.02,850.9,837.26,844.67,658800
2002-05-09,865.3,869.45,838.67,838.67,968400
2002-05-10,835.03,842.33,812.8,817.93,447500
2002-05-13,808.97,827.03,804.91,821.89,414200
2002-05-14,834.49,839.8,826.96,837.37,702600
2002-05-15,850.58,866.03,850.58,862.62,625600
2002-05-16,861.95,867.21,856.7,858.04,881700
2002-05-17,867.44,878.39,866.7,875.03,862100
2002-05-20,876.37,878.68,865.11,865.78,620200
2002-05-21,858.42,862.92,836.62,837.56,740700
2002-05-22,837.59,863.06,829.5,863.06,664500
2002-05-23,858.5,863.16,844.15,845.51,952300
2002-05-24,853.41,861.03,851.01,854.57,786300
2002-05-27,850.12,860.37,836.89,840.57,618500
2002-05-28,845.78,849.34,834.64,848.8,806600
2002-05-29,838.73,838.73,821.81,835.19,839200
2002-05-30,825.84,831.52,812.12,815.61,589200
2002-05-31,815.14,820.51,794.92,796.4,686800
2002-06-03,793.53,807.15,787.04,804.93,566900
2002-06-04,789.0,807.19,785.58,806.33,584300
2002-06-05,813.04,818.55,808.08,809.59,703400
2002-06-07,793.9,799.26,788.12,795.16,833300
2002-06-10,803.18,814.69,802.02,811.9,1128200
2002-06-11,810.08,816.17,803.2,815.33,952200
2002-06-12,809.53,823.06,807.37,823.06,615800
2002-06-14,820.43,832.26,820.2,822.01,596600
2002-06-17,824.18,828.07,809.16,809.16,645300
2002-06-18,824.25,827.49,809.39,809.4,661400
2002-06-19,806.36,814.25,770.48,776.37,687800
2002-06-20,769.83,779.93,764.53,776.81,834500
2002-06-21,767.5,783.35,758.95,778.53,773200
2002-06-24,767.83,773.83,755.81,767.92,614300
2002-06-25,773.75,778.68,753.82,755.92,660800
2002-06-26,735.44,735.44,699.15,701.87,605400
2002-06-27,717.89,722.06,703.52,710.43,894900
2002-06-28,723.73,747.62,722.63,742.72,641000
2002-07-02,722.58,750.6,720.7,746.23,430100
2002-07-03,740.86,756.06,733.57,753.36,416000
2002-07-04,762.16,768.74,754.42,768.74,1420600
2002-07-05,768.51,797.42,768.51,787.83,989000
2002-07-08,807.12,807.36,778.78,783.35,972600
2002-07-09,787.83,801.99,784.13,801.99,1480500
2002-07-10,795.02,802.75,790.45,794.71,731600
2002-07-11,782.75,782.75,764.88,764.88,1136300
2002-07-12,780.49,793.44,776.45,792.93,1805000
2002-07-15,787.65,799.87,780.3,783.52,1763600
2002-07-16,785.28,792.61,767.87,771.45,1977400
2002-07-18,774.25,780.28,770.86,773.85,1804700
2002-07-19,759.41,761.68,744.36,754.62,2149100
2002-07-22,724.49,736.58,719.38,720.9,1445400
2002-07-23,715.81,743.52,709.37,743.52,2379300
2002-07-24,723.76,726.23,715.1,721.41,1965400
2002-07-25,752.78,752.78,723.52,723.52,1359000
2002-07-26,716.97,722.92,688.68,697.84,964900
2002-07-29,704.08,707.98,694.95,700.35,1983900
2002-07-30,722.58,731.31,722.23,724.08,1415800
2002-07-31,725.03,727.58,717.42,717.99,1956000
2002-08-01,720.99,721.31,702.44,707.8,1385200
2002-08-02,693.95,704.09,689.38,700.68,1611200
2002-08-05,690.77,692.12,672.59,675.76,1645400
2002-08-06,660.94,674.76,660.94,673.78,1421800
2002-08-07,685.06,689.45,677.63,679.37,1028900
2002-08-08,684.4,687.53,677.85,684.49,981700
2002-08-09,699.09,705.75,691.87,692.45,1457200
2002-08-12,693.99,702.83,692.48,695.39,827100
2002-08-13,695.14,708.71,693.31,708.63,803000
2002-08-14,699.29,713.72,697.74,711.24,862500
2002-08-16,724.33,729.21,715.98,718.29,796100
2002-08-19,722.85,729.05,713.3,717.58,1144900
2002-08-20,732.62,740.25,730.69,736.7,1700700
2002-08-21,734.42,746.51,731.45,745.12,1508200
2002-08-22,749.3,752.43,743.34,745.75,1315700
2002-08-23,748.1,753.5,738.81,740.51,824200
2002-08-26,731.82,737.3,730.37,734.79,685200
2002-08-27,737.09,737.51,723.49,724.17,699600
2002-08-28,718.35,732.11,718.35,724.05,652800
2002-08-29,720.56,724.94,717.04,724.94,1105400
2002-08-30,726.25,736.4,721.02,736.4,805500
2002-09-02,739.84,751.98,738.09,751.98,673300
2002-09-03,752.86,755.44,740.41,740.59,780400
2002-09-04,726.58,728.87,717.09,723.05,593300
2002-09-05,730.97,731.26,720.74,720.98,578400
2002-09-06,716.25,720.15,707.21,708.73,655100
2002-09-09,714.58,716.72,696.15,697.89,904300
2002-09-10,701.67,713.3,701.67,713.3,636400
2002-09-11,717.97,726.26,716.34,724.71,582400
2002-09-12,725.43,739.22,722.84,739.22,688100
2002-09-13,726.13,727.43,716.49,718.17,1242200
2002-09-16,721.45,721.71,700.75,704.38,839600
2002-09-17,715.16,726.84,709.73,726.8,662800
2002-09-18,708.06,710.0,699.77,703.87,568600
2002-09-19,705.11,715.16,702.02,704.12,439800
2002-09-23,692.14,693.26,677.17,679.43,488600
2002-09-24,667.21,677.75,665.98,672.28,582700
2002-09-25,669.36,669.73,651.93,657.96,504500
2002-09-26,672.91,676.42,659.2,662.41,624100
2002-09-27,665.2,672.26,660.53,663.72,1083900
2002-09-30,645.28,648.84,639.74,646.42,505700
2002-10-01,637.81,652.24,637.77,652.13,481500
2002-10-02,666.77,666.97,646.45,648.1,755600
2002-10-04,642.43,654.7,638.0,650.92,777600
2002-10-07,644.32,644.32,627.16,627.4,605900
2002-10-08,626.09,634.84,623.06,634.84,581100
2002-10-09,637.01,637.01,618.75,619.94,568200
2002-10-10,610.68,613.97,584.04,584.04,680100
2002-10-11,602.88,604.47,576.49,587.51,690100
2002-10-14,604.43,617.16,603.8,614.27,585700
2002-10-15,620.76,634.44,613.09,629.57,793200
2002-10-16,641.12,641.58,631.37,636.25,1207400
2002-10-17,633.46,647.79,625.67,644.66,1290300
2002-10-18,660.67,674.19,657.03,670.79,1160600
2002-10-21,666.51,668.31,652.67,652.67,1622900
2002-10-22,665.54,665.85,632.45,639.27,1094900
2002-10-23,640.56,657.54,631.24,657.43,1703700
2002-10-24,661.47,666.21,650.7,654.98,1678900
2002-10-25,646.1,662.32,646.09,655.88,1017000
2002-10-28,666.96,680.07,664.54,678.14,1248900
2002-10-29,675.09,682.81,672.47,673.18,1643500
2002-10-30,672.43,672.83,651.86,658.03,1356100
2002-10-31,664.8,670.18,653.11,658.92,1038900
2002-11-01,652.34,657.12,646.15,647.65,829000
2002-11-04,661.24,672.68,658.0,672.68,1720000
2002-11-05,672.72,674.65,660.97,664.9,1264000
2002-11-06,673.94,683.36,672.5,682.56,1257700
2002-11-07,678.76,688.47,674.34,681.27,852300
2002-11-08,668.06,674.87,664.24,674.85,693800
2002-11-11,669.16,669.16,654.65,657.78,672700
2002-11-12,644.67,656.6,643.39,654.43,907900
2002-11-13,656.13,658.5,646.76,653.85,727400
2002-11-14,656.41,659.73,650.45,652.15,641000
2002-11-15,669.15,673.5,665.34,672.95,1059500
2002-11-18,672.92,678.12,665.63,667.13,671400
2002-11-19,663.35,672.7,663.13,671.44,1511500
2002-11-20,669.18,682.83,666.71,682.0,1134300
2002-11-21,695.37,699.29,689.86,690.38,862100
2002-11-22,703.98,704.38,692.49,692.87,737600
2002-11-25,695.48,706.82,694.98,705.86,1486800
2002-11-26,705.94,707.21,697.39,702.27,1445100
2002-11-27,694.69,709.12,694.51,708.07,706900
2002-11-28,719.33,725.6,713.67,714.54,796000
2002-11-29,719.46,724.8,713.01,724.8,713300
2002-12-02,724.99,731.47,719.95,730.16,741200
2002-12-03,730.74,737.7,726.89,736.57,924600
2002-12-04,724.72,725.25,713.2,714.5,675200
2002-12-05,715.73,722.79,708.45,722.76,572600
2002-12-06,716.13,723.09,712.62,718.09,677400
2002-12-09,720.22,722.45,705.67,709.11,956300
2002-12-10,696.65,705.43,695.34,702.44,742200
2002-12-11,705.26,707.53,695.86,698.61,816300
2002-12-12,702.91,715.38,701.6,715.38,1174500
2002-12-13,709.83,711.56,701.56,708.13,579500
2002-12-16,698.54,700.48,690.81,692.42,859600
2002-12-17,703.75,705.56,701.95,704.49,1135800
2002-12-18,698.75,711.81,695.56,709.22,1236800
2002-12-20,705.05,712.5,702.62,709.44,901100
2002-12-23,711.72,713.32,690.23,691.38,742900
2002-12-24,688.24,692.07,673.98,677.82,728600
2002-12-26,674.4,679.47,667.1,671.89,775600
2002-12-27,658.23,668.1,655.69,656.92,798000
2002-12-30,652.07,652.07,613.76,627.55,650400
2003-01-02,633.03,637.1,623.75,635.17,742900
2003-01-03,651.59,662.4,649.62,661.1,1005800
2003-01-06,665.1,667.71,657.61,666.71,721800
2003-01-07,679.0,679.3,652.14,652.2,690100
2003-01-08,655.97,660.39,650.93,651.72,604900
2003-01-09,643.5,644.43,630.4,630.4,627200
2003-01-10,643.28,644.48,618.68,628.36,700700
2003-01-13,627.01,648.06,624.46,648.06,847800
2003-01-14,645.66,652.63,639.91,650.05,712900
2003-01-15,656.23,659.05,643.52,648.29,582300
2003-01-16,639.56,649.54,635.79,648.69,484300
2003-01-17,640.31,649.1,636.46,636.46,640400
2003-01-20,627.78,634.91,626.41,634.5,480800
2003-01-21,635.67,636.04,624.46,632.86,471000
2003-01-22,627.11,631.66,617.43,622.49,525300
2003-01-23,622.54,626.98,615.11,625.18,507600
2003-01-24,625.69,629.79,604.74,609.43,444600
2003-01-27,597.82,597.82,587.72,593.09,384200
2003-01-28,590.54,600.56,589.51,600.56,345200
2003-01-29,601.25,602.18,581.13,583.35,562800
2003-01-30,589.07,593.7,586.03,591.86,510700
2003-02-03,591.88,602.85,586.14,600.41,425300
2003-02-04,602.29,605.59,596.78,603.78,709200
2003-02-05,598.34,606.7,595.39,600.68,755800
2003-02-06,601.74,603.55,586.43,589.5,519900
2003-02-07,587.68,587.7,571.2,577.48,466700
2003-02-10,573.09,579.71,571.96,577.25,459100
2003-02-11,582.47,585.71,561.69,575.98,563300
2003-02-12,572.87,583.29,572.46,583.29,353600
2003-02-13,584.97,585.74,572.42,575.67,402000
2003-02-14,574.89,577.09,567.46,575.24,533900
2003-02-17,590.39,602.23,588.22,601.87,648000
2003-02-18,602.57,606.4,593.76,603.45,547200
2003-02-19,613.15,616.79,600.51,600.83,531000
2003-02-20,601.29,606.22,597.97,605.51,1035900
2003-02-21,605.26,605.26,597.04,603.6,798900
2003-02-24,608.77,619.45,608.77,616.29,615300
2003-02-25,604.67,605.34,592.25,592.25,524900
2003-02-26,594.42,597.69,588.94,590.26,567700
2003-02-27,580.91,585.33,576.07,582.46,562700
2003-02-28,586.07,587.94,573.3,575.43,596300
2003-03-03,578.5,590.55,577.54,590.04,605600
2003-03-04,581.09,581.68,573.15,576.58,584600
2003-03-05,567.3,567.53,557.68,560.26,764000
2003-03-06,564.74,564.87,551.8,555.33,735600
2003-03-07,547.89,555.38,544.09,546.02,635100
2003-03-10,545.54,548.29,541.29,544.24,607100
2003-03-11,531.78,538.62,530.55,532.53,657900
2003-03-12,531.17,534.76,524.53,531.81,793800
2003-03-13,530.86,531.78,514.43,531.78,679700
2003-03-14,547.29,548.45,534.51,537.65,758900
2003-03-17,535.79,535.79,512.3,515.24,640100
2003-03-18,536.69,539.3,526.86,537.31,682900
2003-03-19,534.86,546.68,534.64,541.78,615600
2003-03-20,553.63,568.66,548.45,568.46,1076200
2003-03-21,569.67,576.95,565.34,575.77,822500
2003-03-24,579.08,579.08,568.27,569.85,876100
2003-03-25,550.55,558.44,550.28,554.98,882100
2003-03-26,562.2,565.5,551.41,554.79,890700
2003-03-27,550.54,551.8,546.46,549.26,604600
2003-03-28,552.13,556.33,544.67,556.33,484300
2003-03-31,547.75,549.32,534.23,535.7,545000
2003-04-01,529.07,538.68,525.51,538.56,525100
2003-04-02,540.92,543.54,533.13,542.92,639600
2003-04-03,555.73,556.21,543.58,545.24,626900
2003-04-04,540.26,558.84,536.7,558.01,550500
2003-04-07,566.93,589.34,563.26,585.9,796900
2003-04-08,576.46,593.09,574.16,587.32,861400
2003-04-09,581.3,582.6,569.47,569.47,762000
2003-04-10,569.51,578.56,565.83,577.73,741400
2003-04-11,577.09,597.02,574.3,582.97,900300
2003-04-14,590.04,603.41,588.91,594.4,719600
2003-04-15,606.6,608.19,599.15,604.99,789500
2003-04-16,616.32,625.01,614.45,621.34,894700
2003-04-17,614.67,619.62,611.94,612.72,789800
2003-04-18,623.17,625.13,616.29,624.77,839900
2003-04-21,623.89,627.5,615.77,620.83,752400
2003-04-22,614.98,614.98,601.85,603.32,773200
2003-04-23,609.2,611.92,597.93,598.09,747900
2003-04-24,598.2,600.93,584.43,588.35,692400
2003-04-25,578.2,578.2,560.53,566.63,660800
2003-04-28,559.03,573.34,556.15,569.02,467200
2003-04-29,580.44,599.1,579.11,597.36,529800
2003-04-30,597.23,604.21,593.16,599.35,452100
2003-05-02,600.47,602.62,582.87,597.44,437600
2003-05-06,603.05,609.72,602.29,604.33,570700
2003-05-07,610.87,618.48,606.88,618.08,513400
2003-05-09,612.25,619.25,608.41,619.11,588200
2003-05-12,631.9,637.19,630.14,631.04,655900
2003-05-13,631.82,633.81,613.25,614.07,614500
2003-05-14,610.63,616.82,606.06,609.97,484400
2003-05-15,613.63,620.45,605.62,619.35,634700
2003-05-16,619.12,622.64,607.74,610.81,506400
2003-05-19,603.77,603.77,592.84,596.36,350400
2003-05-20,585.86,602.09,584.62,602.08,421500
2003-05-21,599.55,603.24,596.29,600.57,442300
2003-05-22,599.06,607.98,591.73,595.38,449000
2003-05-23,602.8,612.07,601.03,611.51,441200
2003-05-26,611.15,621.65,607.76,617.65,483800
2003-05-27,619.86,620.0,609.05,614.3,470000
2003-05-28,629.19,630.92,622.53,628.36,603900
2003-05-29,624.1,636.2,623.01,632.43,454400
2003-05-30,632.15,635.81,627.02,633.42,470100
2003-06-02,643.93,649.69,642.61,648.71,515000
2003-06-03,641.74,643.69,633.56,636.94,494600
2003-06-04,642.35,642.79,632.47,640.27,442200
2003-06-05,647.72,648.35,641.58,642.38,521600
2003-06-09,640.58,651.16,638.31,650.35,351400
2003-06-10,645.41,652.9,644.18,649.75,361300
2003-06-11,651.93,657.92,650.27,651.29,497500
2003-06-12,658.43,661.89,653.73,657.95,612000
2003-06-13,663.1,670.2,655.76,665.24,503100
2003-06-16,661.6,664.01,655.86,657.82,432700
2003-06-17,673.76,677.58,670.33,674.66,661600
2003-06-18,673.84,681.38,672.52,675.75,584100
2003-06-19,681.03,690.59,679.06,690.49,588400
2003-06-20,684.04,690.7,683.76,686.22,534500
2003-06-23,685.97,686.6,673.33,674.59,472000
2003-06-24,664.4,665.63,659.77,664.01,451400
2003-06-25,665.98,674.96,665.88,674.03,505200
2003-06-26,668.32,679.57,667.72,675.75,461900
2003-06-27,682.14,686.18,675.48,677.28,486100
2003-06-30,673.66,674.9,666.91,669.93,320700
2003-07-01,666.45,674.75,663.35,674.75,344500
2003-07-02,682.57,687.04,680.68,685.8,482600
2003-07-03,696.54,699.34,684.94,686.83,544300
2003-07-04,687.03,693.95,684.64,693.25,442800
2003-07-07,699.32,704.31,696.76,704.29,439500
2003-07-08,715.54,715.8,706.12,708.34,568600
2003-07-09,708.55,710.28,704.34,705.5,543900
2003-07-10,701.43,710.26,700.49,700.51,577900
2003-07-11,694.14,704.54,691.59,704.15,560500
2003-07-14,709.09,720.59,705.4,720.1,559500
2003-07-15,723.08,724.53,712.36,713.45,719800
2003-07-16,720.89,722.85,709.55,716.48,589400
2003-07-18,700.52,707.43,697.67,699.35,546300
2003-07-21,699.12,702.84,692.12,693.5,662600
2003-07-22,691.43,699.99,691.43,699.7,707500
2003-07-23,702.71,703.82,693.04,695.74,571600
2003-07-24,693.15,705.53,690.59,702.94,732700
2003-07-25,698.53,705.6,696.64,705.09,489000
2003-07-28,715.44,719.21,714.42,717.8,466900
2003-07-29,718.42,722.47,715.01,722.33,566900
2003-07-30,721.66,724.23,714.07,714.15,502200
2003-07-31,716.5,718.49,710.01,713.52,388900
2003-08-01,718.84,728.38,718.25,727.26,457000
2003-08-04,719.57,724.17,717.46,718.54,439400
2003-08-05,723.15,726.3,720.64,721.84,481000
2003-08-06,710.87,713.32,705.86,707.88,464500
2003-08-07,709.57,709.82,703.05,709.81,412200
2003-08-08,710.54,712.31,704.14,704.14,418300
2003-08-11,700.41,704.59,693.7,704.58,398700
2003-08-12,707.01,708.08,699.94,701.3,366100
2003-08-13,705.58,713.81,704.93,713.08,407900
2003-08-14,714.2,727.01,713.46,727.01,482900
2003-08-18,728.92,734.81,727.56,730.1,498400
2003-08-19,745.65,745.77,738.0,740.13,615000
2003-08-20,740.44,745.03,736.64,737.2,498000
2003-08-21,741.7,754.34,741.7,754.34,534400
2003-08-22,754.88,759.15,751.7,754.72,506600
2003-08-25,754.17,760.85,752.34,756.73,419600
2003-08-26,754.23,755.63,749.2,753.0,426900
2003-08-27,757.72,763.99,756.04,758.98,497000
2003-08-28,763.46,765.27,749.34,752.81,461000
2003-08-29,756.76,760.09,746.92,759.47,431300
2003-09-01,763.22,765.64,759.36,764.11,370500
2003-09-02,768.43,768.91,763.34,766.5,493000
2003-09-03,770.87,771.78,763.35,766.32,424900
2003-09-04,768.1,769.98,763.87,764.15,407000
2003-09-05,766.43,768.9,759.81,761.55,376800
2003-09-08,759.49,761.91,756.01,760.25,343400
2003-09-09,763.36,775.88,763.36,767.46,408500
2003-09-15,764.68,767.27,753.61,753.61,411200
2003-09-16,751.95,764.12,751.53,763.63,479500
2003-09-17,771.61,772.35,764.46,766.59,469800
2003-09-18,768.39,769.28,756.73,758.18,411500
2003-09-19,766.23,767.05,745.16,748.25,443000
2003-09-22,741.54,741.68,714.75,714.89,426500
2003-09-23,713.67,719.71,702.31,718.84,475500
2003-09-24,721.0,725.49,715.86,724.7,419800
2003-09-25,707.58,714.56,699.83,713.52,412800
2003-09-26,704.01,711.5,697.13,697.4,431800
2003-09-29,697.26,698.77,688.07,696.06,380000
2003-09-30,701.75,709.16,697.52,697.52,461300
2003-10-01,690.47,704.29,688.62,704.29,434300
2003-10-02,716.27,718.36,708.03,715.24,451400
2003-10-06,723.47,726.77,719.33,723.13,393300
2003-10-07,725.21,727.37,722.38,727.09,402800
2003-10-08,731.12,731.45,721.29,722.76,316700
2003-10-09,723.13,736.16,722.94,736.16,603000
2003-10-10,735.25,759.6,735.25,757.89,445800
2003-10-13,754.5,764.33,747.02,757.02,453900
2003-10-14,763.62,772.29,762.96,766.52,529600
2003-10-15,771.38,773.13,759.86,764.23,462600
2003-10-16,759.12,776.97,758.07,776.97,519700
2003-10-17,776.99,783.08,767.75,767.75,519200
2003-10-20,766.33,777.97,765.13,776.44,473200
2003-10-21,780.56,785.02,772.91,779.89,448300
2003-10-22,780.54,784.14,773.3,779.28,486400
2003-10-23,764.36,768.31,750.16,754.14,428500
2003-10-24,752.31,759.55,743.38,748.17,362700
2003-10-27,752.82,761.61,750.5,761.61,412800
2003-10-28,760.8,782.31,759.56,775.36,491600
2003-10-29,787.61,793.35,779.66,779.66,567900
2003-10-30,784.78,787.82,778.42,785.94,471900
2003-10-31,787.95,789.46,775.38,782.36,484300
2003-11-03,783.08,793.53,778.04,791.96,434400
2003-11-04,800.42,802.66,790.99,796.06,606400
2003-11-05,796.36,806.79,794.58,805.51,604300
2003-11-06,809.92,811.97,790.04,790.04,610700
2003-11-07,796.58,804.05,789.97,804.05,469100
2003-11-10,800.98,802.32,788.65,796.56,537200
2003-11-11,788.34,790.11,782.03,787.77,504100
2003-11-12,788.91,798.33,786.0,796.31,509100
2003-11-13,805.79,813.11,803.93,813.11,510300
2003-11-14,809.94,818.34,807.67,809.89,597500
2003-11-17,803.48,803.95,790.14,794.47,504100
2003-11-18,794.24,801.2,787.6,800.97,642400
2003-11-19,785.28,785.28,769.43,771.7,717200
2003-11-20,775.19,778.1,763.67,769.45,605300
2003-11-21,764.12,777.96,762.36,770.78,624900
2003-11-24,765.82,769.6,752.14,753.65,577900
2003-11-25,768.1,770.28,761.98,768.11,526400
2003-11-26,769.76,783.8,769.3,782.65,532100
2003-11-27,783.13,784.86,776.4,781.68,502500
2003-11-28,783.17,797.07,783.17,796.18,597500
2003-12-01,796.36,811.49,790.8,807.39,585000
2003-12-02,813.49,813.95,806.3,807.78,532000
2003-12-03,807.17,816.02,801.08,808.34,440600
2003-12-04,805.1,809.68,800.31,805.13,493900
2003-12-05,802.71,802.86,789.41,789.41,426500
2003-12-08,780.23,791.77,777.08,784.8,340000
2003-12-09,790.52,793.13,784.6,787.35,398100
2003-12-10,774.53,794.64,774.04,794.64,454600
2003-12-11,797.12,805.81,791.13,791.13,424800
2003-12-12,806.42,810.68,801.33,806.08,423400
2003-12-15,821.62,824.26,814.73,822.16,404600
2003-12-16,807.32,817.56,804.17,810.79,462700
2003-12-17,816.98,817.39,799.82,800.09,479500
2003-12-18,803.6,808.94,797.46,807.5,493100
2003-12-19,814.89,817.5,809.17,811.2,480500
2003-12-22,809.57,815.55,804.53,804.54,345000
2003-12-23,809.9,812.75,801.62,801.88,406100
2003-12-24,808.41,808.58,792.37,792.55,503700
2003-12-26,791.39,794.78,786.11,788.85,414300
2003-12-29,779.24,792.44,779.24,792.44,282400
2003-12-30,802.5,811.89,800.15,810.71,385900
2004-01-02,816.26,821.87,813.63,821.26,307500
2004-01-05,817.28,825.43,816.55,824.1,408300
2004-01-06,831.26,831.26,819.53,823.43,484100
2004-01-07,826.08,831.07,825.23,827.07,404600
2004-01-08,831.1,839.28,824.15,824.15,428800
2004-01-09,835.42,849.5,835.05,845.27,543300
2004-01-12,843.96,853.5,840.11,850.79,443900
2004-01-13,855.42,855.45,844.82,848.43,400200
2004-01-14,847.27,855.29,844.55,849.62,453000
2004-01-15,849.02,852.19,841.84,845.66,388400
2004-01-16,853.67,854.46,845.4,847.95,425000
2004-01-19,854.96,859.34,851.34,856.8,404300
2004-01-20,854.03,864.26,853.05,861.37,364500
2004-01-26,867.65,871.94,861.82,869.04,494000
2004-01-27,873.61,873.61,860.88,863.03,437700
2004-01-28,860.37,869.21,859.08,859.59,432900
2004-01-29,851.7,854.82,847.98,853.47,365300
2004-01-30,854.21,859.13,846.05,848.5,447400
2004-02-02,850.28,855.43,847.74,854.89,425200
2004-02-03,853.13,853.13,837.63,839.87,462000
2004-02-04,838.52,842.6,834.7,835.5,378600
2004-02-05,835.77,842.44,834.73,840.92,635900
2004-02-06,842.16,853.58,839.43,850.23,541500
2004-02-09,860.9,866.87,859.58,864.77,475200
2004-02-10,866.06,869.62,862.85,866.8,450000
2004-02-11,870.54,877.72,870.24,876.34,475300
2004-02-12,882.04,882.39,872.27,877.95,444100
2004-02-13,876.06,883.35,870.08,882.18,385300
2004-02-16,879.23,885.65,876.56,881.28,438000
2004-02-17,884.15,888.73,880.87,884.8,435800
2004-02-18,889.23,890.51,877.1,877.1,370500
2004-02-19,880.68,884.89,874.75,881.65,734800
2004-02-20,875.76,879.63,872.42,877.49,475500
2004-02-23,874.93,881.43,867.99,877.52,476200
2004-02-24,872.45,876.71,864.34,864.59,549400
2004-02-25,865.22,870.03,862.97,866.87,524700
2004-02-26,870.31,873.15,861.77,864.86,522900
2004-02-27,865.51,883.42,861.86,883.42,458700
2004-03-02,892.57,899.99,892.38,899.21,489100
2004-03-03,897.49,900.44,895.52,895.81,554700
2004-03-04,898.16,908.82,896.76,907.43,589100
2004-03-05,907.21,909.08,904.01,905.38,515700
2004-03-08,909.15,910.67,899.07,900.1,506500
2004-03-09,891.1,893.73,888.46,891.58,474400
2004-03-10,887.11,890.33,874.58,876.02,457300
2004-03-11,869.67,878.1,866.33,869.93,468700
2004-03-12,866.72,867.35,822.05,848.8,655700
2004-03-15,855.84,857.96,848.23,852.26,383700
2004-03-16,843.83,850.15,838.11,850.13,440200
2004-03-17,858.15,872.78,857.29,872.38,524400
2004-03-18,879.22,879.56,869.09,872.82,488500
2004-03-19,874.57,883.33,868.97,883.33,425100
2004-03-22,878.62,881.0,862.63,863.69,371600
2004-03-23,854.92,868.99,849.76,866.17,383800
2004-03-24,860.39,867.15,856.54,861.72,311100
2004-03-25,862.3,868.78,849.56,853.38,357300
2004-03-26,866.29,873.01,861.63,863.95,304000
2004-03-29,868.1,878.37,867.21,874.67,335600
2004-03-30,879.41,879.41,870.86,873.46,287700
2004-03-31,881.75,883.88,868.41,880.5,327700
2004-04-01,878.78,883.23,875.09,882.75,294600
2004-04-02,886.09,889.6,882.82,883.69,541800
2004-04-06,899.43,906.43,898.0,906.19,491600
2004-04-07,906.78,915.13,903.24,909.93,528200
2004-04-08,913.52,916.86,908.07,916.86,431800
2004-04-09,910.48,910.48,901.24,905.44,352100
2004-04-12,905.44,926.07,905.44,918.86,366200
2004-04-13,925.19,927.67,916.2,917.63,468900
2004-04-14,909.95,919.38,907.36,916.31,407200
2004-04-16,903.84,908.72,897.73,898.88,391700
2004-04-19,900.48,902.1,891.27,902.1,476100
2004-04-20,909.91,919.13,902.47,918.9,456800
2004-04-21,910.68,931.21,910.68,929.95,554000
2004-04-22,931.09,933.84,921.97,924.01,519700
2004-04-23,938.25,939.52,929.8,936.06,480400
2004-04-26,935.01,935.28,919.27,919.74,388000
2004-04-27,918.82,921.42,911.56,915.47,435500
2004-04-28,917.32,919.86,901.82,901.83,373400
2004-04-29,890.61,896.45,872.63,875.41,442800
2004-04-30,867.99,875.51,854.39,862.84,378700
2004-05-03,863.03,867.25,856.84,866.11,331700
2004-05-04,871.57,876.3,865.68,867.48,376800
2004-05-06,864.52,865.1,836.15,837.68,359500
2004-05-07,837.73,843.01,819.61,838.74,372100
2004-05-10,831.1,831.37,771.31,790.68,403000
2004-05-11,789.54,802.29,776.72,791.02,362900
2004-05-12,802.88,820.72,801.28,817.09,387200
2004-05-13,815.28,816.26,790.13,790.13,395000
2004-05-14,798.8,802.32,759.65,768.46,372300
2004-05-17,766.56,774.39,723.51,728.98,371700
2004-05-18,724.68,748.26,716.95,741.99,383600
2004-05-19,752.5,784.14,751.59,777.95,379700
2004-05-20,766.04,782.92,757.49,767.79,357500
2004-05-21,780.99,786.36,768.63,786.36,324200
2004-05-24,795.99,802.04,790.73,799.64,302800
2004-05-25,791.38,791.67,776.71,784.06,331700
2004-05-27,802.4,810.69,797.11,802.46,293100
2004-05-28,811.54,816.64,805.21,816.51,357700
2004-05-31,811.46,811.59,793.77,803.84,288500
2004-06-01,807.55,817.0,804.31,815.77,315900
2004-06-02,808.84,811.59,797.68,804.39,263400
2004-06-03,810.98,812.54,770.06,770.06,465600
2004-06-04,772.94,781.96,764.93,780.74,421800
2004-06-07,788.41,809.51,788.41,809.45,390700
2004-06-08,817.11,820.87,804.43,809.31,356000
2004-06-09,816.93,820.68,794.1,794.53,603600
2004-06-10,785.83,794.16,776.61,782.3,444600
2004-06-11,780.16,780.41,748.34,751.53,458700
2004-06-14,744.25,761.29,737.65,738.79,378000
2004-06-15,747.54,752.54,729.06,752.1,481800
2004-06-16,756.33,769.66,746.48,752.34,369900
2004-06-17,756.92,760.1,742.47,760.09,361100
2004-06-18,751.69,754.05,732.89,741.73,379800
2004-06-21,745.22,758.58,743.69,749.3,376100
2004-06-22,744.86,749.26,732.79,746.48,327200
2004-06-23,753.28,755.88,737.23,738.93,368500
2004-06-24,752.64,763.42,747.51,763.13,373300
2004-06-25,763.02,780.0,760.57,779.03,305400
2004-06-28,777.85,780.31,764.29,770.95,279500
2004-06-29,766.82,780.57,763.34,778.72,295100
2004-06-30,783.24,787.6,777.73,785.79,400200
2004-07-01,784.85,792.77,776.35,778.03,315000
2004-07-02,764.38,764.54,754.26,755.42,431900
2004-07-05,754.16,758.72,744.39,756.72,400900
2004-07-06,753.14,763.93,751.26,758.47,400100
2004-07-07,742.21,761.93,735.72,761.88,395000
2004-07-08,753.68,759.71,743.64,743.64,346300
2004-07-09,745.09,751.92,741.26,747.46,309500
2004-07-12,752.71,757.9,740.98,746.27,334200
2004-07-13,753.03,753.21,740.16,750.95,397500
2004-07-14,745.43,751.6,734.85,736.57,331100
2004-07-15,735.85,739.07,720.92,732.74,369200
2004-07-16,728.37,741.41,717.77,739.39,348200
2004-07-19,730.58,750.4,729.57,750.4,267800
2004-07-20,742.24,745.41,737.0,737.0,335000
2004-07-21,750.59,756.44,747.89,753.32,422700
2004-07-22,738.98,744.5,733.41,742.63,435100
2004-07-23,742.51,743.65,733.74,737.51,337100
2004-07-26,730.15,739.56,729.8,736.21,307900
2004-07-27,735.22,739.6,726.71,738.51,368900
2004-07-28,747.02,748.82,740.19,744.42,420800
2004-07-29,742.58,742.58,730.47,730.61,326300
2004-07-30,737.92,741.32,734.15,735.34,288500
2004-08-02,730.61,730.64,719.59,719.59,282300
2004-08-03,726.88,728.13,722.46,726.44,301700
2004-08-04,719.61,729.41,713.99,729.41,283800
2004-08-05,730.64,743.37,726.87,743.35,394300
2004-08-06,733.76,745.05,733.24,733.95,312700
2004-08-09,728.66,742.61,724.5,742.13,274600
2004-08-10,738.92,748.63,738.36,748.62,338100
2004-08-11,752.6,758.61,751.26,753.06,378500
2004-08-12,755.43,767.03,753.67,766.7,321700
2004-08-13,762.81,777.84,761.61,776.02,372500
2004-08-16,774.29,777.96,767.26,773.85,307800
2004-08-17,782.59,783.48,768.76,771.03,302600
2004-08-18,772.84,776.15,768.94,773.19,332500
2004-08-19,780.26,789.78,780.26,788.53,383500
2004-08-20,785.82,789.23,783.06,787.64,295700
2004-08-23,792.5,796.84,783.5,787.65,255400
2004-08-24,791.38,793.5,781.46,792.34,267200
2004-08-25,791.0,804.83,790.17,803.97,262700
2004-08-26,808.11,813.77,808.11,810.21,285500
2004-08-27,812.65,814.05,806.75,810.3,307400
2004-08-30,811.55,815.05,802.75,805.19,333600
2004-08-31,800.62,805.26,797.62,803.57,346500
2004-09-01,803.51,817.37,801.58,817.36,345100
2004-09-02,818.69,823.83,815.74,823.83,394200
2004-09-03,826.0,826.26,814.09,820.69,398400
2004-09-06,823.64,824.98,817.18,824.21,357200
2004-09-07,822.29,824.96,817.68,818.8,436800
2004-09-08,820.18,828.38,815.33,815.85,391300
2004-09-09,815.65,823.19,809.03,821.88,452900
2004-09-10,826.06,837.37,816.64,836.34,354400
2004-09-13,842.15,852.06,841.41,851.91,396900
2004-09-14,857.74,859.93,848.08,851.42,439600
2004-09-15,851.52,856.39,848.79,850.63,429100
2004-09-16,846.08,863.12,844.06,855.38,434900
2004-09-17,854.35,859.57,846.08,848.11,317300
2004-09-20,849.46,862.98,849.45,856.87,332100
2004-09-21,859.2,861.31,854.1,857.15,358400
2004-09-22,861.8,863.19,835.1,835.1,362700
2004-09-23,829.32,834.0,824.85,829.68,378900
2004-09-24,828.78,836.38,823.05,832.1,335400
2004-09-30,829.93,836.54,827.17,835.09,290800
2004-10-01,835.5,846.01,834.75,846.01,296500
2004-10-04,859.12,880.84,858.92,880.84,358500
2004-10-05,882.5,887.61,876.56,884.84,368900
2004-10-06,885.94,896.24,879.58,887.45,391300
2004-10-07,887.39,891.25,878.8,885.33,344400
2004-10-08,877.89,892.12,877.34,881.38,458800
2004-10-11,876.56,882.05,873.16,881.11,370300
2004-10-12,878.25,878.56,856.67,858.09,373000
2004-10-13,863.26,866.07,852.65,856.18,319000
2004-10-14,849.09,852.56,839.87,846.63,267500
2004-10-15,837.96,849.92,833.45,841.94,288600
2004-10-18,845.0,851.97,840.6,848.27,296300
2004-10-19,860.87,863.75,851.92,855.77,322600
2004-10-20,851.42,851.43,827.68,828.61,385400
2004-10-21,830.24,831.05,814.64,820.63,325400
2004-10-22,824.12,832.1,822.2,828.17,272400
2004-10-25,816.11,816.54,801.01,808.14,274800
2004-10-26,812.18,817.0,809.79,813.7,260600
2004-10-27,820.73,822.3,803.72,809.91,303300
2004-10-28,825.85,833.54,821.54,833.54,280800
2004-10-29,826.89,835.26,823.07,834.84,248700
2004-11-01,832.52,842.16,831.32,835.66,221500
2004-11-02,839.59,849.71,838.39,846.67,272100
2004-11-03,848.83,861.16,844.27,861.05,255500
2004-11-04,860.19,860.19,851.2,851.2,267200
2004-11-05,862.44,865.38,857.74,860.68,277600
2004-11-08,865.65,865.94,845.79,846.11,269300
2004-11-09,845.49,850.13,840.24,844.15,342600
2004-11-10,847.53,860.54,847.53,860.54,291700
2004-11-11,856.66,867.25,855.51,861.26,290900
2004-11-12,875.48,882.59,870.99,876.67,298800
2004-11-15,879.88,891.71,876.7,882.33,266400
2004-11-16,882.97,885.55,875.78,876.61,300200
2004-11-17,881.26,889.71,876.75,885.42,279100
2004-11-18,886.38,888.07,874.96,875.84,345300
2004-11-19,878.59,882.12,863.52,867.03,360700
2004-11-22,857.33,858.46,844.11,849.99,247600
2004-11-23,857.51,862.43,851.18,860.4,285300
2004-11-24,859.5,873.73,855.35,872.56,317700
2004-11-25,873.87,879.92,871.12,872.49,257900
2004-11-26,877.82,883.85,856.89,858.12,310300
2004-11-29,861.17,867.37,855.81,865.4,315900
2004-11-30,865.78,878.06,857.85,878.06,333100
2004-12-01,874.47,878.91,871.13,876.8,316600
2004-12-02,891.14,893.51,882.58,884.1,335600
2004-12-03,890.59,893.42,877.46,882.55,331000
2004-12-06,875.53,876.38,867.7,870.75,280900
2004-12-07,867.83,872.39,861.07,861.07,336200
2004-12-08,855.53,871.74,855.07,871.74,346300
2004-12-09,870.61,871.87,855.88,861.31,268400
2004-12-10,862.16,862.77,841.77,844.85,259800
2004-12-13,841.34,847.92,838.1,844.2,239800
2004-12-14,846.02,852.26,842.7,849.4,277300
2004-12-15,854.99,868.87,853.64,868.84,311200
2004-12-16,869.92,878.67,868.9,873.7,325700
2004-12-17,874.23,880.95,868.61,875.13,446400
2004-12-20,872.3,884.49,870.6,884.31,359900
2004-12-21,882.9,887.38,876.35,882.82,350600
2004-12-22,888.2,890.81,880.38,883.38,325400
2004-12-23,890.32,890.32,873.11,876.88,272300
2004-12-24,877.4,879.92,872.92,879.92,283200
2004-12-27,881.82,882.78,873.84,876.98,229700
2004-12-28,874.53,881.28,872.33,878.43,307700
2004-12-29,869.23,884.27,868.04,884.27,257900
2004-12-30,886.2,896.1,885.43,895.92,248600
2005-01-03,896.0,897.59,890.93,893.71,252600
2005-01-04,890.56,895.4,884.94,886.9,331600
2005-01-05,874.92,885.2,873.18,885.19,343100
2005-01-06,878.23,886.31,871.28,871.28,394700
2005-01-07,876.36,878.89,866.72,870.84,294800
2005-01-10,872.82,875.0,866.17,874.18,276000
2005-01-11,874.79,884.29,869.91,884.29,364400
2005-01-12,884.47,886.79,878.03,880.03,321600
2005-01-13,881.39,886.73,876.72,885.54,290700
2005-01-14,879.83,905.52,877.44,905.1,356800
2005-01-17,915.22,925.01,912.68,923.08,416700
2005-01-18,923.52,926.85,920.08,920.57,432800
2005-01-19,923.36,926.71,914.3,916.27,415600
2005-01-20,910.4,914.93,907.51,909.37,467100
2005-01-21,910.04,920.35,906.23,919.61,463500
2005-01-24,918.21,928.52,911.75,923.11,527600
2005-01-25,915.94,918.08,911.26,915.1,486500
2005-01-26,918.75,930.2,917.09,927.0,492300
2005-01-27,928.67,930.59,920.93,924.87,500500
2005-01-28,924.09,924.91,915.74,921.59,393200
2005-01-31,920.99,934.1,920.99,932.7,466800
2005-02-01,930.16,931.86,923.08,923.69,434700
2005-02-02,925.98,926.54,918.44,921.44,453700
2005-02-03,922.43,930.73,921.04,928.79,398300
2005-02-04,928.21,936.45,926.1,933.55,385500
2005-02-07,942.15,949.45,941.14,949.19,421400
2005-02-11,944.28,947.94,936.17,947.23,382000
2005-02-14,957.22,967.8,954.36,964.79,537100
2005-02-15,965.74,968.88,961.07,968.88,547900
2005-02-16,973.61,979.0,965.58,971.56,557300
2005-02-17,972.9,974.77,968.53,972.56,511700
2005-02-18,969.13,984.1,967.04,984.1,543700
2005-02-21,992.46,992.46,982.96,988.71,629100
2005-02-22,988.63,990.62,975.57,977.8,631000
2005-02-23,968.16,971.71,963.9,968.43,483600
2005-02-24,972.95,989.27,971.54,987.1,581300
2005-02-25,994.01,1000.26,990.2,996.95,531400
2005-02-28,1003.65,1011.65,999.1,1011.36,534100
2005-03-02,1015.16,1015.51,1003.11,1007.48,721300
2005-03-03,1008.22,1015.28,999.86,1010.92,615900
2005-03-04,1013.79,1016.18,1007.68,1012.96,587300
2005-03-07,1021.63,1025.08,998.89,1007.5,599500
2005-03-08,1010.62,1012.4,995.92,1000.28,588700
2005-03-09,996.86,1008.79,990.44,1008.79,532600
2005-03-10,1007.21,1012.81,998.66,998.66,591300
2005-03-11,1006.5,1022.79,1006.5,1022.79,699400
2005-03-14,1018.33,1021.3,1015.17,1019.69,550400
2005-03-15,1024.08,1024.34,992.46,993.13,741300
2005-03-16,990.54,997.57,982.22,993.13,669600
2005-03-17,983.52,988.37,972.9,980.05,745000
2005-03-18,981.13,988.37,977.29,979.72,664800
2005-03-21,979.31,986.88,968.95,979.27,530900
2005-03-22,978.09,986.15,972.94,980.41,520600
2005-03-23,974.22,980.65,964.08,966.81,519700
2005-03-24,970.29,972.85,949.98,956.33,542400
2005-03-25,960.65,965.42,956.45,965.3,594100
2005-03-28,969.48,981.54,969.48,977.7,607900
2005-03-29,977.98,978.47,956.34,958.96,524500
2005-03-30,952.4,957.08,946.41,955.45,443000
2005-03-31,969.85,970.38,961.54,965.68,435300
2005-04-01,963.78,982.49,963.57,981.9,480900
2005-04-04,981.0,984.09,976.28,982.5,458800
2005-04-06,985.65,990.34,975.28,988.0,473800
2005-04-07,991.36,993.03,985.87,988.9,571300
2005-04-08,995.87,996.9,989.56,992.17,489900
2005-04-11,988.21,988.5,981.74,985.94,411800
2005-04-12,982.44,985.99,979.73,981.79,477500
2005-04-13,985.82,986.82,979.31,981.31,438100
2005-04-14,973.4,973.86,953.92,953.92,419600
2005-04-15,954.61,955.38,940.04,947.22,378300
2005-04-18,930.85,934.37,917.41,925.0,367600
2005-04-19,931.6,936.7,928.77,932.45,360800
2005-04-20,940.36,948.73,930.06,937.36,410500
2005-04-21,925.17,941.63,916.74,939.14,443300
2005-04-22,952.8,952.96,940.78,940.79,438300
2005-04-25,936.25,946.87,932.76,946.17,387300
2005-04-26,947.31,949.33,944.3,944.46,429900
2005-04-27,936.34,936.37,924.44,930.16,398200
2005-04-28,931.34,931.96,917.71,917.73,369800
2005-04-29,907.63,914.25,902.88,911.3,335600
2005-05-02,916.48,918.45,912.43,918.42,298900
2005-05-03,920.94,923.53,911.14,913.82,373000
2005-05-04,916.29,931.19,916.29,929.35,330700
2005-05-06,933.38,942.67,933.24,940.85,314700
2005-05-09,942.01,942.32,926.48,935.2,362500
2005-05-10,939.18,941.45,933.56,934.28,347700
2005-05-11,927.31,928.43,921.01,923.38,268600
2005-05-12,923.26,928.87,921.21,921.21,307800
2005-05-13,918.77,925.08,910.72,923.19,295700
2005-05-16,925.41,935.53,925.05,929.04,405500
2005-05-17,938.27,940.8,921.77,927.16,288200
2005-05-18,935.18,937.0,926.97,930.36,333300
2005-05-19,941.31,952.74,941.31,952.09,366600
2005-05-20,954.66,956.06,948.38,952.19,341200
2005-05-23,955.05,955.05,946.8,951.05,315700
2005-05-24,954.92,955.71,947.59,951.61,321200
2005-05-25,951.37,955.74,939.65,941.3,279800
2005-05-26,940.71,943.94,938.88,943.91,264500
2005-05-27,953.8,962.9,950.74,960.91,303200
2005-05-30,962.25,969.04,959.98,969.04,299300
2005-05-31,968.78,972.17,960.39,970.21,252400
2005-06-01,964.08,972.56,963.78,969.51,256700
2005-06-02,976.97,979.36,970.88,970.88,312300
2005-06-03,972.72,976.09,970.01,976.09,323000
2005-06-07,975.39,975.39,968.28,970.88,317600
2005-06-08,968.44,977.55,968.36,976.22,340300
2005-06-09,972.75,987.58,970.97,987.58,453800
2005-06-10,987.02,994.9,983.76,990.79,517800
2005-06-13,993.14,999.36,989.76,990.49,405800
2005-06-14,989.65,994.07,982.59,983.75,345800
2005-06-15,984.58,1001.94,981.95,1001.94,402700
2005-06-16,1000.71,1006.32,999.53,1003.14,475100
2005-06-17,1006.65,1007.2,997.44,1003.68,451300
2005-06-20,1003.8,1004.21,991.47,994.65,367200
2005-06-21,992.25,997.8,986.61,989.99,408200
2005-06-22,988.46,1003.34,986.64,1002.15,534700
2005-06-23,1002.24,1010.91,1001.13,1010.8,449200
2005-06-24,1001.62,1007.95,995.55,1002.43,406100
2005-06-27,996.73,997.71,985.93,991.11,401800
2005-06-28,989.54,995.45,987.78,994.74,430600
2005-06-29,1000.27,1006.19,994.29,999.08,408300
2005-06-30,997.59,1009.96,997.59,1008.16,507100
2005-07-01,1003.56,1018.04,1002.38,1018.02,494700
2005-07-04,1022.67,1024.05,1018.54,1021.71,552700
2005-07-05,1023.32,1025.25,1017.27,1018.81,568700
2005-07-06,1023.77,1025.24,1015.94,1019.01,688000
2005-07-07,1015.76,1029.2,1014.86,1026.8199,677400
2005-07-08,1027.09,1029.37,1020.45,1021.95,614200
2005-07-11,1034.59,1043.1801,1033.28,1040.4301,770500
2005-07-12,1048.4399,1051.28,1042.67,1043.88,781400
2005-07-13,1047.53,1050.78,1042.1899,1050.16,744600
2005-07-14,1056.0,1064.92,1052.52,1061.9301,599000
2005-07-15,1065.09,1066.97,1057.49,1059.6,567800
2005-07-18,1061.71,1068.51,1057.03,1062.4301,500600
2005-07-19,1062.3199,1075.51,1062.15,1075.48,547700
2005-07-20,1077.29,1086.95,1068.65,1074.4,967800
2005-07-21,1083.55,1086.0,1068.49,1074.65,701800
2005-07-22,1067.5,1076.7,1063.12,1074.22,684900
2005-07-25,1075.5,1089.96,1073.66,1089.7,637500
2005-07-26,1089.96,1094.8199,1085.87,1090.6,695000
2005-07-27,1092.91,1098.67,1084.12,1093.03,630500
2005-07-28,1101.84,1106.4399,1097.38,1104.72,651300
2005-07-29,1113.4301,1113.4301,1101.37,1111.29,546000
2005-08-01,1113.9,1116.75,1107.78,1115.98,501100
2005-08-02,1117.21,1118.85,1110.3101,1118.83,565900
2005-08-03,1126.92,1129.92,1116.95,1117.11,656500
2005-08-04,1119.76,1122.46,1105.1,1111.39,679100
2005-08-05,1098.5601,1101.15,1084.23,1089.36,556900
2005-08-08,1081.6899,1088.52,1079.63,1086.64,390200
2005-08-09,1082.76,1099.79,1079.53,1099.77,462100
2005-08-10,1103.61,1114.4,1100.2,1104.86,448500
2005-08-11,1104.6899,1123.77,1104.35,1123.77,438900
2005-08-12,1127.39,1131.97,1120.39,1130.22,409300
2005-08-16,1131.72,1137.46,1115.85,1116.9301,407800
2005-08-17,1107.27,1114.42,1100.6801,1113.25,452700
2005-08-18,1115.49,1115.8199,1092.37,1092.71,439400
2005-08-19,1088.15,1092.58,1078.53,1089.88,398100
2005-08-22,1095.24,1116.6801,1091.76,1116.6801,383400
2005-08-23,1118.17,1121.89,1108.59,1115.84,367000
2005-08-24,1111.9,1111.91,1088.74,1094.21,339700
2005-08-25,1085.54,1104.25,1079.14,1097.29,337900
2005-08-26,1097.55,1103.74,1086.53,1086.55,385600
2005-08-29,1068.14,1073.37,1059.21,1063.16,369400
2005-08-30,1074.63,1078.42,1055.54,1072.61,331600
2005-08-31,1068.89,1085.14,1067.3,1083.33,344600
2005-09-01,1093.47,1106.37,1092.14,1106.37,401800
2005-09-02,1110.11,1118.87,1108.95,1115.83,362100
2005-09-05,1120.3199,1121.84,1111.95,1114.5,337200
2005-09-06,1120.11,1135.53,1119.22,1122.65,494900
2005-09-07,1136.25,1143.0,1132.8199,1142.99,414600
2005-09-08,1152.6801,1153.63,1135.78,1145.26,464500
2005-09-09,1145.48,1152.51,1139.14,1152.5,373900
2005-09-12,1158.09,1166.8,1156.6899,1158.36,487800
2005-09-13,1160.27,1166.22,1150.76,1158.12,379800
2005-09-14,1154.73,1170.77,1152.61,1170.77,532400
2005-09-15,1164.1,1178.61,1160.46,1169.59,516600
2005-09-16,1172.42,1176.0601,1164.13,1174.13,386000
2005-09-20,1192.11,1192.25,1179.27,1190.9301,422300
2005-09-21,1187.95,1199.91,1185.62,1196.67,503500
2005-09-22,1190.6899,1200.23,1187.4301,1199.97,485700
2005-09-23,1198.89,1199.77,1175.83,1175.88,445900
2005-09-26,1181.9399,1206.41,1181.9399,1206.41,400000
2005-09-27,1209.77,1211.9,1200.73,1209.63,488100
2005-09-28,1212.49,1228.5699,1209.5699,1228.5699,470400
2005-09-29,1230.64,1232.98,1220.21,1231.22,422800
2005-09-30,1237.75,1238.72,1217.7,1221.01,403100
2005-10-04,1228.03,1244.37,1228.03,1242.78,439400
2005-10-05,1242.49,1246.41,1222.5699,1227.4,514800
2005-10-06,1213.4301,1214.6,1198.46,1202.49,512700
2005-10-07,1195.29,1215.25,1193.74,1201.01,498300
2005-10-10,1210.11,1228.4399,1209.37,1227.1801,443600
2005-10-11,1221.6801,1244.27,1218.45,1244.27,504000
2005-10-12,1243.23,1245.85,1214.95,1217.0601,598700
2005-10-13,1206.25,1208.0,1186.3,1193.4399,615100
2005-10-14,1202.33,1207.24,1177.6801,1190.17,576200
2005-10-17,1195.62,1199.91,1170.9,1176.36,482100
2005-10-18,1182.02,1191.91,1180.45,1186.22,524500
2005-10-19,1174.6899,1174.6899,1147.9,1153.13,564400
2005-10-20,1169.85,1173.6801,1157.67,1162.23,510900
2005-10-21,1146.71,1183.49,1144.78,1183.48,532300
2005-10-24,1188.86,1193.08,1176.33,1184.6,426300
2005-10-25,1199.6801,1204.34,1178.59,1181.28,447700
2005-10-26,1184.6,1186.22,1170.97,1179.0,405800
2005-10-27,1174.95,1185.7,1165.1899,1166.36,445800
2005-10-28,1148.88,1149.35,1137.23,1140.72,341200
2005-10-31,1152.95,1159.67,1143.2,1158.11,320500
2005-11-01,1165.77,1191.29,1165.3101,1188.95,427200
2005-11-02,1195.01,1208.66,1191.1899,1208.38,328600
2005-11-03,1220.51,1220.6899,1211.92,1217.97,382100
2005-11-04,1223.37,1229.17,1215.03,1221.98,400000
2005-11-07,1226.96,1227.0601,1205.48,1218.47,345100
2005-11-08,1219.78,1226.72,1215.0,1226.71,411800
2005-11-09,1224.53,1238.73,1218.98,1227.59,393700
2005-11-10,1226.78,1235.08,1224.77,1234.4301,456500
2005-11-11,1246.71,1257.25,1246.71,1256.12,586800
2005-11-14,1260.28,1262.24,1253.67,1257.63,458100
2005-11-15,1254.92,1257.55,1236.8199,1253.86,434000
2005-11-16,1248.34,1267.2,1245.9,1267.16,555800
2005-11-17,1266.47,1272.8,1259.92,1269.35,489600
2005-11-18,1277.36,1281.1801,1263.9,1272.25,559600
2005-11-21,1276.26,1277.85,1259.09,1268.8,452400
2005-11-22,1266.23,1266.23,1241.27,1244.5,502500
2005-11-23,1251.9,1283.5699,1250.47,1282.02,575400
2005-11-24,1290.35,1297.96,1281.37,1291.71,556600
2005-11-25,1294.79,1298.25,1285.24,1293.22,527900
2005-11-28,1297.35,1298.83,1287.9,1293.74,469700
2005-11-29,1286.11,1295.08,1271.91,1279.38,512400
2005-11-30,1283.58,1300.88,1283.47,1297.4399,493100
2005-12-01,1295.5601,1306.02,1288.98,1305.98,465400
2005-12-02,1318.9399,1319.28,1309.86,1310.12,565200
2005-12-05,1312.5601,1315.41,1306.4301,1315.15,440600
2005-12-06,1311.9,1324.22,1304.88,1321.0601,534900
2005-12-07,1319.96,1328.95,1314.36,1324.75,542800
2005-12-08,1321.51,1328.64,1310.34,1324.2,512000
2005-12-09,1319.01,1332.64,1313.33,1317.42,436800
2005-12-12,1321.0699,1337.8199,1321.0699,1333.23,462700
2005-12-13,1337.25,1339.6899,1328.24,1336.48,484900
2005-12-14,1346.52,1349.87,1325.76,1334.27,466000
2005-12-15,1338.16,1343.05,1326.01,1337.6801,688600
2005-12-16,1322.4,1330.46,1314.52,1321.04,621700
2005-12-19,1325.61,1339.48,1320.88,1339.4,514000
2005-12-20,1333.0699,1344.3101,1331.5601,1341.0,523400
2005-12-21,1345.09,1356.39,1343.46,1354.16,498100
2005-12-22,1361.35,1364.48,1342.08,1350.87,532900
2005-12-23,1358.51,1360.0,1347.14,1359.53,418700
2005-12-26,1363.8101,1371.63,1362.3101,1367.5699,382100
2005-12-27,1371.35,1376.77,1370.03,1373.55,423800
2005-12-28,1357.29,1369.42,1353.24,1368.16,368800
2005-12-29,1371.86,1383.14,1370.38,1379.37,445900
2006-01-02,1383.3199,1389.27,1370.61,1389.27,396300
2006-01-03,1393.14,1394.92,1376.17,1394.87,541300
2006-01-04,1408.1899,1412.15,1400.08,1402.11,528000
2006-01-05,1405.3101,1405.3101,1378.96,1395.51,538100
2006-01-06,1399.23,1412.79,1395.26,1412.78,587900
2006-01-09,1421.9,1421.9,1405.05,1408.33,531500
2006-01-10,1413.14,1417.84,1388.7,1396.29,476500
2006-01-11,1394.65,1400.3,1384.27,1394.09,534600
2006-01-12,1399.64,1411.8199,1399.04,1402.58,447900
2006-01-13,1397.15,1416.28,1388.15,1416.28,418900
2006-01-16,1423.08,1425.05,1409.53,1421.79,402100
2006-01-17,1423.76,1426.21,1389.51,1389.58,473700
2006-01-18,1378.73,1379.46,1333.75,1352.91,567100
2006-01-19,1357.3199,1367.53,1347.97,1360.64,408100
2006-01-20,1368.85,1377.59,1321.96,1324.78,528400
2006-01-23,1307.4,1327.26,1285.63,1297.4301,534800
2006-01-24,1307.36,1328.3199,1292.84,1326.83,540100
2006-01-25,1339.36,1353.3199,1335.8,1342.59,510700
2006-01-26,1349.48,1352.84,1329.65,1352.75,367800
2006-01-27,1369.0,1384.5601,1363.12,1384.5601,469500
2006-01-31,1391.51,1403.3,1381.75,1399.83,406500
2006-02-01,1390.4301,1398.1899,1366.5601,1375.97,469700
2006-02-02,1387.5,1389.55,1357.71,1374.4399,449600
2006-02-03,1357.17,1362.37,1330.6801,1333.5,444600
2006-02-06,1326.23,1342.21,1307.77,1341.64,378500
2006-02-07,1340.84,1348.24,1329.6,1332.28,349800
2006-02-08,1325.6801,1344.38,1308.87,1310.99,357000
2006-02-09,1326.87,1329.46,1313.8199,1321.66,348000
2006-02-10,1328.41,1338.33,1314.9399,1335.23,356400
2006-02-13,1338.7,1338.96,1310.37,1320.79,351500
2006-02-14,1315.14,1330.05,1303.1899,1328.21,286700
2006-02-15,1342.28,1342.4,1300.76,1303.84,420000
2006-02-16,1308.0,1320.1,1299.73,1314.3199,312800
2006-02-17,1325.49,1333.83,1315.25,1332.73,283800
2006-02-20,1336.01,1357.73,1329.45,1348.25,385400
2006-02-21,1350.45,1352.17,1339.2,1346.49,385000
2006-02-22,1344.9,1356.76,1324.4,1340.58,363800
2006-02-23,1348.51,1362.03,1346.6899,1361.23,342000
2006-02-24,1363.73,1366.71,1352.76,1365.8199,329400
2006-02-27,1365.41,1374.89,1360.46,1374.88,302300
2006-02-28,1377.4399,1379.71,1363.9301,1371.59,296100
2006-03-02,1377.46,1379.3,1367.6801,1367.7,405500
2006-03-03,1365.35,1367.17,1325.59,1328.95,339800
2006-03-06,1332.71,1344.77,1324.39,1344.76,300000
2006-03-07,1336.47,1336.47,1314.27,1316.67,297300
2006-03-08,1303.58,1322.51,1296.78,1314.05,316700
2006-03-09,1313.75,1324.21,1310.58,1311.21,278400
2006-03-10,1315.13,1328.72,1308.74,1320.0699,282800
2006-03-13,1332.28,1338.5,1328.5601,1338.28,317900
2006-03-14,1339.6899,1340.35,1316.47,1326.3,348700
2006-03-15,1337.21,1342.4399,1332.53,1333.98,356100
2006-03-16,1340.58,1347.13,1332.55,1335.98,314000
2006-03-17,1331.38,1342.83,1320.54,1341.12,277200
2006-03-20,1339.73,1350.02,1335.22,1346.6899,320800
2006-03-21,1347.3,1348.2,1335.45,1336.65,289600
2006-03-22,1326.74,1326.74,1306.0699,1309.83,306300
2006-03-23,1321.4,1327.42,1300.4399,1312.26,333000
2006-03-24,1311.88,1321.23,1302.47,1321.23,368500
2006-03-27,1317.46,1335.25,1317.25,1330.34,323600
2006-03-28,1327.66,1334.12,1322.12,1331.3101,359700
2006-03-29,1319.24,1337.08,1314.63,1332.72,388500
2006-03-30,1339.11,1342.66,1332.1801,1338.14,295000
2006-03-31,1338.5,1360.13,1337.35,1359.6,314800
2006-04-03,1362.35,1381.67,1361.14,1379.75,347100
2006-04-04,1380.49,1388.99,1374.84,1385.64,392000
2006-04-05,1390.27,1395.64,1383.39,1388.77,387900
2006-04-06,1397.51,1406.03,1388.74,1397.0,425100
2006-04-07,1397.04,1402.36,1390.63,1402.36,336300
2006-04-10,1394.64,1402.3,1391.66,1398.29,316200
2006-04-11,1395.27,1397.46,1373.25,1386.08,314800
2006-04-12,1375.84,1384.21,1372.24,1383.59,294000
2006-04-13,1384.03,1405.72,1382.55,1405.72,306700
2006-04-14,1410.49,1434.6801,1405.46,1432.72,339400
2006-04-17,1435.16,1436.65,1416.92,1422.63,336600
2006-04-18,1415.76,1432.9,1415.14,1427.0,321900
2006-04-19,1445.77,1450.9301,1434.87,1437.84,409400
2006-04-20,1439.78,1445.2,1430.92,1434.15,368800
2006-04-21,1441.11,1458.35,1437.7,1451.3101,381800
2006-04-24,1448.04,1448.04,1425.75,1430.9399,291200
2006-04-25,1426.6801,1441.72,1419.64,1431.15,314000
2006-04-26,1433.38,1451.22,1430.74,1451.22,312300
2006-04-27,1455.09,1458.67,1446.37,1452.53,363500
2006-04-28,1443.63,1443.63,1413.7,1419.73,328100
2006-05-02,1419.64,1435.0,1408.8,1434.9,296700
2006-05-03,1440.85,1453.5,1435.16,1435.17,301900
2006-05-04,1436.6,1441.46,1424.72,1441.02,266800
2006-05-08,1459.39,1461.05,1449.75,1452.23,257200
2006-05-09,1452.01,1461.2,1446.8,1450.4399,275900
2006-05-10,1449.72,1455.83,1441.8101,1451.09,270600
2006-05-11,1448.3,1464.7,1445.86,1464.7,273400
2006-05-12,1448.5699,1454.14,1429.92,1445.2,260800
2006-05-15,1424.58,1424.58,1406.88,1413.98,250700
2006-05-16,1415.8101,1416.45,1373.52,1382.11,285900
2006-05-17,1386.9301,1403.6801,1386.9301,1401.47,270200
2006-05-18,1360.76,1366.78,1356.04,1365.15,355800
2006-05-19,1364.1801,1372.29,1346.3101,1372.29,291400
2006-05-22,1375.95,1376.08,1338.37,1338.59,244400
2006-05-23,1323.98,1334.85,1314.59,1329.86,256200
2006-05-24,1325.9399,1335.09,1303.67,1333.38,249800
2006-05-25,1333.63,1333.65,1295.47,1295.76,213600
2006-05-26,1315.1,1326.34,1312.75,1322.4301,235600
2006-05-29,1333.59,1340.33,1327.53,1329.22,224000
2006-05-30,1329.4,1330.6,1311.3,1317.7,219700
2006-06-01,1308.4399,1319.05,1294.92,1295.09,238000
2006-06-02,1312.77,1314.77,1285.4301,1309.04,248500
2006-06-05,1315.77,1315.77,1295.59,1301.62,207500
2006-06-07,1273.0699,1279.27,1262.87,1266.84,243200
2006-06-08,1259.39,1262.36,1223.13,1223.13,272300
2006-06-09,1236.8,1240.05,1217.76,1235.65,230400
2006-06-12,1229.96,1239.84,1219.1801,1239.84,194900
2006-06-13,1215.55,1218.39,1201.6,1203.86,189700
2006-06-14,1194.46,1230.02,1192.09,1221.73,210700
2006-06-15,1232.72,1239.86,1213.09,1219.4,196300
2006-06-16,1246.11,1264.87,1245.8101,1262.1899,234000
2006-06-19,1254.59,1260.22,1242.2,1251.67,166300
2006-06-20,1244.5,1244.5601,1221.13,1225.83,201100
2006-06-21,1229.29,1232.63,1216.1,1227.1899,188200
2006-06-22,1246.1899,1248.28,1236.15,1238.83,228000
2006-06-23,1226.27,1228.96,1210.99,1228.62,187600
2006-06-26,1227.0,1239.54,1221.65,1238.05,226000
2006-06-27,1245.4399,1253.41,1242.6801,1247.54,196500
2006-06-28,1226.59,1238.74,1223.11,1238.71,166000
2006-06-29,1247.8,1267.9,1247.8,1263.02,205100
2006-06-30,1290.37,1295.4301,1287.15,1295.15,227000
2006-07-03,1294.5699,1298.04,1284.63,1294.61,181000
2006-07-04,1304.45,1305.67,1285.26,1285.92,190700
2006-07-05,1260.6899,1286.47,1259.62,1279.85,192700
2006-07-06,1270.8199,1277.3199,1255.02,1263.96,180400
2006-07-07,1274.25,1278.9399,1267.99,1273.9301,191900
2006-07-10,1265.58,1299.41,1260.75,1299.29,215400
2006-07-11,1296.0601,1301.95,1289.12,1300.4399,185900
2006-07-12,1302.99,1311.27,1291.61,1296.6899,200700
2006-07-13,1283.83,1299.0699,1273.13,1285.02,186900
2006-07-14,1261.24,1261.24,1246.65,1255.13,197500
2006-07-18,1241.5699,1243.58,1233.08,1233.42,188800
2006-07-19,1236.26,1244.58,1231.05,1233.65,178600
2006-07-20,1264.03,1273.42,1260.89,1273.3,212500
2006-07-21,1260.25,1271.58,1259.3199,1271.33,180800
2006-07-24,1258.87,1267.63,1245.98,1263.35,155800
2006-07-25,1278.27,1287.48,1276.59,1279.77,195200
2006-07-26,1284.59,1286.22,1277.08,1279.08,152800
2006-07-27,1280.65,1299.8,1277.1899,1296.27,208600
2006-07-28,1293.02,1301.6899,1292.52,1297.0699,194400
2006-07-31,1313.91,1316.12,1297.8199,1297.8199,173400
2006-08-01,1296.71,1306.91,1286.4301,1287.36,186800
2006-08-02,1281.92,1295.11,1277.3101,1295.11,156700
2006-08-03,1302.45,1304.77,1288.03,1292.05,182400
2006-08-04,1296.5,1305.8,1296.5,1304.51,189500
2006-08-07,1308.36,1308.59,1289.23,1289.54,161900
2006-08-08,1290.5601,1311.1,1290.5601,1311.1,198000
2006-08-09,1306.99,1321.55,1297.28,1314.9301,195800
2006-08-10,1310.9399,1314.76,1293.53,1304.3101,224400
2006-08-11,1312.1801,1317.1899,1291.9,1292.1,226700
2006-08-14,1295.4301,1303.89,1287.65,1295.11,176500
2006-08-16,1311.5601,1319.48,1306.45,1315.61,231700
2006-08-17,1325.74,1335.41,1325.74,1327.78,225500
2006-08-18,1330.0601,1336.38,1324.62,1331.1,192900
2006-08-21,1333.26,1337.7,1316.51,1321.67,189300
2006-08-22,1321.76,1336.11,1321.76,1334.96,185500
2006-08-23,1332.52,1333.13,1319.95,1324.95,208100
2006-08-24,1322.16,1322.22,1309.55,1315.73,192300
2006-08-25,1317.65,1333.89,1317.16,1329.35,201700
2006-08-28,1329.9,1335.64,1325.04,1327.89,189900
2006-08-29,1336.4,1345.3,1336.4,1344.61,261300
2006-08-30,1346.6899,1346.99,1337.96,1341.35,257200
2006-08-31,1348.05,1361.48,1344.5699,1352.74,279300
2006-09-01,1354.77,1357.01,1349.63,1356.67,215900
2006-09-04,1363.6899,1365.08,1359.04,1359.0601,238700
2006-09-05,1360.97,1362.47,1356.29,1361.24,235700
2006-09-06,1362.45,1364.86,1353.55,1357.01,219100
2006-09-07,1351.55,1353.67,1342.5699,1351.17,251100
2006-09-08,1345.61,1358.1,1344.6801,1354.89,260000
2006-09-11,1357.29,1357.29,1333.84,1334.08,248100
2006-09-12,1334.35,1339.3101,1323.9,1328.04,266800
2006-09-13,1341.62,1342.38,1332.87,1333.13,249300
2006-09-14,1333.66,1358.75,1329.11,1358.75,288800
2006-09-15,1355.08,1361.2,1351.26,1361.1,342900
2006-09-18,1360.66,1378.04,1358.5699,1374.3,305500
2006-09-19,1375.23,1378.99,1370.4399,1373.95,237300
2006-09-20,1366.51,1369.1801,1355.04,1366.4399,233700
2006-09-21,1373.35,1378.79,1363.48,1366.79,237500
2006-09-22,1358.45,1360.1801,1343.27,1348.38,250100
2006-09-25,1347.88,1357.6899,1345.5601,1355.21,202000
2006-09-26,1360.88,1361.5601,1338.98,1343.97,241600
2006-09-27,1352.22,1361.12,1351.83,1360.03,242700
2006-09-28,1362.72,1372.22,1359.47,1371.4301,228200
2006-09-29,1375.38,1377.37,1367.78,1371.41,248300
2006-10-02,1370.27,1380.91,1367.74,1374.22,231200
2006-10-04,1366.16,1371.72,1345.83,1352.0,223100
2006-10-09,1356.59,1365.01,1303.62,1319.4,400300
2006-10-10,1322.4399,1334.41,1322.4399,1328.37,251500
2006-10-11,1317.6801,1332.28,1315.84,1325.49,198400
2006-10-12,1325.7,1337.7,1323.8,1331.78,257000
2006-10-13,1349.5,1353.9301,1345.97,1348.6,305300
2006-10-16,1356.59,1358.88,1350.8,1356.72,208600
2006-10-17,1360.5601,1360.5601,1339.89,1351.3,308600
2006-10-18,1345.6,1355.92,1338.0,1354.26,279700
2006-10-19,1356.61,1358.95,1350.36,1354.0601,295200
2006-10-20,1357.37,1366.9399,1357.14,1364.24,269200
2006-10-23,1367.14,1369.85,1358.9301,1364.95,240400
2006-10-24,1373.5699,1374.4301,1364.0699,1366.5,244700
2006-10-25,1368.36,1375.01,1365.8,1371.4301,231800
2006-10-26,1373.99,1377.4,1369.66,1373.65,241700
2006-10-27,1378.0601,1379.51,1362.4399,1369.09,205000
2006-10-30,1363.34,1363.34,1353.46,1356.11,159700
2006-10-31,1356.91,1364.83,1351.08,1364.55,255800
2006-11-01,1372.03,1378.11,1366.6,1374.35,233300
2006-11-02,1371.51,1383.73,1370.3,1383.73,218300
2006-11-03,1385.17,1385.39,1379.26,1383.88,215300
2006-11-06,1379.37,1379.37,1363.71,1379.1899,209600
2006-11-07,1389.12,1392.51,1385.41,1387.4399,213100
2006-11-08,1391.23,1393.51,1379.34,1380.0699,197700
2006-11-09,1382.4,1399.4399,1382.11,1399.4399,197500
2006-11-10,1393.88,1399.87,1391.6899,1395.73,168500
2006-11-13,1399.51,1399.98,1386.76,1396.6899,178600
2006-11-14,1402.92,1407.54,1400.74,1407.37,205400
2006-11-15,1412.0699,1413.6899,1406.86,1412.54,236700
2006-11-16,1417.6801,1417.6801,1409.22,1410.75,259300
2006-11-17,1414.17,1416.4,1407.26,1412.22,250400
2006-11-20,1413.74,1413.88,1400.83,1402.21,232500
2006-11-21,1402.75,1406.58,1399.97,1405.9,277300
2006-11-22,1405.34,1422.54,1405.21,1422.54,247200
2006-11-23,1419.51,1424.33,1414.8,1419.23,237500
2006-11-24,1419.99,1424.8199,1411.27,1421.73,314600
2006-11-27,1419.8,1425.13,1415.22,1425.13,297900
2006-11-28,1407.52,1413.71,1404.67,1411.47,252400
2006-11-29,1413.91,1424.91,1413.54,1422.55,254300
2006-11-30,1427.67,1434.85,1427.67,1432.21,252200
2006-12-01,1433.4,1436.8,1428.24,1434.36,231100
2006-12-04,1431.01,1433.28,1426.34,1426.46,197300
2006-12-05,1432.97,1436.6899,1420.4,1420.59,300800
2006-12-06,1422.75,1423.0699,1399.6801,1413.73,237500
2006-12-07,1411.73,1416.13,1407.66,1410.3,237400
2006-12-08,1400.98,1400.98,1386.26,1390.4301,221700
2006-12-11,1390.26,1396.15,1389.65,1390.73,213300
2006-12-12,1392.22,1392.9,1373.03,1376.98,195300
2006-12-13,1375.3101,1386.6899,1373.52,1383.28,186900
2006-12-14,1385.5,1418.38,1376.87,1418.38,250200
2006-12-15,1418.53,1425.78,1412.17,1421.87,319500
2006-12-18,1427.14,1437.64,1427.14,1433.23,244600
2006-12-19,1431.0699,1436.4,1425.6,1427.76,215400
2006-12-20,1429.77,1445.5,1429.77,1442.28,240500
2006-12-21,1444.41,1445.51,1434.47,1436.47,193000
2006-12-22,1432.03,1439.27,1432.03,1437.49,218300
2006-12-26,1434.58,1441.21,1422.37,1433.92,218700
2006-12-27,1426.8,1427.72,1418.77,1425.1,175900
2006-12-28,1433.63,1437.48,1425.84,1434.46,160600
2007-01-02,1438.89,1439.71,1430.0601,1435.26,147700
2007-01-03,1436.42,1437.79,1409.3101,1409.35,203200
2007-01-04,1410.55,1411.12,1388.5,1397.29,241200
2007-01-05,1398.6,1400.59,1372.36,1385.76,277300
2007-01-08,1376.76,1384.65,1366.48,1370.8101,177600
2007-01-09,1376.71,1381.99,1367.74,1374.34,216800
2007-01-10,1372.52,1372.52,1345.08,1355.79,225500
2007-01-11,1357.5699,1375.3101,1355.63,1365.3101,211800
2007-01-12,1379.0,1389.0,1372.87,1388.37,213800
2007-01-15,1396.87,1397.64,1385.8101,1390.96,163900
2007-01-16,1392.0,1393.42,1385.2,1389.71,171300
2007-01-17,1391.75,1391.75,1369.08,1379.48,205400
2007-01-18,1378.37,1385.22,1372.9301,1383.21,181200
2007-01-19,1369.09,1372.63,1356.22,1360.5601,222700
2007-01-22,1363.84,1364.67,1348.46,1363.41,191000
2007-01-23,1353.0601,1367.03,1352.5,1363.09,184000
2007-01-24,1369.96,1383.75,1369.02,1383.0601,197900
2007-01-25,1392.55,1392.55,1379.66,1382.36,157000
2007-01-26,1372.36,1378.48,1366.1,1371.33,160900
2007-01-29,1376.48,1378.28,1361.23,1363.1,136300
2007-01-30,1365.0,1371.59,1360.42,1370.72,161300
2007-01-31,1374.76,1374.76,1357.87,1360.23,192300
2007-02-01,1367.0699,1382.9,1362.04,1382.9,168200
2007-02-02,1386.78,1413.34,1386.0601,1413.14,219200
2007-02-05,1413.77,1420.42,1409.71,1417.95,181600
2007-02-06,1416.65,1428.91,1414.58,1428.58,188900
2007-02-07,1430.85,1431.25,1419.48,1426.29,193200
2007-02-08,1424.99,1431.01,1416.05,1423.58,189000
2007-02-09,1424.49,1432.29,1422.97,1427.6801,227600
2007-02-12,1416.84,1416.84,1403.75,1414.29,209300
2007-02-13,1412.72,1424.66,1410.8101,1418.4399,219300
2007-02-14,1430.02,1440.51,1430.01,1436.1,214700
2007-02-15,1450.55,1450.84,1441.79,1443.63,216100
2007-02-16,1444.46,1448.96,1439.03,1448.8101,207200
2007-02-20,1450.96,1453.25,1443.97,1452.96,220500
2007-02-21,1455.1801,1457.37,1444.84,1451.38,258200
2007-02-22,1452.71,1471.04,1452.62,1465.41,310300
2007-02-23,1470.4399,1471.04,1459.8101,1469.88,310600
2007-02-26,1466.92,1470.95,1462.1899,1470.03,261800
2007-02-27,1468.28,1468.28,1453.85,1454.6,261600
2007-02-28,1396.4399,1417.34,1393.96,1417.34,324100
2007-03-05,1400.8,1404.23,1375.84,1376.15,232600
2007-03-06,1382.7,1403.75,1382.7,1402.9301,239200
2007-03-07,1415.35,1415.5,1397.83,1410.95,254200
2007-03-08,1409.02,1433.15,1408.34,1423.89,285800
2007-03-09,1433.27,1434.7,1415.71,1423.58,227400
2007-03-12,1429.6801,1441.83,1429.6801,1441.33,245100
2007-03-13,1441.6,1442.04,1433.67,1436.05,256400
2007-03-14,1409.66,1416.8,1405.13,1407.37,259300
2007-03-15,1418.77,1429.38,1414.98,1426.9301,254400
2007-03-16,1428.63,1431.75,1416.3,1427.88,304100
2007-03-19,1425.22,1444.76,1420.89,1443.39,280800
2007-03-20,1449.4301,1449.79,1440.42,1444.17,364500
2007-03-21,1446.0699,1452.05,1435.36,1442.85,343000
2007-03-22,1452.13,1456.1801,1447.79,1448.53,301000
2007-03-23,1449.99,1454.34,1443.04,1447.38,278900
2007-03-26,1451.12,1455.51,1444.25,1449.77,312600
2007-03-27,1450.02,1456.39,1442.49,1453.23,259900
2007-03-28,1451.47,1456.78,1433.12,1439.74,298000
2007-03-29,1434.58,1453.11,1432.8,1450.95,283100
2007-03-30,1457.58,1459.6899,1447.85,1452.55,288400
2007-04-02,1456.1899,1464.9301,1456.0601,1459.53,303500
2007-04-03,1463.41,1464.48,1452.5601,1463.75,340700
2007-04-04,1474.65,1484.86,1471.05,1483.41,354000
2007-04-05,1485.53,1485.77,1478.45,1482.04,328400
2007-04-06,1487.73,1488.58,1477.6899,1484.15,313700
2007-04-09,1489.79,1501.0601,1489.13,1501.0601,388200
2007-04-10,1500.79,1502.34,1492.35,1499.16,359300
2007-04-11,1508.6801,1519.3101,1507.5699,1513.42,386800
2007-04-12,1510.27,1525.61,1507.5601,1525.61,360200
2007-04-13,1523.8199,1526.09,1512.36,1520.78,426200
2007-04-16,1523.89,1533.09,1519.3,1532.04,462200
2007-04-17,1538.89,1538.89,1524.33,1528.66,422600
2007-04-18,1532.5699,1538.29,1530.02,1534.58,352500
2007-04-19,1536.89,1537.4301,1506.14,1513.66,363700
2007-04-20,1518.58,1533.09,1518.58,1533.08,397500
2007-04-23,1545.45,1554.5,1538.33,1544.35,387000
2007-04-24,1545.61,1557.65,1538.11,1556.71,393500
2007-04-25,1558.2,1558.72,1536.12,1545.55,445500
2007-04-26,1560.22,1565.03,1553.13,1553.13,391600
2007-04-27,1547.2,1553.23,1537.37,1542.52,356400
2007-04-30,1538.6899,1542.25,1530.67,1542.24,316000
2007-05-02,1550.39,1555.62,1546.6,1553.3,274300
2007-05-03,1563.42,1564.01,1555.28,1559.86,249700
2007-05-04,1563.16,1567.74,1556.62,1567.74,254500
2007-05-07,1574.86,1585.7,1574.86,1584.46,434500
2007-05-08,1585.52,1589.0699,1577.1801,1582.65,384000
2007-05-09,1582.91,1593.42,1578.58,1593.42,358500
2007-05-10,1602.5601,1616.0601,1599.6801,1599.6801,408600
2007-05-11,1588.09,1604.63,1582.76,1603.5601,373600
2007-05-14,1612.73,1622.16,1599.87,1605.77,477800
2007-05-15,1600.91,1611.9301,1589.24,1589.37,480300
2007-05-16,1591.0699,1600.72,1586.0,1600.6,417100
2007-05-17,1614.0,1616.0,1608.21,1615.58,450600
2007-05-18,1613.12,1617.77,1600.24,1612.25,454800
2007-05-21,1602.64,1628.6801,1602.64,1628.2,512800
2007-05-22,1634.09,1643.11,1627.01,1642.88,529300
2007-05-23,1647.4399,1651.61,1638.36,1646.59,447300
2007-05-25,1629.1801,1645.08,1627.59,1644.5601,375000
2007-05-28,1650.53,1658.4301,1646.15,1657.91,379300
2007-05-29,1663.3199,1666.85,1653.24,1661.8,495100
2007-05-30,1661.83,1662.72,1638.03,1662.72,488600
2007-05-31,1683.35,1702.01,1677.78,1700.91,497100
2007-06-01,1712.97,1745.39,1707.75,1716.24,615400
2007-06-04,1734.27,1744.02,1713.5,1737.59,465200
2007-06-05,1735.87,1745.99,1721.02,1742.1899,488000
2007-06-07,1722.47,1753.24,1717.3,1753.04,496200
2007-06-08,1735.96,1739.14,1717.1801,1727.28,503200
2007-06-11,1740.46,1742.86,1709.96,1716.5601,475900
2007-06-12,1714.54,1730.63,1712.13,1729.88,431700
2007-06-13,1721.37,1732.5699,1714.76,1721.99,715300
2007-06-14,1742.12,1769.1801,1740.7,1769.1801,580500
2007-06-15,1772.03,1776.8,1762.22,1772.26,540000
2007-06-18,1786.29,1807.51,1784.4399,1806.88,613200
2007-06-19,1813.53,1813.84,1797.1801,1807.85,650900
2007-06-20,1812.8199,1813.05,1778.26,1783.79,686000
2007-06-21,1775.48,1802.91,1770.17,1794.24,579500
2007-06-22,1801.2,1802.4301,1759.95,1770.98,531600
2007-06-25,1754.2,1785.87,1747.86,1757.73,394500
2007-06-26,1762.48,1768.6899,1732.4399,1749.55,401000
2007-06-27,1749.01,1749.01,1724.8199,1733.1,306900
2007-06-28,1745.8199,1752.24,1737.9301,1751.75,282800
2007-06-29,1755.84,1766.25,1742.88,1743.6,281700
2007-07-02,1741.41,1771.39,1736.63,1771.35,302300
2007-07-03,1791.6899,1806.0601,1787.45,1805.5,402000
2007-07-04,1815.77,1838.8199,1814.4399,1838.41,417000
2007-07-05,1841.5601,1865.52,1836.9301,1847.79,534000
2007-07-06,1855.03,1863.01,1838.75,1861.01,414400
2007-07-09,1870.35,1890.83,1865.79,1883.59,430600
2007-07-10,1887.35,1895.98,1881.36,1894.53,406300
2007-07-11,1880.71,1904.35,1875.4301,1889.96,473900
2007-07-12,1897.59,1922.25,1897.59,1909.75,445500
2007-07-13,1946.08,1962.9399,1941.55,1962.9301,507600
2007-07-16,1965.66,1972.33,1932.86,1949.51,519500
2007-07-18,1953.25,1956.8199,1930.51,1930.7,635000
2007-07-19,1935.1,1950.86,1922.14,1937.9,586300
2007-07-20,1949.5,1983.54,1939.6899,1983.54,638800
2007-07-23,1978.05,1993.97,1968.55,1993.05,538600
2007-07-24,2001.52,2005.02,1975.75,1992.26,589400
2007-07-25,1992.16,2011.17,1962.16,2004.22,588400
2007-07-26,2012.04,2015.48,1963.46,1963.54,617000
2007-07-27,1924.01,1924.11,1863.39,1883.22,517200
2007-07-30,1874.08,1906.71,1859.12,1906.71,386200
2007-07-31,1915.45,1933.27,1899.5601,1933.27,373800
2007-08-01,1920.0699,1920.0699,1836.28,1856.45,389600
2007-08-02,1874.98,1890.8101,1810.62,1853.0699,371800
2007-08-03,1875.0699,1890.63,1865.75,1876.8,350300
2007-08-06,1832.54,1855.36,1829.22,1855.05,325200
2007-08-07,1888.58,1888.76,1849.6801,1859.8199,315700
2007-08-08,1879.61,1905.22,1873.99,1903.41,382000
2007-08-09,1923.99,1928.64,1899.3199,1908.6801,413900
2007-08-10,1853.22,1854.62,1814.3,1828.49,388000
2007-08-13,1840.89,1849.3101,1820.96,1849.26,330100
2007-08-14,1841.15,1857.13,1801.0699,1817.89,405700
2007-08-16,1754.1899,1755.3199,1681.71,1691.98,508200
2007-08-17,1702.66,1705.17,1626.87,1638.0699,493200
2007-08-20,1700.48,1732.39,1693.42,1731.27,366700
2007-08-21,1740.85,1764.25,1721.1801,1736.1801,458900
2007-08-22,1741.9301,1764.61,1737.0601,1759.5,402600
2007-08-23,1801.48,1816.1899,1795.0699,1799.72,394700
2007-08-24,1793.17,1802.71,1775.0699,1791.33,376000
2007-08-27,1825.97,1834.65,1802.58,1803.03,366000
2007-08-28,1806.58,1829.4301,1792.0699,1829.3101,414100
2007-08-29,1773.59,1831.23,1773.05,1826.1899,385900
2007-08-30,1859.45,1866.3199,1836.09,1841.7,423300
2007-08-31,1844.28,1873.35,1844.09,1873.24,360400
2007-09-03,1876.92,1881.92,1863.21,1881.8101,385700
2007-09-04,1881.17,1899.66,1871.87,1874.74,425700
2007-09-05,1883.83,1898.67,1859.52,1865.59,382900
2007-09-06,1862.0,1889.0601,1844.64,1888.8101,447300
2007-09-07,1886.6,1899.04,1869.5601,1884.9,392500
2007-09-10,1845.59,1846.8199,1811.34,1835.87,360200
2007-09-11,1844.6801,1851.35,1827.9,1847.36,420500
2007-09-12,1853.9399,1855.3101,1813.33,1813.52,433900
2007-09-13,1817.87,1848.99,1805.88,1848.02,338400
2007-09-14,1856.17,1875.95,1849.37,1870.02,373100
2007-09-17,1873.65,1876.04,1853.45,1871.6801,315800
2007-09-18,1867.61,1870.83,1837.22,1838.61,403800
2007-09-19,1892.78,1905.75,1886.95,1902.65,480100
2007-09-20,1902.23,1915.1899,1894.76,1908.97,441900
2007-09-21,1909.37,1921.23,1902.11,1919.26,440100
2007-09-27,1944.87,1952.39,1935.02,1945.28,394500
2007-09-28,1950.99,1951.1801,1936.86,1946.48,541700
2007-10-01,1948.78,1970.11,1946.13,1962.67,436100
2007-10-02,1991.0,2014.96,1981.64,2014.09,473900
2007-10-04,1998.5601,2013.21,1992.01,2003.6,462600
2007-10-05,2007.84,2009.6801,1990.8199,1996.03,380400
2007-10-08,2020.34,2022.01,2002.4301,2012.8199,504200
2007-10-09,2014.9399,2022.87,1995.05,2014.13,471500
2007-10-10,2033.6899,2044.78,2026.9,2041.12,368700
2007-10-11,2040.35,2058.8701,2033.45,2058.8501,519200
2007-10-12,2047.67,2057.3899,2020.8,2026.4399,456900
2007-10-15,2043.9301,2047.02,2012.04,2035.39,383900
2007-10-16,2014.36,2042.84,2001.3,2005.76,548700
2007-10-17,2000.39,2009.67,1933.8199,1983.9399,507300
2007-10-18,1989.6,2012.3199,1977.5,2005.09,426900
2007-10-19,2003.27,2003.27,1970.1,1970.1,390300
2007-10-22,1901.15,1910.1899,1875.23,1903.8101,354500
2007-10-23,1936.92,1952.3199,1909.61,1947.98,371200
2007-10-24,1966.55,2003.2,1923.0699,1933.36,481100
2007-10-25,1967.08,1982.1899,1941.05,1976.75,453600
2007-10-26,1987.2,2028.0699,1968.8199,2028.0601,438900
2007-10-29,2051.6201,2070.8601,2044.09,2062.9199,481200
2007-10-30,2058.78,2066.0,2037.75,2052.3701,402200
2007-10-31,2052.6001,2065.53,2043.9301,2064.8501,365400
2007-11-01,2085.3301,2085.45,2048.6799,2063.1399,402000
2007-11-02,2014.65,2049.6201,2014.65,2019.34,388400
2007-11-05,2025.04,2027.21,1992.24,2015.76,300200
2007-11-06,2023.41,2055.53,2020.24,2054.24,312200
2007-11-07,2074.1799,2085.03,2043.1899,2043.1899,339600
2007-11-08,2009.64,2022.61,1971.95,1979.5601,330600
2007-11-09,2001.11,2017.37,1968.86,1990.47,366600
2007-11-12,1957.78,1957.78,1901.87,1923.42,312700
2007-11-13,1928.78,1935.9301,1887.76,1932.89,394900
2007-11-14,1982.9301,1984.84,1956.9,1972.58,362100
2007-11-15,1970.13,1985.38,1932.03,1947.74,367700
2007-11-16,1916.88,1928.9301,1890.25,1926.2,304300
2007-11-19,1936.38,1936.5,1892.87,1893.47,292300
2007-11-20,1853.41,1875.46,1819.1801,1872.24,331800
2007-11-21,1865.91,1875.98,1803.77,1806.99,307500
2007-11-22,1790.25,1815.33,1771.39,1799.02,306200
2007-11-23,1806.02,1820.61,1745.26,1772.88,326700
2007-11-26,1803.76,1855.33,1795.0,1855.33,290900
2007-11-27,1813.09,1865.6899,1787.95,1859.79,338300
2007-11-28,1881.86,1883.99,1833.8,1834.6899,324800
2007-11-29,1885.3199,1891.45,1871.59,1877.5601,347700
2007-11-30,1886.58,1918.12,1884.92,1906.0,339300
2007-12-03,1907.95,1912.71,1888.08,1902.4301,291600
2007-12-04,1904.33,1921.83,1901.51,1917.83,288600
2007-12-05,1911.92,1945.03,1905.65,1938.2,310300
2007-12-06,1965.89,1972.37,1946.13,1953.17,339200
2007-12-07,1969.49,1969.5601,1934.3199,1934.3199,361200
2007-12-10,1930.36,1935.86,1900.95,1906.42,284800
2007-12-11,1922.66,1929.71,1904.21,1925.0699,264500
2007-12-12,1887.5,1928.77,1887.23,1927.45,314500
2007-12-13,1921.65,1937.5,1897.25,1915.9,328600
2007-12-14,1914.47,1921.53,1877.27,1895.05,301500
2007-12-17,1873.15,1886.39,1839.58,1839.8199,282500
2007-12-18,1821.3,1869.71,1808.86,1861.47,277000
2007-12-20,1878.59,1882.61,1843.73,1844.37,401800
2007-12-21,1855.0601,1878.3199,1832.34,1878.3199,362600
2007-12-24,1899.2,1921.39,1894.79,1919.47,317100
2007-12-26,1924.91,1926.09,1901.91,1906.72,261000
2007-12-27,1901.9301,1915.1899,1891.29,1908.62,235900
2007-12-28,1892.5601,1911.67,1890.8101,1897.13,229400
2008-01-02,1891.45,1892.5,1852.78,1853.45,247100
2008-01-03,1834.4399,1858.08,1821.61,1852.73,253700
2008-01-04,1853.54,1869.76,1824.41,1863.9,299100
2008-01-07,1815.73,1840.99,1814.35,1831.14,268100
2008-01-08,1838.64,1840.62,1818.6899,1826.23,296600
2008-01-09,1802.0601,1844.47,1794.15,1844.47,277700
2008-01-10,1847.9399,1855.0699,1824.78,1824.78,315500
2008-01-11,1844.5699,1847.11,1776.26,1782.27,280800
2008-01-14,1781.0,1790.6899,1754.13,1765.88,249300
2008-01-15,1781.53,1781.53,1723.14,1746.95,295500
2008-01-16,1715.97,1735.51,1701.3199,1704.97,295600
2008-01-17,1726.03,1732.64,1687.1,1723.55,296000
2008-01-18,1689.28,1737.42,1684.39,1734.72,287700
2008-01-21,1723.95,1724.39,1673.42,1683.5601,286100
2008-01-22,1628.92,1636.0601,1578.37,1609.02,316900
2008-01-23,1652.62,1659.28,1604.54,1628.42,272100
2008-01-24,1663.36,1675.6899,1649.0,1663.0,270600
2008-01-25,1682.9301,1692.66,1674.21,1692.41,272600
2008-01-28,1668.0699,1674.47,1620.9,1627.1899,259300
2008-01-29,1657.9,1662.9,1622.52,1637.91,275300
2008-01-30,1653.0,1653.2,1578.29,1589.0601,380500
2008-01-31,1582.1899,1630.12,1570.87,1624.6801,334100
2008-02-01,1645.05,1648.97,1619.65,1634.53,308100
2008-02-04,1655.78,1696.5601,1655.78,1690.13,333100
2008-02-05,1686.2,1697.99,1680.39,1696.5699,253900
2008-02-11,1648.51,1651.72,1633.46,1640.67,234300
2008-02-12,1653.6,1654.62,1641.05,1643.29,291300
2008-02-13,1663.29,1663.95,1629.5699,1631.78,319000
2008-02-14,1660.45,1697.45,1660.45,1697.45,503900
2008-02-15,1672.39,1696.37,1668.41,1694.77,485500
2008-02-18,1701.75,1714.2,1681.02,1696.24,374000
2008-02-19,1717.1,1722.71,1708.9301,1720.52,362800
2008-02-20,1704.66,1718.15,1683.7,1687.91,321600
2008-02-21,1708.01,1713.64,1694.58,1704.36,241900
2008-02-22,1687.63,1687.63,1670.6899,1686.45,281400
2008-02-25,1701.75,1715.0,1701.64,1709.13,299200
2008-02-26,1724.55,1726.47,1704.5,1709.13,283700
2008-02-27,1725.96,1732.8,1715.8101,1720.89,306600
2008-02-28,1726.08,1739.6,1713.25,1736.17,257400
2008-02-29,1717.6899,1721.85,1708.21,1711.62,315800
2008-03-03,1676.3,1676.3,1657.79,1671.73,237100
2008-03-04,1677.1,1686.59,1665.1,1676.1801,278600
2008-03-05,1680.63,1687.2,1667.87,1677.1,263600
2008-03-06,1681.39,1705.97,1680.11,1697.4399,359700
2008-03-07,1682.17,1682.17,1650.74,1663.97,304200
2008-03-10,1634.42,1650.5601,1621.4,1625.17,318100
2008-03-11,1605.3101,1643.66,1602.35,1641.48,279800
2008-03-12,1685.4399,1687.63,1658.17,1658.83,325300
2008-03-13,1657.21,1657.21,1609.17,1615.62,309600
2008-03-14,1637.78,1638.66,1578.45,1600.26,297700
2008-03-17,1588.53,1588.53,1537.53,1574.4399,298700
2008-03-18,1585.3199,1590.28,1566.96,1588.75,243100
2008-03-19,1626.28,1632.6801,1614.96,1622.23,280400
2008-03-20,1602.29,1624.48,1592.9399,1623.39,243400
2008-03-21,1644.05,1645.78,1634.51,1645.6899,283900
2008-03-24,1653.8199,1663.5699,1645.89,1655.3,258100
2008-03-25,1676.74,1680.77,1667.9301,1674.9301,320000
2008-03-26,1676.8101,1681.91,1670.3101,1679.67,280400
2008-03-27,1671.98,1677.3101,1660.45,1676.24,257900
2008-03-28,1671.0601,1704.28,1670.89,1701.83,350500
2008-03-31,1705.17,1709.3101,1685.1899,1703.99,291700
2008-04-01,1701.64,1717.83,1694.53,1702.25,320400
2008-04-02,1738.64,1743.54,1734.42,1742.1899,326500
2008-04-03,1745.72,1765.53,1742.4301,1763.63,253800
2008-04-04,1762.9399,1768.0601,1756.74,1766.49,256800
2008-04-07,1769.74,1786.5699,1763.38,1773.5601,275300
2008-04-08,1770.98,1770.98,1749.64,1754.71,267200
2008-04-10,1745.6,1764.64,1735.78,1764.64,214900
2008-04-11,1768.13,1779.92,1759.29,1779.71,272400
2008-04-14,1746.88,1755.28,1739.03,1746.71,223500
2008-04-15,1749.29,1754.3,1734.13,1742.17,238500
2008-04-16,1757.83,1765.8101,1753.79,1758.5601,286300
2008-04-17,1782.51,1783.85,1765.59,1768.67,265000
2008-04-18,1772.89,1778.8101,1762.9399,1771.9,237600
2008-04-21,1793.1899,1802.8101,1791.4,1800.48,299000
2008-04-22,1799.72,1803.35,1785.47,1787.49,346700
2008-04-23,1784.23,1809.02,1784.23,1800.79,340400
2008-04-24,1808.88,1812.62,1794.64,1799.34,497200
2008-04-25,1809.0,1825.83,1809.0,1824.6801,328000
2008-04-28,1829.45,1831.84,1814.2,1823.17,371600
2008-04-29,1829.01,1831.23,1803.08,1811.51,272400
2008-04-30,1808.74,1825.58,1803.49,1825.47,245000
2008-05-02,1851.64,1851.64,1843.14,1848.27,267800
2008-05-06,1849.8101,1859.27,1843.36,1859.0601,303700
2008-05-07,1863.77,1868.09,1839.76,1854.01,384100
2008-05-08,1831.17,1854.55,1830.46,1848.0,319200
2008-05-09,1854.73,1854.73,1818.27,1823.7,280100
2008-05-13,1829.37,1842.8,1813.98,1842.8,265300
2008-05-14,1841.4399,1848.02,1828.0699,1843.75,297700
2008-05-15,1852.74,1886.95,1852.67,1885.71,414800
2008-05-16,1893.99,1899.5699,1882.6899,1888.88,301700
2008-05-19,1893.54,1901.13,1875.05,1885.37,356000
2008-05-20,1886.52,1889.85,1857.05,1873.15,336300
2008-05-21,1848.97,1861.58,1844.95,1847.51,316000
2008-05-22,1826.0601,1836.63,1810.6801,1835.42,357300
2008-05-23,1836.42,1840.78,1826.16,1827.9399,299100
2008-05-26,1813.63,1820.74,1791.4,1800.58,281800
2008-05-27,1806.2,1825.48,1806.2,1825.23,260300
2008-05-28,1835.38,1835.71,1802.01,1805.64,299600
2008-05-29,1819.33,1842.5601,1819.33,1841.22,299000
2008-05-30,1846.98,1852.36,1833.42,1852.02,287600
2008-06-02,1848.3,1853.5,1831.66,1847.53,234500
2008-06-03,1832.3101,1836.71,1814.5,1819.39,258900
2008-06-04,1821.3,1836.13,1813.12,1833.8101,235900
2008-06-05,1830.14,1832.8199,1816.35,1832.3101,275000
2008-06-09,1787.9,1810.21,1785.16,1808.96,249300
2008-06-10,1813.36,1814.0601,1765.35,1774.38,322800
2008-06-11,1781.14,1786.98,1760.66,1781.67,282800
2008-06-12,1755.9,1761.29,1739.36,1739.36,379800
2008-06-13,1753.67,1760.72,1730.25,1747.35,402000
2008-06-16,1763.86,1768.63,1755.55,1760.8199,375400
2008-06-17,1766.34,1767.5,1738.71,1750.71,334900
2008-06-18,1745.5,1775.11,1742.6801,1774.13,343000
2008-06-19,1756.36,1757.26,1731.51,1740.72,401500
2008-06-20,1752.95,1755.6,1723.41,1731.0,331000
2008-06-23,1705.61,1720.74,1694.79,1715.59,303200
2008-06-24,1706.92,1717.23,1699.8101,1710.84,364200
2008-06-25,1710.45,1717.8101,1695.01,1717.79,345400
2008-06-26,1717.5699,1734.86,1714.38,1717.66,328800
2008-06-27,1673.27,1685.88,1669.6899,1684.45,285300
2008-06-30,1682.86,1689.61,1671.11,1674.92,261900
2008-07-01,1675.7,1681.45,1652.03,1666.46,278000
2008-07-02,1665.52,1667.97,1607.88,1623.6,336000
2008-07-03,1591.21,1616.65,1580.83,1606.54,352000
2008-07-04,1604.47,1610.65,1574.6,1577.9399,247000
2008-07-07,1568.25,1583.49,1560.0,1579.72,250000
2008-07-08,1577.04,1577.04,1509.2,1533.47,332000
2008-07-09,1557.0699,1563.0699,1519.05,1519.38,328800
2008-07-10,1498.78,1542.34,1495.4399,1537.4301,354200
2008-07-11,1543.01,1573.0601,1526.67,1567.51,326500
2008-07-14,1562.88,1581.7,1554.01,1558.62,257100
2008-07-15,1550.95,1550.95,1506.41,1509.33,297900
2008-07-16,1518.5699,1529.87,1488.75,1507.4,296900
2008-07-17,1541.38,1546.84,1524.85,1525.5601,319700
2008-07-18,1542.73,1542.91,1504.0,1509.99,304100
2008-07-21,1530.6801,1569.45,1530.05,1562.92,296100
2008-07-22,1551.09,1563.75,1549.0,1561.23,252500
2008-07-23,1586.27,1598.89,1577.9399,1591.76,351600
2008-07-24,1603.52,1627.87,1603.24,1626.14,347700
2008-07-25,1595.28,1610.45,1589.48,1597.9301,266600
2008-07-28,1609.5699,1611.15,1588.5601,1598.29,252300
2008-07-29,1572.16,1573.62,1542.89,1567.2,261600
2008-07-30,1594.04,1595.84,1572.17,1577.7,265700
2008-07-31,1583.99,1600.15,1577.8101,1594.67,233000
2008-08-01,1578.55,1587.49,1562.29,1573.77,231200
2008-08-04,1567.01,1571.23,1531.52,1543.05,246500
2008-08-05,1540.3199,1556.96,1533.4301,1535.54,244800
2008-08-06,1567.3,1580.25,1560.88,1578.71,276600
2008-08-07,1577.36,1582.51,1553.21,1564.0,219000
2008-08-08,1547.7,1573.1801,1544.1,1568.72,221300
2008-08-11,1592.3,1597.3101,1581.09,1581.09,254500
2008-08-12,1581.1,1590.12,1570.88,1577.12,251600
2008-08-13,1572.87,1581.46,1553.9399,1562.72,231600
2008-08-14,1553.65,1578.3,1553.65,1572.1899,247600
2008-08-18,1579.13,1582.76,1561.5699,1567.71,260800
2008-08-19,1554.21,1554.92,1528.3101,1541.41,261100
2008-08-20,1531.87,1549.53,1524.87,1540.71,243700
2008-08-21,1539.55,1540.45,1511.6899,1512.59,259500
2008-08-22,1508.67,1508.67,1477.55,1496.91,226300
2008-08-25,1505.13,1510.98,1496.63,1502.11,198300
2008-08-26,1477.04,1502.33,1474.64,1490.25,213100
2008-08-27,1487.78,1498.38,1466.46,1493.92,241600
2008-08-28,1503.26,1503.74,1473.0,1474.15,216100
2008-08-29,1488.25,1496.14,1470.87,1474.24,242100
2008-09-01,1453.14,1456.6899,1413.4301,1414.4301,316600
2008-09-02,1418.26,1430.4301,1392.55,1407.14,373400
2008-09-03,1403.89,1430.9399,1396.13,1426.89,367100
2008-09-04,1421.16,1436.62,1409.33,1426.4301,372900
2008-09-05,1394.39,1415.24,1393.33,1404.38,298500
2008-09-08,1437.59,1481.41,1437.59,1476.65,399100
2008-09-09,1469.54,1469.54,1446.53,1454.5,443700
2008-09-10,1432.9,1466.26,1430.05,1464.98,421200
2008-09-11,1459.6899,1467.9,1439.38,1443.24,363000
2008-09-12,1468.41,1480.77,1463.58,1477.92,311700
2008-09-16,1381.24,1401.79,1372.55,1387.75,392800
2008-09-17,1420.49,1441.24,1412.6,1425.26,398300
2008-09-18,1385.47,1400.35,1366.88,1392.42,413400
2008-09-19,1441.3101,1464.59,1435.72,1455.78,468700
2008-09-22,1472.08,1488.9399,1457.1,1460.34,354300
2008-09-23,1447.9,1484.01,1445.5,1481.37,470400
2008-09-24,1479.04,1501.09,1472.3101,1495.98,498500
2008-09-25,1487.73,1503.83,1469.23,1501.63,419100
2008-09-26,1492.42,1498.74,1469.83,1476.33,405900
2008-09-29,1491.11,1496.3,1449.33,1456.36,365900
2008-09-30,1383.97,1448.0601,1376.72,1448.0601,412800
2008-10-01,1453.4,1453.4,1429.5699,1439.67,314200
2008-10-02,1450.16,1458.6801,1410.35,1419.65,317900
2008-10-06,1389.6801,1389.6801,1351.72,1358.75,312400
2008-10-07,1340.92,1371.24,1321.8101,1366.1,349600
2008-10-08,1323.96,1334.34,1281.47,1286.6899,431500
2008-10-09,1289.67,1324.36,1274.46,1294.89,451800
2008-10-10,1248.53,1248.53,1178.51,1241.47,461300
2008-10-13,1272.95,1294.1899,1252.4399,1288.53,384700
2008-10-14,1342.3101,1367.7,1339.86,1367.6899,460900
2008-10-15,1338.46,1353.4399,1327.42,1340.28,347700
2008-10-16,1258.38,1265.85,1205.14,1213.78,409100
2008-10-17,1245.15,1245.15,1166.88,1180.67,420200
2008-10-20,1195.9,1211.09,1149.39,1207.63,373000
2008-10-21,1223.75,1232.73,1181.88,1196.1,389200
2008-10-22,1190.5,1195.28,1095.5601,1134.59,374900
2008-10-23,1089.5699,1089.5699,1028.5,1049.71,401500
2008-10-24,1051.58,1051.92,925.57,938.75,443200
2008-10-27,937.18,966.41,892.16,946.45,540700
2008-10-28,916.85,1012.73,901.49,999.16,649400
2008-10-29,1047.48,1078.33,920.35,968.97,763400
2008-10-30,1036.83,1094.89,992.89,1084.72,621600
2008-10-31,1083.14,1158.66,1061.46,1113.0601,864800
2008-11-03,1117.13,1158.87,1109.3199,1129.08,568200
2008-11-04,1135.53,1154.45,1114.41,1153.35,603600
2008-11-05,1184.92,1217.8199,1159.67,1181.5,790200
2008-11-06,1133.78,1140.85,1081.79,1092.22,657600
2008-11-07,1054.35,1134.5,1038.72,1134.49,846300
2008-11-10,1152.26,1165.5699,1124.13,1152.46,717500
2008-11-11,1133.34,1160.3,1114.5,1128.73,600700
2008-11-12,1103.88,1143.1801,1096.63,1123.86,605700
2008-11-13,1074.75,1088.46,1040.34,1088.4399,566800
2008-11-14,1126.9399,1129.4,1078.4399,1088.26,440500
2008-11-17,1074.33,1104.66,1050.4,1078.3199,413400
2008-11-18,1053.29,1075.6801,1036.1,1036.16,377400
2008-11-19,1038.74,1038.74,994.57,1016.82,404600
2008-11-20,967.46,984.51,947.44,948.69,424100
2008-11-21,929.74,1013.12,914.02,1003.73,602100
2008-11-24,996.23,1014.49,969.49,970.14,464200
2008-11-25,1016.09,1029.46,966.28,983.32,486200
2008-11-26,993.07,1030.7,993.07,1029.78,515500
2008-11-27,1058.63,1070.67,1046.46,1063.48,563600
2008-11-28,1066.84,1084.03,1061.52,1076.0699,555200
2008-12-01,1074.0,1083.01,1058.62,1058.62,627300
2008-12-02,1007.71,1038.41,1007.26,1023.2,421100
2008-12-03,1038.41,1038.41,1013.56,1022.67,478700
2008-12-04,1042.16,1042.16,997.0,1006.54,402200
2008-12-05,1017.48,1032.6801,1008.3,1028.13,401600
2008-12-08,1041.41,1111.27,1037.64,1105.05,541800
2008-12-09,1116.09,1120.66,1092.49,1105.84,486500
2008-12-10,1112.4399,1155.08,1105.71,1145.87,562100
2008-12-11,1145.0601,1166.27,1135.5,1154.4301,576700
2008-12-12,1128.66,1152.99,1089.9399,1103.8199,622300
2008-12-15,1138.42,1164.72,1138.42,1158.1899,485400
2008-12-16,1148.6801,1165.29,1137.05,1161.5601,626700
2008-12-17,1190.09,1196.37,1146.04,1169.75,647800
2008-12-18,1183.38,1189.83,1164.6,1175.91,557800
2008-12-19,1174.24,1194.52,1171.38,1180.97,685000
2008-12-22,1189.85,1201.14,1167.63,1179.61,450600
2008-12-23,1168.15,1175.3199,1140.13,1144.3101,436400
2008-12-24,1140.08,1143.6801,1113.17,1128.51,407800
2008-12-26,1128.54,1134.5699,1108.86,1117.86,345500
2008-12-29,1109.4,1118.35,1084.26,1117.59,312500
2008-12-30,1124.6,1144.24,1121.3199,1124.47,357900
2009-01-02,1132.87,1157.4,1118.84,1157.4,340800
2009-01-05,1180.98,1185.22,1166.66,1173.5699,414800
2009-01-06,1183.52,1203.59,1179.9399,1194.28,444200
2009-01-07,1198.85,1228.5601,1195.2,1228.17,568600
2009-01-08,1212.7,1218.4301,1195.15,1205.7,472300
2009-01-09,1214.5,1220.59,1179.0601,1180.96,443500
2009-01-12,1170.6899,1177.1899,1150.41,1156.75,352700
2009-01-13,1147.99,1168.04,1133.9399,1167.71,381500
2009-01-14,1161.01,1184.52,1151.8,1182.6801,358900
2009-01-15,1138.47,1145.41,1108.15,1111.34,366500
2009-01-16,1120.6899,1135.79,1109.6899,1135.2,335700
2009-01-19,1146.09,1159.88,1141.3101,1150.65,370300
2009-01-20,1136.16,1136.48,1115.0699,1126.8101,319500
2009-01-21,1087.4301,1118.4,1085.72,1103.61,334600
2009-01-22,1125.22,1127.35,1106.74,1116.23,346800
2009-01-23,1105.4301,1105.4301,1087.66,1093.4,268200
2009-01-28,1123.23,1160.1899,1122.33,1157.98,345300
2009-01-29,1165.8199,1179.15,1160.75,1166.5601,384700
2009-01-30,1147.5699,1163.76,1144.52,1162.11,377000
2009-02-02,1145.87,1170.7,1136.37,1146.95,374600
2009-02-03,1152.9399,1174.28,1137.83,1163.2,347700
2009-02-04,1183.22,1195.52,1176.1,1195.37,450200
2009-02-05,1187.05,1206.73,1177.88,1177.88,463600
2009-02-06,1199.17,1210.26,1190.67,1210.26,570800
2009-02-09,1224.4399,1227.73,1199.9301,1202.6899,476000
2009-02-10,1215.05,1219.76,1186.33,1198.87,468800
2009-02-11,1168.42,1193.55,1162.5699,1190.1801,469800
2009-02-12,1183.6801,1187.35,1162.58,1179.84,488100
2009-02-13,1179.63,1192.48,1165.25,1192.4399,574800
2009-02-16,1183.52,1199.5,1174.73,1175.47,509500
2009-02-17,1167.22,1167.22,1121.41,1127.1899,546400
2009-02-18,1111.35,1120.65,1096.0,1113.1899,598200
2009-02-19,1109.99,1121.27,1092.96,1107.1,641500
2009-02-20,1095.25,1102.4399,1056.34,1065.95,587400
2009-02-23,1058.54,1099.55,1051.52,1099.55,396100
2009-02-24,1061.5601,1071.9301,1055.86,1063.88,576300
2009-02-25,1094.7,1095.73,1061.6,1067.08,735400
2009-02-26,1077.71,1100.45,1036.67,1054.79,575100
2009-02-27,1056.71,1076.8101,1048.05,1063.03,498300
2009-03-02,1044.28,1044.28,1010.87,1018.81,413900
2009-03-03,993.85,1029.1801,992.69,1025.5699,543400
2009-03-04,1018.9,1062.6899,1008.67,1059.26,490800
2009-03-05,1068.25,1074.5601,1050.9,1058.1801,509900
2009-03-06,1036.29,1059.33,1036.29,1055.03,465700
2009-03-09,1068.98,1077.13,1052.41,1071.73,457900
2009-03-10,1060.61,1096.59,1060.61,1092.2,614100
2009-03-11,1122.91,1127.88,1118.12,1127.51,574400
2009-03-12,1126.6,1132.3,1107.6,1128.39,536900
2009-03-13,1137.35,1147.83,1124.71,1126.03,506200
2009-03-16,1126.09,1142.58,1119.33,1125.46,436000
2009-03-17,1140.3199,1166.6,1132.75,1163.88,727000
2009-03-18,1176.86,1176.86,1157.11,1169.95,520400
2009-03-19,1180.39,1186.91,1158.1899,1161.8101,532600
2009-03-20,1165.03,1180.38,1163.59,1170.9399,374700
2009-03-23,1179.6,1201.23,1179.13,1199.5,461600
2009-03-24,1225.9399,1225.9399,1205.08,1221.7,512500
2009-03-25,1216.29,1229.02,1211.2,1229.02,495100
2009-03-26,1226.51,1243.97,1216.49,1243.8,588100
2009-03-27,1248.7,1256.7,1233.95,1237.51,702300
2009-03-30,1239.8,1244.78,1196.3199,1197.46,527800
2009-03-31,1205.98,1228.21,1203.16,1206.26,503600
2009-04-01,1214.0601,1238.04,1201.71,1233.36,586100
2009-04-02,1254.38,1278.5601,1249.9399,1276.97,732200
2009-04-03,1288.5601,1292.6,1274.45,1283.75,618700
2009-04-06,1292.42,1315.3,1292.42,1297.85,726400
2009-04-07,1296.3199,1304.28,1282.41,1300.1,686800
2009-04-08,1284.98,1287.59,1260.73,1262.0699,751400
2009-04-09,1274.03,1317.29,1272.02,1316.35,933700
2009-04-10,1340.87,1355.6899,1319.52,1336.04,920400
2009-04-13,1341.74,1353.27,1328.99,1338.26,815400
2009-04-14,1353.25,1356.3101,1323.64,1342.63,933400
2009-04-15,1321.6,1341.3199,1305.16,1333.09,815700
2009-04-16,1356.88,1371.28,1334.65,1336.72,746700
2009-04-17,1354.9301,1360.9,1316.11,1329.0,794000
2009-04-20,1331.76,1338.9,1311.73,1336.39,566900
2009-04-21,1307.95,1338.48,1303.22,1336.8101,639600
2009-04-22,1347.79,1360.41,1336.41,1356.02,730200
2009-04-23,1367.3,1371.95,1353.16,1368.8,747000
2009-04-24,1371.8101,1375.8,1343.55,1354.1,683400
2009-04-27,1358.2,1366.66,1334.02,1339.83,547300
2009-04-28,1344.77,1353.8,1298.86,1300.24,759000
2009-04-29,1310.62,1338.4301,1299.98,1338.42,599300
2009-04-30,1353.67,1377.8199,1350.46,1369.36,811800
2009-05-04,1386.02,1397.92,1381.12,1397.92,749100
2009-05-06,1399.8199,1408.5699,1385.35,1393.45,738900
2009-05-07,1414.55,1415.48,1389.8199,1401.08,770600
2009-05-08,1400.47,1412.14,1390.83,1412.13,732200
2009-05-11,1416.42,1420.3101,1405.42,1415.16,681600
2009-05-12,1406.4399,1411.21,1395.91,1403.51,770700
2009-05-13,1409.59,1414.63,1400.35,1414.52,714000
2009-05-14,1395.6,1400.38,1380.91,1380.95,700900
2009-05-15,1395.15,1399.84,1385.83,1391.73,702800
2009-05-18,1385.71,1387.2,1366.58,1386.6801,552500
2009-05-19,1416.95,1428.21,1411.89,1428.21,767800
2009-05-20,1427.98,1436.92,1424.6,1435.7,698900
2009-05-21,1431.03,1433.0699,1412.73,1421.65,867600
2009-05-22,1406.27,1431.3199,1402.8,1403.75,676800
2009-05-25,1393.99,1414.14,1315.21,1400.9,825400
2009-05-26,1407.58,1409.29,1361.58,1372.04,684600
2009-05-27,1394.74,1396.77,1360.3,1362.02,786700
2009-05-28,1355.89,1392.17,1345.1,1392.17,657900
2009-05-29,1393.25,1398.4399,1380.6801,1395.89,549700
2009-06-01,1394.92,1415.1,1384.45,1415.1,559000
2009-06-02,1437.15,1437.76,1411.62,1412.85,705300
2009-06-03,1423.8,1427.05,1402.76,1414.89,731500
2009-06-04,1410.24,1411.11,1375.9399,1378.14,583300
2009-06-05,1392.63,1394.71,1373.24,1394.71,511500
2009-06-08,1394.23,1411.27,1387.41,1393.3,516700
2009-06-09,1406.66,1410.0,1371.52,1371.84,485700
2009-06-10,1379.61,1414.88,1376.46,1414.88,501900
2009-06-11,1411.92,1435.28,1407.5,1419.39,490800
2009-06-12,1428.87,1436.23,1416.5,1428.59,508600
2009-06-15,1427.75,1427.75,1401.1899,1412.42,434600
2009-06-16,1394.7,1410.01,1389.33,1399.15,473900
2009-06-17,1391.97,1397.21,1384.13,1391.17,456100
2009-06-18,1390.22,1396.75,1371.38,1375.76,502200
2009-06-19,1386.52,1388.75,1369.76,1383.34,471000
2009-06-22,1381.85,1399.92,1379.75,1399.71,410200
2009-06-23,1369.87,1374.4399,1354.98,1360.54,509200
2009-06-24,1366.01,1370.0,1350.3101,1363.79,436500
2009-06-25,1366.78,1402.35,1366.78,1392.73,449200
2009-06-26,1401.5699,1404.01,1388.38,1394.53,425900
2009-06-29,1399.64,1408.9399,1386.03,1388.45,426300
2009-06-30,1402.3,1409.1,1385.76,1390.0699,473100
2009-07-01,1386.33,1414.79,1381.09,1411.66,505500
2009-07-02,1419.15,1419.15,1403.1801,1411.48,464100
2009-07-03,1389.9301,1420.04,1389.39,1420.04,398600
2009-07-06,1419.17,1434.3101,1416.2,1428.9399,384600
2009-07-07,1434.47,1439.5699,1426.95,1434.2,456800
2009-07-08,1424.92,1431.02,1412.6801,1431.02,435400
2009-07-09,1428.74,1443.8101,1426.41,1430.89,437300
2009-07-10,1435.52,1436.5,1415.99,1428.62,456500
2009-07-13,1426.3101,1426.3101,1378.12,1378.12,446700
2009-07-14,1400.53,1402.0,1377.6,1385.5601,426800
2009-07-15,1402.76,1422.41,1402.28,1420.86,398400
2009-07-16,1438.02,1442.1,1426.51,1432.22,424000
2009-07-17,1443.49,1445.6,1432.8,1440.1,403700
2009-07-20,1447.85,1480.49,1447.11,1478.51,505000
2009-07-21,1489.45,1496.87,1480.64,1488.99,514700
2009-07-22,1492.37,1496.49,1485.04,1494.04,506900
2009-07-23,1495.39,1504.7,1484.83,1496.49,642900
2009-07-24,1508.3199,1510.8199,1496.89,1502.59,533000
2009-07-27,1510.75,1529.26,1505.85,1524.05,504100
2009-07-28,1521.49,1528.55,1518.5,1526.03,431400
2009-07-29,1524.08,1529.8,1516.03,1524.3199,486400
2009-07-30,1524.5601,1535.36,1511.13,1534.74,431300
2009-07-31,1543.05,1559.0699,1536.86,1557.29,466500
2009-08-03,1561.9399,1570.01,1554.77,1564.98,490200
2009-08-04,1576.95,1586.12,1558.47,1566.37,589900
2009-08-05,1571.71,1575.03,1557.79,1559.47,494900
2009-08-06,1555.64,1572.17,1546.5,1565.04,492300
2009-08-07,1563.13,1576.8,1559.1801,1576.0,477600
2009-08-10,1585.35,1588.15,1573.22,1576.11,490600
2009-08-11,1572.33,1580.4399,1570.51,1579.21,574000
2009-08-12,1571.74,1571.74,1552.51,1565.35,510500
2009-08-13,1578.95,1581.34,1564.64,1564.64,562800
2009-08-14,1582.21,1594.46,1579.17,1591.41,606500
2009-08-17,1588.73,1588.73,1541.74,1547.0601,594900
2009-08-18,1534.22,1560.73,1530.65,1550.24,598300
2009-08-19,1555.03,1564.9,1545.9301,1545.96,521600
2009-08-20,1559.99,1577.08,1544.5,1576.39,454900
2009-08-21,1582.61,1590.15,1564.45,1580.98,514700
2009-08-24,1604.3101,1614.05,1602.34,1612.22,541300
2009-08-25,1603.03,1610.33,1596.0,1601.38,461100
2009-08-26,1607.7,1615.05,1602.4,1614.12,451600
2009-08-27,1608.83,1614.0699,1590.98,1599.33,426300
2009-08-28,1612.9301,1616.29,1599.6801,1607.9399,455500
2009-08-31,1607.61,1611.65,1580.28,1591.85,443600
2009-09-01,1592.29,1624.34,1583.11,1623.0601,444400
2009-09-02,1598.66,1622.8199,1592.48,1613.16,561700
2009-09-03,1614.53,1620.0601,1605.96,1613.53,493300
2009-09-04,1623.0699,1623.0699,1597.2,1608.9,594800
2009-09-07,1618.79,1619.98,1601.04,1608.5699,411200
2009-09-08,1616.48,1622.73,1610.91,1619.6899,523900
2009-09-09,1622.25,1622.8101,1602.6899,1607.77,518400
2009-09-10,1615.71,1644.6801,1613.76,1644.6801,581100
2009-09-11,1644.3101,1653.77,1639.83,1651.7,514700
2009-09-14,1653.17,1653.59,1628.96,1634.91,432400
2009-09-15,1646.29,1654.92,1640.87,1653.4,550500
2009-09-16,1660.4301,1693.84,1660.4301,1683.33,568400
2009-09-17,1700.1899,1704.88,1682.04,1695.47,527900
2009-09-18,1695.17,1713.22,1691.64,1699.71,500100
2009-09-21,1700.5601,1709.34,1691.92,1695.5,517300
2009-09-22,1701.96,1720.73,1701.5699,1718.88,448400
2009-09-23,1723.03,1723.17,1705.98,1711.47,503200
2009-09-24,1706.1899,1715.55,1680.96,1693.88,421200
2009-09-25,1686.41,1691.71,1662.52,1691.48,391900
2009-09-28,1678.5699,1685.34,1668.97,1675.55,351400
2009-09-29,1695.9399,1696.71,1680.6899,1690.05,343700
2009-09-30,1688.6,1704.24,1665.9,1673.14,369900
2009-10-01,1680.46,1685.01,1629.55,1644.63,337400
2009-10-05,1622.1,1629.01,1603.71,1606.9,319000
2009-10-06,1620.3101,1626.02,1590.47,1598.4399,390400
2009-10-07,1619.0699,1625.11,1598.0,1598.0,411300
2009-10-08,1607.86,1615.46,1591.15,1615.46,377000
2009-10-09,1622.12,1648.98,1614.61,1646.79,440500
2009-10-12,1660.1899,1661.37,1631.59,1639.8101,413700
2009-10-13,1634.49,1642.78,1614.46,1628.9301,420300
2009-10-14,1642.1,1653.22,1637.78,1649.09,412100
2009-10-15,1661.6899,1672.08,1653.33,1658.99,374200
2009-10-16,1656.0699,1667.49,1638.49,1640.36,373000
2009-10-19,1633.34,1649.6899,1614.85,1649.0699,279900
2009-10-20,1663.95,1665.65,1649.27,1659.15,402300
2009-10-21,1649.8101,1664.52,1645.5601,1653.86,366300
2009-10-22,1638.01,1650.03,1623.96,1630.33,386900
2009-10-23,1643.62,1647.27,1633.11,1640.17,331300
2009-10-26,1634.33,1663.03,1633.92,1657.11,314200
2009-10-27,1646.76,1651.63,1637.15,1649.53,334700
2009-10-28,1648.8,1652.46,1604.01,1609.71,370000
2009-10-29,1584.52,1587.1899,1564.41,1585.85,372500
2009-10-30,1605.12,1605.12,1580.6899,1580.6899,272700
2009-11-02,1543.24,1570.15,1543.24,1559.09,289900
2009-11-03,1562.1,1565.01,1549.1,1549.92,274500
2009-11-04,1556.02,1579.9301,1550.73,1579.9301,267400
2009-11-05,1568.67,1571.8,1551.9399,1552.24,204400
2009-11-06,1577.64,1577.64,1565.48,1572.46,254300
2009-11-09,1577.92,1592.1,1573.36,1576.79,246200
2009-11-10,1595.33,1600.41,1580.03,1582.3,276900
2009-11-11,1590.4399,1594.8199,1574.78,1594.8199,263300
2009-11-12,1598.55,1603.01,1572.72,1572.73,282800
2009-11-13,1581.6,1587.0699,1561.9301,1571.99,260000
2009-11-16,1577.63,1592.48,1566.83,1592.47,246300
2009-11-17,1599.79,1602.67,1585.97,1585.98,296000
2009-11-18,1595.88,1612.63,1594.86,1603.97,280000
2009-11-19,1608.9399,1625.35,1608.58,1620.54,281500
2009-11-20,1613.28,1624.9,1612.3199,1620.6,262300
2009-11-23,1623.8,1630.41,1611.73,1619.05,257000
2009-11-24,1626.9301,1627.11,1601.14,1606.42,397900
2009-11-25,1608.83,1614.9,1599.08,1611.88,287000
2009-11-26,1606.73,1621.21,1599.51,1599.52,282600
2009-11-27,1574.5601,1581.4399,1519.4,1524.5,390000
2009-11-30,1547.65,1566.51,1547.65,1555.6,311500
2009-12-01,1550.35,1569.72,1541.09,1569.72,304900
2009-12-02,1582.62,1597.12,1579.99,1591.63,329400
2009-12-03,1597.3101,1615.0,1594.5,1615.0,282300
2009-12-04,1609.0699,1629.8,1608.39,1624.76,281900
2009-12-07,1633.3,1635.72,1625.4399,1632.65,267000
2009-12-08,1630.78,1638.22,1622.3101,1627.78,355500
2009-12-09,1615.65,1634.17,1609.8101,1634.17,354600
2009-12-10,1635.58,1652.73,1612.71,1652.73,470000
2009-12-11,1650.5699,1664.05,1641.54,1656.9,438800
2009-12-14,1662.74,1664.85,1644.75,1664.77,412000
2009-12-15,1659.77,1667.73,1657.85,1665.85,366100
2009-12-16,1666.16,1670.1,1652.1,1664.24,370500
2009-12-17,1663.65,1664.65,1647.66,1647.84,376800
2009-12-18,1639.25,1651.02,1632.09,1647.04,264000
2009-12-21,1646.3199,1650.89,1637.23,1644.23,288600
2009-12-22,1656.1801,1658.1,1647.21,1655.54,472100
2009-12-23,1661.4399,1661.6801,1654.87,1661.35,371800
2009-12-24,1663.66,1687.08,1662.3101,1682.34,330900
2009-12-28,1695.1899,1695.33,1679.5601,1685.59,389500
2009-12-29,1674.96,1683.05,1662.0699,1672.48,318000
2009-12-30,1670.1899,1682.77,1661.11,1682.77,326500
2010-01-04,1681.71,1696.14,1681.71,1696.14,296500
2010-01-05,1701.62,1702.39,1686.45,1690.62,408900
2010-01-06,1697.88,1706.89,1696.1,1705.3199,426000
2010-01-07,1702.92,1707.9,1683.45,1683.45,462400
2010-01-08,1694.0601,1695.26,1668.84,1695.26,380000
2010-01-11,1700.79,1705.73,1694.12,1694.12,407700
2010-01-12,1695.83,1701.16,1683.29,1698.64,383800
2010-01-13,1683.51,1687.58,1671.11,1671.41,361900
2010-01-14,1680.6801,1692.78,1677.46,1685.77,433800
2010-01-15,1694.65,1704.4301,1686.12,1701.8,415900
2010-01-18,1696.14,1716.62,1688.89,1711.78,420800
2010-01-19,1719.41,1723.22,1706.73,1710.22,384400
2010-01-20,1723.01,1723.01,1708.58,1714.38,695700
2010-01-21,1700.53,1722.01,1695.1801,1722.01,543500
2010-01-22,1696.21,1706.09,1665.6,1684.35,615100
2010-01-25,1662.77,1681.83,1660.58,1670.2,585000
2010-01-26,1670.47,1671.66,1626.98,1637.34,576900
2010-01-27,1641.88,1643.64,1620.55,1625.48,446500
2010-01-28,1632.58,1649.46,1619.26,1642.4301,479600
2010-01-29,1621.0,1626.5699,1595.39,1602.4301,473900
2010-02-01,1603.87,1611.99,1590.8,1606.4399,382200
2010-02-02,1618.6,1618.6,1591.24,1595.8101,435000
2010-02-03,1614.16,1618.86,1602.55,1615.02,438200
2010-02-04,1615.48,1619.37,1607.87,1616.42,396800
2010-02-05,1567.59,1575.16,1560.99,1567.12,460800
2010-02-08,1565.24,1566.3,1548.78,1552.79,445700
2010-02-09,1550.8,1571.96,1549.11,1570.49,433900
2010-02-10,1578.83,1581.5601,1565.79,1570.12,436100
2010-02-11,1574.95,1600.41,1574.77,1597.8101,393800
2010-02-12,1595.95,1598.41,1577.89,1593.66,292300
2010-02-16,1589.97,1608.86,1586.87,1601.05,275300
2010-02-17,1619.04,1628.3101,1618.27,1627.4301,383600
2010-02-18,1630.89,1631.71,1618.8101,1621.1899,314000
2010-02-19,1611.09,1623.25,1592.92,1593.9,345800
2010-02-22,1617.16,1630.51,1617.16,1627.1,307200
2010-02-23,1626.75,1630.45,1616.04,1628.9,352000
2010-02-24,1616.55,1618.46,1606.24,1612.83,390700
2010-02-25,1620.25,1621.84,1582.22,1587.51,403200
2010-02-26,1593.73,1596.55,1580.7,1594.58,331800
2010-03-02,1612.4301,1620.15,1608.97,1615.12,415100
2010-03-03,1615.25,1622.63,1611.35,1622.4399,403500
2010-03-04,1625.35,1631.1,1612.47,1618.2,383000
2010-03-05,1624.8,1634.5699,1624.74,1634.5699,344100
2010-03-08,1653.54,1660.28,1649.67,1660.04,367800
2010-03-09,1657.9399,1661.26,1653.98,1660.83,634700
2010-03-10,1662.0,1662.88,1653.6899,1662.24,500100
2010-03-11,1670.8199,1672.48,1656.48,1656.62,529000
2010-03-12,1666.59,1666.86,1653.03,1662.74,369500
2010-03-15,1663.86,1667.4399,1643.51,1649.5,343800
2010-03-16,1654.52,1655.27,1642.86,1648.01,512600
2010-03-17,1663.3,1682.86,1659.64,1682.86,606000
2010-03-18,1679.21,1687.7,1675.1,1675.17,434500
2010-03-19,1682.52,1687.6801,1677.62,1686.11,441800
2010-03-22,1678.51,1680.9399,1664.88,1672.67,347600
2010-03-23,1685.0699,1689.46,1677.91,1681.8199,414300
2010-03-24,1693.5601,1695.03,1678.0699,1681.01,371500
2010-03-25,1680.42,1688.39,1677.05,1688.39,389700
2010-03-26,1683.96,1699.9399,1680.91,1697.72,397600
2010-03-29,1681.99,1699.8101,1681.4399,1691.99,339600
2010-03-30,1705.51,1705.5699,1693.83,1700.1899,321000
2010-03-31,1702.58,1704.8101,1689.92,1692.85,328300
2010-04-01,1695.3,1719.74,1695.3,1719.17,297000
2010-04-02,1723.29,1725.39,1715.5601,1723.49,355100
2010-04-05,1728.27,1731.0,1711.16,1724.99,426900
2010-04-06,1732.98,1732.98,1719.14,1726.09,420900
2010-04-07,1725.3101,1729.23,1722.1899,1726.6,399700
2010-04-08,1722.13,1733.78,1719.51,1733.78,362600
2010-04-09,1735.0,1737.45,1710.11,1724.47,452500
2010-04-12,1730.37,1733.3,1707.92,1710.3,416600
2010-04-13,1714.96,1716.09,1699.58,1710.59,369600
2010-04-14,1720.42,1735.33,1720.42,1735.33,431600
2010-04-15,1745.52,1747.38,1729.59,1743.91,464900
2010-04-16,1742.24,1743.65,1723.28,1734.49,381100
2010-04-19,1708.39,1720.03,1700.6899,1705.3,367600
2010-04-20,1715.83,1721.36,1710.1801,1718.03,522300
2010-04-21,1730.37,1748.1899,1729.77,1747.58,535000
2010-04-22,1737.29,1740.04,1727.61,1739.52,528100
2010-04-23,1747.92,1748.46,1732.88,1737.03,463200
2010-04-26,1745.98,1757.76,1745.8,1752.2,420600
2010-04-27,1748.84,1756.15,1742.27,1749.55,432400
2010-04-28,1716.17,1733.91,1714.53,1733.91,399800
2010-04-29,1738.77,1738.77,1720.67,1728.42,446700
2010-04-30,1742.3199,1749.6899,1739.8101,1741.5601,412100
2010-05-03,1735.6801,1740.15,1709.8101,1721.21,414100
2010-05-04,1730.5699,1734.47,1714.17,1718.75,381000
2010-05-06,1679.79,1689.16,1674.11,1684.71,448600
2010-05-07,1632.45,1658.3,1625.83,1647.5,456400
2010-05-10,1661.61,1679.58,1654.41,1677.63,383500
2010-05-11,1692.4,1692.4,1661.71,1670.24,457100
2010-05-12,1678.79,1680.16,1657.67,1663.03,453200
2010-05-13,1683.76,1700.0,1682.91,1694.58,400400
2010-05-14,1685.75,1699.59,1677.4399,1695.63,432900
2010-05-17,1668.5699,1673.01,1644.71,1651.51,402500
2010-05-18,1662.3101,1663.15,1629.35,1643.24,493300
2010-05-19,1621.3199,1630.3101,1601.54,1630.08,417500
2010-05-20,1624.17,1640.47,1591.9301,1600.1801,358200
2010-05-24,1589.83,1612.91,1585.62,1604.9301,270800
2010-05-25,1585.17,1585.6,1532.6801,1560.83,475200
2010-05-26,1575.29,1582.12,1549.65,1582.12,358200
2010-05-27,1565.59,1611.59,1565.4,1607.5,357600
2010-05-28,1630.14,1630.1801,1606.76,1622.78,315900
2010-05-31,1625.08,1641.25,1621.09,1641.25,299400
2010-06-01,1634.55,1643.08,1623.4,1630.4,314100
2010-06-03,1643.74,1663.67,1641.77,1661.84,308800
2010-06-04,1660.99,1670.9399,1658.52,1664.13,286100
2010-06-07,1628.0601,1638.88,1618.5699,1637.97,300900
2010-06-08,1635.01,1656.37,1630.4301,1651.48,280300
2010-06-09,1653.12,1655.61,1638.38,1647.22,315100
2010-06-10,1651.92,1662.3199,1643.71,1651.7,307900
2010-06-11,1674.61,1681.7,1662.75,1675.34,369400
2010-06-14,1683.29,1698.21,1681.95,1690.6,373900
2010-06-15,1687.85,1696.74,1684.52,1690.03,347800
2010-06-16,1707.98,1710.5699,1694.92,1705.33,380000
2010-06-17,1707.29,1711.48,1701.28,1707.92,369800
2010-06-18,1710.4,1712.35,1701.92,1711.95,293700
2010-06-21,1728.37,1741.48,1723.77,1739.6801,391900
2010-06-22,1727.96,1734.42,1723.96,1731.48,404700
2010-06-23,1722.52,1731.78,1721.41,1725.8199,371800
2010-06-24,1724.85,1739.87,1721.72,1739.87,313800
2010-06-25,1721.53,1733.7,1719.08,1729.84,303700
2010-06-28,1734.53,1735.27,1726.25,1732.03,347000
2010-06-29,1735.3101,1739.97,1703.47,1707.76,381300
2010-06-30,1678.54,1699.55,1675.47,1698.29,341700
2010-07-01,1687.0,1693.9,1664.54,1686.24,327700
2010-07-02,1688.95,1693.75,1667.38,1671.8199,344900
2010-07-05,1675.4301,1680.39,1664.22,1675.37,356600
2010-07-06,1664.87,1684.9399,1650.3,1684.9399,337500
2010-07-07,1685.77,1685.77,1668.61,1675.65,345700
2010-07-08,1699.17,1702.65,1692.9301,1698.64,330700
2010-07-09,1708.72,1723.14,1697.61,1723.01,471800
2010-07-12,1731.73,1734.05,1724.6,1734.05,345900
2010-07-13,1737.92,1750.48,1732.85,1735.08,412100
2010-07-14,1754.4301,1764.8101,1754.12,1758.01,534500
2010-07-15,1754.71,1759.1899,1748.98,1751.29,392900
2010-07-16,1751.2,1754.28,1736.66,1738.45,376500
2010-07-19,1719.14,1737.9,1717.97,1731.95,282100
2010-07-20,1727.38,1740.8199,1724.6,1736.77,308000
2010-07-21,1752.6899,1755.66,1740.11,1748.78,375900
2010-07-22,1744.7,1752.58,1732.49,1735.53,405200
2010-07-23,1756.38,1760.62,1745.04,1758.0601,372800
2010-07-26,1760.1,1774.05,1758.99,1769.0699,320600
2010-07-27,1775.47,1778.72,1765.42,1768.3101,361500
2010-07-28,1773.6899,1775.8199,1764.54,1773.47,325700
2010-07-29,1770.4399,1776.96,1767.96,1770.88,348600
2010-07-30,1768.24,1774.74,1754.58,1759.33,370900
2010-08-02,1771.38,1784.1,1767.6,1782.27,332900
2010-08-03,1796.0,1796.28,1784.5699,1790.6,349300
2010-08-04,1795.23,1795.23,1774.48,1789.26,335400
2010-08-05,1796.63,1797.42,1773.49,1783.86,338100
2010-08-06,1782.47,1785.98,1769.46,1783.83,336300
2010-08-09,1779.38,1790.21,1776.72,1790.17,290700
2010-08-10,1792.12,1794.55,1779.5699,1781.13,301100
2010-08-11,1775.34,1776.99,1754.1801,1758.1899,380400
2010-08-12,1731.34,1742.8,1721.75,1721.75,359800
2010-08-13,1731.15,1747.11,1725.24,1746.24,278600
2010-08-16,1735.36,1746.02,1716.86,1743.3101,314500
2010-08-17,1737.36,1757.22,1734.51,1755.03,427000
2010-08-18,1763.84,1765.01,1753.6801,1761.99,371500
2010-08-19,1763.6,1781.0699,1762.98,1779.64,344900
2010-08-20,1769.02,1776.35,1765.58,1775.54,362000
2010-08-23,1780.59,1788.71,1766.77,1767.71,330300
2010-08-24,1757.1,1771.76,1749.11,1760.53,401700
2010-08-25,1745.77,1753.5699,1734.79,1734.79,346300
2010-08-26,1744.08,1744.4,1729.76,1729.76,303000
2010-08-27,1724.0,1732.84,1719.2,1729.5601,245600
2010-08-30,1749.02,1760.35,1746.21,1760.13,247400
2010-08-31,1746.85,1752.0699,1736.23,1742.75,289500
2010-09-01,1751.96,1767.21,1748.3,1764.6899,305300
2010-09-02,1783.22,1783.85,1767.67,1775.73,292800
2010-09-03,1780.8,1786.04,1774.95,1780.02,312000
2010-09-06,1791.76,1794.0699,1784.49,1792.42,328100
2010-09-07,1792.0699,1796.5,1786.37,1787.74,316900
2010-09-08,1780.48,1785.48,1770.78,1779.22,322500
2010-09-09,1786.83,1790.47,1775.0699,1784.36,367900
2010-09-10,1792.75,1808.1801,1791.95,1802.58,340700
2010-09-13,1812.03,1819.12,1807.59,1818.86,386800
2010-09-14,1824.78,1827.03,1810.78,1815.25,387000
2010-09-15,1817.3,1827.0,1813.09,1823.88,338900
2010-09-16,1822.35,1824.61,1811.85,1811.85,336300
2010-09-17,1823.64,1828.54,1812.05,1827.35,317400
2010-09-20,1821.52,1833.78,1818.6,1832.63,242700
2010-09-24,1830.22,1846.6,1825.8,1846.6,274200
2010-09-27,1856.42,1862.03,1851.97,1860.83,383600
2010-09-28,1859.04,1862.72,1852.52,1855.97,357100
2010-09-29,1865.27,1873.79,1864.4301,1866.45,359900
2010-09-30,1870.21,1872.8101,1861.1801,1872.8101,353500
2010-10-01,1872.39,1884.0,1868.9,1876.73,366200
2010-10-04,1884.49,1889.5,1875.9301,1879.29,392500
2010-10-05,1874.1,1885.0,1868.89,1878.9399,342700
2010-10-06,1897.0699,1905.73,1894.02,1903.95,392100
2010-10-07,1901.2,1906.02,1893.14,1900.85,399000
2010-10-08,1900.86,1900.86,1887.98,1897.0699,374100
2010-10-11,1908.55,1909.01,1885.08,1889.91,341200
2010-10-12,1892.27,1893.13,1857.9301,1868.04,315500
2010-10-13,1878.58,1881.2,1866.41,1876.15,318800
2010-10-14,1886.6801,1899.76,1884.45,1899.76,375100
2010-10-15,1898.85,1903.25,1893.76,1902.29,369300
2010-10-18,1904.5699,1904.79,1875.42,1875.42,372200
2010-10-19,1878.98,1885.23,1857.3199,1857.3199,426800
2010-10-20,1844.41,1875.76,1837.08,1870.4399,367900
2010-10-21,1878.51,1879.08,1858.38,1874.6899,414900
2010-10-22,1882.08,1897.3101,1880.25,1897.3101,348400
2010-10-25,1902.51,1918.87,1899.08,1915.71,408200
2010-10-26,1913.25,1919.5601,1909.27,1919.41,351900
2010-10-27,1919.48,1924.61,1902.1801,1909.54,392900
2010-10-28,1909.38,1914.89,1901.8,1907.87,348400
2010-10-29,1913.61,1913.95,1875.3101,1882.95,375800
2010-11-01,1889.5699,1914.74,1880.25,1914.74,343300
2010-11-02,1912.28,1920.29,1907.1801,1918.04,340800
2010-11-03,1931.13,1943.23,1930.11,1935.97,359000
2010-11-04,1941.5601,1945.58,1936.04,1942.5,324800
2010-11-05,1962.34,1966.99,1938.5699,1938.96,401400
2010-11-08,1946.76,1948.4399,1930.29,1942.41,312700
2010-11-09,1943.5601,1947.66,1935.38,1947.46,298800
2010-11-10,1945.73,1967.85,1945.28,1967.85,366000
2010-11-11,1966.5,1976.46,1914.73,1914.73,373200
2010-11-12,1951.35,1958.22,1899.49,1913.12,465500
2010-11-15,1918.6899,1925.4301,1900.25,1913.8101,303800
2010-11-16,1912.11,1916.0699,1890.0,1899.13,336300
2010-11-17,1877.23,1908.17,1875.34,1897.11,293300
2010-11-18,1908.38,1929.24,1904.37,1927.86,271400
2010-11-19,1936.74,1940.96,1927.8101,1940.96,292700
2010-11-22,1947.01,1954.78,1939.51,1944.34,330600
2010-11-23,1938.91,1943.48,1919.15,1928.9399,377800
2010-11-24,1883.92,1928.45,1882.52,1925.98,451500
2010-11-25,1934.97,1935.59,1916.16,1927.6801,323400
2010-11-26,1932.78,1936.72,1893.9399,1901.8,459200
2010-11-29,1904.95,1912.53,1880.58,1895.54,299800
2010-11-30,1889.89,1917.5699,1889.86,1904.63,443700
2010-12-01,1907.7,1929.3199,1904.71,1929.3199,339200
2010-12-02,1943.71,1950.26,1940.23,1950.26,439000
2010-12-03,1960.61,1960.61,1948.51,1957.26,438600
2010-12-06,1961.23,1961.47,1946.35,1953.64,460300
2010-12-07,1955.63,1964.64,1952.5601,1962.52,639200
2010-12-08,1960.3,1970.91,1953.97,1955.72,496400
2010-12-09,1963.88,1988.96,1961.6801,1988.96,448300
2010-12-10,1984.11,1991.96,1979.73,1986.14,373900
2010-12-13,1993.42,1997.36,1983.9301,1996.59,385600
2010-12-14,2000.6,2009.05,1996.8199,2009.05,396600
2010-12-15,2009.2,2017.48,2004.0601,2017.48,490300
2010-12-16,2009.86,2019.49,2002.33,2009.24,362500
2010-12-17,2018.28,2027.55,2010.75,2026.3,503500
2010-12-20,2008.14,2021.7,1996.4399,2020.28,409200
2010-12-21,2035.11,2043.8101,2032.66,2037.09,370500
2010-12-22,2039.35,2045.39,2035.25,2038.11,335400
2010-12-23,2042.41,2043.62,2028.78,2037.53,341100
2010-12-24,2040.64,2042.89,2027.96,2029.6,317400
2010-12-27,2024.5601,2034.62,2018.75,2022.1899,282900
2010-12-28,2028.41,2041.83,2026.5699,2033.3199,360200
2010-12-29,2028.5699,2043.49,2027.52,2043.49,282600
2010-12-30,2047.8199,2052.97,2041.66,2051.0,305900
2011-01-03,2063.6899,2070.0901,2054.8301,2070.0801,354100
2011-01-04,2074.5601,2085.1399,2069.1201,2085.1399,415900
2011-01-05,2083.1001,2087.1399,2076.9199,2082.55,386100
2011-01-06,2094.3501,2096.6499,2066.1001,2077.6101,407800
2011-01-07,2073.6799,2086.2,2068.6599,2086.2,335600
2011-01-10,2082.29,2088.6399,2069.3,2080.8101,342600
2011-01-11,2079.8501,2088.3201,2059.6699,2088.3201,410900
2011-01-12,2091.7,2098.0,2085.99,2094.95,433300
2011-01-13,2097.04,2109.3401,2083.8,2089.48,424200
2011-01-14,2089.7,2108.1699,2076.4399,2108.1699,424700
2011-01-17,2112.3701,2118.8601,2099.8401,2099.8501,428400
2011-01-18,2095.8501,2111.3999,2093.3201,2096.48,454900
2011-01-19,2106.53,2119.24,2084.0801,2115.6899,425500
2011-01-20,2111.4099,2114.2,2102.6101,2106.6599,335500
2011-01-21,2103.74,2104.3899,2066.8201,2069.9199,395400
2011-01-24,2067.3201,2082.97,2064.0,2082.1599,340200
2011-01-25,2092.27,2105.3301,2083.8,2086.6699,421000
2011-01-26,2093.5901,2112.3301,2092.4099,2110.46,369400
2011-01-27,2115.04,2121.0601,2108.53,2115.01,358900
2011-01-28,2115.6899,2119.49,2095.3601,2107.8701,413000
2011-01-31,2080.6001,2089.72,2069.73,2069.73,320900
2011-02-01,2079.9199,2086.5601,2071.73,2072.03,290800
2011-02-07,2102.76,2107.8301,2081.73,2081.74,285900
2011-02-08,2090.47,2092.4299,2066.71,2069.7,300300
2011-02-09,2077.1201,2077.1201,2037.3,2045.58,333200
2011-02-10,2041.0699,2043.0699,2008.5,2008.5,309800
2011-02-11,2010.29,2021.42,1975.47,1977.1899,317300
2011-02-14,1999.09,2015.84,1986.9399,2014.59,279500
2011-02-15,2018.4,2029.99,2003.58,2010.52,275000
2011-02-16,2007.08,2021.6899,1989.11,1989.11,297600
2011-02-17,2002.0,2006.59,1959.71,1977.22,340300
2011-02-18,1989.24,2015.78,1981.75,2013.14,494000
2011-02-21,2014.15,2014.98,1991.7,2005.3,324200
2011-02-22,1978.34,1982.7,1958.77,1969.92,346100
2011-02-23,1962.7,1977.99,1951.75,1961.63,308600
2011-02-24,1957.63,1970.66,1945.41,1949.88,281600
2011-02-25,1956.02,1965.48,1941.15,1963.4301,306900
2011-02-28,1954.4,1958.59,1935.9301,1939.3,263900
2011-03-02,1922.38,1940.78,1921.34,1928.24,207700
2011-03-03,1942.24,1970.66,1941.23,1970.66,284800
2011-03-04,1989.88,2008.89,1984.15,2004.6801,334600
2011-03-07,1996.48,2005.4301,1978.13,1980.27,255900
2011-03-08,1984.08,2007.24,1974.73,1996.3199,304800
2011-03-09,2007.79,2016.6801,1991.52,2001.47,315400
2011-03-10,1999.38,2001.27,1973.88,1981.58,288400
2011-03-11,1956.34,1970.7,1949.3199,1955.54,267200
2011-03-14,1949.08,1971.23,1928.99,1971.23,388600
2011-03-15,1966.8199,1985.8199,1882.09,1923.92,403900
2011-03-16,1951.6801,1965.15,1931.38,1957.97,284400
2011-03-17,1921.59,1961.09,1919.13,1959.03,305700
2011-03-18,1963.17,1988.04,1960.49,1981.13,291300
2011-03-21,1985.47,2005.3199,1985.15,2003.42,292300
2011-03-22,2012.48,2016.27,2004.36,2013.66,304100
2011-03-23,2019.1801,2022.14,2005.59,2012.1801,312600
2011-03-24,2022.26,2036.9301,2022.08,2036.78,295500
2011-03-25,2058.3501,2060.29,2041.72,2054.04,311200
2011-03-28,2054.28,2059.9199,2043.99,2056.3899,285400
2011-03-29,2052.8701,2072.1299,2050.0901,2072.1299,250500
2011-03-30,2075.9099,2100.2,2074.26,2091.3799,316900
2011-03-31,2098.0901,2106.74,2089.1201,2106.7,317900
2011-04-01,2107.6699,2121.02,2101.8301,2121.01,337900
2011-04-04,2124.3701,2125.53,2103.8201,2115.8701,301800
2011-04-05,2118.0801,2130.4299,2107.78,2130.4299,327700
2011-04-06,2129.1299,2136.29,2119.6599,2126.71,423000
2011-04-07,2133.3101,2135.73,2111.54,2122.1399,382800
2011-04-08,2119.01,2135.98,2118.72,2127.97,392800
2011-04-11,2127.2,2135.3301,2115.8899,2122.3899,316100
2011-04-12,2117.21,2117.21,2088.6699,2089.3999,311100
2011-04-13,2091.6799,2121.9299,2081.98,2121.9199,348100
2011-04-14,2116.49,2141.0701,2109.6299,2141.0601,371700
2011-04-15,2136.27,2142.71,2126.5901,2140.5,356700
2011-04-18,2146.8301,2149.45,2128.02,2137.72,358300
2011-04-19,2117.9399,2136.95,2111.6001,2122.6799,375000
2011-04-20,2146.3799,2169.9399,2138.8,2169.9099,374300
2011-04-21,2190.6399,2211.3601,2183.52,2198.54,416000
2011-04-22,2203.04,2208.0601,2190.8701,2197.8201,390800
2011-04-25,2205.2,2218.0701,2199.27,2216.0,354000
2011-04-26,2219.47,2222.5601,2196.76,2206.3,439300
2011-04-27,2225.95,2231.47,2191.8201,2206.7,423200
2011-04-28,2215.4199,2225.3501,2194.1499,2208.3501,354900
2011-04-29,2211.3301,2219.6001,2177.8,2192.3601,364100
2011-05-02,2203.0901,2229.0901,2202.9199,2228.96,302500
2011-05-03,2224.3999,2228.04,2188.1101,2200.73,375100
2011-05-04,2196.8999,2201.6899,2173.21,2180.6399,393700
2011-05-06,2153.5,2156.8101,2133.97,2147.45,344200
2011-05-09,2157.95,2161.9299,2136.5901,2139.1699,253900
2011-05-11,2161.4399,2166.6299,2144.9399,2166.6299,378000
2011-05-12,2139.24,2149.4199,2122.6001,2122.6499,382300
2011-05-13,2133.99,2134.53,2103.0601,2120.0801,397100
2011-05-16,2104.6699,2115.25,2097.1599,2104.1799,273600
2011-05-17,2103.8201,2111.4399,2092.3201,2102.4099,300800
2011-05-18,2110.7,2138.72,2106.4099,2135.78,260000
2011-05-19,2141.29,2143.4099,2092.6101,2095.51,283400
2011-05-20,2101.45,2112.48,2084.0601,2111.5,282800
2011-05-23,2100.4399,2100.4399,2055.71,2055.71,293000
2011-05-24,2052.4399,2070.6399,2048.55,2061.76,268500
2011-05-25,2073.53,2082.1201,2030.6801,2035.87,345000
2011-05-26,2059.9299,2094.3501,2056.49,2091.9099,296700
2011-05-27,2087.3601,2111.3601,2085.24,2100.24,272800
2011-05-30,2115.27,2116.1299,2085.75,2093.79,213200
2011-05-31,2104.1599,2146.79,2102.77,2142.47,303300
2011-06-01,2142.6699,2152.95,2132.8501,2141.3401,294700
2011-06-02,2098.3701,2126.8,2093.97,2114.2,248800
2011-06-03,2123.47,2131.9299,2108.75,2113.47,264100
2011-06-07,2093.45,2106.8501,2091.26,2099.71,246600
2011-06-08,2102.97,2109.1101,2068.78,2083.3501,281400
2011-06-09,2076.7,2088.8201,2067.5801,2071.4199,283700
2011-06-10,2085.8501,2093.9399,2045.24,2046.67,265900
2011-06-13,2030.54,2057.6499,2025.42,2048.74,218500
2011-06-14,2045.22,2082.25,2040.6899,2076.8301,209500
2011-06-15,2087.96,2091.0,2064.8201,2086.53,229200
2011-06-16,2057.1599,2068.1699,2043.8101,2046.63,234200
2011-06-17,2057.46,2058.6699,2008.84,2031.9301,282500
2011-06-20,2034.35,2047.12,2017.52,2019.65,229200
2011-06-21,2041.15,2051.1899,2015.86,2048.1699,278600
2011-06-22,2066.9099,2074.46,2059.3601,2063.8999,263800
2011-06-23,2048.0601,2064.96,2048.0601,2055.8601,259600
2011-06-24,2063.9199,2090.8201,2062.26,2090.8101,294100
2011-06-27,2076.01,2076.9399,2058.3999,2070.29,246500
2011-06-28,2092.9399,2099.9399,2062.9099,2062.9099,328600
2011-06-29,2097.8701,2098.95,2081.71,2094.4199,256100
2011-06-30,2103.5901,2105.47,2091.0901,2100.6899,257300
2011-07-01,2120.03,2131.6699,2116.6799,2125.74,273400
2011-07-04,2143.24,2153.29,2141.98,2145.3,290500
2011-07-05,2149.3999,2163.3701,2145.8701,2161.75,284900
2011-07-06,2156.9399,2171.1899,2155.3301,2171.1899,275900
2011-07-07,2167.1799,2184.9399,2165.1499,2180.5901,355600
2011-07-08,2192.8301,2192.8301,2173.96,2180.3501,323000
2011-07-11,2167.9399,2171.29,2151.8401,2157.1599,240700
2011-07-12,2131.0701,2136.98,2107.95,2109.73,286400
2011-07-13,2117.1201,2129.6399,2107.6299,2129.6399,306100
2011-07-14,2119.0601,2130.0801,2105.24,2130.0701,307400
2011-07-15,2123.5701,2145.2,2123.0,2145.2,272100
2011-07-18,2149.97,2149.97,2121.73,2130.48,329000
2011-07-19,2127.1299,2140.4399,2123.4299,2130.21,303500
2011-07-20,2158.8799,2164.22,2149.25,2154.95,373900
2011-07-21,2153.9399,2155.49,2135.6599,2145.04,362300
2011-07-22,2162.0,2171.24,2153.49,2171.23,413000
2011-07-25,2154.0,2158.3501,2146.99,2150.48,342000
2011-07-26,2163.0801,2168.7,2148.22,2168.7,330200
2011-07-27,2152.6599,2174.73,2151.8401,2174.3101,297100
2011-07-28,2138.6101,2160.4399,2138.6101,2155.8501,299500
2011-07-29,2159.27,2159.27,2133.21,2133.21,328800
2011-08-01,2160.0901,2173.28,2158.24,2172.3101,262800
2011-08-02,2152.8501,2155.4399,2114.75,2121.27,350300
2011-08-03,2079.1899,2080.76,2056.53,2066.26,434500
2011-08-04,2067.1699,2071.03,2015.23,2018.47,356400
2011-08-05,1937.17,1966.73,1920.67,1943.75,481000
2011-08-08,1916.5699,1939.92,1800.0,1869.45,571100
2011-08-09,1807.88,1828.63,1684.6801,1801.35,685000
2011-08-10,1877.4,1877.4,1802.29,1806.24,486300
2011-08-11,1733.92,1832.48,1733.92,1817.4399,438900
2011-08-12,1844.13,1847.12,1788.97,1793.3101,468900
2011-08-16,1850.53,1879.87,1848.8199,1879.87,423500
2011-08-17,1868.85,1906.61,1868.6,1892.67,431000
2011-08-18,1891.8199,1894.9399,1833.34,1860.58,503400
2011-08-19,1789.78,1797.1801,1744.86,1744.88,503800
2011-08-22,1756.59,1763.64,1704.54,1710.7,420300
2011-08-23,1735.23,1781.92,1719.97,1776.6801,428500
2011-08-24,1788.39,1799.11,1744.0699,1754.78,412600
2011-08-25,1791.08,1803.77,1762.79,1764.58,398200
2011-08-26,1754.39,1782.9,1754.39,1778.95,311000
2011-08-29,1807.6,1836.66,1787.29,1829.5,339100
2011-08-30,1853.77,1863.51,1835.65,1843.8199,493200
2011-08-31,1846.89,1880.11,1837.8199,1880.11,410400
2011-09-01,1887.21,1928.4,1877.4,1880.7,500400
2011-09-02,1872.62,1890.86,1853.7,1867.75,442600
2011-09-05,1829.3,1829.75,1785.8199,1785.83,414000
2011-09-06,1752.98,1790.47,1744.03,1766.71,505300
2011-09-07,1811.6,1833.54,1798.79,1833.46,417900
2011-09-08,1858.05,1858.05,1826.4399,1846.64,416700
2011-09-09,1817.1,1847.05,1812.9,1812.9301,331900
2011-09-14,1804.09,1807.47,1743.78,1749.16,339700
2011-09-15,1797.1801,1806.63,1742.91,1774.08,392100
2011-09-16,1819.45,1844.52,1807.62,1840.1,430100
2011-09-19,1818.9,1839.8199,1813.1,1820.9399,335600
2011-09-20,1819.84,1840.73,1793.75,1837.97,321200
2011-09-21,1842.17,1869.77,1831.95,1854.28,297600
2011-09-22,1807.24,1819.8101,1785.6899,1800.55,295400
2011-09-23,1736.38,1743.49,1697.39,1697.4399,411800
2011-09-26,1720.5,1721.03,1644.11,1652.71,424300
2011-09-27,1704.25,1735.71,1695.05,1735.71,339800
2011-09-28,1751.04,1762.67,1723.08,1723.09,344400
2011-09-29,1713.1,1769.75,1706.9,1769.29,373900
2011-09-30,1759.52,1774.29,1742.89,1769.65,354200
2011-10-05,1718.52,1718.52,1659.3101,1666.52,336300
2011-10-06,1714.84,1733.7,1707.77,1710.3199,352600
2011-10-07,1751.55,1765.4301,1747.42,1759.77,334700
2011-10-10,1763.3,1783.37,1761.6801,1766.4399,274600
2011-10-11,1810.36,1811.14,1792.78,1795.02,400000
2011-10-12,1789.65,1810.51,1778.97,1809.5,355300
2011-10-13,1831.95,1837.49,1823.1,1823.1,431600
2011-10-14,1816.1899,1839.1899,1803.42,1835.4,349000
2011-10-17,1855.72,1865.1801,1845.4301,1865.1801,367700
2011-10-18,1826.4399,1845.1801,1822.91,1838.9,323500
2011-10-19,1851.84,1855.9301,1834.38,1855.92,340000
2011-10-20,1857.46,1870.5,1804.11,1805.09,349100
2011-10-21,1831.89,1843.51,1809.42,1838.38,355200
2011-10-24,1858.26,1898.3199,1858.23,1898.3199,373900
2011-10-25,1900.99,1905.78,1883.6801,1888.65,354800
2011-10-26,1871.6899,1896.02,1864.99,1894.3101,384800
2011-10-27,1906.16,1923.98,1891.23,1922.04,418300
2011-10-28,1961.09,1963.74,1920.8101,1929.48,508800
2011-10-31,1922.3101,1941.3199,1902.04,1909.03,393700
2011-11-01,1891.22,1925.08,1891.22,1909.63,353600
2011-11-02,1870.51,1899.35,1859.83,1898.01,389600
2011-11-03,1895.14,1895.14,1863.5699,1869.96,436400
2011-11-04,1911.5601,1929.01,1906.33,1928.41,466600
2011-11-07,1932.95,1932.95,1915.38,1919.1,349700
2011-11-08,1927.89,1928.0699,1900.09,1903.14,403200
2011-11-09,1925.86,1929.65,1897.47,1907.53,434600
2011-11-10,1860.96,1862.27,1813.25,1813.25,401900
2011-11-11,1840.98,1863.46,1823.87,1863.45,296900
2011-11-14,1889.33,1907.62,1889.33,1902.8101,327300
2011-11-15,1888.67,1900.58,1878.42,1886.12,361400
2011-11-16,1898.14,1911.33,1853.13,1856.0699,407800
2011-11-17,1862.87,1876.88,1835.73,1876.67,353100
2011-11-18,1839.63,1850.04,1832.17,1839.17,337100
2011-11-21,1833.9,1833.9,1811.6899,1820.03,299700
2011-11-22,1798.41,1830.84,1797.9301,1826.28,271100
2011-11-23,1820.86,1820.86,1780.24,1783.1,411200
2011-11-24,1775.8199,1800.01,1769.4301,1795.0601,280400
2011-11-25,1780.0601,1790.8101,1766.73,1776.4,306400
2011-11-28,1804.8,1816.65,1795.39,1815.28,277700
2011-11-29,1828.3,1856.76,1823.9301,1856.52,329500
2011-11-30,1847.17,1858.1,1838.7,1847.51,334600
2011-12-01,1911.5,1926.33,1908.33,1916.1801,500500
2011-12-02,1914.41,1920.64,1905.6899,1916.04,389300
2011-12-05,1928.46,1929.1801,1911.61,1922.9,330200
2011-12-06,1914.49,1920.7,1892.01,1902.8199,383400
2011-12-07,1914.5,1921.52,1904.52,1919.42,402800
2011-12-08,1911.0699,1925.5601,1898.34,1912.39,426900
2011-12-09,1883.86,1894.59,1872.67,1874.75,372800
2011-12-12,1902.75,1903.1899,1890.1801,1899.76,409600
2011-12-13,1877.4,1880.4,1863.77,1864.0601,450100
2011-12-14,1852.2,1864.79,1851.89,1857.75,401900
2011-12-15,1834.8199,1840.9399,1817.61,1819.11,409600
2011-12-16,1827.83,1842.9399,1823.6801,1839.96,490000
2011-12-19,1829.49,1829.49,1750.6,1776.9301,684300
2011-12-20,1791.62,1797.59,1780.1,1793.0601,389800
2011-12-21,1837.99,1850.67,1831.26,1848.41,516900
2011-12-22,1841.23,1847.49,1835.91,1847.49,406400
2011-12-23,1861.0699,1872.3101,1859.4,1867.22,466300
2011-12-26,1873.0699,1873.79,1851.99,1856.7,434700
2011-12-27,1856.78,1864.71,1813.48,1842.02,529900
2011-12-28,1833.26,1833.26,1817.97,1825.12,378700
2011-12-29,1815.63,1835.1899,1806.88,1825.74,344600
2012-01-02,1831.6899,1837.8101,1814.55,1826.37,323400
2012-01-03,1846.5601,1875.41,1846.5601,1875.41,443500
2012-01-04,1883.48,1884.6899,1866.22,1866.22,494500
2012-01-05,1869.42,1875.97,1860.5699,1863.74,533800
2012-01-06,1867.12,1867.12,1824.29,1843.14,472700
2012-01-09,1832.04,1832.04,1810.48,1826.49,395500
2012-01-10,1841.13,1859.55,1840.47,1853.22,388600
2012-01-11,1857.54,1857.8199,1843.12,1845.55,448000
2012-01-12,1853.1,1864.5699,1837.96,1864.5699,476300
2012-01-13,1865.72,1881.84,1861.53,1875.6801,475000
2012-01-16,1860.77,1863.3199,1843.86,1859.27,391900
2012-01-17,1878.16,1892.76,1878.16,1892.74,432000
2012-01-18,1891.17,1898.7,1884.33,1892.39,428000
2012-01-19,1912.4301,1914.98,1902.02,1914.97,374400
2012-01-20,1922.13,1952.09,1922.13,1949.89,404800
2012-01-25,1947.74,1973.35,1945.14,1952.23,375900
2012-01-26,1959.1899,1962.71,1949.51,1957.1801,408000
2012-01-27,1960.7,1966.2,1949.46,1964.83,448900
2012-01-30,1956.63,1961.6,1936.14,1940.55,411700
2012-01-31,1943.25,1960.4399,1936.6801,1955.79,469200
2012-02-01,1948.5699,1969.8,1947.46,1959.24,501100
2012-02-02,1982.23,1993.88,1977.3199,1984.3,641000
2012-02-03,1982.24,1982.62,1961.95,1972.34,535900
2012-02-06,1994.21,1996.05,1964.77,1973.13,523200
2012-02-07,1976.77,1983.8199,1971.33,1981.59,539400
2012-02-08,1985.21,2003.73,1982.99,2003.73,587900
2012-02-09,1998.2,2014.62,1978.51,2014.62,557600
2012-02-10,2010.04,2011.52,1986.96,1993.71,696700
2012-02-13,2000.66,2010.66,1991.28,2005.74,452800
2012-02-14,1999.53,2008.65,1995.6,2002.64,515900
2012-02-15,2012.0,2026.75,2009.6801,2025.3199,681500
2012-02-16,2005.37,2012.4399,1995.99,1997.45,696700
2012-02-17,2025.5601,2031.4,2019.79,2023.47,731100
2012-02-20,2041.51,2047.4301,2024.59,2024.9,733900
2012-02-21,2022.05,2030.46,2007.46,2024.24,709000
2012-02-22,2018.0699,2028.9301,2015.3,2028.65,883700
2012-02-23,2016.46,2016.46,2001.25,2007.8,690100
2012-02-24,2010.6,2019.9,1998.39,2019.89,717900
2012-02-27,2013.61,2013.6899,1987.74,1991.16,636000
2012-02-28,1995.9301,2006.26,1992.66,2003.6899,607900
2012-02-29,2015.38,2033.63,2015.38,2030.25,562600
2012-03-02,2041.52,2046.8199,2033.5,2034.63,483200
2012-03-05,2028.97,2030.5699,2011.5,2016.0601,548000
2012-03-06,2019.28,2023.83,1988.86,2000.36,554700
2012-03-07,1968.72,1987.97,1966.6899,1982.15,511300
2012-03-08,1989.3,2004.72,1978.79,2000.76,456100
2012-03-09,2017.67,2022.95,2001.67,2018.3,416400
2012-03-12,2018.73,2019.14,2001.5,2002.5,375500
2012-03-13,2012.91,2028.98,2012.91,2025.04,448900
2012-03-14,2050.5,2057.28,2045.08,2045.08,541100
2012-03-15,2044.01,2050.48,2038.6,2043.76,476100
2012-03-16,2054.6299,2054.99,2034.21,2034.4399,464200
2012-03-19,2040.0699,2050.8701,2036.35,2047.0,555800
2012-03-20,2046.38,2055.3401,2035.26,2042.15,540300
2012-03-21,2031.58,2039.8,2022.97,2027.23,517100
2012-03-22,2026.75,2031.42,2017.9301,2026.12,541700
2012-03-23,2015.0699,2029.77,2013.72,2026.83,506800
2012-03-26,2035.17,2041.05,2012.86,2019.1899,437000
2012-03-27,2042.47,2043.75,2028.39,2039.76,606400
2012-03-28,2034.35,2038.45,2028.11,2031.74,533800
2012-03-29,2019.41,2025.23,2004.9399,2014.41,470300
2012-03-30,2011.5,2018.09,2002.61,2014.04,449900
2012-04-02,2022.42,2031.79,2015.72,2029.29,409900
2012-04-03,2040.8101,2051.8,2038.52,2049.28,593300
2012-04-04,2046.9,2048.1101,2015.5699,2018.61,621500
2012-04-05,2006.27,2030.6899,1997.12,2028.77,549300
2012-04-06,2026.3199,2033.49,2022.8101,2029.03,536300
2012-04-09,2008.03,2009.36,1995.8,1997.08,466700
2012-04-10,2000.77,2011.27,1990.13,1994.41,543700
2012-04-12,1985.16,1986.63,1969.09,1986.63,391500
2012-04-13,2001.71,2011.37,1996.23,2008.91,495300
2012-04-16,1985.28,1998.35,1982.9301,1992.63,452500
2012-04-17,1995.33,1999.5,1982.4399,1985.3,445700
2012-04-18,2014.23,2014.95,2001.59,2004.53,382900
2012-04-19,2000.4,2008.8199,1994.61,1999.86,412100
2012-04-20,1988.22,1988.22,1970.54,1974.65,518700
2012-04-23,1971.39,1980.9399,1964.12,1972.63,585200
2012-04-24,1956.75,1972.24,1954.01,1963.42,630800
2012-04-25,1980.51,1980.51,1961.97,1961.98,681800
2012-04-26,1976.8199,1979.4301,1955.05,1964.04,607400
2012-04-27,1972.05,1983.26,1967.84,1975.35,484700
2012-04-30,1989.52,1991.12,1975.46,1981.99,837900
2012-05-02,1994.17,2001.11,1989.55,1999.0699,653000
2012-05-03,1995.78,1998.9,1990.45,1995.11,685800
2012-05-04,1987.03,1992.1,1981.58,1989.15,608800
2012-05-07,1956.0601,1960.51,1952.42,1956.4399,533700
2012-05-08,1967.28,1969.64,1961.4399,1967.01,492700
2012-05-09,1958.3101,1962.04,1945.3101,1950.29,468000
2012-05-10,1944.8,1951.51,1937.14,1944.9301,425100
2012-05-11,1939.0,1939.0,1915.6899,1917.13,535900
2012-05-14,1917.26,1921.65,1900.4301,1913.73,399000
2012-05-15,1897.74,1904.99,1881.8,1898.96,524600
2012-05-16,1886.6899,1889.29,1840.23,1840.53,426200
2012-05-17,1842.83,1856.34,1833.08,1845.24,444300
2012-05-18,1813.79,1813.79,1779.47,1782.46,547800
2012-05-21,1801.48,1804.48,1788.33,1799.13,414100
2012-05-22,1825.8199,1831.0601,1813.53,1828.6899,428400
2012-05-23,1815.33,1815.33,1796.5,1808.62,447600
2012-05-24,1807.0699,1816.98,1800.74,1814.47,407900
2012-05-25,1818.62,1831.78,1815.54,1824.17,386500
2012-05-29,1821.63,1851.9399,1817.9,1849.91,328000
2012-05-30,1846.12,1846.6,1828.83,1844.86,417000
2012-05-31,1819.99,1843.49,1813.01,1843.47,447900
2012-06-01,1832.08,1842.0,1821.98,1834.51,334400
2012-06-04,1782.58,1794.02,1776.85,1783.13,395100
2012-06-05,1799.88,1806.11,1791.84,1801.85,338800
2012-06-07,1839.49,1853.2,1839.49,1847.95,403400
2012-06-08,1854.0,1854.59,1832.83,1835.64,379800
2012-06-11,1860.9,1869.33,1859.74,1867.04,382200
2012-06-12,1840.5601,1857.9301,1840.1,1854.74,421400
2012-06-13,1867.45,1867.45,1849.71,1859.3199,558300
2012-06-14,1856.5699,1871.48,1855.0601,1871.48,426600
2012-06-15,1871.48,1871.48,1847.1899,1858.16,452500
2012-06-18,1892.91,1901.11,1887.05,1891.71,376300
2012-06-19,1885.5601,1895.3199,1883.5601,1891.77,380900
2012-06-20,1908.1899,1908.1899,1895.27,1904.12,367700
2012-06-21,1895.51,1900.4399,1879.65,1889.15,390200
2012-06-22,1861.4399,1863.5699,1843.5699,1847.39,300700
2012-06-25,1842.76,1842.76,1813.41,1825.38,291200
2012-06-26,1818.51,1826.66,1814.46,1817.8101,313300
2012-06-27,1815.7,1821.47,1795.16,1817.65,319500
2012-06-28,1826.37,1827.35,1806.08,1819.1801,309700
2012-06-29,1808.61,1854.01,1801.63,1854.01,320600
2012-07-02,1864.73,1865.9301,1851.28,1851.65,273600
2012-07-03,1858.7,1871.08,1858.4399,1867.8199,348200
2012-07-04,1875.52,1881.6801,1871.84,1874.45,336100
2012-07-05,1870.53,1878.13,1866.91,1875.49,324200
2012-07-06,1877.74,1880.36,1850.1,1858.2,340700
2012-07-09,1840.3,1844.3199,1833.11,1836.13,282000
2012-07-10,1843.77,1845.9399,1823.79,1829.45,368900
2012-07-11,1825.53,1827.6,1813.79,1826.39,336700
2012-07-12,1827.8199,1830.77,1785.3199,1785.39,320800
2012-07-13,1790.98,1820.66,1773.67,1812.89,348500
2012-07-16,1820.34,1821.84,1807.11,1817.79,268400
2012-07-17,1808.63,1835.64,1802.0699,1821.96,412600
2012-07-18,1821.28,1827.95,1790.36,1794.91,454700
2012-07-19,1820.84,1830.09,1815.71,1822.96,488700
2012-07-20,1823.95,1830.26,1818.84,1822.9301,412100
2012-07-23,1799.24,1799.24,1780.01,1789.4399,502100
2012-07-24,1784.47,1796.02,1781.6,1793.9301,490600
2012-07-25,1760.22,1785.84,1758.99,1769.3101,468000
2012-07-26,1778.01,1787.2,1766.8101,1782.47,409600
2012-07-27,1812.98,1829.16,1805.92,1829.16,397600
2012-07-30,1847.01,1850.27,1841.4,1843.79,337200
2012-07-31,1845.46,1896.83,1842.51,1881.99,359200
2012-08-01,1870.58,1886.3199,1867.28,1879.9301,291300
2012-08-02,1883.6801,1885.89,1864.86,1869.4,270500
2012-08-03,1846.58,1864.13,1843.87,1848.6801,257900
2012-08-06,1883.62,1894.92,1881.86,1885.88,245600
2012-08-07,1883.8199,1891.6,1881.66,1886.8,325300
2012-08-08,1896.58,1919.61,1896.5601,1903.23,485600
2012-08-09,1907.13,1947.08,1907.13,1940.59,495300
2012-08-10,1937.89,1948.05,1933.9301,1946.4,326500
2012-08-13,1945.33,1946.2,1932.4,1932.4399,352700
2012-08-14,1942.61,1957.15,1939.45,1956.96,341100
2012-08-16,1956.35,1959.92,1947.26,1957.91,430500
2012-08-17,1964.0699,1964.0699,1941.79,1946.54,372500
2012-08-20,1944.67,1949.89,1938.25,1946.3101,357900
2012-08-21,1954.51,1961.0699,1942.61,1943.22,407500
2012-08-22,1939.6,1947.4301,1917.48,1935.1899,422800
2012-08-23,1934.5601,1942.97,1924.5,1942.54,604400
2012-08-24,1921.08,1927.1,1913.75,1919.8101,631300
2012-08-27,1909.02,1925.15,1907.5,1917.87,572900
2012-08-28,1922.02,1925.7,1910.58,1916.33,611900
2012-08-29,1920.49,1931.0,1914.8199,1928.54,592400
2012-08-30,1922.8199,1922.8199,1897.0699,1906.38,747800
2012-08-31,1897.16,1912.24,1896.84,1905.12,659100
2012-09-03,1909.0601,1921.84,1885.03,1912.71,597100
2012-09-04,1911.47,1916.16,1906.22,1907.13,881500
2012-09-05,1894.7,1894.7,1874.03,1874.03,624100
2012-09-06,1881.54,1888.1801,1873.49,1881.24,752900
2012-09-07,1918.36,1929.58,1915.5601,1929.58,597700
2012-09-10,1934.63,1937.85,1924.7,1924.7,620800
2012-09-11,1920.46,1923.09,1912.47,1920.0,718700
2012-09-12,1931.4399,1953.03,1927.75,1950.03,708400
2012-09-13,1948.27,1955.03,1938.74,1950.6899,983100
2012-09-14,1994.42,2008.97,1991.13,2007.58,1023900
2012-09-17,2005.54,2011.5,1997.79,2002.35,881700
2012-09-18,1998.3,2005.73,1995.83,2004.96,855300
2012-09-19,2000.2,2012.74,1993.91,2007.88,959900
2012-09-20,1997.65,2004.54,1987.9399,1990.33,618400
2012-09-21,2000.05,2005.11,1991.5601,2002.37,649200
2012-09-24,1996.42,2005.45,1977.7,2003.4399,483000
2012-09-25,1994.08,2004.26,1988.88,1991.41,529000
2012-09-26,1973.11,1986.28,1968.85,1980.4399,1209800
2012-09-27,1969.65,1991.26,1969.6,1988.7,693700
2012-09-28,2000.01,2000.01,1988.41,1996.21,678200
2012-10-02,1998.52,2003.63,1995.12,1996.03,496300
2012-10-04,1998.73,1998.99,1983.03,1992.6801,596900
2012-10-05,2004.62,2007.84,1991.21,1995.17,681200
2012-10-08,1994.05,1994.05,1979.24,1981.89,508300
2012-10-09,1982.09,1992.3199,1979.0,1979.04,516900
2012-10-10,1961.9,1962.72,1948.22,1948.22,449400
2012-10-11,1934.49,1949.74,1919.8199,1933.09,464100
2012-10-12,1937.85,1940.3199,1927.39,1933.26,398800
2012-10-15,1927.8199,1937.15,1921.3199,1925.59,567900
2012-10-16,1942.51,1944.22,1931.09,1941.54,538400
2012-10-17,1955.78,1965.53,1949.71,1955.15,499800
2012-10-18,1960.39,1963.53,1954.1,1959.12,495000
2012-10-19,1954.33,1958.64,1938.96,1943.84,383200
2012-10-22,1910.98,1942.64,1910.23,1941.59,458100
2012-10-23,1943.79,1944.38,1926.8101,1926.8101,539000
2012-10-24,1907.16,1922.02,1901.62,1913.96,564600
2012-10-25,1906.91,1924.51,1904.95,1924.5,438100
2012-10-26,1917.64,1921.25,1890.15,1891.4301,437500
2012-10-29,1901.83,1905.22,1884.77,1891.52,371700
2012-10-30,1894.05,1913.52,1893.75,1899.58,334100
2012-10-31,1912.83,1918.4,1909.08,1912.0601,397200
2012-11-01,1903.5699,1904.99,1887.5601,1898.4399,402400
2012-11-02,1920.55,1921.98,1915.11,1918.72,441200
2012-11-05,1905.46,1914.38,1903.3199,1908.22,343400
2012-11-06,1911.83,1928.17,1908.49,1928.17,545800
2012-11-07,1933.79,1937.55,1916.8101,1937.55,556700
2012-11-08,1912.64,1918.6899,1905.62,1914.41,659700
2012-11-09,1893.09,1907.5699,1879.0601,1904.41,636200
2012-11-12,1899.3,1903.8101,1892.6801,1900.87,473300
2012-11-13,1904.1899,1904.97,1881.85,1889.7,494900
2012-11-14,1891.45,1895.48,1880.61,1894.04,533900
2012-11-15,1870.29,1875.49,1859.79,1870.72,450900
2012-11-16,1865.8101,1872.6899,1856.8101,1860.83,465000
2012-11-19,1869.76,1884.11,1869.23,1878.1,349400
2012-11-20,1896.58,1897.5601,1886.34,1890.1801,372300
2012-11-21,1895.72,1899.6,1878.25,1884.04,380800
2012-11-22,1894.66,1903.27,1893.1801,1899.5,412800
2012-11-23,1901.73,1911.33,1894.58,1911.33,330000
2012-11-26,1918.01,1918.11,1905.95,1908.51,276800
2012-11-27,1917.14,1930.24,1913.97,1925.2,588300
2012-11-28,1916.3101,1916.76,1906.2,1912.78,408900
2012-11-29,1922.86,1935.1,1922.51,1934.85,388800
2012-11-30,1932.71,1941.84,1927.98,1932.9,337300
2012-12-03,1937.28,1944.75,1933.67,1940.02,314900
2012-12-04,1932.66,1938.28,1928.09,1935.1801,294800
2012-12-05,1933.45,1949.7,1930.15,1947.04,492600
2012-12-06,1948.55,1955.0699,1946.03,1949.62,345300
2012-12-07,1953.17,1963.0601,1952.83,1957.45,413400
2012-12-10,1965.71,1970.1899,1955.39,1957.42,367600
2012-12-11,1962.52,1965.6801,1956.75,1964.62,404800
2012-12-12,1972.33,1975.4399,1966.91,1975.4399,459700
2012-12-13,1976.1801,2002.78,1976.1801,2002.77,421500
2012-12-14,1989.42,1999.65,1985.1899,1995.04,350500
2012-12-17,1993.1801,1999.38,1981.13,1983.0699,366700
2012-12-18,1990.72,1993.09,1979.22,1993.09,454300
2012-12-20,2002.11,2006.08,1991.8101,1999.5,421900
2012-12-21,2004.61,2004.67,1976.09,1980.42,553700
2012-12-24,1984.1801,1985.5699,1977.0,1981.8199,348200
2012-12-26,1992.1,2000.92,1982.25,1982.25,458000
2012-12-27,1979.46,1987.91,1971.53,1987.35,376100
2012-12-28,1984.84,2002.67,1984.84,1997.05,302900
2013-01-02,2013.74,2033.66,2012.3,2031.1,364100
2013-01-03,2041.24,2042.48,2018.49,2019.41,491000
2013-01-04,2017.88,2018.63,2001.53,2011.9399,378900
2013-01-07,2012.15,2014.0,1996.47,2011.25,536200
2013-01-08,2003.22,2009.99,1997.91,1997.9399,493700
2013-01-09,2001.98,2007.72,1989.48,1991.8101,607600
2013-01-10,1993.87,2008.47,1988.04,2006.8,500800
2013-01-11,2017.38,2017.92,1984.16,1996.67,472600
2013-01-14,1993.8199,2007.04,1989.24,2007.04,454800
2013-01-15,2006.89,2016.37,1983.74,1983.74,546200
2013-01-16,1988.4399,1996.46,1970.01,1977.45,457600
2013-01-17,1983.67,1986.34,1964.62,1974.27,828700
2013-01-18,1987.65,1988.47,1976.72,1987.85,583300
2013-01-21,1987.96,1991.98,1972.64,1986.86,446600
2013-01-22,1986.58,1999.35,1981.88,1996.52,553400
2013-01-23,2003.37,2008.0601,1980.41,1980.41,491400
2013-01-24,1970.85,1980.03,1960.75,1964.48,558400
2013-01-25,1966.4,1966.83,1934.89,1946.6899,401800
2013-01-28,1940.33,1943.49,1930.37,1939.71,349500
2013-01-29,1946.11,1958.88,1944.8101,1955.96,465000
2013-01-30,1961.92,1967.29,1950.67,1964.4301,523300
2013-01-31,1960.78,1965.92,1954.53,1961.9399,399600
2013-02-01,1964.75,1966.54,1942.4399,1957.79,385900
2013-02-04,1968.95,1969.13,1952.83,1953.21,345400
2013-02-05,1936.92,1944.0,1928.75,1938.1801,366700
2013-02-06,1943.33,1944.4399,1935.4399,1936.1899,349200
2013-02-07,1939.42,1946.67,1931.1,1931.77,412200
2013-02-08,1930.0,1955.86,1929.8101,1950.9,291200
2013-02-12,1958.46,1958.65,1943.63,1945.79,307500
2013-02-13,1952.86,1976.0699,1950.58,1976.0699,331000
2013-02-14,1977.42,1986.14,1972.8,1979.61,336000
2013-02-15,1981.0601,1982.76,1976.12,1981.1801,598800
2013-02-18,1979.42,1985.41,1973.65,1981.91,420700
2013-02-19,1981.96,1990.09,1979.85,1985.83,344300
2013-02-20,1997.04,2024.64,1995.3101,2024.64,407700
2013-02-21,2014.5,2021.24,2010.91,2015.22,391200
2013-02-22,2007.34,2029.4399,2006.59,2018.89,409100
2013-02-25,2022.51,2022.77,2008.78,2009.52,338200
2013-02-26,1993.12,2005.86,1991.96,2000.01,433400
2013-02-27,2008.9399,2014.96,1999.65,2004.04,417100
2013-02-28,2019.05,2030.85,2016.15,2026.49,422000
2013-03-04,2028.55,2029.3199,2011.09,2013.15,357400
2013-03-05,2022.41,2031.65,2016.6,2016.61,491900
2013-03-06,2033.17,2033.89,2016.65,2020.74,395400
2013-03-07,2018.63,2018.63,1998.29,2004.4,386500
2013-03-08,2001.97,2007.37,1994.25,2006.01,312100
2013-03-11,2000.5699,2006.3,1982.38,2003.35,398300
2013-03-12,2006.84,2007.4399,1990.17,1993.34,390200
2013-03-13,1994.79,1999.73,1988.1899,1999.73,353000
2013-03-14,2000.0699,2002.13,1978.5699,2002.13,330900
2013-03-15,2009.71,2009.71,1985.91,1986.5,307400
2013-03-18,1974.71,1982.92,1968.1801,1968.1801,304300
2013-03-19,1978.41,1989.46,1973.23,1978.5601,326800
2013-03-20,1969.1899,1978.17,1959.4,1959.41,332900
2013-03-21,1969.3,1973.26,1950.8199,1950.8199,262900
2013-03-22,1949.03,1956.33,1946.05,1948.71,259600
2013-03-25,1968.85,1981.75,1968.14,1977.67,276300
2013-03-26,1976.8101,1990.23,1975.6,1983.7,298800
2013-03-27,1991.91,1996.5601,1973.72,1993.4399,362600
2013-03-28,1989.7,1995.3101,1985.45,1993.52,367700
2013-03-29,2007.12,2013.21,2003.96,2004.89,341600
2013-04-01,2009.9399,2010.15,1994.54,1995.99,269200
2013-04-02,1996.8101,2001.78,1973.27,1986.15,496100
2013-04-03,1990.71,1992.4,1972.02,1983.22,396400
2013-04-04,1963.39,1965.1899,1938.89,1959.45,415400
2013-04-05,1948.33,1952.1,1916.77,1927.23,372700
2013-04-08,1927.04,1933.95,1918.6899,1918.6899,313300
2013-04-09,1918.13,1934.74,1901.96,1920.74,356600
2013-04-10,1933.73,1939.1899,1923.4301,1935.58,320200
2013-04-11,1944.53,1949.8,1926.54,1949.8,386600
2013-04-12,1954.22,1956.21,1919.9,1924.23,407400
2013-04-15,1916.0601,1927.72,1907.35,1920.45,332900
2013-04-16,1900.1801,1926.65,1896.6899,1922.21,393100
2013-04-17,1934.61,1934.8199,1910.78,1923.84,415300
2013-04-18,1916.55,1919.53,1900.05,1900.0601,343500
2013-04-19,1899.35,1910.24,1888.3,1906.75,331300
2013-04-22,1903.97,1926.3101,1901.98,1926.3101,258800
2013-04-23,1924.4301,1924.79,1908.77,1918.63,260500
2013-04-24,1931.0601,1939.35,1921.03,1935.3101,341100
2013-04-25,1937.88,1951.66,1935.8101,1951.6,335000
2013-04-26,1949.92,1951.86,1942.37,1944.5601,280200
2013-04-29,1948.87,1948.97,1934.6801,1940.7,266000
2013-04-30,1947.0699,1967.0601,1946.99,1963.95,403100
2013-05-02,1961.67,1966.6801,1954.28,1957.21,349700
2013-05-03,1967.88,1968.04,1953.4,1965.71,312500
2013-05-06,1977.4399,1983.64,1960.14,1961.48,294900
2013-05-07,1962.28,1962.87,1951.27,1954.35,299900
2013-05-08,1961.73,1964.08,1952.38,1956.45,337900
2013-05-09,1963.61,1982.3199,1961.5,1979.45,332600
2013-05-10,1975.48,1975.48,1944.75,1944.75,283800
2013-05-13,1936.86,1948.7,1935.5699,1948.7,251600
2013-05-14,1954.39,1972.5,1954.13,1968.83,328500
2013-05-15,1971.96,1972.4399,1963.52,1971.26,247000
2013-05-16,1980.03,1991.98,1980.03,1986.8101,322200
2013-05-20,1990.36,1991.27,1982.4301,1982.4301,274400
2013-05-21,1994.02,1995.1,1976.17,1981.09,245800
2013-05-22,1991.76,1998.7,1987.23,1993.83,326400
2013-05-23,1985.91,1991.35,1969.1899,1969.1899,342900
2013-05-24,1979.35,1979.9301,1961.59,1973.45,273600
2013-05-27,1974.59,1984.13,1971.53,1979.97,256100
2013-05-28,1983.58,1991.2,1978.89,1986.22,311400
2013-05-29,1993.6899,2009.4301,1992.6801,2001.2,362600
2013-05-30,1999.83,2008.23,1997.84,2000.1,435700
2013-05-31,2009.25,2013.29,2000.8199,2001.05,397500
2013-06-03,1993.11,2000.5601,1989.51,1989.5699,333500
2013-06-04,1998.38,1999.73,1979.42,1989.51,334900
2013-06-05,1988.9399,1989.29,1959.1899,1959.1899,340500
2013-06-07,1953.83,1954.8199,1923.84,1923.85,341100
2013-06-10,1927.1899,1934.92,1923.59,1932.7,271700
2013-06-11,1933.1,1933.34,1910.05,1920.6801,288200
2013-06-12,1913.6,1921.54,1907.29,1909.91,253400
2013-06-13,1905.1,1911.04,1881.24,1882.73,306400
2013-06-14,1895.77,1896.6,1881.5,1889.24,279300
2013-06-17,1889.45,1897.7,1878.4,1883.1,264400
2013-06-18,1887.72,1900.63,1872.7,1900.62,278600
2013-06-19,1899.5,1899.5,1883.41,1888.3101,279800
2013-06-20,1864.37,1873.1801,1844.41,1850.49,355800
2013-06-21,1806.4,1823.99,1806.02,1822.83,290500
2013-06-24,1821.22,1821.22,1798.98,1799.01,220900
2013-06-25,1790.33,1807.62,1770.53,1780.63,332200
2013-06-26,1799.74,1799.74,1772.49,1783.45,296900
2013-06-27,1809.55,1839.52,1809.4,1834.7,286300
2013-06-28,1844.6,1864.09,1844.6,1863.3199,251100
2013-07-01,1851.5699,1866.63,1850.03,1855.73,220900
2013-07-02,1861.26,1867.1801,1850.29,1855.02,483200
2013-07-03,1854.29,1860.46,1823.1,1824.66,405800
2013-07-04,1830.49,1840.38,1825.62,1839.14,313000
2013-07-05,1848.97,1857.39,1828.75,1833.3101,285600
2013-07-08,1830.8101,1840.5699,1809.72,1816.85,303600
2013-07-09,1828.63,1831.35,1815.03,1830.35,257900
2013-07-10,1835.9399,1836.91,1818.9399,1824.16,267900
2013-07-11,1840.34,1877.6,1840.34,1877.6,331500
2013-07-12,1873.66,1873.66,1863.4,1869.98,266000
2013-07-15,1870.26,1877.46,1847.8199,1875.16,330000
2013-07-16,1875.53,1875.6801,1860.37,1866.36,303300
2013-07-17,1871.29,1894.7,1856.55,1887.49,382900
2013-07-18,1883.0699,1885.01,1870.78,1875.48,380300
2013-07-19,1880.4399,1881.4,1861.4301,1871.41,319600
2013-07-22,1880.8101,1894.41,1873.17,1880.35,356900
2013-07-23,1890.55,1904.15,1885.5699,1904.15,352400
2013-07-24,1904.0699,1914.41,1901.15,1912.08,322200
2013-07-25,1906.5699,1913.91,1904.4399,1909.61,312000
2013-07-26,1912.05,1915.97,1902.47,1910.8101,320200
2013-07-29,1908.66,1912.5699,1899.02,1899.89,337600
2013-07-30,1901.88,1917.11,1900.54,1917.05,366900
2013-07-31,1915.47,1920.6,1910.8199,1914.03,384100
2013-08-01,1916.5601,1925.3199,1906.74,1920.74,336100
2013-08-02,1936.26,1939.28,1920.98,1923.38,298200
2013-08-05,1920.83,1925.6,1915.6899,1916.22,234000
2013-08-06,1914.0601,1914.0601,1895.87,1906.62,294600
2013-08-07,1892.47,1895.5,1878.33,1878.33,312400
2013-08-08,1884.58,1896.0699,1879.13,1883.97,338200
2013-08-09,1884.5699,1888.79,1876.0699,1880.71,283500
2013-08-12,1878.5,1894.42,1878.33,1884.83,297500
2013-08-13,1893.42,1913.03,1890.78,1913.03,362600
2013-08-14,1912.59,1925.1,1908.92,1923.91,363300
2013-08-16,1903.72,1927.59,1901.7,1920.11,348500
2013-08-19,1917.3199,1918.71,1909.8,1917.64,302100
2013-08-20,1910.3,1923.42,1885.9301,1887.85,350400
2013-08-21,1891.01,1894.74,1863.6,1867.46,411200
2013-08-22,1847.9399,1858.5,1838.52,1849.12,425900
2013-08-23,1861.58,1876.14,1854.67,1870.16,375000
2013-08-26,1876.59,1890.38,1876.59,1887.86,316300
2013-08-27,1883.71,1896.63,1881.4399,1885.84,409300
2013-08-28,1862.51,1885.35,1861.5601,1884.52,378300
2013-08-29,1892.03,1914.9,1891.59,1907.54,301700
2013-08-30,1918.91,1926.37,1910.37,1926.36,300900
2013-09-02,1925.3199,1932.46,1921.01,1924.8101,244000
2013-09-03,1934.24,1940.99,1928.09,1933.74,300100
2013-09-04,1929.6,1938.26,1921.9301,1933.03,284200
2013-09-05,1943.66,1954.21,1937.8199,1951.65,286700
2013-09-06,1954.11,1962.15,1949.01,1955.3101,325000
2013-09-09,1964.09,1974.67,1962.62,1974.67,270700
2013-09-10,1978.08,1994.0601,1974.59,1994.0601,264300
2013-09-11,1995.96,2003.85,1987.4,2003.85,299400
2013-09-12,2004.67,2017.48,1995.16,2004.0601,359300
2013-09-13,1994.95,2004.87,1992.26,1994.3199,253900
2013-09-16,2011.6899,2018.02,2004.45,2013.37,248500
2013-09-17,2009.3101,2009.3101,1994.3101,2005.58,264700
2013-09-23,2000.72,2015.1801,1994.77,2009.41,249500
2013-09-24,2001.51,2011.11,1990.36,2007.1,309400
2013-09-25,2004.53,2006.88,1988.87,1998.0601,294800
2013-09-26,1992.1,2007.3199,1991.1,2007.3199,255600
2013-09-27,2012.26,2016.34,2008.25,2011.8,282300
2013-09-30,2002.02,2005.41,1994.22,1996.96,292800
2013-10-01,1997.62,2012.52,1991.22,1998.87,281300
2013-10-02,2012.0699,2012.8199,1999.02,1999.47,238300
2013-10-04,1999.92,2004.65,1985.63,1996.98,241100
2013-10-07,1997.17,2002.61,1991.02,1994.42,249800
2013-10-08,1987.97,2002.78,1981.21,2002.76,329600
2013-10-10,2000.91,2010.0,1997.66,2001.4,222700
2013-10-11,2018.01,2028.11,2012.66,2024.9,254300
2013-10-14,2026.0699,2026.79,2019.65,2020.27,220700
2013-10-15,2034.6899,2045.5,2033.84,2040.96,233600
2013-10-16,2040.03,2049.5,2033.75,2034.61,267500
2013-10-17,2051.1899,2052.4399,2035.96,2040.61,306900
2013-10-18,2046.5601,2052.3999,2041.36,2052.3999,257600
2013-10-21,2054.1599,2060.1799,2047.83,2053.01,281900
2013-10-22,2051.01,2056.1201,2045.45,2056.1201,378800
2013-10-23,2062.8101,2063.28,2035.75,2035.75,368000
2013-10-24,2034.96,2046.6899,2027.9301,2046.6899,254900
2013-10-25,2047.46,2047.46,2023.8199,2034.39,234800
2013-10-28,2037.28,2048.1399,2030.9,2048.1399,257500
2013-10-29,2046.67,2053.78,2039.46,2051.76,307700
2013-10-30,2055.0,2059.5801,2043.9301,2059.5801,263400
2013-10-31,2050.96,2055.5901,2030.09,2030.09,254500
2013-11-01,2037.25,2041.23,2030.5699,2039.42,294200
2013-11-04,2035.08,2035.84,2022.91,2025.17,235200
2013-11-05,2027.62,2029.6,2010.2,2013.9301,257800
2013-11-06,2015.3199,2023.52,2011.41,2013.67,273700
2013-11-07,2014.85,2017.55,2000.6,2004.04,310900
2013-11-08,1987.21,1998.59,1984.86,1984.87,287300
2013-11-11,1995.86,1995.86,1973.05,1977.3,286200
2013-11-12,1983.9399,2000.41,1983.89,1995.48,247400
2013-11-13,1993.16,1993.16,1963.5601,1963.5601,251500
2013-11-14,1980.2,1981.89,1963.42,1967.5601,323100
2013-11-15,1980.99,2006.3101,1980.99,2005.64,264700
2013-11-18,2014.24,2018.17,2009.76,2010.8101,314000
2013-11-19,2009.95,2033.91,2009.47,2031.64,402800
2013-11-20,2028.34,2029.61,2010.74,2017.24,334800
2013-11-21,2013.71,2013.71,1985.65,1993.78,292700
2013-11-22,2002.15,2011.2,1992.48,2006.23,351000
2013-11-25,2020.0,2031.11,2015.98,2015.98,295500
2013-11-26,2008.1899,2022.66,1998.9,2022.64,275300
2013-11-27,2016.28,2028.8101,2010.84,2028.8101,284100
2013-11-28,2039.73,2047.66,2037.73,2045.77,276300
2013-11-29,2044.85,2050.7,2038.46,2044.87,245400
2013-12-02,2050.45,2052.8799,2029.1,2030.78,229700
2013-12-03,2023.62,2028.0699,2008.55,2009.36,294900
2013-12-04,1998.6899,2006.71,1986.8,1986.8,230300
2013-12-05,1993.73,1994.3199,1971.4399,1984.77,217700
2013-12-06,1982.99,1990.55,1980.4,1980.41,201900
2013-12-09,2000.52,2003.97,1997.58,2000.38,230300
2013-12-10,2000.03,2001.33,1989.41,1993.45,201000
2013-12-11,1987.22,2000.15,1972.87,1977.97,231400
2013-12-12,1966.4399,1970.51,1958.99,1967.9301,255100
2013-12-13,1963.04,1963.8101,1947.4399,1962.91,234100
2013-12-16,1960.6,1970.25,1956.63,1961.15,213500
2013-12-17,1977.9399,1979.62,1962.22,1965.74,253900
2013-12-18,1971.85,1982.42,1966.1801,1974.63,258700
2013-12-19,1996.79,1997.02,1969.95,1975.65,255800
2013-12-20,1973.12,1984.4399,1972.59,1983.35,247100
2013-12-23,1993.45,2000.0699,1989.0,1996.89,223000
2013-12-24,2000.24,2007.34,1994.34,2001.59,214700
2013-12-26,2004.25,2009.96,1997.34,1999.3,230500
2013-12-27,1994.05,2004.55,1987.58,2002.28,207800
2013-12-30,2004.3199,2011.34,1998.61,2011.34,172200
2014-01-02,2013.11,2013.89,1967.1899,1967.1899,207800
2014-01-03,1963.72,1964.63,1936.15,1946.14,188500
2014-01-06,1947.62,1961.85,1943.74,1953.28,193600
2014-01-07,1947.65,1965.74,1947.08,1959.4399,193000
2014-01-08,1965.5,1966.95,1950.02,1958.96,217100
2014-01-09,1962.3,1964.59,1946.11,1946.11,276400
2014-01-10,1949.53,1956.97,1931.16,1938.54,263000
2014-01-13,1947.38,1954.0699,1942.83,1948.92,267900
2014-01-14,1942.79,1961.73,1939.3101,1946.0699,244100
2014-01-15,1956.4301,1956.84,1945.87,1953.28,250900
2014-01-16,1957.91,1965.27,1955.79,1957.3199,379600
2014-01-17,1958.5,1962.64,1943.13,1944.48,260900
2014-01-20,1945.99,1955.28,1934.38,1953.78,279500
2014-01-21,1955.26,1965.4301,1949.5601,1963.89,289300
2014-01-22,1960.46,1970.42,1959.5699,1970.42,243900
2014-01-23,1968.77,1969.04,1947.01,1947.59,229400
2014-01-24,1941.55,1947.01,1924.49,1940.5601,279200
2014-01-27,1905.91,1918.6801,1899.76,1910.34,340400
2014-01-28,1907.1801,1919.26,1904.05,1916.9301,270500
2014-01-29,1925.9301,1941.71,1925.52,1941.15,219900
2014-02-03,1930.09,1931.8101,1917.64,1919.96,229600
2014-02-04,1894.96,1898.08,1885.53,1886.85,251000
2014-02-05,1897.95,1901.4,1888.47,1891.3199,244000
2014-02-06,1897.35,1910.91,1897.35,1907.89,259400
2014-02-07,1922.45,1923.25,1910.9,1922.5,273000
2014-02-10,1928.13,1928.39,1916.4,1923.3,208000
2014-02-11,1924.45,1935.29,1920.55,1932.0601,226400
2014-02-12,1942.23,1942.23,1933.54,1935.84,225400
2014-02-13,1936.62,1944.73,1924.39,1926.96,187900
2014-02-14,1930.14,1946.8101,1930.14,1940.28,216600
2014-02-17,1951.74,1955.04,1942.9399,1946.36,215500
2014-02-18,1946.88,1951.0601,1935.6,1946.91,200400
2014-02-19,1944.7,1944.7,1932.4399,1942.9301,213600
2014-02-20,1932.9,1941.13,1927.53,1930.5699,232300
2014-02-21,1948.03,1957.83,1946.6801,1957.83,216300
2014-02-24,1958.0601,1961.41,1943.86,1949.05,193800
2014-02-25,1958.3,1964.86,1955.7,1964.86,226000
2014-02-26,1963.45,1973.88,1955.92,1970.77,209100
2014-02-27,1969.85,1980.37,1965.7,1978.4301,201100
2014-02-28,1976.48,1981.15,1972.65,1979.99,252800
2014-03-03,1967.9,1969.16,1955.11,1964.6899,222600
2014-03-04,1954.58,1963.5601,1952.61,1954.11,200400
2014-03-05,1973.28,1977.3,1970.28,1971.24,197700
2014-03-06,1973.67,1975.62,1968.17,1975.62,193700
2014-03-07,1979.7,1983.53,1968.66,1974.6801,231600
2014-03-10,1967.63,1967.66,1951.96,1954.42,214900
2014-03-11,1957.22,1963.87,1951.2,1963.87,247500
2014-03-12,1957.67,1958.09,1930.48,1932.54,329900
2014-03-13,1940.35,1946.28,1931.75,1934.38,259600
2014-03-14,1916.0699,1927.89,1913.64,1919.9,254000
2014-03-17,1921.15,1928.4301,1919.61,1927.53,214900
2014-03-18,1941.12,1946.14,1931.83,1940.21,274300
2014-03-19,1947.34,1948.15,1935.27,1937.6801,249100
2014-03-20,1934.15,1934.63,1919.37,1919.52,220600
2014-03-21,1930.24,1935.1801,1927.85,1934.9399,252900
2014-03-24,1937.0601,1950.54,1937.0601,1945.55,228300
2014-03-25,1940.9,1946.09,1936.62,1941.25,225200
2014-03-26,1954.6,1965.4399,1953.6899,1964.3101,248900
2014-03-27,1963.66,1979.7,1963.1,1977.97,218100
2014-03-28,1972.63,1985.5,1971.25,1981.0,244600
2014-03-31,1988.73,1989.8,1973.05,1985.61,241000
2014-04-01,1983.78,1991.98,1976.0601,1991.98,214600
2014-04-02,2000.13,2001.26,1995.08,1997.25,220900
2014-04-03,1999.42,2007.88,1992.16,1993.7,225700
2014-04-04,1987.84,1993.96,1985.76,1988.09,225600
2014-04-07,1984.29,1992.1801,1978.63,1989.7,186400
2014-04-08,1977.61,1994.58,1977.61,1993.03,218100
2014-04-09,1997.98,2001.15,1992.12,1998.95,233700
2014-04-10,2007.71,2008.98,1995.79,2008.61,232400
2014-04-11,1985.28,1997.4399,1985.16,1997.4399,218100
2014-04-14,1993.8101,2001.0,1993.0699,1997.02,205700
2014-04-15,2008.49,2009.04,1990.34,1992.27,194500
2014-04-16,1994.3101,1995.86,1986.25,1992.21,230700
2014-04-17,2000.47,2001.29,1984.98,1992.05,200200
2014-04-18,1998.52,2005.22,1998.26,2004.28,206500
2014-04-21,2006.21,2006.95,1993.53,1999.22,205600
2014-04-22,2000.9399,2004.42,1991.47,2004.22,212000
2014-04-23,2010.0601,2013.09,1999.78,2000.37,241700
2014-04-24,2006.38,2007.17,1993.1801,1998.34,235100
2014-04-25,1996.61,1996.64,1971.66,1971.66,208400
2014-04-28,1969.04,1976.5601,1969.04,1969.26,168800
2014-04-29,1974.67,1976.17,1960.36,1964.77,177600
2014-04-30,1973.5601,1974.33,1955.15,1961.79,227300
2014-05-02,1966.29,1968.5,1956.3199,1959.4399,179500
2014-05-07,1964.1899,1964.1899,1939.55,1939.88,193000
2014-05-08,1945.9399,1950.6,1934.72,1950.6,222400
2014-05-09,1953.48,1958.34,1949.64,1956.55,205200
2014-05-12,1956.26,1966.64,1950.91,1964.9399,201600
2014-05-13,1973.08,1988.41,1969.6,1982.9301,242200
2014-05-14,1990.99,2010.85,1990.79,2010.83,233900
2014-05-15,2007.88,2015.37,2006.38,2010.2,259400
2014-05-16,2003.48,2013.4399,1997.27,2013.4399,232500
2014-05-19,2013.79,2015.53,2002.89,2015.14,265600
2014-05-20,2011.85,2014.46,2004.3199,2011.26,248300
2014-05-21,2003.48,2015.63,2001.74,2008.33,224100
2014-05-22,2015.41,2022.59,2011.6,2015.59,231100
2014-05-23,2013.09,2017.96,2011.76,2017.17,241800
2014-05-26,2016.21,2020.96,2008.14,2010.35,196600
2014-05-27,2014.87,2016.73,1988.4399,1997.63,221800
2014-05-28,2000.26,2017.0601,1997.89,2017.0601,210700
2014-05-29,2020.67,2021.96,2009.23,2012.26,228500
2014-05-30,2015.37,2019.17,1994.96,1994.96,247300
2014-06-02,1998.8101,2006.9301,1995.6899,2002.0,265600
2014-06-03,2006.3101,2008.5601,1990.72,2008.5601,266700
2014-06-05,2007.2,2007.2,1986.95,1995.48,222100
2014-06-09,2004.73,2008.86,1986.53,1990.04,209600
2014-06-10,2000.89,2011.87,1996.21,2011.8,234900
2014-06-11,2009.51,2016.78,2006.73,2014.67,238000
2014-06-12,2013.6,2015.8,2003.5699,2011.65,251900
2014-06-13,2005.55,2005.55,1984.04,1990.85,223100
2014-06-16,1986.86,1995.86,1985.3,1993.59,233600
2014-06-17,1994.89,2002.96,1991.53,2001.55,236600
2014-06-18,2002.26,2002.26,1987.03,1989.49,216900
2014-06-19,1994.23,1999.11,1985.89,1992.03,257900
2014-06-20,1990.71,1990.73,1965.12,1968.0699,232700
2014-06-23,1975.1,1980.3101,1971.61,1974.92,231700
2014-06-24,1976.24,1998.3101,1976.24,1994.35,250600
2014-06-25,1992.6899,1993.6,1980.78,1981.77,336700
2014-06-26,1983.0,1997.08,1982.48,1995.05,273500
2014-06-27,1990.9,1997.01,1983.88,1988.51,218800
2014-06-30,1996.13,2002.21,1992.65,2002.21,201100
2014-07-01,1993.29,1999.0,1987.89,1999.0,238900
2014-07-02,2008.0,2016.36,2002.4,2015.28,318400
2014-07-03,2015.99,2015.99,2007.86,2010.97,259900
2014-07-04,2018.35,2018.35,2005.84,2009.66,241500
2014-07-07,2007.53,2009.3199,1998.03,2005.12,228300
2014-07-08,2003.55,2009.22,1997.87,2006.66,259400
2014-07-09,1997.5699,2000.89,1992.42,2000.5,272700
2014-07-10,2004.63,2006.5,1999.96,2002.84,327600
2014-07-11,1988.9301,1993.46,1985.53,1988.74,277000
2014-07-14,1998.26,2001.11,1993.5699,1993.88,270400
2014-07-15,2004.9301,2015.54,2004.49,2012.72,361200
2014-07-16,2015.67,2018.05,2008.99,2013.48,315200
2014-07-17,2020.52,2025.41,2018.77,2020.9,322700
2014-07-18,2007.12,2019.42,2006.01,2019.42,304500
2014-07-21,2028.02,2030.61,2016.42,2018.5,274600
2014-07-22,2021.1801,2028.9301,2017.76,2028.9301,265900
2014-07-23,2032.73,2035.24,2025.0,2028.3199,353500
2014-07-24,2032.9399,2034.72,2021.22,2026.62,323600
2014-07-25,2030.04,2036.2,2027.33,2033.85,282800
2014-07-28,2035.96,2053.8401,2035.96,2048.8101,349000
2014-07-29,2054.03,2065.96,2053.4099,2061.97,408800
2014-07-30,2064.47,2093.0801,2062.8799,2082.6101,343300
2014-07-31,2081.75,2090.5701,2070.78,2076.1201,383700
2014-08-01,2063.71,2079.8101,2062.54,2073.1001,272000
2014-08-04,2080.77,2083.05,2067.1699,2080.4199,253200
2014-08-05,2076.1699,2077.73,2058.9199,2066.26,346800
2014-08-06,2062.9299,2068.0801,2055.6799,2060.73,377300
2014-08-07,2062.24,2063.53,2047.75,2054.51,292900
2014-08-08,2049.51,2051.0601,2026.5601,2031.1,354800
2014-08-11,2048.1799,2048.1799,2037.8,2039.37,285800
2014-08-12,2048.3899,2055.8501,2038.14,2041.47,312800
2014-08-13,2046.6801,2062.3601,2043.11,2062.3601,280700
2014-08-14,2065.6899,2073.4199,2056.0601,2063.22,270800
2014-08-18,2070.95,2073.05,2053.1299,2053.1299,300400
2014-08-19,2065.1899,2074.4299,2064.3401,2071.1399,327100
2014-08-20,2080.77,2082.21,2063.6101,2072.78,315400
2014-08-21,2067.6299,2068.22,2041.91,2044.21,307800
2014-08-22,2048.24,2058.46,2046.54,2056.7,277900
2014-08-25,2049.1599,2062.23,2044.2,2060.8899,272000
2014-08-26,2069.0701,2072.4199,2065.1499,2068.05,288900
2014-08-27,2075.45,2081.8301,2070.77,2074.9299,337600
2014-08-28,2083.03,2088.8601,2072.1399,2075.76,305900
2014-08-29,2070.73,2073.03,2060.1399,2068.54,301400
2014-09-01,2067.8,2072.5901,2062.3,2067.8601,272500
2014-09-02,2065.97,2066.0,2049.1499,2051.5801,323100
2014-09-03,2050.0901,2054.0801,2040.4399,2051.2,338000
2014-09-04,2059.05,2065.27,2050.79,2056.26,376400
2014-09-05,2053.1799,2059.04,2044.6801,2049.4099,343400
2014-09-11,2046.97,2052.1599,2034.13,2034.16,333400
2014-09-12,2042.51,2048.21,2037.37,2041.86,362700
2014-09-15,2039.03,2040.08,2028.8,2035.8199,297600
2014-09-16,2039.92,2045.65,2036.23,2042.92,365700
2014-09-17,2052.0601,2062.6201,2051.1101,2062.6101,351700
2014-09-18,2058.21,2063.26,2044.17,2047.74,394300
2014-09-19,2057.5601,2062.3701,2053.6599,2053.8201,397700
2014-09-22,2053.3,2053.3,2032.36,2039.27,323900
2014-09-23,2028.9,2036.25,2025.16,2028.91,427800
2014-09-24,2024.75,2036.26,2019.91,2035.64,332600
2014-09-25,2045.66,2046.26,2030.09,2034.11,325400
2014-09-26,2019.17,2031.65,2018.7,2031.64,313500
2014-09-29,2035.9301,2036.4399,2021.37,2026.6,339600
2014-09-30,2023.1801,2029.17,2007.3,2020.09,322800
2014-10-01,2013.47,2013.47,1989.84,1991.54,351600
2014-10-02,1984.4301,1985.0601,1966.17,1976.16,322700
2014-10-06,1987.89,1988.39,1968.3,1968.39,325100
2014-10-07,1979.83,1982.96,1966.22,1972.91,328200
2014-10-08,1957.9,1974.27,1957.9,1965.25,266200
2014-10-10,1953.98,1953.98,1931.88,1940.92,342800
2014-10-13,1919.48,1932.37,1918.48,1927.21,308900
2014-10-14,1933.45,1940.21,1926.87,1929.25,335500
2014-10-15,1932.11,1938.85,1918.77,1925.91,310300
2014-10-16,1911.45,1922.9399,1904.77,1918.83,313600
2014-10-17,1923.51,1923.51,1896.54,1900.66,362100
2014-10-20,1918.84,1933.12,1917.54,1930.0601,344700
2014-10-21,1923.62,1923.62,1911.03,1915.28,405900
2014-10-22,1936.91,1936.99,1924.21,1936.97,399100
2014-10-23,1932.4301,1944.45,1924.14,1931.65,372800
2014-10-24,1942.46,1942.72,1916.84,1925.6899,419400
2014-10-27,1933.91,1939.25,1929.26,1931.97,408800
2014-10-28,1935.46,1936.28,1924.37,1925.6801,414600
2014-10-29,1938.8,1961.49,1931.59,1961.17,396600
2014-10-30,1956.92,1959.49,1944.24,1958.9301,311000
2014-10-31,1963.26,1967.08,1951.0699,1964.4301,349400
2014-11-03,1959.66,1961.04,1947.83,1952.97,344500
2014-11-04,1950.15,1956.73,1928.52,1935.1899,391700
2014-11-05,1938.61,1944.5,1928.99,1931.4301,332300
2014-11-06,1933.45,1939.3199,1923.05,1936.48,360600
2014-11-07,1935.75,1943.26,1932.17,1939.87,255400
2014-11-10,1952.79,1965.35,1952.79,1958.23,313300
2014-11-11,1957.87,1965.41,1956.23,1963.0,311400
2014-11-12,1965.21,1974.6899,1961.66,1967.27,348500
2014-11-13,1970.64,1973.33,1954.88,1960.51,332600
2014-11-14,1959.64,1959.64,1940.49,1945.14,314800
2014-11-17,1941.83,1948.33,1935.95,1943.63,277500
2014-11-18,1951.9301,1967.01,1951.9301,1967.01,251300
2014-11-19,1974.41,1974.41,1959.21,1966.87,279600
2014-11-20,1960.72,1962.6899,1952.4399,1958.04,339200
2014-11-21,1966.89,1969.4301,1959.8101,1964.84,345900
2014-11-24,1982.48,1985.1801,1974.37,1978.54,325400
2014-11-25,1981.52,1981.85,1973.8,1980.21,283200
2014-11-26,1984.83,1985.4301,1972.95,1980.84,253300
2014-11-27,1993.65,1994.8199,1982.08,1982.09,295500
2014-11-28,1983.22,1984.73,1975.66,1980.78,340700
2014-12-01,1971.95,1971.97,1962.15,1965.22,334000
2014-12-02,1959.4,1965.83,1954.4,1965.83,317900
2014-12-03,1969.5699,1973.96,1964.77,1969.91,271100
2014-12-04,1976.3,1988.5601,1976.1,1986.61,244400
2014-12-05,1986.6,1989.17,1983.36,1986.62,305500
2014-12-08,1988.8,1990.04,1976.89,1978.95,295100
2014-12-09,1977.05,1977.15,1968.85,1970.95,541200
2014-12-10,1964.04,1966.11,1943.27,1945.5601,367900
2014-12-11,1930.46,1937.23,1916.49,1916.59,343600
2014-12-12,1921.61,1926.67,1915.0,1921.71,363500
2014-12-15,1903.12,1920.4301,1899.61,1920.36,294400
2014-12-16,1909.01,1919.6,1901.13,1904.13,369400
2014-12-17,1913.28,1913.28,1900.16,1900.16,307300
2014-12-18,1917.67,1919.24,1881.73,1897.5,337300
2014-12-19,1920.75,1930.08,1914.27,1929.98,291800
2014-12-22,1938.16,1944.2,1928.89,1943.12,324500
2014-12-23,1942.12,1944.75,1936.75,1939.02,300800
2014-12-24,1940.76,1947.35,1936.74,1946.61,283900
2014-12-26,1947.6,1954.77,1944.22,1948.16,297000
2014-12-29,1937.27,1941.33,1927.83,1927.86,265800
2014-12-30,1934.51,1937.55,1910.78,1915.59,256400
2015-01-02,1914.24,1929.15,1909.67,1926.4399,258800
2015-01-05,1921.96,1921.96,1903.37,1915.75,313400
2015-01-06,1895.48,1900.02,1877.38,1882.45,303700
2015-01-07,1878.9,1887.6,1876.27,1883.83,280500
2015-01-08,1895.85,1907.23,1891.77,1904.65,262200
2015-01-09,1919.8,1929.1,1915.85,1924.7,308800
2015-01-12,1918.1801,1924.66,1917.88,1920.95,311900
2015-01-13,1915.03,1920.77,1910.27,1917.14,339000
2015-01-14,1919.3101,1925.6801,1913.51,1913.66,297500
2015-01-15,1914.0601,1919.6899,1908.6,1914.14,266500
2015-01-16,1907.0699,1907.0699,1885.62,1888.13,298700
2015-01-19,1902.8101,1912.42,1900.26,1902.62,281100
2015-01-20,1908.62,1918.85,1907.97,1918.3101,280900
2015-01-21,1917.33,1921.88,1909.86,1921.23,300800
2015-01-22,1926.01,1932.5,1916.5601,1920.8199,343100
2015-01-23,1945.36,1945.36,1930.65,1936.09,367700
2015-01-26,1928.26,1936.4,1924.14,1935.6801,330600
2015-01-27,1941.9,1952.41,1940.72,1952.4,467000
2015-01-28,1946.71,1963.53,1943.59,1961.58,400900
2015-01-29,1950.83,1960.12,1946.2,1951.02,391000
2015-01-30,1964.13,1964.13,1948.6,1949.26,441500
2015-02-02,1947.91,1956.1,1944.58,1952.6801,364800
2015-02-03,1960.11,1960.35,1940.74,1951.96,370000
2015-02-04,1963.37,1970.27,1961.5699,1962.79,348000
2015-02-05,1961.15,1962.15,1945.42,1952.84,395700
2015-02-06,1955.13,1955.52,1945.8199,1955.52,309800
2015-02-09,1949.5,1952.86,1944.79,1947.0,310200
2015-02-10,1949.3,1954.2,1935.86,1935.86,329200
2015-02-11,1942.34,1948.89,1937.95,1945.7,307500
2015-02-12,1947.21,1947.47,1932.75,1941.63,334800
2015-02-13,1949.3199,1957.5,1946.9399,1957.5,351100
2015-02-16,1960.03,1963.4399,1955.39,1958.23,350900
2015-02-17,1955.77,1962.97,1952.33,1961.45,304500
2015-02-23,1974.4399,1976.96,1966.77,1968.39,347600
2015-02-24,1975.65,1980.38,1972.61,1976.12,309500
2015-02-25,1988.47,1992.03,1984.53,1990.47,369500
2015-02-26,1993.27,1993.4301,1983.9399,1993.08,385700
2015-02-27,1992.76,1993.34,1982.5,1985.8,424500
2015-03-02,1996.72,1999.13,1988.33,1996.8101,373400
2015-03-03,2002.5,2003.05,1995.9301,2001.38,444900
2015-03-04,2001.76,2003.85,1996.5,1998.29,374500
2015-03-05,1996.8101,2002.48,1993.92,1998.38,373700
2015-03-06,2003.97,2013.73,2003.1801,2012.9399,393300
2015-03-09,2004.9399,2005.8101,1990.87,1992.8199,296700
2015-03-10,2000.66,2003.1899,1982.22,1984.77,433400
2015-03-11,1971.04,1984.6,1969.13,1980.83,399500
2015-03-12,1979.22,1988.77,1970.59,1970.59,384000
2015-03-13,1987.17,1991.87,1982.96,1985.79,326700
2015-03-16,1985.59,1991.79,1982.26,1987.33,319200
2015-03-17,1998.26,2029.91,1997.27,2029.91,356600
2015-03-18,2032.1899,2036.13,2026.72,2028.45,362000
2015-03-19,2047.13,2047.13,2031.0699,2037.89,468300
2015-03-20,2037.13,2040.0,2027.8101,2037.24,351700
2015-03-23,2043.22,2043.92,2032.35,2036.59,314900
2015-03-24,2035.08,2041.77,2028.54,2041.37,328800
2015-03-25,2043.16,2046.97,2038.14,2042.8101,423400
2015-03-26,2027.2,2036.7,2019.51,2022.5601,342300
2015-03-27,2026.75,2027.25,2016.88,2019.8,449000
2015-03-30,2026.6,2033.27,2018.12,2030.04,439600
2015-03-31,2042.3101,2046.9,2032.24,2041.03,555900
2015-04-01,2035.4,2039.04,2024.64,2028.45,542800
2015-04-02,2036.9,2040.45,2028.22,2029.0699,655900
2015-04-03,2035.83,2045.9399,2031.27,2045.42,498600
2015-04-06,2049.8701,2055.45,2043.26,2046.4301,460500
2015-04-07,2059.05,2059.0901,2043.79,2047.03,436200
2015-04-08,2048.75,2060.1899,2046.09,2059.26,552700
2015-04-09,2060.3,2064.46,2054.1699,2058.8701,529900
2015-04-10,2066.3201,2089.0901,2065.3899,2087.76,658400
2015-04-13,2094.1001,2099.97,2088.8201,2098.9199,561800
2015-04-14,2101.76,2111.73,2095.97,2111.72,648800
2015-04-15,2114.5601,2122.72,2110.25,2119.96,451400
2015-04-16,2134.1399,2139.8999,2125.54,2139.8999,476400
2015-04-17,2142.72,2144.76,2134.1001,2143.5,464600
2015-04-20,2126.55,2146.73,2126.55,2146.71,509000
2015-04-21,2153.4199,2153.8401,2140.1201,2144.79,561800
2015-04-22,2146.5901,2161.23,2125.8799,2143.8899,769400
2015-04-23,2156.9399,2174.72,2139.3301,2173.4099,521600
2015-04-24,2181.24,2189.54,2154.27,2159.8,508400
2015-04-27,2169.1399,2169.1399,2152.0901,2157.54,392300
2015-04-28,2162.5,2164.52,2144.8501,2147.6699,415100
2015-04-29,2155.01,2156.24,2126.3601,2142.6299,458100
2015-04-30,2134.9399,2136.8999,2121.29,2127.1699,509100
2015-05-04,2134.51,2139.3,2128.72,2132.23,355600
2015-05-06,2122.03,2123.22,2095.6001,2104.5801,428100
2015-05-07,2098.48,2099.4399,2067.99,2091.0,423200
2015-05-08,2090.1899,2094.0601,2082.72,2085.52,309500
2015-05-11,2106.1201,2110.79,2097.3799,2097.3799,329700
2015-05-12,2100.6299,2101.72,2088.6399,2096.77,391900
2015-05-13,2100.1001,2115.3601,2100.0801,2114.1599,377000
2015-05-14,2115.5901,2121.6799,2111.72,2120.3301,430800
2015-05-15,2132.53,2134.3601,2104.77,2106.5,491700
2015-05-18,2108.1499,2113.72,2099.48,2113.72,445200
2015-05-19,2114.29,2126.8899,2107.6201,2120.8501,418500
2015-05-20,2128.01,2140.24,2125.49,2139.54,452100
2015-05-21,2139.6799,2140.6001,2121.49,2122.8101,398100
2015-05-22,2131.1101,2146.1001,2126.8799,2146.1001,444600
2015-05-26,2146.47,2148.7,2130.3,2143.5,381400
2015-05-27,2133.49,2134.95,2103.6399,2107.5,439000
2015-05-28,2117.77,2123.52,2110.8899,2110.8899,416100
2015-05-29,2109.3799,2123.3899,2106.7,2114.8,456100
2015-06-01,2110.1201,2110.8799,2086.0,2102.3701,426900
2015-06-02,2102.6201,2107.1699,2076.1599,2078.6399,520100
2015-06-03,2078.51,2087.95,2059.3401,2063.1599,541200
2015-06-04,2070.49,2082.6001,2062.75,2072.8601,400400
2015-06-05,2062.22,2075.02,2060.9099,2068.1001,394300
2015-06-08,2068.51,2068.51,2056.5,2065.1899,393600
2015-06-09,2063.3999,2073.75,2057.21,2064.03,421900
2015-06-10,2079.1299,2080.03,2049.1299,2051.3201,427400
2015-06-11,2065.0701,2065.0701,2051.1001,2056.6101,457000
2015-06-12,2068.45,2074.78,2044.87,2052.1699,388300
2015-06-15,2041.0699,2049.6799,2033.72,2042.3199,313900
2015-06-16,2045.01,2045.77,2008.46,2028.72,381400
2015-06-17,2035.48,2037.12,2021.5,2034.86,354700
2015-06-18,2046.1899,2052.0,2036.78,2041.88,391000
2015-06-19,2056.54,2057.71,2044.71,2046.96,400300
2015-06-22,2059.6001,2068.0701,2050.3,2055.1599,267000
2015-06-23,2071.3,2086.0901,2066.21,2081.2,329800
2015-06-24,2086.6899,2087.6799,2076.78,2085.53,400800
2015-06-25,2077.8401,2088.1599,2073.95,2085.0601,575900
2015-06-26,2083.3999,2097.01,2080.79,2090.26,492800
2015-06-29,2056.4399,2068.8501,2054.3301,2060.49,503800
2015-06-30,2054.8301,2075.02,2049.4399,2074.2,392400
2015-07-01,2077.27,2100.3401,2072.54,2097.8899,471600
2015-07-02,2107.1101,2110.8101,2098.76,2107.3301,565300
2015-07-03,2107.51,2109.6799,2094.02,2104.4099,419500
2015-07-06,2076.0601,2089.8601,2052.23,2053.9299,474000
2015-07-07,2067.04,2067.9299,2028.98,2040.29,502800
2015-07-08,2045.88,2046.33,2010.83,2016.21,453100
2015-07-09,2000.1899,2027.8101,1983.78,2027.8101,408500
2015-07-10,2036.89,2037.84,2024.76,2031.17,381300
2015-07-13,2033.25,2063.28,2030.21,2061.52,426300
2015-07-14,2070.4399,2070.4399,2052.21,2059.23,503100
2015-07-15,2068.3799,2079.8999,2060.6599,2072.9099,619100
2015-07-16,2073.29,2088.3301,2071.02,2087.8899,697900
2015-07-17,2101.22,2101.22,2068.3601,2076.79,819200
2015-07-20,2077.0901,2081.4299,2068.1899,2073.3101,870700
2015-07-21,2082.1799,2088.24,2069.21,2083.6201,727400
2015-07-22,2071.0601,2075.9399,2059.45,2064.73,1160800
2015-07-23,2068.9299,2069.2,2053.52,2065.0701,739800
2015-07-24,2060.6599,2060.6599,2040.3,2045.96,611900
2015-07-27,2034.8199,2048.1499,2032.4399,2038.8101,543200
2015-07-28,2026.33,2045.55,2015.91,2039.1,498500
2015-07-29,2053.6201,2055.95,2037.62,2037.62,520600
2015-07-30,2040.24,2044.9301,2019.03,2019.03,509300
2015-07-31,2026.98,2030.16,2004.7,2030.16,448200
2015-08-03,2026.25,2026.25,2005.21,2008.49,358700
2015-08-04,2007.75,2027.99,2007.66,2027.99,388800
2015-08-05,2027.22,2035.25,2022.98,2029.76,319200
2015-08-06,2037.26,2038.41,2011.6,2013.29,340500
2015-08-07,2009.39,2012.9,2001.13,2010.23,334600
2015-08-10,2008.4399,2008.55,1993.96,2003.17,308300
2015-08-11,2020.15,2021.8101,1986.46,1986.65,366400
2015-08-12,1980.04,1989.1,1948.91,1975.47,524300
2015-08-13,1975.47,1990.7,1966.02,1983.46,376600
2015-08-17,1991.05,1991.05,1968.4399,1968.52,561600
2015-08-18,1977.61,1979.33,1954.35,1956.26,472800
2015-08-19,1954.5601,1959.51,1915.91,1939.38,506800
2015-08-20,1929.4301,1933.79,1912.55,1914.55,397500
2015-08-21,1862.79,1886.49,1856.91,1876.0699,512300
2015-08-24,1860.03,1872.86,1800.75,1829.8101,415200
2015-08-25,1840.9399,1864.3,1806.79,1846.63,451600
2015-08-26,1843.7,1895.45,1835.58,1894.09,453400
2015-08-27,1912.42,1920.39,1898.98,1908.0,482700
2015-08-28,1932.39,1938.61,1927.39,1937.67,446800
2015-08-31,1934.12,1941.49,1925.52,1941.49,350900
2015-09-01,1934.4399,1939.67,1914.22,1914.23,324500
2015-09-02,1886.14,1920.62,1883.5,1915.22,342000
2015-09-03,1929.78,1931.1899,1911.17,1915.53,297300
2015-09-04,1921.8101,1923.0601,1879.9399,1886.04,361100
2015-09-07,1883.36,1895.99,1870.59,1883.22,288200
2015-09-08,1889.14,1894.5601,1868.48,1878.6801,391900
2015-09-09,1903.28,1934.2,1902.9301,1934.2,516200
2015-09-10,1918.42,1962.11,1915.4399,1962.11,460300
2015-09-11,1942.88,1951.26,1939.73,1941.37,503000
2015-09-14,1947.65,1948.02,1921.45,1931.46,362900
2015-09-15,1930.4399,1938.9,1927.62,1937.5601,390800
2015-09-16,1949.49,1978.6801,1949.15,1975.45,584800
2015-09-17,1989.0699,1989.0699,1972.9301,1976.49,510200
2015-09-18,1978.39,1996.47,1964.12,1995.95,523800
2015-09-21,1973.24,1980.8,1960.11,1964.6801,376400
2015-09-22,1973.54,1983.99,1966.05,1982.0601,696400
2015-09-23,1960.33,1968.16,1944.51,1944.64,857000
2015-09-24,1956.9399,1958.73,1944.3101,1947.1,921300
2015-09-25,1948.3,1951.9399,1932.49,1942.85,796600
2015-09-30,1915.46,1962.84,1915.04,1962.8101,547000
2015-10-01,1963.55,1986.01,1958.63,1979.3199,679000
2015-10-02,1979.41,1985.5699,1969.6801,1969.6801,1031000
2015-10-05,1981.6,1994.65,1975.55,1978.25,545600
2015-10-06,1996.29,1998.02,1985.17,1990.65,661600
2015-10-07,1995.87,2006.24,1994.55,2005.84,761700
2015-10-08,2016.36,2020.1899,1998.66,2019.53,701000
2015-10-12,2022.33,2030.92,2015.4301,2021.63,635100
2015-10-13,2021.2,2024.5,2010.16,2019.05,605000
2015-10-14,2014.47,2016.14,2002.63,2009.55,644800
2015-10-15,2008.29,2035.8,2007.46,2033.27,498900
2015-10-16,2037.98,2038.0601,2025.1899,2030.26,550800
2015-10-19,2032.36,2036.3,2022.25,2030.27,726800
2015-10-20,2031.5,2040.24,2026.67,2039.36,958100
2015-10-21,2039.25,2053.95,2035.59,2042.98,668900
2015-10-22,2040.4301,2042.5699,2019.53,2023.0,695800
2015-10-23,2043.67,2054.8201,2036.92,2040.4,649000
2015-10-26,2049.4099,2049.6001,2039.97,2048.0801,460000
2015-10-27,2043.52,2045.8101,2036.22,2044.65,449200
2015-10-28,2045.67,2045.67,2032.39,2042.51,402200
2015-10-29,2050.97,2064.72,2032.5601,2034.16,481300
2015-10-30,2034.78,2038.5601,2027.8,2029.47,380700
2015-11-02,2033.15,2036.05,2028.2,2035.24,366400
2015-11-03,2042.6,2053.24,2040.75,2048.3999,591700
2015-11-04,2053.51,2056.1201,2042.38,2052.77,545100
2015-11-05,2049.3,2050.4399,2039.9301,2049.4099,349100
2015-11-06,2048.1699,2055.1399,2038.46,2041.0699,465000
2015-11-09,2038.59,2038.59,2022.52,2025.7,435400
2015-11-10,2015.45,2015.45,1988.54,1996.59,417500
2015-11-11,1993.8101,2001.73,1983.14,1997.27,286600
2015-11-12,1997.3199,1998.66,1991.28,1993.36,389400
2015-11-13,1975.97,1981.27,1969.71,1973.29,342300
2015-11-16,1945.6801,1956.09,1942.85,1943.02,433400
2015-11-17,1967.36,1974.08,1959.22,1963.58,417600
2015-11-18,1967.25,1973.16,1961.4301,1962.88,541900
2015-11-19,1976.9399,1988.92,1972.85,1988.91,422500
2015-11-20,1988.96,1993.97,1985.9301,1989.86,413700
2015-11-23,1995.92,2008.34,1992.86,2003.7,383200
2015-11-24,2004.29,2019.95,2003.0601,2016.29,417000
2015-11-25,2018.24,2018.9301,2007.91,2009.42,391600
2015-11-26,2014.88,2033.1801,2014.88,2030.6801,454500
2015-11-27,2038.71,2038.72,2026.4,2028.99,482000
2015-11-30,2022.38,2022.38,1987.12,1991.97,452900
2015-12-01,2001.51,2026.33,2001.51,2023.9301,573300
2015-12-02,2026.08,2026.1899,2009.29,2009.29,631300
2015-12-03,2000.2,2000.2,1981.59,1994.0699,365900
2015-12-04,1972.16,1983.02,1970.48,1974.4,379500
2015-12-07,1987.62,1988.04,1963.66,1963.67,382100
2015-12-08,1964.22,1971.0699,1948.4301,1949.04,406200
2015-12-09,1951.39,1956.7,1944.78,1948.24,378100
2015-12-10,1947.21,1956.84,1940.4,1952.0699,377800
2015-12-11,1952.8199,1961.0,1943.67,1948.62,380700
2015-12-14,1926.36,1930.4,1919.22,1927.8199,439700
2015-12-15,1935.8199,1938.04,1925.75,1932.97,434700
2015-12-16,1950.15,1975.63,1950.05,1969.4,475100
2015-12-17,1984.0601,1987.83,1967.64,1977.96,379600
2015-12-18,1960.3199,1981.42,1958.12,1975.3199,677700
2015-12-21,1974.26,1986.66,1968.14,1981.1899,539600
2015-12-22,1984.37,1992.72,1971.3199,1992.5601,577200
2015-12-23,1994.2,2007.42,1989.3,1999.22,502400
2015-12-24,2009.34,2009.99,1990.65,1990.65,504600
2015-12-28,1990.59,1991.1899,1964.0601,1964.0601,396600
2015-12-29,1956.49,1968.5699,1946.21,1966.3101,401400
2015-12-30,1973.03,1974.67,1958.78,1961.3101,304500
2016-01-04,1954.47,1954.52,1918.76,1918.76,359000
2016-01-05,1911.9301,1937.5699,1911.9301,1930.53,446500
2016-01-06,1934.25,1934.25,1911.61,1925.4301,594600
2016-01-07,1915.71,1926.41,1901.24,1904.33,393000
2016-01-08,1889.42,1918.25,1883.8199,1917.62,430200
2016-01-11,1897.1801,1907.4301,1892.6899,1894.84,328800
2016-01-12,1907.61,1910.59,1888.9399,1890.86,295100
2016-01-13,1904.33,1921.0,1902.49,1916.28,265200
2016-01-14,1893.1801,1900.48,1882.02,1900.01,311000
2016-01-15,1915.83,1918.3,1873.35,1878.87,312400
2016-01-18,1856.03,1882.21,1854.55,1878.45,276900
2016-01-19,1879.8,1889.9,1866.76,1889.64,335300
2016-01-20,1885.36,1885.36,1830.0601,1845.45,407300
2016-01-21,1848.1,1860.02,1838.04,1840.53,433700
2016-01-22,1860.3,1879.4301,1859.54,1879.4301,408500
2016-01-25,1890.15,1901.22,1882.74,1893.4301,315300
2016-01-26,1881.87,1884.13,1862.98,1871.6899,298800
2016-01-27,1888.0699,1902.03,1883.39,1897.87,348900
2016-01-28,1885.38,1907.5601,1877.78,1906.9399,354300
2016-01-29,1905.01,1912.0699,1888.48,1912.0601,386600
2016-02-01,1919.62,1926.11,1912.85,1924.8199,440300
2016-02-02,1914.96,1920.02,1906.0601,1906.6,412300
2016-02-03,1893.83,1894.72,1882.75,1890.67,408600
2016-02-04,1900.48,1917.09,1897.1801,1916.26,365800
2016-02-05,1914.55,1921.76,1910.3101,1917.79,305800
2016-02-11,1872.6801,1877.77,1858.9,1861.54,386400
2016-02-12,1850.67,1857.12,1817.97,1835.28,470500
2016-02-15,1857.33,1864.62,1847.6,1862.2,284600
2016-02-16,1870.1,1892.15,1868.11,1888.3,388300
2016-02-17,1889.41,1897.37,1881.03,1883.9399,344600
2016-02-18,1909.4,1910.12,1898.49,1908.84,332600
2016-02-19,1904.5,1916.24,1902.24,1916.24,312200
2016-02-22,1911.5601,1921.14,1905.85,1916.36,267900
2016-02-23,1928.85,1929.53,1909.79,1914.22,326800
2016-02-24,1908.71,1918.63,1906.1899,1912.53,281600
2016-02-25,1919.08,1928.49,1906.99,1918.5699,305800
2016-02-26,1927.1,1927.8,1917.0699,1920.16,280200
2016-02-29,1921.76,1927.05,1916.66,1916.66,275100
2016-03-02,1944.27,1949.9399,1942.24,1947.42,323400
2016-03-03,1957.83,1958.17,1946.5699,1958.17,421000
2016-03-04,1956.01,1958.46,1949.47,1955.63,316400
2016-03-07,1961.26,1963.4301,1955.97,1957.87,344600
2016-03-08,1958.9399,1958.9399,1935.55,1946.12,358700
2016-03-09,1940.55,1952.95,1938.3199,1952.95,355400
2016-03-10,1958.87,1976.1899,1955.67,1969.33,352300
2016-03-11,1968.3,1975.87,1966.65,1971.41,303400
2016-03-14,1985.74,1985.9,1970.5601,1972.27,357100
2016-03-15,1975.61,1979.46,1966.4399,1969.97,264600
2016-03-16,1971.58,1982.08,1969.66,1974.9,294500
2016-03-17,1984.6899,2000.3,1984.33,1987.99,291600
2016-03-18,1996.3101,1996.3101,1986.04,1992.12,385800
2016-03-21,1999.25,2003.12,1982.7,1989.76,323300
2016-03-22,1993.37,1997.76,1986.87,1996.8101,383800
2016-03-23,1996.47,2001.67,1989.84,1995.12,367600
2016-03-24,1988.46,1992.76,1981.17,1985.97,341200
2016-03-25,1991.0601,1991.0601,1981.53,1983.8101,463400
2016-03-28,1984.9301,1992.46,1981.37,1982.54,410500
2016-03-29,1986.9301,1997.33,1984.0699,1994.91,385500
2016-03-30,2005.24,2009.1,1998.51,2002.14,368300
2016-03-31,2005.72,2007.4301,1986.74,1995.85,335100
2016-04-01,1994.77,1994.77,1970.17,1973.5699,392300
2016-04-04,1974.73,1979.03,1969.35,1978.97,363300
2016-04-05,1972.38,1973.17,1959.26,1962.74,368200
2016-04-06,1963.17,1975.09,1961.51,1971.3199,358000
2016-04-07,1978.75,1980.4301,1964.99,1973.89,434100
2016-04-08,1961.29,1972.12,1954.11,1972.05,400600
2016-04-11,1972.25,1973.9,1963.21,1970.37,379500
2016-04-12,1970.5,1981.73,1968.5,1981.3199,387300
2016-04-14,2004.15,2016.03,2000.83,2015.9301,473500
2016-04-15,2013.38,2016.95,2008.6801,2014.71,317700
2016-04-18,2001.35,2009.55,1998.49,2009.1,339200
2016-04-19,2015.1,2020.29,2007.6801,2011.36,401200
2016-04-20,2017.05,2023.77,2005.8199,2005.83,424000
2016-04-21,2014.6,2022.1,2009.45,2022.1,392100
2016-04-22,2014.9301,2017.9,2010.9399,2015.49,480500
2016-04-25,2016.05,2016.65,2007.1801,2014.55,397700
2016-04-26,2013.26,2021.59,2011.85,2019.63,509300
2016-04-27,2019.3101,2019.86,2012.75,2015.4,412800
2016-04-28,2020.83,2022.99,1998.6,2000.9301,341100
2016-04-29,1998.6801,1999.34,1983.3,1994.15,401100
2016-05-02,1991.84,1991.84,1977.03,1978.15,328200
2016-05-03,1988.34,1989.41,1979.66,1986.41,310500
2016-05-04,1978.24,1982.38,1969.22,1976.71,352700
2016-05-09,1974.52,1976.14,1962.92,1967.8101,342200
2016-05-10,1965.86,1982.5,1964.9,1982.5,369100
2016-05-11,1989.17,1989.17,1970.48,1980.1,398500
2016-05-12,1973.28,1981.49,1970.54,1977.49,462900
2016-05-13,1979.97,1980.45,1962.77,1966.99,509100
2016-05-16,1961.91,1970.53,1961.3199,1967.91,526700
2016-05-17,1973.86,1975.1,1962.5699,1968.0601,597600
2016-05-18,1962.78,1964.34,1945.5601,1956.73,696300
2016-05-19,1953.91,1954.29,1942.48,1946.78,505900
2016-05-20,1943.84,1951.5,1940.36,1947.67,388100
2016-05-23,1954.26,1956.77,1940.4399,1955.25,399500
2016-05-24,1951.1801,1951.39,1937.67,1937.6801,517100
2016-05-25,1953.63,1964.91,1951.17,1960.51,656900
2016-05-26,1965.8101,1967.45,1955.97,1957.0601,558300
2016-05-27,1962.33,1971.27,1959.75,1969.17,523500
2016-05-30,1969.72,1970.54,1955.49,1967.13,550500
2016-05-31,1962.47,1984.1801,1958.16,1983.4,657000
2016-06-01,1976.87,1986.76,1975.8199,1982.72,502300
2016-06-02,1983.86,1988.0,1978.8199,1985.11,474200
2016-06-03,1991.58,1991.58,1979.66,1985.84,540900
2016-06-07,1993.08,2011.67,1992.77,2011.63,481300
2016-06-08,2013.72,2027.09,2008.59,2027.08,497900
2016-06-09,2028.02,2035.27,2012.14,2024.17,599700
2016-06-10,2022.77,2022.77,2014.15,2017.63,404300
2016-06-13,2001.03,2001.79,1976.6899,1979.0601,443000
2016-06-14,1976.8,1982.3199,1965.34,1972.03,439900
2016-06-15,1972.0,1975.87,1960.97,1968.83,376800
2016-06-16,1971.53,1974.01,1944.8,1951.99,438800
2016-06-17,1966.23,1970.54,1949.6,1953.4,485300
2016-06-20,1974.4301,1984.0699,1969.5601,1981.12,391300
2016-06-21,1977.8,1983.87,1971.99,1982.7,557400
2016-06-22,1981.78,1994.76,1979.37,1992.58,407400
2016-06-23,1989.42,1990.71,1980.14,1986.71,455400
2016-06-24,2001.55,2001.55,1892.75,1925.24,750500
2016-06-27,1901.85,1926.87,1900.83,1926.85,394300
2016-06-28,1907.71,1937.99,1907.49,1936.22,373500
2016-06-29,1946.3101,1966.21,1941.9,1956.36,451200
2016-06-30,1971.54,1972.8101,1959.28,1970.35,349900
2016-07-01,1977.36,1993.98,1975.89,1987.3199,448100
2016-07-04,1989.4399,1997.37,1985.11,1995.3,468600
2016-07-05,1995.6899,1996.77,1985.9399,1989.85,405500
2016-07-06,1980.11,1982.8,1944.33,1953.12,457400
2016-07-07,1963.3,1976.49,1959.83,1974.08,378800
2016-07-08,1972.28,1979.75,1956.91,1963.1,356500
2016-07-11,1979.36,1990.95,1977.8101,1988.54,337800
2016-07-12,1991.13,1998.03,1986.45,1991.23,432700
2016-07-13,2007.65,2013.6,1995.84,2005.55,357600
2016-07-14,2004.12,2009.67,1997.9399,2008.77,340200
2016-07-15,2015.37,2022.34,2011.1,2017.26,477800
2016-07-18,2018.22,2022.11,2012.3,2021.11,380100
2016-07-19,2022.8,2023.22,2010.27,2016.89,380800
2016-07-20,2013.4,2015.47,2003.87,2015.46,316300
2016-07-21,2019.36,2020.55,2007.59,2012.22,391000
2016-07-22,2005.37,2014.4399,2002.66,2010.34,321000
2016-07-25,2014.74,2020.6899,2006.63,2012.3199,350200
2016-07-26,2009.4,2027.34,2008.25,2027.34,338600
2016-07-27,2027.0699,2030.6899,2021.15,2025.05,411700
2016-07-28,2029.0699,2029.38,2014.36,2021.1,350900
2016-07-29,2023.24,2028.99,2016.1899,2016.1899,366400
2016-08-01,2024.71,2031.58,2024.5699,2029.61,369600
2016-08-02,2023.55,2026.1,2017.59,2019.03,409900
2016-08-03,2008.6801,2008.6801,1993.0,1994.79,485900
2016-08-04,2006.08,2006.48,1994.73,2000.03,326500
2016-08-05,2006.23,2018.16,2004.37,2017.9399,289300
2016-08-08,2025.55,2031.14,2018.8101,2031.12,270500
2016-08-09,2033.52,2046.03,2032.1801,2043.78,436700
2016-08-10,2043.03,2049.3601,2039.86,2044.64,331100
2016-08-11,2042.64,2048.8,2035.25,2048.8,346100
2016-08-12,2053.8201,2060.8401,2046.15,2050.47,376500
2016-08-16,2056.0,2063.0901,2047.73,2047.76,374900
2016-08-17,2045.37,2048.29,2032.53,2043.75,391700
2016-08-18,2048.1499,2056.0901,2041.9,2055.47,353100
2016-08-19,2057.8999,2059.3,2049.52,2056.24,392300
2016-08-22,2054.3701,2054.71,2040.51,2042.16,343500
2016-08-23,2044.27,2051.4299,2041.86,2049.9299,360400
2016-08-24,2050.8201,2052.74,2039.53,2043.76,285200
2016-08-25,2041.58,2046.0,2035.01,2042.92,277400
2016-08-26,2036.74,2039.91,2027.6801,2037.5,288200
2016-08-29,2028.64,2034.63,2024.9301,2032.35,317000
2016-08-30,2038.6,2049.99,2036.76,2039.74,378600
2016-08-31,2038.58,2041.17,2027.24,2034.65,401000
2016-09-01,2022.96,2032.72,2016.47,2032.72,300500
2016-09-02,2033.92,2039.1801,2030.17,2038.3101,342600
2016-09-05,2049.1899,2061.0,2047.49,2060.0801,573000
2016-09-06,2058.21,2067.77,2057.26,2066.53,462600
2016-09-07,2068.8101,2073.8899,2061.8799,2061.8799,687200
2016-09-08,2064.96,2070.6599,2053.2,2063.73,656700
2016-09-09,2048.9399,2049.3,2029.46,2037.87,392700
2016-09-12,2003.67,2011.04,1991.47,1991.48,422900
2016-09-13,2011.9301,2013.03,1997.58,1999.36,437400
2016-09-19,1997.4301,2019.45,1997.1,2015.78,434400
2016-09-20,2014.5,2026.5601,2010.25,2025.71,362300
2016-09-21,2022.8101,2035.99,2021.78,2035.99,525100
2016-09-22,2050.3101,2060.26,2048.8,2049.7,447600
2016-09-23,2053.22,2057.3501,2048.96,2054.0701,494100
2016-09-26,2052.76,2060.71,2042.7,2047.11,359600
2016-09-27,2037.3199,2064.8899,2031.13,2062.8201,664000
2016-09-28,2062.5701,2062.98,2051.6799,2053.0601,546500
2016-09-29,2063.74,2072.0901,2063.74,2068.72,416200
2016-09-30,2054.25,2056.3301,2042.77,2043.63,326400
2016-10-04,2056.9399,2059.25,2050.46,2054.8601,318900
2016-10-05,2043.37,2056.01,2036.87,2053.0,292300
2016-10-06,2069.3,2070.4299,2055.8301,2065.3,337700
2016-10-07,2065.95,2067.49,2051.6001,2053.8,422400
2016-10-10,2047.1899,2058.73,2039.99,2056.8201,314900
2016-10-11,2053.29,2060.78,2030.51,2031.9301,343200
2016-10-12,2022.97,2037.02,2022.39,2033.73,297400
2016-10-13,2033.99,2035.9301,2014.89,2015.4399,440300
2016-10-14,2021.66,2028.76,2021.11,2022.66,458900
2016-10-17,2028.9301,2033.5601,2011.8101,2027.61,333400
2016-10-18,2027.8101,2040.72,2026.47,2040.4301,305900
2016-10-19,2036.1801,2050.51,2035.9,2040.9399,321900
2016-10-20,2044.12,2048.25,2036.54,2040.6,276000
2016-10-21,2039.4,2040.4,2029.79,2033.0,260400
2016-10-24,2037.1899,2047.74,2036.77,2047.74,252000
2016-10-25,2042.29,2042.65,2031.25,2037.17,299100
2016-10-26,2030.37,2030.37,2002.29,2013.89,392400
2016-10-27,2018.24,2026.33,2015.66,2024.12,298700
2016-10-28,2021.97,2026.85,2015.72,2019.42,270500
2016-10-31,2011.29,2016.01,2005.95,2008.1899,400700
2016-11-01,2003.41,2010.51,1990.45,2007.39,321800
2016-11-02,1995.41,1997.46,1976.34,1978.9399,333500
2016-11-03,1974.9301,1988.8199,1973.58,1983.8,272700
2016-11-04,1983.87,1985.29,1976.5699,1982.02,227800
2016-11-07,1997.58,2001.74,1992.14,1997.58,210300
2016-11-08,2009.5601,2010.17,1994.33,2003.38,239600
2016-11-09,2008.08,2015.23,1931.0699,1958.38,709000
2016-11-10,1989.85,2002.6,1983.26,2002.6,433900
2016-11-11,1988.87,1994.05,1982.15,1984.4301,386900
2016-11-14,1982.9301,1988.65,1974.27,1974.4,352100
2016-11-15,1977.33,1978.9399,1967.21,1967.53,375700
2016-11-16,1980.8199,1985.67,1976.63,1979.65,306500
2016-11-17,1976.21,1983.87,1968.8,1980.55,272200
2016-11-18,1983.0699,1983.26,1968.13,1974.58,307000
2016-11-21,1971.03,1976.23,1962.42,1966.05,223500
2016-11-22,1976.0699,1986.8199,1974.05,1983.47,231400
2016-11-23,1987.64,1996.65,1981.22,1987.95,308200
2016-11-24,1985.11,1988.96,1968.5,1971.26,235400
2016-11-25,1972.6,1978.45,1969.09,1974.46,201900
2016-11-28,1976.58,1983.4301,1966.78,1978.13,213600
2016-11-29,1977.1,1982.53,1972.3101,1978.39,214600
2016-11-30,1980.38,1988.4399,1977.09,1983.48,233100
2016-12-01,1987.48,1989.08,1979.67,1983.75,217900
2016-12-02,1980.14,1981.64,1966.42,1970.61,243200
2016-12-05,1965.71,1971.24,1960.65,1963.36,237200
2016-12-06,1976.51,1993.47,1976.51,1989.86,214600
2016-12-07,1995.6899,1997.62,1987.26,1991.89,204400
2016-12-08,2008.3101,2031.0699,2007.5699,2031.0699,239400
2016-12-09,2024.52,2026.83,2019.79,2024.6899,225700
2016-12-12,2031.95,2031.95,2020.97,2027.24,289800
2016-12-13,2026.39,2035.99,2023.61,2035.98,383400
2016-12-14,2043.0699,2044.42,2031.1801,2036.87,384000
2016-12-15,2022.14,2040.62,2021.76,2036.65,300200
2016-12-16,2037.35,2043.6,2033.23,2042.24,289700
2016-12-19,2039.4,2046.03,2037.04,2038.39,249900
2016-12-20,2044.87,2047.38,2040.8101,2041.9399,314200
2016-12-21,2049.47,2053.46,2037.96,2037.96,284600
2016-12-22,2041.61,2042.9,2033.99,2035.73,275100
2016-12-23,2036.17,2037.71,2031.54,2035.9,310900
2016-12-26,2038.33,2039.76,2034.8,2037.75,366600
2016-12-27,2040.74,2044.4301,2037.12,2042.17,384000
2016-12-28,2021.86,2029.6899,2020.86,2024.49,356600
2016-12-29,2020.42,2026.5699,2016.25,2026.46,264500
2017-01-02,2022.23,2031.79,2015.6801,2026.16,229900
2017-01-03,2034.3101,2044.0699,2028.47,2043.97,268100
2017-01-04,2046.29,2046.29,2040.61,2045.64,371500
2017-01-05,2045.52,2046.5,2039.49,2041.95,541300
2017-01-06,2048.1101,2051.8401,2045.66,2049.1201,455400
2017-01-09,2053.1799,2053.1799,2046.47,2048.78,398300
2017-01-10,2043.3,2046.78,2039.5,2045.12,512700
2017-01-11,2048.0801,2079.7,2047.5601,2075.1699,335500
2017-01-12,2077.6899,2087.1399,2073.8899,2087.1399,555800
2017-01-13,2077.1201,2080.9399,2073.4399,2076.79,518300
2017-01-16,2077.03,2080.05,2058.9299,2064.1699,683900
2017-01-17,2067.52,2078.8,2065.53,2071.8701,601400
2017-01-18,2073.77,2075.23,2058.3501,2070.54,530100
2017-01-19,2085.6101,2091.02,2065.03,2072.79,415700
2017-01-20,2065.54,2072.3201,2064.0,2065.6101,392600
2017-01-23,2067.6201,2073.8,2058.9099,2065.99,444900
2017-01-24,2070.22,2072.6599,2058.5901,2065.76,312400
2017-01-25,2075.3301,2077.72,2062.96,2066.9399,310200
2017-01-26,2074.77,2088.6001,2068.5,2083.5901,257900
2017-01-31,2077.6599,2079.97,2067.5701,2067.5701,288300
2017-02-01,2075.3101,2082.7,2073.97,2080.48,452500
2017-02-02,2080.23,2092.45,2067.76,2071.01,825500
2017-02-03,2075.8999,2079.8501,2064.05,2073.1599,392600
2017-02-06,2085.73,2088.3701,2073.03,2077.6599,315300
2017-02-07,2077.8,2079.23,2071.05,2075.21,271800
2017-02-08,2072.5801,2072.5801,2052.29,2065.0801,266700
2017-02-09,2067.1499,2072.6899,2062.1201,2065.8799,236000
2017-02-10,2075.8,2080.74,2072.23,2075.0801,314700
2017-02-13,2074.9399,2078.6599,2070.3601,2078.6499,289700
2017-02-14,2079.3,2081.5901,2068.1599,2074.5701,332400
2017-02-15,2073.6001,2087.6899,2069.8899,2083.8601,338000
2017-02-16,2088.0901,2092.5901,2078.3501,2081.8401,330500
2017-02-17,2072.5701,2081.1799,2072.5701,2080.5801,301500
2017-02-20,2084.1599,2085.5901,2077.1299,2084.3899,297200
2017-02-21,2085.97,2108.48,2085.0,2102.9299,292500
2017-02-22,2106.4199,2108.98,2101.5601,2106.6101,312200
2017-02-23,2106.1499,2108.99,2103.1101,2107.6299,430900
2017-02-24,2106.4299,2107.8301,2090.05,2094.1201,385400
2017-02-27,2095.47,2097.24,2084.0801,2085.52,343700
2017-02-28,2087.26,2094.4099,2084.3601,2091.6399,399800
2017-03-02,2105.1899,2112.5801,2096.3101,2102.6499,434700
2017-03-03,2090.9199,2091.5901,2072.0901,2078.75,425900
2017-03-06,2073.2,2083.8,2067.6799,2081.3601,431400
2017-03-07,2080.77,2096.79,2079.1599,2094.05,277800
2017-03-08,2092.27,2101.5601,2088.1899,2095.4099,381400
2017-03-09,2098.29,2100.0801,2090.73,2091.0601,408200
2017-03-10,2088.6699,2102.05,2082.3101,2097.3501,500900
2017-03-13,2102.3701,2122.8799,2100.9099,2117.5901,382100
2017-03-14,2127.1201,2135.5,2124.4199,2133.78,365100
2017-03-15,2128.4199,2135.3799,2127.26,2133.0,374700
2017-03-16,2154.98,2156.8501,2143.01,2150.0801,402400
2017-03-17,2150.47,2164.5901,2148.8601,2164.5801,302800
2017-03-20,2160.3201,2160.5701,2151.51,2157.01,264900
2017-03-21,2162.95,2181.99,2160.25,2178.3799,303900
2017-03-22,2159.97,2170.0,2158.96,2168.3,394400
2017-03-23,2174.0901,2182.4199,2170.5601,2172.72,358600
2017-03-24,2171.3601,2179.3401,2163.3401,2168.95,358700
2017-03-27,2161.1699,2165.25,2153.1399,2155.6599,395900
2017-03-28,2166.5801,2169.1399,2157.71,2163.3101,394000
2017-03-29,2172.3101,2172.3101,2162.04,2166.98,626800
2017-03-30,2170.1799,2174.1599,2159.1599,2164.6399,643600
2017-03-31,2166.6201,2166.9299,2159.8,2160.23,441600
2017-04-03,2166.04,2171.3301,2161.26,2167.51,398500
2017-04-04,2165.23,2166.9399,2156.8899,2161.1001,522100
2017-04-05,2161.8999,2164.8501,2146.98,2160.8501,571700
2017-04-06,2152.6399,2153.8301,2143.3,2152.75,510200
2017-04-07,2154.8701,2155.7,2142.51,2151.73,408500
2017-04-10,2148.8301,2148.8301,2128.3501,2133.3201,512900
2017-04-11,2129.23,2136.55,2117.8201,2123.8501,489300
2017-04-12,2128.1699,2129.8201,2122.9399,2128.9099,427400
2017-04-13,2130.6399,2148.6101,2125.8701,2148.6101,357600
2017-04-14,2138.28,2141.6101,2127.8,2134.8799,383700
2017-04-17,2140.8701,2150.7,2138.7,2145.76,259300
2017-04-18,2155.3601,2155.3601,2139.3101,2148.46,291400
2017-04-19,2144.98,2148.03,2133.8201,2138.3999,344200
2017-04-20,2138.1899,2150.4299,2134.05,2149.1499,268300
2017-04-21,2161.24,2169.46,2156.6399,2165.04,281500
2017-04-24,2175.5,2177.8899,2166.8301,2173.74,374700
2017-04-25,2175.7,2196.8501,2174.1101,2196.8501,275900
2017-04-26,2202.3701,2210.6101,2200.73,2207.8401,397500
2017-04-27,2201.72,2211.5901,2199.76,2209.46,386100
2017-04-28,2214.3601,2217.04,2202.2,2205.4399,268600
2017-05-02,2213.6101,2229.74,2212.8701,2219.6699,295100
2017-05-04,2224.9099,2241.24,2224.9099,2241.24,261900
2017-05-08,2245.6101,2292.76,2244.23,2292.76,281800
2017-05-10,2294.1001,2323.22,2264.3101,2270.1201,422900
2017-05-11,2278.47,2297.6699,2271.6599,2296.3701,463500
2017-05-12,2296.0601,2296.51,2283.3799,2286.02,335300
2017-05-15,2288.23,2297.3101,2280.6001,2290.6499,251600
2017-05-16,2306.73,2309.0,2283.8401,2295.3301,368100
2017-05-17,2291.5601,2295.8701,2283.01,2293.0801,394800
2017-05-18,2271.27,2288.8501,2267.0801,2286.8201,378300
2017-05-19,2286.78,2293.8201,2282.1299,2288.48,421100
2017-05-22,2300.6799,2305.21,2292.95,2304.03,340100
2017-05-23,2308.6899,2326.5701,2303.1499,2311.74,341100
2017-05-24,2319.3701,2322.54,2312.9299,2317.3401,409600
2017-05-25,2325.49,2343.72,2321.26,2342.9299,369300
2017-05-26,2344.3899,2364.8,2341.6101,2355.3,312900
2017-05-29,2362.5901,2371.6699,2344.25,2352.97,316200
2017-05-30,2356.54,2358.6899,2332.1599,2343.6799,508800
2017-05-31,2339.25,2355.23,2338.25,2347.3799,555900
2017-06-01,2348.3101,2351.3101,2335.6299,2344.6101,336700
2017-06-02,2353.77,2372.6499,2353.45,2371.72,399500
2017-06-05,2376.6599,2376.8301,2363.6101,2368.6201,326400
2017-06-07,2364.96,2369.4299,2356.71,2360.1399,376200
2017-06-08,2361.6399,2365.52,2347.6201,2363.5701,417100
2017-06-09,2371.22,2385.1499,2367.8101,2381.6899,520600
2017-06-12,2370.6899,2374.7,2353.3501,2357.8701,327200
2017-06-13,2358.9199,2375.8101,2358.9199,2374.7,322100
2017-06-14,2384.54,2387.29,2366.9199,2372.6399,393000
2017-06-15,2373.3601,2378.04,2350.3701,2361.6499,334900
2017-06-16,2364.2,2365.3701,2355.29,2361.8301,329200
2017-06-19,2364.02,2377.2,2356.8401,2370.8999,290900
2017-06-20,2382.54,2382.54,2365.45,2369.23,360700
2017-06-21,2358.23,2359.97,2346.1899,2357.53,360300
2017-06-22,2364.22,2370.3899,2354.1001,2370.3701,299200
2017-06-23,2371.54,2380.9399,2369.1699,2378.6001,256300
2017-06-26,2381.0901,2390.7,2377.8799,2388.6599,325700
2017-06-27,2386.76,2397.1399,2383.47,2391.95,358000
2017-06-28,2382.9099,2390.8899,2380.75,2382.5601,361200
2017-06-29,2396.8101,2402.8,2393.5701,2395.6599,445100
2017-06-30,2382.1499,2391.8101,2381.3999,2391.79,343500
2017-07-03,2397.6599,2399.8999,2384.55,2394.48,311000
2017-07-04,2395.24,2398.02,2376.4099,2380.52,411800
2017-07-05,2377.01,2390.29,2375.6299,2388.3501,333700
2017-07-06,2390.3101,2392.5,2380.8201,2387.8101,301500
2017-07-07,2376.29,2385.02,2372.8301,2379.8701,314400
2017-07-10,2386.3,2389.8701,2378.04,2382.1001,296300
2017-07-11,2386.4199,2396.46,2382.6899,2396.0,284500
2017-07-12,2395.4099,2399.28,2390.45,2391.77,268900
2017-07-13,2405.76,2422.26,2402.9199,2409.49,289300
2017-07-14,2418.27,2421.48,2411.3401,2414.6299,258800
2017-07-17,2427.76,2430.3401,2419.9099,2425.1001,254200
2017-07-18,2425.0701,2426.1599,2419.1699,2426.04,260700
2017-07-19,2430.0901,2430.0901,2419.6399,2429.9399,271000
2017-07-20,2436.0601,2443.6899,2427.95,2441.8401,251900
2017-07-21,2438.78,2451.5901,2437.8401,2450.0601,250100
2017-07-24,2451.4099,2451.53,2443.6499,2451.53,233400
2017-07-25,2450.76,2453.1699,2437.1399,2439.8999,275200
2017-07-26,2446.8201,2446.96,2429.6201,2434.51,336100
2017-07-27,2443.28,2448.24,2435.49,2443.24,426500
2017-07-28,2433.46,2434.3799,2399.0601,2400.99,318700
2017-07-31,2392.02,2403.8999,2388.3899,2402.71,277600
2017-08-01,2397.1201,2432.6201,2394.27,2422.96,264000
2017-08-02,2431.9399,2434.47,2424.1799,2427.6299,261600
2017-08-03,2423.21,2423.55,2374.1101,2386.8501,303600
2017-08-04,2389.74,2400.3301,2383.45,2395.45,273600
2017-08-07,2402.5701,2412.1299,2395.74,2398.75,244100
2017-08-08,2404.6799,2410.22,2383.9399,2394.73,252900
2017-08-09,2379.7,2387.53,2366.3301,2368.3899,234100
2017-08-10,2360.95,2371.5,2339.0601,2359.47,283900
2017-08-11,2323.0601,2335.1201,2310.2,2319.71,318600
2017-08-14,2336.02,2341.78,2327.8,2334.22,214000
2017-08-16,2355.74,2358.46,2343.72,2348.26,270500
2017-08-17,2351.6101,2364.5,2346.74,2361.6699,255800
2017-08-18,2340.1899,2362.4299,2340.1899,2358.3701,201500
2017-08-21,2363.3799,2363.3799,2351.96,2355.0,207200
2017-08-22,2360.29,2369.02,2359.97,2365.3301,251900
2017-08-23,2376.53,2379.5901,2360.71,2366.3999,228600
2017-08-24,2370.1201,2382.72,2368.29,2375.8401,295500
2017-08-25,2381.47,2384.5901,2372.6699,2378.51,342000
2017-08-28,2376.3799,2383.46,2366.23,2370.3,226900
2017-08-29,2356.2,2364.74,2332.8501,2364.74,223100
2017-08-30,2368.1299,2372.29,2363.4299,2372.29,305600
2017-08-31,2373.96,2377.02,2355.29,2363.1899,265100
2017-09-01,2367.45,2370.25,2351.3701,2357.6899,280100
2017-09-04,2316.8899,2344.8201,2316.8899,2329.6499,248500
2017-09-05,2340.6201,2340.6201,2319.9399,2326.6201,320400
2017-09-06,2324.8401,2325.5601,2314.3101,2319.8201,252700
2017-09-07,2328.9399,2349.79,2328.9199,2346.1899,277000
2017-09-08,2350.1899,2351.73,2340.6299,2343.72,214600
2017-09-11,2354.8601,2369.72,2354.3501,2359.0801,243600
2017-09-12,2372.02,2372.45,2359.1201,2365.47,333600
2017-09-13,2370.54,2373.6101,2360.1699,2360.1799,318900
2017-09-14,2365.54,2377.6599,2358.4299,2377.6599,314300
2017-09-15,2368.4399,2386.0701,2365.3701,2386.0701,298700
2017-09-18,2390.5801,2418.24,2389.6499,2418.21,273500
2017-09-19,2419.3,2422.05,2411.6799,2416.05,254600
2017-09-20,2420.8201,2429.1201,2405.78,2412.2,303300
2017-09-21,2412.01,2415.1299,2401.8899,2406.5,335300
2017-09-25,2388.77,2392.4399,2374.6899,2380.3999,339300
2017-09-26,2371.6201,2381.3101,2365.3401,2374.3201,319100
2017-09-27,2376.8899,2377.1799,2368.9199,2372.5701,202600
2017-09-28,2374.1001,2379.54,2365.6699,2373.1399,194800
2017-09-29,2378.6599,2394.47,2378.6599,2394.47,184200
2017-10-10,2425.6299,2443.2,2421.1001,2433.8101,221700
2017-10-11,2442.49,2458.1599,2439.8101,2458.1599,201800
2017-10-12,2461.7,2474.76,2459.48,2474.76,256200
2017-10-13,2473.6499,2479.73,2468.1399,2473.6201,234800
2017-10-16,2483.1699,2487.71,2470.24,2480.05,224400
2017-10-17,2484.96,2487.8799,2478.76,2484.3701,199000
2017-10-18,2481.53,2490.5801,2475.6699,2482.9099,244200
2017-10-19,2485.72,2490.9399,2468.6699,2473.0601,236600
2017-10-20,2477.3,2489.54,2476.8799,2489.54,313200
2017-10-23,2497.6499,2500.3301,2485.48,2490.05,274200
2017-10-24,2489.3101,2497.3501,2487.1699,2490.49,232000
2017-10-25,2495.8701,2497.4099,2481.48,2492.5,599400
2017-10-26,2489.6001,2495.99,2480.6299,2480.6299,646900
2017-10-27,2485.4399,2499.1499,2479.6699,2496.6299,511200
2017-10-30,2513.8701,2513.8701,2497.4199,2501.9299,342000
2017-10-31,2500.21,2528.3201,2498.05,2523.4299,313800
2017-11-01,2535.97,2556.47,2535.8301,2556.47,361800
2017-11-02,2560.3401,2561.6299,2542.02,2546.3601,527700
2017-11-03,2558.3701,2558.3701,2539.72,2557.97,292800
2017-11-06,2557.29,2559.8999,2529.9399,2549.4099,221200
2017-11-07,2548.3,2554.1299,2540.6699,2545.4399,253900
2017-11-08,2534.48,2558.74,2533.73,2552.3999,277000
2017-11-09,2559.9299,2559.9299,2536.54,2550.5701,293500
2017-11-10,2541.1799,2547.6101,2534.6001,2542.95,291500
2017-11-13,2548.27,2552.28,2527.2,2530.3501,266500
2017-11-14,2532.55,2532.95,2520.99,2526.6399,287800
2017-11-15,2525.6001,2526.6101,2511.76,2518.25,398200
2017-11-16,2522.4199,2538.28,2514.51,2534.79,302900
2017-11-17,2546.05,2559.1001,2533.99,2533.99,362200
2017-11-20,2536.8,2542.6201,2523.52,2527.6699,404300
2017-11-21,2533.8501,2539.8799,2525.96,2530.7,484900
2017-11-22,2546.6101,2553.22,2535.1899,2540.51,485700
2017-11-23,2542.3401,2544.5801,2532.45,2537.1499,391300
2017-11-24,2539.79,2544.3301,2533.98,2544.3301,297900
2017-11-27,2544.74,2546.71,2506.6899,2507.8101,284900
2017-11-28,2512.52,2521.0601,2500.9299,2514.1899,348200
2017-11-29,2517.26,2524.4099,2508.6599,2512.8999,301200
2017-11-30,2502.22,2506.3201,2474.28,2476.3701,339000
2017-12-01,2488.9199,2488.9199,2472.75,2475.4099,288600
2017-12-04,2486.72,2501.6699,2476.29,2501.6699,323800
2017-12-05,2490.73,2513.6799,2487.1499,2510.1201,395400
2017-12-06,2510.1899,2510.47,2474.29,2474.3701,507600
2017-12-07,2479.55,2480.8501,2452.3999,2461.98,404900
2017-12-08,2470.0901,2473.1699,2459.02,2464.0,406400
2017-12-11,2467.8101,2471.99,2457.98,2471.49,240100
2017-12-12,2471.23,2471.4299,2455.3899,2461.0,281200
2017-12-13,2462.4199,2481.9199,2457.7,2480.55,255000
2017-12-14,2486.5701,2514.6101,2469.48,2469.48,317800
2017-12-15,2488.3899,2495.0801,2475.99,2482.0701,340800
2017-12-18,2488.8301,2488.8301,2477.29,2481.8799,324400
2017-12-19,2487.8301,2498.6699,2470.49,2478.53,308400
2017-12-21,2471.3401,2471.73,2429.8301,2429.8301,247300
2017-12-22,2437.5901,2444.5701,2426.9399,2440.54,230400
2017-12-26,2447.6699,2457.1899,2427.3401,2427.3401,224600
2017-12-27,2420.8601,2436.6799,2411.48,2436.6699,194900
2017-12-28,2439.3101,2467.51,2437.26,2467.49,220300
2018-01-02,2474.8601,2481.02,2465.9399,2479.6499,262200
2018-01-03,2484.6299,2493.3999,2481.9099,2486.3501,331100
2018-01-04,2502.5,2502.5,2466.45,2466.46,333800
2018-01-05,2476.8501,2497.52,2475.51,2497.52,308800
2018-01-08,2510.7,2515.3701,2494.1799,2513.28,311400
2018-01-09,2510.73,2524.73,2498.4099,2510.23,374300
2018-01-10,2516.3301,2516.8201,2493.98,2499.75,444000
2018-01-11,2496.8601,2502.52,2483.8201,2487.9099,444300
2018-01-12,2499.8701,2500.8701,2482.1499,2496.4199,438800
2018-01-15,2510.97,2513.3,2496.1799,2503.73,404600
2018-01-16,2504.1599,2524.55,2498.55,2521.74,341600
2018-01-17,2517.1899,2521.97,2506.49,2515.4299,336700
2018-01-18,2527.6699,2532.0801,2512.6899,2515.8101,333100
2018-01-19,2519.6699,2524.3301,2513.0901,2520.26,351800
2018-01-22,2516.8999,2517.1201,2488.4399,2502.1101,343000
2018-01-23,2510.3501,2536.6001,2507.96,2536.6001,370000
2018-01-24,2533.8601,2547.22,2531.3101,2538.0,371100
2018-01-25,2536.96,2564.4299,2536.73,2562.23,514600
2018-01-26,2560.6899,2574.76,2553.53,2574.76,400600
2018-01-29,2588.8701,2607.1001,2587.55,2598.1899,437500
2018-01-30,2590.4099,2599.1699,2567.0701,2567.74,397000
2018-01-31,2557.3701,2597.1399,2553.01,2566.46,403100
2018-02-01,2578.9099,2583.74,2564.5901,2568.54,595100
2018-02-02,2565.99,2565.99,2519.6001,2525.3899,481800
2018-02-05,2487.3401,2503.99,2476.24,2491.75,442400
2018-02-06,2437.02,2460.28,2409.3799,2453.3101,582800
2018-02-07,2483.72,2484.1799,2396.5601,2396.5601,460100
2018-02-08,2400.1699,2423.8799,2393.46,2407.6201,362400
2018-02-09,2346.73,2372.8999,2346.73,2363.77,489100
2018-02-12,2380.49,2397.8999,2367.3101,2385.3799,352300
2018-02-13,2402.8899,2421.8,2388.54,2395.1899,423400
2018-02-14,2412.47,2426.6299,2408.02,2421.8301,305700
2018-02-19,2452.52,2455.1201,2428.1499,2442.8201,322100
2018-02-20,2433.3501,2438.48,2411.23,2415.1201,421500
2018-02-21,2417.73,2432.45,2404.02,2429.6499,432300
2018-02-22,2417.1799,2422.6201,2405.23,2414.28,349500
2018-02-23,2427.1299,2451.52,2427.1299,2451.52,300600
2018-02-26,2465.3501,2466.0801,2447.8601,2457.6499,321300
2018-02-27,2474.0801,2480.79,2456.1399,2456.1399,271200
2018-02-28,2447.1101,2460.1201,2426.21,2427.3601,367600
2018-03-02,2406.5701,2410.3401,2387.25,2402.1599,320400
2018-03-05,2405.9199,2407.98,2374.8,2375.0601,312300
2018-03-06,2400.6699,2413.01,2392.8701,2411.4099,400100
2018-03-07,2413.3899,2429.4299,2395.24,2401.8201,413000
2018-03-08,2420.6699,2433.0801,2407.5901,2433.0801,394800
2018-03-09,2443.4299,2476.4299,2436.03,2459.45,437300
2018-03-12,2485.6399,2489.46,2474.9099,2484.1201,391300
2018-03-13,2483.05,2494.49,2478.76,2494.49,350200
2018-03-14,2477.4299,2486.98,2474.77,2486.0801,360900
2018-03-15,2486.0,2496.51,2471.04,2492.3799,344000
2018-03-16,2495.1101,2497.8,2476.8799,2493.97,377800
2018-03-19,2491.99,2493.5601,2470.9099,2475.03,477200
2018-03-20,2456.8,2485.52,2456.8,2485.52,291500
2018-03-21,2488.22,2492.8799,2483.78,2484.97,399100
2018-03-22,2494.8401,2508.71,2485.3401,2496.02,482100
2018-03-23,2446.73,2450.3999,2412.6201,2416.76,458000
2018-03-26,2414.6799,2437.0801,2399.4399,2437.0801,306900
2018-03-27,2455.0,2456.55,2444.9199,2452.0601,332100
2018-03-28,2425.9399,2430.77,2409.47,2419.29,501300
2018-03-29,2421.7,2439.47,2413.71,2436.3701,333400
2018-03-30,2454.1001,2458.24,2445.72,2445.8501,395300
2018-04-02,2454.72,2467.52,2440.8899,2444.1599,390300
2018-04-03,2422.26,2442.4299,2416.4399,2442.4299,497100
2018-04-04,2447.97,2447.97,2405.9099,2408.0601,551700
2018-04-05,2426.9199,2446.78,2420.9199,2437.52,591000
2018-04-06,2420.8799,2433.97,2417.24,2429.5801,454300
2018-04-09,2424.1499,2446.28,2424.1499,2444.0801,334400
2018-04-10,2439.9399,2454.3601,2419.55,2450.74,356400
2018-04-11,2456.53,2458.99,2441.2,2444.22,355200
2018-04-12,2450.95,2454.95,2441.5801,2442.71,441600
2018-04-13,2449.4199,2457.8501,2442.3501,2455.0701,395900
2018-04-16,2466.04,2466.1599,2449.97,2457.49,347200
2018-04-17,2459.3899,2465.6299,2449.0801,2453.77,394700
2018-04-18,2467.55,2486.73,2467.55,2479.98,647300
2018-04-19,2483.26,2490.5701,2476.51,2486.1001,727000
2018-04-20,2478.5901,2485.1499,2472.3701,2476.3301,531700
2018-04-23,2473.7,2478.5701,2466.5701,2474.1101,701400
2018-04-24,2478.47,2479.3201,2454.4399,2464.1399,524300
2018-04-25,2444.1899,2453.54,2436.51,2448.8101,466100
2018-04-26,2460.6201,2484.0901,2456.2,2475.6399,520900
2018-04-27,2497.75,2508.1299,2484.1899,2492.3999,465000
2018-04-30,2502.29,2515.3799,2500.22,2515.3799,746300
2018-05-02,2515.75,2516.5701,2501.71,2505.6101,807600
2018-05-03,2506.9399,2507.9099,2487.25,2487.25,614100
2018-05-04,2486.47,2487.77,2461.3799,2461.3799,612000
2018-05-08,2468.45,2479.75,2444.0801,2449.8101,714700
2018-05-09,2450.71,2451.8601,2428.79,2443.98,593400
2018-05-10,2458.6699,2464.72,2448.01,2464.1599,490000
2018-05-11,2469.3,2483.8501,2468.4099,2477.71,599900
2018-05-14,2482.97,2486.1699,2471.9099,2476.1101,650700
2018-05-15,2476.8701,2480.22,2456.2,2458.54,712600
2018-05-16,2446.6399,2465.55,2444.6699,2459.8201,691800
2018-05-17,2468.72,2472.8201,2448.4299,2448.45,596800
2018-05-18,2459.73,2461.95,2452.3401,2460.6499,431400
2018-05-21,2464.0701,2472.3,2447.6899,2465.5701,588100
2018-05-23,2462.98,2476.8601,2460.0701,2471.9099,752700
2018-05-24,2477.48,2481.3101,2457.8401,2466.01,638100
2018-05-25,2452.8,2466.5701,2444.77,2460.8,653600
2018-05-28,2465.0,2482.3999,2463.1399,2478.96,708400
2018-05-29,2476.7,2479.6799,2457.1799,2457.25,571800
2018-05-30,2446.8101,2449.8799,2399.5801,2409.03,575900
2018-05-31,2428.8301,2430.1499,2415.5,2423.01,816900
2018-06-01,2419.6299,2445.3101,2418.1101,2438.96,603000
2018-06-04,2444.6201,2452.6699,2441.25,2447.76,438900
2018-06-05,2450.3899,2455.78,2432.8101,2453.76,501400
2018-06-07,2468.26,2478.6699,2466.01,2470.5801,474100
2018-06-08,2467.8799,2468.27,2449.1101,2451.5801,530200
2018-06-11,2454.25,2470.99,2448.0,2470.1499,427900
2018-06-12,2474.78,2479.5601,2462.8401,2468.8301,613200
2018-06-14,2450.8601,2451.95,2422.3701,2423.48,533400
2018-06-15,2432.1799,2433.51,2403.97,2404.04,502400
2018-06-18,2404.6799,2405.5601,2365.3101,2376.24,564800
2018-06-19,2373.1201,2379.49,2336.54,2340.1101,606300
2018-06-20,2350.24,2374.52,2345.22,2363.9099,456000
2018-06-21,2364.1599,2370.5801,2337.8301,2337.8301,438300
2018-06-22,2323.0801,2357.3999,2320.76,2357.22,537300
2018-06-25,2351.8899,2361.3899,2337.22,2357.8799,415100
2018-06-26,2334.75,2358.01,2326.6101,2350.9199,470900
2018-06-27,2349.3799,2358.71,2342.02,2342.03,526600
2018-06-28,2327.3701,2335.3501,2310.8,2314.24,414400
2018-06-29,2325.6799,2329.5801,2296.3899,2326.1299,396700
2018-07-02,2322.23,2327.5901,2271.53,2271.54,393300
2018-07-03,2285.8799,2287.3899,2252.3601,2272.76,366000
2018-07-04,2270.95,2280.8101,2261.3401,2265.46,315100
2018-07-05,2264.74,2274.74,2243.8999,2257.55,346900
2018-07-06,2261.4399,2283.75,2247.3501,2272.8701,344400
2018-07-09,2276.9199,2294.6101,2267.25,2285.8,352600
2018-07-10,2299.0901,2305.8401,2292.1299,2294.1599,339900
2018-07-11,2277.22,2287.0801,2262.77,2280.6201,423000
2018-07-12,2285.9299,2298.5601,2277.73,2285.0601,364400
2018-07-13,2293.0701,2313.8,2293.0701,2310.8999,291600
2018-07-16,2312.26,2317.8401,2299.79,2301.99,297100
2018-07-17,2302.95,2306.0701,2290.24,2297.9199,379000
2018-07-18,2313.78,2319.3899,2287.1001,2290.1101,402800
2018-07-19,2298.9099,2300.1799,2278.9399,2282.29,464500
2018-07-20,2281.3601,2293.3401,2269.55,2289.1899,353200
2018-07-23,2289.6101,2289.6101,2264.4199,2269.3101,334300
2018-07-24,2273.1499,2284.4299,2263.1299,2280.2,436100
2018-07-25,2284.3799,2292.6101,2269.6699,2273.03,309300
2018-07-26,2284.51,2297.1599,2276.54,2289.0601,303300
2018-07-27,2292.3301,2295.27,2284.4399,2294.99,262100
2018-07-30,2290.1799,2296.9099,2283.29,2293.51,206500
2018-07-31,2292.23,2296.6001,2286.02,2295.26,223900
2018-08-01,2301.1699,2312.6499,2301.1299,2307.0701,219000
2018-08-02,2304.1399,2306.72,2265.46,2270.2,352100
2018-08-03,2278.3301,2288.9299,2272.9399,2287.6799,270500
2018-08-06,2288.51,2300.3799,2283.26,2286.5,244500
2018-08-07,2290.8501,2301.27,2279.55,2300.1599,230300
2018-08-08,2305.73,2308.6001,2298.4099,2301.45,299700
2018-08-09,2303.04,2303.71,2291.9099,2303.71,244900
2018-08-10,2295.21,2295.6201,2277.8899,2282.79,286200
2018-08-13,2266.4299,2271.8201,2238.55,2248.45,335400
2018-08-14,2249.8601,2262.52,2247.3701,2258.9099,255200
2018-08-16,2233.05,2244.0801,2218.0901,2240.8,312500
2018-08-17,2244.6101,2250.9199,2240.1399,2247.05,238400
2018-08-20,2257.3501,2264.4199,2245.0601,2247.8799,271600
2018-08-21,2248.04,2272.8601,2244.5901,2270.0601,294300
2018-08-22,2273.6799,2280.3101,2268.9099,2273.3301,269300
2018-08-23,2282.5701,2282.8799,2268.0601,2282.6001,338400
2018-08-24,2276.1599,2295.22,2271.3501,2293.21,347300
2018-08-27,2297.3201,2302.8701,2289.4099,2299.3,307000
2018-08-28,2312.1399,2314.6001,2299.45,2303.1201,276900
2018-08-29,2304.6599,2309.8799,2300.21,2309.03,268200
2018-08-30,2313.1101,2320.8501,2305.46,2307.3501,286900
2018-08-31,2298.1299,2322.8799,2295.72,2322.8799,255900
2018-09-03,2317.9299,2318.72,2302.1699,2307.03,230500
2018-09-04,2308.96,2317.74,2302.1699,2315.72,277000
2018-09-05,2310.8999,2315.4299,2288.01,2291.77,358200
2018-09-06,2288.8,2298.47,2284.5,2287.6101,387500
2018-09-07,2278.0801,2286.8201,2264.8999,2281.5801,357600
2018-09-10,2277.3501,2289.3799,2276.6001,2288.6599,312600
2018-09-11,2286.9099,2295.76,2275.1299,2283.2,368200
2018-09-12,2286.28,2289.6599,2271.0,2282.9199,336800
2018-09-13,2285.28,2291.51,2281.6299,2286.23,301300
2018-09-14,2304.7,2318.6499,2304.1499,2318.25,292200
2018-09-17,2314.55,2314.55,2295.26,2303.01,343200
2018-09-18,2287.73,2310.97,2287.4199,2308.98,309200
2018-09-19,2319.22,2319.22,2301.79,2308.46,350900
2018-09-20,2314.4099,2334.04,2311.5601,2323.45,289100
2018-09-21,2332.04,2339.1699,2325.1201,2339.1699,321700
2018-09-27,2331.7,2355.4299,2331.7,2355.4299,279200
2018-09-28,2356.1299,2356.6201,2337.47,2343.0701,317900
2018-10-01,2349.6399,2352.1101,2333.3201,2338.8799,278300
2018-10-02,2338.28,2341.55,2308.8999,2309.5701,287900
2018-10-04,2311.0601,2311.0601,2270.22,2274.49,309500
2018-10-05,2269.9399,2278.1201,2250.99,2267.52,282100
2018-10-08,2258.73,2273.71,2253.8301,2253.8301,214600
2018-10-10,2256.03,2257.52,2222.95,2228.6101,365700
2018-10-11,2176.1599,2186.6899,2129.6699,2129.6699,411900
2018-10-12,2131.6599,2173.01,2129.1299,2161.8501,292600
2018-10-15,2155.3401,2159.23,2141.28,2145.1201,259200
2018-10-16,2156.0,2161.76,2140.1899,2145.1201,222500
2018-10-17,2169.4399,2182.77,2159.3701,2167.51,275200
2018-10-18,2158.8,2168.01,2146.6101,2148.3101,321800
2018-10-19,2130.0601,2158.78,2117.6201,2156.26,351800
2018-10-22,2143.0801,2163.21,2136.9199,2161.71,308700
2018-10-23,2147.3,2148.8,2094.6899,2106.1001,373500
2018-10-24,2119.1899,2121.3601,2092.1001,2097.5801,399700
2018-10-25,2046.67,2066.0601,2033.8101,2063.3,376000
2018-10-26,2066.5701,2066.5701,2008.86,2027.15,449200
2018-10-29,2026.6801,2045.76,1993.77,1996.05,427300
2018-10-30,1985.95,2028.84,1985.95,2014.6899,441600
2018-10-31,2022.84,2030.5,2006.63,2029.6899,373000
2018-11-01,2035.11,2054.22,2023.4301,2024.46,343800
2018-11-02,2046.61,2096.6299,2044.9399,2096.0,372000
2018-11-05,2079.8101,2080.49,2052.6699,2076.9199,361300
2018-11-06,2085.8101,2092.6101,2068.5901,2089.6201,315800
2018-11-07,2090.3201,2107.6299,2072.48,2078.6899,485200
2018-11-08,2109.97,2120.8799,2092.3601,2092.6299,328000
2018-11-09,2093.8899,2101.9199,2082.47,2086.0901,298100
2018-11-12,2065.9199,2087.24,2065.52,2080.4399,295500
2018-11-13,2047.62,2072.03,2032.05,2071.23,383400
2018-11-14,2071.4099,2075.1201,2060.8601,2068.05,339000
2018-11-15,2061.47,2088.6101,2058.73,2088.0601,351000
2018-11-16,2097.9399,2103.1101,2086.54,2092.3999,301600
2018-11-19,2096.1299,2111.3899,2089.3701,2100.5601,273200
2018-11-20,2074.6699,2089.54,2074.6699,2082.5801,281700
2018-11-21,2057.0701,2077.49,2049.76,2076.55,267900
2018-11-22,2079.01,2081.75,2066.2,2069.95,242500
2018-11-23,2073.26,2075.9099,2047.96,2057.48,227200
2018-11-26,2060.1699,2083.96,2060.1699,2083.02,237700
2018-11-27,2091.75,2102.29,2079.49,2099.4199,239200
2018-11-28,2104.1299,2108.6499,2094.3201,2108.22,300100
2018-11-29,2133.95,2136.74,2108.8999,2114.1001,307200
2018-11-30,2116.8301,2122.3301,2093.8301,2096.8601,427400
2018-12-03,2127.78,2136.6399,2113.6001,2131.9299,436600
2018-12-04,2125.6699,2128.9399,2105.45,2114.3501,507500
2018-12-05,2086.5701,2107.6899,2086.5701,2101.3101,492700
2018-12-06,2094.6201,2094.6201,2064.0,2068.6899,537400
2018-12-07,2081.6799,2086.8401,2065.6201,2075.76,371600
2018-12-10,2048.45,2061.78,2043.21,2053.79,344200
2018-12-11,2058.1599,2060.9399,2047.17,2052.97,273900
2018-12-12,2062.77,2084.77,2061.1299,2082.5701,457100
2018-12-13,2087.4299,2104.4299,2084.3701,2095.55,379800
2018-12-14,2095.6399,2095.6399,2061.3999,2069.3799,448200
2018-12-17,2071.21,2075.9299,2065.51,2071.0901,444500
2018-12-18,2057.3899,2074.3101,2054.26,2062.1101,429500
2018-12-19,2068.95,2080.6499,2063.01,2078.8401,418800
2018-12-20,2063.7,2071.0801,2047.52,2060.1201,421100
2018-12-21,2052.7,2061.51,2049.76,2061.49,311400
2018-12-24,2050.3799,2059.9399,2046.1801,2055.01,285300
2018-12-26,2028.8101,2037.83,2014.28,2028.01,321500
2018-12-27,2032.09,2035.5699,2021.39,2028.4399,398000
2018-12-28,2036.7,2046.97,2035.41,2041.04,352700
2019-01-02,2050.55,2053.45,2004.27,2010.0,326400
2019-01-03,2011.8101,2014.72,1991.65,1993.7,428000
2019-01-04,1992.4,2011.5601,1984.53,2010.25,409000
2019-01-07,2034.24,2048.0601,2030.9,2037.1,440200
2019-01-08,2038.6801,2042.7,2023.59,2025.27,397800
2019-01-09,2034.1899,2068.23,2034.1899,2064.71,386200
2019-01-10,2065.73,2072.8101,2057.1599,2063.28,382900
2019-01-11,2070.3601,2076.99,2063.99,2075.5701,380100
2019-01-14,2070.49,2073.9399,2059.46,2064.52,432900
2019-01-15,2069.1399,2098.01,2067.5801,2097.1799,439500
2019-01-16,2098.6499,2106.3501,2091.9199,2106.1001,500100
2019-01-17,2110.1399,2117.4299,2101.7,2107.0601,475900
2019-01-18,2116.4299,2124.5,2113.4399,2124.28,456700
2019-01-21,2133.8701,2134.1699,2114.45,2124.6101,398000
2019-01-22,2126.03,2129.3701,2108.9099,2117.77,419400
2019-01-23,2108.72,2131.05,2106.74,2127.78,408600
2019-01-24,2127.8799,2145.0801,2125.48,2145.03,413700
2019-01-25,2147.9199,2178.01,2146.6399,2177.73,410000
2019-01-28,2184.4099,2188.1499,2169.1699,2177.3,371600
2019-01-29,2172.8301,2183.3601,2162.53,2183.3601,552600
2019-01-30,2183.49,2206.2,2177.8799,2206.2,480400
2019-01-31,2222.8799,2222.8799,2201.22,2204.8501,545200
2019-02-01,2211.9299,2218.78,2201.4099,2203.46,479400
2019-02-07,2215.77,2215.79,2196.77,2203.4199,427800
2019-02-08,2192.01,2192.48,2171.96,2177.05,391000
2019-02-11,2180.54,2181.5801,2167.3601,2180.73,406100
2019-02-12,2182.71,2195.05,2178.5901,2190.47,429900
2019-02-13,2200.0,2203.71,2194.75,2201.48,422000
2019-02-14,2195.9199,2225.8501,2186.0901,2225.8501,573400
2019-02-15,2210.9399,2210.9399,2187.71,2196.0901,400600
2019-02-18,2207.3601,2217.3201,2203.0,2210.8899,314400
2019-02-19,2208.96,2213.8701,2193.3401,2205.6299,389100
2019-02-20,2216.74,2234.6799,2213.8301,2229.76,374300
2019-02-21,2224.26,2234.3101,2213.1899,2228.6599,382500
2019-02-22,2222.3201,2230.5,2217.0801,2230.5,409300
2019-02-25,2241.1299,2241.76,2224.6399,2232.5601,339200
2019-02-26,2230.3701,2235.7,2221.76,2226.6001,332000
2019-02-27,2234.46,2237.77,2228.1599,2234.79,301500
2019-02-28,2231.5801,2233.9299,2195.4399,2195.4399,510000
2019-03-04,2210.97,2216.02,2188.5601,2190.6599,373200
2019-03-05,2183.3501,2185.74,2171.3301,2179.23,313100
2019-03-06,2177.1101,2179.01,2168.46,2175.6001,328900
2019-03-07,2173.1899,2181.1899,2155.1899,2165.79,292600
2019-03-08,2152.8,2159.6699,2137.4399,2137.4399,313300
2019-03-11,2140.29,2145.3101,2125.54,2138.1001,272100
2019-03-12,2154.6101,2161.6899,2150.96,2157.1799,355300
2019-03-13,2152.6599,2154.1101,2134.1599,2148.4099,285600
2019-03-14,2154.3501,2158.3401,2142.3101,2155.6799,341000
2019-03-15,2152.96,2181.77,2152.5901,2176.1101,387100
2019-03-18,2179.6899,2183.8999,2172.3401,2179.49,258000
2019-03-19,2183.03,2183.76,2171.05,2177.6201,319700
2019-03-20,2171.4099,2177.1899,2152.21,2177.1001,317600
2019-03-21,2183.1101,2200.3201,2173.7,2184.8799,342700
2019-03-22,2192.72,2195.4199,2178.77,2186.95,333600
2019-03-25,2158.8,2159.25,2143.7,2144.8601,307100
2019-03-26,2152.98,2153.8999,2143.6299,2148.8,301300
2019-03-27,2147.1899,2152.9099,2132.4199,2145.6201,363200
2019-03-28,2131.25,2136.3999,2120.9299,2128.1001,288000
2019-03-29,2138.45,2143.3,2124.0701,2140.6699,364600
2019-04-01,2153.3101,2171.49,2153.3101,2168.28,263300
2019-04-02,2177.2,2181.3701,2171.8401,2177.1799,257500
2019-04-03,2176.8101,2203.29,2172.8301,2203.27,358600
2019-04-04,2201.04,2216.1499,2198.6599,2206.53,431000
2019-04-05,2206.3601,2214.8201,2205.26,2209.6101,517200
2019-04-08,2217.6599,2217.8701,2202.49,2210.6001,347900
2019-04-09,2212.3201,2221.6201,2203.54,2213.5601,414800
2019-04-10,2206.2,2225.02,2203.8201,2224.3899,399700
2019-04-11,2227.6899,2230.4099,2217.1799,2224.4399,402000
2019-04-12,2221.1001,2233.45,2212.8799,2233.45,449600
2019-04-15,2242.3101,2251.22,2240.29,2242.8799,404200
2019-04-16,2241.0601,2249.8899,2235.72,2248.6299,569100
2019-04-17,2249.05,2252.05,2242.01,2245.8899,452500
2019-04-18,2248.8,2250.1101,2210.4299,2213.77,573300
2019-04-19,2223.4199,2225.3701,2215.5801,2216.1499,525300
2019-04-22,2218.5,2227.9399,2207.25,2216.6499,494000
2019-04-23,2217.6101,2223.9199,2212.1399,2220.51,481200
2019-04-24,2229.75,2229.75,2190.29,2201.03,575100
2019-04-25,2195.47,2200.8899,2187.4399,2190.5,441100
2019-04-26,2178.1299,2186.52,2168.1499,2179.3101,570200
2019-04-29,2183.4099,2216.4299,2181.8201,2216.4299,380800
2019-04-30,2213.4299,2215.77,2186.3301,2203.5901,381400
2019-05-02,2192.9399,2217.03,2191.3,2212.75,369100
2019-05-03,2209.4399,2211.3601,2192.3601,2196.3201,617900
2019-05-07,2172.3899,2179.51,2160.4399,2176.99,484100
2019-05-08,2151.3401,2179.3401,2151.3401,2168.01,456300
2019-05-09,2159.79,2164.98,2102.01,2102.01,743500
2019-05-10,2118.4199,2124.9199,2090.3899,2108.04,714800
2019-05-13,2091.8,2101.0901,2077.72,2079.01,505800
2019-05-14,2060.24,2093.4099,2056.74,2081.8401,696200
2019-05-15,2081.9199,2100.01,2076.46,2092.78,577800
2019-05-16,2094.8799,2095.5801,2062.4399,2067.6899,745200
2019-05-17,2081.5701,2082.8301,2053.79,2055.8,537400
2019-05-20,2066.53,2077.1001,2051.6899,2055.71,640200
2019-05-21,2056.95,2076.47,2053.6899,2061.25,526900
2019-05-22,2068.6499,2070.8,2048.01,2064.8601,510000
2019-05-23,2063.25,2065.8601,2046.8199,2059.5901,509300
2019-05-24,2047.3,2057.3799,2035.98,2045.3101,480600
2019-05-27,2044.25,2055.1299,2035.87,2044.21,351600
2019-05-28,2044.77,2058.4199,2038.52,2048.8301,494500
2019-05-29,2046.71,2046.71,2016.25,2023.3199,380900
2019-05-30,2024.33,2040.66,2023.91,2038.8,461900
2019-05-31,2029.03,2048.8999,2022.97,2041.74,439200
2019-06-03,2031.03,2070.5801,2029.17,2067.8501,387100
2019-06-04,2066.78,2072.1899,2060.98,2066.97,436000
2019-06-05,2084.1599,2086.49,2065.71,2069.1101,380200
2019-06-07,2070.78,2081.1599,2057.97,2072.3301,368400
2019-06-10,2087.3701,2099.6499,2075.51,2099.49,457600
2019-06-11,2096.0901,2114.5701,2094.6001,2111.8101,550700
2019-06-12,2111.6599,2118.8899,2104.4099,2108.75,693500
2019-06-13,2104.46,2108.01,2081.9199,2103.1499,553400
2019-06-14,2096.3201,2103.02,2087.47,2095.4099,473400
2019-06-17,2091.71,2103.5901,2087.25,2090.73,561600
2019-06-18,2089.3101,2103.02,2089.3101,2098.71,601000
2019-06-19,2119.54,2126.74,2117.6399,2124.78,863000
2019-06-20,2121.78,2131.77,2120.4199,2131.29,1007200
2019-06-21,2132.3799,2132.6799,2120.1499,2125.6201,692000
2019-06-24,2130.3201,2134.48,2123.8799,2126.3301,669600
2019-06-25,2125.74,2136.24,2115.1101,2121.6399,643000
2019-06-26,2120.2,2128.25,2115.72,2121.8501,736900
2019-06-27,2120.73,2141.27,2118.22,2134.3201,644900
2019-06-28,2135.0601,2139.24,2123.97,2130.6201,537300
2019-07-01,2147.24,2147.24,2126.8701,2129.74,412300
2019-07-02,2122.0701,2130.8601,2112.52,2122.02,460800
2019-07-03,2120.75,2127.71,2093.3201,2096.02,522700
2019-07-04,2102.3601,2108.8,2088.97,2108.73,446900
2019-07-05,2111.0,2115.4299,2096.23,2110.5901,459400
2019-07-08,2091.9099,2092.54,2063.78,2064.1699,516000
2019-07-09,2070.3501,2075.3,2052.03,2052.03,440100
2019-07-10,2061.55,2068.2,2056.48,2058.78,355700
2019-07-11,2070.5901,2088.24,2070.21,2080.5801,376700
2019-07-12,2083.53,2090.4299,2077.3501,2086.6599,403900
2019-07-15,2083.3899,2088.3401,2073.1001,2082.48,463500
2019-07-16,2084.46,2096.6699,2078.74,2091.8701,682800
2019-07-17,2079.9099,2080.01,2063.49,2072.9199,761600
2019-07-18,2068.6599,2073.2,2061.3301,2066.55,446600
2019-07-19,2080.21,2096.73,2076.51,2094.3601,394900
2019-07-22,2090.3501,2099.3401,2087.51,2093.3401,332600
2019-07-23,2095.76,2106.3899,2095.3799,2101.45,648100
2019-07-24,2097.1599,2105.6799,2080.6599,2082.3,851400
2019-07-25,2085.6699,2088.8101,2061.0801,2074.48,598600
2019-07-26,2063.3501,2068.1599,2054.6399,2066.26,589100
2019-07-29,2059.1299,2063.1299,2025.01,2029.48,608700
2019-07-30,2035.3199,2044.59,2032.61,2038.6801,547000
2019-07-31,2036.46,2041.16,2010.95,2024.55,589400
2019-08-01,2015.09,2032.23,2009.33,2017.34,461700
2019-08-02,1995.3101,2005.3101,1987.12,1998.13,438500
2019-08-05,1985.9301,1987.64,1945.39,1946.98,639600
2019-08-06,1900.36,1948.53,1891.8101,1917.5,739600
2019-08-07,1925.33,1929.29,1901.61,1909.71,760800
2019-08-08,1926.28,1937.95,1915.8101,1920.61,777200
2019-08-09,1940.0601,1946.9399,1936.14,1937.75,654300
2019-08-12,1941.53,1949.1899,1933.25,1942.29,427100
2019-08-13,1928.76,1937.6801,1923.58,1925.83,660000
2019-08-14,1946.1801,1952.22,1937.23,1938.37,699600
2019-08-16,1921.49,1927.7,1911.72,1927.17,421700
2019-08-19,1936.64,1943.09,1931.4399,1939.9,481000
2019-08-20,1942.99,1964.16,1937.53,1960.25,463600
2019-08-21,1954.5699,1971.12,1954.47,1964.65,391600
2019-08-22,1966.6,1967.96,1951.01,1951.01,435600
2019-08-23,1942.42,1953.85,1940.6,1948.3,381100
2019-08-26,1915.34,1924.49,1909.92,1916.3101,324900
2019-08-27,1928.98,1937.42,1919.28,1924.6,427000
2019-08-28,1929.96,1943.62,1926.4301,1941.09,284300
2019-08-29,1943.55,1947.15,1928.49,1933.41,285100
2019-08-30,1951.66,1971.21,1951.3,1967.79,317700
2019-09-02,1961.1899,1973.25,1958.59,1969.1899,262200
2019-09-03,1966.5,1976.37,1960.15,1965.6899,342100
2019-09-04,1962.4301,1988.53,1962.08,1988.53,348700
2019-09-05,1993.62,2015.39,1992.51,2004.75,488100
2019-09-06,2016.11,2017.2,2005.6899,2009.13,384400
2019-09-09,2013.38,2029.8,2013.28,2019.55,511800
2019-09-10,2024.79,2034.28,2021.58,2032.08,504400
2019-09-11,2043.72,2050.8,2040.04,2049.2,429100
2019-09-16,2056.26,2062.22,2044.8,2062.22,493500
2019-09-17,2058.72,2066.3301,2055.1699,2062.3301,508000
2019-09-18,2064.4199,2075.6299,2058.52,2070.73,613100
2019-09-19,2070.53,2089.8101,2070.53,2080.3501,493000
2019-09-20,2080.8601,2092.3701,2077.3,2091.52,589900
2019-09-23,2087.7,2095.54,2085.6001,2091.7,420900
2019-09-24,2090.1899,2101.6299,2085.9099,2101.04,535800
2019-09-25,2093.47,2095.27,2072.4099,2073.3899,651600
2019-09-26,2082.6599,2087.3301,2064.3401,2074.52,430600
2019-09-27,2066.96,2066.96,2044.75,2049.9299,285900
2019-09-30,2045.77,2064.99,2042.01,2063.05,327600
2019-10-01,2062.4399,2077.48,2057.9099,2072.4199,389300
2019-10-02,2058.23,2058.23,2031.91,2031.91,414500
2019-10-04,2028.4,2039.4301,2020.6899,2020.6899,402900
2019-10-07,2031.53,2034.9399,2016.1899,2021.73,322200
2019-10-08,2029.37,2046.8101,2024.63,2046.25,437500
2019-10-10,2030.13,2040.88,2010.9,2028.15,445800
2019-10-11,2048.0801,2053.9399,2040.48,2044.61,381100
2019-10-14,2068.1299,2075.1001,2065.53,2067.3999,511200
2019-10-15,2064.78,2073.21,2064.3401,2068.1699,464500
2019-10-16,2080.9199,2090.01,2073.8,2082.8301,524500
2019-10-17,2081.76,2087.1499,2072.49,2077.9399,314200
2019-10-18,2082.23,2088.54,2057.8899,2060.6899,516700
2019-10-21,2067.97,2067.97,2059.3301,2064.8401,606100
2019-10-22,2076.29,2093.8101,2073.0801,2088.8601,504100
2019-10-23,2086.8101,2088.25,2074.8799,2080.6201,429500
2019-10-24,2089.8501,2089.8501,2067.8999,2085.6599,367700
2019-10-25,2091.1599,2091.24,2079.3,2087.8899,348700
2019-10-28,2096.6699,2104.3899,2089.76,2093.6001,269200
2019-10-29,2103.9199,2105.1699,2088.04,2092.6899,357700
2019-10-30,2093.51,2093.51,2075.54,2080.27,415600
2019-10-31,2089.22,2103.71,2083.48,2083.48,461300
2019-11-01,2084.79,2100.4199,2081.53,2100.2,418300
2019-11-04,2111.3201,2130.8301,2111.3201,2130.24,476300
2019-11-05,2133.6599,2143.1201,2128.7,2142.6399,400600
2019-11-06,2142.6899,2156.23,2138.8301,2144.1499,410100
2019-11-07,2141.05,2147.01,2135.45,2144.29,425700
2019-11-08,2154.1799,2155.9399,2133.75,2137.23,574100
2019-11-11,2139.0701,2139.0701,2119.0701,2124.0901,617300
2019-11-12,2131.26,2140.9399,2121.8,2140.9199,610400
2019-11-13,2132.48,2133.3701,2118.6699,2122.45,664400
2019-11-14,2127.54,2139.23,2121.3201,2139.23,521100
2019-11-15,2137.96,2165.02,2135.26,2162.1799,556200
2019-11-18,2161.8899,2165.8899,2151.97,2160.6899,489200
2019-11-19,2151.04,2154.4099,2137.01,2153.24,826900
2019-11-20,2140.0601,2145.97,2123.8,2125.3201,581100
2019-11-21,2123.6499,2125.3601,2088.1899,2096.6001,579600
2019-11-22,2098.8899,2106.4199,2093.99,2101.96,519900
2019-11-25,2117.1399,2130.04,2116.0701,2123.5,397700
2019-11-26,2129.27,2139.6399,2120.8501,2121.3501,532600
2019-11-27,2134.47,2136.3,2118.0701,2127.8501,367800
2019-11-28,2116.9299,2127.75,2116.5801,2118.6001,335200
2019-11-29,2125.53,2125.53,2085.1001,2087.96,433300
2019-12-02,2097.55,2103.8701,2088.9199,2091.9199,385300
2019-12-03,2075.02,2085.71,2066.6001,2084.0701,450000
2019-12-04,2070.8401,2072.9099,2057.45,2068.8899,347000
2019-12-05,2078.3101,2084.29,2053.5601,2060.74,472200
2019-12-06,2072.4399,2084.4399,2070.1699,2081.8501,440200
2019-12-09,2091.9399,2093.8101,2084.3101,2088.6499,393100
2019-12-10,2081.22,2100.48,2080.1599,2098.0,500100
2019-12-11,2098.28,2109.22,2092.48,2105.6201,668700
2019-12-12,2120.1299,2138.9299,2120.1299,2137.3501,584600
2019-12-13,2164.6299,2170.25,2159.45,2170.25,540000
2019-12-16,2168.05,2175.01,2166.29,2168.1499,377100
2019-12-17,2179.3999,2196.01,2171.0901,2195.6799,599500
2019-12-18,2194.9199,2204.04,2187.3201,2194.76,591100
2019-12-19,2199.4199,2204.73,2186.5901,2196.5601,643100
2019-12-20,2205.5701,2206.8201,2194.8,2204.1799,646700
2019-12-23,2208.22,2209.2,2196.4299,2203.71,502000
2019-12-24,2206.23,2206.23,2187.5801,2190.0801,570000
2019-12-26,2192.22,2198.01,2183.8999,2197.9299,571300
2019-12-27,2183.7,2215.55,2177.3999,2204.21,490200
2019-12-30,2202.6201,2208.04,2195.6499,2197.6699,416400
2020-01-02,2201.21,2202.3201,2171.8401,2175.1699,494700
2020-01-03,2192.5801,2203.3799,2165.3899,2176.46,631600
2020-01-06,2154.97,2164.4199,2149.95,2155.0701,592700
2020-01-07,2166.6001,2181.6201,2164.27,2175.54,568200
2020-01-08,2156.27,2162.3201,2137.72,2151.3101,913800
2020-01-09,2182.2,2186.45,2172.1599,2186.45,592600
2020-01-10,2189.48,2206.9199,2188.1001,2206.3899,594500
2020-01-13,2204.49,2230.4299,2204.49,2229.26,488300
2020-01-14,2243.0601,2250.79,2232.9399,2238.8799,835900
2020-01-15,2229.8,2238.21,2223.3899,2230.98,746200
2020-01-16,2231.9299,2249.0901,2225.4099,2248.05,808300
2020-01-17,2261.5701,2268.71,2245.5801,2250.5701,580800
2020-01-20,2261.3999,2277.23,2258.0901,2262.6399,545500
2020-01-21,2259.8101,2266.3101,2238.25,2239.6899,770300
2020-01-22,2238.53,2269.27,2235.1299,2267.25,608500
2020-01-23,2254.54,2260.6299,2241.9399,2246.1299,509600
2020-01-28,2192.22,2199.9299,2166.23,2176.72,808500
2020-01-29,2188.1799,2195.45,2172.3301,2185.28,692300
2020-01-30,2181.54,2187.45,2139.72,2148.0,602700
2020-01-31,2160.6001,2167.23,2119.01,2119.01,710500
2020-02-03,2086.6101,2126.73,2082.74,2118.8799,836700
2020-02-04,2121.22,2162.3201,2120.53,2157.8999,624600
2020-02-05,2177.26,2181.52,2154.8799,2165.6299,574400
2020-02-06,2184.77,2229.99,2182.25,2227.9399,695000
2020-02-07,2221.49,2223.9199,2198.1399,2211.95,800200
2020-02-10,2185.6299,2203.3899,2180.51,2201.0701,609600
2020-02-11,2213.5,2233.3201,2211.25,2223.1201,526000
2020-02-12,2225.95,2242.24,2214.77,2238.3799,632500
2020-02-13,2245.72,2255.49,2230.3,2232.96,638700
2020-02-14,2232.71,2251.5,2221.8999,2243.5901,597200
2020-02-17,2243.0701,2250.05,2230.26,2242.1699,458200
2020-02-18,2225.98,2232.9299,2205.21,2208.8799,470400
2020-02-19,2222.51,2226.0,2191.2,2210.3401,590800
2020-02-20,2223.55,2228.1799,2186.72,2195.5,709600
2020-02-21,2165.6499,2184.4299,2160.28,2162.8401,635500
2020-02-24,2114.04,2120.0601,2079.03,2079.04,948600
2020-02-25,2075.55,2105.49,2071.5,2103.6101,1565600
2020-02-26,2064.0701,2089.6399,2059.1299,2076.77,810900
2020-02-27,2073.8701,2085.3999,2049.1499,2054.8899,562500
2020-02-28,2020.17,2031.01,1980.8199,1987.01,671600
2020-03-02,1997.03,2017.0699,1969.34,2002.51,528100
2020-03-03,2051.8501,2051.8501,2009.39,2014.15,615700
2020-03-04,2005.8101,2063.5901,2005.8101,2059.3301,606300
2020-03-05,2078.1101,2089.0801,2059.99,2085.26,675200
2020-03-06,2053.0901,2062.5701,2032.13,2040.22,865600
2020-03-09,1981.02,1989.5,1946.9,1954.77,666900
2020-03-10,1942.85,1968.17,1934.72,1962.9301,638600
2020-03-11,1965.67,1967.7,1898.27,1908.27,679700
2020-03-12,1887.97,1897.23,1808.5601,1834.33,850300
2020-03-13,1722.6801,1809.3101,1680.6,1771.4399,1035300
2020-03-16,1805.4301,1805.4301,1714.38,1714.86,682000
2020-03-17,1640.84,1722.97,1637.88,1672.4399,649800
2020-03-18,1686.12,1693.95,1591.12,1591.2,728000
2020-03-19,1626.09,1626.09,1439.4301,1457.64,977700
2020-03-20,1498.49,1566.8199,1466.48,1566.15,817000
2020-03-23,1474.45,1516.75,1458.41,1482.46,647200
2020-03-24,1523.6899,1609.97,1508.6801,1609.97,679300
2020-03-25,1668.1899,1707.64,1645.28,1704.76,872800
2020-03-26,1699.11,1735.75,1679.23,1686.24,992500
2020-03-27,1756.0699,1759.05,1668.21,1717.73,1077500
2020-03-30,1670.34,1729.63,1659.95,1717.12,767800
2020-03-31,1739.29,1757.8101,1722.62,1754.64,1037500
2020-04-01,1737.28,1762.4399,1685.37,1685.46,1243600
2020-04-02,1693.53,1726.76,1664.13,1724.86,766300
2020-04-03,1731.17,1743.91,1706.6801,1725.4399,1000100
2020-04-06,1745.25,1794.1899,1742.67,1791.88,1219400
2020-04-07,1826.72,1838.97,1791.92,1823.6,951400
2020-04-08,1815.75,1842.16,1801.8,1807.14,907500
2020-04-09,1838.09,1839.33,1818.3,1836.21,920600
2020-04-10,1835.76,1861.1,1824.4301,1860.7,992500
2020-04-13,1853.3,1853.3,1825.76,1825.76,1017800
2020-04-14,1846.41,1864.46,1837.17,1857.08,886800
2020-04-16,1839.51,1862.23,1828.13,1857.0699,878300
2020-04-17,1893.3101,1926.02,1893.1899,1914.53,1667500
2020-04-20,1908.34,1925.25,1893.17,1898.36,1087500
2020-04-21,1886.78,1898.3199,1841.66,1879.38,1174300
2020-04-22,1855.51,1897.9,1844.85,1896.15,820400
2020-04-23,1907.45,1923.53,1895.98,1914.73,683700
2020-04-24,1906.0699,1908.29,1880.71,1889.01,933900
2020-04-27,1897.0601,1929.8199,1894.62,1922.77,735700
2020-04-28,1931.25,1941.79,1911.63,1934.09,1173500
2020-04-29,1936.89,1957.51,1934.3101,1947.5601,1984200
2020-05-04,1906.42,1918.66,1894.29,1895.37,1146900
2020-05-06,1919.45,1928.76,1905.55,1928.76,1082200
2020-05-07,1922.0,1938.5,1918.5699,1928.61,775700
2020-05-08,1944.9399,1956.89,1942.54,1945.8199,784500
2020-05-11,1953.51,1960.46,1932.87,1935.4,591100
2020-05-12,1938.62,1938.62,1905.17,1922.17,799900
2020-05-13,1897.5,1940.42,1897.24,1940.42,618800
2020-05-14,1922.4399,1931.4301,1913.49,1924.96,760600
2020-05-15,1937.63,1938.59,1913.21,1927.28,866400
2020-05-18,1934.51,1943.0699,1921.14,1937.11,761700
2020-05-19,1977.47,1983.77,1968.59,1980.61,773400
2020-05-20,1972.12,1992.2,1972.12,1989.64,699400
2020-05-21,2003.2,2004.95,1993.0,1998.3101,600900
2020-05-22,2001.6,2002.65,1961.4,1970.13,847500
2020-05-25,1980.51,1994.9,1967.84,1994.6,641500
2020-05-26,2001.0,2029.89,1997.9399,2029.78,1017800
2020-05-27,2027.9,2043.4399,2019.8199,2031.2,1178800
2020-05-28,2047.08,2054.52,2003.75,2028.54,1172100
2020-05-29,2018.37,2038.89,2006.62,2029.6,1086200
2020-06-01,2037.04,2065.3799,2035.63,2065.0801,997300
2020-06-02,2061.45,2089.4299,2059.1399,2087.1899,1000300
2020-06-03,2108.55,2156.55,2107.6899,2147.0,1152000
2020-06-04,2181.6399,2191.0,2139.6799,2151.1799,1393300
2020-06-05,2151.1699,2187.25,2138.1799,2181.8701,854600
2020-06-08,2215.6001,2217.21,2174.96,2184.29,854000
2020-06-09,2206.23,2212.1699,2166.01,2188.9199,817100
2020-06-10,2187.9099,2200.6799,2178.1201,2195.6899,706300
2020-06-11,2184.3601,2200.72,2148.51,2176.78,827400
2020-06-12,2088.24,2137.1201,2084.6299,2132.3,689900
2020-06-15,2114.4099,2129.6699,2030.8199,2030.8199,1071600
2020-06-16,2091.0901,2138.0801,2079.02,2138.05,973300
2020-06-17,2133.1799,2154.3701,2105.26,2141.05,927200
2020-06-18,2134.3501,2145.1299,2120.29,2133.48,767100
2020-06-19,2153.0901,2153.5701,2108.9099,2141.3201,1079300
2020-06-22,2126.3799,2142.8799,2122.1001,2126.73,789400
2020-06-23,2149.1299,2158.1499,2110.51,2131.24,917600
2020-06-24,2145.9299,2171.8601,2143.9099,2161.51,913900
2020-06-25,2130.45,2143.3301,2112.3701,2112.3701,1017700
2020-06-26,2137.47,2142.04,2115.25,2134.6499,761000
2020-06-29,2105.54,2120.5,2087.8401,2093.48,643200
2020-06-30,2124.3799,2134.3799,2108.26,2108.3301,708600
2020-07-01,2128.8101,2133.55,2101.3301,2106.7,1116200
2020-07-02,2116.72,2135.3701,2113.98,2135.3701,1092000
2020-07-03,2147.8899,2153.54,2135.3,2152.4099,770100
2020-07-06,2158.95,2191.28,2157.71,2187.9299,666900
2020-07-07,2202.04,2206.79,2164.03,2164.1699,847400
2020-07-08,2166.76,2173.8301,2150.8899,2158.8799,677800
2020-07-09,2171.1499,2181.48,2166.74,2167.8999,619400
2020-07-10,2171.4399,2171.52,2140.29,2150.25,887000
2020-07-13,2170.51,2188.8,2163.0701,2186.0601,650200
2020-07-14,2176.4299,2183.6101,2165.6001,2183.6101,811000
2020-07-15,2208.73,2216.97,2190.6599,2201.8799,830300
2020-07-16,2203.3,2207.3401,2177.8201,2183.76,784600
2020-07-17,2187.8501,2204.2,2187.8501,2201.1899,569300
2020-07-20,2209.5901,2209.5901,2183.8301,2198.2,686800
2020-07-21,2219.1899,2234.8601,2214.28,2228.8301,918500
2020-07-22,2228.2,2238.8601,2221.6201,2228.6599,856200
2020-07-23,2227.24,2227.24,2202.99,2216.1899,934400
2020-07-24,2196.73,2219.5701,2195.49,2200.4399,1001000
2020-07-27,2203.48,2231.25,2203.48,2217.8601,928600
2020-07-28,2238.1899,2266.0,2237.21,2256.99,866700
2020-07-29,2258.3501,2276.79,2252.24,2263.1599,899300
2020-07-30,2275.3301,2281.3301,2263.8101,2267.01,712900
2020-07-31,2278.53,2281.4099,2248.49,2249.3701,739700
2020-08-03,2251.6499,2254.3799,2237.04,2251.04,648500
2020-08-04,2272.3301,2284.6599,2269.6899,2279.97,722800
2020-08-05,2289.23,2312.1399,2283.95,2311.8601,841200
2020-08-06,2322.6399,2352.48,2322.6399,2342.6101,797000
2020-08-07,2349.25,2362.24,2333.6201,2351.6699,812600
2020-08-10,2353.9199,2390.51,2349.3301,2386.3799,784400
2020-08-11,2396.1101,2429.3601,2396.1101,2418.6699,843400
2020-08-12,2414.78,2432.8501,2393.27,2432.3501,752900
2020-08-13,2455.28,2458.1699,2412.49,2437.53,907200
2020-08-14,2427.8501,2435.0,2383.6899,2407.49,968100
2020-08-18,2405.8401,2419.6499,2336.78,2348.24,909800
2020-08-19,2370.8701,2380.1001,2353.1699,2360.54,638000
2020-08-20,2339.9099,2357.0801,2270.8501,2274.22,903700
2020-08-21,2306.1599,2329.3401,2280.97,2304.5901,865700
2020-08-24,2309.3799,2332.3301,2283.48,2329.8301,649300
2020-08-25,2352.1499,2369.78,2340.97,2366.73,771600
2020-08-26,2367.74,2374.6799,2336.98,2369.3201,956500
2020-08-27,2371.95,2373.3601,2344.3799,2344.45,913700
2020-08-28,2362.22,2379.26,2345.28,2353.8,1297300
2020-08-31,2377.0901,2381.5,2326.0601,2326.1699,1647800
2020-09-01,2340.1899,2355.8999,2331.23,2349.55,1085200
2020-09-02,2363.4299,2369.5701,2341.29,2364.3701,1429300
2020-09-03,2383.26,2401.78,2382.23,2395.8999,981500
2020-09-04,2332.6799,2371.02,2332.6799,2368.25,1351000
2020-09-07,2369.8501,2387.49,2362.4199,2384.22,1197400
2020-09-08,2402.6599,2407.5601,2391.4299,2401.9099,979400
2020-09-09,2372.53,2388.8501,2369.1201,2375.8101,946200
2020-09-10,2404.8301,2406.6799,2388.5601,2396.48,1064600
2020-09-11,2389.76,2397.5601,2374.0,2396.6899,882900
2020-09-14,2418.3301,2429.0701,2410.79,2427.9099,963100
2020-09-15,2434.5901,2444.5701,2423.79,2443.5801,850000
2020-09-16,2442.72,2450.53,2429.9399,2435.9199,772900
2020-09-17,2430.77,2437.02,2398.6899,2406.1699,853700
2020-09-18,2413.53,2417.8101,2396.3301,2412.3999,756500
2020-09-21,2412.4399,2427.1699,2379.3799,2389.3899,1042000
2020-09-22,2388.1399,2388.49,2323.5801,2332.5901,1051000
2020-09-23,2352.5601,2354.46,2287.4399,2333.24,735000
2020-09-24,2295.6201,2309.74,2268.8799,2272.7,714900
2020-09-25,2295.1899,2296.3601,2267.6299,2278.79,698000
2020-09-28,2301.1599,2314.8101,2291.3201,2308.0801,606000
2020-09-29,2331.51,2339.8301,2320.04,2327.8899,646200
2020-10-05,2330.55,2364.73,2327.8301,2358.0,763600
2020-10-06,2369.1699,2378.28,2355.3899,2365.8999,861800
2020-10-07,2350.8201,2387.45,2347.8201,2386.9399,735800
2020-10-08,2408.49,2409.01,2383.8201,2391.96,961700
2020-10-12,2404.1799,2409.4199,2393.74,2403.73,843600
2020-10-13,2416.8501,2418.8899,2385.8701,2403.1499,724900
2020-10-14,2403.74,2405.5601,2375.54,2380.48,901200
2020-10-15,2375.9099,2376.73,2348.74,2361.21,1165500
2020-10-16,2363.8799,2370.73,2325.03,2341.53,920200
2020-10-19,2352.9199,2364.25,2344.77,2346.74,930800
2020-10-20,2333.5601,2358.4099,2322.0601,2358.4099,870300
2020-10-21,2363.03,2371.74,2356.3201,2370.8601,810400
2020-10-22,2355.6101,2360.22,2339.73,2355.05,814000
2020-10-23,2364.8401,2368.5701,2344.49,2360.8101,890400
2020-10-26,2366.5,2374.5,2342.5801,2343.9099,822300
2020-10-27,2328.6599,2349.3301,2321.23,2330.8401,666900
2020-10-28,2324.1799,2345.46,2316.47,2345.26,705200
2020-10-29,2312.3401,2330.1699,2299.9099,2326.6699,509100
2020-10-30,2319.5601,2320.2,2266.9299,2267.1499,795600
2020-11-02,2276.6101,2302.6399,2267.95,2300.1599,678500
2020-11-03,2315.8101,2344.77,2315.3,2343.3101,887400
2020-11-04,2361.3201,2371.1399,2339.95,2357.3201,986800
2020-11-05,2373.4099,2413.79,2370.8501,2413.79,702000
2020-11-06,2421.79,2431.1101,2404.97,2416.5,825600
2020-11-09,2438.6299,2459.1499,2434.52,2447.2,1354900
2020-11-10,2453.95,2457.9399,2435.5901,2452.8301,1464200
2020-11-11,2459.5,2488.04,2459.5,2485.8701,1272000
2020-11-12,2482.6799,2488.79,2467.04,2475.6201,1278100
2020-11-13,2470.1201,2495.77,2460.96,2493.8701,1072400
2020-11-16,2507.46,2546.3701,2507.46,2543.03,1239100
2020-11-17,2544.1201,2556.0901,2533.3401,2539.1499,1266400
2020-11-18,2548.8501,2553.95,2536.78,2545.6399,923500
2020-11-19,2536.8899,2548.95,2529.53,2547.4199,976500
2020-11-20,2544.0601,2558.21,2539.79,2553.5,1128900
2020-11-23,2560.04,2605.5801,2553.7,2602.5901,1648900
2020-11-24,2616.28,2628.52,2605.03,2617.76,1364500
2020-11-25,2637.3401,2642.26,2583.4099,2601.54,1410100
2020-11-26,2605.73,2625.97,2592.4299,2625.9099,1387400
2020-11-27,2624.8,2635.0,2618.47,2633.45,1196000
2020-11-30,2648.05,2648.6599,2591.3401,2591.3401,1311800
2020-12-01,2613.4199,2638.8701,2611.6699,2634.25,1150300
2020-12-02,2645.8799,2677.26,2644.53,2675.8999,1076200
2020-12-03,2686.3799,2696.22,2672.8501,2696.22,817100
2020-12-04,2705.3401,2742.77,2705.3401,2731.45,1778900
2020-12-07,2738.1101,2754.01,2711.4199,2745.4399,1499300
2020-12-08,2745.1299,2747.45,2700.9199,2700.9299,1414300
2020-12-09,2703.3,2755.47,2703.3,2755.47,1252300
2020-12-10,2750.3401,2765.46,2718.7,2746.46,1227700
2020-12-11,2754.1599,2781.04,2754.1599,2770.0601,1215200
2020-12-14,2769.4299,2782.79,2755.29,2762.2,1113600
2020-12-15,2763.6499,2769.3701,2735.0801,2756.8201,1092700
2020-12-16,2763.6399,2781.0801,2761.5,2771.79,1166600
2020-12-17,2769.8899,2772.71,2742.25,2770.4299,1015500
2020-12-18,2770.95,2782.1499,2762.8,2772.1799,1058300
2020-12-21,2771.98,2780.24,2747.0901,2778.6499,1139500
2020-12-22,2772.03,2774.22,2733.6399,2733.6799,1260800
2020-12-23,2737.74,2769.0801,2716.28,2759.8201,1121300
2020-12-24,2762.6001,2812.1599,2762.6001,2806.8601,1030900
2020-12-28,2820.95,2834.5901,2799.5601,2808.6001,1006200
2020-12-29,2810.55,2823.4399,2792.0601,2820.51,1046800
2020-12-30,2820.3601,2878.21,2809.3501,2873.47,1074000
2021-01-04,2874.5,2946.54,2869.1101,2944.45,1026500
2021-01-05,2943.6699,2990.5701,2921.8401,2990.5701,1519900
2021-01-06,2993.3401,3027.1599,2961.3701,2968.21,1793400
2021-01-07,2980.75,3055.28,2980.75,3031.6799,1524700
2021-01-08,3040.1101,3161.1101,3040.1101,3152.1799,1297900
2021-01-11,3161.8999,3266.23,3096.1899,3148.45,1712500
2021-01-12,3145.8701,3154.79,3047.5601,3125.95,1388600
2021-01-13,3128.26,3164.3701,3109.6299,3148.29,1578000
2021-01-14,3148.6499,3159.03,3128.72,3149.9299,1233200
2021-01-15,3153.8401,3189.8999,3085.8999,3085.8999,1331100
2021-01-18,3079.8999,3079.8999,3003.8899,3013.9299,1472000
2021-01-19,3013.05,3092.6599,3013.05,3092.6599,1353300
2021-01-20,3115.04,3145.01,3077.1499,3114.55,1192700
2021-01-21,3123.27,3163.21,3123.27,3160.8401,1360100
2021-01-22,3163.8301,3185.26,3140.6001,3140.6299,1111200
2021-01-25,3144.01,3212.22,3142.8,3208.99,1093700
2021-01-26,3203.96,3209.1799,3132.6699,3140.3101,873000
2021-01-27,3143.46,3182.53,3118.8899,3122.5601,924600
2021-01-28,3114.98,3114.98,3046.6399,3069.05,1310500
2021-01-29,3078.73,3100.22,2962.7,2976.21,995100
2021-02-01,2976.8101,3056.8701,2947.24,3056.53,969300
2021-02-02,3065.5601,3138.95,3065.5601,3096.8101,887300
2021-02-03,3108.4199,3142.26,3091.8501,3129.6799,901800
2021-02-04,3135.02,3135.02,3068.46,3087.55,1460900
2021-02-05,3098.49,3124.6201,3081.78,3120.6299,1193500
2021-02-08,3113.6299,3128.54,3085.5901,3091.24,1277200
2021-02-09,3102.25,3129.6599,3084.6699,3084.6699,2145400
2021-02-10,3088.1299,3111.8799,3064.25,3100.5801,2152900
2021-02-15,3108.7,3156.5601,3108.7,3147.0,1604700
2021-02-16,3151.8501,3180.9399,3145.8401,3163.25,1944400
2021-02-17,3162.95,3162.95,3115.48,3133.73,1784100
2021-02-18,3131.74,3140.3999,3086.6599,3086.6599,1860600
2021-02-19,3089.96,3109.6699,3040.28,3107.6201,3455500
2021-02-22,3114.03,3142.48,3079.1599,3079.75,1832000
2021-02-23,3069.26,3094.29,3035.46,3070.0901,2357800
2021-02-24,3070.5801,3092.05,2993.46,2994.98,1560900
2021-02-25,3026.47,3099.8,3026.47,3099.6899,1280100
2021-02-26,3089.49,3089.49,2988.28,3012.95,1361300
2021-03-02,3021.6799,3096.5,3020.74,3043.8701,1749900
2021-03-03,3041.2,3083.04,3029.3701,3082.99,2236700
2021-03-04,3076.8799,3076.8799,3022.54,3043.49,1279000
2021-03-05,3036.1599,3036.98,2982.45,3026.26,1187200
2021-03-08,3031.99,3055.6499,2992.6399,2996.1101,1928300
2021-03-09,2989.96,3000.49,2929.3601,2976.1201,1534200
2021-03-10,2980.76,3013.95,2951.53,2958.1201,905600
2021-03-11,2964.3,3028.3701,2964.3,3013.7,1349200
2021-03-12,3030.73,3061.4299,3030.73,3054.3899,1669100
2021-03-15,3057.0601,3065.1699,3036.1399,3045.71,1161800
2021-03-16,3049.23,3071.54,3049.23,3067.1699,1123900
2021-03-17,3067.76,3069.5701,3027.2,3047.5,815000
2021-03-18,3054.9299,3090.1899,3054.9299,3066.01,1232600
2021-03-19,3063.01,3063.01,3022.49,3039.53,1068500
2021-03-22,3040.01,3048.1101,3019.6001,3035.46,915700
2021-03-23,3038.25,3058.79,3003.05,3004.74,1331200
2021-03-24,2996.3201,3006.54,2971.04,2996.3501,978400
2021-03-25,2995.6699,3024.6299,2987.8301,3008.3301,940400
2021-03-26,3012.79,3041.8601,3012.79,3041.01,1036400
2021-03-29,3047.71,3054.21,3025.3899,3036.04,1288800
2021-03-30,3038.4399,3074.5701,3038.4399,3070.0,1023100
2021-03-31,3073.3899,3093.8899,3061.3999,3061.4199,1147000
2021-04-01,3073.77,3090.8799,3069.6799,3087.3999,922700
2021-04-02,3104.72,3121.5801,3101.6001,3112.8,792700
2021-04-05,3121.23,3127.2,3101.8601,3120.8301,1084800
2021-04-06,3123.8,3139.29,3110.1899,3127.0801,1279000
2021-04-07,3129.0701,3146.1899,3125.3301,3137.4099,1984800
2021-04-08,3137.25,3145.8101,3122.0901,3143.26,1357300
2021-04-09,3146.51,3156.04,3125.24,3131.8799,1823200
2021-04-12,3134.8799,3147.27,3127.9099,3135.5901,1048800
2021-04-13,3138.21,3173.26,3136.99,3169.0801,1741300
2021-04-14,3169.95,3188.3201,3162.1201,3182.3799,1776300
2021-04-15,3180.73,3204.48,3178.99,3194.3301,1313000
2021-04-16,3194.0801,3206.76,3185.6699,3198.6201,985300
2021-04-19,3201.1101,3214.45,3193.3999,3198.8401,1060600
2021-04-20,3198.3101,3220.8201,3195.96,3220.7,1296200
2021-04-21,3214.24,3214.24,3165.49,3171.6599,1767100
2021-04-22,3174.52,3196.97,3174.52,3177.52,1752700
2021-04-23,3173.47,3185.97,3146.54,3181.0801,1829400
2021-04-26,3191.3401,3217.53,3191.3401,3217.53,1298300
2021-04-27,3218.3,3223.05,3203.25,3215.4199,1534200
2021-04-28,3217.21,3219.6899,3176.55,3181.47,1412600
2021-04-29,3184.75,3200.4099,3161.0601,3174.0701,1222400
2021-04-30,3176.4299,3179.4299,3143.3799,3147.8601,1358200
2021-05-03,3149.05,3174.26,3120.7,3127.2,1040300
2021-05-04,3131.3899,3147.3799,3109.78,3147.3701,1282900
2021-05-06,3147.72,3174.1599,3133.6399,3160.4299,1238600
2021-05-07,3179.6299,3205.1101,3179.6299,3197.2,988900
2021-05-10,3201.46,3255.8999,3201.46,3249.3,1010200
2021-05-11,3239.9199,3239.9199,3192.25,3209.4299,1095700
2021-05-12,3209.3601,3212.8301,3138.04,3161.6599,1423200
2021-05-13,3146.97,3161.9299,3103.8799,3122.1101,1094900
2021-05-14,3131.3501,3162.3101,3131.3501,3153.3201,835600
2021-05-17,3163.21,3173.01,3121.3201,3134.52,770700
2021-05-18,3135.3799,3176.3999,3135.3799,3173.05,785400
2021-05-20,3174.53,3174.53,3140.48,3162.28,773600
2021-05-21,3171.9099,3198.01,3149.46,3156.4199,796800
2021-05-24,3155.9099,3163.27,3137.8101,3144.3,587500
2021-05-25,3152.9299,3173.1001,3148.3,3171.3201,612700
2021-05-26,3171.9099,3183.97,3160.3,3168.4299,1269000
2021-05-27,3170.8401,3173.8601,3142.3701,3165.51,1081100
2021-05-28,3172.0901,3198.6599,3171.8501,3188.73,966000
2021-05-31,3192.0601,3204.29,3179.8701,3203.9199,1123100
2021-06-01,3207.1201,3233.1699,3199.1799,3221.8701,1471800
2021-06-02,3224.3999,3241.0701,3216.1001,3224.23,1495200
2021-06-03,3224.96,3258.5,3224.96,3247.4299,1584000
2021-06-04,3246.1699,3246.1899,3218.6699,3240.0801,1391800
2021-06-07,3244.5901,3264.4099,3233.3999,3252.1201,1731900
2021-06-08,3251.8301,3264.6699,3242.5601,3247.8301,1950600
2021-06-09,3245.0801,3246.49,3216.1799,3216.1799,1964500
2021-06-10,3216.9399,3235.3899,3210.3101,3224.6399,1896200
2021-06-11,3226.98,3251.5801,3226.98,3249.3201,1643800
2021-06-14,3249.6001,3254.49,3238.51,3252.1299,1663900
2021-06-15,3253.1699,3262.8,3247.8999,3258.6299,1733900
2021-06-16,3259.0601,3281.96,3256.6799,3278.6799,2345200
2021-06-17,3276.2,3276.2,3251.3201,3264.96,1848200
2021-06-18,3265.6799,3275.76,3262.5801,3267.9299,1626400
2021-06-21,3264.1799,3264.1799,3225.5601,3240.79,1508100
2021-06-22,3245.79,3267.6299,3245.79,3263.8799,1666300
2021-06-23,3265.73,3281.8799,3263.0701,3276.1899,1068300
2021-06-24,3281.47,3292.27,3277.8501,3286.1001,1300300
2021-06-25,3289.1799,3316.0801,3289.1799,3302.8401,1197600
2021-06-28,3305.46,3311.6899,3291.3,3301.8899,1427400
2021-06-29,3305.26,3305.4199,3276.6299,3286.6799,1211800
2021-06-30,3288.6299,3305.73,3288.6299,3296.6799,1608900
2021-07-01,3297.9199,3300.1201,3278.1001,3282.0601,1157700
2021-07-02,3282.8101,3295.6799,3278.1899,3281.78,1019400
2021-07-05,3285.29,3298.9299,3285.29,3293.21,849700
2021-07-06,3295.4399,3313.51,3295.4399,3305.21,1028800
2021-07-07,3303.5901,3303.5901,3277.6599,3285.3401,1146800
2021-07-08,3287.6799,3295.71,3252.4099,3252.6799,1515200
2021-07-09,3245.52,3245.52,3188.8,3217.95,1307500
2021-07-12,3227.51,3251.45,3227.51,3246.47,1134600
2021-07-13,3253.24,3273.8999,3253.24,3271.3799,1149500
2021-07-14,3270.0901,3270.0901,3250.45,3264.8101,908300
2021-07-15,3269.3301,3286.5801,3263.0901,3286.22,1171900
2021-07-16,3282.8899,3282.8899,3259.3201,3276.9099,1066100
2021-07-19,3258.8701,3258.8701,3236.3899,3244.04,1095100
2021-07-20,3223.24,3234.8,3214.4199,3232.7,979300
2021-07-21,3251.1299,3252.25,3215.9099,3215.9099,990300
2021-07-22,3235.1699,3253.75,3235.1699,3250.21,713000
2021-07-23,3253.4399,3264.01,3246.0901,3254.4199,804600
2021-07-26,3265.99,3265.99,3224.95,3224.95,826100
2021-07-27,3244.4299,3252.8501,3230.75,3232.53,991600
2021-07-28,3226.0601,3243.21,3210.8999,3236.8601,868200
2021-07-29,3248.49,3252.26,3232.5,3242.6499,694500
2021-07-30,3234.3701,3234.6599,3202.3201,3202.3201,687500
2021-08-02,3218.4199,3223.04,3194.0,3223.04,560800
2021-08-03,3221.5701,3237.1399,3213.2,3237.1399,653200
2021-08-04,3246.6499,3283.1399,3237.55,3280.3799,632000
2021-08-05,3283.25,3296.1699,3273.3301,3276.1299,680000
2021-08-06,3277.0601,3288.1699,3261.9299,3270.3601,939900
2021-08-09,3258.1001,3275.1499,3251.74,3260.4199,706500
2021-08-10,3272.4399,3272.4399,3232.46,3243.1899,729000
2021-08-11,3235.3601,3250.21,3217.6499,3220.6201,616700
2021-08-12,3213.5801,3229.5901,3202.1101,3208.3799,642600
2021-08-13,3205.75,3209.72,3146.76,3171.29,695600
2021-08-17,3169.74,3179.49,3134.48,3143.0901,690800
2021-08-18,3141.98,3175.8799,3124.5601,3158.9299,622800
2021-08-19,3140.01,3158.0,3097.8301,3097.8301,655600
2021-08-20,3111.1001,3122.0901,3049.03,3060.51,672100
2021-08-23,3086.8101,3111.8101,3064.6499,3090.21,570400
2021-08-24,3119.7,3142.5801,3115.23,3138.3,586500
2021-08-25,3148.1299,3161.0,3124.25,3146.8101,600400
2021-08-26,3151.3,3159.3701,3121.04,3128.53,727700
2021-08-27,3116.29,3143.01,3106.97,3133.8999,520700
2021-08-30,3160.8701,3164.8701,3132.77,3144.1899,602900
2021-08-31,3144.49,3199.8899,3130.3,3199.27,660500
2021-09-01,3195.6699,3215.1299,3185.8,3207.02,746700
2021-09-02,3198.03,3204.01,3171.78,3175.8501,753900
2021-09-03,3189.71,3203.0801,3181.6399,3201.0601,638300
2021-09-06,3196.3,3206.25,3186.79,3203.3301,726200
2021-09-07,3200.0701,3201.76,3176.8101,3187.4199,758700
2021-09-08,3178.74,3187.55,3157.0701,3162.99,858500
2021-09-09,3146.6399,3158.6001,3111.49,3114.7,927400
2021-09-10,3121.0901,3131.54,3103.3799,3125.76,723100
2021-09-13,3117.3501,3139.1299,3109.01,3127.8601,731200
2021-09-14,3137.3201,3164.3101,3137.3201,3148.8301,712400
2021-09-15,3147.21,3164.01,3138.8,3153.3999,615200
2021-09-16,3165.3799,3167.6799,3126.6499,3130.0901,612000
2021-09-17,3127.75,3142.1299,3112.51,3140.51,587500
2021-09-23,3123.6399,3131.6299,3107.98,3127.5801,623000
2021-09-24,3140.73,3146.8601,3119.3999,3125.24,752800
2021-09-27,3121.7,3146.3501,3119.26,3133.6399,882600
2021-09-28,3133.3999,3134.46,3095.72,3097.9199,894100
2021-09-29,3055.5,3069.04,3030.6001,3060.27,820700
2021-09-30,3054.8701,3079.4299,3046.4299,3068.8201,885400
2021-10-01,3056.21,3062.6001,3015.01,3019.1799,854800
2021-10-05,2998.1699,2998.1699,2940.5901,2962.1699,839400
2021-10-06,2986.0601,2993.47,2908.3,2908.3101,900500
2021-10-07,2936.8701,2961.53,2927.6001,2959.46,594600
2021-10-08,2977.8201,2978.0801,2949.01,2956.3,668200
2021-10-12,2950.22,2950.9399,2901.51,2916.3799,659600
2021-10-13,2913.3401,2953.3301,2909.47,2944.4099,751600
2021-10-14,2968.8701,2988.97,2962.3301,2988.6399,616600
2021-10-15,3012.6201,3021.8999,2999.3301,3015.0601,857300
2021-10-18,3017.48,3021.1699,2990.4399,3006.6799,926000
2021-10-19,3022.23,3034.53,3014.1899,3029.04,845400
2021-10-20,3043.1299,3047.24,3012.97,3013.1299,679900
2021-10-21,3012.28,3025.8799,3002.74,3007.3301,887000
2021-10-22,3005.3601,3018.7,2996.26,3006.1599,695000
2021-10-25,3001.1001,3025.27,2983.29,3020.54,791500
2021-10-26,3039.8201,3051.6499,3030.53,3049.0801,564100
2021-10-27,3045.8301,3049.02,3019.0,3025.49,607500
2021-10-28,3023.1699,3034.4199,3009.55,3009.55,616900
2021-10-29,3025.6699,3030.1699,2965.3999,2970.6799,545300
2021-11-01,2984.1799,2991.8101,2976.8701,2978.9399,475000
2021-11-02,2995.5801,3034.3,2995.5801,3013.49,525400
2021-11-03,3020.3601,3020.8701,2969.01,2975.71,658300
2021-11-04,3000.9199,3011.5601,2978.0701,2983.22,771700
2021-11-05,3003.53,3003.53,2953.96,2969.27,687400
2021-11-08,2965.3601,2968.1799,2930.8999,2960.2,559600
2021-11-09,2958.1499,2987.28,2949.1699,2962.46,707800
2021-11-10,2947.46,2958.6101,2924.3601,2930.1699,567300
2021-11-11,2911.4099,2925.1899,2903.72,2924.9199,571900
2021-11-12,2945.95,2973.8401,2938.27,2968.8,665000
2021-11-15,2989.6799,3003.71,2979.96,2999.52,638900
2021-11-16,2995.6799,3011.8799,2985.3401,2997.21,579000
2021-11-17,3004.02,3004.6699,2957.7,2962.4199,540700
2021-11-18,2959.26,2964.48,2937.53,2947.3799,541100
2021-11-19,2951.0601,2974.6399,2948.0701,2971.02,656300
2021-11-22,2983.3799,3018.01,2980.73,3013.25,531000
2021-11-23,3013.1599,3016.3601,2992.1399,2997.3301,524200
2021-11-24,3006.3401,3017.8999,2981.02,2994.29,556600
2021-11-25,2996.74,2996.74,2973.24,2980.27,595400
2021-11-26,2973.04,2985.77,2930.3101,2936.4399,594700
2021-11-29,2906.1499,2930.22,2890.78,2909.3201,841700
2021-11-30,2932.71,2942.9299,2822.73,2839.01,982400
2021-12-01,2860.1201,2905.74,2837.03,2899.72,563100
2021-12-02,2874.6399,2945.27,2874.6399,2945.27,533700
2021-12-03,2935.9299,2975.4399,2927.55,2968.3301,486100
2021-12-06,2954.8201,2983.5,2932.49,2973.25,479400
2021-12-07,2973.8401,2992.3101,2960.8999,2991.72,540900
2021-12-08,3017.9299,3036.1299,2995.3401,3001.8,487800
2021-12-09,3007.0,3029.5701,3001.55,3029.5701,513000
2021-12-10,3008.7,3017.6399,2998.29,3010.23,451200
2021-12-13,3019.6699,3043.8301,3000.51,3001.6599,375400
2021-12-14,2983.95,3001.7,2976.1599,2987.95,581200
2021-12-15,2979.8301,2992.3,2973.0,2989.3899,432500
2021-12-16,3013.26,3018.2,2989.6299,3006.4099,402400
2021-12-17,2985.2,3017.73,2984.1899,3017.73,451400
2021-12-20,3001.3301,3001.3301,2962.0701,2963.0,377100
2021-12-21,2981.6699,2984.5601,2955.8999,2975.03,410500
2021-12-22,2993.5,3000.79,2976.6499,2984.48,461400
2021-12-23,2998.02,3000.7,2980.9099,2998.1699,483300
2021-12-24,3009.48,3025.77,3009.48,3012.4299,537500
2021-12-27,3013.9399,3017.3101,2999.3,2999.55,475000
2021-12-28,3006.77,3020.29,2991.55,3020.24,607000
2021-12-29,3002.8999,3007.72,2988.6699,2993.29,545800
2021-12-30,2999.75,3005.3601,2975.74,2977.6499,460600
2022-01-04,2991.97,2995.25,2973.0801,2989.24,621200
2022-01-05,2984.05,2986.2,2936.73,2953.97,786900
2022-01-06,2925.3999,2952.54,2915.3799,2920.53,785500
2022-01-07,2933.78,2959.03,2933.1001,2954.8899,545800
2022-01-10,2947.3701,2951.1201,2910.8999,2926.72,477000
2022-01-11,2930.9299,2943.5701,2909.8201,2927.3799,565800
2022-01-12,2950.78,2972.5801,2950.3101,2972.48,519000
2022-01-13,2979.9099,2982.1399,2958.3899,2962.0901,604600
2022-01-14,2937.6101,2944.97,2914.73,2921.9199,532300
2022-01-17,2918.55,2919.6699,2875.98,2890.1001,592900
2022-01-18,2898.98,2902.79,2857.26,2864.24,553700
2022-01-19,2840.3401,2871.79,2832.1799,2842.28,463400
2022-01-20,2842.28,2862.7,2830.97,2862.6799,395400
2022-01-21,2837.49,2847.95,2817.1101,2834.29,532500
2022-01-24,2823.76,2828.1101,2780.6799,2792.0,473600
2022-01-25,2786.4099,2789.6201,2703.99,2720.3899,639400
2022-01-26,2729.75,2744.1399,2708.1001,2709.24,471800
2022-01-27,2709.24,2722.8601,2614.49,2614.49,487100
2022-01-28,2617.8701,2668.5901,2591.53,2663.3401,433700
2022-02-03,2706.3401,2735.3401,2702.78,2707.8201,435300
2022-02-04,2714.8301,2751.8,2712.8701,2750.26,535900
2022-02-07,2750.7,2750.7,2718.9399,2745.0601,417600
2022-02-08,2767.76,2779.8501,2726.72,2746.47,559600
2022-02-09,2772.6299,2773.3799,2753.51,2768.8501,538700
2022-02-10,2787.4399,2788.27,2761.76,2771.9299,509300
2022-02-11,2739.1399,2766.7,2735.0801,2747.71,480300
2022-02-14,2715.1001,2724.72,2688.24,2704.48,616000
2022-02-15,2712.45,2716.45,2665.47,2676.54,588700
2022-02-16,2719.6101,2730.4299,2711.3401,2729.6799,422100
2022-02-17,2735.1101,2770.6599,2711.99,2744.0901,611000
2022-02-18,2714.52,2747.0801,2711.8799,2744.52,512900
2022-02-21,2706.6499,2746.6201,2694.8999,2743.8,495000
2022-02-22,2705.0801,2721.8401,2690.0901,2706.79,648100
2022-02-23,2727.4299,2729.5601,2705.3101,2719.53,537700
2022-02-24,2689.28,2694.55,2642.6299,2648.8,925900
2022-02-25,2678.47,2694.8101,2665.96,2676.76,664100
2022-02-28,2663.0,2699.1799,2658.25,2699.1799,613300
2022-03-02,2698.3101,2716.46,2692.24,2703.52,527800
2022-03-03,2729.8601,2748.21,2726.3501,2747.0801,614300
2022-03-04,2736.5801,2736.5801,2702.3401,2713.4299,765300
2022-03-07,2680.1699,2680.1699,2644.1001,2651.3101,571300
2022-03-08,2617.3301,2647.1799,2605.8101,2622.3999,540100
2022-03-10,2660.8601,2682.79,2660.8601,2680.3201,613500
2022-03-11,2665.95,2672.6201,2647.28,2661.28,796500
2022-03-14,2654.9299,2661.76,2633.3101,2645.6499,635900
2022-03-15,2630.3101,2641.97,2615.0801,2621.53,603700
2022-03-16,2649.8501,2659.8999,2630.03,2659.23,736000
2022-03-17,2703.27,2714.0,2694.51,2694.51,545500
2022-03-18,2695.6399,2708.1599,2688.71,2707.02,643500
2022-03-21,2717.8101,2717.8101,2683.6899,2686.05,502000
2022-03-22,2686.6799,2712.1399,2686.5801,2710.0,489100
2022-03-23,2727.1201,2742.27,2720.8301,2735.05,883000
2022-03-24,2716.25,2729.6599,2705.1399,2729.6599,959600
2022-03-25,2740.8301,2740.95,2722.3601,2729.98,599800
2022-03-28,2721.22,2737.46,2707.74,2729.5601,768000
2022-03-29,2745.6201,2754.1799,2733.22,2741.0701,726700
2022-03-30,2758.3101,2760.6001,2740.02,2746.74,837800
2022-03-31,2743.24,2765.2,2743.2,2757.6499,1029500
2022-04-01,2745.8501,2745.8501,2729.6799,2739.8501,1305000
2022-04-04,2729.8601,2758.3799,2722.45,2757.8999,1022500
2022-04-05,2765.5,2769.1799,2750.5,2759.2,1605600
2022-04-06,2739.0701,2747.8501,2730.6599,2735.03,1321300
2022-04-07,2714.7,2718.5,2693.3601,2695.8601,998200
2022-04-08,2706.6399,2712.0,2685.52,2700.3899,948000
2022-04-11,2687.54,2711.02,2683.96,2693.1001,742100
2022-04-12,2674.1699,2685.0801,2658.3999,2666.76,870000
2022-04-13,2677.53,2717.6299,2672.6001,2716.49,732000
2022-04-14,2719.3401,2720.3,2702.6101,2716.71,664800
2022-04-15,2695.52,2705.4099,2685.01,2696.0601,693700
2022-04-18,2685.04,2701.1101,2681.3701,2693.21,1024600
2022-04-19,2707.76,2723.98,2705.3201,2718.8899,1256100
2022-04-20,2718.49,2724.46,2702.8401,2718.6899,1735700
2022-04-21,2725.71,2737.54,2725.04,2728.21,1002600
2022-04-22,2704.72,2708.5801,2690.48,2704.71,1239400
2022-04-25,2676.6699,2680.3501,2657.04,2657.1299,1017600
2022-04-26,2674.0,2678.05,2663.8301,2668.3101,889600
2022-04-27,2630.5801,2641.8201,2615.5,2639.0601,1071800
2022-04-28,2656.54,2667.49,2638.3701,2667.49,898900
2022-04-29,2669.1799,2696.1001,2664.0601,2695.05,975000
2022-05-02,2669.21,2689.9099,2667.8501,2687.45,873400
2022-05-03,2690.1599,2702.1001,2680.46,2680.46,883100
2022-05-04,2690.45,2696.03,2667.23,2677.5701,1180500
2022-05-06,2650.8899,2652.51,2635.97,2644.51,1333600
2022-05-10,2590.1299,2602.75,2553.01,2596.5601,840900
2022-05-11,2586.52,2599.1101,2579.0901,2592.27,679300
2022-05-12,2569.5,2591.5701,2546.8,2550.0801,899900
2022-05-13,2570.01,2605.8401,2565.96,2604.24,788300
2022-05-16,2624.6899,2629.2,2593.6101,2596.5801,780000
2022-05-17,2603.5801,2621.8401,2603.5801,2620.4399,873000
2022-05-18,2634.75,2644.1299,2618.0,2625.98,869300
2022-05-19,2576.24,2597.79,2568.54,2592.3401,676900
2022-05-20,2605.78,2641.6799,2605.3799,2639.29,752400
2022-05-23,2651.6299,2653.8701,2634.29,2647.3799,641900
2022-05-24,2638.9399,2646.99,2605.8701,2605.8701,850700
2022-05-25,2621.75,2630.1699,2602.9399,2617.22,710200
2022-05-26,2616.99,2641.9099,2602.01,2612.45,595300
2022-05-27,2640.75,2644.71,2631.49,2638.05,590500
2022-05-30,2662.3101,2672.74,2654.1799,2669.6599,469300
2022-05-31,2666.8799,2685.8999,2654.3201,2685.8999,670700
2022-06-02,2670.74,2674.0,2653.5901,2658.99,524900
2022-06-03,2679.5701,2681.51,2663.0,2670.6499,562200
2022-06-07,2659.27,2662.04,2622.78,2626.3401,524300
2022-06-08,2633.53,2639.52,2621.96,2626.1499,576000
2022-06-09,2618.9199,2627.8799,2606.6101,2625.4399,814500
2022-06-10,2596.3701,2602.8,2583.74,2595.8701,723800
2022-06-13,2550.21,2550.3201,2504.51,2504.51,659800
2022-06-14,2472.96,2503.1699,2457.3899,2492.97,671200
2022-06-15,2490.01,2495.54,2436.04,2447.3799,713800
2022-06-16,2481.6599,2500.3601,2447.3301,2451.4099,583800
2022-06-17,2409.72,2441.3401,2396.47,2440.9299,634200
2022-06-20,2449.8899,2449.8899,2372.3501,2391.03,592100
2022-06-21,2402.99,2423.48,2385.6001,2408.9299,479400
2022-06-22,2417.1101,2418.05,2342.8101,2342.8101,531800
2022-06-23,2347.8401,2361.23,2306.48,2314.3201,749200
2022-06-24,2327.1101,2373.48,2319.99,2366.6001,654100
2022-06-27,2383.2,2418.9399,2365.8601,2401.9199,509700
2022-06-28,2405.2,2422.1001,2393.96,2422.0901,564700
2022-06-29,2387.1001,2393.25,2375.45,2377.99,422100
2022-06-30,2368.5701,2368.5701,2332.5901,2332.6399,515000
2022-07-01,2342.9199,2354.97,2291.49,2305.4199,530100
2022-07-04,2310.73,2318.3101,2276.6299,2300.3401,467700
2022-07-05,2322.1101,2344.0801,2309.6201,2341.78,323600
2022-07-06,2330.1101,2332.1399,2290.3301,2292.01,410600
2022-07-07,2308.97,2344.1399,2307.8999,2334.27,340000
2022-07-08,2352.49,2367.8401,2348.74,2350.6101,411200
2022-07-11,2357.4299,2363.26,2337.8201,2340.27,376900
2022-07-12,2330.8799,2333.02,2303.74,2317.76,379000
2022-07-13,2324.45,2341.1899,2312.49,2328.6101,308400
2022-07-14,2316.4099,2338.29,2307.6899,2322.3201,348900
2022-07-15,2335.1201,2337.3,2293.45,2330.98,319300
2022-07-18,2350.48,2376.5,2344.1201,2375.25,324100
2022-07-19,2367.52,2372.74,2359.5901,2370.97,339200
2022-07-20,2406.29,2410.0601,2382.6499,2386.8501,333000
2022-07-21,2387.9099,2411.96,2387.9099,2409.1599,295500
2022-07-22,2405.3701,2417.9099,2391.48,2393.1399,381400
2022-07-25,2385.6499,2412.47,2385.6499,2403.6899,322900
2022-07-26,2397.27,2415.3899,2395.1699,2412.96,415100
2022-07-27,2412.52,2415.53,2396.1899,2415.53,333400
2022-07-28,2437.5701,2443.4299,2429.0701,2435.27,490900
2022-07-29,2453.53,2463.05,2442.01,2451.5,499000
2022-08-01,2444.05,2461.3999,2437.1299,2452.25,487000
2022-08-02,2451.0,2451.0701,2428.76,2439.6201,549800
2022-08-03,2438.5601,2461.45,2433.1201,2461.45,475200
2022-08-04,2478.4399,2478.95,2465.3201,2473.1101,398500
2022-08-05,2481.4299,2497.5801,2480.05,2490.8,409400
2022-08-08,2481.1699,2494.0,2477.76,2493.1001,418100
2022-08-09,2493.5701,2506.49,2481.3601,2503.46,454200
2022-08-10,2493.7,2494.1499,2478.21,2480.8799,479300
2022-08-11,2507.74,2523.78,2506.4099,2523.78,505100
2022-08-12,2519.6599,2533.2,2514.3101,2527.9399,445100
2022-08-16,2543.05,2546.3501,2532.2,2533.52,398100
2022-08-17,2536.5701,2543.1499,2512.01,2516.47,417800
2022-08-18,2499.3,2515.3701,2488.0901,2508.05,381400
2022-08-19,2510.72,2510.72,2492.6899,2492.6899,459700
2022-08-22,2467.3799,2475.77,2457.0801,2462.5,422400
2022-08-23,2449.3101,2454.55,2431.8301,2435.3401,471000
2022-08-24,2446.1799,2454.01,2430.6899,2447.45,423300
2022-08-25,2459.79,2477.26,2455.3201,2477.26,426000
2022-08-26,2489.1399,2497.76,2476.75,2481.03,519900
2022-08-29,2432.0601,2432.8899,2417.01,2426.8899,447200
2022-08-30,2441.21,2453.9099,2433.48,2450.9299,336200
2022-08-31,2433.47,2473.75,2426.1399,2472.05,435900
2022-09-01,2443.0,2443.6101,2415.6101,2415.6101,579300
2022-09-02,2427.7,2432.3701,2402.6699,2409.4099,391400
2022-09-05,2410.0701,2424.77,2392.6299,2403.6799,354700
2022-09-06,2409.72,2422.53,2399.26,2410.02,294100
2022-09-07,2395.6599,2398.3999,2365.3501,2376.46,377900
2022-09-08,2393.27,2394.0601,2379.0601,2384.28,423600
2022-09-13,2418.5901,2453.95,2418.5901,2449.54,366900
2022-09-14,2390.47,2418.4199,2381.5,2411.4199,461300
2022-09-15,2416.01,2421.6299,2401.8301,2401.8301,423900
2022-09-16,2387.5601,2395.1001,2371.1101,2382.78,440300
2022-09-19,2388.73,2389.8501,2352.76,2355.6599,403700
2022-09-20,2373.6399,2382.52,2359.8401,2367.8501,419200
2022-09-21,2351.54,2360.27,2341.79,2347.21,378000
2022-09-22,2319.7,2335.1101,2309.1001,2332.3101,446600
2022-09-23,2331.3301,2334.0601,2285.71,2290.0,446300
2022-09-26,2260.8,2260.8,2215.3601,2220.9399,621400
2022-09-27,2224.3899,2227.3501,2197.8999,2223.8601,487600
2022-09-28,2206.1499,2223.5601,2151.6001,2169.29,595700
2022-09-29,2197.75,2210.6101,2170.1399,2170.9299,508200
2022-09-30,2161.1101,2177.2,2134.77,2155.49,950000
2022-10-04,2189.51,2212.3799,2180.8401,2209.3799,420700
2022-10-05,2248.8501,2253.9299,2204.03,2215.22,855400
2022-10-06,2230.4299,2250.8701,2223.3601,2237.8601,642700
2022-10-07,2217.8401,2245.8799,2215.0801,2232.8401,428500
2022-10-11,2193.02,2193.05,2174.0601,2192.0701,859100
2022-10-12,2191.3501,2205.02,2181.6499,2202.47,658000
2022-10-13,2198.29,2198.3401,2162.8701,2162.8701,792200
2022-10-14,2200.6599,2220.54,2193.6299,2212.55,512900
2022-10-17,2187.1699,2221.05,2177.6599,2219.71,498500
2022-10-18,2249.1499,2251.74,2220.71,2249.95,580700
2022-10-19,2249.3501,2266.8,2234.5901,2237.4399,895000
2022-10-20,2225.53,2231.52,2200.4399,2218.0901,1108000
2022-10-21,2210.5901,2224.04,2204.6399,2213.1201,637400
2022-10-24,2248.26,2256.6699,2229.8501,2236.1599,444700
2022-10-25,2237.04,2253.24,2230.75,2235.0701,456700
2022-10-26,2240.7,2258.1101,2234.49,2249.5601,563300
2022-10-27,2266.0701,2290.5601,2262.02,2288.78,587700
2022-10-28,2276.73,2292.6499,2266.4399,2268.3999,427100
2022-10-31,2293.75,2295.51,2273.73,2293.6101,401300
2022-11-01,2301.5801,2335.5701,2297.5701,2335.22,597100
2022-11-02,2326.05,2346.3201,2323.3701,2336.8701,450200
2022-11-03,2297.45,2342.8601,2296.4399,2329.1699,550300
2022-11-04,2325.8501,2348.4299,2316.29,2348.4299,436200
2022-11-07,2360.22,2373.28,2354.22,2371.79,392300
2022-11-08,2387.2,2400.3899,2375.6699,2399.04,499800
2022-11-09,2408.54,2429.6499,2403.6399,2424.4099,680500
2022-11-10,2405.77,2426.1001,2401.99,2402.23,899000
2022-11-11,2466.8999,2486.46,2463.51,2483.1599,758000
2022-11-14,2485.1799,2499.4299,2470.6001,2474.6499,730900
2022-11-15,2482.76,2485.2,2463.6499,2480.3301,617100
2022-11-16,2487.0,2487.0,2446.79,2477.45,657600
2022-11-17,2466.5,2467.3899,2442.8999,2442.8999,914400
2022-11-18,2448.1299,2471.8701,2442.8701,2444.48,589500
2022-11-21,2446.05,2448.1399,2409.3601,2419.5,544500
2022-11-22,2405.96,2426.3999,2401.5,2405.27,539200
2022-11-23,2424.3601,2427.28,2407.5801,2418.01,474800
2022-11-24,2437.51,2441.3301,2428.1201,2441.3301,481200
2022-11-25,2442.21,2449.6599,2433.5701,2437.8601,438400
2022-11-28,2425.05,2425.6499,2401.95,2408.27,350100
2022-11-29,2405.54,2433.8701,2401.1001,2433.3899,550000
2022-11-30,2424.4399,2472.53,2421.4199,2472.53,593900
2022-12-01,2501.4299,2501.4299,2474.3301,2479.8401,491200
2022-12-02,2471.5,2471.5,2434.3301,2434.3301,468500
2022-12-05,2442.1699,2442.22,2413.05,2419.3201,385200
2022-12-06,2397.7,2416.8799,2390.2,2393.1599,367800
2022-12-07,2385.8701,2394.8799,2377.98,2382.8101,332100
2022-12-08,2386.8999,2387.95,2357.2,2371.0801,351600
2022-12-09,2382.73,2390.0801,2367.25,2389.04,315300
2022-12-12,2373.5801,2381.8701,2368.47,2373.02,498900
2022-12-13,2385.05,2388.27,2364.8701,2372.3999,447100
2022-12-14,2380.8101,2400.1799,2379.4399,2399.25,409400
2022-12-15,2383.8301,2392.1101,2360.95,2360.97,374300
2022-12-16,2329.75,2360.4399,2326.8301,2360.02,414200
2022-12-19,2350.78,2358.76,2342.28,2352.1699,323600
2022-12-20,2344.73,2353.8601,2324.6599,2333.29,358100
2022-12-21,2346.3899,2347.0,2325.78,2328.95,329400
2022-12-22,2340.0,2356.73,2335.75,2356.73,552800
2022-12-23,2325.8601,2333.0801,2311.8999,2313.6899,367000
2022-12-26,2312.54,2321.9199,2304.2,2317.1399,427600
2022-12-27,2327.52,2335.99,2321.48,2332.79,448300
2022-12-28,2296.45,2296.45,2276.8999,2280.45,405700
2022-12-29,2265.73,2272.6699,2236.3799,2236.3999,361000
2023-01-02,2249.95,2259.8799,2222.3701,2225.6699,346100
2023-01-03,2230.98,2230.98,2180.6699,2218.6799,410000
2023-01-04,2205.98,2260.0601,2198.8201,2255.98,412700
2023-01-05,2268.2,2281.3899,2252.97,2264.6499,430800
2023-01-06,2253.3999,2300.6201,2253.27,2289.97,398300
2023-01-09,2315.8701,2351.0601,2312.5601,2350.1899,341100
2023-01-10,2348.04,2370.1799,2344.1799,2351.3101,359600
2023-01-11,2364.05,2369.6599,2350.3601,2359.53,368800
2023-01-12,2376.72,2377.8,2358.3301,2365.1001,580100
2023-01-13,2377.3401,2397.01,2375.78,2386.0901,861700
2023-01-16,2390.0601,2410.22,2387.6101,2399.8601,517800
2023-01-17,2400.9199,2404.0,2374.6499,2379.3899,536000
2023-01-18,2380.3601,2383.0,2356.8401,2368.3201,536200
2023-01-19,2354.5601,2380.3401,2354.5601,2380.3401,369900
2023-01-20,2380.0,2395.97,2372.5701,2395.26,302300
2023-01-25,2426.5801,2432.71,2421.51,2428.5701,549800
2023-01-26,2436.1799,2468.6499,2426.3999,2468.6499,486600
2023-01-27,2474.52,2497.3999,2464.53,2484.02,509100
2023-01-30,2484.6399,2491.1299,2446.5901,2450.47,475100
2023-01-31,2449.9199,2457.48,2423.3701,2425.0801,616900
2023-02-01,2446.03,2453.29,2433.3701,2449.8,666100
2023-02-02,2481.9399,2486.2,2454.6001,2468.8799,692800
2023-02-03,2466.54,2485.0801,2460.21,2480.3999,496600
2023-02-06,2461.8201,2469.4199,2438.04,2438.1899,566600
2023-02-07,2440.1399,2456.1699,2432.3999,2451.71,446600
2023-02-08,2469.4199,2487.3501,2465.96,2483.6399,414800
2023-02-09,2470.6599,2487.1399,2466.6101,2481.52,609400
2023-02-10,2470.6499,2473.8,2454.74,2469.73,656900
2023-02-13,2461.96,2462.5801,2440.8601,2452.7,485500
2023-02-14,2471.3301,2480.3401,2459.8301,2465.6399,348800
2023-02-15,2473.0901,2473.4399,2424.1599,2427.8999,386500
2023-02-16,2444.0601,2475.99,2442.0701,2475.48,387600
2023-02-17,2447.6599,2471.51,2445.74,2451.21,513600
2023-02-20,2453.25,2463.1699,2430.27,2455.1201,390000
2023-02-21,2457.51,2466.0701,2446.0,2458.96,494300
2023-02-22,2430.8701,2435.98,2416.1599,2417.6799,426700
2023-02-23,2430.01,2449.6201,2422.6201,2439.0901,400300
2023-02-24,2442.49,2452.97,2421.47,2423.6101,369200
2023-02-27,2405.4199,2405.5601,2383.76,2402.6399,356700
2023-02-28,2417.5801,2431.6699,2407.29,2412.8501,529200
2023-03-02,2414.6101,2440.5901,2411.8501,2427.8501,427900
2023-03-03,2438.73,2442.1001,2423.0801,2432.0701,371500
2023-03-06,2452.46,2464.45,2441.0701,2462.6201,417900
2023-03-07,2457.04,2475.73,2455.6499,2463.3501,449800
2023-03-08,2435.5801,2442.6101,2426.52,2431.9099,437300
2023-03-09,2440.79,2444.2,2416.25,2419.0901,473500
2023-03-10,2389.8201,2400.8701,2383.1899,2394.5901,412900
2023-03-13,2400.45,2413.24,2369.79,2410.6001,380400
2023-03-14,2390.3601,2390.78,2348.1899,2348.97,484800
2023-03-15,2380.0901,2395.3601,2370.77,2379.72,443500
2023-03-16,2357.98,2382.79,2346.1101,2377.9099,317300
2023-03-17,2403.7,2405.3501,2382.8,2395.6899,363400
2023-03-20,2391.8701,2405.99,2378.7,2379.2,344700
2023-03-21,2396.54,2399.52,2383.1699,2388.3501,354700
2023-03-22,2411.25,2417.47,2402.78,2416.96,500900
2023-03-23,2398.27,2424.48,2397.9099,2424.48,567400
2023-03-24,2421.27,2423.76,2399.49,2414.96,470100
2023-03-27,2423.9399,2423.9399,2395.97,2409.22,472200
2023-03-28,2418.6899,2434.9399,2415.3401,2434.9399,523500
2023-03-29,2432.6299,2443.95,2428.6101,2443.9199,496600
2023-03-30,2452.97,2462.7,2439.4299,2453.1599,621300
2023-03-31,2459.9399,2481.24,2456.54,2476.8601,721300
2023-04-03,2485.8101,2485.8101,2467.5901,2472.3401,807400
2023-04-04,2475.8701,2489.71,2472.79,2480.51,830500
2023-04-05,2482.6101,2497.6101,2478.6699,2495.21,630400
2023-04-06,2488.0,2488.0,2458.5,2459.23,749100
2023-04-07,2478.6399,2493.0601,2473.8899,2490.4099,584000
2023-04-10,2491.6799,2519.99,2490.1699,2512.0801,716200
2023-04-11,2523.3301,2550.97,2514.4199,2547.8601,766800
2023-04-12,2546.3601,2561.3701,2536.23,2550.6399,899800
2023-04-13,2534.71,2561.6599,2531.0701,2561.6599,840300
2023-04-14,2580.1001,2581.74,2560.53,2571.49,890500
2023-04-17,2570.3,2577.0801,2561.1399,2575.9099,774600
2023-04-18,2582.23,2582.23,2557.1899,2571.0901,895200
2023-04-19,2570.0601,2582.1101,2568.46,2575.0801,956000
2023-04-20,2566.0601,2573.9399,2552.0601,2563.1101,950400
2023-04-21,2556.7,2559.4399,2532.3201,2544.3999,969000
2023-04-24,2538.3601,2541.8899,2518.73,2523.5,925900
2023-04-25,2531.3501,2531.3501,2472.3301,2489.02,885200
2023-04-26,2489.49,2498.5601,2481.3799,2484.8301,1088100
2023-04-27,2484.3101,2499.01,2465.8301,2495.8101,732600
2023-04-28,2511.79,2517.1299,2489.5801,2501.53,776400
2023-05-02,2504.01,2524.4199,2503.21,2524.3899,700300
2023-05-03,2510.1899,2514.3701,2497.8301,2501.3999,887300
2023-05-04,2494.8201,2502.1399,2486.0901,2500.9399,809100
2023-05-08,2518.53,2525.8401,2511.1299,2513.21,653900
2023-05-09,2512.3401,2514.8101,2495.6299,2510.0601,750500
2023-05-10,2505.96,2510.1299,2488.4199,2496.51,634400
2023-05-11,2505.5701,2513.8201,2490.0801,2491.0,646300
2023-05-12,2487.3501,2487.3501,2472.45,2475.4199,797200
2023-05-15,2469.8,2479.3501,2455.99,2479.3501,483300
2023-05-16,2494.3999,2498.54,2474.8999,2480.24,627900
2023-05-17,2479.6499,2498.3701,2475.02,2494.6599,563300
2023-05-18,2511.0901,2515.3999,2500.01,2515.3999,571500
2023-05-19,2530.8301,2538.3101,2524.8899,2537.79,569300
2023-05-22,2540.03,2564.0901,2533.5,2557.0801,590500
2023-05-23,2565.8,2577.3201,2561.1001,2567.55,573800
2023-05-24,2557.1101,2572.21,2555.04,2567.45,1071600
2023-05-25,2570.6399,2575.05,2551.49,2554.6899,916700
2023-05-26,2561.9399,2567.5,2553.79,2558.8101,631800
2023-05-30,2582.4099,2586.22,2574.8201,2585.52,638500
2023-05-31,2586.03,2596.3101,2575.98,2577.1201,683900
2023-06-01,2572.5601,2580.1499,2565.0,2569.1699,674200
2023-06-02,2586.27,2601.3799,2583.8799,2601.3601,566500
2023-06-05,2617.4299,2618.6201,2608.01,2615.4099,542700
2023-06-07,2623.46,2629.9199,2613.6799,2615.6001,535300
2023-06-08,2609.21,2612.3899,2595.3301,2610.8501,578700
2023-06-09,2624.1499,2644.7,2618.45,2641.1599,581500
2023-06-12,2647.49,2650.45,2623.4299,2629.3501,554300
2023-06-13,2644.4299,2645.6201,2633.52,2637.95,692500
2023-06-14,2640.8101,2642.8601,2614.25,2619.0801,648800
2023-06-15,2629.24,2634.22,2602.52,2608.54,579000
2023-06-16,2623.5701,2625.79,2612.21,2625.79,668400
2023-06-19,2618.0601,2619.4399,2600.49,2609.5,708800
2023-06-20,2602.8301,2610.03,2596.8201,2604.9099,715800
2023-06-21,2599.1899,2600.97,2579.52,2582.6299,655400
2023-06-22,2575.6499,2597.76,2575.6499,2593.7,610200
2023-06-23,2599.04,2600.8101,2568.0701,2570.1001,526500
2023-06-26,2568.6499,2585.3101,2562.03,2582.2,479200
2023-06-27,2581.02,2582.0,2568.52,2581.3899,535400
2023-06-28,2590.52,2590.52,2559.46,2564.1899,484200
2023-06-29,2564.02,2577.6899,2550.02,2550.02,602500
2023-06-30,2558.4299,2571.03,2541.72,2564.28,508800
2023-07-03,2580.8899,2604.6299,2580.49,2602.47,615500
2023-07-04,2604.72,2607.6599,2591.8601,2593.3101,673100
2023-07-05,2593.47,2601.99,2578.6599,2579.0,599400
2023-07-06,2574.75,2575.45,2550.6699,2556.29,530800
2023-07-07,2547.4099,2547.4099,2515.0701,2526.71,612100
2023-07-10,2528.0801,2539.6299,2517.6699,2520.7,560600
2023-07-11,2538.8401,2562.49,2534.48,2562.49,592400
2023-07-12,2557.6101,2574.73,2554.26,2574.72,695500
2023-07-13,2589.8899,2602.21,2587.75,2591.23,584300
2023-07-14,2607.47,2628.3,2603.3601,2628.3,568100
2023-07-17,2617.6699,2627.1201,2611.55,2619.0,548800
2023-07-18,2624.5901,2626.8899,2600.6699,2607.6201,491100
2023-07-19,2622.24,2622.54,2598.52,2608.24,434900
2023-07-20,2595.3799,2611.3401,2589.29,2600.23,369700
2023-07-21,2581.0601,2609.76,2570.5801,2609.76,499300
2023-07-24,2608.47,2636.0601,2595.21,2628.53,525900
2023-07-25,2643.3501,2646.71,2621.6001,2636.46,721500
2023-07-26,2638.76,2639.21,2580.98,2592.3601,830100
2023-07-27,2599.8201,2617.6101,2586.3601,2603.8101,591900
2023-07-28,2593.6699,2609.54,2586.3301,2608.3201,497300
2023-07-31,2628.8701,2639.45,2622.21,2632.5801,454200
2023-08-01,2644.3401,2668.21,2639.1001,2667.0701,493600
2023-08-02,2651.53,2660.8999,2611.77,2616.47,704700
2023-08-03,2624.76,2625.45,2591.3,2605.3899,789400
2023-08-04,2606.1699,2612.3,2598.3799,2602.8,645800
2023-08-07,2591.5801,2607.3601,2580.71,2580.71,504100
2023-08-08,2598.29,2601.4099,2568.1499,2573.98,637000
2023-08-09,2580.6001,2608.98,2576.21,2605.1201,466000
2023-08-10,2592.3999,2601.5601,2590.02,2601.5601,566500
2023-08-11,2611.25,2616.8401,2589.9399,2591.26,672200
2023-08-14,2586.51,2592.9099,2561.8799,2570.8701,622800
2023-08-16,2550.1299,2550.53,2520.8701,2525.6399,683200
2023-08-17,2512.9199,2520.5601,2482.0601,2519.8501,733900
2023-08-18,2495.1799,2519.6001,2489.6299,2504.5,556400
2023-08-21,2511.7,2524.4099,2505.5901,2508.8,398600
2023-08-22,2528.3899,2533.4299,2509.53,2515.74,471000
2023-08-23,2510.0,2517.51,2499.8899,2505.5,546200
2023-08-24,2531.78,2539.4399,2520.73,2537.6799,440300
2023-08-25,2505.3899,2526.3701,2502.05,2519.1399,576400
2023-08-28,2519.1399,2543.4099,2519.1399,2543.4099,483000
2023-08-29,2550.76,2556.98,2545.27,2552.1599,440700
2023-08-30,2575.4199,2578.6201,2561.22,2561.22,363000
2023-08-31,2564.45,2568.0601,2547.72,2556.27,471900
2023-09-01,2551.9299,2568.4199,2551.04,2563.71,492400
2023-09-04,2566.9299,2584.55,2560.3201,2584.55,342100
2023-09-05,2578.9099,2586.6499,2575.1899,2582.1799,383400
2023-09-06,2577.4099,2585.98,2560.0901,2563.3401,421500
2023-09-07,2554.8701,2562.4199,2539.24,2548.26,376600
2023-09-08,2546.0701,2550.96,2530.05,2547.6799,395800
2023-09-11,2549.8799,2556.8899,2540.4399,2556.8799,410300
2023-09-12,2566.4199,2568.55,2535.1499,2536.5801,358700
2023-09-13,2536.22,2549.3799,2528.1799,2534.7,417000
2023-09-14,2544.8899,2572.8899,2541.1101,2572.8899,411800
2023-09-15,2574.98,2611.0,2572.3701,2601.28,441100
2023-09-18,2588.6899,2596.55,2573.26,2574.72,415900
2023-09-19,2579.3601,2583.25,2555.46,2559.21,461800
2023-09-20,2556.55,2566.6201,2551.1201,2559.74,414700
2023-09-21,2544.8101,2549.6299,2514.96,2514.97,394700
2023-09-22,2491.45,2513.26,2486.1399,2508.1299,433200
2023-09-25,2504.1001,2509.3799,2486.4399,2495.76,438600
2023-09-26,2493.6399,2495.0,2461.5901,2462.97,427500
2023-09-27,2447.99,2469.72,2445.51,2465.0701,366200
2023-10-04,2435.78,2435.78,2402.8401,2405.6899,424900
2023-10-05,2423.3501,2426.6101,2402.5,2403.6001,451700
2023-10-06,2408.8101,2421.1799,2403.9199,2408.73,289400
2023-10-10,2436.5801,2448.24,2402.4399,2402.5801,415500
2023-10-11,2436.52,2463.5601,2436.52,2450.0801,446900
2023-10-12,2465.1899,2479.8201,2464.8401,2479.8201,515500
2023-10-13,2460.8501,2466.6201,2452.8301,2456.1499,582400
2023-10-16,2442.4299,2453.77,2422.52,2436.24,788400
2023-10-17,2454.1399,2466.8701,2449.4199,2460.1699,508800
2023-10-18,2452.05,2465.3301,2450.78,2462.6001,911500
2023-10-19,2431.9199,2433.45,2412.55,2415.8,756900
2023-10-20,2391.54,2394.6699,2364.01,2375.0,520600
2023-10-23,2370.0701,2375.79,2354.7,2357.02,395900
2023-10-24,2371.55,2384.1399,2326.6699,2383.51,444200
2023-10-25,2389.23,2389.8999,2362.6899,2363.1699,440800
2023-10-26,2325.8201,2330.55,2299.0801,2299.0801,531100
2023-10-27,2311.5901,2321.8401,2293.05,2302.8101,514900
2023-10-30,2292.3401,2317.75,2292.3401,2310.55,444800
2023-10-31,2318.3899,2322.45,2273.97,2277.99,395000
2023-11-01,2292.8899,2312.1499,2288.6399,2301.5601,358200
2023-11-02,2334.96,2351.9099,2333.4099,2343.1201,377500
2023-11-03,2365.5901,2370.28,2351.8301,2368.3401,578700
2023-11-06,2399.8,2502.3701,2395.03,2502.3701,528600
2023-11-07,2476.3501,2476.3501,2418.74,2443.96,457700
2023-11-08,2460.22,2468.4299,2418.1399,2421.6201,467200
2023-11-09,2425.9299,2437.8999,2413.04,2427.0801,395000
2023-11-10,2406.3999,2413.6201,2393.6399,2409.6599,312500
2023-11-13,2431.24,2435.3201,2399.04,2403.76,307100
2023-11-14,2424.9299,2442.3701,2422.97,2433.25,307000
2023-11-15,2482.21,2487.4199,2468.4299,2486.6699,419800
2023-11-16,2483.48,2491.98,2472.6899,2488.1799,407400
2023-11-17,2477.4299,2481.1001,2463.5901,2469.8501,388200
2023-11-20,2464.72,2499.75,2464.04,2491.2,323800
2023-11-21,2504.7,2517.74,2500.9099,2510.4199,345100
2023-11-22,2493.1699,2516.72,2490.4299,2511.7,439500
2023-11-23,2515.8301,2522.2,2507.3,2514.96,360900
2023-11-24,2517.8799,2521.5601,2496.6299,2496.6299,359400
2023-11-27,2501.8301,2511.3701,2489.1799,2495.6599,364700
2023-11-28,2506.1399,2522.45,2502.26,2521.76,442400
2023-11-29,2518.8,2523.98,2501.4399,2519.8101,579300
2023-11-30,2512.1101,2535.29,2507.8,2535.29,664300
2023-12-01,2520.49,2520.49,2504.0601,2505.01,516600
2023-12-04,2522.22,2525.6299,2510.52,2514.95,498900
2023-12-05,2507.45,2509.74,2492.55,2494.28,427100
2023-12-06,2503.5701,2509.6699,2495.3799,2495.3799,391000
2023-12-07,2493.1399,2499.73,2481.0,2492.0701,446900
2023-12-08,2510.24,2521.5801,2507.1399,2517.8501,431800
2023-12-11,2524.79,2528.8899,2512.45,2525.3601,435000
2023-12-12,2535.1101,2543.0601,2529.74,2535.27,378000
2023-12-13,2531.23,2531.23,2509.8899,2510.6599,377900
2023-12-14,2547.74,2549.6499,2532.1599,2544.1799,530100
2023-12-15,2558.4399,2574.23,2555.3,2563.5601,465300
2023-12-18,2568.77,2573.1299,2556.05,2566.8601,383000
2023-12-19,2564.8101,2570.0601,2556.52,2568.55,392500
2023-12-20,2586.99,2615.3799,2584.8501,2614.3,570400
2023-12-21,2598.3701,2610.8101,2587.1599,2600.02,578300
2023-12-22,2617.72,2621.3701,2599.51,2599.51,466000
2023-12-26,2609.4399,2612.1399,2594.6499,2602.5901,439500
2023-12-27,2599.3501,2613.5,2590.0801,2613.5,349700
2023-12-28,2616.27,2655.28,2611.72,2655.28,460100
2024-01-02,2645.47,2675.8,2641.8799,2669.8101,409900
2024-01-03,2643.54,2643.72,2607.3101,2607.3101,463100
2024-01-04,2592.4399,2602.6399,2580.0901,2587.02,770200
2024-01-05,2586.8899,2592.29,2572.6001,2578.0801,520500
2024-01-08,2584.23,2591.6799,2566.3401,2567.8201,320100
2024-01-09,2598.3101,2599.3701,2556.0,2561.24,790300
2024-01-10,2563.97,2568.1899,2539.8201,2541.98,570000
2024-01-11,2543.03,2557.3,2540.27,2540.27,788400
2024-01-12,2536.55,2543.8301,2517.76,2525.05,790200
2024-01-15,2525.6899,2536.0601,2515.8401,2525.99,800000
2024-01-16,2516.27,2524.3501,2491.1299,2497.5901,659600
2024-01-17,2501.23,2503.9099,2435.3401,2435.8999,965600
2024-01-18,2439.96,2453.97,2429.1201,2440.04,570000
2024-01-19,2468.4299,2479.0,2455.5,2472.74,518800
2024-01-22,2489.5701,2490.6899,2464.3501,2464.3501,386600
2024-01-23,2478.3201,2482.8401,2464.24,2478.6101,472300
2024-01-24,2476.22,2476.22,2454.3401,2469.6899,395500
2024-01-25,2467.73,2474.01,2452.3601,2470.3401,357200
2024-01-26,2458.05,2502.6101,2453.45,2478.5601,292700
2024-01-29,2490.9299,2516.9199,2483.8101,2500.6499,421800
2024-01-30,2523.6799,2528.54,2498.8101,2498.8101,481800
2024-01-31,2487.8999,2502.45,2486.97,2497.0901,437600
2024-02-01,2491.9299,2542.46,2491.9299,2542.46,751100
2024-02-02,2559.3999,2615.3401,2559.3899,2615.3101,588700
2024-02-05,2612.77,2612.77,2562.5,2591.3101,511700
2024-02-06,2584.2,2599.1799,2563.8701,2576.2,411600
2024-02-07,2592.5901,2625.24,2588.0901,2609.5801,518200
2024-02-08,2620.26,2629.51,2610.21,2620.3201,430000
2024-02-13,2644.1699,2656.8701,2640.96,2649.6399,559400
2024-02-14,2609.6001,2627.3101,2601.99,2620.4199,543500
2024-02-15,2643.8101,2643.8601,2613.8,2613.8,621400
2024-02-16,2635.6299,2648.76,2625.01,2648.76,593800
2024-02-19,2653.1201,2683.3899,2653.1201,2680.26,422700
2024-02-20,2671.55,2673.8401,2643.9299,2657.79,612700
2024-02-21,2656.9199,2670.95,2644.04,2653.3101,562100
2024-02-22,2671.6899,2671.6899,2653.99,2664.27,456400
2024-02-23,2681.03,2694.8,2665.21,2667.7,415400
2024-02-26,2657.3501,2659.6001,2629.78,2647.0801,530500
2024-02-27,2654.76,2654.76,2619.3799,2625.05,574300
2024-02-28,2629.1101,2657.3201,2623.1499,2652.29,421600
2024-02-29,2643.48,2647.5601,2628.6201,2642.3601,496100
2024-03-04,2664.52,2682.8,2662.3201,2674.27,404000
2024-03-05,2660.8,2684.8301,2649.3501,2649.3999,457200
2024-03-06,2638.8401,2649.78,2630.1599,2641.49,379000
2024-03-07,2653.98,2660.26,2633.5701,2647.6201,462900
2024-03-08,2676.79,2688.0,2668.3799,2680.3501,454300
2024-03-11,2665.5801,2677.21,2658.74,2659.8401,389800
2024-03-12,2673.47,2686.1399,2659.72,2681.8101,404000
2024-03-13,2694.71,2701.45,2679.54,2693.5701,497200
2024-03-14,2698.3701,2718.76,2696.3101,2718.76,609300
2024-03-15,2701.9099,2705.5901,2666.8401,2666.8401,582100
2024-03-18,2678.52,2688.0701,2665.28,2685.8401,408200
2024-03-19,2673.5701,2673.5701,2645.1399,2656.1699,695900
2024-03-20,2680.7,2692.52,2674.0901,2690.1399,720500
2024-03-21,2731.1799,2755.45,2724.25,2754.8601,823700
2024-03-22,2751.1499,2763.0601,2738.1799,2748.5601,509500
2024-03-25,2756.5901,2763.6299,2731.7,2737.5701,489600
2024-03-26,2756.4199,2779.3999,2752.27,2757.0901,448300
2024-03-27,2745.0,2762.03,2745.0,2755.1101,510600
2024-03-28,2753.22,2756.8601,2742.6799,2745.8201,419300
2024-03-29,2757.27,2757.55,2739.1201,2746.6299,495500
2024-04-01,2766.24,2769.8701,2747.3999,2747.8601,397600
2024-04-02,2744.1499,2760.3301,2737.1899,2753.1599,630400
2024-04-03,2730.6799,2732.29,2706.97,2706.97,640800
2024-04-04,2738.24,2746.3899,2727.1001,2742.0,478000
2024-04-05,2713.96,2730.47,2705.3101,2714.21,621000
2024-04-08,2718.76,2725.5801,2706.74,2717.6499,620700
2024-04-09,2733.23,2741.23,2703.96,2705.1599,470200
2024-04-11,2665.3999,2718.0701,2661.9199,2706.96,561300
2024-04-12,2710.8899,2712.45,2678.21,2681.8201,513700
2024-04-15,2661.3601,2673.26,2641.1599,2670.4299,562000
2024-04-16,2644.1699,2647.6001,2601.45,2609.6299,570200
2024-04-17,2619.1499,2626.6299,2584.1799,2584.1799,414300
2024-04-18,2595.46,2642.03,2593.26,2634.7,478800
2024-04-19,2600.6899,2609.8999,2553.55,2591.8601,809500
2024-04-22,2615.72,2629.4399,2604.3701,2629.4399,401900
2024-04-23,2632.1499,2641.78,2619.72,2623.02,430300
2024-04-24,2662.8401,2677.8501,2662.8401,2675.75,325100
2024-04-25,2646.8,2656.51,2628.6201,2628.6201,334100
2024-04-26,2650.9399,2662.1001,2641.3501,2656.3301,450500
2024-04-29,2675.46,2687.4399,2665.21,2687.4399,470500
2024-04-30,2693.22,2710.23,2687.29,2692.0601,460100
2024-05-02,2679.04,2692.47,2678.8401,2683.6499,351100
2024-05-03,2704.3101,2705.26,2676.6299,2676.6299,338600
2024-05-07,2718.1699,2734.3601,2716.6201,2734.3601,532200
2024-05-08,2732.1101,2745.05,2727.9299,2745.05,436300
2024-05-09,2743.29,2749.1399,2710.25,2712.1399,423800
2024-05-10,2737.95,2743.5801,2723.21,2727.6299,586100
2024-05-13,2735.2,2738.3799,2713.9199,2727.21,625300
2024-05-14,2732.98,2735.8201,2722.74,2730.3401,443300
2024-05-16,2770.27,2773.46,2748.22,2753.0,521800
2024-05-17,2751.47,2752.1699,2724.6201,2724.6201,575900
2024-05-20,2741.24,2756.4099,2734.6399,2742.1399,582100
2024-05-21,2733.03,2734.48,2719.74,2724.1799,560800
2024-05-22,2723.46,2733.0701,2707.8701,2723.46,484700
2024-05-23,2719.03,2734.27,2704.0,2721.8101,427400
2024-05-24,2693.6499,2696.99,2681.1699,2687.6001,501600
2024-05-27,2697.1599,2725.0801,2693.6599,2722.99,556700
2024-05-28,2715.52,2730.1201,2714.3401,2722.8501,441000
2024-05-29,2719.5601,2721.6299,2677.0701,2677.3,439000
2024-05-30,2666.6299,2666.6299,2635.4399,2635.4399,371900
2024-05-31,2657.8701,2664.48,2635.77,2636.52,613700
2024-06-03,2657.8101,2690.73,2657.8101,2682.52,782300
2024-06-04,2668.73,2679.47,2659.4299,2662.1001,773500
2024-06-05,2681.1101,2697.4299,2667.6299,2689.5,881500
2024-06-07,2718.25,2729.6299,2705.23,2722.6699,783900
2024-06-10,2698.71,2718.8899,2689.1899,2701.1699,506900
2024-06-11,2716.72,2718.8799,2702.1699,2705.3201,558900
2024-06-12,2709.6499,2730.3,2707.4399,2728.1699,511000
2024-06-13,2764.1799,2776.72,2752.6101,2754.8899,700000
2024-06-14,2759.22,2769.1599,2750.8601,2758.4199,645000
2024-06-17,2754.8301,2759.8601,2741.03,2744.1001,594000
2024-06-18,2765.7,2772.3501,2759.03,2763.9199,561500
2024-06-19,2786.1599,2799.3201,2786.1599,2797.3301,645700
2024-06-20,2802.1001,2812.6201,2796.3701,2807.6299,758200
2024-06-21,2794.8701,2797.0,2777.3301,2784.26,631100
2024-06-24,2772.8501,2782.8999,2758.0901,2764.73,592800
2024-06-25,2765.76,2780.4199,2765.76,2774.3899,714200
2024-06-26,2767.4299,2792.0701,2762.98,2792.05,534300
2024-06-27,2767.6201,2784.3301,2761.55,2784.0601,396700
2024-06-28,2792.79,2797.8201,2782.3999,2797.8201,610600
2024-07-01,2792.96,2805.95,2783.98,2804.3101,458800
2024-07-02,2798.6499,2805.4199,2776.6201,2780.8601,538400
2024-07-03,2797.1399,2799.7,2774.71,2794.01,339800
2024-07-04,2817.0601,2824.9399,2808.8799,2824.9399,393200
2024-07-05,2836.21,2871.96,2836.21,2862.23,377600
2024-07-08,2862.5801,2868.99,2855.53,2857.76,424600
2024-07-09,2872.6299,2875.3701,2854.1299,2867.3799,455800
2024-07-10,2863.05,2871.5601,2858.8701,2867.99,471800
2024-07-11,2888.76,2896.4299,2879.28,2891.3501,461700
2024-07-12,2867.75,2872.25,2844.8799,2857.0,407400
2024-07-15,2869.1499,2872.8999,2848.9299,2860.9199,424500
2024-07-16,2861.71,2872.21,2857.0701,2866.0901,677300
2024-07-17,2865.8999,2868.5801,2841.3301,2843.29,548100
2024-07-18,2805.6399,2824.3501,2799.02,2824.3501,657700
2024-07-19,2800.21,2802.6799,2776.99,2795.46,425600
2024-07-22,2790.99,2795.1201,2752.6299,2763.51,463400
2024-07-23,2788.8301,2796.9199,2765.8101,2774.29,422700
2024-07-24,2755.5,2778.3101,2748.6499,2758.71,468500
2024-07-25,2721.29,2725.1499,2703.8601,2710.6499,439600
2024-07-26,2724.99,2738.3999,2715.75,2731.8999,513000
2024-07-29,2748.3201,2776.8601,2742.6899,2765.53,456500
2024-07-30,2744.3999,2754.53,2732.8201,2738.1899,392900
2024-07-31,2745.5801,2770.7,2733.6299,2770.6899,556400
2024-08-01,2787.27,2794.1101,2772.97,2777.6799,480800
2024-08-02,2719.3899,2725.05,2666.3999,2676.1899,531800
2024-08-05,2611.3,2611.3,2386.96,2441.55,761900
2024-08-06,2533.3401,2578.77,2491.47,2522.1499,566300
2024-08-07,2515.27,2594.8301,2510.8201,2568.4099,476300
2024-08-08,2530.21,2570.3401,2518.52,2556.73,494700
2024-08-09,2603.0801,2603.0801,2575.8999,2588.4299,474200
2024-08-12,2602.1599,2622.8601,2602.01,2618.3,293100
2024-08-13,2624.5,2636.1201,2607.52,2621.5,378500
2024-08-14,2649.1101,2653.71,2632.4399,2644.5,328700
2024-08-16,2695.49,2699.6101,2680.74,2697.23,385900
2024-08-19,2697.97,2699.8401,2664.28,2674.3601,395600
2024-08-20,2699.74,2706.05,2686.0601,2696.6299,484200
2024-08-21,2687.2,2704.98,2684.6101,2701.1299,417300
2024-08-22,2710.95,2711.3799,2690.3501,2707.6699,441800
2024-08-23,2690.8,2712.8401,2689.54,2701.6899,330600
2024-08-26,2716.8799,2718.47,2688.79,2698.01,333700
2024-08-27,2696.24,2700.1799,2681.9199,2689.25,264100
2024-08-28,2690.5901,2695.51,2671.5901,2689.8301,280800
2024-08-29,2657.1799,2672.8999,2649.5601,2662.28,288800
2024-08-30,2676.72,2686.51,2668.6599,2674.3101,278800
2024-09-02,2683.8,2686.98,2658.3101,2681.0,267000
2024-09-03,2683.1201,2695.5901,2664.6299,2664.6299,303500
2024-09-04,2589.9399,2608.1299,2578.0701,2580.8,455500
2024-09-05,2598.3601,2615.8,2560.6499,2575.5,379000
2024-09-06,2576.6599,2576.9399,2529.3101,2544.28,374800
2024-09-09,2498.6699,2543.22,2491.3,2535.9299,270200
2024-09-10,2542.6899,2544.8301,2522.48,2523.4299,347700
2024-09-11,2524.8601,2526.1299,2493.3701,2513.3701,302600
2024-09-12,2572.0901,2572.0901,2572.0901,2572.0901,0
2024-09-13,2571.8101,2584.1101,2562.9099,2575.4099,358300
2024-09-19,2594.6699,2598.6799,2550.0901,2580.8,385100
2024-09-20,2603.8301,2619.55,2591.3999,2593.3701,496000
2024-09-23,2596.47,2603.5701,2588.49,2602.01,339100
2024-09-24,2612.45,2631.6799,2597.8101,2631.6799,355100
2024-09-25,2652.71,2663.3601,2596.3201,2596.3201,454500
2024-09-26,2630.9099,2671.5701,2630.3,2671.5701,324900
2024-09-27,2674.5801,2681.45,2649.78,2649.78,413000
2024-09-30,2665.24,2668.6599,2593.27,2593.27,358900
2024-10-02,2566.55,2591.6101,2555.46,2561.6899,351000
2024-10-04,2563.7,2585.5901,2555.5701,2569.71,414300
2024-10-07,2579.2,2611.9299,2561.46,2610.3799,343700
2024-10-08,2592.6499,2601.96,2581.79,2594.3601,318200
2024-10-10,2611.6499,2613.6101,2596.8601,2599.1599,618600
2024-10-11,2612.02,2621.9299,2594.4299,2596.9099,491300
2024-10-14,2602.6299,2628.54,2602.6299,2623.29,401700
2024-10-15,2632.3701,2635.3201,2615.47,2633.45,438300
2024-10-16,2606.7,2622.3301,2601.3501,2610.3601,437600
2024-10-17,2620.74,2622.71,2603.52,2609.3,331300
2024-10-18,2616.04,2618.3201,2587.96,2593.8201,265200
2024-10-21,2600.77,2618.71,2594.05,2604.9199,240700
2024-10-22,2600.8701,2604.1599,2564.46,2570.7,343300
2024-10-23,2575.25,2607.79,2567.4199,2599.6201,352400
2024-10-24,2591.6899,2600.26,2578.8,2581.03,343100
2024-10-25,2597.4399,2611.27,2577.0,2583.27,462900
2024-10-28,2588.45,2612.96,2587.2,2612.4299,333700
2024-10-29,2606.9399,2617.8,2595.8601,2617.8,363300
2024-10-30,2606.99,2613.47,2586.8799,2593.79,487400
2024-10-31,2575.24,2579.6499,2552.3601,2556.1499,406600
2024-11-01,2542.96,2559.3,2536.8401,2542.3601,319800
2024-11-04,2549.04,2588.97,2542.6799,2588.97,373900
2024-11-05,2570.24,2586.73,2564.6599,2576.8799,310900
2024-11-06,2591.8999,2592.75,2544.04,2563.51,548500
2024-11-07,2557.23,2579.8101,2540.48,2564.6299,465100
2024-11-08,2586.7,2593.1499,2553.4199,2561.1499,448700
2024-11-11,2562.05,2562.05,2525.5601,2531.6599,572200
2024-11-12,2527.9399,2532.4399,2481.53,2482.5701,735800
2024-11-13,2468.27,2478.8701,2415.77,2417.0801,619200
2024-11-14,2430.26,2441.4299,2410.9299,2418.8601,640000
2024-11-15,2413.05,2433.1799,2390.5601,2416.8601,623300
2024-11-18,2440.3101,2480.01,2437.53,2469.0701,443900
2024-11-19,2469.1299,2479.3899,2465.1499,2471.95,410900
2024-11-20,2475.76,2489.1499,2471.79,2482.29,408800
2024-11-21,2474.6201,2496.97,2474.6201,2480.6299,451100
2024-11-22,2493.4199,2511.23,2492.21,2501.24,543500
2024-11-25,2524.1101,2541.76,2517.98,2534.3401,564700
2024-11-26,2521.3899,2526.6201,2512.21,2520.3601,441700
2024-11-27,2518.8201,2526.3201,2498.3201,2503.0601,414300
2024-11-28,2499.6899,2513.6299,2495.6399,2504.6699,342600
2024-11-29,2496.9299,2496.9299,2446.96,2455.9099,384300
2024-12-02,2479.02,2483.29,2448.45,2454.48,328100
2024-12-03,2472.0601,2500.6699,2471.55,2500.1001,324100
2024-12-04,2450.76,2483.04,2442.46,2464.0,670300
2024-12-05,2471.45,2471.45,2434.78,2441.8501,519400
2024-12-06,2451.6001,2459.24,2397.73,2428.1599,630400
2024-12-09,2392.3701,2399.52,2360.1799,2360.5801,591600
2024-12-10,2384.51,2419.0601,2384.51,2417.8401,598800
2024-12-11,2412.1499,2443.3401,2411.3799,2442.51,617700
2024-12-12,2456.6299,2487.95,2448.76,2482.1201,664200
2024-12-13,2473.75,2500.3201,2470.24,2494.46,577700
2024-12-16,2511.0801,2515.6201,2483.4299,2488.97,526700
2024-12-17,2487.3101,2487.3101,2455.05,2456.8101,559000
2024-12-18,2463.0601,2492.0,2462.8201,2484.4299,441700
2024-12-19,2426.55,2450.05,2423.5901,2435.9299,504500
2024-12-20,2429.6299,2430.6899,2389.8601,2404.1499,617800
2024-12-23,2423.3601,2446.97,2413.6201,2442.01,428200
2024-12-24,2450.55,2452.8501,2432.4199,2440.52,386800
2024-12-26,2449.52,2449.52,2428.8201,2429.6699,322800
2024-12-27,2419.46,2423.8601,2388.3301,2404.77,311300
2024-12-30,2397.49,2429.75,2390.4399,2399.49,304000
2025-01-02,2400.8701,2410.99,2386.8401,2398.9399,350700
2025-01-03,2402.5801,2454.6699,2402.5801,2441.9199,407500
2025-01-06,2453.3,2489.1001,2446.8201,2488.6399,302800
2025-01-07,2513.49,2521.8601,2492.0901,2492.1001,407700
2025-01-08,2481.25,2526.77,2481.25,2521.05,362900
2025-01-09,2526.1001,2535.8701,2515.8201,2521.8999,404300
2025-01-10,2528.4199,2535.24,2506.29,2515.78,377600
2025-01-13,2508.1499,2513.9299,2483.73,2489.5601,578600
2025-01-14,2501.49,2504.8899,2482.74,2497.3999,414500
2025-01-15,2511.0701,2524.3601,2493.1001,2496.8101,538500
2025-01-16,2528.27,2534.01,2519.8601,2527.49,451100
2025-01-17,2520.8501,2528.48,2513.8401,2523.55,445900
2025-01-20,2533.6799,2536.72,2516.28,2520.05,437500
2025-01-21,2533.23,2548.4399,2507.95,2518.03,572000
2025-01-22,2535.8,2552.5701,2526.8899,2547.0601,583700
2025-01-23,2541.24,2541.6001,2515.49,2515.49,609700
2025-01-24,2529.29,2542.8301,2522.6399,2536.8,602000
2025-01-31,2534.3301,2537.98,2496.95,2517.3701,454400
2025-02-03,2468.74,2468.74,2437.6101,2453.95,522800
2025-02-04,2481.4399,2508.3501,2471.6299,2481.6899,479400
2025-02-05,2503.9399,2514.71,2498.74,2509.27,437300
2025-02-06,2521.8201,2536.75,2515.3401,2536.75,479700
2025-02-07,2532.0901,2537.6299,2519.01,2521.9199,419900
2025-02-10,2510.6399,2527.3301,2499.1799,2521.27,393600
2025-02-11,2532.8701,2549.4399,2527.74,2539.05,451100
2025-02-12,2534.71,2549.5801,2528.74,2548.3899,464900
2025-02-13,2558.95,2583.74,2555.98,2583.1699,680300
2025-02-14,2588.2,2600.5701,2582.8401,2591.05,499400
2025-02-17,2595.99,2612.8,2592.5701,2610.4199,366300
2025-02-18,2613.25,2628.47,2605.1499,2626.8101,422000
2025-02-19,2633.9099,2680.7,2633.9099,2671.52,525800
2025-02-20,2661.72,2667.5901,2645.53,2654.0601,529300
2025-02-21,2653.76,2656.04,2638.4399,2654.5801,444700
2025-02-24,2636.1201,2645.27,2626.8799,2645.27,536400
2025-02-25,2617.6399,2641.49,2617.1201,2630.29,410300
2025-02-26,2629.8601,2648.0601,2620.1599,2641.0901,386800
2025-02-27,2637.6299,2638.47,2610.47,2621.75,513900
2025-02-28,2585.6101,2586.78,2531.24,2532.78,588600
2025-03-04,2522.2,2548.78,2513.3101,2528.9199,484100
2025-03-05,2548.45,2561.47,2535.1799,2558.1299,569400
2025-03-06,2573.55,2583.6499,2565.5701,2576.1599,609600
2025-03-07,2553.4399,2575.48,2541.49,2563.48,567200
2025-03-10,2555.3999,2579.76,2549.99,2570.3899,435700
2025-03-11,2516.6899,2547.8799,2505.9099,2537.6001,399000
2025-03-12,2552.6001,2579.6899,2541.6599,2574.8201,401600
2025-03-13,2598.0601,2600.0701,2561.02,2573.6399,427300
2025-03-14,2565.1799,2576.74,2559.24,2566.3601,362300
2025-03-17,2588.3201,2610.6899,2587.52,2610.6899,396600
2025-03-18,2627.27,2638.5601,2606.9099,2612.3401,555500
2025-03-19,2613.48,2642.8301,2613.48,2628.6201,653300
2025-03-20,2648.1599,2650.72,2629.2,2637.1001,455000
2025-03-21,2633.8999,2645.8201,2617.78,2643.1299,497500
2025-03-24,2636.4299,2648.8201,2629.3799,2632.0701,372400
2025-03-25,2653.04,2654.6299,2612.74,2615.8101,439300
2025-03-26,2628.0901,2649.1499,2618.05,2643.9399,507900
2025-03-27,2620.28,2633.03,2603.4099,2607.1499,403300
2025-03-28,2592.6299,2592.6299,2549.26,2557.98,513600
2025-03-31,2513.4399,2514.22,2479.46,2481.1201,391600
2025-04-01,2511.24,2530.6101,2494.4299,2521.3899,453400
2025-04-02,2525.6201,2532.1499,2499.8301,2505.8601,515600
2025-04-03,2437.4299,2488.9199,2437.4299,2486.7,480100
2025-04-04,2450.49,2506.71,2438.02,2465.4199,695100
2025-04-07,2359.25,2369.3999,2327.01,2328.2,619500
2025-04-08,2381.2,2381.3101,2328.9399,2334.23,557000
2025-04-09,2329.99,2337.5801,2284.72,2293.7,699600
2025-04-10,2395.1299,2445.0601,2391.3899,2445.0601,670400
2025-04-11,2400.74,2433.1799,2394.25,2432.72,369700
2025-04-14,2454.28,2465.5601,2449.48,2455.8899,488600
2025-04-15,2464.51,2482.5601,2461.23,2477.4099,560300
2025-04-16,2472.78,2475.8301,2442.72,2447.4299,613200
2025-04-17,2451.7,2473.24,2447.3999,2470.4099,601700
2025-04-18,2473.3,2486.3701,2466.8999,2483.4199,451000
2025-04-21,2486.3799,2498.8401,2479.23,2488.4199,429000
2025-04-22,2481.1799,2494.5901,2476.1399,2486.6399,416700
2025-04-23,2520.5601,2526.72,2507.1001,2525.5601,538100
2025-04-24,2525.3401,2530.6101,2507.21,2522.3301,327900
2025-04-25,2544.5901,2553.3301,2534.9399,2546.3,403500
2025-04-28,2551.23,2558.6899,2541.97,2548.8601,454100
2025-04-29,2550.25,2571.4099,2542.25,2565.4199,547100
2025-04-30,2561.04,2570.8301,2544.46,2556.6101,487500
2025-05-02,2556.52,2567.04,2540.5701,2559.79,585500
2025-05-07,2577.04,2581.8501,2559.1699,2573.8,546800
2025-05-08,2581.27,2590.8999,2575.78,2579.48,471600
2025-05-09,2587.9299,2589.5801,2571.2,2577.27,485600
2025-05-12,2593.9399,2607.3301,2585.6001,2607.3301,409700
2025-05-13,2601.76,2620.6399,2601.5801,2608.4199,422500
2025-05-14,2625.3601,2646.01,2619.1499,2640.5701,390500
2025-05-15,2634.5,2643.8301,2618.0801,2621.3601,339600
2025-05-16,2630.6399,2633.98,2619.1001,2626.8701,359700
2025-05-19,2613.7,2619.4299,2593.4399,2603.4199,313300
2025-05-20,2622.6799,2622.9099,2598.1001,2601.8,457000
2025-05-21,2615.8999,2633.4099,2614.73,2625.5801,371500
2025-05-22,2614.6599,2616.53,2588.0901,2593.6699,358100
2025-05-23,2603.5701,2604.1399,2589.51,2592.0901,434000
2025-05-26,2598.45,2644.3999,2595.96,2644.3999,380200
2025-05-27,2630.29,2642.6299,2625.6599,2637.22,318300
2025-05-28,2648.8601,2692.47,2643.5,2670.1499,405500
2025-05-29,2691.0601,2720.6399,2686.6399,2720.6399,448300
2025-05-30,2713.24,2717.54,2689.8701,2697.6699,525700
2025-06-02,2692.9099,2719.8701,2685.1399,2698.97,323600
2025-06-04,2737.9199,2771.03,2734.02,2770.8401,489900
2025-06-05,2790.3301,2831.1101,2787.76,2812.05,556000
2025-06-09,2841.5601,2867.27,2841.3899,2855.77,537600
2025-06-10,2872.6201,2885.6699,2849.6699,2871.8501,508200
2025-06-11,2887.3201,2908.1599,2879.9199,2907.04,393900
2025-06-12,2909.99,2934.3101,2909.99,2920.03,713700
2025-06-13,2930.5701,2932.3799,2877.0701,2894.6201,931700
2025-06-16,2903.5,2947.0701,2886.1299,2946.6599,726400
2025-06-17,2959.9299,2998.6201,2925.79,2950.3,939600
2025-06-18,2933.6299,2979.3201,2933.6299,2972.1899,576500
2025-06-19,2989.5601,2996.04,2954.47,2977.74,433300
2025-06-20,2986.52,3022.0601,2972.3701,3021.8401,484900
2025-06-23,2992.2,3019.8101,2971.3601,3014.47,625700
2025-06-24,3061.1399,3105.04,3061.1399,3103.6399,579200
2025-06-25,3127.79,3129.0901,3084.8601,3108.25,644800
2025-06-26,3108.3401,3113.03,3036.55,3079.5601,460600
2025-06-27,3077.8701,3093.5601,3041.8501,3055.9399,381600
2025-06-30,3072.75,3086.0,3063.4199,3071.7,464200
2025-07-01,3089.6399,3133.52,3088.45,3089.6499,576000
2025-07-02,3083.8201,3090.6101,3032.47,3075.0601,696800
2025-07-03,3100.3301,3116.27,3085.98,3116.27,539100
2025-07-04,3122.28,3123.8401,3052.9099,3054.28,520800
2025-07-07,3044.78,3068.4299,3032.99,3059.47,359400
2025-07-08,3071.74,3115.8601,3066.03,3114.95,745800
2025-07-09,3123.22,3137.1699,3111.02,3133.74,643000
2025-07-10,3144.1399,3183.23,3133.8101,3183.23,596600
2025-07-11,3186.3501,3216.6899,3170.46,3175.77,465300
2025-07-14,3175.5901,3202.0601,3170.72,3202.03,444000
2025-07-15,3194.8201,3216.01,3183.8301,3215.28,419700
2025-07-16,3207.48,3209.2,3178.4199,3186.3799,531500
2025-07-17,3201.4199,3201.4199,3152.4199,3192.29,424800
2025-07-18,3200.4399,3204.75,3169.6899,3188.0701,393400
2025-07-21,3191.1101,3211.1399,3188.8701,3210.8101,343900
2025-07-22,3210.1201,3220.27,3155.25,3169.9399,378500
2025-07-23,3189.6499,3199.8601,3141.9299,3183.77,664800
2025-07-24,3209.4299,3237.97,3183.05,3190.45,425500
2025-07-25,3184.3701,3205.8201,3184.3701,3196.05,389300
2025-07-28,3228.6101,3228.6101,3180.1799,3209.52,502700
2025-07-29,3192.1699,3232.3101,3169.03,3230.5701,373200
2025-07-30,3233.3101,3269.3999,3227.28,3254.47,338100
2025-07-31,3275.78,3288.26,3227.46,3245.4399,540300
2025-08-01,3210.3201,3210.3201,3117.9199,3119.4099,507800
2025-08-04,3114.27,3157.45,3105.6299,3147.75,293500
2025-08-05,3187.1499,3212.3101,3174.23,3198.0,273400
2025-08-06,3182.0601,3200.1499,3176.6101,3198.1399,327400
2025-08-07,3214.8101,3227.6799,3200.28,3227.6799,327000
2025-08-08,3220.5801,3227.28,3198.3101,3210.01,341400
2025-08-11,3220.72,3223.23,3199.8999,3206.77,305000
2025-08-12,3209.75,3242.1699,3189.5801,3189.9099,373200
2025-08-13,3225.3999,3226.3701,3192.1699,3224.3701,320100
2025-08-14,3226.52,3239.55,3210.8301,3225.6599,441500
2025-08-18,3202.6299,3206.77,3177.28,3177.28,326100
2025-08-19,3185.04,3185.48,3142.48,3151.5601,285300
2025-08-20,3121.52,3132.8301,3079.27,3130.0901,335300
2025-08-21,3140.71,3166.54,3134.8601,3141.74,276900
2025-08-22,3165.4099,3181.95,3159.45,3168.73,236800
2025-08-25,3195.1399,3209.8601,3180.1201,3209.8601,220200
2025-08-26,3199.9199,3199.9199,3175.3101,3179.3601,325400
2025-08-27,3185.8701,3189.3101,3165.77,3187.1599,281700
2025-08-28,3175.3301,3211.3401,3164.0801,3196.3201,312200
2025-08-29,3208.8,3212.6899,3184.48,3186.01,245100
2025-09-01,3164.5801,3177.3999,3135.02,3142.9299,260100
2025-09-02,3155.73,3174.1599,3151.9299,3172.3501,310700
2025-09-03,3177.75,3187.48,3167.23,3184.4199,335800
2025-09-04,3188.8401,3205.6101,3185.49,3200.8301,286300
2025-09-05,3208.8301,3214.6399,3196.1899,3205.1201,323800
2025-09-08,3209.8101,3221.1399,3206.3401,3219.5901,372300
2025-09-09,3231.3101,3260.05,3221.98,3260.05,439900
2025-09-10,3272.2,3317.77,3272.0701,3314.53,564700
2025-09-11,3336.6001,3344.7,3311.8601,3344.2,435600
2025-09-12,3374.6499,3395.54,3362.8601,3395.54,448900
2025-09-15,3407.78,3420.23,3391.3301,3407.3101,378900
2025-09-16,3421.1299,3452.5,3418.1001,3449.6201,406200
2025-09-17,3433.8301,3433.8301,3406.75,3413.3999,326600
2025-09-18,3432.77,3461.3,3422.77,3461.3,391200
2025-09-19,3461.23,3467.8899,3434.6101,3445.24,348800
2025-09-22,3463.8401,3482.25,3458.8701,3468.6499,287900
2025-09-23,3489.46,3494.49,3467.8301,3486.1899,358300
2025-09-24,3492.03,3497.95,3442.4099,3472.1399,287100
2025-09-25,3458.98,3479.4199,3454.0801,3471.1101,293100
2025-09-26,3440.3899,3441.9099,3365.73,3386.05,399200
2025-09-29,3414.4299,3439.1201,3413.3301,3431.21,416500
2025-09-30,3436.0,3443.3799,3421.8899,3424.6001,526400
2025-10-01,3444.0601,3459.74,3440.4199,3455.8301,493600
2025-10-02,3525.48,3565.96,3512.1599,3549.21,402100
2025-10-10,3598.1101,3617.8601,3569.4399,3610.6001,407400
2025-10-13,3550.0801,3584.55,3522.54,3584.55,408000
2025-10-14,3604.1201,3646.77,3535.52,3561.8101,734100
2025-10-15,3580.6399,3659.9099,3577.0601,3657.28,543600
2025-10-16,3675.8201,3748.3701,3675.8201,3748.3701,495800
2025-10-17,3732.76,3794.8701,3722.0701,3748.8899,420800
2025-10-20,3775.3999,3814.6899,3728.3799,3814.6899,410100
2025-10-21,3851.01,3893.0601,3816.1899,3823.8401,526900
2025-10-22,3827.23,3883.6799,3794.52,3883.6799,597200
2025-10-23,3835.79,3902.21,3822.3301,3845.5601,423600
2025-10-24,3893.23,3951.0701,3886.6399,3941.5901,426900
2025-10-27,3999.79,4042.8301,3999.79,4042.8301,517000
2025-10-28,4010.47,4018.22,3972.5601,4010.4099,408200
2025-10-29,4061.54,4084.0901,4014.8401,4081.1499,466900
2025-10-30,4105.9502,4146.7202,4070.79,4086.8899,566500
2025-10-31,4083.25,4122.0898,4059.74,4107.5,408300
2025-11-03,4123.3599,4221.9199,4123.3599,4221.8701,472700
2025-11-04,4219.2402,4226.75,4117.9102,4121.7402,423500
2025-11-05,4055.47,4055.47,3867.8101,4004.4199,594200
2025-11-06,4092.46,4111.96,3985.29,4026.45,423400
2025-11-07,3963.72,4037.6101,3887.3201,3953.76,377100
2025-11-10,3991.8701,4092.9099,3984.24,4073.24,339500
2025-11-11,4124.2998,4187.46,4066.5801,4106.3901,377600
2025-11-12,4097.4399,4154.6201,4088.8601,4150.3901,334600
2025-11-13,4127.5698,4188.54,4123.8398,4170.6299,424200
2025-11-14,4061.9099,4092.76,4011.3999,4011.5701,400000
2025-11-17,4078.5701,4089.8799,4045.3999,4089.25,344100
2025-11-18,4044.47,4072.4099,3953.26,3953.6201,319700
2025-11-19,3966.6399,3966.6399,3854.95,3929.51,338200
2025-11-20,4030.97,4059.3701,4001.3101,4004.8501,360300
2025-11-21,3908.7,3911.55,3838.46,3853.26,319300
2025-11-24,3915.1599,3917.1599,3838.2,3846.0601,373100
2025-11-25,3942.3601,3946.6101,3833.3501,3857.78,279300
2025-11-26,3891.8799,3960.8701,3866.6599,3960.8701,295300
2025-11-27,3989.45,4023.4199,3968.4299,3986.9099,257900
2025-11-28,3995.3,3995.3,3921.8899,3926.5901,241900
2025-12-01,3967.9199,3977.3101,3892.0801,3920.3701,296900
2025-12-02,3939.0901,3994.9299,3935.1399,3994.9299,319000
2025-12-03,4010.26,4052.8301,3987.76,4036.3,290900
2025-12-04,4018.9099,4028.53,3982.54,4028.51,352000
2025-12-05,4023.5,4100.0498,4003.29,4100.0498,478500
2025-12-08,4109.25,4154.8501,4081.26,4154.8501,395600
2025-12-09,4129.77,4152.1802,4121.21,4143.5498,400600
2025-12-10,4159.0498,4172.6401,4123.6001,4135.0,317900
2025-12-11,4163.3198,4170.77,4103.2002,4110.6201,539800
2025-12-12,4123.8301,4168.1699,4120.73,4167.1602,426600
2025-12-15,4053.74,4123.1899,4052.6499,4090.5901,346800
2025-12-16,4093.3201,4099.0098,3996.23,3999.1299,374000
2025-12-17,4019.4299,4060.24,3994.6499,4056.4099,361000
2025-12-18,3989.6001,4030.6499,3975.5,3994.51,581400
2025-12-19,4055.78,4055.78,3997.05,4020.55,442700
2025-12-22,4096.2598,4105.9302,4083.1299,4105.9302,315600
2025-12-23,4127.3999,4140.8398,4110.25,4117.3198,385800
2025-12-24,4136.2402,4137.2002,4106.6201,4108.6201,363600
2025-12-26,4130.3701,4143.1401,4116.5298,4129.6802,510200
2025-12-29,4146.48,4220.5601,4146.48,4220.5601,502400
2025-12-30,4193.75,4226.3599,4186.9502,4214.1699,408200
2026-01-02,4224.5298,4313.5498,4216.6802,4309.6299,406300
2026-01-05,4385.9199,4457.52,4381.9302,4457.52,513900
2026-01-06,4446.0801,4525.48,4395.0,4525.48,498400
2026-01-07,4566.3398,4611.7202,4488.2002,4551.0601,553700
2026-01-08,4531.46,4622.3198,4527.5,4552.3701,440100
2026-01-09,4530.0298,4590.0298,4500.48,4586.3198,399200
2026-01-12,4639.8901,4652.54,4567.5498,4624.79,394800
2026-01-13,4662.4399,4693.0698,4641.5801,4692.6401,429200
2026-01-14,4685.1099,4723.1001,4669.3198,4723.1001,550400
2026-01-15,4710.2798,4797.5498,4705.4399,4797.5498,545200
2026-01-16,4820.6602,4855.6099,4797.75,4840.7402,720900
2026-01-19,4829.3999,4917.3701,4827.9502,4904.6602,570800
2026-01-20,4900.2798,4935.48,4823.8799,4885.75,667700
2026-01-21,4808.9399,4910.54,4807.1299,4909.9302,600100
2026-01-22,4987.0601,5019.54,4934.1699,4952.5298,568600
2026-01-23,4984.0801,5021.1299,4926.2202,4990.0698,612600
2026-01-26,4997.54,5023.7598,4940.7798,4949.5898,446900
2026-01-27,4932.8901,5084.8501,4890.7202,5084.8501,476200
2026-01-28,5145.3901,5183.4399,5124.7998,5170.8101,593100
2026-01-29,5243.4199,5252.6099,5073.1201,5221.25,699700
2026-01-30,5210.3501,5321.6802,5199.7798,5224.3599,862500
2026-02-02,5122.6201,5196.71,4933.5801,4949.6699,572500
2026-02-03,5114.8101,5288.0801,5101.3101,5288.0801,672600
2026-02-04,5260.71,5376.9199,5243.1099,5371.1001,789900
2026-02-05,5251.0298,5304.3999,5142.2002,5163.5698,911900
2026-02-06,5013.1499,5120.77,4899.2998,5089.1401,745800
2026-02-09,5299.1001,5322.3501,5265.0801,5298.04,617700
2026-02-10,5350.21,5363.6201,5286.6699,5301.6899,712300
2026-02-11,5293.75,5374.23,5257.5298,5354.4902,753800
2026-02-12,5425.3901,5522.27,5399.52,5522.27,750600
2026-02-13,5513.71,5583.7402,5480.9199,5507.0098,1290700
2026-02-19,5642.0898,5681.6499,5614.9702,5677.25,1185800
2026-02-20,5696.8901,5809.9102,5684.5801,5808.5298,1749300
2026-02-23,5903.1099,5931.8599,5792.5698,5846.0898,1477800
2026-02-24,5853.48,5969.6401,5775.6099,5969.6401,1602000
2026-02-25,6022.7002,6144.71,5984.2798,6083.8599,1415300
2026-02-26,6121.0298,6313.27,6107.4102,6307.27,1409600
2026-02-27,6197.4902,6347.4102,6153.8701,6244.1299,1166100
2026-03-03,6165.1499,6180.4502,5791.6499,5791.9102,1227200
2026-03-04,5592.5898,5672.1201,5059.4502,5093.54,1637600
2026-03-05,5250.9199,5715.2998,5248.1299,5583.8999,1660700
2026-03-06,5491.02,5609.98,5381.27,5584.8701,1223000
2026-03-09,5265.3701,5327.4199,5096.1602,5251.8701,1026200
2026-03-10,5523.21,5595.8799,5427.8799,5532.5898,923200
2026-03-11,5658.7202,5746.3599,5559.6899,5609.9502,1050900
2026-03-12,5567.6499,5629.0698,5527.4702,5583.25,801300
2026-03-13,5412.3901,5537.5898,5392.52,5487.2402,907700
2026-03-16,5510.8198,5561.4199,5448.75,5549.8501,1073900
2026-03-17,5711.7998,5717.1299,5632.8599,5640.48,1135100
2026-03-18,5767.1001,5934.3501,5766.1401,5925.0298,1143800
2026-03-19,5761.3999,5863.3901,5738.9502,5763.2202,1184200
2026-03-20,5813.3501,5833.6802,5764.6401,5781.2002,1490800
2026-03-23,5580.1499,5580.1499,5397.9399,5405.75,1125600
2026-03-24,5638.2002,5643.0,5395.1699,5553.9199,1170500
2026-03-25,5680.3301,5740.9702,5630.0698,5642.21,763200
2026-03-26,5594.0601,5598.3701,5448.1201,5460.46,925100
2026-03-27,5300.6099,5462.5098,5220.1001,5438.8701,900100
2026-03-30,5181.7998,5297.3501,5151.2202,5277.2998,727400
2026-03-31,5143.75,5233.9902,5042.9902,5052.46,1163300
2026-04-01,5330.04,5512.3301,5272.4502,5478.7002,959000
2026-04-02,5551.6899,5574.6201,5170.27,5234.0498,1428200
2026-04-03,5375.5,5419.4502,5316.4199,5377.2998,1185200
2026-04-06,5423.3501,5505.6099,5404.9102,5450.3301,1110500
2026-04-07,5552.1899,5594.8999,5424.46,5494.7798,990400
2026-04-08,5804.7002,5919.6001,5774.0,5872.3398,932600
2026-04-09,5826.4502,5862.4102,5757.4902,5778.0098,1026700
2026-04-10,5876.1201,5918.5898,5850.8301,5858.8701,1002400
2026-04-13,5737.2798,5827.73,5730.23,5808.6201,1083200
2026-04-14,5960.0,6026.52,5938.3301,5967.75,889500
2026-04-15,6141.6001,6183.21,6064.23,6091.3901,923800
2026-04-16,6149.4902,6231.0298,6126.0601,6226.0498,925700
2026-04-17,6227.3301,6230.3198,6159.8799,6191.9199,689700
2026-04-20,6213.9199,6278.3599,6176.75,6219.0898,692900
2026-04-21,6302.54,6388.4702,6302.54,6388.4702,792000
2026-04-22,6387.5698,6423.29,6318.5098,6417.9302,900100
2026-04-23,6488.8301,6557.7598,6309.1001,6475.8101,1042400
2026-04-24,6496.1001,6516.54,6403.7402,6475.6299,878200
2026-04-27,6533.6001,6657.2202,6529.1899,6615.0298,842700
2026-04-28,6646.7998,6712.73,6621.73,6641.02,1139500
2026-04-29,6619.0,6702.3799,6596.0298,6690.8999,717900
2026-04-30,6739.3901,6750.27,6597.8301,6598.8701,685500
2026-05-04,6782.9302,6937.0,6741.6299,6936.9902,873000
2026-05-06,7093.0098,7426.6001,7093.0098,7384.5601,995700
2026-05-07,7499.0698,7531.8799,7257.8901,7490.0498,767500
2026-05-08,7353.9399,7511.0098,7318.96,7498.0,523100
2026-05-11,7775.3101,7899.3198,7713.4902,7822.2402,731300
2026-05-12,7953.4102,7999.6699,7421.71,7643.1499,1021100
2026-05-13,7513.6499,7855.4702,7402.3599,7844.0098,738700
2026-05-14,7873.9102,7991.04,7842.7202,7981.4102,849900
2026-05-15,7951.75,8046.7798,7371.6802,7493.1802,885600
2026-05-18,7443.29,7636.2002,7142.71,7516.04,566600
2026-05-19,7425.6602,7446.5698,7141.9102,7271.6602,533500
2026-05-20,7324.52,7324.52,7053.8398,7208.9502,492500
2026-05-21,7486.3701,7819.23,7486.3701,7815.5898,621100
2026-05-22,7873.1201,7886.6401,7780.1299,7847.71,435500
2026-05-26,8070.9102,8131.1499,8008.1899,8047.5098,519600
2026-05-27,8242.1201,8457.0898,8220.04,8228.7002,619500
2026-05-28,8165.73,8253.5996,7841.0098,8185.29,669000
2026-05-29,8384.3096,8476.1504,8273.7402,8476.1504,735100
2026-06-01,8485.6699,8874.1602,8485.6699,8788.3799,636200
2026-06-02,8883.1904,8933.6201,8503.1201,8801.4902,632600
2026-06-04,8623.8203,8759.0498,8577.2998,8639.4102,437900
2026-06-05,8323.2002,8382.1602,8038.1001,8160.5898,463200
2026-06-08,8048.0898,8048.0898,7442.73,7484.4102,452200
2026-06-09,7697.7598,8119.0898,7598.8701,8096.9302,448500
2026-06-10,7899.77,7996.6802,7541.1099,7730.8198,460900
2026-06-11,7509.6201,7800.6201,7394.46,7763.9502,478700
2026-06-12,8263.8496,8434.4004,8079.77,8123.6201,493400
2026-06-15,8526.1201,8603.4805,8450.2402,8545.9805,516600
2026-06-16,8696.5498,8753.8203,8540.4102,8726.5996,586300
2026-06-17,8622.1299,8872.1797,8605.6602,8864.2402,571200
2026-06-18,8884.9199,9106.0703,8867.3398,9063.8398,510900
2026-06-19,9288.8896,9385.5898,8831.7197,9052.4199,517200
2026-06-22,8954.4297,9253.0,8900.6797,9114.5498,381100
2026-06-23,9083.54,9175.4502,8203.8398,8203.8398,488700
2026-06-24,8356.79,8577.5195,8080.9902,8471.0195,418200
2026-06-25,8703.4199,9044.04,8693.6201,8930.2998,456900
2026-06-26,8813.1797,8861.7002,8126.8398,8411.21,518500
2026-06-29,8394.6504,8394.6504,8394.6504,8394.6504,0
2026-06-30,8416.7002,8667.7305,8220.7998,8476.4805,449800
2026-07-01,8591.5,8620.1504,8143.3301,8303.4102,468200
2026-07-02,7933.1001,8136.2798,7616.3301,7648.0898,505200
2026-07-03,7739.75,8136.2798,7378.1001,8088.3398,465800
2026-07-06,8186.8198,8327.2598,7815.5298,8051.3301,448700
2026-07-07,7919.2002,7954.5498,7389.2202,7656.3101,516400
2026-07-08,7452.48,7791.6602,7186.21,7246.79,501100
2026-07-09,7486.6401,7543.8599,7063.7598,7291.9102,582800
2026-07-10,7552.4902,7704.9302,7429.5098,7475.9399,453200
2026-07-13,7412.0298,7529.0698,6783.4302,6806.9302,474100
2026-07-14,6769.0601,6979.9199,6448.8599,6856.8301,491600
2026-07-15,7082.9102,7424.1802,7082.9102,7284.4102,397900
2026-07-16,6960.5,6995.9302,6730.8701,6820.6001,424300
2026-07-20,6643.5801,6814.8599,6472.7998,6516.27,345800
2026-07-21,6553.8799,6836.8599,6429.0298,6747.9502,391100
2026-07-22,7052.0898,7166.0,6791.0601,6797.7002,373800
2026-07-23,6963.3501,7108.4399,6892.6401,7096.8901,397300
2026-07-24,7000.7798,7000.7798,6650.4102,6690.6201,397700
2026-07-27,6806.27,6806.27,6557.3901,6755.75,275700
2026-07-28,6400.27,6413.5698,5992.9102,6023.6602,331300
2026-07-29,6089.1099,6228.52,5262.77,5663.2402,457400
2026-07-30,5681.77,5976.8198,5547.4102,5593.5601,378900
2026-07-31,5657.79,6630.77,5629.7598,6595.4502,434400
2026-08-03,6358.27,6393.0,6223.29,6257.4502,273000
2026-08-04,6351.3799,6389.3999,6080.25,6358.9502,313000
2026-08-05,6603.48,6674.6602,6540.27,6598.2598,338500
2026-08-06,6478.75,6550.9399,6238.3198,6296.3799,284500
2026-08-07,6365.0698,6415.6001,6158.73,6258.77,299400
2026-08-10,6306.3301,6394.0601,6232.4502,6299.6602,293700
2026-08-11,6240.0601,6405.8101,6213.7798,6345.5298,333500
2026-08-12,6438.5,6668.4302,6413.5,6579.04,360700
2026-08-13,6773.9199,6895.6299,6748.1299,6813.3398,418900
2026-08-14,6995.6699,7010.8599,6848.4302,6977.9399,332900
2026-08-18,7127.77,7216.6201,6788.7798,6869.8301,402700
2026-08-19,6528.77,6614.3901,6400.8101,6471.1699,305800
2026-08-20,6680.3398,6904.5498,6600.0898,6852.5801,304500
2026-08-21,6759.9502,6954.1201,6742.4399,6912.9502,408000
2026-08-24,6881.0698,6884.5698,6656.0698,6696.96,267700
2026-08-25,6535.9302,6747.1602,6408.8198,6742.7402,286800
2026-08-26,6727.25,6887.1802,6704.1001,6808.21,329400
2026-08-27,6996.1201,6996.1201,6841.8799,6912.3701,268500
2026-08-28,6846.54,6901.7798,6780.1299,6788.8799,292600
