date,open,high,low,close,volume
1994-12-08,3.7083,3.7292,3.7083,3.7083,41167800
1994-12-09,3.7083,3.7083,3.6458,3.6667,2685000
1994-12-12,3.6667,3.7083,3.6667,3.7083,928200
1994-12-13,3.7083,3.7083,3.625,3.625,992400
1994-12-14,3.625,3.625,3.6042,3.625,700800
1994-12-15,3.6042,3.625,3.6042,3.6042,1671600
1994-12-16,3.625,3.6458,3.6042,3.6458,1111800
1994-12-19,3.6458,3.6458,3.6042,3.625,284400
1994-12-20,3.625,3.6458,3.625,3.6458,930000
1994-12-21,3.625,3.6875,3.625,3.6667,264000
1994-12-22,3.6667,3.6667,3.6458,3.6667,294000
1994-12-23,3.6667,3.6667,3.6458,3.6667,67800
1994-12-27,3.7083,3.7292,3.6875,3.7292,1027200
1994-12-28,3.7292,3.7292,3.7083,3.7083,486000
1994-12-29,3.7292,3.7292,3.7083,3.7292,39000
1994-12-30,3.7292,3.7917,3.7083,3.7917,258000
1995-01-03,3.7917,3.8958,3.75,3.8958,1914000
1995-01-04,3.9583,4.125,3.9583,4.0417,1012800
1995-01-05,4.0417,4.0833,4.0417,4.0833,981000
1995-01-06,4.0833,4.1458,4.0833,4.125,261600
1995-01-09,4.25,4.375,4.2292,4.375,660000
1995-01-10,4.4583,4.4583,4.375,4.3958,618000
1995-01-11,4.4167,4.4792,4.2917,4.2917,2096400
1995-01-12,4.25,4.3125,4.25,4.2917,468600
1995-01-13,4.2917,4.2917,4.2292,4.2708,472200
1995-01-16,4.3333,4.3958,4.3125,4.3958,241800
1995-01-17,4.4167,4.4167,4.3125,4.4167,910200
1995-01-18,4.4375,4.4583,4.4167,4.4375,222000
1995-01-19,4.4583,4.4583,4.375,4.375,1236000
1995-01-20,4.375,4.375,4.25,4.25,768600
1995-01-23,4.125,4.125,4.0833,4.1042,258000
1995-01-24,4.1458,4.1875,4.125,4.1875,28800
1995-01-25,4.1667,4.2292,4.1667,4.2292,58200
1995-01-26,4.2083,4.2083,4.1458,4.2083,483000
1995-01-27,4.1875,4.2292,4.1875,4.2292,237600
1995-01-30,4.1875,4.2083,4.1667,4.2083,65400
1995-01-31,4.2083,4.2083,4.1458,4.1458,870600
1995-02-01,4.1667,4.2083,4.1667,4.1875,174600
1995-02-02,4.1875,4.1875,4.1667,4.1875,211200
1995-02-03,4.1667,4.2292,4.1667,4.2083,324000
1995-02-06,4.2292,4.2708,4.2083,4.2083,226200
1995-02-07,4.2292,4.2708,4.1458,4.1875,429000
1995-02-08,4.2083,4.2292,4.1667,4.2292,257400
1995-02-09,4.2708,4.2917,4.25,4.2708,664800
1995-02-10,4.25,4.3958,4.25,4.375,356400
1995-02-13,4.3958,4.3958,4.3542,4.3542,871800
1995-02-14,4.3542,4.3542,4.2917,4.2917,355800
1995-02-15,4.2917,4.2917,4.25,4.25,90600
1995-02-16,4.25,4.25,4.2083,4.2083,2152200
1995-02-17,4.2292,4.25,4.2292,4.25,20400
1995-02-21,4.2917,4.2917,4.2083,4.2292,36600
1995-02-22,4.2083,4.2292,4.1875,4.2292,67200
1995-02-23,4.2292,4.25,4.2083,4.2292,418200
1995-02-24,4.2083,4.2083,4.1667,4.1667,1424400
1995-02-27,4.1667,4.1667,4.125,4.125,526800
1995-02-28,4.125,4.1667,4.125,4.1667,160800
1995-03-01,4.1458,4.3333,4.1458,4.3125,360000
1995-03-02,4.3333,5.125,4.3333,5.0625,3111600
1995-03-03,4.9792,4.9792,4.7917,4.9375,2610000
1995-03-06,4.9167,5.3333,4.9167,5.2083,1294800
1995-03-07,5.1667,5.1875,5.0,5.0208,271200
1995-03-08,5.0417,5.0417,4.9583,4.9583,351600
1995-03-09,4.9792,5.0625,4.9167,4.9167,468600
1995-03-10,4.9167,4.9375,4.8958,4.8958,669000
1995-03-13,4.9167,5.0417,4.9167,5.0417,218400
1995-03-14,5.0625,5.0833,5.0417,5.0833,426000
1995-03-15,5.0833,5.0833,5.0208,5.0208,361800
1995-03-16,5.0208,5.1667,5.0208,5.1667,1177200
1995-03-17,5.1458,5.2292,5.0625,5.2083,1247400
1995-03-20,5.2083,5.4167,5.2083,5.3958,1366800
1995-03-21,5.3333,5.3333,5.2292,5.25,881400
1995-03-22,5.2708,5.2708,5.2083,5.2083,55800
1995-03-23,5.1667,5.25,5.1667,5.2292,173400
1995-03-24,5.2083,5.375,5.2083,5.2917,300600
1995-03-27,5.25,5.3125,5.2292,5.3125,270000
1995-03-28,5.2917,5.2917,5.25,5.25,947400
1995-03-29,5.2708,5.3333,5.25,5.2917,278400
1995-03-30,5.2708,5.2708,5.0833,5.0833,304200
1995-03-31,5.0833,5.0833,4.9583,4.9583,789600
1995-04-03,4.9583,4.9792,4.9583,4.9792,788400
1995-04-04,4.9792,4.9792,4.9583,4.9583,136200
1995-04-05,4.9792,5.0833,4.9583,5.0,878400
1995-04-06,5.0208,5.0417,5.0,5.0417,166200
1995-04-07,5.0417,5.1458,5.0417,5.1458,24000
1995-04-10,5.125,5.1458,5.0833,5.0833,738600
1995-04-11,5.0833,5.1458,5.0833,5.1458,223800
1995-04-12,5.1667,5.1667,5.1458,5.1667,150600
1995-04-13,5.1667,5.1875,5.1458,5.1875,538800
1995-04-17,5.1667,5.2083,5.1667,5.1875,351600
1995-04-18,5.1875,5.2292,5.1458,5.2292,63600
1995-04-19,5.2917,5.2917,5.25,5.2917,296400
1995-04-20,5.3333,5.4583,5.3333,5.4583,440400
1995-04-21,5.5833,5.6458,5.5625,5.5833,817800
1995-04-24,5.5833,5.7917,5.5833,5.7917,374400
1995-04-25,5.8333,6.0417,5.7917,5.9792,298800
1995-04-26,6.0417,6.125,5.9792,6.0,296400
1995-04-27,6.3333,6.4167,6.125,6.2083,1986600
1995-04-28,6.3125,6.3333,6.1667,6.2083,441600
1995-05-01,6.2292,6.2292,6.0833,6.0833,65400
1995-05-02,6.0833,6.0833,5.875,5.875,489600
1995-05-03,5.7917,5.9167,5.7917,5.875,417000
1995-05-04,5.9167,5.9375,5.8542,5.9167,391800
1995-05-05,5.9583,5.9792,5.8333,5.8333,172200
1995-05-08,5.8333,5.9375,5.8333,5.9167,87600
1995-05-09,5.9167,5.9375,5.7917,5.7917,139200
1995-05-10,5.7917,5.8125,5.6667,5.75,198600
1995-05-11,5.7917,5.7917,5.7083,5.7292,60600
1995-05-12,5.75,5.75,5.6667,5.7083,523200
1995-05-15,5.6667,5.6667,5.5833,5.5833,40800
1995-05-16,5.6667,5.8958,5.6667,5.8958,1236000
1995-05-17,5.9792,5.9792,5.8333,5.8958,206400
1995-05-18,5.8333,5.8958,5.75,5.8542,1045800
1995-05-19,5.8542,5.8542,5.75,5.8542,240000
1995-05-22,5.8333,5.9792,5.8333,5.9792,218400
1995-05-23,6.0,6.0417,5.9583,6.0,1033200
1995-05-24,6.125,6.2292,6.125,6.1667,801600
1995-05-25,6.2292,6.2917,6.1667,6.2708,134400
1995-05-26,6.2292,6.2292,6.1667,6.1875,156600
1995-05-30,6.1875,6.2083,5.9167,5.9167,245400
1995-05-31,5.875,5.875,5.7917,5.875,425400
1995-06-01,5.8333,5.875,5.7917,5.8333,1122600
1995-06-02,5.8125,5.9792,5.7917,5.9583,174600
1995-06-05,6.1667,6.1875,6.125,6.125,291600
1995-06-06,6.0833,6.2292,6.0833,6.2083,274200
1995-06-07,6.1667,6.2917,6.1667,6.2917,109200
1995-06-08,6.1667,6.2083,6.1667,6.1667,285600
1995-06-09,6.2083,6.2083,6.0833,6.0833,163800
1995-06-12,6.125,6.1667,6.1042,6.125,78000
1995-06-13,6.1667,6.25,6.1042,6.1042,121200
1995-06-14,6.125,6.3125,6.1042,6.3125,616800
1995-06-15,6.4375,6.75,6.4375,6.6875,823800
1995-06-16,6.6875,6.9792,6.6875,6.7708,684000
1995-06-19,6.7708,6.8333,6.6667,6.8333,843000
1995-06-20,6.8333,6.8333,6.75,6.7708,1540200
1995-06-21,6.8125,6.875,6.7917,6.8333,497400
1995-06-22,6.8333,6.8333,6.75,6.8125,919800
1995-06-23,6.8125,6.8125,6.625,6.625,765000
1995-06-26,6.6458,6.6458,6.5833,6.5833,1219800
1995-06-27,6.5417,6.5833,6.5208,6.5208,826200
1995-06-28,6.5417,6.5417,6.4583,6.5208,196200
1995-06-29,6.4792,6.6667,6.4792,6.625,328800
1995-06-30,6.625,6.8333,6.625,6.7708,498000
1995-07-03,6.7292,6.8958,6.7292,6.8958,196800
1995-07-05,6.9583,7.2708,6.9583,7.1667,1345800
1995-07-06,7.5417,7.7708,7.5208,7.6667,2499000
1995-07-07,7.6875,7.9583,7.6458,7.9583,622200
1995-07-10,8.0,8.3958,8.0,8.375,721200
1995-07-11,8.3333,8.3333,8.0417,8.125,1101600
1995-07-12,8.25,8.3958,8.25,8.3958,1093200
1995-07-13,8.5417,8.5417,8.4167,8.4375,1320000
1995-07-14,8.0833,8.2917,8.0833,8.25,1352400
1995-07-17,8.25,8.2917,8.25,8.25,700200
1995-07-18,8.2917,8.375,8.1042,8.1042,867600
1995-07-19,7.7083,7.8542,7.4167,7.6667,2422800
1995-07-20,7.6667,7.7083,7.5833,7.625,495000
1995-07-21,7.6458,7.6458,7.5208,7.5208,472200
1995-07-24,7.5208,7.5625,7.4375,7.5625,511200
1995-07-25,7.8333,8.25,7.8333,8.25,1670400
1995-07-26,8.3333,8.3333,8.0,8.0417,391800
1995-07-27,8.1667,8.1667,8.0,8.125,284400
1995-07-28,8.125,8.125,7.8333,7.9375,210000
1995-07-31,8.0417,8.0417,7.8333,7.875,576000
1995-08-01,7.875,7.875,7.75,7.8542,462600
1995-08-02,7.8333,8.0,7.8333,7.9167,643200
1995-08-03,7.9167,8.0417,7.9167,7.9583,415800
1995-08-04,8.0,8.1458,8.0,8.0833,501000
1995-08-07,8.0833,8.125,8.0833,8.0833,406800
1995-08-08,8.1042,8.1458,8.1042,8.125,205200
1995-08-09,8.2083,8.2917,8.2083,8.2917,277200
1995-08-10,8.2917,8.2917,8.1875,8.1875,379800
1995-08-11,8.2917,8.2917,8.25,8.2917,720000
1995-08-14,8.2917,8.3125,8.25,8.25,327600
1995-08-15,8.2708,8.2708,8.1667,8.1875,48600
1995-08-16,8.375,8.4792,8.3542,8.4167,2185200
1995-08-17,8.4583,8.7917,8.4583,8.7917,574800
1995-08-18,9.2083,9.5833,9.2083,9.2917,1229400
1995-08-21,9.2708,9.3333,8.9375,8.9375,1023600
1995-08-22,8.8333,8.875,8.625,8.6667,792000
1995-08-23,8.75,8.875,8.7083,8.75,275400
1995-08-24,8.8125,8.8542,8.5417,8.625,351000
1995-08-25,8.5833,8.625,8.5625,8.5833,250800
1995-08-28,8.5833,8.5833,8.2917,8.3333,369000
1995-08-29,8.4167,8.4167,8.0,8.1458,805200
1995-08-30,8.25,8.2708,7.8333,8.0417,306000
1995-08-31,8.0417,8.125,8.0,8.0208,825000
1995-09-01,8.0417,8.0625,7.8333,7.8333,977400
1995-09-05,7.7292,8.2917,7.6875,8.2917,1053000
1995-09-06,8.5833,8.6667,8.5208,8.6667,1024800
1995-09-07,8.9167,9.125,8.7083,8.7083,552000
1995-09-08,8.6667,8.7708,8.6667,8.7083,376200
1995-09-11,8.6667,8.7917,8.6667,8.7917,51000
1995-09-12,8.7917,8.875,8.75,8.875,125400
1995-09-13,8.9167,8.9583,8.8542,8.9583,547200
1995-09-14,8.9167,8.9167,8.7083,8.7917,174000
1995-09-15,8.5,8.5,8.2292,8.25,657000
1995-09-18,8.0833,8.3958,8.0833,8.3958,517800
1995-09-19,8.2083,8.3333,8.0833,8.3333,903600
1995-09-20,8.7917,8.7917,8.5,8.6458,1021800
1995-09-21,8.375,8.375,8.1875,8.2292,147000
1995-09-22,8.1875,8.1875,8.0,8.0833,294000
1995-09-25,8.1042,8.1042,7.9583,7.9792,117000
1995-09-26,8.1458,8.2083,8.0,8.0,177000
1995-09-27,7.9583,7.9583,7.3333,7.6458,489000
1995-09-28,7.6458,8.1667,7.5417,8.125,1230000
1995-09-29,8.1667,8.1667,8.0417,8.1042,628200
1995-10-02,8.1042,8.1458,8.0625,8.0625,523800
1995-10-03,8.0625,8.0625,7.75,7.7917,381600
1995-10-04,7.7708,7.7708,7.4167,7.5,387000
1995-10-05,7.4792,7.5417,7.3542,7.5417,483600
1995-10-06,7.5833,7.7083,7.5833,7.6458,252600
1995-10-09,7.6042,7.6042,7.1667,7.2083,273000
1995-10-10,6.7917,7.2083,6.7292,7.1458,581400
1995-10-11,7.6667,7.8958,7.6042,7.6042,715200
1995-10-12,7.6667,8.0417,7.6667,7.9583,429600
1995-10-13,8.1667,8.1667,8.0,8.0,447600
1995-10-16,7.9375,7.9583,7.75,7.75,444000
1995-10-17,7.7083,7.7083,7.375,7.375,1267800
1995-10-18,7.375,7.8125,7.375,7.7708,27829200
1995-10-19,7.7708,7.8125,7.6458,7.8125,3854400
1995-10-20,7.7708,7.7917,7.5,7.5,754200
1995-10-23,7.4792,7.75,7.3958,7.7292,2135400
1995-10-24,7.7917,7.8333,7.625,7.6667,2279400
1995-10-25,7.6875,7.7083,7.3333,7.375,1098600
1995-10-26,7.375,7.3958,7.2083,7.2083,1031400
1995-10-27,7.2708,7.5,7.2708,7.5,804000
1995-10-30,7.5625,7.5833,7.4167,7.4583,739800
1995-10-31,7.5417,7.5625,7.5,7.5417,511800
1995-11-01,7.5417,7.5417,7.4167,7.4167,1463400
1995-11-02,7.5,7.9167,7.5,7.8333,522600
1995-11-03,7.875,7.9167,7.7708,7.875,620400
1995-11-06,7.8542,7.8542,7.75,7.75,180600
1995-11-07,7.75,7.75,7.1667,7.3125,1264200
1995-11-08,7.3125,7.4167,7.0,7.0,855000
1995-11-09,7.2083,7.2917,7.1458,7.2917,1648800
1995-11-10,7.25,7.4583,7.2292,7.4167,621600
1995-11-13,7.4167,7.4375,7.375,7.3958,1218000
1995-11-14,7.2917,7.3333,7.2083,7.25,1650600
1995-11-15,7.1667,7.2083,7.0833,7.0833,763800
1995-11-16,7.0833,7.2083,7.0625,7.125,442800
1995-11-17,7.1667,7.1875,7.125,7.1667,189600
1995-11-20,7.1667,7.1667,7.0417,7.0417,1081800
1995-11-21,6.8333,6.8333,6.625,6.6667,2056200
1995-11-22,6.6042,6.6042,6.2083,6.2708,1363200
1995-11-24,6.375,6.4167,6.3542,6.3958,1554000
1995-11-27,6.4792,6.4792,6.2917,6.3125,689400
1995-11-28,6.25,6.6458,6.1875,6.5625,2864400
1995-11-29,6.6458,6.7292,6.375,6.375,1420200
1995-11-30,6.3958,6.3958,6.0833,6.2083,1023600
1995-12-01,6.2083,6.2083,6.0,6.0417,1123800
1995-12-04,5.8333,6.0625,5.7708,5.9792,2116200
1995-12-05,6.0417,6.1667,5.9792,6.0417,1883400
1995-12-06,6.0625,6.0833,5.9375,5.9375,2626800
1995-12-07,5.9792,5.9792,5.875,5.9167,542400
1995-12-08,5.9167,5.9792,5.8542,5.9792,1507200
1995-12-11,6.0417,6.0417,5.8542,5.8542,989400
1995-12-12,5.7917,5.7917,5.5208,5.5208,643200
1995-12-13,5.5417,5.6042,5.3333,5.4583,20524800
1995-12-14,5.4583,5.5625,5.3333,5.3542,1783200
1995-12-15,5.3333,5.3542,4.9167,5.0833,2126400
1995-12-18,5.125,5.125,4.6458,4.7292,5243400
1995-12-19,4.7917,5.4792,4.7708,5.2708,2757000
1995-12-20,5.3333,5.6458,5.3333,5.6042,6730200
1995-12-21,5.8333,6.2083,5.7917,5.8333,4594200
1995-12-22,6.0,6.25,5.9792,6.1667,1210800
1995-12-26,6.25,6.5833,6.25,6.3333,1029600
1995-12-27,6.4583,6.4583,6.2292,6.2292,575400
1995-12-28,6.1875,6.375,6.0208,6.3542,505200
1995-12-29,6.3958,6.9167,6.3125,6.7083,1283400
1996-01-02,6.75,6.8125,6.625,6.75,1195800
1996-01-03,6.7292,6.7292,6.0833,6.2292,1268400
1996-01-04,6.25,6.25,5.9583,6.0625,1445400
1996-01-05,5.9583,6.0,5.875,5.9167,2620200
1996-01-08,5.875,5.9375,5.875,5.9167,361800
1996-01-09,6.0,6.0,5.1875,5.25,1723800
1996-01-10,5.1667,5.5625,5.0625,5.0625,4794000
1996-01-11,5.125,5.2083,5.0208,5.1875,6720000
1996-01-12,5.25,5.2708,5.0417,5.125,3672000
1996-01-15,5.125,5.1458,4.8958,4.9167,2164800
1996-01-16,4.9583,5.0417,4.75,5.0417,3372000
1996-01-17,4.75,5.3333,4.75,5.0625,3645600
1996-01-18,5.25,5.3542,5.2083,5.3542,1684800
1996-01-19,5.5833,5.6458,5.4375,5.4583,1090800
1996-01-22,5.5,5.6875,5.4583,5.6458,1363200
1996-01-23,5.6875,5.7917,5.625,5.625,1002000
1996-01-24,5.6667,6.0417,5.6667,5.9375,2304600
1996-01-25,5.9792,6.0833,5.625,5.7083,2556000
1996-01-26,5.75,5.9583,5.7292,5.8958,1632600
1996-01-29,5.875,6.4583,5.875,6.4583,3300000
1996-01-30,6.3333,6.3333,6.1458,6.2083,1834800
1996-01-31,6.2292,6.2292,5.9583,6.0417,963000
1996-02-01,6.0,6.1458,5.875,6.1458,1073400
1996-02-02,6.1042,6.125,5.9792,6.0625,281400
1996-02-05,6.0,6.2917,6.0,6.2083,884400
1996-02-06,6.375,6.4583,6.2083,6.2917,2551200
1996-02-07,6.375,6.6042,6.3125,6.3542,1920000
1996-02-08,6.5417,6.625,6.4583,6.5417,2921400
1996-02-09,6.6042,6.6667,6.4583,6.5625,1965600
1996-02-12,6.5417,6.5625,6.2917,6.3958,669000
1996-02-13,6.1042,6.2292,5.9792,6.1042,1852200
1996-02-14,6.1042,6.1458,6.0,6.0208,837000
1996-02-15,6.125,6.1458,6.0625,6.1458,2127000
1996-02-16,6.1667,6.3125,6.1667,6.2917,501600
1996-02-20,6.3333,6.5417,6.2917,6.5,1104600
1996-02-21,6.6042,6.625,6.4167,6.5417,688200
1996-02-22,6.5833,6.75,6.5417,6.7292,1067400
1996-02-23,6.8958,6.9167,6.7292,6.7708,1298400
1996-02-26,6.8542,6.8958,6.7917,6.8958,824400
1996-02-27,6.9167,6.9167,6.5625,6.6458,978000
1996-02-28,6.5833,6.625,6.4375,6.4375,380400
1996-02-29,5.9167,6.1667,5.9167,6.1458,1466400
1996-03-01,6.25,6.2917,5.9583,6.0417,3818400
1996-03-04,6.0625,6.125,5.9792,6.0208,1826400
1996-03-05,6.0417,6.0417,5.9583,5.9583,700200
1996-03-06,5.9792,5.9792,5.7917,5.7917,1265400
1996-03-07,5.7083,5.7083,5.625,5.6667,1212000
1996-03-08,5.625,5.6875,5.5,5.5833,1313400
1996-03-11,5.5417,5.7708,5.5417,5.75,1056000
1996-03-12,5.75,5.8125,5.75,5.75,1286400
1996-03-13,5.75,5.7917,5.7292,5.75,1312800
1996-03-14,5.7917,5.8542,5.75,5.7708,1020600
1996-03-15,5.7708,6.2083,5.7708,6.1875,3269400
1996-03-18,6.1875,6.4792,6.1875,6.3958,1228800
1996-03-19,6.4167,6.4375,6.25,6.25,1651800
1996-03-20,6.25,6.25,6.0208,6.0417,1659600
1996-03-21,6.0625,6.0833,6.0,6.0208,1919400
1996-03-22,6.0,6.25,5.9792,6.2083,541200
1996-03-25,6.25,6.3125,6.1042,6.125,2157600
1996-03-26,6.1042,6.1667,6.0833,6.1042,1182000
1996-03-27,6.1042,6.1042,6.0,6.0,1163400
1996-03-28,6.0,6.0,5.9167,5.9375,1231800
1996-03-29,5.8958,6.1667,5.875,6.0417,737400
1996-04-01,6.0625,6.125,6.0417,6.0417,443400
1996-04-02,6.0,6.0833,6.0,6.0625,361800
1996-04-03,6.0833,6.0833,6.0,6.0833,483600
1996-04-04,6.0833,6.1458,5.9375,5.9792,1012800
1996-04-08,5.9375,6.1667,5.8333,6.0625,472200
1996-04-09,6.1667,6.1667,6.0417,6.0417,501600
1996-04-10,6.0208,6.3125,6.0208,6.2917,4502400
1996-04-11,6.3958,6.3958,6.25,6.2917,883800
1996-04-12,6.375,6.5208,6.375,6.5,909600
1996-04-15,6.5208,6.6042,6.5,6.5625,1129800
1996-04-16,6.625,6.75,6.625,6.7292,3435600
1996-04-17,6.8958,7.2917,6.875,7.1042,4493400
1996-04-18,7.0417,7.6042,7.0208,7.4583,3616800
1996-04-19,7.375,7.6042,7.375,7.4375,1515000
1996-04-22,7.6667,7.8333,7.6667,7.8333,1599000
1996-04-23,7.7917,7.9792,7.7708,7.8958,1014000
1996-04-24,7.8958,8.0417,7.8125,7.9167,1095000
1996-04-25,7.8125,7.8125,7.5833,7.6042,1092000
1996-04-26,7.6042,7.9167,7.5208,7.875,1809600
1996-04-29,7.8958,7.8958,7.7292,7.8333,496200
1996-04-30,7.7708,7.8542,7.7708,7.8333,783000
1996-05-01,7.8333,7.8542,7.7708,7.8125,466200
1996-05-02,7.8333,7.8958,7.4167,7.4792,2579400
1996-05-03,7.625,7.75,7.5625,7.6875,908400
1996-05-06,7.625,7.6875,7.4167,7.4792,1634400
1996-05-07,7.5,7.5833,7.5,7.5208,388200
1996-05-08,7.5,7.5208,7.3958,7.5,642600
1996-05-09,7.4583,7.4792,7.2917,7.4375,378000
1996-05-10,7.2083,7.3542,7.2083,7.3333,945000
1996-05-13,7.3125,7.7708,7.3125,7.7708,1330200
1996-05-14,7.75,7.7917,7.625,7.7917,906600
1996-05-15,7.7083,7.7917,7.6667,7.6667,912000
1996-05-16,7.625,7.625,7.5,7.6042,192000
1996-05-17,7.625,7.8333,7.6042,7.8125,424200
1996-05-20,7.7708,7.7708,7.5833,7.625,1100400
1996-05-21,7.5417,7.5417,7.3958,7.4167,544200
1996-05-22,7.3958,7.4167,7.2083,7.2292,319200
1996-05-23,7.1667,7.1667,6.7917,6.8125,1531200
1996-05-24,6.7708,6.7708,6.6458,6.6875,640200
1996-05-28,6.7917,6.9167,6.7917,6.8958,1556400
1996-05-29,7.0417,7.0417,6.7917,6.8125,942600
1996-05-30,6.8542,6.9167,6.7708,6.9167,1716600
1996-05-31,7.0,7.0625,6.9583,7.0,1747200
1996-06-03,7.0417,7.0417,6.9167,6.9375,341400
1996-06-04,6.9583,7.0208,6.9375,6.9583,1324800
1996-06-05,6.9792,6.9792,6.875,6.9167,792000
1996-06-06,6.9375,7.0,6.8542,6.875,1100400
1996-06-07,6.8333,6.8333,6.6458,6.6875,872400
1996-06-10,6.7083,6.7083,6.625,6.6667,755400
1996-06-11,6.6458,6.6667,6.4792,6.4792,4085400
1996-06-12,6.5833,6.6458,6.5625,6.5833,1269600
1996-06-13,6.6042,6.625,6.5417,6.5417,1384800
1996-06-14,6.5625,6.5625,6.4375,6.5,627600
1996-06-17,6.4792,6.5,6.3958,6.4167,444000
1996-06-18,6.4167,6.4375,5.8958,5.9167,2743800
1996-06-19,5.9583,6.1042,5.9583,6.0,2719800
1996-06-20,6.0625,6.125,5.875,6.0,2524200
1996-06-21,6.0417,6.0625,5.9375,6.0,970800
1996-06-24,6.1667,6.3542,6.1667,6.3125,1455000
1996-06-25,6.2708,6.3125,5.9583,5.9792,682800
1996-06-26,5.9792,5.9792,5.7708,5.7708,1125000
1996-06-27,5.75,5.9375,5.7083,5.7917,902400
1996-06-28,5.8542,6.0,5.8542,5.9792,1282800
1996-07-01,6.0,6.4583,5.9792,6.3958,2401200
1996-07-02,6.3333,6.3542,6.2917,6.3125,1701000
1996-07-03,6.25,6.25,6.0833,6.125,1024200
1996-07-05,6.0625,6.0833,6.0,6.0,108000
1996-07-08,6.0,6.0,5.9167,5.9375,551400
1996-07-09,5.9375,5.9375,5.75,5.8333,583800
1996-07-10,5.7083,5.7083,5.6458,5.6667,2921400
1996-07-11,5.6667,5.6667,5.4375,5.4583,3883800
1996-07-12,5.4583,5.4792,5.1667,5.3125,1899000
1996-07-15,5.2708,5.3125,4.9583,4.9583,1468800
1996-07-16,5.0208,5.125,4.9167,5.0625,2761800
1996-07-17,5.4583,5.5833,5.25,5.5208,9061200
1996-07-18,5.5625,5.6458,5.5417,5.6042,2121600
1996-07-19,5.5833,5.6042,5.5417,5.5625,550200
1996-07-22,5.5417,5.5417,5.4583,5.4792,840000
1996-07-23,5.5,5.5208,5.3333,5.3958,1335000
1996-07-24,5.3333,5.4583,5.2917,5.3958,696600
1996-07-25,5.5,5.625,5.4792,5.5833,1040400
1996-07-26,5.6042,5.7708,5.6042,5.7292,3976800
1996-07-29,5.7292,5.7917,5.625,5.6458,756600
1996-07-30,5.6667,5.6875,5.625,5.6875,601800
1996-07-31,5.7083,5.75,5.7083,5.75,2058000
1996-08-01,5.7292,5.7917,5.7292,5.7917,382800
1996-08-02,5.8125,5.9792,5.8125,5.9792,2869800
1996-08-05,5.9583,6.0208,5.9583,6.0,1602000
1996-08-06,6.0,6.0208,5.9375,6.0,398400
1996-08-07,6.0833,6.2292,6.0833,6.1875,2875200
1996-08-08,6.3542,6.4375,6.1458,6.3125,2388000
1996-08-09,6.1667,6.3333,6.125,6.2292,1128600
1996-08-12,6.1875,6.2083,6.0833,6.125,650400
1996-08-13,6.1875,6.2708,6.1667,6.1667,1014000
1996-08-14,6.2083,6.25,6.2083,6.2292,271200
1996-08-15,6.25,6.2708,6.2292,6.2292,156000
1996-08-16,6.25,6.3542,6.25,6.3542,388200
1996-08-19,6.3333,6.3333,6.2917,6.3333,381000
1996-08-20,6.3333,6.3958,6.3125,6.3958,348000
1996-08-21,6.3542,6.5833,6.3542,6.5417,1396800
1996-08-22,6.5,6.625,6.5,6.5417,802800
1996-08-23,6.5625,6.5625,6.5,6.5,201600
1996-08-26,6.5208,6.5625,6.4583,6.4792,382200
1996-08-27,6.4792,6.5,6.4583,6.4583,160800
1996-08-28,6.4792,6.625,6.4792,6.625,672600
1996-08-29,6.625,6.7708,6.625,6.75,807600
1996-08-30,6.75,6.8333,6.625,6.8125,519600
1996-09-03,6.8542,7.0417,6.8542,6.9583,1110600
1996-09-04,6.9375,6.9583,6.6458,6.6667,1669200
1996-09-05,6.6458,6.6667,6.5417,6.6667,1123800
1996-09-06,6.7083,6.8333,6.6042,6.6458,2803200
1996-09-09,6.75,7.3958,6.75,7.2917,3448800
1996-09-10,7.4167,7.4167,7.2708,7.3542,1647000
1996-09-11,7.1667,7.2917,7.1667,7.2083,1512600
1996-09-12,7.1667,7.1667,7.0208,7.0417,1212000
1996-09-13,7.0833,7.1042,6.875,7.0,1410000
1996-09-16,7.0417,7.3333,7.0417,7.3333,1923600
1996-09-17,7.5417,7.8333,7.5,7.7708,2888400
1996-09-18,7.7917,8.0,7.7917,7.9375,2103000
1996-09-19,7.9167,7.9167,7.6667,7.7292,1245000
1996-09-20,7.7292,7.7917,7.6667,7.7292,814200
1996-09-23,7.7292,7.7708,7.6875,7.7708,486600
1996-09-24,7.8333,8.3125,7.8333,8.3125,3112200
1996-09-25,8.2083,8.3542,8.1042,8.125,1431000
1996-09-26,8.1042,8.3125,8.0208,8.0625,1123800
1996-09-27,7.9792,8.0,7.8333,7.9167,1143600
1996-09-30,7.9583,7.9792,7.875,7.8958,664800
1996-10-01,7.875,7.9167,7.75,7.75,1422600
1996-10-02,7.7083,7.7083,7.375,7.5417,2868000
1996-10-03,7.5833,7.6042,7.25,7.3958,2320800
1996-10-04,7.5,7.5417,7.4375,7.5,657000
1996-10-07,7.5,7.6667,7.5,7.6458,563400
1996-10-08,7.7292,8.0625,7.7292,7.9583,1643400
1996-10-09,8.0417,8.2708,8.0417,8.25,2338800
1996-10-10,8.2708,8.3125,8.0625,8.0625,1034400
1996-10-11,8.2083,8.2292,8.125,8.1458,645600
1996-10-14,8.1875,8.3125,8.1667,8.2917,1159200
1996-10-15,8.5833,8.5833,8.3958,8.5417,1929600
1996-10-16,8.4792,8.4792,8.1042,8.2292,2442600
1996-10-17,8.9792,9.1667,8.9167,9.0208,4093800
1996-10-18,9.5417,9.5833,9.0833,9.3255,4269600
1996-10-21,9.2083,9.4167,9.0,9.0,2959200
1996-10-22,8.9792,8.9792,8.7292,8.8958,1099200
1996-10-23,8.9167,9.125,8.8542,9.0833,1017000
1996-10-24,9.0833,9.0833,8.8333,8.9583,798600
1996-10-25,8.9167,9.0,8.8542,8.8542,337800
1996-10-28,8.8542,8.9167,8.75,8.7708,646200
1996-10-29,8.8333,8.8333,8.5833,8.7708,837600
1996-10-30,8.8125,8.8333,8.6875,8.7083,845400
1996-10-31,8.75,8.7708,8.6667,8.7292,987600
1996-11-01,8.75,8.8125,8.75,8.7917,326400
1996-11-04,8.8333,9.0208,8.8333,9.0208,339600
1996-11-05,9.1875,9.2917,9.1667,9.2708,3532200
1996-11-06,9.375,9.5625,9.3542,9.4792,2160600
1996-11-07,9.5,9.5833,9.4583,9.5417,2780400
1996-11-08,9.75,9.8125,9.7083,9.7708,2839200
1996-11-11,9.7708,10.0417,9.7083,10.0417,719400
1996-11-12,10.1667,10.4375,10.0417,10.375,4761000
1996-11-13,10.3333,10.375,9.9167,10.0,2228400
1996-11-14,10.0208,10.1458,10.0,10.125,1888800
1996-11-15,10.375,10.5,10.2083,10.3333,1389000
1996-11-18,10.3958,10.3958,10.25,10.2708,427200
1996-11-19,10.1667,10.25,10.125,10.2083,1223400
1996-11-20,10.2083,10.3542,10.2083,10.2708,1050600
1996-11-21,10.2917,10.375,10.2083,10.3542,719400
1996-11-22,10.5417,11.2083,10.5417,11.0833,1680600
1996-11-25,11.1042,11.1042,10.6458,10.75,1270200
1996-11-26,10.7708,10.7708,10.3333,10.7083,988800
1996-11-27,10.7917,10.8958,10.75,10.8542,1032000
1996-11-29,11.0833,11.1042,11.0208,11.1042,671400
1996-12-02,11.0833,11.0833,10.9167,11.0625,523800
1996-12-03,11.0208,11.5625,11.0208,11.4375,2141400
1996-12-04,11.3958,11.3958,11.25,11.2917,1281600
1996-12-05,11.2917,11.3125,11.1042,11.2292,1195800
1996-12-06,11.0,11.3333,10.7917,11.2292,1519800
1996-12-09,11.5,11.8125,11.4167,11.7708,2020200
1996-12-10,12.0833,12.1042,11.5625,11.5833,1921200
1996-12-11,11.1667,11.3958,11.1042,11.3542,2298000
1996-12-12,11.5,11.6042,11.0208,11.0833,1642200
1996-12-13,11.0833,11.2708,11.0625,11.2083,594600
1996-12-16,11.2917,11.2917,10.8958,10.9167,519000
1996-12-17,10.9167,11.0,10.8542,10.9583,1042200
1996-12-18,11.1042,11.4792,11.1042,11.4583,395400
1996-12-19,11.5417,11.7708,11.5417,11.6667,732600
1996-12-20,11.7917,11.8333,11.3958,11.4167,735000
1996-12-23,11.5833,11.5833,11.2292,11.25,310800
1996-12-24,11.25,11.2708,11.1875,11.25,158400
1996-12-26,11.3333,11.3958,11.3125,11.3333,457800
1996-12-27,11.4583,11.4583,11.3958,11.4167,400200
1996-12-30,11.4583,11.5208,11.4583,11.5208,314400
1996-12-31,11.6458,11.7292,11.625,11.6667,412800
1997-01-02,11.7083,11.7292,11.2083,11.2917,682200
1997-01-03,11.5,11.6458,11.4583,11.625,1163400
1997-01-06,11.75,11.8542,11.6667,11.7292,2179200
1997-01-07,11.9583,11.9583,11.6875,11.75,1873200
1997-01-08,11.8958,11.9167,11.6667,11.7292,957000
1997-01-09,11.7708,11.7917,11.6042,11.6458,1208400
1997-01-10,11.7083,11.7083,11.5833,11.625,1747200
1997-01-13,11.7083,11.75,11.6042,11.625,1318800
1997-01-14,11.8542,12.2292,11.8542,12.2292,2957400
1997-01-15,12.5833,12.9167,12.5,12.7708,2341800
1997-01-16,13.25,13.4792,13.1042,13.1458,3010200
1997-01-17,13.1458,13.4792,13.1042,13.4375,1165200
1997-01-20,13.375,13.375,13.1458,13.2292,586800
1997-01-21,13.25,13.4792,13.1042,13.2083,1125000
1997-01-22,11.8333,11.8333,11.25,11.5833,11842200
1997-01-23,12.0208,12.1042,11.4375,11.4583,5956800
1997-01-24,11.3542,11.3542,10.75,10.7708,3458400
1997-01-27,10.8333,11.0,10.75,10.9792,1663200
1997-01-28,11.4167,11.5417,11.1875,11.2917,2097600
1997-01-29,11.5208,11.7292,11.5,11.6875,1711200
1997-01-30,11.8333,11.9375,11.6875,11.7708,1077000
1997-01-31,11.875,12.0417,11.75,11.7917,2488800
1997-02-03,12.0,12.0833,11.8542,12.0208,1350600
1997-02-04,12.0833,12.0833,11.8958,12.0,787800
1997-02-05,12.0,12.0833,11.7292,11.7708,760200
1997-02-06,11.875,11.9167,11.6667,11.7292,849000
1997-02-07,11.75,11.9583,11.75,11.8542,1007400
1997-02-10,11.9375,12.0208,11.6667,11.7292,1243200
1997-02-11,11.6875,11.6875,11.0208,11.1875,1539000
1997-02-12,11.2917,11.6458,11.2917,11.6458,1810800
1997-02-13,11.6458,11.8125,11.6042,11.7083,936600
1997-02-14,11.7917,11.9167,11.5833,11.6458,963000
1997-02-18,11.6458,11.6458,11.5417,11.6458,475200
1997-02-19,11.625,11.6667,11.5208,11.5208,565800
1997-02-20,11.5,11.5208,11.2708,11.2917,654600
1997-02-21,11.2708,11.2708,10.625,10.875,1584000
1997-02-24,11.0,11.5,10.9167,11.5,1437000
1997-02-25,11.6458,11.7292,11.5208,11.6875,1017000
1997-02-26,11.75,11.75,11.375,11.5625,501000
1997-02-27,11.5833,11.5833,11.0208,11.0625,634800
1997-02-28,10.9167,11.4167,10.8958,11.0,1647600
1997-03-03,10.9583,11.0625,10.875,11.0625,1545600
1997-03-04,11.0833,11.1458,10.9792,11.0,464400
1997-03-05,11.0,11.375,10.9375,11.2917,1585800
1997-03-06,11.6458,11.6458,11.4583,11.5417,1233600
1997-03-07,11.6667,12.0833,11.6667,11.9583,1915800
1997-03-10,12.0417,12.25,11.9792,12.1458,871800
1997-03-11,12.4583,12.6458,12.3958,12.5208,1084800
1997-03-12,12.2917,12.3125,12.0833,12.125,615600
1997-03-13,12.0,12.0625,11.9375,11.9583,706200
1997-03-14,11.9792,12.0625,11.9375,11.9375,591600
1997-03-17,11.8958,11.8958,11.6458,11.7083,552000
1997-03-18,11.75,11.8542,11.5417,11.6042,723000
1997-03-19,11.6458,11.7917,11.4583,11.6667,1006200
1997-03-20,11.5417,11.6458,11.4583,11.625,1051200
1997-03-21,11.625,11.7083,11.5417,11.5625,1173000
1997-03-24,11.5625,11.5625,11.3125,11.4167,862200
1997-03-25,11.5,11.5833,11.4792,11.5208,568800
1997-03-26,11.6042,11.7917,11.5417,11.6458,1317000
1997-03-27,11.7708,11.7917,11.1667,11.2708,1550400
1997-03-31,11.2708,11.3333,10.9583,11.0,598200
1997-04-01,11.1458,11.3333,11.1042,11.3333,745200
1997-04-02,11.375,11.4792,11.2083,11.3542,849600
1997-04-03,11.2708,11.3542,11.1042,11.2083,896400
1997-04-04,11.2292,11.7917,11.2083,11.7917,1375800
1997-04-07,12.0,12.1458,11.9167,12.0,877200
1997-04-08,12.0208,12.125,11.8542,12.0417,726000
1997-04-09,12.1667,12.1875,11.4583,11.5417,794400
1997-04-10,11.5417,11.5417,11.2917,11.2917,644400
1997-04-11,11.2917,11.2917,10.8958,10.8958,1020000
1997-04-14,10.9167,10.9167,10.4167,10.8542,3357000
1997-04-15,11.25,11.4792,10.8125,11.1667,2616000
1997-04-16,11.1667,11.3333,11.0208,11.1875,1891200
1997-04-17,11.2292,11.2292,11.0833,11.1458,2767200
1997-04-18,11.1667,11.1667,11.0208,11.0625,1325400
1997-04-21,11.0625,11.0625,10.9167,10.9688,1446000
1997-04-22,10.9792,11.1042,10.9375,11.0208,2574000
1997-04-23,11.0208,11.2083,11.0208,11.1667,1883400
1997-04-24,11.3333,11.3958,11.25,11.375,1050000
1997-04-25,11.3542,11.3542,11.2708,11.2917,972000
1997-04-28,11.4167,11.4375,11.3125,11.3958,1335600
1997-04-29,11.6667,12.5,11.6667,12.3958,2527800
1997-04-30,12.25,13.5833,12.2292,13.0625,5085000
1997-05-01,12.9792,13.3125,12.8333,12.9375,1108800
1997-05-02,12.8542,13.5,12.8333,13.5,1224000
1997-05-05,13.5417,13.875,13.5,13.875,2416200
1997-05-06,13.6667,13.6875,13.1667,13.1875,1489200
1997-05-07,12.8958,13.3958,12.8958,13.1667,2504400
1997-05-08,13.0417,13.4583,13.0417,13.1667,838200
1997-05-09,13.4167,13.4583,12.8542,12.9583,1021200
1997-05-12,12.9583,12.9792,12.875,12.8958,1044000
1997-05-13,12.875,12.8958,12.4375,12.4375,1642800
1997-05-14,12.625,12.7292,12.5208,12.6875,2194200
1997-05-15,12.8333,12.9167,12.7708,12.7917,1309800
1997-05-16,12.9375,13.0,12.8958,12.8958,1431600
1997-05-19,12.8958,12.9792,12.8958,12.9583,189000
1997-05-20,12.9792,13.25,12.9583,13.2083,1190400
1997-05-21,13.3542,13.5625,13.3125,13.375,1845600
1997-05-22,13.2708,13.2917,12.9167,13.1667,1136400
1997-05-23,13.4167,13.5625,13.3333,13.4583,619800
1997-05-27,13.7917,14.6667,13.7708,14.3333,2857800
1997-05-28,13.9792,14.0208,13.7708,13.875,885000
1997-05-29,13.9375,14.0,13.8333,13.9167,666000
1997-05-30,12.9583,13.9792,12.9583,13.9167,2472000
1997-06-02,13.8333,14.0,13.8125,13.9375,552600
1997-06-03,13.6667,13.7292,13.1042,13.4792,1494000
1997-06-04,13.4583,13.5208,13.125,13.1667,2304000
1997-06-05,13.2083,13.6667,13.2083,13.4167,1368000
1997-06-06,12.625,12.8125,12.375,12.625,6821400
1997-06-09,12.9167,13.1875,12.9167,13.0208,1919400
1997-06-10,13.0208,13.0625,12.8333,12.8333,1969200
1997-06-11,12.9375,12.9583,12.6875,12.7292,1498800
1997-06-12,12.6875,12.6875,12.3542,12.5625,1465200
1997-06-13,12.5625,12.8125,12.5625,12.75,3202200
1997-06-16,12.8125,13.0208,12.8125,13.0,615600
1997-06-17,12.9583,13.3542,12.875,13.1667,1318200
1997-06-18,13.0417,13.0417,12.6458,12.6458,1088400
1997-06-19,12.6875,12.9583,12.6458,12.8542,1140000
1997-06-20,12.875,12.875,12.5,12.5833,3082800
1997-06-23,12.7083,12.7917,12.7083,12.7708,1189800
1997-06-24,12.9583,13.0729,12.8333,13.0729,1906800
1997-06-25,13.2083,13.3021,13.0625,13.1667,1279200
1997-06-26,13.0208,13.0312,12.9167,12.9479,381000
1997-06-27,13.0104,13.1458,13.0104,13.1458,252000
1997-06-30,13.2604,13.6042,13.1667,13.3333,750000
1997-07-01,13.5,14.25,13.5,13.8333,1293600
1997-07-02,13.7917,13.7917,13.4271,13.5417,529800
1997-07-03,13.6875,13.7292,13.6667,13.6667,798600
1997-07-07,13.8333,13.875,13.75,13.75,836400
1997-07-08,13.9167,14.1562,13.9167,14.1042,482400
1997-07-09,14.3333,14.4167,14.1042,14.1042,543000
1997-07-10,14.1042,14.2083,14.0833,14.125,504600
1997-07-11,14.1042,14.125,13.8125,13.8854,991200
1997-07-14,13.9375,14.1875,13.9271,14.1875,853800
1997-07-15,14.7708,14.9167,14.7292,14.8438,954600
1997-07-16,15.4792,15.5,15.2083,15.5,854400
1997-07-17,15.25,15.25,14.75,14.8958,1464000
1997-07-18,14.9375,15.0417,14.75,14.7812,989400
1997-07-21,14.625,14.625,14.2083,14.2604,418200
1997-07-22,14.0,14.1979,13.9167,14.1979,1548600
1997-07-23,14.2917,14.2917,14.1042,14.1771,744000
1997-07-24,14.0417,14.0417,13.8229,13.875,480600
1997-07-25,13.9583,13.9792,13.7708,13.7812,687000
1997-07-28,13.9167,14.1042,13.8229,14.0729,462000
1997-07-29,14.4792,14.5,14.375,14.3958,510000
1997-07-30,14.4167,14.9375,14.4167,14.9375,807600
1997-07-31,15.4167,15.4167,15.0938,15.2292,835800
1997-08-01,15.0208,15.0417,14.8958,14.9062,406800
1997-08-04,14.9167,15.2083,14.8958,15.2083,741000
1997-08-05,15.2083,15.2292,15.0417,15.1146,583200
1997-08-06,15.1875,15.25,15.1458,15.1875,324600
1997-08-07,15.1875,15.2083,15.0417,15.0521,153600
1997-08-08,15.25,15.3333,15.0208,15.1771,1038000
1997-08-11,15.1354,15.1979,14.9583,15.0938,728400
1997-08-12,15.0833,15.25,14.9167,14.9375,530400
1997-08-13,14.9271,15.0833,14.7917,15.0312,519600
1997-08-14,15.0833,15.6042,15.0833,15.5521,1029000
1997-08-15,15.5625,15.6667,15.3333,15.3333,1520400
1997-08-18,15.2292,15.3438,15.1146,15.3333,392400
1997-08-19,15.75,16.3542,15.7292,16.3125,860400
1997-08-20,16.4167,16.5104,16.0521,16.375,1448400
1997-08-21,16.375,16.4062,16.0833,16.0833,720600
1997-08-22,15.3958,15.7708,15.3958,15.7083,832200
1997-08-25,15.75,16.4167,15.7188,16.4167,989400
1997-08-26,15.8333,16.0417,15.8333,15.9167,808800
1997-08-27,15.9375,15.9792,15.4583,15.6562,957000
1997-08-28,15.5417,15.5417,15.4167,15.4896,664800
1997-08-29,15.2083,15.5208,15.2083,15.4792,412200
1997-09-02,15.8333,16.0833,15.625,16.0208,1132200
1997-09-03,16.0,16.0,15.4583,15.5,1098000
1997-09-04,15.2292,15.3333,15.1458,15.2917,552000
1997-09-05,15.25,15.3333,15.0521,15.0625,639000
1997-09-08,15.1042,15.1667,14.4167,14.5521,1073400
1997-09-09,14.5833,14.9688,14.5625,14.75,1550400
1997-09-10,14.875,14.875,14.5,14.5312,524400
1997-09-11,14.25,14.25,14.0,14.0312,2609400
1997-09-12,14.2708,14.3333,14.0833,14.2292,650400
1997-09-15,14.2708,14.4375,14.2292,14.2292,400800
1997-09-16,14.125,14.6458,13.9896,14.5729,956400
1997-09-17,14.5625,14.7604,14.2708,14.2812,547800
1997-09-18,14.4583,14.875,14.4583,14.6979,713400
1997-09-19,14.7396,14.7917,14.7083,14.7708,299400
1997-09-22,15.0,15.5312,14.9688,15.3854,719400
1997-09-23,16.1875,16.25,15.8646,16.1458,2298600
1997-09-24,16.125,16.2292,15.8125,15.8229,1347000
1997-09-25,15.5417,15.75,15.4896,15.4896,597000
1997-09-26,15.5312,15.6667,15.4792,15.4792,803400
1997-09-29,15.4375,15.5208,15.4167,15.5,471600
1997-09-30,15.75,15.7708,15.625,15.6458,670200
1997-10-01,15.6667,15.6667,15.1875,15.2188,1323000
1997-10-02,15.2083,15.2083,14.4896,14.5208,1545000
1997-10-03,14.9167,14.9167,14.6979,14.875,1341000
1997-10-06,15.0417,15.0625,14.75,14.7708,1043400
1997-10-07,14.75,14.7917,14.5833,14.7917,970200
1997-10-08,15.0,15.0,14.8125,14.875,874800
1997-10-09,14.9792,14.9792,14.75,14.7604,840000
1997-10-10,14.7708,14.8542,14.75,14.8542,471600
1997-10-13,15.1667,15.1667,15.0625,15.1042,600000
1997-10-14,15.5,15.5,14.7917,14.9792,1120200
1997-10-15,14.25,14.5312,14.25,14.4375,1816800
1997-10-16,13.4792,13.4792,12.9583,13.1146,3934800
1997-10-17,13.0417,13.0938,12.9167,12.9375,2639400
1997-10-20,12.9167,13.0417,12.8646,13.0,623400
1997-10-21,13.1458,13.6042,13.125,13.5521,1195200
1997-10-22,13.5938,13.7812,13.5417,13.6042,1158000
1997-10-23,12.7083,13.0625,12.7083,12.8438,863400
1997-10-24,13.1042,13.1667,12.375,12.3958,1849800
1997-10-27,12.0729,12.1667,11.625,11.75,616200
1997-10-28,11.0,12.0833,10.9375,12.0625,4008600
1997-10-29,11.9792,11.9792,11.5833,11.9167,2688000
1997-10-30,11.6875,11.8125,11.3438,11.4583,1308600
1997-10-31,12.0833,12.0833,11.7083,11.875,1019400
1997-11-03,12.1667,12.8333,12.125,12.8229,964200
1997-11-04,12.9167,12.9583,12.625,12.7292,1281000
1997-11-05,12.7188,12.7188,12.4375,12.4792,865200
1997-11-06,12.5208,12.6458,12.5,12.5729,543000
1997-11-07,12.5417,12.7292,12.0625,12.0938,1663200
1997-11-10,12.125,12.2083,11.6458,11.6458,1002000
1997-11-11,11.6458,11.6562,11.4167,11.6458,1035600
1997-11-12,11.625,11.625,11.3542,11.375,732000
1997-11-13,11.4583,11.6667,11.2708,11.6667,950400
1997-11-14,11.6042,11.625,11.0417,11.3958,1837200
1997-11-17,11.7083,12.4792,11.7083,12.3229,1552800
1997-11-18,12.0833,12.125,11.5417,11.5417,838800
1997-11-19,11.5417,11.5417,10.7292,10.9583,2097600
1997-11-20,11.1667,11.25,10.875,11.1562,1651200
1997-11-21,11.2083,11.3333,11.1042,11.1979,1480800
1997-11-24,11.1042,11.1042,10.75,10.8125,593400
1997-11-25,10.9583,11.1042,10.875,11.1042,580200
1997-11-26,11.1875,11.375,11.0833,11.1875,1423200
1997-11-28,11.5,11.75,11.4167,11.6979,576000
1997-12-01,11.875,12.5,11.8542,12.4896,982200
1997-12-02,12.1667,12.1667,11.5417,11.5938,852600
1997-12-03,10.9167,11.0417,10.7917,10.875,2638800
1997-12-04,11.0417,11.2396,10.9792,11.0417,971400
1997-12-05,11.0,11.7917,10.9375,11.7917,1212000
1997-12-08,11.375,11.4167,11.2292,11.3542,926400
1997-12-09,11.0417,11.1354,10.8229,10.8333,825000
1997-12-10,10.7083,10.7708,10.125,10.25,1728000
1997-12-11,9.5,9.7083,9.2083,9.2083,2186400
1997-12-12,9.5833,9.7188,8.9375,9.0208,1300200
1997-12-15,9.0312,9.6458,8.5833,9.4792,7185000
1997-12-16,9.3333,9.7708,9.2083,9.5104,2520600
1997-12-17,9.5208,9.625,9.2708,9.3333,1327800
1997-12-18,9.4167,9.5208,8.7708,8.9479,1359600
1997-12-19,8.9792,9.8229,8.7292,9.7812,3182400
1997-12-22,9.9583,10.1042,9.7083,9.8333,1071000
1997-12-23,9.8125,9.9375,9.6042,9.7708,1707000
1997-12-24,9.8229,9.8333,9.6562,9.6562,148800
1997-12-26,9.625,9.7708,9.625,9.6667,153600
1997-12-29,10.0625,10.0833,9.9062,10.0208,879600
1997-12-30,10.0625,10.1562,9.9062,10.0312,891000
1997-12-31,10.1042,10.3646,10.0833,10.1771,494400
1998-01-02,10.2604,10.8333,10.25,10.8333,312000
1998-01-05,10.4375,10.9167,10.3958,10.7812,1812000
1998-01-06,10.3333,10.4479,10.125,10.2396,1042800
1998-01-07,9.9167,9.9792,9.6042,9.6458,938400
1998-01-08,9.3333,9.6354,9.2708,9.4479,1109400
1998-01-09,9.375,9.375,8.5417,8.7083,2002200
1998-01-12,9.0,9.5833,8.7708,8.9167,4385400
1998-01-13,9.1667,9.6875,9.0208,9.5208,1266600
1998-01-14,9.6667,9.7083,9.1667,9.625,1200000
1998-01-15,9.5,9.8125,9.375,9.5625,847200
1998-01-16,9.875,9.9583,9.7188,9.8646,1734000
1998-01-20,10.25,10.4583,10.1875,10.3438,1651800
1998-01-21,9.75,10.2083,9.75,10.1562,2132400
1998-01-22,9.9583,10.0417,9.8542,9.9583,949800
1998-01-23,10.25,10.3542,9.9583,10.3333,1107000
1998-01-26,10.6667,10.75,10.2917,10.3958,898200
1998-01-27,10.7083,11.1667,10.6875,11.0729,1068000
1998-01-28,11.2708,11.8229,11.2083,11.7604,1974000
1998-01-29,11.4167,11.75,11.4167,11.5,841800
1998-01-30,11.375,11.4167,11.25,11.3229,1066800
1998-02-02,10.9583,11.5417,10.9583,11.2083,1879200
1998-02-03,10.9167,11.25,10.8333,11.2292,1588800
1998-02-04,11.0833,11.25,10.9271,11.125,837600
1998-02-05,11.4792,11.75,11.4792,11.625,1351800
1998-02-06,11.4583,11.6146,11.4583,11.5833,622200
1998-02-09,11.6042,11.6875,11.5,11.5833,571800
1998-02-10,11.3333,11.7917,11.3333,11.625,2001600
1998-02-11,11.5,11.5,11.2812,11.4583,663600
1998-02-12,11.1667,11.2083,10.8958,11.125,750600
1998-02-13,11.1458,11.2917,11.0417,11.1562,438000
1998-02-17,11.1667,11.4792,11.0833,11.0833,720000
1998-02-18,11.125,11.1458,11.0417,11.1354,915600
1998-02-19,11.375,11.625,11.2917,11.3125,908400
1998-02-20,11.625,11.7083,11.4792,11.6875,967200
1998-02-23,12.125,12.2083,11.9583,12.0,773400
1998-02-24,11.8542,11.9167,11.6875,11.6875,1253400
1998-02-25,11.9583,12.7708,11.9375,12.75,1842000
1998-02-26,12.75,13.125,12.5729,12.9271,1317600
1998-02-27,12.875,12.9792,12.6562,12.6875,1038600
1998-03-02,12.6979,12.7708,11.875,11.8958,2673600
1998-03-03,11.9062,12.0729,11.7917,12.0729,1227600
1998-03-04,11.8333,12.1042,11.7917,12.0833,825000
1998-03-05,11.3125,11.6875,11.2917,11.4479,1176600
1998-03-06,11.3958,11.7708,11.2083,11.6562,1823400
1998-03-09,11.3333,11.3646,10.9271,10.9271,819600
1998-03-10,11.0417,11.3438,10.9792,11.1875,3699000
1998-03-11,11.1667,11.4375,11.125,11.4375,1743600
1998-03-12,11.4375,11.625,11.2708,11.5,928200
1998-03-13,11.7292,11.7917,11.4062,11.5,1176600
1998-03-16,11.5,11.6667,11.3958,11.6146,749400
1998-03-17,11.6458,11.8125,11.5938,11.6354,1295400
1998-03-18,11.5,11.7604,11.4792,11.7083,1360200
1998-03-19,11.9375,12.0,11.875,11.9479,456600
1998-03-20,11.9583,11.9583,11.6042,11.6667,1101600
1998-03-23,11.2708,11.5521,11.2708,11.4583,519000
1998-03-24,11.4583,11.75,11.4583,11.6979,510000
1998-03-25,12.2917,12.2917,12.0208,12.1042,950400
1998-03-26,12.2083,12.5833,12.1042,12.5833,959400
1998-03-27,12.5833,12.7292,12.2917,12.5625,917400
1998-03-30,12.625,12.6979,12.4375,12.5208,862200
1998-03-31,12.8542,13.0625,12.8125,12.9271,1650000
1998-04-01,12.9167,13.25,12.9062,13.2292,1365000
1998-04-02,12.8333,13.0312,12.7917,12.9167,958800
1998-04-03,12.875,12.875,12.5938,12.75,901800
1998-04-06,12.75,12.75,12.375,12.4688,733200
1998-04-07,12.0833,12.0833,11.7292,11.7708,945600
1998-04-08,11.9375,12.2917,11.875,12.1667,1492200
1998-04-09,12.3333,12.3958,12.2083,12.2188,227400
1998-04-13,12.2292,12.4583,12.2083,12.4583,717000
1998-04-14,12.25,12.7083,12.0833,12.7083,1044600
1998-04-15,12.9062,13.0208,12.75,12.9271,850800
1998-04-16,12.625,13.1667,12.6042,13.1667,1177200
1998-04-17,12.8333,13.3021,12.8125,13.1979,1554000
1998-04-20,13.7083,14.1667,13.7083,14.1667,1639200
1998-04-21,14.0833,14.6875,14.0833,14.4792,1503600
1998-04-22,14.6667,14.8333,14.5417,14.7917,1020600
1998-04-23,14.8958,15.2917,14.8958,15.0,1338600
1998-04-24,14.9792,14.9792,14.0208,14.3021,1803600
1998-04-27,13.5417,13.75,13.5417,13.5521,1663800
1998-04-28,13.7708,14.125,13.5625,14.0,706800
1998-04-29,14.0,14.0625,13.5938,13.7812,828600
1998-04-30,14.2083,14.3333,14.0104,14.0833,868800
1998-05-01,14.0833,14.2292,13.9271,14.2083,546000
1998-05-04,14.4792,14.75,14.375,14.6042,633000
1998-05-05,14.5938,14.6042,14.0417,14.25,788400
1998-05-06,14.5833,14.6875,14.4167,14.4271,391200
1998-05-07,14.6667,14.75,14.1667,14.1667,838800
1998-05-08,14.1667,14.4896,14.1458,14.4792,1122000
1998-05-11,14.7917,14.8333,14.375,14.3958,1413000
1998-05-12,14.0,14.0417,13.875,13.9583,1339200
1998-05-13,14.3333,14.6667,14.2292,14.6667,633600
1998-05-14,14.25,14.7083,14.2292,14.6146,723600
1998-05-15,14.7083,14.75,14.1667,14.25,1433400
1998-05-18,14.3542,14.5625,14.3542,14.4167,553200
1998-05-19,14.7604,14.8125,14.4896,14.5417,348000
1998-05-20,15.25,15.2917,14.6667,14.7812,1831800
1998-05-21,14.7812,14.8021,14.625,14.6979,979800
1998-05-22,14.7083,14.8958,14.6667,14.7708,914400
1998-05-26,14.5208,14.5625,13.75,13.8542,2144400
1998-05-27,13.6667,13.7083,13.2083,13.4271,3126600
1998-05-28,13.5,13.7917,13.4792,13.625,823800
1998-05-29,13.5625,13.5625,12.8125,12.8958,1660200
1998-06-01,12.8854,12.8854,12.4375,12.5833,1276800
1998-06-02,13.2083,13.2083,12.5625,12.9167,2128200
1998-06-03,12.9583,13.0625,12.2708,12.3438,2566800
1998-06-04,12.4792,12.5625,12.0208,12.0312,5040000
1998-06-05,12.0312,12.0729,12.0312,12.0312,20265600
1998-06-08,12.0312,12.0625,12.0312,12.0417,3439800
1998-06-09,12.0417,12.0521,12.0312,12.0312,1632600
1998-06-10,11.9583,11.9583,11.625,11.6667,4897800
1998-06-11,11.6667,11.7292,11.25,11.3542,2971200
1998-06-12,11.25,11.4375,10.75,11.4375,2989200
1998-06-15,10.7917,11.2708,10.7917,11.0,1681800
1998-06-16,11.375,11.7292,11.2083,11.6042,2215800
1998-06-17,11.8021,11.9167,11.3958,11.4792,1940400
1998-06-18,11.4167,11.6667,11.3958,11.4062,1308600
1998-06-19,11.6667,11.6667,11.3333,11.3646,789600
1998-06-22,11.2292,11.5833,10.9583,11.4792,1698000
1998-06-23,11.7083,11.8229,11.6667,11.7708,1729800
1998-06-24,11.9792,12.0312,11.8229,12.0104,3096000
1998-06-25,11.9896,12.0417,11.5417,11.5833,1968600
1998-06-26,11.7708,11.875,11.6771,11.8125,828000
1998-06-29,11.8542,11.9583,11.7292,11.8125,610200
1998-06-30,11.8125,11.8542,11.5417,11.6458,873600
1998-07-01,11.75,11.75,11.2188,11.4167,2682000
1998-07-02,11.4167,11.4167,11.0208,11.1979,871200
1998-07-06,11.2396,11.3333,11.1458,11.3125,435000
1998-07-07,11.3229,11.3958,11.0104,11.3542,1028400
1998-07-08,11.4375,11.75,11.375,11.6562,4233000
1998-07-09,11.4688,11.4792,11.1458,11.2292,2111400
1998-07-10,11.125,11.3333,10.9375,11.2708,1988400
1998-07-13,11.25,11.3542,11.1458,11.25,740400
1998-07-14,11.2708,11.2917,10.9583,11.2083,934800
1998-07-15,11.25,11.8125,11.125,11.6875,1282200
1998-07-16,11.9583,12.0833,11.7188,11.9896,2320800
1998-07-17,11.5,11.5,10.8646,11.0208,5089200
1998-07-20,11.0312,11.1458,10.5625,10.6146,2397600
1998-07-21,10.8333,11.0208,10.5833,10.7708,2596200
1998-07-22,10.7604,10.8958,10.5208,10.75,1342200
1998-07-23,10.7917,10.9375,10.3958,10.5521,958800
1998-07-24,10.8333,10.8958,10.3125,10.5,1397400
1998-07-27,10.4688,10.7292,10.1562,10.6979,894600
1998-07-28,10.6042,10.7292,10.2292,10.4792,1346400
1998-07-29,10.5625,10.625,10.2083,10.3125,823800
1998-07-30,10.5833,10.8333,10.5833,10.8333,1081200
1998-07-31,10.7917,10.875,10.5208,10.6042,1131000
1998-08-03,10.6458,10.6458,10.3958,10.4479,816600
1998-08-04,10.5729,10.5729,9.6979,9.7188,2041200
1998-08-05,10.0,10.1667,9.7292,10.1667,1966800
1998-08-06,9.9792,10.6667,9.9792,10.6667,1771200
1998-08-07,10.4583,11.2083,10.4583,11.1042,3685200
1998-08-10,10.8958,10.9167,10.6667,10.6771,673800
1998-08-11,10.3854,10.4479,10.0938,10.3333,610800
1998-08-12,10.4167,10.625,10.2188,10.375,1010400
1998-08-13,10.3333,10.5625,10.1354,10.1667,850200
1998-08-14,10.3542,10.4167,10.2292,10.25,528000
1998-08-17,10.3125,10.7917,10.3125,10.7708,826200
1998-08-18,10.8958,11.2708,10.8854,11.2396,1398000
1998-08-19,11.6667,11.6667,11.2917,11.4375,3537600
1998-08-20,11.1458,11.1458,10.7917,10.875,1266600
1998-08-21,10.8333,10.8333,10.0417,10.3646,1134600
1998-08-24,10.4896,10.6042,10.3333,10.3333,388200
1998-08-25,10.5208,10.7917,10.5208,10.6458,858600
1998-08-26,10.1875,10.4167,10.125,10.4167,1032600
1998-08-27,9.7292,9.9167,9.6667,9.7083,1257600
1998-08-28,9.9167,10.0208,9.5833,9.7604,1635600
1998-08-31,9.6667,9.7292,8.6875,8.6979,831000
1998-09-01,8.9375,9.8125,8.8958,9.6771,1912800
1998-09-02,9.4167,9.9792,9.4167,9.4896,919800
1998-09-03,9.25,9.7292,9.1875,9.5625,994200
1998-09-04,9.9792,10.0208,9.1458,9.3333,847200
1998-09-08,9.8333,10.3229,9.8333,10.3021,1638600
1998-09-09,10.3333,10.6458,9.8958,9.9583,1555200
1998-09-10,9.5417,9.5625,9.25,9.5625,1517400
1998-09-11,9.8333,10.3958,9.7917,10.3958,1897200
1998-09-14,10.4167,10.4479,10.1042,10.2708,1158600
1998-09-15,10.0104,10.2917,9.9583,10.2917,1202400
1998-09-16,10.2917,10.3021,9.9583,10.0729,744600
1998-09-17,9.2604,9.5,9.25,9.2708,1590600
1998-09-18,8.9167,8.9167,8.6042,8.8958,1153800
1998-09-21,7.3333,8.75,7.3333,8.7083,2054400
1998-09-22,8.4688,8.5833,8.1042,8.4167,3105000
1998-09-23,8.5,9.0,8.5,8.9271,2122800
1998-09-24,8.6458,8.8333,8.25,8.25,1203600
1998-09-25,7.875,8.7083,7.875,8.4792,1534800
1998-09-28,8.4792,8.5833,8.3333,8.3542,1491600
1998-09-29,8.1979,8.4167,8.1458,8.1771,1438200
1998-09-30,7.75,7.8542,7.4375,7.4896,1245000
1998-10-01,7.1667,7.2708,6.8438,6.8438,4720800
1998-10-02,6.9375,7.0417,6.6667,6.6771,2184600
1998-10-05,6.5729,6.5729,6.2083,6.3646,1876200
1998-10-06,6.6042,6.6979,6.1458,6.4062,2425800
1998-10-07,6.3958,6.8333,6.3438,6.5417,2076600
1998-10-08,6.3125,6.5625,5.9792,6.4167,3431400
1998-10-09,6.4583,6.7917,6.4583,6.7604,1829400
1998-10-12,7.3125,7.6042,7.2917,7.4479,1626000
1998-10-13,7.75,7.8333,7.2083,7.3333,1786800
1998-10-14,7.6458,8.125,7.4792,7.875,2184600
1998-10-15,7.5,8.0,7.375,7.9896,2092200
1998-10-16,7.9167,8.1042,7.7604,7.8333,1567800
1998-10-19,7.8125,8.1667,7.75,8.1667,811800
1998-10-20,8.625,9.75,8.5417,9.3021,5649000
1998-10-21,9.1458,9.6667,9.0208,9.4271,2072400
1998-10-22,9.25,9.2604,8.9583,9.0417,2384400
1998-10-23,8.875,8.9896,8.75,8.8854,1575600
1998-10-26,9.2188,9.2708,8.9375,9.0833,1440000
1998-10-27,9.3229,9.5625,9.0625,9.1354,1135200
1998-10-28,9.2188,9.7396,9.0208,9.7083,1569000
1998-10-29,9.9792,10.3125,9.8854,10.2188,1753200
1998-10-30,10.2188,10.3958,9.9375,10.1354,1177200
1998-11-02,10.5417,10.8333,10.4792,10.75,1554000
1998-11-03,10.6667,10.6667,10.3542,10.4583,1670400
1998-11-04,10.5312,10.8542,10.4792,10.7708,1975200
1998-11-05,10.6771,10.8854,10.5833,10.7396,1839600
1998-11-06,10.625,10.9688,10.5417,10.9062,1147800
1998-11-09,10.75,10.7708,10.5,10.6042,1251000
1998-11-10,10.1667,10.6146,10.0938,10.5729,1758600
1998-11-11,10.7708,11.0938,10.7292,11.0208,2400600
1998-11-12,11.0833,11.4792,11.0,11.1771,1375800
1998-11-13,11.375,11.7292,11.2292,11.6354,1432800
1998-11-16,11.8333,11.9583,11.3125,11.3958,744600
1998-11-17,11.4167,11.4167,11.0625,11.1042,1959600
1998-11-18,10.875,11.4375,10.75,11.2708,1420800
1998-11-19,11.5417,12.0833,11.4583,11.8021,3058800
1998-11-20,11.875,11.8958,11.6042,11.7917,2431800
1998-11-23,11.6667,12.0,11.4167,11.9583,1753800
1998-11-24,11.5625,11.6458,11.2812,11.2812,1030200
1998-11-25,11.3542,11.3958,11.0833,11.1458,590400
1998-11-27,11.8333,11.9167,11.7083,11.7708,644400
1998-11-30,11.8646,11.9375,11.1771,11.1875,1221600
1998-12-01,11.0208,11.0833,10.625,10.8958,2245800
1998-12-02,11.0625,11.3542,10.9792,11.2812,2970600
1998-12-03,11.3854,12.25,11.3646,11.9271,3990000
1998-12-04,12.3333,12.4583,12.0208,12.3542,1833000
1998-12-07,12.3542,12.6458,12.3542,12.5729,1087800
1998-12-08,12.3542,12.8021,12.2917,12.5,2457000
1998-12-09,12.9062,13.625,12.8438,13.5417,3427200
1998-12-10,13.2604,13.2708,12.6667,12.75,1995000
1998-12-11,12.3542,12.5,12.2188,12.3542,1852200
1998-12-14,12.2292,12.25,11.8958,11.8958,786600
1998-12-15,12.3542,12.6042,12.25,12.5312,908400
1998-12-16,12.5312,12.6875,12.4896,12.5833,1050000
1998-12-17,12.8854,13.2917,12.875,13.25,1584000
1998-12-18,13.2917,13.7708,13.0833,13.5104,1706400
1998-12-21,13.4167,13.8125,13.3542,13.6562,1619400
1998-12-22,13.4271,13.4375,13.0208,13.1042,1079400
1998-12-23,13.0729,13.1146,12.5417,13.0208,1665600
1998-12-24,13.0312,13.0625,12.9375,13.0104,67200
1998-12-28,12.8333,12.875,12.5833,12.5938,453600
1998-12-29,12.6458,12.6562,12.3646,12.4167,552600
1998-12-30,12.4792,13.125,12.4792,13.0312,1010400
1998-12-31,13.0312,13.0417,12.8646,13.0104,461400
1999-01-04,13.8542,13.9167,13.5,13.5208,2169600
1999-01-05,13.8229,14.3021,13.7812,14.2083,1453800
1999-01-06,14.5833,14.9167,14.5833,14.8125,1697400
1999-01-07,14.3125,14.7917,14.2917,14.625,1399800
1999-01-08,14.9167,15.0833,14.6979,15.0625,2380200
1999-01-11,15.2292,15.2917,14.8333,15.0208,933600
1999-01-12,14.7292,14.8125,13.9583,14.0729,1711800
1999-01-13,13.8333,15.1562,13.625,14.9583,2434200
1999-01-14,14.8333,15.1042,14.4167,14.4167,2322000
1999-01-15,15.3333,16.3958,15.1875,16.3958,2797800
1999-01-19,15.5,15.5104,15.1146,15.1667,1627200
1999-01-20,15.6875,16.0417,15.5208,15.625,2197200
1999-01-21,15.875,15.875,15.0938,15.3542,1359600
1999-01-22,14.6042,15.3958,14.5625,14.9792,2115000
1999-01-25,15.8333,15.9792,15.4375,15.7188,1858200
1999-01-26,15.2917,16.1667,15.2917,16.1354,1106400
1999-01-27,16.6667,16.7083,15.9583,15.9583,1309200
1999-01-28,16.4583,17.3646,16.4167,17.3125,2761800
1999-01-29,17.8333,17.9375,16.8333,17.4167,2189400
1999-02-01,17.75,17.8125,17.2917,17.4375,1142400
1999-02-02,17.6771,17.7083,17.0417,17.5,1759200
1999-02-03,17.1667,17.4167,16.8958,17.3021,1434000
1999-02-04,17.0,17.0,16.2083,16.2812,2184000
1999-02-05,15.75,15.75,14.4167,15.0,5197200
1999-02-08,15.9062,16.1667,15.3333,15.7708,2925000
1999-02-09,15.8854,15.9792,14.9688,15.0417,1372200
1999-02-10,15.0625,15.6562,15.0,15.2708,2011200
1999-02-11,15.3542,16.3229,15.2396,16.3229,1913400
1999-02-12,16.1667,16.3125,15.5625,15.6667,1288200
1999-02-16,15.25,15.625,14.5,14.75,2283600
1999-02-17,14.625,15.2292,14.4271,14.4375,1978800
1999-02-18,14.5833,14.9583,14.5104,14.8958,1801200
1999-02-19,15.0,15.4688,14.9375,15.4479,1414200
1999-02-22,15.4375,16.4375,15.4375,16.2812,1219800
1999-02-23,16.3021,16.4167,15.9479,16.125,1241400
1999-02-24,16.25,16.6875,15.875,16.1771,1614000
1999-02-25,15.5,15.6562,15.2917,15.4375,1894200
1999-02-26,15.4792,15.4792,14.0833,14.5625,3361200
1999-03-01,14.0,14.3958,13.8542,14.125,2877000
1999-03-02,14.2292,14.2917,13.5833,13.5938,2024400
1999-03-03,13.75,13.8125,13.4167,13.7188,2089800
1999-03-04,14.0833,14.4583,13.6875,14.2812,1759800
1999-03-05,14.9167,15.0729,14.6771,14.9271,1702200
1999-03-08,15.0833,15.7396,15.0833,15.6667,1637400
1999-03-09,15.375,15.875,15.0208,15.0833,2826600
1999-03-10,15.2396,15.5417,15.1042,15.4583,1317600
1999-03-11,15.6042,15.6458,15.125,15.2292,1128000
1999-03-12,15.3021,15.375,14.9062,15.0417,754800
1999-03-15,15.0729,15.2292,14.8125,15.2292,909000
1999-03-16,15.2083,15.8229,15.0,15.75,1518600
1999-03-17,16.3125,16.5417,16.125,16.2708,1645800
1999-03-18,15.9583,16.2292,15.9375,16.2292,1092000
1999-03-19,17.0833,17.0833,16.2604,16.4167,2854200
1999-03-22,16.1667,16.4167,15.9688,16.3542,834600
1999-03-23,16.2109,16.25,15.4792,15.4896,1014600
1999-03-24,15.2083,15.3333,14.8125,15.0417,2272200
1999-03-25,15.7292,16.1042,15.5,16.1042,1170000
1999-03-26,15.7708,16.2083,15.4792,15.9167,1000800
1999-03-29,16.1562,16.7708,16.1562,16.7083,756000
1999-03-30,16.2083,16.6458,16.0833,16.1875,1180200
1999-03-31,16.3958,16.5833,16.1458,16.1875,1122600
1999-04-01,16.5833,16.9792,16.3333,16.9688,814200
1999-04-05,17.0,17.5833,17.0,17.5,747000
1999-04-06,17.4792,18.0,17.2708,17.625,1044000
1999-04-07,17.8333,17.9583,17.4792,17.8021,1426200
1999-04-08,18.3333,18.6979,18.125,18.5729,1315800
1999-04-09,19.1875,20.2812,19.1458,19.8229,2855400
1999-04-12,18.8333,19.3333,18.625,18.875,1823400
1999-04-13,18.6667,18.7292,17.9583,18.1562,1092600
1999-04-14,19.0833,19.4375,18.4167,18.8229,1558800
1999-04-15,18.1146,18.2083,17.5417,18.1042,2640600
1999-04-16,18.2604,18.9375,18.0417,18.7708,2433600
1999-04-19,17.7812,18.375,17.0104,17.0208,2614800
1999-04-20,17.3021,17.3021,16.75,17.0,3712200
1999-04-21,17.0312,18.0,17.0312,17.8854,2690400
1999-04-22,18.25,18.2917,18.0,18.2708,1905600
1999-04-23,18.4271,18.5312,18.25,18.3542,1315800
1999-04-26,18.3438,18.7396,18.3438,18.6979,1218000
1999-04-27,18.5,18.8854,18.1771,18.2917,923400
1999-04-28,18.1354,18.1667,17.5833,17.6875,828600
1999-04-29,17.7292,17.7292,16.9583,17.1354,1239000
1999-04-30,17.2917,17.6667,16.7083,17.0,1012200
1999-05-03,17.0417,17.7917,16.9792,17.7917,610800
1999-05-04,17.7917,17.9583,17.6042,17.6042,906600
1999-05-05,18.0,18.0521,17.4583,18.0521,1857600
1999-05-06,18.25,18.4375,17.4167,17.5833,1424400
1999-05-07,17.5833,17.8333,17.4375,17.8333,937800
1999-05-10,17.625,17.6875,17.4167,17.5625,2178000
1999-05-11,17.5,18.0208,17.4375,18.0,1746000
1999-05-12,18.4792,19.1458,18.2083,19.0208,2732400
1999-05-13,19.75,21.3333,19.6667,20.6979,5983200
1999-05-14,20.1667,20.5,19.8854,20.0521,2998200
1999-05-17,20.0208,20.2083,19.625,20.0208,1742400
1999-05-18,20.4583,20.6458,20.2917,20.5208,896400
1999-05-19,20.4583,20.4688,19.7292,19.9375,1671600
1999-05-20,20.1562,20.2396,19.75,19.75,690000
1999-05-21,19.1667,19.1875,18.8542,19.0208,902400
1999-05-24,19.0625,19.2917,18.125,18.1875,894600
1999-05-25,18.75,19.7083,18.7188,18.9375,3046200
1999-05-26,18.9583,19.0,18.5417,18.8958,1387200
1999-05-27,18.75,18.9583,18.5833,18.9375,2222400
1999-05-28,19.0417,19.4375,18.9271,19.3542,864000
1999-06-01,19.5833,19.75,19.0625,19.1354,613800
1999-06-02,19.0,19.6146,18.6667,19.5938,1453200
1999-06-03,19.5938,19.9583,19.5208,19.7917,1858200
1999-06-04,19.7917,20.9479,19.7917,20.7292,1843800
1999-06-07,20.9583,21.5,20.875,21.3229,1647000
1999-06-08,21.1667,21.5,20.5833,20.5833,1081800
1999-06-09,21.4167,22.5,21.3333,22.4271,5977200
1999-06-10,22.0833,22.375,21.5417,22.0312,2846400
1999-06-11,21.8333,21.9688,21.4375,21.4583,1854600
1999-06-14,21.8229,22.6458,21.4792,22.5417,2436600
1999-06-15,22.8125,23.0729,22.6042,22.9792,3195000
1999-06-16,23.3333,23.4375,22.8542,23.3021,2422200
1999-06-17,22.7083,23.3333,22.5625,23.2708,4233600
1999-06-18,23.2708,23.5833,23.0,23.3542,1390800
1999-06-21,23.4167,24.1667,22.7292,24.0625,1882800
1999-06-22,23.1667,23.5833,22.4583,22.5,1852200
1999-06-23,21.9167,22.0833,21.0833,21.6667,4057200
1999-06-24,21.5833,22.0625,21.3333,21.375,1083300
1999-06-25,21.4583,21.7292,21.4167,21.5417,504300
1999-06-28,21.5,21.7083,21.3333,21.625,1600200
1999-06-29,22.1667,22.5417,22.0417,22.3333,1269600
1999-06-30,22.3333,23.2917,22.25,23.1042,1032300
1999-07-01,23.0833,23.0833,22.4792,23.0,1068600
1999-07-02,23.0,23.0417,22.625,22.8958,790200
1999-07-06,22.5417,22.9583,22.3333,22.6042,727500
1999-07-07,22.1875,22.5833,22.1667,22.4583,822300
1999-07-08,22.4583,22.9583,22.4167,22.8333,903000
1999-07-09,24.9167,24.9167,23.5833,23.8125,2971200
1999-07-12,24.8333,25.25,24.6667,25.125,1893900
1999-07-13,24.5,24.9375,24.4167,24.8333,1272900
1999-07-14,25.25,25.4375,24.9583,25.125,1368600
1999-07-15,26.0417,26.2083,25.4167,25.4167,1539000
1999-07-16,25.75,25.8333,25.125,25.2917,1411200
1999-07-19,25.2083,25.2917,24.0,24.0,1139700
1999-07-20,24.3333,24.3958,22.1667,22.5,3188100
1999-07-21,23.5,24.2083,23.0417,23.375,3494700
1999-07-22,23.2917,23.2917,21.7917,22.3333,1978500
1999-07-23,22.0833,22.3125,21.3333,22.3125,1872600
1999-07-26,22.3333,22.5625,21.375,21.5417,1656900
1999-07-27,22.625,23.1458,22.2083,23.1458,1311600
1999-07-28,23.375,24.6667,23.3333,24.625,1976700
1999-07-29,23.3542,23.8333,23.1458,23.4583,1152600
1999-07-30,23.9375,23.9375,23.3125,23.5,928500
1999-08-02,23.4583,23.8333,23.25,23.25,549600
1999-08-03,23.375,23.5208,22.4167,22.7917,1132800
1999-08-04,23.0208,23.3958,22.875,22.8958,1018200
1999-08-05,22.7083,22.7083,22.0,22.5417,1358700
1999-08-06,22.4583,23.5,22.3333,22.6042,2740200
1999-08-09,22.3333,23.3333,22.3333,23.0417,728100
1999-08-10,22.7292,22.9583,22.3333,22.5417,943500
1999-08-11,23.3333,24.9167,23.25,24.6667,1948800
1999-08-12,24.75,25.0,24.0208,24.0208,907200
1999-08-13,25.0833,25.3542,24.4583,25.3542,1010700
1999-08-16,24.8542,25.1667,24.4583,24.625,768000
1999-08-17,24.625,24.6458,23.125,23.7917,1911300
1999-08-18,23.3333,23.5,23.125,23.25,966600
1999-08-19,23.25,23.9583,23.0417,23.4583,894300
1999-08-20,24.25,24.25,23.5,23.6458,666300
1999-08-23,23.5417,23.6667,23.2917,23.6042,1148100
1999-08-24,23.5,25.3333,23.5,25.0417,1972800
1999-08-25,24.8333,24.8333,24.0833,24.6042,1177500
1999-08-26,23.9583,23.9792,23.375,23.4583,981600
1999-08-27,23.5417,23.6458,22.875,23.2083,1015200
1999-08-30,23.5833,23.6458,22.6667,22.6667,308700
1999-08-31,22.8333,22.9167,21.7083,22.3542,2559000
1999-09-01,22.0833,22.5,21.2708,22.125,6295800
1999-09-02,22.125,23.0,21.9167,22.7292,1676100
1999-09-03,23.7083,24.3333,23.5417,24.25,1759200
1999-09-07,24.75,25.125,24.5,24.5208,2715000
1999-09-08,24.375,24.8333,24.0,24.375,2148900
1999-09-09,24.8333,25.6667,24.6875,25.5833,2412300
1999-09-10,25.6875,25.9792,25.25,25.625,1093800
1999-09-13,25.6875,25.6875,25.0417,25.1875,971100
1999-09-14,24.9375,25.25,24.5,24.875,2410500
1999-09-15,25.2292,25.3333,24.6042,25.0417,4202100
1999-09-16,25.0208,25.7292,24.6667,25.0833,3886800
1999-09-17,25.7917,26.3542,25.5625,25.8698,29675400
1999-09-20,26.3333,26.625,26.0833,26.5,4809600
1999-09-21,26.5417,26.7292,25.4375,25.4583,3757200
1999-09-22,26.2917,26.7083,25.9167,26.3333,4166700
1999-09-23,27.125,27.125,25.1667,25.25,3563700
1999-09-24,25.8542,26.2083,25.0,25.5833,4834800
1999-09-27,26.1667,26.5417,26.0417,26.1458,1745100
1999-09-28,26.1042,26.3333,25.3333,26.0625,2851800
1999-09-29,26.0,26.5833,25.75,26.1667,3744300
1999-09-30,26.4792,26.4792,24.5833,24.6875,6764700
1999-10-01,25.125,26.0,25.0,25.7708,3123300
1999-10-04,26.4167,27.8333,26.25,27.7292,4038600
1999-10-05,27.5417,28.4167,27.4167,28.2292,3878400
1999-10-06,28.2917,28.5833,27.8125,28.5,1281000
1999-10-07,28.9167,28.9167,27.6667,28.1667,3476400
1999-10-08,27.9167,28.0,27.0208,27.9583,2265900
1999-10-11,28.1667,29.4167,28.1667,29.1667,1677000
1999-10-12,28.875,28.9792,28.4167,28.4167,1648200
1999-10-13,28.0,28.5417,27.6667,27.9375,2157300
1999-10-14,27.8542,28.0,27.3333,27.6667,1350900
1999-10-15,27.0833,27.9583,26.7917,27.4792,1756500
1999-10-18,27.2292,27.25,25.6667,26.0625,3068400
1999-10-19,27.1875,27.5,26.5208,26.7292,4185000
1999-10-20,27.4583,27.8958,27.1667,27.875,3782400
1999-10-21,27.2917,28.2292,27.125,28.1042,2312700
1999-10-22,28.4583,29.3333,28.3958,29.1458,1506600
1999-10-25,28.8333,29.1458,28.6875,28.9583,1283100
1999-10-26,28.125,28.2917,27.9792,28.1042,1471500
1999-10-27,27.8958,28.0,26.9167,27.2917,1853400
1999-10-28,27.7083,28.8333,27.7083,28.75,974100
1999-10-29,28.9167,30.5833,28.9167,30.2917,3248400
1999-11-01,30.2917,30.625,29.875,29.9375,1190100
1999-11-02,31.5833,34.0,31.5833,33.375,7089000
1999-11-03,33.375,33.6667,32.5833,33.0417,3510600
1999-11-04,33.9583,34.0833,32.4583,32.9375,2499900
1999-11-05,33.5,33.8958,33.4167,33.8958,2100300
1999-11-08,34.9167,36.1667,34.7083,35.7917,3453000
1999-11-09,36.8333,37.0,35.875,36.1667,2221500
1999-11-10,35.0833,36.6458,34.9583,36.2292,2428200
1999-11-11,36.8333,37.0,35.9583,36.8958,1778100
1999-11-12,35.75,35.875,34.2083,35.3333,2387100
1999-11-15,35.8333,35.875,34.8125,35.0,1336800
1999-11-16,35.0417,35.3958,34.3125,35.1458,1856400
1999-11-17,36.0208,36.4792,35.2083,35.3125,1984500
1999-11-18,38.4583,39.7292,38.0417,39.1667,3497700
1999-11-19,38.5,38.8333,37.6667,38.25,2834700
1999-11-22,36.9167,37.2083,36.5417,36.8125,1726200
1999-11-23,37.0833,37.2708,36.5,36.7083,1770900
1999-11-24,37.1667,38.2083,36.8542,38.1458,1557000
1999-11-26,41.3333,41.4167,40.0,40.0208,1314000
1999-11-29,41.1667,41.625,40.75,40.7917,2660400
1999-11-30,40.4583,44.0,40.25,41.6875,8329800
1999-12-01,41.625,42.5208,41.5208,41.8125,3990000
1999-12-02,41.8125,42.1875,41.3125,42.0208,1619400
1999-12-03,43.5417,44.5417,43.2708,43.7917,2727000
1999-12-06,44.875,45.625,44.6667,45.625,3007500
1999-12-07,45.3333,45.9167,44.7083,45.9167,2061900
1999-12-08,45.0,46.0833,44.875,45.75,2403300
1999-12-09,48.3333,48.3333,44.6667,45.3333,3987600
1999-12-10,45.4167,45.9167,44.7083,45.6042,2105100
1999-12-13,44.875,45.9583,44.3958,45.0417,1577100
1999-12-14,46.4167,46.5833,42.0,42.4583,5064300
1999-12-15,41.3333,43.5417,41.0,42.25,3991200
1999-12-16,45.0,46.9583,44.6667,45.9375,2152800
1999-12-17,46.7917,47.6667,46.3333,46.3333,2567700
1999-12-20,48.1667,49.125,47.6667,47.875,1650000
1999-12-21,49.8333,49.875,49.0417,49.3333,2824800
1999-12-22,49.4167,49.6667,47.7083,48.9583,1356900
1999-12-23,49.6875,49.7083,49.1042,49.6667,397200
1999-12-27,51.25,51.3333,49.875,50.0,1417500
1999-12-28,50.0,50.0833,49.4583,49.5833,893400
1999-12-29,50.8333,51.0208,50.4167,50.625,464700
1999-12-30,51.3333,51.3333,49.1667,49.625,665700
1999-12-31,49.8333,50.8333,49.1875,50.4792,319200
2000-01-03,53.3333,53.6458,51.0,51.7292,1856400
2000-01-04,50.0,50.5833,48.2083,48.5,1470600
2000-01-05,46.9167,46.9792,43.5,45.7917,4674000
2000-01-06,44.5833,45.0,40.6667,42.1042,4291500
2000-01-07,41.75,44.0,41.75,43.7083,2491200
2000-01-10,46.25,48.0,45.9167,47.875,1276800
2000-01-11,47.125,48.2917,46.2083,46.5833,1582500
2000-01-12,47.8333,48.4792,46.9167,47.6667,1187400
2000-01-13,48.75,48.875,48.125,48.8125,1756800
2000-01-14,50.5,51.6667,50.375,51.2917,1702500
2000-01-18,51.5417,52.8333,51.4792,51.7083,949800
2000-01-19,51.125,51.8333,50.6667,51.6042,1080000
2000-01-20,55.0,56.6042,54.5208,55.8958,2167200
2000-01-21,57.3333,57.3333,55.4792,55.8333,1510500
2000-01-24,57.6667,58.0,54.3333,55.25,1718700
2000-01-25,55.875,57.1667,53.7083,56.9792,2193000
2000-01-26,57.0625,57.0625,53.6667,54.0,1592700
2000-01-27,54.8542,56.0208,53.9167,55.0,1930800
2000-01-28,56.0,57.0,54.2708,54.625,2268000
2000-01-31,54.7083,56.125,52.75,56.125,1808100
2000-02-01,56.1667,59.4583,55.3333,58.4167,2572800
2000-02-02,58.3542,59.2917,57.3542,58.8542,2444400
2000-02-03,61.2917,65.5,61.0625,64.375,2716200
2000-02-04,67.5,70.75,66.8333,68.7708,3096300
2000-02-07,69.5,70.0833,67.0833,68.2917,1663500
2000-02-08,73.0,73.875,71.6667,72.3333,3805500
2000-02-09,72.8333,73.3333,69.7083,69.7292,2617800
2000-02-10,70.8333,72.75,70.1667,71.7083,1564200
2000-02-11,70.7083,70.9167,67.375,68.6667,913800
2000-02-14,68.6667,70.0,68.1667,69.3333,876000
2000-02-15,68.0,69.6458,66.1667,69.4792,1330800
2000-02-16,65.0,65.6458,62.3333,64.3333,3159000
2000-02-17,65.6667,65.75,60.7083,61.875,3728100
2000-02-18,64.2917,64.3125,62.0208,62.0417,1771500
2000-02-22,65.7083,67.5833,64.8333,66.6667,2703600
2000-02-23,67.0,68.4167,66.0,68.0208,1313700
2000-02-24,67.5,68.0,65.8333,67.8542,1116900
2000-02-25,67.5,68.0,66.6667,66.8542,712200
2000-02-28,65.6667,68.2917,64.5,68.2917,1297800
2000-02-29,67.6667,67.7917,65.125,66.6667,2098500
2000-03-01,67.0,67.2708,64.6667,65.9167,2440200
2000-03-02,67.6667,68.3125,66.5417,66.75,1496100
2000-03-03,70.5833,70.9792,69.4375,70.9792,1504500
2000-03-06,70.9792,71.5,69.375,69.6667,1332600
2000-03-07,69.5833,69.6042,65.5833,65.75,1298400
2000-03-08,70.625,70.625,68.1667,69.5417,2363700
2000-03-09,69.6667,72.9583,69.0,72.8333,1692600
2000-03-10,70.8333,72.0,69.25,69.625,1424700
2000-03-13,67.1667,69.6667,66.875,68.3333,881700
2000-03-14,69.5,70.0,64.0,64.0833,1508400
2000-03-15,64.0,64.0,59.5,59.9167,2456100
2000-03-16,61.3333,62.0,57.8333,61.6667,2963100
2000-03-17,57.375,61.0833,57.375,60.6667,2325000
2000-03-20,64.5833,65.75,63.0833,63.7292,1693200
2000-03-21,64.2083,68.0,62.0,67.1667,2397900
2000-03-22,64.3333,66.3333,63.0833,65.9583,2413200
2000-03-23,64.6458,65.0833,62.125,63.5,2365800
2000-03-24,65.0,67.125,64.8333,66.1667,1305000
2000-03-27,67.1667,67.875,66.7083,66.9583,617100
2000-03-28,69.0,69.1667,66.3333,66.5,1736100
2000-03-29,66.6667,67.25,61.8333,62.0,1660200
2000-03-30,60.3333,60.9583,57.0,58.4167,2099100
2000-03-31,61.0417,63.8542,58.7083,62.3958,1566600
2000-04-03,59.375,59.6667,55.0625,55.75,2105700
2000-04-04,57.2917,57.2917,46.875,54.6667,4124700
2000-04-05,54.6667,60.3333,51.6667,58.5,4568100
2000-04-06,60.3333,62.25,60.0,61.8333,1544100
2000-04-07,63.0,65.1667,61.4167,65.1667,1020300
2000-04-10,64.2917,64.2917,59.6667,60.2083,1333500
2000-04-11,58.3333,59.8333,56.3333,57.3333,2436300
2000-04-12,58.7708,58.9167,52.875,52.9792,2076600
2000-04-13,56.4167,58.3333,54.6875,55.0,3533100
2000-04-14,55.0,55.3333,49.0833,51.5833,3618300
2000-04-17,53.5417,58.6667,53.5417,58.6667,4393800
2000-04-18,59.8333,65.0,58.6667,64.3958,3588300
2000-04-19,62.1667,62.8333,60.0417,60.7292,1551600
2000-04-20,61.5,61.9583,60.2708,61.5625,1462800
2000-04-24,61.0,61.1667,58.0417,59.3542,1909500
2000-04-25,60.0,64.3333,60.0,64.0625,1715400
2000-04-26,63.6667,64.3333,60.75,61.3333,1367400
2000-04-27,60.0,64.6667,56.6875,64.125,2843100
2000-04-28,63.6667,63.8333,62.5833,63.2292,1041000
2000-05-01,64.9167,66.9792,64.6667,65.5833,1664100
2000-05-02,65.0417,65.3333,63.6667,63.6667,1732500
2000-05-03,63.0833,63.2292,58.9583,60.3333,1815000
2000-05-04,60.6458,62.75,60.0,62.6667,1547700
2000-05-05,64.0,69.5417,64.0,68.1667,3000300
2000-05-08,65.6667,67.5833,65.1667,66.9167,3037500
2000-05-09,65.625,65.8125,62.0,63.0,917100
2000-05-10,62.125,62.1875,57.375,58.5,1310800
2000-05-11,61.375,63.5,60.5,63.5,836300
2000-05-12,64.25,66.0625,64.25,64.875,741200
2000-05-15,65.125,66.3125,64.0,65.8125,459900
2000-05-16,66.5,68.0625,66.375,67.5,612200
2000-05-17,64.75,66.5625,63.0,65.5625,1161100
2000-05-18,66.3125,66.875,63.5625,63.5625,414100
2000-05-19,61.75,61.875,59.125,60.625,865900
2000-05-22,59.75,59.8125,54.0625,56.875,1719800
2000-05-23,57.625,58.5,54.5,54.6875,1160700
2000-05-24,53.5,55.0,48.5,54.375,2279900
2000-05-25,55.875,58.875,55.5,55.8125,2111800
2000-05-26,58.375,58.8125,55.875,57.9375,1057800
2000-05-30,58.375,61.25,57.6875,61.125,909600
2000-05-31,59.0,61.875,57.875,60.0625,1662700
2000-06-01,60.875,67.0,60.5625,65.75,1533700
2000-06-02,68.625,69.9375,66.875,69.0938,4047100
2000-06-05,64.5,67.125,64.0,66.875,1942500
2000-06-06,65.5625,67.0,65.4375,65.4375,1625100
2000-06-07,64.1875,66.4375,63.625,65.5,792600
2000-06-08,67.25,68.0,66.0,67.125,1485400
2000-06-09,67.75,68.1875,67.375,67.6875,735800
2000-06-12,67.125,67.625,65.75,66.0625,779900
2000-06-13,65.25,65.6875,62.5,65.0,1164100
2000-06-14,65.5,66.125,62.8125,63.5,1264100
2000-06-15,62.75,64.375,61.75,63.8125,650900
2000-06-16,63.5625,63.5625,62.0625,62.0625,939000
2000-06-19,64.4375,68.0625,64.0,67.875,967000
2000-06-20,68.0625,69.9375,67.375,68.5625,2005500
2000-06-21,68.6875,69.875,68.0,69.25,1914300
2000-06-22,68.875,68.9375,63.25,63.25,994100
2000-06-23,67.375,68.0,65.625,65.75,1025700
2000-06-26,67.625,67.875,66.25,67.0,780400
2000-06-27,66.0625,67.3125,64.0625,64.3125,1021400
2000-06-28,64.5,66.25,64.4375,65.625,1547700
2000-06-29,63.5,63.5,60.0,60.5,1953700
2000-06-30,63.25,64.9375,62.5,64.1875,696000
2000-07-03,63.625,65.25,63.0625,65.25,471900
2000-07-05,59.8125,60.3125,58.125,58.3125,1925100
2000-07-06,59.875,61.75,59.125,61.4375,2520100
2000-07-07,62.6875,64.0625,62.1875,63.6875,1596400
2000-07-10,63.5625,64.5625,62.125,62.75,541900
2000-07-11,62.75,64.5,61.9375,63.0,1583900
2000-07-12,63.5,64.25,62.875,64.0,945500
2000-07-13,64.4219,64.6875,63.4375,64.0625,956000
2000-07-14,65.0,66.25,64.1875,66.25,987500
2000-07-17,66.9375,68.125,66.125,67.875,1282600
2000-07-18,65.0,65.0,62.875,64.3125,1562800
2000-07-19,63.5,64.25,62.375,62.625,751100
2000-07-20,65.125,65.4375,62.75,63.625,2087700
2000-07-21,63.75,64.125,61.75,61.9375,1514100
2000-07-24,61.8125,61.8125,59.75,60.1875,1132800
2000-07-25,63.25,63.5,61.6875,63.0,1120100
2000-07-26,63.125,63.125,59.875,60.625,1660700
2000-07-27,59.0,59.125,54.5,55.0,5790500
2000-07-28,56.0625,56.5,54.0,54.6875,2725000
2000-07-31,56.25,56.9375,55.125,56.9375,1726700
2000-08-01,57.8125,57.9375,56.1875,56.3125,1222000
2000-08-02,55.25,56.125,54.6875,55.7344,1538000
2000-08-03,50.75,53.875,50.5625,53.625,4305600
2000-08-04,54.5,54.75,52.25,52.75,1258700
2000-08-07,52.9375,54.25,51.75,54.125,2116600
2000-08-08,53.25,53.5625,51.5625,52.1875,1646300
2000-08-09,55.25,56.0625,54.625,55.0625,1249000
2000-08-10,56.25,57.0,55.1875,55.625,1190500
2000-08-11,55.5625,56.4375,54.5625,56.4375,507600
2000-08-14,56.5625,58.5,56.1875,58.5,951700
2000-08-15,60.125,62.75,59.625,61.75,3227100
2000-08-16,60.125,61.375,59.75,60.25,1527800
2000-08-17,60.375,62.0,60.125,61.875,1253800
2000-08-18,62.5625,63.1875,62.0625,62.875,1880800
2000-08-21,62.1875,62.25,60.0625,60.9375,803000
2000-08-22,60.6875,61.25,60.375,60.875,765400
2000-08-23,59.0,61.375,58.5,61.1875,1250500
2000-08-24,60.25,60.75,59.625,60.5,1457700
2000-08-25,61.3125,61.3125,59.9375,60.1875,516900
2000-08-28,60.625,61.0,60.1875,60.5625,291000
2000-08-29,60.3125,60.75,59.8125,60.625,380500
2000-08-30,60.25,60.375,59.75,60.0,565000
2000-08-31,60.625,61.9375,60.4375,61.6875,640900
2000-09-01,62.625,63.3125,62.125,62.8125,777900
2000-09-05,61.8125,62.1875,60.625,61.25,629200
2000-09-06,58.9375,59.0,57.3125,57.375,1605500
2000-09-07,57.25,58.5,56.9375,58.3125,1758900
2000-09-08,57.375,57.375,55.75,55.75,839400
2000-09-11,55.25,56.125,53.8125,54.1875,1173300
2000-09-12,55.125,55.625,53.1875,53.1875,1542200
2000-09-13,53.3125,55.5,53.0625,55.0,1260900
2000-09-14,56.9375,57.125,55.0625,55.75,1077700
2000-09-15,56.375,56.5625,54.25,54.625,809100
2000-09-18,54.625,54.9375,52.5,52.875,846300
2000-09-19,53.0,55.625,52.9375,55.375,1557700
2000-09-20,54.5,54.625,51.4375,53.375,2162000
2000-09-21,52.8125,53.5,51.0,51.0,888100
2000-09-22,50.25,53.5,50.25,53.375,2361200
2000-09-25,54.25,54.3125,50.625,50.875,918200
2000-09-26,51.875,52.25,50.5,51.25,1373500
2000-09-27,52.875,53.125,50.0,50.3125,1958500
2000-09-28,51.0,53.1875,50.5625,53.0625,1390700
2000-09-29,51.625,51.875,46.9375,47.75,3535700
2000-10-02,49.8125,50.1875,48.1875,48.75,2990200
2000-10-03,51.0,51.25,49.0625,49.3125,1837600
2000-10-04,48.875,50.3125,48.0625,50.125,1913000
2000-10-05,49.25,49.5,47.8125,48.4375,1438300
2000-10-06,46.875,47.1875,44.9375,45.25,2248600
2000-10-09,45.1875,45.75,43.25,45.0,1609100
2000-10-10,45.0,45.0,41.75,41.875,3007400
2000-10-11,40.75,44.3125,40.75,41.75,4041800
2000-10-12,42.5625,42.9375,40.0625,41.5,2110200
2000-10-13,41.75,46.0625,41.75,45.9375,2312400
2000-10-16,45.75,46.5,44.5,44.6875,1853800
2000-10-17,43.9375,44.0,41.4375,41.5,1999500
2000-10-18,40.75,44.75,40.25,44.25,3135900
2000-10-19,47.375,50.375,46.75,50.3125,2013700
2000-10-20,48.9375,51.875,48.625,50.4375,2495800
2000-10-23,48.9375,50.3125,48.8125,50.3125,1751500
2000-10-24,49.25,49.875,47.375,47.4375,2446300
2000-10-25,46.0625,47.1875,45.1875,45.3125,2433100
2000-10-26,46.5,48.75,45.75,48.6875,2769500
2000-10-27,49.0,49.5625,47.25,47.875,1416900
2000-10-30,47.75,48.9375,46.8125,48.1875,1210200
2000-10-31,48.75,52.375,48.6875,51.9375,1539900
2000-11-01,50.0,51.75,49.625,51.5625,2004500
2000-11-02,51.625,52.25,48.75,49.9375,5570600
2000-11-03,50.375,51.625,49.875,51.1875,4210800
2000-11-06,51.5,51.875,50.875,51.25,966800
2000-11-07,49.75,49.75,48.3125,48.6875,1882100
2000-11-08,48.5,48.5,45.625,46.0,3017100
2000-11-09,45.3125,46.4375,43.875,45.5,1755000
2000-11-10,43.75,43.875,41.0,41.0,3222000
2000-11-13,41.0625,44.5625,40.6875,43.5,3029300
2000-11-14,44.25,45.5,43.875,45.375,1368400
2000-11-15,45.4375,46.875,45.4375,45.75,1317500
2000-11-16,44.25,44.9375,43.0,43.125,1038000
2000-11-17,43.9375,44.75,42.4375,43.5,771800
2000-11-20,41.5,43.1875,40.6875,41.375,1654900
2000-11-21,42.5,42.875,41.5,41.9375,1467300
2000-11-22,41.5625,42.6875,40.8125,41.625,1325300
2000-11-24,44.5625,45.0,43.9375,44.25,852300
2000-11-27,46.0625,46.5,45.125,45.375,1617600
2000-11-28,44.625,44.8125,41.8125,42.375,1388400
2000-11-29,43.9375,44.3125,41.625,42.875,2261300
2000-11-30,42.0625,42.875,39.0625,40.75,3250600
2000-12-01,43.625,44.75,42.375,42.4375,1512700
2000-12-04,43.625,44.625,43.0625,44.3125,1100400
2000-12-05,45.25,50.0625,45.1875,49.875,2632100
2000-12-06,48.8125,49.5,47.25,47.8125,1302600
2000-12-07,47.1875,47.625,46.375,47.5,931700
2000-12-08,49.375,49.8125,48.1875,48.75,1739000
2000-12-11,49.125,51.4375,48.75,50.6875,2379600
2000-12-12,49.5625,49.8125,47.75,48.0625,1060200
2000-12-13,46.5625,46.6875,45.3125,45.5,1475300
2000-12-14,46.25,47.0,45.8125,45.8125,1233200
2000-12-15,46.0625,46.25,44.5,45.8125,1711100
2000-12-18,46.1875,46.4375,43.625,44.0,1294300
2000-12-19,44.625,47.0,44.1875,44.1875,1764700
2000-12-20,43.0,44.0,40.6875,41.375,2269800
2000-12-21,41.9375,43.0,40.75,41.875,3336100
2000-12-22,43.3125,43.6875,42.5625,43.5,1628100
2000-12-26,43.25,43.875,42.125,43.1875,1265700
2000-12-27,43.3125,44.5,43.0,44.3125,1200700
2000-12-28,44.0,44.8125,43.4375,44.5,559100
2000-12-29,44.1875,44.5625,42.4375,42.8125,659400
2001-01-02,41.0,42.0,39.5,40.3125,1803400
2001-01-03,37.6875,44.625,37.0,44.25,4420400
2001-01-04,42.5625,44.4375,42.25,42.6875,1833300
2001-01-05,44.25,44.5,41.0,41.1875,2431400
2001-01-08,41.375,42.25,40.4375,42.0625,1234400
2001-01-09,40.375,41.125,39.1875,40.3125,2100300
2001-01-10,39.0,41.25,38.875,41.0,1517600
2001-01-11,40.0,44.1875,39.875,43.75,3644700
2001-01-12,43.6875,44.625,42.6875,44.0625,2451800
2001-01-16,42.6875,42.6875,41.25,41.8125,1386600
2001-01-17,44.0625,45.625,44.0625,44.8125,2222300
2001-01-18,45.75,47.875,44.875,47.875,2582600
2001-01-19,48.4375,48.5,45.625,45.625,1327000
2001-01-22,45.6875,47.875,45.5,47.0625,1281200
2001-01-23,45.4375,46.9375,45.25,46.5,1814900
2001-01-24,46.3125,46.625,45.125,45.1875,1485000
2001-01-25,45.625,46.125,44.25,44.5625,1738400
2001-01-26,44.3125,45.8125,43.8125,45.5625,1619000
2001-01-29,44.67,45.2,44.13,45.2,925500
2001-01-30,45.25,46.25,44.71,46.04,1472900
2001-01-31,46.5,48.7,46.5,47.22,1738700
2001-02-01,47.3,47.6,46.25,46.25,1060600
2001-02-02,45.85,46.12,44.61,44.7,1112900
2001-02-05,44.4,44.49,42.79,43.62,945600
2001-02-06,43.38,45.0,43.38,44.1,973800
2001-02-07,43.1,43.34,41.2,41.8,1508500
2001-02-08,42.11,42.3,40.51,40.51,1092700
2001-02-09,39.79,40.0,38.55,38.93,1318000
2001-02-12,40.11,41.1,39.65,40.88,1516600
2001-02-13,40.54,41.6,40.27,40.34,969900
2001-02-14,39.3,41.5,38.82,41.5,1966600
2001-02-15,41.25,42.96,40.9,41.75,2660800
2001-02-16,39.5,39.98,39.1,39.18,1509800
2001-02-20,38.99,39.0,36.1,36.15,1568500
2001-02-21,36.16,37.45,35.5,35.61,2094000
2001-02-22,35.5,36.15,34.5,35.1,1733200
2001-02-23,33.6,34.9,32.5,34.2,1876900
2001-02-26,34.54,34.78,33.25,34.15,921200
2001-02-27,33.72,34.7,33.12,33.12,1713100
2001-02-28,32.55,32.94,31.2,31.4,3477500
2001-03-01,29.8,31.96,29.35,31.65,2536400
2001-03-02,30.75,33.95,30.75,32.34,2212900
2001-03-05,33.15,35.0,33.08,34.55,2425100
2001-03-06,36.7,37.17,36.1,36.1,3525500
2001-03-07,37.1,37.55,36.25,36.95,1890600
2001-03-08,37.05,37.59,36.45,36.75,1105300
2001-03-09,34.89,35.13,33.85,34.0,1456600
2001-03-12,32.15,33.3,31.0,31.1,2521900
2001-03-13,32.85,33.5,32.0,33.25,1924300
2001-03-14,31.5,33.7,31.2,33.6,1773000
2001-03-15,34.55,34.95,32.5,32.69,1997900
2001-03-16,32.65,33.28,32.04,32.32,1561300
2001-03-19,33.0,34.55,32.65,34.55,3168900
2001-03-20,34.72,35.15,33.16,33.18,1607100
2001-03-21,33.17,34.45,32.76,33.74,1826500
2001-03-22,33.72,36.2,32.7,35.78,2131100
2001-03-23,36.09,37.15,35.38,36.85,1911100
2001-03-26,37.5,37.83,36.79,37.21,1493300
2001-03-27,37.0,38.4,36.65,38.0,1639100
2001-03-28,36.3,36.5,34.91,34.91,1601500
2001-03-29,34.84,36.05,34.15,34.55,1696600
2001-03-30,35.57,35.75,33.9,34.17,1490200
2001-04-02,33.25,34.13,32.2,32.57,1443000
2001-04-03,32.7,32.85,31.05,31.5,1981000
2001-04-04,32.82,33.45,31.3,31.89,2464700
2001-04-05,33.31,35.7,33.31,35.41,1902200
2001-04-06,34.1,34.85,33.01,33.46,1956200
2001-04-09,34.35,34.75,32.4,33.45,1598400
2001-04-10,33.71,35.91,33.71,35.79,1862800
2001-04-11,37.3,37.8,36.55,36.99,4255400
2001-04-12,36.1,38.97,36.1,38.61,1587200
2001-04-16,37.6,38.15,36.76,36.98,1221300
2001-04-17,35.18,36.63,35.04,36.15,1857500
2001-04-18,37.71,41.12,37.64,40.01,3572600
2001-04-19,37.6,40.69,37.35,40.4,4433800
2001-04-20,38.79,40.0,38.3,38.75,1917100
2001-04-23,38.25,38.26,36.97,37.17,1510700
2001-04-24,37.95,38.55,36.6,36.75,1511800
2001-04-25,37.15,38.37,36.86,37.97,983600
2001-04-26,38.24,38.46,36.75,37.06,826900
2001-04-27,38.98,39.25,38.39,39.0,889500
2001-04-30,39.6,40.74,39.56,40.45,1584700
2001-05-01,40.4,41.11,39.7,41.1,946000
2001-05-02,41.08,41.5,40.66,41.2,1494800
2001-05-03,40.18,40.33,39.05,39.58,1238700
2001-05-04,38.9,40.16,38.62,40.15,1216500
2001-05-07,39.65,40.33,39.47,39.54,986900
2001-05-08,39.3,39.45,38.78,39.37,840900
2001-05-09,38.39,38.65,37.98,38.03,733500
2001-05-10,39.54,39.82,38.62,38.66,1366700
2001-05-11,38.91,39.29,38.4,38.67,1061000
2001-05-14,38.28,38.29,37.75,38.06,640300
2001-05-15,38.47,39.46,38.19,38.5,1263800
2001-05-16,37.97,40.12,37.85,39.84,2647500
2001-05-17,39.81,40.4,39.47,39.99,1304900
2001-05-18,39.58,40.15,39.33,40.06,834800
2001-05-21,39.7,42.27,39.5,42.25,1682600
2001-05-22,42.25,42.3,41.35,41.75,1205900
2001-05-23,40.55,40.95,39.84,40.0,1088400
2001-05-24,40.46,40.75,39.85,40.4,871400
2001-05-25,40.42,41.0,40.19,40.52,514100
2001-05-29,39.15,39.29,38.02,38.02,864900
2001-05-30,36.95,36.99,35.2,35.54,1814200
2001-05-31,35.54,36.06,35.18,35.55,1002600
2001-06-01,34.72,35.65,33.85,35.23,1688600
2001-06-04,35.55,36.0,35.14,35.49,1766800
2001-06-05,36.08,37.27,35.97,37.11,1249900
2001-06-06,37.15,37.49,36.05,36.14,1506000
2001-06-07,36.48,38.95,36.47,38.71,1833700
2001-06-08,38.2,38.5,38.05,38.25,1202900
2001-06-11,37.45,37.52,37.02,37.09,767500
2001-06-12,34.34,35.58,33.92,35.28,2194800
2001-06-13,34.9,35.37,34.1,34.1,1553000
2001-06-14,32.05,33.28,32.0,33.2,3150700
2001-06-15,31.6,32.69,31.4,32.0,2104400
2001-06-18,32.15,33.0,31.78,31.9,1136500
2001-06-19,33.35,33.48,31.81,32.05,1152000
2001-06-20,30.8,31.39,30.51,31.35,2409400
2001-06-21,30.92,31.5,30.55,31.25,943300
2001-06-22,31.6,31.88,30.65,30.65,1014100
2001-06-25,32.35,32.46,31.6,31.98,1108900
2001-06-26,31.5,32.14,31.36,31.7,871000
2001-06-27,31.72,32.14,31.3,31.65,717400
2001-06-28,32.2,33.4,32.2,32.87,1142200
2001-06-29,33.19,34.6,33.1,33.49,1285400
2001-07-02,33.58,34.35,33.32,33.85,709600
2001-07-03,33.6,33.65,33.05,33.18,678500
2001-07-05,30.83,31.4,30.66,31.33,1729300
2001-07-06,29.78,31.12,28.5,29.01,1640900
2001-07-09,28.9,29.34,28.69,28.95,605700
2001-07-10,29.54,29.7,28.2,28.35,1298400
2001-07-11,28.15,28.7,27.9,28.41,1347200
2001-07-12,29.24,30.09,28.93,30.07,1785000
2001-07-13,29.43,30.63,29.3,29.8,860500
2001-07-16,30.1,30.55,28.75,28.85,861300
2001-07-17,28.47,29.9,28.05,29.0,1406700
2001-07-18,28.35,28.68,27.7,27.98,973900
2001-07-19,28.78,29.22,28.6,28.82,1040000
2001-07-20,28.61,29.1,28.51,28.87,622900
2001-07-23,29.4,29.6,28.6,28.65,589700
2001-07-24,29.18,29.59,28.72,28.82,1016400
2001-07-25,29.22,29.5,28.27,29.09,1012300
2001-07-26,29.47,30.35,29.0,30.3,1400000
2001-07-27,30.76,31.68,30.5,31.5,1464800
2001-07-30,31.6,32.52,31.4,31.73,1257700
2001-07-31,31.95,32.75,31.44,31.84,710000
2001-08-01,33.81,34.9,33.81,34.5,2952800
2001-08-02,35.26,35.44,34.13,34.6,1461500
2001-08-03,34.0,34.0,33.25,33.68,814500
2001-08-06,32.72,33.19,32.6,33.13,596300
2001-08-07,32.73,33.39,32.51,33.17,700600
2001-08-08,32.29,32.65,31.37,31.38,1866900
2001-08-09,31.52,32.15,31.26,31.9,801800
2001-08-10,31.66,32.33,31.41,32.16,920800
2001-08-13,33.26,33.47,32.88,33.27,963300
2001-08-14,33.84,33.95,33.0,33.15,1041000
2001-08-15,33.39,33.75,32.53,32.54,1073600
2001-08-16,32.3,33.1,32.08,33.0,1379100
2001-08-17,31.9,32.2,31.36,31.39,891400
2001-08-20,31.91,32.2,31.6,32.0,775600
2001-08-21,32.55,33.0,31.75,31.8,1205300
2001-08-22,32.88,33.0,32.2,32.64,1428900
2001-08-23,32.75,33.1,32.72,33.0,1326800
2001-08-24,33.92,35.2,33.92,35.2,1782000
2001-08-27,34.95,35.27,34.71,34.9,767100
2001-08-28,34.5,34.57,33.46,33.5,1485000
2001-08-29,33.35,33.5,32.4,32.4,1489300
2001-08-30,31.65,31.9,31.0,31.3,1556100
2001-08-31,30.5,30.75,30.29,30.73,1870800
2001-09-04,29.98,30.5,29.7,29.7,1506100
2001-09-05,29.34,29.35,28.4,29.0,1268300
2001-09-06,26.59,26.99,25.25,25.5,4114000
2001-09-07,25.75,26.64,25.5,26.28,2447500
2001-09-10,26.0,26.95,25.92,26.54,1766600
2001-09-17,23.08,24.25,22.7,23.1,1840000
2001-09-18,22.32,22.45,21.02,21.19,2266300
2001-09-19,21.92,22.17,20.02,21.05,2401600
2001-09-20,19.8,20.64,19.45,19.5,2770600
2001-09-21,17.9,19.26,17.89,19.0,1537100
2001-09-24,19.85,20.79,19.8,20.47,1783900
2001-09-25,21.69,21.85,20.83,21.3,1874800
2001-09-26,21.29,21.37,20.42,21.0,3929800
2001-09-27,19.62,20.4,19.28,20.36,3037900
2001-09-28,21.25,21.9,21.08,21.49,2166200
2001-10-01,21.49,22.08,21.31,21.75,3293100
2001-10-02,21.51,22.2,21.46,21.86,1746100
2001-10-03,21.52,23.9,21.36,23.65,3177000
2001-10-04,24.3,25.5,23.75,24.58,2477800
2001-10-05,24.45,25.25,24.02,24.89,1604700
2001-10-08,24.19,25.86,24.05,25.73,2092400
2001-10-09,25.73,26.0,24.8,24.8,1557800
2001-10-10,25.38,27.0,25.3,26.96,1951300
2001-10-11,27.63,28.8,27.59,28.34,3015900
2001-10-12,27.38,27.9,26.8,27.78,1779400
2001-10-15,26.82,26.85,25.76,26.25,1416100
2001-10-16,27.06,28.0,26.85,27.69,1526700
2001-10-17,29.2,29.2,27.35,27.35,2565800
2001-10-18,27.49,27.69,26.7,27.26,2181300
2001-10-19,26.99,27.33,26.37,27.07,1176100
2001-10-22,27.0,28.43,27.0,28.3,2197400
2001-10-23,28.84,29.35,28.6,28.6,2466200
2001-10-24,29.2,30.07,29.19,29.9,2030300
2001-10-25,28.76,29.95,28.4,29.93,3140400
2001-10-26,30.11,30.76,29.86,30.3,1702300
2001-10-29,30.5,30.6,28.91,28.91,3251100
2001-10-30,28.24,28.24,26.95,27.23,2328200
2001-10-31,28.49,28.79,27.8,27.97,1794200
2001-11-01,28.75,29.62,28.09,29.62,1191600
2001-11-02,29.62,30.2,29.31,29.5,1327700
2001-11-05,30.3,30.99,30.3,30.95,2135900
2001-11-06,30.14,31.5,30.05,31.45,1590200
2001-11-07,31.0,32.21,31.0,31.43,1727400
2001-11-08,32.58,32.91,31.51,31.51,2345700
2001-11-09,31.8,32.25,31.64,31.77,1415700
2001-11-12,31.35,31.96,30.8,31.75,1197700
2001-11-13,32.66,33.42,32.4,33.37,1405000
2001-11-14,34.4,34.5,33.62,33.8,2338400
2001-11-15,33.69,35.0,33.69,34.55,1764300
2001-11-16,35.17,35.55,34.57,35.0,1854300
2001-11-19,35.62,35.75,34.92,35.35,2230000
2001-11-20,34.2,34.41,32.4,32.4,2175600
2001-11-21,33.03,33.2,32.62,33.05,1952400
2001-11-23,34.34,34.64,34.05,34.55,792200
2001-11-26,35.21,35.9,35.1,35.85,1602200
2001-11-27,34.53,35.1,33.95,34.3,1573100
2001-11-28,33.54,33.75,32.7,32.71,857700
2001-11-29,33.65,33.86,32.95,33.75,1245300
2001-11-30,33.96,34.35,33.35,33.65,1649400
2001-12-03,33.04,33.35,32.82,32.99,1658600
2001-12-04,34.0,34.48,33.8,34.45,2434600
2001-12-05,36.0,38.37,35.97,37.89,2519300
2001-12-06,37.42,38.01,36.8,37.1,1779000
2001-12-07,35.8,36.14,33.87,33.99,3257200
2001-12-10,32.9,33.24,32.0,32.08,2873500
2001-12-11,32.42,32.92,32.14,32.44,2766800
2001-12-12,32.69,32.75,31.54,32.2,2030300
2001-12-13,30.6,31.34,30.0,30.01,2116400
2001-12-14,31.7,31.9,31.13,31.5,1283800
2001-12-17,32.35,33.28,32.34,32.88,1541500
2001-12-18,33.31,33.39,32.6,33.08,1333400
2001-12-19,31.5,32.51,31.44,32.13,1642200
2001-12-20,31.4,31.6,30.55,30.57,1245500
2001-12-21,31.05,31.99,31.05,31.31,1363200
2001-12-24,31.01,31.17,30.5,30.5,274300
2001-12-26,30.5,31.7,30.5,31.23,307100
2001-12-27,31.72,32.0,31.72,31.85,330300
2001-12-28,31.95,32.1,31.68,31.91,535600
2001-12-31,32.0,32.15,31.64,31.67,478300
2002-01-02,33.1,33.7,32.78,33.7,2299100
2002-01-03,34.42,35.81,34.36,35.61,2141200
2002-01-04,35.45,35.53,34.19,35.22,1546900
2002-01-07,34.94,35.12,33.72,34.19,1118200
2002-01-08,33.35,33.9,33.26,33.68,1295100
2002-01-09,33.76,34.38,33.27,33.29,1682800
2002-01-10,33.7,33.77,33.0,33.22,1292800
2002-01-11,33.28,33.56,32.75,32.9,1669400
2002-01-14,32.4,32.54,31.65,31.8,2475800
2002-01-15,32.47,32.86,32.2,32.43,1073900
2002-01-16,31.3,31.53,30.5,30.5,1639100
2002-01-17,31.55,31.57,30.82,31.56,1526400
2002-01-18,30.46,30.97,30.32,30.71,1413000
2002-01-22,30.65,30.65,29.51,29.52,1070300
2002-01-23,29.65,30.94,29.4,30.76,2831300
2002-01-24,31.45,31.83,31.26,31.42,1952000
2002-01-25,30.5,31.16,30.3,31.09,823800
2002-01-28,30.95,31.2,30.62,30.9,875500
2002-01-29,31.33,31.6,30.26,30.49,1091100
2002-01-30,30.45,31.2,30.16,31.2,1768000
2002-01-31,31.35,31.55,30.82,31.31,889400
2002-02-01,31.1,31.31,30.58,30.75,1029400
2002-02-04,30.5,30.65,29.97,30.13,798600
2002-02-05,29.94,30.21,29.58,29.65,923700
2002-02-06,29.81,30.1,29.29,29.7,917700
2002-02-07,29.99,30.5,29.3,29.32,1195600
2002-02-08,29.74,30.2,29.3,30.18,859400
2002-02-11,30.2,30.9,30.2,30.9,746400
2002-02-12,30.22,30.74,30.0,30.02,713200
2002-02-13,30.25,31.02,30.23,30.94,888200
2002-02-14,31.19,31.2,30.65,30.65,937400
2002-02-15,30.85,31.1,30.2,30.35,758500
2002-02-19,29.4,29.55,28.79,28.79,899200
2002-02-20,29.55,29.99,28.81,29.99,1613800
2002-02-21,29.1,29.3,28.06,28.06,1198700
2002-02-22,27.86,28.29,27.62,28.02,914800
2002-02-25,28.1,29.16,28.1,29.0,1177700
2002-02-26,29.19,29.27,28.49,28.5,925700
2002-02-27,29.38,29.74,28.6,28.98,1788100
2002-02-28,29.82,30.05,29.4,29.46,1565200
2002-03-01,29.79,31.48,29.79,31.47,1476900
2002-03-04,31.97,33.63,31.59,33.2,1887000
2002-03-05,32.62,33.55,32.53,33.26,1611600
2002-03-06,32.99,33.9,32.89,33.86,1620400
2002-03-07,34.19,34.5,33.72,34.16,1331200
2002-03-08,34.23,34.94,34.09,34.75,1448100
2002-03-11,33.65,34.61,33.6,33.87,1439100
2002-03-12,32.69,33.18,32.5,33.16,1181800
2002-03-13,33.06,33.42,32.44,32.44,1355500
2002-03-14,33.04,33.49,32.95,33.22,834500
2002-03-15,32.55,33.33,32.5,33.2,1026500
2002-03-18,34.1,34.22,33.92,34.02,1321100
2002-03-19,34.27,34.5,34.09,34.2,943300
2002-03-20,33.61,33.98,33.3,33.3,838600
2002-03-21,33.5,34.0,33.25,33.91,935300
2002-03-22,33.7,33.85,33.0,33.0,600300
2002-03-25,33.55,33.75,32.65,32.65,560300
2002-03-26,32.95,34.05,32.95,33.61,791700
2002-03-27,33.15,33.3,33.0,33.0,1157700
2002-03-28,33.4,33.92,33.4,33.92,822800
2002-04-01,33.73,34.44,33.43,34.26,665600
2002-04-02,33.6,33.75,33.15,33.15,937100
2002-04-03,32.89,33.15,32.4,32.52,1332400
2002-04-04,32.12,32.4,31.81,32.25,1104300
2002-04-05,32.03,32.25,31.57,31.67,690300
2002-04-08,30.25,31.37,30.25,31.31,1048400
2002-04-09,31.29,31.53,30.67,30.85,1462300
2002-04-10,31.17,31.91,31.05,31.51,1521900
2002-04-11,30.85,31.18,30.4,30.5,1120600
2002-04-12,30.66,30.87,30.37,30.77,985300
2002-04-15,30.84,31.09,30.42,31.05,1307900
2002-04-16,32.45,33.24,32.39,33.19,1258200
2002-04-17,33.63,33.7,33.26,33.35,1023800
2002-04-18,32.44,32.47,31.9,32.16,1384400
2002-04-19,32.45,32.45,31.56,31.58,1267700
2002-04-22,30.99,31.03,30.6,30.65,1057300
2002-04-23,31.4,31.8,31.05,31.13,1357200
2002-04-24,31.97,31.97,30.78,30.79,2104300
2002-04-25,30.98,31.22,30.75,31.11,1365800
2002-04-26,31.51,31.76,30.35,30.42,1871800
2002-04-29,30.71,30.94,30.29,30.45,725500
2002-04-30,30.35,31.15,30.35,30.79,748100
2002-05-01,30.89,31.44,30.29,31.07,904600
2002-05-02,30.81,31.28,30.2,30.26,1842700
2002-05-03,29.99,30.04,28.16,28.6,5847300
2002-05-06,29.19,29.45,28.46,28.51,1499000
2002-05-07,28.74,28.89,28.14,28.36,1777700
2002-05-08,29.4,30.82,29.4,30.8,3218800
2002-05-09,29.85,30.06,29.37,29.5,2087000
2002-05-10,29.56,29.68,28.13,28.24,2423900
2002-05-13,29.06,29.63,28.82,29.55,1690300
2002-05-14,30.12,30.62,30.08,30.41,1911000
2002-05-15,30.07,30.95,29.81,30.3,960600
2002-05-16,30.16,30.8,29.99,30.54,687000
2002-05-17,31.15,31.24,30.51,30.62,618100
2002-05-20,30.55,30.69,30.15,30.21,962200
2002-05-21,30.32,30.51,29.39,29.42,1642200
2002-05-22,29.06,29.41,28.68,29.25,1717100
2002-05-23,29.26,29.38,28.61,29.29,959200
2002-05-24,28.54,28.9,28.41,28.6,1516400
2002-05-28,29.22,29.36,28.72,29.08,985500
2002-05-29,28.17,28.3,28.03,28.04,885600
2002-05-30,27.27,27.65,26.96,27.38,2677200
2002-05-31,27.65,27.7,26.9,26.9,1119300
2002-06-03,27.0,27.04,25.75,25.81,1201500
2002-06-04,25.53,25.78,24.92,25.65,2324300
2002-06-05,25.7,26.0,24.86,25.35,1007900
2002-06-06,25.23,25.23,24.39,24.64,1186100
2002-06-07,22.85,23.85,22.77,23.85,4241800
2002-06-10,23.77,23.95,23.42,23.59,1504900
2002-06-11,23.81,23.89,23.05,23.15,898600
2002-06-12,22.85,23.39,22.32,23.37,1104900
2002-06-13,22.53,22.95,21.85,21.96,2387000
2002-06-14,21.69,22.97,21.38,22.74,1511800
2002-06-17,23.16,23.79,23.04,23.79,954900
2002-06-18,23.3,23.89,22.85,22.85,866400
2002-06-19,22.79,23.16,22.28,22.41,1544700
2002-06-20,23.07,23.18,22.14,22.21,1722900
2002-06-21,23.0,23.29,22.5,22.54,1655700
2002-06-24,22.47,23.23,22.29,23.15,1678300
2002-06-25,23.2,23.34,22.4,22.47,1293800
2002-06-26,21.79,22.5,21.78,22.3,2037600
2002-06-27,23.49,24.22,23.22,24.15,2344100
2002-06-28,24.26,25.0,24.09,24.33,1019900
2002-07-01,24.91,25.08,23.55,23.66,1418900
2002-07-02,23.75,23.89,22.65,22.72,1697800
2002-07-03,22.5,23.36,22.17,23.3,1813200
2002-07-05,23.8,24.85,23.8,24.85,1000200
2002-07-08,25.25,25.42,24.65,24.75,1368500
2002-07-09,24.51,24.75,23.9,23.96,1574600
2002-07-10,23.69,23.74,22.76,22.78,1432200
2002-07-11,22.7,23.9,22.4,23.9,2512900
2002-07-12,23.48,23.69,22.78,22.89,1536400
2002-07-15,23.08,24.25,22.55,24.17,1139600
2002-07-16,23.76,24.65,23.51,23.8,2242700
2002-07-17,25.45,25.89,25.0,25.17,1745100
2002-07-18,25.77,26.29,25.16,25.2,2372200
2002-07-19,24.88,25.08,24.01,24.01,1370300
2002-07-22,23.88,24.22,23.0,23.25,1597200
2002-07-23,23.23,23.4,22.5,22.5,1137600
2002-07-24,21.85,23.35,21.69,23.18,2521700
2002-07-25,22.4,22.44,20.75,21.5,1851800
2002-07-26,21.3,21.3,20.48,20.81,2225200
2002-07-29,21.22,22.2,20.77,21.56,5719900
2002-07-30,21.26,22.0,21.14,21.92,2015000
2002-07-31,21.48,21.48,20.76,21.29,1076000
2002-08-01,21.0,21.11,20.02,20.02,1094300
2002-08-02,19.85,19.85,18.82,19.12,1193800
2002-08-05,18.77,19.01,17.55,17.58,1222900
2002-08-06,18.37,19.23,18.37,18.8,1235800
2002-08-07,19.51,19.89,18.5,19.05,942500
2002-08-08,19.2,20.0,18.81,19.99,932900
2002-08-09,19.3,19.95,19.08,19.35,609500
2002-08-12,19.44,19.65,19.26,19.45,621300
2002-08-13,19.1,19.73,18.72,18.72,843300
2002-08-14,18.9,19.7,18.32,19.62,1064400
2002-08-15,19.5,20.4,19.4,20.25,1313400
2002-08-16,19.35,20.67,19.25,20.58,2256900
2002-08-19,20.77,21.9,20.67,21.6,2061900
2002-08-20,21.54,21.6,21.03,21.03,1025100
2002-08-21,22.45,22.88,21.9,22.67,1658200
2002-08-22,22.39,23.09,22.25,22.76,1100100
2002-08-23,22.04,22.15,21.2,21.32,843400
2002-08-26,21.7,21.8,21.2,21.8,1117800
2002-08-27,21.92,21.93,21.04,21.05,1621200
2002-08-28,20.62,20.77,20.03,20.32,960500
2002-08-29,20.21,20.75,19.95,20.53,1766000
2002-08-30,20.19,20.6,20.02,20.14,716600
2002-09-03,19.51,19.57,18.84,18.85,1040300
2002-09-04,19.13,19.46,18.7,19.37,1672000
2002-09-05,18.21,18.34,17.92,18.07,1443700
2002-09-06,18.9,19.15,18.75,19.02,1639300
2002-09-09,18.14,18.67,17.93,18.51,1383600
2002-09-10,18.66,18.98,18.47,18.75,1564300
2002-09-11,19.64,19.67,19.15,19.25,1606500
2002-09-12,18.47,18.55,17.89,17.91,1381500
2002-09-13,17.77,17.97,17.3,17.46,1277200
2002-09-16,17.21,17.41,16.22,16.36,1478800
2002-09-17,16.66,16.96,15.7,15.83,2432200
2002-09-18,15.61,15.71,15.14,15.6,2075300
2002-09-19,14.84,15.24,14.72,14.78,2062000
2002-09-20,15.38,15.44,14.6,14.86,1521500
2002-09-23,14.15,14.3,13.6,13.89,1946200
2002-09-24,13.1,14.2,13.02,13.71,3850000
2002-09-25,14.3,14.6,13.84,14.47,2699800
2002-09-26,14.65,14.95,14.45,14.66,2980600
2002-09-27,14.56,14.65,14.12,14.26,1490600
2002-09-30,13.65,13.7,13.2,13.53,2047200
2002-10-01,13.8,14.17,13.23,13.9,1528800
2002-10-02,13.43,14.18,13.35,13.56,2040300
2002-10-03,13.4,13.58,13.1,13.15,1188200
2002-10-04,13.19,13.25,12.42,12.55,2030000
2002-10-07,12.22,12.23,11.72,11.78,1402300
2002-10-08,11.93,11.99,11.11,11.57,1395500
2002-10-09,11.04,11.87,11.0,11.41,2724900
2002-10-10,11.9,13.12,11.79,12.99,1947500
2002-10-11,13.5,14.34,13.48,14.18,2026000
2002-10-14,13.76,14.41,13.68,14.07,1088000
2002-10-15,15.63,16.74,15.56,16.66,2903000
2002-10-16,15.47,15.7,15.04,15.18,1166000
2002-10-17,16.6,16.88,16.18,16.75,1742600
2002-10-18,16.75,17.56,16.49,17.33,2669100
2002-10-21,17.34,18.45,17.2,18.3,2848200
2002-10-22,16.5,17.12,16.32,16.8,3238300
2002-10-23,17.28,18.4,17.28,18.3,4854800
2002-10-24,18.23,18.8,17.9,17.99,4566000
2002-10-25,18.26,19.18,18.26,19.1,1907700
2002-10-28,19.7,19.95,19.25,19.25,1975300
2002-10-29,19.21,19.39,17.58,18.46,2241000
2002-10-30,18.7,19.98,18.52,19.92,3232900
2002-10-31,20.04,20.29,19.53,19.67,1888000
2002-11-01,19.4,20.79,19.29,20.78,1818700
2002-11-04,21.7,22.29,21.0,21.54,2512400
2002-11-05,21.93,22.65,21.8,22.43,2771600
2002-11-06,22.44,22.9,21.67,22.8,2286500
2002-11-07,21.3,21.45,20.2,20.46,2378200
2002-11-08,20.43,20.67,19.51,20.01,3592300
2002-11-11,19.41,19.46,18.97,19.17,1972300
2002-11-12,19.82,21.17,19.67,20.58,2378100
2002-11-13,20.15,20.8,19.8,20.21,1348800
2002-11-14,21.54,22.1,21.4,22.1,1764200
2002-11-15,21.56,22.24,21.42,22.07,1145000
2002-11-18,22.55,22.69,22.27,22.34,1413100
2002-11-19,22.25,22.7,22.07,22.16,2191400
2002-11-20,22.03,23.6,22.03,23.37,2455000
2002-11-21,24.0,24.69,24.0,24.59,2571300
2002-11-22,24.26,24.85,24.2,24.31,1687300
2002-11-25,24.49,25.14,24.49,25.14,1795200
2002-11-26,25.15,25.15,23.92,23.93,1716500
2002-11-27,25.05,26.19,25.05,26.19,2047100
2002-11-29,25.94,26.01,25.31,25.4,756700
2002-12-02,26.49,26.59,25.25,25.32,2608200
2002-12-03,24.43,24.72,23.9,23.97,2228100
2002-12-04,23.57,24.15,23.4,23.78,2733700
2002-12-05,24.13,24.31,22.74,23.23,2332400
2002-12-06,22.5,23.26,22.41,23.05,1629400
2002-12-09,23.06,23.06,21.8,21.83,1271900
2002-12-10,22.1,23.24,22.05,23.2,3683600
2002-12-11,22.15,22.74,22.05,22.39,1399300
2002-12-12,22.44,22.56,21.81,22.0,1112900
2002-12-13,21.75,21.8,21.34,21.51,850100
2002-12-16,22.17,23.09,22.03,23.09,1655500
2002-12-17,22.47,22.76,21.55,21.59,1916100
2002-12-18,20.82,20.86,20.08,20.34,2038600
2002-12-19,19.85,20.36,19.5,19.87,2132900
2002-12-20,20.15,20.34,19.95,20.34,1524600
2002-12-23,20.16,20.45,19.91,20.1,1164500
2002-12-24,19.9,20.1,19.85,19.93,263700
2002-12-26,19.99,20.73,19.72,19.9,502700
2002-12-27,20.04,20.15,19.6,19.63,481400
2002-12-30,19.98,20.0,19.41,19.5,1304300
2002-12-31,19.51,19.82,19.34,19.51,975200
2003-01-02,20.25,21.12,19.96,21.03,1455500
2003-01-03,21.6,21.91,21.5,21.91,1792100
2003-01-06,21.81,22.65,21.66,22.4,1260400
2003-01-07,22.07,22.4,21.8,21.9,2061200
2003-01-08,21.05,21.12,20.69,20.8,1897200
2003-01-09,20.8,21.82,20.8,21.56,1940300
2003-01-10,21.49,22.0,21.37,21.92,996500
2003-01-13,22.24,22.32,21.47,21.66,1494800
2003-01-14,21.66,22.28,21.65,22.23,1256500
2003-01-15,22.24,22.24,21.41,21.42,1308000
2003-01-16,21.06,21.21,20.68,20.87,1867000
2003-01-17,20.88,20.88,19.33,19.33,5042400
2003-01-21,19.75,19.84,18.97,18.97,2652600
2003-01-22,18.98,19.2,18.72,18.73,2352400
2003-01-23,19.9,19.9,19.13,19.8,3822500
2003-01-24,19.81,19.81,18.7,19.1,2282800
2003-01-27,19.11,19.11,18.42,18.54,1658500
2003-01-28,18.66,18.7,18.25,18.68,1298800
2003-01-29,18.25,18.89,17.88,18.81,1670700
2003-01-30,18.69,18.76,18.1,18.13,1689800
2003-01-31,17.9,18.45,17.86,18.36,1676900
2003-02-03,18.28,18.35,17.9,17.95,1170400
2003-02-04,17.96,17.96,17.56,17.7,2125300
2003-02-05,17.81,18.2,17.63,17.75,2613700
2003-02-06,17.76,17.86,17.35,17.43,1726900
2003-02-07,17.82,17.85,17.32,17.41,935100
2003-02-10,17.16,17.16,16.67,16.97,1804700
2003-02-11,17.08,17.68,16.99,17.26,1581300
2003-02-12,17.13,17.26,16.85,16.85,1438900
2003-02-13,16.95,17.34,16.8,17.15,1253400
2003-02-14,17.15,17.75,17.01,17.74,2057500
2003-02-18,18.85,18.93,18.68,18.8,1139400
2003-02-19,18.39,18.44,17.92,18.06,1659600
2003-02-20,18.41,18.5,18.1,18.42,1649900
2003-02-21,18.43,18.45,18.01,18.4,1611100
2003-02-24,18.01,18.4,18.0,18.2,1015100
2003-02-25,18.21,18.21,17.47,17.9,1836100
2003-02-26,17.53,17.88,17.48,17.51,1891500
2003-02-27,17.78,18.15,17.61,18.03,903800
2003-02-28,18.45,18.7,18.41,18.61,1446800
2003-03-03,18.82,19.04,18.32,18.32,1677000
2003-03-04,18.18,18.42,17.95,17.95,1099200
2003-03-05,18.01,18.34,18.01,18.27,1320200
2003-03-06,18.04,18.35,18.01,18.29,1168500
2003-03-07,17.68,18.0,17.68,17.95,1261600
2003-03-10,17.71,17.77,17.17,17.5,808300
2003-03-11,17.3,17.5,17.13,17.13,1073200
2003-03-12,17.36,17.58,17.11,17.55,1555600
2003-03-13,18.01,18.49,17.85,18.49,3381800
2003-03-14,19.13,19.5,18.85,19.18,2393700
2003-03-17,18.87,20.71,18.79,20.46,2500100
2003-03-18,20.7,20.81,19.95,20.36,2283700
2003-03-19,20.74,20.96,20.17,20.62,1263000
2003-03-20,20.68,21.04,20.22,20.79,1029200
2003-03-21,21.45,22.0,21.25,21.89,2065900
2003-03-24,20.89,21.13,20.26,20.42,1639900
2003-03-25,20.35,20.8,20.26,20.58,928400
2003-03-26,21.01,21.09,20.62,20.7,1694600
2003-03-27,20.33,20.55,20.06,20.35,1597100
2003-03-28,20.36,20.36,19.61,19.68,1224200
2003-03-31,19.13,19.24,18.86,18.9,1580900
2003-04-01,18.7,19.01,18.61,18.84,1620000
2003-04-02,19.62,20.14,19.58,19.99,1818700
2003-04-03,20.02,20.14,19.51,19.73,1050600
2003-04-04,19.11,19.2,18.54,18.76,2422900
2003-04-07,19.67,19.74,18.99,19.05,1903900
2003-04-08,19.09,19.15,18.73,18.73,2222600
2003-04-09,18.73,19.11,18.42,18.43,1556400
2003-04-10,18.65,18.75,18.0,18.65,924900
2003-04-11,18.8,18.86,18.28,18.53,1047200
2003-04-14,18.53,18.66,18.17,18.62,1001000
2003-04-15,18.62,18.99,18.6,18.78,1075700
2003-04-16,19.5,19.6,19.35,19.5,3941900
2003-04-17,19.87,20.9,19.81,20.67,2281300
2003-04-21,20.67,20.9,20.43,20.67,965300
2003-04-22,20.14,21.25,20.13,21.16,1420500
2003-04-23,21.08,21.48,21.01,21.36,2021600
2003-04-24,20.7,20.93,20.52,20.64,1404400
2003-04-25,20.35,20.35,19.6,19.73,1370600
2003-04-28,19.93,20.72,19.86,20.61,1228600
2003-04-29,20.72,21.04,20.7,20.95,2324400
2003-04-30,20.81,20.83,20.46,20.59,1549200
2003-05-01,20.59,20.68,20.04,20.36,2883200
2003-05-02,20.48,21.12,20.46,21.11,1641400
2003-05-05,21.42,21.72,21.37,21.41,1946300
2003-05-06,21.74,22.08,21.67,22.03,1720400
2003-05-07,22.03,22.17,21.6,21.79,1942900
2003-05-08,21.53,21.64,21.22,21.29,1268700
2003-05-09,21.65,22.05,21.55,22.05,1593900
2003-05-12,21.77,22.31,21.7,22.27,1064300
2003-05-13,21.85,21.86,21.53,21.73,1824100
2003-05-14,21.8,21.84,21.36,21.62,1360100
2003-05-15,21.65,21.9,21.54,21.89,1493600
2003-05-16,21.89,21.97,21.65,21.82,1245900
2003-05-19,21.33,21.35,20.66,20.66,1098400
2003-05-20,21.0,21.03,20.45,20.5,1282200
2003-05-21,20.25,20.53,20.18,20.52,1748800
2003-05-22,20.49,21.03,20.45,20.95,1054700
2003-05-23,20.81,20.95,20.7,20.81,635200
2003-05-27,20.66,22.0,20.66,21.93,1264100
2003-05-28,21.87,22.38,21.8,22.11,1257800
2003-05-29,22.23,22.69,22.06,22.44,1923000
2003-05-30,22.54,22.93,22.54,22.81,926600
2003-06-02,23.27,23.49,22.7,22.88,1913800
2003-06-03,22.65,22.83,22.52,22.83,1067100
2003-06-04,22.74,23.03,22.56,22.91,1950000
2003-06-05,22.93,23.48,22.87,23.44,1212900
2003-06-06,23.82,24.15,23.28,23.3,1801700
2003-06-09,23.19,23.35,22.85,22.9,1489800
2003-06-10,23.38,23.45,22.86,23.29,1930300
2003-06-11,22.76,22.84,22.38,22.78,3906700
2003-06-12,22.57,22.59,21.9,21.91,3176300
2003-06-13,22.29,22.29,21.66,21.66,1591800
2003-06-16,22.1,22.82,21.87,22.7,1683400
2003-06-17,22.91,22.91,22.55,22.61,1017500
2003-06-18,22.61,22.65,22.31,22.49,1162300
2003-06-19,22.36,22.55,21.92,21.99,867000
2003-06-20,21.99,22.0,21.55,21.64,1553700
2003-06-23,21.64,21.85,21.3,21.31,993300
2003-06-24,21.02,21.27,20.95,21.0,2162600
2003-06-25,21.29,21.6,21.03,21.08,1427900
2003-06-26,21.1,21.21,20.87,21.15,1617400
2003-06-27,21.09,21.19,20.79,20.86,917200
2003-06-30,21.14,21.14,20.75,20.79,1329400
2003-07-01,20.79,20.99,20.46,20.94,1763100
2003-07-02,21.16,21.63,21.15,21.63,2354500
2003-07-03,21.0,21.33,20.98,21.13,1089900
2003-07-07,21.83,22.55,21.73,22.39,2518800
2003-07-08,22.35,22.67,22.28,22.5,2467800
2003-07-09,22.51,22.88,22.29,22.6,2484700
2003-07-10,22.1,22.21,21.81,21.84,1691200
2003-07-11,21.9,22.3,21.9,22.24,1090500
2003-07-14,22.85,23.02,22.58,22.6,1140400
2003-07-15,23.66,23.76,22.9,22.9,2112600
2003-07-16,23.84,23.89,23.22,23.41,1842800
2003-07-17,22.14,22.32,21.81,21.95,2341900
2003-07-18,22.58,22.7,22.23,22.54,2891800
2003-07-21,22.34,22.4,22.03,22.16,1091900
2003-07-22,22.6,22.88,22.38,22.71,1741000
2003-07-23,23.01,23.17,22.8,23.13,1070700
2003-07-24,22.16,22.3,21.55,21.61,3159800
2003-07-25,22.0,22.18,21.68,22.18,2009000
2003-07-28,22.18,22.26,21.95,22.07,1380400
2003-07-29,21.82,21.93,21.35,21.43,3735200
2003-07-30,21.61,21.65,21.38,21.39,1646200
2003-07-31,21.7,21.74,21.36,21.39,1333800
2003-08-01,21.39,21.62,21.31,21.53,1384600
2003-08-04,21.53,21.62,21.19,21.51,899100
2003-08-05,21.51,21.61,21.2,21.21,1001800
2003-08-06,21.21,21.21,20.91,20.94,2273400
2003-08-07,20.78,20.87,20.5,20.61,1552700
2003-08-08,20.71,20.77,20.17,20.34,1465400
2003-08-11,20.37,20.65,20.36,20.63,1123700
2003-08-12,20.91,21.16,20.78,21.15,1101800
2003-08-13,21.23,21.45,21.08,21.18,1910200
2003-08-14,21.08,21.29,21.0,21.1,966000
2003-08-15,21.0,21.1,20.9,20.99,468900
2003-08-18,21.0,21.7,20.99,21.7,3204900
2003-08-19,21.9,22.5,21.6,22.5,4805200
2003-08-20,21.93,22.47,21.86,22.36,2863900
2003-08-21,22.58,22.89,22.49,22.86,3433600
2003-08-22,23.67,23.7,22.97,23.05,2681700
2003-08-25,22.97,23.06,22.6,22.79,1202700
2003-08-26,22.6,22.92,22.45,22.86,2967400
2003-08-27,22.98,23.72,22.98,23.64,3013600
2003-08-28,23.99,24.34,23.89,24.29,2625600
2003-08-29,24.63,25.05,24.59,24.94,2512000
2003-09-02,24.41,24.8,24.17,24.8,3278100
2003-09-03,24.8,24.8,24.12,24.25,2125900
2003-09-04,24.37,25.14,24.37,25.1,3445400
2003-09-05,25.15,26.09,25.14,25.99,5593900
2003-09-08,26.69,27.35,26.66,27.15,4323000
2003-09-09,26.57,26.72,26.41,26.45,2612100
2003-09-10,25.6,25.7,25.0,25.0,3297600
2003-09-11,25.66,26.0,25.24,25.78,3059200
2003-09-12,25.49,25.69,25.13,25.67,2328600
2003-09-15,25.7,25.71,25.23,25.25,1447800
2003-09-16,25.6,26.22,25.58,26.16,3043100
2003-09-17,26.16,26.42,26.11,26.27,2180400
2003-09-18,26.11,26.58,25.95,26.54,1482500
2003-09-19,26.54,26.59,26.2,26.22,2687000
2003-09-22,25.62,25.68,25.17,25.43,1872800
2003-09-23,25.16,25.3,24.9,25.3,2337500
2003-09-24,25.38,25.38,24.31,24.32,1904600
2003-09-25,24.75,24.94,24.3,24.32,2543900
2003-09-26,24.28,24.38,24.05,24.07,1468300
2003-09-29,24.58,24.96,24.3,24.96,2077700
2003-09-30,24.97,24.97,24.05,24.05,1845300
2003-10-01,24.34,24.69,24.13,24.69,1384700
2003-10-02,24.95,25.42,24.89,25.35,1921800
2003-10-03,26.03,26.19,25.9,26.06,2218500
2003-10-06,26.21,26.22,25.71,26.0,821100
2003-10-07,25.71,26.3,25.65,26.28,1549400
2003-10-08,26.71,26.73,26.32,26.45,1961600
2003-10-09,27.05,27.24,26.7,26.87,1806400
2003-10-10,27.01,27.15,26.9,27.15,947100
2003-10-13,27.32,27.47,27.05,27.26,1645800
2003-10-14,26.7,27.34,26.65,27.33,1161100
2003-10-15,27.63,27.63,26.97,26.99,1589300
2003-10-16,26.88,27.2,26.82,26.97,1443500
2003-10-17,27.11,27.19,26.67,26.78,1609200
2003-10-20,26.84,27.0,26.69,26.99,906100
2003-10-21,27.51,28.16,27.42,28.01,2827300
2003-10-22,27.16,27.56,27.04,27.4,1664800
2003-10-23,26.14,26.33,25.64,25.92,5565500
2003-10-24,25.72,25.97,25.45,25.9,1829400
2003-10-27,26.1,26.16,25.93,26.0,1199900
2003-10-28,26.42,27.0,26.41,26.97,2244000
2003-10-29,26.77,27.28,26.77,27.1,1734500
2003-10-30,27.45,27.45,26.85,26.88,1661900
2003-10-31,26.86,27.01,26.56,26.64,1184200
2003-11-03,26.99,27.32,26.91,27.22,2084500
2003-11-04,26.88,27.15,26.77,26.94,1534800
2003-11-05,26.94,26.94,26.39,26.64,1831100
2003-11-06,26.81,27.3,26.65,27.1,1431500
2003-11-07,27.38,28.41,27.15,27.66,2226100
2003-11-10,27.43,27.53,26.89,26.98,1475000
2003-11-11,26.69,26.9,26.63,26.77,1574000
2003-11-12,27.24,27.79,27.21,27.73,1416100
2003-11-13,27.66,27.77,27.53,27.62,2051700
2003-11-14,27.55,27.74,27.06,27.1,1420600
2003-11-17,27.1,27.1,26.6,26.83,1054300
2003-11-18,27.2,27.26,26.64,26.67,1694100
2003-11-19,26.97,27.37,26.84,27.31,1370900
2003-11-20,26.73,26.97,26.35,26.37,1840700
2003-11-21,26.82,26.9,26.57,26.8,2785700
2003-11-24,27.01,27.62,27.01,27.59,2208800
2003-11-25,27.32,27.7,27.27,27.33,1751400
2003-11-26,27.76,27.87,27.44,27.61,2078200
2003-11-28,27.77,27.98,27.77,27.87,490800
2003-12-01,28.38,28.67,28.31,28.63,1760000
2003-12-02,28.11,28.34,28.0,28.03,1713900
2003-12-03,28.5,28.56,27.91,27.91,1824400
2003-12-04,28.42,28.49,27.81,28.18,2652000
2003-12-05,27.71,27.88,27.47,27.53,2325500
2003-12-08,27.64,27.8,27.05,27.39,3411000
2003-12-09,27.95,27.96,26.72,26.73,3314100
2003-12-10,26.86,26.95,26.51,26.85,1814200
2003-12-11,26.97,27.6,26.95,27.44,2120900
2003-12-12,27.74,27.77,27.06,27.33,2160700
2003-12-15,27.89,27.95,27.07,27.07,2071500
2003-12-16,27.35,27.38,26.81,27.27,2093100
2003-12-17,27.03,27.05,26.51,26.7,2601500
2003-12-18,26.72,27.19,26.66,27.0,4188100
2003-12-19,26.79,26.8,26.36,26.56,1605300
2003-12-22,26.07,26.17,25.84,26.0,1876500
2003-12-23,26.17,26.62,26.17,26.57,873900
2003-12-24,26.6,26.73,26.43,26.43,248700
2003-12-26,26.55,26.78,26.55,26.73,174200
2003-12-29,26.58,26.99,26.57,26.97,640100
2003-12-30,27.22,27.26,26.7,27.01,833700
2003-12-31,27.38,27.49,26.88,27.01,812800
2004-01-02,27.54,27.6,27.17,27.21,643000
2004-01-05,27.72,28.05,27.7,27.96,1236600
2004-01-06,28.28,28.29,27.95,28.15,1378100
2004-01-07,28.25,28.36,28.11,28.28,1919200
2004-01-08,29.47,29.74,29.27,29.72,2636900
2004-01-09,29.14,29.75,29.08,29.29,1469800
2004-01-12,29.38,29.9,29.27,29.9,1005100
2004-01-13,29.69,29.7,28.92,29.0,1315400
2004-01-14,29.25,29.35,29.05,29.19,1463800
2004-01-15,29.01,29.27,28.8,29.1,1721600
2004-01-16,29.01,29.28,28.92,29.2,2363400
2004-01-20,29.41,29.48,29.22,29.33,1254300
2004-01-21,28.91,29.18,28.64,29.0,1340500
2004-01-22,29.17,29.22,28.66,28.67,1367600
2004-01-23,28.82,28.85,28.1,28.25,2102700
2004-01-26,28.46,28.93,28.37,28.84,1260300
2004-01-27,28.73,28.89,28.48,28.52,1178200
2004-01-28,28.72,29.02,28.24,28.29,1603700
2004-01-29,27.44,27.6,26.9,27.13,4081500
2004-01-30,26.8,27.03,26.65,26.84,2739800
2004-02-02,26.98,27.08,26.48,26.48,2117600
2004-02-03,26.48,26.86,26.44,26.79,1502600
2004-02-04,26.65,26.67,26.3,26.3,1621000
2004-02-05,26.95,26.98,26.65,26.67,2550600
2004-02-06,26.74,27.2,26.74,27.2,1411100
2004-02-09,27.5,27.54,27.11,27.16,864100
2004-02-10,27.29,27.48,27.2,27.42,1861700
2004-02-11,27.29,27.67,27.03,27.58,1119000
2004-02-12,27.01,27.18,26.66,26.68,1772100
2004-02-13,27.01,27.1,26.52,26.69,1468300
2004-02-17,26.95,27.17,26.81,27.02,1342000
2004-02-18,27.24,27.3,26.9,26.98,1168300
2004-02-19,27.55,27.62,26.94,26.96,2014700
2004-02-20,26.84,26.88,26.23,26.49,2753600
2004-02-23,26.75,26.75,26.02,26.15,2417300
2004-02-24,25.87,26.31,25.74,26.15,2785200
2004-02-25,26.12,26.25,25.84,26.12,2334500
2004-02-26,25.76,25.95,25.64,25.91,1487000
2004-02-27,26.08,26.25,25.66,25.85,1179100
2004-03-01,25.75,26.15,25.6,26.08,1136800
2004-03-02,25.92,26.21,25.85,25.92,1802900
2004-03-03,25.81,25.86,25.41,25.75,1254800
2004-03-04,25.92,26.5,25.81,26.5,1643100
2004-03-05,26.07,26.47,26.06,26.22,1266500
2004-03-08,26.27,26.35,25.66,25.71,2013200
2004-03-09,25.6,25.67,25.25,25.54,1395900
2004-03-10,24.82,24.9,24.45,24.54,2357500
2004-03-11,24.01,24.36,23.85,23.89,2797900
2004-03-12,24.33,24.45,24.06,24.3,2056000
2004-03-15,23.69,23.77,23.11,23.27,1736000
2004-03-16,23.83,23.88,23.23,23.54,1430500
2004-03-17,23.8,24.23,23.76,24.11,1208400
2004-03-18,23.79,23.99,23.68,23.9,1082200
2004-03-19,23.59,23.72,23.15,23.16,1394800
2004-03-22,23.03,23.11,22.77,22.98,1007400
2004-03-23,23.23,23.23,22.65,22.76,1471200
2004-03-24,22.4,22.74,22.27,22.58,2570300
2004-03-25,23.0,23.45,22.97,23.45,1835400
2004-03-26,23.06,23.16,22.81,22.96,1219500
2004-03-29,23.62,23.86,23.6,23.73,1141100
2004-03-30,23.33,23.61,23.25,23.55,1213400
2004-03-31,23.75,23.85,23.56,23.6,990200
2004-04-01,24.09,24.38,24.02,24.32,1220800
2004-04-02,24.6,24.82,24.47,24.74,1367800
2004-04-05,24.55,24.75,24.31,24.75,763400
2004-04-06,23.54,23.74,23.36,23.62,1471300
2004-04-07,23.6,23.9,23.44,23.68,1078800
2004-04-08,23.72,23.77,23.4,23.67,1054000
2004-04-12,23.85,23.85,23.35,23.68,764400
2004-04-13,23.61,23.61,23.07,23.19,1301100
2004-04-14,22.83,23.11,22.72,22.9,2680700
2004-04-15,23.01,23.02,22.54,22.66,1624800
2004-04-16,22.31,22.71,22.18,22.6,1383600
2004-04-19,22.6,22.99,22.46,22.83,1100000
2004-04-20,22.87,22.97,22.31,22.31,789300
2004-04-21,22.44,22.56,22.3,22.37,2087500
2004-04-22,22.58,22.92,22.29,22.73,3303400
2004-04-23,22.92,23.07,22.75,23.01,1158000
2004-04-26,23.11,23.16,22.63,22.71,931700
2004-04-27,22.75,22.91,22.5,22.6,785400
2004-04-28,22.37,22.41,22.04,22.13,1037300
2004-04-29,22.13,22.39,21.65,21.79,3025200
2004-04-30,22.19,22.2,21.69,21.77,1275200
2004-05-03,22.12,22.36,21.8,22.03,2291700
2004-05-04,22.35,22.66,22.12,22.3,1211000
2004-05-05,22.51,22.75,22.43,22.69,1038200
2004-05-06,22.02,22.05,21.51,21.98,1770000
2004-05-07,21.68,21.87,21.52,21.63,2063500
2004-05-10,21.14,21.3,21.0,21.2,1537200
2004-05-11,21.47,21.74,21.35,21.7,1692500
2004-05-12,21.36,21.39,20.82,21.36,1555500
2004-05-13,20.78,21.13,20.69,21.07,1592000
2004-05-14,20.9,20.93,20.56,20.67,1306600
2004-05-17,20.4,20.63,20.32,20.43,1751300
2004-05-18,20.83,20.95,20.68,20.81,920900
2004-05-19,21.62,21.86,21.34,21.34,1446900
2004-05-20,21.2,21.32,20.91,21.08,830100
2004-05-21,21.3,21.34,21.0,21.15,798200
2004-05-24,21.38,21.46,21.25,21.3,744000
2004-05-25,21.33,22.0,21.25,21.97,1150800
2004-05-26,22.15,22.33,22.06,22.28,1673300
2004-05-27,22.55,22.7,22.4,22.6,1174500
2004-05-28,22.44,22.6,22.33,22.55,638100
2004-06-01,22.14,22.29,22.03,22.29,609000
2004-06-02,22.37,22.38,21.93,22.15,1607300
2004-06-03,21.77,21.95,21.69,21.82,1260200
2004-06-04,22.28,22.48,22.17,22.27,925900
2004-06-07,22.6,22.9,22.44,22.82,1075400
2004-06-08,22.42,22.67,22.35,22.67,915600
2004-06-09,22.25,22.26,21.84,21.85,830500
2004-06-10,22.07,22.09,21.9,22.02,804800
2004-06-14,21.35,21.42,21.18,21.39,911800
2004-06-15,21.62,21.85,21.58,21.65,1065900
2004-06-16,21.49,21.53,21.27,21.39,681000
2004-06-17,21.34,21.37,21.04,21.12,1448600
2004-06-18,20.91,21.26,20.91,21.07,942000
2004-06-21,21.24,21.33,20.98,21.04,1056800
2004-06-22,21.1,21.39,20.93,21.33,1302200
2004-06-23,21.26,21.52,21.05,21.47,1219900
2004-06-24,21.45,21.63,21.36,21.41,1033600
2004-06-25,21.28,21.56,21.27,21.47,1212800
2004-06-28,21.79,21.81,21.26,21.4,1121200
2004-06-29,21.4,21.52,21.32,21.51,822200
2004-06-30,21.81,22.12,21.8,22.01,1059300
2004-07-01,22.12,22.14,21.42,21.58,1407300
2004-07-02,21.61,21.69,21.52,21.52,2068700
2004-07-06,21.33,21.33,20.98,21.05,2001200
2004-07-07,21.15,21.34,21.1,21.14,1507900
2004-07-08,20.89,21.18,20.87,20.88,1255200
2004-07-09,21.25,21.33,21.13,21.28,1608500
2004-07-12,20.84,21.0,20.65,20.99,1717600
2004-07-13,20.87,20.96,20.76,20.93,1371500
2004-07-14,20.43,20.63,20.27,20.42,1900100
2004-07-15,19.82,20.12,19.79,19.91,3835000
2004-07-16,20.43,20.45,19.89,19.95,2058800
2004-07-19,19.97,20.09,19.76,19.97,1430200
2004-07-20,19.97,20.26,19.85,20.21,1348900
2004-07-21,20.63,20.64,19.81,19.94,2623800
2004-07-22,19.62,19.9,19.44,19.78,2709100
2004-07-23,19.32,19.34,18.69,18.81,2387000
2004-07-26,19.04,19.07,18.69,18.9,1438500
2004-07-27,18.57,18.59,18.17,18.5,1754400
2004-07-28,18.13,18.42,17.93,18.34,1516500
2004-07-29,18.33,18.82,18.3,18.66,2718500
2004-07-30,18.55,18.76,18.51,18.66,1842600
2004-08-02,18.3,18.69,18.26,18.67,2181100
2004-08-03,18.36,18.45,18.13,18.14,1127100
2004-08-04,17.71,18.21,17.71,18.06,2007700
2004-08-05,18.06,18.09,17.71,17.72,1328500
2004-08-06,17.65,17.7,17.27,17.31,1180100
2004-08-09,17.66,17.71,17.46,17.52,720300
2004-08-10,17.68,17.82,17.6,17.72,1141100
2004-08-11,16.9,17.12,16.79,17.09,1764600
2004-08-12,16.8,16.92,16.54,16.7,1532500
2004-08-13,17.16,17.26,16.93,17.1,2013300
2004-08-16,17.43,17.67,17.38,17.56,1367000
2004-08-17,17.67,17.89,17.67,17.71,1474500
2004-08-18,17.57,18.19,17.53,18.15,1639100
2004-08-19,17.93,18.08,17.77,17.89,1298200
2004-08-20,17.63,17.9,17.61,17.85,1002500
2004-08-23,17.82,17.94,17.73,17.74,1352900
2004-08-24,17.91,17.92,17.49,17.61,1297500
2004-08-25,17.45,17.77,17.39,17.67,1080200
2004-08-26,17.58,17.7,17.52,17.63,725000
2004-08-27,17.4,17.56,17.23,17.45,1652500
2004-08-30,17.23,17.28,17.1,17.1,1070300
2004-08-31,17.1,17.12,16.89,17.11,1148700
2004-09-01,16.95,17.16,16.9,17.08,1486800
2004-09-02,16.89,17.21,16.84,17.2,1170800
2004-09-03,16.43,16.67,16.36,16.42,1810500
2004-09-07,16.73,16.75,16.46,16.53,1514500
2004-09-08,16.4,16.63,16.37,16.51,1733400
2004-09-09,17.04,17.51,16.88,17.31,3415800
2004-09-10,17.73,18.11,17.69,17.96,2434000
2004-09-13,18.2,18.54,18.09,18.21,3108000
2004-09-14,18.21,18.41,18.14,18.36,1419300
2004-09-15,18.09,18.16,17.75,17.89,1381100
2004-09-16,17.75,18.03,17.75,17.82,1828900
2004-09-17,18.05,18.13,17.89,18.07,1142400
2004-09-20,17.71,18.25,17.66,18.12,2619200
2004-09-21,18.63,18.79,18.51,18.68,1836700
2004-09-22,18.18,18.2,17.87,17.91,1649900
2004-09-23,17.89,17.91,17.61,17.74,1951400
2004-09-24,17.84,17.87,17.45,17.54,2013700
2004-09-27,17.29,17.44,17.19,17.26,1247300
2004-09-28,17.29,17.34,17.13,17.26,1484000
2004-09-29,17.19,17.46,17.16,17.43,1751300
2004-09-30,17.32,17.5,17.2,17.28,1400400
2004-10-01,17.49,18.19,17.45,18.04,2910800
2004-10-04,18.12,18.23,18.03,18.05,1451800
2004-10-05,17.96,18.14,17.89,17.96,1429300
2004-10-06,17.86,18.2,17.8,18.14,880400
2004-10-07,18.01,18.1,17.85,17.86,1348700
2004-10-08,17.91,18.03,17.64,17.71,1960700
2004-10-11,17.58,17.7,17.5,17.64,871400
2004-10-12,17.08,17.25,17.01,17.18,1503100
2004-10-13,17.45,17.5,17.29,17.33,1807600
2004-10-14,17.42,17.49,17.12,17.14,2497700
2004-10-15,17.46,17.62,17.37,17.52,2016500
2004-10-18,17.37,17.52,17.25,17.5,1001500
2004-10-19,17.71,17.8,17.38,17.45,2326600
2004-10-20,17.53,17.76,17.49,17.7,1728500
2004-10-21,17.8,18.27,17.75,18.22,4986000
2004-10-22,18.18,18.19,17.74,17.88,2181100
2004-10-25,17.92,18.12,17.89,17.98,2377000
2004-10-26,17.88,17.96,17.79,17.94,1326200
2004-10-27,17.95,18.43,17.9,18.37,2549500
2004-10-28,18.37,18.58,18.33,18.43,2476100
2004-10-29,18.44,18.58,18.38,18.51,763200
2004-11-01,18.51,18.64,18.46,18.59,625200
2004-11-02,18.41,18.62,18.37,18.42,1045200
2004-11-03,19.14,19.18,18.66,18.68,2979100
2004-11-04,18.71,19.03,18.66,18.98,1661200
2004-11-05,19.18,19.38,18.27,19.26,1327500
2004-11-08,19.67,19.78,19.62,19.69,2884800
2004-11-09,19.7,19.84,19.67,19.73,2500100
2004-11-10,19.87,19.93,19.56,19.59,3006400
2004-11-11,19.86,20.35,19.81,20.27,2522100
2004-11-12,20.33,20.55,20.14,20.48,2016700
2004-11-15,20.45,20.54,20.39,20.48,1886200
2004-11-16,20.3,20.31,20.14,20.22,1649800
2004-11-17,20.63,21.16,20.61,20.9,1777200
2004-11-18,20.93,21.13,20.83,21.06,2105200
2004-11-19,21.07,21.07,20.41,20.42,2483200
2004-11-22,20.44,20.62,20.36,20.61,1249600
2004-11-23,20.54,20.66,20.23,20.41,788000
2004-11-24,20.31,20.33,20.04,20.16,1489700
2004-11-26,20.05,20.16,20.01,20.13,706300
2004-11-29,20.48,20.56,20.17,20.21,1011300
2004-11-30,20.34,20.35,19.94,20.0,2139800
2004-12-01,19.9,20.24,19.82,20.2,1558400
2004-12-02,20.17,20.2,19.99,20.01,1760400
2004-12-03,20.47,20.64,20.38,20.43,2261000
2004-12-06,20.37,20.54,20.28,20.41,691700
2004-12-07,20.53,20.68,20.22,20.23,1624200
2004-12-08,20.17,20.2,19.97,20.14,1140300
2004-12-09,19.68,19.98,19.51,19.91,2441000
2004-12-10,19.57,19.65,19.46,19.58,1105000
2004-12-13,19.61,19.82,19.53,19.74,872100
2004-12-14,19.6,19.76,19.6,19.73,1126500
2004-12-15,19.79,19.85,19.67,19.76,956300
2004-12-16,19.53,19.62,19.24,19.35,1208600
2004-12-17,19.21,19.28,19.05,19.13,1699100
2004-12-20,19.07,19.1,18.78,18.9,1005800
2004-12-21,19.24,19.42,19.13,19.32,932400
2004-12-22,19.25,19.3,19.13,19.19,874100
2004-12-23,19.26,19.3,19.16,19.25,563500
2004-12-27,19.45,19.51,19.34,19.34,772000
2004-12-28,19.41,19.55,19.38,19.47,753500
2004-12-29,19.26,19.4,19.26,19.38,1030400
2004-12-30,19.34,19.4,19.24,19.28,662500
2004-12-31,19.28,19.45,19.24,19.32,1135500
2005-01-03,19.4,19.47,19.06,19.09,1068000
2005-01-04,19.12,19.15,18.56,18.68,1742100
2005-01-05,18.61,18.69,18.46,18.51,1679000
2005-01-06,18.52,18.58,18.3,18.32,1052100
2005-01-07,18.59,18.59,18.18,18.3,1480000
2005-01-10,18.54,18.85,18.49,18.56,1230300
2005-01-11,18.04,18.05,17.73,17.76,1787700
2005-01-12,17.86,17.94,17.72,17.94,1093500
2005-01-13,17.71,17.92,17.62,17.73,1051000
2005-01-14,17.61,17.62,17.39,17.53,1829700
2005-01-18,16.79,17.2,16.73,17.15,3096400
2005-01-19,17.35,17.38,16.98,17.03,1327500
2005-01-20,16.77,16.98,16.76,16.77,2521500
2005-01-21,16.82,16.89,16.65,16.82,2516200
2005-01-24,16.47,16.51,16.21,16.26,1741300
2005-01-25,16.43,16.48,16.13,16.22,1452100
2005-01-26,16.64,16.74,16.5,16.72,1680600
2005-01-27,16.6,16.61,16.4,16.55,2121900
2005-01-28,16.48,16.49,16.22,16.36,1343600
2005-01-31,16.65,16.91,16.63,16.73,1454100
2005-02-01,16.95,17.16,16.92,17.12,1820100
2005-02-02,16.91,16.94,16.7,16.78,1003700
2005-02-03,16.41,16.43,16.26,16.41,714400
2005-02-04,16.41,16.85,16.39,16.83,1723500
2005-02-07,16.84,16.93,16.69,16.75,895900
2005-02-08,16.96,17.4,16.96,17.34,1716700
2005-02-09,17.32,17.32,17.09,17.11,934900
2005-02-10,17.28,17.34,17.13,17.22,742100
2005-02-11,17.21,17.6,17.13,17.45,2496800
2005-02-14,17.59,17.64,17.4,17.56,1096000
2005-02-15,17.4,17.65,17.33,17.47,1332500
2005-02-16,17.27,17.27,17.08,17.27,713400
2005-02-17,17.16,17.2,16.9,16.97,1092800
2005-02-18,16.76,16.91,16.69,16.79,1030000
2005-02-22,17.23,17.75,17.22,17.41,1994800
2005-02-23,17.75,17.79,17.48,17.53,1208300
2005-02-24,17.65,17.83,17.48,17.79,1530900
2005-02-25,17.75,18.01,17.72,18.0,1147900
2005-02-28,17.87,17.98,17.74,17.79,1070000
2005-03-01,18.01,18.38,18.01,18.35,983400
2005-03-02,17.98,18.25,17.94,18.02,1019800
2005-03-03,18.1,18.16,17.84,17.9,1774100
2005-03-04,18.05,18.09,17.9,17.94,1051100
2005-03-07,17.78,18.09,17.76,18.0,850300
2005-03-08,18.03,18.09,17.82,17.86,743200
2005-03-09,17.86,17.97,17.78,17.83,1174700
2005-03-10,18.06,18.11,17.86,18.03,1249400
2005-03-11,18.2,18.28,17.83,17.88,1577900
2005-03-14,17.82,17.87,17.64,17.83,661300
2005-03-15,17.82,17.84,17.42,17.44,868100
2005-03-16,17.45,17.59,17.33,17.39,1029400
2005-03-17,17.35,17.4,17.24,17.31,968100
2005-03-18,17.22,17.23,17.0,17.07,1950900
2005-03-21,17.04,17.04,16.9,16.94,1406200
2005-03-22,17.05,17.18,16.78,16.82,1445400
2005-03-23,16.73,16.87,16.73,16.77,1415100
2005-03-24,17.02,17.02,16.8,16.8,622800
2005-03-28,16.77,16.93,16.73,16.74,649300
2005-03-29,16.67,16.73,16.49,16.5,1188500
2005-03-30,16.66,16.9,16.62,16.8,1199400
2005-03-31,16.82,16.83,16.6,16.66,879300
2005-04-01,16.81,16.85,16.52,16.57,868000
2005-04-04,16.39,16.5,16.28,16.43,954700
2005-04-05,16.27,16.3,16.15,16.24,1163800
2005-04-06,16.3,16.35,16.22,16.26,1164900
2005-04-07,16.24,16.34,16.2,16.27,1023300
2005-04-08,16.33,16.39,16.26,16.35,1205100
2005-04-11,16.51,16.6,16.4,16.49,938300
2005-04-12,16.24,16.42,16.12,16.4,1112800
2005-04-13,16.12,16.16,15.92,15.97,1322000
2005-04-14,15.82,15.83,15.65,15.66,719700
2005-04-15,15.26,15.35,15.07,15.13,1859300
2005-04-18,15.13,15.25,15.03,15.17,1058800
2005-04-19,15.36,15.39,15.16,15.32,1312200
2005-04-20,15.24,15.26,15.03,15.08,1058500
2005-04-21,15.7,15.73,15.43,15.65,1519700
2005-04-22,15.83,15.84,15.53,15.66,1093100
2005-04-25,15.66,15.82,15.6,15.8,1649000
2005-04-26,15.52,15.75,15.44,15.61,3087800
2005-04-27,14.72,14.84,14.6,14.74,3412100
2005-04-28,14.26,14.34,14.11,14.16,2037300
2005-04-29,14.31,14.35,14.0,14.2,1021100
2005-05-02,14.09,14.13,13.96,14.03,763500
2005-05-03,14.19,14.46,14.18,14.31,978700
2005-05-04,14.33,14.67,14.33,14.59,1245900
2005-05-05,14.6,14.68,14.51,14.56,623300
2005-05-06,14.56,14.57,14.4,14.48,392100
2005-05-09,14.3,14.48,14.3,14.47,766800
2005-05-10,14.18,14.2,14.08,14.12,838800
2005-05-11,14.1,14.18,13.99,14.15,819100
2005-05-12,14.16,14.25,14.04,14.1,918400
2005-05-13,14.36,14.75,14.3,14.55,1549400
2005-05-16,14.58,14.81,14.55,14.79,1031200
2005-05-17,14.53,14.76,14.51,14.68,791100
2005-05-18,14.8,15.16,14.77,15.12,901100
2005-05-19,14.95,15.01,14.91,14.96,793800
2005-05-20,14.83,14.96,14.75,14.9,1539100
2005-05-23,14.8,14.93,14.73,14.86,1080800
2005-05-24,14.63,14.8,14.6,14.79,1580600
2005-05-25,14.71,14.77,14.6,14.69,1165000
2005-05-26,14.95,15.17,14.89,15.16,1924900
2005-05-27,15.4,15.43,15.25,15.37,1607900
2005-05-31,15.74,15.74,15.51,15.57,1462200
2005-06-01,15.71,15.98,15.69,15.83,963200
2005-06-02,15.78,15.94,15.78,15.88,1236700
2005-06-03,15.69,15.79,15.51,15.53,937700
2005-06-06,15.54,15.56,15.33,15.44,537600
2005-06-07,15.56,15.75,15.52,15.54,918500
2005-06-08,16.25,16.25,15.94,16.01,1466600
2005-06-09,15.91,16.15,15.78,16.11,1028500
2005-06-10,16.15,16.15,15.9,15.95,608700
2005-06-13,15.91,15.99,15.82,15.9,638700
2005-06-14,16.0,16.14,16.0,16.07,880800
2005-06-15,16.06,16.15,15.85,16.08,857500
2005-06-16,16.06,16.14,16.02,16.07,417800
2005-06-17,16.4,16.42,16.28,16.36,756800
2005-06-20,16.03,16.1,15.89,16.02,841500
2005-06-21,16.05,16.21,16.01,16.14,848800
2005-06-22,16.3,16.36,16.23,16.28,553500
2005-06-23,16.32,16.5,16.23,16.26,997300
2005-06-24,16.04,16.14,15.9,15.95,982200
2005-06-27,15.75,15.82,15.65,15.69,752500
2005-06-28,15.67,15.91,15.64,15.84,1313000
2005-06-29,16.18,16.3,16.04,16.21,1403500
2005-06-30,16.18,16.24,15.94,15.94,689200
2005-07-01,16.07,16.14,15.88,15.93,370500
2005-07-05,15.68,15.96,15.66,15.88,1043000
2005-07-06,16.0,16.18,15.98,16.03,978600
2005-07-07,15.63,15.87,15.58,15.84,1075700
2005-07-08,16.14,16.59,16.14,16.52,1996600
2005-07-11,16.86,17.16,16.85,17.15,1518600
2005-07-12,17.25,17.54,17.16,17.36,1036000
2005-07-13,17.4,17.6,17.32,17.53,2753400
2005-07-14,18.14,18.22,17.9,18.06,2583300
2005-07-15,17.78,17.9,17.65,17.9,1079200
2005-07-18,17.54,17.64,17.53,17.59,972600
2005-07-19,17.88,18.11,17.82,18.02,809400
2005-07-20,17.79,18.34,17.79,18.29,937800
2005-07-21,18.03,18.03,17.75,17.81,1556300
2005-07-22,17.94,17.96,17.75,17.82,767000
2005-07-25,17.65,17.65,17.54,17.58,1168300
2005-07-26,17.84,17.98,17.68,17.93,1416200
2005-07-27,17.57,17.58,17.27,17.47,3387000
2005-07-28,17.51,17.52,17.23,17.42,1206200
2005-07-29,17.36,17.42,17.18,17.25,923600
2005-08-01,17.29,17.36,17.2,17.24,480600
2005-08-02,17.43,17.7,17.43,17.69,1480700
2005-08-03,17.63,17.76,17.59,17.72,768300
2005-08-04,17.36,17.38,17.15,17.17,678400
2005-08-05,17.2,17.22,16.98,17.04,590600
2005-08-08,17.2,17.29,17.04,17.04,477600
2005-08-09,17.17,17.35,17.12,17.27,444900
2005-08-10,17.5,17.55,17.15,17.17,885100
2005-08-11,17.13,17.23,17.05,17.21,512300
2005-08-12,16.89,17.0,16.79,16.88,654200
2005-08-15,16.75,16.94,16.69,16.87,505700
2005-08-16,16.94,16.94,16.59,16.59,406200
2005-08-17,16.75,16.98,16.72,16.88,513100
2005-08-18,16.64,16.71,16.57,16.64,436100
2005-08-19,16.98,16.98,16.76,16.85,946000
2005-08-22,16.9,16.99,16.72,16.9,803400
2005-08-23,16.79,16.84,16.66,16.73,640100
2005-08-24,16.57,16.83,16.56,16.63,907400
2005-08-25,16.53,16.7,16.51,16.65,393300
2005-08-26,16.58,16.59,16.27,16.44,767100
2005-08-29,16.29,16.5,16.27,16.47,748800
2005-08-30,16.32,16.35,16.21,16.35,1144600
2005-08-31,16.36,16.59,16.27,16.56,762600
2005-09-01,16.52,16.59,16.45,16.51,824700
2005-09-02,16.4,16.43,16.27,16.34,706500
2005-09-06,16.57,16.72,16.53,16.71,898600
2005-09-07,17.0,17.45,17.0,17.43,2411300
2005-09-08,17.3,17.5,17.29,17.44,1226100
2005-09-09,17.65,17.7,17.56,17.66,909300
2005-09-12,17.34,17.51,17.34,17.47,472700
2005-09-13,17.55,17.77,17.51,17.7,982100
2005-09-14,17.71,17.73,17.47,17.56,755100
2005-09-15,17.42,17.48,17.3,17.37,466100
2005-09-16,17.37,17.41,17.22,17.41,812500
2005-09-19,17.36,17.39,17.24,17.31,501400
2005-09-20,17.26,17.42,17.14,17.14,572200
2005-09-21,17.01,17.14,16.9,16.92,751900
2005-09-22,16.68,16.75,16.46,16.62,955900
2005-09-23,16.37,16.62,16.36,16.58,764800
2005-09-26,16.74,16.94,16.74,16.81,1334200
2005-09-27,16.72,16.73,16.55,16.66,656600
2005-09-28,16.83,16.9,16.76,16.84,1114500
2005-09-29,16.73,16.93,16.63,16.89,792200
2005-09-30,17.11,17.29,17.11,17.28,1288500
2005-10-03,17.44,17.63,17.43,17.52,1094200
2005-10-04,17.53,17.61,17.3,17.3,632500
2005-10-05,17.29,17.3,16.97,16.98,868600
2005-10-06,17.06,17.25,16.97,17.06,1462400
2005-10-07,17.25,17.35,17.2,17.26,743700
2005-10-10,17.06,17.06,16.67,16.73,894700
2005-10-11,16.76,16.97,16.48,16.57,1399000
2005-10-12,16.5,16.53,16.23,16.3,1196100
2005-10-13,16.25,16.66,16.19,16.64,714700
2005-10-14,16.85,16.94,16.7,16.89,982700
2005-10-17,16.71,16.8,16.64,16.7,718400
2005-10-18,16.38,16.44,16.28,16.35,733200
2005-10-19,16.11,16.51,16.0,16.46,1325400
2005-10-20,16.38,16.42,16.1,16.12,1145600
2005-10-21,16.55,16.73,16.43,16.44,1383900
2005-10-24,16.65,16.83,16.55,16.81,1258400
2005-10-25,16.71,16.84,16.49,16.61,1752200
2005-10-26,16.65,16.8,16.58,16.63,2151000
2005-10-27,16.58,16.62,16.16,16.2,1031000
2005-10-28,16.27,16.31,15.98,16.28,980000
2005-10-31,16.34,16.58,16.33,16.47,623300
2005-11-01,16.27,16.32,16.15,16.18,1793600
2005-11-02,16.18,16.68,16.16,16.64,1493100
2005-11-03,16.92,17.02,16.79,16.85,851600
2005-11-04,16.88,16.92,16.52,16.74,734900
2005-11-07,16.67,16.72,16.53,16.65,656400
2005-11-08,16.34,16.57,16.32,16.46,632800
2005-11-09,16.68,17.19,16.65,17.11,1359900
2005-11-10,17.25,17.33,17.01,17.27,1243300
2005-11-11,17.55,17.59,17.47,17.51,1535200
2005-11-14,17.41,17.45,17.3,17.32,1117700
2005-11-15,17.47,17.49,17.26,17.33,739500
2005-11-16,17.27,17.27,17.08,17.12,464700
2005-11-17,17.2,17.39,17.14,17.38,712100
2005-11-18,17.42,17.53,17.26,17.5,930400
2005-11-21,17.46,17.46,17.26,17.38,457000
2005-11-22,17.09,17.38,17.05,17.36,1266800
2005-11-23,17.41,17.62,17.4,17.53,1096300
2005-11-25,17.55,17.56,17.39,17.49,221000
2005-11-28,17.72,17.75,17.43,17.46,725500
2005-11-29,17.6,17.65,17.4,17.42,530500
2005-11-30,17.47,17.67,17.46,17.6,532000
2005-12-01,17.94,18.35,17.94,18.33,880400
2005-12-02,18.23,18.32,18.12,18.19,652900
2005-12-05,18.41,18.49,18.19,18.27,1479700
2005-12-06,18.42,18.62,18.37,18.47,824100
2005-12-07,18.34,18.4,18.19,18.23,838900
2005-12-08,18.43,18.63,18.16,18.26,1511200
2005-12-09,18.25,18.51,18.25,18.45,968700
2005-12-12,18.74,18.81,18.68,18.78,546600
2005-12-13,18.58,18.86,18.57,18.75,407000
2005-12-14,18.62,18.65,18.45,18.52,685000
2005-12-15,18.51,18.52,18.3,18.35,541900
2005-12-16,18.7,18.7,18.38,18.4,1203700
2005-12-19,18.58,18.62,18.36,18.36,672200
2005-12-20,18.13,18.17,17.98,18.04,710600
2005-12-21,18.24,18.29,18.1,18.2,550700
2005-12-22,18.27,18.47,18.25,18.44,426500
2005-12-23,18.24,18.26,18.15,18.25,516700
2005-12-27,18.24,18.32,18.07,18.09,533200
2005-12-28,18.28,18.29,18.02,18.15,331000
2005-12-29,18.08,18.14,17.98,18.01,248200
2005-12-30,17.9,18.03,17.86,18.0,489400
2006-01-03,18.3,18.69,18.23,18.6,1249800
2006-01-04,18.75,18.9,18.69,18.82,681200
2006-01-05,18.92,19.15,18.92,19.0,1181900
2006-01-06,19.68,19.83,19.57,19.78,1448100
2006-01-09,19.63,19.81,19.61,19.75,726700
2006-01-10,19.56,19.82,19.52,19.8,880300
2006-01-11,19.81,19.9,19.69,19.87,1509900
2006-01-12,19.69,19.81,19.52,19.57,972600
2006-01-13,19.39,19.49,19.32,19.48,819000
2006-01-17,19.06,19.09,18.94,19.06,848900
2006-01-18,18.56,18.82,18.56,18.79,1612700
2006-01-19,18.94,19.27,18.93,19.19,1434800
2006-01-20,18.94,18.95,18.4,18.44,1217300
2006-01-23,19.13,19.13,18.89,18.99,2147500
2006-01-24,19.04,19.33,19.03,19.21,746900
2006-01-25,18.95,18.95,18.65,18.8,958000
2006-01-26,18.98,19.07,18.83,19.04,960800
2006-01-27,18.98,19.07,18.7,18.79,1075000
2006-01-30,18.65,18.72,18.46,18.56,937700
2006-01-31,18.5,18.52,18.32,18.43,1018700
2006-02-01,18.38,18.58,18.33,18.51,690000
2006-02-02,18.35,18.41,18.13,18.2,805300
2006-02-03,17.94,18.1,17.86,17.97,974700
2006-02-06,17.78,17.92,17.74,17.91,834800
2006-02-07,18.04,18.08,17.88,17.96,920000
2006-02-08,18.09,18.23,17.96,18.23,497500
2006-02-09,18.28,18.4,18.15,18.22,668800
2006-02-10,18.01,18.01,17.72,17.89,805000
2006-02-13,17.6,17.77,17.56,17.67,903600
2006-02-14,17.61,17.87,17.54,17.84,583600
2006-02-15,17.51,17.57,17.36,17.54,766900
2006-02-16,17.67,17.88,17.63,17.84,1005400
2006-02-17,17.73,17.74,17.61,17.64,581600
2006-02-21,17.54,17.56,17.11,17.13,650900
2006-02-22,16.98,17.27,16.93,17.22,721400
2006-02-23,17.02,17.08,16.91,16.92,595900
2006-02-24,17.08,17.25,17.03,17.09,561400
2006-02-27,17.1,17.19,17.1,17.15,317400
2006-02-28,17.04,17.14,16.9,16.95,811600
2006-03-01,17.15,17.62,17.15,17.6,837100
2006-03-02,17.64,17.77,17.61,17.69,1150100
2006-03-03,17.41,17.77,17.41,17.59,848200
2006-03-06,17.58,17.59,17.25,17.26,566300
2006-03-07,17.03,17.08,16.85,16.88,1381200
2006-03-08,16.71,16.99,16.67,16.88,714200
2006-03-09,16.88,16.98,16.67,16.69,640400
2006-03-10,16.8,16.96,16.72,16.86,855800
2006-03-13,16.87,16.94,16.75,16.78,349100
2006-03-14,16.88,17.4,16.88,17.39,897900
2006-03-15,17.59,17.6,17.43,17.6,786700
2006-03-16,17.58,17.64,17.33,17.33,975600
2006-03-17,17.69,17.88,17.63,17.79,1597100
2006-03-20,17.84,17.89,17.67,17.79,594500
2006-03-21,17.74,18.06,17.65,17.76,1111700
2006-03-22,17.78,17.93,17.72,17.85,553100
2006-03-23,18.08,18.31,17.99,18.12,664500
2006-03-24,18.15,18.29,18.02,18.29,442000
2006-03-27,18.06,18.15,18.01,18.06,448900
2006-03-28,17.89,17.94,17.55,17.66,688200
2006-03-29,17.72,18.05,17.65,17.94,878100
2006-03-30,18.4,18.49,18.28,18.43,895600
2006-03-31,18.53,18.58,18.3,18.39,636700
2006-04-03,18.46,18.73,18.43,18.55,631600
2006-04-04,18.73,18.99,18.72,18.85,1081900
2006-04-05,18.78,18.96,18.61,18.94,885400
2006-04-06,18.88,19.04,18.82,19.0,826700
2006-04-07,18.93,18.93,18.31,18.56,876800
2006-04-10,18.73,18.75,18.54,18.6,543500
2006-04-11,18.55,18.55,18.14,18.22,809500
2006-04-12,18.25,18.45,18.25,18.38,533000
2006-04-13,18.13,18.35,18.11,18.24,827600
2006-04-17,18.38,18.58,18.26,18.28,572300
2006-04-18,18.35,18.7,18.24,18.66,846000
2006-04-19,18.7,18.97,18.63,18.88,945400
2006-04-20,19.06,19.23,19.03,19.21,1395500
2006-04-21,19.25,19.25,19.01,19.08,1554100
2006-04-24,19.15,19.36,19.08,19.3,688500
2006-04-25,19.55,19.6,19.35,19.6,1379200
2006-04-26,19.37,19.39,18.74,18.85,2136200
2006-04-27,18.59,18.79,18.45,18.68,913700
2006-04-28,18.24,18.47,18.22,18.3,943300
2006-05-01,18.25,18.57,18.14,18.17,547100
2006-05-02,18.7,18.76,18.54,18.6,671400
2006-05-03,18.39,18.43,18.28,18.42,853000
2006-05-04,18.36,18.64,18.36,18.54,772700
2006-05-05,18.46,18.51,18.34,18.47,710500
2006-05-08,18.47,18.55,18.36,18.38,716200
2006-05-09,18.28,18.28,18.08,18.12,869000
2006-05-10,18.06,18.06,17.78,17.83,789700
2006-05-11,18.0,18.02,17.55,17.65,1164300
2006-05-12,17.54,17.57,17.25,17.32,955900
2006-05-15,17.36,17.49,17.2,17.34,846100
2006-05-16,17.38,17.4,17.03,17.14,916400
2006-05-17,16.96,17.09,16.34,16.58,1746300
2006-05-18,16.67,16.79,16.25,16.42,1088800
2006-05-19,16.29,16.51,16.12,16.46,1466100
2006-05-22,16.24,16.35,16.0,16.18,850000
2006-05-23,16.52,16.69,16.25,16.26,1207300
2006-05-24,16.42,16.52,16.15,16.4,1408400
2006-05-25,16.47,16.53,16.36,16.47,614400
2006-05-26,16.48,16.49,16.34,16.44,550100
2006-05-30,16.32,16.35,16.05,16.06,675500
2006-05-31,16.31,16.4,16.21,16.4,1245200
2006-06-01,16.22,16.74,16.2,16.67,609800
2006-06-02,16.72,16.76,16.4,16.6,457000
2006-06-05,16.51,16.54,16.06,16.1,921400
2006-06-06,15.98,16.02,15.68,15.86,774000
2006-06-07,15.82,15.98,15.66,15.67,703400
2006-06-08,15.34,15.47,15.06,15.4,1337100
2006-06-09,15.55,15.71,15.34,15.38,1156900
2006-06-12,15.29,15.35,15.07,15.08,715900
2006-06-13,14.96,15.2,14.83,14.83,809900
2006-06-14,15.15,15.32,15.05,15.32,1336100
2006-06-15,15.59,15.84,15.54,15.75,911000
2006-06-16,15.63,15.7,15.36,15.48,1178900
2006-06-19,15.79,15.86,15.55,15.65,972700
2006-06-20,15.69,15.81,15.6,15.65,549400
2006-06-21,15.74,16.14,15.74,15.99,642100
2006-06-22,15.81,15.88,15.67,15.8,596600
2006-06-23,15.71,15.85,15.66,15.77,526500
2006-06-26,15.65,15.76,15.63,15.76,584400
2006-06-27,15.58,15.66,15.32,15.38,1387200
2006-06-28,15.51,15.65,15.39,15.65,1188600
2006-06-29,15.57,16.13,15.57,16.09,862000
2006-06-30,16.08,16.15,15.96,16.07,570200
2006-07-03,16.18,16.28,16.13,16.25,121800
2006-07-05,16.16,16.17,15.89,15.96,1197900
2006-07-06,16.01,16.19,15.99,16.11,409900
2006-07-07,15.75,15.88,15.58,15.63,1011600
2006-07-10,15.54,15.57,15.36,15.41,829900
2006-07-11,15.19,15.55,15.14,15.48,981400
2006-07-12,15.21,15.24,14.91,15.0,872200
2006-07-13,14.82,14.99,14.71,14.8,783100
2006-07-14,14.86,14.96,14.7,14.89,979500
2006-07-17,14.63,14.76,14.58,14.63,521700
2006-07-18,14.86,14.89,14.58,14.85,1794100
2006-07-19,15.15,15.68,15.14,15.53,1335000
2006-07-20,15.62,15.69,15.22,15.26,724300
2006-07-21,14.92,15.01,14.83,14.85,1165300
2006-07-24,15.2,15.38,15.15,15.36,981600
2006-07-25,15.25,15.31,15.07,15.17,719900
2006-07-26,14.62,14.95,14.59,14.86,914000
2006-07-27,14.77,14.87,14.58,14.64,1022400
2006-07-28,14.57,14.86,14.55,14.79,810200
2006-07-31,14.91,15.0,14.84,14.96,529000
2006-08-01,14.78,14.79,14.59,14.75,981900
2006-08-02,14.8,14.95,14.8,14.88,470200
2006-08-03,14.67,15.09,14.65,14.99,709600
2006-08-04,15.19,15.29,15.01,15.06,908500
2006-08-07,15.02,15.08,14.94,14.94,524400
2006-08-08,14.9,15.09,14.82,14.85,492900
2006-08-09,15.09,15.44,15.04,15.06,606300
2006-08-10,15.02,15.25,15.01,15.16,521600
2006-08-11,14.89,14.91,14.71,14.78,547500
2006-08-14,15.01,15.17,14.95,14.96,531700
2006-08-15,15.7,15.94,15.63,15.85,1636400
2006-08-16,15.93,16.38,15.85,16.29,976600
2006-08-17,16.34,16.68,16.32,16.38,943600
2006-08-18,16.51,16.62,16.3,16.6,1160100
2006-08-21,16.32,16.33,16.14,16.25,1102100
2006-08-22,16.04,16.28,16.02,16.08,982000
2006-08-23,16.07,16.15,15.82,15.88,823300
2006-08-24,16.09,16.09,15.86,15.97,634000
2006-08-25,15.92,16.06,15.89,16.0,486100
2006-08-28,16.12,16.34,16.09,16.3,581800
2006-08-29,16.57,16.81,16.44,16.8,849600
2006-08-30,16.77,16.97,16.68,16.96,675900
2006-08-31,16.63,16.64,16.37,16.49,931200
2006-09-01,16.44,16.51,16.27,16.49,890800
2006-09-05,16.17,16.43,16.13,16.4,900000
2006-09-06,16.14,16.16,15.95,15.97,459500
2006-09-07,15.81,16.0,15.75,15.81,879700
2006-09-08,15.81,15.97,15.78,15.92,549300
2006-09-11,16.17,16.42,16.06,16.41,2676200
2006-09-12,16.84,17.15,16.8,17.14,1902800
2006-09-13,16.84,16.95,16.81,16.89,794500
2006-09-14,16.54,16.7,16.52,16.65,711700
2006-09-15,16.77,16.86,16.64,16.71,2743500
2006-09-18,16.59,16.86,16.57,16.83,1293400
2006-09-19,16.83,16.83,16.47,16.64,1191100
2006-09-20,16.87,17.05,16.84,16.91,1619100
2006-09-21,16.97,17.02,16.81,16.87,737700
2006-09-22,16.72,16.75,16.55,16.61,820800
2006-09-25,16.61,16.85,16.37,16.82,848300
2006-09-26,16.93,17.0,16.81,16.97,1118100
2006-09-27,16.78,16.98,16.78,16.83,750000
2006-09-28,17.54,17.8,17.42,17.69,2283600
2006-09-29,17.34,17.47,17.25,17.26,1138100
2006-10-02,17.13,17.34,17.12,17.2,1896800
2006-10-03,17.0,17.22,16.94,17.12,1067900
2006-10-04,17.17,17.43,17.14,17.41,801200
2006-10-05,17.25,17.32,17.16,17.21,808200
2006-10-06,17.03,17.03,16.81,16.86,2185000
2006-10-09,16.86,17.08,16.86,17.04,2000700
2006-10-10,17.03,17.05,16.89,16.97,469700
2006-10-11,16.86,17.49,16.84,17.38,1382900
2006-10-12,17.57,17.74,17.4,17.73,1416100
2006-10-13,17.6,17.64,17.45,17.61,963000
2006-10-16,17.49,17.73,17.49,17.7,1569100
2006-10-17,17.8,17.82,17.39,17.43,1381300
2006-10-18,17.57,17.63,17.17,17.2,2113100
2006-10-19,17.25,17.46,17.17,17.32,1319800
2006-10-20,17.2,17.31,17.11,17.22,1127500
2006-10-23,17.01,17.26,16.96,17.13,1051800
2006-10-24,16.88,16.9,16.71,16.78,1142100
2006-10-25,16.53,16.77,16.49,16.73,2249900
2006-10-26,16.92,16.96,16.76,16.96,983100
2006-10-27,17.0,17.04,16.75,16.8,1242700
2006-10-30,16.84,16.99,16.78,16.91,977100
2006-10-31,17.25,17.38,17.19,17.36,1837400
2006-11-01,17.35,17.35,16.93,16.95,788000
2006-11-02,16.94,17.04,16.91,16.96,570800
2006-11-03,17.03,17.08,16.91,17.01,750900
2006-11-06,17.09,17.35,17.06,17.27,1307500
2006-11-07,17.53,17.91,17.49,17.72,3661000
2006-11-08,17.47,17.79,17.45,17.7,2453000
2006-11-09,17.74,17.9,17.62,17.65,2928400
2006-11-10,17.7,17.75,17.56,17.62,677000
2006-11-13,17.52,17.76,17.52,17.72,2280700
2006-11-14,17.86,18.01,17.62,18.01,2371700
2006-11-15,18.0,18.41,18.0,18.41,2563700
2006-11-16,18.42,18.46,18.18,18.45,2451000
2006-11-17,18.25,18.28,18.09,18.17,1603900
2006-11-20,18.19,18.38,18.19,18.32,1521300
2006-11-21,18.32,18.37,18.18,18.22,691600
2006-11-22,18.52,18.66,18.47,18.65,790100
2006-11-24,18.3,18.42,18.27,18.33,252600
2006-11-27,18.34,18.41,18.13,18.16,4631800
2006-11-28,18.07,18.27,18.07,18.26,2529100
2006-11-29,18.24,18.25,18.09,18.19,855100
2006-11-30,18.2,18.24,18.08,18.12,1136600
2006-12-01,18.16,18.21,17.84,17.94,2036300
2006-12-04,17.95,18.29,17.93,18.16,1338400
2006-12-05,18.1,18.26,18.05,18.25,2174900
2006-12-06,18.09,18.27,18.01,18.22,1592700
2006-12-07,18.41,18.45,18.16,18.16,1299600
2006-12-08,18.17,18.41,18.08,18.28,1601300
2006-12-11,18.21,18.31,18.17,18.19,1314500
2006-12-12,18.17,18.28,18.07,18.13,1184500
2006-12-13,18.3,18.82,18.21,18.67,2902500
2006-12-14,18.65,18.72,18.59,18.63,2529800
2006-12-15,18.56,18.67,18.5,18.5,2026000
2006-12-18,18.63,18.63,18.29,18.46,1214500
2006-12-19,18.34,18.58,18.32,18.53,1695200
2006-12-20,18.51,18.55,18.35,18.41,1779400
2006-12-21,18.46,18.51,18.35,18.41,638800
2006-12-22,18.47,18.48,18.25,18.31,933100
2006-12-26,18.32,18.55,18.3,18.54,1034100
2006-12-27,18.5,18.6,18.48,18.58,517900
2006-12-28,18.54,18.59,18.47,18.57,748700
2006-12-29,18.49,18.58,18.39,18.4,501500
2007-01-03,18.56,18.68,18.26,18.38,1683700
2007-01-04,18.37,18.73,18.35,18.71,877200
2007-01-05,18.5,18.59,18.37,18.39,2411900
2007-01-08,18.7,19.03,18.67,18.9,1481600
2007-01-09,18.99,19.05,18.81,18.94,1020900
2007-01-10,19.04,19.21,18.99,19.2,1178900
2007-01-11,19.05,19.16,18.96,18.96,834800
2007-01-12,18.88,19.03,18.84,18.97,951000
2007-01-16,19.35,19.4,19.24,19.27,1166100
2007-01-17,18.97,19.07,18.82,18.85,1394300
2007-01-18,18.92,18.94,18.45,18.46,2257200
2007-01-19,18.5,18.69,18.48,18.61,2149700
2007-01-22,18.49,18.49,18.21,18.26,1535900
2007-01-23,18.27,18.4,18.2,18.25,1412200
2007-01-24,17.98,18.31,17.97,18.19,3099900
2007-01-25,18.73,18.74,18.39,18.46,1942800
2007-01-26,18.67,18.82,18.47,18.76,2734600
2007-01-29,18.69,18.79,18.58,18.64,1695300
2007-01-30,18.65,18.68,18.54,18.6,1121900
2007-01-31,18.48,18.79,18.44,18.73,1269600
2007-02-01,18.68,18.74,18.56,18.7,1072600
2007-02-02,18.47,18.53,18.4,18.5,1307600
2007-02-05,18.64,18.77,18.63,18.71,1277100
2007-02-06,18.81,18.86,18.57,18.75,1327600
2007-02-07,19.1,19.22,19.04,19.1,1532100
2007-02-08,18.97,19.08,18.96,19.03,694300
2007-02-09,19.29,19.31,18.89,18.93,1774400
2007-02-12,18.85,18.9,18.79,18.81,1511400
2007-02-13,18.77,18.9,18.7,18.89,1020800
2007-02-14,18.93,19.21,18.93,19.17,1313700
2007-02-15,19.04,19.17,18.99,19.13,900500
2007-02-16,19.24,19.3,19.12,19.29,846300
2007-02-20,19.24,19.43,19.13,19.4,1097500
2007-02-21,19.08,19.17,19.04,19.14,1510900
2007-02-22,19.29,19.81,19.23,19.71,6264800
2007-02-23,19.85,20.08,19.84,20.08,3470800
2007-02-26,20.11,20.18,19.99,20.18,2750900
2007-02-27,19.5,19.54,18.87,19.09,3326200
2007-02-28,19.4,19.64,19.2,19.46,3130600
2007-03-01,18.84,19.13,18.68,18.93,3595500
2007-03-02,18.93,19.0,18.69,18.7,2137700
2007-03-05,18.42,18.79,18.41,18.49,1982700
2007-03-06,18.84,18.89,18.61,18.79,1644800
2007-03-07,18.73,18.8,18.59,18.63,1131000
2007-03-08,18.95,19.14,18.91,19.04,1380600
2007-03-09,19.19,19.25,18.96,19.14,1300200
2007-03-12,19.11,19.3,19.05,19.19,1505700
2007-03-13,19.12,19.29,18.94,19.02,2806100
2007-03-14,18.94,19.08,18.79,19.06,1893900
2007-03-15,18.94,19.02,18.83,18.95,1568100
2007-03-16,18.99,19.1,18.88,18.9,2708400
2007-03-19,19.02,19.04,18.82,18.91,2342200
2007-03-20,18.84,19.13,18.8,19.07,1113200
2007-03-21,19.05,19.38,18.89,19.38,1465600
2007-03-22,19.23,19.26,18.94,18.99,1193200
2007-03-23,19.15,19.23,19.1,19.14,1190600
2007-03-26,19.15,19.16,18.98,19.14,1250700
2007-03-27,19.42,19.54,19.36,19.49,1470300
2007-03-28,19.26,19.39,19.19,19.2,1285100
2007-03-29,19.4,19.4,19.06,19.19,2174500
2007-03-30,19.2,19.31,19.16,19.2,1240000
2007-04-02,19.23,19.31,19.15,19.3,1170700
2007-04-03,19.35,19.55,19.35,19.46,1137800
2007-04-04,19.67,19.85,19.65,19.82,1536900
2007-04-05,19.81,20.02,19.78,19.95,808300
2007-04-09,19.85,19.96,19.76,19.87,1039300
2007-04-10,19.89,19.99,19.87,19.97,720500
2007-04-11,19.91,19.92,19.64,19.69,976900
2007-04-12,20.31,20.56,20.2,20.55,3072900
2007-04-13,20.41,20.41,20.22,20.37,1676900
2007-04-16,20.56,20.79,20.56,20.72,1525500
2007-04-17,20.83,20.84,20.61,20.65,1740600
2007-04-18,20.52,20.69,20.49,20.56,2132200
2007-04-19,20.15,20.36,20.09,20.23,2563400
2007-04-20,20.35,20.48,20.28,20.33,2915800
2007-04-23,20.15,20.21,19.85,19.9,3209500
2007-04-24,20.59,20.77,20.4,20.65,3698900
2007-04-25,20.39,20.51,19.89,20.21,3720000
2007-04-26,19.69,19.73,19.52,19.72,2835400
2007-04-27,19.58,19.78,19.51,19.6,1629200
2007-04-30,19.57,19.68,19.43,19.46,1559600
2007-05-01,19.43,19.61,19.39,19.53,1395900
2007-05-02,19.38,19.62,19.38,19.54,1185000
2007-05-03,19.51,19.54,19.35,19.45,1081000
2007-05-04,19.75,19.99,19.73,19.96,2456000
2007-05-07,19.78,19.91,19.75,19.84,1718000
2007-05-08,19.58,19.7,19.53,19.65,1265900
2007-05-09,19.56,19.92,19.53,19.91,2774100
2007-05-10,19.74,19.81,19.31,19.36,4069000
2007-05-11,19.36,19.46,19.28,19.45,2328800
2007-05-14,19.7,19.79,19.58,19.79,2721700
2007-05-15,19.64,19.93,19.59,19.68,1638300
2007-05-16,19.65,19.69,19.35,19.56,1672800
2007-05-17,19.39,19.58,19.35,19.44,1699000
2007-05-18,19.8,20.28,19.8,20.27,4776200
2007-05-21,19.98,20.08,19.87,19.88,2408900
2007-05-22,20.66,20.72,20.13,20.26,4915000
2007-05-23,20.05,20.11,19.69,19.76,2958900
2007-05-24,19.63,19.78,19.34,19.41,2746100
2007-05-25,19.44,19.55,19.36,19.44,2104300
2007-05-29,19.54,19.62,19.38,19.47,1243000
2007-05-30,19.2,19.38,19.15,19.36,1560300
2007-05-31,19.41,19.45,19.26,19.28,1849800
2007-06-01,19.31,19.43,19.27,19.39,2067500
2007-06-04,19.3,19.38,19.22,19.25,1488500
2007-06-05,19.2,19.23,19.02,19.13,1417900
2007-06-06,19.05,19.05,18.73,18.77,2892700
2007-06-07,18.69,18.86,18.55,18.58,2358700
2007-06-08,18.81,19.09,18.73,19.05,3291700
2007-06-11,18.99,19.11,18.93,18.99,3146600
2007-06-12,18.72,18.92,18.61,18.63,1930900
2007-06-13,18.72,18.9,18.7,18.88,1802200
2007-06-14,18.82,19.08,18.81,18.94,1668200
2007-06-15,19.31,19.35,19.2,19.27,3253800
2007-06-18,19.48,19.49,19.37,19.41,2312300
2007-06-19,19.21,19.3,19.15,19.21,2407300
2007-06-20,19.46,19.46,19.05,19.09,1760200
2007-06-21,19.14,19.4,19.05,19.37,1696100
2007-06-22,19.38,19.44,19.08,19.18,1378900
2007-06-25,19.19,19.28,19.07,19.09,2358700
2007-06-26,19.27,19.28,18.99,19.05,1523700
2007-06-27,19.12,19.33,19.06,19.31,1615700
2007-06-28,19.19,19.34,19.15,19.15,1665400
2007-06-29,19.26,19.37,19.06,19.19,1981300
2007-07-02,19.37,19.5,19.34,19.44,1330900
2007-07-03,19.66,19.76,19.66,19.75,985400
2007-07-05,19.56,19.65,19.43,19.58,1136400
2007-07-06,19.53,19.73,19.53,19.7,838600
2007-07-09,19.75,19.8,19.71,19.73,1119200
2007-07-10,19.56,19.71,19.47,19.5,1006600
2007-07-11,19.55,19.81,19.55,19.72,955100
2007-07-12,19.75,20.17,19.73,20.12,2469300
2007-07-13,19.94,20.02,19.87,19.94,974100
2007-07-16,19.77,19.8,19.66,19.73,1199700
2007-07-17,19.6,19.87,19.6,19.8,2212000
2007-07-18,19.47,19.53,19.27,19.44,1860000
2007-07-19,19.69,19.91,19.66,19.83,2117200
2007-07-20,19.62,19.67,19.34,19.36,1996900
2007-07-23,19.57,19.58,19.32,19.34,1198400
2007-07-24,19.18,19.18,18.68,18.7,1975500
2007-07-25,17.88,17.9,17.23,17.35,7124600
2007-07-26,17.01,17.31,16.94,17.2,6326100
2007-07-27,17.2,17.41,16.96,16.99,3570000
2007-07-30,17.17,17.51,17.06,17.42,3064200
2007-07-31,17.35,17.48,17.16,17.16,2812000
2007-08-01,17.31,17.52,17.15,17.46,3806700
2007-08-02,17.41,17.44,17.15,17.31,1910900
2007-08-03,17.12,17.16,16.77,16.77,2289800
2007-08-06,17.2,17.23,16.99,17.22,3051500
2007-08-07,16.82,17.05,16.56,16.96,2588000
2007-08-08,17.71,18.14,17.66,17.89,3473200
2007-08-09,17.59,17.98,17.53,17.76,3562700
2007-08-10,17.37,17.74,17.17,17.52,4828300
2007-08-13,17.18,17.26,17.01,17.02,2416700
2007-08-14,17.26,17.3,16.81,16.83,3091200
2007-08-15,16.59,16.71,16.16,16.2,2272700
2007-08-16,16.28,16.41,15.85,16.24,3145200
2007-08-17,16.59,16.72,16.27,16.51,3084900
2007-08-20,16.6,16.63,16.41,16.56,1656200
2007-08-21,16.6,16.76,16.57,16.66,1249800
2007-08-22,16.8,16.88,16.71,16.87,1196000
2007-08-23,16.91,16.92,16.65,16.76,1025300
2007-08-24,16.9,17.1,16.88,17.1,718500
2007-08-27,16.97,16.98,16.82,16.82,778100
2007-08-28,16.79,16.8,16.14,16.32,1692800
2007-08-29,16.68,16.89,16.61,16.88,1009500
2007-08-30,16.9,17.29,16.87,17.12,1445100
2007-08-31,17.58,17.61,17.34,17.41,876200
2007-09-04,17.43,17.87,17.41,17.74,1560400
2007-09-05,17.48,17.59,17.39,17.52,1854000
2007-09-06,17.68,17.87,17.53,17.78,1332200
2007-09-07,17.6,17.63,17.27,17.37,1455900
2007-09-10,17.6,17.64,17.2,17.39,1118200
2007-09-11,17.36,17.48,17.26,17.37,757400
2007-09-12,17.13,17.33,17.07,17.16,1192500
2007-09-13,16.8,16.81,16.68,16.7,1438500
2007-09-14,16.55,16.74,16.51,16.69,785800
2007-09-17,16.39,16.42,16.05,16.16,1990300
2007-09-18,16.42,16.85,16.32,16.8,2217700
2007-09-19,16.58,16.73,16.48,16.53,1449000
2007-09-20,16.64,16.68,16.56,16.6,1055000
2007-09-21,16.53,16.54,16.34,16.34,1138000
2007-09-24,16.48,16.63,16.45,16.54,1918400
2007-09-25,16.46,16.68,16.43,16.65,1022500
2007-09-26,16.64,16.67,16.51,16.51,1584900
2007-09-27,16.58,16.63,16.52,16.56,961500
2007-09-28,16.82,16.86,16.65,16.75,844000
2007-10-01,16.71,16.97,16.7,16.97,1712000
2007-10-02,16.9,16.99,16.46,16.67,1469500
2007-10-03,16.39,16.43,16.17,16.27,1504500
2007-10-04,16.26,16.29,16.14,16.28,1504900
2007-10-05,16.18,16.41,16.16,16.32,1545700
2007-10-08,16.21,16.24,16.12,16.22,851600
2007-10-09,16.49,16.58,16.39,16.57,1351600
2007-10-10,16.64,16.7,16.48,16.66,1291800
2007-10-11,16.87,16.91,16.5,16.6,1425700
2007-10-12,16.6,16.77,16.57,16.69,1164500
2007-10-15,16.75,16.78,16.45,16.55,901600
2007-10-16,16.36,16.47,16.32,16.4,797400
2007-10-17,16.82,16.84,16.48,16.67,1167300
2007-10-18,16.53,16.58,16.37,16.55,831900
2007-10-19,16.39,16.41,15.99,16.02,1371200
2007-10-22,15.83,16.03,15.72,15.92,1365900
2007-10-23,16.15,16.42,16.07,16.41,2049600
2007-10-24,17.04,17.36,16.9,17.34,5164900
2007-10-25,17.27,17.31,17.05,17.17,2085000
2007-10-26,17.25,17.26,17.08,17.2,1226300
2007-10-29,17.19,17.28,17.14,17.23,872100
2007-10-30,16.98,17.15,16.92,17.08,1063000
2007-10-31,17.0,17.13,16.91,17.11,2574400
2007-11-01,16.72,16.89,16.61,16.69,1644200
2007-11-02,16.94,17.0,16.82,17.0,1064500
2007-11-05,17.0,17.25,16.98,17.16,1774600
2007-11-06,17.17,17.2,16.98,17.16,1273000
2007-11-07,17.01,17.16,16.73,16.73,1215200
2007-11-08,17.05,17.13,16.64,16.88,3021800
2007-11-09,16.67,16.74,16.48,16.59,1601300
2007-11-12,16.71,16.79,16.4,16.48,1339200
2007-11-13,16.73,16.92,16.68,16.9,1028200
2007-11-14,16.97,17.0,16.68,16.7,806500
2007-11-15,16.63,16.71,16.42,16.54,1601600
2007-11-16,16.59,16.59,16.27,16.52,1348100
2007-11-19,16.1,16.17,15.82,15.87,2402000
2007-11-20,15.81,15.9,15.35,15.63,3094700
2007-11-21,15.26,15.35,15.0,15.13,1974800
2007-11-23,15.19,15.26,15.13,15.19,408900
2007-11-26,15.29,15.36,14.91,14.94,1012100
2007-11-27,15.15,15.31,15.1,15.27,1031800
2007-11-28,15.3,15.64,15.27,15.53,1770700
2007-11-29,15.33,15.53,15.32,15.38,1819300
2007-11-30,15.59,15.59,15.16,15.22,774000
2007-12-03,15.42,15.43,15.19,15.23,1415200
2007-12-04,15.11,15.22,15.07,15.12,2494800
2007-12-05,15.52,15.63,15.46,15.53,1305900
2007-12-06,15.5,15.65,15.41,15.62,651000
2007-12-07,15.71,15.74,15.55,15.61,728000
2007-12-10,15.6,15.71,15.55,15.58,1143400
2007-12-11,15.44,15.58,15.18,15.28,2159500
2007-12-12,15.74,15.78,15.4,15.54,1188300
2007-12-13,15.39,15.44,15.12,15.31,1011300
2007-12-14,15.02,15.08,14.83,14.88,2156400
2007-12-17,14.67,14.74,14.52,14.59,1928300
2007-12-18,14.77,14.77,14.45,14.63,1308000
2007-12-19,14.67,14.72,14.51,14.61,883300
2007-12-20,14.57,14.58,14.4,14.55,1255400
2007-12-21,14.5,14.6,14.41,14.5,1697200
2007-12-24,14.83,14.98,14.34,14.6,816400
2007-12-26,14.53,14.59,14.38,14.51,886000
2007-12-27,14.4,14.44,14.31,14.34,866400
2007-12-28,14.5,14.57,14.35,14.39,1538000
2007-12-31,14.31,14.44,14.22,14.3,866400
2008-01-02,14.33,14.35,14.0,14.07,1594400
2008-01-03,13.95,14.04,13.85,13.92,1401500
2008-01-04,13.57,13.57,13.15,13.23,1614400
2008-01-07,13.21,13.22,12.95,13.11,1329500
2008-01-08,13.16,13.33,12.86,12.86,1437200
2008-01-09,12.7,12.8,12.55,12.78,1594900
2008-01-10,12.43,12.74,12.37,12.68,1939700
2008-01-11,12.26,12.32,12.06,12.1,1943200
2008-01-14,12.79,12.9,12.72,12.88,2124500
2008-01-15,12.45,12.5,12.22,12.29,1767200
2008-01-16,12.13,12.35,11.96,12.2,4047700
2008-01-17,12.5,12.61,12.13,12.17,2179800
2008-01-18,12.37,12.42,12.16,12.24,2142900
2008-01-22,11.49,12.12,11.49,12.01,2821200
2008-01-23,11.56,12.17,11.42,12.12,3648200
2008-01-24,12.27,12.64,12.2,12.63,3437700
2008-01-25,12.7,12.7,12.19,12.25,1879400
2008-01-28,12.24,12.42,12.15,12.37,1580800
2008-01-29,12.48,12.54,12.33,12.5,1561000
2008-01-30,12.47,12.73,12.33,12.52,2515000
2008-01-31,12.19,12.5,12.15,12.42,3049900
2008-02-01,12.53,12.79,12.4,12.74,2960600
2008-02-04,12.75,12.88,12.7,12.75,2106200
2008-02-05,12.26,12.28,11.98,12.03,1660600
2008-02-06,12.06,12.26,11.93,11.98,1406900
2008-02-07,11.69,11.82,11.55,11.68,3665000
2008-02-08,11.46,11.61,11.41,11.53,2593700
2008-02-11,11.48,11.61,11.39,11.56,3182600
2008-02-12,11.8,11.88,11.68,11.74,1383100
2008-02-13,12.12,12.35,12.02,12.27,5610700
2008-02-14,12.52,12.57,12.29,12.33,4423100
2008-02-15,12.22,12.22,11.98,12.11,2635000
2008-02-19,12.46,12.49,12.14,12.17,3169100
2008-02-20,12.1,12.4,12.05,12.33,2265600
2008-02-21,12.49,12.55,12.27,12.3,2162400
2008-02-22,12.3,12.33,12.03,12.32,1815800
2008-02-25,12.22,12.35,12.12,12.34,1641300
2008-02-26,12.35,12.65,12.32,12.56,2387000
2008-02-27,12.87,12.97,12.76,12.87,3835500
2008-02-28,12.61,12.64,12.44,12.47,3524100
2008-02-29,12.11,12.16,11.97,11.99,3038200
2008-03-03,11.91,11.91,11.7,11.8,2258100
2008-03-04,11.33,11.51,11.23,11.48,4470600
2008-03-05,11.51,11.65,11.42,11.55,2050200
2008-03-06,11.29,11.34,11.05,11.05,1741600
2008-03-07,10.88,11.09,10.78,10.9,2721500
2008-03-10,10.95,10.95,10.66,10.69,2803400
2008-03-11,10.92,10.97,10.69,10.97,3938000
2008-03-12,10.91,11.02,10.84,10.84,2195300
2008-03-13,10.54,10.88,10.51,10.79,2362400
2008-03-14,10.79,10.83,10.42,10.49,3040600
2008-03-17,10.29,10.4,10.07,10.12,6822900
2008-03-18,10.24,10.44,10.18,10.44,6919900
2008-03-19,9.9,10.09,9.88,9.88,9515800
2008-03-20,10.08,10.26,10.0,10.23,2702400
2008-03-24,10.2,10.6,10.18,10.57,3857400
2008-03-25,10.63,10.81,10.51,10.78,2591300
2008-03-26,10.63,10.69,10.53,10.61,2852000
2008-03-27,10.57,10.59,10.36,10.36,2747600
2008-03-28,10.52,10.55,10.33,10.36,2348200
2008-03-31,10.7,10.79,10.51,10.66,3042000
2008-04-01,10.87,11.18,10.81,11.17,2952600
2008-04-02,11.49,11.72,11.37,11.62,3789700
2008-04-03,11.19,11.38,11.13,11.33,3829000
2008-04-04,11.32,11.53,11.21,11.43,2855000
2008-04-07,11.53,11.57,11.41,11.48,3909900
2008-04-08,11.13,11.32,11.11,11.23,2483400
2008-04-09,11.21,11.25,11.1,11.23,2131100
2008-04-10,10.98,11.31,10.87,11.11,4652200
2008-04-11,10.91,10.92,10.55,10.56,3106500
2008-04-14,10.65,10.78,10.59,10.66,1984400
2008-04-15,10.59,10.59,10.39,10.5,1698800
2008-04-16,10.8,11.14,10.8,11.13,1840300
2008-04-17,10.76,10.94,10.73,10.89,1920100
2008-04-18,10.92,11.07,10.89,11.01,1548100
2008-04-21,10.98,11.08,10.93,11.05,1005700
2008-04-22,10.94,10.99,10.82,10.89,1720600
2008-04-23,10.85,11.27,10.82,11.18,3210000
2008-04-24,11.08,11.23,10.99,11.16,1936200
2008-04-25,11.64,11.69,11.49,11.6,3256200
2008-04-28,11.52,11.56,11.46,11.54,1680500
2008-04-29,11.89,11.93,11.7,11.85,4171400
2008-04-30,11.72,11.77,11.5,11.52,3283100
2008-05-01,11.43,11.85,11.41,11.82,2439900
2008-05-02,11.94,12.07,11.88,12.05,3699600
2008-05-05,11.9,12.01,11.84,11.95,2158800
2008-05-06,12.22,12.39,12.13,12.38,2504000
2008-05-07,12.62,12.69,12.38,12.48,4053800
2008-05-08,12.56,12.61,12.44,12.55,2508100
2008-05-09,12.34,12.48,12.32,12.41,1883300
2008-05-12,12.46,12.58,12.34,12.55,1601800
2008-05-13,12.5,12.76,12.46,12.73,3237600
2008-05-14,12.72,12.96,12.68,12.84,3839900
2008-05-15,12.8,13.01,12.8,12.98,2878100
2008-05-16,13.41,13.56,13.24,13.56,3258300
2008-05-19,13.18,13.39,13.15,13.19,4427400
2008-05-20,12.94,12.96,12.73,12.79,8166500
2008-05-21,12.68,12.81,12.49,12.51,2866900
2008-05-22,12.92,13.0,12.84,12.94,2661900
2008-05-23,12.79,12.84,12.64,12.7,1262900
2008-05-27,12.55,12.86,12.55,12.77,1579400
2008-05-28,13.08,13.09,12.86,13.05,1639700
2008-05-29,12.76,12.97,12.74,12.9,2587000
2008-05-30,13.13,13.14,13.0,13.03,2209900
2008-06-02,12.63,12.63,12.44,12.49,1511800
2008-06-03,12.65,12.77,12.56,12.63,3485700
2008-06-04,12.52,12.82,12.51,12.74,3242600
2008-06-05,12.83,12.86,12.59,12.82,2561000
2008-06-06,12.52,12.54,12.24,12.24,2018600
2008-06-09,12.29,12.31,11.96,12.09,1572200
2008-06-10,11.77,11.99,11.77,11.88,2300100
2008-06-11,11.92,11.93,11.63,11.64,4318100
2008-06-12,11.2,11.51,11.18,11.38,2737600
2008-06-13,11.35,11.55,11.33,11.54,1536000
2008-06-16,11.59,11.77,11.57,11.73,2699600
2008-06-17,11.96,11.99,11.79,11.84,1802800
2008-06-18,11.6,11.62,11.4,11.43,2264900
2008-06-19,11.23,11.47,11.1,11.4,3285300
2008-06-20,10.91,10.93,10.71,10.79,2311600
2008-06-23,10.86,10.9,10.7,10.75,1119800
2008-06-24,10.69,10.86,10.55,10.74,2123700
2008-06-25,10.98,11.1,10.95,11.0,1626300
2008-06-26,10.7,10.74,10.5,10.52,1658300
2008-06-27,10.61,10.69,10.46,10.61,2660200
2008-06-30,10.42,10.49,10.33,10.33,1987900
2008-07-01,10.19,10.32,10.08,10.29,2985800
2008-07-02,10.44,10.48,10.13,10.16,2873800
2008-07-03,10.32,10.32,10.08,10.16,1970700
2008-07-07,10.32,10.44,10.22,10.31,3210800
2008-07-08,10.22,10.3,10.07,10.29,2460800
2008-07-09,10.55,10.57,10.3,10.31,2598300
2008-07-10,10.42,10.48,10.3,10.47,2394700
2008-07-11,10.13,10.33,10.02,10.15,3049600
2008-07-14,10.31,10.33,10.11,10.18,2600900
2008-07-15,10.22,10.42,10.06,10.24,4399200
2008-07-16,10.29,10.64,10.23,10.61,2250800
2008-07-17,11.14,11.35,11.07,11.35,5040900
2008-07-18,11.54,11.58,11.36,11.48,4282400
2008-07-21,11.61,11.63,11.35,11.4,3659400
2008-07-22,10.65,10.8,10.51,10.64,5249200
2008-07-23,11.1,11.39,11.05,11.34,4994700
2008-07-24,11.27,11.27,10.93,10.98,4023800
2008-07-25,11.25,11.4,11.18,11.33,1987100
2008-07-28,11.28,11.32,11.02,11.06,1718700
2008-07-29,10.89,11.2,10.87,11.19,1412900
2008-07-30,11.18,11.26,11.06,11.17,1650600
2008-07-31,11.01,11.2,11.0,11.06,1235700
2008-08-01,11.28,11.29,11.0,11.08,2564300
2008-08-04,11.25,11.3,11.17,11.2,1737600
2008-08-05,11.52,11.73,11.5,11.73,1534200
2008-08-06,11.77,11.97,11.68,11.92,2306100
2008-08-07,12.22,12.35,12.15,12.17,2316300
2008-08-08,12.08,12.43,12.04,12.38,2125400
2008-08-11,12.32,12.55,12.31,12.47,1779200
2008-08-12,12.57,12.74,12.48,12.7,2885700
2008-08-13,12.38,12.55,12.32,12.47,4542400
2008-08-14,12.12,12.52,12.1,12.44,2582500
2008-08-15,12.51,12.65,12.44,12.64,2207200
2008-08-18,12.46,12.48,12.14,12.26,1694600
2008-08-19,11.98,12.06,11.87,11.9,1444100
2008-08-20,12.24,12.28,12.12,12.2,3026700
2008-08-21,12.38,12.55,12.33,12.48,2026500
2008-08-22,12.5,12.58,12.45,12.58,1128800
2008-08-25,12.64,12.76,12.55,12.57,1736200
2008-08-26,12.87,13.04,12.83,12.9,2321100
2008-08-27,12.97,13.16,12.93,13.08,2787600
2008-08-28,13.36,13.43,13.32,13.4,1734600
2008-08-29,13.22,13.36,13.05,13.11,1684100
2008-09-02,13.74,13.74,13.28,13.29,2181200
2008-09-03,13.32,13.36,12.98,13.07,4300400
2008-09-04,12.65,12.73,12.11,12.15,5088400
2008-09-05,11.69,11.96,11.58,11.9,5371300
2008-09-08,12.11,12.13,11.61,11.79,3212200
2008-09-09,11.71,11.89,11.48,11.49,3492500
2008-09-10,11.98,11.98,11.69,11.74,4703700
2008-09-11,11.76,12.14,11.69,12.14,3260000
2008-09-12,12.08,12.22,11.97,12.21,2241900
2008-09-15,12.28,12.42,12.18,12.23,3272100
2008-09-16,11.91,12.3,11.82,12.23,3625400
2008-09-17,12.01,12.09,11.59,11.81,4472400
2008-09-18,11.99,12.38,11.77,12.22,5383800
2008-09-19,12.37,12.55,12.25,12.41,2608600
2008-09-22,12.15,12.15,11.61,11.65,2186000
2008-09-23,11.32,11.43,10.99,11.06,2290500
2008-09-24,11.14,11.14,10.81,10.88,2262700
2008-09-25,11.13,11.25,11.05,11.14,1435900
2008-09-26,10.58,10.82,10.51,10.79,3308400
2008-09-29,10.45,10.5,9.75,9.85,2530300
2008-09-30,9.9,10.2,9.82,10.18,2069000
2008-10-01,9.99,10.39,9.97,10.24,2797500
2008-10-02,10.44,10.46,10.02,10.02,1857500
2008-10-03,9.85,10.3,9.84,10.3,3873300
2008-10-06,9.48,9.52,8.9,9.34,4532100
2008-10-07,9.65,9.66,9.0,9.0,2995000
2008-10-08,9.12,9.49,8.83,9.05,4809600
2008-10-09,9.6,9.62,8.76,8.77,3248100
2008-10-10,8.77,9.22,8.45,8.88,3642200
2008-10-13,9.41,9.92,9.32,9.91,2187700
2008-10-14,9.85,9.89,9.14,9.3,2547800
2008-10-15,8.77,8.79,7.89,7.89,3523100
2008-10-16,7.98,8.43,7.6,8.37,3477100
2008-10-17,8.09,8.68,8.08,8.33,2766300
2008-10-20,8.54,8.95,8.48,8.94,1813600
2008-10-21,8.34,8.51,8.2,8.21,3183900
2008-10-22,8.24,8.3,7.75,7.96,2979500
2008-10-23,7.91,8.19,7.72,8.07,3420900
2008-10-24,7.42,8.06,7.42,7.87,4102500
2008-10-27,7.5,7.91,7.42,7.6,2906300
2008-10-28,8.03,8.67,7.63,8.66,3062900
2008-10-29,8.41,8.64,8.31,8.38,2853300
2008-10-30,8.45,8.48,7.89,8.28,2493500
2008-10-31,7.91,8.35,7.83,8.26,2620300
2008-11-03,8.49,8.57,8.37,8.42,1066100
2008-11-04,8.77,9.07,8.67,9.02,1211700
2008-11-05,8.92,9.11,8.58,8.62,1451500
2008-11-06,8.57,8.65,7.94,7.98,1651800
2008-11-07,8.26,8.44,8.15,8.41,1284100
2008-11-10,8.48,8.5,7.98,8.05,1772600
2008-11-11,7.94,8.02,7.74,7.86,1102500
2008-11-12,7.71,7.85,7.58,7.63,1361000
2008-11-13,7.43,8.14,7.19,8.1,2227200
2008-11-14,7.64,7.82,7.42,7.5,1846100
2008-11-17,7.43,7.55,7.25,7.28,1811000
2008-11-18,7.06,7.16,6.77,7.01,3242400
2008-11-19,6.98,7.05,6.53,6.55,1646900
2008-11-20,6.47,6.82,6.28,6.34,2377500
2008-11-21,6.58,6.63,6.22,6.58,2962600
2008-11-24,6.71,7.03,6.62,6.92,2138700
2008-11-25,7.13,7.13,6.61,6.88,2061600
2008-11-26,6.83,7.2,6.81,7.17,1679500
2008-11-28,6.51,6.65,6.48,6.61,1193800
2008-12-01,6.32,6.34,6.06,6.1,2123100
2008-12-02,6.26,6.31,6.06,6.27,2070800
2008-12-03,6.21,6.58,6.17,6.55,1818600
2008-12-04,6.19,6.36,6.0,6.11,1970400
2008-12-05,6.14,6.3,5.9,6.28,2044800
2008-12-08,6.37,6.49,6.32,6.41,1058500
2008-12-09,6.34,6.62,6.3,6.5,2830600
2008-12-10,6.61,6.75,6.57,6.7,1478800
2008-12-11,6.59,6.74,6.51,6.55,1220200
2008-12-12,6.41,6.71,6.38,6.67,2319300
2008-12-15,6.78,6.79,6.61,6.77,1225400
2008-12-16,6.86,7.27,6.82,7.27,1712300
2008-12-17,6.91,7.07,6.87,6.97,2101000
2008-12-18,6.95,6.96,6.66,6.75,1503400
2008-12-19,6.65,6.68,6.5,6.57,1813800
2008-12-22,6.69,6.69,6.33,6.42,1695900
2008-12-23,6.52,6.54,6.39,6.46,1025300
2008-12-24,6.21,6.55,6.21,6.53,326000
2008-12-26,6.55,6.59,6.49,6.56,397900
2008-12-29,6.59,6.61,6.38,6.45,758500
2008-12-30,6.45,6.58,6.43,6.57,714900
2008-12-31,6.48,6.73,6.48,6.65,988400
2009-01-02,6.45,6.8,6.45,6.8,1506500
2009-01-05,6.68,6.79,6.62,6.75,679100
2009-01-06,6.9,7.07,6.79,7.03,1497700
2009-01-07,7.04,7.15,6.94,7.02,1143200
2009-01-08,6.88,6.93,6.77,6.9,1317700
2009-01-09,6.74,6.77,6.53,6.54,1371900
2009-01-12,6.31,6.35,6.17,6.21,1865300
2009-01-13,6.04,6.19,6.04,6.18,1557400
2009-01-14,5.91,5.94,5.8,5.88,1591200
2009-01-15,5.88,5.91,5.65,5.83,1993300
2009-01-16,5.87,5.87,5.57,5.76,1979800
2009-01-20,5.57,5.58,5.35,5.35,1547500
2009-01-21,5.55,5.69,5.42,5.67,2037800
2009-01-22,5.33,5.45,5.23,5.4,2227900
2009-01-23,5.1,5.39,5.08,5.34,2492800
2009-01-26,5.38,5.63,5.34,5.49,2656800
2009-01-27,5.62,5.72,5.57,5.63,2147800
2009-01-28,5.7,5.71,5.45,5.48,2778900
2009-01-29,5.3,5.31,5.17,5.19,1430500
2009-01-30,5.32,5.33,5.15,5.17,1949700
2009-02-02,5.08,5.17,5.05,5.12,1255700
2009-02-03,5.19,5.36,5.14,5.33,1553400
2009-02-04,5.24,5.37,5.13,5.16,1876900
2009-02-05,5.17,5.41,5.09,5.33,1975600
2009-02-06,5.61,5.79,5.56,5.73,1399400
2009-02-09,5.87,5.88,5.76,5.83,1089800
2009-02-10,5.71,5.8,5.42,5.45,2267400
2009-02-11,5.55,5.58,5.38,5.47,1593000
2009-02-12,5.27,5.45,5.22,5.44,1408700
2009-02-13,5.64,5.71,5.58,5.61,1157900
2009-02-17,5.34,5.43,5.26,5.33,1761400
2009-02-18,5.28,5.28,5.06,5.1,1432300
2009-02-19,5.16,5.16,4.9,4.92,1618700
2009-02-20,4.76,4.9,4.75,4.82,1351600
2009-02-23,4.73,4.73,4.41,4.45,1336000
2009-02-24,4.51,4.71,4.48,4.68,1184600
2009-02-25,4.57,4.68,4.47,4.61,1260900
2009-02-26,4.59,4.67,4.47,4.48,1231000
2009-02-27,4.35,4.49,4.35,4.45,1125400
2009-03-02,4.28,4.32,4.14,4.17,1298700
2009-03-03,4.28,4.28,4.11,4.16,2789700
2009-03-04,4.15,4.2,4.1,4.13,4020500
2009-03-05,3.99,4.03,3.83,3.89,3689900
2009-03-06,3.94,3.98,3.73,3.83,3424100
2009-03-09,3.77,3.89,3.77,3.79,2067900
2009-03-10,4.03,4.2,4.03,4.13,1979600
2009-03-11,4.34,4.35,4.23,4.28,2002400
2009-03-12,4.2,4.42,4.2,4.39,1735500
2009-03-13,4.38,4.45,4.25,4.33,1030300
2009-03-16,4.51,4.55,4.41,4.42,2136600
2009-03-17,4.36,4.53,4.33,4.51,1846200
2009-03-18,4.46,4.72,4.46,4.72,2183700
2009-03-19,4.71,4.74,4.59,4.59,837600
2009-03-20,4.41,4.47,4.3,4.33,1018400
2009-03-23,4.4,4.51,4.37,4.49,3133500
2009-03-24,4.4,4.47,4.37,4.39,968500
2009-03-25,4.64,4.77,4.61,4.71,3109400
2009-03-26,4.96,5.13,4.9,5.09,2123800
2009-03-27,5.09,5.09,4.99,5.03,1228100
2009-03-30,4.81,4.84,4.69,4.77,1128800
2009-03-31,4.9,5.06,4.88,4.96,1209800
2009-04-01,4.99,5.18,4.97,5.13,2304800
2009-04-02,5.35,5.51,5.32,5.42,1373400
2009-04-03,5.6,5.72,5.53,5.72,1700600
2009-04-06,5.55,5.58,5.44,5.55,1270000
2009-04-07,5.35,5.39,5.27,5.29,1074000
2009-04-08,5.58,5.74,5.54,5.69,1313700
2009-04-09,5.94,6.12,5.91,6.0,1904800
2009-04-13,6.13,6.13,5.87,6.09,916100
2009-04-14,6.05,6.19,6.02,6.12,1309600
2009-04-15,5.96,6.15,5.91,6.14,864900
2009-04-16,6.33,6.52,6.3,6.48,1479700
2009-04-17,6.61,6.74,6.55,6.71,1351700
2009-04-20,6.28,6.29,5.88,5.92,1851400
2009-04-21,6.12,6.4,6.11,6.37,2383700
2009-04-22,6.28,6.63,6.23,6.49,1897200
2009-04-23,6.57,6.68,6.45,6.65,1904100
2009-04-24,6.58,6.65,6.5,6.59,1292400
2009-04-27,6.57,6.69,6.49,6.56,1378100
2009-04-28,6.25,6.42,6.22,6.33,1344400
2009-04-29,6.49,6.67,6.48,6.59,774600
2009-04-30,6.64,6.69,6.51,6.57,2530600
2009-05-01,6.35,6.58,6.25,6.51,1425400
2009-05-04,6.88,7.12,6.85,7.12,1359000
2009-05-05,7.15,7.17,6.95,7.0,921500
2009-05-06,7.26,7.27,7.01,7.16,1449200
2009-05-07,7.37,7.4,6.78,6.86,3123700
2009-05-08,6.87,6.9,6.66,6.77,1550900
2009-05-11,6.39,6.5,6.32,6.43,1715200
2009-05-12,6.54,6.57,6.26,6.4,2272600
2009-05-13,6.13,6.15,6.0,6.02,911200
2009-05-14,6.07,6.26,6.06,6.23,957800
2009-05-15,6.29,6.41,6.22,6.26,1478900
2009-05-18,6.65,6.96,6.62,6.91,2728900
2009-05-19,7.08,7.26,7.0,7.16,2147300
2009-05-20,7.17,7.25,7.01,7.06,1843200
2009-05-21,6.91,6.95,6.68,6.77,1869200
2009-05-22,6.9,6.92,6.8,6.84,1503700
2009-05-26,6.71,7.04,6.71,6.99,1196300
2009-05-27,7.02,7.06,6.9,6.94,1517800
2009-05-28,7.05,7.09,6.86,7.04,1446000
2009-05-29,7.34,7.39,7.24,7.36,2139300
2009-06-01,7.57,7.73,7.53,7.67,1093200
2009-06-02,7.91,8.01,7.84,7.91,2094500
2009-06-03,7.63,7.65,7.44,7.55,1619300
2009-06-04,7.63,7.63,7.5,7.61,1243800
2009-06-05,7.6,7.64,7.38,7.47,1273900
2009-06-08,7.34,7.43,7.26,7.4,1283400
2009-06-09,7.74,7.85,7.66,7.78,1690100
2009-06-10,8.18,8.22,8.0,8.2,2697900
2009-06-11,8.16,8.3,8.15,8.18,2451300
2009-06-12,8.2,8.2,8.04,8.12,1889900
2009-06-15,7.69,7.71,7.47,7.59,1756300
2009-06-16,7.57,7.66,7.46,7.46,1569000
2009-06-17,7.38,7.58,7.25,7.49,2656800
2009-06-18,7.52,7.6,7.43,7.48,1270400
2009-06-19,7.68,7.75,7.6,7.63,1346700
2009-06-22,7.38,7.45,7.24,7.27,1409400
2009-06-23,7.22,7.26,7.03,7.16,2330800
2009-06-24,7.23,7.39,7.22,7.31,2599400
2009-06-25,7.16,7.51,7.14,7.48,2065800
2009-06-26,7.46,7.52,7.4,7.46,962400
2009-06-29,7.5,7.57,7.46,7.52,748500
2009-06-30,7.59,7.6,7.37,7.51,1035400
2009-07-01,7.62,7.78,7.59,7.68,1287600
2009-07-02,7.53,7.53,7.38,7.43,701200
2009-07-06,7.23,7.33,7.15,7.23,923700
2009-07-07,7.19,7.22,7.0,7.03,1205100
2009-07-08,7.21,7.23,7.01,7.12,1935200
2009-07-09,7.33,7.37,7.24,7.3,1516300
2009-07-10,6.97,7.11,6.89,6.99,2182800
2009-07-13,7.12,7.3,7.02,7.27,1412800
2009-07-14,7.21,7.24,7.1,7.16,1071900
2009-07-15,7.73,7.81,7.68,7.79,2803800
2009-07-16,7.62,7.8,7.57,7.77,2277900
2009-07-17,7.62,7.7,7.52,7.64,1901900
2009-07-20,7.83,7.87,7.7,7.8,1310100
2009-07-21,8.0,8.0,7.68,7.82,2283400
2009-07-22,7.69,7.91,7.67,7.86,1554500
2009-07-23,7.57,7.79,7.52,7.78,1931900
2009-07-24,7.7,7.75,7.55,7.72,1469000
2009-07-27,7.61,7.65,7.5,7.65,979200
2009-07-28,7.36,7.54,7.31,7.54,1378000
2009-07-29,7.49,7.53,7.42,7.5,1468900
2009-07-30,7.46,7.57,7.41,7.45,1027200
2009-07-31,7.47,7.64,7.41,7.59,790800
2009-08-03,7.78,7.88,7.71,7.87,821000
2009-08-04,7.84,7.93,7.81,7.88,704800
2009-08-05,7.83,7.84,7.64,7.7,976800
2009-08-06,7.96,7.96,7.79,7.86,1490900
2009-08-07,7.84,7.89,7.71,7.76,1255900
2009-08-10,7.7,7.72,7.62,7.65,814900
2009-08-11,7.51,7.51,7.34,7.4,1209600
2009-08-12,7.5,7.66,7.49,7.59,725400
2009-08-13,7.69,7.75,7.59,7.75,1352900
2009-08-14,7.71,7.72,7.55,7.62,841900
2009-08-17,7.43,7.44,7.31,7.35,516900
2009-08-18,7.24,7.37,7.23,7.32,788700
2009-08-19,7.18,7.35,7.15,7.29,787600
2009-08-20,7.42,7.52,7.39,7.47,2033700
2009-08-21,7.66,7.77,7.61,7.68,1014600
2009-08-24,7.69,7.72,7.55,7.58,646200
2009-08-25,7.68,7.71,7.53,7.57,915100
2009-08-26,7.64,7.67,7.57,7.62,1084700
2009-08-27,7.81,7.94,7.63,7.93,1141600
2009-08-28,8.77,8.87,8.62,8.86,4775200
2009-08-31,8.56,8.67,8.54,8.66,1125300
2009-09-01,8.71,8.92,8.54,8.58,2295500
2009-09-02,8.27,8.41,8.24,8.39,1498700
2009-09-03,8.61,8.61,8.36,8.47,1713800
2009-09-04,8.61,8.91,8.57,8.9,1671000
2009-09-08,9.58,9.59,9.38,9.46,2673100
2009-09-09,9.4,9.42,9.27,9.32,2683900
2009-09-10,9.54,9.65,9.42,9.62,1306100
2009-09-11,9.62,9.65,9.49,9.52,897900
2009-09-14,9.43,9.65,9.43,9.63,1095000
2009-09-15,9.6,9.72,9.53,9.69,899200
2009-09-16,9.6,9.7,9.52,9.7,1820100
2009-09-17,9.6,9.68,9.56,9.63,2207700
2009-09-18,9.62,9.71,9.56,9.67,1647900
2009-09-21,9.5,9.63,9.47,9.56,1157700
2009-09-22,9.95,9.95,9.83,9.86,1410100
2009-09-23,9.92,9.99,9.79,9.79,1697200
2009-09-24,9.73,9.8,9.43,9.49,1682400
2009-09-25,9.23,9.33,9.16,9.2,1161600
2009-09-28,9.41,9.62,9.37,9.53,955200
2009-09-29,9.44,9.5,9.31,9.33,1394700
2009-09-30,9.47,9.49,9.26,9.43,1767900
2009-10-01,9.38,9.39,8.98,8.99,3169500
2009-10-02,8.83,9.04,8.82,8.86,2472700
2009-10-05,8.87,9.02,8.85,8.95,1335000
2009-10-06,9.19,9.34,9.17,9.25,1204200
2009-10-07,9.36,9.39,9.26,9.31,1152400
2009-10-08,9.47,9.51,9.35,9.42,1339400
2009-10-09,9.38,9.49,9.34,9.48,877900
2009-10-12,9.76,9.84,9.7,9.72,1136700
2009-10-13,9.78,9.91,9.76,9.89,2103700
2009-10-14,10.27,10.28,10.0,10.15,2257500
2009-10-15,9.97,10.01,9.86,9.88,2594700
2009-10-16,9.75,9.76,9.6,9.64,2976000
2009-10-19,9.72,9.87,9.66,9.79,1720100
2009-10-20,9.83,9.84,9.68,9.74,1628400
2009-10-21,9.38,9.55,9.1,9.16,4477400
2009-10-22,9.11,9.24,9.03,9.23,3338300
2009-10-23,9.0,9.04,8.76,8.83,2459100
2009-10-26,8.92,8.98,8.58,8.62,2315500
2009-10-27,8.56,8.59,8.31,8.36,2678500
2009-10-28,8.24,8.3,8.05,8.1,2435000
2009-10-29,8.43,8.47,8.34,8.43,1898300
2009-10-30,8.31,8.35,7.93,7.96,2827900
2009-11-02,8.07,8.24,7.92,8.01,2840900
2009-11-03,7.9,7.98,7.86,7.98,2649000
2009-11-04,8.13,8.41,8.08,8.18,3185400
2009-11-05,8.38,8.39,8.25,8.27,1326500
2009-11-06,8.23,8.38,8.23,8.31,1424500
2009-11-09,8.46,8.55,8.44,8.53,1235200
2009-11-10,8.37,8.44,8.27,8.42,1876200
2009-11-11,8.56,8.74,8.54,8.69,2625100
2009-11-12,8.69,8.76,8.54,8.55,2061600
2009-11-13,8.52,8.68,8.45,8.65,1898600
2009-11-16,8.73,8.87,8.73,8.79,1838400
2009-11-17,8.75,8.83,8.66,8.82,1338700
2009-11-18,8.99,9.05,8.89,8.99,2784500
2009-11-19,8.69,8.71,8.51,8.64,2456000
2009-11-20,8.31,8.37,8.12,8.31,1868600
2009-11-23,8.28,8.43,8.28,8.34,1281400
2009-11-24,8.38,8.39,8.27,8.38,1601600
2009-11-25,8.35,8.42,8.31,8.4,991800
2009-11-27,7.96,8.22,7.94,8.18,790100
2009-11-30,8.11,8.17,7.99,8.1,1261100
2009-12-01,8.29,8.41,8.23,8.37,1328800
2009-12-02,8.29,8.41,8.29,8.38,2788100
2009-12-03,8.59,8.64,8.48,8.49,2049700
2009-12-04,8.56,8.61,8.43,8.53,1777800
2009-12-07,8.48,8.58,8.39,8.44,3850400
2009-12-08,8.5,8.52,8.42,8.43,1952800
2009-12-09,8.42,8.48,8.27,8.42,1656600
2009-12-10,8.55,8.59,8.43,8.43,1811400
2009-12-11,8.55,8.56,8.39,8.44,2099900
2009-12-14,8.64,8.68,8.59,8.64,1324600
2009-12-15,8.58,8.67,8.56,8.62,970400
2009-12-16,8.71,8.83,8.7,8.75,1630300
2009-12-17,8.58,8.6,8.5,8.55,1210000
2009-12-18,8.61,8.68,8.52,8.63,2047400
2009-12-21,8.6,8.74,8.57,8.72,2259500
2009-12-22,8.83,8.97,8.81,8.95,1769600
2009-12-23,9.02,9.18,9.0,9.05,3997200
2009-12-24,9.13,9.21,9.11,9.18,531600
2009-12-28,9.18,9.28,9.15,9.21,1293600
2009-12-29,9.18,9.2,9.01,9.07,804000
2009-12-30,9.0,9.14,8.98,9.12,1657600
2009-12-31,9.18,9.46,9.14,9.27,2177600
2010-01-04,9.34,9.36,9.29,9.29,1233900
2010-01-05,9.33,9.38,9.27,9.35,1463700
2010-01-06,9.35,9.5,9.34,9.4,1553500
2010-01-07,9.35,9.36,9.25,9.34,1499100
2010-01-08,9.24,9.35,9.21,9.34,1613100
2010-01-11,9.31,9.33,9.19,9.28,1353700
2010-01-12,9.06,9.08,8.9,8.92,3255200
2010-01-13,9.1,9.18,9.0,9.1,5547900
2010-01-14,9.13,9.19,9.09,9.12,3052700
2010-01-15,9.09,9.1,8.84,8.87,1558900
2010-01-19,8.73,8.89,8.72,8.85,1700400
2010-01-20,8.83,8.88,8.72,8.78,4496100
2010-01-21,8.84,8.88,8.6,8.65,2410600
2010-01-22,8.59,8.62,8.29,8.32,2301100
2010-01-25,8.53,8.57,8.39,8.45,1645600
2010-01-26,8.53,8.65,8.48,8.5,3024400
2010-01-27,8.4,8.44,8.1,8.19,3908300
2010-01-28,8.51,8.53,8.2,8.27,5481500
2010-01-29,8.32,8.38,8.1,8.14,3955000
2010-02-01,8.36,8.44,8.34,8.42,2062600
2010-02-02,8.58,8.64,8.51,8.59,2358700
2010-02-03,8.62,8.65,8.53,8.63,1957100
2010-02-04,8.5,8.51,8.17,8.17,1895400
2010-02-05,8.14,8.18,7.89,8.11,3091200
2010-02-08,7.97,8.09,7.87,8.0,2674900
2010-02-09,8.01,8.18,7.89,8.09,2847400
2010-02-10,8.19,8.21,8.07,8.2,1521600
2010-02-11,8.09,8.3,8.01,8.3,1510900
2010-02-12,7.96,8.11,7.92,8.07,1866800
2010-02-16,7.95,8.2,7.91,8.17,1456900
2010-02-17,8.45,8.48,8.37,8.43,904700
2010-02-18,8.5,8.56,8.49,8.54,1243800
2010-02-19,8.49,8.61,8.44,8.56,1052100
2010-02-22,8.76,8.77,8.61,8.64,1563800
2010-02-23,8.5,8.53,8.3,8.32,1194500
2010-02-24,8.54,8.63,8.46,8.56,1014900
2010-02-25,8.45,8.61,8.38,8.59,1304700
2010-02-26,8.57,8.71,8.49,8.67,1157000
2010-03-01,8.74,8.83,8.7,8.82,1304400
2010-03-02,9.0,9.03,8.94,8.95,994200
2010-03-03,9.02,9.1,9.0,9.01,1146800
2010-03-04,9.06,9.08,8.91,8.97,880000
2010-03-05,9.19,9.26,9.14,9.24,1170200
2010-03-08,9.25,9.26,9.17,9.2,512800
2010-03-09,9.06,9.2,9.06,9.13,685700
2010-03-10,9.15,9.31,9.15,9.3,771700
2010-03-11,9.21,9.27,9.14,9.27,1161600
2010-03-12,9.28,9.28,9.05,9.07,2482000
2010-03-15,9.05,9.08,8.94,9.03,1549100
2010-03-16,9.16,9.3,9.1,9.29,1661200
2010-03-17,9.32,9.38,9.29,9.34,892100
2010-03-18,9.25,9.29,9.08,9.16,748400
2010-03-19,9.05,9.16,8.97,9.05,1231700
2010-03-22,8.91,9.25,8.91,9.24,806000
2010-03-23,9.27,9.37,9.23,9.37,880100
2010-03-24,9.45,9.61,9.4,9.53,1345800
2010-03-25,9.8,9.92,9.69,9.73,1985000
2010-03-26,9.86,9.95,9.71,9.75,1410400
2010-03-29,9.86,9.97,9.85,9.94,2191600
2010-03-30,9.84,9.85,9.69,9.79,979300
2010-03-31,9.88,9.95,9.8,9.86,2214700
2010-04-01,10.15,10.18,9.99,10.03,1749000
2010-04-05,10.24,10.27,10.06,10.25,773100
2010-04-06,10.19,10.3,10.16,10.3,656400
2010-04-07,10.12,10.14,10.03,10.09,1035300
2010-04-08,9.81,9.97,9.76,9.95,1821800
2010-04-09,9.97,10.07,9.94,10.06,1117800
2010-04-12,10.18,10.21,10.09,10.16,571100
2010-04-13,10.19,10.33,10.13,10.33,1502700
2010-04-14,10.54,10.63,10.51,10.63,1360200
2010-04-15,10.45,10.53,10.43,10.49,1063300
2010-04-16,10.29,10.35,10.1,10.25,2264500
2010-04-19,10.12,10.31,10.1,10.31,1909400
2010-04-20,10.47,10.61,10.44,10.6,1928000
2010-04-21,10.7,10.73,10.36,10.49,4202500
2010-04-22,10.15,10.45,10.09,10.44,3060800
2010-04-23,9.8,9.86,9.6,9.68,3779900
2010-04-26,9.71,9.78,9.66,9.69,1966300
2010-04-27,9.51,9.57,9.11,9.14,3702000
2010-04-28,9.36,9.4,9.11,9.26,1733400
2010-04-29,9.35,9.38,9.27,9.38,1194900
2010-04-30,9.49,9.49,9.18,9.2,1945000
2010-05-03,9.31,9.39,9.28,9.36,1107800
2010-05-04,8.81,8.83,8.66,8.73,2716900
2010-05-05,8.36,8.59,8.32,8.48,3344000
2010-05-06,8.48,8.58,7.8,8.39,5854400
2010-05-07,8.26,8.35,7.82,8.12,7644400
2010-05-10,8.65,8.72,8.49,8.6,2202900
2010-05-11,8.38,8.72,8.36,8.56,3739300
2010-05-12,8.6,8.68,8.54,8.61,2599300
2010-05-13,8.57,8.74,8.48,8.48,2416100
2010-05-14,8.21,8.22,7.95,8.19,3714200
2010-05-17,8.22,8.29,7.97,8.24,2035300
2010-05-18,8.36,8.38,7.98,8.01,2829100
2010-05-19,7.95,8.17,7.89,8.12,6235800
2010-05-20,7.7,8.11,7.6,7.9,5917800
2010-05-21,7.78,8.08,7.75,8.05,5055600
2010-05-24,7.85,8.01,7.83,7.86,4902200
2010-05-25,7.29,7.76,7.28,7.68,3803200
2010-05-26,7.59,7.72,7.48,7.52,4169400
2010-05-27,7.81,8.06,7.79,8.02,2115100
2010-05-28,7.91,7.93,7.7,7.74,1895000
2010-06-01,7.65,7.92,7.61,7.61,1420400
2010-06-02,7.91,8.07,7.86,8.05,1921500
2010-06-03,8.15,8.15,7.94,8.05,921700
2010-06-04,8.02,8.09,7.74,7.77,2587800
2010-06-07,7.99,7.99,7.64,7.68,2380700
2010-06-08,7.74,7.83,7.64,7.83,2803100
2010-06-09,8.12,8.16,7.87,7.9,3951800
2010-06-10,8.28,8.42,8.25,8.42,2682200
2010-06-11,8.29,8.47,8.26,8.44,2213400
2010-06-14,8.56,8.63,8.51,8.58,4745400
2010-06-15,8.8,8.95,8.78,8.92,7343900
2010-06-16,8.52,8.69,8.47,8.61,3316800
2010-06-17,8.69,8.69,8.58,8.66,1639300
2010-06-18,8.67,8.75,8.62,8.65,1073900
2010-06-21,8.79,8.8,8.51,8.58,1269200
2010-06-22,8.55,8.64,8.35,8.39,1285300
2010-06-23,8.55,8.61,8.37,8.56,1509100
2010-06-24,8.47,8.49,8.28,8.39,1138000
2010-06-25,8.33,8.4,8.23,8.33,2337900
2010-06-28,8.4,8.46,8.28,8.33,1662400
2010-06-29,8.05,8.06,7.89,7.97,3876200
2010-06-30,8.03,8.13,7.9,7.91,1843100
2010-07-01,8.05,8.06,7.82,8.03,2812700
2010-07-02,8.08,8.11,7.88,7.97,1616500
2010-07-06,8.21,8.22,7.93,8.01,3120100
2010-07-07,8.0,8.36,7.99,8.35,1244800
2010-07-08,8.42,8.45,8.29,8.44,1099400
2010-07-09,8.21,8.4,8.19,8.39,2078500
2010-07-12,8.32,8.43,8.31,8.4,1128400
2010-07-13,8.52,8.68,8.52,8.67,764200
2010-07-14,8.74,8.86,8.69,8.8,1819700
2010-07-15,8.84,8.85,8.63,8.84,2121300
2010-07-16,8.65,8.69,8.52,8.59,2024600
2010-07-19,8.61,8.68,8.52,8.64,810800
2010-07-20,8.23,8.46,8.22,8.43,1581400
2010-07-21,8.47,8.52,8.26,8.29,2393400
2010-07-22,8.57,8.76,8.56,8.69,2139800
2010-07-23,8.36,8.44,8.09,8.44,11400900
2010-07-26,8.18,8.24,8.1,8.2,6545900
2010-07-27,8.19,8.2,8.08,8.16,1927500
2010-07-28,8.17,8.23,8.12,8.17,1270500
2010-07-29,8.34,8.36,8.09,8.14,1863700
2010-07-30,8.15,8.29,8.09,8.19,2478700
2010-08-02,8.33,8.43,8.3,8.38,1571100
2010-08-03,8.37,8.38,8.27,8.34,1494900
2010-08-04,8.33,8.38,8.22,8.29,2113600
2010-08-05,8.26,8.33,8.25,8.3,1030400
2010-08-06,8.32,8.43,8.18,8.26,5057900
2010-08-09,8.37,8.45,8.32,8.4,1552700
2010-08-10,8.31,8.33,8.15,8.3,1566100
2010-08-11,7.77,7.78,7.63,7.67,2731200
2010-08-12,7.46,7.6,7.45,7.53,3762900
2010-08-13,7.51,7.6,7.47,7.5,2023400
2010-08-16,7.43,7.55,7.4,7.49,1652600
2010-08-17,7.65,7.74,7.62,7.68,1093000
2010-08-18,7.66,7.75,7.61,7.68,942700
2010-08-19,7.71,7.72,7.45,7.49,1544300
2010-08-20,7.35,7.37,7.25,7.36,2103900
2010-08-23,7.32,7.35,7.19,7.22,1316700
2010-08-24,7.02,7.07,6.94,6.96,2536800
2010-08-25,6.9,7.04,6.85,7.02,1126500
2010-08-26,7.03,7.09,6.91,6.95,3334100
2010-08-27,6.91,6.93,6.67,6.82,2883700
2010-08-30,6.7,6.72,6.62,6.62,2377600
2010-08-31,6.6,6.69,6.51,6.55,4359100
2010-09-01,6.89,7.07,6.89,7.03,3736300
2010-09-02,7.04,7.08,6.99,7.07,1145400
2010-09-03,7.13,7.18,7.04,7.17,1079000
2010-09-07,7.08,7.08,6.96,6.99,1004100
2010-09-08,6.9,7.0,6.89,6.93,1244300
2010-09-09,7.11,7.12,7.01,7.04,757800
2010-09-10,7.04,7.05,6.89,6.93,1942600
2010-09-13,7.11,7.16,7.09,7.14,1712000
2010-09-14,7.19,7.32,7.12,7.26,3008100
2010-09-15,7.19,7.28,7.14,7.23,579600
2010-09-16,7.17,7.23,7.15,7.21,665300
2010-09-17,7.33,7.36,7.26,7.35,1004400
2010-09-20,7.47,7.61,7.42,7.61,1180300
2010-09-21,7.71,7.71,7.56,7.65,1547200
2010-09-22,7.61,7.66,7.51,7.54,1242300
2010-09-23,7.36,7.49,7.32,7.41,987400
2010-09-24,7.54,7.7,7.54,7.68,1260700
2010-09-27,7.69,7.7,7.59,7.6,1099500
2010-09-28,7.58,7.7,7.46,7.7,1336300
2010-09-29,7.61,7.7,7.58,7.64,1708600
2010-09-30,7.77,7.83,7.57,7.63,2355400
2010-10-01,7.65,7.67,7.5,7.6,1454300
2010-10-04,7.35,7.4,7.22,7.3,1569700
2010-10-05,7.55,7.66,7.52,7.65,858300
2010-10-06,7.61,7.65,7.48,7.53,733800
2010-10-07,7.58,7.58,7.43,7.54,982600
2010-10-08,7.45,7.52,7.39,7.51,1188700
2010-10-11,7.55,7.6,7.53,7.56,517400
2010-10-12,7.63,7.73,7.53,7.7,1105500
2010-10-13,7.96,7.96,7.85,7.86,1249200
2010-10-14,7.86,7.91,7.81,7.88,1199900
2010-10-15,7.95,7.95,7.8,7.87,922400
2010-10-18,7.91,7.96,7.86,7.92,5531600
2010-10-19,7.76,7.77,7.58,7.64,2213800
2010-10-20,7.73,7.89,7.71,7.87,1491300
2010-10-21,7.94,8.0,7.86,7.92,2596500
2010-10-22,8.1,8.15,8.03,8.13,1128200
2010-10-25,8.2,8.31,8.2,8.27,1377200
2010-10-26,8.06,8.2,8.03,8.14,823200
2010-10-27,8.46,8.57,8.41,8.48,2683500
2010-10-28,8.79,8.8,8.68,8.75,2374700
2010-10-29,8.73,8.82,8.7,8.77,1590000
2010-11-01,8.78,8.8,8.65,8.69,1200400
2010-11-02,8.81,8.87,8.74,8.86,1003400
2010-11-03,8.97,9.18,8.89,9.15,3472200
2010-11-04,9.15,9.22,9.1,9.21,4162500
2010-11-05,9.03,9.11,9.02,9.06,1166100
2010-11-08,8.97,9.08,8.95,9.04,1038100
2010-11-09,9.34,9.34,9.04,9.08,1289100
2010-11-10,9.12,9.13,8.9,9.07,1157000
2010-11-11,8.64,8.73,8.59,8.69,1696500
2010-11-12,8.75,8.84,8.7,8.79,1647400
2010-11-15,8.81,8.82,8.72,8.72,715900
2010-11-16,8.76,8.8,8.55,8.62,875500
2010-11-17,8.61,8.72,8.6,8.68,731800
2010-11-18,9.0,9.12,8.98,9.06,2505700
2010-11-19,9.2,9.27,9.14,9.27,1225900
2010-11-22,9.1,9.18,9.0,9.15,1334800
2010-11-23,8.91,8.95,8.79,8.84,2264600
2010-11-24,8.9,9.06,8.9,9.06,1288400
2010-11-26,9.16,9.27,9.14,9.22,836900
2010-11-29,9.05,9.15,8.94,9.08,1627900
2010-11-30,8.94,9.03,8.9,8.95,2725300
2010-12-01,9.01,9.15,8.96,9.15,2487300
2010-12-02,8.97,9.29,8.97,9.27,2137700
2010-12-03,9.66,10.02,9.65,10.02,2834000
2010-12-06,10.1,10.13,9.99,10.11,1765500
2010-12-07,10.2,10.24,9.99,9.99,1422500
2010-12-08,10.06,10.2,9.99,10.12,1850600
2010-12-09,10.15,10.18,10.04,10.13,1895400
2010-12-10,10.16,10.22,10.09,10.21,990200
2010-12-13,10.31,10.34,10.24,10.24,681200
2010-12-14,10.21,10.28,10.16,10.19,1215200
2010-12-15,10.14,10.19,10.01,10.02,1068300
2010-12-16,10.0,10.14,9.95,10.14,1641800
2010-12-17,10.0,10.05,9.97,10.03,1026100
2010-12-20,10.27,10.35,10.21,10.31,2558400
2010-12-21,10.34,10.38,10.31,10.35,693400
2010-12-22,10.26,10.32,10.23,10.31,760400
2010-12-23,10.2,10.33,10.17,10.3,512900
2010-12-27,10.16,10.26,10.14,10.25,741600
2010-12-28,10.22,10.23,10.15,10.21,473700
2010-12-29,10.28,10.4,10.26,10.36,1287100
2010-12-30,10.43,10.51,10.4,10.44,836200
2010-12-31,10.43,10.48,10.35,10.44,387200
2011-01-03,10.61,10.8,10.6,10.74,1337000
2011-01-04,10.93,10.95,10.68,10.73,1202700
2011-01-05,10.77,10.95,10.74,10.9,1010900
2011-01-06,11.15,11.16,10.86,10.96,1471700
2011-01-07,10.91,10.95,10.71,10.86,1025100
2011-01-10,10.68,10.84,10.63,10.8,1777200
2011-01-11,11.17,11.29,11.06,11.27,1834700
2011-01-12,11.51,11.65,11.47,11.65,1545100
2011-01-13,11.75,11.86,11.63,11.86,1768200
2011-01-14,11.61,11.82,11.6,11.8,2365400
2011-01-18,11.96,12.26,11.94,12.23,2135900
2011-01-19,12.01,12.02,11.79,11.83,2743800
2011-01-20,11.46,11.58,11.33,11.56,2689700
2011-01-21,11.75,11.85,11.62,11.64,1817900
2011-01-24,11.57,11.92,11.56,11.85,2042800
2011-01-25,11.26,11.34,11.04,11.27,6845200
2011-01-26,11.53,11.74,11.45,11.71,2652100
2011-01-27,12.21,12.29,12.11,12.22,2546600
2011-01-28,12.18,12.25,11.82,11.89,2148400
2011-01-31,12.19,12.21,12.05,12.12,1831100
2011-02-01,12.27,12.44,12.24,12.36,1197200
2011-02-02,12.36,12.44,12.29,12.39,1522600
2011-02-03,12.2,12.22,12.0,12.12,1466800
2011-02-04,12.07,12.26,12.01,12.26,1734500
2011-02-07,12.38,12.5,12.33,12.42,1981000
2011-02-08,12.39,12.44,12.3,12.43,1490300
2011-02-09,12.25,12.44,12.25,12.37,1104900
2011-02-10,11.96,12.14,11.84,12.14,2463800
2011-02-11,11.66,11.88,11.63,11.84,4704200
2011-02-14,11.7,11.93,11.7,11.91,1512900
2011-02-15,12.18,12.23,12.08,12.2,1474400
2011-02-16,12.42,12.59,12.39,12.56,1690800
2011-02-17,12.78,12.89,12.73,12.84,1864900
2011-02-18,12.69,12.82,12.65,12.76,1298000
2011-02-22,12.45,12.7,12.36,12.37,2013800
2011-02-23,12.44,12.5,12.2,12.37,2247000
2011-02-24,12.39,12.57,12.31,12.52,1589400
2011-02-25,12.6,12.73,12.56,12.73,1376100
2011-02-28,12.94,12.99,12.74,12.84,1208700
2011-03-01,12.84,12.86,12.56,12.61,1933300
2011-03-02,12.78,13.08,12.77,13.02,3710300
2011-03-03,12.93,13.1,12.82,13.07,2470200
2011-03-04,13.1,13.16,12.9,13.12,3543800
2011-03-07,13.33,13.37,13.04,13.13,3903000
2011-03-08,13.18,13.53,13.13,13.47,3732800
2011-03-09,13.42,13.42,13.11,13.15,4852900
2011-03-10,12.59,12.69,12.43,12.43,5815700
2011-03-11,12.4,12.67,12.32,12.58,3900600
2011-03-14,12.77,12.85,12.6,12.75,3827700
2011-03-15,11.83,12.27,11.8,12.14,3652800
2011-03-16,11.84,11.97,11.32,11.37,5900400
2011-03-17,11.87,12.0,11.76,11.86,3329600
2011-03-18,12.04,12.04,11.7,11.71,1837800
2011-03-21,12.1,12.19,12.0,12.19,2204200
2011-03-22,12.23,12.23,12.0,12.06,1129800
2011-03-23,11.99,12.13,11.91,12.09,1293800
2011-03-24,12.4,12.54,12.31,12.47,3364000
2011-03-25,12.34,12.43,12.25,12.33,1217100
2011-03-28,12.32,12.42,12.26,12.26,960400
2011-03-29,12.21,12.42,12.14,12.42,1378500
2011-03-30,12.61,12.69,12.52,12.63,1075800
2011-03-31,12.43,12.5,12.36,12.42,981700
2011-04-01,12.35,12.53,12.29,12.42,1512500
2011-04-04,12.53,12.55,12.4,12.42,2010300
2011-04-05,12.62,12.85,12.58,12.75,1861800
2011-04-06,12.73,12.84,12.67,12.81,1829300
2011-04-07,12.59,12.68,12.43,12.55,1387200
2011-04-08,12.68,12.69,12.38,12.45,881900
2011-04-11,12.31,12.38,12.27,12.33,1160000
2011-04-12,12.03,12.06,11.86,11.94,1806800
2011-04-13,12.13,12.14,11.91,11.97,978500
2011-04-14,11.77,11.99,11.77,11.97,936600
2011-04-15,11.84,11.94,11.78,11.91,1455600
2011-04-18,11.39,11.55,11.3,11.47,3234200
2011-04-19,11.3,11.43,11.29,11.4,2321100
2011-04-20,12.05,12.1,11.96,12.0,2304000
2011-04-21,12.12,12.13,11.85,11.91,1591900
2011-04-25,12.03,12.23,12.0,12.15,1392200
2011-04-26,12.36,12.55,12.26,12.43,2100000
2011-04-27,11.99,12.16,11.82,12.14,5467100
2011-04-28,11.91,11.99,11.84,11.95,1620100
2011-04-29,11.8,11.93,11.75,11.88,1311100
2011-05-02,11.77,11.78,11.6,11.62,1609600
2011-05-03,11.86,11.94,11.78,11.91,2180200
2011-05-04,11.91,11.94,11.7,11.8,2121200
2011-05-05,11.58,11.77,11.53,11.64,1644700
2011-05-06,11.66,11.7,11.37,11.44,2592900
2011-05-09,11.58,11.71,11.53,11.67,1003700
2011-05-10,11.8,11.87,11.76,11.85,1053400
2011-05-11,11.67,11.74,11.48,11.54,1205100
2011-05-12,11.53,11.71,11.4,11.64,1289900
2011-05-13,11.47,11.49,11.22,11.28,1400100
2011-05-16,11.44,11.74,11.41,11.57,2547400
2011-05-17,11.34,11.44,11.2,11.4,2128800
2011-05-18,11.36,11.6,11.34,11.58,1684300
2011-05-19,11.72,11.79,11.58,11.73,1636800
2011-05-20,11.66,11.67,11.42,11.48,1361500
2011-05-23,10.99,11.17,10.96,11.1,1627100
2011-05-24,11.07,11.12,10.96,10.97,1371700
2011-05-25,10.89,11.07,10.88,11.03,820300
2011-05-26,11.04,11.13,10.93,11.11,1020900
2011-05-27,11.18,11.25,11.11,11.2,1099300
2011-05-31,11.35,11.36,11.12,11.17,1865600
2011-06-01,10.99,11.13,10.86,10.88,2480100
2011-06-02,10.8,10.88,10.7,10.81,1442500
2011-06-03,10.87,11.02,10.84,10.91,1728000
2011-06-06,10.79,10.84,10.64,10.64,1014000
2011-06-07,10.82,10.85,10.7,10.71,1145300
2011-06-08,10.59,10.62,10.4,10.43,1406100
2011-06-09,10.4,10.65,10.38,10.51,2740200
2011-06-10,10.33,10.35,10.03,10.11,2388500
2011-06-13,10.15,10.24,10.0,10.1,1505000
2011-06-14,10.32,10.46,10.31,10.41,2608000
2011-06-15,10.05,10.11,9.85,9.93,3691800
2011-06-16,9.65,9.73,9.58,9.66,2619300
2011-06-17,9.82,9.82,9.59,9.68,1451400
2011-06-20,9.65,9.76,9.63,9.71,932200
2011-06-21,9.79,10.02,9.75,10.0,1046000
2011-06-22,9.86,9.9,9.73,9.73,1172000
2011-06-23,9.14,9.37,9.06,9.35,3421000
2011-06-24,9.31,9.32,9.16,9.23,1715400
2011-06-27,9.21,9.41,9.2,9.37,1261000
2011-06-28,9.37,9.49,9.36,9.47,820500
2011-06-29,9.68,9.82,9.57,9.75,2076700
2011-06-30,9.85,10.0,9.84,9.96,1311400
2011-07-01,9.99,10.22,9.95,10.22,1403000
2011-07-05,10.33,10.34,10.18,10.25,2706400
2011-07-06,10.2,10.21,10.07,10.13,1423500
2011-07-07,10.24,10.37,10.17,10.31,1375100
2011-07-08,10.08,10.09,9.8,9.89,1971300
2011-07-11,9.64,9.77,9.58,9.61,2148800
2011-07-12,9.29,9.35,9.17,9.17,3442100
2011-07-13,9.12,9.43,9.12,9.29,1566100
2011-07-14,9.34,9.37,9.09,9.12,1162800
2011-07-15,8.97,9.0,8.85,8.92,1896000
2011-07-18,8.78,8.85,8.59,8.71,1501500
2011-07-19,8.94,9.04,8.93,9.03,1340500
2011-07-20,9.02,9.06,8.93,8.99,1053800
2011-07-21,9.15,9.27,9.09,9.21,1774700
2011-07-22,9.32,9.36,9.18,9.33,2829700
2011-07-25,9.2,9.25,9.08,9.11,3250900
2011-07-26,8.3,8.35,8.19,8.21,5521300
2011-07-27,8.12,8.13,7.97,8.04,3983400
2011-07-28,7.8,8.03,7.8,7.94,6020500
2011-07-29,7.84,8.0,7.82,7.91,7430000
2011-08-01,7.88,7.9,7.51,7.66,3179400
2011-08-02,7.48,7.58,7.28,7.29,3014600
2011-08-03,7.2,7.22,6.97,7.2,5460400
2011-08-04,6.84,6.87,6.58,6.58,6921600
2011-08-05,7.13,7.15,6.62,6.96,9108300
2011-08-08,6.57,6.66,6.26,6.31,5479000
2011-08-09,6.69,6.72,6.27,6.72,4273500
2011-08-10,6.42,6.5,6.16,6.28,7156900
2011-08-11,6.44,7.0,6.42,6.93,3635700
2011-08-12,7.04,7.12,6.88,7.0,3297900
2011-08-15,7.02,7.12,7.0,7.12,1903100
2011-08-16,6.78,6.98,6.75,6.82,2076900
2011-08-17,6.88,6.97,6.73,6.79,1424100
2011-08-18,6.37,6.39,6.11,6.14,3079400
2011-08-19,6.07,6.4,6.07,6.14,1360500
2011-08-22,6.22,6.24,6.01,6.07,1665000
2011-08-23,6.03,6.27,6.0,6.27,3682600
2011-08-24,6.28,6.36,6.2,6.31,2136500
2011-08-25,6.3,6.33,6.07,6.12,2189200
2011-08-26,6.1,6.4,6.0,6.29,3864700
2011-08-29,6.49,6.61,6.49,6.59,1672800
2011-08-30,6.44,6.57,6.4,6.54,2438400
2011-08-31,6.65,6.74,6.61,6.66,2518800
2011-09-01,6.55,6.62,6.48,6.51,5343200
2011-09-02,6.33,6.39,6.28,6.3,6186800
2011-09-06,5.61,5.81,5.61,5.8,3739700
2011-09-07,5.94,6.13,5.93,6.11,1829100
2011-09-08,6.02,6.18,6.01,6.07,3346600
2011-09-09,5.73,5.89,5.69,5.8,7442900
2011-09-12,5.67,5.87,5.66,5.86,5462500
2011-09-13,5.8,6.03,5.78,6.0,4273700
2011-09-14,6.37,6.74,6.33,6.66,8028100
2011-09-15,6.97,7.02,6.87,6.99,4410700
2011-09-16,7.0,7.02,6.81,6.87,2407800
2011-09-19,6.43,6.63,6.4,6.59,2411100
2011-09-20,6.55,6.67,6.46,6.48,2589600
2011-09-21,6.56,6.66,6.38,6.39,2100800
2011-09-22,6.24,6.31,6.07,6.24,4493100
2011-09-23,6.21,6.42,6.19,6.34,4289200
2011-09-26,6.51,6.63,6.37,6.62,3033100
2011-09-27,6.88,7.12,6.85,6.89,3030300
2011-09-28,6.96,6.98,6.67,6.67,2442000
2011-09-29,6.87,6.91,6.57,6.71,2603700
2011-09-30,6.54,6.73,6.49,6.5,3497200
2011-10-03,6.36,6.47,6.1,6.1,5017200
2011-10-04,5.99,6.37,5.96,6.37,3600000
2011-10-05,6.41,6.62,6.33,6.59,2135400
2011-10-06,6.62,6.95,6.6,6.94,2306900
2011-10-07,7.0,7.02,6.83,6.87,2044600
2011-10-10,7.09,7.43,7.09,7.36,2569400
2011-10-11,7.02,7.09,6.97,7.06,2407000
2011-10-12,7.24,7.3,7.17,7.21,1924100
2011-10-13,7.17,7.34,7.09,7.3,2576300
2011-10-14,7.51,7.57,7.39,7.52,2016900
2011-10-17,7.41,7.42,7.1,7.13,2191700
2011-10-18,7.21,7.48,7.09,7.42,2799400
2011-10-19,7.22,7.24,7.05,7.06,2607900
2011-10-20,7.23,7.23,6.94,7.12,1873500
2011-10-21,7.26,7.41,7.25,7.41,2217200
2011-10-24,7.45,7.65,7.35,7.46,4064600
2011-10-25,7.04,7.1,6.92,6.93,6363100
2011-10-26,7.15,7.16,6.86,7.06,1973300
2011-10-27,7.44,7.57,7.3,7.5,2139900
2011-10-28,7.29,7.35,7.24,7.34,1435100
2011-10-31,7.17,7.18,6.92,6.93,2301800
2011-11-01,6.44,6.58,6.4,6.49,3821000
2011-11-02,6.7,6.78,6.6,6.71,2180400
2011-11-03,7.1,7.38,6.94,7.35,3376200
2011-11-04,7.18,7.3,7.1,7.24,1262200
2011-11-07,7.37,7.45,7.23,7.37,1922300
2011-11-08,7.49,7.53,7.34,7.52,1706400
2011-11-09,7.16,7.19,6.93,6.94,1943900
2011-11-10,7.24,7.24,7.02,7.09,1547500
2011-11-11,7.27,7.39,7.22,7.34,975600
2011-11-14,7.33,7.36,7.18,7.25,863500
2011-11-15,7.15,7.24,7.07,7.15,885000
2011-11-16,7.01,7.16,6.98,7.01,1530900
2011-11-17,6.98,6.98,6.7,6.74,1737800
2011-11-18,6.86,6.86,6.69,6.7,1677400
2011-11-21,6.47,6.49,6.27,6.33,2805900
2011-11-22,6.11,6.18,5.97,5.97,2517100
2011-11-23,5.86,5.88,5.7,5.72,2714600
2011-11-25,5.62,5.82,5.61,5.64,2193100
2011-11-28,6.02,6.08,5.91,5.99,2105100
2011-11-29,5.97,6.05,5.91,5.95,1140400
2011-11-30,6.2,6.34,6.17,6.33,1812400
2011-12-01,6.34,6.41,6.24,6.34,1517200
2011-12-02,6.43,6.43,6.29,6.32,1598700
2011-12-05,6.4,6.41,6.21,6.26,1939800
2011-12-06,6.2,6.29,6.15,6.25,1513800
2011-12-07,6.08,6.21,6.03,6.18,2202200
2011-12-08,6.03,6.05,5.87,5.91,2911000
2011-12-09,5.82,5.96,5.81,5.95,2588500
2011-12-12,5.77,5.78,5.68,5.73,1752400
2011-12-13,5.74,5.8,5.51,5.56,1867900
2011-12-14,5.52,5.57,5.46,5.47,1260900
2011-12-15,5.61,5.62,5.5,5.52,1873900
2011-12-16,5.53,5.56,5.45,5.48,1085300
2011-12-19,5.55,5.56,5.34,5.34,823400
2011-12-20,5.58,5.81,5.57,5.81,2307200
2011-12-21,5.77,5.77,5.63,5.71,940300
2011-12-22,5.76,5.93,5.75,5.93,852900
2011-12-23,5.91,5.99,5.89,5.96,513200
2011-12-27,5.88,5.94,5.84,5.89,931500
2011-12-28,5.93,5.93,5.79,5.82,976100
2011-12-29,5.84,5.94,5.8,5.94,644400
2011-12-30,5.92,5.99,5.91,5.93,742000
2012-01-03,6.45,6.47,6.34,6.4,4040300
2012-01-04,6.32,6.33,6.19,6.22,1385300
2012-01-05,6.04,6.15,6.03,6.11,1432000
2012-01-06,6.21,6.21,6.07,6.17,1315500
2012-01-09,6.19,6.21,6.12,6.19,1062200
2012-01-10,6.41,6.48,6.4,6.46,735200
2012-01-11,6.29,6.35,6.23,6.31,1321100
2012-01-12,6.45,6.48,6.36,6.47,968100
2012-01-13,6.29,6.32,6.19,6.27,1682000
2012-01-17,6.77,6.8,6.71,6.73,2287400
2012-01-18,7.03,7.23,7.0,7.23,3033600
2012-01-19,7.37,7.38,7.24,7.33,2111600
2012-01-20,7.31,7.39,7.22,7.3,1264100
2012-01-23,7.27,7.35,7.22,7.22,2450300
2012-01-24,6.93,6.98,6.83,6.86,3160700
2012-01-25,6.7,6.85,6.63,6.82,1278800
2012-01-26,6.92,7.01,6.88,6.94,2382700
2012-01-27,7.04,7.14,7.04,7.09,1338700
2012-01-30,6.77,6.88,6.76,6.88,1369000
2012-01-31,6.86,6.88,6.62,6.68,1691700
2012-02-01,6.94,7.07,6.89,7.01,1902400
2012-02-02,6.95,6.99,6.92,6.99,1079500
2012-02-03,6.94,7.02,6.93,7.01,1889000
2012-02-06,6.85,6.93,6.83,6.86,2664300
2012-02-07,6.8,6.86,6.74,6.84,1337100
2012-02-08,6.82,6.87,6.77,6.87,2300400
2012-02-09,6.91,6.92,6.8,6.87,1812200
2012-02-10,6.77,6.8,6.71,6.73,1235900
2012-02-13,6.78,6.81,6.72,6.78,916600
2012-02-14,6.76,6.79,6.68,6.75,1327100
2012-02-15,6.91,6.91,6.8,6.83,1640800
2012-02-16,6.77,6.87,6.73,6.85,1910600
2012-02-17,6.98,7.0,6.9,6.95,1650000
2012-02-21,7.51,7.51,7.28,7.32,3726800
2012-02-22,7.38,7.38,7.22,7.24,2416800
2012-02-23,7.17,7.2,7.09,7.18,2726200
2012-02-24,7.3,7.37,7.25,7.28,1822900
2012-02-27,6.95,7.22,6.93,7.16,2081700
2012-02-28,7.51,7.7,7.49,7.65,2907100
2012-02-29,7.59,7.64,7.41,7.42,2371200
2012-03-01,7.5,7.54,7.35,7.4,1154800
2012-03-02,7.3,7.32,7.16,7.2,3089600
2012-03-05,7.23,7.23,7.07,7.15,2553900
2012-03-06,6.87,6.91,6.72,6.84,3455600
2012-03-07,6.93,7.03,6.87,6.97,2300100
2012-03-08,7.23,7.48,7.22,7.45,4090300
2012-03-09,7.63,7.64,7.52,7.58,2450400
2012-03-12,7.6,7.65,7.51,7.61,1489100
2012-03-13,7.57,7.7,7.55,7.7,1090400
2012-03-14,7.86,7.93,7.8,7.88,2222200
2012-03-15,8.14,8.33,8.07,8.29,4121200
2012-03-16,8.17,8.22,8.13,8.17,1406200
2012-03-19,8.18,8.22,8.09,8.18,1634900
2012-03-20,8.0,8.2,7.93,8.15,1219400
2012-03-21,8.12,8.2,8.02,8.15,2217700
2012-03-22,8.19,8.27,8.08,8.23,1040500
2012-03-23,8.34,8.45,8.24,8.45,1261400
2012-03-26,8.41,8.6,8.37,8.59,1834600
2012-03-27,8.23,8.26,8.14,8.25,3609800
2012-03-28,8.32,8.34,8.13,8.18,1831300
2012-03-29,8.23,8.27,8.07,8.13,1989900
2012-03-30,8.15,8.23,8.01,8.19,1871000
2012-04-02,7.97,8.15,7.87,8.1,1672900
2012-04-03,8.0,8.01,7.74,7.81,2154000
2012-04-04,7.55,7.58,7.35,7.44,3151500
2012-04-05,7.45,7.61,7.43,7.46,1221100
2012-04-09,7.34,7.41,7.17,7.4,1042800
2012-04-10,7.11,7.19,6.88,6.92,3187100
2012-04-11,7.04,7.09,6.9,6.95,3231600
2012-04-12,7.06,7.31,7.04,7.24,2323300
2012-04-13,7.03,7.04,6.79,6.85,2561900
2012-04-16,6.9,6.92,6.77,6.79,1948200
2012-04-17,6.87,7.0,6.78,6.98,1935800
2012-04-18,6.84,6.98,6.83,6.85,1493800
2012-04-19,6.8,6.89,6.6,6.66,1757700
2012-04-20,6.57,6.67,6.55,6.58,2260300
2012-04-23,6.31,6.35,5.58,5.95,12086600
2012-04-24,5.8,5.89,5.7,5.71,5752400
2012-04-25,6.01,6.04,5.87,5.92,2639800
2012-04-26,5.93,6.03,5.92,6.01,1654400
2012-04-27,5.96,6.01,5.9,5.96,1208000
2012-04-30,5.77,5.81,5.67,5.78,2419800
2012-05-01,5.78,5.96,5.74,5.82,2250000
2012-05-02,5.76,5.83,5.69,5.79,3734400
2012-05-03,5.76,5.78,5.61,5.64,1622700
2012-05-04,5.5,5.54,5.42,5.47,3010700
2012-05-07,5.46,5.61,5.45,5.56,1632000
2012-05-08,5.34,5.37,5.2,5.33,3206700
2012-05-09,5.13,5.3,5.11,5.24,2124900
2012-05-10,5.4,5.41,5.28,5.32,2032300
2012-05-11,5.19,5.33,5.18,5.24,794900
2012-05-14,5.03,5.05,4.96,5.0,2777000
2012-05-15,4.93,5.03,4.92,4.95,4126500
2012-05-16,5.02,5.07,4.91,4.91,1452100
2012-05-17,4.8,4.82,4.71,4.71,2370400
2012-05-18,4.74,4.76,4.61,4.64,1258200
2012-05-21,4.75,4.81,4.72,4.78,4263300
2012-05-22,5.12,5.18,5.02,5.07,4852000
2012-05-23,5.23,5.27,5.08,5.22,2800000
2012-05-24,5.22,5.22,5.07,5.12,2414200
2012-05-25,5.01,5.11,5.0,5.08,1724600
2012-05-29,5.24,5.26,5.14,5.24,1509800
2012-05-30,5.11,5.12,5.03,5.12,2973700
2012-05-31,5.12,5.17,5.02,5.12,1971500
2012-06-01,4.95,4.99,4.83,4.86,4000600
2012-06-04,5.05,5.08,4.96,5.01,2815500
2012-06-05,4.94,5.07,4.94,5.06,1676100
2012-06-06,5.09,5.23,5.07,5.22,2001100
2012-06-07,5.42,5.44,5.27,5.31,2198100
2012-06-08,5.24,5.35,5.21,5.33,1077500
2012-06-11,5.36,5.36,5.09,5.09,2413900
2012-06-12,5.06,5.17,5.01,5.16,1249100
2012-06-13,5.1,5.23,5.07,5.14,1348300
2012-06-14,5.01,5.11,4.98,5.07,2722500
2012-06-15,5.14,5.29,5.13,5.28,1704400
2012-06-18,5.3,5.4,5.27,5.37,1277400
2012-06-19,5.54,5.61,5.52,5.58,1910600
2012-06-20,5.75,5.83,5.69,5.76,2020000
2012-06-21,5.85,5.85,5.52,5.56,2062300
2012-06-22,5.63,5.64,5.54,5.56,1477600
2012-06-25,5.4,5.4,5.25,5.28,1145000
2012-06-26,5.21,5.23,4.96,5.07,2865400
2012-06-27,5.05,5.08,5.02,5.07,1390700
2012-06-28,5.02,5.15,4.99,5.15,1386400
2012-06-29,5.43,5.48,5.38,5.44,2788600
2012-07-02,5.45,5.46,5.36,5.44,1603000
2012-07-03,5.45,5.48,5.4,5.48,598800
2012-07-05,5.36,5.4,5.26,5.38,1155600
2012-07-06,5.19,5.21,5.07,5.13,2650700
2012-07-09,5.01,5.04,4.97,5.03,1471200
2012-07-10,5.08,5.09,4.87,4.91,2103400
2012-07-11,4.84,4.89,4.77,4.79,1179500
2012-07-12,4.76,4.77,4.69,4.76,1015800
2012-07-13,4.7,4.77,4.68,4.73,808100
2012-07-16,4.71,4.74,4.68,4.73,836200
2012-07-17,4.75,4.77,4.61,4.72,1220000
2012-07-18,4.79,5.02,4.77,5.0,1191300
2012-07-19,5.1,5.16,5.05,5.08,1154100
2012-07-20,4.9,4.93,4.81,4.82,1391500
2012-07-23,4.67,4.8,4.63,4.76,2695800
2012-07-24,4.57,4.66,4.51,4.58,3012000
2012-07-25,4.75,4.87,4.73,4.8,1427000
2012-07-26,5.03,5.06,4.95,4.99,2615700
2012-07-27,5.14,5.3,5.13,5.28,1891600
2012-07-30,5.28,5.37,5.28,5.3,1822000
2012-07-31,5.43,5.48,5.32,5.36,1958900
2012-08-01,5.51,5.54,5.37,5.41,1365800
2012-08-02,5.3,5.44,5.14,5.17,2712000
2012-08-03,5.56,5.72,5.53,5.61,2903000
2012-08-06,5.75,5.81,5.72,5.73,1266100
2012-08-07,5.86,5.94,5.84,5.89,1103100
2012-08-08,5.84,5.93,5.82,5.89,1478600
2012-08-09,5.89,5.98,5.86,5.93,1701600
2012-08-10,5.96,6.04,5.92,6.02,1255700
2012-08-13,5.96,6.0,5.83,5.9,1184000
2012-08-14,5.94,5.96,5.83,5.86,1234600
2012-08-15,5.88,5.92,5.86,5.88,860400
2012-08-16,6.03,6.18,6.02,6.16,1238900
2012-08-17,6.1,6.11,6.05,6.09,1257400
2012-08-20,5.89,5.92,5.8,5.91,1018400
2012-08-21,6.01,6.05,5.89,5.92,1365500
2012-08-22,5.91,5.98,5.9,5.94,943600
2012-08-23,5.95,5.96,5.86,5.87,979800
2012-08-24,5.78,5.89,5.76,5.84,667200
2012-08-27,5.92,5.92,5.83,5.83,1312200
2012-08-28,5.82,5.84,5.78,5.8,1204200
2012-08-29,5.82,5.95,5.82,5.91,1909700
2012-08-30,5.84,5.85,5.73,5.77,1107800
2012-08-31,5.95,5.98,5.83,5.94,1105600
2012-09-04,5.89,5.91,5.76,5.85,956400
2012-09-05,5.56,5.6,5.47,5.51,1960300
2012-09-06,5.51,5.71,5.51,5.71,1700300
2012-09-07,5.75,5.85,5.73,5.82,1625200
2012-09-10,5.68,5.69,5.54,5.55,1233300
2012-09-11,5.71,5.94,5.7,5.9,1016100
2012-09-12,6.19,6.25,6.14,6.19,2455000
2012-09-13,6.16,6.49,6.14,6.43,2997400
2012-09-14,6.58,6.77,6.58,6.74,2674200
2012-09-17,6.63,6.66,6.52,6.55,1412500
2012-09-18,6.26,6.32,6.23,6.3,1041000
2012-09-19,6.19,6.24,6.15,6.21,1032200
2012-09-20,6.05,6.12,5.98,6.11,942600
2012-09-21,6.08,6.16,6.07,6.09,2110600
2012-09-24,5.87,5.9,5.82,5.88,1513300
2012-09-25,5.85,5.86,5.65,5.66,1438600
2012-09-26,5.54,5.57,5.44,5.56,1326700
2012-09-27,5.56,5.65,5.47,5.62,1032800
2012-09-28,5.45,5.46,5.37,5.4,1581900
2012-10-01,5.55,5.69,5.54,5.57,1679100
2012-10-02,5.68,5.7,5.57,5.64,1488400
2012-10-03,5.6,5.63,5.54,5.59,609800
2012-10-04,5.61,5.66,5.56,5.65,721300
2012-10-05,5.84,5.85,5.75,5.78,1515500
2012-10-08,5.62,5.66,5.57,5.59,881500
2012-10-09,5.8,5.85,5.66,5.71,1152700
2012-10-10,5.65,5.68,5.59,5.61,1218700
2012-10-11,5.71,5.74,5.61,5.64,817500
2012-10-12,6.01,6.31,5.97,6.0,6276300
2012-10-15,6.0,6.02,5.92,6.01,1617400
2012-10-16,6.09,6.16,6.04,6.16,968900
2012-10-17,6.32,6.4,6.26,6.39,1743800
2012-10-18,6.37,6.51,6.35,6.46,1902800
2012-10-19,6.28,6.28,6.1,6.13,1760000
2012-10-22,6.27,6.33,6.19,6.2,1904600
2012-10-23,6.03,6.08,5.95,6.03,1502100
2012-10-24,6.26,6.32,6.13,6.17,3411900
2012-10-25,6.19,6.21,6.03,6.07,1319600
2012-10-26,5.98,6.04,5.94,6.02,1424300
2012-10-31,5.94,5.95,5.84,5.89,952700
2012-11-01,5.96,6.1,5.92,6.1,1507600
2012-11-02,6.03,6.03,5.89,5.92,1484300
2012-11-05,5.83,5.94,5.8,5.94,1594700
2012-11-06,5.88,6.05,5.88,6.0,1290300
2012-11-07,5.72,5.74,5.59,5.65,1945300
2012-11-08,5.6,5.71,5.55,5.56,1143100
2012-11-09,5.51,5.61,5.5,5.56,1177300
2012-11-12,5.52,5.54,5.47,5.52,544100
2012-11-13,5.45,5.59,5.42,5.5,744400
2012-11-14,5.69,5.71,5.53,5.55,1434700
2012-11-15,5.57,5.62,5.31,5.46,2981600
2012-11-16,5.47,5.51,5.36,5.43,1432900
2012-11-19,5.7,5.88,5.69,5.88,1970200
2012-11-20,5.8,5.86,5.74,5.82,727200
2012-11-21,5.89,5.93,5.86,5.91,733000
2012-11-23,5.96,6.05,5.95,6.04,522600
2012-11-26,5.94,5.96,5.91,5.95,590100
2012-11-27,5.85,6.08,5.83,6.0,1708000
2012-11-28,5.89,6.02,5.81,6.0,1845500
2012-11-29,6.15,6.22,6.14,6.2,3498500
2012-11-30,6.29,6.37,6.28,6.36,2740700
2012-12-03,6.35,6.38,6.25,6.27,1086900
2012-12-04,6.27,6.33,6.24,6.28,899000
2012-12-05,6.4,6.55,6.39,6.5,1394700
2012-12-06,6.52,6.57,6.47,6.55,1063100
2012-12-07,6.4,6.48,6.37,6.48,755100
2012-12-10,6.66,6.77,6.65,6.7,1996000
2012-12-11,6.76,6.81,6.69,6.74,1139300
2012-12-12,6.81,6.85,6.77,6.79,2425400
2012-12-13,6.76,6.86,6.73,6.79,1587100
2012-12-14,6.87,6.95,6.84,6.92,1143900
2012-12-17,6.89,6.97,6.89,6.95,665500
2012-12-18,6.89,6.98,6.88,6.95,612000
2012-12-19,7.08,7.12,7.0,7.05,1234900
2012-12-20,7.08,7.14,7.06,7.1,1376900
2012-12-21,7.01,7.12,6.96,7.12,2183500
2012-12-24,7.07,7.16,7.05,7.09,356800
2012-12-26,7.13,7.16,7.03,7.06,676800
2012-12-27,7.09,7.09,6.95,7.01,1059400
2012-12-28,7.03,7.08,6.97,6.99,935800
2012-12-31,7.03,7.25,7.02,7.24,1098000
2013-01-02,7.32,7.43,7.29,7.42,1867300
2013-01-03,7.41,7.47,7.32,7.36,1320800
2013-01-04,7.26,7.31,7.22,7.3,746100
2013-01-07,7.39,7.5,7.36,7.49,670900
2013-01-08,7.62,7.65,7.55,7.61,4881300
2013-01-09,7.7,7.7,7.6,7.64,1792500
2013-01-10,8.02,8.05,7.85,7.97,2686700
2013-01-11,7.95,7.97,7.88,7.94,924600
2013-01-14,7.97,8.01,7.84,7.88,773000
2013-01-15,7.84,7.95,7.83,7.95,1265300
2013-01-16,7.86,7.99,7.85,7.97,896400
2013-01-17,8.19,8.33,8.18,8.33,1510000
2013-01-18,8.27,8.34,8.19,8.3,3310300
2013-01-22,8.3,8.33,8.2,8.25,1174100
2013-01-23,8.19,8.23,8.11,8.15,880600
2013-01-24,8.14,8.36,8.13,8.21,1688000
2013-01-25,8.53,8.61,8.5,8.57,2955000
2013-01-28,8.47,8.56,8.42,8.49,1503000
2013-01-29,8.39,8.43,8.29,8.39,2056500
2013-01-30,8.35,8.39,8.28,8.32,1652700
2013-01-31,8.66,8.88,8.56,8.63,3021600
2013-02-01,8.88,9.09,8.88,9.08,2849500
2013-02-04,8.76,8.83,8.64,8.72,4384100
2013-02-05,8.59,8.68,8.56,8.61,1286000
2013-02-06,8.38,8.63,8.37,8.62,1026400
2013-02-07,8.49,8.51,8.31,8.4,1110300
2013-02-08,8.44,8.53,8.44,8.52,1226800
2013-02-11,8.38,8.52,8.35,8.51,2296500
2013-02-12,8.54,8.65,8.52,8.65,1151100
2013-02-13,8.64,8.67,8.55,8.6,769400
2013-02-14,8.48,8.62,8.46,8.61,680900
2013-02-15,8.42,8.47,8.37,8.38,2017900
2013-02-19,8.33,8.41,8.32,8.4,1274500
2013-02-20,8.37,8.4,8.19,8.2,1263900
2013-02-21,8.02,8.02,7.9,7.96,2142400
2013-02-22,7.9,8.02,7.88,8.02,1460400
2013-02-25,8.29,8.29,7.68,7.69,2705700
2013-02-26,7.75,7.81,7.65,7.74,1053400
2013-02-27,7.78,8.09,7.78,8.09,1239200
2013-02-28,7.96,8.03,7.89,7.95,713800
2013-03-01,7.87,7.94,7.81,7.87,1850600
2013-03-04,8.0,8.02,7.9,8.02,1839700
2013-03-05,8.17,8.18,8.07,8.08,1747800
2013-03-06,8.07,8.07,7.96,8.02,914400
2013-03-07,7.94,7.98,7.91,7.98,884300
2013-03-08,8.02,8.04,7.92,7.99,2402200
2013-03-11,7.89,7.97,7.86,7.97,682100
2013-03-12,7.98,8.01,7.55,7.65,3187900
2013-03-13,7.59,7.61,7.51,7.6,1767400
2013-03-14,7.61,7.72,7.61,7.69,1261200
2013-03-15,7.74,7.75,7.62,7.64,960700
2013-03-18,7.9,8.0,7.87,7.91,1716000
2013-03-19,8.08,8.11,7.95,8.07,1362200
2013-03-20,8.14,8.2,8.09,8.14,645100
2013-03-21,7.98,8.01,7.87,7.89,1336400
2013-03-22,7.97,8.0,7.89,7.93,811800
2013-03-25,7.94,7.98,7.82,7.92,1058800
2013-03-26,8.02,8.05,7.96,8.03,927000
2013-03-27,7.74,7.84,7.69,7.74,1340500
2013-03-28,7.7,7.73,7.64,7.71,1295600
2013-04-01,7.98,8.06,7.8,7.86,2259600
2013-04-02,7.85,7.91,7.78,7.82,1363500
2013-04-03,7.92,7.92,7.76,7.83,1738600
2013-04-04,7.59,7.68,7.55,7.65,1590600
2013-04-05,7.5,7.57,7.43,7.54,1232000
2013-04-08,7.55,7.58,7.44,7.58,1009800
2013-04-09,7.54,7.64,7.48,7.59,747100
2013-04-10,7.59,7.78,7.59,7.78,679200
2013-04-11,7.88,8.04,7.85,7.99,908800
2013-04-12,7.8,7.87,7.75,7.82,859300
2013-04-15,7.8,7.8,7.59,7.61,1149700
2013-04-16,7.72,7.83,7.69,7.79,722500
2013-04-17,7.47,7.48,7.23,7.26,2144900
2013-04-18,7.34,7.35,7.11,7.11,2939000
2013-04-19,7.3,7.33,7.11,7.16,3330000
2013-04-22,7.35,7.37,7.19,7.27,3362900
2013-04-23,7.75,8.0,7.74,7.93,4777900
2013-04-24,8.05,8.17,8.03,8.14,2271800
2013-04-25,8.33,8.41,8.23,8.26,2486400
2013-04-26,8.3,8.34,8.25,8.27,2448700
2013-04-29,8.39,8.44,8.38,8.39,2607000
2013-04-30,8.59,8.69,8.5,8.68,2774300
2013-05-01,8.85,8.85,8.59,8.61,947200
2013-05-02,8.57,8.73,8.55,8.73,1639500
2013-05-03,8.68,8.79,8.67,8.74,874800
2013-05-06,8.76,8.79,8.72,8.77,543900
2013-05-07,8.95,8.95,8.82,8.88,826400
2013-05-08,9.23,9.39,9.23,9.34,1514200
2013-05-09,9.31,9.33,9.12,9.17,1161000
2013-05-10,9.23,9.32,9.21,9.32,834200
2013-05-13,9.08,9.17,9.06,9.13,1301600
2013-05-14,9.11,9.13,9.03,9.09,891100
2013-05-15,9.11,9.25,9.09,9.22,1095700
2013-05-16,9.22,9.29,9.18,9.2,878900
2013-05-17,9.28,9.45,9.28,9.44,1305500
2013-05-20,9.63,9.69,9.6,9.61,1320600
2013-05-21,9.79,9.9,9.76,9.85,1828800
2013-05-22,9.66,9.83,9.44,9.5,1771500
2013-05-23,9.38,9.48,9.33,9.45,1148700
2013-05-24,9.27,9.31,9.22,9.28,1010700
2013-05-28,9.51,9.56,9.36,9.42,1618200
2013-05-29,9.36,9.36,9.21,9.31,1121200
2013-05-30,9.57,9.61,9.5,9.5,1136400
2013-05-31,9.45,9.5,9.29,9.3,1568900
2013-06-03,9.32,9.41,9.28,9.37,1345700
2013-06-04,9.73,9.81,9.69,9.81,4228600
2013-06-05,9.88,9.88,9.63,9.67,2041100
2013-06-06,9.66,9.69,9.51,9.68,1643500
2013-06-07,9.47,9.63,9.45,9.58,1333800
2013-06-10,9.58,9.64,9.49,9.63,847800
2013-06-11,9.47,9.65,9.42,9.54,1250900
2013-06-12,9.47,9.49,9.3,9.35,1713500
2013-06-13,9.28,9.63,9.22,9.62,1490100
2013-06-14,9.57,9.57,9.44,9.5,703000
2013-06-17,9.72,9.77,9.61,9.71,1156600
2013-06-18,9.88,9.92,9.83,9.89,1534600
2013-06-19,10.03,10.05,9.71,9.74,1543100
2013-06-20,9.41,9.43,9.23,9.27,1370600
2013-06-21,9.16,9.19,8.97,9.11,1179300
2013-06-24,8.68,8.79,8.62,8.7,1644500
2013-06-25,8.86,8.88,8.71,8.83,1387900
2013-06-26,9.03,9.07,8.96,9.05,826200
2013-06-27,9.08,9.2,9.06,9.09,1118500
2013-06-28,8.94,9.02,8.88,8.99,901400
2013-07-01,9.04,9.08,8.97,9.0,508500
2013-07-02,8.99,9.11,8.93,8.99,656500
2013-07-03,9.1,9.36,9.1,9.32,970300
2013-07-05,9.4,9.4,9.24,9.31,937700
2013-07-08,9.46,9.48,9.26,9.3,1376500
2013-07-09,9.23,9.23,9.04,9.09,1109200
2013-07-10,9.09,9.3,9.09,9.28,907900
2013-07-11,9.36,9.46,9.32,9.45,1079400
2013-07-12,9.55,9.63,9.47,9.63,1189800
2013-07-15,9.8,9.84,9.75,9.78,1397400
2013-07-16,9.71,9.73,9.61,9.69,897800
2013-07-17,9.83,9.84,9.72,9.78,771000
2013-07-18,9.83,9.9,9.77,9.81,1492800
2013-07-19,9.88,9.9,9.79,9.85,994500
2013-07-22,9.93,9.93,9.76,9.79,1866600
2013-07-23,9.19,9.2,8.81,8.82,5293300
2013-07-24,8.8,8.82,8.57,8.59,2264000
2013-07-25,8.67,8.77,8.63,8.73,2070200
2013-07-26,8.7,8.74,8.61,8.68,1040900
2013-07-29,8.49,8.52,8.37,8.38,903400
2013-07-30,8.49,8.6,8.43,8.54,1062800
2013-07-31,8.56,8.61,8.51,8.53,667100
2013-08-01,8.67,8.7,8.6,8.66,539900
2013-08-02,8.65,8.69,8.61,8.68,563300
2013-08-05,8.67,8.71,8.64,8.71,478400
2013-08-06,8.7,8.71,8.57,8.62,427300
2013-08-07,8.69,8.73,8.6,8.63,522900
2013-08-08,8.68,8.72,8.67,8.68,368100
2013-08-09,8.53,8.55,8.45,8.47,411300
2013-08-12,8.35,8.43,8.34,8.38,648700
2013-08-13,8.52,8.52,8.41,8.51,497900
2013-08-14,8.52,8.63,8.51,8.56,292100
2013-08-15,8.39,8.47,8.3,8.43,798900
2013-08-16,8.41,8.49,8.37,8.45,994800
2013-08-19,8.47,8.52,8.42,8.45,657900
2013-08-20,8.39,8.51,8.34,8.44,680100
2013-08-21,8.48,8.65,8.47,8.6,1045200
2013-08-22,8.72,8.79,8.68,8.77,821900
2013-08-23,8.77,8.81,8.7,8.79,573300
2013-08-26,8.57,8.61,8.51,8.51,705300
2013-08-27,8.29,8.34,8.17,8.19,1149400
2013-08-28,8.1,8.28,8.08,8.24,863300
2013-08-29,8.21,8.3,8.21,8.23,839500
2013-08-30,8.07,8.11,7.92,7.97,1101000
2013-09-03,8.39,8.42,8.22,8.29,1163100
2013-09-04,8.03,8.29,8.02,8.23,1704000
2013-09-05,8.33,8.4,8.24,8.35,1267000
2013-09-06,8.47,8.51,8.39,8.46,779000
2013-09-09,8.62,8.72,8.61,8.7,590800
2013-09-10,8.76,8.78,8.64,8.67,1431900
2013-09-11,8.6,8.6,8.51,8.52,1121100
2013-09-12,9.12,9.14,8.96,9.01,4001700
2013-09-13,9.15,9.19,9.05,9.15,957300
2013-09-16,9.29,9.6,9.27,9.4,2245700
2013-09-17,9.31,9.39,9.26,9.37,914300
2013-09-18,9.29,9.58,9.2,9.58,1384800
2013-09-19,9.53,9.59,9.48,9.53,725900
2013-09-20,9.48,9.53,9.42,9.42,1123800
2013-09-23,9.44,9.45,9.36,9.39,1345800
2013-09-24,9.37,9.43,9.33,9.36,612600
2013-09-25,9.47,9.53,9.4,9.42,2902600
2013-09-26,9.42,9.49,9.38,9.42,734400
2013-09-27,9.4,9.44,9.34,9.38,1680000
2013-09-30,9.18,9.26,9.16,9.2,885300
2013-10-01,9.09,9.22,9.07,9.18,764900
2013-10-02,9.21,9.23,9.08,9.16,947200
2013-10-03,9.19,9.21,9.03,9.09,1110700
2013-10-04,9.08,9.16,9.05,9.11,1109600
2013-10-07,9.08,9.18,9.05,9.05,924700
2013-10-08,9.09,9.11,8.94,9.02,1537700
2013-10-09,9.0,9.0,8.84,8.92,1115000
2013-10-10,9.1,9.19,9.05,9.15,470800
2013-10-11,9.14,9.23,9.13,9.17,526000
2013-10-14,9.06,9.18,9.04,9.14,445300
2013-10-15,9.07,9.09,8.93,8.93,665200
2013-10-16,8.78,8.85,8.69,8.81,1292100
2013-10-17,8.74,8.76,8.67,8.72,1470300
2013-10-18,8.66,8.68,8.6,8.65,1360100
2013-10-21,8.73,8.87,8.71,8.8,1314200
2013-10-22,8.84,8.9,8.65,8.69,3562400
2013-10-23,8.11,8.13,7.9,7.94,2679100
2013-10-24,7.81,7.82,7.72,7.72,2221100
2013-10-25,7.64,7.68,7.59,7.6,2697700
2013-10-28,7.58,7.69,7.56,7.68,2052400
2013-10-29,7.87,7.93,7.81,7.93,1827500
2013-10-30,7.8,7.83,7.67,7.7,848600
2013-10-31,7.71,7.72,7.65,7.67,614900
2013-11-01,7.59,7.64,7.57,7.6,1848200
2013-11-04,7.74,7.76,7.7,7.72,672500
2013-11-05,7.59,7.65,7.57,7.61,899500
2013-11-06,7.64,7.68,7.6,7.64,551600
2013-11-07,7.65,7.65,7.5,7.52,892400
2013-11-08,7.41,7.52,7.37,7.51,1165300
2013-11-11,7.54,7.6,7.52,7.59,614100
2013-11-12,7.42,7.47,7.39,7.45,972300
2013-11-13,7.42,7.64,7.42,7.64,974600
2013-11-14,7.23,7.4,7.2,7.38,1840000
2013-11-15,7.43,7.5,7.41,7.5,756100
2013-11-18,7.65,7.7,7.57,7.57,952400
2013-11-19,7.68,7.74,7.57,7.6,709500
2013-11-20,7.83,7.94,7.79,7.87,1138600
2013-11-21,7.8,7.89,7.74,7.89,1497000
2013-11-22,7.84,7.85,7.81,7.83,732800
2013-11-25,7.9,7.94,7.89,7.9,536400
2013-11-26,8.01,8.05,7.99,8.03,544200
2013-11-27,8.02,8.03,7.91,7.99,583800
2013-11-29,7.95,7.95,7.84,7.87,229900
2013-12-02,7.76,7.88,7.75,7.79,471800
2013-12-03,7.64,7.71,7.61,7.66,867800
2013-12-04,7.59,7.71,7.57,7.69,621600
2013-12-05,7.64,7.68,7.56,7.62,719900
2013-12-06,7.52,7.58,7.45,7.55,597000
2013-12-09,7.47,7.51,7.41,7.43,490600
2013-12-10,7.59,7.8,7.56,7.76,768900
2013-12-11,7.7,7.74,7.62,7.64,635800
2013-12-12,7.52,7.53,7.44,7.48,811900
2013-12-13,7.41,7.43,7.35,7.35,417600
2013-12-16,7.36,7.37,7.31,7.32,465900
2013-12-17,7.26,7.28,7.2,7.26,1577000
2013-12-18,7.43,7.52,7.36,7.51,939500
2013-12-19,7.4,7.41,7.3,7.35,745800
2013-12-20,7.51,7.62,7.45,7.58,1304800
2013-12-23,7.75,7.9,7.73,7.9,1292200
2013-12-24,7.88,7.91,7.84,7.91,169100
2013-12-26,7.87,8.0,7.87,7.99,324600
2013-12-27,8.0,8.04,7.96,7.98,686200
2013-12-30,7.96,7.99,7.93,7.96,589600
2013-12-31,7.91,8.0,7.91,8.0,506800
2014-01-02,7.88,7.91,7.75,7.77,879900
2014-01-03,7.88,7.9,7.81,7.83,517300
2014-01-06,7.9,7.92,7.81,7.82,487200
2014-01-07,7.62,7.72,7.56,7.68,1310300
2014-01-08,7.62,7.67,7.54,7.55,646600
2014-01-09,7.46,7.47,7.35,7.4,1003800
2014-01-10,7.54,7.67,7.53,7.66,533800
2014-01-13,7.72,7.84,7.72,7.78,835000
2014-01-14,7.99,8.03,7.93,7.99,664700
2014-01-15,8.1,8.13,8.0,8.08,585400
2014-01-16,8.09,8.09,7.94,8.01,298100
2014-01-17,7.74,7.79,7.73,7.75,587100
2014-01-21,7.83,7.86,7.76,7.83,670700
2014-01-22,7.92,8.0,7.91,7.93,667600
2014-01-23,7.94,7.94,7.82,7.87,262900
2014-01-24,7.74,7.74,7.62,7.62,648700
2014-01-27,7.65,7.75,7.62,7.68,719700
2014-01-28,7.95,7.97,7.87,7.96,890800
2014-01-29,7.86,8.0,7.85,7.96,1562100
2014-01-30,8.22,8.29,8.18,8.29,1041200
2014-01-31,8.09,8.23,8.07,8.19,920900
2014-02-03,8.14,8.18,7.89,7.9,806000
2014-02-04,7.99,8.09,7.93,8.05,727700
2014-02-05,8.01,8.07,7.95,8.05,598900
2014-02-06,8.09,8.19,8.09,8.18,369500
2014-02-07,8.17,8.23,8.1,8.21,574300
2014-02-10,8.3,8.36,8.28,8.34,698000
2014-02-11,8.33,8.45,8.32,8.43,898600
2014-02-12,8.38,8.45,8.31,8.33,825700
2014-02-13,8.27,8.38,8.25,8.36,465800
2014-02-14,8.45,8.49,8.43,8.47,727000
2014-02-18,8.49,8.6,8.46,8.59,747900
2014-02-19,8.43,8.47,8.34,8.35,645200
2014-02-20,8.31,8.36,8.25,8.33,1790700
2014-02-21,8.34,8.38,8.3,8.31,365000
2014-02-24,8.35,8.46,8.33,8.45,722500
2014-02-25,8.48,8.5,8.41,8.48,403500
2014-02-26,8.75,8.87,8.71,8.87,835800
2014-02-27,8.83,8.89,8.75,8.88,430700
2014-02-28,9.04,9.09,8.97,9.03,880100
2014-03-03,8.83,8.9,8.77,8.83,1404400
2014-03-04,9.05,9.08,8.98,9.06,930900
2014-03-05,9.08,9.12,9.04,9.1,983500
2014-03-06,9.15,9.27,9.14,9.25,1687100
2014-03-07,9.25,9.36,9.19,9.35,1651100
2014-03-10,9.25,9.37,9.2,9.37,1360900
2014-03-11,9.29,9.35,9.26,9.27,1189500
2014-03-12,9.22,9.28,9.16,9.28,1212900
2014-03-13,9.33,9.34,9.13,9.16,1738600
2014-03-14,9.05,9.16,9.03,9.13,2872800
2014-03-17,9.21,9.33,9.2,9.25,1674300
2014-03-18,9.29,9.38,9.28,9.36,804900
2014-03-19,9.34,9.36,9.18,9.22,488100
2014-03-20,9.24,9.45,9.23,9.4,349100
2014-03-21,9.49,9.49,9.32,9.33,445000
2014-03-24,9.32,9.32,9.15,9.26,525800
2014-03-25,9.27,9.3,9.16,9.29,685200
2014-03-26,9.34,9.39,9.22,9.25,1390500
2014-03-27,9.31,9.35,9.2,9.27,1370400
2014-03-28,9.29,9.3,9.17,9.17,345000
2014-03-31,9.24,9.27,9.2,9.24,370300
2014-04-01,9.26,9.28,9.21,9.25,365500
2014-04-02,9.27,9.35,9.27,9.33,560600
2014-04-03,9.29,9.34,9.21,9.24,895800
2014-04-04,9.18,9.21,8.94,8.99,1362400
2014-04-07,9.06,9.13,8.99,9.03,1402400
2014-04-08,8.92,9.02,8.9,8.97,1056600
2014-04-09,9.15,9.26,9.12,9.25,989500
2014-04-10,9.18,9.19,8.96,8.96,637600
2014-04-11,8.89,8.92,8.77,8.77,921200
2014-04-14,8.61,8.62,8.53,8.57,2426000
2014-04-15,8.65,8.73,8.53,8.7,909000
2014-04-16,8.68,8.76,8.63,8.75,781900
2014-04-17,8.9,8.96,8.87,8.88,880500
2014-04-21,8.87,8.96,8.84,8.9,261300
2014-04-22,9.02,9.13,9.01,9.13,387400
2014-04-23,9.13,9.22,9.12,9.18,403300
2014-04-24,9.26,9.27,9.15,9.24,532500
2014-04-25,9.32,9.34,9.1,9.11,1591400
2014-04-28,9.27,9.33,9.02,9.21,2281000
2014-04-29,9.43,9.47,9.38,9.45,1964700
2014-04-30,9.48,9.55,9.42,9.49,2887300
2014-05-01,9.5,9.55,9.44,9.47,865000
2014-05-02,9.42,9.48,9.41,9.46,1102000
2014-05-05,9.32,9.43,9.27,9.38,497700
2014-05-06,9.54,9.55,9.47,9.49,1075700
2014-05-07,9.5,9.55,9.39,9.51,1409600
2014-05-08,9.5,9.7,9.49,9.57,473400
2014-05-09,9.5,9.52,9.44,9.52,649800
2014-05-12,9.66,9.72,9.65,9.72,636800
2014-05-13,9.75,9.77,9.72,9.73,370900
2014-05-14,9.72,9.8,9.69,9.71,726700
2014-05-15,9.64,9.64,9.36,9.42,530700
2014-05-16,9.35,9.36,9.28,9.34,435900
2014-05-19,9.44,9.57,9.4,9.57,527800
2014-05-20,9.45,9.52,9.36,9.39,621000
2014-05-21,9.42,9.48,9.4,9.45,863300
2014-05-22,9.29,9.31,9.25,9.28,611000
2014-05-23,9.3,9.4,9.3,9.38,312200
2014-05-27,9.75,9.81,9.71,9.78,839800
2014-05-28,9.84,9.86,9.77,9.79,932400
2014-05-29,9.92,9.97,9.88,9.94,983600
2014-05-30,10.0,10.0,9.91,9.96,543400
2014-06-02,9.8,9.81,9.63,9.67,1175900
2014-06-03,9.6,9.7,9.59,9.69,1009500
2014-06-04,9.54,9.61,9.53,9.6,549600
2014-06-05,9.61,9.68,9.57,9.67,390600
2014-06-06,9.63,9.65,9.6,9.64,498800
2014-06-09,9.58,9.71,9.58,9.69,840800
2014-06-10,9.69,9.82,9.69,9.79,706300
2014-06-11,9.63,9.69,9.62,9.63,658000
2014-06-12,9.58,9.66,9.54,9.57,616200
2014-06-13,9.61,9.62,9.57,9.58,647100
2014-06-16,9.56,9.6,9.5,9.53,457400
2014-06-17,9.6,9.68,9.59,9.66,271100
2014-06-18,9.57,9.59,9.48,9.56,560200
2014-06-19,9.56,9.57,9.49,9.53,209000
2014-06-20,9.42,9.44,9.32,9.34,507700
2014-06-23,9.31,9.33,9.19,9.23,932100
2014-06-24,9.2,9.31,9.16,9.17,476600
2014-06-25,9.14,9.24,9.14,9.2,583500
2014-06-26,9.12,9.14,8.97,9.02,663400
2014-06-27,8.88,9.01,8.87,9.0,728800
2014-06-30,8.88,8.97,8.87,8.89,673400
2014-07-01,9.18,9.34,9.18,9.3,1007400
2014-07-02,9.27,9.32,9.25,9.27,596200
2014-07-03,9.29,9.37,9.28,9.34,324600
2014-07-07,9.1,9.14,9.03,9.06,636500
2014-07-08,8.88,8.88,8.76,8.83,809300
2014-07-09,8.98,9.05,8.96,9.01,570200
2014-07-10,8.76,8.81,8.7,8.78,1097200
2014-07-11,8.75,8.8,8.7,8.78,554800
2014-07-14,8.87,8.89,8.82,8.84,307900
2014-07-15,8.81,8.85,8.72,8.77,323600
2014-07-16,9.15,9.22,9.09,9.15,645600
2014-07-17,9.05,9.12,8.9,8.92,574400
2014-07-18,8.93,9.14,8.93,9.11,1057200
2014-07-21,9.12,9.14,9.04,9.12,722200
2014-07-22,9.32,9.41,9.32,9.35,807700
2014-07-23,8.91,8.94,8.71,8.71,1982400
2014-07-24,8.75,8.77,8.69,8.7,889400
2014-07-25,8.61,8.64,8.55,8.57,1223000
2014-07-28,8.52,8.61,8.46,8.59,1207200
2014-07-29,8.38,8.43,8.32,8.34,1282800
2014-07-30,8.45,8.52,8.42,8.49,679300
2014-07-31,8.28,8.33,8.23,8.24,712300
2014-08-01,8.15,8.16,7.98,8.04,1074000
2014-08-04,7.99,8.02,7.87,7.97,820900
2014-08-05,7.89,7.92,7.8,7.84,406000
2014-08-06,7.76,7.81,7.71,7.74,1253800
2014-08-07,7.91,7.96,7.74,7.76,656800
2014-08-08,7.78,7.8,7.73,7.8,620000
2014-08-11,7.81,7.9,7.81,7.84,503100
2014-08-12,7.8,7.86,7.77,7.83,332300
2014-08-13,7.85,7.92,7.83,7.89,492300
2014-08-14,8.01,8.04,7.97,7.99,342400
2014-08-15,8.07,8.12,7.98,8.06,480600
2014-08-18,8.07,8.09,8.03,8.08,284700
2014-08-19,8.15,8.19,8.12,8.15,184500
2014-08-20,8.13,8.17,8.1,8.15,922900
2014-08-21,8.22,8.33,8.21,8.31,1115700
2014-08-22,8.25,8.33,8.21,8.29,799200
2014-08-25,8.3,8.33,8.28,8.29,293700
2014-08-26,8.4,8.43,8.39,8.4,414900
2014-08-27,8.31,8.34,8.27,8.29,405700
2014-08-28,8.2,8.27,8.2,8.22,683000
2014-08-29,8.36,8.41,8.3,8.4,530900
2014-09-02,8.44,8.52,8.41,8.44,619900
2014-09-03,8.53,8.55,8.45,8.48,689300
2014-09-04,8.45,8.51,8.41,8.43,271200
2014-09-05,8.51,8.53,8.42,8.48,321300
2014-09-08,8.48,8.51,8.42,8.44,368100
2014-09-09,8.18,8.22,8.15,8.17,615600
2014-09-10,8.06,8.12,8.02,8.11,600400
2014-09-11,8.05,8.07,8.0,8.06,476700
2014-09-12,8.2,8.23,8.14,8.15,1497600
2014-09-15,8.05,8.05,7.96,8.01,914500
2014-09-16,7.92,8.01,7.9,8.0,1058800
2014-09-17,8.0,8.12,8.0,8.05,463900
2014-09-18,8.25,8.34,8.24,8.29,1667600
2014-09-19,7.93,7.98,7.84,7.91,2794700
2014-09-22,7.62,7.62,7.5,7.55,1318000
2014-09-23,7.58,7.65,7.54,7.55,929800
2014-09-24,7.54,7.63,7.53,7.61,607700
2014-09-25,7.57,7.57,7.46,7.53,1032500
2014-09-26,7.59,7.63,7.55,7.63,518800
2014-09-29,7.61,7.68,7.59,7.67,1494100
2014-09-30,7.68,7.74,7.65,7.69,756100
2014-10-01,7.68,7.69,7.58,7.58,802800
2014-10-02,7.65,7.66,7.53,7.64,675000
2014-10-03,7.67,7.69,7.65,7.65,387100
2014-10-06,7.75,7.79,7.67,7.72,689300
2014-10-07,7.63,7.64,7.52,7.53,831700
2014-10-08,7.48,7.63,7.44,7.63,681000
2014-10-09,7.62,7.63,7.37,7.39,645600
2014-10-10,7.19,7.21,6.93,6.96,2775200
2014-10-13,6.74,6.78,6.64,6.68,1460600
2014-10-14,6.81,6.95,6.79,6.81,1110300
2014-10-15,6.71,6.77,6.55,6.74,1291300
2014-10-16,6.51,6.69,6.5,6.66,2011300
2014-10-17,6.71,6.78,6.69,6.73,940800
2014-10-20,6.69,6.79,6.67,6.76,452100
2014-10-21,6.77,6.97,6.77,6.93,1762200
2014-10-22,6.95,7.01,6.88,6.89,1804300
2014-10-23,6.96,7.05,6.93,6.97,1304500
2014-10-24,6.96,7.05,6.94,7.03,431100
2014-10-27,6.9,6.97,6.84,6.95,898200
2014-10-28,7.07,7.26,7.05,7.22,1862100
2014-10-29,6.51,6.56,6.33,6.37,4443300
2014-10-30,6.28,6.47,6.27,6.42,1709700
2014-10-31,6.6,6.73,6.56,6.72,1025100
2014-11-03,6.8,6.83,6.77,6.79,520600
2014-11-04,6.82,6.83,6.71,6.77,721800
2014-11-05,6.85,6.89,6.8,6.86,800800
2014-11-06,6.93,6.99,6.89,6.91,634500
2014-11-07,6.83,6.85,6.77,6.84,527700
2014-11-10,6.88,6.92,6.87,6.88,375700
2014-11-11,6.87,6.92,6.86,6.92,236800
2014-11-12,6.88,6.9,6.84,6.88,274500
2014-11-13,6.75,6.85,6.74,6.81,896100
2014-11-14,6.92,7.04,6.91,7.02,844700
2014-11-17,7.13,7.14,7.07,7.12,609500
2014-11-18,7.21,7.33,7.18,7.31,883200
2014-11-19,7.38,7.42,7.35,7.4,620000
2014-11-20,7.33,7.4,7.09,7.19,1184300
2014-11-21,7.28,7.32,7.24,7.3,1136700
2014-11-24,7.34,7.35,7.3,7.35,555000
2014-11-25,7.4,7.49,7.38,7.48,577100
2014-11-26,7.45,7.53,7.44,7.53,466300
2014-11-28,7.53,7.56,7.48,7.48,339600
2014-12-01,7.51,7.52,7.45,7.47,491500
2014-12-02,7.48,7.5,7.43,7.46,292100
2014-12-03,7.46,7.59,7.46,7.59,381500
2014-12-04,7.55,7.6,7.52,7.57,413100
2014-12-05,7.64,7.75,7.61,7.71,838700
2014-12-08,7.72,7.77,7.68,7.72,1171100
2014-12-09,7.56,7.71,7.54,7.65,1973900
2014-12-10,7.62,7.64,7.36,7.41,1942000
2014-12-11,7.44,7.53,7.44,7.49,954500
2014-12-12,7.45,7.47,7.3,7.34,1509300
2014-12-15,7.28,7.3,7.02,7.08,1201200
2014-12-16,7.12,7.45,7.1,7.26,1776500
2014-12-17,7.3,7.46,7.29,7.43,1294500
2014-12-18,7.47,7.74,7.45,7.69,1510300
2014-12-19,7.52,7.63,7.52,7.61,1334200
2014-12-22,7.61,7.69,7.58,7.69,991700
2014-12-23,7.59,7.62,7.55,7.6,840400
2014-12-24,7.59,7.75,7.56,7.69,399700
2014-12-26,7.66,7.71,7.64,7.66,371400
2014-12-29,7.56,7.64,7.55,7.59,830700
2014-12-30,7.55,7.58,7.53,7.54,664700
2014-12-31,7.53,7.6,7.45,7.47,394400
2015-01-02,7.49,7.57,7.45,7.55,849500
2015-01-05,7.42,7.44,7.27,7.37,1404600
2015-01-06,7.38,7.39,7.2,7.27,1066200
2015-01-07,7.35,7.48,7.32,7.44,1376100
2015-01-08,7.46,7.68,7.45,7.63,1947000
2015-01-09,7.68,7.69,7.5,7.65,2077800
2015-01-12,7.62,7.72,7.53,7.65,1358400
2015-01-13,7.55,7.73,7.5,7.55,1990800
2015-01-14,7.63,7.74,7.61,7.7,4575000
2015-01-15,7.71,7.74,7.62,7.68,1667600
2015-01-16,7.66,7.81,7.59,7.8,1394800
2015-01-20,7.88,7.94,7.82,7.91,2930700
2015-01-21,7.9,8.05,7.88,8.04,995200
2015-01-22,7.99,8.15,7.96,8.13,5479100
2015-01-23,8.1,8.28,8.08,8.19,4206400
2015-01-26,8.42,8.57,8.39,8.52,1774200
2015-01-27,8.43,8.47,8.33,8.34,2350400
2015-01-28,8.14,8.17,7.97,7.99,6009200
2015-01-29,8.33,8.48,8.3,8.44,11871700
2015-01-30,8.33,8.42,8.28,8.3,4293600
2015-02-02,8.35,8.47,8.24,8.42,1640300
2015-02-03,8.47,8.6,8.44,8.58,5385800
2015-02-04,8.68,8.76,8.64,8.68,1687900
2015-02-05,8.67,8.71,8.57,8.69,1134300
2015-02-06,8.67,8.69,8.54,8.55,988200
2015-02-09,8.51,8.52,8.39,8.49,753100
2015-02-10,8.71,8.8,8.66,8.79,848800
2015-02-11,8.75,8.82,8.71,8.79,652400
2015-02-12,8.9,9.12,8.86,9.12,4368500
2015-02-13,8.96,8.97,8.84,8.91,1578900
2015-02-17,8.76,8.87,8.68,8.86,1274800
2015-02-18,8.86,8.9,8.81,8.81,1366200
2015-02-19,8.73,8.77,8.68,8.7,1194600
2015-02-20,8.73,8.94,8.72,8.92,736800
2015-02-23,8.9,8.91,8.82,8.89,1281200
2015-02-24,8.86,8.98,8.83,8.98,1079700
2015-02-25,8.93,9.0,8.91,8.98,1379600
2015-02-26,8.92,8.95,8.87,8.91,1384900
2015-02-27,8.85,8.94,8.77,8.89,895100
2015-03-02,9.08,9.2,9.06,9.17,1932400
2015-03-03,9.23,9.41,9.2,9.37,7713600
2015-03-04,9.19,9.33,9.11,9.27,3352400
2015-03-05,9.26,9.35,9.24,9.31,738900
2015-03-06,9.3,9.3,9.15,9.18,1454500
2015-03-09,9.2,9.25,9.15,9.24,2136800
2015-03-10,9.23,9.31,9.18,9.23,1198800
2015-03-11,9.3,9.46,9.26,9.43,3908100
2015-03-12,9.32,9.34,9.05,9.16,1902600
2015-03-13,9.21,9.25,9.18,9.21,3475900
2015-03-16,9.49,9.73,9.47,9.69,2090500
2015-03-17,9.69,9.82,9.64,9.82,2455100
2015-03-18,9.74,9.89,9.63,9.83,1852300
2015-03-19,9.55,9.6,9.48,9.58,1485100
2015-03-20,9.95,9.97,9.88,9.94,1200200
2015-03-23,9.94,9.95,9.79,9.82,801500
2015-03-24,9.84,9.85,9.76,9.78,664000
2015-03-25,9.7,9.72,9.37,9.39,1184600
2015-03-26,9.06,9.07,8.9,9.04,3180800
2015-03-27,9.15,9.34,9.14,9.34,1673700
2015-03-30,9.39,9.46,9.39,9.43,1230900
2015-03-31,9.28,9.34,9.25,9.27,828600
2015-04-01,9.29,9.29,9.15,9.24,936300
2015-04-02,9.37,9.41,9.27,9.32,676900
2015-04-06,9.33,9.41,9.3,9.4,518800
2015-04-07,9.34,9.38,9.24,9.24,820100
2015-04-08,9.16,9.23,9.14,9.19,646100
2015-04-09,9.23,9.25,9.18,9.23,632200
2015-04-10,9.31,9.45,9.3,9.44,707200
2015-04-13,9.53,9.57,9.46,9.53,814600
2015-04-14,9.47,9.48,9.38,9.41,495100
2015-04-15,9.42,9.44,9.32,9.43,639400
2015-04-16,9.48,9.5,9.4,9.49,631300
2015-04-17,9.25,9.25,9.13,9.19,645900
2015-04-20,9.14,9.28,9.14,9.21,465900
2015-04-21,9.56,9.68,9.53,9.65,1192900
2015-04-22,9.88,9.98,9.84,9.94,2827500
2015-04-23,9.57,9.68,9.49,9.65,1184300
2015-04-24,9.49,9.51,9.38,9.44,1069100
2015-04-27,9.57,9.63,9.54,9.59,765500
2015-04-28,9.37,9.4,9.28,9.38,1866600
2015-04-29,9.19,9.29,9.09,9.18,2192700
2015-04-30,8.07,8.07,7.93,7.96,4351900
2015-05-01,7.95,8.0,7.89,7.94,1222500
2015-05-04,7.89,7.9,7.75,7.77,1737200
2015-05-05,7.61,7.65,7.52,7.57,1805900
2015-05-06,7.76,7.82,7.68,7.74,1598300
2015-05-07,7.73,7.8,7.71,7.76,1227200
2015-05-08,7.8,7.85,7.78,7.8,737600
2015-05-11,7.64,7.81,7.62,7.76,873400
2015-05-12,8.19,8.19,7.99,8.02,3011200
2015-05-13,8.09,8.11,8.0,8.01,1686600
2015-05-14,8.14,8.21,8.11,8.18,918100
2015-05-15,8.12,8.14,8.07,8.12,696000
2015-05-18,8.14,8.16,8.09,8.15,554200
2015-05-19,8.09,8.12,8.04,8.08,561100
2015-05-20,8.23,8.34,8.19,8.27,1548800
2015-05-21,8.2,8.25,8.18,8.25,783900
2015-05-22,8.15,8.23,8.09,8.18,1905000
2015-05-26,8.1,8.11,7.96,8.02,1091800
2015-05-27,8.05,8.32,8.04,8.29,889200
2015-05-28,8.54,8.62,8.42,8.54,2084800
2015-05-29,8.54,8.58,8.47,8.5,1094500
2015-06-01,8.5,8.5,8.33,8.47,1677600
2015-06-02,8.58,8.62,8.51,8.56,1064800
2015-06-03,8.59,8.65,8.54,8.56,674800
2015-06-04,8.68,8.76,8.54,8.56,1164400
2015-06-05,8.37,8.46,8.32,8.42,696300
2015-06-08,8.41,8.52,8.39,8.45,824900
2015-06-09,8.37,8.43,8.3,8.34,1385800
2015-06-10,8.52,8.53,8.4,8.42,696300
2015-06-11,8.42,8.5,8.36,8.41,730600
2015-06-12,8.15,8.25,8.1,8.23,716300
2015-06-15,8.05,8.15,8.01,8.14,1341900
2015-06-16,8.27,8.34,8.18,8.32,1099800
2015-06-17,8.14,8.16,8.03,8.08,1793300
2015-06-18,7.99,8.29,7.98,8.1,1492000
2015-06-19,8.08,8.09,7.95,7.99,1119200
2015-06-22,8.29,8.37,8.28,8.3,1195400
2015-06-23,8.45,8.49,8.39,8.4,838200
2015-06-24,8.32,8.37,8.21,8.24,1109500
2015-06-25,8.41,8.49,8.35,8.44,1055600
2015-06-26,8.56,8.61,8.42,8.49,2185400
2015-06-29,8.32,8.43,8.18,8.2,2371300
2015-06-30,8.31,8.31,8.11,8.12,4805500
2015-07-01,8.17,8.24,8.01,8.07,1621600
2015-07-02,8.07,8.09,7.99,8.04,912200
2015-07-06,7.88,8.19,7.87,7.98,2772100
2015-07-07,7.76,7.91,7.62,7.85,2139200
2015-07-08,7.7,7.7,7.56,7.62,2581400
2015-07-09,7.86,7.86,7.63,7.64,2973800
2015-07-10,7.98,8.04,7.92,8.02,1238400
2015-07-13,7.88,7.9,7.79,7.84,1626400
2015-07-14,7.88,7.95,7.86,7.93,856600
2015-07-15,8.02,8.1,7.93,7.98,1704900
2015-07-16,8.09,8.09,7.94,7.97,1377900
2015-07-17,8.0,8.05,7.97,8.01,1260100
2015-07-20,8.11,8.13,8.01,8.01,1039600
2015-07-21,8.0,8.04,7.88,7.9,1329600
2015-07-22,7.44,7.46,7.35,7.42,3567200
2015-07-23,7.96,8.04,7.89,7.99,3605200
2015-07-24,7.9,7.9,7.74,7.77,2367800
2015-07-27,7.8,7.8,7.66,7.68,993100
2015-07-28,7.56,7.73,7.53,7.67,3365900
2015-07-29,7.73,7.79,7.64,7.72,1858800
2015-07-30,7.68,7.8,7.66,7.76,1018000
2015-07-31,7.85,7.85,7.75,7.77,738300
2015-08-03,7.8,7.83,7.65,7.66,1289200
2015-08-04,7.62,7.64,7.49,7.52,925800
2015-08-05,7.66,7.74,7.65,7.68,899300
2015-08-06,7.62,7.63,7.5,7.58,945800
2015-08-07,7.6,7.73,7.57,7.72,801100
2015-08-10,7.7,7.85,7.7,7.81,777200
2015-08-11,7.72,7.77,7.65,7.7,917200
2015-08-12,7.54,7.62,7.45,7.58,1373000
2015-08-13,7.48,7.5,7.39,7.39,885200
2015-08-14,7.35,7.36,7.27,7.32,1973600
2015-08-17,7.28,7.41,7.25,7.39,398700
2015-08-18,7.43,7.43,7.29,7.3,746200
2015-08-19,7.24,7.31,7.16,7.24,728500
2015-08-20,7.17,7.17,6.97,6.97,1217400
2015-08-21,7.17,7.27,6.96,6.99,2156600
2015-08-24,6.8,7.17,6.66,6.9,4404200
2015-08-25,7.26,7.28,6.99,6.99,2548100
2015-08-26,7.23,7.26,6.99,7.25,2034200
2015-08-27,7.31,7.4,7.23,7.35,1309200
2015-08-28,7.3,7.36,7.27,7.32,766300
2015-08-31,7.18,7.29,7.14,7.2,1485500
2015-09-01,7.17,7.23,7.07,7.12,1002100
2015-09-02,7.21,7.23,7.1,7.22,766000
2015-09-03,7.29,7.37,7.26,7.3,851900
2015-09-04,7.19,7.23,7.12,7.16,422800
2015-09-08,7.5,7.51,7.41,7.49,1132700
2015-09-09,7.18,7.24,7.02,7.04,1201500
2015-09-10,7.04,7.14,7.02,7.1,864300
2015-09-11,7.01,7.07,6.97,7.06,753800
2015-09-14,6.92,6.96,6.89,6.92,417300
2015-09-15,7.06,7.14,7.02,7.14,1227700
2015-09-16,7.18,7.21,7.12,7.2,264200
2015-09-17,7.13,7.29,7.12,7.19,961300
2015-09-18,6.98,7.01,6.87,6.9,524100
2015-09-21,6.9,6.95,6.84,6.89,678800
2015-09-22,6.68,6.69,6.55,6.62,852900
2015-09-23,6.67,6.69,6.59,6.6,833400
2015-09-24,6.5,6.56,6.42,6.51,1437000
2015-09-25,6.65,6.69,6.53,6.57,1342200
2015-09-28,6.48,6.49,6.3,6.32,1823400
2015-09-29,6.49,6.58,6.44,6.56,1287300
2015-09-30,6.75,6.82,6.73,6.82,875800
2015-10-01,6.74,6.75,6.62,6.71,838400
2015-10-02,6.74,6.85,6.69,6.84,699900
2015-10-05,6.93,7.01,6.92,6.99,737500
2015-10-06,7.12,7.18,7.07,7.13,979100
2015-10-07,7.27,7.31,7.15,7.25,869600
2015-10-08,7.21,7.32,7.15,7.31,615800
2015-10-09,7.39,7.42,7.33,7.35,578000
2015-10-12,7.24,7.27,7.19,7.24,809700
2015-10-13,7.06,7.18,7.06,7.09,690000
2015-10-14,7.08,7.25,7.07,7.24,1067300
2015-10-15,7.3,7.44,7.26,7.42,1562200
2015-10-16,7.4,7.47,7.34,7.46,875700
2015-10-19,7.43,7.48,7.39,7.47,768700
2015-10-20,7.44,7.5,7.44,7.45,258800
2015-10-21,7.65,7.66,7.56,7.57,419200
2015-10-22,7.71,7.78,7.69,7.78,735700
2015-10-23,7.84,7.87,7.79,7.86,490000
2015-10-26,7.58,7.6,7.42,7.49,983300
2015-10-27,7.46,7.52,7.2,7.26,2923200
2015-10-28,7.14,7.27,7.12,7.21,1436900
2015-10-29,6.73,6.84,6.7,6.79,1847700
2015-10-30,6.87,6.95,6.85,6.89,1144300
2015-11-02,6.98,7.04,6.97,7.04,846100
2015-11-03,6.95,7.09,6.94,7.05,513600
2015-11-04,7.07,7.09,6.97,7.03,514700
2015-11-05,7.09,7.13,7.04,7.06,585900
2015-11-06,7.09,7.18,7.07,7.18,465600
2015-11-09,7.24,7.24,7.11,7.14,500800
2015-11-10,7.06,7.11,7.02,7.08,390800
2015-11-11,7.12,7.15,7.06,7.07,308600
2015-11-12,7.07,7.09,7.0,7.0,361400
2015-11-13,6.93,6.96,6.86,6.91,391700
2015-11-16,6.88,6.98,6.87,6.98,577900
2015-11-17,7.01,7.03,6.92,6.95,778200
2015-11-18,7.05,7.12,7.01,7.1,819400
2015-11-19,7.06,7.16,7.06,7.11,626600
2015-11-20,7.18,7.19,7.08,7.12,579300
2015-11-23,7.16,7.17,7.1,7.11,718800
2015-11-24,6.94,7.02,6.94,6.97,796300
2015-11-25,6.93,7.04,6.93,6.98,623700
2015-11-27,7.23,7.25,7.18,7.21,796200
2015-11-30,7.29,7.3,7.23,7.26,865600
2015-12-01,7.34,7.37,7.24,7.28,1217900
2015-12-02,7.32,7.36,7.28,7.29,1169800
2015-12-03,7.36,7.38,7.2,7.25,956700
2015-12-04,7.28,7.38,7.23,7.37,666500
2015-12-07,7.16,7.19,7.12,7.14,786400
2015-12-08,6.98,7.0,6.93,6.94,830100
2015-12-09,7.01,7.07,6.91,6.93,1414700
2015-12-10,6.94,6.96,6.85,6.88,1363300
2015-12-11,6.63,6.71,6.58,6.59,1225800
2015-12-14,6.56,6.6,6.45,6.48,1139700
2015-12-15,6.65,6.73,6.61,6.63,1577300
2015-12-16,6.62,6.7,6.54,6.67,807100
2015-12-17,6.76,6.77,6.6,6.61,780700
2015-12-18,6.53,6.59,6.5,6.57,1280400
2015-12-21,6.66,6.69,6.59,6.65,687000
2015-12-22,6.68,6.73,6.62,6.7,528200
2015-12-23,6.76,6.8,6.73,6.78,583800
2015-12-24,6.78,6.87,6.77,6.82,311600
2015-12-28,6.74,6.79,6.7,6.78,601500
2015-12-29,6.78,6.84,6.78,6.82,291400
2015-12-30,6.9,6.9,6.79,6.81,386700
2015-12-31,6.72,6.75,6.66,6.66,506400
2016-01-04,6.55,6.6,6.47,6.59,1083400
2016-01-05,6.49,6.52,6.4,6.49,780900
2016-01-06,6.33,6.37,6.28,6.31,929800
2016-01-07,6.23,6.32,6.2,6.24,1126100
2016-01-08,6.2,6.24,6.01,6.01,850300
2016-01-11,6.28,6.31,6.14,6.22,2680200
2016-01-12,6.26,6.3,6.12,6.21,785800
2016-01-13,6.2,6.22,5.95,5.95,730200
2016-01-14,6.05,6.1,5.94,6.07,1100800
2016-01-15,5.69,5.81,5.65,5.7,1043800
2016-01-19,5.94,6.05,5.91,5.97,930300
2016-01-20,6.0,6.11,5.86,6.05,1285300
2016-01-21,5.96,6.14,5.91,6.11,813000
2016-01-22,6.27,6.33,6.24,6.31,635800
2016-01-25,6.28,6.34,6.24,6.28,391500
2016-01-26,6.42,6.51,6.35,6.47,822200
2016-01-27,6.77,6.86,6.7,6.75,1592600
2016-01-28,6.84,6.86,6.59,6.63,1978100
2016-01-29,6.4,6.55,6.4,6.52,1875200
2016-02-01,6.43,6.43,6.3,6.36,1600700
2016-02-02,6.07,6.07,5.9,5.91,2314000
2016-02-03,5.89,5.96,5.71,5.95,1823500
2016-02-04,5.86,6.03,5.86,6.01,1224400
2016-02-05,5.83,5.85,5.7,5.72,1074300
2016-02-08,5.41,5.45,5.35,5.42,1062600
2016-02-09,5.2,5.4,5.19,5.35,1084200
2016-02-10,5.35,5.39,5.3,5.31,797100
2016-02-11,5.34,5.36,5.27,5.36,1107200
2016-02-12,5.32,5.36,5.25,5.36,475800
2016-02-16,5.34,5.41,5.29,5.39,1213800
2016-02-17,5.42,5.61,5.42,5.6,2137000
2016-02-18,5.77,5.85,5.73,5.81,2284900
2016-02-19,5.78,5.83,5.75,5.77,892200
2016-02-22,5.91,5.97,5.89,5.94,597500
2016-02-23,5.86,5.9,5.77,5.78,476300
2016-02-24,5.56,5.65,5.48,5.63,822800
2016-02-25,5.65,5.68,5.59,5.68,433700
2016-02-26,5.69,5.72,5.65,5.72,362800
2016-02-29,5.74,5.76,5.68,5.69,365500
2016-03-01,5.82,5.88,5.77,5.86,404700
2016-03-02,5.8,5.89,5.79,5.89,483400
2016-03-03,5.92,6.04,5.87,6.03,763200
2016-03-04,5.89,5.94,5.85,5.87,865100
2016-03-07,5.81,5.9,5.8,5.88,504300
2016-03-08,5.83,5.83,5.75,5.77,493700
2016-03-09,5.79,5.81,5.74,5.78,327200
2016-03-10,5.83,5.9,5.73,5.77,428800
2016-03-11,5.89,6.0,5.87,5.99,900500
2016-03-14,5.93,5.94,5.88,5.9,441900
2016-03-15,5.83,5.84,5.78,5.81,459200
2016-03-16,5.73,5.98,5.73,5.98,1111900
2016-03-17,5.8,5.85,5.77,5.82,752600
2016-03-18,5.68,5.71,5.63,5.67,938200
2016-03-21,5.65,5.66,5.59,5.64,439000
2016-03-22,5.49,5.54,5.47,5.49,956300
2016-03-23,5.64,5.65,5.5,5.51,759900
2016-03-24,5.39,5.51,5.39,5.49,291000
2016-03-28,5.49,5.55,5.48,5.48,256700
2016-03-29,5.48,5.6,5.45,5.59,617300
2016-03-30,5.56,5.6,5.52,5.53,595700
2016-03-31,5.56,5.61,5.55,5.58,1177300
2016-04-01,5.39,5.53,5.36,5.53,1303200
2016-04-04,5.59,5.62,5.54,5.56,958300
2016-04-05,5.33,5.36,5.23,5.24,2767100
2016-04-06,5.16,5.28,5.11,5.26,1022100
2016-04-07,5.5,5.51,5.36,5.4,3442200
2016-04-08,5.54,5.58,5.51,5.53,1464100
2016-04-11,5.62,5.7,5.6,5.61,1045500
2016-04-12,5.49,5.52,5.4,5.48,876100
2016-04-13,5.63,5.67,5.59,5.66,581700
2016-04-14,5.46,5.55,5.4,5.51,1482300
2016-04-15,5.74,5.81,5.72,5.74,1079700
2016-04-18,5.7,5.74,5.69,5.73,658100
2016-04-19,5.89,5.94,5.88,5.89,1140300
2016-04-20,5.81,5.84,5.74,5.79,759500
2016-04-21,5.83,5.85,5.75,5.79,582800
2016-04-22,5.78,5.85,5.77,5.82,533800
2016-04-25,5.8,5.83,5.67,5.68,662300
2016-04-26,5.84,5.89,5.82,5.83,873000
2016-04-27,6.37,6.51,6.35,6.5,4227600
2016-04-28,6.34,6.42,6.24,6.24,1265800
2016-04-29,6.29,6.3,6.09,6.14,1296600
2016-05-02,6.04,6.1,6.02,6.08,724000
2016-05-03,5.91,5.91,5.77,5.78,1073000
2016-05-04,5.68,5.7,5.57,5.57,1149500
2016-05-05,5.58,5.59,5.52,5.53,957000
2016-05-06,5.52,5.59,5.49,5.54,691900
2016-05-09,5.47,5.48,5.36,5.41,1040000
2016-05-10,5.4,5.47,5.38,5.46,977500
2016-05-11,5.3,5.43,5.3,5.4,862500
2016-05-12,5.44,5.46,5.26,5.34,752300
2016-05-13,5.27,5.34,5.24,5.26,716900
2016-05-16,5.3,5.37,5.3,5.35,628500
2016-05-17,5.42,5.44,5.32,5.36,944900
2016-05-18,5.54,5.69,5.53,5.64,1091700
2016-05-19,5.63,5.66,5.59,5.62,767200
2016-05-20,5.71,5.76,5.69,5.75,744400
2016-05-23,5.8,5.85,5.76,5.76,691000
2016-05-24,5.8,5.93,5.8,5.92,562600
2016-05-25,5.99,6.06,5.94,5.97,1023600
2016-05-26,6.08,6.08,6.01,6.04,637200
2016-05-27,6.02,6.05,5.99,6.03,368400
2016-05-31,6.02,6.02,5.95,6.02,685800
2016-06-01,5.95,6.0,5.95,5.99,558400
2016-06-02,5.97,6.03,5.95,6.03,1135000
2016-06-03,6.07,6.08,5.97,6.01,1648800
2016-06-06,6.05,6.15,6.04,6.12,1151000
2016-06-07,6.23,6.31,6.22,6.27,1154400
2016-06-08,6.22,6.24,6.12,6.16,631200
2016-06-09,5.97,6.05,5.96,6.05,772600
2016-06-10,5.82,5.83,5.7,5.73,991400
2016-06-13,5.56,5.69,5.56,5.58,824900
2016-06-14,5.56,5.64,5.51,5.64,1400100
2016-06-15,5.69,5.75,5.66,5.71,758700
2016-06-16,5.53,5.65,5.47,5.62,1342800
2016-06-17,5.64,5.7,5.58,5.66,751200
2016-06-20,5.86,5.87,5.79,5.79,1051000
2016-06-21,5.88,5.91,5.84,5.89,806800
2016-06-22,6.06,6.06,5.93,5.93,1455500
2016-06-23,6.15,6.2,6.09,6.19,971900
2016-06-24,5.68,5.8,5.6,5.62,2177300
2016-06-27,5.55,5.56,5.39,5.52,1374200
2016-06-28,5.7,5.76,5.63,5.68,1146700
2016-06-29,5.7,5.72,5.65,5.65,891700
2016-06-30,5.76,5.89,5.73,5.89,818400
2016-07-01,5.87,5.9,5.83,5.85,834000
2016-07-05,5.68,5.68,5.51,5.53,1107000
2016-07-06,5.3,5.45,5.26,5.45,2834400
2016-07-07,5.46,5.52,5.38,5.44,990000
2016-07-08,5.66,5.73,5.66,5.72,1114600
2016-07-11,5.86,5.93,5.85,5.91,982000
2016-07-12,5.99,6.03,5.98,5.99,759100
2016-07-13,6.04,6.05,5.96,5.99,643800
2016-07-14,6.04,6.05,5.99,6.02,885000
2016-07-15,5.99,6.0,5.95,5.97,560900
2016-07-18,6.02,6.17,6.02,6.13,1352100
2016-07-19,6.11,6.15,6.09,6.12,1288900
2016-07-20,6.24,6.27,6.2,6.24,1401800
2016-07-21,6.31,6.35,6.25,6.26,1104500
2016-07-22,6.28,6.3,6.25,6.3,623700
2016-07-25,6.39,6.45,6.38,6.42,2284200
2016-07-26,6.41,6.57,6.4,6.55,2738100
2016-07-27,7.08,7.23,7.05,7.21,4340000
2016-07-28,7.15,7.21,7.15,7.21,3700700
2016-07-29,7.34,7.35,7.27,7.32,1940300
2016-08-01,7.28,7.33,7.24,7.28,1730800
2016-08-02,7.13,7.13,7.01,7.05,2098200
2016-08-03,7.02,7.08,6.97,7.07,4789500
2016-08-04,7.24,7.32,7.24,7.29,1829500
2016-08-05,7.33,7.39,7.33,7.37,756600
2016-08-08,7.37,7.42,7.35,7.38,1417000
2016-08-09,7.39,7.43,7.34,7.39,1212700
2016-08-10,7.39,7.4,7.32,7.36,988800
2016-08-11,7.46,7.48,7.42,7.46,798800
2016-08-12,7.49,7.49,7.43,7.46,555000
2016-08-15,7.63,7.68,7.59,7.65,1901100
2016-08-16,7.55,7.57,7.49,7.51,2569500
2016-08-17,7.44,7.48,7.38,7.48,2196100
2016-08-18,7.56,7.69,7.55,7.67,1053900
2016-08-19,7.61,7.66,7.61,7.64,2044600
2016-08-22,7.65,7.67,7.59,7.64,1141700
2016-08-23,7.74,7.82,7.74,7.8,1228200
2016-08-24,7.64,7.73,7.64,7.7,2223400
2016-08-25,7.65,7.72,7.62,7.69,3085000
2016-08-26,7.66,7.76,7.53,7.6,4418300
2016-08-29,7.54,7.62,7.53,7.57,1128500
2016-08-30,7.66,7.67,7.6,7.66,1148700
2016-08-31,7.57,7.6,7.45,7.53,1765800
2016-09-01,7.53,7.57,7.48,7.54,1713400
2016-09-02,7.3,7.32,7.24,7.29,2222200
2016-09-06,7.41,7.49,7.4,7.44,1732600
2016-09-07,7.56,7.65,7.54,7.61,1595100
2016-09-08,7.65,7.66,7.6,7.61,1361800
2016-09-09,7.56,7.61,7.48,7.48,2394600
2016-09-12,7.4,7.59,7.39,7.56,1648200
2016-09-13,7.6,7.64,7.53,7.57,1918500
2016-09-14,7.56,7.68,7.56,7.63,3061500
2016-09-15,7.64,8.01,7.64,7.84,6415600
2016-09-16,7.69,7.73,7.58,7.66,4145700
2016-09-19,7.81,7.87,7.78,7.79,4799800
2016-09-20,7.91,7.97,7.9,7.94,2707300
2016-09-21,7.99,8.09,7.97,8.08,2303100
2016-09-22,8.2,8.21,8.09,8.11,1825700
2016-09-23,8.07,8.1,8.0,8.01,1092000
2016-09-26,8.04,8.07,7.99,8.0,1431900
2016-09-27,7.94,8.07,7.93,8.06,1593100
2016-09-28,8.1,8.16,8.05,8.16,1604100
2016-09-29,7.96,8.0,7.76,7.9,3722400
2016-09-30,8.06,8.18,8.04,8.15,2341500
2016-10-03,8.09,8.11,8.02,8.05,1503100
2016-10-04,8.06,8.11,7.94,8.0,2552700
2016-10-05,8.08,8.11,8.05,8.07,1102400
2016-10-06,8.15,8.21,8.1,8.2,2504100
2016-10-07,8.25,8.32,8.18,8.31,1850600
2016-10-10,8.36,8.41,8.28,8.3,2812300
2016-10-11,8.22,8.23,7.98,8.05,3477700
2016-10-12,7.84,7.95,7.81,7.88,4269000
2016-10-13,7.99,7.99,7.83,7.91,4009600
2016-10-14,8.0,8.05,7.95,8.0,4801400
2016-10-17,8.04,8.15,8.04,8.11,2064000
2016-10-18,8.19,8.32,8.13,8.26,4146800
2016-10-19,8.26,8.28,8.19,8.25,1992300
2016-10-20,8.06,8.1,8.01,8.08,3726900
2016-10-21,8.06,8.11,8.03,8.06,2041500
2016-10-24,8.09,8.13,8.08,8.12,2105400
2016-10-25,7.93,7.99,7.89,7.93,3795700
2016-10-26,7.9,7.98,7.87,7.95,2415100
2016-10-27,8.68,8.74,8.6,8.68,10959600
2016-10-28,8.99,9.28,8.98,9.21,5263800
2016-10-31,9.36,9.53,9.28,9.45,4312100
2016-11-01,9.33,9.37,9.13,9.2,3730800
2016-11-02,9.13,9.16,8.99,9.0,3645600
2016-11-03,9.02,9.06,8.93,8.94,2957400
2016-11-04,9.01,9.02,8.87,8.95,3305900
2016-11-07,9.23,9.35,9.19,9.34,2405000
2016-11-08,9.29,9.39,9.26,9.37,2387500
2016-11-09,9.2,9.41,9.2,9.4,2653900
2016-11-10,9.28,9.43,9.0,9.06,4026300
2016-11-11,8.98,9.06,8.91,9.06,2408300
2016-11-14,9.03,9.13,9.0,9.12,2218600
2016-11-15,9.03,9.25,9.03,9.23,1716400
2016-11-16,9.01,9.21,9.01,9.18,1906300
2016-11-17,9.19,9.31,9.15,9.27,1659300
2016-11-18,9.41,9.45,9.34,9.42,1943500
2016-11-21,9.46,9.59,9.46,9.55,1668200
2016-11-22,9.86,9.93,9.79,9.88,4332200
2016-11-23,9.77,9.9,9.73,9.88,1913400
2016-11-25,9.82,9.85,9.79,9.83,718100
2016-11-28,9.71,9.8,9.69,9.75,1747900
2016-11-29,9.85,9.93,9.8,9.86,1566000
2016-11-30,10.06,10.26,10.03,10.21,6872200
2016-12-01,10.14,10.14,9.78,9.84,5091300
2016-12-02,9.81,10.0,9.77,9.93,2101700
2016-12-05,10.11,10.32,10.06,10.31,2046400
2016-12-06,10.32,10.47,10.3,10.45,2576100
2016-12-07,10.34,10.59,10.32,10.55,2364600
2016-12-08,10.51,10.84,10.5,10.78,3539100
2016-12-09,10.73,10.77,10.52,10.59,2557900
2016-12-12,10.57,10.57,10.41,10.51,2153300
2016-12-13,10.74,10.78,10.7,10.72,1468800
2016-12-14,10.7,10.75,10.61,10.62,1643600
2016-12-15,10.5,10.71,10.46,10.67,1896700
2016-12-16,10.87,10.89,10.76,10.79,2710600
2016-12-19,10.92,11.0,10.84,10.94,3058700
2016-12-20,10.96,11.09,10.96,11.05,1658500
2016-12-21,11.09,11.2,11.07,11.17,1553200
2016-12-22,11.26,11.27,11.03,11.1,2011600
2016-12-23,11.19,11.28,11.16,11.28,1383500
2016-12-27,11.22,11.35,11.21,11.34,1635200
2016-12-28,11.25,11.29,11.16,11.16,3297000
2016-12-29,11.21,11.24,11.13,11.22,1211500
2016-12-30,11.44,11.45,11.28,11.35,2239600
2017-01-03,11.15,11.16,10.85,10.98,3119500
2017-01-04,10.77,10.94,10.77,10.88,3756200
2017-01-05,10.92,11.11,10.91,10.94,2395900
2017-01-06,10.73,10.82,10.67,10.79,3057800
2017-01-09,10.99,11.22,10.99,11.15,3582800
2017-01-10,11.22,11.38,11.22,11.29,2198000
2017-01-11,11.32,11.47,11.28,11.46,2163700
2017-01-12,11.32,11.41,11.29,11.4,2451900
2017-01-13,11.54,11.67,11.53,11.63,1899100
2017-01-17,11.55,11.57,11.36,11.41,1945000
2017-01-18,11.38,11.55,11.38,11.45,2615800
2017-01-19,11.46,11.63,11.45,11.59,2834600
2017-01-20,11.54,11.65,11.54,11.61,2370100
2017-01-23,11.63,11.7,11.54,11.68,3698300
2017-01-24,11.82,12.04,11.81,11.99,8494300
2017-01-25,12.32,12.39,12.03,12.18,7797300
2017-01-26,12.8,13.18,12.74,12.93,16551600
2017-01-27,13.13,13.64,13.11,13.59,9038800
2017-01-30,13.47,13.48,13.3,13.46,8639700
2017-01-31,13.21,13.26,13.05,13.24,8500700
2017-02-01,13.68,13.74,13.5,13.69,5635700
2017-02-02,14.14,14.35,14.04,14.24,7774200
2017-02-03,14.17,14.45,14.16,14.37,6513900
2017-02-06,14.0,14.28,14.0,14.26,8075300
2017-02-07,14.22,14.42,14.21,14.34,4404300
2017-02-08,13.97,14.03,13.93,13.94,5955800
2017-02-09,13.94,13.94,13.6,13.66,10628000
2017-02-10,13.33,13.72,13.28,13.64,7464700
2017-02-13,13.78,13.85,13.68,13.76,5194000
2017-02-14,13.72,13.86,13.67,13.78,3006100
2017-02-15,13.69,14.02,13.67,13.99,6773900
2017-02-16,14.22,14.53,14.21,14.48,9357800
2017-02-17,14.06,14.29,13.98,14.26,8233000
2017-02-21,14.49,14.65,14.49,14.64,5385600
2017-02-22,14.97,15.13,14.89,15.11,9979300
2017-02-23,15.24,15.25,15.1,15.18,4995000
2017-02-24,14.83,15.12,14.75,15.0,4755500
2017-02-27,15.32,15.55,15.3,15.53,7955500
2017-02-28,15.23,15.36,15.22,15.26,6865400
2017-03-01,15.43,15.73,15.4,15.69,5592200
2017-03-02,15.46,15.63,15.46,15.58,7424500
2017-03-03,15.59,15.68,15.44,15.68,5150600
2017-03-06,15.38,15.48,15.3,15.43,7064700
2017-03-07,15.4,15.5,15.32,15.41,7041500
2017-03-08,15.54,15.65,15.52,15.59,5742500
2017-03-09,15.59,15.59,15.03,15.21,16988100
2017-03-10,15.28,15.3,15.13,15.26,5891400
2017-03-13,14.92,15.25,14.86,15.25,6304300
2017-03-14,15.24,15.26,15.13,15.25,2259200
2017-03-15,15.25,15.62,15.23,15.58,3411700
2017-03-16,15.64,15.74,15.5,15.56,3038000
2017-03-17,15.62,15.68,15.59,15.62,1784300
2017-03-20,15.5,15.56,15.39,15.42,7021200
2017-03-21,15.48,15.49,14.61,14.63,7850100
2017-03-22,14.86,15.17,14.73,15.17,6055700
2017-03-23,15.15,15.35,15.09,15.25,5875400
2017-03-24,15.95,16.01,15.81,15.88,6475400
2017-03-27,15.66,15.79,15.41,15.73,4445400
2017-03-28,15.62,15.74,15.56,15.66,3112100
2017-03-29,15.61,15.68,15.5,15.53,2861700
2017-03-30,15.48,15.52,15.38,15.44,4044600
2017-03-31,15.35,15.51,15.31,15.46,4125400
2017-04-03,15.43,15.46,15.17,15.28,5704500
2017-04-04,15.15,15.28,15.14,15.2,2410200
2017-04-05,15.35,15.47,15.17,15.19,5883700
2017-04-06,15.37,15.44,15.16,15.39,5101700
2017-04-07,15.44,15.64,15.41,15.55,3258500
2017-04-10,15.44,15.57,15.38,15.39,3468900
2017-04-11,15.29,15.29,14.92,15.06,4357600
2017-04-12,14.98,15.03,14.67,14.75,3953400
2017-04-13,14.58,14.85,14.55,14.61,4434500
2017-04-17,14.75,14.89,14.7,14.85,1651600
2017-04-18,14.45,14.69,14.43,14.58,4082300
2017-04-19,14.67,14.7,14.46,14.58,4250500
2017-04-20,14.89,14.91,14.76,14.85,2769700
2017-04-21,14.71,14.79,14.59,14.64,4136600
2017-04-24,15.25,15.52,15.18,15.44,6898400
2017-04-25,15.95,16.14,15.82,16.09,7219900
2017-04-26,15.97,16.03,15.67,15.82,5901100
2017-04-27,16.11,16.11,15.41,15.54,9417100
2017-04-28,15.94,16.17,15.89,15.99,6702900
2017-05-01,16.1,16.24,15.94,16.24,2545900
2017-05-02,16.55,16.57,16.35,16.49,5122600
2017-05-03,16.11,16.27,16.1,16.22,2442100
2017-05-04,16.08,16.24,16.08,16.22,2257100
2017-05-05,16.34,16.7,16.33,16.7,3363600
2017-05-08,16.34,16.54,16.34,16.41,4165900
2017-05-09,16.44,16.62,16.44,16.58,3157300
2017-05-10,16.71,16.86,16.69,16.86,4301400
2017-05-11,16.39,16.63,16.35,16.54,6522800
2017-05-12,16.64,16.68,16.49,16.63,2865500
2017-05-15,16.66,16.92,16.6,16.89,2905400
2017-05-16,16.9,17.16,16.9,17.15,4019800
2017-05-17,16.85,16.85,16.07,16.09,7652600
2017-05-18,15.81,16.28,15.78,16.18,6338300
2017-05-19,16.46,16.59,16.33,16.37,2930800
2017-05-22,16.12,16.29,16.11,16.28,4386800
2017-05-23,16.2,16.28,16.07,16.11,3794400
2017-05-24,16.28,16.4,16.23,16.36,2158100
2017-05-25,16.37,16.62,16.37,16.44,2075500
2017-05-26,16.27,16.53,16.24,16.5,2020900
2017-05-30,16.42,16.6,16.42,16.56,1635000
2017-05-31,16.71,16.75,16.39,16.47,2577200
2017-06-01,16.35,16.47,16.27,16.35,2231200
2017-06-02,16.63,16.77,16.47,16.76,3292500
2017-06-05,16.44,16.7,16.42,16.53,4249600
2017-06-06,16.26,16.45,16.23,16.37,6194100
2017-06-07,16.75,17.02,16.74,16.94,5529400
2017-06-08,17.07,17.34,16.91,17.34,3673500
2017-06-09,17.22,17.31,16.16,16.54,9457700
2017-06-12,15.79,15.79,15.32,15.69,10130500
2017-06-13,15.95,16.08,15.64,15.93,4811900
2017-06-14,15.92,15.95,15.17,15.42,4610000
2017-06-15,15.13,15.18,14.89,15.1,6678800
2017-06-16,15.24,15.43,15.13,15.22,5023900
2017-06-19,15.44,15.65,15.44,15.63,3628000
2017-06-20,15.48,15.53,15.09,15.11,3011300
2017-06-21,15.17,15.36,15.09,15.35,2346800
2017-06-22,14.79,15.15,14.64,14.99,6410000
2017-06-23,14.97,15.07,14.89,14.96,3794400
2017-06-26,14.95,15.02,14.46,14.55,4644400
2017-06-27,14.8,14.8,14.32,14.33,5061900
2017-06-28,14.5,14.84,14.32,14.8,4919600
2017-06-29,14.57,14.63,14.07,14.36,7098200
2017-06-30,14.43,14.56,14.29,14.38,3233500
2017-07-03,14.51,14.58,14.28,14.31,2542000
2017-07-05,14.62,14.73,14.46,14.68,4412800
2017-07-06,14.61,14.88,14.52,14.75,4418500
2017-07-07,14.95,15.16,14.94,15.13,4700500
2017-07-10,15.2,15.44,15.18,15.41,4027000
2017-07-11,15.52,15.59,15.21,15.45,4471000
2017-07-12,15.68,15.86,15.63,15.84,5466300
2017-07-13,15.91,15.95,15.64,15.78,5759900
2017-07-14,15.79,16.13,15.74,16.08,3843200
2017-07-17,16.07,16.08,15.89,15.95,2124800
2017-07-18,15.8,15.94,15.73,15.89,2850800
2017-07-19,16.2,16.29,16.09,16.25,4154400
2017-07-20,16.55,16.57,16.23,16.53,4404300
2017-07-21,16.33,16.45,16.23,16.44,3658900
2017-07-24,16.62,16.71,16.51,16.7,3574900
2017-07-25,16.79,16.81,16.66,16.69,4479100
2017-07-26,17.03,17.07,16.83,17.05,5510300
2017-07-27,17.07,17.14,16.05,16.51,7006400
2017-07-28,16.69,16.8,16.59,16.75,4471100
2017-07-31,16.97,17.04,16.74,16.85,4576100
2017-08-01,17.04,17.09,16.82,16.92,3012900
2017-08-02,17.3,17.33,17.04,17.16,4811800
2017-08-03,17.32,17.44,17.2,17.37,3280000
2017-08-04,17.16,17.27,16.93,17.07,3334100
2017-08-07,17.09,17.34,17.0,17.32,2450400
2017-08-08,17.28,17.46,17.11,17.18,3928700
2017-08-09,17.1,17.22,17.02,17.13,2866900
2017-08-10,17.1,17.12,16.51,16.52,6582700
2017-08-11,16.39,16.63,16.29,16.62,3959600
2017-08-14,16.66,16.92,16.66,16.86,2180500
2017-08-15,16.77,16.95,16.73,16.86,1640200
2017-08-16,16.91,17.09,16.89,17.04,2213200
2017-08-17,17.03,17.04,16.58,16.59,4149800
2017-08-18,16.63,16.72,16.5,16.59,3270200
2017-08-21,16.66,16.7,16.51,16.65,2223100
2017-08-22,16.74,16.99,16.74,16.96,1745400
2017-08-23,16.92,17.08,16.91,17.05,1889100
2017-08-24,17.06,17.09,16.9,16.94,2133300
2017-08-25,17.12,17.24,17.02,17.1,3170600
2017-08-28,17.11,17.25,17.07,17.23,1567900
2017-08-29,16.91,17.12,16.9,17.02,2476200
2017-08-30,16.91,17.03,16.83,16.97,2694000
2017-08-31,17.32,17.49,17.23,17.44,4097600
2017-09-01,17.58,17.59,17.4,17.47,3805900
2017-09-05,17.76,17.89,17.57,17.77,5526000
2017-09-06,17.92,18.19,17.86,18.02,4968200
2017-09-07,18.39,18.76,18.24,18.74,7763500
2017-09-08,18.79,18.88,18.59,18.68,6675000
2017-09-11,18.74,19.09,18.74,19.05,5701400
2017-09-12,19.22,19.22,18.57,18.63,6182900
2017-09-13,18.77,18.83,18.67,18.74,3760400
2017-09-14,18.83,19.14,18.81,19.01,3739900
2017-09-15,19.17,19.25,19.12,19.19,2953900
2017-09-18,19.38,19.68,19.38,19.6,4022700
2017-09-19,19.69,19.9,19.58,19.89,3570200
2017-09-20,19.72,19.79,19.19,19.53,4275900
2017-09-21,19.51,19.59,19.3,19.49,2774200
2017-09-22,19.63,19.7,19.48,19.63,2235300
2017-09-25,19.17,19.2,18.42,18.61,5986500
2017-09-26,18.59,18.77,18.49,18.57,2616500
2017-09-27,18.74,19.21,18.72,19.11,2926300
2017-09-28,19.08,19.24,19.01,19.23,1691100
2017-09-29,19.25,19.43,19.19,19.42,2018300
2017-10-02,19.69,19.93,19.67,19.84,3982500
2017-10-03,19.94,20.04,19.83,19.92,2347900
2017-10-04,19.98,20.01,19.77,19.95,4600400
2017-10-05,19.87,19.87,19.6,19.71,2183900
2017-10-06,19.64,19.82,19.58,19.73,3887200
2017-10-09,19.65,19.78,19.59,19.66,1584700
2017-10-10,19.75,19.79,19.46,19.76,3464700
2017-10-11,19.83,20.03,19.8,20.02,3297300
2017-10-12,19.94,20.08,19.87,19.87,2658200
2017-10-13,20.01,20.18,19.95,19.98,2047100
2017-10-16,20.11,20.18,19.96,20.1,2630000
2017-10-17,20.18,20.19,20.06,20.07,2919500
2017-10-18,20.17,20.18,19.68,19.87,4145300
2017-10-19,19.46,19.77,19.33,19.75,3157000
2017-10-20,19.87,20.0,19.77,19.92,2849000
2017-10-23,20.26,20.91,20.21,20.71,5981800
2017-10-24,20.94,21.15,20.82,21.11,4904300
2017-10-25,21.18,21.37,20.64,20.9,4857700
2017-10-26,22.5,23.34,22.48,23.08,9177900
2017-10-27,23.08,23.37,22.8,23.29,5045500
2017-10-30,23.74,23.97,23.45,23.55,5155600
2017-10-31,23.48,23.64,23.4,23.57,4376100
2017-11-01,23.81,24.0,23.58,23.78,3976300
2017-11-02,23.63,23.98,23.59,23.97,3402100
2017-11-03,24.36,24.58,24.18,24.58,4227600
2017-11-06,24.37,24.8,24.36,24.78,4923300
2017-11-07,24.29,24.48,24.22,24.41,5084800
2017-11-08,24.3,24.73,24.24,24.68,3412600
2017-11-09,23.79,23.85,23.01,23.4,9836500
2017-11-10,23.71,24.05,23.64,24.0,2941300
2017-11-13,23.56,23.95,23.51,23.86,3242300
2017-11-14,24.01,24.01,23.69,23.94,3789200
2017-11-15,23.49,23.81,23.32,23.63,3036500
2017-11-16,24.09,24.29,23.97,24.2,2226400
2017-11-17,24.08,24.17,23.93,24.01,1911800
2017-11-20,23.96,24.24,23.92,24.13,2027900
2017-11-21,24.39,24.72,24.39,24.68,3257700
2017-11-22,24.27,24.39,24.05,24.1,2784200
2017-11-24,24.71,24.72,24.55,24.6,1373500
2017-11-27,24.28,24.28,23.96,24.05,3022700
2017-11-28,24.18,24.2,23.92,24.03,2323100
2017-11-29,23.87,23.88,22.12,22.32,7234100
2017-11-30,22.42,22.95,22.15,22.62,3433100
2017-12-01,22.34,22.35,21.65,22.2,6159600
2017-12-04,22.63,22.68,21.71,21.89,5449400
2017-12-05,21.67,22.38,21.57,21.92,4643500
2017-12-06,21.23,21.47,21.03,21.35,6898700
2017-12-07,21.3,21.46,21.21,21.32,3867800
2017-12-08,21.56,21.62,21.37,21.4,3608600
2017-12-11,21.57,21.79,21.5,21.78,3465200
2017-12-12,21.78,21.82,21.56,21.7,2800400
2017-12-13,22.07,22.35,21.92,22.04,3595500
2017-12-14,22.05,22.14,21.4,21.56,3632600
2017-12-15,21.68,21.75,21.46,21.62,2797500
2017-12-18,21.9,22.04,21.85,22.0,2825500
2017-12-19,22.17,22.27,22.0,22.21,1929000
2017-12-20,22.07,22.21,21.7,21.84,2069900
2017-12-21,22.0,22.05,21.77,21.82,1383500
2017-12-22,21.89,22.26,21.86,22.25,1475700
2017-12-26,21.97,22.0,21.37,21.7,2164700
2017-12-27,21.73,22.05,21.69,22.04,1711400
2017-12-28,21.96,22.12,21.84,21.9,1657100
2017-12-29,21.99,22.04,21.83,21.84,1942400
2018-01-02,21.83,22.44,21.75,22.4,2493100
2018-01-03,22.55,22.97,22.54,22.95,3262100
2018-01-04,23.36,23.49,23.05,23.41,4396900
2018-01-05,23.24,23.43,23.24,23.34,2299000
2018-01-08,23.15,23.25,23.09,23.18,2483200
2018-01-09,23.69,23.78,23.34,23.44,2864900
2018-01-10,23.48,23.57,23.28,23.49,3173800
2018-01-11,24.06,24.24,23.94,24.02,3295000
2018-01-12,24.2,24.3,24.05,24.23,2068100
2018-01-16,24.23,24.38,23.74,23.9,2728600
2018-01-17,23.75,24.39,23.72,24.34,2866100
2018-01-18,24.72,25.11,24.65,24.89,4674400
2018-01-19,25.29,25.3,24.88,25.06,4211100
2018-01-22,24.77,24.92,24.51,24.92,3153300
2018-01-23,24.67,24.84,24.4,24.6,4017500
2018-01-24,23.95,23.97,22.91,23.33,8096800
2018-01-25,24.09,24.31,22.8,22.91,7159800
2018-01-26,23.5,23.8,23.39,23.8,5719000
2018-01-29,24.35,24.36,23.86,24.24,6725900
2018-01-30,24.04,24.17,23.8,23.9,5167000
2018-01-31,23.97,24.14,23.7,23.9,5154800
2018-02-01,23.7,23.92,23.56,23.63,3622700
2018-02-02,23.33,23.33,22.78,22.83,5142800
2018-02-05,22.83,23.31,22.27,22.29,6951500
2018-02-06,22.15,22.87,22.08,22.87,7387400
2018-02-07,22.4,22.63,22.07,22.13,4260700
2018-02-08,21.91,21.94,20.78,20.78,6873800
2018-02-09,21.31,21.51,20.44,21.21,8886200
2018-02-12,21.29,21.66,21.24,21.51,3511500
2018-02-13,21.48,21.69,21.34,21.65,2772200
2018-02-14,21.49,22.47,21.49,22.43,3046200
2018-02-15,22.59,22.76,22.18,22.7,3406500
2018-02-16,22.48,22.63,22.27,22.33,2626700
2018-02-20,22.25,22.89,22.24,22.73,3489600
2018-02-21,22.9,23.33,22.84,22.91,3605400
2018-02-22,22.8,22.89,22.51,22.65,3325800
2018-02-23,22.8,23.21,22.78,23.16,2079000
2018-02-26,22.93,23.28,22.88,23.28,3878000
2018-02-27,23.04,23.38,23.0,23.02,4416900
2018-02-28,23.12,23.26,22.75,22.8,2295000
2018-03-01,22.31,22.39,21.73,22.08,6504500
2018-03-02,21.6,22.22,21.52,22.2,6099600
2018-03-05,22.02,22.79,22.02,22.68,4896200
2018-03-06,23.0,23.37,22.97,23.27,4308500
2018-03-07,23.16,23.5,23.14,23.44,4037500
2018-03-08,23.87,24.34,23.79,24.21,3841900
2018-03-09,24.33,24.49,24.21,24.47,3117200
2018-03-12,24.54,24.68,24.43,24.59,1882100
2018-03-13,24.58,24.66,23.81,23.92,2864200
2018-03-14,24.25,24.29,23.88,24.07,2391300
2018-03-15,24.42,24.46,24.22,24.35,1816600
2018-03-16,24.33,24.54,24.25,24.51,2021700
2018-03-19,24.38,24.43,23.83,24.23,2236800
2018-03-20,23.96,24.47,23.96,24.39,1960200
2018-03-21,24.81,25.12,24.73,24.97,3237300
2018-03-22,24.08,24.31,23.51,23.52,4556300
2018-03-23,23.14,23.21,22.64,22.66,3896700
2018-03-26,23.31,23.6,22.97,23.57,2903800
2018-03-27,23.75,23.77,22.66,22.85,2998600
2018-03-28,22.4,22.52,21.94,22.15,3870200
2018-03-29,22.14,22.45,21.98,22.29,2248300
2018-04-02,22.16,22.39,21.26,21.47,2802500
2018-04-03,21.46,21.64,21.1,21.42,3443100
2018-04-04,20.46,21.32,20.42,21.28,4243700
2018-04-05,21.33,21.49,21.15,21.32,3030500
2018-04-06,21.19,21.44,20.91,20.98,2049400
2018-04-09,21.34,21.6,21.12,21.13,1989600
2018-04-10,22.13,22.29,21.94,22.17,2894600
2018-04-11,21.71,22.03,21.61,21.75,2113200
2018-04-12,22.5,22.87,22.47,22.84,2349000
2018-04-13,22.66,22.74,22.34,22.51,1742500
2018-04-16,22.84,22.95,22.62,22.85,3770000
2018-04-17,23.01,23.31,22.99,23.27,1851200
2018-04-18,22.93,23.01,22.66,22.84,1936200
2018-04-19,22.37,22.41,21.81,21.87,3438300
2018-04-20,21.56,21.74,21.43,21.5,2655100
2018-04-23,21.65,21.74,20.89,20.96,5451800
2018-04-24,21.59,21.81,21.18,21.31,5552100
2018-04-25,22.24,22.3,21.7,21.99,6851900
2018-04-26,22.14,22.3,22.04,22.17,2814000
2018-04-27,22.27,22.31,21.79,21.95,2210300
2018-04-30,21.73,21.89,21.57,21.74,1767200
2018-05-01,21.67,22.2,21.63,22.17,1568700
2018-05-02,22.74,22.92,22.54,22.69,3585800
2018-05-03,22.83,22.99,22.6,22.91,2184300
2018-05-04,22.73,23.12,22.65,23.09,1622800
2018-05-07,23.62,23.88,23.58,23.77,3920100
2018-05-08,23.24,23.34,23.09,23.26,1947700
2018-05-09,23.54,23.66,23.49,23.63,1643000
2018-05-10,23.75,24.0,23.72,23.98,1605000
2018-05-11,24.0,24.2,23.93,24.06,2304800
2018-05-14,24.21,24.52,24.2,24.37,3655600
2018-05-15,24.46,24.46,24.02,24.27,3731200
2018-05-16,24.15,24.27,23.63,23.83,4114900
2018-05-17,23.95,24.06,23.7,23.92,2478600
2018-05-18,23.69,23.75,23.41,23.43,1379600
2018-05-21,23.92,23.99,23.65,23.74,2211200
2018-05-22,23.79,23.86,23.54,23.6,1415600
2018-05-23,23.16,23.34,23.09,23.3,1758700
2018-05-24,23.59,23.81,23.39,23.79,7066300
2018-05-25,23.85,24.07,23.72,24.06,2949400
2018-05-29,23.67,23.99,22.75,22.93,7291000
2018-05-30,23.8,23.9,23.6,23.71,4577000
2018-05-31,23.88,23.97,23.61,23.87,3232800
2018-06-01,23.77,23.83,23.51,23.76,2377900
2018-06-04,23.95,23.96,23.7,23.79,2505700
2018-06-05,24.6,24.97,24.48,24.84,4636000
2018-06-06,25.03,25.44,24.92,25.4,3922100
2018-06-07,25.39,25.4,24.82,25.02,3800200
2018-06-08,24.86,24.86,24.58,24.81,2055900
2018-06-11,25.25,25.39,25.11,25.15,2345600
2018-06-12,25.21,25.21,24.94,25.05,1395300
2018-06-13,26.04,26.21,25.78,25.91,4752600
2018-06-14,26.09,26.43,26.08,26.24,2665100
2018-06-15,26.21,26.23,25.98,26.12,2023300
2018-06-18,25.57,25.81,25.47,25.8,1900600
2018-06-19,24.6,24.74,24.35,24.72,2711500
2018-06-20,24.21,24.42,24.17,24.28,3060000
2018-06-21,23.99,24.01,23.54,23.77,4469200
2018-06-22,23.76,23.8,23.29,23.37,2485600
2018-06-25,22.75,22.81,22.21,22.57,6477600
2018-06-26,22.72,23.08,22.67,22.95,3057200
2018-06-27,23.32,23.39,22.49,22.5,2377100
2018-06-28,21.65,21.99,21.46,21.84,4962200
2018-06-29,22.38,22.45,22.12,22.12,2805800
2018-07-02,21.71,22.14,21.65,22.1,2670500
2018-07-03,21.94,22.22,21.74,21.75,1391300
2018-07-05,22.05,22.39,21.93,22.35,2930000
2018-07-06,22.07,22.39,22.03,22.35,1881100
2018-07-09,22.44,22.77,22.25,22.71,3224000
2018-07-10,22.82,23.08,22.8,22.99,3566600
2018-07-11,22.41,22.58,22.13,22.14,4766900
2018-07-12,22.32,22.79,22.27,22.76,2781200
2018-07-13,22.83,22.91,22.62,22.64,1580400
2018-07-16,22.86,22.98,22.71,22.74,1720100
2018-07-17,22.7,23.31,22.63,23.24,2682900
2018-07-18,23.51,23.73,23.49,23.72,2368400
2018-07-19,23.33,23.52,23.26,23.41,2266800
2018-07-20,23.24,23.75,23.22,23.5,3027600
2018-07-23,23.12,23.62,22.84,23.57,3881300
2018-07-24,24.18,24.4,23.64,23.64,3511100
2018-07-25,22.35,22.41,21.75,22.2,9909200
2018-07-26,22.23,22.35,21.98,22.2,3796600
2018-07-27,22.21,22.51,21.97,22.15,2959300
2018-07-30,22.13,22.18,21.57,21.64,3787900
2018-07-31,22.0,22.1,21.55,21.57,4803200
2018-08-01,21.68,21.97,21.48,21.73,7519700
2018-08-02,21.49,22.12,21.47,22.09,2579500
2018-08-03,22.08,22.19,21.87,22.03,1302600
2018-08-06,21.75,22.09,21.67,22.08,1219200
2018-08-07,22.18,22.34,22.07,22.15,1527600
2018-08-08,22.18,22.27,22.1,22.2,988200
2018-08-09,22.12,22.17,21.73,21.74,1492700
2018-08-10,20.6,20.7,20.29,20.43,3491900
2018-08-13,20.43,20.76,20.41,20.55,2543400
2018-08-14,20.46,20.51,20.19,20.23,2414300
2018-08-15,19.66,19.7,19.11,19.53,5275000
2018-08-16,19.59,19.89,19.55,19.62,2628200
2018-08-17,19.23,19.49,19.12,19.47,2726400
2018-08-20,19.49,19.68,19.38,19.5,1670500
2018-08-21,19.67,19.94,19.63,19.91,1805100
2018-08-22,19.73,19.78,19.56,19.72,1852600
2018-08-23,19.72,19.81,19.51,19.52,1669200
2018-08-24,20.0,20.27,19.97,20.21,2743600
2018-08-27,20.38,20.98,20.31,20.74,4604300
2018-08-28,21.02,21.06,20.57,20.77,3329800
2018-08-29,20.59,20.85,20.58,20.8,1338000
2018-08-30,20.66,20.76,20.47,20.51,1581500
2018-08-31,20.44,20.73,20.43,20.69,1512400
2018-09-04,19.96,20.21,19.81,20.07,3843000
2018-09-05,19.43,19.45,19.01,19.13,5526000
2018-09-06,19.11,19.15,18.7,18.83,4877600
2018-09-07,18.54,18.8,18.32,18.34,5475100
2018-09-10,18.94,18.94,18.63,18.77,2846000
2018-09-11,18.47,18.52,18.19,18.33,3845400
2018-09-12,18.23,18.23,17.43,17.84,5927400
2018-09-13,18.22,18.64,18.07,18.42,5413500
2018-09-14,18.46,18.62,18.28,18.42,3542800
2018-09-17,18.21,18.32,17.95,17.98,3205400
2018-09-18,18.08,18.26,18.08,18.17,2277500
2018-09-19,18.29,18.41,18.23,18.3,2625800
2018-09-20,19.02,19.11,18.84,19.06,8056700
2018-09-21,18.97,19.05,18.81,18.82,8269400
2018-09-24,19.1,19.1,18.83,19.04,3739000
2018-09-25,19.32,19.37,19.04,19.11,8055300
2018-09-26,18.84,19.09,18.78,18.83,7502800
2018-09-27,18.44,18.71,18.35,18.52,5299100
2018-09-28,18.1,18.38,18.06,18.34,4979600
2018-10-01,18.59,18.7,18.22,18.28,4942000
2018-10-02,18.19,19.0,18.19,18.62,5576500
2018-10-03,19.04,19.09,18.77,19.02,5684800
2018-10-04,18.65,18.67,18.08,18.26,2844600
2018-10-05,17.67,17.81,17.32,17.56,5206700
2018-10-08,17.01,17.26,16.94,17.19,3739900
2018-10-09,16.88,17.29,16.87,17.09,5047500
2018-10-10,16.38,16.64,16.12,16.25,6466300
2018-10-11,16.77,17.26,16.45,16.54,7141000
2018-10-12,17.07,17.12,16.46,16.65,4206800
2018-10-15,16.54,16.82,16.5,16.63,2785400
2018-10-16,17.18,17.26,16.98,17.23,2567000
2018-10-17,17.5,17.54,17.12,17.22,3600600
2018-10-18,16.61,16.64,16.18,16.24,3554300
2018-10-19,15.82,16.18,15.76,15.88,4281100
2018-10-22,16.07,16.19,15.83,16.03,4439600
2018-10-23,15.21,16.02,15.19,15.88,6073500
2018-10-24,14.24,14.52,13.68,13.69,13444300
2018-10-25,13.76,14.08,13.63,13.99,9560300
2018-10-26,13.7,14.17,13.56,13.88,6232300
2018-10-29,14.7,14.84,14.17,14.44,6506500
2018-10-30,14.37,14.82,14.28,14.82,5086100
2018-10-31,15.27,15.42,15.11,15.23,4579900
2018-11-01,15.4,16.04,15.27,15.96,5274300
2018-11-02,16.02,16.1,15.58,15.81,3665100
2018-11-05,15.41,15.42,15.05,15.21,5261000
2018-11-06,15.2,15.51,15.2,15.42,3209800
2018-11-07,15.32,15.35,15.04,15.16,3147500
2018-11-08,14.84,15.17,14.82,14.89,3847700
2018-11-09,14.86,14.99,14.62,14.81,3000100
2018-11-12,13.91,13.95,13.66,13.72,4376800
2018-11-13,13.73,14.27,13.73,14.0,6364500
2018-11-14,14.24,14.34,13.95,14.11,3137500
2018-11-15,13.67,14.32,13.65,14.3,7846200
2018-11-16,13.81,14.13,13.78,14.03,5357200
2018-11-19,14.13,14.16,13.78,13.82,3231000
2018-11-20,13.45,13.87,13.39,13.6,3859600
2018-11-21,14.24,14.33,14.09,14.09,3626200
2018-11-23,14.02,14.19,14.02,14.08,1266000
2018-11-26,14.5,14.56,14.34,14.54,3109300
2018-11-27,14.27,14.4,14.12,14.31,3101800
2018-11-28,14.51,14.75,14.24,14.72,3254400
2018-11-29,14.84,14.9,14.7,14.77,2144000
2018-11-30,14.65,14.86,14.55,14.85,1982700
2018-12-03,15.69,15.72,15.42,15.65,3915700
2018-12-04,15.33,15.39,14.7,14.73,3474000
2018-12-06,13.93,14.06,13.71,13.94,4078400
2018-12-07,13.78,13.92,13.28,13.36,3175000
2018-12-10,13.41,13.67,13.24,13.38,3914700
2018-12-11,13.77,13.84,13.47,13.58,2579600
2018-12-12,13.86,14.08,13.74,13.88,2311100
2018-12-13,14.06,14.08,13.83,13.88,1977200
2018-12-14,13.67,13.89,13.64,13.68,1402700
2018-12-17,13.6,13.86,13.36,13.4,2388800
2018-12-18,13.9,14.03,13.64,13.68,3940600
2018-12-19,13.68,13.86,13.11,13.16,3042800
2018-12-20,13.53,13.67,13.13,13.34,3811000
2018-12-21,13.74,13.78,13.3,13.36,4519900
2018-12-24,13.43,13.49,13.11,13.13,1326300
2018-12-26,13.18,13.63,12.85,13.62,2378200
2018-12-27,13.48,13.75,13.36,13.73,2887800
2018-12-28,14.02,14.1,13.83,13.86,2053300
2018-12-31,14.05,14.14,13.72,13.88,2212000
2019-01-02,13.57,13.86,13.57,13.74,2376100
2019-01-03,12.59,12.71,12.0,12.07,4616000
2019-01-04,12.33,12.64,12.24,12.6,3107300
2019-01-07,12.94,13.18,12.87,13.09,2366900
2019-01-08,13.41,13.45,12.99,13.13,2567300
2019-01-09,13.71,13.96,13.65,13.89,3720300
2019-01-10,13.81,14.12,13.79,14.1,2134400
2019-01-11,14.04,14.22,13.96,14.06,2058700
2019-01-14,13.96,13.99,13.8,13.82,2839100
2019-01-15,14.07,14.18,13.9,13.97,2251700
2019-01-16,14.12,14.28,14.09,14.14,3095100
2019-01-17,13.89,14.25,13.81,14.13,1992700
2019-01-18,14.32,14.61,14.23,14.55,2499000
2019-01-22,14.31,14.32,13.95,14.04,3044500
2019-01-23,14.13,14.26,14.0,14.1,2726400
2019-01-24,15.28,15.79,15.27,15.62,5947500
2019-01-25,16.2,16.52,16.08,16.43,5448600
2019-01-28,15.75,16.15,15.69,16.03,3104700
2019-01-29,15.95,15.95,15.69,15.75,1795000
2019-01-30,16.08,16.25,15.8,16.17,2924700
2019-01-31,15.8,15.99,15.74,15.84,2184700
2019-02-01,15.85,15.98,15.76,15.93,1354700
2019-02-04,15.97,16.04,15.89,16.01,1930600
2019-02-05,15.68,15.82,15.6,15.74,3588000
2019-02-06,16.17,16.59,16.16,16.36,4793800
2019-02-07,15.93,16.01,15.65,15.75,2637400
2019-02-08,15.29,15.6,15.27,15.54,2581000
2019-02-11,15.73,15.83,15.65,15.72,1978600
2019-02-12,16.42,16.69,16.36,16.55,3091200
2019-02-13,16.46,16.58,16.4,16.43,1786200
2019-02-14,16.42,16.53,16.32,16.45,1714100
2019-02-15,16.65,16.65,16.5,16.54,1967700
2019-02-19,16.29,16.44,16.27,16.37,1626000
2019-02-20,16.4,16.7,16.39,16.55,1259100
2019-02-21,16.61,16.67,16.47,16.54,1501300
2019-02-22,16.81,16.88,16.68,16.81,1711200
2019-02-25,17.47,17.48,17.12,17.17,3025300
2019-02-26,17.03,17.12,16.92,17.06,2081100
2019-02-27,16.94,16.94,16.54,16.68,3310100
2019-02-28,16.42,16.48,16.3,16.36,1409100
2019-03-01,16.75,16.86,16.62,16.76,2695900
2019-03-04,16.85,16.9,16.58,16.78,1507800
2019-03-05,16.74,16.74,16.59,16.61,1705400
2019-03-06,16.33,16.36,15.96,15.97,2324300
2019-03-07,15.77,15.77,15.42,15.54,4226600
2019-03-08,15.39,15.71,15.34,15.64,2615600
2019-03-11,15.65,15.99,15.64,15.89,2742300
2019-03-12,15.9,15.96,15.72,15.79,2613700
2019-03-13,15.82,15.84,15.66,15.68,1864300
2019-03-14,15.82,15.85,15.56,15.56,2571700
2019-03-15,16.18,16.56,16.13,16.46,3657800
2019-03-18,16.29,16.37,16.03,16.14,4470300
2019-03-19,16.33,16.36,16.17,16.25,3183200
2019-03-20,16.39,16.41,16.06,16.26,5459900
2019-03-21,16.46,17.06,16.46,16.97,4493000
2019-03-22,16.74,16.78,16.26,16.28,3551400
2019-03-25,16.03,16.13,15.63,15.75,3595400
2019-03-26,15.85,15.96,15.8,15.93,2495500
2019-03-27,15.75,15.8,14.75,14.81,7033300
2019-03-28,14.6,14.8,14.28,14.33,3934900
2019-03-29,14.67,14.86,14.62,14.85,2088300
2019-04-01,15.26,15.56,15.24,15.52,4236400
2019-04-02,15.78,15.85,15.68,15.83,2631800
2019-04-03,16.7,16.8,16.48,16.56,4829300
2019-04-04,16.77,17.07,16.72,16.95,5475700
2019-04-05,17.43,17.47,17.26,17.4,3858400
2019-04-08,17.46,17.67,17.36,17.62,4210900
2019-04-09,17.63,17.63,17.39,17.44,3381500
2019-04-10,17.33,17.57,17.33,17.52,2255500
2019-04-11,17.68,17.79,17.47,17.54,2325900
2019-04-12,18.05,18.2,17.89,18.17,3583700
2019-04-15,18.03,18.05,17.74,17.88,3385500
2019-04-16,18.21,18.4,18.1,18.37,3297300
2019-04-17,18.75,18.8,18.49,18.64,4748200
2019-04-18,18.61,18.76,18.52,18.58,2960300
2019-04-22,18.55,18.57,18.25,18.41,2073000
2019-04-23,18.02,18.24,17.9,18.18,5080400
2019-04-24,18.42,18.86,18.4,18.61,4586800
2019-04-25,18.76,18.77,18.21,18.44,4375000
2019-04-26,18.05,18.23,17.83,18.23,3026000
2019-04-29,17.97,18.1,17.9,17.97,2323200
2019-04-30,18.29,18.4,18.23,18.35,2839100
2019-05-01,18.72,18.78,18.32,18.33,2404700
2019-05-02,18.34,18.5,18.14,18.38,3057900
2019-05-03,18.23,18.46,18.2,18.45,2319300
2019-05-06,17.46,17.61,17.36,17.54,3103900
2019-05-07,17.43,17.44,16.9,17.16,5050200
2019-05-08,17.14,17.46,17.11,17.2,2507300
2019-05-09,16.72,16.93,16.43,16.84,5774400
2019-05-10,16.78,17.02,16.48,16.85,5106000
2019-05-13,16.16,16.22,15.66,15.71,14099400
2019-05-14,16.67,17.02,16.55,16.92,6349000
2019-05-15,16.72,17.55,16.71,17.35,5311400
2019-05-16,17.36,17.68,17.32,17.41,4436700
2019-05-17,17.27,17.5,16.93,16.99,5338500
2019-05-20,15.8,15.93,15.44,15.56,6575100
2019-05-21,16.39,16.5,16.2,16.36,5340800
2019-05-22,16.16,16.31,16.02,16.06,3851000
2019-05-23,15.44,15.48,15.16,15.45,4593700
2019-05-24,15.37,15.49,15.19,15.24,3816300
2019-05-28,15.32,15.42,15.08,15.1,3162800
2019-05-29,14.8,15.28,14.78,15.16,4005500
2019-05-30,15.03,15.23,14.97,15.11,3609000
2019-05-31,15.0,15.31,14.95,15.04,3161400
2019-06-03,15.23,15.41,15.05,15.16,3603700
2019-06-04,15.64,15.99,15.51,15.98,2995300
2019-06-05,15.94,15.98,15.54,15.62,3623600
2019-06-06,15.64,15.71,15.43,15.63,1713600
2019-06-07,15.84,17.12,15.77,16.52,7119500
2019-06-10,16.3,16.55,16.25,16.34,4422300
2019-06-11,16.93,16.96,16.57,16.68,2516900
2019-06-12,16.65,16.65,16.28,16.29,2216800
2019-06-13,16.42,16.55,16.33,16.54,1856700
2019-06-14,15.81,15.87,15.7,15.81,2218800
2019-06-17,15.8,15.92,15.56,15.59,3021200
2019-06-18,15.62,16.3,15.6,16.11,5457300
2019-06-19,16.7,16.74,16.48,16.58,3372500
2019-06-20,17.32,17.33,16.98,17.15,4790200
2019-06-21,16.9,17.04,16.82,16.98,2640600
2019-06-24,16.95,17.12,16.9,17.02,1923200
2019-06-25,17.06,17.08,16.57,16.59,3223600
2019-06-26,17.39,17.44,17.1,17.12,2805200
2019-06-27,17.47,17.55,17.4,17.51,1506900
2019-06-28,17.77,17.84,17.61,17.62,5006300
2019-07-01,18.68,18.72,18.2,18.35,6502200
2019-07-02,18.23,18.26,17.93,18.02,5023200
2019-07-03,18.04,18.07,17.95,18.01,2662900
2019-07-05,17.73,17.74,17.56,17.69,2548500
2019-07-08,17.56,17.58,17.38,17.5,1770700
2019-07-09,17.18,17.48,17.18,17.47,2151400
2019-07-10,17.8,17.95,17.59,17.66,2181100
2019-07-11,17.73,17.77,17.52,17.65,3601800
2019-07-12,17.71,17.88,17.69,17.86,1120200
2019-07-15,17.89,17.95,17.68,17.8,1356000
2019-07-16,17.65,17.82,17.53,17.67,1279300
2019-07-17,17.9,17.92,17.73,17.78,2197800
2019-07-18,17.78,18.16,17.78,18.08,2994900
2019-07-19,18.28,18.36,18.14,18.19,1812100
2019-07-22,18.52,18.68,18.47,18.57,2310200
2019-07-23,19.02,19.06,18.87,19.03,2345200
2019-07-24,19.36,19.68,19.34,19.45,5203800
2019-07-25,19.39,19.41,18.84,19.02,5002300
2019-07-26,19.41,19.42,19.11,19.15,2827300
2019-07-29,19.06,19.11,18.85,19.1,3092900
2019-07-30,18.6,18.7,18.49,18.65,1884800
2019-07-31,18.78,18.78,18.1,18.25,2915400
2019-08-01,18.39,18.8,17.67,17.97,2972700
2019-08-02,17.73,17.75,17.43,17.55,3439500
2019-08-05,17.06,17.1,16.66,16.82,2463800
2019-08-06,17.02,17.13,16.79,16.94,1912300
2019-08-07,16.85,17.13,16.81,17.06,1460400
2019-08-08,17.4,17.64,17.32,17.56,1713600
2019-08-09,17.77,17.86,17.45,17.73,2633800
2019-08-12,17.62,17.7,17.43,17.56,1112600
2019-08-13,17.39,18.24,17.3,18.11,2129300
2019-08-14,17.45,17.57,17.06,17.16,1685300
2019-08-15,17.1,17.34,17.03,17.28,1860100
2019-08-16,17.29,17.64,17.03,17.5,2048400
2019-08-19,18.03,18.14,17.92,18.0,1474800
2019-08-20,18.05,18.14,17.93,17.97,1184300
2019-08-21,18.33,18.33,18.11,18.18,1036200
2019-08-22,18.17,18.23,17.98,18.04,1160600
2019-08-23,17.48,17.81,17.04,17.12,4421300
2019-08-26,17.36,17.63,17.27,17.44,3236500
2019-08-27,17.6,17.68,17.36,17.45,1775500
2019-08-28,17.2,17.4,17.11,17.27,2388200
2019-08-29,17.68,17.88,17.61,17.68,2337800
2019-08-30,17.9,17.92,17.61,17.7,1465800
2019-09-03,17.54,17.56,17.26,17.34,2042200
2019-09-04,17.94,18.13,17.88,18.08,2702000
2019-09-05,18.9,19.14,18.86,18.95,2679200
2019-09-06,19.21,19.26,19.07,19.2,1989000
2019-09-09,19.42,19.56,19.28,19.44,1615600
2019-09-10,19.35,19.47,19.16,19.46,1938600
2019-09-11,19.75,19.97,19.71,19.93,1735900
2019-09-12,19.83,20.18,19.73,20.0,1985800
2019-09-13,20.25,20.25,20.07,20.1,1861600
2019-09-16,19.78,19.95,19.72,19.87,1184300
2019-09-17,19.56,19.78,19.55,19.76,875800
2019-09-18,19.88,20.09,19.67,19.93,1927600
2019-09-19,20.01,20.1,19.81,19.83,1382000
2019-09-20,19.77,19.78,19.21,19.28,2017400
2019-09-23,19.25,19.49,19.14,19.37,1720700
2019-09-24,19.42,19.47,19.02,19.16,1823700
2019-09-25,18.95,19.41,18.84,19.35,1399900
2019-09-26,19.41,19.42,19.15,19.29,1297600
2019-09-27,19.33,19.45,18.94,19.05,2449400
2019-09-30,19.2,19.38,19.14,19.34,1301500
2019-10-01,19.56,19.62,19.1,19.12,1966800
2019-10-02,19.02,19.08,18.8,19.0,2300200
2019-10-03,19.01,19.24,18.68,19.18,1779800
2019-10-04,19.46,19.75,19.42,19.73,3340200
2019-10-07,19.57,19.8,19.55,19.69,2444300
2019-10-08,19.32,19.36,18.93,18.94,1952200
2019-10-09,19.4,19.47,19.3,19.42,1805000
2019-10-10,19.41,19.82,19.38,19.64,1894800
2019-10-11,20.88,21.37,20.86,21.05,3872100
2019-10-14,21.05,21.11,20.94,21.02,1443100
2019-10-15,21.26,21.65,21.2,21.53,1738800
2019-10-16,21.53,21.55,21.28,21.29,1911200
2019-10-17,21.49,21.51,21.04,21.17,2035100
2019-10-18,21.11,21.2,20.9,21.11,1758300
2019-10-21,21.36,21.48,21.25,21.41,2254200
2019-10-22,21.3,21.36,21.04,21.06,2099700
2019-10-23,20.86,20.86,20.47,20.5,4528000
2019-10-24,21.85,22.48,21.82,22.44,4529800
2019-10-25,22.46,22.52,22.27,22.38,2430800
2019-10-28,22.9,23.01,22.83,22.91,2890900
2019-10-29,23.3,23.38,23.07,23.09,3255700
2019-10-30,23.16,23.16,22.78,23.0,2509900
2019-10-31,22.83,22.83,22.46,22.68,2577600
2019-11-01,22.96,23.29,22.9,23.25,1856400
2019-11-04,23.51,23.59,23.36,23.47,1972300
2019-11-05,23.52,23.6,23.37,23.45,2088800
2019-11-06,23.5,23.51,23.25,23.4,1823500
2019-11-07,23.78,23.92,23.57,23.65,1871700
2019-11-08,23.58,23.87,23.51,23.87,2021000
2019-11-11,23.68,23.89,23.64,23.78,1011200
2019-11-12,24.27,24.32,24.08,24.11,1981700
2019-11-13,23.97,24.15,23.85,24.03,2481200
2019-11-14,24.03,24.11,23.86,24.03,1438300
2019-11-15,24.32,24.4,24.14,24.19,1221000
2019-11-18,24.31,24.41,24.14,24.26,1609600
2019-11-19,24.38,24.43,24.12,24.13,1713500
2019-11-20,24.19,24.28,23.8,24.01,1863600
2019-11-21,23.91,23.91,23.57,23.69,2392000
2019-11-22,24.14,24.16,23.8,23.87,1797300
2019-11-25,24.25,24.48,24.22,24.47,1166600
2019-11-26,24.79,24.85,24.61,24.84,2677600
2019-11-27,24.86,24.89,24.7,24.89,973800
2019-11-29,24.6,24.62,24.33,24.37,1017400
2019-12-02,24.49,24.49,24.05,24.27,1770200
2019-12-03,24.06,24.34,23.92,24.3,2203800
2019-12-04,24.7,24.77,24.54,24.65,1219200
2019-12-05,24.8,24.92,24.65,24.87,1401400
2019-12-06,25.36,25.59,25.27,25.47,2131500
2019-12-09,25.6,25.71,25.37,25.39,1280600
2019-12-10,25.7,25.92,25.6,25.82,1519100
2019-12-11,25.94,26.43,25.93,26.42,1435900
2019-12-12,26.52,27.18,26.5,27.15,3519700
2019-12-13,27.43,27.79,27.22,27.34,3825700
2019-12-16,27.19,27.39,27.02,27.02,1672000
2019-12-17,27.2,27.32,27.03,27.27,1446900
2019-12-18,26.61,26.68,26.5,26.6,2061700
2019-12-19,26.64,26.96,26.52,26.81,1793800
2019-12-20,26.96,27.06,26.78,26.86,2075300
2019-12-23,26.84,27.19,26.84,27.07,1994700
2019-12-24,27.08,27.25,26.9,27.22,590900
2019-12-26,27.3,27.35,27.16,27.26,871500
2019-12-27,27.23,27.27,27.02,27.09,1082700
2019-12-30,26.96,27.02,26.73,26.93,1154000
2019-12-31,26.79,27.15,26.79,26.91,818300
2020-01-02,27.8,27.9,27.66,27.89,1744700
2020-01-03,27.34,27.57,27.31,27.33,1653000
2020-01-06,26.66,26.89,26.61,26.8,1611000
2020-01-07,27.33,27.57,27.22,27.23,2164300
2020-01-08,27.23,27.58,27.18,27.36,2036700
2020-01-09,28.15,28.19,27.74,27.93,2899500
2020-01-10,27.59,27.63,27.31,27.38,1859000
2020-01-13,27.7,27.89,27.6,27.87,1720600
2020-01-14,27.87,28.14,27.75,27.94,1458400
2020-01-15,27.4,27.5,27.23,27.34,1873500
2020-01-16,27.68,27.77,27.47,27.71,1882200
2020-01-17,27.81,27.93,27.76,27.89,1758100
2020-01-21,27.77,27.93,27.71,27.77,1474200
2020-01-22,27.82,28.39,27.81,28.39,4265800
2020-01-23,30.08,30.22,29.67,30.04,6073500
2020-01-24,30.68,30.68,30.04,30.14,4727100
2020-01-27,28.97,29.17,28.7,28.82,5394400
2020-01-28,29.21,29.89,29.12,29.88,3025600
2020-01-29,30.17,30.17,29.54,29.56,2681500
2020-01-30,29.02,29.52,28.86,29.49,3283200
2020-01-31,28.63,28.68,27.64,27.85,3343800
2020-02-03,28.12,28.67,28.09,28.6,2327500
2020-02-04,29.28,29.59,29.16,29.58,2150100
2020-02-05,30.29,30.32,29.96,30.23,4214100
2020-02-06,29.92,29.97,29.68,29.94,1791300
2020-02-07,29.52,29.91,29.43,29.61,2586400
2020-02-10,29.77,30.41,29.71,30.36,2588600
2020-02-11,30.57,31.0,30.53,30.94,2369600
2020-02-12,31.08,31.38,31.04,31.29,2553000
2020-02-13,31.55,31.98,31.38,31.77,2536500
2020-02-14,31.23,31.58,31.11,31.23,2274500
2020-02-18,29.99,30.33,29.87,30.33,3129100
2020-02-19,30.96,31.63,30.94,31.56,2279100
2020-02-20,31.44,31.81,30.88,31.32,2190500
2020-02-21,31.35,31.39,30.4,30.5,2877700
2020-02-24,28.01,28.79,27.96,28.34,4680300
2020-02-25,28.77,28.83,27.91,28.01,5234700
2020-02-26,28.8,29.2,28.44,28.54,4489400
2020-02-27,27.22,27.69,26.68,26.76,7412000
2020-02-28,26.06,27.46,25.98,27.4,7098100
2020-03-02,26.91,27.85,26.43,27.83,5070700
2020-03-03,28.14,28.66,27.2,27.57,6458100
2020-03-04,27.57,28.08,27.22,28.06,4008000
2020-03-05,26.98,27.53,26.75,26.91,2618700
2020-03-06,26.26,26.72,25.89,26.31,3559900
2020-03-09,23.86,24.76,19.8,23.46,4497700
2020-03-10,25.41,25.41,23.86,24.7,5386800
2020-03-11,23.62,23.86,22.55,22.87,4643000
2020-03-12,21.07,21.24,19.48,19.52,4393300
2020-03-13,22.35,22.35,19.68,21.33,4397200
2020-03-16,16.96,18.99,16.22,17.24,4661300
2020-03-17,17.81,18.5,17.28,18.36,4437200
2020-03-18,15.99,16.81,14.67,15.86,3475300
2020-03-19,15.36,16.77,15.0,16.21,4899700
2020-03-20,17.34,17.91,16.34,16.42,3258600
2020-03-23,17.1,17.85,16.67,17.66,3086800
2020-03-24,19.52,20.04,18.91,19.95,3316700
2020-03-25,20.66,21.62,20.0,20.87,3625500
2020-03-26,20.68,21.54,20.27,21.44,3074600
2020-03-27,20.85,20.93,20.2,20.22,1737500
2020-03-30,21.03,21.62,20.78,21.32,2480700
2020-03-31,21.6,21.93,21.14,21.37,1921100
2020-04-01,20.86,21.04,19.86,20.05,2085200
2020-04-02,20.07,20.43,19.62,19.99,1973600
2020-04-03,19.6,19.7,18.97,19.22,2280900
2020-04-06,20.65,21.81,20.55,21.58,1774500
2020-04-07,22.92,22.94,21.92,22.23,2496200
2020-04-08,22.67,23.3,22.38,23.1,1906300
2020-04-09,24.19,24.38,22.7,22.98,1904100
2020-04-13,22.9,23.35,22.53,23.27,1576300
2020-04-14,24.06,24.56,23.84,24.09,2883900
2020-04-15,22.78,22.89,22.18,22.35,2341200
2020-04-16,22.72,22.73,22.09,22.51,1538900
2020-04-17,23.42,23.43,22.95,23.24,1557200
2020-04-20,22.7,23.12,22.64,22.64,2020500
2020-04-21,22.11,22.3,21.22,21.39,1878100
2020-04-22,23.28,23.41,22.75,23.3,2606500
2020-04-23,23.68,24.36,23.55,23.64,2291500
2020-04-24,24.95,25.02,24.29,25.01,2413300
2020-04-27,25.54,25.9,25.47,25.68,1200900
2020-04-28,27.02,27.07,26.16,26.21,2314900
2020-04-29,26.49,27.64,26.36,27.5,2012700
2020-04-30,26.16,26.26,25.44,25.57,2590400
2020-05-01,25.0,25.09,24.32,24.86,1540400
2020-05-04,24.34,25.37,24.21,25.25,1877200
2020-05-05,24.3,24.86,24.17,24.31,2255900
2020-05-06,24.96,25.1,24.61,24.61,1184600
2020-05-07,25.19,25.31,24.87,25.17,1057700
2020-05-08,25.34,25.61,25.22,25.45,2388700
2020-05-11,24.85,25.15,24.66,24.93,1260700
2020-05-12,25.95,25.99,24.93,24.95,1441400
2020-05-13,24.98,25.06,24.08,24.45,1386900
2020-05-14,23.73,24.66,23.46,24.6,2090700
2020-05-15,23.74,23.89,23.23,23.64,1561900
2020-05-18,24.0,25.05,23.96,24.89,1876600
2020-05-19,23.55,24.45,23.53,23.85,3708400
2020-05-20,24.24,24.89,24.2,24.72,4228700
2020-05-21,24.5,24.73,23.84,23.97,3259500
2020-05-22,23.99,24.2,23.76,24.14,1282300
2020-05-26,25.49,25.54,24.83,24.9,2745000
2020-05-27,24.53,24.63,23.59,24.47,3078300
2020-05-28,24.44,24.79,23.91,23.98,2283900
2020-05-29,24.4,24.96,24.28,24.85,2383400
2020-06-01,24.83,24.99,24.65,24.91,2398700
2020-06-02,25.89,25.89,25.22,25.78,2456500
2020-06-03,27.35,27.79,27.02,27.58,3581500
2020-06-04,27.46,27.68,27.33,27.63,2075000
2020-06-05,28.23,28.63,27.92,27.96,1999600
2020-06-08,27.69,27.72,26.93,27.34,1752900
2020-06-09,26.98,27.47,26.95,27.2,1106200
2020-06-10,27.4,27.54,27.01,27.21,1456300
2020-06-11,26.28,26.47,25.15,25.19,2142800
2020-06-12,26.06,26.22,25.22,25.7,1461900
2020-06-15,25.19,26.29,25.07,26.28,1609100
2020-06-16,27.15,27.27,26.32,26.71,1752600
2020-06-17,27.1,27.28,26.84,26.97,1099500
2020-06-18,27.29,27.38,26.97,27.17,1134700
2020-06-19,27.59,27.64,26.67,26.8,1917900
2020-06-22,26.72,26.82,26.32,26.81,1448200
2020-06-23,27.63,27.63,27.34,27.37,1035800
2020-06-24,27.17,27.26,26.44,26.65,1538500
2020-06-25,26.76,26.89,26.38,26.87,2914300
2020-06-26,26.67,26.71,26.07,26.13,1497800
2020-06-29,26.49,26.75,26.13,26.75,1709100
2020-06-30,26.73,27.5,26.7,27.41,1600700
2020-07-01,26.82,27.02,26.56,26.61,1607900
2020-07-02,26.83,27.27,26.79,27.09,1962400
2020-07-06,27.51,28.03,27.51,27.92,2136000
2020-07-07,27.7,27.83,27.26,27.27,1233900
2020-07-08,27.01,27.38,26.87,27.38,1165300
2020-07-09,27.61,28.09,27.19,28.01,2546700
2020-07-10,29.04,29.08,28.48,28.7,2583000
2020-07-13,29.34,29.67,28.24,28.32,2212000
2020-07-14,28.13,29.08,27.99,29.01,6970700
2020-07-15,29.37,29.47,28.86,29.33,3600200
2020-07-16,28.81,29.72,28.8,29.56,2892800
2020-07-17,29.96,30.11,29.69,30.0,2043900
2020-07-20,30.09,31.06,29.95,31.04,2317000
2020-07-21,31.11,31.17,30.27,30.44,2757300
2020-07-22,30.83,31.12,30.56,30.66,2962300
2020-07-23,31.05,31.25,29.74,29.97,5003500
2020-07-24,29.93,30.29,29.47,29.6,3321800
2020-07-27,30.35,30.94,30.25,30.87,2231100
2020-07-28,28.96,29.51,28.93,29.08,6169900
2020-07-29,28.39,29.13,28.38,28.99,4854800
2020-07-30,28.06,28.53,27.76,28.29,4706600
2020-07-31,28.54,28.58,27.61,27.94,3259800
2020-08-03,28.39,29.17,28.33,28.88,4280500
2020-08-04,28.83,29.23,28.83,29.04,2102100
2020-08-05,28.85,29.23,28.73,29.0,1570400
2020-08-06,28.94,29.02,28.63,28.91,1873500
2020-08-07,28.93,29.04,28.35,28.63,1654800
2020-08-10,28.6,28.7,28.22,28.6,1474500
2020-08-11,29.18,29.76,28.96,28.97,2162000
2020-08-12,29.42,30.42,29.28,30.26,2809100
2020-08-13,30.19,30.3,29.56,29.66,1786400
2020-08-14,29.28,29.56,29.06,29.12,1165300
2020-08-17,29.98,30.07,29.6,29.63,1831500
2020-08-18,29.99,30.0,29.32,29.34,1250900
2020-08-19,29.53,29.6,29.17,29.23,990100
2020-08-20,28.72,28.93,28.64,28.75,1927700
2020-08-21,28.46,28.77,28.34,28.75,1608100
2020-08-24,29.7,29.82,29.42,29.69,2081800
2020-08-25,29.99,30.19,29.81,30.19,1631800
2020-08-26,30.29,31.07,30.19,30.91,3072500
2020-08-27,31.06,31.08,29.71,29.87,2097400
2020-08-28,29.86,30.15,29.8,30.09,1232300
2020-08-31,30.13,30.4,29.94,30.25,1657000
2020-09-01,30.21,30.6,30.09,30.5,1683400
2020-09-02,30.96,31.27,30.55,31.12,2180400
2020-09-03,30.31,30.33,28.19,28.35,5218800
2020-09-04,28.43,28.76,27.35,28.28,3570900
2020-09-08,26.98,27.66,26.9,26.96,3016000
2020-09-09,28.79,29.6,28.43,29.38,4736200
2020-09-10,30.02,30.18,29.21,29.4,3136500
2020-09-11,30.33,30.4,29.45,29.74,3336900
2020-09-14,31.13,31.33,30.91,31.1,3038200
2020-09-15,31.34,31.62,31.21,31.4,2909600
2020-09-16,31.85,31.94,31.14,31.18,1692400
2020-09-17,30.56,31.14,30.51,31.11,1434500
2020-09-18,31.26,31.28,30.34,30.54,2343200
2020-09-21,29.65,30.05,29.3,30.0,2131000
2020-09-22,29.91,30.19,29.45,30.17,1565300
2020-09-23,30.03,30.1,29.15,29.23,2409800
2020-09-24,29.44,30.27,29.3,29.89,1941500
2020-09-25,28.9,29.31,28.8,29.19,2679800
2020-09-28,29.96,30.28,29.76,30.27,1668700
2020-09-29,30.38,30.83,30.33,30.6,1375000
2020-09-30,30.42,31.01,30.37,30.69,1391000
2020-10-01,32.91,33.3,32.67,33.21,4872500
2020-10-02,32.34,32.67,32.21,32.23,2172400
2020-10-05,32.77,33.32,32.72,33.25,1767600
2020-10-06,32.91,33.32,32.48,32.56,2538000
2020-10-07,33.15,33.42,32.99,33.32,1963900
2020-10-08,33.38,33.65,33.33,33.53,1839800
2020-10-09,34.29,34.95,34.29,34.9,4097300
2020-10-12,35.16,35.34,34.89,35.07,3966000
2020-10-13,35.07,35.23,34.81,34.81,3871200
2020-10-14,35.07,35.14,34.41,34.57,1940100
2020-10-15,33.67,34.37,33.58,34.25,2793600
2020-10-16,34.75,34.85,34.23,34.31,1356100
2020-10-19,34.58,34.79,34.05,34.24,1910600
2020-10-20,34.65,34.93,34.44,34.51,2441900
2020-10-21,34.37,34.88,34.07,34.17,4294800
2020-10-22,34.69,34.8,33.7,33.77,2720800
2020-10-23,33.9,34.14,33.59,34.01,1674000
2020-10-26,33.66,33.86,32.81,33.16,2449900
2020-10-27,32.89,33.1,31.79,31.81,3322300
2020-10-28,30.71,30.78,30.2,30.46,4352800
2020-10-29,30.59,31.35,30.39,31.14,3454800
2020-10-30,30.87,30.93,30.16,30.54,1699200
2020-11-02,31.09,31.43,30.7,31.1,1448200
2020-11-03,31.81,32.3,31.74,32.15,1692800
2020-11-04,32.25,33.12,32.06,33.04,2034900
2020-11-05,34.0,34.28,33.85,34.07,1806000
2020-11-06,34.32,34.72,34.0,34.59,1285500
2020-11-09,35.9,36.32,35.07,35.08,3064300
2020-11-10,34.51,34.64,33.41,33.51,1814200
2020-11-11,34.21,34.66,34.17,34.58,1144700
2020-11-12,33.89,34.2,33.44,33.55,1248700
2020-11-13,34.29,34.44,34.11,34.35,1406500
2020-11-16,34.88,35.55,34.79,35.55,2108600
2020-11-17,35.41,35.49,35.02,35.26,1292500
2020-11-18,35.46,35.98,35.36,35.41,1758600
2020-11-19,35.69,36.35,35.54,36.34,1694600
2020-11-20,36.47,36.99,36.46,36.54,1503100
2020-11-23,37.53,37.57,36.96,37.51,2170100
2020-11-24,37.45,37.56,37.05,37.54,1774100
2020-11-25,38.01,38.31,37.85,37.98,2713700
2020-11-27,39.35,39.74,39.19,39.55,1610000
2020-11-30,39.77,39.86,39.16,39.65,2444100
2020-12-01,40.54,41.65,40.32,41.4,4444400
2020-12-02,40.19,40.78,39.91,40.65,2243400
2020-12-03,40.92,41.1,40.61,40.64,1211100
2020-12-04,41.06,41.8,40.99,41.76,1809300
2020-12-07,41.65,41.99,41.47,41.99,1333800
2020-12-08,41.39,41.71,41.1,41.57,1906800
2020-12-09,36.91,36.92,34.97,35.27,9496700
2020-12-10,35.0,35.8,34.94,35.54,3198200
2020-12-11,35.48,35.66,34.8,34.95,3964200
2020-12-14,34.87,35.53,34.87,35.28,2483700
2020-12-15,35.91,36.81,35.91,36.59,3841500
2020-12-16,36.5,36.56,36.17,36.34,2165100
2020-12-17,36.7,36.77,36.11,36.29,1929100
2020-12-18,36.55,36.78,36.28,36.51,2291600
2020-12-21,35.27,35.93,35.08,35.9,2513500
2020-12-22,36.14,36.9,36.09,36.81,2550900
2020-12-23,37.25,37.33,36.61,36.62,1274900
2020-12-24,36.7,37.02,36.66,36.91,524200
2020-12-28,37.36,37.46,36.68,36.8,1836400
2020-12-29,37.15,37.16,36.56,36.78,1261700
2020-12-30,37.31,37.68,37.29,37.56,1198800
2020-12-31,37.34,37.44,36.96,37.12,927300
2021-01-04,38.86,39.27,38.16,38.51,3504500
2021-01-05,39.19,39.73,39.15,39.7,2538300
2021-01-06,39.04,40.28,38.85,39.38,4488400
2021-01-07,39.13,40.23,39.11,40.06,3322400
2021-01-08,41.21,41.42,39.58,40.09,3640900
2021-01-11,40.26,41.09,40.06,41.0,2962000
2021-01-12,41.03,41.2,40.5,41.11,3097700
2021-01-13,41.08,41.22,40.72,41.01,2028300
2021-01-14,40.92,41.14,40.15,40.17,2757800
2021-01-15,40.23,40.32,39.31,39.79,1932700
2021-01-19,39.82,40.55,39.6,40.52,2088900
2021-01-20,40.75,41.03,40.29,40.29,1779500
2021-01-21,40.48,40.75,40.2,40.53,3544700
2021-01-22,39.75,40.05,39.57,39.71,3087500
2021-01-25,40.08,40.37,39.23,39.92,2001400
2021-01-26,40.1,40.13,39.52,39.83,1520200
2021-01-27,38.29,38.78,37.71,37.87,3033200
2021-01-28,40.77,40.93,39.05,40.33,5505600
2021-01-29,40.61,40.89,39.77,39.95,3559900
2021-02-01,40.92,41.6,40.68,41.46,2151900
2021-02-02,41.04,41.23,40.67,41.18,1868600
2021-02-03,41.06,41.11,39.81,39.96,2348200
2021-02-04,39.89,40.57,39.64,40.54,2051000
2021-02-05,40.92,40.92,40.31,40.52,2088600
2021-02-08,41.06,42.08,41.03,41.93,2812200
2021-02-09,41.71,42.13,41.59,41.64,2102300
2021-02-10,41.63,41.75,40.61,40.71,2197100
2021-02-11,41.74,42.65,41.62,42.57,2276400
2021-02-12,42.26,42.86,42.12,42.79,1419300
2021-02-16,42.88,43.02,42.25,42.48,2154900
2021-02-17,42.16,42.27,41.19,41.75,2170700
2021-02-18,41.42,41.58,40.78,41.2,1556700
2021-02-19,41.81,42.13,41.64,41.93,1537500
2021-02-22,41.35,41.6,40.41,40.62,1862000
2021-02-23,39.7,40.27,38.82,40.08,3290100
2021-02-24,39.8,40.83,39.31,40.74,1851000
2021-02-25,39.88,40.18,38.33,38.53,2823200
2021-02-26,39.12,39.22,38.53,38.86,2703900
2021-03-01,37.69,38.16,37.35,38.14,5772700
2021-03-02,37.54,37.58,36.88,36.99,4956500
2021-03-03,36.62,36.74,35.84,35.91,3396400
2021-03-04,35.82,36.18,34.06,34.45,5546100
2021-03-05,35.06,35.29,33.84,35.0,5758400
2021-03-08,34.53,34.92,33.3,33.3,4164100
2021-03-09,35.27,36.35,35.09,35.83,3911800
2021-03-10,35.36,35.56,34.29,34.61,3536200
2021-03-11,36.16,36.33,35.73,36.12,2495700
2021-03-12,35.29,35.81,35.05,35.75,1760900
2021-03-15,35.97,36.51,35.69,36.5,2083400
2021-03-16,36.43,36.92,36.31,36.4,2473100
2021-03-17,36.2,37.16,36.0,36.99,2164100
2021-03-18,36.33,36.48,35.63,35.63,1949200
2021-03-19,36.26,37.32,35.96,37.11,4524500
2021-03-22,37.53,38.52,37.43,38.23,3252700
2021-03-23,37.98,38.02,36.91,37.01,1889000
2021-03-24,37.21,37.33,36.68,36.69,1840600
2021-03-25,36.59,37.28,36.37,37.09,2208000
2021-03-26,37.44,38.59,37.44,38.59,1884100
2021-03-29,37.95,38.06,37.37,37.77,1896800
2021-03-30,37.21,37.64,37.04,37.44,1552800
2021-03-31,37.77,38.6,37.76,38.33,1539100
2021-04-01,38.75,39.36,38.74,39.35,1604400
2021-04-05,39.88,40.08,39.53,39.88,1167300
2021-04-06,39.39,39.44,38.63,38.91,1706100
2021-04-07,39.06,39.73,38.91,39.66,1866400
2021-04-08,39.74,39.88,39.38,39.67,1329900
2021-04-09,39.22,39.64,39.18,39.53,1206400
2021-04-12,39.25,39.28,38.55,38.68,1925300
2021-04-13,39.61,39.64,38.86,39.19,2757200
2021-04-14,39.45,39.46,38.96,39.05,1595800
2021-04-15,39.23,39.39,38.84,38.94,2975100
2021-04-16,38.89,39.18,38.73,38.98,2330500
2021-04-19,39.0,39.14,37.99,38.42,2233300
2021-04-20,37.36,37.57,36.8,37.05,2580200
2021-04-21,36.95,37.89,36.82,37.87,2004500
2021-04-22,38.55,38.56,37.64,37.77,1659600
2021-04-23,38.37,39.01,38.3,38.88,1130400
2021-04-26,38.93,39.56,38.92,39.35,1315300
2021-04-27,39.96,39.98,39.38,39.79,1729500
2021-04-28,39.08,39.15,38.46,38.61,3007100
2021-04-29,40.51,40.59,38.76,39.46,4196500
2021-04-30,38.21,38.33,36.95,37.29,3708500
2021-05-03,37.78,37.81,36.87,37.06,2333800
2021-05-04,36.45,36.57,35.93,36.48,2601100
2021-05-05,36.89,37.05,36.39,36.51,2232500
2021-05-06,36.08,36.57,35.91,36.56,2262500
2021-05-07,37.31,37.61,36.99,37.33,1778200
2021-05-10,37.15,37.15,36.1,36.13,2408400
2021-05-11,35.04,35.77,34.96,35.76,3132800
2021-05-12,34.75,35.06,34.16,34.33,2356700
2021-05-13,35.28,35.44,34.52,34.81,2069300
2021-05-14,35.34,35.83,34.97,35.66,1561400
2021-05-17,35.22,35.48,34.98,35.42,1292200
2021-05-18,35.59,35.94,35.32,35.32,1222400
2021-05-19,34.7,35.86,34.65,35.79,2053900
2021-05-20,35.79,36.33,35.69,36.18,1616300
2021-05-21,36.41,36.43,36.05,36.21,2337100
2021-05-24,36.24,36.78,36.15,36.71,2790200
2021-05-25,37.17,37.35,36.76,37.03,1278100
2021-05-26,36.86,37.08,36.6,36.85,960100
2021-05-27,36.58,37.07,36.51,36.98,1268500
2021-05-28,36.99,37.48,36.89,37.34,1049000
2021-06-01,37.69,37.83,37.27,37.44,2105300
2021-06-02,36.89,37.41,36.79,37.11,1622000
2021-06-03,36.84,36.86,36.34,36.34,1320400
2021-06-04,36.86,37.3,36.78,37.17,1046900
2021-06-07,37.23,37.23,36.7,36.81,1286100
2021-06-08,37.14,37.17,36.66,36.83,1395700
2021-06-09,37.15,37.26,36.99,37.09,1176300
2021-06-10,37.54,38.01,37.49,37.82,1474200
2021-06-11,38.06,38.21,37.95,38.2,1441300
2021-06-14,38.13,38.73,37.93,38.72,1462500
2021-06-15,38.34,38.53,37.93,38.02,1548100
2021-06-16,38.29,38.47,37.65,37.83,1202800
2021-06-17,37.41,38.08,37.37,37.85,2198800
2021-06-18,36.78,36.88,35.93,35.95,6413600
2021-06-21,36.12,36.19,35.75,36.11,1431000
2021-06-22,36.3,36.49,36.13,36.42,1069500
2021-06-23,36.22,36.37,36.01,36.07,908700
2021-06-24,36.71,36.95,36.56,36.74,931500
2021-06-25,36.83,36.91,36.52,36.52,845500
2021-06-28,36.56,37.28,36.56,37.12,1583300
2021-06-29,36.96,37.36,36.83,37.28,911100
2021-06-30,36.56,36.68,36.17,36.38,1294000
2021-07-01,36.67,36.74,36.32,36.43,1247000
2021-07-02,37.21,37.35,37.03,37.22,1128500
2021-07-06,37.71,37.86,37.02,37.36,1376400
2021-07-07,37.81,37.91,37.31,37.49,2596800
2021-07-08,36.34,36.84,36.21,36.68,2168800
2021-07-09,37.93,38.17,37.51,38.14,1662700
2021-07-12,38.64,38.68,38.23,38.61,1089700
2021-07-13,38.04,38.4,38.01,38.17,816600
2021-07-14,39.43,39.69,39.09,39.12,2532400
2021-07-15,38.61,38.69,37.93,38.12,2202300
2021-07-16,38.39,38.64,37.56,37.61,1798900
2021-07-19,36.54,37.07,36.39,37.05,1616700
2021-07-20,36.45,37.23,36.24,36.94,2097000
2021-07-21,37.81,38.52,37.65,38.51,1274300
2021-07-22,38.25,38.39,38.0,38.08,1172500
2021-07-23,39.03,39.12,38.73,38.98,1208000
2021-07-26,39.57,39.58,39.12,39.4,1689900
2021-07-27,39.18,39.19,38.08,38.75,1857100
2021-07-28,38.7,39.38,38.64,39.33,1908900
2021-07-29,41.07,41.81,41.05,41.71,3769000
2021-07-30,41.1,41.33,40.65,41.27,2361400
2021-08-02,41.74,41.93,41.16,41.26,1699400
2021-08-03,41.87,41.99,41.55,41.9,1879300
2021-08-04,41.9,42.13,41.75,42.02,1621800
2021-08-05,42.45,42.48,42.06,42.24,1316600
2021-08-06,42.17,42.36,42.05,42.1,1307500
2021-08-09,42.72,43.01,42.53,42.69,1470800
2021-08-10,43.07,43.16,42.24,42.67,2212500
2021-08-11,42.82,42.9,42.28,42.72,1362000
2021-08-12,42.85,42.99,42.48,42.73,1410500
2021-08-13,42.73,43.15,42.6,43.14,1335800
2021-08-16,43.2,43.27,42.79,43.13,1006100
2021-08-17,42.55,42.58,41.75,42.34,2334600
2021-08-18,42.23,42.86,42.2,42.25,1709100
2021-08-19,41.18,42.27,41.15,41.92,3186100
2021-08-20,41.99,42.57,41.92,42.33,2989000
2021-08-23,42.87,43.18,42.61,43.16,3680400
2021-08-24,43.07,43.27,42.86,43.12,2798100
2021-08-25,43.11,43.37,42.95,42.95,2083800
2021-08-26,43.12,43.29,42.79,43.05,1473300
2021-08-27,43.2,44.01,43.14,43.99,1529600
2021-08-30,44.64,44.92,44.51,44.83,1763400
2021-08-31,44.99,45.01,44.16,44.43,1939600
2021-09-01,44.79,45.06,44.56,44.66,1554300
2021-09-02,44.89,45.0,44.62,44.93,871200
2021-09-03,44.62,45.07,44.58,44.88,1290000
2021-09-07,45.1,45.26,44.89,45.03,1073700
2021-09-08,44.82,44.89,44.13,44.25,1967900
2021-09-09,44.39,44.66,44.25,44.37,1359200
2021-09-10,45.12,45.54,44.94,44.95,2184300
2021-09-13,45.28,45.42,44.84,45.4,1902000
2021-09-14,46.1,46.9,46.01,46.62,2051300
2021-09-15,47.13,47.26,46.69,47.24,1795300
2021-09-16,46.87,47.38,46.78,47.2,1967500
2021-09-17,46.19,46.29,45.3,45.86,2936400
2021-09-20,44.21,44.85,44.06,44.75,2451200
2021-09-21,45.55,45.57,45.04,45.27,1223800
2021-09-22,45.37,45.95,45.3,45.8,1277600
2021-09-23,46.22,46.62,46.18,46.48,862900
2021-09-24,46.06,46.51,46.06,46.4,1059500
2021-09-27,46.52,46.81,46.05,46.39,1183300
2021-09-28,44.19,44.46,43.78,43.78,2969800
2021-09-29,44.2,44.29,43.29,43.34,2326600
2021-09-30,43.29,43.96,43.29,43.63,2251900
2021-10-01,43.68,43.71,42.91,43.28,2524000
2021-10-04,42.8,42.83,41.67,41.84,2637100
2021-10-05,42.35,42.87,42.15,42.63,1578600
2021-10-06,41.78,42.32,41.62,42.23,1578400
2021-10-07,42.48,42.75,42.1,42.1,1587100
2021-10-08,42.05,42.08,41.37,41.4,2354300
2021-10-11,41.11,41.59,40.82,40.84,1485600
2021-10-12,41.24,41.27,40.64,40.8,2328600
2021-10-13,41.28,41.62,41.17,41.42,1813300
2021-10-14,41.98,42.5,41.95,42.48,2102800
2021-10-15,42.38,42.56,42.16,42.52,1323400
2021-10-18,42.13,42.88,42.03,42.83,1193400
2021-10-19,42.93,43.19,42.78,43.16,1068500
2021-10-20,42.9,43.14,42.67,42.81,1462700
2021-10-21,43.46,43.93,43.35,43.88,1568200
2021-10-22,44.06,44.39,43.76,43.9,1583200
2021-10-25,44.06,44.57,43.94,44.51,1548400
2021-10-26,45.05,45.18,44.62,44.75,1635500
2021-10-27,44.46,45.81,44.4,45.03,3387900
2021-10-28,47.19,48.54,47.18,48.51,3379200
2021-10-29,47.02,47.66,46.74,47.64,2224500
2021-11-01,47.57,47.94,47.32,47.72,1707900
2021-11-02,47.94,48.42,47.86,48.42,1521300
2021-11-03,48.78,49.47,48.53,49.45,1453500
2021-11-04,49.71,50.56,49.57,50.52,1937600
2021-11-05,50.67,50.98,50.17,50.76,1860900
2021-11-08,51.54,51.95,51.37,51.65,1838700
2021-11-09,51.53,51.89,50.95,51.17,1830300
2021-11-10,49.88,50.41,49.26,49.47,2167400
2021-11-11,50.64,50.82,50.22,50.51,1488600
2021-11-12,50.95,51.44,50.55,51.23,1873600
2021-11-15,51.35,51.39,50.84,51.08,1034000
2021-11-16,50.72,51.47,50.62,51.45,1388200
2021-11-17,51.68,51.86,51.39,51.51,1397500
2021-11-18,51.92,52.13,51.54,52.13,1689800
2021-11-19,51.64,52.0,51.37,51.67,1934700
2021-11-22,51.72,52.15,50.64,50.69,1967500
2021-11-23,50.11,50.56,49.36,49.84,2505700
2021-11-24,48.22,49.38,47.99,49.37,2179800
2021-11-26,47.51,48.18,47.22,47.55,2099600
2021-11-29,48.2,49.22,48.14,49.16,2920500
2021-11-30,49.11,49.69,48.18,48.54,2121900
2021-12-01,50.37,51.16,49.42,49.48,2702000
2021-12-02,47.42,48.25,47.15,47.98,3203700
2021-12-03,47.69,48.12,46.73,47.31,2509100
2021-12-06,47.92,48.27,46.75,48.14,2227500
2021-12-07,49.4,50.24,49.4,50.13,2167600
2021-12-08,49.25,49.4,48.81,49.13,1633500
2021-12-09,48.19,48.69,47.57,47.59,2151400
2021-12-10,48.68,48.76,47.83,48.39,1883100
2021-12-13,48.5,48.67,47.78,47.79,1747900
2021-12-14,47.39,47.68,46.99,47.6,2050900
2021-12-15,47.86,49.69,47.68,49.69,2480700
2021-12-16,49.24,49.34,46.1,46.69,6239900
2021-12-17,45.92,47.27,45.87,46.79,6764500
2021-12-20,46.24,47.06,46.18,46.92,2414500
2021-12-21,47.53,48.02,46.98,47.99,2311800
2021-12-22,47.39,48.43,47.38,48.41,1863400
2021-12-23,48.27,48.85,48.23,48.59,1379500
2021-12-27,49.12,50.24,49.1,50.1,2190500
2021-12-28,50.09,50.09,49.53,49.57,1644500
2021-12-29,49.43,49.87,49.43,49.58,1285200
2021-12-30,49.64,49.8,49.16,49.19,1488700
2021-12-31,49.23,49.54,48.87,48.88,857900
2022-01-03,49.53,50.24,49.23,50.2,2578300
2022-01-04,49.94,50.11,48.61,49.64,2827800
2022-01-05,49.45,49.82,48.32,48.36,2721700
2022-01-06,47.97,49.27,47.79,49.12,2909500
2022-01-07,51.13,51.52,49.83,49.9,4504500
2022-01-10,48.35,49.63,47.71,49.62,4073100
2022-01-11,48.89,49.17,48.16,48.97,5774700
2022-01-12,48.63,49.2,48.38,48.63,2977600
2022-01-13,50.84,51.18,48.61,48.68,4055400
2022-01-14,49.05,49.62,48.74,49.61,3484200
2022-01-18,48.92,48.98,47.69,47.72,3511200
2022-01-19,48.0,48.16,46.36,46.42,3636000
2022-01-20,46.88,47.03,45.25,45.26,3986400
2022-01-21,45.65,46.21,44.85,44.91,5306200
2022-01-24,43.9,45.68,42.88,45.68,7602900
2022-01-25,43.82,44.53,43.27,43.43,6240000
2022-01-26,44.92,45.87,43.66,44.33,5845100
2022-01-27,46.92,47.23,43.7,43.85,7609300
2022-01-28,44.66,45.49,43.6,45.46,5794500
2022-01-31,45.5,46.94,45.24,46.94,4192100
2022-02-01,47.09,47.18,46.15,47.13,3646700
2022-02-02,47.27,47.55,46.6,47.32,4306400
2022-02-03,45.61,46.11,44.44,44.47,5408700
2022-02-04,44.62,45.01,44.11,44.66,3931700
2022-02-07,44.79,44.98,44.22,44.33,3248200
2022-02-08,44.02,45.49,43.98,45.43,3334000
2022-02-09,46.82,47.36,46.2,47.33,4541900
2022-02-10,45.66,47.06,45.54,45.78,3255000
2022-02-11,45.85,46.05,43.89,44.17,4179800
2022-02-14,43.87,44.39,43.22,43.62,3180400
2022-02-15,44.42,45.47,44.39,45.44,3701400
2022-02-16,45.2,45.95,44.77,45.86,2158700
2022-02-17,44.77,44.9,43.59,43.61,3802500
2022-02-18,43.83,43.9,42.96,43.19,3663200
2022-02-22,42.36,43.27,41.93,42.34,3353800
2022-02-23,43.06,43.27,41.56,41.63,2954900
2022-02-24,39.17,42.67,39.17,42.62,6152600
2022-02-25,42.79,43.48,42.25,43.47,3333700
2022-02-28,41.52,42.76,41.5,42.32,4456100
2022-03-01,41.56,41.9,40.11,40.45,4797500
2022-03-02,40.13,41.54,40.06,41.21,5406000
2022-03-03,41.47,41.49,40.15,40.36,2930500
2022-03-04,37.27,38.23,37.01,37.63,8367600
2022-03-07,38.0,38.63,35.65,35.66,6270700
2022-03-08,36.15,37.88,35.38,36.72,7201100
2022-03-09,39.47,40.27,38.63,39.78,6726100
2022-03-10,38.79,39.19,38.39,38.82,3766200
2022-03-11,39.48,39.58,37.67,37.71,3271700
2022-03-14,38.83,38.89,37.4,37.62,4743000
2022-03-15,37.63,38.95,37.38,38.87,3832000
2022-03-16,40.67,42.07,40.1,42.06,5510100
2022-03-17,41.69,42.18,41.38,42.13,3305000
2022-03-18,41.48,43.12,41.35,43.02,4162000
2022-03-21,42.99,43.15,42.32,42.99,2957600
2022-03-22,42.92,43.36,42.77,43.01,2669100
2022-03-23,42.39,43.1,42.15,42.19,3231000
2022-03-24,43.02,44.38,42.84,44.36,3986700
2022-03-25,44.86,44.87,43.9,44.5,3139800
2022-03-28,44.11,44.91,43.9,44.89,2897000
2022-03-29,46.27,46.73,45.61,46.24,3631300
2022-03-30,45.62,45.83,44.66,44.84,3037600
2022-03-31,44.52,44.71,43.21,43.22,3674100
2022-04-01,43.26,43.53,42.24,42.76,3051600
2022-04-04,42.17,42.85,42.16,42.67,3047500
2022-04-05,41.34,41.52,39.7,39.81,5253100
2022-04-06,38.32,39.6,38.06,38.91,5577300
2022-04-07,39.02,39.53,38.13,38.81,3211500
2022-04-08,38.1,38.35,37.76,37.81,3488200
2022-04-11,38.1,38.5,37.8,37.86,4893300
2022-04-12,37.83,38.19,36.92,37.09,4554500
2022-04-13,37.0,37.89,36.78,37.81,3558000
2022-04-14,37.52,37.64,36.47,36.55,3373000
2022-04-18,36.64,37.58,36.57,37.11,2965800
2022-04-19,36.89,37.73,36.71,37.68,2801400
2022-04-20,39.33,39.34,38.31,38.39,4314300
2022-04-21,39.61,39.83,38.05,38.18,4462200
2022-04-22,38.14,38.46,37.4,37.47,3460400
2022-04-25,37.3,38.33,37.18,38.31,4847000
2022-04-26,38.26,38.26,36.78,36.78,6021400
2022-04-27,36.42,37.51,36.29,36.79,3854300
2022-04-28,37.47,39.14,36.81,38.63,6468900
2022-04-29,37.56,38.37,36.56,36.62,4662400
2022-05-02,36.34,37.41,36.15,37.39,5575200
2022-05-03,37.6,37.92,37.2,37.64,3111300
2022-05-04,38.0,39.0,36.9,38.92,4685300
2022-05-05,37.88,37.96,36.28,36.75,5458000
2022-05-06,36.46,37.18,35.95,36.57,4493400
2022-05-09,35.95,36.35,34.83,34.93,4794800
2022-05-10,35.83,36.3,35.14,35.79,5806600
2022-05-11,35.84,36.51,35.01,35.06,5334900
2022-05-12,36.71,37.52,36.02,37.02,9561800
2022-05-13,38.74,39.71,38.5,39.53,6760900
2022-05-16,38.97,39.14,38.51,38.68,4325800
2022-05-17,40.33,40.62,39.8,40.57,4291400
2022-05-18,39.4,39.86,38.32,38.41,4489300
2022-05-19,38.92,39.78,38.64,39.06,4849900
2022-05-20,39.68,39.7,37.73,39.07,5446100
2022-05-23,39.24,39.52,38.84,39.32,3203500
2022-05-24,38.56,38.75,38.02,38.25,3635200
2022-05-25,37.7,38.76,37.67,38.49,2925400
2022-05-26,37.72,39.34,37.62,39.28,3442200
2022-05-27,39.6,40.24,39.58,40.23,2507700
2022-05-31,40.32,40.32,39.72,40.08,3075000
2022-06-01,40.18,40.39,38.99,39.5,2668700
2022-06-02,39.84,41.09,39.68,41.05,3273700
2022-06-03,39.91,40.03,39.4,39.64,2565200
2022-06-06,39.93,40.2,39.14,39.33,2217500
2022-06-07,38.87,39.74,38.7,39.69,2583500
2022-06-08,39.51,39.72,39.04,39.22,2256200
2022-06-09,38.14,38.8,37.54,37.55,3255900
2022-06-10,36.89,37.14,36.27,36.31,3374300
2022-06-13,34.31,34.74,33.61,33.72,5275800
2022-06-14,34.2,34.37,33.55,33.97,3763400
2022-06-15,34.77,35.63,34.31,35.16,4702500
2022-06-16,33.68,33.95,32.77,33.04,5135300
2022-06-17,32.94,33.49,32.59,33.19,4176500
2022-06-21,33.96,34.14,33.71,33.78,3368300
2022-06-22,32.98,33.81,32.98,33.13,2817700
2022-06-23,32.91,33.03,32.33,32.65,2811500
2022-06-24,32.92,33.89,32.86,33.84,3552900
2022-06-27,33.85,33.94,33.37,33.47,2649900
2022-06-28,33.54,33.87,32.57,32.6,2884000
2022-06-29,32.47,32.48,31.95,32.24,2870900
2022-06-30,31.08,31.77,30.55,31.47,3986200
2022-07-01,30.68,30.93,29.95,30.4,3573300
2022-07-05,28.43,29.57,28.35,29.56,5837600
2022-07-06,29.7,30.29,29.56,30.08,4401600
2022-07-07,30.31,30.89,30.31,30.82,3128600
2022-07-08,30.7,31.38,30.55,31.24,3010200
2022-07-11,31.1,31.35,30.79,31.1,4096100
2022-07-12,31.17,31.42,30.93,31.15,2795100
2022-07-13,30.79,31.67,30.74,31.46,3238000
2022-07-14,31.22,32.12,30.84,32.04,3407000
2022-07-15,32.26,32.71,31.94,32.71,2809500
2022-07-18,33.04,33.32,32.47,32.63,3342200
2022-07-19,32.89,34.41,32.89,34.37,4432300
2022-07-20,33.84,34.7,33.71,34.65,4531700
2022-07-21,34.76,35.23,34.39,35.22,3288600
2022-07-22,35.03,35.16,34.3,34.72,3064300
2022-07-25,35.01,35.18,34.7,35.06,3463400
2022-07-26,34.33,34.53,34.1,34.29,2898600
2022-07-27,35.11,36.6,35.06,36.33,4979600
2022-07-28,36.42,37.44,36.02,37.24,3704100
2022-07-29,37.67,38.01,37.47,37.94,3018000
2022-08-01,38.31,38.69,37.96,38.24,2422200
2022-08-02,38.23,38.8,37.93,38.19,3745400
2022-08-03,38.51,39.41,38.48,39.28,3174200
2022-08-04,39.4,39.75,39.24,39.59,2355400
2022-08-05,38.4,38.82,38.08,38.52,2931700
2022-08-08,38.27,38.52,37.79,38.24,2658900
2022-08-09,37.14,37.17,35.63,36.07,5471800
2022-08-10,37.74,37.93,37.12,37.8,3731900
2022-08-11,38.07,38.59,37.63,37.66,2734900
2022-08-12,37.67,38.76,37.62,38.76,3748100
2022-08-15,38.26,38.69,38.05,38.68,2162500
2022-08-16,38.25,38.58,37.89,38.26,2385600
2022-08-17,37.54,37.58,36.42,37.02,2967800
2022-08-18,36.93,38.22,36.73,37.86,4938600
2022-08-19,37.15,37.36,36.57,36.71,2246900
2022-08-22,35.87,35.95,35.0,35.15,2667100
2022-08-23,35.46,35.97,35.4,35.53,1996100
2022-08-24,35.68,35.91,35.38,35.71,1312800
2022-08-25,35.87,36.99,35.84,36.95,2425100
2022-08-26,36.76,36.79,34.95,34.96,3113200
2022-08-29,35.48,35.73,34.88,34.91,2718700
2022-08-30,36.06,36.17,34.91,35.39,3626100
2022-08-31,35.68,35.69,34.83,34.9,3312900
2022-09-01,34.53,34.9,33.93,34.75,4903700
2022-09-02,35.24,35.76,34.38,34.52,3790800
2022-09-06,34.59,34.83,34.12,34.33,3741400
2022-09-07,34.52,36.17,34.41,35.96,4616000
2022-09-08,35.08,36.17,34.94,36.16,3782500
2022-09-09,36.79,37.25,36.77,37.06,2537900
2022-09-12,37.7,37.84,36.96,37.38,2764000
2022-09-13,36.0,36.39,35.08,35.23,4860100
2022-09-14,35.77,36.19,35.33,36.11,3472200
2022-09-15,36.25,36.55,35.42,35.73,3317200
2022-09-16,35.03,35.87,34.9,35.84,3775800
2022-09-19,34.91,36.25,34.9,36.12,2605200
2022-09-20,35.27,35.86,35.22,35.57,2370800
2022-09-21,35.67,37.06,35.61,35.65,4552300
2022-09-22,35.16,35.33,34.02,34.29,4242400
2022-09-23,33.36,33.55,32.59,33.27,5558300
2022-09-26,33.01,33.63,32.58,32.7,3757400
2022-09-27,33.97,34.24,32.73,33.1,4594600
2022-09-28,31.85,33.32,31.8,33.22,6831300
2022-09-29,31.62,31.91,30.91,31.4,5814300
2022-09-30,30.7,31.82,30.7,30.94,3945000
2022-10-03,31.56,32.38,31.28,32.06,4113600
2022-10-04,33.81,34.35,33.62,34.1,5458200
2022-10-05,34.19,35.26,34.0,34.82,3857500
2022-10-06,34.39,35.08,34.39,34.49,3581500
2022-10-07,33.42,33.63,32.52,32.72,4932600
2022-10-10,32.74,32.79,31.82,32.17,3380500
2022-10-11,31.63,31.65,30.4,30.82,5063200
2022-10-12,31.04,31.2,30.59,30.63,2598900
2022-10-13,29.18,32.37,29.09,31.87,6349300
2022-10-14,32.15,32.21,30.55,30.61,4270300
2022-10-17,32.11,32.43,31.63,31.76,5581200
2022-10-18,33.37,33.42,31.63,32.1,5828900
2022-10-19,31.53,32.3,31.48,31.82,3486100
2022-10-20,32.14,33.09,32.0,32.25,3302700
2022-10-21,32.31,33.42,32.09,33.31,3645300
2022-10-24,33.57,33.88,33.04,33.64,2917200
2022-10-25,34.12,35.07,34.09,34.74,3541900
2022-10-26,34.01,35.25,33.9,34.58,4401900
2022-10-27,32.4,33.26,31.65,31.7,7028000
2022-10-28,30.94,32.23,30.93,32.0,8949300
2022-10-31,31.82,31.89,31.1,31.12,4526200
2022-11-01,32.19,32.23,31.27,31.32,4262100
2022-11-02,31.18,31.74,30.18,30.18,4690400
2022-11-03,29.92,30.43,29.57,29.91,3086100
2022-11-04,32.0,32.12,31.32,31.74,8506500
2022-11-07,31.95,32.43,31.64,32.35,5338300
2022-11-08,33.1,33.86,32.9,33.63,3727100
2022-11-09,33.39,33.55,32.84,32.86,3138400
2022-11-10,35.24,36.92,34.97,36.92,6299700
2022-11-11,36.74,37.77,36.58,37.71,3247700
2022-11-14,37.33,38.49,37.24,37.84,3560600
2022-11-15,39.35,39.48,38.1,38.79,3451000
2022-11-16,38.55,38.56,37.63,37.81,4006600
2022-11-17,36.88,38.33,36.88,38.33,2456900
2022-11-18,38.69,38.74,37.98,38.31,1913700
2022-11-21,38.06,38.23,37.7,37.71,2367800
2022-11-22,37.72,38.64,37.54,38.58,2603400
2022-11-23,37.97,38.9,37.95,38.72,2512600
2022-11-25,38.62,38.75,38.37,38.37,1189400
2022-11-28,37.98,38.23,36.86,37.14,3729700
2022-11-29,37.2,37.46,36.82,36.91,2494900
2022-11-30,37.24,38.88,36.86,38.88,5665700
2022-12-01,39.14,39.27,38.2,38.75,3216200
2022-12-02,38.39,38.78,38.18,38.67,2607100
2022-12-05,38.49,38.86,38.06,38.48,2416700
2022-12-06,38.46,38.55,37.43,37.76,3145200
2022-12-07,37.45,37.85,37.31,37.69,1991300
2022-12-08,37.9,38.82,37.61,38.7,2314200
2022-12-09,38.64,38.94,38.23,38.24,2738600
2022-12-12,38.52,38.96,38.21,38.92,2453700
2022-12-13,41.04,41.04,39.46,39.84,4255700
2022-12-14,39.67,39.81,38.56,39.0,3688300
2022-12-15,38.31,38.4,37.32,37.38,4181500
2022-12-16,37.27,37.53,36.72,37.11,3234000
2022-12-19,37.06,37.13,36.25,36.69,2055000
2022-12-20,36.58,37.04,36.44,36.67,2745800
2022-12-21,36.77,37.52,36.77,37.52,2938300
2022-12-22,36.67,36.72,35.4,36.05,3478700
2022-12-23,35.62,35.93,35.28,35.85,1917500
2022-12-27,35.53,35.58,35.07,35.13,2401700
2022-12-28,35.14,35.41,34.59,34.78,2182100
2022-12-29,35.34,35.89,35.21,35.73,2458400
2022-12-30,35.26,35.59,35.04,35.57,1587900
2023-01-03,36.34,36.46,35.2,35.35,2728000
2023-01-04,36.52,36.87,36.08,36.5,3500100
2023-01-05,36.19,36.64,36.03,36.1,3041800
2023-01-06,36.98,38.28,36.54,38.11,3434400
2023-01-09,38.96,40.2,38.93,39.57,3591800
2023-01-10,39.57,40.24,39.5,40.16,1810500
2023-01-11,40.03,41.0,39.75,40.52,2378900
2023-01-12,40.61,40.92,39.8,40.76,2820300
2023-01-13,40.38,41.19,40.31,41.14,2252500
2023-01-17,41.75,42.33,41.58,41.73,2941900
2023-01-18,43.22,43.23,42.25,42.29,4139000
2023-01-19,41.72,41.84,40.73,40.73,4611700
2023-01-20,41.11,41.79,40.94,41.79,3040300
2023-01-23,41.85,43.01,41.81,42.99,3837100
2023-01-24,43.0,43.0,42.06,42.44,2212300
2023-01-25,42.28,43.57,42.19,43.33,4299800
2023-01-26,45.89,46.84,45.23,46.69,6954000
2023-01-27,46.51,47.88,46.5,47.79,6024400
2023-01-30,47.25,47.88,46.9,46.93,5077200
2023-01-31,46.52,47.22,46.3,47.22,4520500
2023-02-01,47.4,49.79,47.37,49.27,6234100
2023-02-02,50.75,50.81,49.5,50.42,5352500
2023-02-03,48.68,50.12,48.68,49.44,5066600
2023-02-06,48.06,48.68,47.88,48.33,5049800
2023-02-07,48.08,49.62,48.06,49.52,5085700
2023-02-08,48.85,49.21,48.38,48.48,3755800
2023-02-09,49.79,50.12,48.65,49.12,3271100
2023-02-10,48.18,48.33,47.73,48.07,3404800
2023-02-13,48.32,49.08,48.19,48.98,2641300
2023-02-14,48.49,49.71,48.3,49.49,3272700
2023-02-15,49.14,49.82,48.96,49.78,2048500
2023-02-16,49.2,49.91,49.13,49.16,2682400
2023-02-17,48.86,49.27,48.67,49.14,2896600
2023-02-21,48.04,48.46,47.49,47.62,3141000
2023-02-22,47.4,47.73,47.06,47.34,3139200
2023-02-23,48.47,48.68,47.64,48.4,3169800
2023-02-24,47.21,47.64,46.92,47.46,3637800
2023-02-27,48.31,48.76,48.15,48.2,2920200
2023-02-28,48.09,48.7,47.96,48.16,2292800
2023-03-01,49.05,49.29,48.53,48.97,2857800
2023-03-02,46.22,47.98,45.76,47.78,5552500
2023-03-03,48.39,48.85,47.95,48.73,2906600
2023-03-06,48.58,49.12,48.38,48.51,3064600
2023-03-07,48.17,48.5,47.32,47.57,3194900
2023-03-08,48.16,49.5,48.16,49.38,3393600
2023-03-09,49.33,50.24,48.47,48.54,3241500
2023-03-10,49.32,49.39,48.07,48.29,5577200
2023-03-13,47.05,48.3,46.87,47.8,6120700
2023-03-14,48.92,49.48,48.59,49.32,3728200
2023-03-15,47.05,47.71,46.26,47.34,5900100
2023-03-16,46.47,48.8,46.37,48.57,4127700
2023-03-17,48.31,48.68,47.81,48.03,4912500
2023-03-20,48.61,49.06,48.42,48.86,2734600
2023-03-21,49.88,50.22,49.1,49.71,2662700
2023-03-22,49.75,50.94,49.24,49.31,3223200
2023-03-23,50.33,51.62,50.09,50.9,3562300
2023-03-24,50.21,50.29,48.6,49.21,3168300
2023-03-27,49.87,49.97,49.14,49.21,3057100
2023-03-28,48.92,49.5,47.93,49.47,5240200
2023-03-29,50.93,52.11,50.66,51.59,4790400
2023-03-30,52.55,53.16,52.38,53.1,4403300
2023-03-31,52.8,53.53,52.75,53.49,2591200
2023-04-03,53.0,53.22,52.26,52.89,2362400
2023-04-04,52.48,52.6,51.43,51.69,2896300
2023-04-05,50.29,50.48,49.55,50.32,3778400
2023-04-06,50.06,50.56,49.73,50.0,2538700
2023-04-10,49.43,50.61,49.19,50.48,2550600
2023-04-11,50.88,50.88,50.08,50.2,2618900
2023-04-12,50.69,50.83,49.68,49.69,2644600
2023-04-13,51.0,51.76,50.76,51.39,3149100
2023-04-14,50.84,51.32,50.31,50.78,2746300
2023-04-17,50.29,50.5,49.71,50.44,3495700
2023-04-18,50.41,50.67,50.13,50.59,3626800
2023-04-19,49.53,49.72,49.12,49.55,3020200
2023-04-20,47.4,48.02,47.16,47.44,5295000
2023-04-21,47.42,47.61,46.97,47.45,3045400
2023-04-24,47.1,47.22,46.42,46.74,3414700
2023-04-25,46.26,46.26,45.1,45.14,4527900
2023-04-26,46.78,46.8,45.88,46.28,5961000
2023-04-27,42.71,42.95,41.48,42.84,8319300
2023-04-28,42.33,42.88,41.93,42.88,4134600
2023-05-01,43.07,43.54,42.88,42.97,2436600
2023-05-02,43.26,43.65,42.9,43.1,3583800
2023-05-03,42.51,43.12,42.4,42.45,3474800
2023-05-04,41.38,41.62,41.1,41.33,4628900
2023-05-05,41.73,42.77,41.66,42.58,3751900
2023-05-08,42.75,42.9,42.42,42.77,2009900
2023-05-09,42.1,42.4,42.0,42.18,2719000
2023-05-10,43.14,43.35,42.56,42.88,2977100
2023-05-11,42.04,42.07,41.67,41.89,2927900
2023-05-12,42.24,42.43,41.96,42.42,3398800
2023-05-15,42.11,42.51,41.89,42.5,3712200
2023-05-16,42.6,42.98,42.45,42.49,2435000
2023-05-17,42.8,43.63,42.55,43.54,3217400
2023-05-18,43.7,44.6,43.66,44.51,3943400
2023-05-19,45.3,45.3,44.73,45.04,3450300
2023-05-22,44.88,45.47,44.82,45.41,1745400
2023-05-23,44.85,45.05,44.26,44.33,2306100
2023-05-24,42.72,42.96,41.83,42.16,4443900
2023-05-25,42.26,42.61,41.7,42.49,4622300
2023-05-26,42.73,44.25,42.68,44.06,5688300
2023-05-30,44.66,44.77,43.16,43.34,3542700
2023-05-31,43.47,44.16,43.05,43.44,4315600
2023-06-01,44.07,45.4,43.97,44.95,4057500
2023-06-02,45.3,45.46,44.56,44.91,3030200
2023-06-05,44.7,44.81,44.11,44.35,2159000
2023-06-06,43.85,44.87,43.62,44.83,3080000
2023-06-07,45.74,46.44,45.56,45.76,4113900
2023-06-08,46.63,47.16,46.51,47.04,3737300
2023-06-09,47.79,47.96,47.13,47.23,2762300
2023-06-12,48.49,49.15,48.37,49.05,3733300
2023-06-13,49.7,49.78,48.87,49.44,3321200
2023-06-14,49.7,50.29,49.38,50.22,3518800
2023-06-15,49.03,50.3,48.98,49.85,3408500
2023-06-16,49.96,50.18,49.53,49.99,5019400
2023-06-20,48.88,49.36,48.4,48.86,3167900
2023-06-21,48.5,48.68,47.54,47.7,3333300
2023-06-22,47.5,48.19,47.38,47.99,2160700
2023-06-23,46.52,46.77,46.27,46.47,3502600
2023-06-26,47.2,47.87,47.13,47.2,2374500
2023-06-27,47.27,48.14,47.01,48.04,3251600
2023-06-28,48.15,48.58,47.99,48.23,3013200
2023-06-29,48.51,48.77,48.1,48.7,2515200
2023-06-30,49.51,50.09,49.22,49.99,2954500
2023-07-03,50.03,50.47,49.91,50.27,1495900
2023-07-05,49.65,49.83,48.95,48.98,3576100
2023-07-06,47.27,47.48,46.61,47.35,4378100
2023-07-07,47.38,48.36,47.32,47.84,3013600
2023-07-10,47.86,48.84,47.85,48.76,2541800
2023-07-11,49.29,49.45,48.71,49.4,2042800
2023-07-12,51.65,51.9,51.32,51.66,4565100
2023-07-13,52.85,53.62,52.61,53.41,4113700
2023-07-14,53.37,53.49,52.23,52.48,3353400
2023-07-17,52.04,53.12,51.71,52.77,5482100
2023-07-18,52.62,53.19,52.37,52.99,1968100
2023-07-19,52.65,52.8,52.01,52.11,2311300
2023-07-20,51.62,51.79,50.39,50.7,3809700
2023-07-21,51.02,51.23,50.45,50.65,4007900
2023-07-24,50.76,50.97,50.34,50.46,3186200
2023-07-25,50.99,51.76,50.97,51.62,3275400
2023-07-26,51.15,52.0,50.92,51.55,3379400
2023-07-27,54.84,55.85,54.12,54.23,5356500
2023-07-28,53.93,53.93,52.62,53.45,5121400
2023-07-31,53.83,53.96,53.37,53.68,2092800
2023-08-01,53.19,53.72,52.9,53.62,1820900
2023-08-02,52.96,52.96,51.86,52.04,2524600
2023-08-03,50.5,51.49,50.26,51.24,2994300
2023-08-04,50.37,50.62,49.31,49.65,3481700
2023-08-07,49.81,50.05,49.4,49.98,2416400
2023-08-08,48.86,49.15,48.37,49.04,2962900
2023-08-09,48.94,49.03,48.24,48.41,2527800
2023-08-10,49.3,49.7,48.27,48.46,2655600
2023-08-11,47.98,47.98,47.07,47.22,3452700
2023-08-14,47.0,47.88,46.77,47.83,2537700
2023-08-15,47.51,47.56,47.0,47.09,2318100
2023-08-16,47.15,47.23,46.32,46.37,2416300
2023-08-17,46.24,46.34,45.74,45.93,3761400
2023-08-18,45.46,46.23,45.33,46.11,3097100
2023-08-21,46.22,46.97,46.16,46.87,3063200
2023-08-22,47.75,47.81,46.82,46.92,2814000
2023-08-23,46.0,47.41,45.96,47.29,2993600
2023-08-24,47.58,47.59,45.39,45.52,4535200
2023-08-25,46.1,46.62,45.41,46.29,4108200
2023-08-28,46.83,46.95,46.45,46.91,2284800
2023-08-29,46.94,48.04,46.88,47.83,2921000
2023-08-30,47.77,47.92,47.36,47.8,1997000
2023-08-31,47.4,47.72,47.14,47.26,3193700
2023-09-01,47.72,47.78,46.81,47.02,2018700
2023-09-05,46.35,46.86,46.15,46.52,1962800
2023-09-06,46.5,46.69,45.55,46.09,2719400
2023-09-07,43.74,44.36,43.56,44.26,4561400
2023-09-08,44.34,44.61,44.03,44.22,1904400
2023-09-11,44.83,44.88,43.91,44.44,2229200
2023-09-12,43.86,44.58,43.84,43.9,2109400
2023-09-13,44.17,44.49,43.96,44.3,2149300
2023-09-14,44.47,44.79,43.92,44.68,2600800
2023-09-15,44.51,44.55,43.74,43.76,3417400
2023-09-18,42.96,43.52,42.9,43.4,2853500
2023-09-19,43.31,43.47,42.91,43.34,2823700
2023-09-20,43.63,43.95,42.98,43.02,2681200
2023-09-21,42.72,43.25,42.66,42.67,2820400
2023-09-22,42.73,43.0,42.49,42.72,2788000
2023-09-25,42.05,42.86,41.98,42.73,2933700
2023-09-26,42.29,42.43,41.56,41.78,3111600
2023-09-27,42.15,42.25,41.45,42.0,2835200
2023-09-28,42.22,43.19,42.01,42.71,2887200
2023-09-29,43.79,43.89,42.98,43.16,2784600
2023-10-02,43.05,43.42,42.6,43.12,3166500
2023-10-03,42.49,42.94,41.85,42.06,3734900
2023-10-04,42.37,43.66,42.32,43.57,5233400
2023-10-05,43.68,43.84,43.08,43.42,3588600
2023-10-06,43.76,45.06,43.37,44.83,3874800
2023-10-09,44.13,44.39,43.62,44.29,2053400
2023-10-10,44.86,45.34,44.64,44.98,3148300
2023-10-11,45.1,45.4,44.66,45.15,2523100
2023-10-12,44.64,45.09,44.04,44.39,3666700
2023-10-13,44.18,44.25,42.79,42.89,3256700
2023-10-16,43.39,43.78,43.2,43.52,3371200
2023-10-17,41.95,43.26,41.8,42.82,3254900
2023-10-18,42.09,42.37,41.58,41.79,3120800
2023-10-19,41.58,41.81,40.49,40.7,5470300
2023-10-20,40.37,40.6,39.74,39.77,5286900
2023-10-23,39.66,40.49,39.34,39.78,4469100
2023-10-24,39.7,39.97,39.43,39.79,3841400
2023-10-25,39.1,39.44,38.6,38.99,5799500
2023-10-26,40.55,41.52,40.22,40.25,7396600
2023-10-27,39.81,39.91,39.15,39.59,5476700
2023-10-30,37.92,38.45,37.21,37.69,8296400
2023-10-31,38.02,38.31,37.58,37.98,4366100
2023-11-01,38.59,38.64,37.85,38.49,4520800
2023-11-02,40.3,40.35,39.64,40.04,5053300
2023-11-03,40.76,41.57,40.57,41.25,4551800
2023-11-06,41.07,41.2,40.61,41.01,2353800
2023-11-07,40.37,41.15,40.31,40.8,2100500
2023-11-08,41.07,41.16,40.74,40.98,2113400
2023-11-09,41.22,41.46,40.39,40.46,3516300
2023-11-10,40.92,42.05,40.73,41.77,4178500
2023-11-13,41.42,41.43,40.94,41.28,2594100
2023-11-14,43.59,44.02,43.2,43.74,5456300
2023-11-15,45.26,45.98,44.98,45.56,5443700
2023-11-16,45.31,45.72,45.26,45.36,3901200
2023-11-17,45.68,45.77,45.42,45.74,2793300
2023-11-20,45.98,46.55,45.92,46.29,2427400
2023-11-21,45.88,45.92,44.98,45.35,2856700
2023-11-22,45.61,45.76,45.1,45.28,2078300
2023-11-24,45.46,45.77,45.29,45.63,1265400
2023-11-27,45.52,45.74,45.3,45.39,1543800
2023-11-28,45.79,46.01,45.39,45.73,2160500
2023-11-29,46.93,47.58,46.87,47.01,3404800
2023-11-30,47.81,47.81,47.18,47.44,3844800
2023-12-01,47.48,47.84,47.13,47.84,2422600
2023-12-04,47.14,47.51,46.81,47.51,3564600
2023-12-05,47.75,48.01,47.28,47.48,2467600
2023-12-06,48.18,48.34,47.43,47.47,2497200
2023-12-07,47.05,47.97,46.93,47.76,3116200
2023-12-08,47.53,48.06,47.46,47.87,2754000
2023-12-11,47.56,48.38,47.51,48.26,3455100
2023-12-12,48.0,48.25,47.78,48.23,1555800
2023-12-13,48.04,48.9,47.52,48.77,2886400
2023-12-14,49.39,50.54,49.39,50.16,3710000
2023-12-15,50.99,51.27,50.42,50.42,4012500
2023-12-18,50.49,50.52,49.5,49.91,2280700
2023-12-19,50.22,50.52,50.14,50.43,2031400
2023-12-20,50.07,50.35,49.06,49.08,2898500
2023-12-21,49.92,50.37,49.71,50.24,2775800
2023-12-22,50.2,50.5,49.8,50.12,1551400
2023-12-26,50.0,50.87,49.99,50.55,1689300
2023-12-27,50.71,50.94,50.5,50.9,1646400
2023-12-28,50.51,50.7,50.19,50.22,1890000
2023-12-29,50.31,50.46,49.84,50.13,1693200
2024-01-02,49.02,49.04,47.95,48.35,4128500
2024-01-03,47.15,47.31,46.6,46.99,3849500
2024-01-04,44.82,45.32,44.37,44.9,6135600
2024-01-05,44.75,45.42,44.4,44.61,3313500
2024-01-08,44.8,45.57,44.67,45.45,3119700
2024-01-09,44.34,44.89,44.28,44.67,3543700
2024-01-10,44.33,44.53,43.69,44.39,3331400
2024-01-11,44.24,44.65,43.58,44.24,3412500
2024-01-12,43.77,44.0,43.37,43.56,2723500
2024-01-16,42.97,43.56,42.7,43.55,4442900
2024-01-17,42.49,42.62,41.85,42.56,3458800
2024-01-18,43.95,44.14,43.36,43.99,4480000
2024-01-19,44.21,45.03,44.0,44.99,4295000
2024-01-22,45.19,45.5,45.05,45.33,2860500
2024-01-23,45.68,46.71,45.57,46.67,3701300
2024-01-24,46.3,46.84,45.61,45.96,6128400
2024-01-25,45.69,46.37,45.34,45.6,6583100
2024-01-26,44.44,45.18,44.34,44.62,7932700
2024-01-29,44.27,44.84,43.98,44.82,4083500
2024-01-30,45.02,45.14,44.23,44.34,2881400
2024-01-31,44.37,45.1,44.07,44.12,3978600
2024-02-01,44.21,44.41,43.84,44.29,3345900
2024-02-02,43.38,43.82,43.17,43.65,3480100
2024-02-05,44.15,44.84,43.88,44.75,3705000
2024-02-06,44.13,44.28,43.75,44.22,3865300
2024-02-07,43.84,44.1,43.43,44.03,4027700
2024-02-08,44.75,45.44,44.65,45.17,3710300
2024-02-09,45.78,46.33,45.68,46.26,3101000
2024-02-12,46.36,46.6,45.85,45.86,2770600
2024-02-13,44.51,44.9,43.81,44.21,4199900
2024-02-14,44.67,45.04,44.52,44.99,2899900
2024-02-15,45.47,45.63,45.17,45.31,3094600
2024-02-16,45.79,45.98,45.16,45.18,3341700
2024-02-20,44.7,44.71,44.08,44.57,3697700
2024-02-21,44.37,44.66,44.02,44.62,2768500
2024-02-22,45.8,45.97,45.53,45.63,3461400
2024-02-23,45.82,45.85,44.66,44.75,3202200
2024-02-26,44.77,45.05,44.6,44.85,2519800
2024-02-27,45.67,46.98,45.48,46.31,3181600
2024-02-28,45.27,45.32,44.82,44.92,2109100
2024-02-29,45.3,45.72,45.04,45.62,2682100
2024-03-01,46.11,47.34,46.04,47.17,3484800
2024-03-04,47.0,47.03,46.5,46.56,2302300
2024-03-05,46.22,46.42,45.47,45.85,3468200
2024-03-06,46.22,47.25,45.98,46.86,4194000
2024-03-07,47.45,49.05,47.42,48.57,4504900
2024-03-08,48.68,48.75,46.92,46.95,4355300
2024-03-11,47.07,47.89,46.94,47.5,4023700
2024-03-12,48.42,48.65,47.74,48.61,3951300
2024-03-13,48.36,48.42,47.48,47.61,3274500
2024-03-14,47.5,47.82,46.23,46.51,3168300
2024-03-15,45.32,45.64,44.84,44.85,7073500
2024-03-18,45.0,45.24,44.56,44.58,2640200
2024-03-19,43.82,43.91,43.04,43.68,3899300
2024-03-20,43.32,44.38,43.17,44.33,3023400
2024-03-21,44.27,44.48,43.45,43.48,3766700
2024-03-22,43.14,43.52,42.95,43.3,1969900
2024-03-25,43.0,43.42,42.9,42.93,2157800
2024-03-26,43.25,43.43,42.99,43.02,2771800
2024-03-27,43.5,44.0,42.99,43.97,3506600
2024-03-28,43.46,43.61,43.06,43.24,2353500
2024-04-01,43.51,44.4,43.16,43.33,2294600
2024-04-02,42.23,42.37,41.77,41.95,3364000
2024-04-03,42.42,42.69,42.13,42.54,3123600
2024-04-04,43.11,43.33,41.72,41.88,3790200
2024-04-05,41.84,42.1,41.61,41.95,3409300
2024-04-08,42.22,42.51,42.09,42.26,1935500
2024-04-09,43.08,43.47,42.7,43.46,2600200
2024-04-10,42.56,42.79,42.06,42.29,3336700
2024-04-11,42.5,42.74,41.95,42.66,2815900
2024-04-12,41.68,41.8,41.08,41.08,3304400
2024-04-15,41.87,41.87,40.4,40.64,3064700
2024-04-16,40.25,40.64,40.07,40.33,4234900
2024-04-17,40.71,40.76,40.16,40.33,3514600
2024-04-18,40.0,40.23,39.56,39.61,4008200
2024-04-19,39.49,39.5,38.37,38.6,3997700
2024-04-22,39.31,39.61,38.86,39.25,3328500
2024-04-23,39.45,40.22,39.3,39.98,3242600
2024-04-24,42.33,42.72,41.72,42.14,6911600
2024-04-25,42.57,43.15,41.89,42.6,6250100
2024-04-26,41.74,41.84,41.24,41.33,3776000
2024-04-29,41.09,41.18,40.67,41.18,2828400
2024-04-30,40.72,40.75,39.53,39.56,3636800
2024-05-01,39.39,39.95,38.49,38.74,3788800
2024-05-02,39.18,39.38,38.7,39.18,2939000
2024-05-03,40.29,40.48,39.8,40.07,2717900
2024-05-06,40.21,40.32,40.03,40.31,2287500
2024-05-07,41.41,41.42,40.68,40.69,3219600
2024-05-08,40.42,40.58,39.98,40.36,3595300
2024-05-09,40.5,40.51,40.14,40.32,2861100
2024-05-10,40.54,40.65,40.32,40.51,2036400
2024-05-13,40.52,40.9,40.45,40.52,1717900
2024-05-14,41.27,41.86,40.96,41.84,3246600
2024-05-15,42.06,42.9,41.79,42.85,3274800
2024-05-16,42.56,42.61,41.86,41.93,3065200
2024-05-17,41.86,41.93,41.38,41.64,1923300
2024-05-20,41.63,42.32,41.53,42.04,2022600
2024-05-21,40.56,41.11,40.55,40.96,2392600
2024-05-22,41.72,42.52,41.44,42.27,3440900
2024-05-23,43.08,43.09,41.34,41.7,3991000
2024-05-24,41.67,41.96,41.5,41.89,2521300
2024-05-28,41.68,42.0,41.52,41.88,3336900
2024-05-29,40.58,40.77,40.26,40.3,3672300
2024-05-30,40.84,41.21,40.61,40.95,2015100
2024-05-31,41.4,41.98,40.59,41.97,4554600
2024-06-03,42.08,42.18,41.39,41.97,2616300
2024-06-04,42.73,43.01,42.37,42.94,3952900
2024-06-05,43.38,44.43,43.33,44.37,4189200
2024-06-06,44.72,45.2,44.34,45.06,3628100
2024-06-07,44.39,44.93,44.33,44.49,3149500
2024-06-10,43.78,44.53,43.73,44.34,2836000
2024-06-11,43.55,43.82,43.05,43.82,2237100
2024-06-12,44.99,45.39,44.83,45.24,3256900
2024-06-13,44.25,44.5,43.61,44.25,3384000
2024-06-14,42.54,42.71,42.01,42.46,2815500
2024-06-17,42.71,43.12,42.5,43.1,2720600
2024-06-18,42.86,43.35,42.86,43.08,3008400
2024-06-20,41.36,41.38,40.48,40.68,4598500
2024-06-21,40.24,40.94,40.13,40.79,5365500
2024-06-24,40.75,41.14,40.23,40.25,2696300
2024-06-25,39.57,40.14,39.5,40.1,3248400
2024-06-26,39.21,39.78,39.2,39.78,3114700
2024-06-27,39.28,39.53,38.81,38.99,3785900
2024-06-28,39.27,39.86,39.01,39.28,2542600
2024-07-01,39.52,39.66,38.84,39.25,2075500
2024-07-02,39.47,40.38,39.34,40.37,3525100
2024-07-03,40.8,41.3,40.56,41.12,2041400
2024-07-05,42.57,42.6,41.81,42.42,2225300
2024-07-08,42.28,42.56,42.08,42.41,2193200
2024-07-09,42.02,42.05,41.23,41.51,2602700
2024-07-10,41.8,42.63,41.65,42.58,3671700
2024-07-11,43.2,43.23,41.84,41.89,4198400
2024-07-12,42.26,43.32,42.2,42.67,2368600
2024-07-15,42.6,42.63,41.94,42.13,2381000
2024-07-16,42.06,42.73,41.89,42.72,3001100
2024-07-17,41.76,42.27,40.99,41.1,4540900
2024-07-18,42.05,42.24,41.24,41.6,3963400
2024-07-19,40.62,40.69,39.84,39.93,4096200
2024-07-22,41.25,42.12,40.98,42.01,4273400
2024-07-23,40.17,40.45,40.13,40.26,2963700
2024-07-24,40.46,40.55,39.46,39.54,6187500
2024-07-25,34.54,35.41,33.38,33.47,13815500
2024-07-26,33.39,33.99,33.16,33.99,5584200
2024-07-29,33.93,34.3,33.56,33.61,5170500
2024-07-30,33.71,33.73,32.54,32.59,4977400
2024-07-31,33.55,33.89,33.12,33.76,5541300
2024-08-01,32.58,32.79,31.1,31.4,7962600
2024-08-02,30.84,30.94,30.01,30.22,6890700
2024-08-05,28.65,29.88,28.52,29.39,7278300
2024-08-06,28.9,29.6,28.81,28.94,5242900
2024-08-07,29.74,29.84,28.19,28.24,4523300
2024-08-08,28.79,29.57,28.5,29.42,5710600
2024-08-09,29.22,29.5,29.03,29.33,2572000
2024-08-12,29.45,29.57,29.17,29.33,3000100
2024-08-13,29.12,30.03,29.02,29.99,4148900
2024-08-14,30.08,30.18,29.41,29.61,3334800
2024-08-15,30.18,30.74,30.1,30.72,5633500
2024-08-16,30.54,30.91,30.48,30.64,3366500
2024-08-19,30.89,31.34,30.66,31.32,3235000
2024-08-20,31.14,31.21,30.69,30.88,2871700
2024-08-21,31.46,31.66,31.15,31.5,3326000
2024-08-22,31.49,31.52,30.59,30.59,3844500
2024-08-23,31.11,31.71,31.05,31.63,3994800
2024-08-26,31.42,31.44,30.95,31.04,3743000
2024-08-27,31.16,31.59,30.93,31.49,2482900
2024-08-28,31.31,31.4,30.78,31.01,3617800
2024-08-29,31.61,31.89,31.05,31.15,3629400
2024-08-30,31.89,32.12,31.6,31.95,3549300
2024-09-03,31.14,31.16,29.45,29.59,7168400
2024-09-04,29.51,30.15,29.41,29.78,3254000
2024-09-05,29.52,29.83,29.33,29.5,3042300
2024-09-06,29.36,29.39,28.37,28.37,5003500
2024-09-09,28.71,28.98,28.59,28.87,3594500
2024-09-10,28.32,28.39,27.45,28.03,6649100
2024-09-11,28.01,28.33,27.47,28.33,10815100
2024-09-12,28.12,28.21,27.66,27.95,6616000
2024-09-13,28.06,28.71,28.06,28.59,7181800
2024-09-16,27.92,28.01,27.5,27.82,6850900
2024-09-17,28.59,28.61,28.08,28.22,3772600
2024-09-18,28.4,28.75,27.89,27.97,3894600
2024-09-19,29.09,29.47,28.83,28.99,7257400
2024-09-20,27.99,28.14,27.54,27.94,6848900
2024-09-23,27.63,27.96,27.6,27.91,3111200
2024-09-24,28.48,28.71,28.16,28.44,3979600
2024-09-25,28.26,28.36,28.02,28.1,3071100
2024-09-26,29.34,29.61,28.75,29.48,5253400
2024-09-27,30.52,30.75,30.32,30.36,5290900
2024-09-30,29.86,30.08,29.45,29.73,3632700
2024-10-01,29.39,29.49,28.57,28.9,5963900
2024-10-02,28.61,29.19,28.5,28.84,4071100
2024-10-03,28.35,28.64,28.1,28.24,3011700
2024-10-04,28.5,28.59,28.19,28.43,3556000
2024-10-07,28.0,28.39,27.96,28.18,3326900
2024-10-08,27.93,28.02,27.6,27.99,5394300
2024-10-09,27.86,28.3,27.76,28.16,4224800
2024-10-10,28.0,28.03,27.79,27.94,2896200
2024-10-11,27.47,28.04,27.44,27.94,2583400
2024-10-14,27.96,28.44,27.88,28.33,2908800
2024-10-15,28.4,28.53,26.63,26.88,7414800
2024-10-16,27.56,27.58,27.18,27.26,3505000
2024-10-17,27.67,27.8,27.36,27.44,4443200
2024-10-18,27.94,28.07,27.77,27.99,3958100
2024-10-21,27.73,27.76,27.15,27.43,3503200
2024-10-22,27.64,27.75,27.39,27.68,3746100
2024-10-23,27.99,28.25,27.5,27.9,5343000
2024-10-24,28.45,28.46,27.92,28.16,4378200
2024-10-25,28.25,28.56,28.19,28.22,5025500
2024-10-28,27.98,28.6,27.79,28.54,7368500
2024-10-29,28.59,29.18,28.46,28.92,4969400
2024-10-30,28.03,28.31,27.51,27.55,8444800
2024-10-31,27.36,27.49,26.86,27.14,9300100
2024-11-01,26.61,26.98,26.44,26.67,6813900
2024-11-04,26.36,26.46,25.95,25.96,5100200
2024-11-05,26.36,26.93,26.16,26.69,5362200
2024-11-06,26.61,26.7,26.21,26.5,7919200
2024-11-07,27.16,27.38,26.94,27.13,4135000
2024-11-08,26.49,26.6,26.22,26.51,4623300
2024-11-11,27.18,27.18,26.66,26.86,4863200
2024-11-12,27.4,27.45,26.88,27.15,4180700
2024-11-13,26.09,26.21,25.7,25.87,5209500
2024-11-14,26.35,26.6,26.07,26.1,4760700
2024-11-15,25.79,25.82,25.25,25.27,4967600
2024-11-18,24.77,25.15,24.73,24.95,4470700
2024-11-19,24.33,24.65,24.32,24.54,4934400
2024-11-20,24.41,24.53,23.99,24.5,4218500
2024-11-21,24.06,24.6,23.96,24.54,5638000
2024-11-22,24.27,24.49,24.25,24.48,4107300
2024-11-25,25.39,25.92,25.17,25.75,8414700
2024-11-26,26.23,26.23,25.36,25.57,6140300
2024-11-27,25.32,25.45,25.04,25.41,3758200
2024-11-29,25.04,25.71,25.03,25.5,4277300
2024-12-02,25.5,26.19,25.49,26.12,5585200
2024-12-03,25.57,25.94,25.35,25.78,6301100
2024-12-04,26.34,26.34,25.74,25.86,4697600
2024-12-05,26.37,26.42,25.89,25.93,5424100
2024-12-06,26.4,26.5,26.18,26.43,5318900
2024-12-09,26.59,27.05,26.41,26.54,6300100
2024-12-10,26.89,26.93,26.11,26.32,8068200
2024-12-11,26.39,26.51,26.06,26.26,5089400
2024-12-12,26.05,26.34,26.0,26.23,3978700
2024-12-13,26.31,26.35,25.95,26.29,4487600
2024-12-16,25.45,25.77,25.22,25.75,5451700
2024-12-17,25.72,26.05,25.67,25.87,6836400
2024-12-18,26.08,26.59,24.83,24.95,7877100
2024-12-19,24.86,24.95,24.41,24.48,6163400
2024-12-20,24.15,24.94,24.15,24.61,7982500
2024-12-23,24.62,25.34,24.62,25.27,5161400
2024-12-24,25.3,25.68,25.18,25.67,1654700
2024-12-26,25.64,25.87,25.5,25.53,3970300
2024-12-27,25.38,25.63,25.15,25.48,3678200
2024-12-30,25.2,25.25,24.92,24.97,4378300
2024-12-31,25.2,25.5,24.83,24.97,3482500
2025-01-02,24.94,25.03,24.07,24.3,5575700
2025-01-03,24.01,24.56,23.94,24.41,4546800
2025-01-06,25.66,26.48,25.6,26.2,8624800
2025-01-07,26.55,26.9,26.24,26.41,8322300
2025-01-08,25.86,25.91,25.16,25.28,6694800
2025-01-10,24.95,24.99,24.55,24.55,6306600
2025-01-13,23.82,24.06,23.66,23.98,6173400
2025-01-14,24.34,24.42,24.02,24.34,5082500
2025-01-15,24.86,24.95,24.64,24.65,4283600
2025-01-16,24.89,25.01,24.6,24.69,5336600
2025-01-17,25.33,25.46,25.16,25.37,4584900
2025-01-21,25.69,25.84,25.44,25.75,4544700
2025-01-22,25.57,25.74,25.42,25.45,4531900
2025-01-23,25.35,25.79,25.18,25.79,4746700
2025-01-24,25.73,25.74,25.17,25.36,5678600
2025-01-27,25.38,25.89,24.99,25.18,9168100
2025-01-28,25.26,25.27,24.34,24.58,10109700
2025-01-29,24.69,24.9,24.51,24.74,8268300
2025-01-30,22.54,22.79,21.96,22.52,13983700
2025-01-31,22.23,22.92,22.18,22.45,10695400
2025-02-03,21.58,22.03,21.36,21.64,10368600
2025-02-04,22.46,22.57,22.24,22.37,6998400
2025-02-05,21.8,22.3,21.6,22.3,6625600
2025-02-06,22.53,22.77,22.26,22.76,10300900
2025-02-07,22.7,22.88,22.3,22.47,6684700
2025-02-10,22.45,22.58,22.32,22.53,4937500
2025-02-11,22.68,22.99,22.53,22.9,3670900
2025-02-12,22.71,23.65,22.65,23.52,6730900
2025-02-13,23.84,24.01,23.7,23.91,4156300
2025-02-14,24.5,24.67,24.38,24.48,3041800
2025-02-18,24.15,24.5,24.03,24.41,6179600
2025-02-19,25.58,26.6,25.55,26.47,12740600
2025-02-20,27.35,28.27,27.35,28.22,19637800
2025-02-21,28.18,28.24,27.46,27.59,8697200
2025-02-24,27.71,27.9,27.33,27.41,7759800
2025-02-25,27.12,27.23,26.89,27.0,5894100
2025-02-26,26.44,26.61,25.98,26.16,7106000
2025-02-27,25.64,25.9,24.38,24.46,8578000
2025-02-28,24.54,24.89,24.2,24.69,6626100
2025-03-03,25.19,25.3,23.98,24.23,8733600
2025-03-04,23.52,24.57,22.93,23.89,10239200
2025-03-05,24.73,25.61,24.62,25.58,7923700
2025-03-06,25.73,26.29,25.62,25.91,11729300
2025-03-07,25.44,26.52,25.35,26.51,9183400
2025-03-10,25.37,25.64,24.65,25.05,8712800
2025-03-11,25.51,25.51,24.6,24.92,7966400
2025-03-12,24.97,25.04,24.54,24.59,5100000
2025-03-13,24.02,24.37,23.76,23.92,5039200
2025-03-14,24.53,24.88,24.4,24.86,5304000
2025-03-17,24.72,25.61,24.71,25.38,5455400
2025-03-18,25.93,25.95,25.53,25.64,8072000
2025-03-19,25.47,25.81,25.25,25.48,5308500
2025-03-20,24.86,24.86,24.38,24.4,5625500
2025-03-21,23.63,24.07,23.59,24.01,5511900
2025-03-24,24.34,24.53,24.1,24.32,5425000
2025-03-25,24.53,24.57,24.03,24.04,4850400
2025-03-26,23.62,23.76,22.79,23.08,7724500
2025-03-27,23.13,23.15,22.7,22.88,7629800
2025-03-28,22.36,22.42,22.06,22.15,6273000
2025-03-31,21.6,22.04,21.41,21.96,6058900
2025-04-01,21.65,21.82,21.28,21.78,7198400
2025-04-02,21.26,22.03,21.23,21.91,7981200
2025-04-03,21.12,21.16,19.52,19.53,12356000
2025-04-04,18.68,18.95,18.05,18.49,11956100
2025-04-07,17.81,19.98,17.55,18.89,19751200
2025-04-08,19.16,19.4,17.25,17.78,13491300
2025-04-09,18.53,21.69,18.29,21.6,17966900
2025-04-10,19.94,20.09,18.29,18.93,13827300
2025-04-11,19.75,20.56,19.61,20.45,10713200
2025-04-14,20.45,20.68,20.07,20.48,6974600
2025-04-15,20.53,20.72,20.37,20.53,4939400
2025-04-16,20.34,20.5,19.5,20.12,9578700
2025-04-17,20.46,20.48,20.1,20.26,6791500
2025-04-21,19.99,20.08,19.55,20.01,6055000
2025-04-22,20.63,20.94,20.55,20.86,9317200
2025-04-23,21.85,22.14,21.62,21.78,10257900
2025-04-24,23.33,23.42,22.84,23.34,10923400
2025-04-25,23.05,23.4,23.02,23.28,6484800
2025-04-28,23.26,23.45,22.76,23.15,5517300
2025-04-29,22.62,23.19,22.58,22.98,5691900
2025-04-30,22.17,22.75,21.97,22.71,6721200
2025-05-01,22.85,23.05,22.64,22.74,5119200
2025-05-02,23.15,23.62,23.15,23.45,7284000
2025-05-05,23.31,23.41,22.93,22.97,4942400
2025-05-06,22.6,22.84,22.5,22.55,3991500
2025-05-07,22.81,23.16,22.6,23.06,4650900
2025-05-08,23.27,23.47,22.96,23.16,6070000
2025-05-09,23.83,24.04,23.73,23.93,5882200
2025-05-12,25.3,25.54,24.91,25.42,9721100
2025-05-13,25.43,26.15,25.36,26.13,6319400
2025-05-14,26.06,26.29,25.97,26.07,5525400
2025-05-15,25.98,26.1,25.75,25.95,4439700
2025-05-16,25.82,25.9,25.63,25.82,2825700
2025-05-19,25.49,25.87,25.39,25.83,5047900
2025-05-20,25.73,25.94,25.63,25.87,6304100
2025-05-21,25.84,26.08,25.15,25.25,6045600
2025-05-22,25.65,25.78,25.18,25.18,7480700
2025-05-23,24.47,24.69,24.27,24.41,7652600
2025-05-27,25.73,25.73,25.21,25.38,7116500
2025-05-28,25.39,25.45,24.98,24.99,6078200
2025-05-29,25.88,25.89,25.29,25.42,5392900
2025-05-30,25.34,25.36,24.55,25.01,6653300
2025-06-02,24.62,25.08,24.61,25.05,4491000
2025-06-03,24.8,25.85,24.73,25.67,7569900
2025-06-04,27.72,28.67,27.7,28.41,13751600
2025-06-05,28.73,28.98,28.18,28.29,10635400
2025-06-06,28.41,28.59,28.32,28.45,5552500
2025-06-09,28.99,29.69,28.98,29.6,8410000
2025-06-10,29.38,30.42,29.29,30.4,9853300
2025-06-11,30.29,30.54,29.72,29.89,9647800
2025-06-12,29.82,30.17,29.78,29.91,6741100
2025-06-13,29.28,29.8,29.11,29.18,7880700
2025-06-16,29.63,29.82,29.46,29.66,6866100
2025-06-17,29.24,29.37,28.72,28.8,7313600
2025-06-18,28.72,29.34,28.65,29.02,6091900
2025-06-20,29.23,29.28,28.43,28.67,6867300
2025-06-23,28.46,29.15,28.44,29.1,5883200
2025-06-24,29.65,30.21,29.61,30.17,8782400
2025-06-25,29.61,29.95,29.15,29.94,8011200
2025-06-26,30.12,30.31,29.98,30.14,5172100
2025-06-27,30.19,30.26,29.81,30.1,5176200
2025-06-30,30.45,30.59,30.26,30.41,6456800
2025-07-01,30.0,30.33,29.7,30.07,5773400
2025-07-02,31.13,31.92,31.11,31.7,8996100
2025-07-03,32.1,32.35,31.94,32.29,4742500
2025-07-07,31.94,32.17,31.44,31.56,7037500
2025-07-08,31.83,32.62,31.7,32.52,7726100
2025-07-09,32.13,32.26,31.53,31.97,6891600
2025-07-10,32.6,33.14,32.34,33.14,10069400
2025-07-11,32.13,32.44,32.1,32.27,6803000
2025-07-14,31.8,31.96,31.37,31.79,6127500
2025-07-15,32.01,32.14,31.49,31.52,6700900
2025-07-16,31.66,31.92,31.16,31.87,7572700
2025-07-17,32.23,32.24,31.75,32.11,7553200
2025-07-18,32.68,32.68,32.23,32.55,7153400
2025-07-21,32.79,33.27,32.75,32.81,7129400
2025-07-22,32.72,33.47,32.52,33.41,12236600
2025-07-23,31.95,32.05,31.45,31.77,17493700
2025-07-24,26.83,26.92,26.06,26.73,20288300
2025-07-25,26.25,26.41,26.0,26.32,7562800
2025-07-28,26.58,26.74,26.45,26.69,8186000
2025-07-29,26.71,26.94,26.32,26.54,7130200
2025-07-30,26.47,26.53,25.83,26.03,8029600
2025-07-31,25.5,25.83,25.32,25.43,9915900
2025-08-01,25.3,25.36,24.87,25.06,9385700
2025-08-04,25.39,25.39,24.98,25.12,7833100
2025-08-05,25.37,25.37,24.62,24.94,8001100
2025-08-06,24.76,24.93,24.55,24.81,5854100
2025-08-07,24.86,24.95,24.56,24.83,8018400
2025-08-08,25.14,25.43,24.9,25.17,5857500
2025-08-11,24.99,25.07,24.72,24.77,6433400
2025-08-12,25.25,26.36,25.1,26.25,8805200
2025-08-13,25.9,26.16,25.83,26.15,7875000
2025-08-14,25.8,25.92,25.66,25.87,5408300
2025-08-15,26.01,26.01,25.62,25.65,5571800
2025-08-18,25.65,26.01,25.62,25.96,5310200
2025-08-19,26.14,26.19,25.8,25.87,5993900
2025-08-20,25.8,26.05,25.43,26.0,6754900
2025-08-21,26.0,26.07,25.82,25.88,4518600
2025-08-22,26.37,27.65,26.3,27.52,7966100
2025-08-25,27.52,27.52,27.3,27.31,4089500
2025-08-26,27.17,27.46,27.06,27.12,4740900
2025-08-27,26.99,27.25,26.87,27.16,3693100
2025-08-28,27.87,28.0,27.52,27.59,5321900
2025-08-29,27.18,27.32,26.98,26.99,5731100
2025-09-02,25.85,26.27,25.73,26.27,5653700
2025-09-03,26.65,26.68,25.31,25.8,10771300
2025-09-04,25.47,26.51,25.25,26.45,9427800
2025-09-05,26.9,27.06,26.5,26.86,5471800
2025-09-08,26.9,26.96,26.37,26.61,5170200
2025-09-09,26.24,26.41,25.86,25.95,6156100
2025-09-10,26.14,26.36,25.68,25.79,8058200
2025-09-11,26.0,26.29,25.91,26.15,6034800
2025-09-12,26.02,26.11,25.87,25.91,4819200
2025-09-15,26.86,27.16,26.64,26.98,8640000
2025-09-16,27.03,27.33,26.95,27.24,7882000
2025-09-17,26.97,27.7,26.83,27.19,5753700
2025-09-18,28.56,28.56,27.9,28.39,7891800
2025-09-19,27.71,27.84,27.48,27.8,9511800
2025-09-22,27.8,28.67,27.75,28.52,5724800
2025-09-23,28.92,29.23,28.55,28.66,4475800
2025-09-24,28.54,29.12,28.46,29.02,4383600
2025-09-25,28.42,28.46,28.05,28.3,4473200
2025-09-26,27.75,28.04,27.49,28.0,3832000
2025-09-29,28.22,28.29,28.03,28.09,3419000
2025-09-30,28.02,28.27,27.79,28.26,4819900
2025-10-01,28.2,28.47,28.08,28.36,4470100
2025-10-02,29.19,29.21,28.56,28.89,4995200
2025-10-03,28.81,29.24,28.69,28.79,3737400
2025-10-06,29.11,29.39,28.9,28.92,5818700
2025-10-07,28.74,28.89,28.05,28.16,5492400
2025-10-08,27.98,28.91,27.98,28.91,6539000
2025-10-09,28.72,28.77,28.4,28.7,4401700
2025-10-10,28.67,28.92,27.08,27.11,8718000
2025-10-13,28.35,28.82,28.15,28.8,5146600
2025-10-14,28.0,28.63,27.93,28.33,6622200
2025-10-15,28.81,28.98,28.34,28.97,4868300
2025-10-16,29.26,29.59,29.06,29.34,6245400
2025-10-17,28.73,29.31,28.72,29.25,5204100
2025-10-20,29.75,30.47,29.72,30.21,7980600
2025-10-21,30.5,30.98,30.42,30.54,4761400
2025-10-22,29.7,30.06,28.94,29.12,12123900
2025-10-23,25.9,26.42,25.11,25.26,19169700
2025-10-24,25.4,25.51,24.63,24.86,9206000
2025-10-27,25.21,25.54,25.01,25.47,5764500
2025-10-28,25.28,25.53,25.16,25.21,5576900
2025-10-29,25.46,25.48,24.53,24.68,5769200
2025-10-30,24.57,24.9,24.43,24.45,4639400
2025-10-31,24.65,24.77,24.37,24.47,4370800
2025-11-03,24.46,24.66,24.31,24.4,4629300
2025-11-04,23.92,24.04,23.39,23.42,5445600
2025-11-05,23.47,24.31,23.47,24.0,4615000
2025-11-06,24.0,24.07,23.56,23.64,4170100
2025-11-07,23.62,23.64,23.05,23.53,7985800
2025-11-10,23.64,23.86,23.39,23.73,4269400
2025-11-11,23.87,23.98,23.66,23.7,4557000
2025-11-12,23.98,24.29,23.79,24.0,6857000
2025-11-13,24.27,24.37,23.6,23.78,5946100
2025-11-14,23.1,23.63,23.06,23.34,4234800
2025-11-17,23.08,23.28,22.51,22.74,4422200
2025-11-18,22.24,22.49,22.05,22.34,5732100
2025-11-19,22.35,22.59,22.13,22.35,3550400
2025-11-20,21.95,22.21,21.11,21.2,7686800
2025-11-21,21.55,22.21,21.25,21.97,5892700
2025-11-24,21.87,22.18,21.78,22.08,4932000
2025-11-25,22.15,22.5,21.98,22.46,4984100
2025-11-26,22.48,22.85,22.47,22.65,6069000
2025-11-28,22.78,23.02,22.73,22.99,2310500
2025-12-01,22.89,23.34,22.86,23.16,4769100
2025-12-02,23.27,24.16,23.23,24.09,8114400
2025-12-03,24.33,25.83,24.27,25.81,15020700
2025-12-04,25.79,25.9,25.56,25.66,6557600
2025-12-05,26.31,26.43,25.98,26.0,6591200
2025-12-08,25.85,26.0,25.79,25.88,5903300
2025-12-09,25.84,26.07,25.82,25.94,4659700
2025-12-10,25.91,26.41,25.86,26.32,4822800
2025-12-11,26.02,26.37,25.87,26.26,5295400
2025-12-12,26.57,26.63,25.94,26.0,9003400
2025-12-15,26.89,26.96,26.29,26.46,5501200
2025-12-16,26.09,26.27,25.8,25.94,5954600
2025-12-17,25.94,26.29,25.49,25.55,6215700
2025-12-18,25.85,26.02,25.67,25.75,5367100
2025-12-19,25.87,26.23,25.8,25.82,8158900
2025-12-22,26.2,26.27,25.93,25.94,3460300
2025-12-23,26.18,26.19,25.98,26.06,3062700
2025-12-24,26.11,26.14,26.02,26.12,1082300
2025-12-26,26.16,26.32,26.06,26.24,2129900
2025-12-29,26.2,26.32,25.95,26.02,2842500
2025-12-30,26.33,26.49,26.06,26.06,3327000
2025-12-31,26.07,26.18,25.9,25.94,3708600
2026-01-02,27.52,27.84,27.25,27.37,10008500
2026-01-05,27.56,27.84,27.37,27.41,6515100
2026-01-06,28.52,29.53,28.49,29.41,9984100
2026-01-07,28.96,29.08,28.61,28.88,5203800
2026-01-08,28.18,28.37,27.78,28.04,6860000
2026-01-09,28.71,28.91,28.38,28.84,7177400
2026-01-12,28.73,28.75,28.14,28.35,7603500
2026-01-13,28.5,28.76,28.21,28.43,4753600
2026-01-14,28.35,28.35,27.63,27.88,8712300
2026-01-15,28.49,28.49,27.96,28.0,5287200
2026-01-16,28.15,28.56,28.03,28.03,3612100
2026-01-20,26.97,27.59,26.91,27.12,5222400
2026-01-21,27.7,28.68,27.65,28.52,6641900
2026-01-22,29.11,29.32,28.82,29.03,4248600
2026-01-23,29.31,29.37,28.79,29.05,4744500
2026-01-26,28.6,28.75,28.39,28.6,4261500
2026-01-27,28.73,29.51,28.72,29.36,6592500
2026-01-28,29.96,30.41,29.42,30.33,12391900
2026-01-29,28.28,28.85,27.6,28.62,20640700
2026-01-30,28.76,28.81,27.68,27.89,8609200
2026-02-02,27.84,28.86,27.69,28.77,8192600
2026-02-03,28.09,28.21,27.27,27.86,8683900
2026-02-04,28.37,29.63,28.15,29.33,13084500
2026-02-05,29.14,29.57,28.6,28.98,6503800
2026-02-06,28.71,29.95,28.67,29.85,9944500
2026-02-09,32.0,33.0,31.96,32.51,16786800
2026-02-10,33.21,33.9,32.92,33.44,16233100
2026-02-11,33.68,35.07,33.52,34.95,15264600
2026-02-12,34.69,34.83,33.25,33.61,13503200
2026-02-13,33.85,33.9,33.23,33.61,8143100
2026-02-17,32.75,33.29,32.14,33.2,6809000
2026-02-18,34.32,34.32,33.56,33.77,6307500
2026-02-19,33.31,33.64,33.04,33.2,4960500
2026-02-20,33.23,33.88,33.18,33.62,5073300
2026-02-23,33.87,34.17,33.45,33.99,4405400
2026-02-24,34.3,34.86,33.91,34.05,6190200
2026-02-25,33.92,34.57,33.73,34.56,4221600
2026-02-26,34.75,34.91,33.54,34.38,6841600
2026-02-27,33.42,33.74,33.18,33.61,4957900
2026-03-02,32.54,33.52,32.54,33.48,5676700
2026-03-03,31.18,31.92,30.89,31.62,8316900
2026-03-04,32.21,33.43,31.88,33.33,10061100
2026-03-05,33.41,34.11,32.49,33.31,10238700
2026-03-06,31.57,31.88,31.19,31.36,7463500
2026-03-09,31.26,33.73,30.66,33.53,13791400
2026-03-10,33.67,34.6,33.4,33.52,12469700
2026-03-11,33.93,34.37,33.47,34.06,6752200
2026-03-12,34.28,34.29,32.97,33.24,11451100
2026-03-13,33.3,33.74,32.6,32.87,7645300
2026-03-16,33.87,34.18,32.89,33.46,11430200
2026-03-17,34.2,34.23,33.51,33.79,7267100
2026-03-18,33.96,34.05,33.04,33.23,5148100
2026-03-19,31.5,32.76,31.31,32.42,8091800
2026-03-20,32.34,32.38,30.38,30.86,12035800
2026-03-23,31.48,32.29,31.34,31.66,7821300
2026-03-24,30.72,32.12,30.72,31.95,6440100
2026-03-25,32.85,33.72,32.77,33.42,7786000
2026-03-26,33.21,34.09,32.78,32.91,11451500
2026-03-27,32.44,32.93,32.19,32.54,8050100
2026-03-30,32.96,33.16,31.12,31.32,8749700
2026-03-31,32.47,34.57,32.35,34.55,11198200
2026-04-01,34.51,35.0,34.35,34.52,8863400
2026-04-02,32.74,34.39,32.63,34.32,7366100
2026-04-06,34.54,36.45,34.52,35.44,10219000
2026-04-07,35.7,35.9,34.81,35.68,10636300
2026-04-08,38.05,38.15,37.26,37.98,10273500
2026-04-09,38.2,39.28,38.07,39.14,9097100
2026-04-10,39.6,40.04,39.4,39.48,7550100
2026-04-13,39.67,40.41,39.4,40.32,4929100
2026-04-14,40.9,41.44,40.44,40.9,7523100
2026-04-15,40.71,40.84,40.0,40.68,6491100
2026-04-16,40.56,41.75,40.29,41.57,12235900
2026-04-17,43.21,44.64,43.05,44.22,19657200
2026-04-20,44.2,44.78,43.76,44.46,12190100
2026-04-21,44.71,45.11,43.86,44.3,9127200
2026-04-22,44.69,44.98,43.89,44.86,16940800
2026-04-23,48.13,51.4,48.1,49.71,25606900
2026-04-24,51.59,51.6,49.77,50.47,13573800
2026-04-27,50.19,50.82,49.39,50.56,10660900
2026-04-28,50.19,50.59,48.97,49.81,10092000
2026-04-29,51.66,53.26,51.38,52.67,17347200
2026-04-30,52.95,55.31,52.45,55.14,15349800
2026-05-01,54.74,56.42,54.35,55.75,8407100
2026-05-04,56.32,56.52,54.61,55.13,11058100
2026-05-05,55.98,57.67,55.78,57.18,12588400
2026-05-06,56.98,58.01,55.56,57.95,12040900
2026-05-07,57.74,57.89,55.2,55.9,10745900
2026-05-08,56.72,59.4,56.7,59.17,11477900
2026-05-11,59.05,60.2,58.37,60.12,10762500
2026-05-12,58.44,58.77,55.6,57.93,10841500
2026-05-13,61.24,63.73,60.34,63.39,16895000
2026-05-14,63.36,65.31,63.06,64.38,11783000
2026-05-15,60.62,62.21,59.94,61.41,9400400
2026-05-18,63.2,63.34,59.72,60.96,13919700
2026-05-19,59.98,62.4,59.08,61.23,10720900
2026-05-20,63.77,65.06,63.19,64.93,10873200
2026-05-21,64.5,65.99,63.82,65.66,7627000
2026-05-22,66.5,68.14,66.18,66.86,7691500
2026-05-26,69.75,71.07,69.14,70.69,15499300
2026-05-27,70.53,70.77,66.13,67.75,13402500
2026-05-28,70.06,70.2,67.46,69.45,10095100
2026-05-29,70.27,70.92,68.04,69.31,8956200
2026-06-01,68.68,69.43,66.99,69.02,9921100
2026-06-02,76.37,80.59,75.61,79.51,20796200
2026-06-03,80.3,81.42,78.09,79.71,15336700
2026-06-04,75.0,78.64,74.71,78.36,13627000
2026-06-05,73.68,74.49,69.42,70.72,20081600
2026-06-08,74.74,76.66,74.22,75.01,13173800
2026-06-09,75.82,76.31,67.73,73.32,24160100
2026-06-10,72.36,74.2,70.02,70.74,17259700
2026-06-11,74.03,78.26,73.16,78.12,18011000
2026-06-12,76.5,78.76,76.31,77.3,11434200
2026-06-15,80.12,80.43,78.64,78.95,10457100
2026-06-16,77.44,78.57,74.39,74.55,12658900
2026-06-17,76.36,76.54,73.28,73.36,11338900
2026-06-18,75.89,78.54,75.61,78.39,17547300
2026-06-22,80.12,81.17,79.05,79.91,10397300
2026-06-23,72.0,74.06,71.68,72.43,14128900
2026-06-24,71.81,72.86,69.57,71.84,7255700
2026-06-25,75.77,75.87,71.34,74.88,10998400
2026-06-26,72.45,72.45,70.69,71.42,9831300
2026-06-29,72.7,74.83,69.86,74.79,10009600
2026-06-30,74.48,75.24,73.35,74.89,9721900
2026-07-01,72.64,73.17,69.79,70.72,14287700
2026-07-02,72.98,73.37,66.78,68.35,16845300
2026-07-06,71.28,73.05,71.08,71.39,7475100
2026-07-07,67.39,68.7,66.52,67.28,14201700
2026-07-08,67.03,68.67,65.87,68.54,9328000
2026-07-09,70.58,72.61,70.22,71.39,8837600
2026-07-10,70.64,72.03,69.73,71.46,6934000
2026-07-13,70.06,70.35,67.88,68.47,12726900
2026-07-14,71.65,71.66,68.82,70.13,12341400
2026-07-15,70.05,70.17,65.64,67.75,11169300
2026-07-16,64.96,65.21,62.24,62.77,13793200
2026-07-17,59.67,63.87,58.64,62.06,15890900
2026-07-20,62.37,62.94,61.32,61.78,7095900
2026-07-21,65.33,66.12,64.09,65.43,9714600
2026-07-22,64.76,66.53,64.52,65.77,7559700
2026-07-23,54.4,56.63,52.76,53.49,32240200
2026-07-24,54.42,54.67,51.08,51.54,16893200
2026-07-27,53.07,53.77,51.62,53.45,14750000
2026-07-28,50.41,51.34,48.91,50.16,16343200
2026-07-29,49.36,51.15,47.88,48.36,13510700
2026-07-30,51.83,53.19,51.4,53.06,11542200
2026-07-31,53.94,54.19,52.08,52.39,10813300
2026-08-03,51.12,52.67,50.69,52.19,8782400
2026-08-04,54.23,54.84,53.84,54.22,11279300
2026-08-05,54.1,54.16,52.57,52.77,9804100
2026-08-06,52.59,54.58,52.3,53.28,6831300
2026-08-07,55.72,56.14,54.98,56.1,8090900
2026-08-10,56.92,56.95,54.33,54.35,5718600
2026-08-11,55.92,55.92,54.55,55.04,3967300
2026-08-12,56.75,56.82,54.14,54.18,7222900
2026-08-13,54.32,55.25,53.89,53.92,6018200
2026-08-14,54.07,55.05,53.78,54.29,4617500
2026-08-17,55.81,57.04,55.68,55.79,9510000
2026-08-18,53.27,53.81,51.93,52.27,12902900
2026-08-19,52.62,52.9,50.24,50.41,13980000
2026-08-20,50.47,50.86,49.68,49.92,8773200
2026-08-21,50.73,50.8,49.91,50.56,4774100
2026-08-24,50.28,50.28,48.95,49.35,7094700
2026-08-25,49.67,50.09,49.16,49.46,5661900
2026-08-26,49.83,49.97,48.97,49.66,5012000
2026-08-27,51.18,51.4,50.29,51.34,8112300
2026-08-28,50.95,50.96,49.16,49.38,7345000
